日期,股票代码,股票名称,开盘,收盘,最高,最低,成交量,成交额,换手率,涨跌幅,流通股数,流通市值,数据日期
2012-01-04,sz.002099,海翔药业,4.0257921,4.01502795,4.23031095,4.01502795,429816,8197127.12,0.338579,-0.2674,126947035.0,509695893.6946283,2026-07-14
2012-01-05,sz.002099,海翔药业,4.00211097,3.82342608,4.01502795,3.79543929,255491,4640676.29,0.201258,-4.7721,126947003.0,485372482.04803824,2026-07-14
2012-01-06,sz.002099,海翔药业,3.75453552,3.7459242,3.84926004,3.70717326,644498,11276618.55,0.507691,-2.027,126946903.0,475533476.0627526,2026-07-14
2012-01-09,sz.002099,海翔药业,3.76314684,3.96766569,4.090377,3.74161854,667861,12072479.13,0.526095,5.9195,126946844.0,503682637.39258236,2026-07-14
2012-01-10,sz.002099,海翔药业,4.02794493,4.03655625,4.2195468,3.96551286,1212722,23221412.26,0.955299,1.7363,126946851.0,512428104.8218688,2026-07-14
2012-01-11,sz.002099,海翔药业,4.0473204,4.1764902,4.19156001,4.0473204,2622448,50603561.12,2.065784,3.4667,126946864.0,530192333.4167328,2026-07-14
2012-01-12,sz.002099,海翔药业,4.11405813,4.12482228,4.20878265,4.08176568,994780,19082619.81,0.783619,-1.2371,126946896.0,523633384.9976429,2026-07-14
2012-01-13,sz.002099,海翔药业,4.09468266,3.90953928,4.17433737,3.87724683,412483,7608127.99,0.324926,-5.2192,126946751.0,496303309.5028793,2026-07-14
2012-01-16,sz.002099,海翔药业,3.9612072,3.67057515,3.9612072,3.6167544,1066203,19021424.42,0.839881,-6.1123,126946913.0,465968184.2270119,2026-07-14
2012-01-17,sz.002099,海翔药业,3.6813393,3.71363175,3.8320374,3.6167544,1729638,29932753.69,1.362489,1.173,126946933.0,471434160.95392275,2026-07-14
2012-01-18,sz.002099,海翔药业,3.7243959,3.39716574,3.76099401,3.34334499,2671805,44119529.4,2.104664,-8.5217,126946867.0,431259547.3727366,2026-07-14
2012-01-19,sz.002099,海翔药业,3.39716574,3.51987705,3.54140535,3.3584148,2037842,32950940.78,1.605271,3.6122,126946914.0,446837529.15692365,2026-07-14
2012-01-20,sz.002099,海翔药业,3.56293365,3.82773174,3.8535657,3.54786384,1423661,24533366.41,1.121462,8.7462,126946878.0,485918594.2145077,2026-07-14
2012-01-30,sz.002099,海翔药业,3.82773174,3.75668835,3.82988457,3.6813393,299032,5224120.42,0.235557,-1.856,126946769.0,476899448.1724412,2026-07-14
2012-01-31,sz.002099,海翔药业,3.7028676,3.69640911,3.78252231,3.65765817,390252,6672179.57,0.307414,-1.6046,126946723.0,469247023.3818465,2026-07-14
2012-02-01,sz.002099,海翔药业,3.67057515,3.67057515,3.73516005,3.64904685,455929,7806947.45,0.359149,-0.6989,126947033.0,465968624.69602996,2026-07-14
2012-02-02,sz.002099,海翔药业,3.67057515,3.7889808,3.81481476,3.65765817,716333,12489809.26,0.564278,3.2258,126946824.0,480999078.7569792,2026-07-14
2012-02-03,sz.002099,海翔药业,3.77391099,3.87294117,3.91599777,3.77391099,626521,11200741.43,0.49353,2.2159,126946893.0,491657848.30328476,2026-07-14
2012-02-06,sz.002099,海翔药业,3.87724683,4.0257921,4.07315436,3.87724683,1812787,33603642.37,1.427988,3.9466,126946935.0,511061968.04221356,2026-07-14
2012-02-07,sz.002099,海翔药业,3.97197135,3.9827355,4.06454304,3.93752607,1284353,23848928.04,1.011725,-1.0695,126946848.0,505595718.142704,2026-07-14
2012-02-08,sz.002099,海翔药业,3.99565248,4.01933361,4.03440342,3.95044305,634179,11787493.95,0.499562,0.9189,126947006.0,510242367.9046717,2026-07-14
2012-02-09,sz.002099,海翔药业,4.0257921,4.09683549,4.13128077,4.0042638,1372469,25971119.54,1.081136,1.9282,126946934.0,520080704.5578877,2026-07-14
2012-02-10,sz.002099,海翔药业,4.09468266,4.06239021,4.20447699,4.0473204,900110,17367039.36,0.709045,-0.8408,126946809.0,515707474.0723399,2026-07-14
2012-02-13,sz.002099,海翔药业,4.0257921,4.18079586,4.1980185,4.00641663,1295469,24651668.15,1.020481,2.9147,126946901.0,530739078.1406298,2026-07-14
2012-02-14,sz.002099,海翔药业,4.19156001,4.18725435,4.19371284,4.05808455,841781,16187973.65,0.663097,0.1545,126946887.0,531558904.8097084,2026-07-14
2012-02-15,sz.002099,海翔药业,4.12266945,4.17864303,4.21093548,4.11405813,1144592,22145340.35,0.901631,-0.2057,126946833.0,530465498.896024,2026-07-14
2012-02-16,sz.002099,海翔药业,4.1980185,4.16572605,4.29059019,4.12912794,583142,11447793.59,0.459359,-0.3091,126946898.0,528825999.9652929,2026-07-14
2012-02-17,sz.002099,海翔药业,4.27336755,4.17864303,4.27336755,4.12912794,365692,7080155.27,0.288067,0.3101,126946856.0,530465595.0048137,2026-07-14
2012-02-20,sz.002099,海翔药业,4.26045057,4.14635058,4.27982604,4.14419775,556868,10832028.68,0.438662,-0.7728,126946943.0,526366530.7372769,2026-07-14
2012-02-21,sz.002099,海翔药业,4.1549619,4.10329398,4.19586567,4.04086191,1095306,20775420.2,0.862806,-1.0384,126946961.0,520900700.8505948,2026-07-14
2012-02-22,sz.002099,海翔药业,4.10544681,4.12051662,4.14419775,4.06454304,1505341,28731264.2,1.185804,0.4197,126946865.0,523086667.0893963,2026-07-14
2012-02-23,sz.002099,海翔药业,4.13558643,4.19371284,4.25399208,4.13558643,1361941,26534028.79,1.072843,1.7764,126946906.0,532378869.690473,2026-07-14
2012-02-24,sz.002099,海翔药业,4.19371284,4.34441094,4.3702449,4.19371284,1946213,38813737.86,1.533092,3.5934,126946915.0,551509566.3252501,2026-07-14
2012-02-27,sz.002099,海翔药业,4.33364679,4.34441094,4.4778864,4.28197887,3544745,71527309.74,2.792305,0.0,126946913.0,551509557.6364282,2026-07-14
2012-02-28,sz.002099,海翔药业,4.30566,4.1980185,4.34010528,4.1549619,2023051,39644228.14,1.59362,-3.3697,126946888.0,532925384.341428,2026-07-14
2012-02-29,sz.002099,海翔药业,4.1980185,4.090377,4.30135434,4.07961285,1669956,32086828.88,1.315476,-2.5641,126946900.0,519260679.9813,2026-07-14
2012-03-01,sz.002099,海翔药业,4.090377,4.02363927,4.1119053,3.86002419,5506970,101024486.02,4.338011,-1.6316,126946889.0,510788487.7847311,2026-07-14
2012-03-02,sz.002099,海翔药业,3.97197135,4.07746002,4.08176568,3.94398456,5150215,95564840.08,4.056984,1.3376,126946890.0,517620868.63833785,2026-07-14
2012-03-05,sz.002099,海翔药业,4.06023738,4.01933361,4.07746002,4.01933361,2325085,43644332.89,1.831541,-1.4256,126946926.0,510242046.3579829,2026-07-14
2012-03-06,sz.002099,海翔药业,4.00211097,3.97842984,4.05162606,3.84926004,2267817,41479171.81,1.78643,-1.0177,126946872.0,505049223.6594605,2026-07-14
2012-03-07,sz.002099,海翔药业,3.92030343,3.94829022,4.03870908,3.90738645,1433204,26510908.37,1.128979,-0.7576,126946914.0,501223259.0053811,2026-07-14
2012-03-08,sz.002099,海翔药业,3.94829022,3.99349965,4.00641663,3.9396789,1241186,22937231.45,0.977721,1.145,126946849.0,506962197.05010283,2026-07-14
2012-03-09,sz.002099,海翔药业,3.9827355,4.06669587,4.06669587,3.98058267,1833388,34335996.23,1.444217,1.8329,126946851.0,516254234.6712054,2026-07-14
2012-03-12,sz.002099,海翔药业,4.0688487,4.25829774,4.25829774,4.04516757,3368251,65328696.76,2.653276,4.7115,126946876.0,540577595.1708602,2026-07-14
2012-03-13,sz.002099,海翔药业,4.25399208,4.35732792,4.35732792,4.22169963,3773943,75456284.02,2.972852,2.3256,126946885.0,553149206.3675293,2026-07-14
2012-03-14,sz.002099,海翔药业,4.35948075,4.2626034,4.47142791,4.24322793,3452199,69810973.11,2.719404,-2.1739,126946897.0,541124274.7716497,2026-07-14
2012-03-15,sz.002099,海翔药业,4.23892227,4.32288264,4.3487166,4.15926756,2124853,42332293.16,1.673813,1.4141,126946857.0,548776364.3278625,2026-07-14
2012-03-16,sz.002099,海翔药业,4.32288264,4.57906941,4.58768073,4.30566,4346195,90185283.3,3.423632,5.9263,126946909.0,581298707.6959536,2026-07-14
2012-03-19,sz.002099,海翔药业,4.62643167,4.5855279,4.67379393,4.54031847,3248427,69413431.9,2.558887,0.141,126946872.0,582118423.3737288,2026-07-14
2012-03-20,sz.002099,海翔药业,4.53601281,4.44559395,4.58122224,4.43698263,1259401,26229429.82,0.992069,-3.0516,126946916.0,564354441.7407582,2026-07-14
2012-03-21,sz.002099,海翔药业,4.44559395,4.44559395,4.4778864,4.3271883,1687600,34535419.3,1.329375,0.0,126946874.0,564354255.0258123,2026-07-14
2012-03-22,sz.002099,海翔药业,4.44559395,4.30135434,4.46281659,4.2626034,1845628,37195905.2,1.453858,-3.2446,126946923.0,546043698.1956958,2026-07-14
2012-03-23,sz.002099,海翔药业,4.30135434,4.38316188,4.38316188,4.2195468,1264985,25294481.31,0.996468,1.9019,126946876.0,556428707.6682869,2026-07-14
2012-03-26,sz.002099,海翔药业,4.3702449,4.48865055,4.49726187,4.36163358,2327282,48104324.56,1.833272,2.4067,126946901.0,569820276.9944456,2026-07-14
2012-03-27,sz.002099,海翔药业,4.51663734,4.45420527,4.53170715,4.3917732,1315018,27185929.13,1.03588,-0.7674,126946944.0,565447746.9751949,2026-07-14
2012-03-28,sz.002099,海翔药业,4.44989961,4.22385246,4.44989961,4.1334336,2577782,50630710.7,2.030599,-5.1716,126946876.0,536204874.48191494,2026-07-14
2012-03-29,sz.002099,海翔药业,4.19371284,4.05808455,4.1980185,4.05808455,1223354,23397082.75,0.963674,-3.9246,126946872.0,515161139.9340276,2026-07-14
2012-03-30,sz.002099,海翔药业,4.090377,4.05593172,4.18294869,3.95044305,1759419,33199690.55,1.385949,-0.0531,126946879.0,514887873.29110193,2026-07-14
2012-04-05,sz.002099,海翔药业,4.04516757,4.13128077,4.1549619,4.01287512,1212124,23092314.46,0.954828,1.8577,126946843.0,524453051.2981091,2026-07-14
2012-04-06,sz.002099,海翔药业,4.1549619,4.20017133,4.27121472,4.11405813,1461819,28489829.53,1.15152,1.6675,126946905.0,533198750.8132336,2026-07-14
2012-04-09,sz.002099,海翔药业,4.12912794,4.2195468,4.28628453,4.09468266,1504997,29591467.47,1.185533,0.4613,126946867.0,535658246.41987556,2026-07-14
2012-04-10,sz.002099,海翔药业,4.17864303,4.2195468,4.23676944,4.08176568,923323,17797644.34,0.72733,0.0,126946915.0,535658448.95812196,2026-07-14
2012-04-11,sz.002099,海翔药业,4.1764902,4.3702449,4.3702449,4.13989209,1648951,32765993.21,1.29893,3.5714,126946872.0,554788919.9289528,2026-07-14
2012-04-12,sz.002099,海翔药业,4.3702449,4.40038452,4.41760716,4.28843736,1630285,32992609.26,1.284226,0.6897,126946893.0,558615142.8192964,2026-07-14
2012-04-13,sz.002099,海翔药业,4.42406565,4.3702449,4.44128829,4.32503547,2592209,52717891.57,2.041963,-0.6849,126946913.0,554789099.1089938,2026-07-14
2012-04-16,sz.002099,海翔药业,4.30996566,4.34225811,4.36378641,4.24753359,1361386,27323354.63,1.072406,-0.6404,126946884.0,551236136.5882293,2026-07-14
2012-04-17,sz.002099,海翔药业,4.29704868,4.29704868,4.35732792,4.28628453,755981,15124074.12,0.59551,-1.0412,126946819.0,545496661.0141488,2026-07-14
2012-04-18,sz.002099,海翔药业,4.34441094,4.38962037,4.39823169,4.30350717,1439078,29139907.63,1.133606,2.1543,126946929.0,557248825.4473437,2026-07-14
2012-04-19,sz.002099,海翔药业,4.38962037,4.36593924,4.43052414,4.32934113,882679,17997498.59,0.695314,-0.5395,126946818.0,554242094.0993384,2026-07-14
2012-04-20,sz.002099,海翔药业,4.40253735,4.50587319,4.53601281,4.36593924,2437965,50611333.83,1.920461,3.2051,126946863.0,572006466.5463029,2026-07-14
2012-04-23,sz.002099,海翔药业,4.58122224,4.37670339,4.58122224,4.34225811,4285338,87606605.61,3.375693,-2.8667,126946911.0,555608975.7237283,2026-07-14
2012-04-24,sz.002099,海翔药业,4.42406565,4.3702449,4.42406565,4.1764902,4315322,86893909.31,3.399313,-0.1476,126946886.0,554788981.1123815,2026-07-14
2012-04-25,sz.002099,海翔药业,4.32288264,4.32503547,4.36593924,4.2626034,1538924,30893924.15,1.212258,-1.0345,126946904.0,549049862.6066849,2026-07-14
2012-04-26,sz.002099,海翔药业,4.34225811,4.22600529,4.3487166,4.20878265,2048116,40550883.67,1.613364,-2.2897,126946926.0,536478380.8252385,2026-07-14
2012-04-27,sz.002099,海翔药业,4.23246378,4.27336755,4.29059019,4.1980185,1049415,20699373.01,0.826657,1.1207,126946847.0,542490536.5446148,2026-07-14
2012-05-02,sz.002099,海翔药业,4.30996566,4.35732792,4.38531471,4.30135434,1997049,40352465.19,1.573137,1.9647,126946922.0,553149367.5886623,2026-07-14
2012-05-03,sz.002099,海翔药业,4.35948075,4.42837131,4.4778864,4.35948075,1903397,39244461.07,1.499365,1.6304,126946874.0,562167894.7157849,2026-07-14
2012-05-04,sz.002099,海翔药业,4.43052414,4.51233168,4.51233168,4.3917732,2321081,48142448.76,1.828387,1.896,126946921.0,572826613.3067573,2026-07-14
2012-05-07,sz.002099,海翔药业,4.53816564,4.67594676,4.68455808,4.48003923,4809069,102394879.27,3.788253,3.626,126946880.0,593596852.2281089,2026-07-14
2012-05-08,sz.002099,海翔药业,4.68671091,4.62427884,4.68886374,4.5424713,2885848,61707856.58,2.273272,-1.105,126946885.0,587037794.1094134,2026-07-14
2012-05-09,sz.002099,海翔药业,4.56830526,4.520943,4.62212601,4.51663734,1839173,38974826.13,1.448774,-2.2346,126946853.0,573919486.442379,2026-07-14
2012-05-10,sz.002099,海翔药业,4.55754111,4.55323545,4.65872412,4.50372036,2539829,54178238.75,2.000702,0.7143,126946892.0,578019088.9217213,2026-07-14
2012-05-11,sz.002099,海翔药业,4.54031847,4.60490337,4.65657129,4.54031847,1827341,39134973.0,1.439453,1.1348,126946903.0,584578221.4357631,2026-07-14
2012-05-14,sz.002099,海翔药业,4.60490337,4.60490337,4.60490337,4.60490337,0,0.0,0.0,0.0,126946903.0,584578221.4357631,2026-07-14
2012-05-15,sz.002099,海翔药业,4.6070562,4.6931694,4.7146977,4.5639996,4446128,95796244.19,3.502353,1.9168,126946884.0,595783231.4141496,2026-07-14
2012-05-16,sz.002099,海翔药业,4.73192034,4.6931694,4.7577543,4.67379393,3582651,78445548.41,2.795972,0.0,128136154.0,601364676.9864876,2026-07-14
2012-05-17,sz.002099,海翔药业,4.69962789,4.62212601,4.70823921,4.5639996,2736405,58673667.29,2.135545,-1.5138,128136143.0,592261399.3813794,2026-07-14
2012-05-18,sz.002099,海翔药业,4.60920903,4.5639996,4.62643167,4.49510904,2171202,46014892.0,1.694449,-1.2576,128136167.0,584813414.9335332,2026-07-14
2012-05-21,sz.002099,海翔药业,4.55538828,4.64365431,4.68886374,4.53385998,2638674,56709780.46,2.059274,1.7453,128136130.0,595019892.3412203,2026-07-14
2012-05-22,sz.002099,海翔药业,4.6480221,4.57382832,4.66111512,4.49963454,4911860,51225615.3,1.916657,-1.5038,256272249.0,1172145270.1062915,2026-07-14
2012-05-23,sz.002099,海翔药业,4.6698438,4.47781284,4.6698438,4.45599114,3989832,41267260.1,1.556872,-2.0992,256272320.0,1147539485.032589,2026-07-14
2012-05-24,sz.002099,海翔药业,4.47781284,4.37743302,4.53018492,4.35997566,3727159,37740986.38,1.454375,-2.2417,256272213.0,1121814447.2946732,2026-07-14
2012-05-25,sz.002099,海翔药业,4.36434,4.32506094,4.39925472,4.25086716,2856670,28170114.92,1.114701,-1.1964,256272310.0,1108393357.9845715,2026-07-14
2012-05-28,sz.002099,海翔药业,4.29451056,4.39052604,4.40361906,4.24213848,3352117,33295715.28,1.30803,1.5136,256272180.0,1125169679.6175673,2026-07-14
2012-05-29,sz.002099,海翔药业,4.39925472,4.42107642,4.4952702,4.39052604,4481533,45492529.04,1.748739,0.6958,256272262.0,1132999254.628262,2026-07-14
2012-05-30,sz.002099,海翔药业,4.42107642,4.37306868,4.44289812,4.35561132,3542960,35618645.42,1.382498,-1.0859,256272342.0,1120696552.3504486,2026-07-14
2012-05-31,sz.002099,海翔药业,4.35124698,4.45599114,4.47781284,4.3206966,4979328,50489986.37,1.942984,1.8962,256272208.0,1141946688.2762372,2026-07-14
2012-06-01,sz.002099,海翔药业,4.4516268,4.40361906,4.48217718,4.32506094,3527963,35610456.74,1.376646,-1.1753,256272346.0,1128525787.3965147,2026-07-14
2012-06-04,sz.002099,海翔药业,4.35997566,4.33815396,4.4079834,4.31633226,3912009,38940280.6,1.526505,-1.4866,256272269.0,1111748558.6005352,2026-07-14
2012-06-05,sz.002099,海翔药业,4.36434,4.46035548,4.46908416,4.2552315,8447723,85180504.08,3.296386,2.8169,256272263.0,1143065392.644051,2026-07-14
2012-06-06,sz.002099,海翔药业,4.43416944,4.42544076,4.46908416,4.39925472,3663860,37226717.55,1.429675,-0.7828,256272230.0,1134117572.2980947,2026-07-14
2012-06-07,sz.002099,海翔药业,4.4516268,4.42107642,4.4952702,4.39925472,3494630,35620332.98,1.36364,-0.0986,256272183.0,1132998905.363225,2026-07-14
2012-06-08,sz.002099,海翔药业,4.47781284,4.31196792,4.49090586,4.30760358,3204886,32198986.23,1.250579,-2.4679,256272175.0,1105037397.3886259,2026-07-14
2012-06-11,sz.002099,海翔药业,4.35124698,4.42544076,4.44289812,4.24650282,5133649,50846780.68,2.003201,2.6316,256272286.0,1134117820.1227772,2026-07-14
2012-06-12,sz.002099,海翔药业,4.39925472,4.39489038,4.43853378,4.34688264,2048182,20624655.52,0.799221,-0.6903,256272295.0,1126288643.956022,2026-07-14
2012-06-13,sz.002099,海翔药业,4.39925472,4.48217718,4.52145624,4.35561132,4044168,41278284.9,1.578075,1.9861,256272230.0,1148657541.1737113,2026-07-14
2012-06-14,sz.002099,海翔药业,4.49090586,4.5607353,4.65238644,4.4734485,6836777,71858222.31,2.667779,1.7527,256272240.0,1168789851.378072,2026-07-14
2012-06-15,sz.002099,海翔药业,4.6043787,4.78768098,4.92733986,4.56509964,12592852,137638383.42,4.913857,4.9761,256272252.0,1226949786.6021671,2026-07-14
2012-06-18,sz.002099,海翔药业,4.8225957,4.87496778,4.96225458,4.79640966,11955952,133440572.31,4.665332,1.8232,256272265.0,1249319034.7826219,2026-07-14
2012-06-19,sz.002099,海翔药业,4.84878174,4.82696004,4.9753476,4.76149494,11907826,133179888.73,4.646553,-0.9848,256272252.0,1237015919.76481,2026-07-14
2012-06-20,sz.002099,海翔药业,4.83568872,4.66547946,4.86187476,4.63056474,8680209,93953785.95,3.387104,-3.3454,256272290.0,1195633105.1621635,2026-07-14
2012-06-21,sz.002099,海翔药业,4.65238644,4.6043787,4.66111512,4.51272756,6016798,62961567.14,2.347815,-1.3096,256272236.0,1179974424.8397732,2026-07-14
2012-06-25,sz.002099,海翔药业,4.5607353,4.61747172,4.72221588,4.50836322,5082588,54082350.73,1.983277,0.2844,256272220.0,1183329728.4716184,2026-07-14
2012-06-26,sz.002099,海翔药业,4.5170919,4.6262004,4.6262004,4.42107642,3982221,41362233.58,1.553902,0.189,256272339.0,1185567197.1907356,2026-07-14
2012-06-27,sz.002099,海翔药业,4.63056474,4.7134872,4.76585928,4.6262004,6032421,65105690.78,2.353911,1.8868,256272263.0,1207936031.3655336,2026-07-14
2012-06-28,sz.002099,海翔药业,4.71785154,4.64365776,4.82696004,4.63492908,4452992,48228987.77,1.737602,-1.4815,256272265.0,1190040692.0400264,2026-07-14
2012-06-29,sz.002099,海翔药业,4.64365776,4.64365776,4.64365776,4.64365776,0,0.0,0.0,0.0,256272265.0,1190040692.0400264,2026-07-14
2012-07-02,sz.002099,海翔药业,4.7789523,4.90115382,4.92297552,4.6480221,14991783,164946835.21,5.849943,5.5451,256272292.0,1256029922.8959556,2026-07-14
2012-07-03,sz.002099,海翔药业,4.87933212,4.90115382,5.05827006,4.81823136,16888183,191042186.73,6.589938,0.0,256272259.0,1256029761.1578794,2026-07-14
2012-07-04,sz.002099,海翔药业,5.11064214,5.0408127,5.3681382,4.92297552,33292405,389480463.76,12.991029,2.8495,256272271.0,1291820518.3146417,2026-07-14
2012-07-05,sz.002099,海翔药业,4.9317042,5.13246384,5.23284366,4.9317042,24739029,287843695.33,9.653416,1.8182,256272277.0,1315308194.8969636,2026-07-14
2012-07-06,sz.002099,海翔药业,5.1499212,5.1499212,5.35504518,5.0408127,31320426,370873506.98,12.221543,0.3401,256272273.0,1319782011.6948874,2026-07-14
2012-07-09,sz.002099,海翔药业,5.09754912,4.63492908,5.13246384,4.63492908,35701795,396441763.45,13.931197,-10.0,256272272.0,1187803805.8904698,2026-07-14
2012-07-10,sz.002099,海翔药业,4.44726246,4.47781284,4.54764228,4.33378962,16919698,172163088.95,6.602235,-3.3898,256272277.0,1147539292.4866369,2026-07-14
2012-07-11,sz.002099,海翔药业,4.4734485,4.50399888,4.53018492,4.36870434,7923998,81153213.27,3.092023,0.5848,256272285.0,1154250084.6150408,2026-07-14
2012-07-12,sz.002099,海翔药业,4.46471982,4.57819266,4.62183606,4.46471982,11612879,121354428.97,4.531461,1.6473,256272293.0,1173263930.7739694,2026-07-14
2012-07-13,sz.002099,海翔药业,4.56509964,4.32506094,4.6043787,4.3206966,18845251,190266042.21,7.353605,-5.5291,256272277.0,1108393215.2575605,2026-07-14
2012-07-16,sz.002099,海翔药业,4.30760358,3.89299128,4.31633226,3.89299128,21266404,196225521.26,8.298363,-9.9899,256272279.0,997665747.4527271,2026-07-14
2012-07-17,sz.002099,海翔药业,3.83189052,3.81443316,3.89299128,3.70096032,13382921,116464004.84,5.222149,-2.0179,256272293.0,977533532.408436,2026-07-14
2012-07-18,sz.002099,海翔药业,3.8187975,3.89299128,3.94536336,3.81443316,8516107,75635979.77,3.32307,2.0595,256272272.0,997665720.2017882,2026-07-14
2012-07-19,sz.002099,海翔药业,3.9060843,3.97591374,3.9933711,3.85371222,7820791,70907253.9,3.051751,2.13,256272252.0,1018916367.9075426,2026-07-14
2012-07-20,sz.002099,海翔药业,3.98027808,3.9497277,4.04137884,3.93663468,4955823,45056948.39,1.933812,-0.6586,256272223.0,1012205497.9236771,2026-07-14
2012-07-23,sz.002099,海翔药业,3.9060843,3.8842626,3.95845638,3.82316184,3636605,32405738.35,1.41904,-1.6575,256272198.0,995428514.1111948,2026-07-14
2012-07-24,sz.002099,海翔药业,3.8624409,3.94099902,3.97591374,3.8406192,4638926,41696990.24,1.810155,1.4607,256272308.0,1009968914.6811382,2026-07-14
2012-07-25,sz.002099,海翔药业,3.927906,3.91481298,3.95845638,3.89735562,3046006,27397374.02,1.188582,-0.6645,256272264.0,1003257985.5211868,2026-07-14
2012-07-26,sz.002099,海翔药业,3.90171996,3.76206108,3.93663468,3.74896806,7938295,69703414.22,3.097602,-3.9019,256272271.0,964111936.6123127,2026-07-14
2012-07-27,sz.002099,海翔药业,3.76642542,3.63113088,3.79261146,3.6005805,5951338,50325549.33,2.322272,-3.4803,256272220.0,930557971.7281536,2026-07-14
2012-07-30,sz.002099,海翔药业,3.59185182,3.4478286,3.67040994,3.4260069,6842908,55441470.74,2.670171,-5.0481,256272276.0,883582882.5798936,2026-07-14
2012-07-31,sz.002099,海翔药业,3.44346426,3.39982086,3.46092162,3.36927048,3749169,29350197.31,1.462963,-1.3924,256272305.0,871279928.3792824,2026-07-14
2012-08-01,sz.002099,海翔药业,3.37363482,3.41291388,3.4696503,3.37363482,6583401,51629819.09,2.568909,0.3851,256272254.0,874635132.7354856,2026-07-14
2012-08-02,sz.002099,海翔药业,3.39545652,3.43909992,3.48274332,3.36490614,8196129,64471212.69,3.198211,0.7673,256272303.0,881346056.7455157,2026-07-14
2012-08-03,sz.002099,海翔药业,3.43909992,3.55257276,3.5569371,3.39982086,8134001,65089366.07,3.173968,3.2995,256272306.0,910426013.4379846,2026-07-14
2012-08-06,sz.002099,海翔药业,3.5351154,3.6660456,3.67913862,3.5132937,6899168,56989936.56,2.692124,3.1941,256272297.0,939505926.8187432,2026-07-14
2012-08-07,sz.002099,海翔药业,3.67040994,3.64858824,3.6878673,3.61803786,6933213,57990047.27,2.705409,-0.4762,256272268.0,935031983.2629284,2026-07-14
2012-08-08,sz.002099,海翔药业,3.64858824,3.58748748,3.66168126,3.57003012,6445955,53243108.37,2.515276,-1.6746,256272274.0,919373574.4461296,2026-07-14
2012-08-09,sz.002099,海翔药业,3.60494484,3.69659598,3.709689,3.54820842,8453500,70283805.18,3.29864,3.0414,256272282.0,947335087.4266264,2026-07-14
2012-08-10,sz.002099,海翔药业,3.70096032,3.7533324,3.77951844,3.67477428,8138587,69693114.98,3.175758,1.5348,256272266.0,961874999.1992184,2026-07-14
2012-08-13,sz.002099,海翔药业,3.72278202,3.65295258,3.74023938,3.63549522,5662414,47864409.71,2.209531,-2.6744,256272213.0,936150241.6606596,2026-07-14
2012-08-14,sz.002099,海翔药业,3.66168126,3.6878673,3.6878673,3.57003012,5373868,44695171.36,2.096937,0.9558,256272268.0,945098117.0540365,2026-07-14
2012-08-15,sz.002099,海翔药业,3.65731692,3.58748748,3.67913862,3.57003012,6855776,56504324.86,2.675192,-2.7219,256272297.0,919373656.9583416,2026-07-14
2012-08-16,sz.002099,海翔药业,3.5569371,3.5351154,3.59185182,3.50892936,4547927,36966477.92,1.774647,-1.4599,256272205.0,905951818.487457,2026-07-14
2012-08-17,sz.002099,海翔药业,3.55257276,3.50892936,3.55257276,3.48274332,5043734,40447804.99,1.968115,-0.7407,256272321.0,899241471.3122447,2026-07-14
2012-08-20,sz.002099,海翔药业,3.491472,3.48274332,3.50020068,3.4260069,4875317,38701935.6,1.902397,-0.7463,256272324.0,892530724.5118756,2026-07-14
2012-08-21,sz.002099,海翔药业,3.491472,3.63549522,3.65295258,3.47401464,7879389,64704295.71,3.074616,4.386,256272295.0,931676703.49093,2026-07-14
2012-08-22,sz.002099,海翔药业,3.63549522,3.6224022,3.72714636,3.60494484,6779150,56886338.98,2.645292,-0.3601,256272275.0,928321252.759005,2026-07-14
2012-08-23,sz.002099,海翔药业,3.61803786,3.709689,3.72278202,3.61367352,6926413,58302512.31,2.702756,2.4096,256272227.0,950690261.507403,2026-07-14
2012-08-24,sz.002099,海翔药业,3.69223164,3.63549522,3.69223164,3.6224022,4595732,38456682.35,1.793301,-2.0,256272204.0,931676372.660865,2026-07-14
2012-08-27,sz.002099,海翔药业,3.6224022,3.50456502,3.6224022,3.49583634,4106478,33177213.44,1.602389,-3.6014,256272229.0,898122689.3508295,2026-07-14
2012-08-28,sz.002099,海翔药业,3.47401464,3.52202238,3.58312314,3.46092162,2674243,21591311.39,1.043135,0.4981,256365955.0,902926630.980073,2026-07-14
2012-08-29,sz.002099,海翔药业,3.52638672,3.5132937,3.56566578,3.48710766,2097402,16928290.15,0.818128,-0.2478,256365997.0,900689042.1543189,2026-07-14
2012-08-30,sz.002099,海翔药业,3.5132937,3.44346426,3.53947974,3.39545652,4285746,33993493.04,1.663198,-1.987582,257681046.0,887315472.3804159,2026-07-14
2012-08-31,sz.002099,海翔药业,3.41291388,3.34744878,3.4696503,3.28198368,6067603,46708117.1,2.354695,-2.7883,257681058.0,862574143.2312093,2026-07-14
2012-09-03,sz.002099,海翔药业,3.34308444,3.36927048,3.39545652,3.30816972,5609042,43191893.79,2.176739,0.6519,257680962.0,868196858.5246017,2026-07-14
2012-09-04,sz.002099,海翔药业,3.37363482,3.34744878,3.41727822,3.32999142,4286263,33157642.27,1.663399,-0.6477,257680989.0,862573912.2572434,2026-07-14
2012-09-05,sz.002099,海翔药业,3.34308444,3.36490614,3.39109218,3.32562708,3284530,25270722.41,1.27465,0.5215,257680932.0,867072150.2477225,2026-07-14
2012-09-06,sz.002099,海翔药业,3.36927048,3.41727822,3.45655728,3.36927048,4395646,34371819.5,1.705848,1.5564,257680989.0,880567631.4177595,2026-07-14
2012-09-07,sz.002099,海翔药业,3.46092162,3.57003012,3.6005805,3.43473558,8778137,70853107.61,3.40659,4.47,257681053.0,919929120.5633165,2026-07-14
2012-09-10,sz.002099,海翔药业,3.58748748,3.59185182,3.6005805,3.5132937,6444120,52645482.83,2.500813,0.6112,257681002.0,925551976.0131236,2026-07-14
2012-09-11,sz.002099,海翔药业,3.57003012,3.5351154,3.57003012,3.50892936,7003202,56756171.48,2.71778,-1.5796,257680975.0,910931983.009515,2026-07-14
2012-09-12,sz.002099,海翔药业,3.5569371,3.57439446,3.59621616,3.5351154,6485535,52925075.78,2.516885,1.1111,257681022.0,921053617.4839382,2026-07-14
2012-09-13,sz.002099,海翔药业,3.5787588,3.49583634,3.58748748,3.491472,7602396,61623169.93,2.950313,-2.1978,257680999.0,900810600.4317037,2026-07-14
2012-09-14,sz.002099,海翔药业,3.51765804,3.5351154,3.54384408,3.491472,5702810,46026978.52,2.213128,1.1236,257680984.0,910932014.8255537,2026-07-14
2012-09-17,sz.002099,海翔药业,3.5132937,3.36927048,3.5351154,3.3605418,6160757,48646549.64,2.390846,-4.6914,257681047.0,868197144.9125925,2026-07-14
2012-09-18,sz.002099,海翔药业,3.35617746,3.37363482,3.42164256,3.3387201,3061816,23618400.75,1.188219,0.1295,257681118.0,869321992.1413287,2026-07-14
2012-09-19,sz.002099,海翔药业,3.35181312,3.39982086,3.39982086,3.35181312,1954058,15148675.73,0.758324,0.7762,257681149.0,876069745.5989681,2026-07-14
2012-09-20,sz.002099,海翔药业,3.40854954,3.2514333,3.40854954,3.2514333,4388818,33301882.79,1.703198,-4.3646,257681021.0,837832652.4573992,2026-07-14
2012-09-21,sz.002099,海翔药业,3.23397594,3.17287518,3.26889066,3.15978216,4511449,32948283.41,1.750788,-2.4161,257681056.0,817589826.9385902,2026-07-14
2012-09-24,sz.002099,海翔药业,3.16851084,3.14668914,3.16851084,3.0986814,3006345,21601681.9,1.166692,-0.8253,257681119.0,810842378.7403476,2026-07-14
2012-09-25,sz.002099,海翔药业,3.13359612,3.08122404,3.1423248,3.0768597,4300553,30601267.73,1.668944,-2.0804,257681085.0,793973153.7552834,2026-07-14
2012-09-26,sz.002099,海翔药业,3.0986814,2.98084422,3.0986814,2.95465818,5486373,37883085.72,2.129134,-3.2578,257680963.0,768106809.1625838,2026-07-14
2012-09-27,sz.002099,海翔药业,2.98084422,3.05940234,3.08122404,2.9459295,6520726,45219029.99,2.530542,2.6354,257681003.0,788349863.5517471,2026-07-14
2012-09-28,sz.002099,海翔药业,3.0332163,3.17287518,3.17723952,3.02448762,6847343,48984516.54,2.657294,3.709,257681047.0,817589798.3827134,2026-07-14
2012-10-08,sz.002099,海翔药业,3.1859682,3.19469688,3.23397594,3.15978216,4107548,30038877.85,1.594044,0.6878,257680967.0,823212581.310283,2026-07-14
2012-10-09,sz.002099,海翔药业,3.2077899,3.26889066,3.29071236,3.19469688,4640306,34562051.05,1.800795,2.3224,257680969.0,842330912.8238494,2026-07-14
2012-10-10,sz.002099,海翔药业,3.26452632,3.27761934,3.28198368,3.21215424,3526899,26278333.4,1.368707,0.267,257681081.0,844580494.6377066,2026-07-14
2012-10-11,sz.002099,海翔药业,3.26889066,3.1423248,3.28198368,3.13359612,8171143,59965417.89,3.17103,-4.1278,257681037.0,809717513.0548176,2026-07-14
2012-10-12,sz.002099,海翔药业,3.10741008,3.05940234,3.14668914,3.03758064,8373828,59134420.18,3.249688,-2.6389,257680984.0,788349805.4231026,2026-07-14
2012-10-15,sz.002099,海翔药业,3.06376668,3.0113946,3.07249536,2.98084422,4894448,33713035.42,1.899421,-1.5692,257681051.0,775979325.5037246,2026-07-14
2012-10-16,sz.002099,海翔药业,3.01575894,3.1423248,3.15541782,2.99830158,10516398,74380638.93,4.081169,4.3478,257681022.0,809717465.9199456,2026-07-14
2012-10-17,sz.002099,海翔药业,3.13796046,3.08995272,3.14668914,3.05940234,6179957,43763498.25,2.398297,-1.6667,257681055.0,796222276.7897196,2026-07-14
2012-10-18,sz.002099,海翔药业,3.08995272,3.13796046,3.15978216,3.06813102,6765872,48439943.53,2.625677,1.5537,257681048.0,808592939.9153621,2026-07-14
2012-10-19,sz.002099,海翔药业,3.13796046,3.10741008,3.15105348,3.08122404,5180771,36934909.22,2.010537,-0.973577,257680958.0,800720406.3132567,2026-07-14
2012-10-22,sz.002099,海翔药业,3.08995272,3.09431706,3.10741008,3.055038,4522341,31924459.34,1.755015,-0.4213,257681045.0,797346853.5821277,2026-07-14
2012-10-23,sz.002099,海翔药业,3.09431706,3.07249536,3.11613876,3.06813102,3428215,24283877.65,1.33041,-0.7052,257681091.0,791723956.4572377,2026-07-14
2012-10-24,sz.002099,海翔药业,3.055038,3.05067366,3.08995272,3.03758064,4518013,31672932.39,1.753336,-0.7102,257680958.0,786100511.2541664,2026-07-14
2012-10-25,sz.002099,海翔药业,3.05067366,3.0113946,3.055038,3.00266592,3947293,27376360.3,1.531852,-1.2876,257681095.0,775979458.005087,2026-07-14
2012-10-26,sz.002099,海翔药业,3.01575894,2.91974346,3.02012328,2.91101478,4908168,33176556.07,1.904746,-3.0435,257680972.0,752362332.7634431,2026-07-14
2012-10-29,sz.002099,海翔药业,2.9022861,2.91537912,2.94156516,2.8586427,2902314,19294550.73,1.12632,-0.1495,257681121.0,751238159.7815934,2026-07-14
2012-10-30,sz.002099,海翔药业,2.91974346,2.90665044,2.96338686,2.89792176,1962271,13171538.91,0.761512,-0.2994,257680903.0,748988310.0845473,2026-07-14
2012-10-31,sz.002099,海翔药业,2.90665044,2.9022861,2.92847214,2.86737138,1932189,12810158.96,0.749838,-0.1502,257680859.0,747863575.31176,2026-07-14
2012-11-01,sz.002099,海翔药业,2.9022861,2.98520856,3.02012328,2.9022861,3816757,25943380.96,1.481194,2.8571,257681101.0,769231828.4554245,2026-07-14
2012-11-02,sz.002099,海翔药业,2.98520856,2.96338686,3.00703026,2.93720082,2553898,17347878.82,0.991108,-0.731,257681100.0,763608785.810346,2026-07-14
2012-11-05,sz.002099,海翔药业,2.95465818,2.98520856,2.99393724,2.9459295,1942107,13212187.33,0.753686,0.7364,257681183.0,769232073.2425264,2026-07-14
2012-11-06,sz.002099,海翔药业,2.97211554,2.95902252,2.99393724,2.9241078,2217957,14971595.61,0.860737,-0.8772,257681150.0,762484325.829498,2026-07-14
2012-11-07,sz.002099,海翔药业,2.95902252,2.94156516,2.9677512,2.9241078,1835301,12385474.0,0.712238,-0.59,257680859.0,757985037.2332724,2026-07-14
2012-11-08,sz.002099,海翔药业,2.91537912,2.82809232,2.91537912,2.82372798,3188184,20928680.39,1.23726,-3.8576,257681005.0,728745671.2503816,2026-07-14
2012-11-09,sz.002099,海翔药业,2.82809232,2.79754194,2.8586427,2.7931776,2277961,14719690.44,0.884024,-1.0802,257680900.0,720873124.886946,2026-07-14
2012-11-12,sz.002099,海翔药业,2.79754194,2.81063496,2.82372798,2.78444892,1384204,8903365.06,0.537177,0.468,257681174.0,724247716.178243,2026-07-14
2012-11-13,sz.002099,海翔药业,2.81936364,2.7058908,2.81936364,2.69716212,2410339,15179387.77,0.935396,-3.7267,257681132.0,697257004.4123856,2026-07-14
2012-11-14,sz.002099,海翔药业,2.7058908,2.7277125,2.73207684,2.67534042,1730514,10712590.45,0.671572,0.8065,257681083.0,702879911.1126375,2026-07-14
2012-11-15,sz.002099,海翔药业,2.7058908,2.6622474,2.71461948,2.6404257,1798951,11040158.5,0.698131,-2.4,257681008.0,686010593.5773792,2026-07-14
2012-11-16,sz.002099,海翔药业,2.65351872,2.58368928,2.65351872,2.5749606,2700767,16113402.57,1.048105,-2.9508,257680958.0,665767528.8447303,2026-07-14
2012-11-19,sz.002099,海翔药业,2.58368928,2.57059626,2.60551098,2.5094955,2155331,12635388.38,0.836434,-0.5068,257680941.0,662393663.2078806,2026-07-14
2012-11-20,sz.002099,海翔药业,2.58368928,2.54877456,2.58805362,2.5313172,2469484,14490007.75,0.958349,-0.8489,257681074.0,656770966.0046774,2026-07-14
2012-11-21,sz.002099,海翔药业,2.54877456,2.56623192,2.56623192,2.47894512,3484558,20174796.67,1.352276,0.6849,257680976.0,661269145.7879539,2026-07-14
2012-11-22,sz.002099,海翔药业,2.5531389,2.51822418,2.5531389,2.4876738,2555154,14761675.2,0.991596,-1.8707,257680951.0,648898401.5335951,2026-07-14
2012-11-23,sz.002099,海翔药业,2.5313172,2.54004588,2.5531389,2.50513116,2323192,13504810.13,0.901577,0.8666,257680930.0,654521384.6010684,2026-07-14
2012-11-26,sz.002099,海翔药业,2.54441022,2.50513116,2.55750324,2.4876738,1653059,9537667.22,0.641514,-1.3746,257680892.0,645524431.8857946,2026-07-14
2012-11-27,sz.002099,海翔药业,2.49203814,2.40475134,2.49640248,2.40475134,2406540,13463296.81,0.933922,-4.007,257681048.0,619658845.4706043,2026-07-14
2012-11-28,sz.002099,海翔药业,2.400387,2.34365058,2.40475134,2.33055756,2478322,13408300.61,0.961779,-2.5408,257681027.0,603914288.3835456,2026-07-14
2012-11-29,sz.002099,海翔药业,2.34801492,2.2912785,2.3785653,2.2912785,3184384,17037147.42,1.235785,-2.2346,257681069.0,590419093.2567166,2026-07-14
2012-11-30,sz.002099,海翔药业,2.28691416,2.29564284,2.32182888,2.27382114,3873679,20376609.16,1.503285,0.1905,257680945.0,591543416.3936838,2026-07-14
2012-12-03,sz.002099,海翔药业,2.28254982,2.2258134,2.30437152,2.22144906,2723773,14104741.9,1.057033,-3.0418,257680981.0,573549780.4349453,2026-07-14
2012-12-04,sz.002099,海翔药业,2.20835604,2.2694568,2.28254982,2.18217,3240008,16436218.33,1.257372,1.9608,257680941.0,584795763.7828488,2026-07-14
2012-12-05,sz.002099,海翔药业,2.25199944,2.3567436,2.400387,2.2476351,5325138,28453340.21,2.066562,3.8462,257681018.0,607288090.0129849,2026-07-14
2012-12-06,sz.002099,海翔药业,2.34801492,2.3349219,2.36110794,2.30873586,3159298,16883322.42,1.22605,-0.9259,257681008.0,601665028.7932751,2026-07-14
2012-12-07,sz.002099,海翔药业,2.33055756,2.400387,2.41784436,2.32182888,4084445,22330255.45,1.585078,2.8037,257681010.0,618534146.55087,2026-07-14
2012-12-10,sz.002099,海翔药业,2.41784436,2.5094955,2.5313172,2.38292964,7322940,41527660.84,2.841862,4.5455,257681056.0,646649450.467248,2026-07-14
2012-12-11,sz.002099,海翔药业,2.4876738,2.47894512,2.51822418,2.45712342,5069386,28940284.04,1.967311,-1.2174,257680967.0,638776975.6615311,2026-07-14
2012-12-12,sz.002099,海翔药业,2.47458078,2.4658521,2.50076682,2.4440304,3653561,20601485.84,1.417862,-0.5282,257681001.0,635403237.4459522,2026-07-14
2012-12-13,sz.002099,海翔药业,2.46148776,2.400387,2.46148776,2.39602266,3558265,19736730.97,1.38088,-2.6549,257680972.0,618534055.336164,2026-07-14
2012-12-14,sz.002099,海翔药业,2.39602266,2.49640248,2.51385984,2.39165832,6945290,39457538.0,2.695305,4.0,257681042.0,643275592.2977842,2026-07-14
2012-12-17,sz.002099,海翔药业,2.49640248,2.54004588,2.5531389,2.48330946,6436830,37015390.91,2.497984,1.7483,257680994.0,654521547.1640047,2026-07-14
2012-12-18,sz.002099,海翔药业,2.54441022,2.54004588,2.58368928,2.51385984,5732477,33579059.67,2.224641,0.0,257680992.0,654521542.083913,2026-07-14
2012-12-19,sz.002099,海翔药业,2.54004588,2.52695286,2.5531389,2.5094955,3556181,20638653.77,1.380071,-0.5155,257681018.0,651147785.4028115,2026-07-14
2012-12-20,sz.002099,海翔药业,2.5094955,2.52695286,2.53568154,2.48330946,4084454,23485053.2,1.585081,0.0,257681090.0,651147967.3434174,2026-07-14
2012-12-21,sz.002099,海翔药业,2.51822418,2.59241796,2.5967823,2.5094955,7058219,41325925.5,2.73913,2.5907,257681052.0,668016987.1564939,2026-07-14
2012-12-24,sz.002099,海翔药业,2.58368928,2.60551098,2.6404257,2.56623192,4766163,28448282.2,1.849637,0.5051,257680994.0,671390659.2043141,2026-07-14
2012-12-25,sz.002099,海翔药业,2.60551098,2.6622474,2.6840691,2.59241796,6484957,39594152.21,2.516661,2.1776,257680991.0,686010548.3191735,2026-07-14
2012-12-26,sz.002099,海翔药业,2.6622474,2.6840691,2.6840691,2.64479004,5791139,35334662.17,2.247406,0.8197,257681033.0,691633698.3313802,2026-07-14
2012-12-27,sz.002099,海翔药业,2.6840691,2.76699156,2.9022861,2.6840691,14274458,90929679.84,5.539585,3.0894,257681000.0,713001152.1723601,2026-07-14
2012-12-28,sz.002099,海翔药业,2.76262722,2.89792176,2.90665044,2.74516986,13275135,86173273.63,5.151771,4.7319,257680999.0,746739374.1406382,2026-07-14
2012-12-31,sz.002099,海翔药业,2.89355742,2.84554968,2.99393724,2.836821,11529315,76943695.31,4.447977,-1.8072,259203566.0,737576624.2861589,2026-07-14
2013-01-04,sz.002099,海翔药业,2.8804644,2.7713559,2.89355742,2.7058908,8049280,51487123.4,3.10539,-2.6074,259203514.0,718345187.8246326,2026-07-14
2013-01-07,sz.002099,海翔药业,2.7713559,2.836821,2.84991402,2.7495342,6984050,45167573.34,2.694427,2.3622,259203534.0,735314028.525414,2026-07-14
2013-01-08,sz.002099,海翔药业,2.7277125,2.82809232,2.85427836,2.67097608,20961142,131877896.86,8.08675,-0.3077,259203537.0,733051532.3065358,2026-07-14
2013-01-09,sz.002099,海翔药业,2.78008458,2.7931776,2.81063496,2.74080552,14227756,90383171.97,5.489028,-1.2346,259203560.0,724001577.632256,2026-07-14
2013-01-10,sz.002099,海翔药业,2.78444892,2.7931776,2.80190628,2.75389854,8938656,56888534.72,3.448508,0.0,259203574.0,724001616.7367424,2026-07-14
2013-01-11,sz.002099,海翔药业,2.80627062,2.87173572,2.8804644,2.77572024,20514364,133516372.21,7.914384,2.8125,259203546.0,744364081.7988632,2026-07-14
2013-01-14,sz.002099,海翔药业,2.8804644,3.055038,3.05940234,2.8804644,23224946,159828777.19,8.960119,6.383,259203544.0,791876676.654672,2026-07-14
2013-01-15,sz.002099,海翔药业,3.055038,3.0768597,3.12486744,3.00266592,15724868,109784955.73,6.06661,0.7143,259203542.0,797532932.4770573,2026-07-14
2013-01-16,sz.002099,海翔药业,3.05940234,3.0113946,3.05940234,2.94156516,10986965,75607834.1,4.23874,-2.1277,259203560.0,780564200.884776,2026-07-14
2013-01-17,sz.002099,海翔药业,3.00266592,2.95029384,3.0113946,2.94156516,6390743,43497976.85,2.465531,-2.029,259203514.0,764726530.6605538,2026-07-14
2013-01-18,sz.002099,海翔药业,2.95029384,2.97647988,3.00266592,2.94156516,5063230,34499335.78,1.95338,0.8876,259203534.0,771514103.7758958,2026-07-14
2013-01-21,sz.002099,海翔药业,2.98520856,3.02012328,3.0332163,2.95902252,6448139,44327617.15,2.487674,1.4663,259203537.0,782826636.3520414,2026-07-14
2013-01-22,sz.002099,海翔药业,2.99393724,2.9241078,3.02012328,2.90665044,6090939,41268029.5,2.349867,-3.1792,259203563.0,757939160.3560914,2026-07-14
2013-01-23,sz.002099,海翔药业,2.91537912,2.84554968,2.92847214,2.78444892,7312928,47742769.73,2.821307,-2.6866,259203554.0,737576590.1395627,2026-07-14
2013-01-24,sz.002099,海翔药业,2.836821,2.80627062,2.9241078,2.78008458,7006404,45777574.0,2.703051,-1.3804,259203544.0,727395290.1270772,2026-07-14
2013-01-25,sz.002099,海翔药业,2.80627062,2.82372798,2.84554968,2.78444892,2986865,19290804.11,1.152324,0.6221,259203575.0,731920387.2435285,2026-07-14
2013-01-28,sz.002099,海翔药业,2.81936364,2.89792176,2.9022861,2.80627062,4929257,32453980.89,1.901694,2.6275,259203479.0,751151402.0618031,2026-07-14
2013-01-29,sz.002099,海翔药业,2.87173572,2.84554968,2.89355742,2.79754194,11200241,72935155.87,4.321022,-1.8072,259203517.0,737576484.8542246,2026-07-14
2013-01-30,sz.002099,海翔药业,2.83245666,2.74080552,2.83245666,2.72334816,14910861,94223094.7,5.752568,-3.681,259203559.0,710426545.3108456,2026-07-14
2013-01-31,sz.002099,海翔药业,2.74080552,2.72334816,2.7495342,2.7058908,5998418,37407833.06,2.314173,-0.6369,259203525.0,705901442.874264,2026-07-14
2013-02-01,sz.002099,海翔药业,2.73644118,2.72334816,2.74516986,2.71025514,6063189,37986954.93,2.339161,0.0,259203578.0,705901587.2117165,2026-07-14
2013-02-04,sz.002099,海翔药业,2.73644118,2.7058908,2.74080552,2.6840691,5924945,36733345.45,2.285827,-0.641,259203562.0,701376533.7430296,2026-07-14
2013-02-05,sz.002099,海翔药业,2.68843344,2.73207684,2.73644118,2.67534042,3800709,23632450.35,1.466303,0.9677,259203521.0,708163936.5705537,2026-07-14
2013-02-06,sz.002099,海翔药业,2.72334816,2.76699156,2.7713559,2.72334816,6437307,40656215.25,2.483495,1.278,259203542.0,717214013.0361055,2026-07-14
2013-02-07,sz.002099,海翔药业,2.76699156,2.75826288,2.77572024,2.7277125,3450854,21752979.08,1.33133,-0.3155,259203503.0,714951400.6908687,2026-07-14
2013-02-08,sz.002099,海翔药业,2.7495342,2.8149993,2.8149993,2.7495342,6191077,39659265.99,2.3885,2.057,259203559.0,729657837.1425087,2026-07-14
2013-02-18,sz.002099,海翔药业,2.81063496,2.8586427,2.86300704,2.80627062,7724374,50228094.17,2.980042,1.5504,259203528.0,740970273.1314455,2026-07-14
2013-02-19,sz.002099,海翔药业,2.86300704,2.82372798,2.8804644,2.8149993,6700285,43587567.08,2.584951,-1.2214,259203559.0,731920342.0638808,2026-07-14
2013-02-20,sz.002099,海翔药业,2.82372798,3.10741008,3.10741008,2.80190628,24461693,167901855.57,9.437253,10.0464,259203531.0,805451665.0009925,2026-07-14
2013-02-21,sz.002099,海翔药业,3.1859682,3.28198368,3.40854954,3.11177442,65262261,488960840.54,25.177998,5.618,259203536.0,850701774.9502925,2026-07-14
2013-02-22,sz.002099,海翔药业,3.1859682,3.15978216,3.29944104,3.14668914,24790911,181616025.38,9.564264,-3.7234,259203541.0,819026724.6606286,2026-07-14
2013-02-25,sz.002099,海翔药业,3.15105348,3.17287518,3.23834028,3.13359612,14892575,108656099.17,5.745514,0.4144,259203528.0,822420440.559635,2026-07-14
2013-02-26,sz.002099,海翔药业,3.15105348,3.12923178,3.27761934,3.0332163,19230199,139088565.26,7.418957,-1.3755,259203538.0,811107948.5980376,2026-07-14
2013-02-27,sz.002099,海翔药业,3.11177442,2.99830158,3.15105348,2.9677512,17095606,119551934.25,6.595437,-4.1841,259203537.0,777170374.5286885,2026-07-14
2013-02-28,sz.002099,海翔药业,2.99393724,3.02885196,3.0332163,2.91974346,14909444,101512470.65,5.752022,1.0189,259203529.0,785089116.8505669,2026-07-14
2013-03-01,sz.002099,海翔药业,2.99830158,3.11613876,3.12923178,2.98084422,14682024,102867330.24,5.664284,2.8818,259203529.0,807714163.4456841,2026-07-14
2013-03-04,sz.002099,海翔药业,3.0986814,3.00266592,3.0986814,2.93283648,13075593,90711738.7,5.044527,-3.6415,259203549.0,778301662.9253501,2026-07-14
2013-03-05,sz.002099,海翔药业,2.98084422,3.1859682,3.19906122,2.98084422,19204841,137521753.73,7.409174,6.1047,259203536.0,825814223.0235552,2026-07-14
2013-03-06,sz.002099,海翔药业,3.1859682,3.20342556,3.29071236,3.1641465,19858416,146680355.0,7.661321,0.5479,259203550.0,830339277.312738,2026-07-14
2013-03-07,sz.002099,海翔药业,3.1859682,3.13359612,3.26452632,3.1205031,14418441,105250699.86,5.562594,-2.1798,259203548.0,812239232.3030337,2026-07-14
2013-03-08,sz.002099,海翔药业,3.1205031,3.08122404,3.17287518,3.06813102,7329770,52326865.02,2.827805,-1.6713,259203517.0,798664107.8329487,2026-07-14
2013-03-11,sz.002099,海翔药业,3.06813102,3.1205031,3.1423248,3.04630932,4989241,35536020.36,1.924835,1.2748,259203568.0,808845537.4750608,2026-07-14
2013-03-12,sz.002099,海翔药业,3.1205031,2.99830158,3.13796046,2.9459295,9764737,67666255.12,3.767208,-3.9161,259203553.0,777170422.5015137,2026-07-14
2013-03-13,sz.002099,海翔药业,2.97211554,2.92847214,2.99393724,2.8804644,6052759,40487670.77,2.335137,-2.329,259203593.0,759070500.688399,2026-07-14
2013-03-14,sz.002099,海翔药业,2.9022861,2.91974346,2.95902252,2.9022861,3448988,23172587.71,1.33061,-0.2981,259203523.0,756807791.0882095,2026-07-14
2013-03-15,sz.002099,海翔药业,2.91974346,2.96338686,3.02012328,2.91101478,6119918,41701948.48,2.361047,1.4948,259203565.0,768120438.5861559,2026-07-14
2013-03-18,sz.002099,海翔药业,2.97647988,2.92847214,3.03758064,2.9241078,5826972,39894120.0,2.248029,-1.1782,259203596.0,759070509.4738154,2026-07-14
2013-03-19,sz.002099,海翔药业,2.9022861,2.82809232,2.9459295,2.77572024,6468049,42112652.0,2.495355,-3.4277,259203560.0,733051597.3526592,2026-07-14
2013-03-20,sz.002099,海翔药业,2.79754194,2.93283648,2.95465818,2.78444892,6160752,40639440.0,2.376801,3.7037,259203526.0,760201556.7974285,2026-07-14
2013-03-21,sz.002099,海翔药业,2.9241078,2.96338686,2.98084422,2.89355742,5698650,38579056.0,2.198523,1.0417,259203565.0,768120438.5861559,2026-07-14
2013-03-22,sz.002099,海翔药业,2.96338686,2.93720082,2.98084422,2.91101478,4393944,29527808.0,1.695171,-0.8837,259203585.0,761332982.4089397,2026-07-14
2013-03-25,sz.002099,海翔药业,2.9459295,2.93720082,2.9677512,2.9022861,3433001,23027148.0,1.324442,0.0,259203574.0,761332950.0997307,2026-07-14
2013-03-26,sz.002099,海翔药业,2.94156516,3.06376668,3.08995272,2.92847214,12670683,87574416.0,4.888314,4.3091,259203541.0,794139172.2538139,2026-07-14
2013-03-27,sz.002099,海翔药业,3.05067366,3.08558838,3.11613876,3.01575894,9678190,68083224.0,3.733819,0.7123,259203513.0,799795347.7679789,2026-07-14
2013-03-28,sz.002099,海翔药业,3.06813102,3.11177442,3.1423248,2.9895729,11953439,84176424.0,4.611603,0.8487,259203557.0,806582998.245612,2026-07-14
2013-03-29,sz.002099,海翔药业,3.11177442,3.12923178,3.26452632,3.06376668,19336711,140309376.0,7.460049,0.561,259203539.0,811107951.7272694,2026-07-14
2013-04-01,sz.002099,海翔药业,3.16851084,3.10304574,3.19906122,3.06376668,9925430,70896664.0,3.829203,-0.8368,259203547.0,804320462.3112398,2026-07-14
2013-04-02,sz.002099,海翔药业,3.0768597,2.98084422,3.0986814,2.9677512,9907203,68515808.0,3.822171,-3.9381,259203552.0,772645409.7826694,2026-07-14
2013-04-03,sz.002099,海翔药业,2.95902252,3.0332163,3.0986814,2.95029384,9571681,66578656.0,3.692728,1.757,259203521.0,786220344.9145923,2026-07-14
2013-04-08,sz.002099,海翔药业,3.03758064,3.14668914,3.14668914,3.0113946,14945215,106414928.0,5.765822,3.741,259203545.0,815632980.1010013,2026-07-14
2013-04-09,sz.002099,海翔药业,3.15105348,3.03758064,3.1641465,3.03758064,10965849,77209640.0,4.230594,-3.4674,259203530.0,787351624.5476592,2026-07-14
2013-04-10,sz.002099,海翔药业,3.0332163,2.98520856,3.06376668,2.9459295,5764926,39565620.0,2.224092,-1.7241,259203576.0,773776733.8578105,2026-07-14
2013-04-11,sz.002099,海翔药业,2.96338686,2.90665044,3.02448762,2.9022861,5956356,40189048.0,2.297945,-2.6316,259203593.0,753414237.6430309,2026-07-14
2013-04-12,sz.002099,海翔药业,2.91101478,2.84991402,2.93283648,2.84118534,5161279,33914596.0,1.991207,-1.951946,259203538.0,738707796.9798027,2026-07-14
2013-04-15,sz.002099,海翔药业,2.8586427,2.86300704,2.89792176,2.836821,3038850,20006590.0,1.17238,0.4594,259203501.0,742101448.155647,2026-07-14
2013-04-16,sz.002099,海翔药业,2.83245666,2.76699156,2.83245666,2.68843344,5658930,35528484.0,2.183199,-3.353655,259203582.0,717214123.715768,2026-07-14
2013-04-17,sz.002099,海翔药业,2.7495342,2.74516986,2.7495342,2.69716212,4987594,31078172.0,1.9242,-0.7886,259203513.0,711557671.4937181,2026-07-14
2013-04-18,sz.002099,海翔药业,2.71898382,2.73207684,2.75389854,2.70152646,3327330,20811360.0,1.283675,-0.4769,259203459.0,708163767.1817895,2026-07-14
2013-04-19,sz.002099,海翔药业,2.73207684,2.78881326,2.7931776,2.73207684,4733084,30074198.0,1.826011,2.076671,259203477.0,722870093.695705,2026-07-14
2013-04-22,sz.002099,海翔药业,2.78881326,2.84554968,2.88482874,2.78881326,5188337,33816384.0,2.001646,2.0344,259203525.0,737576507.618622,2026-07-14
2013-04-23,sz.002099,海翔药业,2.84554968,2.71898382,2.8586427,2.7058908,4215681,26624820.0,1.626398,-4.4479,259203528.0,704770198.718917,2026-07-14
2013-04-24,sz.002099,海翔药业,2.71461948,2.75389854,2.77572024,2.71461948,2847929,17911344.0,1.098723,1.2841,259203548.0,713820272.4000199,2026-07-14
2013-04-25,sz.002099,海翔药业,2.7495342,2.69716212,2.78444892,2.69716212,3990106,24919888.0,1.539372,-2.0602,259203493.0,699113842.6912853,2026-07-14
2013-04-26,sz.002099,海翔药业,2.69279778,2.57059626,2.7277125,2.56623192,5811733,34831760.0,2.24215,-4.692556,259203577.0,666307745.614822,2026-07-14
2013-05-02,sz.002099,海翔药业,2.57059626,2.54877456,2.63606136,2.52258852,3308970,19457432.0,1.276591,-0.8489,259203613.0,660651574.6744853,2026-07-14
2013-05-03,sz.002099,海翔药业,2.55750324,2.5967823,2.60987532,2.55750324,2832352,16821522.0,1.092713,1.883556,259203652.0,673095455.6089597,2026-07-14
2013-05-06,sz.002099,海翔药业,2.60987532,2.63606136,2.6404257,2.58368928,3962522,23696294.0,1.52873,1.5126,259203522.0,683276388.7201098,2026-07-14
2013-05-07,sz.002099,海翔药业,2.62296834,2.61423966,2.62296834,2.59241796,3149195,18823334.0,1.214951,-0.8278,259203458.0,677619959.9127443,2026-07-14
2013-05-08,sz.002099,海翔药业,2.618604,2.73644118,2.74516986,2.60114664,7014945,42732008.0,2.706346,4.6745,259203553.0,709295276.4315125,2026-07-14
2013-05-09,sz.002099,海翔药业,2.7277125,2.69279778,2.7277125,2.6622474,4433779,27274448.0,1.71054,-1.5949,259203468.0,697982523.198701,2026-07-14
2013-05-10,sz.002099,海翔药业,2.6840691,2.70152646,2.71461948,2.67097608,3463624,21385204.0,1.336256,0.3241,259203626.0,700245454.166944,2026-07-14
2013-05-13,sz.002099,海翔药业,2.70152646,2.69716212,2.72334816,2.67097608,3305466,20443124.0,1.27524,-0.1616,259203444.0,699113710.5303414,2026-07-14
2013-05-14,sz.002099,海翔药业,2.69716212,2.63606136,2.69716212,2.618604,3065089,18566596.0,1.182503,-2.2654,259203486.0,683276293.821901,2026-07-14
2013-05-15,sz.002099,海翔药业,2.63606136,2.65351872,2.65788306,2.618604,2625431,15910302.0,1.012884,0.6623,259203522.0,687801397.9169319,2026-07-14
2013-05-16,sz.002099,海翔药业,2.65351872,2.69279778,2.7058908,2.62296834,3704854,22707776.0,1.429322,1.4803,259203594.0,697982862.4912213,2026-07-14
2013-05-17,sz.002099,海翔药业,2.69279778,2.72334816,2.73207684,2.66661174,5056080,31371722.0,1.950622,1.1345,259203475.0,705901306.706856,2026-07-14
2013-05-20,sz.002099,海翔药业,2.72334816,2.74080552,2.7495342,2.6840691,7199192,44832996.0,2.777428,0.641,259203551.0,710426523.3844014,2026-07-14
2013-05-21,sz.002099,海翔药业,2.73644118,2.77572024,2.80627062,2.71461948,6803946,42982996.0,2.624943,1.273884,259203571.0,719476598.304977,2026-07-14
2013-05-22,sz.002099,海翔药业,2.77572024,2.74080552,2.80190628,2.7277125,5493336,34772780.0,2.119314,-1.2579,259203497.0,710426375.3809034,2026-07-14
2013-05-23,sz.002099,海翔药业,2.74080552,2.71025514,2.75389854,2.7058908,4722161,29501980.0,1.821796,-1.1146,259203610.0,702507916.3090554,2026-07-14
2013-05-24,sz.002099,海翔药业,2.71898382,2.76262722,2.76699156,2.71898382,4371311,27474790.0,1.68644,1.9324,259203470.0,716082561.7404535,2026-07-14
2013-05-27,sz.002099,海翔药业,2.76262722,2.81063496,2.81936364,2.74516986,6112611,39065196.0,2.358228,1.7378,259203563.0,728526595.9243624,2026-07-14
2013-05-28,sz.002099,海翔药业,2.81063496,2.91537912,2.94156516,2.78444892,12254064,80477864.0,4.727584,3.7267,259203517.0,755676521.292365,2026-07-14
2013-05-29,sz.002099,海翔药业,2.91974346,2.91101478,2.97647988,2.88919308,8478461,56986672.0,3.270967,-0.1497,259203502.0,754545225.3497596,2026-07-14
2013-05-30,sz.002099,海翔药业,2.89792176,2.91537912,2.94156516,2.85427836,5470664,36330724.0,2.110567,0.1499,259203522.0,755676535.8692605,2026-07-14
2013-05-31,sz.002099,海翔药业,2.89792176,2.93720082,2.98520856,2.89792176,7893011,53404992.0,3.045102,0.748506,259203501.0,761332735.6840708,2026-07-14
2013-06-03,sz.002099,海翔药业,2.92847214,2.90665044,2.96338686,2.90665044,4668170,31411068.0,1.800967,-1.0401,259203528.0,753414048.7107522,2026-07-14
2013-06-04,sz.002099,海翔药业,2.9022861,2.76262722,2.90665044,2.72334816,6346484,40771972.0,2.448456,-4.955,259203514.0,716082683.2960511,2026-07-14
2013-06-05,sz.002099,海翔药业,2.75389854,2.73207684,2.7713559,2.7058908,3368724,21084566.0,1.299644,-1.1058,259203597.0,708164144.2083935,2026-07-14
2013-06-06,sz.002099,海翔药业,2.73207684,2.67970476,2.7495342,2.67970476,2864452,17822072.0,1.105098,-1.9169,259203437.0,694588683.9372602,2026-07-14
2013-06-07,sz.002099,海翔药业,2.67970476,2.63606136,2.70152646,2.61423966,2965128,18011756.0,1.143938,-1.6287,259203558.0,683276483.6183188,2026-07-14
2013-06-13,sz.002099,海翔药业,2.61423966,2.5531389,2.618604,2.51385984,3080866,17942952.0,1.188589,-3.1457,259203644.0,661782906.5181516,2026-07-14
2013-06-14,sz.002099,海翔药业,2.55750324,2.5749606,2.58805362,2.5313172,2816899,16556533.0,1.086752,0.8547,259203480.0,667438748.382888,2026-07-14
2013-06-17,sz.002099,海翔药业,2.56623192,2.59241796,2.62733268,2.56623192,2095046,12483233.0,0.808263,0.678,259203502.0,671963813.879696,2026-07-14
2013-06-18,sz.002099,海翔药业,2.61423966,2.56186758,2.61423966,2.54441022,2195613,12973041.0,0.847061,-1.1785,259203646.0,664045417.3051966,2026-07-14
2013-06-19,sz.002099,海翔药业,2.56186758,2.5967823,2.60551098,2.5313172,2398827,14157129.0,0.925461,1.3629,259203467.0,673094975.2042341,2026-07-14
2013-06-20,sz.002099,海翔药业,2.60114664,2.50513116,2.60114664,2.50076682,2252970,13202184.0,0.86919,-3.5294,259203396.0,649338504.0974194,2026-07-14
2013-06-21,sz.002099,海翔药业,2.49640248,2.4222087,2.49640248,2.3785653,2287254,12719928.0,0.882416,-3.3101,259203596.0,627845205.3024852,2026-07-14
2013-06-24,sz.002099,海翔药业,2.42657304,2.23454208,2.43530172,2.19089868,2385914,12633240.0,0.920479,-7.7477,259203523.0,579201179.4277478,2026-07-14
2013-06-25,sz.002099,海翔药业,2.23017774,2.25199944,2.2694568,2.01196074,4011125,19872764.0,1.547481,0.7813,259203506.0,583726150.3580366,2026-07-14
2013-06-26,sz.002099,海翔药业,2.2258134,2.27382114,2.27818548,2.19089868,2502176,12830396.0,0.965332,0.969,259203673.0,589382791.2330472,2026-07-14
2013-06-27,sz.002099,海翔药业,2.28254982,2.49203814,2.50076682,2.23454208,7431793,40207712.0,2.867165,9.5969,259203534.0,645945092.7507868,2026-07-14
2013-06-28,sz.002099,海翔药业,2.5531389,2.400387,2.60551098,2.39165832,14693593,84819240.0,5.668747,-3.6778,259203542.0,622188812.5707539,2026-07-14
2013-07-01,sz.002099,海翔药业,2.36983662,2.29564284,2.3785653,2.2694568,7059517,37343640.0,2.722229,-4.3636,259328550.0,595325729.015082,2026-07-14
2013-07-02,sz.002099,海翔药业,2.30437152,2.25636378,2.30437152,2.21708472,10760892,55386624.0,4.149521,-1.711,259328535.0,585139513.4944623,2026-07-14
2013-07-03,sz.002099,海翔药业,2.2476351,2.2039917,2.2476351,2.13416226,8158860,40865284.0,3.146148,-2.3211,259328550.0,571557971.773035,2026-07-14
2013-07-04,sz.002099,海翔药业,2.19089868,2.19526302,2.23454208,2.1603483,7061256,35603104.0,2.7229,-0.396,259328510.0,569294288.0347003,2026-07-14
2013-07-05,sz.002099,海翔药业,2.19526302,2.18217,2.21708472,2.17344132,5264261,26484308.0,2.029958,-0.5964,259328567.0,565899019.05039,2026-07-14
2013-07-08,sz.002099,海翔药业,2.15161962,2.04251112,2.15161962,2.04251112,6043620,28709448.0,2.330488,-6.4,259328518.0,529681381.7481201,2026-07-14
2013-07-09,sz.002099,海翔药业,2.04251112,2.04251112,2.06433282,2.02068942,3131294,14646314.0,1.207462,0.0,259328575.0,529681498.171254,2026-07-14
2013-07-10,sz.002099,海翔药业,2.04251112,2.08615452,2.1167049,2.0294181,5204426,24877720.0,2.006885,2.1368,259328561.0,540999449.6952457,2026-07-14
2013-07-11,sz.002099,海翔药业,2.0948832,2.15598396,2.18217,2.08615452,6274016,30789184.0,2.419331,3.3473,259328550.0,559108194.170058,2026-07-14
2013-07-12,sz.002099,海翔药业,2.15598396,2.19526302,2.19962736,2.1385266,9820039,49150012.0,3.786717,1.8219,259328569.0,569294417.5552183,2026-07-14
2013-07-15,sz.002099,海翔药业,2.19526302,2.2039917,2.22144906,2.1603483,6153027,30988096.0,2.372676,0.3976,259328581.0,571558040.0967777,2026-07-14
2013-07-16,sz.002099,海翔药业,2.2039917,2.22144906,2.22144906,2.17780566,4947684,24972984.0,1.907883,0.7921,259328481.0,576085010.3486779,2026-07-14
2013-07-17,sz.002099,海翔药业,2.22144906,2.18217,2.23890642,2.17780566,4714282,23868728.0,1.81788,-1.7682,259328559.0,565899001.5930301,2026-07-14
2013-07-18,sz.002099,海翔药业,2.16907698,2.17344132,2.19526302,2.15161962,3179863,15824195.0,1.226191,-0.4,259328522.0,563635325.1693289,2026-07-14
2013-07-19,sz.002099,海翔药业,2.18217,2.11234056,2.19962736,2.11234056,4004701,19871560.0,1.544258,-2.8112,259328493.0,547790094.127576,2026-07-14
2013-07-22,sz.002099,海翔药业,2.09924754,2.15161962,2.15598396,2.09051886,2474951,12078429.0,0.954369,1.8595,259328520.0,557976331.6575624,2026-07-14
2013-07-23,sz.002099,海翔药业,2.15598396,2.20835604,2.21708472,2.14725528,4348357,21865736.0,1.676775,2.6369,259328592.0,572689862.4878957,2026-07-14
2013-07-24,sz.002099,海翔药业,2.21708472,2.25199944,2.25636378,2.18217,7368529,37591144.0,2.841388,1.9763,259328504.0,584007645.7840378,2026-07-14
2013-07-25,sz.002099,海翔药业,2.25199944,2.19962736,2.25199944,2.19089868,4439994,22512176.0,1.712112,-2.3256,259328479.0,570426017.6355854,2026-07-14
2013-07-26,sz.002099,海翔药业,2.17344132,2.15598396,2.19962736,2.14289094,4408515,21897644.0,1.699973,-1.9841,259328531.0,559108153.2063627,2026-07-14
2013-07-29,sz.002099,海翔药业,2.17780566,2.15598396,2.22144906,2.14725528,4994672,25055472.0,1.926002,0.0,259328495.0,559108075.5909402,2026-07-14
2013-07-30,sz.002099,海翔药业,2.14725528,2.15161962,2.18217,2.12106924,2538907,12500268.0,0.979031,-0.2024,259328561.0,557976419.8739668,2026-07-14
2013-07-31,sz.002099,海翔药业,2.15161962,2.17344132,2.18217,2.15161962,2467990,12263839.0,0.951685,1.0142,259328454.0,563635177.3753192,2026-07-14
2013-08-01,sz.002099,海翔药业,2.2039917,2.22144906,2.22144906,2.17780566,5262898,26605116.0,2.029433,2.2088,259328492.0,576085034.7846175,2026-07-14
2013-08-02,sz.002099,海翔药业,2.22144906,2.22144906,2.23454208,2.20835604,5603563,28528086.0,2.160797,0.0,259328526.0,576085110.3138856,2026-07-14
2013-08-05,sz.002099,海翔药业,2.22144906,2.26509246,2.2694568,2.20835604,5665746,29237120.0,2.184775,1.9646,259328581.0,587403213.4855993,2026-07-14
2013-08-06,sz.002099,海翔药业,2.2694568,2.28254982,2.28691416,2.23454208,6701499,34755620.0,2.584173,0.7707,259328574.0,591930389.9045566,2026-07-14
2013-08-07,sz.002099,海翔药业,2.28254982,2.24327076,2.28691416,2.23454208,5190589,26881708.0,2.001549,-1.7208,259328600.0,581744265.611736,2026-07-14
2013-08-08,sz.002099,海翔药业,2.24327076,2.28691416,2.30873586,2.24327076,8211550,43068916.0,3.166466,1.9455,259328539.0,593062107.9312122,2026-07-14
2013-08-09,sz.002099,海翔药业,2.30873586,2.28691416,2.3131002,2.2476351,6346159,33198758.0,2.44715,0.0,259328566.0,593062169.6778945,2026-07-14
2013-08-12,sz.002099,海翔药业,2.2912785,2.32182888,2.32619322,2.27382114,5082517,26869732.0,1.959876,1.5267,259328498.0,602116396.0634222,2026-07-14
2013-08-13,sz.002099,海翔药业,2.32182888,2.36110794,2.36547228,2.30873586,6797884,36406240.0,2.62134,1.6917,259328588.0,612302788.1957887,2026-07-14
2013-08-14,sz.002099,海翔药业,2.35237926,2.32619322,2.36547228,2.31746454,6572258,35114800.0,2.534337,-1.4787,259328495.0,603248186.8218039,2026-07-14
2013-08-15,sz.002099,海翔药业,2.33055756,2.29564284,2.33928624,2.2912785,4627485,24507536.0,1.78441,-1.3133,259328574.0,595325784.1105102,2026-07-14
2013-08-16,sz.002099,海翔药业,2.3131002,2.2476351,2.32619322,2.2476351,5852352,30635190.0,2.256733,-2.0913,259328507.0,582875854.7637957,2026-07-14
2013-08-19,sz.002099,海翔药业,2.22144906,2.30000718,2.30437152,2.22144906,3729024,19350448.0,1.437954,2.3301,259328463.0,596457326.8783643,2026-07-14
2013-08-20,sz.002099,海翔药业,2.30873586,2.28254982,2.30873586,2.2694568,3487473,18297652.0,1.344809,-0.759,259328499.0,591930218.7133201,2026-07-14
2013-08-21,sz.002099,海翔药业,2.30000718,2.3567436,2.36983662,2.27818548,6131294,32701880.0,2.364296,3.2505,259328527.0,611170846.3046772,2026-07-14
2013-08-22,sz.002099,海翔药业,2.34801492,2.31746454,2.35237926,2.30873586,4875913,26022430.0,1.880207,-1.6667,259328521.0,600984651.6281453,2026-07-14
2013-08-23,sz.002099,海翔药业,2.32182888,2.27382114,2.33055756,2.24327076,4691560,24617754.0,1.809118,-1.8832,259328579.0,589666805.13636,2026-07-14
2013-08-26,sz.002099,海翔药业,2.2694568,2.33928624,2.36110794,2.26509246,5282858,28088720.0,2.037129,2.8791,259328594.0,606643811.5827465,2026-07-14
2013-08-27,sz.002099,海翔药业,2.33055756,2.38292964,2.39165832,2.30873586,6325410,34211248.0,2.439149,1.8657,259328561.0,617961714.505448,2026-07-14
2013-08-28,sz.002099,海翔药业,2.36547228,2.41784436,2.43093738,2.33055756,9100712,49803152.0,3.509337,1.4652,259328528.0,627016018.8119022,2026-07-14
2013-08-29,sz.002099,海翔药业,2.4222087,2.36547228,2.43966606,2.3349219,5773792,31459716.0,2.226439,-2.1661,259328551.0,613434498.8030663,2026-07-14
2013-08-30,sz.002099,海翔药业,2.36983662,2.33055756,2.39165832,2.33055756,5856044,31639136.0,2.258156,-1.476,259328585.0,604380194.2958525,2026-07-14
2013-09-02,sz.002099,海翔药业,2.32182888,2.37420096,2.38292964,2.2912785,4657768,24818524.0,1.796088,1.8727,259328496.0,615697964.1585562,2026-07-14
2013-09-03,sz.002099,海翔药业,2.40911568,2.3785653,2.43530172,2.35237926,9082891,49582072.0,3.502465,0.1838,259328530.0,616829842.758009,2026-07-14
2013-09-04,sz.002099,海翔药业,2.3567436,2.34365058,2.37420096,2.32619322,5746056,30845086.0,2.215744,-1.4679,259328514.0,607775422.2466381,2026-07-14
2013-09-05,sz.002099,海翔药业,2.34365058,2.34801492,2.36983662,2.33055756,4429184,23800708.0,1.707943,0.1862,259328561.0,608907330.41013,2026-07-14
2013-09-06,sz.002099,海翔药业,2.34801492,2.34365058,2.3567436,2.32182888,3336893,17890032.0,1.286743,-0.1859,259328631.0,607775696.453756,2026-07-14
2013-09-09,sz.002099,海翔药业,2.34365058,2.33928624,2.3567436,2.32182888,7382041,39554400.0,2.846598,-0.1862,259328539.0,606643682.9220033,2026-07-14
2013-09-10,sz.002099,海翔药业,2.34365058,2.35237926,2.35237926,2.32619322,8185548,43877580.0,3.156439,0.5597,259328566.0,610039140.1839412,2026-07-14
2013-09-11,sz.002099,海翔药业,2.34365058,2.39165832,2.39602266,2.33055756,10804350,58310178.0,4.166279,1.6698,259328528.0,620225231.604553,2026-07-14
2013-09-12,sz.002099,海翔药业,2.3785653,2.38292964,2.41348002,2.36983662,6351075,34800222.0,2.449046,-0.365,259328530.0,617961640.6346291,2026-07-14
2013-09-13,sz.002099,海翔药业,2.3785653,2.39602266,2.41784436,2.37420096,5389632,29534711.0,2.078303,0.5495,259328500.0,621356962.3838099,2026-07-14
2013-09-16,sz.002099,海翔药业,2.41348002,2.36983662,2.41784436,2.36110794,3868946,21111584.0,1.491909,-1.0929,259328552.0,614566299.1411742,2026-07-14
2013-09-17,sz.002099,海翔药业,2.3567436,2.2912785,2.3785653,2.28691416,4692508,25119814.0,1.809484,-3.3149,259328516.0,594193853.147706,2026-07-14
2013-09-18,sz.002099,海翔药业,2.28691416,2.31746454,2.32619322,2.27818548,2811482,14814038.0,1.084139,1.1429,259328555.0,600984730.4219397,2026-07-14
2013-09-23,sz.002099,海翔药业,2.32182888,2.35237926,2.35237926,2.30873586,3194445,17091632.0,1.231814,1.5066,259328519.0,610039029.622116,2026-07-14
2013-09-24,sz.002099,海翔药业,2.36110794,2.34365058,2.36110794,2.32182888,3302064,17683089.0,1.273313,-0.3711,259328539.0,607775480.8379025,2026-07-14
2013-09-25,sz.002099,海翔药业,2.33928624,2.37420096,2.39165832,2.3349219,5183006,28130922.0,1.998625,1.3035,259328588.0,615698182.5850445,2026-07-14
2013-09-26,sz.002099,海翔药业,2.3785653,2.40475134,2.47458078,2.37420096,14310768,79487550.0,5.518393,1.2868,259328540.0,623620654.0652436,2026-07-14
2013-09-27,sz.002099,海翔药业,2.40475134,2.64479004,2.64479004,2.40475134,33334445,196726550.0,12.854137,9.9819,259328534.0,685869523.8110014,2026-07-14
2013-09-30,sz.002099,海翔药业,2.69716212,2.618604,2.70152646,2.58368928,16639964,100248959.0,6.416557,-0.9901,259328546.0,679078767.869784,2026-07-14
2013-10-08,sz.002099,海翔药业,2.5531389,2.78444892,2.836821,2.5531389,18588886,115656584.0,7.168083,6.3333,259328554.0,722087112.1104617,2026-07-14
2013-10-09,sz.002099,海翔药业,2.78008458,2.78881326,2.836821,2.71898382,11746311,75117228.0,4.52951,0.1567,259328515.0,723218801.3281089,2026-07-14
2013-10-10,sz.002099,海翔药业,2.78881326,2.7495342,2.79754194,2.69279778,9618805,60582425.0,3.709119,-1.4085,259328563.0,713032753.0053545,2026-07-14
2013-10-11,sz.002099,海翔药业,2.76262722,2.74080552,2.76699156,2.69716212,7791535,48658131.0,3.004503,-0.3175,259328581.0,710769206.298567,2026-07-14
2013-10-14,sz.002099,海翔药业,2.74080552,2.74516986,2.81063496,2.73207684,8061610,51194223.0,3.108647,0.1592,259328576.0,711900990.6719193,2026-07-14
2013-10-15,sz.002099,海翔药业,2.7713559,2.91974346,3.0113946,2.74516986,18189316,119820599.0,7.014005,6.3593,259328529.0,757172776.5391703,2026-07-14
2013-10-16,sz.002099,海翔药业,2.91974346,2.91974346,2.91974346,2.91974346,0,0.0,0.0,0.0,259328529.0,757172776.5391703,2026-07-14
2013-10-17,sz.002099,海翔药业,2.91974346,2.91974346,2.91974346,2.91974346,0,0.0,0.0,0.0,259328529.0,757172776.5391703,2026-07-14
2013-10-18,sz.002099,海翔药业,2.91974346,2.91974346,2.91974346,2.91974346,0,0.0,0.0,0.0,259328529.0,757172776.5391703,2026-07-14
2013-10-21,sz.002099,海翔药业,2.91974346,2.91974346,2.91974346,2.91974346,0,0.0,0.0,0.0,259328529.0,757172776.5391703,2026-07-14
2013-10-22,sz.002099,海翔药业,2.91974346,2.91974346,2.91974346,2.91974346,0,0.0,0.0,0.0,259328529.0,757172776.5391703,2026-07-14
2013-10-23,sz.002099,海翔药业,2.91974346,2.91974346,2.91974346,2.91974346,0,0.0,0.0,0.0,259328529.0,757172776.5391703,2026-07-14
2013-10-24,sz.002099,海翔药业,2.91974346,2.91974346,2.91974346,2.91974346,0,0.0,0.0,0.0,259328529.0,757172776.5391703,2026-07-14
2013-10-25,sz.002099,海翔药业,2.91974346,2.91974346,2.91974346,2.91974346,0,0.0,0.0,0.0,259328529.0,757172776.5391703,2026-07-14
2013-10-28,sz.002099,海翔药业,2.91974346,2.91974346,2.91974346,2.91974346,0,0.0,0.0,0.0,259328529.0,757172776.5391703,2026-07-14
2013-10-29,sz.002099,海翔药业,2.91974346,2.91974346,2.91974346,2.91974346,0,0.0,0.0,0.0,259328529.0,757172776.5391703,2026-07-14
2013-10-30,sz.002099,海翔药业,2.91974346,2.91974346,2.91974346,2.91974346,0,0.0,0.0,0.0,259328529.0,757172776.5391703,2026-07-14
2013-10-31,sz.002099,海翔药业,2.91974346,2.91974346,2.91974346,2.91974346,0,0.0,0.0,0.0,259328529.0,757172776.5391703,2026-07-14
2013-11-01,sz.002099,海翔药业,2.91974346,2.91974346,2.91974346,2.91974346,0,0.0,0.0,0.0,259328529.0,757172776.5391703,2026-07-14
2013-11-04,sz.002099,海翔药业,2.91974346,2.91974346,2.91974346,2.91974346,0,0.0,0.0,0.0,259328529.0,757172776.5391703,2026-07-14
2013-11-05,sz.002099,海翔药业,2.91974346,2.91974346,2.91974346,2.91974346,0,0.0,0.0,0.0,259328529.0,757172776.5391703,2026-07-14
2013-11-06,sz.002099,海翔药业,2.91974346,2.91974346,2.91974346,2.91974346,0,0.0,0.0,0.0,259328529.0,757172776.5391703,2026-07-14
2013-11-07,sz.002099,海翔药业,2.91974346,2.91974346,2.91974346,2.91974346,0,0.0,0.0,0.0,259328529.0,757172776.5391703,2026-07-14
2013-11-08,sz.002099,海翔药业,2.91974346,2.91974346,2.91974346,2.91974346,0,0.0,0.0,0.0,259328529.0,757172776.5391703,2026-07-14
2013-11-11,sz.002099,海翔药业,2.91974346,2.91974346,2.91974346,2.91974346,0,0.0,0.0,0.0,259328529.0,757172776.5391703,2026-07-14
2013-11-12,sz.002099,海翔药业,2.91974346,2.91974346,2.91974346,2.91974346,0,0.0,0.0,0.0,259328529.0,757172776.5391703,2026-07-14
2013-11-13,sz.002099,海翔药业,2.91974346,2.91974346,2.91974346,2.91974346,0,0.0,0.0,0.0,259328529.0,757172776.5391703,2026-07-14
2013-11-14,sz.002099,海翔药业,2.91974346,2.91974346,2.91974346,2.91974346,0,0.0,0.0,0.0,259328529.0,757172776.5391703,2026-07-14
2013-11-15,sz.002099,海翔药业,2.91974346,2.91974346,2.91974346,2.91974346,0,0.0,0.0,0.0,259328529.0,757172776.5391703,2026-07-14
2013-11-18,sz.002099,海翔药业,2.91974346,2.91974346,2.91974346,2.91974346,0,0.0,0.0,0.0,259328529.0,757172776.5391703,2026-07-14
2013-11-19,sz.002099,海翔药业,2.91974346,2.91974346,2.91974346,2.91974346,0,0.0,0.0,0.0,259328529.0,757172776.5391703,2026-07-14
2013-11-20,sz.002099,海翔药业,2.91974346,2.91974346,2.91974346,2.91974346,0,0.0,0.0,0.0,259328529.0,757172776.5391703,2026-07-14
2013-11-21,sz.002099,海翔药业,2.91974346,2.91974346,2.91974346,2.91974346,0,0.0,0.0,0.0,259328529.0,757172776.5391703,2026-07-14
2013-11-22,sz.002099,海翔药业,2.91974346,2.91974346,2.91974346,2.91974346,0,0.0,0.0,0.0,259328529.0,757172776.5391703,2026-07-14
2013-11-25,sz.002099,海翔药业,2.91974346,2.91974346,2.91974346,2.91974346,0,0.0,0.0,0.0,259328529.0,757172776.5391703,2026-07-14
2013-11-26,sz.002099,海翔药业,2.91974346,2.91974346,2.91974346,2.91974346,0,0.0,0.0,0.0,259328529.0,757172776.5391703,2026-07-14
2013-11-27,sz.002099,海翔药业,2.91974346,2.91974346,2.91974346,2.91974346,0,0.0,0.0,0.0,259328529.0,757172776.5391703,2026-07-14
2013-11-28,sz.002099,海翔药业,2.91974346,2.91974346,2.91974346,2.91974346,0,0.0,0.0,0.0,259328529.0,757172776.5391703,2026-07-14
2013-11-29,sz.002099,海翔药业,2.91974346,2.91974346,2.91974346,2.91974346,0,0.0,0.0,0.0,259328529.0,757172776.5391703,2026-07-14
2013-12-02,sz.002099,海翔药业,2.91974346,2.91974346,2.91974346,2.91974346,0,0.0,0.0,0.0,259328529.0,757172776.5391703,2026-07-14
2013-12-03,sz.002099,海翔药业,2.91974346,2.91974346,2.91974346,2.91974346,0,0.0,0.0,0.0,259328529.0,757172776.5391703,2026-07-14
2013-12-04,sz.002099,海翔药业,2.91974346,2.91974346,2.91974346,2.91974346,0,0.0,0.0,0.0,259328529.0,757172776.5391703,2026-07-14
2013-12-05,sz.002099,海翔药业,2.91974346,2.91974346,2.91974346,2.91974346,0,0.0,0.0,0.0,259328529.0,757172776.5391703,2026-07-14
2013-12-06,sz.002099,海翔药业,2.91974346,2.91974346,2.91974346,2.91974346,0,0.0,0.0,0.0,259328529.0,757172776.5391703,2026-07-14
2013-12-09,sz.002099,海翔药业,2.91974346,2.91974346,2.91974346,2.91974346,0,0.0,0.0,0.0,259328529.0,757172776.5391703,2026-07-14
2013-12-10,sz.002099,海翔药业,2.91974346,2.91974346,2.91974346,2.91974346,0,0.0,0.0,0.0,259328529.0,757172776.5391703,2026-07-14
2013-12-11,sz.002099,海翔药业,2.91974346,2.91974346,2.91974346,2.91974346,0,0.0,0.0,0.0,259328529.0,757172776.5391703,2026-07-14
2013-12-12,sz.002099,海翔药业,2.91974346,2.91974346,2.91974346,2.91974346,0,0.0,0.0,0.0,259328529.0,757172776.5391703,2026-07-14
2013-12-13,sz.002099,海翔药业,2.91974346,2.91974346,2.91974346,2.91974346,0,0.0,0.0,0.0,259328529.0,757172776.5391703,2026-07-14
2013-12-16,sz.002099,海翔药业,2.91974346,2.91974346,2.91974346,2.91974346,0,0.0,0.0,0.0,259328529.0,757172776.5391703,2026-07-14
2013-12-17,sz.002099,海翔药业,2.91974346,2.91974346,2.91974346,2.91974346,0,0.0,0.0,0.0,259328529.0,757172776.5391703,2026-07-14
2013-12-18,sz.002099,海翔药业,2.91974346,2.91974346,2.91974346,2.91974346,0,0.0,0.0,0.0,259328529.0,757172776.5391703,2026-07-14
2013-12-19,sz.002099,海翔药业,2.91974346,2.91974346,2.91974346,2.91974346,0,0.0,0.0,0.0,259328529.0,757172776.5391703,2026-07-14
2013-12-20,sz.002099,海翔药业,2.91974346,2.91974346,2.91974346,2.91974346,0,0.0,0.0,0.0,259328529.0,757172776.5391703,2026-07-14
2013-12-23,sz.002099,海翔药业,2.91974346,2.91974346,2.91974346,2.91974346,0,0.0,0.0,0.0,259328529.0,757172776.5391703,2026-07-14
2013-12-24,sz.002099,海翔药业,2.91974346,2.91974346,2.91974346,2.91974346,0,0.0,0.0,0.0,259328529.0,757172776.5391703,2026-07-14
2013-12-25,sz.002099,海翔药业,2.91974346,2.91974346,2.91974346,2.91974346,0,0.0,0.0,0.0,259328529.0,757172776.5391703,2026-07-14
2013-12-26,sz.002099,海翔药业,2.91974346,2.91974346,2.91974346,2.91974346,0,0.0,0.0,0.0,259328529.0,757172776.5391703,2026-07-14
2013-12-27,sz.002099,海翔药业,2.91974346,2.91974346,2.91974346,2.91974346,0,0.0,0.0,0.0,259328529.0,757172776.5391703,2026-07-14
2013-12-30,sz.002099,海翔药业,2.91974346,2.91974346,2.91974346,2.91974346,0,0.0,0.0,0.0,259328529.0,757172776.5391703,2026-07-14
2013-12-31,sz.002099,海翔药业,2.91974346,2.91974346,2.91974346,2.91974346,0,0.0,0.0,0.0,259328529.0,757172776.5391703,2026-07-14
2014-01-02,sz.002099,海翔药业,2.91974346,2.91974346,2.91974346,2.91974346,0,0.0,0.0,0.0,259328529.0,757172776.5391703,2026-07-14
2014-01-03,sz.002099,海翔药业,2.91974346,2.91974346,2.91974346,2.91974346,0,0.0,0.0,0.0,259328529.0,757172776.5391703,2026-07-14
2014-01-06,sz.002099,海翔药业,2.91974346,2.91974346,2.91974346,2.91974346,0,0.0,0.0,0.0,259328529.0,757172776.5391703,2026-07-14
2014-01-07,sz.002099,海翔药业,2.91974346,2.91974346,2.91974346,2.91974346,0,0.0,0.0,0.0,259328529.0,757172776.5391703,2026-07-14
2014-01-08,sz.002099,海翔药业,2.91974346,2.91974346,2.91974346,2.91974346,0,0.0,0.0,0.0,259328529.0,757172776.5391703,2026-07-14
2014-01-09,sz.002099,海翔药业,2.91974346,2.91974346,2.91974346,2.91974346,0,0.0,0.0,0.0,259328529.0,757172776.5391703,2026-07-14
2014-01-10,sz.002099,海翔药业,2.91974346,2.91974346,2.91974346,2.91974346,0,0.0,0.0,0.0,259328529.0,757172776.5391703,2026-07-14
2014-01-13,sz.002099,海翔药业,2.91974346,2.91974346,2.91974346,2.91974346,0,0.0,0.0,0.0,259328529.0,757172776.5391703,2026-07-14
2014-01-14,sz.002099,海翔药业,2.91974346,2.91974346,2.91974346,2.91974346,0,0.0,0.0,0.0,259328529.0,757172776.5391703,2026-07-14
2014-01-15,sz.002099,海翔药业,2.91974346,2.91974346,2.91974346,2.91974346,0,0.0,0.0,0.0,259328529.0,757172776.5391703,2026-07-14
2014-01-16,sz.002099,海翔药业,2.91974346,2.91974346,2.91974346,2.91974346,0,0.0,0.0,0.0,259328529.0,757172776.5391703,2026-07-14
2014-01-17,sz.002099,海翔药业,2.91974346,2.91974346,2.91974346,2.91974346,0,0.0,0.0,0.0,259328529.0,757172776.5391703,2026-07-14
2014-01-20,sz.002099,海翔药业,2.91974346,2.91974346,2.91974346,2.91974346,0,0.0,0.0,0.0,259328529.0,757172776.5391703,2026-07-14
2014-01-21,sz.002099,海翔药业,2.91974346,2.91974346,2.91974346,2.91974346,0,0.0,0.0,0.0,259328529.0,757172776.5391703,2026-07-14
2014-01-22,sz.002099,海翔药业,2.91974346,2.91974346,2.91974346,2.91974346,0,0.0,0.0,0.0,259328529.0,757172776.5391703,2026-07-14
2014-01-23,sz.002099,海翔药业,2.91974346,2.91974346,2.91974346,2.91974346,0,0.0,0.0,0.0,259328529.0,757172776.5391703,2026-07-14
2014-01-24,sz.002099,海翔药业,2.91974346,2.91974346,2.91974346,2.91974346,0,0.0,0.0,0.0,259328529.0,757172776.5391703,2026-07-14
2014-01-27,sz.002099,海翔药业,2.91974346,2.91974346,2.91974346,2.91974346,0,0.0,0.0,0.0,259328529.0,757172776.5391703,2026-07-14
2014-01-28,sz.002099,海翔药业,2.91974346,2.91974346,2.91974346,2.91974346,0,0.0,0.0,0.0,259328529.0,757172776.5391703,2026-07-14
2014-01-29,sz.002099,海翔药业,2.91974346,2.91974346,2.91974346,2.91974346,0,0.0,0.0,0.0,259328529.0,757172776.5391703,2026-07-14
2014-01-30,sz.002099,海翔药业,2.91974346,2.91974346,2.91974346,2.91974346,0,0.0,0.0,0.0,259328529.0,757172776.5391703,2026-07-14
2014-02-07,sz.002099,海翔药业,2.91974346,2.91974346,2.91974346,2.91974346,0,0.0,0.0,0.0,259328529.0,757172776.5391703,2026-07-14
2014-02-10,sz.002099,海翔药业,2.91974346,2.91974346,2.91974346,2.91974346,0,0.0,0.0,0.0,259328529.0,757172776.5391703,2026-07-14
2014-02-11,sz.002099,海翔药业,2.91974346,2.91974346,2.91974346,2.91974346,0,0.0,0.0,0.0,259328529.0,757172776.5391703,2026-07-14
2014-02-12,sz.002099,海翔药业,2.91974346,2.91974346,2.91974346,2.91974346,0,0.0,0.0,0.0,259328529.0,757172776.5391703,2026-07-14
2014-02-13,sz.002099,海翔药业,2.91974346,2.91974346,2.91974346,2.91974346,0,0.0,0.0,0.0,259328529.0,757172776.5391703,2026-07-14
2014-02-14,sz.002099,海翔药业,2.91974346,2.91974346,2.91974346,2.91974346,0,0.0,0.0,0.0,259328529.0,757172776.5391703,2026-07-14
2014-02-17,sz.002099,海翔药业,2.91974346,2.91974346,2.91974346,2.91974346,0,0.0,0.0,0.0,259328529.0,757172776.5391703,2026-07-14
2014-02-18,sz.002099,海翔药业,2.91974346,2.91974346,2.91974346,2.91974346,0,0.0,0.0,0.0,259328529.0,757172776.5391703,2026-07-14
2014-02-19,sz.002099,海翔药业,2.91974346,2.91974346,2.91974346,2.91974346,0,0.0,0.0,0.0,259328529.0,757172776.5391703,2026-07-14
2014-02-20,sz.002099,海翔药业,2.91974346,2.91974346,2.91974346,2.91974346,0,0.0,0.0,0.0,259328529.0,757172776.5391703,2026-07-14
2014-02-21,sz.002099,海翔药业,2.91974346,2.91974346,2.91974346,2.91974346,0,0.0,0.0,0.0,259328529.0,757172776.5391703,2026-07-14
2014-02-24,sz.002099,海翔药业,2.91974346,2.91974346,2.91974346,2.91974346,0,0.0,0.0,0.0,259328529.0,757172776.5391703,2026-07-14
2014-02-25,sz.002099,海翔药业,2.91974346,2.91974346,2.91974346,2.91974346,0,0.0,0.0,0.0,259328529.0,757172776.5391703,2026-07-14
2014-02-26,sz.002099,海翔药业,2.91974346,2.91974346,2.91974346,2.91974346,0,0.0,0.0,0.0,259328529.0,757172776.5391703,2026-07-14
2014-02-27,sz.002099,海翔药业,2.91974346,2.91974346,2.91974346,2.91974346,0,0.0,0.0,0.0,259328529.0,757172776.5391703,2026-07-14
2014-02-28,sz.002099,海翔药业,2.91974346,2.91974346,2.91974346,2.91974346,0,0.0,0.0,0.0,259328529.0,757172776.5391703,2026-07-14
2014-03-03,sz.002099,海翔药业,2.91974346,2.91974346,2.91974346,2.91974346,0,0.0,0.0,0.0,259328529.0,757172776.5391703,2026-07-14
2014-03-04,sz.002099,海翔药业,2.91974346,2.91974346,2.91974346,2.91974346,0,0.0,0.0,0.0,259328529.0,757172776.5391703,2026-07-14
2014-03-05,sz.002099,海翔药业,2.91974346,2.91974346,2.91974346,2.91974346,0,0.0,0.0,0.0,259328529.0,757172776.5391703,2026-07-14
2014-03-06,sz.002099,海翔药业,2.91974346,2.91974346,2.91974346,2.91974346,0,0.0,0.0,0.0,259328529.0,757172776.5391703,2026-07-14
2014-03-07,sz.002099,海翔药业,2.91974346,2.91974346,2.91974346,2.91974346,0,0.0,0.0,0.0,259328529.0,757172776.5391703,2026-07-14
2014-03-10,sz.002099,海翔药业,2.91974346,2.91974346,2.91974346,2.91974346,0,0.0,0.0,0.0,259328529.0,757172776.5391703,2026-07-14
2014-03-11,sz.002099,海翔药业,2.91974346,2.91974346,2.91974346,2.91974346,0,0.0,0.0,0.0,259328529.0,757172776.5391703,2026-07-14
2014-03-12,sz.002099,海翔药业,2.91974346,2.91974346,2.91974346,2.91974346,0,0.0,0.0,0.0,259328529.0,757172776.5391703,2026-07-14
2014-03-13,sz.002099,海翔药业,2.91974346,2.91974346,2.91974346,2.91974346,0,0.0,0.0,0.0,259328529.0,757172776.5391703,2026-07-14
2014-03-14,sz.002099,海翔药业,2.91974346,2.91974346,2.91974346,2.91974346,0,0.0,0.0,0.0,259328529.0,757172776.5391703,2026-07-14
2014-03-17,sz.002099,海翔药业,2.91974346,2.91974346,2.91974346,2.91974346,0,0.0,0.0,0.0,259328529.0,757172776.5391703,2026-07-14
2014-03-18,sz.002099,海翔药业,2.91974346,2.91974346,2.91974346,2.91974346,0,0.0,0.0,0.0,259328529.0,757172776.5391703,2026-07-14
2014-03-19,sz.002099,海翔药业,2.91974346,2.91974346,2.91974346,2.91974346,0,0.0,0.0,0.0,259328529.0,757172776.5391703,2026-07-14
2014-03-20,sz.002099,海翔药业,2.91974346,2.91974346,2.91974346,2.91974346,0,0.0,0.0,0.0,259328529.0,757172776.5391703,2026-07-14
2014-03-21,sz.002099,海翔药业,2.91974346,2.91974346,2.91974346,2.91974346,0,0.0,0.0,0.0,259328529.0,757172776.5391703,2026-07-14
2014-03-24,sz.002099,海翔药业,2.91974346,2.91974346,2.91974346,2.91974346,0,0.0,0.0,0.0,259328529.0,757172776.5391703,2026-07-14
2014-03-25,sz.002099,海翔药业,2.91974346,2.91974346,2.91974346,2.91974346,0,0.0,0.0,0.0,259328529.0,757172776.5391703,2026-07-14
2014-03-26,sz.002099,海翔药业,2.91974346,2.91974346,2.91974346,2.91974346,0,0.0,0.0,0.0,259328529.0,757172776.5391703,2026-07-14
2014-03-27,sz.002099,海翔药业,2.91974346,2.91974346,2.91974346,2.91974346,0,0.0,0.0,0.0,259328529.0,757172776.5391703,2026-07-14
2014-03-28,sz.002099,海翔药业,2.91974346,2.91974346,2.91974346,2.91974346,0,0.0,0.0,0.0,259328529.0,757172776.5391703,2026-07-14
2014-03-31,sz.002099,海翔药业,2.91974346,2.91974346,2.91974346,2.91974346,0,0.0,0.0,0.0,259328529.0,757172776.5391703,2026-07-14
2014-04-01,sz.002099,海翔药业,2.91974346,2.91974346,2.91974346,2.91974346,0,0.0,0.0,0.0,259328529.0,757172776.5391703,2026-07-14
2014-04-02,sz.002099,海翔药业,2.91974346,2.91974346,2.91974346,2.91974346,0,0.0,0.0,0.0,259328529.0,757172776.5391703,2026-07-14
2014-04-03,sz.002099,海翔药业,2.91974346,2.91974346,2.91974346,2.91974346,0,0.0,0.0,0.0,259328529.0,757172776.5391703,2026-07-14
2014-04-04,sz.002099,海翔药业,2.91974346,2.91974346,2.91974346,2.91974346,0,0.0,0.0,0.0,259328529.0,757172776.5391703,2026-07-14
2014-04-08,sz.002099,海翔药业,2.91974346,2.91974346,2.91974346,2.91974346,0,0.0,0.0,0.0,259328529.0,757172776.5391703,2026-07-14
2014-04-09,sz.002099,海翔药业,2.91974346,2.91974346,2.91974346,2.91974346,0,0.0,0.0,0.0,259328529.0,757172776.5391703,2026-07-14
2014-04-10,sz.002099,海翔药业,2.91974346,2.91974346,2.91974346,2.91974346,0,0.0,0.0,0.0,259328529.0,757172776.5391703,2026-07-14
2014-04-11,sz.002099,海翔药业,2.91974346,2.91974346,2.91974346,2.91974346,0,0.0,0.0,0.0,259328529.0,757172776.5391703,2026-07-14
2014-04-14,sz.002099,海翔药业,2.91974346,2.91974346,2.91974346,2.91974346,0,0.0,0.0,0.0,259328529.0,757172776.5391703,2026-07-14
2014-04-15,sz.002099,海翔药业,2.91974346,2.91974346,2.91974346,2.91974346,0,0.0,0.0,0.0,259328529.0,757172776.5391703,2026-07-14
2014-04-16,sz.002099,海翔药业,2.91974346,2.91974346,2.91974346,2.91974346,0,0.0,0.0,0.0,259328529.0,757172776.5391703,2026-07-14
2014-04-17,sz.002099,海翔药业,2.91974346,2.91974346,2.91974346,2.91974346,0,0.0,0.0,0.0,259328529.0,757172776.5391703,2026-07-14
2014-04-18,sz.002099,海翔药业,2.91974346,2.91974346,2.91974346,2.91974346,0,0.0,0.0,0.0,259328529.0,757172776.5391703,2026-07-14
2014-04-21,sz.002099,海翔药业,2.91974346,2.91974346,2.91974346,2.91974346,0,0.0,0.0,0.0,259328529.0,757172776.5391703,2026-07-14
2014-04-22,sz.002099,海翔药业,2.91974346,2.91974346,2.91974346,2.91974346,0,0.0,0.0,0.0,259328529.0,757172776.5391703,2026-07-14
2014-04-23,sz.002099,海翔药业,2.91974346,2.91974346,2.91974346,2.91974346,0,0.0,0.0,0.0,259328529.0,757172776.5391703,2026-07-14
2014-04-24,sz.002099,海翔药业,2.91974346,2.91974346,2.91974346,2.91974346,0,0.0,0.0,0.0,259328529.0,757172776.5391703,2026-07-14
2014-04-25,sz.002099,海翔药业,2.91974346,2.91974346,2.91974346,2.91974346,0,0.0,0.0,0.0,259328529.0,757172776.5391703,2026-07-14
2014-04-28,sz.002099,海翔药业,2.91974346,2.91974346,2.91974346,2.91974346,0,0.0,0.0,0.0,259328529.0,757172776.5391703,2026-07-14
2014-04-29,sz.002099,海翔药业,2.91974346,2.91974346,2.91974346,2.91974346,0,0.0,0.0,0.0,259328529.0,757172776.5391703,2026-07-14
2014-04-30,sz.002099,海翔药业,2.91974346,2.91974346,2.91974346,2.91974346,0,0.0,0.0,0.0,259328529.0,757172776.5391703,2026-07-14
2014-05-05,sz.002099,海翔药业,2.91974346,2.91974346,2.91974346,2.91974346,0,0.0,0.0,0.0,259328529.0,757172776.5391703,2026-07-14
2014-05-06,sz.002099,海翔药业,3.21215424,3.21215424,3.21215424,3.0986814,22651471,166480025.0,8.734409,10.0149,259336047.0,833027382.9558892,2026-07-14
2014-05-07,sz.002099,海翔药业,3.33435576,3.39545652,3.5351154,3.22088292,55122705,430027728.0,21.25532,5.7065,259336039.0,880564244.4935243,2026-07-14
2014-05-08,sz.002099,海翔药业,3.29944104,3.19469688,3.3823635,3.19469688,33412125,249023130.0,12.883718,-5.9126,259336047.0,828500060.2224333,2026-07-14
2014-05-09,sz.002099,海翔药业,3.19469688,3.19469688,3.19469688,3.19469688,0,0.0,0.0,0.0,259336047.0,828500060.2224333,2026-07-14
2014-05-12,sz.002099,海翔药业,3.05940234,3.1423248,3.23397594,3.00703026,28053585,201231557.0,10.817465,-1.6393,259336037.0,814918060.5988176,2026-07-14
2014-05-13,sz.002099,海翔药业,3.10304574,3.11613876,3.2077899,3.07249536,14388998,103622411.0,5.548399,-0.8333,259336035.0,808127070.5282166,2026-07-14
2014-05-14,sz.002099,海翔药业,3.09431706,3.055038,3.1859682,3.03758064,12307108,87742627.0,4.745622,-1.9608,259336036.0,792281444.7493681,2026-07-14
2014-05-15,sz.002099,海翔药业,3.04194498,2.77572024,3.04194498,2.7495342,26063452,169631008.0,10.050069,-9.1429,259336050.0,719844322.946652,2026-07-14
2014-05-16,sz.002099,海翔药业,2.77572024,2.80627062,2.9022861,2.75389854,12904062,83905542.0,4.975807,1.1006,259336063.0,727767174.303369,2026-07-14
2014-05-19,sz.002099,海翔药业,2.75826288,2.85427836,2.8804644,2.67534042,10856857,69510465.0,4.186405,1.7107,259336041.0,740217249.7943727,2026-07-14
2014-05-20,sz.002099,海翔药业,2.85427836,2.80627062,2.89792176,2.7931776,7731140,50219372.0,2.981128,-1.682,259336063.0,727767174.303369,2026-07-14
2014-05-21,sz.002099,海翔药业,2.78008458,2.8586427,2.88919308,2.76699156,6181717,40245032.0,2.383671,1.8663,259335999.0,741348960.3885573,2026-07-14
2014-05-22,sz.002099,海翔药业,2.86300704,3.02885196,3.0986814,2.86300704,17046334,118398653.0,6.573068,5.9542,259336036.0,785490460.9372306,2026-07-14
2014-05-23,sz.002099,海翔药业,3.02885196,3.04194498,3.08558838,3.00703026,6203893,43072582.0,2.392222,0.4323,259336006.0,788885861.5849499,2026-07-14
2014-05-26,sz.002099,海翔药业,3.0332163,3.15541782,3.21215424,3.02012328,11227330,81197047.0,4.329259,3.7303,259336067.0,818313647.1805139,2026-07-14
2014-05-27,sz.002099,海翔药业,3.14668914,3.13359612,3.29944104,3.09431706,10120837,73775742.0,3.902596,-0.6916,259336016.0,812654333.513858,2026-07-14
2014-05-28,sz.002099,海翔药业,3.08995272,3.11613876,3.17723952,3.04194498,8099680,57640540.0,3.123237,-0.5571,259336067.0,808127170.2446569,2026-07-14
2014-05-29,sz.002099,海翔药业,3.10741008,3.05940234,3.13796046,3.055038,5484241,38830241.0,2.114724,-1.8207,259336017.0,793413217.2560798,2026-07-14
2014-05-30,sz.002099,海翔药业,3.06376668,3.05940234,3.11613876,3.05067366,3399889,23947169.0,1.310997,0.0,259336139.0,793413590.5031652,2026-07-14
2014-06-03,sz.002099,海翔药业,3.06376668,3.0986814,3.1205031,3.05940234,4183615,29642512.0,1.613202,1.2839,259336091.0,803599921.5304073,2026-07-14
2014-06-04,sz.002099,海翔药业,3.09431706,3.02885196,3.10741008,2.9459295,6088409,42059327.0,2.347691,-2.2535,259336046.0,785490491.2257501,2026-07-14
2014-06-05,sz.002099,海翔药业,3.02448762,3.05940234,3.06376668,2.98520856,4083808,28358300.0,1.574717,1.0086,259335995.0,793413149.9492283,2026-07-14
2014-06-06,sz.002099,海翔药业,3.05940234,3.0332163,3.0768597,3.01575894,2669291,18572655.0,1.029279,-0.8559,259336001.0,786622185.4100163,2026-07-14
2014-06-09,sz.002099,海翔药业,2.73207684,2.73207684,2.73207684,2.73207684,1889400,11827644.0,0.728553,-9.9281,259335971.0,708525800.1480117,2026-07-14
2014-06-10,sz.002099,海翔药业,2.57932494,2.71025514,2.72334816,2.57932494,18607757,112799421.0,7.175153,-0.7987,259336031.0,702866811.0049493,2026-07-14
2014-06-11,sz.002099,海翔药业,2.6622474,2.65788306,2.70152646,2.64479004,7931592,48496791.0,3.058423,-1.9324,259336004.0,689284771.8796923,2026-07-14
2014-06-12,sz.002099,海翔药业,2.6404257,2.7495342,2.81936364,2.6404257,9245174,58017763.0,3.56494,3.4483,259336034.0,713053294.7753627,2026-07-14
2014-06-13,sz.002099,海翔药业,2.7495342,2.76262722,2.78881326,2.74080552,4822235,30479631.0,1.859454,0.4762,259336074.0,716448897.1603343,2026-07-14
2014-06-16,sz.002099,海翔药业,2.75389854,2.73644118,2.76262722,2.70152646,5159156,32297116.0,1.989371,-0.9479,259336041.0,709657822.0505683,2026-07-14
2014-06-17,sz.002099,海翔药业,2.74080552,2.89792176,2.99393724,2.74080552,12356951,81866873.0,4.764841,5.9011,259336062.0,751535617.2225091,2026-07-14
2014-06-18,sz.002099,海翔药业,2.88482874,2.91974346,2.98084422,2.88482874,6493053,43551270.0,2.503722,0.753,259336021.0,757194651.2571726,2026-07-14
2014-06-19,sz.002099,海翔药业,2.90665044,2.78444892,2.91974346,2.76262722,5320415,34653258.0,2.051552,-4.6338,259336103.0,722108131.9153588,2026-07-14
2014-06-20,sz.002099,海翔药业,2.79754194,2.88919308,2.90665044,2.79754194,4004330,26295956.0,1.54407,3.7618,259336040.0,749271892.1626033,2026-07-14
2014-06-23,sz.002099,海翔药业,2.91974346,2.91974346,2.94156516,2.8804644,4432219,29499290.0,1.709064,1.0574,259336046.0,757194724.2507591,2026-07-14
2014-06-24,sz.002099,海翔药业,2.91974346,2.91537912,2.93283648,2.88482874,3532609,23525914.0,1.362174,-0.1495,259336105.0,756063065.5791276,2026-07-14
2014-06-25,sz.002099,海翔药业,2.93283648,2.99393724,3.01575894,2.89792176,6996466,47462985.0,2.697838,2.6946,259336031.0,776435800.8846945,2026-07-14
2014-06-26,sz.002099,海翔药业,2.99393724,3.03758064,3.055038,2.95465818,6585869,45338778.0,2.539512,1.4577,259336006.0,787754031.0805238,2026-07-14
2014-06-27,sz.002099,海翔药业,3.03758064,3.04630932,3.14668914,3.02012328,6369950,44948251.0,2.456253,0.2874,259336070.0,790017887.0531725,2026-07-14
2014-06-30,sz.002099,海翔药业,3.04630932,3.02448762,3.11177442,2.9895729,5984803,41955026.0,2.306629,-0.7163,259461014.0,784736624.7156466,2026-07-14
2014-07-01,sz.002099,海翔药业,3.02448762,3.19469688,3.19906122,2.99830158,9728008,69233704.0,3.749314,5.6277,259461011.0,828899282.3233457,2026-07-14
2014-07-02,sz.002099,海翔药业,3.20342556,3.17287518,3.26452632,3.15105348,6663011,48735670.0,2.56802,-0.6831,259461024.0,823237443.2269844,2026-07-14
2014-07-03,sz.002099,海翔药业,3.1641465,3.32999142,3.34308444,3.1641465,10401601,78277768.0,4.008926,4.9519,259461038.0,864003030.3642939,2026-07-14
2014-07-04,sz.002099,海翔药业,3.32999142,3.34744878,3.42164256,3.28198368,7073452,54043597.0,2.72621,0.5242,259461010.0,868532441.3820678,2026-07-14
2014-07-07,sz.002099,海翔药业,3.491472,3.3168984,3.65731692,3.2950767,21723718,172728264.0,8.372632,-0.9126,259461039.0,860605905.1214375,2026-07-14
2014-07-08,sz.002099,海翔药业,3.2950767,3.45655728,3.4696503,3.19033254,14684863,111080742.0,5.659756,4.2105,259461062.0,896842022.7326314,2026-07-14
2014-07-09,sz.002099,海翔药业,3.4041852,3.6878673,3.7969758,3.3823635,28442195,237861554.0,10.962029,6.6919,259461045.0,956857903.4793285,2026-07-14
2014-07-10,sz.002099,海翔药业,3.6878673,3.7315107,3.77078976,3.63113088,12235384,103778397.0,4.715692,1.1834,259461050.0,968181684.3082349,2026-07-14
2014-07-11,sz.002099,海翔药业,3.67477428,3.6442239,3.8187975,3.63549522,11285096,95799027.0,4.349438,-2.3392,259461015.0,945534031.9812585,2026-07-14
2014-07-14,sz.002099,海翔药业,3.6442239,3.98027808,3.9933711,3.60494484,20759830,184083800.0,8.001136,9.2216,259461032.0,1032727058.2837785,2026-07-14
2014-07-15,sz.002099,海翔药业,3.927906,4.0151928,4.04574318,3.89735562,11217346,102036703.0,4.323326,0.8772,259461026.0,1041786043.4758129,2026-07-14
2014-07-16,sz.002099,海翔药业,3.95409204,3.927906,4.02392148,3.84934788,9359315,84022488.0,3.607214,-2.1739,259461041.0,1019138579.7101461,2026-07-14
2014-07-17,sz.002099,海翔药业,3.8842626,3.82316184,3.8842626,3.70096032,11366742,98403890.0,4.380905,-2.6667,259461047.0,991961573.8568465,2026-07-14
2014-07-18,sz.002099,海翔药业,3.7751541,3.94099902,4.1024796,3.7751541,12556566,114530712.0,4.83948,3.0822,259461058.0,1022535775.3061632,2026-07-14
2014-07-21,sz.002099,海翔药业,3.94099902,3.86680524,3.9715494,3.82752618,6821135,60763519.0,2.628963,-1.8826,259461050.0,1003285347.7159021,2026-07-14
2014-07-22,sz.002099,海翔药业,3.86680524,3.87116958,3.9060843,3.76642542,6341546,55671328.0,2.444123,0.1129,259461001.0,1004417534.2675496,2026-07-14
2014-07-23,sz.002099,海翔药业,3.87553392,3.69223164,3.8842626,3.67913862,8580487,73746481.0,3.307043,-4.6223,259461005.0,957990132.0071982,2026-07-14
2014-07-24,sz.002099,海翔药业,3.69223164,3.72278202,3.77078976,3.5787588,6903644,58118873.0,2.660763,0.8274,259461064.0,965916983.9492693,2026-07-14
2014-07-25,sz.002099,海翔药业,3.70532466,3.75769674,3.80570448,3.6878673,4569078,39260998.0,1.760988,0.9379,259461053.0,974975953.0150672,2026-07-14
2014-07-28,sz.002099,海翔药业,3.7751541,3.82316184,3.82316184,3.73587504,6058273,52437092.0,2.334945,1.7422,259461058.0,991961615.9116267,2026-07-14
2014-07-29,sz.002099,海翔药业,3.8406192,3.83625486,3.96718506,3.8187975,7415619,65876473.0,2.858086,0.3425,259461017.0,995358587.4467926,2026-07-14
2014-07-30,sz.002099,海翔药业,3.8406192,3.80134014,3.84498354,3.7315107,8191110,70729130.0,3.156971,-0.9101,259461047.0,986299692.7275267,2026-07-14
2014-07-31,sz.002099,海翔药业,3.77951844,3.83189052,3.87553392,3.75769674,7327844,64072630.0,2.824256,0.8037,259461040.0,994226299.4853408,2026-07-14
2014-08-01,sz.002099,海翔药业,3.82752618,3.78388278,3.89299128,3.7751541,7596724,66899381.0,2.927886,-1.2528,259461058.0,981770229.4467812,2026-07-14
2014-08-04,sz.002099,海翔药业,3.75769674,3.80134014,3.87989826,3.75769674,5551026,48432468.0,2.139445,0.4614,259461028.0,986299620.502064,2026-07-14
2014-08-05,sz.002099,海翔药业,3.80570448,3.74896806,3.82316184,3.6660456,10735672,91710064.0,4.137682,-1.3777,259461022.0,972711084.2929573,2026-07-14
2014-08-06,sz.002099,海翔药业,3.7315107,3.76642542,3.78824712,3.67477428,4840090,41476548.0,1.86544,0.4657,259461039.0,977240652.7892114,2026-07-14
2014-08-07,sz.002099,海翔药业,3.76642542,3.76642542,3.78824712,3.74460372,4526027,39024476.0,1.744396,0.0,259460982.0,977240438.1029625,2026-07-14
2014-08-08,sz.002099,海翔药业,3.76642542,3.79261146,3.80134014,3.7315107,5007114,43403168.0,1.929813,0.6952,259461098.0,984035133.6989831,2026-07-14
2014-08-11,sz.002099,海翔药业,3.78824712,3.86680524,3.92354166,3.7751541,7386627,65361994.0,2.846912,1.9563,259461023.0,1003285243.3121606,2026-07-14
2014-08-12,sz.002099,海翔药业,3.85807656,3.95409204,3.9715494,3.85807656,9085476,82072241.0,3.501673,2.2573,259461006.0,1025932698.5149922,2026-07-14
2014-08-13,sz.002099,海翔药业,3.96282072,3.96282072,4.00646412,3.89735562,6440698,58175617.0,2.482337,0.2207,259461064.0,1028197680.452446,2026-07-14
2014-08-14,sz.002099,海翔药业,3.95409204,3.87116958,3.9715494,3.87116958,5402062,48502298.0,2.082032,-2.3128,259461046.0,1004417708.4701807,2026-07-14
2014-08-15,sz.002099,海翔药业,3.85371222,3.8624409,3.91044864,3.83625486,5227698,46378885.0,2.01483,-0.2255,259460997.0,1002152766.7675773,2026-07-14
2014-08-18,sz.002099,海翔药业,3.87553392,3.9497277,3.98464242,3.84934788,6901521,62151970.0,2.659945,2.2599,259461041.0,1024800460.7085357,2026-07-14
2014-08-19,sz.002099,海翔药业,3.9497277,3.9715494,3.98464242,3.92354166,5920192,53633121.0,2.281727,0.5525,259461014.0,1030462234.4750916,2026-07-14
2014-08-20,sz.002099,海翔药业,3.96718506,3.89299128,3.9715494,3.8624409,8049169,72211011.0,3.102265,-1.978,259461039.0,1010079562.3267399,2026-07-14
2014-08-21,sz.002099,海翔药业,3.92354166,3.95409204,3.96718506,3.8624409,6088275,54506914.0,2.346508,1.5695,259461080.0,1025932991.1178032,2026-07-14
2014-08-22,sz.002099,海翔药业,3.95409204,4.04574318,4.05447186,3.92354166,9301343,85426745.0,3.584871,2.3179,259461024.0,1049712668.3238162,2026-07-14
2014-08-25,sz.002099,海翔药业,4.05447186,4.32942528,4.4516268,4.05447186,15864695,157080395.0,6.114481,7.0119,259461024.0,1123317116.4802866,2026-07-14
2014-08-26,sz.002099,海翔药业,4.3425183,4.36870434,4.48654152,4.2770532,12405620,124150095.0,4.781304,0.9073,259461017.0,1133508471.0287137,2026-07-14
2014-08-27,sz.002099,海翔药业,4.36434,4.45599114,4.4734485,4.2770532,9146941,91744859.0,3.525362,1.998,259461043.0,1156156108.783159,2026-07-14
2014-08-28,sz.002099,海翔药业,4.45599114,4.45599114,4.45599114,4.45599114,0,0.0,0.0,0.0,259461043.0,1156156108.783159,2026-07-14
2014-08-29,sz.002099,海翔药业,4.45599114,4.45599114,4.45599114,4.45599114,0,0.0,0.0,0.0,259461043.0,1156156108.783159,2026-07-14
2014-09-01,sz.002099,海翔药业,4.45599114,4.45599114,4.45599114,4.45599114,0,0.0,0.0,0.0,259461043.0,1156156108.783159,2026-07-14
2014-09-02,sz.002099,海翔药业,4.45599114,4.45599114,4.45599114,4.45599114,0,0.0,0.0,0.0,259461043.0,1156156108.783159,2026-07-14
2014-09-03,sz.002099,海翔药业,4.45599114,4.45599114,4.45599114,4.45599114,0,0.0,0.0,0.0,259461043.0,1156156108.783159,2026-07-14
2014-09-04,sz.002099,海翔药业,4.90115382,4.39489038,4.90115382,4.33378962,38009851,395392512.0,14.649541,-1.3712,259461037.0,1140302815.496124,2026-07-14
2014-09-05,sz.002099,海翔药业,4.37743302,4.3425183,4.37743302,4.17230904,18934919,186152421.0,7.297789,-1.1917,259461037.0,1126714301.309477,2026-07-14
2014-09-09,sz.002099,海翔药业,4.30760358,4.36434,4.36870434,4.25086716,11276160,111018663.0,4.345994,0.5025,259461012.0,1132376073.11208,2026-07-14
2014-09-10,sz.002099,海翔药业,4.36434,4.35997566,4.4298051,4.2988749,8401981,84201287.0,3.238244,-0.1,259461023.0,1131243744.9987001,2026-07-14
2014-09-11,sz.002099,海翔药业,4.37743302,4.26396018,4.37743302,4.20722376,14058544,138368738.0,5.418364,-2.2022,259461048.0,1106331576.9330685,2026-07-14
2014-09-12,sz.002099,海翔药业,4.26396018,4.22468112,4.26396018,4.1897664,7689135,74312362.0,2.963503,-0.9212,259461016.0,1096140055.671218,2026-07-14
2014-09-15,sz.002099,海翔药业,4.23777414,4.32506094,4.32942528,4.19849508,8789123,86398756.0,3.387454,2.376,259461029.0,1122184761.9801073,2026-07-14
2014-09-16,sz.002099,海翔药业,4.32506094,4.14175866,4.3425183,4.1243013,9388365,91074574.0,3.61841,-4.2381,259461062.0,1074625100.4712968,2026-07-14
2014-09-17,sz.002099,海翔药业,4.11120828,4.146123,4.18103772,4.02828582,7155200,67140496.0,2.757717,0.1054,259460996.0,1075757203.118508,2026-07-14
2014-09-18,sz.002099,海翔药业,4.146123,4.19413074,4.22031678,4.1024796,4212044,40367367.0,1.623382,1.1579,259461051.0,1088213569.8318079,2026-07-14
2014-09-19,sz.002099,海翔药业,4.20722376,4.28578188,4.32942528,4.19849508,7299406,71748798.0,2.813296,2.1852,259461002.0,1111993260.9382439,2026-07-14
2014-09-22,sz.002099,海翔药业,4.30323924,4.22904546,4.31633226,4.1897664,4936858,48199015.0,1.902736,-1.3238,259461008.0,1097272397.9294236,2026-07-14
2014-09-23,sz.002099,海翔药业,4.22904546,4.23777414,4.29014622,4.22468112,4383295,42654900.0,1.689385,0.2064,259460987.0,1099537061.047476,2026-07-14
2014-09-24,sz.002099,海翔药业,4.2334098,4.24213848,4.28578188,4.22468112,6905875,67199534.0,2.661623,0.103,259461051.0,1100669708.5083425,2026-07-14
2014-09-25,sz.002099,海翔药业,4.23777414,4.24650282,4.31633226,4.2334098,6737501,66033466.0,2.596729,0.1029,259461076.0,1101802190.9142344,2026-07-14
2014-09-26,sz.002099,海翔药业,4.24650282,4.29014622,4.3206966,4.24213848,6221074,61165933.0,2.397691,1.0278,259461040.0,1113125799.9932687,2026-07-14
2014-09-29,sz.002099,海翔药业,4.29451056,4.47781284,4.47781284,4.29451056,14525449,147631180.0,5.598316,4.3744,259461041.0,1161817980.8695664,2026-07-14
2014-09-30,sz.002099,海翔药业,4.48217718,4.46035548,4.51272756,4.41671208,6631824,67720577.0,2.556,-0.3899,259461033.0,1157288440.3880107,2026-07-14
2014-10-08,sz.002099,海翔药业,4.46471982,4.50399888,4.50399888,4.36870434,6899458,70441111.0,2.65915,0.9785,259461031.0,1168612193.0276453,2026-07-14
2014-10-09,sz.002099,海翔药业,4.50399888,4.4298051,4.52145624,4.4079834,6999619,71337375.0,2.697753,-1.6473,259461077.0,1149362002.1460927,2026-07-14
2014-10-10,sz.002099,海翔药业,4.4298051,4.39052604,4.4298051,4.36434,6104711,61431008.0,2.352843,-0.8867,259461044.0,1139170470.0475857,2026-07-14
2014-10-13,sz.002099,海翔药业,4.36870434,4.50399888,4.50399888,4.29014622,9570262,96495589.0,3.688516,2.5845,259461041.0,1168612238.067634,2026-07-14
2014-10-14,sz.002099,海翔药业,4.50399888,4.50836322,4.6698438,4.4734485,10613703,110869956.0,4.090673,0.0969,259461047.0,1169744641.3174913,2026-07-14
2014-10-15,sz.002099,海翔药业,4.47781284,4.63056474,4.64365776,4.4298051,13487892,141934169.0,5.198427,2.7105,259461025.0,1201451073.7692585,2026-07-14
2014-10-16,sz.002099,海翔药业,4.60001436,4.68293682,4.8444174,4.52582058,19071992,206743499.0,7.350619,1.131,259461033.0,1215039624.790935,2026-07-14
2014-10-17,sz.002099,海翔药业,4.6698438,4.62183606,4.77022362,4.49963454,10559881,111807480.0,4.069929,-1.3047,259461062.0,1199186492.5174956,2026-07-14
2014-10-20,sz.002099,海翔药业,4.63929342,4.6043787,4.73967324,4.59565002,8645726,92183998.0,3.332187,-0.3777,259461009.0,1194656743.3201082,2026-07-14
2014-10-21,sz.002099,海翔药业,4.60874304,4.4516268,4.62183606,4.44289812,8758598,90236550.0,3.375689,-3.3175,259461046.0,1155023745.9296327,2026-07-14
2014-10-22,sz.002099,海翔药业,4.46035548,4.37743302,4.4952702,4.2988749,9469378,95316235.0,3.649634,-1.6667,259461031.0,1135773284.5026436,2026-07-14
2014-10-23,sz.002099,海翔药业,4.36434,4.22031678,4.37743302,4.18103772,6881497,67249107.0,2.652227,-3.5892,259461087.0,1095007979.22314,2026-07-14
2014-10-24,sz.002099,海翔药业,4.22468112,4.24213848,4.26832452,4.19849508,3652426,35425106.0,1.407697,0.5171,259461091.0,1100669878.1938818,2026-07-14
2014-10-27,sz.002099,海翔药业,4.2334098,4.25086716,4.2770532,4.1897664,2746994,26686542.0,1.058731,0.2058,259460996.0,1102934227.1972914,2026-07-14
2014-10-28,sz.002099,海翔药业,4.28141754,4.37743302,4.39925472,4.28141754,5074912,50645035.0,1.955944,2.9774,259461007.0,1135773179.444251,2026-07-14
2014-10-29,sz.002099,海翔药业,4.38179736,4.33378962,4.38179736,4.28141754,9716874,96302545.0,3.745022,-0.997,259461066.0,1124449674.624935,2026-07-14
2014-10-30,sz.002099,海翔药业,4.33815396,4.31196792,4.38179736,4.29451056,6403773,63450139.0,2.468106,-0.5035,259461020.0,1118787594.7304783,2026-07-14
2014-10-31,sz.002099,海翔药业,4.31196792,4.2552315,4.3425183,4.19413074,8291483,80934097.0,3.195656,-1.3158,259461062.0,1104066884.045853,2026-07-14
2014-11-03,sz.002099,海翔药业,4.24650282,4.37306868,4.38179736,4.24213848,9744140,96586405.0,3.755531,2.7692,259461046.0,1134640973.9426394,2026-07-14
2014-11-04,sz.002099,海翔药业,4.37306868,4.38179736,4.45599114,4.37306868,7926238,80082432.0,3.054886,0.1996,259461008.0,1136905559.877339,2026-07-14
2014-11-05,sz.002099,海翔药业,4.38179736,4.5170919,4.57819266,4.36434,13322800,137156189.0,5.134798,3.0877,259461034.0,1172009335.0470245,2026-07-14
2014-11-06,sz.002099,海翔药业,4.50399888,4.50836322,4.59565002,4.4516268,7486928,77410766.0,2.885569,-0.1932,259461063.0,1169744713.4513028,2026-07-14
2014-11-07,sz.002099,海翔药业,4.50836322,4.3861617,4.53018492,4.36434,7407840,75337024.0,2.855088,-2.7105,259461004.0,1138037918.3883467,2026-07-14
2014-11-10,sz.002099,海翔药业,4.39925472,4.37743302,4.4079834,4.30760358,6786275,67677592.0,2.615528,-0.199,259460996.0,1135773131.2924879,2026-07-14
2014-11-11,sz.002099,海翔药业,4.35997566,4.3425183,4.37743302,4.24650282,7323164,72553504.0,2.822452,-0.7976,259461064.0,1126714418.5574713,2026-07-14
2014-11-12,sz.002099,海翔药业,4.3425183,4.44289812,4.46035548,4.29014622,5318436,53891713.0,2.049801,2.3116,259461089.0,1152759184.5312526,2026-07-14
2014-11-13,sz.002099,海翔药业,4.43416944,4.3861617,4.48217718,4.3206966,4920008,49768225.0,1.896242,-1.277,259460976.0,1138037795.575819,2026-07-14
2014-11-14,sz.002099,海翔药业,4.42544076,4.32506094,4.42544076,4.30323924,3606406,35708872.0,1.389961,-1.393,259460949.0,1122184415.9752321,2026-07-14
2014-11-17,sz.002099,海翔药业,4.32506094,4.32942528,4.3861617,4.28141754,3784912,37568870.0,1.459878,0.1009,259262212.0,1122456374.7815192,2026-07-14
2014-11-18,sz.002099,海翔药业,4.32942528,4.22031678,4.3425183,4.17230904,6802862,66200086.0,2.623931,-2.5202,259262229.0,1094168735.4689026,2026-07-14
2014-11-19,sz.002099,海翔药业,4.24213848,4.25086716,4.34688264,4.2334098,5406968,53055984.0,2.085521,0.7239,259262218.0,1102089248.324961,2026-07-14
2014-11-20,sz.002099,海翔药业,4.2552315,4.25959584,4.30323924,4.19413074,3224007,31504822.0,1.243531,0.2053,259262294.0,1104352588.991257,2026-07-14
2014-11-21,sz.002099,海翔药业,4.26832452,4.31633226,4.37306868,4.26832452,4532706,44947424.0,1.748309,1.332,259262293.0,1119062199.0774722,2026-07-14
2014-11-24,sz.002099,海翔药业,4.3425183,4.31633226,4.39925472,4.2770532,6347498,62665434.0,2.448293,0.0,259262188.0,1119061745.8625848,2026-07-14
2014-11-25,sz.002099,海翔药业,4.30760358,4.29451056,4.33378962,4.26396018,5707587,56065248.0,2.201473,-0.5056,259262185.0,1113404191.2911737,2026-07-14
2014-11-26,sz.002099,海翔药业,4.3206966,4.28141754,4.32506094,4.26832452,4916736,48295245.0,1.896434,-0.3049,259262173.0,1110009614.9407144,2026-07-14
2014-11-27,sz.002099,海翔药业,4.2988749,4.34688264,4.3861617,4.29451056,8442387,83903581.0,3.256312,1.529,259262227.0,1126982473.7540393,2026-07-14
2014-11-28,sz.002099,海翔药业,4.34688264,4.28578188,4.36434,4.25959584,5358269,52627910.0,2.066737,-1.4056,259262257.0,1111141483.2185032,2026-07-14
2014-12-01,sz.002099,海翔药业,4.28578188,4.13739432,4.2988749,4.11993696,8457426,80988648.0,3.262113,-3.4623,259262202.0,1072669961.9454927,2026-07-14
2014-12-02,sz.002099,海翔药业,4.13739432,4.1897664,4.19849508,4.10684394,7568888,71854593.0,2.919395,1.2658,259262210.0,1086248096.247744,2026-07-14
2014-12-03,sz.002099,海翔药业,4.1679447,4.11120828,4.1679447,4.0806579,7077142,66737073.0,2.729723,-1.875,259262277.0,1065881219.8940535,2026-07-14
2014-12-04,sz.002099,海翔药业,4.11120828,4.1679447,4.18103772,4.10684394,7795254,74250342.0,3.006706,1.38,259262262.0,1080590770.8129113,2026-07-14
2014-12-05,sz.002099,海翔药业,4.17230904,3.9715494,4.17230904,3.927906,11012675,101587631.0,4.247697,-4.712,259262254.0,1029672849.3163476,2026-07-14
2014-12-08,sz.002099,海翔药业,3.98464242,3.93227034,4.05010752,3.9060843,8249400,74952217.0,3.181875,-0.989,259262227.0,1019489165.5144472,2026-07-14
2014-12-09,sz.002099,海翔药业,3.92354166,3.74896806,3.92354166,3.74460372,10391700,90680218.0,4.008181,-4.6615,259262244.0,971965871.9199266,2026-07-14
2014-12-10,sz.002099,海翔药业,3.74460372,3.8624409,3.89299128,3.73587504,5764306,50620199.0,2.22335,3.0268,259262194.0,1001384901.9293346,2026-07-14
2014-12-11,sz.002099,海翔药业,3.8624409,3.87989826,3.9060843,3.7969758,4864435,43060098.0,1.87626,0.452,259262309.0,1005911381.5726824,2026-07-14
2014-12-12,sz.002099,海翔药业,3.9060843,4.00209978,4.02392148,3.84934788,7075624,63694771.0,2.729138,3.1496,259262229.0,1037593309.6432096,2026-07-14
2014-12-15,sz.002099,海翔药业,3.98464242,4.01955714,4.04574318,3.94536336,6124867,56260830.0,2.362422,0.4362,259262189.0,1042119182.9269794,2026-07-14
2014-12-16,sz.002099,海翔药业,4.01955714,3.95409204,4.01955714,3.93663468,5210738,47362022.0,2.009833,-1.6287,259262237.0,1025146747.5942935,2026-07-14
2014-12-17,sz.002099,海翔药业,3.95409204,3.85371222,3.95409204,3.8187975,5922526,52338671.0,2.284377,-2.5386,259262197.0,999121896.7629473,2026-07-14
2014-12-18,sz.002099,海翔药业,3.84934788,3.84934788,3.88862694,3.84498354,4107595,36372921.0,1.58434,-0.1133,259262216.0,997990461.523702,2026-07-14
2014-12-19,sz.002099,海翔药业,3.8187975,3.75769674,3.87989826,3.7315107,5365813,46362545.0,2.069647,-2.381,259262232.0,974228843.9915237,2026-07-14
2014-12-22,sz.002099,海翔药业,3.76206108,3.66168126,3.76206108,3.4696503,8738905,72341463.0,3.370682,-2.5552,259262221.0,949335616.0616784,2026-07-14
2014-12-23,sz.002099,海翔药业,3.5787588,3.65295258,3.71841768,3.5787588,3029339,25515997.0,1.168446,-0.2384,259262217.0,947072584.4866699,2026-07-14
2014-12-24,sz.002099,海翔药业,3.6442239,3.73587504,3.77951844,3.6442239,3986480,34100580.0,1.537625,2.27,259262174.0,968571084.6627369,2026-07-14
2014-12-25,sz.002099,海翔药业,3.73587504,3.78388278,3.8187975,3.71841768,2886575,24896522.0,1.11338,1.285,259262336.0,981018288.6929741,2026-07-14
2014-12-26,sz.002099,海翔药业,3.7533324,3.709689,3.80570448,3.709689,3475094,29824713.0,1.340378,-1.9608,259262238.0,961782272.423982,2026-07-14
2014-12-29,sz.002099,海翔药业,3.709689,3.67913862,3.74460372,3.62676654,3823556,32083329.0,1.474783,-0.8235,259262278.0,953861859.6989763,2026-07-14
2014-12-30,sz.002099,海翔药业,3.67913862,3.72278202,3.77078976,3.64858824,3059377,26069447.0,1.180032,1.1862,259262206.0,965176678.9623361,2026-07-14
2014-12-31,sz.002099,海翔药业,3.72278202,3.73587504,3.76206108,3.63113088,4784348,40567128.0,1.846326,0.3517,259128020.0,968069902.0826207,2026-07-14
2015-01-05,sz.002099,海翔药业,3.7315107,3.7315107,3.75769674,3.6442239,3415164,29100264.0,1.317944,-0.1168,259128157.0,966939490.5167799,2026-07-14
2015-01-06,sz.002099,海翔药业,3.7315107,3.8842626,3.91917732,3.69659598,6980065,61302307.0,2.693674,4.0936,259128053.0,1006521404.8787178,2026-07-14
2015-01-07,sz.002099,海翔药业,3.8624409,3.86680524,3.96718506,3.82752618,5139993,45855816.0,1.983572,-0.4494,259128128.0,1001998003.1817907,2026-07-14
2015-01-08,sz.002099,海翔药业,3.86680524,4.03265016,4.09811526,3.83189052,11367780,103744511.0,4.386935,4.2889,259128070.0,1044972852.9459913,2026-07-14
2015-01-09,sz.002099,海翔药业,4.0151928,3.94099902,4.13739432,3.93227034,13140917,121814908.0,5.071206,-2.2727,259128046.0,1021223375.3405149,2026-07-14
2015-01-12,sz.002099,海翔药业,3.94099902,4.11993696,4.1243013,3.91044864,13083266,122254612.0,5.048958,4.5404,259128042.0,1067591197.6082324,2026-07-14
2015-01-13,sz.002099,海翔药业,4.1243013,4.26396018,4.30323924,4.09811526,15528228,150984311.0,5.992492,3.4958,259128056.0,1104911712.30481,2026-07-14
2015-01-14,sz.002099,海翔药业,4.26396018,4.26396018,4.26396018,4.26396018,0,0.0,0.0,0.0,259128056.0,1104911712.30481,2026-07-14
2015-01-15,sz.002099,海翔药业,4.26396018,4.26396018,4.26396018,4.26396018,0,0.0,0.0,0.0,259128056.0,1104911712.30481,2026-07-14
2015-01-16,sz.002099,海翔药业,4.26396018,4.26396018,4.26396018,4.26396018,0,0.0,0.0,0.0,259128056.0,1104911712.30481,2026-07-14
2015-01-19,sz.002099,海翔药业,4.26396018,4.26396018,4.26396018,4.26396018,0,0.0,0.0,0.0,259128056.0,1104911712.30481,2026-07-14
2015-01-20,sz.002099,海翔药业,4.26396018,4.26396018,4.26396018,4.26396018,0,0.0,0.0,0.0,259128056.0,1104911712.30481,2026-07-14
2015-01-21,sz.002099,海翔药业,4.36434,4.26396018,4.5170919,4.15048734,20335020,200520694.0,7.847479,0.0,259128059.0,1104911725.0966907,2026-07-14
2015-01-22,sz.002099,海翔药业,4.26396018,4.1679447,4.31196792,4.13302998,18473529,177284028.0,7.129112,-2.2518,259128051.0,1080031386.7867796,2026-07-14
2015-01-23,sz.002099,海翔药业,4.1897664,4.3861617,4.41671208,4.16358036,22166829,219434528.0,8.554391,5.2356,259128078.0,1136577651.1182125,2026-07-14
2015-01-26,sz.002099,海翔药业,4.3861617,4.5607353,4.65238644,4.3861617,22675281,235426210.0,8.750608,3.9801,259128063.0,1181814504.144724,2026-07-14
2015-01-27,sz.002099,海翔药业,4.55637096,4.59565002,4.68293682,4.5170919,14606961,153947011.0,5.636966,0.7655,259128066.0,1190861901.6954613,2026-07-14
2015-01-28,sz.002099,海翔药业,4.6043787,4.54327794,4.6916655,4.5389136,13562150,143510235.0,5.233763,-1.1396,259128088.0,1177290925.8447788,2026-07-14
2015-01-29,sz.002099,海翔药业,4.48217718,4.46471982,4.54327794,4.41671208,9762041,99838904.0,3.767265,-1.7291,259128068.0,1156934221.1179078,2026-07-14
2015-01-30,sz.002099,海翔药业,4.46471982,4.31633226,4.50836322,4.30323924,8745008,87796950.0,3.374782,-3.3236,259128086.0,1118482917.0738544,2026-07-14
2015-02-02,sz.002099,海翔药业,4.2552315,4.3425183,4.45599114,4.20722376,8621124,86022933.0,3.326974,0.6067,259128085.0,1125268451.1564555,2026-07-14
2015-02-03,sz.002099,海翔药业,4.33378962,4.35561132,4.43853378,4.2988749,4758740,47519727.0,1.836443,0.3015,259128108.0,1128661320.5349827,2026-07-14
2015-02-04,sz.002099,海翔药业,4.35997566,4.28578188,4.41234774,4.2770532,6456201,64019469.0,2.49151,-1.6032,259128039.0,1110566254.1461334,2026-07-14
2015-02-05,sz.002099,海翔药业,4.24213848,4.22904546,4.3206966,4.21595244,5719003,55966178.0,2.207018,-1.3238,259128063.0,1095864358.3887439,2026-07-14
2015-02-06,sz.002099,海翔药业,4.25086716,4.1024796,4.25086716,4.06756488,5273107,50159322.0,2.034942,-2.9928,259128123.0,1063067838.3937907,2026-07-14
2015-02-09,sz.002099,海翔药业,4.10684394,4.0806579,4.22468112,4.04137884,4062854,38333438.0,1.567894,-0.5319,259128104.0,1057413144.6996217,2026-07-14
2015-02-10,sz.002099,海翔药业,4.09375092,4.14175866,4.146123,4.02828582,3445011,32324111.0,1.329463,1.4973,259128009.0,1073245675.3243079,2026-07-14
2015-02-11,sz.002099,海翔药业,4.14175866,4.1679447,4.2115881,4.1024796,4034657,38499881.0,1.557013,0.6322,259128023.0,1080031270.084328,2026-07-14
2015-02-12,sz.002099,海翔药业,4.17667338,4.35561132,4.44289812,4.1679447,9946250,97786691.0,3.838353,4.5026,259128069.0,1128661150.6661413,2026-07-14
2015-02-13,sz.002099,海翔药业,4.34688264,4.33378962,4.44726246,4.33378962,8321021,83250628.0,3.211162,-0.501,259128035.0,1123006388.3339968,2026-07-14
2015-02-16,sz.002099,海翔药业,4.34688264,4.38179736,4.4298051,4.3425183,8400046,84537684.0,3.241658,1.1078,259128076.0,1135446719.3186793,2026-07-14
2015-02-17,sz.002099,海翔药业,4.40361906,4.51272756,4.52145624,4.37306868,7502895,76528430.0,2.895439,2.988,259128063.0,1169374351.4695163,2026-07-14
2015-02-25,sz.002099,海翔药业,4.59565002,4.59128568,4.6916655,4.51272756,15299904,161491752.0,5.904379,1.7408,259128081.0,1189731047.58118,2026-07-14
2015-02-26,sz.002099,海翔药业,4.56946398,4.5389136,4.67857248,4.49090586,12496581,130776871.0,4.82255,-1.1407,259128075.0,1176159943.75932,2026-07-14
2015-02-27,sz.002099,海翔药业,4.5607353,4.54327794,4.582557,4.48654152,8087024,84027240.0,3.12086,0.0962,259128061.0,1177290803.1762743,2026-07-14
2015-03-02,sz.002099,海翔药业,4.57819266,4.6480221,4.6698438,4.53018492,9806299,103724399.0,3.784345,2.3055,259128039.0,1204432852.001662,2026-07-14
2015-03-03,sz.002099,海翔药业,4.6262004,4.62183606,4.72221588,4.582557,11270071,119921353.0,4.349228,-0.5634,259128080.0,1197647504.3025646,2026-07-14
2015-03-04,sz.002099,海翔药业,4.6043787,4.5607353,4.7134872,4.53018492,15215835,160266781.0,5.871936,-1.322,259128080.0,1181814581.6772242,2026-07-14
2015-03-05,sz.002099,海翔药业,4.6043787,4.6698438,4.7789523,4.56509964,20228712,216545908.0,7.806454,2.3923,259128050.0,1210087517.69859,2026-07-14
2015-03-06,sz.002099,海翔药业,4.6916655,4.61747172,4.72658022,4.59565002,12538546,133641700.0,4.838745,-1.1215,259128059.0,1196516484.2909915,2026-07-14
2015-03-09,sz.002099,海翔药业,4.582557,4.5607353,4.61747172,4.45599114,10332315,107295703.0,3.987339,-1.2287,259128080.0,1181814581.6772242,2026-07-14
2015-03-10,sz.002099,海翔药业,4.56509964,4.6262004,4.7353089,4.56509964,12377697,132018734.0,4.776672,1.4354,259128050.0,1198778288.56122,2026-07-14
2015-03-11,sz.002099,海翔药业,4.61310738,4.75276626,4.7571306,4.56946398,19030579,204710349.0,7.344083,2.7358,259128049.0,1231575048.3068266,2026-07-14
2015-03-12,sz.002099,海翔药业,4.8225957,5.1499212,5.1935646,4.800774,28513031,331714448.0,11.003452,8.3563,259128054.0,1334489058.8093448,2026-07-14
2015-03-13,sz.002099,海翔药业,5.1062778,5.18920026,5.29830876,5.0844561,17579191,210065823.0,6.783978,0.7627,259128066.0,1344667427.4604971,2026-07-14
2015-03-16,sz.002099,海翔药业,5.2153863,5.3899599,5.42487462,5.2153863,18284590,224717821.0,7.056198,3.8688,259128074.0,1396689927.8242326,2026-07-14
2015-03-17,sz.002099,海翔药业,5.42487462,5.3463165,5.42487462,5.29394442,15210549,186100808.0,5.869896,-0.8097,259128083.0,1385380745.7562697,2026-07-14
2015-03-18,sz.002099,海翔药业,5.29830876,5.35068084,5.40305292,5.29830876,9442913,115812607.0,3.64411,0.0816,259128100.0,1386511759.775604,2026-07-14
2015-03-19,sz.002099,海翔药业,5.38559556,5.61690558,5.66927766,5.38559556,14462590,184339745.0,5.581252,4.9755,259128059.0,1455497840.5316691,2026-07-14
2015-03-20,sz.002099,海翔药业,5.60381256,5.6518203,5.88749466,5.4990684,14967308,195203764.0,5.776027,0.6216,259128082.0,1464545354.1476645,2026-07-14
2015-03-23,sz.002099,海翔药业,5.68237068,5.76529314,5.8045722,5.5863552,12895696,167596295.0,4.976572,2.0077,259128091.0,1493949405.4235957,2026-07-14
2015-03-24,sz.002099,海翔药业,5.76529314,5.75656446,5.92677372,5.673642,16314375,215394255.0,6.295873,-0.1514,259128083.0,1491687513.1857302,2026-07-14
2015-03-25,sz.002099,海翔药业,5.74783578,5.79584352,5.83948692,5.673642,11213542,148022924.0,4.327413,0.6823,259128075.0,1501865774.338824,2026-07-14
2015-03-26,sz.002099,海翔药业,5.8263939,5.63436294,5.8263939,5.5863552,11454158,149962005.0,4.420269,-2.7861,259128076.0,1460021628.1279035,2026-07-14
2015-03-27,sz.002099,海翔药业,5.6299986,5.8700373,6.00969618,5.5645335,13914949,185800453.0,5.337058,4.1828,260723211.0,1530454973.5457702,2026-07-14
2015-03-30,sz.002099,海翔药业,5.88313032,6.08388996,6.3501147,5.88313032,11410843,161162774.0,4.376612,3.6431,260723203.0,1586211277.070742,2026-07-14
2015-03-31,sz.002099,海翔药业,6.69053322,6.69053322,6.69053322,6.69053322,9251915,141831856.0,3.548558,9.9713,260723229.0,1744377424.8501673,2026-07-14
2015-04-01,sz.002099,海翔药业,7.14878892,7.35827724,7.35827724,6.982944,16825221,277567680.0,6.453288,9.9804,260723231.0,1918473816.6065624,2026-07-14
2015-04-02,sz.002099,海翔药业,8.0958507,8.0958507,8.0958507,7.90381974,18205773,336389408.0,6.982797,10.0237,260723217.0,2110776238.855702,2026-07-14
2015-04-03,sz.002099,海翔药业,8.5977498,8.17877316,8.5977498,7.96055616,62832263,1191670832.0,24.099221,1.0243,260723212.0,2132396008.49459,2026-07-14
2015-04-07,sz.002099,海翔药业,8.17877316,8.2267809,8.4231762,7.84708332,42955470,795797136.0,16.475506,0.587,260723221.0,2144912814.7092788,2026-07-14
2015-04-08,sz.002099,海翔药业,8.12203674,7.97801352,8.23114524,7.8776337,24939657,459913792.0,9.565568,-3.0239,260723221.0,2080053382.115948,2026-07-14
2015-04-09,sz.002099,海翔药业,7.8994554,7.55467254,7.93437012,7.18370364,28762415,498089584.0,11.031781,-5.3064,260723223.0,1969678573.3383965,2026-07-14
2015-04-10,sz.002099,海翔药业,7.44556404,8.01292824,8.15695146,7.3757346,27253425,491954960.0,10.453011,6.0659,260723202.0,2089156308.1290247,2026-07-14
2015-04-13,sz.002099,海翔药业,8.01729258,7.92564144,8.19623052,7.88636238,28115952,519315200.0,10.783831,-1.0893,260723225.0,2066398796.430444,2026-07-14
2015-04-14,sz.002099,海翔药业,7.93437012,8.34025374,8.4231762,7.93437012,30867560,580319664.0,11.839207,5.2313,260723206.0,2174497693.9462905,2026-07-14
2015-04-15,sz.002099,海翔药业,8.28788166,7.55467254,8.28788166,7.5503082,23664598,428298464.0,9.076521,-9.4192,260723222.0,1969678565.783724,2026-07-14
2015-04-16,sz.002099,海翔药业,7.419378,7.61140896,7.78598256,7.1138742,17410554,299586880.0,6.677792,0.751,260723215.0,1984471014.7310064,2026-07-14
2015-04-17,sz.002099,海翔药业,7.61140896,7.4411997,7.75979652,7.419378,17710451,305791920.0,6.792817,-2.2362,260723217.0,1940093524.123435,2026-07-14
2015-04-20,sz.002099,海翔药业,7.36700592,7.30154082,7.64195934,7.201161,16433967,279691808.0,6.303224,-1.8768,260723195.0,1903681051.0133197,2026-07-14
2015-04-21,sz.002099,海翔药业,7.3320912,7.6157733,7.63323066,7.1793393,14023570,241620362.0,5.378719,4.3037,260723232.0,1985609028.9553056,2026-07-14
2015-04-22,sz.002099,海翔药业,7.71178878,7.69433142,7.8776337,7.65068802,17184342,305051296.0,6.591029,1.0315,260723204.0,2006090740.4602697,2026-07-14
2015-04-23,sz.002099,海翔药业,7.71615312,8.03474994,8.06530032,7.64632368,21606303,392265568.0,8.287065,4.4243,260723223.0,2094845900.3558564,2026-07-14
2015-04-24,sz.002099,海翔药业,7.8994554,8.5977498,8.6850366,7.7685252,31239689,589797136.0,11.981936,7.0071,260723217.0,2241632986.8171067,2026-07-14
2015-04-27,sz.002099,海翔药业,8.63702886,9.06909852,9.40078836,8.5977498,37114899,761056832.0,14.235364,5.4822,260723217.0,2364524541.424339,2026-07-14
2015-04-28,sz.002099,海翔药业,9.0341838,8.28351732,9.0341838,8.18750184,30007041,589253968.0,11.509156,-8.6622,260723210.0,2159705225.7609973,2026-07-14
2015-04-29,sz.002099,海翔药业,8.24423826,8.292246,8.45809092,8.02165692,16265980,307791824.0,6.238792,0.1054,260723230.0,2161981161.07458,2026-07-14
2015-04-30,sz.002099,海翔药业,8.21805222,8.4668196,8.72431566,8.21805222,20444321,399248480.0,7.841389,2.1053,260723209.0,2207496376.136096,2026-07-14
2015-05-04,sz.002099,海翔药业,8.53664904,8.54101338,8.76359472,8.38389714,16287787,320719888.0,6.247156,0.8763,260723231.0,2226840604.447831,2026-07-14
2015-05-05,sz.002099,海翔药业,8.5977498,8.67194358,9.0778272,8.56719942,22987414,463077872.0,8.816788,1.533,260723225.0,2260977097.195646,2026-07-14
2015-05-06,sz.002099,海翔药业,8.8159668,8.40571884,9.0560055,8.14385844,19321381,386703376.0,7.410687,-3.07,260723210.0,2191565998.3222766,2026-07-14
2015-05-07,sz.002099,海翔药业,8.28351732,7.90818408,8.28351732,7.855812,15344215,282031600.0,5.885251,-5.919,260723204.0,2061847091.1593924,2026-07-14
2015-05-08,sz.002099,海翔药业,8.06530032,8.2486026,8.26605996,7.99110654,15246700,283548176.0,5.847849,4.3046,260723216.0,2150602197.3779616,2026-07-14
2015-05-11,sz.002099,海翔药业,8.47554828,8.69376528,8.76795906,8.2486026,16624620,324449936.0,6.376348,5.3968,260723223.0,2266666503.8070974,2026-07-14
2015-05-12,sz.002099,海翔药业,8.76795906,8.71122264,9.01672644,8.6413932,23169964,466286528.0,8.886805,0.2008,260723218.0,2271217999.4152555,2026-07-14
2015-05-13,sz.002099,海翔药业,8.76795906,9.58409064,9.58409064,8.58465678,28916327,609793472.0,11.090814,10.02,260723217.0,2498794943.680389,2026-07-14
2015-05-14,sz.002099,海翔药业,9.99870294,9.8415867,10.256199,9.62773404,36835412,835669968.0,14.128167,2.6867,260723220.0,2565930174.333174,2026-07-14
2015-05-15,sz.002099,海翔药业,9.67574178,9.58845498,9.82849368,9.3178659,24897825,543201760.0,9.549524,-2.5721,260723205.0,2499932713.383811,2026-07-14
2015-05-18,sz.002099,海翔药业,9.3615093,9.72811386,9.8634084,9.3615093,20248452,449553872.0,7.766264,1.4565,260723200.0,2536344975.543552,2026-07-14
2015-05-19,sz.002099,海翔药业,9.72811386,10.33475712,10.41331524,9.45316044,25661797,582881040.0,9.842544,6.236,260723213.0,2694511081.9010267,2026-07-14
2015-05-20,sz.002099,海翔药业,10.33036744,10.22913248,10.81013312,10.123496,27955563,664854432.0,10.722315,-1.0221,260723202.0,2666972173.867801,2026-07-14
2015-05-21,sz.002099,海翔药业,10.18071576,10.7177012,10.783724,10.0794808,26878159,642092688.0,10.309078,4.7763,260723209.0,2794353449.9671507,2026-07-14
2015-05-22,sz.002099,海翔药业,10.8277392,10.83214072,11.26348968,10.48001912,25848240,637901712.0,9.914054,1.0678,260723212.0,2824190521.3543925,2026-07-14
2015-05-25,sz.002099,海翔药业,10.83214072,11.91491464,11.91491464,10.6076632,30711047,798328944.0,11.779176,9.9959,260723220.0,3106494910.9659405,2026-07-14
2015-05-26,sz.002099,海翔药业,12.1261876,12.60155176,13.05930984,12.11298304,35953072,1026755440.0,13.789747,5.7628,260723217.0,3285517114.0592117,2026-07-14
2015-05-27,sz.002099,海翔药业,12.6103548,12.31105144,12.71599128,11.96333136,29256496,820316800.0,11.221285,-2.3053,260723224.0,3209777022.2666426,2026-07-14
2015-05-28,sz.002099,海翔药业,12.31545296,11.83128576,13.17815088,11.7960736,31846828,906844160.0,12.214803,-3.897,260723222.0,3084690943.749919,2026-07-14
2015-05-29,sz.002099,海翔药业,11.6860356,11.9721344,12.3022484,10.73090576,27343381,733698000.0,10.487513,1.1905,260723214.0,3121413359.2079616,2026-07-14
2015-06-01,sz.002099,海翔药业,12.3022484,13.11212808,13.1165296,12.3022484,31693565,908542112.0,12.15602,9.5221,260723205.0,3418636057.3880963,2026-07-14
2015-06-02,sz.002099,海翔药业,13.1165296,13.3366056,13.644712,12.6323624,32564992,975381984.0,12.490254,1.712,260723217.0,3477162715.8922153,2026-07-14
2015-06-03,sz.002099,海翔药业,13.20456,13.0284992,13.3366056,12.5883472,23490389,692841824.0,9.009704,-2.3102,260723205.0,3396832067.763936,2026-07-14
2015-06-04,sz.002099,海翔药业,13.03290072,12.76880952,13.11212808,11.884104,20335056,582463712.0,7.79948,-1.9932,260723228.0,3329125235.7715306,2026-07-14
2015-06-05,sz.002099,海翔药业,13.13413568,13.19575696,13.28818888,12.5003168,26329712,776485696.0,10.098722,3.3437,260723208.0,3440440086.599528,2026-07-14
2015-06-08,sz.002099,海翔药业,13.20015848,12.5663396,13.28378736,12.544332,22739629,660040624.0,8.721751,-4.7698,260723208.0,3276336373.329437,2026-07-14
2015-06-09,sz.002099,海翔药业,12.39908184,12.18340736,12.5663396,12.09977848,18841803,527104976.0,7.226745,-3.0473,260723230.0,3176497319.304973,2026-07-14
2015-06-10,sz.002099,海翔药业,12.14379368,12.90085512,13.06371136,11.88850552,28290912,813783600.0,10.850937,5.8887,260723217.0,3363552448.9373207,2026-07-14
2015-06-11,sz.002099,海翔药业,12.9404688,14.1068716,14.1068716,12.85683992,36793247,1128524896.0,14.111995,9.3483,260723215.0,3677988917.144194,2026-07-14
2015-06-12,sz.002099,海翔药业,14.35775824,15.51975952,15.51975952,14.084864,38588578,1302446688.0,14.800592,10.0156,260723206.0,4046361458.403421,2026-07-14
2015-06-15,sz.002099,海翔药业,14.74069048,14.23011416,15.3613048,14.21250808,41119449,1372035808.0,15.771303,-8.3097,260723220.0,3710121184.762795,2026-07-14
2015-06-16,sz.002099,海翔药业,13.9088032,14.68347072,15.35250176,13.23977216,35728764,1161546144.0,13.703714,3.1859,260723217.0,3828321722.8437066,2026-07-14
2015-06-17,sz.002099,海翔药业,14.3929704,15.95991152,16.14917688,14.2829324,33541091,1166073696.0,10.477557,8.693,320123202.0,5109137979.419087,2026-07-14
2015-06-18,sz.002099,海翔药业,15.7134264,15.2292592,16.3736544,15.2292592,28803836,1033187952.0,8.997734,-4.578,320123222.0,4875239523.777143,2026-07-14
2015-06-19,sz.002099,海翔药业,14.745092,13.72393936,14.96076648,13.70633328,22465376,725810272.0,7.017728,-9.8844,320123208.0,4393351494.320666,2026-07-14
2015-06-23,sz.002099,海翔药业,13.75034848,14.084864,14.23011416,12.40348336,22476723,695945264.0,7.021272,2.6299,320123234.0,4508892214.130176,2026-07-14
2015-06-24,sz.002099,海翔药业,14.29613696,14.52061448,14.94756192,13.8427804,24674776,810121968.0,7.7079,3.0938,320123198.0,4648385544.262708,2026-07-14
2015-06-25,sz.002099,海翔药业,14.60424336,13.4686512,14.745092,13.1165296,24546077,777326112.0,7.667697,-7.2446,320123200.0,4311627721.82784,2026-07-14
2015-06-26,sz.002099,海翔药业,12.984484,12.12178608,13.0284992,12.12178608,19272747,543959568.0,6.020415,-10.0,320123231.0,3880465325.4204245,2026-07-14
2015-06-29,sz.002099,海翔药业,12.66757456,10.91136808,12.66757456,10.91136808,25339573,655404304.0,7.915569,-9.9855,320123203.0,3492982098.8815603,2026-07-14
2015-06-30,sz.002099,海翔药业,10.563648,11.45275504,11.5319824,9.81979112,29801428,727034272.0,9.309362,4.9617,320123205.0,3666292649.484703,2026-07-14
2015-07-01,sz.002099,海翔药业,11.50117176,10.563648,12.09537696,10.31276136,28822917,752734176.0,9.003695,-7.7633,320123205.0,3381668854.25184,2026-07-14
2015-07-02,sz.002099,海翔药业,10.95538328,9.53369232,10.95538328,9.5072832,31749330,740662000.0,9.917847,-9.75,320123208.0,3051956169.5633626,2026-07-14
2015-07-03,sz.002099,海翔药业,9.023116,8.57856248,9.9474352,8.57856248,27557149,554872416.0,8.608294,-10.0185,320123232.0,2746197147.0115356,2026-07-14
2015-07-06,sz.002099,海翔药业,9.43685888,8.0547816,9.43685888,7.72026608,35991618,694242976.0,11.243052,-6.1057,320123201.0,2578522469.1479015,2026-07-14
2015-07-07,sz.002099,海翔药业,7.482584,7.24930344,7.89192536,7.24930344,15124683,255189736.0,4.724644,-10.0,320123230.0,2320670432.462911,2026-07-14
2015-07-08,sz.002099,海翔药业,6.52305264,6.52305264,6.60668152,6.52305264,32326342,479186672.0,10.098094,-10.0182,320123203.0,2088180504.454406,2026-07-14
2015-07-09,sz.002099,海翔药业,6.02127936,7.1744776,7.1744776,6.0080748,33766039,530351424.0,10.547826,9.9865,320123208.0,2296716785.036141,2026-07-14
2015-07-10,sz.002099,海翔药业,7.89192536,7.89192536,7.89192536,7.5486068,9795099,174888739.0,3.05979,10.0,320123244.0,2526388747.649068,2026-07-14
2015-07-13,sz.002099,海翔药业,8.67979744,8.67979744,8.67979744,8.67979744,2040520,40239054.0,0.637417,9.9833,320123247.0,2778604939.795088,2026-07-14
2015-07-14,sz.002099,海翔药业,9.54689688,9.54689688,9.54689688,9.54689688,8777345,190380613.0,2.741865,9.9899,320123164.0,3056182835.6073284,2026-07-14
2015-07-15,sz.002099,海翔药业,10.343572,9.0891388,10.343572,9.05832816,61355901,1344873040.0,19.166339,-4.7948,320123217.0,2909644352.4155197,2026-07-14
2015-07-16,sz.002099,海翔药业,8.80304,9.793382,9.90782152,8.39810016,39605086,853700112.0,12.371826,7.7482,320123206.0,3135088843.422692,2026-07-14
2015-07-17,sz.002099,海翔药业,9.91662456,10.77492096,10.77492096,9.91662456,32019287,769651216.0,10.002176,10.0225,320123211.0,3449302295.9864025,2026-07-14
2015-07-20,sz.002099,海翔药业,11.22827752,11.85329336,11.85329336,10.9157696,44762349,1160213824.0,13.98285,10.0082,320123215.0,3794514378.7413526,2026-07-14
2015-07-21,sz.002099,海翔药业,12.10418,11.72124776,12.67197608,11.45715656,49407820,1370294896.0,15.434001,-1.114,320123214.0,3752243505.021501,2026-07-14
2015-07-22,sz.002099,海翔药业,11.443952,11.70364168,12.01174808,11.2678912,36385075,966837616.0,11.36596,-0.1502,320123201.0,3746607237.9586177,2026-07-14
2015-07-23,sz.002099,海翔药业,11.71244472,11.9281192,12.10418,11.7080432,30516151,825818976.0,9.532627,1.918,320123204.0,3818467735.9979167,2026-07-14
2015-07-24,sz.002099,海翔药业,11.98093744,11.91491464,12.63676392,11.66842952,39391808,1076122112.0,12.305202,-0.1107,320123213.0,3814240757.177538,2026-07-14
2015-07-27,sz.002099,海翔药业,11.91491464,11.91491464,11.91491464,11.91491464,0,0.0,0.0,0.0,320123213.0,3814240757.177538,2026-07-14
2015-07-28,sz.002099,海翔药业,11.91491464,11.91491464,11.91491464,11.91491464,0,0.0,0.0,0.0,320123213.0,3814240757.177538,2026-07-14
2015-07-29,sz.002099,海翔药业,11.91491464,11.91491464,11.91491464,11.91491464,0,0.0,0.0,0.0,320123213.0,3814240757.177538,2026-07-14
2015-07-30,sz.002099,海翔药业,11.91491464,11.91491464,11.91491464,11.91491464,0,0.0,0.0,0.0,320123213.0,3814240757.177538,2026-07-14
2015-07-31,sz.002099,海翔药业,11.91491464,11.91491464,11.91491464,11.91491464,0,0.0,0.0,0.0,320123213.0,3814240757.177538,2026-07-14
2015-08-03,sz.002099,海翔药业,11.91491464,11.91491464,11.91491464,11.91491464,0,0.0,0.0,0.0,320123213.0,3814240757.177538,2026-07-14
2015-08-04,sz.002099,海翔药业,11.91491464,11.91491464,11.91491464,11.91491464,0,0.0,0.0,0.0,320123213.0,3814240757.177538,2026-07-14
2015-08-05,sz.002099,海翔药业,11.91491464,11.91491464,11.91491464,11.91491464,0,0.0,0.0,0.0,320123213.0,3814240757.177538,2026-07-14
2015-08-06,sz.002099,海翔药业,11.91491464,11.91491464,11.91491464,11.91491464,0,0.0,0.0,0.0,320123213.0,3814240757.177538,2026-07-14
2015-08-07,sz.002099,海翔药业,11.91491464,11.91491464,11.91491464,11.91491464,0,0.0,0.0,0.0,320123213.0,3814240757.177538,2026-07-14
2015-08-10,sz.002099,海翔药业,11.91491464,11.91491464,11.91491464,11.91491464,0,0.0,0.0,0.0,320123213.0,3814240757.177538,2026-07-14
2015-08-11,sz.002099,海翔药业,11.91491464,11.91491464,11.91491464,11.91491464,0,0.0,0.0,0.0,320123213.0,3814240757.177538,2026-07-14
2015-08-12,sz.002099,海翔药业,11.91491464,11.91491464,11.91491464,11.91491464,0,0.0,0.0,0.0,320123213.0,3814240757.177538,2026-07-14
2015-08-13,sz.002099,海翔药业,11.91491464,11.91491464,11.91491464,11.91491464,0,0.0,0.0,0.0,320123213.0,3814240757.177538,2026-07-14
2015-08-14,sz.002099,海翔药业,11.91491464,11.91491464,11.91491464,11.91491464,0,0.0,0.0,0.0,320123213.0,3814240757.177538,2026-07-14
2015-08-17,sz.002099,海翔药业,13.10772656,12.02935416,13.10772656,11.9281192,42567175,1203966320.0,13.297122,0.9605,320123219.0,3850875576.1902413,2026-07-14
2015-08-18,sz.002099,海翔药业,12.02935416,10.8277392,12.03375568,10.8277392,26481671,681927872.0,8.272337,-9.989,320123213.0,3466210662.2300496,2026-07-14
2015-08-19,sz.002099,海翔药业,10.12789752,11.12264104,11.23708056,9.76257136,26419698,625978080.0,8.252978,2.7236,320123209.0,3560615542.279897,2026-07-14
2015-08-20,sz.002099,海翔药业,10.9157696,10.233534,11.0478152,10.19832184,14817122,358128768.0,4.628568,-7.9937,320123243.0,3275992091.4307623,2026-07-14
2015-08-21,sz.002099,海翔药业,10.1014884,10.0794808,10.6956936,9.3752376,19047107,446959584.0,5.94993,-1.5054,320123212.0,3226675768.98833,2026-07-14
2015-08-24,sz.002099,海翔药业,9.63052576,9.07153272,9.683344,9.07153272,14080657,293971408.0,4.398512,-10.0,320123192.0,2904008010.6588426,2026-07-14
2015-08-25,sz.002099,海翔药业,8.1648196,8.1648196,8.70620656,8.1648196,13888270,261327940.0,4.338414,-9.9952,320123206.0,2613748226.7636375,2026-07-14
2015-08-26,sz.002099,海翔药业,8.2968652,7.812698,8.62257768,7.3945536,25176438,467895232.0,7.864609,-4.3127,320123200.0,2501025884.3936,2026-07-14
2015-08-27,sz.002099,海翔药业,7.91833448,8.13400896,8.2968652,7.482584,20254114,366285504.0,6.326974,4.1127,320123237.0,2603885278.0622034,2026-07-14
2015-08-28,sz.002099,海翔药业,8.31006976,8.94829016,8.94829016,8.17802416,24811492,478539232.0,7.750607,10.0108,320123211.0,2864555378.9789042,2026-07-14
2015-08-31,sz.002099,海翔药业,8.94829016,8.6709944,9.3312224,8.66659288,23160953,475692352.0,7.235012,-3.0989,320123215.0,2775786604.574996,2026-07-14
2015-09-01,sz.002099,海翔药业,8.6269792,7.80389496,8.6269792,7.80389496,19169654,348199328.0,5.988211,-10.0,320123222.0,2498207998.744761,2026-07-14
2015-09-02,sz.002099,海翔药业,7.26690952,7.49138704,8.26165304,7.13486392,21550591,380363632.0,6.731968,-4.0045,320123194.0,2398166746.735006,2026-07-14
2015-09-07,sz.002099,海翔药业,7.76428128,7.3285308,8.05038008,6.98961376,26561794,452685040.0,8.297366,-2.1739,320123205.0,2346032767.637214,2026-07-14
2015-09-08,sz.002099,海翔药业,7.30212168,7.82150104,7.86111472,7.09084872,17148081,290916928.0,5.356713,6.7267,320123199.0,2503843933.906627,2026-07-14
2015-09-09,sz.002099,海翔药业,7.9667512,8.0547816,8.26605456,7.84791016,28781261,526030128.0,8.990682,2.9825,320123223.0,2578522646.353097,2026-07-14
2015-09-10,sz.002099,海翔药业,7.8347056,7.7686828,7.99756184,7.70706152,14585325,261204639.0,4.55616,-3.5519,320123196.0,2486935566.646229,2026-07-14
2015-09-11,sz.002099,海翔药业,7.79509192,7.77748584,7.91393296,7.64103872,11204039,198401652.0,3.499915,0.1133,320123174.0,2489753452.840856,2026-07-14
2015-09-14,sz.002099,海翔药业,7.85231168,6.9984168,7.922736,6.9984168,17024338,284255248.0,5.318058,-10.017,320123210.0,2240355650.933928,2026-07-14
2015-09-15,sz.002099,海翔药业,6.76073472,6.29857512,6.8663712,6.29857512,15331015,227779781.0,4.789098,-10.0,320123226.0,2016320186.617737,2026-07-14
2015-09-16,sz.002099,海翔药业,6.3161812,6.92799248,6.92799248,6.3161812,16953766,253643954.0,5.296013,9.993,320123195.0,2217811087.6335735,2026-07-14
2015-09-17,sz.002099,海翔药业,7.0204244,6.73872712,7.2405004,6.73872712,19462810,309004144.0,6.079787,-2.7319,320123221.0,2157223031.0944533,2026-07-14
2015-09-18,sz.002099,海翔药业,6.8663712,6.78714384,6.9544016,6.61548456,10962241,169334992.0,3.424382,0.7185,320123193.0,2172722157.411081,2026-07-14
2015-09-21,sz.002099,海翔药业,6.60668152,7.14366696,7.20528824,6.54065872,15144833,239120994.0,4.730939,5.2529,320123193.0,2286853476.9638033,2026-07-14
2015-09-22,sz.002099,海翔药业,7.19208368,7.23609888,7.42976576,7.14806848,17838359,295828848.0,5.572342,1.2939,320123191.0,2316443063.857126,2026-07-14
2015-09-23,sz.002099,海翔药业,7.042432,7.03803048,7.20088672,6.92359096,12538409,201361520.0,3.916745,-2.7372,320123189.0,2253036761.536801,2026-07-14
2015-09-24,sz.002099,海翔药业,7.09525024,7.19208368,7.25810648,7.08204568,10760372,175579044.0,3.361322,2.1889,320123213.0,2302352935.8064637,2026-07-14
2015-09-25,sz.002099,海翔药业,7.17007608,7.21409128,7.3945536,6.95880312,15935544,261326112.0,4.977941,0.306,320123200.0,2309397985.645696,2026-07-14
2015-09-28,sz.002099,海翔药业,7.17887912,7.42096272,7.42096272,7.07764416,14219060,235212053.0,4.441746,2.8676,320123213.0,2375622429.4796195,2026-07-14
2015-09-29,sz.002099,海翔药业,7.2845156,7.6366372,7.88312232,7.2184928,23955629,415210592.0,7.483253,2.9063,320123200.0,2444664737.70304,2026-07-14
2015-09-30,sz.002099,海翔药业,7.66304632,7.7466752,7.9007284,7.50019008,18114236,316762928.0,5.65852,1.4409,320123212.0,2479890547.3447423,2026-07-14
2015-10-08,sz.002099,海翔药业,8.28366064,8.20443328,8.44211536,8.10759984,22489481,421329008.0,7.025258,5.9091,320123204.0,2626429468.597829,2026-07-14
2015-10-09,sz.002099,海翔药业,8.2748576,8.46852448,8.6269792,8.20443328,22956738,440161232.0,7.171219,3.2189,320123231.0,2710971418.3401947,2026-07-14
2015-10-12,sz.002099,海翔药业,8.60937312,8.92628256,9.023116,8.54775184,22455154,449010912.0,7.014535,5.4054,320123201.0,2857510146.137675,2026-07-14
2015-10-13,sz.002099,海翔药业,8.8910704,8.90427496,9.0671312,8.7370172,20345253,410657744.0,6.355444,-0.2466,320123236.0,2850465314.428971,2026-07-14
2015-10-14,sz.002099,海翔药业,8.8910704,8.52134272,8.8910704,8.50813816,21110064,415399440.0,6.594356,-4.3005,320123208.0,2727879567.9938455,2026-07-14
2015-10-15,sz.002099,海翔药业,8.41130472,8.77222936,8.80304,8.37609256,18297182,361040560.0,5.715669,2.9442,320123191.0,2808194054.907088,2026-07-14
2015-10-16,sz.002099,海翔药业,8.8470552,8.90867648,9.243192,8.76782784,22043004,449221536.0,6.885787,1.5554,320123234.0,2851874325.4373364,2026-07-14
2015-10-19,sz.002099,海翔药业,8.8910704,9.22558592,9.33562392,8.7590248,25986609,531516288.0,8.11769,3.5573,320123200.0,2953324086.5853443,2026-07-14
2015-10-20,sz.002099,海翔药业,9.1111464,9.25199504,9.3312224,8.96589624,21822034,453399312.0,6.816761,0.2863,320123208.0,2961778332.6048884,2026-07-14
2015-10-21,sz.002099,海翔药业,9.3312224,8.33207736,9.463268,8.32767584,33560220,685147008.0,10.483532,-9.9429,320123218.0,2667291417.1081443,2026-07-14
2015-10-22,sz.002099,海翔药业,8.3848956,8.76342632,8.79423696,8.33207736,18743582,365460432.0,5.855115,5.177,320123209.0,2805376155.393461,2026-07-14
2015-10-23,sz.002099,海翔药业,8.93948712,9.12435096,9.20357832,8.81624456,23256226,476701824.0,7.264773,4.1185,320123230.0,2920916700.9688005,2026-07-14
2015-10-26,sz.002099,海翔药业,9.463268,9.19037376,9.5292908,9.023116,23587046,497166016.0,7.368115,0.7236,320123207.0,2942051921.5798483,2026-07-14
2015-10-27,sz.002099,海翔药业,9.18157072,9.2872072,9.3312224,8.6269792,20038438,410193840.0,6.259113,1.0536,320148206.0,2973282723.830283,2026-07-14
2015-10-28,sz.002099,海翔药业,9.1991768,9.12875248,9.52048776,9.02751752,22525232,477430320.0,7.035876,-1.7062,320148223.0,2922553884.678843,2026-07-14
2015-10-29,sz.002099,海翔药业,9.1551616,9.2872072,9.37963912,9.09354032,15592991,327480784.0,4.870554,1.7358,320148201.0,2973282677.394247,2026-07-14
2015-10-30,sz.002099,海翔药业,9.243192,9.89901848,10.18071576,9.05832816,30729409,672832080.0,9.598495,6.5877,320148200.0,3169152948.1387362,2026-07-14
2015-11-02,sz.002099,海翔药业,9.7273592,9.89461696,10.343572,9.6393288,43010123,983526672.0,13.434441,-0.0445,320148215.0,3167743957.8527265,2026-07-14
2015-11-03,sz.002099,海翔药业,9.87260936,9.3972452,10.0354656,9.35763152,24222878,527722512.0,7.566145,-5.0267,320148213.0,3008511257.9028277,2026-07-14
2015-11-04,sz.002099,海翔药业,9.34002544,10.11469296,10.233534,9.34002544,33714217,744472896.0,10.530815,7.6347,320148222.0,3238200967.219917,2026-07-14
2015-11-05,sz.002099,海翔药业,10.11469296,9.87701088,10.16310968,9.7713744,28544426,645250704.0,8.916004,-2.3499,320148196.0,3162107215.1043725,2026-07-14
2015-11-06,sz.002099,海翔药业,9.90342,9.90342,10.00025344,9.77577592,25145731,564566880.0,7.854403,0.2674,320148215.0,3170562235.3953004,2026-07-14
2015-11-09,sz.002099,海翔药业,9.7053516,9.85060176,9.99585192,9.51168472,24444638,542989312.0,7.635413,-0.5333,320148209.0,3153652511.0362477,2026-07-14
2015-11-10,sz.002099,海翔药业,9.683344,9.73616224,9.90342,9.60851816,17195758,380781616.0,5.371187,-1.1617,320148191.0,3117014728.418508,2026-07-14
2015-11-11,sz.002099,海翔药业,9.73616224,10.03106408,10.0574732,9.6613364,25729037,581775536.0,8.036602,3.0289,320148204.0,3211427149.4209123,2026-07-14
2015-11-12,sz.002099,海翔药业,10.123496,9.91222304,10.26434464,9.86820784,20676175,471632288.0,6.458313,-1.1847,320148234.0,3173380701.2701116,2026-07-14
2015-11-13,sz.002099,海翔药业,9.79778352,9.49848016,9.79778352,9.463268,17148462,374031376.0,5.356413,-4.1741,320148241.0,3040921715.3973985,2026-07-14
2015-11-16,sz.002099,海翔药业,9.2211844,9.58210904,9.59091208,9.14195704,13779694,291631024.0,4.304161,0.8804,320148201.0,3067694970.9418373,2026-07-14
2015-11-17,sz.002099,海翔药业,9.6173212,9.42805584,9.84179872,9.3972452,15214908,333460288.0,4.752458,-1.6077,320148184.0,3018374955.826595,2026-07-14
2015-11-18,sz.002099,海翔药业,9.42805584,9.26960112,9.6613364,9.26079808,9896945,212804121.0,3.091363,-1.6807,320148265.0,2967646715.810057,2026-07-14
2015-11-19,sz.002099,海翔药业,9.243192,9.2211844,9.3752376,8.81184304,20437772,422452512.0,6.383847,-0.5223,320148212.0,2952145698.182293,2026-07-14
2015-11-20,sz.002099,海翔药业,9.1991768,9.1991768,9.2872072,8.97029776,20298205,421651376.0,5.091074,-0.2387,398701826.0,3667728587.856837,2026-07-14
2015-11-23,sz.002099,海翔药业,9.20797984,9.54249536,9.71855616,9.20797984,30813625,668374400.0,7.728488,3.7321,398701855.0,3804610601.360893,2026-07-14
2015-11-24,sz.002099,海翔药业,9.56890448,9.34002544,9.65693488,9.19037376,19657766,417398432.0,4.930443,-2.1218,398701821.0,3723885151.114326,2026-07-14
2015-11-25,sz.002099,海翔药业,9.35763152,9.463268,9.49848016,9.28280568,21181589,449923312.0,5.312639,1.3195,398701832.0,3773022288.306976,2026-07-14
2015-11-26,sz.002099,海翔药业,9.48967712,9.34442696,9.56450296,9.34442696,16883619,360816496.0,4.234648,-1.2558,398701828.0,3725640110.5644827,2026-07-14
2015-11-27,sz.002099,海翔药业,9.38404064,8.6049716,9.41485128,8.44651688,22144209,451395888.0,5.554078,-7.9133,398701801.0,3430817674.4738517,2026-07-14
2015-11-30,sz.002099,海翔药业,8.64018376,8.3848956,8.7590248,7.93594056,17645604,334964144.0,4.425764,-2.5575,398701874.0,3343073589.014354,2026-07-14
2015-12-01,sz.002099,海翔药业,8.362888,8.55655488,8.73261568,8.28366064,13532784,263645426.0,3.394212,2.0473,398701790.0,3411513746.8892355,2026-07-14
2015-12-02,sz.002099,海翔药业,8.60057008,8.43771384,8.60057008,8.15161504,10900122,207461897.0,2.733903,-1.3889,398701856.0,3364132168.404887,2026-07-14
2015-12-03,sz.002099,海翔药业,8.46852448,8.60057008,8.6049716,8.45972144,8566338,166224596.0,2.148557,1.9301,398701919.0,3429063795.3899837,2026-07-14
2015-12-04,sz.002099,海翔药业,8.62257768,8.65778984,8.79863848,8.582964,12741662,251783373.0,3.195787,0.6653,398701853.0,3451876852.092573,2026-07-14
2015-12-07,sz.002099,海翔药业,8.7150096,8.72821416,8.74141872,8.63578224,10885121,215068697.0,2.730141,0.8134,398701789.0,3479954600.367132,2026-07-14
2015-12-08,sz.002099,海翔药业,8.72381264,8.7370172,8.88226736,8.59616856,13936429,277701280.0,3.495451,0.1009,398701884.0,3483465218.180405,2026-07-14
2015-12-09,sz.002099,海翔药业,8.75022176,8.5169412,8.7590248,8.47732752,10177322,198302784.0,2.552615,-2.5189,398701802.0,3395719803.9680424,2026-07-14
2015-12-10,sz.002099,海翔药业,8.51253968,8.44651688,8.60937312,8.4289108,7640933,147680095.0,1.916453,-0.8269,398701820.0,3367641652.716722,2026-07-14
2015-12-11,sz.002099,海翔药业,8.35848648,8.4069032,8.48613056,8.26165304,7941807,151308422.0,1.991916,-0.469,398701903.0,3351848304.1767898,2026-07-14
2015-12-14,sz.002099,海翔药业,8.3188728,8.57856248,8.582964,8.2748576,8209352,157323714.0,2.05902,2.0419,398701907.0,3420289220.0946493,2026-07-14
2015-12-15,sz.002099,海翔药业,8.59176704,8.75022176,8.8910704,8.59176704,10704675,213575217.0,2.684882,2.001,398701880.0,3488729866.128909,2026-07-14
2015-12-16,sz.002099,海翔药业,8.78983544,8.75022176,8.8910704,8.73261568,10030809,200579279.0,2.515867,0.0,398701879.0,3488729857.3786874,2026-07-14
2015-12-17,sz.002099,海翔药业,8.84265368,9.06272968,9.09354032,8.83825216,17454258,357361776.0,4.377772,3.5714,398701851.0,3613327098.528638,2026-07-14
2015-12-18,sz.002099,海翔药业,9.0671312,9.08473728,9.19477528,8.92628256,16011371,329126096.0,4.015876,0.2428,398701827.0,3622101351.351011,2026-07-14
2015-12-21,sz.002099,海翔药业,9.0671312,9.19037376,9.2872072,9.03191904,13201055,275582240.0,3.311009,1.1628,398701876.0,3664219259.253174,2026-07-14
2015-12-22,sz.002099,海翔药业,9.243192,9.1991768,9.32241936,9.10674488,10645726,222206312.0,2.670097,0.0958,398701845.0,3667728762.6411963,2026-07-14
2015-12-23,sz.002099,海翔药业,9.1991768,9.27400264,9.43685888,9.1551616,17445161,370601904.0,4.375491,0.8134,398701791.0,3697561462.3067284,2026-07-14
2015-12-24,sz.002099,海翔药业,9.26960112,9.89901848,10.123496,9.11554792,34835260,761627520.0,8.737171,6.7394,398701822.0,3946756703.987671,2026-07-14
2015-12-25,sz.002099,海翔药业,9.8153896,10.64287536,10.8277392,9.78457896,38344314,901674480.0,9.617291,7.5145,398701817.0,4243333744.136529,2026-07-14
2015-12-28,sz.002099,海翔药业,10.8057316,10.22913248,10.8057316,10.1455036,33648547,798722688.0,8.439527,-3.8875,398701811.0,4078373644.7349215,2026-07-14
2015-12-29,sz.002099,海翔药业,10.2115264,10.7397088,10.783724,10.19392032,24989219,595187376.0,6.267646,4.9914,398701825.0,4281941498.52856,2026-07-14
2015-12-30,sz.002099,海翔药业,10.72210272,10.90696656,11.17105776,10.64287536,39552505,978033392.0,9.920322,1.5574,398701826.0,4348627483.592938,2026-07-14
2015-12-31,sz.002099,海翔药业,10.86735288,10.4976252,10.86735288,10.43600392,29695167,717344928.0,7.447964,-3.753,398701806.0,4185422125.9511113,2026-07-14
2016-01-04,sz.002099,海翔药业,10.4976252,10.4976252,10.4976252,10.4976252,0,0.0,0.0,0.0,398701806.0,4185422125.9511113,2026-07-14
2016-01-05,sz.002099,海翔药业,10.4976252,10.4976252,10.4976252,10.4976252,0,0.0,0.0,0.0,398701806.0,4185422125.9511113,2026-07-14
2016-01-06,sz.002099,海翔药业,10.4976252,10.4976252,10.4976252,10.4976252,0,0.0,0.0,0.0,398701806.0,4185422125.9511113,2026-07-14
2016-01-07,sz.002099,海翔药业,10.4976252,10.4976252,10.4976252,10.4976252,0,0.0,0.0,0.0,398701806.0,4185422125.9511113,2026-07-14
2016-01-08,sz.002099,海翔药业,10.4976252,10.4976252,10.4976252,10.4976252,0,0.0,0.0,0.0,398701806.0,4185422125.9511113,2026-07-14
2016-01-11,sz.002099,海翔药业,10.4976252,10.4976252,10.4976252,10.4976252,0,0.0,0.0,0.0,398701806.0,4185422125.9511113,2026-07-14
2016-01-12,sz.002099,海翔药业,9.45006344,9.45006344,9.45006344,9.45006344,485400,10421538.0,0.121745,-9.979,398702205.0,3767761130.917885,2026-07-14
2016-01-13,sz.002099,海翔药业,8.50373664,8.50373664,8.93068408,8.50373664,37986521,738992896.0,9.527551,-10.014,398701838.0,3390455428.2359443,2026-07-14
2016-01-14,sz.002099,海翔药业,7.81709952,8.38049408,8.472926,7.7466752,22559002,414885328.0,5.658113,-1.4493,398701864.0,3341318610.936965,2026-07-14
2016-01-15,sz.002099,海翔药业,9.023116,8.74141872,9.1991768,8.63138072,31288157,633679312.0,7.847508,4.3067,398701817.0,3485219526.8218145,2026-07-14
2016-01-18,sz.002099,海翔药业,8.41570624,8.80304,9.14635856,8.41570624,24837313,499412432.0,6.229546,0.7049,398701816.0,3509788034.3206396,2026-07-14
2016-01-19,sz.002099,海翔药业,8.8910704,9.133154,9.21678288,8.693002,27327763,556276848.0,6.854186,3.75,398701801.0,3641404948.610354,2026-07-14
2016-01-20,sz.002099,海翔药业,9.19037376,9.8373972,9.9254276,9.0671312,43067113,938139664.0,10.801835,7.7108,398701822.0,3922188187.3776984,2026-07-14
2016-01-21,sz.002099,海翔药业,9.69214704,9.57770752,9.9914504,9.52048776,39765496,876950160.0,9.973743,-2.6398,398701831.0,3818649525.0064692,2026-07-14
2016-01-22,sz.002099,海翔药业,9.90342,8.8690628,9.98704888,8.63138072,49560954,1044686384.0,12.430581,-7.3989,398701831.0,3536111577.613987,2026-07-14
2016-01-25,sz.002099,海翔药业,8.7810324,8.9350856,8.9350856,8.5169412,29594555,585646144.0,7.422729,0.7444,398701812.0,3562434819.0951076,2026-07-14
2016-01-26,sz.002099,海翔药业,8.7810324,8.76342632,9.6173212,8.6269792,40420104,834246864.0,10.137928,-1.9212,398701825.0,3493994067.037034,2026-07-14
2016-01-27,sz.002099,海翔药业,8.6709944,8.46412296,8.85585824,8.0107664,26273190,499959680.0,6.589684,-3.4154,398701819.0,3374661220.391664,2026-07-14
2016-01-28,sz.002099,海翔药业,8.362888,8.19122872,8.75462328,8.13400896,21337051,412365312.0,5.351631,-3.2241,398701835.0,3265857921.5687013,2026-07-14
2016-01-29,sz.002099,海翔药业,8.142812,8.43331232,8.57856248,7.78188736,21851079,410283808.0,5.480556,2.9554,398701865.0,3362377350.111477,2026-07-14
2016-02-01,sz.002099,海翔药业,8.4289108,8.06358464,8.50813816,7.922736,16259119,304499520.0,4.078015,-4.3841,398701795.0,3214965670.102429,2026-07-14
2016-02-02,sz.002099,海翔药业,8.142812,8.23524392,8.41130472,8.0987968,16330762,307103392.0,4.095984,2.1288,398701802.0,3283406590.813544,2026-07-14
2016-02-03,sz.002099,海翔药业,8.1648196,8.37609256,8.49053208,8.0987968,16445869,312483952.0,4.124854,1.7103,398701845.0,3339563557.562773,2026-07-14
2016-02-04,sz.002099,海翔药业,8.4289108,8.60937312,8.7150096,8.41130472,17359071,338516944.0,4.353898,2.7851,398701830.0,3432572818.09681,2026-07-14
2016-02-05,sz.002099,海翔药业,8.79423696,8.5609564,8.913078,8.53014576,17769498,351212208.0,4.456839,-0.5624,398701815.0,3413268854.815866,2026-07-14
2016-02-15,sz.002099,海翔药业,8.362888,8.79423696,8.8690628,8.1868272,15565030,305432944.0,3.903927,2.7249,398701871.0,3506278729.969352,2026-07-14
2016-02-16,sz.002099,海翔药业,8.8690628,9.29601024,9.3752376,8.82944912,23570389,488102592.0,5.911784,5.7057,398701796.0,3706335978.3223906,2026-07-14
2016-02-17,sz.002099,海翔药业,9.3092148,9.51168472,9.67454096,9.11554792,29681780,629916736.0,7.444606,2.3201,398701825.0,3792326056.688614,2026-07-14
2016-02-18,sz.002099,海翔药业,9.5953136,9.43245736,9.7273592,9.40604824,26807573,581154320.0,6.723715,-0.8329,398701804.0,3760737765.585078,2026-07-14
2016-02-19,sz.002099,海翔药业,9.39284368,9.4412604,9.52488928,9.30041176,16995215,363703808.0,4.262638,0.0933,398701813.0,3764247638.4851055,2026-07-14
2016-02-22,sz.002099,海翔药业,9.6393288,9.89461696,9.92102608,9.47647256,27415859,602467232.0,6.876281,4.8019,398701842.0,3945002007.8364406,2026-07-14
2016-02-23,sz.002099,海翔药业,9.90342,10.00025344,10.233534,9.683344,33085948,750782016.0,8.298419,1.0676,398701825.0,3987119296.990528,2026-07-14
2016-02-24,sz.002099,海翔药业,10.123496,9.81098808,10.2775492,9.53369232,35223874,789877728.0,8.821547,-1.8926,399293616.0,3917464906.996097,2026-07-14
2016-02-25,sz.002099,海翔药业,9.68774552,8.82944912,9.7713744,8.82944912,35259832,733322048.0,8.830553,-10.0045,399293589.0,3525542428.0176916,2026-07-14
2016-02-26,sz.002099,海翔药业,8.94829016,8.86025976,9.0011084,8.6269792,19811324,397737888.0,4.961593,0.349,399293614.0,3537845140.5491724,2026-07-14
2016-02-29,sz.002099,海翔药业,8.89547192,8.43771384,9.0891388,8.16041808,20826828,404626816.0,5.215918,-4.769,399293624.0,3369125337.4485564,2026-07-14
2016-03-01,sz.002099,海翔药业,8.446602,8.4910578,8.7133368,7.85978544,42510004,399096112.0,5.323151,0.6322,798587228.0,6780850311.289779,2026-07-14
2016-03-02,sz.002099,海翔药业,8.43771084,8.9356158,9.12233016,8.14430256,53457975,520910848.0,6.694069,5.2356,798587152.0,7135867973.088202,2026-07-14
2016-03-03,sz.002099,海翔药业,9.00674508,8.56218708,9.13122132,8.45549316,60385310,596092624.0,7.561517,-4.1791,798587241.0,6837653357.143045,2026-07-14
2016-03-04,sz.002099,海翔药业,8.3576904,8.002044,8.42881968,7.8686766,42167139,386964512.0,5.280217,-6.5421,798587236.0,6390330200.310384,2026-07-14
2016-03-07,sz.002099,海翔药业,7.96647936,8.27766996,8.41103736,7.96647936,32621910,301775632.0,4.084953,3.4444,798587156.0,6610440911.663034,2026-07-14
2016-03-08,sz.002099,海翔药业,8.51773128,8.46438432,8.69555448,8.01093516,48915709,460325200.0,6.125281,2.2556,798587183.0,6759548829.938171,2026-07-14
2016-03-09,sz.002099,海翔药业,8.16208488,8.2687788,8.41992852,8.06428212,29043765,268624320.0,3.636893,-2.3109,798587283.0,6603341595.62,2026-07-14
2016-03-10,sz.002099,海翔药业,8.3132346,7.99315284,8.33990808,7.99315284,24369898,224042509.0,3.051626,-3.3333,798587311.0,6383230432.907613,2026-07-14
2016-03-11,sz.002099,海翔药业,7.8242208,7.6019418,7.84200312,7.54859484,37351937,321383968.0,4.677252,-4.8943,798587226.0,6070813614.275447,2026-07-14
2016-03-14,sz.002099,海翔药业,7.8242208,7.99315284,8.19764952,7.65528876,43697229,389396816.0,5.471817,5.1462,798587179.0,6383229377.811438,2026-07-14
2016-03-15,sz.002099,海翔药业,7.99315284,7.85089428,8.14430256,7.77087384,33767243,302316240.0,4.228373,-1.7798,798587140.0,6269623209.50756,2026-07-14
2016-03-16,sz.002099,海翔药业,7.89535008,7.68196224,7.96647936,7.66417992,22292006,194768550.0,2.79143,-2.1518,798587319.0,6134717629.900834,2026-07-14
2016-03-17,sz.002099,海翔药业,7.7353092,7.9131324,7.9575882,7.65528876,35226411,309836560.0,4.411091,3.0093,798587266.0,6319326768.812018,2026-07-14
2016-03-18,sz.002099,海翔药业,7.97537052,8.6244252,8.70444564,7.97537052,77358396,729907104.0,9.686906,8.9888,798587248.0,6887355986.049849,2026-07-14
2016-03-21,sz.002099,海翔药业,8.90894232,9.48686772,9.48686772,8.90894232,73779271,769049568.0,9.238724,10.0,798587240.0,7576091508.759892,2026-07-14
2016-03-22,sz.002099,海翔药业,9.6469086,9.2912622,9.6469086,9.113439,77465074,810439616.0,9.700265,-2.0619,798587193.0,7419882999.725005,2026-07-14
2016-03-23,sz.002099,海翔药业,9.2468064,9.89586108,10.02922848,9.0689832,79825156,858102944.0,9.995797,6.5072,798587206.0,7902708050.841342,2026-07-14
2016-03-24,sz.002099,海翔药业,9.6469086,9.6024528,10.0914666,9.49575888,72384818,797591680.0,9.064109,-2.965,798587241.0,7668396288.384725,2026-07-14
2016-03-25,sz.002099,海翔药业,9.53132352,9.25569756,9.6913644,9.113439,51200483,536892528.0,6.411383,-3.6111,798587185.0,7391481459.651769,2026-07-14
2016-03-28,sz.002099,海翔药业,9.30904452,9.30904452,9.67358208,9.22902408,40157076,425899984.0,5.028515,0.5764,798587177.0,7434083583.794121,2026-07-14
2016-03-29,sz.002099,海翔药业,9.22902408,8.96228928,9.27347988,8.89116,30536900,310760320.0,3.823865,-3.7249,798587293.0,7157170335.198119,2026-07-14
2016-03-30,sz.002099,海翔药业,9.07787436,9.26458872,9.32682684,8.9800716,32807716,338225088.0,4.10822,3.373,798587125.0,7398581270.212231,2026-07-14
2016-03-31,sz.002099,海翔药业,9.30015336,9.14011248,9.4246296,9.05120088,39933501,412239184.0,5.000518,-1.3436,798587286.0,7299177619.13793,2026-07-14
2016-04-01,sz.002099,海翔药业,9.05120088,9.22902408,9.30015336,8.94450696,30424913,311865040.0,3.746635,0.9728,812059702.0,7494518544.155624,2026-07-14
2016-04-05,sz.002099,海翔药业,9.17567712,9.38906496,9.5135412,9.1578948,38117531,400369584.0,4.693932,1.7341,812059719.0,7624481453.090346,2026-07-14
2016-04-06,sz.002099,海翔药业,9.38906496,9.23791524,9.4246296,9.17567712,31229241,325772992.0,3.845683,-1.6098,812059678.0,7501738475.185693,2026-07-14
2016-04-07,sz.002099,海翔药业,9.30904452,9.25569756,9.50465004,9.21124176,43197977,454938688.0,5.319557,0.1925,812059670.0,7516178706.193405,2026-07-14
2016-04-08,sz.002099,海翔药业,9.08676552,9.05120088,9.1578948,8.91783348,27374876,277742464.0,3.371042,-2.2094,812059773.0,7350116131.9902,2026-07-14
2016-04-11,sz.002099,海翔药业,9.113439,9.19345944,9.37128264,9.113439,30293405,315695968.0,3.730441,1.5717,812059620.0,7465637179.331813,2026-07-14
2016-04-12,sz.002099,海翔药业,9.28237104,9.1578948,9.37128264,9.0689832,22649082,234061855.0,2.789091,-0.3868,812059628.0,7436756644.551134,2026-07-14
2016-04-13,sz.002099,海翔药业,9.2912622,9.23791524,9.3801738,9.22902408,44279228,463971664.0,5.452706,0.8738,812059700.0,7501738678.419827,2026-07-14
2016-04-14,sz.002099,海翔药业,9.335718,9.28237104,9.3801738,9.16678596,22491121,234375592.0,2.769639,0.4812,812059658.0,7537839052.171504,2026-07-14
2016-04-15,sz.002099,海翔药业,9.30015336,9.21124176,9.31793568,9.1578948,18661878,193370796.0,2.298092,-0.7663,812059656.0,7480077814.958435,2026-07-14
2016-04-18,sz.002099,海翔药业,9.1578948,9.04230972,9.17567712,8.9800716,18014267,183303121.0,2.218343,-1.834,812059587.0,7342894296.749286,2026-07-14
2016-04-19,sz.002099,海翔药业,9.08676552,9.03341856,9.1578948,8.94450696,13574277,137898687.0,1.671586,-0.0983,812059744.0,7335675563.278448,2026-07-14
2016-04-20,sz.002099,海翔药业,8.95339812,8.25099648,8.97118044,8.12652024,61799331,590486080.0,7.610195,-8.6614,812059757.0,6700302196.556655,2026-07-14
2016-04-21,sz.002099,海翔药业,8.23321416,8.02871748,8.2687788,8.002044,24623521,224922926.0,3.019452,-2.694,815496355.0,6547389840.264785,2026-07-14
2016-04-22,sz.002099,海翔药业,8.0464998,8.12652024,8.16208488,8.002044,15769532,143371279.0,1.933734,1.2182,815496444.0,6627148357.814026,2026-07-14
2016-04-25,sz.002099,海翔药业,8.12652024,8.01982632,8.17097604,7.90424124,17478787,157530588.0,2.143331,-1.3129,815496393.0,6540139436.446464,2026-07-14
2016-04-26,sz.002099,海翔药业,7.9575882,8.63331636,8.65998984,7.9575882,45578296,433223024.0,5.589025,7.6497,815496370.0,7040438152.641613,2026-07-14
2016-04-27,sz.002099,海翔药业,8.56218708,8.38436388,8.57107824,8.33990808,22830420,216950450.0,2.799574,-2.8836,815496215.0,6837417009.322715,2026-07-14
2016-04-28,sz.002099,海翔药业,8.4021462,8.28656112,8.43771084,8.08206444,14966404,139016656.0,1.835251,-1.1665,815496300.0,6757659933.083856,2026-07-14
2016-04-29,sz.002099,海翔药业,8.15319372,8.20654068,8.33990808,8.15319372,9535339,88319131.0,1.169268,-0.9657,815496447.0,6692404766.700964,2026-07-14
2016-05-03,sz.002099,海翔药业,8.19764952,8.52662244,8.58886056,8.19764952,20399200,194122410.0,2.501446,3.9003,815496317.0,6953429196.269554,2026-07-14
2016-05-04,sz.002099,海翔药业,8.4021462,8.43771084,8.57107824,8.4021462,16298911,155381532.0,1.998649,-1.0428,815496418.0,6880922966.1397705,2026-07-14
2016-05-05,sz.002099,海翔药业,8.43771084,8.50884012,8.52662244,8.4021462,13248509,126364206.0,1.624595,0.843,815496108.0,6938926001.454253,2026-07-14
2016-05-06,sz.002099,海翔药业,8.55329592,8.15319372,8.55329592,8.14430256,21556068,200876098.0,2.643306,-4.1797,815496503.0,6648900966.941562,2026-07-14
2016-05-09,sz.002099,海翔药业,8.09984676,7.70863572,8.14430256,7.6019418,25903059,227567760.0,3.176355,-5.4526,815496347.0,6286364270.013715,2026-07-14
2016-05-10,sz.002099,海翔药业,7.71752688,7.6463976,7.8686766,7.59305064,16760012,145018158.0,2.055192,-0.8074,815496168.0,6235607941.804397,2026-07-14
2016-05-11,sz.002099,海翔药业,7.70863572,7.62861528,7.80643848,7.52192136,18461876,159462046.0,2.263882,-0.2326,815496391.0,6221108229.167455,2026-07-14
2016-05-12,sz.002099,海翔药业,7.53970368,7.56637716,7.6019418,7.29964236,14665541,123333374.0,1.798358,-0.8158,815496192.0,6170351761.215775,2026-07-14
2016-05-13,sz.002099,海翔药业,7.58415948,7.62861528,7.779765,7.53970368,14896420,128150120.0,1.826669,0.8226,815496404.0,6221108328.339453,2026-07-14
2016-05-16,sz.002099,海翔药业,7.58415948,7.78865616,7.8242208,7.45968324,17153614,147988669.0,2.103457,2.0979,815496300.0,6351620280.4522085,2026-07-14
2016-05-17,sz.002099,海翔药业,7.77087384,7.6908534,7.84200312,7.61972412,14253751,123657937.0,1.747862,-1.2557,815496361.0,6271862960.684478,2026-07-14
2016-05-18,sz.002099,海翔药业,7.61083296,7.40633628,7.62861528,7.30853352,13173289,110524489.0,1.615371,-3.6994,815496193.0,6039839040.417782,2026-07-14
2016-05-19,sz.002099,海翔药业,7.43300976,7.37077164,7.54859484,7.35298932,10471441,87765989.0,1.284057,-0.4802,815496586.0,6010839108.605621,2026-07-14
2016-05-20,sz.002099,海翔药业,7.36188048,7.41522744,7.4241186,7.26407772,10173957,83980385.0,1.247578,0.6031,815496666.0,6047093254.9517145,2026-07-14
2016-05-23,sz.002099,海翔药业,7.45079208,7.8242208,7.9131324,7.41522744,31277687,273427872.0,3.835417,5.5156,815496385.0,6380623777.841808,2026-07-14
2016-05-24,sz.002099,海翔药业,7.80643848,7.62861528,7.80643848,7.59305064,14694709,126474608.0,1.801934,-2.5,815496517.0,6221109190.37298,2026-07-14
2016-05-25,sz.002099,海翔药业,7.71752688,7.53970368,7.7353092,7.50413904,10457711,89522236.0,1.282374,-1.1655,815496181.0,6148599556.911646,2026-07-14
2016-05-26,sz.002099,海翔药业,7.53970368,7.70863572,7.8242208,7.38855396,18371910,157669576.0,2.25285,2.2406,815496371.0,6286364455.020972,2026-07-14
2016-05-27,sz.002099,海翔药业,7.67307108,7.66417992,7.79754732,7.63750644,9498610,82350551.0,1.164764,-0.5767,815496530.0,6250112130.055677,2026-07-14
2016-05-30,sz.002099,海翔药业,7.66417992,7.6463976,7.7353092,7.557486,10118108,86986918.0,1.24073,-0.232,815496361.0,6235609417.559134,2026-07-14
2016-05-31,sz.002099,海翔药业,7.62861528,7.9575882,8.0909556,7.61083296,23367109,206959618.0,2.865385,4.0698,815496312.0,6489383829.514718,2026-07-14
2016-06-01,sz.002099,海翔药业,7.98426168,7.8686766,8.03760864,7.83311196,21431839,190846727.0,2.628073,-1.1173,815496335.0,6416876928.600261,2026-07-14
2016-06-02,sz.002099,海翔药业,7.88645892,7.88645892,7.9131324,7.81532964,17240168,152390698.0,2.114071,0.226,815496168.0,6431377028.349419,2026-07-14
2016-06-03,sz.002099,海翔药业,7.87756776,7.85089428,7.9131324,7.77087384,16601193,146276933.0,2.035716,-0.451,815496513.0,6402376909.271646,2026-07-14
2016-06-06,sz.002099,海翔药业,7.8686766,7.90424124,8.0464998,7.85089428,21837837,195241115.0,2.677858,0.6795,815496453.0,6445880694.876322,2026-07-14
2016-06-07,sz.002099,海翔药业,7.9131324,8.002044,8.03760864,7.85089428,19046850,170549577.0,2.335614,1.2373,815496482.0,6525638730.809208,2026-07-14
2016-06-08,sz.002099,海翔药业,8.0909556,8.23321416,8.4021462,8.002044,43263854,401086944.0,5.305217,2.8889,815496407.0,6714156565.541523,2026-07-14
2016-06-13,sz.002099,海翔药业,8.12652024,7.67307108,8.12652024,7.67307108,27535181,245050734.0,3.376493,-6.8035,815496463.0,6257362326.08759,2026-07-14
2016-06-14,sz.002099,海翔药业,7.6019418,7.6908534,7.76198268,7.5130302,12395081,106786744.0,1.519943,0.2317,815496436.0,6271863537.498483,2026-07-14
2016-06-15,sz.002099,海翔药业,7.54859484,7.84200312,7.88645892,7.5130302,17410386,152576478.0,2.134943,1.9653,815496526.0,6395126301.241161,2026-07-14
2016-06-16,sz.002099,海翔药业,7.8242208,7.7353092,7.85089428,7.69974456,13027031,113844384.0,1.597436,-1.3605,815496270.0,6308115799.896684,2026-07-14
2016-06-17,sz.002099,海翔药业,7.72641804,7.80643848,7.94869704,7.72641804,10778775,95023993.0,1.321744,0.9195,815496420.0,6366122633.390242,2026-07-14
2016-06-20,sz.002099,海翔药业,7.8242208,7.99315284,8.08206444,7.69974456,22530399,200607514.0,2.762784,2.3918,815496217.0,6518385902.922806,2026-07-14
2016-06-21,sz.002099,海翔药业,8.01982632,8.23321416,8.446602,8.01982632,45868626,424431488.0,5.624627,3.0033,815496316.0,6714155816.319034,2026-07-14
2016-06-22,sz.002099,海翔药业,8.16208488,8.28656112,8.43771084,8.1354114,27082598,253392791.0,3.320996,0.6479,815496255.0,6757659560.188605,2026-07-14
2016-06-23,sz.002099,海翔药业,8.3132346,8.43771084,8.5355136,8.28656112,33602657,318319312.0,4.120516,1.824,815496336.0,6880922274.247481,2026-07-14
2016-06-24,sz.002099,海翔药业,8.5799694,8.27766996,8.5799694,8.002044,33764698,316709248.0,4.140386,-1.8967,815496381.0,6750409895.492415,2026-07-14
2016-06-27,sz.002099,海翔药业,8.14430256,8.48216664,8.5799694,8.14430256,26159442,248726843.0,3.207794,2.4705,815496319.0,6917175672.064599,2026-07-14
2016-06-28,sz.002099,海翔药业,8.42881968,8.47327548,8.56218708,8.4021462,18233190,173966833.0,2.23584,-0.1048,815496189.0,6909923862.287146,2026-07-14
2016-06-29,sz.002099,海翔药业,8.4910578,8.54440476,8.72222796,8.4910578,22675900,219626945.0,2.780626,0.8395,815496223.0,6967929809.563222,2026-07-14
2016-06-30,sz.002099,海翔药业,8.6244252,8.46438432,8.65109868,8.42881968,15676512,149723634.0,1.922328,-0.9365,815496211.0,6902673341.407812,2026-07-14
2016-07-01,sz.002099,海翔药业,8.46438432,8.47327548,8.55329592,8.36658156,16415890,156545531.0,2.012994,0.105,815496221.0,6909924133.431961,2026-07-14
2016-07-04,sz.002099,海翔药业,8.4910578,8.77557492,8.82003072,8.48216664,32650689,318898304.0,4.003781,3.5677,815496377.0,7156449553.352065,2026-07-14
2016-07-05,sz.002099,海翔药业,8.90005116,9.23791524,9.36239148,8.89116,58053583,595272848.0,7.118803,5.2685,815496411.0,7533486723.342203,2026-07-14
2016-07-06,sz.002099,海翔药业,9.16678596,9.12233016,9.26458872,9.0245274,26070725,267150836.0,3.196915,-1.2512,815496346.0,7439226912.485596,2026-07-14
2016-07-07,sz.002099,海翔药业,9.12233016,9.0245274,9.19345944,8.90005116,23411558,238018489.0,2.870835,-1.0721,815496467.0,7359470211.044696,2026-07-14
2016-07-08,sz.002099,海翔药业,9.06009204,9.03341856,9.30015336,8.9800716,21666068,222414016.0,2.656795,0.0985,815496416.0,7366720459.907881,2026-07-14
2016-07-11,sz.002099,海翔药业,9.03341856,9.09565668,9.23791524,8.89116,34813121,354416240.0,4.268949,0.689,815496297.0,7417474341.323314,2026-07-14
2016-07-12,sz.002099,海翔药业,9.09565668,9.07787436,9.113439,8.90005116,19349763,196317870.0,2.372759,-0.1955,815496348.0,7402973388.182837,2026-07-14
2016-07-13,sz.002099,海翔药业,9.113439,9.01563624,9.26458872,8.9800716,21484223,220321009.0,2.634496,-0.6856,815496512.0,7352219907.180794,2026-07-14
2016-07-14,sz.002099,海翔药业,9.01563624,9.03341856,9.10454784,8.96228928,13505401,137210655.0,1.656096,0.1972,815496264.0,7366719086.828259,2026-07-14
2016-07-15,sz.002099,海翔药业,9.05120088,8.97118044,9.13122132,8.9356158,14047962,142205465.0,1.722627,-0.689,815496448.0,7315965783.187077,2026-07-14
2016-07-18,sz.002099,海翔药业,8.96228928,8.89116,8.96228928,8.82003072,16303188,163152877.0,1.999174,-0.892,815496200.0,7250707193.591999,2026-07-14
2016-07-19,sz.002099,海翔药业,8.86448652,9.10454784,9.10454784,8.82892188,18769061,189736841.0,2.301551,2.4,815496202.0,7424724184.447304,2026-07-14
2016-07-20,sz.002099,海翔药业,9.10454784,9.09565668,9.19345944,9.06009204,13486610,138407146.0,1.653792,-0.0977,815496145.0,7417472958.783498,2026-07-14
2016-07-21,sz.002099,海翔药业,9.07787436,9.01563624,9.13122132,8.97118044,13611822,138526186.0,1.669146,-0.8798,815496188.0,7352216986.114653,2026-07-14
2016-07-22,sz.002099,海翔药业,8.99785392,8.95339812,9.113439,8.9356158,11103869,112536659.0,1.361609,-0.6903,815496152.0,7301461714.184033,2026-07-14
2016-07-25,sz.002099,海翔药业,8.95339812,8.82892188,8.95339812,8.8022484,16409701,163631726.0,2.012235,-1.3903,815496252.0,7199952702.340794,2026-07-14
2016-07-26,sz.002099,海翔药业,8.82003072,9.03341856,9.09565668,8.74890144,16251495,163458636.0,1.992835,2.3162,815496265.0,7366719095.861678,2026-07-14
2016-07-27,sz.002099,海翔药业,9.0689832,8.89116,9.26458872,8.5799694,46061745,468146544.0,5.648308,-1.5748,815496340.0,7250708438.3544,2026-07-14
2016-07-28,sz.002099,海翔药业,8.89116,8.9356158,8.95339812,8.5799694,21680500,214770780.0,2.658565,0.5,815496330.0,7286961891.190015,2026-07-14
2016-07-29,sz.002099,海翔药业,8.9356158,9.03341856,9.1578948,8.90894232,28556126,291274992.0,3.501687,1.0945,815496245.0,7366718915.193307,2026-07-14
2016-08-01,sz.002099,海翔药业,9.0245274,9.0245274,9.06009204,8.83781304,14571610,146673694.0,1.786839,-0.0984,815496528.0,7359470761.540868,2026-07-14
2016-08-02,sz.002099,海翔药业,9.05120088,8.9800716,9.05120088,8.87337768,10908300,109639930.0,1.337627,-0.4926,815496398.0,7323216043.582097,2026-07-14
2016-08-03,sz.002099,海翔药业,8.97118044,8.96228928,9.0689832,8.90894232,10256712,103666604.0,1.257726,-0.198,815496539.0,7308715889.356802,2026-07-14
2016-08-04,sz.002099,海翔药业,8.96228928,9.26458872,9.28237104,8.95339812,37677413,388527440.0,4.620182,3.373,815496294.0,7555237766.594204,2026-07-14
2016-08-05,sz.002099,海翔药业,9.26458872,9.18456828,9.36239148,9.14011248,25118119,261122083.0,3.080102,-0.8637,815496337.0,7489981789.266391,2026-07-14
2016-08-08,sz.002099,海翔药业,9.13122132,9.28237104,9.28237104,9.0245274,15254361,157036110.0,1.870562,1.0649,815496145.0,7569737799.57964,2026-07-14
2016-08-09,sz.002099,海翔药业,9.2468064,9.23791524,9.31793568,9.16678596,18235823,189446372.0,2.236162,-0.4789,815496507.0,7533487610.182066,2026-07-14
2016-08-10,sz.002099,海翔药业,9.2912622,9.0689832,9.30904452,9.04230972,18923078,194361018.0,2.320437,-1.8287,815496305.0,7395722289.707076,2026-07-14
2016-08-11,sz.002099,海翔药业,9.08676552,9.05120088,9.13122132,9.0245274,10051757,102550265.0,1.232594,-0.1961,815496181.0,7381219751.103839,2026-07-14
2016-08-12,sz.002099,海翔药业,9.0689832,9.0689832,9.07787436,8.95339812,8375125,84966270.0,1.026997,0.1965,815496540.0,7395724420.918128,2026-07-14
2016-08-15,sz.002099,海翔药业,9.113439,9.28237104,9.31793568,9.0689832,28394224,294049616.0,3.481833,2.3529,815496435.0,7569740491.467242,2026-07-14
2016-08-16,sz.002099,海翔药业,9.2468064,9.47797656,9.54910584,9.22902408,29328901,311213328.0,3.596448,2.1073,815496317.0,7729254977.29233,2026-07-14
2016-08-17,sz.002099,海翔药业,9.48686772,9.43352076,9.58467048,9.335718,16217540,171798027.0,1.988671,-0.469,815496379.0,7693002021.001328,2026-07-14
2016-08-18,sz.002099,海翔药业,9.4246296,9.77138484,9.90475224,9.4246296,39274842,427895584.0,4.816066,3.5815,815496341.0,7968528583.52287,2026-07-14
2016-08-19,sz.002099,海翔药业,9.70914672,9.81584064,9.9136434,9.61134396,30743261,337900368.0,3.769883,0.455,815496423.0,8004782930.6580305,2026-07-14
2016-08-22,sz.002099,海翔药业,9.84251412,9.6469086,9.94031688,9.62023512,19581432,214808995.0,2.401167,-1.721,815496465.0,7867019861.478099,2026-07-14
2016-08-23,sz.002099,海翔药业,9.62023512,9.70914672,9.75360252,9.557997,17099914,186147288.0,2.096872,0.6452,815496320.0,7917773420.500071,2026-07-14
2016-08-24,sz.002099,海翔药业,9.79805832,9.70914672,9.86029644,9.62912628,16311766,178946755.0,2.000225,0.0,815496557.0,7917775721.5678425,2026-07-14
2016-08-25,sz.002099,海翔药业,9.6913644,9.76249368,9.80694948,9.5135412,21036654,229224741.0,2.579613,0.5494,815496511.0,7961279534.699551,2026-07-14
2016-08-26,sz.002099,海翔药业,9.83362296,9.56688816,9.87807876,9.557997,22019718,240608478.0,2.700161,-2.0036,815496483.0,7801763647.734341,2026-07-14
2016-08-29,sz.002099,海翔药业,9.46019424,9.70025556,9.74471136,9.4246296,17754432,192922738.0,2.177132,1.394,815496350.0,7910523003.247207,2026-07-14
2016-08-30,sz.002099,海翔药业,9.7358202,9.57577932,9.75360252,9.54910584,11665926,126335766.0,1.430531,-1.2832,815496204.0,7809011685.801702,2026-07-14
2016-08-31,sz.002099,海翔药业,9.58467048,9.26458872,9.62023512,9.16678596,26893400,283154128.0,3.297795,-3.2498,815496415.0,7555238887.60944,2026-07-14
2016-09-01,sz.002099,海翔药业,9.28237104,9.32682684,9.44241192,9.2468064,15789107,165980843.0,1.936135,0.6718,815496182.0,7605991678.195126,2026-07-14
2016-09-02,sz.002099,海翔药业,9.26458872,9.4690854,9.54021468,9.26458872,17208963,181942794.0,2.110244,1.5253,815496360.0,7722004676.229145,2026-07-14
2016-09-05,sz.002099,海翔药业,9.4690854,9.35350032,9.54021468,9.335718,11772529,124814445.0,1.443603,-1.220649,815496296.0,7627744865.594815,2026-07-14
2016-09-06,sz.002099,海翔药业,9.35350032,9.37128264,9.4246296,9.1578948,12194454,127035495.0,1.495341,0.190109,815496532.0,7642248493.311805,2026-07-14
2016-09-07,sz.002099,海翔药业,9.37128264,9.48686772,9.58467048,9.26458872,18772709,199164770.0,2.301998,1.233398,815496321.0,7736505723.473658,2026-07-14
2016-09-08,sz.002099,海翔药业,9.59356164,9.53132352,9.68247324,9.48686772,13248349,142348617.0,1.624575,0.468605,815496299.0,7772759055.131653,2026-07-14
2016-09-09,sz.002099,海翔药业,9.53132352,9.39795612,9.56688816,9.36239148,10188785,108078038.0,1.249397,-1.399259,815496195.0,7663997456.636963,2026-07-14
2016-09-12,sz.002099,海翔药业,9.09565668,9.17567712,9.35350032,9.09565668,14623491,151715570.0,1.793201,-2.365185,815496478.0,7482732374.625183,2026-07-14
2016-09-13,sz.002099,海翔药业,9.22902408,9.19345944,9.30015336,9.09565668,8775477,90444968.0,1.07609,0.193803,815496566.0,7497234602.980283,2026-07-14
2016-09-14,sz.002099,海翔药业,9.1578948,9.05120088,9.2912622,9.01563624,9201503,94411662.0,1.128332,-1.547387,815496060.0,7381218655.908532,2026-07-14
2016-09-19,sz.002099,海翔药业,9.16678596,9.22013292,9.25569756,9.113439,10685147,110459701.0,1.310263,1.866401,815496355.0,7518984788.875506,2026-07-14
2016-09-20,sz.002099,海翔药业,9.23791524,9.30015336,9.35350032,9.18456828,8979054,93783030.0,1.101054,0.86789,815496243.0,7584240124.403826,2026-07-14
2016-09-21,sz.002099,海翔药业,9.25569756,9.22013292,9.36239148,9.22013292,6938496,72432170.0,0.850831,-0.860422,815496379.0,7518985010.158696,2026-07-14
2016-09-22,sz.002099,海翔药业,9.25569756,9.14011248,9.30015336,9.113439,10981416,113529821.0,1.346593,-0.86789,815496293.0,7453727845.043037,2026-07-14
2016-09-23,sz.002099,海翔药业,9.1578948,9.04230972,9.21124176,9.0245274,6500700,66437620.0,0.797146,-1.070036,815496785.0,7373974505.634251,2026-07-14
2016-09-26,sz.002099,海翔药业,9.05120088,8.94450696,9.14011248,8.90894232,8438353,85660766.0,1.034751,-1.081609,815495999.0,7294209638.907653,2026-07-14
2016-09-27,sz.002099,海翔药业,8.96228928,8.97118044,9.04230972,8.88226884,5877395,59058848.0,0.720714,0.298208,815496161.0,7315963208.45829,2026-07-14
2016-09-28,sz.002099,海翔药业,8.96228928,8.87337768,8.98896276,8.85559536,6484784,64895729.0,0.795195,-1.090194,815496073.0,7236204652.2858515,2026-07-14
2016-09-29,sz.002099,海翔药业,8.91783348,8.83781304,8.91783348,8.82003072,6774096,67596554.0,0.830672,-0.400801,815495888.0,7207200193.03278,2026-07-14
2016-09-30,sz.002099,海翔药业,8.85559536,8.7577926,8.86448652,8.69555448,11488020,112964846.0,1.408715,-0.905424,815496392.0,7141948267.184299,2026-07-14
2016-10-10,sz.002099,海翔药业,8.78446608,9.01563624,9.01563624,8.78446608,9809345,98591213.0,1.202868,2.944162,815496380.0,7352218717.116811,2026-07-14
2016-10-11,sz.002099,海翔药业,9.03341856,8.95339812,9.05120088,8.92672464,7726786,77930194.0,0.947495,-0.690342,815496230.0,7301462412.549087,2026-07-14
2016-10-12,sz.002099,海翔药业,8.91783348,8.91783348,8.99785392,8.86448652,8512379,85294830.0,1.043828,-0.397219,815496327.0,7272460447.737628,2026-07-14
2016-10-13,sz.002099,海翔药业,8.9356158,8.96228928,8.99785392,8.90005116,7516300,75775021.0,0.921684,0.498506,815496417.0,7308714795.95751,2026-07-14
2016-10-14,sz.002099,海翔药业,8.96228928,9.01563624,9.04230972,8.90894232,6804086,68754821.0,0.834349,0.595242,815496393.0,7352218834.320082,2026-07-14
2016-10-17,sz.002099,海翔药业,9.0245274,8.92672464,9.05120088,8.87337768,7897183,79814566.0,0.96839,-0.986197,815496133.0,7279709424.275817,2026-07-14
2016-10-18,sz.002099,海翔药业,8.91783348,9.03341856,9.05120088,8.90005116,7781942,78816862.0,0.954258,1.195218,815496648.0,7366722555.660986,2026-07-14
2016-10-19,sz.002099,海翔药业,9.05120088,8.9356158,9.05120088,8.88226884,10051193,101202352.0,1.232525,-1.082674,815496075.0,7286959612.6079855,2026-07-14
2016-10-20,sz.002099,海翔药业,8.89116,8.90005116,8.9800716,8.88226884,6611620,66346263.0,0.810748,-0.39801,815496307.0,7257958853.091066,2026-07-14
2016-10-21,sz.002099,海翔药业,8.90005116,8.81113956,8.91783348,8.7133368,15139904,149970810.0,1.856526,-0.999005,815496470.0,7185453207.857354,2026-07-14
2016-10-24,sz.002099,海翔药业,8.82892188,8.81113956,8.87337768,8.7577926,8559884,84865893.0,1.049653,0.0,815496550.0,7185453912.748519,2026-07-14
2016-10-25,sz.002099,海翔药业,8.8022484,8.82892188,8.86448652,8.8022484,4333456,43043071.0,0.531389,0.201821,815495993.0,7199950415.650026,2026-07-14
2016-10-26,sz.002099,海翔药业,8.82892188,8.83781304,8.90005116,8.82003072,6240363,62163583.0,0.765223,0.100698,815496006.0,7207201235.894718,2026-07-14
2016-10-27,sz.002099,海翔药业,8.82892188,8.79335724,8.87337768,8.7577926,5190919,51324191.0,0.636535,-0.503011,815496241.0,7170949774.990135,2026-07-14
2016-10-28,sz.002099,海翔药业,8.78446608,8.82003072,8.86448652,8.76668376,6886427,68393980.0,0.844446,0.303334,815496432.0,7192703582.290391,2026-07-14
2016-10-31,sz.002099,海翔药业,8.82892188,8.8467042,8.86448652,8.76668376,7119286,70604232.0,0.873,0.302417,815496678.0,7214457886.348647,2026-07-14
2016-11-01,sz.002099,海翔药业,8.86448652,8.81113956,8.86448652,8.78446608,8991023,89102368.0,1.102522,-0.40201,815496017.0,7185449216.411133,2026-07-14
2016-11-02,sz.002099,海翔药业,8.81113956,8.7133368,8.81113956,8.7133368,8555961,84130499.0,1.049172,-1.109986,815496506.0,7105695716.001221,2026-07-14
2016-11-03,sz.002099,海翔药业,8.70444564,8.63331636,8.7133368,8.51773128,16644691,161131560.0,2.04105,-0.918369,815496485.0,7040439145.472995,2026-07-14
2016-11-04,sz.002099,海翔药业,8.6244252,8.55329592,8.65998984,8.51773128,10345488,99711893.0,1.268612,-0.926881,815496622.0,6975183929.726382,2026-07-14
2016-11-07,sz.002099,海翔药业,8.55329592,8.56218708,8.60664288,8.50884012,7150779,68762954.0,0.876862,0.103953,815496509.0,6982433673.144903,2026-07-14
2016-11-08,sz.002099,海翔药业,8.59775172,8.65109868,8.70444564,8.5799694,8477211,82494039.0,1.039515,1.038416,815496746.0,7054942822.864896,2026-07-14
2016-11-09,sz.002099,海翔药业,8.65998984,8.65998984,8.74890144,8.52662244,8990492,87561921.0,1.102456,0.102777,815496673.0,7062192902.733802,2026-07-14
2016-11-10,sz.002099,海翔药业,8.67777216,8.74001028,8.76668376,8.67777216,10373886,101787311.0,1.272095,0.924026,815496170.0,7127444909.100628,2026-07-14
2016-11-11,sz.002099,海翔药业,8.74890144,8.72222796,8.76668376,8.69555448,6473665,63511634.0,0.793831,-0.203454,815496623.0,7112947446.416179,2026-07-14
2016-11-14,sz.002099,海翔药业,8.67777216,8.65109868,8.79335724,8.6244252,13248484,129672331.0,1.624591,-0.815503,815496577.0,7054941360.829219,2026-07-14
2016-11-15,sz.002099,海翔药业,8.64220752,8.69555448,8.69555448,8.5799694,10874183,105558862.0,1.333443,0.513877,815496650.0,7091195548.332492,2026-07-14
2016-11-16,sz.002099,海翔药业,8.67777216,8.70444564,8.7133368,8.65109868,7700027,75222094.0,0.944214,0.102252,815495957.0,7098440227.346277,2026-07-14
2016-11-17,sz.002099,海翔药业,8.68666332,8.65109868,8.68666332,8.61553404,5890746,57244720.0,0.722351,-0.612875,815496345.0,7054939353.774325,2026-07-14
2016-11-18,sz.002099,海翔药业,8.6244252,8.63331636,8.68666332,8.60664288,5836987,56759889.0,0.715759,-0.205545,815496138.0,7040436149.712218,2026-07-14
2016-11-21,sz.002099,海翔药业,8.63331636,8.63331636,8.63331636,8.63331636,0,0.0,0.0,0.0,815496138.0,7040436149.712218,2026-07-14
2016-11-22,sz.002099,海翔药业,8.63331636,8.63331636,8.63331636,8.63331636,0,0.0,0.0,0.0,815496138.0,7040436149.712218,2026-07-14
2016-11-23,sz.002099,海翔药业,8.63331636,8.63331636,8.63331636,8.63331636,0,0.0,0.0,0.0,815496138.0,7040436149.712218,2026-07-14
2016-11-24,sz.002099,海翔药业,8.63331636,8.63331636,8.63331636,8.63331636,0,0.0,0.0,0.0,815496138.0,7040436149.712218,2026-07-14
2016-11-25,sz.002099,海翔药业,8.63331636,8.63331636,8.63331636,8.63331636,0,0.0,0.0,0.0,815496138.0,7040436149.712218,2026-07-14
2016-11-28,sz.002099,海翔药业,8.63331636,8.63331636,8.63331636,8.63331636,0,0.0,0.0,0.0,815496138.0,7040436149.712218,2026-07-14
2016-11-29,sz.002099,海翔药业,8.63331636,8.63331636,8.63331636,8.63331636,0,0.0,0.0,0.0,815496138.0,7040436149.712218,2026-07-14
2016-11-30,sz.002099,海翔药业,8.63331636,8.63331636,8.63331636,8.63331636,0,0.0,0.0,0.0,815496138.0,7040436149.712218,2026-07-14
2016-12-01,sz.002099,海翔药业,8.63331636,8.63331636,8.63331636,8.63331636,0,0.0,0.0,0.0,815496138.0,7040436149.712218,2026-07-14
2016-12-02,sz.002099,海翔药业,8.63331636,8.63331636,8.63331636,8.63331636,0,0.0,0.0,0.0,815496138.0,7040436149.712218,2026-07-14
2016-12-05,sz.002099,海翔药业,8.63331636,8.63331636,8.63331636,8.63331636,0,0.0,0.0,0.0,815496138.0,7040436149.712218,2026-07-14
2016-12-06,sz.002099,海翔药业,8.63331636,8.63331636,8.63331636,8.63331636,0,0.0,0.0,0.0,815496138.0,7040436149.712218,2026-07-14
2016-12-07,sz.002099,海翔药业,8.63331636,8.63331636,8.63331636,8.63331636,0,0.0,0.0,0.0,815496138.0,7040436149.712218,2026-07-14
2016-12-08,sz.002099,海翔药业,8.63331636,8.63331636,8.63331636,8.63331636,0,0.0,0.0,0.0,815496138.0,7040436149.712218,2026-07-14
2016-12-09,sz.002099,海翔药业,8.63331636,8.63331636,8.63331636,8.63331636,0,0.0,0.0,0.0,815496138.0,7040436149.712218,2026-07-14
2016-12-12,sz.002099,海翔药业,8.63331636,8.63331636,8.63331636,8.63331636,0,0.0,0.0,0.0,815496138.0,7040436149.712218,2026-07-14
2016-12-13,sz.002099,海翔药业,8.63331636,8.63331636,8.63331636,8.63331636,0,0.0,0.0,0.0,815496138.0,7040436149.712218,2026-07-14
2016-12-14,sz.002099,海翔药业,8.63331636,8.63331636,8.63331636,8.63331636,0,0.0,0.0,0.0,815496138.0,7040436149.712218,2026-07-14
2016-12-15,sz.002099,海翔药业,8.63331636,8.63331636,8.63331636,8.63331636,0,0.0,0.0,0.0,815496138.0,7040436149.712218,2026-07-14
2016-12-16,sz.002099,海翔药业,8.63331636,8.63331636,8.63331636,8.63331636,0,0.0,0.0,0.0,815496138.0,7040436149.712218,2026-07-14
2016-12-19,sz.002099,海翔药业,8.6244252,8.08206444,8.6244252,7.90424124,29990998,277229968.0,3.677637,-6.385169,815496418.0,6590894600.865176,2026-07-14
2016-12-20,sz.002099,海翔药业,8.03760864,7.89535008,8.03760864,7.87756776,18826444,167665270.0,2.308587,-2.310231,815496405.0,6438629606.456463,2026-07-14
2016-12-21,sz.002099,海翔药业,7.89535008,7.88645892,7.96647936,7.8242208,15793300,140308970.0,1.936649,-0.112615,815496252.0,6431377690.811968,2026-07-14
2016-12-22,sz.002099,海翔药业,7.89535008,7.81532964,7.89535008,7.68196224,13392491,116894503.0,1.64225,-0.901916,815496483.0,6373373834.905656,2026-07-14
2016-12-23,sz.002099,海翔药业,7.76198268,7.80643848,7.89535008,7.72641804,8471882,74487664.0,1.038862,-0.113768,815496380.0,6366122321.132702,2026-07-14
2016-12-26,sz.002099,海翔药业,7.79754732,7.8242208,7.85978544,7.6908534,6552408,57334585.0,0.803487,0.227796,815496455.0,6380624325.537264,2026-07-14
2016-12-27,sz.002099,海翔药业,7.80643848,7.74420036,7.84200312,7.7353092,8221825,71812714.0,1.008199,-1.022729,815496246.0,6315366321.851849,2026-07-14
2016-12-28,sz.002099,海翔药业,7.76198268,7.6019418,7.77087384,7.57526832,9739874,83825825.0,1.194349,-1.836967,815496475.0,6199356741.055155,2026-07-14
2016-12-29,sz.002099,海翔药业,7.6019418,7.45968324,7.6463976,7.40633628,15192950,127701994.0,1.863031,-1.871343,815496361.0,6083344536.43269,2026-07-14
2016-12-30,sz.002099,海翔药业,7.45968324,7.53970368,7.557486,7.3796628,10650007,89539046.0,1.305954,1.072696,815496334.0,6148600710.486309,2026-07-14
2017-01-03,sz.002099,海翔药业,7.53081252,7.53081252,7.57526832,7.4685744,7853720,66481885.0,0.95893,-0.117916,819008687.0,6167800874.048361,2026-07-14
2017-01-04,sz.002099,海翔药业,7.53081252,7.6463976,7.65528876,7.45079208,16202767,137719452.0,1.978338,1.53483,819009037.0,6262468734.895111,2026-07-14
2017-01-05,sz.002099,海翔药业,7.61972412,7.57526832,7.63750644,7.557486,8516980,72678045.0,1.039913,-0.930232,819008898.0,6204212158.817512,2026-07-14
2017-01-06,sz.002099,海翔药业,7.58415948,7.49524788,7.59305064,7.47746556,8559652,72277139.0,1.045123,-1.05634,819009054.0,6138675875.694305,2026-07-14
2017-01-09,sz.002099,海翔药业,7.47746556,7.41522744,7.49524788,7.36188048,13162892,109842217.0,1.607173,-1.067617,819009030.0,6073138232.863783,2026-07-14
2017-01-10,sz.002099,海翔药业,7.41522744,7.49524788,7.5130302,7.39744512,7535521,63172287.0,0.920078,1.079139,819008932.0,6138674961.274064,2026-07-14
2017-01-11,sz.002099,海翔药业,7.47746556,7.38855396,7.50413904,7.38855396,6541781,54711980.0,0.798744,-1.423486,819008468.0,6051288259.514934,2026-07-14
2017-01-12,sz.002099,海翔药业,7.38855396,7.26407772,7.41522744,7.2462954,9071141,74714530.0,1.107575,-1.684721,819009187.0,5949346387.762014,2026-07-14
2017-01-13,sz.002099,海翔药业,7.26407772,7.2462954,7.335207,7.2462954,7869100,64404445.0,0.960808,-0.244804,819008584.0,5934778134.799714,2026-07-14
2017-01-16,sz.002099,海翔药业,7.2462954,6.92621364,7.2907512,6.6239142,11652032,92100828.0,1.422699,-4.417174,819008940.0,5672630891.509942,2026-07-14
2017-01-17,sz.002099,海翔药业,6.9351048,6.85508436,6.95288712,6.68615232,12385236,94874275.0,1.512222,-1.026957,819009114.0,5614376568.078857,2026-07-14
2017-01-18,sz.002099,海翔药业,6.86397552,6.76617276,6.86397552,6.74839044,5580106,42607245.0,0.681324,-1.297016,819009165.0,5541557502.413345,2026-07-14
2017-01-19,sz.002099,海翔药业,6.79284624,6.74839044,6.8017374,6.72171696,5274134,40093207.0,0.643965,-0.262812,819009418.0,5526995326.701163,2026-07-14
2017-01-20,sz.002099,海翔药业,6.73060812,6.81951972,6.82841088,6.73060812,8786913,67210890.0,1.072872,1.054017,819008512.0,5585244698.431856,2026-07-14
2017-01-23,sz.002099,海翔药业,6.83730204,7.0240164,7.112928,6.81951972,24691615,192668081.0,3.014817,2.998697,819008749.0,5752730884.719483,2026-07-14
2017-01-24,sz.002099,海翔药业,6.98845176,7.14849264,7.2018396,6.97066944,19541527,156471378.0,2.385997,1.77215,819008867.0,5854678857.844238,2026-07-14
2017-01-25,sz.002099,海翔药业,7.12181916,7.10403684,7.16627496,7.07736336,8478140,67770597.0,1.035171,-0.621893,819008647.0,5818267600.566555,2026-07-14
2017-01-26,sz.002099,海翔药业,7.112928,7.17516612,7.18405728,7.10403684,4746953,38145068.0,0.579597,1.001251,819009243.0,5876527372.340447,2026-07-14
2017-02-03,sz.002099,海翔药业,7.19294844,7.05068988,7.19294844,7.0240164,6637175,52946285.0,0.810391,-1.734819,819008972.0,5774578270.5096035,2026-07-14
2017-02-06,sz.002099,海翔药业,7.07736336,7.10403684,7.112928,6.9351048,9287740,73615723.0,1.134022,0.75662,819008802.0,5818268701.6922655,2026-07-14
2017-02-07,sz.002099,海翔药业,7.09514568,7.29964236,7.30853352,7.0684722,16625488,135217331.0,2.029952,2.753445,819008922.0,5978472220.249136,2026-07-14
2017-02-08,sz.002099,海翔药业,7.2462954,7.36188048,7.4241186,7.21962192,11343269,93358180.0,1.385,0.852615,819008592.0,6029443366.397084,2026-07-14
2017-02-09,sz.002099,海翔药业,7.36188048,7.3796628,7.43300976,7.32631584,8402356,69627297.0,1.025918,0.241551,819008537.0,6044006833.381324,2026-07-14
2017-02-10,sz.002099,海翔药业,7.36188048,7.30853352,7.40633628,7.2907512,7290288,60151237.0,0.890135,-0.963854,819009251.0,5985756564.123593,2026-07-14
2017-02-13,sz.002099,海翔药业,7.30853352,7.29964236,7.39744512,7.28186004,9724175,80268983.0,1.18731,-0.121657,819008936.0,5978472322.444129,2026-07-14
2017-02-14,sz.002099,海翔药业,7.29964236,7.30853352,7.38855396,7.2907512,5809834,47905575.0,0.709374,0.121805,819008591.0,5985751740.49147,2026-07-14
2017-02-15,sz.002099,海翔药业,7.34409816,7.21073076,7.34409816,7.16627496,9616246,78777893.0,1.174132,-1.338207,819008936.0,5905652927.530071,2026-07-14
2017-02-16,sz.002099,海翔药业,7.2018396,7.21073076,7.25518656,7.18405728,7099914,57549339.0,0.866891,0.0,819008849.0,5905652300.196495,2026-07-14
2017-02-17,sz.002099,海翔药业,7.22851308,7.13071032,7.2462954,7.112928,10103519,81284139.0,1.233628,-1.109731,819008567.0,5840112840.875312,2026-07-14
2017-02-20,sz.002099,海翔药业,7.13960148,7.21962192,7.21962192,7.112928,9333667,75034969.0,1.13963,1.246876,819008538.0,5912931993.611953,2026-07-14
2017-02-21,sz.002099,海翔药业,7.21073076,7.23740424,7.26407772,7.19294844,12911764,104984047.0,1.576511,0.246311,819008811.0,5927497841.328758,2026-07-14
2017-02-22,sz.002099,海翔药业,7.25518656,7.23740424,7.25518656,7.2018396,6874561,55893235.0,0.839376,0.0,819008525.0,5927495771.431146,2026-07-14
2017-02-23,sz.002099,海翔药业,7.23740424,7.47746556,7.48635672,7.21962192,26358134,218408641.0,3.218297,3.316947,819008749.0,6124109713.986184,2026-07-14
2017-02-24,sz.002099,海翔药业,7.45968324,7.4241186,7.45968324,7.3796628,12272430,102209925.0,1.498449,-0.71343,819008855.0,6080418873.970202,2026-07-14
2017-02-27,sz.002099,海翔药业,7.45079208,7.3796628,7.5130302,7.32631584,12665800,105604213.0,1.546479,-0.598805,819008858.0,6044009202.253082,2026-07-14
2017-02-28,sz.002099,海翔药业,7.335207,7.335207,7.3796628,7.26407772,8403457,69070393.0,1.026052,-0.602412,819008881.0,6007599676.973367,2026-07-14
2017-03-01,sz.002099,海翔药业,7.32631584,7.34409816,7.35298932,7.28186004,5927685,48779798.0,0.723763,0.121215,819009123.0,6014883393.247514,2026-07-14
2017-03-02,sz.002099,海翔药业,7.35298932,7.2462954,7.3796628,7.22851308,9003662,73832543.0,1.099336,-1.331726,819009111.0,5934781953.597389,2026-07-14
2017-03-03,sz.002099,海翔药业,7.2462954,7.2462954,7.2462954,7.21073076,6037785,49072645.0,0.737206,0.0,819009205.0,5934782634.749157,2026-07-14
2017-03-06,sz.002099,海翔药业,7.25518656,7.2907512,7.30853352,7.23740424,5519745,45208200.0,0.673954,0.613499,819009161.0,5971192023.371743,2026-07-14
2017-03-07,sz.002099,海翔药业,7.29964236,7.27296888,7.30853352,7.22851308,5769517,47109580.0,0.704451,-0.243896,819008987.0,5956626874.891324,2026-07-14
2017-03-08,sz.002099,海翔药业,7.27296888,7.30853352,7.36188048,7.2462954,9370560,77220893.0,1.144134,0.488997,819008962.0,5985754451.957406,2026-07-14
2017-03-09,sz.002099,海翔药业,7.27296888,7.25518656,7.30853352,7.23740424,4723888,38595958.0,0.576781,-0.729932,819008948.0,5942062712.049339,2026-07-14
2017-03-10,sz.002099,海翔药业,7.25518656,7.2907512,7.335207,7.21962192,6401715,52497082.0,0.781642,0.490196,819008574.0,5971187743.7007885,2026-07-14
2017-03-13,sz.002099,海翔药业,7.2907512,7.2907512,7.2907512,7.2018396,6400522,52163085.0,0.781496,0.0,819008926.0,5971190310.045211,2026-07-14
2017-03-14,sz.002099,海翔药业,7.28186004,7.21073076,7.2907512,7.18405728,8278870,67230809.0,1.01084,-1.097563,819008943.0,5905652978.005186,2026-07-14
2017-03-15,sz.002099,海翔药业,7.2018396,7.17516612,7.21962192,7.1573838,5457484,44103998.0,0.666352,-0.493218,819009172.0,5876526862.903653,2026-07-14
2017-03-16,sz.002099,海翔药业,7.19294844,7.19294844,7.21962192,7.16627496,7204123,58237552.0,0.879615,0.247837,819008657.0,5891087041.714645,2026-07-14
2017-03-17,sz.002099,海翔药业,7.21073076,7.19294844,7.23740424,7.18405728,6266195,50804058.0,0.765095,0.0,819008751.0,5891087717.851799,2026-07-14
2017-03-20,sz.002099,海翔药业,7.19294844,7.21073076,7.21962192,7.17516612,5031544,40702427.0,0.614345,0.247213,819009514.0,5905657095.33245,2026-07-14
2017-03-21,sz.002099,海翔药业,7.21073076,7.2018396,7.22851308,7.18405728,4261310,34522212.0,0.520301,-0.123296,819008612.0,5898368654.642634,2026-07-14
2017-03-22,sz.002099,海翔药业,7.19294844,7.12181916,7.2018396,7.10403684,9399986,75479401.0,1.147727,-1.111113,819008876.0,5832833105.306865,2026-07-14
2017-03-23,sz.002099,海翔药业,7.13960148,7.1573838,7.21962192,7.10403684,7120498,57361531.0,0.869404,0.499375,819009114.0,5861962564.595953,2026-07-14
2017-03-24,sz.002099,海翔药业,7.14849264,7.16627496,7.18405728,7.10403684,7265401,58373759.0,0.887097,0.124226,819008632.0,5869241051.5254545,2026-07-14
2017-03-27,sz.002099,海翔药业,7.16627496,7.19294844,7.2462954,7.13071032,7200756,58339625.0,0.879204,0.372205,819008558.0,5891086329.61275,2026-07-14
2017-03-28,sz.002099,海翔药业,7.18405728,7.16627496,7.2018396,7.14849264,4464470,36028630.0,0.545106,-0.370825,819009514.0,5869247372.17997,2026-07-14
2017-03-29,sz.002099,海翔药业,7.16627496,7.112928,7.19294844,7.10403684,5989775,48057035.0,0.731344,-0.744422,819009249.0,5825553819.471072,2026-07-14
2017-03-30,sz.002099,海翔药业,7.112928,6.98845176,7.13960148,6.83730204,10470661,82533999.0,1.278455,-1.749998,819008960.0,5723604607.96777,2026-07-14
2017-03-31,sz.002099,海翔药业,6.9795606,6.96177828,7.04179872,6.94399596,3651460,28709611.0,0.445839,-0.381682,819008656.0,5701756672.472792,2026-07-14
2017-04-05,sz.002099,海翔药业,6.98845176,7.05958104,7.09514568,6.97066944,6506645,51539510.0,0.794454,1.404855,819008401.0,5781856179.300318,2026-07-14
2017-04-06,sz.002099,海翔药业,7.0684722,7.05068988,7.112928,7.00623408,6136537,48664629.0,0.749264,-0.125947,819008654.0,5774576028.390222,2026-07-14
2017-04-07,sz.002099,海翔药业,7.03290756,7.05958104,7.09514568,7.01512524,3943865,31303383.0,0.481541,0.126106,819009181.0,5781861685.773528,2026-07-14
2017-04-10,sz.002099,海翔药业,7.05068988,6.95288712,7.05958104,6.94399596,5728016,45021213.0,0.699384,-1.511334,819008728.0,5694475236.078783,2026-07-14
2017-04-11,sz.002099,海翔药业,6.95288712,6.9795606,7.01512524,6.890649,5459825,42691661.0,0.666638,0.383628,819008967.0,5716322717.119901,2026-07-14
2017-04-12,sz.002099,海翔药业,6.96177828,7.0684722,7.12181916,6.89954016,10662350,84282138.0,1.30186,1.273884,819008956.0,5789142037.037024,2026-07-14
2017-04-13,sz.002099,海翔药业,7.0684722,7.05958104,7.1573838,7.03290756,7168109,57186096.0,0.875218,-0.125783,819008407.0,5781856221.657804,2026-07-14
2017-04-14,sz.002099,海翔药业,7.0684722,6.94399596,7.0684722,6.94399596,6972463,54904685.0,0.851329,-1.637281,819009220.0,5687196714.8827505,2026-07-14
2017-04-17,sz.002099,海翔药业,6.96177828,6.90843132,6.96177828,6.86397552,5427649,42175657.0,0.662709,-0.512163,819009399.0,5658070183.425977,2026-07-14
2017-04-18,sz.002099,海翔药业,6.91732248,6.85508436,6.95288712,6.82841088,6299708,48790159.0,0.769187,-0.7722,819008642.0,5614373332.479039,2026-07-14
2017-04-19,sz.002099,海翔药业,6.82841088,6.78395508,6.86397552,6.69504348,6123544,46539722.0,0.747677,-1.037612,819009278.0,5556122152.055232,2026-07-14
2017-04-20,sz.002099,海翔药业,6.78395508,6.8017374,6.8461932,6.74839044,3913637,29938587.0,0.47785,0.262123,819009522.0,5570687696.743523,2026-07-14
2017-04-21,sz.002099,海翔药业,6.78395508,6.76617276,6.82841088,6.73949928,3710573,28301582.0,0.453057,-0.522875,819007984.0,5541549511.563315,2026-07-14
2017-04-24,sz.002099,海翔药业,6.76617276,6.49943796,6.76617276,6.4905468,9040473,67192725.0,1.103831,-3.942184,819008798.0,5323096871.295172,2026-07-14
2017-04-25,sz.002099,海翔药业,6.49943796,6.5350026,6.56167608,6.446091,5140731,37709580.0,0.627677,0.547195,819008981.0,5352225820.258351,2026-07-14
2017-04-26,sz.002099,海翔药业,6.50832912,6.50832912,6.54389376,6.48165564,3055838,22380912.0,0.373114,-0.40816,819009204.0,5330381451.94122,2026-07-14
2017-04-27,sz.002099,海翔药业,6.51722028,6.45498216,6.51722028,6.2682678,7928522,56895203.0,0.95195,-0.819671,832871684.0,5376171861.789158,2026-07-14
2017-04-28,sz.002099,海翔药业,6.45498216,6.48165564,6.52611144,6.41941752,4212547,30757226.0,0.505786,0.41322,832871412.0,5398385684.984564,2026-07-14
2017-05-02,sz.002099,海翔药业,6.47276448,6.4905468,6.51722028,6.45498216,3031400,22126964.0,0.36397,0.137177,832870841.0,5405787171.865859,2026-07-14
2017-05-03,sz.002099,海翔药业,6.50832912,6.41941752,6.50832912,6.38385288,4421718,32038374.0,0.5309,-1.095896,832872104.0,5346553776.336862,2026-07-14
2017-05-04,sz.002099,海翔药业,6.41941752,6.37496172,6.43719984,6.34828824,3376336,24262288.0,0.405385,-0.692517,832871468.0,5309523726.180205,2026-07-14
2017-05-05,sz.002099,海翔药业,6.34828824,6.21492084,6.3571794,6.19713852,8734648,61617307.0,1.048739,-2.510465,832871477.0,5176230299.44888,2026-07-14
2017-05-08,sz.002099,海翔药业,6.223812,6.16157388,6.23270316,6.16157388,3110201,21647688.0,0.373431,-0.858368,832871668.0,5131800314.940831,2026-07-14
2017-05-09,sz.002099,海翔药业,6.17046504,6.19713852,6.21492084,6.1349004,4553173,31582815.0,0.546684,0.5772,832871092.0,5161417526.427664,2026-07-14
2017-05-10,sz.002099,海翔药业,6.19713852,6.0459888,6.223812,6.03709764,4593419,31719510.0,0.551516,-2.439019,832871394.0,5035531119.964387,2026-07-14
2017-05-11,sz.002099,海翔药业,6.01931532,5.8681656,6.02820648,5.71701588,8835902,58296312.0,1.060896,-2.94118,832871648.0,4887428754.008909,2026-07-14
2017-05-12,sz.002099,海翔药业,5.90373024,5.75258052,5.90373024,5.72590704,5810276,37941328.0,0.69762,-1.969699,832871191.0,4791158589.0157995,2026-07-14
2017-05-15,sz.002099,海翔药业,5.779254,5.74368936,5.84149212,5.7347982,4081457,26502219.0,0.490047,-0.154556,832870521.0,4783749549.725357,2026-07-14
2017-05-16,sz.002099,海翔药业,5.74368936,5.77036284,5.779254,5.45917224,13631839,85899547.0,1.636728,0.464392,832871375.0,4805970032.799705,2026-07-14
2017-05-17,sz.002099,海翔药业,5.72590704,6.08155344,6.34828824,5.69923356,23147954,156195782.0,2.779295,5.392919,832871430.0,5065152110.19422,2026-07-14
2017-05-18,sz.002099,海翔药业,5.92151256,6.12600924,6.20602968,5.87705676,18211249,124437877.0,2.186562,0.73099,832871375.0,5102177738.981505,2026-07-14
2017-05-19,sz.002099,海翔药业,6.11711808,6.05487996,6.15268272,6.02820648,4786574,32690859.0,0.574707,-1.161102,832872055.0,5042940315.063518,2026-07-14
2017-05-22,sz.002099,海翔药业,6.0459888,5.89483908,6.10822692,5.84149212,5892263,39589139.0,0.707464,-2.643169,832871072.0,4909640943.827093,2026-07-14
2017-05-23,sz.002099,海翔药业,5.85927444,5.69923356,5.9570772,5.6903424,5824477,38048869.0,0.699325,-3.318254,832871269.0,4746727887.444588,2026-07-14
2017-05-24,sz.002099,海翔药业,5.69923356,5.77036284,5.779254,5.57475732,4123483,26451401.0,0.495092,1.248049,832872072.0,4805974054.742604,2026-07-14
2017-05-25,sz.002099,海翔药业,5.779254,5.81481864,5.84149212,5.67256008,4932441,32030679.0,0.592221,0.770419,832871681.0,4842997775.406934,2026-07-14
2017-05-26,sz.002099,海翔药业,5.78814516,5.81481864,5.8681656,5.78814516,2748531,18014414.0,0.330007,0.0,832870515.0,4842990995.3284,2026-07-14
2017-05-31,sz.002099,海翔药业,5.88594792,5.79703632,5.9126214,5.779254,5172940,33905372.0,0.621097,-0.30581,832871516.0,4828186428.145461,2026-07-14
2017-06-01,sz.002099,海翔药业,5.77036284,5.68145124,5.77036284,5.65477776,5705251,36555062.0,0.68501,-1.993867,832871199.0,4731917106.318837,2026-07-14
2017-06-02,sz.002099,海翔药业,5.6546523,5.7707826,5.8243812,5.6457192,4620644,29655026.0,0.554785,1.572325,832871112.0,4806318121.172252,2026-07-14
2017-06-05,sz.002099,海翔药业,5.7797157,5.7797157,5.7975819,5.7350502,3920718,25321501.0,0.470747,0.154795,832871585.0,4813760975.908384,2026-07-14
2017-06-06,sz.002099,海翔药业,5.7707826,5.7797157,5.7975819,5.7350502,4192426,27056301.0,0.50337,0.0,832871645.0,4813761322.691326,2026-07-14
2017-06-07,sz.002099,海翔药业,5.7797157,5.9494446,6.0298425,5.7618495,8859347,58422819.0,1.063711,2.936632,832871616.0,4955123538.304473,2026-07-14
2017-06-08,sz.002099,海翔药业,5.9226453,5.895846,5.9762439,5.8601136,5072503,33597450.0,0.609038,-0.9009,832871348.0,4910481205.620408,2026-07-14
2017-06-09,sz.002099,海翔药业,5.9047791,5.895846,5.9137122,5.8601136,3627277,23877731.0,0.435515,0.0,832870739.0,4910477615.050194,2026-07-14
2017-06-12,sz.002099,海翔药业,5.8690467,5.9405115,6.0119763,5.8601136,8881548,59184296.0,1.066377,0.757579,832871302.0,4947681547.550973,2026-07-14
2017-06-13,sz.002099,海翔药业,5.9226453,6.0030432,6.0119763,5.895846,5667151,37924846.0,0.680435,1.052627,832871766.0,4999765191.358291,2026-07-14
2017-06-14,sz.002099,海翔药业,5.9762439,5.9941101,6.0566418,5.9762439,4823007,32422936.0,0.579082,-0.148806,832871165.0,4992321462.125267,2026-07-14
2017-06-15,sz.002099,海翔药业,6.0030432,6.0834411,6.1370397,5.985177,6914555,46925705.0,0.830207,1.490312,832871200.0,5066722889.08632,2026-07-14
2017-06-16,sz.002099,海翔药业,6.0834411,6.0477087,6.0834411,6.0298425,4212278,28538461.0,0.505754,-0.587371,832870921.0,5036960714.908713,2026-07-14
2017-06-19,sz.002099,海翔药业,6.0387756,6.0477087,6.1013073,6.0298425,3210701,21802557.0,0.385498,0.0,832870988.0,5036961120.105196,2026-07-14
2017-06-20,sz.002099,海翔药业,6.0655749,6.0477087,6.0923742,6.0387756,3469131,23553469.0,0.416527,0.0,832870618.0,5036958882.452977,2026-07-14
2017-06-21,sz.002099,海翔药业,6.0923742,6.0209094,6.1191735,6.0030432,3203671,21680627.0,0.384654,-0.443134,832870840.0,5014639869.541896,2026-07-14
2017-06-22,sz.002099,海翔药业,6.0298425,6.0298425,6.0834411,6.0030432,4874061,32985179.0,0.585212,0.148371,832870994.0,5022080916.638445,2026-07-14
2017-06-23,sz.002099,海翔药业,6.0298425,5.9405115,6.0298425,5.8869129,5604255,37268469.0,0.672884,-1.48148,832870896.0,4947679135.703304,2026-07-14
2017-06-26,sz.002099,海翔药业,5.9494446,5.9762439,5.985177,5.9405115,4636029,30914202.0,0.556632,0.601503,832871448.0,4977442910.594168,2026-07-14
2017-06-27,sz.002099,海翔药业,5.985177,6.0119763,6.0298425,5.9583777,4985898,33443156.0,0.59864,0.597907,832870841.0,5007199757.053068,2026-07-14
2017-06-28,sz.002099,海翔药业,6.0030432,5.9315784,6.0477087,5.9315784,3729300,24883891.0,0.447764,-1.337298,832871781.0,4940244266.149131,2026-07-14
2017-06-29,sz.002099,海翔药业,5.9405115,5.9673108,5.9762439,5.9315784,2998452,19996817.0,0.360014,0.602409,832870944.0,4969999779.137395,2026-07-14
2017-06-30,sz.002099,海翔药业,5.9494446,5.9494446,5.9673108,5.895846,4327016,28747432.0,0.515742,-0.299401,838988486.0,4991515517.494875,2026-07-14
2017-07-03,sz.002099,海翔药业,5.9405115,5.9583777,5.9583777,5.895846,5118136,33961612.0,0.610036,0.150154,838989174.0,4999014384.90302,2026-07-14
2017-07-04,sz.002099,海翔药业,5.9494446,5.895846,5.9583777,5.895846,5165135,34207544.0,0.615638,-1.049478,838988984.0,4946549845.360464,2026-07-14
2017-07-05,sz.002099,海翔药业,5.9137122,5.9494446,5.9673108,5.8869129,4168401,27686767.0,0.496836,0.90909,838989324.0,4991520503.12945,2026-07-14
2017-07-06,sz.002099,海翔药业,5.9673108,5.9315784,5.9673108,5.9226453,4748900,31580526.0,0.566027,-0.3003,838988246.0,4976524557.827487,2026-07-14
2017-07-07,sz.002099,海翔药业,5.9226453,5.9315784,5.9494446,5.895846,4453202,29515832.0,0.530782,0.0,838988888.0,4976528365.90082,2026-07-14
2017-07-10,sz.002099,海翔药业,5.9226453,6.163839,6.2085045,5.9047791,23865520,163183911.0,2.844557,3.915666,838988988.0,5171393044.804933,2026-07-14
2017-07-11,sz.002099,海翔药业,6.1281066,6.2085045,6.3693003,6.1191735,25259444,176579502.0,3.010701,0.724634,838988794.0,5208865702.998573,2026-07-14
2017-07-12,sz.002099,海翔药业,6.1549059,6.4586313,6.5032968,6.1281066,29697368,210691942.0,3.539662,4.02878,838988807.0,5418719369.23986,2026-07-14
2017-07-13,sz.002099,海翔药业,6.4764975,6.6462264,6.7534236,6.4407651,40166247,298031712.0,4.787459,2.904565,838988846.0,5576109817.5907345,2026-07-14
2017-07-14,sz.002099,海翔药业,6.5747616,6.5390292,6.699825,6.5300961,16224357,119649112.0,1.933799,-1.612902,838988799.0,5486172255.133931,2026-07-14
2017-07-17,sz.002099,海翔药业,6.5390292,6.4496982,6.610494,6.1727721,19666184,141860786.0,2.344034,-1.366125,838988854.0,5411224901.463863,2026-07-14
2017-07-18,sz.002099,海翔药业,6.4496982,6.4854306,6.5568954,6.4050327,12542447,90905207.0,1.494948,0.554023,838988848.0,5441203947.877949,2026-07-14
2017-07-19,sz.002099,海翔药业,6.4764975,6.521163,6.610494,6.431832,13886091,101557011.0,1.655098,0.550964,838989051.0,5471184356.786313,2026-07-14
2017-07-20,sz.002099,海翔药业,6.5122299,6.5658285,6.5747616,6.4496982,11362504,82847825.0,1.354309,0.684928,838989034.0,5508658110.624669,2026-07-14
2017-07-21,sz.002099,海翔药业,6.5300961,6.6551595,6.7444905,6.4943637,16618909,123948712.0,1.980826,1.360543,838988836.0,5583604522.299342,2026-07-14
2017-07-24,sz.002099,海翔药业,6.6194271,6.7266243,6.8338215,6.5836947,15141498,114405545.0,1.804732,1.073831,838988725.0,5643561945.011018,2026-07-14
2017-07-25,sz.002099,海翔药业,6.7266243,6.5032968,6.8248884,6.5032968,14190129,105003490.0,1.691337,-3.320053,838988859.0,5456193561.970351,2026-07-14
2017-07-26,sz.002099,海翔药业,6.5122299,6.4496982,6.5658285,6.4050327,9434195,68194789.0,1.124472,-0.824182,838988877.0,5411225049.806922,2026-07-14
2017-07-27,sz.002099,海翔药业,6.4586313,6.4764975,6.5390292,6.4050327,7656440,55511254.0,0.912579,0.415515,838989282.0,5433711987.399795,2026-07-14
2017-07-28,sz.002099,海翔药业,6.4675644,6.4407651,6.5122299,6.4139658,6745325,48702719.0,0.803983,-0.551724,838988511.0,5403727920.949766,2026-07-14
2017-07-31,sz.002099,海翔药业,6.4407651,6.4675644,6.4764975,6.4050327,7556629,54471488.0,0.900683,0.416085,838988745.0,5426213739.162678,2026-07-14
2017-08-01,sz.002099,海翔药业,6.4675644,6.7176912,6.7444905,6.431832,18772503,139673012.0,2.237515,3.867406,838988923.0,5636068504.934578,2026-07-14
2017-08-02,sz.002099,海翔药业,6.7444905,6.521163,6.7534236,6.521163,13476779,99788617.0,1.606312,-2.925529,838988876.0,5471183215.5827875,2026-07-14
2017-08-03,sz.002099,海翔药业,6.5300961,6.6819588,6.7355574,6.5300961,12833407,95530817.0,1.529628,2.465751,838988761.0,5606088334.665047,2026-07-14
2017-08-04,sz.002099,海翔药业,6.699825,6.6551595,6.7266243,6.6194271,13524494,100975803.0,1.611999,-0.401072,838988982.0,5583605493.952629,2026-07-14
2017-08-07,sz.002099,海翔药业,6.6194271,6.610494,6.6730257,6.5479623,7031804,51919127.0,0.838128,-0.671137,838989271.0,5546133542.009874,2026-07-14
2017-08-08,sz.002099,海翔药业,6.610494,6.5926278,6.6462264,6.5747616,7856811,58130587.0,0.936462,-0.27027,838988768.0,5531140675.80455,2026-07-14
2017-08-09,sz.002099,海翔药业,6.5926278,6.5747616,6.7087581,6.5747616,8822529,65626367.0,1.051567,-0.271002,838988766.0,5516151121.528186,2026-07-14
2017-08-10,sz.002099,海翔药业,6.5747616,6.25317,6.5836947,6.25317,23610074,167711645.0,2.81411,-4.891306,838989023.0,5246340988.952909,2026-07-14
2017-08-11,sz.002099,海翔药业,6.2174376,6.1906383,6.342501,6.1459728,8951899,62426782.0,1.066987,-1.000003,838988572.0,5193874787.085507,2026-07-14
2017-08-14,sz.002099,海翔药业,6.1906383,6.2442369,6.3067686,6.1906383,6879165,48202856.0,0.819935,0.8658,838989066.0,5238846484.613735,2026-07-14
2017-08-15,sz.002099,海翔药业,6.2442369,6.1817052,6.2442369,6.1727721,6991975,48584969.0,0.833381,-1.001426,838989010.0,5186382725.859852,2026-07-14
2017-08-16,sz.002099,海翔药业,6.1817052,6.1370397,6.2353038,6.074508,9634362,66067959.0,1.14833,-0.722546,838988967.0,5148908598.34099,2026-07-14
2017-08-17,sz.002099,海翔药业,6.1459728,6.1727721,6.1906383,6.1013073,7601376,52342578.0,0.906016,0.582241,838989157.0,5178888860.53212,2026-07-14
2017-08-18,sz.002099,海翔药业,6.1370397,6.1370397,6.163839,6.1191735,4363126,29990643.0,0.520046,-0.578871,838988474.0,5148905572.780417,2026-07-14
2017-08-21,sz.002099,海翔药业,6.1370397,6.2263707,6.2263707,6.1370397,5235379,36255395.0,0.624011,1.455603,838988255.0,5223851888.576129,2026-07-14
2017-08-22,sz.002099,海翔药业,6.2353038,6.1995714,6.2442369,6.163839,5558298,38588810.0,0.6625,-0.430412,838988377.0,5201368346.981618,2026-07-14
2017-08-23,sz.002099,海翔药业,6.2353038,6.1906383,6.2353038,6.163839,2882900,19991576.0,0.343616,-0.144095,838988871.0,5193876638.086359,2026-07-14
2017-08-24,sz.002099,海翔药业,6.1906383,6.1817052,6.2353038,6.1727721,3475000,24117767.0,0.414189,-0.144297,838988964.0,5186382441.501412,2026-07-14
2017-08-25,sz.002099,海翔药业,6.1727721,6.2353038,6.2442369,6.1549059,4602308,32049582.0,0.548554,0.867051,838989051.0,5231351617.858693,2026-07-14
2017-08-28,sz.002099,海翔药业,6.2353038,6.2889024,6.3246348,6.2353038,7006426,49343649.0,0.835104,0.859598,838988437.0,5276316395.021548,2026-07-14
2017-08-29,sz.002099,海翔药业,6.2621031,6.2174376,6.2799693,6.1906383,8274284,57685053.0,0.986221,-1.136363,838988827.0,5216360678.969695,2026-07-14
2017-08-30,sz.002099,海翔药业,6.2174376,6.2174376,6.2621031,6.2174376,4515512,31503133.0,0.538209,0.0,838988571.0,5216359087.30567,2026-07-14
2017-08-31,sz.002099,海翔药业,6.2174376,6.1102404,6.2442369,6.1102404,8600500,59330229.0,1.025103,-1.724136,838988863.0,5126423645.852666,2026-07-14
2017-09-01,sz.002099,海翔药业,6.1459728,6.1995714,6.2353038,6.0566418,14211775,97573138.0,1.693917,1.461987,838988864.0,5201371366.17289,2026-07-14
2017-09-04,sz.002099,海翔药业,6.1727721,6.1906383,6.2085045,6.1102404,12559198,86498193.0,1.496945,-0.144095,838988607.0,5193875003.757848,2026-07-14
2017-09-05,sz.002099,海翔药业,6.1995714,6.1013073,6.2263707,5.985177,12664544,86841135.0,1.509501,-1.443,838988778.0,5118928355.829479,2026-07-14
2017-09-06,sz.002099,海翔药业,6.0834411,6.1102404,6.1370397,6.0209094,11707564,79510996.0,1.395437,0.146416,838989077.0,5126424953.444111,2026-07-14
2017-09-07,sz.002099,海翔药业,6.1549059,6.3960996,6.431832,6.1370397,35352113,249494760.0,4.213657,4.678358,838988864.0,5366256337.4348545,2026-07-14
2017-09-08,sz.002099,海翔药业,6.3603672,6.3960996,6.4586313,6.3335679,18856067,135005896.0,2.247475,0.0,838988954.0,5366256913.083818,2026-07-14
2017-09-11,sz.002099,海翔药业,6.3693003,6.3693003,6.4228989,6.3157017,13883328,98811524.0,1.654769,-0.418991,838988886.0,5343772163.296466,2026-07-14
2017-09-12,sz.002099,海翔药业,6.3871665,6.2799693,6.4586313,6.2799693,15730533,111722613.77,1.874939,-1.402523,838989055.0,5268825508.436011,2026-07-14
2017-09-13,sz.002099,海翔药业,6.2621031,6.3067686,6.342501,6.2442369,8593683,60461072.19,1.02429,0.426739,838989251.0,5291311063.944319,2026-07-14
2017-09-14,sz.002099,海翔药业,6.3067686,6.2442369,6.3246348,6.2263707,8825521,61883467.42,1.051923,-0.991504,838989261.0,5238847702.239931,2026-07-14
2017-09-15,sz.002099,海翔药业,6.25317,6.0923742,6.2710362,6.0387756,22081883,150965319.1,2.631995,-2.43204,838978911.0,5111373471.720496,2026-07-14
2017-09-18,sz.002099,海翔药业,6.0834411,6.0655749,6.1013073,6.0298425,10271851,69607165.67,1.224328,-0.439886,838978689.0,5088888077.633306,2026-07-14
2017-09-19,sz.002099,海翔药业,6.074508,6.0655749,6.0923742,6.0298425,6944028,47083138.0,0.827676,0.0,838979021.0,5088890091.404173,2026-07-14
2017-09-20,sz.002099,海翔药业,6.0566418,6.0923742,6.1013073,6.0387756,7203380,48910442.6,0.76724,0.441829,938869193.0,5719942448.608021,2026-07-14
2017-09-21,sz.002099,海翔药业,6.0834411,6.0030432,6.0923742,5.9762439,9118214,61638316.62,0.971191,-1.466281,938869285.0,5636072877.008112,2026-07-14
2017-09-22,sz.002099,海翔药业,6.0030432,5.9673108,6.0298425,5.9494446,5781404,38640474.72,0.615784,-0.595238,938868824.0,5602522073.238499,2026-07-14
2017-09-25,sz.002099,海翔药业,5.9762439,5.8243812,6.0030432,5.8154481,10933198,71990465.24,1.164507,-2.395207,938869238.0,5468332339.065526,2026-07-14
2017-09-26,sz.002099,海翔药业,5.8511805,5.8333143,5.8511805,5.717184,5550369,35997477.19,0.591176,0.153378,938869135.0,5476718751.02413,2026-07-14
2017-09-27,sz.002099,海翔药业,5.8333143,5.8779798,5.8869129,5.7886488,4386400,28719404.0,0.4672,0.765692,938869863.0,5518658089.542768,2026-07-14
2017-09-28,sz.002099,海翔药业,5.8779798,5.8779798,5.9405115,5.8511805,4925091,32520402.76,0.524577,0.0,938869032.0,5518653204.941554,2026-07-14
2017-09-29,sz.002099,海翔药业,5.8779798,5.895846,5.9405115,5.8601136,4851372,32085717.76,0.516725,0.303951,938869224.0,5535428358.843504,2026-07-14
2017-10-09,sz.002099,海翔药业,5.9494446,5.895846,6.0030432,5.8869129,8706991,57871481.59,0.927392,0.0,938868461.0,5535423860.313005,2026-07-14
2017-10-10,sz.002099,海翔药业,5.9047791,6.0209094,6.0298425,5.9047791,10405970,69752547.73,1.108352,2.12121,938868699.0,5652843375.1748705,2026-07-14
2017-10-11,sz.002099,海翔药业,6.0387756,6.0387756,6.0923742,5.9941101,9711493,65854387.28,1.034382,0.296743,938869103.0,5669619830.790287,2026-07-14
2017-10-12,sz.002099,海翔药业,6.0209094,5.9583777,6.0209094,5.9405115,5797042,38831085.14,0.61745,-1.331363,938868248.0,5594131632.121269,2026-07-14
2017-10-13,sz.002099,海翔药业,5.9583777,5.985177,6.0119763,5.9494446,4990062,33379558.16,0.531497,0.449771,938869269.0,5619298754.825613,2026-07-14
2017-10-16,sz.002099,海翔药业,5.985177,5.8333143,5.985177,5.8243812,7157600,47322069.0,0.762364,-2.537308,938869097.0,5476718529.358187,2026-07-14
2017-10-17,sz.002099,海翔药业,5.8511805,5.8333143,5.8601136,5.8243812,3133400,20488458.0,0.333742,0.0,938868947.0,5476717654.361042,2026-07-14
2017-10-18,sz.002099,海翔药业,5.8333143,5.806515,5.895846,5.806515,4267000,27895978.2,0.454483,-0.459421,938869001.0,5451556937.341516,2026-07-14
2017-10-19,sz.002099,海翔药业,5.7975819,5.7439833,5.8333143,5.717184,5706700,36750381.66,0.607827,-1.076926,938869119.0,5392848540.421713,2026-07-14
2017-10-20,sz.002099,海翔药业,5.7439833,5.7797157,5.7886488,5.6993178,3385693,21791524.84,0.360614,0.622083,938868985.0,5426395812.847564,2026-07-14
2017-10-23,sz.002099,海翔药业,5.7886488,5.9315784,5.9405115,5.7439833,8448171,55476899.13,0.899824,2.627513,938869268.0,5568976670.492612,2026-07-14
2017-10-24,sz.002099,海翔药业,5.9137122,5.8690467,5.9137122,5.8333143,4395900,28872403.0,0.468212,-1.054212,938869572.0,5510269363.277013,2026-07-14
2017-10-25,sz.002099,海翔药业,5.8333143,5.8779798,5.9047791,5.7886488,5248683,34402826.14,0.559043,0.152203,938869282.0,5518654674.436504,2026-07-14
2017-10-26,sz.002099,海翔药业,5.8511805,5.8779798,5.9405115,5.8333143,9861604,64888715.2,1.050371,0.0,938868647.0,5518650941.919331,2026-07-14
2017-10-27,sz.002099,海翔药业,5.8869129,5.8779798,5.9137122,5.8511805,6385700,41997138.62,0.680148,0.0,938869187.0,5518654116.028423,2026-07-14
2017-10-30,sz.002099,海翔药业,5.8779798,5.8690467,5.9405115,5.7082509,9502715,61945954.15,0.601869,-0.151972,1578867661.0,9266448035.528769,2026-07-14
2017-10-31,sz.002099,海翔药业,5.8154481,5.8154481,5.8779798,5.7707826,4435209,28874938.63,0.280911,-0.913241,1578866260.0,9181814791.871107,2026-07-14
2017-11-01,sz.002099,海翔药业,5.806515,5.806515,5.8333143,5.7707826,4032800,26197123.0,0.255423,-0.153613,1578871128.0,9167738887.79892,2026-07-14
2017-11-02,sz.002099,海翔药业,5.8154481,5.7797157,5.8869129,5.7797157,5492800,35759961.0,0.347895,-0.461542,1578867187.0,9125403468.918736,2026-07-14
2017-11-03,sz.002099,海翔药业,5.7529164,5.7082509,5.7975819,5.6457192,6558388,42040912.83,0.415385,-1.236475,1578869723.0,9012584517.2975,2026-07-14
2017-11-06,sz.002099,海翔药业,5.6725185,5.7886488,5.7975819,5.6725185,3538679,22685363.92,0.224127,1.408453,1578872247.0,9139536937.949854,2026-07-14
2017-11-07,sz.002099,海翔药业,5.7886488,5.7707826,5.7975819,5.717184,5292602,34084840.36,0.335215,-0.308642,1578867891.0,9111303353.081497,2026-07-14
2017-11-08,sz.002099,海翔药业,5.7439833,5.7529164,5.7797157,5.7350502,4977726,32070793.18,0.315272,-0.309597,1578867137.0,9083090645.868347,2026-07-14
2017-11-09,sz.002099,海翔药业,5.7439833,5.7439833,5.7886488,5.717184,4985604,32086067.38,0.315771,-0.155283,1578866964.0,9068985474.137701,2026-07-14
2017-11-10,sz.002099,海翔药业,5.7439833,5.7350502,5.7886488,5.717184,5420896,34900942.6,0.34334,-0.155517,1578871090.0,9054904960.478718,2026-07-14
2017-11-13,sz.002099,海翔药业,5.717184,5.6993178,5.7618495,5.6903847,6148627,39336051.71,0.389432,-0.623052,1578870509.0,8998484795.83876,2026-07-14
2017-11-14,sz.002099,海翔药业,5.6993178,5.6457192,5.7082509,5.5831875,6516604,41284532.0,0.412739,-0.940438,1578868001.0,8913845387.51132,2026-07-14
2017-11-15,sz.002099,海翔药业,5.6546523,5.6010537,5.6903847,5.6010537,4615242,29115028.12,0.292313,-0.791142,1578869910.0,8843335151.224167,2026-07-14
2017-11-16,sz.002099,海翔药业,5.6010537,5.6546523,5.6903847,5.5831875,5016726,31773457.24,0.317742,0.956937,1578867761.0,8927948216.1345,2026-07-14
2017-11-17,sz.002099,海翔药业,5.6546523,5.5206558,5.6903847,5.4223917,8430252,52599280.92,0.533942,-2.36967,1578870364.0,8716399832.464712,2026-07-14
2017-11-20,sz.002099,海翔药业,5.5117227,5.7261171,5.7439833,5.4402579,9879967,62219349.44,0.625762,3.721683,1578869762.0,9040793142.86113,2026-07-14
2017-11-21,sz.002099,海翔药业,5.7261171,5.7082509,5.7350502,5.6457192,6314028,40289084.0,0.399908,-0.312012,1578870140.0,9012586897.638126,2026-07-14
2017-11-22,sz.002099,海翔药业,5.6903847,5.6903847,5.7529164,5.6725185,4185300,26763870.0,0.265082,-0.312989,1578869935.0,8984377321.413994,2026-07-14
2017-11-23,sz.002099,海翔药业,5.7082509,5.6725185,5.7261171,5.6367861,4332100,27579530.0,0.27438,-0.313972,1578868722.0,8956162034.616356,2026-07-14
2017-11-24,sz.002099,海翔药业,5.6457192,5.6010537,5.6903847,5.5474551,4684537,29420938.3,0.296702,-1.259841,1578869371.0,8843332132.256222,2026-07-14
2017-11-27,sz.002099,海翔药业,5.6010537,5.4759903,5.627853,5.449191,5390812,33420536.44,0.341435,-2.232853,1578869184.0,8645872336.552916,2026-07-14
2017-11-28,sz.002099,海翔药业,5.4849234,5.5027896,5.5027896,5.4402579,4587016,28101118.14,0.290525,0.489392,1578871354.0,8688196866.529118,2026-07-14
2017-11-29,sz.002099,海翔药业,5.5027896,5.4849234,5.5742544,5.449191,4043779,24870215.27,0.256119,-0.324675,1578867245.0,8659965897.594032,2026-07-14
2017-11-30,sz.002099,海翔药业,5.4849234,5.4581241,5.5117227,5.449191,3533077,21648108.19,0.223773,-0.488595,1578866530.0,8617649458.076372,2026-07-14
2017-12-01,sz.002099,海翔药业,5.4670572,5.4938565,5.5117227,5.4402579,2541983,15597971.4,0.161,0.654664,1578871429.0,8674093062.875938,2026-07-14
2017-12-04,sz.002099,海翔药业,5.4938565,5.3687931,5.4938565,5.3687931,4714800,28647866.0,0.298619,-2.276421,1578868056.0,8476615924.8632145,2026-07-14
2017-12-05,sz.002099,海翔药业,5.3687931,5.1990642,5.3955924,5.1633318,7027289,41512108.89,0.445084,-3.161398,1578868034.0,8208636272.093782,2026-07-14
2017-12-06,sz.002099,海翔药业,5.1990642,5.091867,5.2169304,4.9310712,11275654,63590710.78,0.71416,-2.061862,1578869441.0,8039393203.936346,2026-07-14
2017-12-07,sz.002099,海翔药业,5.0650677,5.002536,5.1097332,5.002536,4660369,26343309.23,0.295171,-1.754384,1578870892.0,7898358476.582112,2026-07-14
2017-12-08,sz.002099,海翔药业,5.0114691,5.0382684,5.0740008,5.002536,3597572,20303147.15,0.227858,0.714285,1578865785.0,7954749592.406693,2026-07-14
2017-12-11,sz.002099,海翔药业,5.0561346,5.1186663,5.1186663,5.0293353,3425020,19508169.76,0.216929,1.595747,1578866818.0,8081692373.484834,2026-07-14
2017-12-12,sz.002099,海翔药业,5.1186663,5.091867,5.1275994,5.0740008,2414100,13761374.0,0.152901,-0.523564,1578864756.0,8039369348.539452,2026-07-14
2017-12-13,sz.002099,海翔药业,5.0472015,5.0829339,5.1186663,5.0472015,1983454,11288142.18,0.125625,-0.175434,1578868856.0,8025286031.816618,2026-07-14
2017-12-14,sz.002099,海翔药业,5.0829339,5.1008001,5.1186663,5.0829339,2230900,12728808.0,0.141297,0.351494,1578872871.0,8053514898.284087,2026-07-14
2017-12-15,sz.002099,海翔药业,5.1097332,5.0650677,5.1097332,5.0561346,2507732,14271259.14,0.158831,-0.700525,1578868105.0,7997073841.195709,2026-07-14
2017-12-18,sz.002099,海翔药业,5.091867,5.0829339,5.1454656,5.0650677,5245246,29949908.08,0.332215,0.352733,1578870912.0,8025296482.328716,2026-07-14
2017-12-19,sz.002099,海翔药业,5.1186663,5.1365325,5.1454656,5.0829339,2524400,14483245.0,0.159887,1.05448,1578865073.0,8109891760.579373,2026-07-14
2017-12-20,sz.002099,海翔药业,5.1454656,5.0561346,5.1543987,5.0472015,3758402,21462460.84,0.238044,-1.56522,1578868613.0,7982972223.04331,2026-07-14
2017-12-21,sz.002099,海翔药业,5.0561346,5.0382684,5.0740008,4.9400043,3620181,20326177.03,0.22929,-0.353357,1578865629.0,7954748806.436823,2026-07-14
2017-12-22,sz.002099,海翔药业,5.0382684,5.0114691,5.0382684,5.002536,2139204,12026204.48,0.13549,-0.53191,1578864861.0,7912432463.977296,2026-07-14
2017-12-25,sz.002099,海翔药业,5.0114691,4.9400043,5.0472015,4.9221381,2875778,15969843.02,0.182142,-1.426023,1578865940.0,7799604532.723542,2026-07-14
2017-12-26,sz.002099,海翔药业,4.9400043,4.9578705,4.9757367,4.9310712,2906187,16109649.96,0.184068,0.361663,1578865963.0,7827812981.411792,2026-07-14
2017-12-27,sz.002099,海翔药业,4.9668036,4.9489374,4.9757367,4.9221381,3256914,18068288.88,0.206281,-0.180184,1578872509.0,7813741209.621937,2026-07-14
2017-12-28,sz.002099,海翔药业,4.9310712,4.9400043,4.9578705,4.8774726,3456149,19090348.48,0.2189,-0.180501,1578871174.0,7799630388.706048,2026-07-14
2017-12-29,sz.002099,海翔药业,4.9489374,5.1633318,5.3419938,4.9400043,13511006,78059181.64,0.85574,4.520795,1578868114.0,8152219941.022225,2026-07-14
2018-01-02,sz.002099,海翔药业,5.1633318,5.1275994,5.1722649,5.0650677,10029100,57342458.4,0.635208,-0.692049,1578868654.0,8095805962.929208,2026-07-14
2018-01-03,sz.002099,海翔药业,5.1186663,5.1365325,5.1454656,5.0829339,5826544,33396989.19,0.369033,0.17422,1578868015.0,8109906872.257988,2026-07-14
2018-01-04,sz.002099,海翔药业,5.1365325,5.1543987,5.181198,5.1097332,5433092,31307224.78,0.344113,0.347826,1578868569.0,8138118099.52446,2026-07-14
2018-01-05,sz.002099,海翔药业,5.1275994,5.091867,5.1633318,5.091867,6251325,35865031.7,0.395937,-1.213175,1578868608.0,8039388962.411136,2026-07-14
2018-01-08,sz.002099,海翔药业,5.091867,5.0472015,5.091867,5.0114691,5214947,29456149.04,0.330296,-0.877188,1578870770.0,7968878918.650155,2026-07-14
2018-01-09,sz.002099,海翔药业,5.0472015,5.2437297,5.2615959,5.0472015,14616774,84716336.47,0.925775,3.893802,1578868948.0,8279161995.035356,2026-07-14
2018-01-10,sz.002099,海翔药业,5.2258635,5.1722649,5.2437297,5.1454656,7150326,41565125.28,0.452876,-1.362861,1578870596.0,8166336965.33288,2026-07-14
2018-01-11,sz.002099,海翔药业,5.181198,5.2794621,5.2973283,5.1365325,8819411,51483203.08,0.55859,2.072537,1578870191.0,8335585334.204261,2026-07-14
2018-01-12,sz.002099,海翔药业,5.2526628,5.2169304,5.2794621,5.1990642,7060632,41403775.2,0.447196,-1.184428,1578867432.0,8236841503.570732,2026-07-14
2018-01-15,sz.002099,海翔药业,5.2169304,5.0740008,5.2347966,5.0650677,6254472,35997599.24,0.396136,-2.739732,1578869883.0,8011187049.437907,2026-07-14
2018-01-16,sz.002099,海翔药业,5.0740008,5.091867,5.1365325,5.0472015,3307255,18868616.5,0.20947,0.352112,1578868096.0,8039386355.375232,2026-07-14
2018-01-17,sz.002099,海翔药业,5.091867,5.1097332,5.1275994,5.0561346,5306466,30284023.22,0.336093,0.350877,1578868349.0,8067596021.3144865,2026-07-14
2018-01-18,sz.002099,海翔药业,5.1008001,5.1454656,5.1722649,5.1008001,5578631,32064106.32,0.353331,0.699308,1578868257.0,8124012303.325459,2026-07-14
2018-01-19,sz.002099,海翔药业,5.1543987,5.1543987,5.2169304,5.1186663,6007000,34747704.0,0.380462,0.173607,1578869900.0,8138124960.02913,2026-07-14
2018-01-22,sz.002099,海翔药业,5.1275994,5.1543987,5.1633318,5.1008001,6613643,37944702.44,0.418885,0.0,1578868425.0,8138117357.291047,2026-07-14
2018-01-23,sz.002099,海翔药业,5.1365325,5.1722649,5.2258635,5.1365325,5324433,30823128.64,0.337231,0.34662,1578868194.0,8166324541.55259,2026-07-14
2018-01-24,sz.002099,海翔药业,5.1543987,5.2258635,5.2347966,5.1186663,7804459,45472102.28,0.494307,1.036268,1578868800.0,8250952833.2088,2026-07-14
2018-01-25,sz.002099,海翔药业,5.2347966,5.35986,5.4313248,5.1990642,15273182,91481456.12,0.96735,2.564104,1578868248.0,8462512767.725281,2026-07-14
2018-01-26,sz.002099,海翔药业,5.3419938,5.3062614,5.4313248,5.2973283,7267266,43496302.36,0.460283,-0.999999,1578869087.0,8377892092.001343,2026-07-14
2018-01-29,sz.002099,海翔药业,5.3062614,5.2347966,5.3419938,5.1722649,7877455,46253285.67,0.49893,-1.3468,1578869781.0,8265062161.421545,2026-07-14
2018-01-30,sz.002099,海翔药业,5.2258635,5.2437297,5.2794621,5.181198,5480780,32070317.1,0.347133,0.170644,1578870347.0,8279169331.0132065,2026-07-14
2018-01-31,sz.002099,海翔药业,5.2526628,5.1097332,5.2883952,5.1097332,5256690,30474506.54,0.33294,-2.555368,1578870067.0,8067604799.836124,2026-07-14
2018-02-01,sz.002099,海翔药业,5.0829339,4.9042719,5.181198,4.8953388,8473330,47479949.99,0.536671,-4.020979,1578868618.0,7743200997.049234,2026-07-14
2018-02-02,sz.002099,海翔药业,4.8953388,4.734543,4.8953388,4.555881,7056999,37665844.07,0.446965,-3.46083,1578870605.0,7475230770.808516,2026-07-14
2018-02-05,sz.002099,海翔药业,4.6630782,4.7166768,4.7524092,4.645212,3695200,19515396.0,0.234041,-0.377358,1578868660.0,7447013178.869088,2026-07-14
2018-02-06,sz.002099,海翔药业,4.6720113,4.4308176,4.6898775,4.4218845,10696789,54200887.96,0.677497,-6.060609,1578868836.0,6995679826.640314,2026-07-14
2018-02-07,sz.002099,海翔药业,4.5112155,4.4754831,4.555881,4.3861521,6021504,30216523.45,0.381381,1.008068,1578868376.0,7066198733.912445,2026-07-14
2018-02-08,sz.002099,海翔药业,4.4933493,4.5380148,4.5469479,4.46655,4749156,24023297.24,0.300795,1.3972,1578868000.0,7164926351.2464,2026-07-14
2018-02-09,sz.002099,海翔药业,4.4397507,4.4754831,4.5201486,4.3504197,7948045,39466535.84,0.503401,-1.377947,1578869529.0,7066203894.14446,2026-07-14
2018-02-12,sz.002099,海翔药业,4.4844162,4.5380148,4.5826803,4.4844162,3896639,19833194.9,0.246799,1.3972,1578871470.0,7164942098.157756,2026-07-14
2018-02-13,sz.002099,海翔药业,4.9936029,4.9936029,4.9936029,4.913205,7039216,39311759.4,0.445839,10.03938,1578869502.0,7884247323.908755,2026-07-14
2018-02-14,sz.002099,海翔药业,4.9846698,4.8328071,4.9846698,4.7434761,10788656,58633544.44,0.683316,-3.220041,1578867757.0,7630363305.990675,2026-07-14
2018-02-22,sz.002099,海翔药业,4.7792085,4.8506733,4.8774726,4.7792085,5785948,31339503.91,0.366462,0.369685,1578867113.0,7658568549.277184,2026-07-14
2018-02-23,sz.002099,海翔药业,4.8685395,4.8060078,4.8774726,4.7881416,5155400,27843623.0,0.326525,-0.920805,1578868387.0,7588053783.095418,2026-07-14
2018-02-26,sz.002099,海翔药业,4.823874,4.8596064,4.8774726,4.7970747,5733100,31143312.0,0.363114,1.115241,1578870548.0,7672689419.832307,2026-07-14
2018-02-27,sz.002099,海翔药业,4.8685395,4.8506733,4.9042719,4.8328071,6112548,33331320.16,0.387147,-0.183828,1578870042.0,7658582756.89928,2026-07-14
2018-02-28,sz.002099,海翔药业,4.823874,4.8506733,4.8506733,4.7970747,4310002,23292867.78,0.27298,0.0,1578870980.0,7658587306.830834,2026-07-14
2018-03-01,sz.002099,海翔药业,4.823874,4.9936029,5.1543987,4.8149409,11170673,62807201.39,0.707511,2.946599,1578869162.0,7884245626.08377,2026-07-14
2018-03-02,sz.002099,海翔药业,4.9578705,4.9578705,4.9757367,4.9221381,5538053,30693864.65,0.350761,-0.715563,1578867947.0,7827822817.826864,2026-07-14
2018-03-05,sz.002099,海翔药业,4.9668036,4.9400043,4.9936029,4.9221381,3318544,18373237.32,0.210185,-0.36036,1578868140.0,7799615400.733002,2026-07-14
2018-03-06,sz.002099,海翔药业,4.9489374,4.9936029,5.002536,4.913205,5421946,30129247.82,0.343407,1.08499,1578868806.0,7884243848.361137,2026-07-14
2018-03-07,sz.002099,海翔药业,4.9757367,4.9310712,5.0204022,4.9221381,3755648,20931221.53,0.23787,-1.252239,1578865767.0,7785499512.319611,2026-07-14
2018-03-08,sz.002099,海翔药业,4.9221381,5.0293353,5.0472015,4.913205,6886333,38564812.55,0.436156,1.992756,1578869258.0,7940662893.344207,2026-07-14
2018-03-09,sz.002099,海翔药业,5.0293353,5.091867,5.1097332,5.002536,7982676,45299290.39,0.505595,1.243334,1578867671.0,8039384191.331757,2026-07-14
2018-03-12,sz.002099,海翔药业,5.1186663,5.1097332,5.1365325,5.002536,8449583,48119370.9,0.535167,0.350877,1578868465.0,8067596614.043538,2026-07-14
2018-03-13,sz.002099,海翔药业,5.1097332,5.1275994,5.2169304,5.0561346,11430498,65863004.1,0.723968,0.34965,1578867851.0,8095801845.466889,2026-07-14
2018-03-14,sz.002099,海翔药业,5.1097332,5.0650677,5.1633318,5.0650677,4032300,23062073.56,0.255392,-1.219507,1578866997.0,7997068229.1006975,2026-07-14
2018-03-15,sz.002099,海翔药业,5.0472015,4.9846698,5.1008001,4.9489374,6996400,39161432.96,0.443127,-1.587304,1578870166.0,7870146434.581186,2026-07-14
2018-03-16,sz.002099,海翔药业,5.0204022,4.9846698,5.0204022,4.9668036,4976246,27797587.66,0.315178,0.0,1578868449.0,7870137875.90314,2026-07-14
2018-03-19,sz.002099,海翔药业,5.0204022,5.002536,5.0293353,4.9578705,4511466,25212519.85,0.28574,0.358423,1578871002.0,7898359026.861073,2026-07-14
2018-03-20,sz.002099,海翔药业,5.002536,5.0829339,5.1275994,4.9400043,10925539,61872223.05,0.691985,1.607146,1578869340.0,8025288491.956625,2026-07-14
2018-03-21,sz.002099,海翔药业,5.0472015,4.9668036,5.1097332,4.9489374,9313580,52445106.4,0.589889,-2.284712,1578869923.0,7841936817.488124,2026-07-14
2018-03-22,sz.002099,海翔药业,5.002536,4.8864057,5.002536,4.8774726,5054283,27851930.87,0.32012,-1.618708,1578871361.0,7715006017.957158,2026-07-14
2018-03-23,sz.002099,海翔药业,4.7434761,4.5380148,4.7702754,4.4576169,13201850,68381414.63,0.836159,-7.129797,1578868373.0,7164928043.9259205,2026-07-14
2018-03-26,sz.002099,海翔药业,4.5201486,4.6362789,4.6362789,4.46655,7031596,35937267.22,0.445357,2.165357,1578867291.0,7320069107.16346,2026-07-14
2018-03-27,sz.002099,海翔药业,4.6898775,4.6988106,4.7256099,4.6541451,6829304,35890952.12,0.432544,1.348751,1578869202.0,7418807342.3711405,2026-07-14
2018-03-28,sz.002099,海翔药业,4.6541451,4.6988106,4.8060078,4.6273458,7379600,39200415.17,0.467398,0.0,1578868545.0,7418804255.252577,2026-07-14
2018-03-29,sz.002099,海翔药业,4.6988106,4.7434761,4.7524092,4.6898775,4408700,23307410.82,0.279232,0.950565,1578866319.0,7489314649.271476,2026-07-14
2018-03-30,sz.002099,海翔药业,4.7613423,4.7524092,4.7792085,4.7077437,9508156,50473900.69,0.602213,0.188328,1578869271.0,7503432849.0976925,2026-07-14
2018-04-02,sz.002099,海翔药业,4.6898775,4.7256099,4.7613423,4.6362789,9146302,48314242.22,0.579295,-0.563914,1578867762.0,7461113126.898045,2026-07-14
2018-04-03,sz.002099,海翔药业,4.6630782,4.734543,4.7524092,4.645212,6068386,31888489.14,0.38435,0.18904,1578869780.0,7475226864.81054,2026-07-14
2018-04-04,sz.002099,海翔药业,4.7881416,4.7434761,4.9042719,4.734543,15678882,84875916.17,0.993051,0.188675,1578859696.0,7489283233.229265,2026-07-14
2018-04-09,sz.002099,海翔药业,4.6988106,4.7256099,4.7434761,4.5916134,6162324,32290501.53,0.390302,-0.376648,1578860472.0,7461078677.201873,2026-07-14
2018-04-10,sz.002099,海翔药业,4.7702754,4.7256099,4.7702754,4.6898775,5849820,30899611.2,0.370509,0.0,1578860433.0,7461078492.903087,2026-07-14
2018-04-11,sz.002099,海翔药业,4.7524092,4.7524092,4.7792085,4.7077437,5435371,28905822.43,0.344259,0.567112,1578860974.0,7503393418.358561,2026-07-14
2018-04-12,sz.002099,海翔药业,4.734543,4.7166768,4.7792085,4.7077437,4932554,26172701.74,0.312413,-0.751879,1578856834.0,7446957399.449251,2026-07-14
2018-04-13,sz.002099,海翔药业,4.7256099,4.6809444,4.7702754,4.6541451,4164900,21909073.0,0.263792,-0.757584,1578857585.0,7390544570.903274,2026-07-14
2018-04-16,sz.002099,海翔药业,4.7077437,4.7077437,4.7166768,4.6362789,5156009,27078446.25,0.326566,0.572523,1578856648.0,7432852437.825117,2026-07-14
2018-04-17,sz.002099,海翔药业,4.734543,4.6005465,4.7434761,4.5916134,5455501,28532547.19,0.342661,-2.277038,1592098605.0,7324523664.887632,2026-07-14
2018-04-18,sz.002099,海翔药业,4.6184127,4.6094796,4.6541451,4.5380148,5030601,25887294.09,0.315973,0.19417,1592098375.0,7338744980.7556505,2026-07-14
2018-04-19,sz.002099,海翔药业,4.6094796,4.6094796,4.6184127,4.5826803,3668548,18896990.24,0.230422,0.0,1592099713.0,7338751148.239355,2026-07-14
2018-04-20,sz.002099,海翔药业,4.5916134,4.46655,4.5916134,4.46655,5650462,28599585.0,0.354907,-3.100772,1592096521.0,7111178715.87255,2026-07-14
2018-04-23,sz.002099,海翔药业,4.46655,4.4397507,4.4844162,4.3950852,4624700,23014940.0,0.290478,-0.600004,1592099918.0,7068526725.410443,2026-07-14
2018-04-24,sz.002099,海翔药业,4.4486838,4.5022824,4.5112155,4.4486838,3829559,19253318.28,0.240535,1.408454,1592100526.0,7168086177.240543,2026-07-14
2018-04-25,sz.002099,海翔药业,4.4844162,4.5469479,4.5648141,4.46655,4837400,24431021.0,0.303838,0.992067,1592098421.0,7239188571.959266,2026-07-14
2018-04-26,sz.002099,海翔药业,4.555881,4.5201486,4.6273458,4.5022824,6158649,31476148.84,0.386826,-0.589395,1592097998.0,7196519536.722503,2026-07-14
2018-04-27,sz.002099,海翔药业,4.5112155,4.5648141,4.5737472,4.5112155,3623973,18468215.3,0.227622,0.988146,1592101379.0,7267646823.488645,2026-07-14
2018-05-02,sz.002099,海翔药业,4.6273458,4.6184127,4.6541451,4.5916134,5324126,27596675.42,0.334409,1.174167,1592100093.0,7352975289.182382,2026-07-14
2018-05-03,sz.002099,海翔药业,4.6005465,4.6362789,4.6362789,4.5380148,4012422,20654458.55,0.252021,0.386847,1592098278.0,7381411653.017734,2026-07-14
2018-05-04,sz.002099,海翔药业,4.6184127,4.6362789,4.6541451,4.6005465,3156121,16367888.16,0.198237,0.0,1592094816.0,7381395602.220182,2026-07-14
2018-05-07,sz.002099,海翔药业,4.6362789,4.645212,4.6630782,4.5826803,7092207,36778744.34,0.445463,0.192673,1592097885.0,7395632200.57662,2026-07-14
2018-05-08,sz.002099,海翔药业,4.645212,4.6720113,4.6809444,4.6362789,5258524,27417338.56,0.330289,0.576927,1592097829.0,7438299047.793468,2026-07-14
2018-05-09,sz.002099,海翔药业,4.68111622,4.70843791,4.80861744,4.66290176,8193152,42424233.44,0.514614,0.779726,1592096601.0,7496287992.530543,2026-07-14
2018-05-10,sz.002099,海翔药业,4.69933068,4.71754514,4.7357596,4.6446873,6796883,35032241.24,0.426914,0.193419,1592096535.0,7510787271.10009,2026-07-14
2018-05-11,sz.002099,海翔药业,4.71754514,4.70843791,4.76308129,4.66290176,7862821,40792796.36,0.493865,-0.193045,1592099258.0,7496300502.85007,2026-07-14
2018-05-14,sz.002099,海翔药业,4.58093669,4.58093669,4.68111622,4.56272223,7774609,39250762.09,0.488325,-2.707928,1592097271.0,7293296802.772773,2026-07-14
2018-05-15,sz.002099,海翔药业,4.58093669,4.59915115,4.59915115,4.52629331,4815400,24159015.0,0.302456,0.397614,1592099347.0,7322305542.669299,2026-07-14
2018-05-16,sz.002099,海翔药业,4.59004392,5.06361988,5.06361988,4.58093669,46346312,252361272.25,2.911021,10.099,1592098168.0,8061779934.39638,2026-07-14
2018-05-17,sz.002099,海翔药业,5.05451265,5.02719096,5.09094157,4.79951021,52304323,284889201.25,3.285245,-0.719424,1592098093.0,8003781140.5628395,2026-07-14
2018-05-18,sz.002099,海翔药业,4.93611866,5.15469218,5.2821934,4.90879697,44967581,254313537.47,2.824423,2.536229,1592097961.0,8206774909.360644,2026-07-14
2018-05-21,sz.002099,海翔药业,5.14558495,5.3732657,5.54630307,5.05451265,54880891,319421420.31,3.44708,4.240287,1592097979.0,8554765461.60002,2026-07-14
2018-05-22,sz.002099,海翔药业,5.30951509,5.34594401,5.464338,5.24576448,34301360,201728873.72,2.154476,-0.508478,1592097568.0,8511264456.985168,2026-07-14
2018-05-23,sz.002099,海翔药业,5.3732657,5.18201387,5.50076692,5.18201387,32203613,187890116.67,2.022716,-3.066437,1592097605.0,8250271871.50378,2026-07-14
2018-05-24,sz.002099,海翔药业,5.22755002,5.17290664,5.27308617,5.11826326,19477614,110595524.47,1.223393,-0.175751,1592097879.0,8235773689.809016,2026-07-14
2018-05-25,sz.002099,海翔药业,5.17290664,5.08183434,5.20022833,5.08183434,31635421,178162766.85,1.987027,-1.760562,1592098195.0,8090779280.003016,2026-07-14
2018-05-28,sz.002099,海翔药业,5.11826326,5.09094157,5.20933556,5.05451265,16339867,91970899.71,1.02631,0.179216,1592098586.0,8105280875.00562,2026-07-14
2018-05-29,sz.002099,海翔药业,5.05451265,5.06361988,5.20933556,5.03629819,14241740,80002576.3,0.894527,-0.536676,1592097276.0,8061775417.647447,2026-07-14
2018-05-30,sz.002099,海翔药业,5.01808373,4.86326082,5.08183434,4.80861744,22716855,122572876.37,1.42685,-3.956831,1592098328.0,7742789420.149909,2026-07-14
2018-05-31,sz.002099,海翔药业,4.9179042,4.92701143,4.96344035,4.81772467,12170585,65318954.25,0.764437,1.310856,1592097845.0,7844284279.993369,2026-07-14
2018-06-01,sz.002099,海翔药业,4.88147528,5.08183434,5.1000488,4.87236805,25501718,140994728.1,1.601768,3.14233,1592098107.0,8090778832.801595,2026-07-14
2018-06-04,sz.002099,海翔药业,5.03629819,5.10915603,5.25487171,5.03629819,29254598,165633866.22,1.837487,0.537638,1592098230.0,8134278272.156827,2026-07-14
2018-06-05,sz.002099,海翔药业,5.14558495,5.18201387,5.18201387,5.05451265,15860700,89432873.48,0.996214,1.426023,1592097682.0,8250272270.518848,2026-07-14
2018-06-06,sz.002099,海翔药业,5.18201387,5.18201387,5.26397894,5.10915603,13627071,77699045.59,0.855919,0.0,1592098201.0,8250274959.984047,2026-07-14
2018-06-07,sz.002099,海翔药业,5.17290664,5.06361988,5.1911211,5.04540542,9322037,52236744.87,0.585519,-2.284712,1592098121.0,8061779696.406245,2026-07-14
2018-06-08,sz.002099,海翔药业,5.06361988,5.0089765,5.07272711,4.94522589,5675902,31137505.21,0.356505,-1.079136,1592096044.0,7974771670.138967,2026-07-14
2018-06-11,sz.002099,海翔药业,4.99076204,4.89058251,4.99076204,4.8268319,7697592,41389655.42,0.483487,-2.363638,1592099064.0,7786291836.585771,2026-07-14
2018-06-12,sz.002099,海翔药业,4.89058251,4.90879697,4.92701143,4.8268319,5474926,29319856.62,0.343881,0.372439,1592099011.0,7815290801.136797,2026-07-14
2018-06-13,sz.002099,海翔药业,4.90879697,4.68111622,4.90879697,4.65379453,13720611,71674170.62,0.861794,-4.638219,1592098692.0,7452799010.961984,2026-07-14
2018-06-14,sz.002099,海翔药业,4.69022345,4.72665237,4.77218852,4.60825838,10329600,53139814.01,0.648804,0.972766,1592098692.0,7525297055.815701,2026-07-14
2018-06-15,sz.002099,海翔药业,4.70843791,4.66290176,4.75397406,4.61736561,9487700,48775634.73,0.595924,-1.348751,1592098992.0,7423801191.891026,2026-07-14
2018-06-19,sz.002099,海翔药业,4.61736561,4.38968486,4.61736561,4.32593425,14101000,69301986.0,0.885687,-5.859369,1592097434.0,6988806001.674649,2026-07-14
2018-06-20,sz.002099,海翔药业,4.3714704,4.4625427,4.49897162,4.34414871,6113800,29829335.0,0.384009,1.65975,1592098102.0,7104805762.763956,2026-07-14
2018-06-21,sz.002099,海翔药业,4.44432824,4.38057763,4.50807885,4.33504148,8676300,42242888.0,0.54496,-1.836738,1592098503.0,6974311086.998288,2026-07-14
2018-06-22,sz.002099,海翔药业,4.38057763,4.51718608,4.553615,4.33504148,9189102,45174645.12,0.577169,3.118505,1592099021.0,7191807535.642828,2026-07-14
2018-06-25,sz.002099,海翔药业,4.553615,4.45343547,4.59915115,4.44432824,5904400,29172911.0,0.370857,-1.411294,1592096145.0,7090297443.7932625,2026-07-14
2018-06-26,sz.002099,海翔药业,4.39879209,4.43522101,4.49897162,4.3714704,6134704,29837235.4,0.385322,-0.408998,1592098037.0,7061306663.6821575,2026-07-14
2018-06-27,sz.002099,海翔药业,4.42611378,4.4625427,4.52629331,4.39879209,6918639,34016093.86,0.434561,0.616021,1592098463.0,7104807373.741871,2026-07-14
2018-06-28,sz.002099,海翔药业,4.44432824,4.4625427,4.50807885,4.43522101,3745004,18433787.6,0.235224,0.0,1592101146.0,7104819346.743935,2026-07-14
2018-06-29,sz.002099,海翔药业,4.45343547,4.67200899,4.69022345,4.45343547,9318410,47095474.5,0.585291,4.693878,1592098631.0,7438299116.9986925,2026-07-14
2018-07-02,sz.002099,海翔药业,4.62647284,4.80861744,5.04540542,4.62647284,19778085,104945320.41,1.242266,2.923979,1592097425.0,7655787444.034092,2026-07-14
2018-07-03,sz.002099,海翔药业,4.81772467,4.7357596,4.87236805,4.65379453,11654291,60532276.48,0.732008,-1.515159,1592098857.0,7539797446.186777,2026-07-14
2018-07-04,sz.002099,海翔药业,4.70843791,4.69933068,4.79040298,4.69022345,4353395,22575093.65,0.273438,-0.76923,1592095832.0,7481784788.817726,2026-07-14
2018-07-05,sz.002099,海翔药业,4.71754514,4.60825838,4.7357596,4.60825838,5076500,26042410.18,0.318856,-1.937983,1592098000.0,7336798950.2812395,2026-07-14
2018-07-06,sz.002099,海翔药业,4.65379453,4.61736561,4.70843791,4.553615,6875781,34969029.0,0.431869,0.197633,1592098761.0,7351302066.76501,2026-07-14
2018-07-09,sz.002099,海翔药业,4.62647284,4.68111622,4.71754514,4.62647284,5956096,30619741.5,0.374187,1.380665,1591743166.0,7451134752.436752,2026-07-14
2018-07-10,sz.002099,海翔药业,4.69933068,4.66290176,4.69933068,4.58093669,5632206,28727299.62,0.353839,-0.389105,1591742572.0,7422139240.445726,2026-07-14
2018-07-11,sz.002099,海翔药业,4.61736561,4.553615,4.63558007,4.45343547,7774338,38783560.52,0.488416,-2.343748,1591745152.0,7248194600.32448,2026-07-14
2018-07-12,sz.002099,海翔药业,4.59004392,4.6446873,4.72665237,4.54450777,7433172,37846667.42,0.466983,1.999998,1591743597.0,7393151269.842218,2026-07-14
2018-07-13,sz.002099,海翔药业,4.6446873,4.76308129,4.8268319,4.62647284,11396880,58893777.16,0.715999,2.549022,1591745240.0,7581611971.090559,2026-07-14
2018-07-16,sz.002099,海翔药业,4.75397406,4.69933068,4.76308129,4.63558007,5583624,28721665.62,0.350787,-1.338435,1591741997.0,7480122001.146568,2026-07-14
2018-07-17,sz.002099,海翔药业,4.69022345,4.68111622,4.70843791,4.61736561,5098700,26053373.0,0.320322,-0.387597,1591742060.0,7451129575.122213,2026-07-14
2018-07-18,sz.002099,海翔药业,4.72665237,4.66290176,4.78129575,4.65379453,5233600,27126118.21,0.328797,-0.389105,1591742017.0,7422136652.535249,2026-07-14
2018-07-19,sz.002099,海翔药业,4.6446873,4.58093669,4.67200899,4.56272223,4513000,22871945.92,0.283525,-1.757806,1591746760.0,7291691134.072624,2026-07-14
2018-07-20,sz.002099,海翔药业,4.58093669,4.6446873,4.65379453,4.553615,3868995,19610254.78,0.243066,1.391644,1591746686.0,7393165617.281288,2026-07-14
2018-07-23,sz.002099,海翔药业,4.58093669,4.59004392,4.59915115,4.53540054,6973476,34961180.0,0.438103,-1.176469,1591743494.0,7306172546.834257,2026-07-14
2018-07-24,sz.002099,海翔药业,4.58093669,4.67200899,4.71754514,4.553615,9434676,48157627.72,0.592726,1.785717,1591743234.0,7436638699.019674,2026-07-14
2018-07-25,sz.002099,海翔药业,4.66290176,4.67200899,4.69933068,4.63558007,4001368,20501676.08,0.251383,0.0,1591741685.0,7436631462.077748,2026-07-14
2018-07-26,sz.002099,海翔药业,4.67200899,4.69933068,4.76308129,4.66290176,6532513,33817494.41,0.4104,0.58479,1591742934.0,7480126404.419415,2026-07-14
2018-07-27,sz.002099,海翔药业,4.69933068,4.6446873,4.70843791,4.6446873,3421800,17545196.0,0.214972,-1.16279,1591742180.0,7393144688.320314,2026-07-14
2018-07-30,sz.002099,海翔药业,4.6446873,4.61736561,4.68111622,4.59004392,3137188,15935262.4,0.197091,-0.58823,1591745945.0,7349672986.299952,2026-07-14
2018-07-31,sz.002099,海翔药业,4.65379453,4.61736561,4.65379453,4.59915115,2902200,14745191.0,0.182328,0.0,1591746742.0,7349676666.3403425,2026-07-14
2018-08-01,sz.002099,海翔药业,4.6446873,4.52629331,4.66290176,4.51718608,4261300,21450957.0,0.267713,-1.972394,1591741903.0,7204690726.795568,2026-07-14
2018-08-02,sz.002099,海翔药业,4.553615,4.53540054,4.6446873,4.38057763,7477669,36978456.2,0.469778,0.201212,1591745250.0,7219202266.392436,2026-07-14
2018-08-03,sz.002099,海翔药业,4.53540054,4.43522101,4.56272223,4.40789932,3466779,17047885.1,0.217798,-2.208838,1591740512.0,7059720961.290558,2026-07-14
2018-08-06,sz.002099,海翔药业,4.44432824,4.33504148,4.47164993,4.27129087,6015287,28855323.9,0.377905,-2.25872,1591745809.0,6900284107.631158,2026-07-14
2018-08-07,sz.002099,海翔药业,4.35325594,4.42611378,4.4625427,4.33504148,3267800,15804925.0,0.205297,2.100838,1591742695.0,7045234276.553837,2026-07-14
2018-08-08,sz.002099,海翔药业,4.43522101,4.40789932,4.52629331,4.39879209,4032328,19685191.36,0.253328,-0.411522,1591741931.0,7016238175.270388,2026-07-14
2018-08-09,sz.002099,海翔药业,4.40789932,4.4625427,4.51718608,4.39879209,4608400,22640111.98,0.289519,1.239668,1591743547.0,7103223545.936957,2026-07-14
2018-08-10,sz.002099,海翔药业,4.4625427,4.4625427,4.47164993,4.40789932,3926948,19200485.32,0.246707,0.0,1591745674.0,7103233037.76528,2026-07-14
2018-08-13,sz.002099,海翔药业,4.41700655,4.44432824,4.48075716,4.3714704,3820724,18583509.04,0.240034,-0.408163,1591742836.0,7074227636.8524885,2026-07-14
2018-08-14,sz.002099,海翔药业,4.45343547,4.49897162,4.54450777,4.42611378,6974102,34352132.54,0.438142,1.229507,1591744686.0,7161214168.599811,2026-07-14
2018-08-15,sz.002099,海翔药业,4.53540054,4.41700655,4.53540054,4.39879209,3738520,18290466.8,0.234869,-1.821865,1591746889.0,7030756434.655123,2026-07-14
2018-08-16,sz.002099,海翔药业,4.38968486,4.36236317,4.44432824,4.35325594,3065600,14798603.0,0.192594,-1.237112,1591742214.0,6943757610.487859,2026-07-14
2018-08-17,sz.002099,海翔药业,4.3714704,4.32593425,4.42611378,4.31682702,2815200,13525999.0,0.176863,-0.835072,1591740500.0,6885764746.062125,2026-07-14
2018-08-20,sz.002099,海翔药业,4.34414871,4.30771979,4.3714704,4.21664749,3576348,16822343.64,0.224681,-0.421052,1591744740.0,6856790317.126405,2026-07-14
2018-08-21,sz.002099,海翔药业,4.30771979,4.33504148,4.36236317,4.29861256,2036700,9689989.0,0.127954,0.634254,1591743908.0,6900275866.717304,2026-07-14
2018-08-22,sz.002099,海翔药业,4.33504148,4.32593425,4.3714704,4.31682702,1931000,9198399.0,0.121313,-0.210089,1591750266.0,6885806993.136011,2026-07-14
2018-08-23,sz.002099,海翔药业,4.33504148,4.33504148,4.3714704,4.31682702,2285300,10894893.0,0.143572,0.210531,1591744908.0,6900280201.758784,2026-07-14
2018-08-24,sz.002099,海翔药业,4.33504148,4.32593425,4.34414871,4.30771979,1668330,7918593.5,0.104811,-0.210089,1591750866.0,6885809588.696561,2026-07-14
2018-08-27,sz.002099,海翔药业,4.32593425,4.39879209,4.41700655,4.32593425,2479800,11939468.0,0.155791,1.684209,1591747919.0,7001768155.3711605,2026-07-14
2018-08-28,sz.002099,海翔药业,4.38968486,4.41700655,4.41700655,4.38968486,2471600,11951083.0,0.155276,0.414078,1591746310.0,7030753877.20833,2026-07-14
2018-08-29,sz.002099,海翔药业,4.41700655,4.48075716,4.54450777,4.40789932,4964868,24519756.52,0.311914,1.443303,1591742596.0,7132212033.903987,2026-07-14
2018-08-30,sz.002099,海翔药业,4.49897162,4.44432824,4.52629331,4.41700655,3521200,17221878.04,0.221216,-0.813007,1591747432.0,7074248062.98508,2026-07-14
2018-08-31,sz.002099,海翔药业,4.43522101,4.43522101,4.48986439,4.40789932,2356286,11528089.82,0.148032,-0.204923,1591740975.0,7059723014.797885,2026-07-14
2018-09-03,sz.002099,海翔药业,4.40789932,4.48075716,4.49897162,4.39879209,4272918,20919172.76,0.268443,1.026698,1591741264.0,7132206065.53545,2026-07-14
2018-09-04,sz.002099,海翔药业,4.48075716,4.61736561,4.6446873,4.48075716,10175095,51306507.61,0.639242,3.048782,1591743815.0,7349663151.311202,2026-07-14
2018-09-05,sz.002099,海翔药业,4.59915115,4.56272223,4.67200899,4.553615,5865302,29639217.0,0.368483,-1.183431,1591742903.0,7262680727.962834,2026-07-14
2018-09-06,sz.002099,海翔药业,4.56272223,4.51718608,4.62647284,4.50807885,3852717,19256664.81,0.242044,-0.998008,1591742410.0,7190196657.397653,2026-07-14
2018-09-07,sz.002099,海翔药业,4.51718608,4.51718608,4.59004392,4.48986439,3126248,15572151.29,0.196404,0.0,1591743549.0,7190201802.472598,2026-07-14
2018-09-10,sz.002099,海翔药业,4.54450777,4.42611378,4.54450777,4.41700655,4121411,20204828.11,0.258924,-2.016127,1591745454.0,7045246488.201756,2026-07-14
2018-09-11,sz.002099,海翔药业,4.41700655,4.49897162,4.53540054,4.41700655,3885559,19184949.91,0.244107,1.646089,1591744194.0,7161211955.105774,2026-07-14
2018-09-12,sz.002099,海翔药业,4.51718608,4.59004392,4.61736561,4.48986439,8465457,42603954.21,0.531835,2.02429,1591744996.0,7306179441.080225,2026-07-14
2018-09-13,sz.002099,海翔药业,4.61736561,4.553615,4.6446873,4.53540054,5296463,26575130.63,0.332746,-0.79365,1591743552.0,7248187314.54048,2026-07-14
2018-09-14,sz.002099,海翔药业,4.59004392,4.53540054,4.59915115,4.52629331,5026000,25196394.18,0.315754,-0.4,1591745473.0,7219203277.786756,2026-07-14
2018-09-17,sz.002099,海翔药业,4.53540054,4.43522101,4.57182946,4.42611378,4780800,23522257.94,0.30035,-2.208838,1591742967.0,7059731849.758137,2026-07-14
2018-09-18,sz.002099,海翔药业,4.39879209,4.48986439,4.49897162,4.39879209,5647145,27602413.43,0.354777,1.232032,1591744955.0,7146718991.416653,2026-07-14
2018-09-19,sz.002099,海翔药业,4.49897162,4.49897162,4.51718608,4.44432824,6768979,33331901.31,0.425255,0.202844,1591745894.0,7161219603.357528,2026-07-14
2018-09-20,sz.002099,海翔药业,4.48986439,4.38968486,4.49897162,4.36236317,17517664,84878824.61,1.100533,-2.429147,1591743637.0,6987252944.340236,2026-07-14
2018-09-21,sz.002099,海翔药业,4.38968486,4.41700655,4.44432824,4.34414871,11123175,53747961.6,0.698804,0.622401,1591744609.0,7030746363.880189,2026-07-14
2018-09-25,sz.002099,海翔药业,4.40789932,4.38057763,4.45343547,4.36236317,8512245,41102401.29,0.534775,-0.824742,1591743257.0,6972754904.317541,2026-07-14
2018-09-26,sz.002099,海翔药业,4.38057763,4.32593425,4.40789932,4.30771979,15257845,73133359.71,0.958561,-1.2474,1591744813.0,6885783403.8165455,2026-07-14
2018-09-27,sz.002099,海翔药业,4.32593425,4.27129087,4.35325594,4.26218364,10590838,50020726.92,0.665361,-1.263157,1591743129.0,6798797894.282931,2026-07-14
2018-09-28,sz.002099,海翔药业,4.23486195,4.27129087,4.28950533,4.23486195,10833630,50679264.98,0.680614,0.0,1591743631.0,6798800038.470948,2026-07-14
2018-10-08,sz.002099,海翔药业,4.2803981,4.22575472,4.34414871,4.20754026,19049080,89434145.71,1.196743,-1.066102,1591743591.0,6726317992.698,2026-07-14
2018-10-09,sz.002099,海翔药业,4.21664749,4.21664749,4.27129087,4.19843303,6992077,32424339.54,0.439271,-0.215512,1591745642.0,6711830266.057738,2026-07-14
2018-10-10,sz.002099,海翔药业,4.22575472,4.19843303,4.22575472,4.14378965,5959554,27412339.24,0.374404,-0.431965,1591744212.0,6682831474.972123,2026-07-14
2018-10-11,sz.002099,海翔药业,4.10736073,3.88878721,4.10736073,3.83414383,11654068,50893158.57,0.732157,-7.375275,1591744394.0,6189955240.9764,2026-07-14
2018-10-12,sz.002099,海翔药业,3.81592937,3.87967998,3.9161089,3.74307153,8204882,34460645.79,0.515465,-0.234186,1591743765.0,6175456418.360325,2026-07-14
2018-10-15,sz.002099,海翔药业,3.9161089,3.87057275,3.94343059,3.85235829,3997250,17074201.16,0.251124,-0.234747,1591743521.0,6160959097.371653,2026-07-14
2018-10-16,sz.002099,海翔药业,3.87057275,3.84325106,3.9161089,3.80682214,4970322,21084401.04,0.312256,-0.705887,1591745875.0,6117479021.3443775,2026-07-14
2018-10-17,sz.002099,海翔药业,3.96164505,3.94343059,4.08003904,3.87057275,11705524,50794212.67,0.73539,2.606638,1591743701.0,6276930801.963214,2026-07-14
2018-10-18,sz.002099,海翔药业,3.92521613,3.90700167,3.97985951,3.89789444,7828190,33870829.48,0.4918,-0.923787,1591742578.0,6218940910.456105,2026-07-14
2018-10-19,sz.002099,海翔药业,3.87057275,3.97985951,3.98896674,3.80682214,6419050,27483012.97,0.403271,1.8648,1591745997.0,6334925443.664881,2026-07-14
2018-10-22,sz.002099,海翔药业,3.98896674,4.20754026,4.35325594,3.98896674,17603921,80219300.39,1.105952,5.720824,1591743674.0,6697325591.955316,2026-07-14
2018-10-23,sz.002099,海翔药业,4.17111134,4.08003904,4.19843303,4.07093181,11882394,53842692.86,0.746502,-3.0303,1591743090.0,6494373948.850233,2026-07-14
2018-10-24,sz.002099,海翔药业,4.06182458,4.07093181,4.11646796,4.04361012,5058296,22668805.75,0.317783,-0.223219,1591745310.0,6479886615.897311,2026-07-14
2018-10-25,sz.002099,海翔药业,3.98896674,4.06182458,4.0982535,3.93432336,7226348,31620545.76,0.453989,-0.223708,1591745174.0,6465389672.849576,2026-07-14
2018-10-26,sz.002099,海翔药业,4.08003904,4.08914627,4.15289688,4.05271735,6598494,29641845.9,0.414545,0.67264,1591743719.0,6508872891.344777,2026-07-14
2018-10-29,sz.002099,海翔药业,4.08914627,4.0982535,4.13468242,4.03450289,7161738,32093170.57,0.44993,0.222722,1591744938.0,6523374263.265783,2026-07-14
2018-10-30,sz.002099,海翔药业,4.07093181,4.10736073,4.11646796,4.04361012,7046067,31596524.03,0.442663,0.222227,1591745188.0,6537871677.357667,2026-07-14
2018-10-31,sz.002099,海翔药业,4.11646796,4.11646796,4.16200411,4.08914627,7366996,33375586.42,0.462825,0.221724,1591745476.0,6552369252.428948,2026-07-14
2018-11-01,sz.002099,海翔药业,4.16200411,4.23486195,4.31682702,4.11646796,20094843,92774556.76,1.262442,2.876109,1591743858.0,6740815498.390403,2026-07-14
2018-11-02,sz.002099,海翔药业,4.2803981,4.29861256,4.31682702,4.22575472,14488368,67975667.83,0.91022,1.50537,1591743535.0,6842288751.849799,2026-07-14
2018-11-05,sz.002099,海翔药业,4.2803981,4.2803981,4.33504148,4.24396918,10223559,48095249.94,0.642287,-0.423728,1591743099.0,6813294136.647712,2026-07-14
2018-11-06,sz.002099,海翔药业,4.26218364,4.34414871,4.34414871,4.20754026,10283034,48354877.91,0.646023,1.489365,1591744257.0,6914773760.696458,2026-07-14
2018-11-07,sz.002099,海翔药业,4.31682702,4.22575472,4.3714704,4.22575472,9926130,46912338.2,0.623601,-2.725369,1591743759.0,6726318702.624793,2026-07-14
2018-11-08,sz.002099,海翔药业,4.27129087,4.25307641,4.31682702,4.25307641,6184571,29121150.57,0.388541,0.646556,1591742184.0,6769801133.57228,2026-07-14
2018-11-09,sz.002099,海翔药业,4.22575472,4.21664749,4.29861256,4.21664749,4142129,19345573.67,0.260226,-0.85653,1591742947.0,6711818902.192753,2026-07-14
2018-11-12,sz.002099,海翔药业,4.20754026,4.33504148,4.33504148,4.20754026,7296136,34377386.68,0.458374,2.807778,1591742987.0,6900271874.144101,2026-07-14
2018-11-13,sz.002099,海翔药业,4.28950533,4.39879209,4.42611378,4.27129087,10987503,52695694.41,0.690281,1.470582,1591743507.0,7001748747.900459,2026-07-14
2018-11-14,sz.002099,海翔药业,4.3714704,4.3714704,4.47164993,4.35325594,11303588,54855156.96,0.710138,-0.621112,1591745266.0,6958267314.659126,2026-07-14
2018-11-15,sz.002099,海翔药业,4.3714704,4.43522101,4.45343547,4.3714704,6435973,31242166.46,0.404335,1.458327,1591742738.0,7059730834.0925255,2026-07-14
2018-11-16,sz.002099,海翔药业,4.45343547,4.42611378,4.48075716,4.39879209,8572333,41777806.4,0.53855,-0.205334,1591743199.0,7045236507.315182,2026-07-14
2018-11-19,sz.002099,海翔药业,4.44432824,4.48075716,4.48986439,4.41700655,12313900,60211707.0,0.773611,1.234567,1591743137.0,7132214457.99361,2026-07-14
2018-11-20,sz.002099,海翔药业,4.44432824,4.34414871,4.4625427,4.33504148,10921786,52669078.24,0.686152,-3.048782,1591744395.0,6914774360.18898,2026-07-14
2018-11-21,sz.002099,海翔药业,4.33504148,4.3714704,4.38057763,4.30771979,6260482,29917318.75,0.39331,0.628935,1591742391.0,6958254746.681726,2026-07-14
2018-11-22,sz.002099,海翔药业,4.3714704,4.38057763,4.39879209,4.34414871,5411079,25993782.17,0.339947,0.208328,1591741948.0,6972749170.141424,2026-07-14
2018-11-23,sz.002099,海翔药业,4.3714704,4.26218364,4.42611378,4.23486195,8843214,41817468.38,0.555568,-2.702705,1591742865.0,6784300398.289728,2026-07-14
2018-11-26,sz.002099,海翔药业,4.25307641,4.24396918,4.28950533,4.22575472,4188800,19573083.0,0.263158,-0.42735,1591743363.0,6755309775.041552,2026-07-14
2018-11-27,sz.002099,海翔药业,4.26218364,4.22575472,4.29861256,4.20754026,4665278,21777722.48,0.293092,-0.429184,1591745254.0,6726325020.128099,2026-07-14
2018-11-28,sz.002099,海翔药业,4.22575472,4.26218364,4.27129087,4.1893258,5067547,23567511.45,0.318364,0.862068,1591746240.0,6784314783.159513,2026-07-14
2018-11-29,sz.002099,海翔药业,4.2803981,4.18021857,4.29861256,4.17111134,5048278,23538496.44,0.317154,-1.92307,1591743443.0,6653835499.104337,2026-07-14
2018-11-30,sz.002099,海翔药业,4.17111134,4.17111134,4.20754026,4.10736073,5899400,26958318.0,0.370625,-0.21787,1591743676.0,6639340097.336886,2026-07-14
2018-12-03,sz.002099,海翔药业,4.25307641,4.35325594,4.38057763,4.25307641,11537490,54889984.39,0.724833,4.366818,1591744581.0,6929271552.201062,2026-07-14
2018-12-04,sz.002099,海翔药业,4.35325594,4.39879209,4.41700655,4.33504148,9239840,44481246.39,0.580485,1.046019,1591744834.0,7001754585.097563,2026-07-14
2018-12-05,sz.002099,海翔药业,4.35325594,4.38968486,4.42611378,4.32593425,10582579,50978824.09,0.664842,-0.207034,1591743452.0,6987252132.248537,2026-07-14
2018-12-06,sz.002099,海翔药业,4.38057763,4.41700655,4.50807885,4.3714704,18007985,87855504.43,1.131337,0.622401,1591743663.0,7030742185.391993,2026-07-14
2018-12-07,sz.002099,海翔药业,4.45343547,4.28950533,4.45343547,4.18021857,14547104,68721657.21,0.91391,-2.886595,1591743607.0,6827792686.219925,2026-07-14
2018-12-10,sz.002099,海翔药业,4.26218364,4.1893258,4.26218364,4.18021857,7093951,32756182.87,0.445672,-2.335459,1591742582.0,6668328265.7312155,2026-07-14
2018-12-11,sz.002099,海翔药业,4.1893258,4.18021857,4.24396918,4.17111134,5115150,23551299.0,0.321355,-0.217386,1591744333.0,6653839219.498864,2026-07-14
2018-12-12,sz.002099,海翔药业,4.19843303,4.21664749,4.2803981,4.16200411,6640800,30708391.1,0.417203,0.871459,1591743108.0,6711819581.072998,2026-07-14
2018-12-13,sz.002099,海翔药业,4.22575472,4.25307641,4.29861256,4.18021857,7155329,33320404.51,0.449528,0.86393,1591742672.0,6769803209.073568,2026-07-14
2018-12-14,sz.002099,海翔药业,4.25307641,4.14378965,4.26218364,4.14378965,5713309,26273308.44,0.358934,-2.569591,1591743607.0,6595850684.140268,2026-07-14
2018-12-17,sz.002099,海翔药业,4.16200411,4.13468242,4.16200411,4.10736073,3755171,17062355.92,0.235915,-0.219785,1591747451.0,6581370202.729511,2026-07-14
2018-12-18,sz.002099,海翔药业,4.10736073,4.19843303,4.21664749,4.07093181,7841192,35729351.52,0.492616,1.541854,1591745295.0,6682836021.875094,2026-07-14
2018-12-19,sz.002099,海翔药业,4.1893258,4.12557519,4.1893258,4.12557519,5913900,26950602.0,0.371536,-1.735356,1591743465.0,6566857348.048634,2026-07-14
2018-12-20,sz.002099,海翔药业,4.10736073,4.13468242,4.16200411,4.10736073,3761581,17063089.22,0.236318,0.220745,1591745445.0,6581361908.556577,2026-07-14
2018-12-21,sz.002099,海翔药业,4.12557519,4.08914627,4.13468242,4.07093181,5806192,26198643.92,0.364769,-1.101326,1591744913.0,6508877773.785424,2026-07-14
2018-12-24,sz.002099,海翔药业,4.08914627,4.10736073,4.12557519,4.07093181,3129967,14108692.54,0.196638,0.445445,1591740661.0,6537853083.335643,2026-07-14
2018-12-25,sz.002099,海翔药业,4.07093181,4.05271735,4.12557519,4.01628843,6566515,29198817.5,0.412536,-1.330386,1591743508.0,6450886531.621464,2026-07-14
2018-12-26,sz.002099,海翔药业,4.07093181,4.08003904,4.0982535,4.05271735,6012408,26909680.58,0.377725,0.674162,1591742140.0,6494370072.813146,2026-07-14
2018-12-27,sz.002099,海翔药业,4.10736073,4.12557519,4.1893258,4.0982535,7370178,33430227.0,0.463025,1.116076,1591745154.0,6566864316.145129,2026-07-14
2018-12-28,sz.002099,海翔药业,4.12557519,4.11646796,4.16200411,4.06182458,7080000,31892855.27,0.444795,-0.220756,1591744512.0,6552365284.153835,2026-07-14
2019-01-02,sz.002099,海翔药业,4.15289688,4.03450289,4.15289688,4.02539566,8892947,39627872.22,0.558692,-1.991154,1591744109.0,6421896207.900974,2026-07-14
2019-01-03,sz.002099,海翔药业,4.03450289,3.96164505,4.04361012,3.89789444,8860520,38733603.72,0.556655,-1.805867,1591743540.0,6305922916.110477,2026-07-14
2019-01-04,sz.002099,海翔药业,3.90700167,4.03450289,4.04361012,3.90700167,6777217,29692587.29,0.425773,1.839079,1591744192.0,6421896542.764714,2026-07-14
2019-01-07,sz.002099,海翔药业,4.07093181,4.07093181,4.0982535,4.05271735,6810760,30444855.6,0.42788,0.902934,1591745349.0,6479886774.663652,2026-07-14
2019-01-08,sz.002099,海翔药业,4.05271735,4.08003904,4.08914627,4.05271735,3956169,17685467.43,0.248543,0.223719,1591744286.0,6494378828.576925,2026-07-14
2019-01-09,sz.002099,海翔药业,4.08914627,4.0982535,4.13468242,4.06182458,5579300,25175338.22,0.350515,0.446428,1591743577.0,6523368685.542769,2026-07-14
2019-01-10,sz.002099,海翔药业,4.0982535,4.08003904,4.12557519,4.07093181,4069740,18358112.8,0.255678,-0.444444,1591744303.0,6494378897.937589,2026-07-14
2019-01-11,sz.002099,海翔药业,4.10736073,4.11646796,4.13468242,4.08003904,4307656,19455774.18,0.270625,0.892856,1591743557.0,6552361352.926933,2026-07-14
2019-01-14,sz.002099,海翔药业,4.0982535,4.10736073,4.12557519,4.08914627,6194783,27966207.32,0.389182,-0.221233,1591744479.0,6537868765.23891,2026-07-14
2019-01-15,sz.002099,海翔药业,4.10736073,4.14378965,4.15289688,4.08914627,4880703,22088802.49,0.306626,0.886917,1591744666.0,6595855072.413507,2026-07-14
2019-01-16,sz.002099,海翔药业,4.13468242,4.12557519,4.15289688,4.10736073,3931000,17827770.0,0.246962,-0.43956,1591742859.0,6566854847.950068,2026-07-14
2019-01-17,sz.002099,海翔药业,4.12557519,4.16200411,4.19843303,4.10736073,7411898,33840508.02,0.465646,0.883001,1591745231.0,6624850193.494899,2026-07-14
2019-01-18,sz.002099,海翔药业,4.16200411,4.20754026,4.20754026,4.14378965,6224074,28631597.72,0.391022,1.094086,1591745221.0,6697332101.020098,2026-07-14
2019-01-21,sz.002099,海翔药业,4.22575472,4.27129087,4.29861256,4.20754026,7075903,33046105.82,0.444538,1.515155,1591743113.0,6798797825.942278,2026-07-14
2019-01-22,sz.002099,海翔药业,4.26218364,4.20754026,4.27129087,4.1893258,6032555,27968772.34,0.37899,-1.492541,1591745165.0,6697331865.397843,2026-07-14
2019-01-23,sz.002099,海翔药业,4.1893258,4.18021857,4.20754026,4.16200411,3637018,16700121.42,0.228493,-0.649345,1591741541.0,6653827548.328616,2026-07-14
2019-01-24,sz.002099,海翔药业,4.18021857,4.18021857,4.23486195,4.15289688,6021800,27728300.0,0.378315,0.0,1591742331.0,6653830850.701287,2026-07-14
2019-01-25,sz.002099,海翔药业,4.20754026,4.18021857,4.21664749,4.16200411,4914540,22609834.2,0.308752,0.0,1591743535.0,6653835883.684445,2026-07-14
2019-01-28,sz.002099,海翔药业,4.19843303,4.14378965,4.24396918,4.14378965,4882880,22444809.6,0.306763,-0.871459,1591743463.0,6595850087.434559,2026-07-14
2019-01-29,sz.002099,海翔药业,4.14378965,4.15289688,4.18021857,4.05271735,4478500,20311391.0,0.281358,0.219775,1591744326.0,6610350045.203103,2026-07-14
2019-01-30,sz.002099,海翔药业,4.11646796,4.11646796,4.18021857,4.10736073,3087300,14052506.0,0.193957,-0.877192,1591744562.0,6552365489.977233,2026-07-14
2019-01-31,sz.002099,海翔药业,4.11646796,4.03450289,4.14378965,4.02539566,4855000,21770478.0,0.305011,-1.991154,1591745871.0,6421903316.695066,2026-07-14
2019-02-01,sz.002099,海翔药业,4.07093181,4.1893258,4.19843303,4.07093181,5953394,27148617.99,0.374017,3.837474,1591744226.0,6668335152.98283,2026-07-14
2019-02-11,sz.002099,海翔药业,4.24396918,4.30771979,4.31682702,4.19843303,8663027,40668854.05,0.544247,2.826089,1591745476.0,6856793487.6081705,2026-07-14
2019-02-12,sz.002099,海翔药业,4.29861256,4.36236317,4.38968486,4.29861256,9852004,47217310.29,0.618944,1.268498,1591744003.0,6943765414.755569,2026-07-14
2019-02-13,sz.002099,海翔药业,4.36236317,4.45343547,4.48075716,4.33504148,13203598,64516760.76,0.829505,2.087681,1591744233.0,7088730226.410144,2026-07-14
2019-02-14,sz.002099,海翔药业,4.4625427,4.4625427,4.48986439,4.43522101,8019371,39287314.07,0.50381,0.204504,1591745102.0,7103230485.190856,2026-07-14
2019-02-15,sz.002099,海翔药业,4.4625427,4.48075716,4.48986439,4.42611378,9066464,44438918.11,0.569593,0.408163,1591744281.0,7132219583.979801,2026-07-14
2019-02-18,sz.002099,海翔药业,4.92701143,4.92701143,4.92701143,4.84504636,30167538,163153411.33,1.89525,9.959345,1591744519.0,7842543438.752852,2026-07-14
2019-02-19,sz.002099,海翔药业,5.18201387,4.99076204,5.18201387,4.90879697,62319051,344771887.77,3.915142,1.293903,1591744335.0,7944017204.503043,2026-07-14
2019-02-20,sz.002099,海翔药业,4.92701143,4.98165481,4.98165481,4.86326082,24073331,130288367.89,1.512387,-0.182486,1591744110.0,7929519701.870669,2026-07-14
2019-02-21,sz.002099,海翔药业,5.01808373,4.89968974,5.06361988,4.89058251,30402026,166547762.12,1.909982,-1.645332,1591744111.0,7799052289.372122,2026-07-14
2019-02-22,sz.002099,海翔药业,4.9179042,4.93611866,4.94522589,4.79040298,24476997,130628377.12,1.537747,0.743494,1591744091.0,7857037709.529838,2026-07-14
2019-02-25,sz.002099,海翔药业,4.94522589,5.1000488,5.14558495,4.94522589,45818190,253212808.47,2.87849,3.32103,1591743935.0,8117971745.604028,2026-07-14
2019-02-26,sz.002099,海翔药业,5.17290664,5.04540542,5.33683678,5.04540542,44939475,256096168.91,2.823285,-1.071428,1591744192.0,8030994773.57032,2026-07-14
2019-02-27,sz.002099,海翔药业,5.03629819,5.07272711,5.20022833,5.02719096,27990456,157241232.21,1.758477,0.54152,1591744220.0,8074484056.979804,2026-07-14
2019-02-28,sz.002099,海翔药业,5.1000488,5.21844279,5.25487171,5.1000488,25946498,147491363.09,1.630067,2.872529,1591744266.0,8306426388.431542,2026-07-14
2019-03-01,sz.002099,海翔药业,5.27308617,5.20022833,5.2821934,5.14558495,20579698,117131661.68,1.292902,-0.34904,1591744618.0,8277435456.648627,2026-07-14
2019-03-04,sz.002099,海翔药业,5.21844279,5.20933556,5.31862232,5.20022833,38099248,219701331.98,2.393554,0.175127,1591743825.0,8291927709.982918,2026-07-14
2019-03-05,sz.002099,海翔药业,5.1911211,5.27308617,5.27308617,5.16379941,26472739,151470207.17,1.663128,1.223779,1591743931.0,8393402908.7375345,2026-07-14
2019-03-06,sz.002099,海翔药业,5.36415847,5.43701631,5.61916091,5.35505124,56164106,337222637.66,3.528463,3.108805,1591744224.0,8654339307.236294,2026-07-14
2019-03-07,sz.002099,海翔药业,5.39148016,5.464338,5.53719584,5.38237293,42502901,254945442.46,2.670209,0.502516,1591744354.0,8697829159.847652,2026-07-14
2019-03-08,sz.002099,海翔药业,5.36415847,5.13647772,5.44612354,5.12737049,38317656,223608781.16,2.407275,-6.000002,1591744026.0,8175957725.492101,2026-07-14
2019-03-11,sz.002099,海翔药业,5.18201387,5.60094645,5.6464826,5.18201387,54793793,327329211.48,3.442374,9.042558,1591744331.0,8915274760.022076,2026-07-14
2019-03-12,sz.002099,海翔药业,5.66469706,5.58273199,5.71934044,5.47344523,48834216,300377014.79,3.067969,-0.325203,1591744115.0,8886280790.704739,2026-07-14
2019-03-13,sz.002099,海翔药业,5.5554103,5.65558983,5.81041274,5.52808861,53564614,334749713.93,3.365152,1.305056,1591744266.0,9002252682.750416,2026-07-14
2019-03-14,sz.002099,海翔药业,5.65558983,5.49165969,5.71934044,5.42790908,34277635,208111559.39,2.153464,-2.898548,1591744046.0,8741316614.215706,2026-07-14
2019-03-15,sz.002099,海翔药业,5.51898138,5.52808861,5.62826814,5.47344523,26933090,164090574.57,1.692049,0.663349,1591744093.0,8799302390.54808,2026-07-14
2019-03-18,sz.002099,海翔药业,5.50076692,5.8286272,5.86505612,5.50076692,47901961,301174325.12,3.009401,5.436572,1591744038.0,9277682595.324633,2026-07-14
2019-03-19,sz.002099,海翔药业,5.8286272,5.86505612,5.9196995,5.77398382,34659108,221878719.27,2.17743,0.624999,1591743845.0,9335666979.589582,2026-07-14
2019-03-20,sz.002099,海翔药业,5.88327058,5.78309105,5.88327058,5.6464826,31676915,200017852.35,1.990076,-1.397518,1591743984.0,9205200387.761744,2026-07-14
2019-03-21,sz.002099,海翔药业,5.79219828,5.76487659,5.81951997,5.69201875,29794049,188327402.42,1.871786,-0.31496,1591744409.0,9176210080.707485,2026-07-14
2019-03-22,sz.002099,海翔药业,5.85594889,6.00166457,6.04720072,5.76487659,60432697,391771898.03,3.796634,4.107429,1591744082.0,9553114061.446575,2026-07-14
2019-03-25,sz.002099,海翔药业,5.91059227,6.00166457,6.25666701,5.85594889,57802499,387342730.36,3.631394,0.0,1591744080.0,9553114049.443245,2026-07-14
2019-03-26,sz.002099,海翔药业,6.11095133,5.84684166,6.13827302,5.77398382,42480455,274678756.55,2.668799,-2.579667,1591744264.0,9306676674.821238,2026-07-14
2019-03-27,sz.002099,海翔药业,5.85594889,6.1018441,6.17470194,5.81041274,51133816,338505420.22,3.212439,4.361366,1591744341.0,9712575815.83924,2026-07-14
2019-03-28,sz.002099,海翔药业,6.11095133,5.96523565,6.21113086,5.94702119,36704168,243464022.17,2.305909,-2.2388,1591743993.0,9495128012.716951,2026-07-14
2019-03-29,sz.002099,海翔药业,6.00166457,6.03809349,6.05630795,5.74666213,45574843,296577361.34,2.863202,1.221373,1591743894.0,9611098444.10865,2026-07-14
2019-04-01,sz.002099,海翔药业,6.1929164,6.375061,6.43881161,6.01987903,57622878,393993384.94,3.620109,5.580692,1591744282.0,10147466894.151201,2026-07-14
2019-04-02,sz.002099,海翔药业,6.43881161,6.98524541,7.0125671,6.35684654,106525245,798845360.74,6.69236,9.571429,1591744093.0,11118723119.522863,2026-07-14
2019-04-03,sz.002099,海翔药业,6.97613818,6.84863696,6.97613818,6.67559959,75240871,561922426.18,4.726945,-1.955673,1591744160.0,10901277885.040154,2026-07-14
2019-04-04,sz.002099,海翔药业,7.34042738,7.53167921,7.53167921,7.20381893,115723293,944505851.94,7.18827,9.973411,1609890739.0,12125180609.297836,2026-07-14
2019-04-08,sz.002099,海翔药业,8.2875793,8.2875793,8.2875793,8.2875793,7352368,66906548.8,0.4567,10.03627,1609890081.0,13342091710.570925,2026-07-14
2019-04-09,sz.002099,海翔药业,9.11633723,9.11633723,9.11633723,8.84312033,143565199,1436052963.3,8.944994,9.999998,1604978148.0,14631522043.948849,2026-07-14
2019-04-10,sz.002099,海翔药业,9.10696045,10.02609755,10.02609755,8.9287604,205285299,2067271016.26,12.790535,9.979417,1604978205.0,16091668048.953897,2026-07-14
2019-04-11,sz.002099,海翔药业,10.5982135,9.68845535,11.0296452,9.65093955,265541340,2976567855.92,16.544857,-3.36763,1604978151.0,15549759153.689058,2026-07-14
2019-04-12,sz.002099,海翔药业,9.6603185,8.80683405,10.2042976,8.80683405,219473698,2215470944.83,13.67456,-9.099706,1604978135.0,14134776088.823498,2026-07-14
2019-04-15,sz.002099,海翔药业,8.95689725,8.6098761,9.06944465,8.5723603,137968884,1301726199.05,8.596309,-2.236422,1604978183.0,13818663298.833124,2026-07-14
2019-04-16,sz.002099,海翔药业,8.5348445,8.95689725,9.0788236,8.5348445,123781282,1168447573.76,7.712334,4.030499,1604978234.0,14375625130.424458,2026-07-14
2019-04-17,sz.002099,海翔药业,8.95689725,9.40708685,9.8478975,8.95689725,182936992,1833995816.23,11.398099,5.026173,1604978093.0,15098168313.198378,2026-07-14
2019-04-18,sz.002099,海翔药业,9.23826575,9.87603435,9.9792028,9.23826575,157684265,1626158382.15,9.824699,4.985045,1604978076.0,15850818609.57291,2026-07-14
2019-04-19,sz.002099,海翔药业,9.566529,9.23826575,9.61342375,9.05068675,121165213,1201791709.93,7.549337,-6.457734,1604978199.0,14827215125.318384,2026-07-14
2019-04-22,sz.002099,海翔药业,9.37895,8.86310775,9.46336055,8.76931825,90856276,878673983.44,5.660904,-4.060919,1604978215.0,14225094855.947664,2026-07-14
2019-04-23,sz.002099,海翔药业,8.91938145,8.816213,9.08820255,8.6098761,70533845,666424277.79,4.394692,-0.529103,1604978119.0,14149828957.443346,2026-07-14
2019-04-24,sz.002099,海翔药业,8.9100025,8.63801295,8.9850341,8.3472655,85871765,785598500.39,5.350339,-2.021272,1604978021.0,13863820929.863373,2026-07-14
2019-04-25,sz.002099,海翔药业,8.6098761,8.45043395,8.8349709,8.28161285,68471427,624652284.49,4.266191,-2.171551,1604978000.0,13562760580.203102,2026-07-14
2019-04-26,sz.002099,海翔药业,8.43167605,8.43167605,8.5160866,8.2159602,53631079,479897327.71,3.341546,-0.221981,1604978025.0,13532654774.168802,2026-07-14
2019-04-29,sz.002099,海翔药业,8.50670765,8.56298135,8.8349709,8.28161285,79095267,725137193.68,4.928121,1.55729,1604978185.0,13743398265.31185,2026-07-14
2019-04-30,sz.002099,海翔药业,8.5911182,8.56298135,8.7974551,8.4222971,49855950,455929134.27,3.106332,0.0,1604978154.0,13743397999.859426,2026-07-14
2019-05-06,sz.002099,海翔药业,8.0471391,7.7094969,8.15030755,7.7094969,55523287,466706487.15,3.459442,-9.967139,1604978115.0,12373573802.160345,2026-07-14
2019-05-07,sz.002099,海翔药业,7.7094969,7.3718547,7.83142325,7.06234935,90438220,718239203.84,5.634857,-4.379563,1604978086.0,11831665246.676104,2026-07-14
2019-05-08,sz.002099,海翔药业,7.1655178,7.5969495,7.8220443,7.0904862,80124996,647605348.99,4.99228,3.053438,1604978006.0,12192936860.192698,2026-07-14
2019-05-09,sz.002099,海翔药业,7.4844021,7.4844021,7.6719811,7.39999155,41516835,334412224.43,2.586754,-1.481486,1604978092.0,12012301402.218792,2026-07-14
2019-05-10,sz.002099,海翔药业,7.690739,7.81266535,7.878318,7.36247575,56833093,469024556.51,3.541051,4.385964,1604978098.0,12539156773.753504,2026-07-14
2019-05-13,sz.002099,海翔药业,7.6719811,7.75639165,7.94397065,7.5969495,33616961,279978889.15,2.094543,-0.720282,1604978317.0,12448840416.409853,2026-07-14
2019-05-14,sz.002099,海翔药业,7.66260215,7.70011795,7.85018115,7.6532232,28628075,236577303.91,1.783705,-0.725519,1604978121.0,12358520838.869371,2026-07-14
2019-05-15,sz.002099,海翔药业,7.85018115,8.05651805,8.2722339,7.71887585,63074725,535924427.53,3.929943,4.628503,1604978113.0,12930535137.239439,2026-07-14
2019-05-16,sz.002099,海翔药业,8.0283812,7.9158338,8.05651805,7.77514955,54398216,456499761.32,3.389343,-1.746223,1604978192.0,12704740620.496489,2026-07-14
2019-05-17,sz.002099,海翔药业,7.9345917,7.51253895,7.9533496,7.4468863,42684833,348611310.41,2.659527,-5.094779,1604978366.0,12057462488.482355,2026-07-14
2019-05-20,sz.002099,海翔药业,7.47502315,7.58757055,7.6719811,7.1655178,36227728,286211879.9,2.25721,0.998751,1604978181.0,12177885179.548168,2026-07-14
2019-05-21,sz.002099,海翔药业,7.5406758,7.73763375,7.8220443,7.51253895,31880458,262247870.16,1.986348,1.977748,1604978483.0,12418735678.0846,2026-07-14
2019-05-22,sz.002099,海翔药业,7.7845285,7.5219179,7.79390745,7.4844021,34189056,278264643.48,2.130188,-2.787873,1604978340.0,12072515304.758286,2026-07-14
2019-05-23,sz.002099,海翔药业,7.4468863,7.41874945,7.6719811,7.34371785,31852600,254766428.66,1.984613,-1.371579,1604977897.0,11906928890.630907,2026-07-14
2019-05-24,sz.002099,海翔药业,7.41874945,7.3718547,7.5219179,7.2780652,25524287,201242290.46,1.59032,-0.632108,1604978055.0,11831665018.14861,2026-07-14
2019-05-27,sz.002099,海翔药业,7.41874945,7.5406758,7.60632845,7.21241255,35531605,281138685.43,2.213837,2.290074,1604978370.0,12102621554.182446,2026-07-14
2019-05-28,sz.002099,海翔药业,7.55005475,7.51253895,7.64384425,7.4656442,28952959,233279257.83,1.803947,-0.373131,1604978361.0,12057462450.91966,2026-07-14
2019-05-29,sz.002099,海翔药业,7.47502315,7.38123365,7.49378105,7.34371785,23444708,185491800.53,1.460749,-1.747819,1604978542.0,11846721621.738338,2026-07-14
2019-05-30,sz.002099,海翔药业,7.3718547,7.0717283,7.3718547,6.91228615,56307010,426282475.51,3.508273,-4.193138,1604978005.0,11349968378.836042,2026-07-14
2019-05-31,sz.002099,海翔药业,7.1092441,7.04359145,7.26868625,7.0342125,38828847,296847580.35,2.419276,-0.397875,1604977977.0,11304809156.235497,2026-07-14
2019-06-03,sz.002099,海翔药业,7.128002,6.9779388,7.28744415,6.940423,35963985,271813418.58,2.240777,-0.932093,1604978318.0,11199440478.330938,2026-07-14
2019-06-04,sz.002099,海翔药业,6.94980195,6.8091177,7.04359145,6.72470715,33371884,243853089.24,2.079273,-2.419353,1604978471.0,10928487315.005037,2026-07-14
2019-06-05,sz.002099,海翔药业,6.91228615,6.63091765,6.93104405,6.6215387,30360223,217908693.47,1.891628,-2.61708,1604978516.0,10642480369.615208,2026-07-14
2019-06-06,sz.002099,海翔药业,6.6590545,6.6215387,6.70594925,6.4714755,33917834,238912701.85,2.113289,-0.141446,1604978496.0,10627427223.931795,2026-07-14
2019-06-10,sz.002099,海翔药业,6.4527176,6.40582285,6.48085445,6.0963175,48259086,324228547.51,3.006838,-3.257791,1604977920.0,10281204233.68147,2026-07-14
2019-06-11,sz.002099,海翔药业,6.44333865,6.7903598,6.8466335,6.3589281,40748771,290990411.79,2.538899,6.002926,1604978024.0,10898378254.053036,2026-07-14
2019-06-12,sz.002099,海翔药业,6.8278756,6.5277492,6.8278756,6.5277492,31734431,224726325.67,1.97725,-3.8674,1604978177.0,10476895010.929209,2026-07-14
2019-06-13,sz.002099,海翔药业,6.565265,6.6027808,6.68719135,6.55588605,20107172,142072734.18,1.2528,1.149424,1604978608.0,10597321937.313126,2026-07-14
2019-06-14,sz.002099,海翔药业,6.68719135,6.42458075,6.6965703,6.3589281,22292137,154451696.87,1.388937,-2.698864,1604978268.0,10311312484.76114,2026-07-14
2019-06-17,sz.002099,海翔药业,6.4339597,6.48085445,6.6027808,6.4339597,19867784,137656385.53,1.237885,0.875912,1604978168.0,10401629902.235647,2026-07-14
2019-06-18,sz.002099,海翔药业,6.51837025,6.4339597,6.5277492,6.38706495,12610359,86800291.3,0.785703,-0.723585,1604977835.0,10326362709.783249,2026-07-14
2019-06-19,sz.002099,海翔药业,6.6590545,6.72470715,6.8841493,6.63091765,41394646,298359838.58,2.579141,4.51895,1604978014.0,10793007126.3386,2026-07-14
2019-06-20,sz.002099,海翔药业,6.7153282,6.752844,6.8466335,6.6402966,28674382,206751262.13,1.78659,0.418406,1604978311.0,10838168157.566483,2026-07-14
2019-06-21,sz.002099,海翔药业,6.81849665,6.79973875,6.9216651,6.72470715,26292595,191337913.88,1.63819,0.694447,1604978360.0,10913433547.40345,2026-07-14
2019-06-24,sz.002099,海翔药业,6.8091177,6.78098085,6.8278756,6.7153282,17822270,128419177.57,1.110437,-0.275862,1604978040.0,10883325353.910534,2026-07-14
2019-06-25,sz.002099,海翔药业,6.76222295,6.6215387,6.76222295,6.4527176,21817188,153612987.77,1.359345,-2.351315,1604977986.0,10627423846.94706,2026-07-14
2019-06-26,sz.002099,海翔药业,6.6215387,6.63091765,6.7153282,6.59340185,15885407,112605140.22,0.99009,0.141646,1604440707.0,10638914202.424778,2026-07-14
2019-06-27,sz.002099,海翔药业,6.68719135,6.8466335,6.8653914,6.6590545,32849018,237384103.32,2.047381,3.253183,1604440893.0,10985018766.783716,2026-07-14
2019-06-28,sz.002099,海翔药业,6.8653914,6.6590545,6.8653914,6.6027808,23598435,168871114.66,1.47082,-2.73973,1604440720.0,10684058196.499239,2026-07-14
2019-07-01,sz.002099,海翔药业,6.81849665,7.32495995,7.32495995,6.76222295,62390103,475017138.78,3.888589,10.0,1604440660.0,11752463576.651567,2026-07-14
2019-07-02,sz.002099,海翔药业,7.43750735,7.5969495,7.92521275,7.36247575,92659354,751967836.07,5.775181,3.713194,1604440692.0,12188854912.869055,2026-07-14
2019-07-03,sz.002099,海翔药业,7.60632845,7.6719811,7.878318,7.4656442,54790606,447248466.48,3.414935,0.987653,1604440670.0,12309238496.311337,2026-07-14
2019-07-04,sz.002099,海翔药业,7.62508635,7.43750735,7.6532232,7.34371785,48930207,388991151.23,3.049674,-3.056241,1604440573.0,11933038554.32571,2026-07-14
2019-07-05,sz.002099,海翔药业,7.41874945,7.50316,7.5594337,7.3343389,28936624,229890029.65,1.803533,0.882726,1604441061.0,12038377991.25276,2026-07-14
2019-07-08,sz.002099,海翔药业,7.4844021,7.13738095,7.50316,6.9966967,40180312,308731020.51,2.504319,-4.874998,1604440648.0,11451504116.440855,2026-07-14
2019-07-09,sz.002099,海翔药业,7.2030336,7.315581,7.3906126,7.128002,33400758,258326516.53,2.08177,2.496716,1604440356.0,11737413383.986835,2026-07-14
2019-07-10,sz.002099,海翔药业,7.24992835,7.1092441,7.32495995,7.0529704,23429993,178486063.38,1.460322,-2.820516,1604440185.0,11406356919.014158,2026-07-14
2019-07-11,sz.002099,海翔药业,7.1655178,7.1655178,7.2968231,7.08110725,23960005,183637666.0,1.493356,0.791556,1604440267.0,11496645292.225252,2026-07-14
2019-07-12,sz.002099,海翔药业,7.15613885,7.30620205,7.3718547,7.11862305,34296919,267041505.13,2.137625,1.963352,1604440395.0,11722365703.05181,2026-07-14
2019-07-15,sz.002099,海翔药业,7.2217915,7.3530968,7.43750735,7.1092441,34757059,270976038.24,2.166304,0.641851,1604440513.0,11797606401.930658,2026-07-14
2019-07-16,sz.002099,海翔药业,7.3530968,7.19365465,7.3906126,7.19365465,27266601,210731144.98,1.699446,-2.168368,1604440565.0,11541791331.060877,2026-07-14
2019-07-17,sz.002099,海翔药业,7.19365465,7.2593073,7.3343389,7.09986515,31824563,244672038.45,1.98353,0.912643,1604440719.0,11647128223.853949,2026-07-14
2019-07-18,sz.002099,海翔药业,7.17489675,6.8841493,7.17489675,6.8278756,42191921,313464513.74,2.629697,-5.167954,1604440398.0,11045207242.78342,2026-07-14
2019-07-19,sz.002099,海翔药业,6.8841493,6.7716019,6.98731775,6.74346505,25583814,187030806.38,1.594563,-1.634882,1604440464.0,10864632094.459282,2026-07-14
2019-07-22,sz.002099,海翔药业,6.8091177,6.59340185,6.8278756,6.5089913,21188951,150075274.89,1.320644,-2.631573,1604440788.0,10578722859.81466,2026-07-14
2019-07-23,sz.002099,海翔药业,6.61215975,6.64967555,6.6965703,6.5840229,13921131,98648644.02,0.867663,0.853484,1604439857.0,10669004488.538397,2026-07-14
2019-07-24,sz.002099,海翔药业,6.66843345,6.8278756,6.8841493,6.66843345,21236170,154220463.73,1.323587,2.679832,1604440811.0,10954922265.071112,2026-07-14
2019-07-25,sz.002099,海翔药业,6.7903598,6.7903598,6.83725455,6.7340861,12652674,91478145.8,0.788603,-0.549457,1604441525.0,10894735232.810696,2026-07-14
2019-07-26,sz.002099,海翔药业,6.76222295,6.79973875,6.81849665,6.7340861,10444360,75519531.4,0.651,0.1381,1604356375.0,10909204211.897032,2026-07-14
2019-07-29,sz.002099,海翔药业,6.81849665,6.72470715,6.81849665,6.70594925,12488834,89756505.98,0.778392,-1.103447,1604440179.0,10789390343.46858,2026-07-14
2019-07-30,sz.002099,海翔药业,6.74346505,6.76222295,6.8466335,6.6965703,13926617,100855483.27,0.868,0.5579,1604448963.0,10849641599.702301,2026-07-14
2019-07-31,sz.002099,海翔药业,6.7903598,6.74346505,6.89352825,6.74346505,12545017,90892734.48,0.7819,-0.2774,1604427292.0,10819399368.868145,2026-07-14
2019-08-01,sz.002099,海翔药业,6.7340861,6.6402966,6.7716019,6.6215387,14937271,106199251.52,0.931,-1.5299,1604432975.0,10653910828.820385,2026-07-14
2019-08-02,sz.002099,海翔药业,6.4902334,6.48085445,6.55588605,6.3589281,21358837,146953160.16,1.3312,-2.4011,1604479943.0,10398400978.527296,2026-07-14
2019-08-05,sz.002099,海翔药业,6.4339597,6.4339597,6.5840229,6.4339597,15200886,105436470.2,0.9474,-0.7236,1604484484.0,10323188509.331295,2026-07-14
2019-08-06,sz.002099,海翔药业,6.31203335,6.3026544,6.33079125,6.10569645,21724261,144288972.45,1.354,-2.0408,1604450591.0,10112297576.94875,2026-07-14
2019-08-07,sz.002099,海翔药业,6.3401702,6.33079125,6.4339597,6.2838965,11761486,79577135.38,0.7331,0.4464,1604349475.0,10156801618.272093,2026-07-14
2019-08-08,sz.002099,海翔药业,6.3401702,6.31203335,6.3964439,6.23700175,14882448,100118411.26,0.9276,-0.2963,1604403622.0,10127049168.924793,2026-07-14
2019-08-09,sz.002099,海翔药业,6.33079125,6.3026544,6.4714755,6.2651386,13634449,92380687.93,0.8498,-0.1486,1604430337.0,10112169922.986532,2026-07-14
2019-08-12,sz.002099,海翔药业,6.3026544,6.4152018,6.4152018,6.29327545,11789304,79908152.3,0.7348,1.7857,1604423517.0,10292700634.220732,2026-07-14
2019-08-13,sz.002099,海翔药业,6.38706495,6.3964439,6.48085445,6.2838965,13365901,90713108.23,0.8331,-0.2924,1604357340.0,10262181720.863226,2026-07-14
2019-08-14,sz.002099,海翔药业,6.5277492,6.34954915,6.5465071,6.3401702,15588170,106726851.7,0.9716,-0.7331,1604381433.0,10187098764.180931,2026-07-14
2019-08-15,sz.002099,海翔药业,6.190107,6.48085445,6.5089913,6.14321225,20978236,142750823.8,1.3075,2.0679,1604453996.0,10398232819.796883,2026-07-14
2019-08-16,sz.002099,海翔药业,6.48085445,6.61215975,6.72470715,6.44333865,28500690,201544418.74,1.7764,2.0261,1604407228.0,10608596895.590673,2026-07-14
2019-08-19,sz.002099,海翔药业,6.6965703,6.76222295,6.78098085,6.59340185,25049492,178737171.84,1.5613,2.2695,1604399667.0,10849308249.159758,2026-07-14
2019-08-20,sz.002099,海翔药业,6.752844,6.6590545,6.79973875,6.63091765,22426168,160423279.57,1.3978,-1.5257,1604390328.0,10683722633.424875,2026-07-14
2019-08-21,sz.002099,海翔药业,6.68719135,6.87477035,6.9591809,6.6590545,43164072,315539812.09,2.6903,3.2394,1604433409.0,11030111228.742624,2026-07-14
2019-08-22,sz.002099,海翔药业,6.85601245,6.8278756,6.9029072,6.74346505,24255298,176019105.21,1.5118,-0.6821,1604398598.0,10954634039.958408,2026-07-14
2019-08-23,sz.002099,海翔药业,6.79973875,6.74346505,6.8466335,6.6590545,27486322,197556691.56,1.7131,-1.2363,1604478548.0,10819745011.912748,2026-07-14
2019-08-26,sz.002099,海翔药业,6.5840229,6.74346505,6.87477035,6.53712815,34003836,243796154.44,2.1194,0.0,1604408606.0,10819273360.48022,2026-07-14
2019-08-27,sz.002099,海翔药业,6.752844,6.81849665,6.93104405,6.74346505,38597606,281211213.98,2.4057,1.1127,1604423079.0,10939753389.344185,2026-07-14
2019-08-28,sz.002099,海翔药业,6.8278756,6.70594925,6.83725455,6.66843345,27947772,200406345.14,1.7419,-1.6506,1604441816.0,10759305392.673838,2026-07-14
2019-08-29,sz.002099,海翔药业,6.7153282,6.64967555,6.7340861,6.64967555,17297618,123318522.1,1.0781,-0.8392,1604453947.0,10669098182.466896,2026-07-14
2019-08-30,sz.002099,海翔药业,6.6778124,6.4902334,6.70594925,6.4714755,27395640,192723548.65,1.7075,-2.3977,1604429868.0,10413124317.251192,2026-07-14
2019-09-02,sz.002099,海翔药业,6.4902334,6.70594925,6.74346505,6.48085445,30816267,218671019.41,1.9207,3.3237,1604428958.0,10759219167.57838,2026-07-14
2019-09-03,sz.002099,海翔药业,6.76222295,6.76222295,6.8091177,6.6965703,24438107,175642519.74,1.5232,0.8392,1604392529.0,10849259980.41234,2026-07-14
2019-09-04,sz.002099,海翔药业,6.7716019,6.8653914,7.0154546,6.76222295,42450282,312401920.41,2.6458,1.5257,1604440321.0,11015110781.60664,2026-07-14
2019-09-05,sz.002099,海翔药业,6.940423,6.91228615,7.0154546,6.87477035,42329851,313275390.47,2.6383,0.6831,1604436607.0,11090324937.119093,2026-07-14
2019-09-06,sz.002099,海翔药业,6.93104405,6.8466335,6.98731775,6.78098085,27350706,200112592.53,1.7047,-0.9498,1604429284.0,10984939284.215414,2026-07-14
2019-09-09,sz.002099,海翔药业,6.94980195,7.0342125,7.0717283,6.89352825,44522507,332678935.57,2.775,2.7397,1604414667.0,11285793705.794737,2026-07-14
2019-09-10,sz.002099,海翔药业,7.0342125,7.17489675,7.2217915,6.94980195,46010349,349106988.07,2.8677,2.0,1604433832.0,11511647086.806847,2026-07-14
2019-09-11,sz.002099,海翔药业,7.2217915,7.08110725,7.32495995,7.0717283,41904355,320647253.36,2.6118,-1.3072,1604424343.0,11361100847.293787,2026-07-14
2019-09-12,sz.002099,海翔药业,7.11862305,7.0529704,7.128002,6.98731775,24431836,183410489.88,1.5228,-0.3974,1604402154.0,11315800901.858242,2026-07-14
2019-09-16,sz.002099,海翔药业,7.08110725,7.1092441,7.2405494,7.0529704,32613642,248135341.17,2.0327,0.7979,1604449353.0,11406422096.564066,2026-07-14
2019-09-17,sz.002099,海翔药业,7.15613885,7.1092441,7.4468863,7.0529704,61096916,470841142.47,3.808,0.0,1604435819.0,11406325880.054417,2026-07-14
2019-09-18,sz.002099,海翔药业,7.08110725,7.00607565,7.128002,6.940423,29791200,222759211.9,1.8568,-1.4512,1604437742.0,11240812196.167181,2026-07-14
2019-09-19,sz.002099,海翔药业,7.02483355,7.0154546,7.04359145,6.8841493,21542145,159991165.77,1.3427,0.1339,1604390035.0,11255525451.234911,2026-07-14
2019-09-20,sz.002099,海翔药业,7.00607565,6.9779388,7.0529704,6.93104405,18017308,133993077.53,1.123,-0.5348,1604390739.0,11195340388.028774,2026-07-14
2019-09-23,sz.002099,海翔药业,6.9591809,6.87477035,6.9591809,6.8278756,17723718,130038959.9,1.1047,-1.4785,1604391962.0,11029826290.135927,2026-07-14
2019-09-24,sz.002099,海翔药业,6.87477035,6.8466335,6.9779388,6.8278756,19250788,141322661.68,1.1998,-0.4093,1604499750.0,10985421739.091625,2026-07-14
2019-09-25,sz.002099,海翔药业,6.752844,6.59340185,6.752844,6.59340185,26307203,186483909.39,1.6396,-3.6986,1604489083.0,10579041288.157003,2026-07-14
2019-09-26,sz.002099,海翔药业,6.63091765,6.4152018,6.64967555,6.40582285,23396060,161701122.92,1.4582,-2.7027,1604447950.0,10292857376.84631,2026-07-14
2019-09-27,sz.002099,海翔药业,6.38706495,6.42458075,6.5089913,6.36830705,15730403,107911209.86,0.9804,0.1462,1604488270.0,10308164453.042803,2026-07-14
2019-09-30,sz.002099,海翔药业,6.40582285,6.4527176,6.53712815,6.38706495,10693904,73785905.92,0.6665,0.438,1604486722.0,10353299710.015707,2026-07-14
2019-10-08,sz.002099,海翔药业,6.44333865,6.51837025,6.5840229,6.42458075,10590251,73609443.03,0.6601,1.0174,1604340403.0,10457684753.788212,2026-07-14
2019-10-09,sz.002099,海翔药业,6.4902334,6.51837025,6.51837025,6.42458075,12167124,83819665.48,0.7583,0.0,1604526441.0,10458897418.352781,2026-07-14
2019-10-10,sz.002099,海翔药业,6.51837025,6.5277492,6.55588605,6.4714755,12189420,84709942.52,0.7597,0.1439,1604504410.0,10473802378.773972,2026-07-14
2019-10-11,sz.002099,海翔药业,6.5840229,6.565265,6.6215387,6.5277492,12694049,88962958.69,0.7912,0.5747,1604404575.0,10533341202.087376,2026-07-14
2019-10-14,sz.002099,海翔药业,6.6215387,6.7340861,6.7903598,6.61215975,24264965,174388332.8,1.5124,2.5714,1604401283.0,10804176378.672466,2026-07-14
2019-10-15,sz.002099,海翔药业,6.7340861,6.752844,6.7903598,6.6778124,14445080,103623896.11,0.9003,0.2786,1604474064.0,10834763056.238016,2026-07-14
2019-10-16,sz.002099,海翔药业,6.74346505,6.64967555,6.78098085,6.6402966,12996688,92858179.92,0.81,-1.5278,1604529383.0,10669599807.391685,2026-07-14
2019-10-17,sz.002099,海翔药业,6.6590545,6.63091765,6.70594925,6.61215975,8698540,61734019.72,0.5422,-0.2821,1604304685.0,10638012251.74419,2026-07-14
2019-10-18,sz.002099,海翔药业,6.6590545,6.53712815,6.70594925,6.5089913,12099394,85052172.76,0.7541,-1.4144,1604481369.0,10488700323.440437,2026-07-14
2019-10-21,sz.002099,海翔药业,6.53712815,6.4527176,6.53712815,6.40582285,11466598,78748865.34,0.7147,-1.2912,1604393172.0,10352696058.284227,2026-07-14
2019-10-22,sz.002099,海翔药业,6.46209655,6.4902334,6.49961235,6.4527176,9218300,63622397.0,0.5745,0.5814,1604577894.0,10414085040.54046,2026-07-14
2019-10-23,sz.002099,海翔药业,6.4714755,6.4527176,6.49961235,6.4339597,8797919,60640948.96,0.5483,-0.578,1604581251.0,10353909678.957718,2026-07-14
2019-10-24,sz.002099,海翔药业,6.42458075,6.4339597,6.48085445,6.4152018,6409195,44043590.29,0.3995,-0.2907,1604304130.0,10322028118.96356,2026-07-14
2019-10-25,sz.002099,海翔药业,6.42458075,6.53712815,6.53712815,6.377686,11171607,76980055.63,0.6963,1.6035,1604424386.0,10488327818.267065,2026-07-14
2019-10-28,sz.002099,海翔药业,6.4527176,6.5277492,6.53712815,6.4527176,13537622,93880247.04,0.8438,-0.1435,1604363830.0,10472884707.791435,2026-07-14
2019-10-29,sz.002099,海翔药业,6.5277492,6.3964439,6.5277492,6.38706495,14499059,99514768.42,0.9037,-2.0115,1604410645.0,10262522683.305317,2026-07-14
2019-10-30,sz.002099,海翔药业,6.36830705,6.31203335,6.40582285,6.3026544,12940434,87376107.8,0.8065,-1.3197,1604517545.0,10127768254.700127,2026-07-14
2019-10-31,sz.002099,海翔药业,6.3026544,6.33079125,6.38706495,6.29327545,11867820,80165622.75,0.7397,0.2972,1604409896.0,10157184131.01021,2026-07-14
2019-11-01,sz.002099,海翔药业,6.31203335,6.4527176,6.46209655,6.3026544,13784314,94149666.8,0.8591,1.9259,1604506344.0,10353426325.240454,2026-07-14
2019-11-04,sz.002099,海翔药业,6.49961235,6.74346505,6.8653914,6.4902334,46406620,332485564.96,2.8924,4.5058,1604432997.0,10819437840.336256,2026-07-14
2019-11-05,sz.002099,海翔药业,6.752844,6.76222295,6.85601245,6.70594925,27629158,199362926.39,1.722,0.2782,1604480720.0,10849856347.616524,2026-07-14
2019-11-06,sz.002099,海翔药业,6.78098085,6.9216651,6.96855985,6.78098085,45151862,332397337.49,2.8142,2.3578,1604429749.0,11105325399.05506,2026-07-14
2019-11-07,sz.002099,海翔药业,6.940423,7.09986515,7.17489675,6.93104405,48859223,369276222.63,3.0452,2.5745,1604466800.0,11391497917.652021,2026-07-14
2019-11-08,sz.002099,海翔药业,7.1655178,6.9779388,7.2217915,6.96855985,35732396,268425187.35,2.2271,-1.7173,1604436083.0,11195656795.68572,2026-07-14
2019-11-11,sz.002099,海翔药业,6.9216651,6.8278756,6.96855985,6.79973875,29510139,215919772.25,1.8393,-2.1505,1604422280.0,10954795737.708368,2026-07-14
2019-11-12,sz.002099,海翔药业,6.87477035,6.74346505,6.9029072,6.66843345,23763373,170768646.2,1.4811,-1.2363,1604440821.0,10819490601.206806,2026-07-14
2019-11-13,sz.002099,海翔药业,6.752844,6.55588605,6.752844,6.5465071,27131936,191414375.46,1.6911,-2.7816,1604395719.0,10518235512.87182,2026-07-14
2019-11-14,sz.002099,海翔药业,6.5277492,6.5465071,6.61215975,6.5089913,18856265,131785300.35,1.1753,-0.1431,1604378882.0,10503077742.103064,2026-07-14
2019-11-15,sz.002099,海翔药业,6.5465071,6.49961235,6.61215975,6.49961235,14002791,97852513.45,0.8728,-0.7163,1604352773.0,10427671097.147547,2026-07-14
2019-11-18,sz.002099,海翔药业,6.48085445,6.5277492,6.5465071,6.4527176,10355600,71854832.4,0.6454,0.4329,1604524326.0,10473932385.427038,2026-07-14
2019-11-19,sz.002099,海翔药业,6.51837025,6.6778124,6.6965703,6.4902334,19104442,135166220.24,1.1907,2.2988,1604471487.0,10714359591.33504,2026-07-14
2019-11-20,sz.002099,海翔药业,6.68719135,6.55588605,6.6965703,6.53712815,13560559,95518851.57,0.8452,-1.8258,1604420137.0,10518395594.497389,2026-07-14
2019-11-21,sz.002099,海翔药业,6.565265,6.57464395,6.61215975,6.51837025,9383987,65664965.97,0.5849,0.2861,1604374594.0,10548191717.975805,2026-07-14
2019-11-22,sz.002099,海翔药业,6.5840229,6.42458075,6.6215387,6.40582285,17053472,118070474.59,1.0629,-2.2825,1604428639.0,10307781348.8681,2026-07-14
2019-11-25,sz.002099,海翔药业,6.40582285,6.55588605,6.55588605,6.33079125,12174527,83641686.87,0.7588,2.0438,1604444781.0,10518557157.753204,2026-07-14
2019-11-26,sz.002099,海翔药业,6.5277492,6.46209655,6.5840229,6.4527176,11189179,77547142.49,0.6974,-1.4306,1604413393.0,10367874251.679094,2026-07-14
2019-11-27,sz.002099,海翔药业,6.46209655,6.4339597,6.5277492,6.4152018,7518416,51720447.23,0.4686,-0.4354,1604442168.0,10322916249.89263,2026-07-14
2019-11-28,sz.002099,海翔药业,6.4339597,6.4339597,6.4714755,6.40582285,6739305,46191726.7,0.42,0.0,1604596429.0,10323908758.949911,2026-07-14
2019-11-29,sz.002099,海翔药业,6.4339597,6.4714755,6.5277492,6.4152018,8498100,58579533.33,0.5297,0.5831,1604323202.0,10382338295.824553,2026-07-14
2019-12-02,sz.002099,海翔药业,6.46209655,6.4902334,6.5277492,6.4527176,5861520,40521138.21,0.3653,0.2899,1604577060.0,10414079627.685804,2026-07-14
2019-12-03,sz.002099,海翔药业,6.4714755,6.44333865,6.4714755,6.3589281,11820626,80732911.73,0.7367,-0.7225,1604537261.0,10338576949.166437,2026-07-14
2019-12-04,sz.002099,海翔药业,6.38706495,6.4714755,6.5089913,6.38706495,7338799,50551974.3,0.4574,0.4367,1604459773.0,10383222111.705063,2026-07-14
2019-12-05,sz.002099,海翔药业,6.51837025,6.4902334,6.51837025,6.46209655,7573044,52377062.64,0.472,0.2899,1604458475.0,10413309983.358065,2026-07-14
2019-12-06,sz.002099,海翔药业,6.5089913,6.5089913,6.5089913,6.4714755,7627904,52768179.1,0.4754,0.289,1604523349.0,10443828519.287863,2026-07-14
2019-12-09,sz.002099,海翔药业,6.53712815,6.5089913,6.5465071,6.48085445,9002026,62542886.7,0.5611,0.0,1604353235.0,10442721248.741856,2026-07-14
2019-12-10,sz.002099,海翔药业,6.4902334,6.5089913,6.5277492,6.4714755,9123700,63230495.74,0.5687,0.0,1604308071.0,10442427276.658783,2026-07-14
2019-12-11,sz.002099,海翔药业,6.51837025,6.51837025,6.57464395,6.48085445,9650000,67074011.24,0.6015,0.1441,1604322527.0,10457568231.401623,2026-07-14
2019-12-12,sz.002099,海翔药业,6.51837025,6.51837025,6.5465071,6.49961235,6742529,46890748.02,0.4202,0.0,1604599952.0,10459376590.268229,2026-07-14
2019-12-13,sz.002099,海翔药业,6.53712815,6.5840229,6.6027808,6.49961235,20963960,146489149.31,1.3066,1.0072,1604466554.0,10563844533.820086,2026-07-14
2019-12-16,sz.002099,海翔药业,6.61215975,6.6965703,6.70594925,6.55588605,18387259,129831682.93,1.146,1.7094,1604472862.0,10744465314.8252,2026-07-14
2019-12-17,sz.002099,海翔药业,6.70594925,6.7340861,6.7716019,6.64967555,22096102,158209046.08,1.3772,0.5602,1604422161.0,10804316972.922062,2026-07-14
2019-12-18,sz.002099,海翔药业,6.7340861,6.66843345,6.752844,6.64967555,18442218,131621576.12,1.1494,-0.9749,1604508265.0,10699556585.127464,2026-07-14
2019-12-19,sz.002099,海翔药业,6.6590545,6.6778124,6.70594925,6.61215975,15900771,112710855.9,0.991,0.1406,1604517760.0,10714668593.748224,2026-07-14
2019-12-20,sz.002099,海翔药业,6.64967555,6.44333865,6.6590545,6.42458075,32509319,226364936.82,2.0262,-3.5112,1604447685.0,10337999780.663527,2026-07-14
2019-12-23,sz.002099,海翔药业,6.42458075,6.36830705,6.46209655,6.36830705,15486301,105747193.31,0.9652,-1.1645,1604465499.0,10217728948.763468,2026-07-14
2019-12-24,sz.002099,海翔药业,6.36830705,6.42458075,6.44333865,6.3589281,8702202,59350356.19,0.5424,0.8837,1604388274.0,10307522020.666124,2026-07-14
2019-12-25,sz.002099,海翔药业,6.42458075,6.3964439,6.4339597,6.36830705,8228894,56113038.06,0.5129,-0.438,1604385650.0,10262362804.190035,2026-07-14
2019-12-26,sz.002099,海翔药业,6.4152018,6.4527176,6.4527176,6.3964439,10941710,74986091.89,0.682,0.8798,1604356305.0,10352458165.944468,2026-07-14
2019-12-27,sz.002099,海翔药业,6.4527176,6.49961235,6.6027808,6.42458075,19884814,138550565.08,1.2394,0.7267,1604390350.0,10427915333.080822,2026-07-14
2019-12-30,sz.002099,海翔药业,6.55588605,6.53712815,6.5840229,6.4714755,13960700,97108640.26,0.8701,0.5772,1604493736.0,10488781168.104269,2026-07-14
2019-12-31,sz.002099,海翔药业,6.5465071,6.6778124,6.6965703,6.51837025,27786500,197222708.71,1.7318,2.1521,1604486661.0,10714460920.460396,2026-07-14
2020-01-02,sz.002099,海翔药业,6.8091177,6.7340861,6.83725455,6.70594925,32199715,232023280.13,2.0069,0.8427,1604450396.0,10804507109.843096,2026-07-14
2020-01-03,sz.002099,海翔药业,6.7716019,6.7340861,6.7903598,6.6965703,23282400,167179542.13,1.4511,0.0,1604465578.0,10804609346.738266,2026-07-14
2020-01-06,sz.002099,海翔药业,6.68719135,6.6965703,6.7903598,6.6590545,27627622,198081774.34,1.7219,-0.5571,1604484697.0,10744544568.7347,2026-07-14
2020-01-07,sz.002099,海翔药业,6.72470715,6.752844,6.752844,6.66843345,20783233,148803267.09,1.2954,0.8403,1604387294.0,10834177111.964136,2026-07-14
2020-01-08,sz.002099,海翔药业,6.72470715,6.61215975,6.72470715,6.59340185,23384300,166053010.54,1.4575,-2.0833,1604411664.0,10608626227.131325,2026-07-14
2020-01-09,sz.002099,海翔药业,6.64967555,6.76222295,6.7903598,6.63091765,25411829,182073092.94,1.5838,2.2695,1604484720.0,10849883396.508324,2026-07-14
2020-01-10,sz.002099,海翔药业,6.79973875,6.9591809,7.08110725,6.7716019,46827483,347673121.96,2.9186,2.9126,1604450182.0,11165659061.575924,2026-07-14
2020-01-13,sz.002099,海翔药业,7.00607565,7.11862305,7.17489675,6.940423,44555697,336318847.4,2.777,2.2911,1604454339.0,11421505640.277914,2026-07-14
2020-01-14,sz.002099,海翔药业,7.1467599,7.0154546,7.17489675,7.00607565,31402687,236950733.96,1.9572,-1.4493,1604470008.0,11256086498.185637,2026-07-14
2020-01-15,sz.002099,海翔药业,7.0529704,7.24992835,7.32495995,7.00607565,51158619,393799334.29,3.1886,3.3422,1604422599.0,11631948885.870783,2026-07-14
2020-01-16,sz.002099,海翔药业,7.26868625,7.24992835,7.34371785,7.15613885,28964056,223861525.51,1.8052,0.0,1604479060.0,11632358224.075352,2026-07-14
2020-01-17,sz.002099,海翔药业,7.24992835,7.1842757,7.3343389,7.1467599,25827579,198764471.07,1.6098,-0.9056,1604396757.0,11526428634.473904,2026-07-14
2020-01-20,sz.002099,海翔药业,7.315581,7.28744415,7.4844021,7.19365465,33951331,263798425.61,2.1161,1.436,1604429422.0,11692189805.44178,2026-07-14
2020-01-21,sz.002099,海翔药业,7.315581,7.56881265,7.62508635,7.28744415,51250329,407430589.13,3.1943,3.861,1604430673.0,12143635173.850412,2026-07-14
2020-01-22,sz.002099,海翔药业,7.60632845,7.11862305,7.60632845,6.96855985,67852481,520195314.51,4.229,-5.948,1604456869.0,11421523650.39423,2026-07-14
2020-01-23,sz.002099,海翔药业,6.78098085,6.7153282,6.91228615,6.59340185,67707173,485546691.5,4.22,-5.6654,1604435379.0,10774310145.676388,2026-07-14
2020-02-03,sz.002099,海翔药业,6.14321225,6.0400438,6.3589281,6.0400438,60388681,395488974.64,3.7638,-10.0559,1604460412.0,9691011163.846046,2026-07-14
2020-02-04,sz.002099,海翔药业,6.0400438,6.40582285,6.4714755,6.0400438,51865285,347709439.11,3.2326,6.0559,1604444874.0,10277789635.43457,2026-07-14
2020-02-05,sz.002099,海翔药业,6.4527176,6.85601245,6.9966967,6.3026544,66192022,467371191.88,4.1256,7.0278,1604421708.0,10999935205.098265,2026-07-14
2020-02-06,sz.002099,海翔药业,6.9779388,7.1092441,7.38123365,6.8091177,87400899,664994865.18,5.4474,3.6936,1604451647.0,11406438405.170033,2026-07-14
2020-02-07,sz.002099,海翔药业,7.0342125,6.79973875,7.1842757,6.66843345,67235592,494694445.24,4.1906,-4.3536,1604438314.0,10909761375.690468,2026-07-14
2020-02-10,sz.002099,海翔药业,6.752844,6.63091765,6.76222295,6.48085445,47859477,336669768.84,2.9829,-2.4828,1604461330.0,10639050951.839474,2026-07-14
2020-02-11,sz.002099,海翔药业,6.6215387,6.6402966,6.68719135,6.53712815,26306630,185692068.4,1.6396,0.1414,1604454135.0,10654051337.49644,2026-07-14
2020-02-12,sz.002099,海翔药业,6.6402966,6.61215975,6.66843345,6.5465071,29267580,205812751.54,1.8242,-0.4237,1604406315.0,10608590858.688822,2026-07-14
2020-02-13,sz.002099,海翔药业,6.59340185,6.49961235,6.59340185,6.4714755,30233494,210063280.45,1.8844,-1.7021,1604409573.0,10428040275.129026,2026-07-14
2020-02-14,sz.002099,海翔药业,6.49961235,6.6215387,6.6402966,6.4714755,26733763,186588094.46,1.6662,1.8759,1604475033.0,10624093524.193277,2026-07-14
2020-02-17,sz.002099,海翔药业,6.752844,6.7716019,6.79973875,6.64967555,35506943,254897527.77,2.213,2.2663,1604470990.0,10864838804.378881,2026-07-14
2020-02-18,sz.002099,海翔药业,6.85601245,6.8466335,6.89352825,6.74346505,28062506,203941103.75,1.7491,1.108,1604396890.0,10984717494.369816,2026-07-14
2020-02-19,sz.002099,海翔药业,6.85601245,6.7903598,6.87477035,6.752844,25761031,186686252.35,1.6056,-0.8219,1604448866.0,10894785080.841988,2026-07-14
2020-02-20,sz.002099,海翔药业,6.8091177,6.8091177,6.83725455,6.6965703,33537624,242849750.02,2.0903,0.2762,1604440702.0,10924825582.588625,2026-07-14
2020-02-21,sz.002099,海翔药业,6.86773354,6.7895801,6.86773354,6.75050338,31927864,221796289.63,1.99,-0.2869,1604415276.0,10893306030.065607,2026-07-14
2020-02-24,sz.002099,海翔药业,6.76027256,6.77004174,6.85796436,6.6918883,29913922,207163244.3,1.8644,-0.2878,1604479833.0,10862395440.39823,2026-07-14
2020-02-25,sz.002099,海翔药业,6.63327322,6.82865682,6.838426,6.55511978,48241718,331771819.6,3.0068,0.8658,1604420580.0,10956037535.765356,2026-07-14
2020-02-26,sz.002099,海翔药业,6.75050338,6.73096502,6.81888764,6.71142666,32785608,227021879.07,2.0434,-1.4306,1604463541.0,10799587970.336336,2026-07-14
2020-02-27,sz.002099,海翔药业,6.75050338,6.65281158,6.77981092,6.6430424,24042946,164795041.28,1.4985,-1.1611,1604467534.0,10674220189.929243,2026-07-14
2020-02-28,sz.002099,海翔药业,6.5453506,6.38904372,6.62350404,6.35973618,33001809,218779938.84,2.0569,-3.9648,1604444018.0,10250862977.294468,2026-07-14
2020-03-02,sz.002099,海翔药业,6.42812044,6.65281158,6.68211912,6.41835126,25981010,175212714.79,1.6193,4.1284,1604459334.0,10674165636.874287,2026-07-14
2020-03-03,sz.002099,海翔药业,6.72119584,6.62350404,6.73096502,6.58442732,29560862,201641357.99,1.8424,-0.4405,1604475792.0,10627251890.3942,2026-07-14
2020-03-04,sz.002099,海翔药业,6.72119584,6.84819518,7.00450206,6.71142666,55790372,391963495.98,3.4772,3.3923,1604462556.0,10987672742.489681,2026-07-14
2020-03-05,sz.002099,海翔药业,6.86773354,6.91657944,6.9849637,6.77004174,49423578,348604961.0,3.0804,0.9986,1604453253.0,11097328382.140917,2026-07-14
2020-03-06,sz.002099,海翔药业,6.87750272,6.94588698,7.07288632,6.82865682,39102228,279136906.25,2.4371,0.4237,1604457265.0,11144378826.92991,2026-07-14
2020-03-09,sz.002099,海翔药业,6.95565616,6.82865682,7.09242468,6.77981092,45369418,322154370.34,2.8277,-1.6878,1604463628.0,10956331495.784143,2026-07-14
2020-03-10,sz.002099,海翔药业,6.6918883,6.87750272,6.87750272,6.57465814,34372688,236554297.42,2.1423,0.7153,1604475937.0,11034787620.892048,2026-07-14
2020-03-11,sz.002099,海翔药业,6.91657944,6.7895801,6.9849637,6.77981092,25999902,182637880.6,1.6205,-1.2784,1604437026.0,10893453703.432783,2026-07-14
2020-03-12,sz.002099,海翔药业,6.76027256,6.61373486,6.82865682,6.57465814,28792968,196410069.97,1.7946,-2.5899,1604422601.0,10611225686.405571,2026-07-14
2020-03-13,sz.002099,海翔药业,6.3988129,6.47696634,6.56488896,6.3011211,29073899,190899565.69,1.8121,-2.0679,1604431268.0,10391847317.679518,2026-07-14
2020-03-16,sz.002099,海翔药业,6.62350404,6.40858208,6.72119584,6.36950536,31765505,213599882.1,1.9798,-1.0558,1604480503.0,10282444999.235188,2026-07-14
2020-03-17,sz.002099,海翔药业,6.37927454,6.29135192,6.52581224,6.08619914,25801436,165128620.65,1.6081,-1.8293,1604467135.0,10094267390.35915,2026-07-14
2020-03-18,sz.002099,海翔药业,6.349967,6.19366012,6.41835126,6.16435258,20107890,129960633.67,1.2533,-1.5528,1604395596.0,9937081019.64883,2026-07-14
2020-03-19,sz.002099,海翔药业,6.14481422,6.0568916,6.17412176,5.9103539,24851321,153538104.28,1.5489,-2.2082,1604449674.0,9717977753.07334,2026-07-14
2020-03-20,sz.002099,海翔药业,6.09596832,6.1545834,6.18389094,6.0080457,17794150,110922787.0,1.1091,1.6129,1604377423.0,9874274654.930578,2026-07-14
2020-03-23,sz.002099,海翔药业,6.02758406,5.9591998,6.1057375,5.94943062,14820900,91424654.0,0.9237,-3.1746,1604514453.0,9561622207.41471,2026-07-14
2020-03-24,sz.002099,海翔药业,6.04712242,6.0568916,6.08619914,5.87127718,14260402,87558020.81,0.8888,1.6393,1604455671.0,9718014076.252264,2026-07-14
2020-03-25,sz.002099,海翔药业,6.17412176,6.1545834,6.2034293,6.08619914,19123196,119915390.9,1.1919,1.6129,1604429566.0,9874595573.372805,2026-07-14
2020-03-26,sz.002099,海翔药业,6.14481422,6.16435258,6.27181356,6.0568916,18000887,113823916.99,1.1219,0.1587,1604500134.0,9890704540.633245,2026-07-14
2020-03-27,sz.002099,海翔药业,6.24250602,6.13504504,6.2522752,6.13504504,14956047,94667611.57,0.9322,-0.4754,1604381785.0,9842954512.330595,2026-07-14
2020-03-30,sz.002099,海翔药业,6.08619914,5.98850734,6.08619914,5.96896898,15466940,95321596.62,0.964,-2.3885,1604454357.0,9608286693.58948,2026-07-14
2020-03-31,sz.002099,海翔药业,6.0568916,6.0080457,6.0568916,5.98850734,9140085,56296310.59,0.5697,0.3263,1604368088.0,9639116792.325623,2026-07-14
2020-04-01,sz.002099,海翔药业,6.02758406,5.92989226,6.02758406,5.9103539,13363618,81552429.63,0.8329,-1.3008,1604468484.0,9514325244.685534,2026-07-14
2020-04-02,sz.002099,海翔药业,5.80289292,5.84196964,5.84196964,5.6661244,27526612,162188709.89,1.7157,-1.4827,1604395407.0,9372829258.249443,2026-07-14
2020-04-03,sz.002099,海翔药业,5.82243128,5.82243128,5.90058472,5.78335456,13519874,80868644.25,0.8427,-0.3344,1604351964.0,9341229059.323034,2026-07-14
2020-04-07,sz.002099,海翔药业,5.85173882,6.1057375,6.14481422,5.85173882,32749661,202316130.92,2.0412,4.8658,1604431756.0,9796239138.80005,2026-07-14
2020-04-08,sz.002099,海翔药业,6.1057375,6.349967,6.37927454,6.0568916,37616441,241880147.71,2.3445,4.0,1604454724.0,10188234550.394108,2026-07-14
2020-04-09,sz.002099,海翔药业,6.43788962,6.41835126,6.46719716,6.28158274,27134589,177704585.92,1.6912,1.0769,1604457722.0,10297973241.615429,2026-07-14
2020-04-10,sz.002099,海翔药业,6.4476588,6.26204438,6.46719716,6.23273684,18839508,122164934.36,1.1742,-2.4353,1604454778.0,10047167025.539047,2026-07-14
2020-04-13,sz.002099,海翔药业,6.2522752,6.24250602,6.3988129,6.22296766,15134749,97489266.6,0.9433,-0.312,1604447048.0,10015770355.91123,2026-07-14
2020-04-14,sz.002099,海翔药业,6.26204438,6.34019782,6.48673552,6.16435258,21837814,141458866.6,1.3611,1.5649,1604423922.0,10172365052.62025,2026-07-14
2020-04-15,sz.002099,海翔药业,6.349967,6.37927454,6.45742798,6.33042864,17474464,114062835.8,1.0891,0.6163,1604486640.0,10235460772.322145,2026-07-14
2020-04-16,sz.002099,海翔药业,6.32065946,6.28158274,6.36950536,6.2522752,15949874,102877095.99,0.9941,-1.5314,1604453677.0,10078508524.572735,2026-07-14
2020-04-17,sz.002099,海翔药业,6.28158274,6.13504504,6.33042864,6.12527586,18995050,120437736.2,1.1839,-2.3328,1604447166.0,9843355627.710356,2026-07-14
2020-04-20,sz.002099,海翔药业,6.13504504,6.17412176,6.26204438,6.11550668,13558809,85857731.62,0.8451,0.6369,1604402911.0,9905778924.612444,2026-07-14
2020-04-21,sz.002099,海翔药业,6.1545834,6.0568916,6.17412176,6.01781488,10856002,67435389.4,0.6766,-1.8987,1604493349.0,9718242287.813969,2026-07-14
2020-04-22,sz.002099,海翔药业,6.02758406,6.04712242,6.07642996,5.97873816,8086544,49874544.08,0.504,-0.1613,1604473016.0,9702444747.33862,2026-07-14
2020-04-23,sz.002099,海翔药业,6.04712242,6.0568916,6.19366012,6.04712242,12232617,76511491.33,0.7624,0.1615,1604488064.0,9718210277.141863,2026-07-14
2020-04-24,sz.002099,海翔药业,6.0568916,5.89081554,6.08619914,5.88104636,15701583,95472833.81,0.9786,-2.7419,1604494482.0,9451781028.409851,2026-07-14
2020-04-27,sz.002099,海翔药业,5.90058472,5.85173882,5.92989226,5.79312374,8794577,52749084.96,0.5481,-0.6634,1604557015.0,9389448573.578821,2026-07-14
2020-04-28,sz.002099,海翔药业,5.84196964,5.7638162,5.89081554,5.62704768,11825625,69650023.99,0.7371,-1.5025,1604344729.0,9247148139.39481,2026-07-14
2020-04-29,sz.002099,海翔药业,5.73450866,5.77358538,5.85173882,5.7149703,7911104,46763553.52,0.4931,0.1695,1604360982.0,9262915109.917643,2026-07-14
2020-04-30,sz.002099,海翔药业,5.78335456,5.84196964,5.861508,5.7638162,7892003,47028536.65,0.4919,1.1844,1604391746.0,9372807870.798592,2026-07-14
2020-05-06,sz.002099,海翔药业,5.8126621,5.87127718,5.88104636,5.75404702,10168500,60571297.6,0.6338,0.5017,1604370464.0,9419703693.549212,2026-07-14
2020-05-07,sz.002099,海翔药业,5.85173882,5.85173882,5.97873816,5.80289292,11487160,69128649.41,0.716,-0.3328,1604351955.0,9388248616.016392,2026-07-14
2020-05-08,sz.002099,海翔药业,5.85173882,5.87127718,5.90058472,5.83220046,8547691,51274109.44,0.5328,0.3339,1604296359.0,9419268602.553787,2026-07-14
2020-05-11,sz.002099,海翔药业,5.85173882,5.83220046,5.89081554,5.8126621,8934834,53413370.07,0.5569,-0.6656,1604387502.0,9357109527.182652,2026-07-14
2020-05-12,sz.002099,海翔药业,5.84196964,5.87127718,5.87127718,5.78335456,10440365,62231265.57,0.6507,0.67,1604482096.0,9420359115.96337,2026-07-14
2020-05-13,sz.002099,海翔药业,5.85173882,5.861508,5.87127718,5.8126621,5787494,34576211.5,0.3607,-0.1664,1604517327.0,9404891148.349115,2026-07-14
2020-05-14,sz.002099,海翔药业,5.8126621,5.82243128,5.85173882,5.79312374,6615022,39420737.41,0.4123,-0.6667,1604419597.0,9341622847.817795,2026-07-14
2020-05-15,sz.002099,海翔药业,5.85173882,5.83220046,5.89081554,5.78335456,7944060,47417532.07,0.4951,0.1678,1604536457.0,9357978262.60217,2026-07-14
2020-05-18,sz.002099,海翔药业,5.8126621,5.82243128,5.85173882,5.80289292,8959232,53423867.82,0.5584,-0.1675,1604446991.0,9341782347.500278,2026-07-14
2020-05-19,sz.002099,海翔药业,5.85173882,5.94943062,5.94943062,5.8126621,10243572,61600095.27,0.6385,2.1812,1604318246.0,9544780096.977093,2026-07-14
2020-05-20,sz.002099,海翔药业,5.94943062,6.2522752,6.27181356,5.94943062,33300549,209229249.7,2.0755,5.0903,1604459118.0,10031519952.885273,2026-07-14
2020-05-21,sz.002099,海翔药业,6.33042864,6.3011211,6.38904372,6.16435258,31708705,203807538.75,1.9763,0.7812,1604447958.0,10109820882.005713,2026-07-14
2020-05-22,sz.002099,海翔药业,6.33042864,6.18389094,6.37927454,6.18389094,16516243,106078804.53,1.0294,-1.8605,1604453371.0,9921764664.57936,2026-07-14
2020-05-25,sz.002099,海翔药业,6.19366012,6.349967,6.37927454,6.19366012,16783683,107831478.43,1.0461,2.6856,1604405219.0,10187920195.277773,2026-07-14
2020-05-26,sz.002099,海翔药业,6.38904372,6.45742798,6.4965047,6.31089028,19273524,126488946.34,1.2013,1.6923,1604388912.0,10360225851.150558,2026-07-14
2020-05-27,sz.002099,海翔药业,6.46719716,6.4965047,6.66258076,6.3988129,27443284,184339322.87,1.7105,0.6051,1604401286.0,10423000495.185043,2026-07-14
2020-05-28,sz.002099,海翔药业,6.52581224,6.53558142,6.57465814,6.40858208,19270972,127939637.97,1.2011,0.6015,1604443593.0,10485971735.84884,2026-07-14
2020-05-29,sz.002099,海翔药业,6.5453506,6.5941965,6.65281158,6.4965047,15648844,105652870.5,0.9753,0.8969,1604515944.0,10580493422.118996,2026-07-14
2020-06-01,sz.002099,海翔药业,6.5941965,6.72119584,6.7407342,6.5941965,26739781,183219637.18,1.6666,1.9259,1604451038.0,10783829642.089281,2026-07-14
2020-06-02,sz.002099,海翔药业,6.72119584,6.6918883,6.75050338,6.66258076,21992192,150689544.25,1.3707,-0.436,1604449697.0,10736798155.292845,2026-07-14
2020-06-03,sz.002099,海翔药业,6.71142666,6.7407342,6.77004174,6.68211912,18915671,129978270.85,1.179,0.7299,1604382612.0,10814716742.59373,2026-07-14
2020-06-04,sz.002099,海翔药业,6.7407342,6.84819518,6.89704108,6.70165748,22465500,156358320.88,1.4002,1.5942,1604449364.0,10987582401.098866,2026-07-14
2020-06-05,sz.002099,海翔药业,6.85796436,6.96542534,6.99473288,6.838426,18779388,133573118.17,1.1705,1.7118,1604390261.0,11175260579.218615,2026-07-14
2020-06-08,sz.002099,海翔药业,7.01427124,7.02404042,7.17057812,6.92634862,35753177,257173829.6,2.2284,0.8415,1604432642.0,11269599728.57539,2026-07-14
2020-06-09,sz.002099,海翔药业,6.95565616,7.0338096,7.07288632,6.85796436,19497830,139412721.16,1.2152,0.1391,1604495556.0,11285716244.950136,2026-07-14
2020-06-10,sz.002099,海翔药业,7.10219386,7.24873156,7.31711582,6.96542534,36825204,270376070.66,2.2952,3.0556,1604444231.0,11630185533.50963,2026-07-14
2020-06-11,sz.002099,海翔药业,7.26826992,7.25850074,7.34642336,7.16080894,25081334,185641608.06,1.5632,0.1348,1604486566.0,11646166926.631058,2026-07-14
2020-06-12,sz.002099,海翔药业,7.15103976,7.46365352,7.48319188,7.09242468,34318178,258534806.09,2.1389,2.8264,1604477909.0,11975267193.27009,2026-07-14
2020-06-15,sz.002099,海翔药业,7.56134532,7.80557482,7.95211252,7.49296106,47202461,373926207.91,2.942,4.5812,1604434432.0,12523533002.760202,2026-07-14
2020-06-16,sz.002099,海翔药业,7.80557482,7.85442072,7.89349744,7.74695974,29184952,233550369.39,1.819,0.6258,1604450357.0,12602028128.232197,2026-07-14
2020-06-17,sz.002099,海翔药业,7.89349744,8.2549571,8.303803,7.85442072,43039268,358727544.32,2.6825,5.0995,1604446151.0,13244634145.765123,2026-07-14
2020-06-18,sz.002099,海翔药业,8.38195644,7.70788302,8.38195644,7.55157614,75781807,607702273.53,4.7233,-6.6272,1604425021.0,12366720376.229042,2026-07-14
2020-06-19,sz.002099,海翔药业,7.63949876,7.69811384,7.83488236,7.62972958,43256855,342905473.98,2.6961,-0.1267,1604423241.0,12351032756.759756,2026-07-14
2020-06-22,sz.002099,海翔药业,7.80557482,7.48319188,7.80557482,7.44411516,36413645,282049410.5,2.2696,-2.7919,1604408045.0,12006093254.550674,2026-07-14
2020-06-23,sz.002099,海翔药业,7.54180696,7.49296106,7.56134532,7.33665418,22084916,168676563.94,1.3765,0.1306,1604425427.0,12021897248.184872,2026-07-14
2020-06-24,sz.002099,海翔药业,7.49296106,7.3757309,7.60042204,7.30734664,22097867,167681984.12,1.3773,-1.5645,1604433820.0,11833872103.179037,2026-07-14
2020-06-29,sz.002099,海翔药业,7.35619254,7.44411516,7.50273024,7.26826992,21729917,164515854.83,1.3544,0.9271,1604394344.0,11943296258.788654,2026-07-14
2020-06-30,sz.002099,海翔药业,7.48319188,7.72742138,7.73719056,7.48319188,25962465,203140903.32,1.6182,3.8058,1604403967.0,12397905516.752615,2026-07-14
2020-07-01,sz.002099,海翔药业,7.72742138,7.69811384,8.0595735,7.5222686,30874115,245695263.51,1.9243,-0.3793,1604433560.0,12351112193.596472,2026-07-14
2020-07-02,sz.002099,海翔药业,7.73719056,7.56134532,7.73719056,7.49296106,23443284,181891102.84,1.4611,-1.7767,1604495517.0,12132144668.42893,2026-07-14
2020-07-03,sz.002099,海翔药业,7.5711145,7.56134532,7.58088368,7.43434598,16936819,129960571.41,1.0556,0.0,1604473191.0,12131975853.833317,2026-07-14
2020-07-06,sz.002099,海翔药业,7.58088368,7.63949876,7.7176522,7.5222686,30083022,234668400.77,1.875,1.0336,1604427840.0,12257024494.18948,2026-07-14
2020-07-07,sz.002099,海翔药业,7.68834466,7.9618817,8.04980432,7.67857548,41655842,337035285.17,2.5963,4.2199,1604430998.0,12774289801.888937,2026-07-14
2020-07-08,sz.002099,海翔药业,7.9618817,7.98142006,8.07911186,7.83488236,24659581,200499130.77,1.537,0.2454,1604396942.0,12805365937.081455,2026-07-14
2020-07-09,sz.002099,海翔药业,7.98142006,8.16703448,8.303803,7.90326662,33156912,275065773.02,2.0666,2.3256,1604418465.0,13103340924.003674,2026-07-14
2020-07-10,sz.002099,海翔药业,8.13772694,8.0595735,8.28426464,7.97165088,22870012,189581927.35,1.4254,-1.3158,1604462747.0,12931285437.458406,2026-07-14
2020-07-13,sz.002099,海翔药业,8.02049678,8.2061112,8.23541874,8.02049678,25850259,215957845.31,1.6112,1.8182,1604410315.0,13165969455.317028,2026-07-14
2020-07-14,sz.002099,海翔药业,8.26472628,8.18657284,8.37218726,8.04003514,31872201,267789508.51,1.9865,-0.2381,1604440020.0,13134865091.141058,2026-07-14
2020-07-15,sz.002099,海翔药业,8.12795776,7.90326662,8.26472628,7.8641899,26347290,216416099.38,1.6421,-3.4606,1604487546.0,12680692864.507515,2026-07-14
2020-07-16,sz.002099,海翔药业,7.92280498,7.2291932,7.92280498,7.20965484,36444442,283121707.1,2.2715,-8.529,1604421836.0,11598675426.742716,2026-07-14
2020-07-17,sz.002099,海翔药业,7.29757746,7.30734664,7.5222686,7.1803473,20363427,152878362.59,1.2692,1.0811,1604430113.0,11724126995.34537,2026-07-14
2020-07-20,sz.002099,海翔药业,7.38550008,7.50273024,7.5222686,7.33665418,17198580,130649758.83,1.0719,2.6738,1604494822.0,12038091820.942818,2026-07-14
2020-07-21,sz.002099,海翔药业,7.50273024,7.63949876,7.68834466,7.49296106,14613710,113832732.19,0.9108,1.8229,1604491656.0,12257512016.442347,2026-07-14
2020-07-22,sz.002099,海翔药业,7.6199604,7.69811384,7.78603646,7.59065286,13894508,109661710.88,0.866,0.7673,1604446651.0,12351212969.60475,2026-07-14
2020-07-23,sz.002099,海翔药业,7.60042204,7.78603646,7.85442072,7.4734227,20371036,160025381.28,1.2697,1.1421,1604397574.0,12491898007.499548,2026-07-14
2020-07-24,sz.002099,海翔药业,7.7664981,7.3757309,7.80557482,7.24873156,26259330,200121745.23,1.6367,-5.2698,1604407039.0,11833674573.729805,2026-07-14
2020-07-27,sz.002099,海翔药业,7.36596172,7.41480762,7.48319188,7.29757746,12248119,92693283.08,0.7634,0.5298,1604416950.0,11896443026.51716,2026-07-14
2020-07-28,sz.002099,海翔药业,7.43434598,7.326885,7.51249942,7.2780391,12562480,94778005.62,0.783,-1.1858,1604403576.0,11755280494.94076,2026-07-14
2020-07-29,sz.002099,海翔药业,7.326885,7.78603646,7.80557482,7.28780828,22613617,176142607.34,1.4094,6.2667,1604485384.0,12492581699.361101,2026-07-14
2020-07-30,sz.002099,海翔药业,7.82511318,7.94234334,8.14749612,7.80557482,30818131,252040185.29,1.9208,2.0075,1604442472.0,12743032981.902336,2026-07-14
2020-07-31,sz.002099,海翔药业,7.9130358,7.98142006,7.99118924,7.77626728,18097248,146509522.94,1.1279,0.492,1604508201.0,12806253941.895912,2026-07-14
2020-08-03,sz.002099,海翔药业,8.04003514,8.68480102,8.77272364,8.03026596,55616394,484198907.41,3.4664,8.8127,1604442476.0,13934263652.096127,2026-07-14
2020-08-04,sz.002099,海翔药业,8.72387774,8.6945702,9.01695314,8.63595512,38409927,346372487.23,2.394,0.1125,1604424687.0,13949783071.734526,2026-07-14
2020-08-05,sz.002099,海翔药业,8.7434161,8.85087708,8.90949216,8.52849414,28838622,259148178.12,1.7974,1.7978,1604463225.0,14200906783.855383,2026-07-14
2020-08-06,sz.002099,海翔药业,8.85087708,8.39172562,8.96810724,8.21588038,66420870,578183619.06,4.1398,-5.1876,1604446350.0,13464073541.210487,2026-07-14
2020-08-07,sz.002099,海翔药业,8.13772694,7.70788302,8.28426464,7.55157614,87660078,696422825.05,5.4636,-8.149,1604438063.0,12366820902.43939,2026-07-14
2020-08-10,sz.002099,海翔药业,7.5711145,7.53203778,7.62972958,7.19988566,43759803,333481352.57,2.7274,-2.2814,1604451236.0,12084787325.719696,2026-07-14
2020-08-11,sz.002099,海翔药业,7.5222686,7.5711145,7.6688063,7.41480762,29526178,227326924.44,1.8403,0.5188,1604421996.0,12147262638.034542,2026-07-14
2020-08-12,sz.002099,海翔药业,7.5711145,7.5711145,7.63949876,7.3757309,20067171,154204910.73,1.2507,0.0,1604475174.0,12147665254.761423,2026-07-14
2020-08-13,sz.002099,海翔药业,7.51249942,7.4245768,7.5711145,7.3757309,17196209,131462918.75,1.0718,-1.9355,1604423307.0,11912164062.531477,2026-07-14
2020-08-14,sz.002099,海翔药业,7.41480762,7.5222686,7.5222686,7.3757309,11153703,85192603.93,0.6952,1.3158,1604387658.0,12068634902.000938,2026-07-14
2020-08-17,sz.002099,海翔药业,7.49296106,7.60042204,7.6199604,7.48319188,17328120,134092983.83,1.08,1.039,1604455556.0,12194539370.022854,2026-07-14
2020-08-18,sz.002099,海翔药业,7.58088368,7.63949876,7.64926794,7.55157614,13539704,105479556.25,0.8439,0.5141,1604420429.0,12256967877.864168,2026-07-14
2020-08-19,sz.002099,海翔药业,7.61019122,7.51249942,7.61019122,7.45388434,13705821,105306893.01,0.8542,-1.6624,1604521306.0,12053965380.702642,2026-07-14
2020-08-20,sz.002099,海翔药业,7.4245768,7.46365352,7.5711145,7.2780391,14002919,106746552.07,0.8728,-0.6502,1604367438.0,11974442676.002083,2026-07-14
2020-08-21,sz.002099,海翔药业,7.48319188,7.56134532,7.58088368,7.4734227,9843590,76028860.6,0.6135,1.3089,1604497148.0,12132157000.983147,2026-07-14
2020-08-24,sz.002099,海翔药业,7.49296106,7.5222686,7.58088368,7.46365352,10086200,77482607.0,0.6286,-0.5168,1604549793.0,12069854525.020401,2026-07-14
2020-08-25,sz.002099,海翔药业,7.49296106,7.51249942,7.51249942,7.4245768,10090019,76994798.19,0.6289,-0.1299,1604391636.0,12052991234.902851,2026-07-14
2020-08-26,sz.002099,海翔药业,7.45388434,7.84465154,8.04003514,7.43434598,35478637,284246014.14,2.2113,4.4213,1604424411.0,12586150426.564743,2026-07-14
2020-08-27,sz.002099,海翔药业,7.84465154,7.94234334,7.98142006,7.74695974,17541645,141342658.58,1.0916,1.2453,1606966380.0,12763078725.79691,2026-07-14
2020-08-28,sz.002099,海翔药业,7.9130358,7.95211252,8.00095842,7.8641899,11579797,94118858.65,0.7206,0.123,1606966001.0,12778774455.766432,2026-07-14
2020-08-31,sz.002099,海翔药业,7.95211252,7.89349744,7.98142006,7.79580564,16502829,133166399.07,1.0269,-0.7371,1607053170.0,12685270083.338884,2026-07-14
2020-09-01,sz.002099,海翔药业,7.8641899,7.7664981,7.87395908,7.6688063,13356338,105644238.26,0.8311,-1.6089,1607067501.0,12481286693.088247,2026-07-14
2020-09-02,sz.002099,海翔药业,7.74695974,7.7664981,7.79580564,7.67857548,7705940,61020217.17,0.4795,0.0,1607078206.0,12481369833.450409,2026-07-14
2020-09-03,sz.002099,海翔药业,7.7664981,7.69811384,7.8641899,7.67857548,9120954,72349304.6,0.5676,-0.8805,1606933404.0,12370356277.290712,2026-07-14
2020-09-04,sz.002099,海翔药业,7.65903712,7.89349744,7.89349744,7.31711582,12714138,100833116.97,0.7912,2.5381,1606943630.0,12684405429.629307,2026-07-14
2020-09-07,sz.002099,海翔药业,7.88372826,7.88372826,7.95211252,7.77626728,16146002,130234253.72,1.0047,-0.1238,1607047079.0,12669522471.862753,2026-07-14
2020-09-08,sz.002099,海翔药业,7.8641899,7.84465154,7.88372826,7.74695974,9900679,79170083.47,0.6161,-0.4957,1606992209.0,12606293907.099852,2026-07-14
2020-09-09,sz.002099,海翔药业,7.7664981,7.59065286,7.79580564,7.5222686,14742838,115479775.08,0.9174,-3.2379,1607023981.0,12198361177.466234,2026-07-14
2020-09-10,sz.002099,海翔药业,7.59065286,7.53203778,7.74695974,7.5222686,10460102,81620328.61,0.6509,-0.7722,1607021355.0,12104145559.126791,2026-07-14
2020-09-11,sz.002099,海翔药业,7.54180696,7.63949876,7.64926794,7.4734227,6909905,53650567.34,0.43,1.4267,1606954651.0,12276328063.690733,2026-07-14
2020-09-14,sz.002099,海翔药业,7.63949876,7.84465154,7.87395908,7.61019122,14473965,115701640.89,0.9007,2.6854,1606968469.0,12606107675.072292,2026-07-14
2020-09-15,sz.002099,海翔药业,7.87395908,7.815344,7.89349744,7.74695974,6726869,53697049.92,0.4186,-0.3736,1606992117.0,12559196199.643248,2026-07-14
2020-09-16,sz.002099,海翔药业,7.78603646,8.1084194,8.19634202,7.7664981,31867788,263324795.96,1.9831,3.75,1606968282.0,13029972792.953472,2026-07-14
2020-09-17,sz.002099,海翔药业,8.1084194,8.16703448,8.36241808,8.0595735,21032703,176551732.51,1.3088,0.7229,1607021928.0,13124603496.092077,2026-07-14
2020-09-18,sz.002099,海翔药业,8.13772694,8.2061112,8.21588038,8.07911186,11871537,98961808.24,0.7387,0.4785,1607085014.0,13187918332.737558,2026-07-14
2020-09-21,sz.002099,海翔药业,8.21588038,8.16703448,8.24518792,8.07911186,8924398,74543326.36,0.5553,-0.4762,1607130920.0,13125493637.514122,2026-07-14
2020-09-22,sz.002099,海翔药业,8.09865022,8.12795776,8.23541874,8.0595735,9042716,75423115.34,0.5627,-0.4785,1607022570.0,13061811568.326641,2026-07-14
2020-09-23,sz.002099,海翔药业,8.12795776,8.04003514,8.13772694,8.0107276,6605168,54428832.57,0.411,-1.0817,1607096837.0,12921115042.862852,2026-07-14
2020-09-24,sz.002099,海翔药业,7.99118924,7.84465154,8.02049678,7.7664981,13920211,112115094.03,0.8662,-2.4301,1607043523.0,12606696447.548975,2026-07-14
2020-09-25,sz.002099,海翔药业,7.8641899,7.84465154,7.9130358,7.7664981,8632824,69127076.16,0.5372,0.0,1607003723.0,12606384230.417683,2026-07-14
2020-09-28,sz.002099,海翔药业,7.815344,7.55157614,7.83488236,7.4245768,20249701,157046101.89,1.2601,-3.736,1606991588.0,12135319333.12151,2026-07-14
2020-09-29,sz.002099,海翔药业,7.5222686,7.51249942,7.5711145,7.43434598,12498266,96069981.66,0.7777,-0.5175,1607080622.0,12073192240.66824,2026-07-14
2020-09-30,sz.002099,海翔药业,7.5222686,7.61019122,7.7664981,7.5222686,15435563,121052818.83,0.9605,1.3004,1607034149.0,12229837170.959972,2026-07-14
2020-10-09,sz.002099,海翔药业,7.70788302,7.68834466,7.78603646,7.64926794,8101395,63804782.61,0.5041,1.027,1607100774.0,12355944653.864767,2026-07-14
2020-10-12,sz.002099,海翔药业,7.70788302,7.75672892,7.78603646,7.6688063,10980789,86923579.71,0.6833,0.8895,1607023123.0,12465242733.282816,2026-07-14
2020-10-13,sz.002099,海翔药业,7.73719056,7.77626728,7.88372826,7.73719056,8841615,70590899.69,0.5502,0.2519,1606982007.0,12496321600.58283,2026-07-14
2020-10-14,sz.002099,海翔药业,7.78603646,7.77626728,7.84465154,7.74695974,8153047,64948759.59,0.5074,0.0,1606828341.0,12495126652.694983,2026-07-14
2020-10-15,sz.002099,海翔药业,7.73719056,7.7664981,7.80557482,7.68834466,6458481,51130608.39,0.4019,-0.1256,1606987061.0,12480661955.981083,2026-07-14
2020-10-16,sz.002099,海翔药业,7.74695974,7.815344,7.82511318,7.7176522,6110168,48675470.64,0.3802,0.6289,1607093109.0,12559985486.864496,2026-07-14
2020-10-19,sz.002099,海翔药业,7.82511318,7.93257416,8.02049678,7.77626728,11431286,92550082.8,0.7113,1.5,1607097708.0,12748421751.076025,2026-07-14
2020-10-20,sz.002099,海翔药业,7.93257416,7.98142006,8.0107276,7.8641899,8437894,68858732.07,0.5251,0.6158,1606911826.0,12825438282.68763,2026-07-14
2020-10-21,sz.002099,海翔药业,8.0107276,7.94234334,8.08888104,7.90326662,7964300,65182629.0,0.4956,-0.4896,1607001614.0,12763358566.322151,2026-07-14
2020-10-22,sz.002099,海翔药业,7.90326662,7.82511318,7.9130358,7.70788302,7313608,58273603.32,0.4551,-1.476,1607033180.0,12575216517.515312,2026-07-14
2020-10-23,sz.002099,海翔药业,7.79580564,7.69811384,7.85442072,7.5711145,9654557,75820399.32,0.6008,-1.623,1606950233.0,12370485828.848526,2026-07-14
2020-10-26,sz.002099,海翔药业,7.6199604,7.69811384,7.7176522,7.54180696,3695757,28965911.02,0.23,0.0,1606850870.0,12369720921.163042,2026-07-14
2020-10-27,sz.002099,海翔药业,7.67857548,7.68834466,7.74695974,7.6199604,4149177,32578477.04,0.2582,-0.1269,1606962432.0,12354881032.887814,2026-07-14
2020-10-28,sz.002099,海翔药业,7.68834466,7.59065286,7.68834466,7.50273024,8141600,63266356.0,0.5066,-1.2706,1607106198.0,12198985258.172426,2026-07-14
2020-10-29,sz.002099,海翔药业,7.5222686,7.61019122,7.6688063,7.5222686,4084497,31767420.87,0.2542,0.2574,1606804485.0,12228089384.003622,2026-07-14
2020-10-30,sz.002099,海翔药业,7.60042204,7.58088368,7.62972958,7.55157614,4763963,36993250.99,0.2965,-0.3851,1606732884.0,12180455098.434935,2026-07-14
2020-11-02,sz.002099,海翔药业,7.6199604,7.98142006,8.16703448,7.6199604,29165895,237340467.73,1.8149,5.2835,1607024905.0,12826340813.686594,2026-07-14
2020-11-03,sz.002099,海翔药业,7.98142006,8.03026596,8.06934268,7.94234334,13551382,110962382.5,0.8433,0.612,1606946757.0,12904209842.269491,2026-07-14
2020-11-04,sz.002099,海翔药业,8.0107276,8.0595735,8.11818858,7.95211252,11702669,96434691.45,0.7282,0.365,1607067976.0,12952282472.068237,2026-07-14
2020-11-05,sz.002099,海翔药业,8.08888104,8.09865022,8.12795776,8.02049678,12161421,100495602.62,0.7568,0.4848,1606953092.0,13014151012.05548,2026-07-14
2020-11-06,sz.002099,海翔药业,8.09865022,8.33311054,8.3526489,8.0595735,21539502,181384586.63,1.3404,2.8951,1606945837.0,13390857291.513823,2026-07-14
2020-11-09,sz.002099,海翔药业,8.39172562,8.71410856,8.86064626,8.39172562,23556520,209228457.55,1.4659,4.5721,1606966369.0,14003279391.735018,2026-07-14
2020-11-10,sz.002099,海翔药业,8.75318528,8.8411079,8.87041544,8.6457243,23959728,215769786.12,1.491,1.4574,1606956942.0,14207279714.876043,2026-07-14
2020-11-11,sz.002099,海翔药业,8.8899538,9.27095182,9.30025936,8.88018462,36069891,337591600.01,2.2446,4.8619,1606962978.0,14898076345.56172,2026-07-14
2020-11-12,sz.002099,海翔药业,9.29049018,8.48941742,9.33933608,8.34287972,56557527,500508033.72,3.5195,-8.4299,1606976190.0,13642291660.91123,2026-07-14
2020-11-13,sz.002099,海翔药业,8.48941742,8.4991866,8.51872496,8.02049678,30900398,260155024.0,1.9229,0.1151,1606968537.0,13657925456.292004,2026-07-14
2020-11-16,sz.002099,海翔药业,8.50895578,8.65549348,8.7434161,8.4014948,21837099,192023276.92,1.3589,1.8391,1606968798.0,13909107953.652437,2026-07-14
2020-11-17,sz.002099,海翔药业,8.89972298,8.4991866,9.11464494,8.33311054,33083236,296708818.34,2.0587,-1.8059,1606996454.0,13658162728.084316,2026-07-14
2020-11-18,sz.002099,海翔药业,8.4991866,8.38195644,8.51872496,8.18657284,18624546,158356817.27,1.159,-1.3793,1606949612.0,13469381649.0589,2026-07-14
2020-11-19,sz.002099,海翔药业,8.33311054,8.38195644,8.43080234,8.2549571,8669295,74045037.71,0.5395,0.0,1606912882.0,13469073779.79886,2026-07-14
2020-11-20,sz.002099,海翔药业,8.36241808,8.55780168,8.58710922,8.29403382,10966335,95082472.95,0.6824,2.0979,1607024472.0,13752596726.282715,2026-07-14
2020-11-23,sz.002099,海翔药业,8.55780168,8.77272364,8.82156954,8.5480325,17328562,154943543.34,1.0783,2.5114,1607026060.0,14097995506.65806,2026-07-14
2020-11-24,sz.002099,海翔药业,8.76295446,8.72387774,8.76295446,8.63595512,7872176,69949287.91,0.4899,-0.5568,1606894468.0,14018350879.914343,2026-07-14
2020-11-25,sz.002099,海翔药业,8.72387774,8.5480325,8.7434161,8.46987906,8191200,71911097.87,0.5097,-2.0157,1607062978.0,13737226565.490784,2026-07-14
2020-11-26,sz.002099,海翔药业,8.55780168,8.5968784,8.6457243,8.46987906,6579910,57553427.52,0.4095,0.5714,1606815629.0,13813598573.732513,2026-07-14
2020-11-27,sz.002099,海翔药业,8.53826332,8.63595512,8.6457243,8.46010988,6352522,55635112.76,0.3953,0.4545,1607012902.0,13878091298.932959,2026-07-14
2020-11-30,sz.002099,海翔药业,8.63595512,8.70433938,8.792262,8.57734004,10073802,89717369.58,0.6269,0.7919,1606923273.0,13987205525.812391,2026-07-14
2020-12-01,sz.002099,海翔药业,8.67503184,8.75318528,8.88018462,8.67503184,10298697,92627526.95,0.6409,0.5612,1606911687.0,14065595724.908367,2026-07-14
2020-12-02,sz.002099,海翔药业,8.75318528,8.71410856,8.81180036,8.62618594,6747194,60071409.24,0.4199,-0.4464,1606857347.0,14002329362.19159,2026-07-14
2020-12-03,sz.002099,海翔药业,8.68480102,8.78249282,8.85087708,8.66526266,10436344,93816167.1,0.6494,0.7848,1607074838.0,14114123225.937662,2026-07-14
2020-12-04,sz.002099,海翔药业,8.78249282,8.77272364,8.82156954,8.51872496,9232810,81827925.68,0.5745,-0.1112,1607103568.0,14098675462.92195,2026-07-14
2020-12-07,sz.002099,海翔药业,8.7434161,8.72387774,8.8411079,8.6945702,8388536,75130536.5,0.522,-0.5568,1606999234.0,14019264845.689651,2026-07-14
2020-12-08,sz.002099,海翔药业,8.72387774,8.61641676,8.76295446,8.41126398,14423525,126040876.91,0.8976,-1.2318,1606898953.0,13845711070.255651,2026-07-14
2020-12-09,sz.002099,海翔药业,8.5968784,8.50895578,8.62618594,8.46987906,8245456,71973586.32,0.5131,-1.2472,1606988111.0,13673790775.484734,2026-07-14
2020-12-10,sz.002099,海翔药业,8.46987906,8.44057152,8.56757086,8.39172562,7349430,63757595.84,0.4573,-0.8037,1607135360.0,13565140948.400948,2026-07-14
2020-12-11,sz.002099,海翔药业,8.41126398,8.46987906,8.62618594,8.23541874,11430057,98649038.43,0.7113,0.3472,1606924926.0,13610459781.71945,2026-07-14
2020-12-14,sz.002099,海翔药业,8.47964824,8.51872496,8.62618594,8.43080234,7806220,68124829.38,0.4858,0.5767,1606879374.0,13688563431.002975,2026-07-14
2020-12-15,sz.002099,海翔药业,8.5968784,8.37218726,8.5968784,8.33311054,7209917,62080618.7,0.4487,-1.7202,1606845777.0,13452813742.984201,2026-07-14
2020-12-16,sz.002099,海翔药业,8.38195644,8.4014948,8.57734004,8.27449546,5794939,49857352.36,0.3606,0.3501,1607026900.0,13501428143.81012,2026-07-14
2020-12-17,sz.002099,海翔药业,8.4014948,8.51872496,8.5480325,8.39172562,6270078,54441175.8,0.3902,1.3953,1606888262.0,13688639145.43042,2026-07-14
2020-12-18,sz.002099,海翔药业,8.53826332,8.5480325,8.6457243,8.43080234,6792459,59257833.94,0.4227,0.344,1606921930.0,13736020882.602724,2026-07-14
2020-12-21,sz.002099,海翔药业,8.50895578,8.95833806,9.02672232,8.50895578,23952716,216077124.55,1.4905,4.8,1607025562.0,14396278255.45749,2026-07-14
2020-12-22,sz.002099,海翔药业,8.95833806,8.85087708,9.01695314,8.81180036,14640446,133914128.32,0.911,-1.1996,1607074204.0,14224016238.042845,2026-07-14
2020-12-23,sz.002099,海翔药业,8.83133872,8.73364692,8.89972298,8.6945702,9191172,82356392.5,0.572,-1.3245,1606848252.0,14033645286.987185,2026-07-14
2020-12-24,sz.002099,海翔药业,8.72387774,8.47964824,8.72387774,8.46010988,7309609,64109305.31,0.4549,-2.9083,1606860629.0,13625612904.625143,2026-07-14
2020-12-25,sz.002099,海翔药业,8.5480325,8.57734004,8.6457243,8.47964824,6153256,53800291.0,0.3829,1.1521,1607013842.0,13783904171.820833,2026-07-14
2020-12-28,sz.002099,海翔药业,8.55780168,8.46010988,8.56757086,8.3526489,7222817,62263625.87,0.4495,-1.3667,1606855840.0,13594176967.719698,2026-07-14
2020-12-29,sz.002099,海翔药业,8.46010988,8.24518792,8.47964824,8.21588038,10580155,90346678.03,0.6584,-2.5404,1606949423.0,13249599970.57057,2026-07-14
2020-12-30,sz.002099,海翔药业,8.2061112,8.24518792,8.4503407,7.84465154,11140858,92990217.3,0.6933,0.0,1606931776.0,13249454467.739346,2026-07-14
2020-12-31,sz.002099,海翔药业,8.24518792,8.303803,8.37218726,8.21588038,5702118,48436639.85,0.3548,0.7109,1607135851.0,13345339500.941353,2026-07-14
2021-01-04,sz.002099,海翔药业,8.31357218,8.11818858,8.39172562,8.1084194,10338497,86594067.57,0.6433,-2.2353,1607103529.0,13046769516.005499,2026-07-14
2021-01-05,sz.002099,海翔药业,8.13772694,7.89349744,8.13772694,7.815344,17544879,142146742.26,1.0918,-2.7677,1606968218.0,12684599514.944363,2026-07-14
2021-01-06,sz.002099,海翔药业,7.82511318,7.97165088,7.97165088,7.5222686,12445236,99779937.74,0.7744,0.9901,1607081095.0,12811089425.188114,2026-07-14
2021-01-07,sz.002099,海翔药业,7.92280498,7.82511318,7.9618817,7.61019122,11748113,93948228.7,0.7311,-1.8382,1606909178.0,12574246187.830765,2026-07-14
2021-01-08,sz.002099,海翔药业,7.79580564,7.9130358,7.99118924,7.7664981,10132000,81725939.74,0.6305,1.1236,1606978588.0,12716079096.67745,2026-07-14
2021-01-11,sz.002099,海翔药业,7.89349744,7.94234334,8.06934268,7.7664981,12443405,100688200.4,0.7743,0.3704,1607052176.0,12763760147.086107,2026-07-14
2021-01-12,sz.002099,海翔药业,7.94234334,7.68834466,8.02049678,7.64926794,12878566,102051167.65,0.8014,-3.198,1607008485.0,12355235104.22444,2026-07-14
2021-01-13,sz.002099,海翔药业,7.73719056,7.58088368,7.73719056,7.46365352,11226299,86525998.79,0.6986,-1.3977,1606970942.0,12182259788.442028,2026-07-14
2021-01-14,sz.002099,海翔药业,7.58088368,7.64926794,7.68834466,7.48319188,5168400,40219083.0,0.3216,0.9021,1607089552.0,12293058586.822563,2026-07-14
2021-01-15,sz.002099,海翔药业,7.64926794,7.69811384,7.85442072,7.63949876,5015579,39617772.5,0.3121,0.6386,1607042294.0,12371194524.90675,2026-07-14
2021-01-18,sz.002099,海翔药业,7.74695974,8.46987906,8.46987906,7.74695974,28915145,244830176.25,1.7993,10.0254,1607021897.0,13611281114.361776,2026-07-14
2021-01-19,sz.002099,海翔药业,8.55780168,8.80203118,8.94856888,8.55780168,31811543,285737094.52,1.9796,3.9216,1606968226.0,14144584430.521286,2026-07-14
2021-01-20,sz.002099,海翔药业,8.81180036,8.63595512,8.86064626,8.62618594,14904964,133170581.93,0.9275,-1.8868,1607004205.0,13878016192.03128,2026-07-14
2021-01-21,sz.002099,海翔药业,8.68480102,8.76295446,8.8411079,8.65549348,12821934,114866801.67,0.7979,1.4706,1606960020.0,14081717474.300688,2026-07-14
2021-01-22,sz.002099,海翔药业,8.68480102,8.792262,8.92903052,8.67503184,18922300,170772916.71,1.1775,0.3344,1606989384.0,14129071695.346607,2026-07-14
2021-01-25,sz.002099,海翔药业,8.86064626,8.67503184,8.9876456,8.6457243,20573863,186073361.27,1.2803,-1.3333,1606956416.0,13940398074.292286,2026-07-14
2021-01-26,sz.002099,海翔药业,8.6457243,8.4014948,8.6457243,8.31357218,13732506,119221210.61,0.8546,-3.1532,1606892815.0,13500301629.379862,2026-07-14
2021-01-27,sz.002099,海翔药业,8.48941742,8.03026596,8.4991866,7.95211252,17603331,146354781.75,1.0954,-4.4186,1607023097.0,12904822872.772877,2026-07-14
2021-01-28,sz.002099,海翔药业,7.92280498,7.55157614,7.9618817,7.54180696,18377202,145446573.56,1.1436,-5.9611,1606960651.0,12135085710.010468,2026-07-14
2021-01-29,sz.002099,海翔药业,7.5711145,7.54180696,7.88372826,7.45388434,18598908,145058810.06,1.1574,-0.1294,1606955936.0,12119351462.538115,2026-07-14
2021-02-01,sz.002099,海翔药业,7.43434598,7.63949876,7.65903712,7.33665418,12904198,99750601.09,0.803,1.2953,1606998506.0,12276663093.908854,2026-07-14
2021-02-02,sz.002099,海翔药业,7.65903712,7.70788302,7.85442072,7.5222686,12941463,101339477.31,0.8053,0.8951,1607036260.0,12386847500.978304,2026-07-14
2021-02-03,sz.002099,海翔药业,7.6688063,7.60042204,7.70788302,7.48319188,9351143,72569945.54,0.5819,-1.3942,1607001719.0,12213891283.405487,2026-07-14
2021-02-04,sz.002099,海翔药业,7.51249942,7.46365352,7.55157614,7.20965484,12842680,97128940.23,0.7992,-1.7995,1606941942.0,11993657881.843937,2026-07-14
2021-02-05,sz.002099,海翔药业,7.49296106,7.4734227,7.60042204,7.40503844,7371404,56650077.4,0.4587,0.1309,1607020711.0,12009945060.95754,2026-07-14
2021-02-08,sz.002099,海翔药业,7.4734227,7.6199604,7.62972958,7.43434598,10057162,77515727.77,0.6258,1.9608,1607088846.0,12245953365.801699,2026-07-14
2021-02-09,sz.002099,海翔药业,7.6199604,7.73719056,7.74695974,7.60042204,6633827,52230562.91,0.4128,1.5385,1607031734.0,12433910761.925232,2026-07-14
2021-02-10,sz.002099,海翔药业,7.74695974,8.19634202,8.27449546,7.74695974,12249199,101120234.86,0.7622,5.9343,1607084623.0,13172215225.190758,2026-07-14
2021-02-18,sz.002099,海翔药业,8.28426464,8.303803,8.46010988,8.22564956,11444609,97810280.69,0.7122,1.3111,1606937518.0,13343692582.780954,2026-07-14
2021-02-19,sz.002099,海翔药业,8.22564956,8.08888104,8.32334136,8.04980432,11693086,97333369.65,0.7276,-2.5882,1607076141.0,12999447726.771267,2026-07-14
2021-02-22,sz.002099,海翔药业,8.08888104,8.02049678,8.14749612,8.0107276,9006299,74522268.03,0.5604,-0.8454,1607119736.0,12889898667.66245,2026-07-14
2021-02-23,sz.002099,海翔药业,8.0107276,8.19634202,8.19634202,7.87395908,9825113,80951499.6,0.6114,2.1924,1606986097.0,13171407672.396894,2026-07-14
2021-02-24,sz.002099,海翔药业,8.2549571,8.04980432,8.26472628,8.02049678,7590663,62818296.32,0.4724,-1.7878,1606829594.0,12934663807.285046,2026-07-14
2021-02-25,sz.002099,海翔药业,8.07911186,8.17680366,8.23541874,8.03026596,8257667,69000594.83,0.5139,1.5777,1606862619.0,13139000144.156384,2026-07-14
2021-02-26,sz.002099,海翔药业,8.14749612,8.19634202,8.19634202,8.02049678,5574101,46270137.52,0.3469,0.2389,1606832228.0,13170146509.446619,2026-07-14
2021-03-01,sz.002099,海翔药业,8.19634202,8.18657284,8.2549571,8.1084194,5488350,45823361.25,0.3415,-0.1192,1607130307.0,13156889321.627062,2026-07-14
2021-03-02,sz.002099,海翔药业,8.18657284,8.13772694,8.24518792,8.03026596,5867442,48788994.02,0.3651,-0.5967,1607078061.0,13077962431.682663,2026-07-14
2021-03-03,sz.002099,海翔药业,8.12795776,8.1572653,8.16703448,8.07911186,3540303,29445128.12,0.2203,0.2401,1607037222.0,13109028966.828997,2026-07-14
2021-03-04,sz.002099,海翔药业,8.11818858,8.31357218,8.41126398,8.09865022,10386164,87920569.32,0.6463,1.9162,1607019031.0,13360068708.852158,2026-07-14
2021-03-05,sz.002099,海翔药业,8.31357218,8.31357218,8.37218726,8.17680366,6804137,57524329.22,0.4234,0.0,1607023382.0,13360104881.204712,2026-07-14
2021-03-08,sz.002099,海翔药业,8.303803,8.1572653,8.3526489,8.1084194,6193971,52303070.85,0.3854,-1.8801,1607153866.0,13109980462.88265,2026-07-14
2021-03-09,sz.002099,海翔药业,8.11818858,8.03026596,8.18657284,7.9618817,4863207,40192236.11,0.3026,-1.5569,1607140449.0,12905765240.543816,2026-07-14
2021-03-10,sz.002099,海翔药业,8.07911186,7.89349744,8.09865022,7.88372826,3383338,27605037.23,0.2105,-1.7032,1607286461.0,12687111565.25016,2026-07-14
2021-03-11,sz.002099,海翔药业,7.89349744,8.00095842,8.02049678,7.89349744,2553950,20829928.15,0.1589,1.3614,1607268722.0,12859690214.488539,2026-07-14
2021-03-12,sz.002099,海翔药业,8.07911186,8.24518792,8.2549571,7.92280498,6479273,53776346.19,0.4032,3.0525,1606962550.0,13249708205.152395,2026-07-14
2021-03-15,sz.002099,海翔药业,8.24518792,8.1572653,8.24518792,8.03026596,5537445,46135623.7,0.3446,-1.0664,1606919617.0,13108069631.64339,2026-07-14
2021-03-16,sz.002099,海翔药业,8.1084194,8.16703448,8.18657284,8.04003514,3670437,30397475.78,0.2284,0.1198,1607021454.0,13124599624.917734,2026-07-14
2021-03-17,sz.002099,海翔药业,8.21588038,8.16703448,8.21588038,8.07911186,2134300,17775424.0,0.1328,0.0,1607153614.0,13125678980.19461,2026-07-14
2021-03-18,sz.002099,海翔药业,8.16703448,8.16703448,8.2549571,8.08888104,3463084,28988299.6,0.2155,0.0,1606999536.0,13124420619.856,2026-07-14
2021-03-19,sz.002099,海翔药业,8.14749612,8.19634202,8.19634202,8.0595735,4227708,35185540.72,0.2631,0.3589,1606882554.0,13170558998.555119,2026-07-14
2021-03-22,sz.002099,海翔药业,8.2061112,8.50895578,8.56757086,8.16703448,16690416,144145038.7,1.0386,3.8141,1607010976.0,13673985332.758642,2026-07-14
2021-03-23,sz.002099,海翔药业,8.5480325,8.51872496,8.61641676,8.46010988,8183487,71514229.02,0.5092,0.1148,1607126277.0,13690666729.751774,2026-07-14
2021-03-24,sz.002099,海翔药业,8.44057152,8.5968784,8.65549348,8.43080234,8744290,76751949.15,0.5441,0.9174,1607110825.0,13816136337.848679,2026-07-14
2021-03-25,sz.002099,海翔药业,8.63595512,8.53826332,8.67503184,8.37218726,11216630,97847339.3,0.698,-0.6818,1606967049.0,13720707810.925343,2026-07-14
2021-03-26,sz.002099,海翔药业,8.5480325,8.57734004,8.6457243,8.41126398,7137546,62379951.36,0.4442,0.4577,1606831607.0,13782341080.258642,2026-07-14
2021-03-29,sz.002099,海翔药业,8.63595512,8.53826332,8.6457243,8.46987906,6075200,53092629.0,0.378,-0.4556,1607195767.0,13722660665.435368,2026-07-14
2021-03-30,sz.002099,海翔药业,8.48941742,8.4991866,8.5480325,8.43080234,5727250,49702130.32,0.3564,-0.4577,1606972503.0,13657959164.06606,2026-07-14
2021-03-31,sz.002099,海翔药业,8.47964824,8.70433938,8.83133872,8.43080234,20171296,179693910.02,1.2552,2.4138,1607018483.0,13988034265.964762,2026-07-14
2021-04-01,sz.002099,海翔药业,8.77272364,9.33933608,9.5737964,8.6945702,34812694,329427956.36,2.1663,7.2952,1607011679.0,15008422154.666079,2026-07-14
2021-04-02,sz.002099,海翔药业,9.4761046,9.46633542,9.56402722,9.15372166,28965406,278637752.07,1.8025,1.3598,1606957337.0,15211997157.671976,2026-07-14
2021-04-06,sz.002099,海翔药业,9.48587378,9.92548688,9.94502524,9.48587378,25173823,253302934.91,1.5665,4.8504,1607010725.0,15950363867.006786,2026-07-14
2021-04-07,sz.002099,海翔药业,9.9645636,9.92548688,10.0622554,9.84733344,24875030,253145951.06,1.5479,0.0,1607017895.0,15950435032.747717,2026-07-14
2021-04-08,sz.002099,海翔药业,10.0134095,10.75586718,10.91217406,10.0134095,49963235,540782134.91,3.1091,8.3661,1606999936.0,17284677869.8845,2026-07-14
2021-04-09,sz.002099,海翔药业,10.98055832,11.0391734,11.11732684,10.746098,32541418,365967983.11,2.025,2.634,1606983605.0,17739770666.552105,2026-07-14
2021-04-12,sz.002099,海翔药业,11.04894258,10.9414816,11.1368652,10.746098,22874365,256453517.43,1.4234,-0.885,1607022973.0,17583212289.856796,2026-07-14
2021-04-13,sz.002099,海翔药业,10.9414816,10.53117604,11.02940422,10.257639,44438683,481555042.96,2.7653,-3.75,1607011283.0,16923718719.539259,2026-07-14
2021-04-14,sz.002099,海翔药业,10.56048358,10.63863702,10.6484062,10.43348424,15382426,166476064.19,0.9572,1.0204,1607023193.0,17096536433.048407,2026-07-14
2021-04-15,sz.002099,海翔药业,10.58002194,10.58979112,10.76563636,10.5018685,12669734,137491557.5,0.7884,-0.4591,1607018519.0,17017990442.18175,2026-07-14
2021-04-16,sz.002099,海翔药业,10.5995603,10.93171242,11.17594192,10.52140686,26753566,298387276.29,1.6648,3.2288,1607013815.0,17567412880.54708,2026-07-14
2021-04-19,sz.002099,海翔药业,10.8437898,10.77540554,10.98055832,10.67771374,19631679,217735311.64,1.2216,-1.4298,1607046415.0,17316576843.228138,2026-07-14
2021-04-20,sz.002099,海翔药业,10.82425144,10.51163768,10.88286652,10.42371506,25505300,277478247.32,1.5872,-2.4479,1606936744.0,16891536827.606913,2026-07-14
2021-04-21,sz.002099,海翔药业,10.51163768,10.5507144,10.746098,10.3064849,19891486,215673151.72,1.2378,0.3717,1607003232.0,16955032140.70894,2026-07-14
2021-04-22,sz.002099,海翔药业,10.57025276,10.67771374,10.73632882,10.44325342,9661071,104878902.06,0.6012,1.2037,1606964571.0,17158707679.459906,2026-07-14
2021-04-23,sz.002099,海翔药业,10.62886784,10.75586718,10.9414816,10.61909866,16981053,187755142.73,1.0567,0.7319,1606989022.0,17284560480.350098,2026-07-14
2021-04-26,sz.002099,海翔药业,10.8926357,10.58002194,11.11732684,10.5018685,20865413,230482105.6,1.2984,-1.6349,1607009627.0,17002197111.451216,2026-07-14
2021-04-27,sz.002099,海翔药业,10.5018685,10.60932948,10.68748292,10.38463834,15054388,162179131.99,0.9368,0.277,1607001281.0,17049206064.911062,2026-07-14
2021-04-28,sz.002099,海翔药业,10.58979112,10.746098,10.88286652,10.46279178,17928119,196289720.28,1.1156,1.2891,1607038275.0,17269390792.90095,2026-07-14
2021-04-29,sz.002099,海翔药业,10.5995603,10.4041767,10.78517472,9.94502524,37098104,393519289.44,2.307,-3.1818,1608066927.0,16730612453.934002,2026-07-14
2021-04-30,sz.002099,海翔药业,10.42371506,10.56048358,10.57025276,10.28694654,16210128,173598169.98,1.0081,1.5023,1607988096.0,16981131884.643463,2026-07-14
2021-05-06,sz.002099,海翔药业,10.70702128,11.31271044,11.35178716,10.5018685,37829741,428423231.23,2.3525,7.123,1608065505.0,18191579426.61737,2026-07-14
2021-05-07,sz.002099,海翔药业,11.35178716,11.1368652,11.65463174,11.01963504,27042806,313408795.69,1.6817,-1.5544,1608063626.0,17908787835.785217,2026-07-14
2021-05-10,sz.002099,海翔药业,10.9903275,11.1368652,11.26386454,10.9414816,15940924,181282648.89,0.9913,0.0,1608082720.0,17909000483.089344,2026-07-14
2021-05-11,sz.002099,海翔药业,11.14663438,11.11732684,11.24432618,10.9414816,11259018,127344529.08,0.7002,-0.1754,1607971722.0,17876347182.95162,2026-07-14
2021-05-12,sz.002099,海翔药业,11.11732684,11.234557,11.26386454,10.8437898,11427273,130096955.39,0.7106,1.0545,1608116099.0,18066471976.833145,2026-07-14
2021-05-13,sz.002099,海翔药业,11.1857111,10.96101996,11.30294126,10.96101996,11543387,131347852.96,0.7178,-2.4348,1608162023.0,17627096033.01698,2026-07-14
2021-05-14,sz.002099,海翔药业,11.05871176,10.93171242,11.11732684,10.77540554,15671843,175253982.2,0.9746,-0.2674,1608028217.0,17578502031.489357,2026-07-14
2021-05-17,sz.002099,海翔药业,10.9414816,10.92194324,11.05871176,10.57025276,11247361,124875720.24,0.6994,-0.0894,1608144267.0,17564060405.905403,2026-07-14
2021-05-18,sz.002099,海翔药业,10.92194324,10.92194324,10.93171242,10.7949439,5907368,65690264.68,0.3674,0.0,1607884594.0,17561224272.138443,2026-07-14
2021-05-19,sz.002099,海翔药业,10.9414816,10.6484062,11.02940422,10.5995603,16247798,178441117.54,1.0104,-2.5045,1608056017.0,17123233661.370106,2026-07-14
2021-05-20,sz.002099,海翔药业,10.5507144,10.3553308,10.63863702,10.34556162,14432381,154377265.24,0.8975,-2.7523,1608064735.0,16652042278.73934,2026-07-14
2021-05-21,sz.002099,海翔药业,10.31625408,10.16971638,10.3553308,9.99387114,16176100,168388338.2,1.0059,-1.7925,1608122080.0,16354145458.01567,2026-07-14
2021-05-24,sz.002099,海翔药业,10.22833146,10.14040884,10.72655964,10.14040884,20379967,216283255.16,1.2674,-0.2882,1608013808.0,16305917433.485262,2026-07-14
2021-05-25,sz.002099,海翔药业,10.29671572,10.14040884,10.3553308,10.07202458,13064996,136472402.46,0.8125,0.0,1607999508.0,16305772425.63885,2026-07-14
2021-05-26,sz.002099,海翔药业,10.2087931,10.00364032,10.2087931,9.9157177,10686329,109839004.24,0.6645,-1.3487,1608175922.0,16087613494.972376,2026-07-14
2021-05-27,sz.002099,海翔药业,10.0134095,9.00718396,10.0134095,9.00718396,68562411,654773783.87,4.2637,-9.9609,1608049605.0,14483998609.040337,2026-07-14
2021-05-28,sz.002099,海翔药业,8.88018462,8.78249282,9.02672232,8.63595512,38882788,350605195.29,2.418,-2.4946,1608055749.0,14122738069.752222,2026-07-14
2021-05-31,sz.002099,海翔药业,8.76295446,8.5480325,8.76295446,8.43080234,29952612,262214068.68,1.8627,-2.6696,1608021259.0,13745417982.622917,2026-07-14
2021-06-01,sz.002099,海翔药业,8.53826332,8.4503407,8.53826332,8.27449546,29011484,248852532.96,1.8041,-1.1429,1608086248.0,13588876670.584694,2026-07-14
2021-06-02,sz.002099,海翔药业,8.38195644,8.0107276,8.4014948,7.95211252,38119765,318003911.72,2.3705,-5.2023,1608089644.0,12881968094.464973,2026-07-14
2021-06-03,sz.002099,海翔药业,7.9618817,8.04980432,8.18657284,7.56134532,51440762,415858750.53,3.1989,0.4878,1608076589.0,12944701873.023064,2026-07-14
2021-06-04,sz.002099,海翔药业,8.00095842,7.79580564,8.00095842,7.79580564,24007850,193511555.67,1.493,-3.1553,1608027461.0,12535869549.73868,2026-07-14
2021-06-07,sz.002099,海翔药业,7.84465154,7.92280498,8.04003514,7.84465154,19055904,154606881.43,1.185,1.6291,1608093165.0,12740608535.965961,2026-07-14
2021-06-08,sz.002099,海翔药业,7.92280498,7.80557482,7.92280498,7.74695974,15717933,125786458.77,0.9774,-1.4797,1608137201.0,12552435243.230879,2026-07-14
2021-06-09,sz.002099,海翔药业,7.80557482,7.72742138,7.80557482,7.62972958,13205553,104008674.05,0.8212,-1.0013,1608080005.0,12426311811.387506,2026-07-14
2021-06-10,sz.002099,海翔药业,7.7176522,7.63949876,7.73719056,7.6199604,13601460,106621046.11,0.8458,-1.1378,1608117758.0,12285213618.17498,2026-07-14
2021-06-11,sz.002099,海翔药业,7.65908786,7.66888209,7.7374417,7.57093979,13858739,108283834.31,0.8618,0.3846,1608115456.0,12332447819.170584,2026-07-14
2021-06-15,sz.002099,海翔药业,7.6394994,7.37505519,7.69826478,7.35546673,25756408,196504126.27,1.6017,-3.8314,1608066929.0,11859582350.588812,2026-07-14
2021-06-16,sz.002099,海翔药业,7.35546673,7.13999367,7.38484942,7.10081675,22974477,169137830.71,1.4287,-3.1873,1608068664.0,11481600081.885357,2026-07-14
2021-06-17,sz.002099,海翔药业,7.13999367,6.99308022,7.20855328,6.96369753,19432362,140156969.64,1.2084,-2.0576,1608106753.0,11245619526.052727,2026-07-14
2021-06-18,sz.002099,海翔药业,7.00287445,7.2477302,7.35546673,6.96369753,24463625,180410309.48,1.5213,3.6415,1608073687.0,11654884225.095247,2026-07-14
2021-06-21,sz.002099,海翔药业,7.2477302,7.26731866,7.3456725,7.17917059,16622877,123408828.56,1.0337,0.2703,1608094902.0,11686538088.35547,2026-07-14
2021-06-22,sz.002099,海翔药业,7.26731866,7.29670135,7.31628981,7.20855328,8971447,66676595.14,0.5579,0.4043,1608074386.0,11733638543.226622,2026-07-14
2021-06-23,sz.002099,海翔药业,7.31628981,7.69826478,7.72764747,7.30649558,30113838,233910819.82,1.8727,5.5034,1608043894.0,12379147673.874252,2026-07-14
2021-06-24,sz.002099,海翔药业,7.70805901,7.71785324,7.78641285,7.58073402,17753675,139237022.83,1.104,0.2545,1608122736.0,12411255268.355265,2026-07-14
2021-06-25,sz.002099,海翔药业,7.7374417,7.65908786,7.77661862,7.6394994,10636841,83445689.85,0.6615,-0.7614,1607988057.0,12315721806.393688,2026-07-14
2021-06-28,sz.002099,海翔药业,7.66888209,7.61011671,7.71785324,7.58073402,9722499,75847450.77,0.6046,-0.6394,1608087827.0,12237736043.40029,2026-07-14
2021-06-29,sz.002099,海翔药业,7.5415571,7.56114556,7.70805901,7.47299749,10017200,77612314.0,0.6229,-0.6435,1608155402.0,12159497077.622314,2026-07-14
2021-06-30,sz.002099,海翔药业,7.57093979,7.90394361,7.9333263,7.57093979,17728517,140911191.42,1.1025,4.5337,1608028753.0,12709768586.970617,2026-07-14
2021-07-01,sz.002099,海翔药业,7.9333263,7.9333263,8.09003398,7.81579554,19497788,158709456.15,1.2125,0.3717,1608064990.0,12757304277.276237,2026-07-14
2021-07-02,sz.002099,海翔药业,7.98229745,8.11941667,8.11941667,7.85497246,20038815,163688298.54,1.2462,2.3457,1607993500.0,13055969229.151644,2026-07-14
2021-07-05,sz.002099,海翔药业,8.18797628,8.49159741,8.56995125,8.17818205,31315168,269677208.03,1.9474,4.5838,1608050118.0,13654914217.158995,2026-07-14
2021-07-06,sz.002099,海翔药业,8.5209801,8.19777051,8.54056856,8.15859359,20117482,170451194.37,1.251,-3.4602,1608112070.0,13182933704.221056,2026-07-14
2021-07-07,sz.002099,海翔药业,8.14879936,7.88435515,8.17818205,7.82558977,22113643,179242217.95,1.3752,-3.8232,1608031050.0,12678287890.427408,2026-07-14
2021-07-08,sz.002099,海翔药业,7.88435515,7.89414938,8.01168014,7.76682439,12975467,104297706.46,0.8069,0.1242,1608063825.0,12694296047.124178,2026-07-14
2021-07-09,sz.002099,海翔药业,7.87456092,7.86476669,7.97250322,7.76682439,9290499,74587804.28,0.5777,-0.3722,1608187468.0,12648019229.601841,2026-07-14
2021-07-12,sz.002099,海翔药业,7.89414938,7.81579554,7.9333263,7.78641285,9768592,78257850.52,0.6075,-0.6227,1607998683.0,12567788934.917274,2026-07-14
2021-07-13,sz.002099,海翔药业,7.82558977,7.78641285,7.87456092,7.59052825,14142785,111715873.13,0.8795,-0.3759,1608048323.0,12520928125.628149,2026-07-14
2021-07-14,sz.002099,海翔药业,7.835384,7.53176287,7.84517823,7.51217441,13280781,103786692.89,0.8259,-3.2704,1608037414.0,12111356488.336018,2026-07-14
2021-07-15,sz.002099,海翔药业,7.42402634,7.61011671,7.61991094,7.19875905,12731198,96648147.18,0.7917,1.0403,1608083618.0,12237704012.419056,2026-07-14
2021-07-16,sz.002099,海翔药业,7.61011671,7.53176287,7.69826478,7.4436148,9104038,70232704.82,0.5662,-1.0296,1607919110.0,12110465450.661446,2026-07-14
2021-07-19,sz.002099,海翔药业,7.53176287,7.4436148,7.53176287,7.37505519,6003489,45512241.84,0.3733,-1.1704,1608221002.0,11970977652.15803,2026-07-14
2021-07-20,sz.002099,海翔药业,7.4436148,7.47299749,7.47299749,7.35546673,6244884,47231021.22,0.3883,0.3947,1608262683.0,12018542993.319666,2026-07-14
2021-07-21,sz.002099,海翔药业,7.49258595,7.95291476,7.98229745,7.4436148,18295088,145512958.31,1.1377,6.422,1608076646.0,12788896493.184694,2026-07-14
2021-07-22,sz.002099,海翔药业,7.98229745,7.9333263,8.0312686,7.85497246,9579411,77677306.92,0.5957,-0.2463,1608093168.0,12757527822.544718,2026-07-14
2021-07-23,sz.002099,海翔药业,7.89414938,7.70805901,7.91373784,7.61991094,10955101,86368209.67,0.6813,-2.8395,1607970204.0,12394329218.753738,2026-07-14
2021-07-26,sz.002099,海翔药业,7.68847055,7.56114556,7.70805901,7.51217441,7267379,56425834.62,0.4519,-1.906,1608183005.0,12159705787.923208,2026-07-14
2021-07-27,sz.002099,海翔药业,7.51217441,7.48279172,7.69826478,7.45340903,7370674,57050037.94,0.4584,-1.0363,1607913176.0,12031679399.851702,2026-07-14
2021-07-28,sz.002099,海翔药业,7.4436148,7.4436148,7.46320326,7.12040521,7478359,55883103.63,0.4651,-0.5236,1607903462.0,11968614006.714437,2026-07-14
2021-07-29,sz.002099,海翔药业,7.45340903,7.41423211,7.52196864,7.39464365,6451564,49072857.24,0.4012,-0.3947,1608066800.0,11922580503.58495,2026-07-14
2021-07-30,sz.002099,海翔药业,7.41423211,7.40443788,7.43382057,7.25752443,7314593,54948748.22,0.4549,-0.1321,1607956254.0,11906012196.500502,2026-07-14
2021-08-02,sz.002099,海翔药业,7.4436148,7.88435515,7.90394361,7.4436148,17022153,134216254.67,1.0586,6.4815,1607987247.0,12677942532.018772,2026-07-14
2021-08-03,sz.002099,海翔药业,7.86476669,7.87456092,7.9333263,7.76682439,10684325,85581464.4,0.6644,-0.1242,1608116346.0,12663210133.0248,2026-07-14
2021-08-04,sz.002099,海翔药业,7.90394361,7.94312053,8.01168014,7.80600131,9594793,77527006.93,0.5967,0.8706,1607976035.0,12772347455.356499,2026-07-14
2021-08-05,sz.002099,海翔药业,7.91373784,7.95291476,8.1292109,7.88435515,10911743,88973494.52,0.6786,0.1233,1607978632.0,12788116996.197409,2026-07-14
2021-08-06,sz.002099,海翔药业,8.0312686,8.14879936,8.26633012,7.90394361,15495818,128223176.84,0.9636,2.4631,1608117269.0,13104224972.432148,2026-07-14
2021-08-09,sz.002099,海翔药业,8.15859359,7.92353207,8.34468396,7.91373784,17074468,141693336.48,1.0618,-2.7644,1608068186.0,12741579842.517725,2026-07-14
2021-08-10,sz.002099,海翔药业,7.94312053,7.96270899,8.01168014,7.80600131,8353615,67804040.71,0.5195,0.4944,1608010587.0,12804120357.120077,2026-07-14
2021-08-11,sz.002099,海翔药业,8.0312686,8.17818205,8.2271532,7.89414938,17490751,145388920.39,1.0877,2.706,1608049186.0,13150918988.46231,2026-07-14
2021-08-12,sz.002099,海翔药业,8.1292109,8.78542431,8.87357238,8.10962244,46642011,410181813.29,2.9005,7.4251,1608067954.0,14127559295.203562,2026-07-14
2021-08-13,sz.002099,海翔药业,8.814807,9.03028006,9.25554735,8.67768778,34513410,318177834.46,2.1463,2.7871,1608042212.0,14521071522.661894,2026-07-14
2021-08-16,sz.002099,海翔药业,9.04986852,8.88336661,9.12822236,8.85398392,18506420,169366707.01,1.1509,-1.6269,1607995482.0,14284413373.829655,2026-07-14
2021-08-17,sz.002099,海翔药业,8.93233776,8.89316084,9.19678197,8.84418969,20871832,191807346.41,1.298,0.1103,1607999384.0,14300197152.532923,2026-07-14
2021-08-18,sz.002099,海翔药业,8.89316084,8.90295507,9.05966275,8.73645316,13764759,124917374.95,0.856,0.1101,1608032593.0,14316241926.574598,2026-07-14
2021-08-19,sz.002099,海翔药业,8.84418969,8.7168647,8.90295507,8.69727624,13652476,122500051.64,0.849,-2.0902,1608065489.0,14017289296.352339,2026-07-14
2021-08-20,sz.002099,海翔药业,8.69727624,8.58953971,8.78542431,8.49159741,13943624,122871325.48,0.8671,-1.4607,1608075654.0,13812629686.71722,2026-07-14
2021-08-23,sz.002099,海翔药业,8.64830509,8.87357238,8.99110314,8.44262626,15724863,140989794.57,0.9779,3.3067,1608023622.0,14268913998.566761,2026-07-14
2021-08-24,sz.002099,海翔药业,8.89316084,8.68748201,8.97151468,8.63851086,12854675,115078421.85,0.7994,-2.0971,1608040405.0,13969822089.790615,2026-07-14
2021-08-25,sz.002099,海翔药业,8.66789355,8.75604162,8.82460123,8.60912817,8823521,78776518.69,0.5487,0.7892,1608077456.0,14080393132.919718,2026-07-14
2021-08-26,sz.002099,海翔药业,8.75604162,8.54056856,8.76583585,8.53077433,11323761,99679524.03,0.7042,-2.4609,1608031951.0,13733507124.186062,2026-07-14
2021-08-27,sz.002099,海翔药业,8.55036279,8.24674166,8.56015702,8.19777051,18763428,159614098.94,1.1668,-3.4404,1608110045.0,13261668101.965975,2026-07-14
2021-08-30,sz.002099,海翔药业,8.2271532,8.06065129,8.24674166,8.05085706,12975701,107876878.13,0.8069,-2.2565,1608092824.0,12962275496.215342,2026-07-14
2021-08-31,sz.002099,海翔药业,8.02147437,8.08023975,8.26633012,7.95291476,13003284,107749676.89,0.8082,0.243,1608919079.0,13000451896.669191,2026-07-14
2021-09-01,sz.002099,海翔药业,8.08023975,8.01168014,8.10962244,7.91373784,10015212,81867293.42,0.6225,-0.8485,1608869398.0,12889747003.810354,2026-07-14
2021-09-02,sz.002099,海翔药业,8.04106283,7.77661862,8.08023975,7.69826478,17325320,138497567.91,1.0768,-2.934,1608963596.0,12512296259.555758,2026-07-14
2021-09-03,sz.002099,海翔药业,7.76682439,7.87456092,8.15859359,7.68847055,18396337,149285787.33,1.1434,1.2594,1608915253.0,12669501174.865713,2026-07-14
2021-09-06,sz.002099,海翔药业,7.78641285,7.60032248,7.81579554,7.36526096,31810606,246834110.93,1.9771,-3.4826,1608952810.0,12228560211.102169,2026-07-14
2021-09-07,sz.002099,海翔药业,7.50238018,7.57093979,7.80600131,7.45340903,18563665,143622984.92,1.1538,-0.3866,1608915323.0,12181001037.641401,2026-07-14
2021-09-08,sz.002099,海翔药业,7.55135133,7.86476669,7.92353207,7.49258595,21470507,169654073.35,1.3344,3.881,1609000824.0,12654416084.777752,2026-07-14
2021-09-09,sz.002099,海翔药业,7.86476669,7.72764747,7.90394361,7.69826478,11905284,94364571.83,0.7399,-1.7435,1609039600.0,12434090794.069813,2026-07-14
2021-09-10,sz.002099,海翔药业,7.7374417,7.71785324,7.78641285,7.53176287,17550452,136505310.42,1.0908,-0.1267,1608952329.0,12417657945.378197,2026-07-14
2021-09-13,sz.002099,海翔药业,7.72764747,7.6394994,7.75703016,7.60032248,10145136,79303913.18,0.6305,-1.0152,1609062014.0,12292428290.51579,2026-07-14
2021-09-14,sz.002099,海翔药业,7.6394994,7.61011671,7.67867632,7.5415571,9125590,70856863.4,0.5672,-0.3846,1608883992.0,12243794951.970705,2026-07-14
2021-09-15,sz.002099,海翔药业,7.59052825,7.49258595,7.59052825,7.46320326,10060229,76959398.94,0.6253,-1.5444,1608864385.0,12054554686.50639,2026-07-14
2021-09-16,sz.002099,海翔药业,7.49258595,7.4436148,7.53176287,7.30649558,12782332,96884430.72,0.7944,-0.6536,1609054884.0,11977184748.554684,2026-07-14
2021-09-17,sz.002099,海翔药业,7.40443788,7.38484942,7.41423211,7.20855328,10074869,75184825.16,0.6262,-0.7895,1608889971.0,11881410169.183167,2026-07-14
2021-09-22,sz.002099,海翔药业,7.33587827,7.49258595,7.49258595,7.27711289,5846221,44239395.49,0.3634,1.4589,1608756467.0,12053746101.615837,2026-07-14
2021-09-23,sz.002099,海翔药业,7.55135133,7.70805901,7.72764747,7.5415571,14781013,115453105.87,0.9187,2.8758,1608905301.0,12401537001.609812,2026-07-14
2021-09-24,sz.002099,海翔药业,7.68847055,7.55135133,7.68847055,7.52196864,6826808,52909887.69,0.4243,-2.033,1608957813.0,12149805721.11144,2026-07-14
2021-09-27,sz.002099,海翔药业,7.5415571,7.38484942,7.58073402,7.27711289,7017389,52965090.94,0.4361,-2.2049,1609123825.0,11883137145.759432,2026-07-14
2021-09-28,sz.002099,海翔药业,7.41423211,7.51217441,7.5415571,7.3456725,4832636,36875630.51,0.3004,1.7241,1608733688.0,12085088043.498524,2026-07-14
2021-09-29,sz.002099,海翔药业,7.45340903,7.35546673,7.51217441,7.35546673,5191602,39279652.1,0.3227,-2.086,1608801363.0,11833484900.725153,2026-07-14
2021-09-30,sz.002099,海翔药业,7.3456725,7.43382057,7.4436148,7.3456725,5015449,37826534.99,0.3117,1.0652,1609062881.0,11961484743.201262,2026-07-14
2021-10-08,sz.002099,海翔药业,7.46320326,7.53176287,7.57093979,7.46320326,5743553,44040191.94,0.357,1.3175,1608838375.0,12117389136.656136,2026-07-14
2021-10-11,sz.002099,海翔药业,7.57093979,7.68847055,7.74723593,7.55135133,8699299,68007533.34,0.5407,2.0806,1608895691.0,12369947138.2754,2026-07-14
2021-10-12,sz.002099,海翔药业,7.69826478,7.64929363,7.72764747,7.55135133,9001117,70106850.85,0.5594,-0.5096,1609066321.0,12308220759.472836,2026-07-14
2021-10-13,sz.002099,海翔药业,7.69826478,7.70805901,7.75703016,7.6394994,6205400,48843286.0,0.3857,0.7682,1608866995.0,12401241736.701376,2026-07-14
2021-10-14,sz.002099,海翔药业,7.71785324,7.99209168,8.06065129,7.65908786,18278933,148054944.49,1.1361,3.6849,1608919373.0,12858631134.744116,2026-07-14
2021-10-15,sz.002099,海翔药业,8.08023975,8.24674166,8.28591858,7.97250322,17058175,142032981.47,1.0602,3.1863,1608958215.0,13268662740.839737,2026-07-14
2021-10-18,sz.002099,海翔药业,8.24674166,8.05085706,8.30550704,7.96270899,12220862,101225770.78,0.7596,-2.3753,1608854924.0,12952661023.401163,2026-07-14
2021-10-19,sz.002099,海翔药业,8.09982821,8.0312686,8.10962244,7.87456092,7924600,64589219.0,0.4925,-0.2433,1609055838.0,12922759627.376087,2026-07-14
2021-10-20,sz.002099,海翔药业,8.0312686,8.21735897,8.34468396,7.91373784,11605024,96642057.16,0.7213,2.3171,1608903923.0,13220941083.532238,2026-07-14
2021-10-21,sz.002099,海翔药业,8.17818205,8.08023975,8.2271532,8.00188591,11814460,97895921.04,0.7343,-1.6687,1608941849.0,13000635883.728298,2026-07-14
2021-10-22,sz.002099,海翔药业,8.05085706,7.86476669,8.20756474,7.835384,6523419,52876943.52,0.4054,-2.6667,1609131475.0,12655443624.410568,2026-07-14
2021-10-25,sz.002099,海翔药业,7.88435515,7.82558977,7.99209168,7.81579554,9040182,72809043.6,0.5619,-0.4981,1608859584.0,12590275101.916855,2026-07-14
2021-10-26,sz.002099,海翔药业,7.76682439,7.82558977,7.90394361,7.75703016,5685876,45377550.76,0.3534,0.0,1608906621.0,12590643194.182867,2026-07-14
2021-10-27,sz.002099,海翔药业,7.77661862,7.67867632,7.82558977,7.51217441,9354739,73052975.17,0.5814,-1.8773,1609002236.0,12355007368.400251,2026-07-14
2021-10-28,sz.002099,海翔药业,7.68847055,7.60032248,7.76682439,7.5415571,3391187,26351249.77,0.2108,-1.0204,1608722486.0,12226809674.427286,2026-07-14
2021-10-29,sz.002099,海翔药业,7.64929363,7.61991094,7.66888209,7.5415571,4315102,33501976.48,0.2682,0.2577,1608912006.0,12259766196.016745,2026-07-14
2021-11-01,sz.002099,海翔药业,7.68847055,7.58073402,7.69826478,7.46320326,6109500,47051046.0,0.3797,-0.5141,1609033447.0,12197654590.990768,2026-07-14
2021-11-02,sz.002099,海翔药业,7.59052825,7.64929363,7.69826478,7.50238018,6138800,47725239.38,0.3815,0.9044,1609121887.0,12308645800.122679,2026-07-14
2021-11-03,sz.002099,海翔药业,7.64929363,7.59052825,7.69826478,7.52196864,4043531,31277544.77,0.2513,-0.7682,1609045364.0,12213504290.973534,2026-07-14
2021-11-04,sz.002099,海翔药业,7.59052825,7.7374417,7.7374417,7.57093979,5953807,46539743.51,0.37,1.9355,1609137027.0,12450603933.723825,2026-07-14
2021-11-05,sz.002099,海翔药业,7.7374417,7.92353207,7.96270899,7.71785324,9680768,77809786.01,0.6017,2.4051,1608902775.0,12748192735.224495,2026-07-14
2021-11-08,sz.002099,海翔药业,7.91373784,7.89414938,8.00188591,7.78641285,7929224,63874482.12,0.4928,-0.3708,1609014610.0,12701801685.942442,2026-07-14
2021-11-09,sz.002099,海翔药业,7.91373784,7.79620708,7.91373784,7.76682439,4376340,34976965.78,0.272,-1.2407,1608948529.0,12543695913.145386,2026-07-14
2021-11-10,sz.002099,海翔药业,7.88435515,7.81579554,7.88435515,7.72764747,5101286,40619764.38,0.3171,0.2513,1608731000.0,12573512574.85974,2026-07-14
2021-11-11,sz.002099,海翔药业,7.78641285,7.79620708,7.88435515,7.75703016,4206402,33532325.98,0.2614,-0.2506,1609182096.0,12545516849.84444,2026-07-14
2021-11-12,sz.002099,海翔药业,7.77661862,7.80600131,7.835384,7.68847055,5866582,46492179.55,0.3646,0.1256,1609046078.0,12560215792.718363,2026-07-14
2021-11-15,sz.002099,海翔药业,7.77661862,7.86476669,8.0312686,7.75703016,8607560,69362494.52,0.535,0.7528,1608889720.0,12653542277.739426,2026-07-14
2021-11-16,sz.002099,海翔药业,7.85497246,7.87456092,7.9333263,7.79620708,4423858,35450773.66,0.275,0.1245,1608675636.0,12667614296.201746,2026-07-14
2021-11-17,sz.002099,海翔药业,7.87456092,7.92353207,7.98229745,7.81579554,6380022,51536142.72,0.3965,0.6219,1609084994.0,12749636553.314758,2026-07-14
2021-11-18,sz.002099,海翔药业,7.91373784,7.71785324,7.92353207,7.69826478,7390352,58797492.0,0.4593,-2.5958,1609046810.0,12418387135.870165,2026-07-14
2021-11-19,sz.002099,海翔药业,7.71785324,7.60032248,7.71785324,7.5415571,8498860,65805877.8,0.5282,-1.5228,1609023097.0,12229094414.96832,2026-07-14
2021-11-22,sz.002099,海翔药业,7.59052825,7.64929363,7.66888209,7.57093979,5378102,41895609.52,0.3343,0.6443,1608765181.0,12305917251.189096,2026-07-14
2021-11-23,sz.002099,海翔药业,7.64929363,7.64929363,7.68847055,7.5415571,6648702,51661178.58,0.4132,0.0,1609075992.0,12308294735.79153,2026-07-14
2021-11-24,sz.002099,海翔药业,7.62970517,7.6394994,7.66888209,7.56114556,4898260,38057186.04,0.3044,-0.128,1609152431.0,12293119031.133041,2026-07-14
2021-11-25,sz.002099,海翔药业,7.6394994,7.66888209,7.71785324,7.59052825,7682617,60035199.48,0.4775,0.3846,1608925026.0,12338656316.044186,2026-07-14
2021-11-26,sz.002099,海翔药业,7.6394994,7.62970517,7.68847055,7.58073402,4661740,36241909.9,0.2897,-0.5109,1609161201.0,12277425534.63311,2026-07-14
2021-11-29,sz.002099,海翔药业,7.77661862,7.68847055,7.82558977,7.6394994,8475283,66707067.13,0.5268,0.7702,1608823652.0,12369393268.545448,2026-07-14
2021-11-30,sz.002099,海翔药业,7.69826478,7.62970517,7.77661862,7.58073402,6812083,53130495.45,0.4234,-0.7643,1608900094.0,12275433365.205286,2026-07-14
2021-12-01,sz.002099,海翔药业,7.75703016,7.69826478,7.75703016,7.61991094,5716188,44846182.95,0.3553,0.8986,1608834225.0,12385231851.176096,2026-07-14
2021-12-02,sz.002099,海翔药业,7.61011671,7.61011671,7.68847055,7.58073402,5463447,42585400.16,0.3396,-1.145,1608788869.0,12243071054.838902,2026-07-14
2021-12-03,sz.002099,海翔药业,7.61991094,7.60032248,7.65908786,7.51217441,7112032,54937125.66,0.442,-0.1287,1609057014.0,12229352195.105875,2026-07-14
2021-12-06,sz.002099,海翔药业,7.60032248,7.67867632,7.835384,7.5415571,11153384,87494358.93,0.6932,1.0309,1608970571.0,12354764223.114578,2026-07-14
2021-12-07,sz.002099,海翔药业,7.68847055,7.64929363,7.72764747,7.61991094,3792368,29639263.24,0.2357,-0.3827,1608980908.0,12307567410.356016,2026-07-14
2021-12-08,sz.002099,海翔药业,7.68847055,7.67867632,7.70805901,7.6394994,5173530,40553988.9,0.3215,0.3841,1609185070.0,12356411291.506542,2026-07-14
2021-12-09,sz.002099,海翔药业,7.67867632,7.66888209,7.71785324,7.6394994,4221711,33032993.02,0.2624,-0.1276,1608883765.0,12338339890.30027,2026-07-14
2021-12-10,sz.002099,海翔药业,7.66888209,7.71785324,7.77661862,7.64929363,7778391,61208091.05,0.4834,0.6386,1609100331.0,12418800203.093422,2026-07-14
2021-12-13,sz.002099,海翔药业,7.71785324,7.69826478,7.81579554,7.65908786,9054541,71296646.26,0.5628,-0.2538,1608838131.0,12385261920.598326,2026-07-14
2021-12-14,sz.002099,海翔药业,7.69826478,7.64929363,7.69826478,7.61011671,5679000,44334185.7,0.353,-0.6361,1608781870.0,12306044910.250488,2026-07-14
2021-12-15,sz.002099,海翔药业,7.64929363,7.6394994,7.69826478,7.61011671,4844500,37812558.92,0.3011,-0.128,1608933909.0,12291449632.445154,2026-07-14
2021-12-16,sz.002099,海翔药业,7.62970517,7.68847055,7.68847055,7.60032248,5178272,40435900.34,0.3218,0.641,1609158484.0,12371967614.516645,2026-07-14
2021-12-17,sz.002099,海翔药业,7.69826478,7.60032248,7.69826478,7.60032248,4194980,32665341.2,0.2607,-1.1465,1609121596.0,12229843039.132278,2026-07-14
2021-12-20,sz.002099,海翔药业,7.60032248,7.64929363,7.67867632,7.57093979,6305852,49142387.09,0.3919,0.6443,1609046185.0,12308066733.2963,2026-07-14
2021-12-21,sz.002099,海翔药业,7.67867632,7.65908786,7.67867632,7.60032248,3796900,29599460.73,0.236,0.128,1608855932.0,12322368937.270185,2026-07-14
2021-12-22,sz.002099,海翔药业,7.65908786,8.15859359,8.25653589,7.61011671,27080123,220815630.08,1.6831,6.5217,1608943200.0,13126713678.19409,2026-07-14
2021-12-23,sz.002099,海翔药业,8.23694743,8.35447819,8.50139164,8.18797628,26593934,227811521.44,1.6529,2.401,1608925767.0,13441735229.730522,2026-07-14
2021-12-24,sz.002099,海翔药业,8.33488973,8.08023975,8.40344934,8.0312686,14976587,125038148.34,0.9308,-3.2825,1609001612.0,13001118783.096478,2026-07-14
2021-12-27,sz.002099,海翔药业,8.14879936,8.1292109,8.23694743,8.09003398,12980100,108019003.0,0.8067,0.6061,1609036817.0,13080199631.257706,2026-07-14
2021-12-28,sz.002099,海翔药业,8.10962244,7.97250322,8.13900513,7.94312053,8561900,69899341.5,0.5321,-1.9277,1609077241.0,12828373485.101215,2026-07-14
2021-12-29,sz.002099,海翔药业,7.98229745,7.95291476,8.1292109,7.9333263,6528000,53226878.0,0.4057,-0.2457,1609070742.0,12796802453.935951,2026-07-14
2021-12-30,sz.002099,海翔药业,8.00188591,8.01168014,8.02147437,7.88435515,7209544,58527428.1,0.4481,0.7389,1608914082.0,12890104997.72573,2026-07-14
2021-12-31,sz.002099,海翔药业,7.98229745,8.07044552,8.1292109,7.97250322,7678996,63099028.56,0.4773,0.7335,1608840561.0,12984060097.916737,2026-07-14
2022-01-04,sz.002099,海翔药业,8.17818205,8.11941667,8.27612435,8.09982821,16709374,139573432.37,1.0385,0.6068,1608991237.0,13064070271.58172,2026-07-14
2022-01-05,sz.002099,海翔药业,8.08023975,7.9333263,8.09982821,7.89414938,8116100,66054876.0,0.5044,-2.2919,1609060270.0,12765200158.2761,2026-07-14
2022-01-06,sz.002099,海翔药业,7.88435515,8.06065129,8.08023975,7.87456092,7805450,63573314.5,0.4851,1.6049,1609039373.0,12969905297.63324,2026-07-14
2022-01-07,sz.002099,海翔药业,7.98229745,7.98229745,8.15859359,7.94312053,9600157,79086671.91,0.5967,-0.9721,1608874979.0,12842518642.240503,2026-07-14
2022-01-10,sz.002099,海翔药业,8.01168014,8.07044552,8.08023975,7.88435515,6428300,52562501.0,0.3995,1.1043,1609086358.0,12986043789.214216,2026-07-14
2022-01-11,sz.002099,海翔药业,8.05085706,8.06065129,8.16838782,8.0312686,6527744,53950385.18,0.4057,-0.1214,1609007641.0,12969649517.046505,2026-07-14
2022-01-12,sz.002099,海翔药业,8.09003398,8.15859359,8.20756474,8.04106283,8263658,68661593.43,0.5136,1.2151,1608967679.0,13126913392.406578,2026-07-14
2022-01-13,sz.002099,海翔药业,8.15859359,8.05085706,8.21735897,8.01168014,10110567,83737816.75,0.6284,-1.3205,1608938097.0,12953330637.335415,2026-07-14
2022-01-14,sz.002099,海翔药业,8.00188591,8.21735897,8.31530127,7.97250322,14729951,123032504.36,0.9155,2.0681,1608951502.0,13221332057.254671,2026-07-14
2022-01-17,sz.002099,海翔药业,8.25653589,8.30550704,8.41324357,8.18797628,14976314,127078821.54,0.9308,1.0727,1608972282.0,13363330615.315866,2026-07-14
2022-01-18,sz.002099,海翔药业,8.3250955,8.09982821,8.37406665,8.04106283,11226416,93441692.04,0.6977,-2.4764,1609060628.0,13033114666.274715,2026-07-14
2022-01-19,sz.002099,海翔药业,8.09982821,8.11941667,8.21735897,8.08023975,9358718,77775000.04,0.5817,0.2418,1608856455.0,13062975920.364105,2026-07-14
2022-01-20,sz.002099,海翔药业,8.1292109,8.0312686,8.26633012,8.0312686,11919876,99169031.87,0.7408,-1.0856,1609054536.0,12922749170.664371,2026-07-14
2022-01-21,sz.002099,海翔药业,8.06065129,7.94312053,8.1292109,7.90394361,8664736,70804284.2,0.5385,-1.0976,1609050325.0,12780880670.310673,2026-07-14
2022-01-24,sz.002099,海翔药业,7.98229745,7.70805901,7.98229745,7.6394994,11150500,88348637.0,0.693,-2.9593,1609018759.0,12402411542.56897,2026-07-14
2022-01-25,sz.002099,海翔药业,7.70805901,7.28690712,7.70805901,7.21834751,13503363,102933060.77,0.8393,-5.4638,1608883951.0,11723787917.795631,2026-07-14
2022-01-26,sz.002099,海翔药业,7.28690712,7.23793597,7.51217441,7.13019944,9433216,69974449.11,0.5863,-0.672,1608940133.0,11645405662.217283,2026-07-14
2022-01-27,sz.002099,海翔药业,7.2477302,7.11061098,7.27711289,7.0518456,7505221,54615441.73,0.4665,-1.7591,1608836227.0,11439808540.727972,2026-07-14
2022-01-28,sz.002099,海翔药业,7.1497879,7.31628981,7.32608404,7.10081675,5153552,38035153.92,0.3203,2.8926,1608976584.0,11771738986.04781,2026-07-14
2022-02-07,sz.002099,海翔药业,7.42402634,7.65908786,7.68847055,7.31628981,9659190,74567381.66,0.6003,4.6854,1609060470.0,12323935511.782894,2026-07-14
2022-02-08,sz.002099,海翔药业,7.65908786,7.68847055,7.85497246,7.42402634,7979895,63085236.86,0.496,0.3836,1608849798.0,12369594291.29645,2026-07-14
2022-02-09,sz.002099,海翔药业,7.70805901,7.69826478,7.72764747,7.59052825,5155457,40327398.27,0.3204,0.1274,1609068976.0,12387039026.531466,2026-07-14
2022-02-10,sz.002099,海翔药业,7.69826478,7.69826478,7.76682439,7.64929363,3103252,24427799.72,0.1929,0.0,1608736133.0,12384476712.987295,2026-07-14
2022-02-11,sz.002099,海翔药业,7.7374417,7.48279172,7.7374417,7.46320326,6008048,46358343.13,0.3734,-2.799,1609011248.0,12039896043.921267,2026-07-14
2022-02-14,sz.002099,海翔药业,7.51217441,7.46320326,7.61011671,7.41423211,4598746,35250372.44,0.2858,-0.2618,1609078376.0,12008878981.358706,2026-07-14
2022-02-15,sz.002099,海翔药业,7.4436148,7.29670135,7.47299749,7.2477302,11023328,82512071.84,0.6851,-2.231,1609010072.0,11740465964.525997,2026-07-14
2022-02-16,sz.002099,海翔药业,7.28690712,6.67966486,7.37505519,6.64048794,53255269,372507133.67,3.3099,-8.4564,1608969123.0,10747374511.728117,2026-07-14
2022-02-17,sz.002099,海翔药业,6.5621341,6.35645527,6.5621341,6.18015913,38746719,250360114.6,2.4082,-4.8387,1608949381.0,10227214772.020687,2026-07-14
2022-02-18,sz.002099,海翔药业,6.32707258,6.54254564,6.64048794,6.2683072,24525796,162363183.15,1.5243,2.9276,1608987470.0,10526873956.663132,2026-07-14
2022-02-21,sz.002099,海翔药业,6.61110525,6.61110525,6.67966486,6.53275141,13256607,89256340.37,0.8239,1.0479,1609006797.0,10637313282.932384,2026-07-14
2022-02-22,sz.002099,海翔药业,6.57192833,6.4641918,6.58172256,6.4641918,11057517,73413303.91,0.6872,-2.2222,1609068248.0,10401325774.361967,2026-07-14
2022-02-23,sz.002099,海翔药业,6.44460334,6.39563219,6.47398603,6.3662495,15646402,102393915.86,0.9725,-1.0606,1608884524.0,10289833651.687227,2026-07-14
2022-02-24,sz.002099,海翔药业,6.39563219,6.24871874,6.49357449,6.20954182,18599586,120257156.1,1.156,-2.2971,1608960727.0,10053943046.728924,2026-07-14
2022-02-25,sz.002099,海翔药业,6.28789566,6.37604373,6.48378026,6.27810143,11795190,77154588.96,0.7331,2.0376,1608946938.0,10258716035.9376,2026-07-14
2022-02-28,sz.002099,海翔药业,6.38583796,6.5621341,6.57192833,6.2683072,18552311,122621465.0,1.1531,2.9186,1608907380.0,10557865982.039658,2026-07-14
2022-03-01,sz.002099,海翔药业,6.58172256,6.53275141,6.63069371,6.49357449,9028920,60408887.0,0.5612,-0.4478,1608859587.0,10510279735.466269,2026-07-14
2022-03-02,sz.002099,海翔药业,6.44460334,6.57192833,6.58172256,6.44460334,7222028,48216745.0,0.4489,0.5997,1608827801.0,10573101003.483503,2026-07-14
2022-03-03,sz.002099,海翔药业,6.59151679,6.55233987,6.61110525,6.52295718,5898475,39525885.0,0.3666,-0.2981,1608967540.0,10542502161.87782,2026-07-14
2022-03-04,sz.002099,海翔药业,6.5621341,6.54254564,6.67966486,6.52295718,9139643,61541810.0,0.568,-0.1495,1609092077.0,10527558352.734894,2026-07-14
2022-03-07,sz.002099,海翔药业,6.51316295,6.41522065,6.59151679,6.37604373,7162323,47317745.0,0.4452,-1.9461,1608787736.0,10320728305.453949,2026-07-14
2022-03-08,sz.002099,海翔药业,6.40542642,6.25851297,6.44460334,6.22913028,7278353,46981073.0,0.4524,-2.4427,1608831344.0,10068891832.966532,2026-07-14
2022-03-09,sz.002099,海翔药业,6.27810143,6.13118798,6.3662495,5.85694954,11066220,68706574.0,0.6878,-2.0344,1608929921.0,9864651792.29755,2026-07-14
2022-03-10,sz.002099,海翔药业,6.25851297,6.34666104,6.35645527,6.18995336,6992503,44910967.0,0.4346,3.5144,1608951450.0,10211469482.966507,2026-07-14
2022-03-11,sz.002099,海翔药业,6.33686681,6.98328599,6.98328599,6.27810143,36238298,253752654.0,2.2523,10.0309,1608946322.0,11235732309.08463,2026-07-14
2022-03-14,sz.002099,海翔药业,7.08122829,6.97349176,7.13999367,6.6600764,47876513,341078240.0,2.9756,-0.1403,1608970056.0,11220139427.60274,2026-07-14
2022-03-15,sz.002099,海翔药业,6.9539033,6.67966486,7.0518456,6.67966486,23725117,166445426.0,1.4746,-4.2135,1608918825.0,10747038537.94499,2026-07-14
2022-03-16,sz.002099,海翔药业,6.79719562,6.65028217,6.84616677,6.37604373,21274938,143384377.0,1.3223,-0.4399,1608934281.0,10699866961.636068,2026-07-14
2022-03-17,sz.002099,海翔药业,6.6600764,6.71884178,7.02246291,6.6600764,19000260,132227813.0,1.1809,1.0309,1608964349.0,10810376890.591702,2026-07-14
2022-03-18,sz.002099,海翔药业,6.74822447,6.77760716,6.94410907,6.61110525,17573158,120974441.48,1.0922,0.8746,1608968870.0,10904958933.529108,2026-07-14
2022-03-21,sz.002099,海翔药业,6.73843024,6.70904755,6.81678408,6.60131102,17931518,122440821.36,1.1145,-1.0116,1608929385.0,10794383748.557257,2026-07-14
2022-03-22,sz.002099,海翔药业,6.69925332,6.63069371,6.69925332,6.52295718,11188220,75402653.1,0.6954,-1.1679,1608889848.0,10668055795.216455,2026-07-14
2022-03-23,sz.002099,海翔药业,6.62089948,6.64048794,6.91472638,6.58172256,13985646,95934193.0,0.8692,0.1477,1609025081.0,10684711645.538023,2026-07-14
2022-03-24,sz.002099,海翔药业,6.59151679,6.71884178,6.78740139,6.53275141,16183022,110656593.53,1.0058,1.1799,1608970173.0,10810416021.126228,2026-07-14
2022-03-25,sz.002099,海翔药业,6.73843024,6.64048794,6.76781293,6.62089948,11417486,77895558.79,0.7096,-1.1662,1609003100.0,10684565680.972614,2026-07-14
2022-03-28,sz.002099,海翔药业,6.59151679,6.65028217,6.74822447,6.54254564,15602992,105725656.6,0.9698,0.1475,1608887606.0,10699556559.715784,2026-07-14
2022-03-29,sz.002099,海翔药业,6.65028217,6.73843024,6.74822447,6.55233987,12763802,86903803.03,0.7933,1.3255,1608950208.0,10841798736.24149,2026-07-14
2022-03-30,sz.002099,海翔药业,6.855961,6.73843024,6.93431484,6.70904755,13569166,93962320.38,0.8434,0.0,1608864833.0,10841223442.759748,2026-07-14
2022-03-31,sz.002099,海翔药业,6.62089948,7.07143406,7.10081675,6.59151679,32907237,234816909.89,2.0453,4.9419,1608919816.0,11377370386.671333,2026-07-14
2022-04-01,sz.002099,海翔药业,7.01266868,6.91472638,7.08122829,6.88534369,14799207,105253678.75,0.9198,-2.2161,1608959230.0,11125512832.025488,2026-07-14
2022-04-06,sz.002099,海翔药业,7.00287445,7.3456725,7.61011671,6.92452061,51415846,385859625.56,3.1956,6.2323,1608957504.0,11818874890.80144,2026-07-14
2022-04-07,sz.002099,海翔药业,7.4436148,7.65908786,8.01168014,7.35546673,61002254,474530226.53,3.7914,4.2667,1608963813.0,12323195207.32761,2026-07-14
2022-04-08,sz.002099,海翔药业,7.49258595,7.3456725,7.62970517,7.0518456,36920221,276092091.66,2.2947,-4.0921,1608934545.0,11818706241.506512,2026-07-14
2022-04-11,sz.002099,海翔药业,7.2477302,6.855961,7.32608404,6.83637254,23562670,169463775.92,1.4645,-6.6667,1608922499.0,11030709905.166538,2026-07-14
2022-04-12,sz.002099,海翔药业,6.87554946,6.98328599,6.99308022,6.7580187,18148314,127815718.5,1.128,1.8571,1608893085.0,11235360539.888378,2026-07-14
2022-04-13,sz.002099,海翔药业,6.90493215,6.7580187,6.92452061,6.63069371,16478600,113676057.11,1.0242,-3.2258,1608924038.0,10873138735.68351,2026-07-14
2022-04-14,sz.002099,海翔药业,6.80698985,6.64048794,6.83637254,6.63069371,12351086,84681790.4,0.7676,-1.7391,1609052371.0,10684892864.453905,2026-07-14
2022-04-15,sz.002099,海翔药业,6.61110525,6.65028217,6.71884178,6.45439757,11419041,76810100.63,0.7097,0.1475,1608995491.0,10700274025.407696,2026-07-14
2022-04-18,sz.002099,海翔药业,6.60131102,6.37604373,6.60131102,6.3662495,13702106,90674179.63,0.8516,-4.1237,1608983795.0,10258951037.781355,2026-07-14
2022-04-19,sz.002099,海翔药业,6.39563219,6.34666104,6.50336872,6.32707258,10724721,70017294.41,0.6666,-0.4608,1608869037.0,10210946435.590218,2026-07-14
2022-04-20,sz.002099,海翔药业,6.34666104,6.15077644,6.38583796,6.15077644,13564918,86614884.91,0.8431,-3.0864,1608933460.0,9896190019.295681,2026-07-14
2022-04-21,sz.002099,海翔药业,6.18015913,5.98427453,6.2683072,5.9744803,13502270,84222387.7,0.8392,-2.707,1608945424.0,9628371121.003252,2026-07-14
2022-04-22,sz.002099,海翔药业,5.98427453,6.03324568,6.06262837,5.88633223,10620893,65009256.81,0.6601,0.8183,1608982427.0,9707386276.893665,2026-07-14
2022-04-25,sz.002099,海翔药业,6.05283414,6.13118798,6.21933605,5.98427453,21001774,131155938.22,1.3053,1.6234,1608961465.0,9864845194.49119,2026-07-14
2022-04-26,sz.002099,海翔药业,6.18015913,5.94509761,6.21933605,5.73941878,18910145,115670880.43,1.1753,-3.0351,1608963243.0,9565443530.53715,2026-07-14
2022-04-27,sz.002099,海翔药业,5.84715531,6.14098221,6.1703649,5.79818416,13647112,83371235.9,0.8482,3.2949,1608949776.0,9880531951.199484,2026-07-14
2022-04-28,sz.002099,海翔药业,6.08221683,6.02345145,6.1703649,5.9744803,9781747,60538829.11,0.608,-1.9139,1608839967.0,9690769432.044102,2026-07-14
2022-04-29,sz.002099,海翔药业,6.0724226,6.1703649,6.19974759,6.06262837,9825685,61722103.72,0.6107,2.439,1608921729.0,9927634163.468912,2026-07-14
2022-05-05,sz.002099,海翔药业,6.15077644,6.34666104,6.40542642,6.11159952,10377100,66857379.0,0.645,2.8571,1608852713.0,10210842832.695402,2026-07-14
2022-05-06,sz.002099,海翔药业,6.21933605,6.29768989,6.34666104,6.1703649,7469052,47897671.36,0.4642,-0.7716,1609015941.0,10133083424.484537,2026-07-14
2022-05-09,sz.002099,海翔药业,6.3662495,6.44460334,6.49357449,6.32707258,10775271,70603703.64,0.6697,2.3328,1608969837.0,10369172385.489454,2026-07-14
2022-05-10,sz.002099,海翔药业,6.44460334,6.92452061,7.09102252,6.39563219,31219798,219214275.11,1.9404,7.4468,1608936199.0,11141111870.150562,2026-07-14
2022-05-11,sz.002099,海翔药业,6.86575523,6.59151679,7.02246291,6.5621341,26364561,182332738.73,1.6386,-4.8091,1608968693.0,10605544154.493856,2026-07-14
2022-05-12,sz.002099,海翔药业,6.49357449,6.7580187,6.79719562,6.48378026,15882172,108923944.36,0.9871,2.526,1608972951.0,10873469290.652184,2026-07-14
2022-05-13,sz.002099,海翔药业,6.80698985,7.01266868,7.0518456,6.80698985,24408498,173698636.74,1.517,3.7681,1608997891.0,11283369116.401754,2026-07-14
2022-05-16,sz.002099,海翔药业,7.06163983,6.91472638,7.23793597,6.90493215,16438264,117674481.27,1.0217,-1.3966,1608912988.0,11125193081.248224,2026-07-14
2022-05-17,sz.002099,海翔药业,6.855961,6.81678408,6.91472638,6.73843024,11874366,82464813.36,0.738,-1.4164,1608992683.0,10968155706.310886,2026-07-14
2022-05-18,sz.002099,海翔药业,6.84616677,6.82657831,6.93431484,6.78740139,8632991,60481988.01,0.5366,0.1437,1608831718.0,10982815710.538837,2026-07-14
2022-05-19,sz.002099,海翔药业,6.83637254,7.13019944,7.25752443,6.78740139,23341001,168264567.27,1.4507,4.4476,1608947474.0,11472116378.104216,2026-07-14
2022-05-20,sz.002099,海翔药业,7.11061098,6.9539033,7.21834751,6.90493215,19733580,140925600.95,1.2265,-2.4725,1608934366.0,11188373997.210808,2026-07-14
2022-05-23,sz.002099,海翔药业,7.04205137,6.97349176,7.06163983,6.86575523,10051684,71277237.68,0.6247,0.2817,1609041780.0,11220639594.325733,2026-07-14
2022-05-24,sz.002099,海翔药业,6.93431484,6.67966486,6.99308022,6.6600764,12928655,90467652.12,0.8035,-4.2135,1609042315.0,10747863409.75855,2026-07-14
2022-05-25,sz.002099,海翔药业,6.68960654,6.7591864,6.81882628,6.68960654,7371216,50116139.64,0.4581,1.1905,1609084479.0,10876101926.907885,2026-07-14
2022-05-26,sz.002099,海翔药业,6.78900634,6.79894632,6.8088863,6.6597866,6294964,42715758.33,0.3912,0.5882,1609142127.0,10940470942.723621,2026-07-14
2022-05-27,sz.002099,海翔药业,6.79894632,6.69954652,6.81882628,6.67966656,6646977,45047193.21,0.4131,-1.462,1609047930.0,10779891459.944704,2026-07-14
2022-05-30,sz.002099,海翔药业,6.68960654,6.66972658,6.7591864,6.63990664,6613416,44463622.73,0.411,-0.4451,1609103650.0,10732281384.380016,2026-07-14
2022-05-31,sz.002099,海翔药业,6.66972658,6.73930644,6.7591864,6.5603868,6529520,43808821.63,0.4058,1.0432,1609048793.0,10843872892.939127,2026-07-14
2022-06-01,sz.002099,海翔药业,6.7094865,6.82876626,6.83870624,6.68960654,6176311,41972525.47,0.3839,1.3274,1608833290.0,10986346488.716795,2026-07-14
2022-06-02,sz.002099,海翔药业,6.83870624,6.67966656,6.83870624,6.63990664,7007568,47240140.92,0.4355,-2.1834,1609085649.0,10748155601.801197,2026-07-14
2022-06-06,sz.002099,海翔药业,6.68960654,6.68960654,6.71942648,6.62002668,8738600,58707264.0,0.5431,0.1488,1609022280.0,10763725967.29371,2026-07-14
2022-06-07,sz.002099,海翔药业,6.69954652,6.82876626,6.83870624,6.64984662,8956334,60644249.7,0.5567,2.0802,1608825939.0,10986296290.456018,2026-07-14
2022-06-08,sz.002099,海翔药业,6.8088863,6.71942648,6.82876626,6.67966656,7553800,51301313.0,0.4695,-1.6012,1608903088.0,10810906013.260971,2026-07-14
2022-06-09,sz.002099,海翔药业,6.7591864,6.69954652,6.78900634,6.6597866,7085800,47811393.5,0.4404,-0.2959,1608946412.0,10779211335.381086,2026-07-14
2022-06-10,sz.002099,海翔药业,6.66972658,6.71942648,6.76912638,6.66972658,6486836,43854709.36,0.4032,0.2967,1608838294.0,10810470634.741625,2026-07-14
2022-06-13,sz.002099,海翔药业,6.66972658,6.76912638,6.76912638,6.6597866,6175864,41689541.17,0.3838,0.7396,1609136008.0,10892445000.76069,2026-07-14
2022-06-14,sz.002099,海翔药业,6.74924642,6.69954652,6.74924642,6.57032678,7016021,47005515.79,0.4361,-1.0279,1608810135.0,10778298341.27998,2026-07-14
2022-06-15,sz.002099,海翔药业,6.72936646,6.77906636,6.81882628,6.6100867,8000655,54405791.33,0.4973,1.1869,1608818621.0,10906288192.962688,2026-07-14
2022-06-16,sz.002099,海翔药业,6.76912638,6.81882628,6.88840614,6.71942648,6799890,46570865.7,0.4226,0.5865,1609060577.0,10971904548.559563,2026-07-14
2022-06-17,sz.002099,海翔药业,6.81882628,6.77906636,6.8585862,6.7094865,6104443,41660695.44,0.3794,-0.5831,1608972852.0,10907333735.146458,2026-07-14
2022-06-20,sz.002099,海翔药业,6.77906636,6.97786596,7.0076859,6.73930644,12032420,83512522.7,0.7478,2.9326,1609042525.0,11227683063.38995,2026-07-14
2022-06-21,sz.002099,海翔药业,6.97786596,7.0573858,7.1567856,6.93810604,12860625,91528654.5,0.7993,1.1396,1608985988.0,11355234864.11017,2026-07-14
2022-06-22,sz.002099,海翔药业,7.01762588,6.99774592,7.13690564,6.957986,7847574,55682367.62,0.4877,-0.8451,1609098626.0,11260063344.969105,2026-07-14
2022-06-23,sz.002099,海翔药业,6.957986,6.92816606,7.03750584,6.88840614,7545975,52678718.5,0.469,-0.9943,1608949893.0,11147072040.923231,2026-07-14
2022-06-24,sz.002099,海翔药业,6.9082861,6.91822608,6.97786596,6.87846616,6378600,44420872.0,0.3964,-0.1435,1609132190.0,11132340283.025515,2026-07-14
2022-06-27,sz.002099,海翔药业,6.91822608,6.93810604,7.0076859,6.91822608,6217294,43481214.12,0.3864,0.2874,1609030538.0,11163624494.24225,2026-07-14
2022-06-28,sz.002099,海翔药业,6.9082861,7.0076859,7.02756586,6.84864622,7996633,56002855.52,0.497,1.0029,1608980483.0,11275229844.09429,2026-07-14
2022-06-29,sz.002099,海翔药业,7.01762588,6.9082861,7.07726576,6.89834612,8420000,59071236.0,0.5233,-1.4184,1609019683.0,11115568310.695307,2026-07-14
2022-06-30,sz.002099,海翔药业,6.94804602,6.88840614,6.96792598,6.84864622,5878700,40731489.0,0.3654,-0.2878,1608839628.0,11082340771.790516,2026-07-14
2022-07-01,sz.002099,海翔药业,6.93810604,6.97786596,6.98780594,6.8585862,4634492,32227372.24,0.288,1.2987,1609198611.0,11228772210.576181,2026-07-14
2022-07-04,sz.002099,海翔药业,6.91822608,7.06732578,7.07726576,6.91822608,11045615,78016221.05,0.6865,1.2821,1608975237.0,11371152171.83171,2026-07-14
2022-07-05,sz.002099,海翔药业,7.06732578,7.03750584,7.12696566,6.98780594,8121549,57541166.26,0.5048,-0.4219,1608864699.0,11322394714.982342,2026-07-14
2022-07-06,sz.002099,海翔药业,6.99774592,6.94804602,7.0573858,6.91822608,5893987,41308194.93,0.3663,-1.2712,1609060060.0,11179823345.823961,2026-07-14
2022-07-07,sz.002099,海翔药业,6.94804602,6.89834612,6.99774592,6.84864622,6497727,45104276.37,0.4038,-0.7153,1609144874.0,11100438298.075788,2026-07-14
2022-07-08,sz.002099,海翔药业,6.91822608,7.03750584,7.0573858,6.89834612,7644408,53707105.77,0.4751,2.0173,1609010314.0,11323419481.395233,2026-07-14
2022-07-11,sz.002099,海翔药业,7.3058853,7.24624542,7.51462488,7.2064855,28122949,207037139.42,1.7479,2.9661,1608956405.0,11658892980.710915,2026-07-14
2022-07-12,sz.002099,海翔药业,7.33570524,7.16672558,7.4052851,7.06732578,14611758,106262852.44,0.9082,-1.0974,1608870073.0,11530330307.065567,2026-07-14
2022-07-13,sz.002099,海翔药业,7.16672558,7.1567856,7.2064855,7.07726576,9190916,66062020.9,0.5712,-0.1387,1609053922.0,11515653938.593122,2026-07-14
2022-07-14,sz.002099,海翔药业,7.19654552,7.16672558,7.3058853,7.14684562,8390582,60865930.72,0.5215,0.1389,1608932311.0,11530776349.732214,2026-07-14
2022-07-15,sz.002099,海翔药业,7.16672558,7.17666556,7.29594532,7.06732578,11472825,83173721.5,0.7131,0.1387,1608866218.0,11546294777.368052,2026-07-14
2022-07-18,sz.002099,海翔药业,7.17666556,7.17666556,7.22636546,7.1070857,8654971,62371393.13,0.5379,0.0,1609029745.0,11547468355.957083,2026-07-14
2022-07-19,sz.002099,海翔药业,7.19654552,7.1070857,7.22636546,7.06732578,9157893,65561220.23,0.5692,-0.9695,1608906008.0,11434632882.100885,2026-07-14
2022-07-20,sz.002099,海翔药业,7.08720574,7.14684562,7.22636546,7.08720574,8146870,58684021.6,0.5063,0.5594,1609099348.0,11499984627.398655,2026-07-14
2022-07-21,sz.002099,海翔药业,7.27606536,7.39534512,7.454985,7.23630544,24157384,178809108.03,1.5014,3.4771,1608990542.0,11899040352.905855,2026-07-14
2022-07-22,sz.002099,海翔药业,7.39534512,7.36552518,7.54444482,7.32576526,16873476,126074279.26,1.0487,-0.4032,1608989797.0,11851054864.166588,2026-07-14
2022-07-25,sz.002099,海翔药业,7.41522508,7.454985,7.53450484,7.37546516,13466637,101262384.51,0.837,1.2146,1608917204.0,11994453622.06194,2026-07-14
2022-07-26,sz.002099,海翔药业,7.42516506,7.4052851,7.51462488,7.34564522,10278150,76711833.74,0.6388,-0.6667,1608977771.0,11914939113.817513,2026-07-14
2022-07-27,sz.002099,海翔药业,7.36552518,7.32576526,7.39534512,7.26612538,10501070,77330714.41,0.6527,-1.0738,1608866248.0,11786176467.584944,2026-07-14
2022-07-28,sz.002099,海翔药业,7.32576526,7.19654552,7.37546516,7.17666556,14714029,107073198.79,0.9145,-1.7639,1608969820.0,11579024549.936207,2026-07-14
2022-07-29,sz.002099,海翔药业,7.19654552,7.22636546,7.26612538,7.17666556,9033859,65633331.8,0.5615,0.4144,1608879608.0,11626352028.54954,2026-07-14
2022-08-01,sz.002099,海翔药业,7.18660554,7.16672558,7.23630544,7.06732578,6781200,48907568.95,0.4215,-0.8253,1608825623.0,11530011746.113535,2026-07-14
2022-08-02,sz.002099,海翔药业,7.12696566,6.87846616,7.12696566,6.79894632,13896203,96889997.46,0.8637,-4.0222,1608915480.0,11066870683.480158,2026-07-14
2022-08-03,sz.002099,海翔药业,6.87846616,6.88840614,7.0076859,6.83870624,7800067,54478147.09,0.4848,0.1445,1608924711.0,11082926858.050125,2026-07-14
2022-08-04,sz.002099,海翔药业,6.957986,6.89834612,6.96792598,6.81882628,7138762,49416565.43,0.4437,0.1443,1608916385.0,11098862101.869177,2026-07-14
2022-08-05,sz.002099,海翔药业,6.94804602,7.03750584,7.04744582,6.8585862,8357443,58340935.05,0.5194,2.0173,1609057181.0,11323749308.181437,2026-07-14
2022-08-08,sz.002099,海翔药业,6.98780594,6.99774592,7.1070857,6.97786596,7423136,52453841.94,0.4614,-0.565,1608828782.0,11258175045.219069,2026-07-14
2022-08-09,sz.002099,海翔药业,6.99774592,6.89834612,7.03750584,6.88840614,5208916,36262396.2,0.3237,-1.4205,1609180105.0,11100681333.707943,2026-07-14
2022-08-10,sz.002099,海翔药业,6.87846616,6.79894632,6.92816606,6.78900634,7120188,49056347.72,0.4425,-1.4409,1609082034.0,10940062373.642414,2026-07-14
2022-08-11,sz.002099,海翔药业,6.83870624,6.93810604,6.957986,6.77906636,6517372,45193145.7,0.4051,2.0468,1608830412.0,11162235998.83289,2026-07-14
2022-08-12,sz.002099,海翔药业,6.98780594,6.89834612,6.98780594,6.89834612,4486694,31229160.3,0.2789,-0.5731,1608710649.0,11097442863.731833,2026-07-14
2022-08-15,sz.002099,海翔药业,6.91822608,6.9082861,6.94804602,6.84864622,5804940,40322824.16,0.3608,0.1441,1608907982.0,11114796648.22965,2026-07-14
2022-08-16,sz.002099,海翔药业,6.92816606,6.88840614,6.93810604,6.8585862,5970306,41355509.46,0.3711,-0.2878,1608813258.0,11082159124.520603,2026-07-14
2022-08-17,sz.002099,海翔药业,6.9082861,6.87846616,6.93810604,6.83870624,6095600,42178260.0,0.3789,-0.1443,1608762206.0,11065816393.457949,2026-07-14
2022-08-18,sz.002099,海翔药业,6.88840614,6.82876626,6.88840614,6.7591864,6106806,41771407.73,0.3796,-0.7225,1608747629.0,10985761529.770197,2026-07-14
2022-08-19,sz.002099,海翔药业,6.82876626,6.77906636,6.87846616,6.77906636,5969528,41040762.02,0.371,-0.7278,1609037197.0,10907769934.171392,2026-07-14
2022-08-22,sz.002099,海翔药业,6.7591864,6.98780594,7.01762588,6.71942648,11280346,78510930.98,0.7011,3.0792,1608949651.0,11243027928.418728,2026-07-14
2022-08-23,sz.002099,海翔药业,6.957986,6.93810604,7.03750584,6.86852618,7928181,55197740.81,0.4928,-0.7112,1608802963.0,11162045554.760197,2026-07-14
2022-08-24,sz.002099,海翔药业,6.94804602,6.92816606,7.07726576,6.9082861,10145642,71282174.69,0.6306,-0.1433,1608887092.0,11146636945.166496,2026-07-14
2022-08-25,sz.002099,海翔药业,6.93810604,6.9082861,7.0573858,6.86852618,6511616,45275579.07,0.4047,-0.2869,1608998270.0,11115420383.565046,2026-07-14
2022-08-26,sz.002099,海翔药业,6.9082861,7.03750584,7.1567856,6.9082861,11418506,81016517.1,0.7097,1.8705,1608920107.0,11322784649.105925,2026-07-14
2022-08-29,sz.002099,海翔药业,7.03750584,7.07726576,7.1567856,6.92816606,9300933,66311383.29,0.5781,0.565,1608879606.0,11386468547.506092,2026-07-14
2022-08-30,sz.002099,海翔药业,7.1567856,7.21642548,7.34564522,7.09714572,13745590,99986568.89,0.8543,1.9663,1608988646.0,11611146662.0251,2026-07-14
2022-08-31,sz.002099,海翔药业,7.21642548,7.11702568,7.27606536,7.08720574,10384461,74667204.49,0.6451,-1.3774,1609744381.0,11456592097.812704,2026-07-14
2022-09-01,sz.002099,海翔药业,7.12696566,7.01762588,7.1567856,6.97786596,9501896,67360431.88,0.5903,-1.3966,1609672370.0,11296078482.032936,2026-07-14
2022-09-02,sz.002099,海翔药业,7.03750584,6.93810604,7.07726576,6.9082861,8018586,56244911.32,0.4981,-1.1331,1609834571.0,11169202960.45591,2026-07-14
2022-09-05,sz.002099,海翔药业,6.94804602,6.96792598,7.0573858,6.88840614,6474725,45319617.92,0.4022,0.4298,1609827200.0,11217156770.190657,2026-07-14
2022-09-06,sz.002099,海翔药业,6.98780594,7.04744582,7.04744582,6.9082861,6183230,43580838.42,0.3841,1.1412,1609796928.0,11344956631.28244,2026-07-14
2022-09-07,sz.002099,海翔药业,7.01762588,6.91822608,7.0573858,6.89834612,7011902,49060117.92,0.4356,-1.8336,1609711203.0,11136346025.862774,2026-07-14
2022-09-08,sz.002099,海翔药业,6.91822608,6.8585862,6.96792598,6.82876626,5967300,41298027.0,0.3707,-0.8621,1609738333.0,11040529116.324806,2026-07-14
2022-09-09,sz.002099,海翔药业,6.87846616,6.88840614,6.92816606,6.81882628,4202720,29121312.0,0.2611,0.4348,1609620835.0,11087722042.885927,2026-07-14
2022-09-13,sz.002099,海翔药业,6.93810604,6.82876626,6.94804602,6.8088863,7272797,50179267.11,0.4518,-0.8658,1609738158.0,10992525620.784948,2026-07-14
2022-09-14,sz.002099,海翔药业,6.77906636,6.76912638,6.79894632,6.66972658,6483881,43881538.4,0.4028,-0.8734,1609702334.0,10896278533.026972,2026-07-14
2022-09-15,sz.002099,海翔药业,6.8088863,6.62996666,6.89834612,6.6100867,8455866,57194113.88,0.5253,-2.0558,1609721302.0,10672398564.15179,2026-07-14
2022-09-16,sz.002099,海翔药业,6.62996666,6.45104702,6.73930644,6.45104702,7454080,49150551.74,0.4631,-2.6987,1609604837.0,10383636487.106436,2026-07-14
2022-09-19,sz.002099,海翔药业,6.48086696,6.4112871,6.57032678,6.3615872,6110637,39535759.87,0.3796,-0.6163,1609756849.0,10320613320.130348,2026-07-14
2022-09-20,sz.002099,海翔药业,6.40134712,6.45104702,6.54050684,6.40134712,4181886,27203610.28,0.2598,0.6202,1609655889.0,10383965825.9589,2026-07-14
2022-09-21,sz.002099,海翔药业,6.45104702,6.49080694,6.50074692,6.37152718,4850358,31484354.38,0.3013,0.6163,1609810156.0,10448966932.647282,2026-07-14
2022-09-22,sz.002099,海翔药业,6.45104702,6.39140714,6.5106869,6.39140714,5562000,36018405.0,0.3455,-1.5314,1609840810.0,10289148047.297384,2026-07-14
2022-09-23,sz.002099,海翔药业,6.4112871,6.33176726,6.43116706,6.24230744,5567500,35441913.27,0.3459,-0.9331,1609569240.0,10191417816.535084,2026-07-14
2022-09-26,sz.002099,海翔药业,6.34170724,6.3118873,6.3615872,6.17272758,5461534,34596855.88,0.3393,-0.314,1609647510.0,10159913675.845623,2026-07-14
2022-09-27,sz.002099,海翔药业,6.3118873,6.54050684,6.55044682,6.27212738,8862091,57667852.66,0.5505,3.622,1609825795.0,10529076623.405937,2026-07-14
2022-09-28,sz.002099,海翔药业,6.54050684,6.60014672,6.72936646,6.49080694,11358451,75927052.49,0.7056,0.9119,1609757795.0,10624637630.663681,2026-07-14
2022-09-29,sz.002099,海翔药业,6.6100867,6.74924642,6.78900634,6.6100867,17657556,119442923.54,1.0969,2.259,1609768985.0,10864727559.038284,2026-07-14
2022-09-30,sz.002099,海翔药业,6.7094865,6.74924642,6.8585862,6.6597866,16421591,111382423.1,1.0201,0.0,1609802078.0,10864950911.850061,2026-07-14
2022-10-10,sz.002099,海翔药业,6.74924642,6.59020674,6.87846616,6.5603868,8106577,54376346.44,0.5036,-2.3564,1609725377.0,10608423029.054441,2026-07-14
2022-10-11,sz.002099,海翔药业,6.6100867,6.5106869,6.6597866,6.50074692,6881555,45315864.27,0.4275,-1.2066,1609720468.0,10480385963.669468,2026-07-14
2022-10-12,sz.002099,海翔药业,6.59020674,6.57032678,6.59020674,6.37152718,6376900,41570593.0,0.3961,0.916,1609921737.0,10577711902.315218,2026-07-14
2022-10-13,sz.002099,海翔药业,6.6100867,6.73930644,6.8088863,6.50074692,8124021,54872545.8,0.5047,2.5719,1609673271.0,10848081441.546165,2026-07-14
2022-10-14,sz.002099,海翔药业,6.78900634,6.86852618,6.89834612,6.71942648,9283402,63962815.8,0.5767,1.9174,1609745448.0,11056578752.72383,2026-07-14
2022-10-17,sz.002099,海翔药业,6.83870624,6.92816606,7.0076859,6.79894632,7397721,51622977.42,0.4596,0.8683,1609599869.0,11151575182.586246,2026-07-14
2022-10-18,sz.002099,海翔药业,6.92816606,7.02756586,7.0573858,6.84864622,9540541,67042947.87,0.5927,1.4347,1609674540.0,11312093843.015205,2026-07-14
2022-10-19,sz.002099,海翔药业,7.02756586,6.94804602,7.07726576,6.87846616,7192770,50224574.5,0.4468,-1.1315,1609841092.0,11185249992.103054,2026-07-14
2022-10-20,sz.002099,海翔药业,6.88840614,6.94804602,7.03750584,6.8585862,8926526,62495159.22,0.5545,0.0,1609833363.0,11185196290.655365,2026-07-14
2022-10-21,sz.002099,海翔药业,6.93810604,6.98780594,7.0573858,6.88840614,7933200,55638170.0,0.4928,0.5722,1609821429.0,11249119743.905489,2026-07-14
2022-10-24,sz.002099,海翔药业,6.93810604,6.77906636,7.06732578,6.7591864,8855611,61404622.73,0.5501,-2.9872,1609818397.0,10913065740.811825,2026-07-14
2022-10-25,sz.002099,海翔药业,6.83870624,6.67966656,6.83870624,6.6100867,7808556,52557477.46,0.4851,-1.4663,1609679654.0,10752123357.136171,2026-07-14
2022-10-26,sz.002099,海翔药业,6.69954652,6.91822608,6.99774592,6.68960654,8979222,62212939.57,0.5578,3.5714,1609756544.0,11136659705.151468,2026-07-14
2022-10-27,sz.002099,海翔药业,6.92816606,6.96792598,6.99774592,6.8585862,8080494,56458410.22,0.502,0.7184,1609660159.0,11215992840.867031,2026-07-14
2022-10-28,sz.002099,海翔药业,6.96792598,6.83870624,6.99774592,6.79894632,7162793,49604154.43,0.445,-1.8545,1609616404.0,11007693746.04116,2026-07-14
2022-10-31,sz.002099,海翔药业,6.84864622,6.64984662,6.84864622,6.460987,20231560,135278677.06,1.2568,-2.7616,1609767664.0,10704708059.435696,2026-07-14
2022-11-01,sz.002099,海翔药业,6.69954652,6.7094865,6.78900634,6.53056686,12155729,81306565.73,0.7551,0.8969,1609817110.0,10801046167.014015,2026-07-14
2022-11-02,sz.002099,海翔药业,6.67966656,6.83870624,6.92816606,6.63990664,9995348,68839755.06,0.6209,1.9259,1609816073.0,11009059223.677395,2026-07-14
2022-11-03,sz.002099,海翔药业,6.74924642,6.74924642,6.8585862,6.71942648,7297435,49660648.65,0.4533,-1.3081,1609846680.0,10865251941.738886,2026-07-14
2022-11-04,sz.002099,海翔药业,6.74924642,6.8088863,6.81882628,6.69954652,9770998,66496576.63,0.607,0.8837,1609719605.0,10960397765.325912,2026-07-14
2022-11-07,sz.002099,海翔药业,6.79894632,6.73930644,6.8585862,6.72936646,7260439,49458816.42,0.451,-1.0219,1609853437.0,10849295635.430235,2026-07-14
2022-11-08,sz.002099,海翔药业,6.7591864,6.79894632,6.8088863,6.64984662,7654525,51929058.3,0.4755,0.885,1609784437.0,10944837973.934422,2026-07-14
2022-11-09,sz.002099,海翔药业,6.79894632,6.86852618,6.94804602,6.7591864,10223119,70725304.1,0.6351,1.0234,1609686506.0,11056173908.053726,2026-07-14
2022-11-10,sz.002099,海翔药业,6.88840614,6.9082861,6.92816606,6.82876626,8265186,57323274.59,0.5135,0.5789,1609578578.0,11119429317.255165,2026-07-14
2022-11-11,sz.002099,海翔药业,6.97786596,6.78900634,7.09714572,6.7591864,25620483,179702742.77,1.5916,-1.7266,1609731277.0,10928475845.249296,2026-07-14
2022-11-14,sz.002099,海翔药业,6.7591864,6.97786596,7.02756586,6.68960654,18925001,131945770.21,1.1757,2.7818,1609679425.0,11232127266.219873,2026-07-14
2022-11-15,sz.002099,海翔药业,7.01762588,6.92816606,7.04744582,6.8585862,16169800,112775760.0,1.0045,-0.7123,1609736187.0,11152519616.327213,2026-07-14
2022-11-16,sz.002099,海翔药业,6.957986,6.84864622,6.99774592,6.81882628,11383258,79085173.84,0.7072,-1.1478,1609623586.0,11023742487.881744,2026-07-14
2022-11-17,sz.002099,海翔药业,6.84864622,6.98780594,7.0076859,6.79894632,12496200,87375952.8,0.7763,2.0319,1609712740.0,11248360246.265676,2026-07-14
2022-11-18,sz.002099,海翔药业,7.01762588,7.06732578,7.17666556,6.99774592,18347164,131058666.1,1.1398,1.138,1609682751.0,11376152403.76362,2026-07-14
2022-11-21,sz.002099,海翔药业,7.0076859,7.12696566,7.1567856,6.99774592,14933042,106642366.15,0.9277,0.8439,1609684381.0,11472165306.825356,2026-07-14
2022-11-22,sz.002099,海翔药业,7.08720574,6.94804602,7.18660554,6.92816606,14035900,99055238.35,0.8719,-2.5105,1609806170.0,11185007352.439943,2026-07-14
2022-11-23,sz.002099,海翔药业,6.94804602,6.79894632,6.98780594,6.72936646,13289715,90975713.34,0.8256,-2.1459,1609703852.0,10944290080.845224,2026-07-14
2022-11-24,sz.002099,海翔药业,6.82876626,6.8088863,6.84864622,6.73930644,6736500,46055086.0,0.4185,0.1462,1609677419.0,10960110525.64846,2026-07-14
2022-11-25,sz.002099,海翔药业,6.8088863,6.77906636,6.81882628,6.64984662,8770576,59497667.08,0.5448,-0.438,1609870778.0,10913420835.086828,2026-07-14
2022-11-28,sz.002099,海翔药业,6.73930644,6.76912638,6.83870624,6.7094865,8040865,54702560.0,0.4995,-0.1466,1609782783.0,10896823102.475117,2026-07-14
2022-11-29,sz.002099,海翔药业,6.76912638,6.81882628,6.88840614,6.74924642,10988091,75490536.6,0.6826,0.7342,1609740844.0,10976543171.05658,2026-07-14
2022-11-30,sz.002099,海翔药业,6.83870624,6.7591864,6.94804602,6.74924642,9611861,66109490.09,0.5971,-0.8746,1609757327.0,10880649831.958754,2026-07-14
2022-12-01,sz.002099,海翔药业,6.8088863,6.71942648,6.8585862,6.68960654,9265475,62871757.75,0.5756,-0.5882,1609707262.0,10816309601.331099,2026-07-14
2022-12-02,sz.002099,海翔药业,6.71942648,6.71942648,6.7591864,6.68960654,5686094,38472410.44,0.3532,0.0,1609879388.0,10817466189.333395,2026-07-14
2022-12-05,sz.002099,海翔药业,6.67966656,6.7591864,6.81882628,6.67966656,10558388,71759646.54,0.6559,0.5917,1609755755.0,10880639206.517733,2026-07-14
2022-12-06,sz.002099,海翔药业,6.76912638,6.6597866,6.77906636,6.64984662,9198297,62014010.94,0.5714,-1.4706,1609782464.0,10720807682.662184,2026-07-14
2022-12-07,sz.002099,海翔药业,6.62996666,6.84864622,6.86852618,6.60014672,16944032,115642254.63,1.0526,2.8358,1609731332.0,11024480402.117365,2026-07-14
2022-12-08,sz.002099,海翔药业,6.86852618,6.87846616,7.03750584,6.83870624,15267531,106491682.45,0.9485,0.4354,1609650079.0,11071923597.842827,2026-07-14
2022-12-09,sz.002099,海翔药业,6.92816606,6.8585862,6.94804602,6.82876626,7625693,52722538.02,0.4737,-0.289,1609814862.0,11041053997.068106,2026-07-14
2022-12-12,sz.002099,海翔药业,6.9082861,7.06732578,7.06732578,6.86852618,18027461,126776199.3,1.1199,3.0435,1609738459.0,11376546110.348173,2026-07-14
2022-12-13,sz.002099,海翔药业,7.43510504,7.5543848,7.63390464,7.0076859,69323278,510804911.01,4.3065,6.8917,1609735934.0,12160564671.823404,2026-07-14
2022-12-14,sz.002099,海翔药业,7.4052851,7.51462488,7.87246416,7.3555852,50656093,387335047.15,3.1469,-0.5263,1609714100.0,12096397625.546808,2026-07-14
2022-12-15,sz.002099,海翔药业,7.46492498,7.17666556,7.56432478,7.16672558,32748520,240367388.72,2.0344,-4.4974,1609738498.0,11552554839.202728,2026-07-14
2022-12-16,sz.002099,海翔药业,7.19654552,7.36552518,7.42516506,7.19654552,25883222,191566523.56,1.6079,2.6316,1609753218.0,11856677860.765028,2026-07-14
2022-12-19,sz.002099,海翔药业,7.454985,7.14684562,7.59414472,7.09714572,22799626,165586515.22,1.4164,-2.969,1609688365.0,11504194240.96521,2026-07-14
2022-12-20,sz.002099,海翔药业,7.06732578,7.0573858,7.2064855,6.98780594,14063150,99845182.2,0.8736,-1.2517,1609792811.0,11360928925.293484,2026-07-14
2022-12-21,sz.002099,海翔药业,7.01762588,7.06732578,7.19654552,7.01762588,9008620,64251293.66,0.5596,0.1408,1609832023.0,11377207357.617453,2026-07-14
2022-12-22,sz.002099,海翔药业,7.0573858,6.84864622,7.1070857,6.78900634,13072185,91446723.25,0.8121,-3.0942,1609676764.0,11024106685.190432,2026-07-14
2022-12-23,sz.002099,海翔药业,6.76912638,6.8585862,6.91822608,6.76912638,6450335,44532705.85,0.4007,0.1451,1609766658.0,11040723385.778921,2026-07-14
2022-12-26,sz.002099,海翔药业,6.91822608,6.86852618,6.93810604,6.82876626,7174920,49673530.5,0.4457,0.1449,1609809289.0,11057017246.303686,2026-07-14
2022-12-27,sz.002099,海翔药业,6.88840614,6.82876626,6.93810604,6.72936646,9232920,63259452.0,0.5736,-0.5789,1609644351.0,10991885034.708397,2026-07-14
2022-12-28,sz.002099,海翔药业,6.78900634,6.84864622,6.88840614,6.7591864,5466218,37635991.48,0.3396,0.2911,1609604829.0,11023614027.824596,2026-07-14
2022-12-29,sz.002099,海翔药业,6.88840614,7.02756586,7.07726576,6.77906636,12189986,85391565.6,0.7573,2.6125,1609664070.0,11312020264.40065,2026-07-14
2022-12-30,sz.002099,海翔药业,6.957986,6.96792598,7.03750584,6.93810604,6427924,45060601.52,0.3993,-0.8487,1609798147.0,11216954331.037159,2026-07-14
2023-01-03,sz.002099,海翔药业,6.94804602,7.23630544,7.3058853,6.94804602,19958633,144175235.12,1.2399,3.8516,1609696992.0,11648259099.961237,2026-07-14
2023-01-04,sz.002099,海翔药业,7.28600534,7.32576526,7.38540514,7.2064855,14236683,104568322.82,0.8844,1.2363,1609756106.0,11792695358.407677,2026-07-14
2023-01-05,sz.002099,海翔药业,7.34564522,7.4052851,7.44504502,7.2561854,16108120,119465659.68,1.0007,1.0855,1609685220.0,11920177975.356222,2026-07-14
2023-01-06,sz.002099,海翔药业,7.37546516,7.3058853,7.43510504,7.27606536,11326064,83590436.04,0.7036,-1.3423,1609730529.0,11760506608.782324,2026-07-14
2023-01-09,sz.002099,海翔药业,7.3555852,7.3555852,7.43510504,7.3058853,10677300,79030379.0,0.6633,0.6803,1609724107.0,11840462817.532417,2026-07-14
2023-01-10,sz.002099,海翔药业,7.36552518,7.38540514,7.43510504,7.3058853,9137248,67847464.42,0.5676,0.4054,1609804087.0,11889055378.522806,2026-07-14
2023-01-11,sz.002099,海翔药业,7.42516506,7.51462488,7.56432478,7.34564522,17507633,131894470.89,1.0876,1.7497,1609749264.0,12096661869.81609,2026-07-14
2023-01-12,sz.002099,海翔药业,7.5543848,7.51462488,7.58420474,7.44504502,11441415,86651886.4,0.7108,0.0,1609653208.0,12095940045.008615,2026-07-14
2023-01-13,sz.002099,海翔药业,7.51462488,7.61402468,7.64384462,7.46492498,11172331,85275746.76,0.6941,1.3228,1609614033.0,12255640972.536335,2026-07-14
2023-01-16,sz.002099,海翔药业,7.61402468,7.56432478,7.71342448,7.56432478,10352212,79501438.42,0.6431,-0.6527,1609735966.0,12176565656.871037,2026-07-14
2023-01-17,sz.002099,海翔药业,7.58420474,7.5046849,7.6040847,7.454985,12424860,93823399.42,0.7719,-0.7884,1609646327.0,12079888484.577362,2026-07-14
2023-01-18,sz.002099,海翔药业,7.52456486,7.49474492,7.5543848,7.43510504,9389050,70648535.93,0.5833,-0.1325,1609643408.0,12063866755.119486,2026-07-14
2023-01-19,sz.002099,海翔药业,7.454985,7.52456486,7.52456486,7.37546516,8361213,62864188.08,0.5194,0.3979,1609783019.0,12112916736.992113,2026-07-14
2023-01-20,sz.002099,海翔药业,7.53450484,7.67366456,7.951984,7.51462488,21251502,163129572.47,1.3202,1.9815,1609718376.0,12352438853.491955,2026-07-14
2023-01-30,sz.002099,海翔药业,7.67366456,7.5046849,7.73330444,7.46492498,12880693,97911892.69,0.8002,-2.2021,1609684204.0,12080172739.527319,2026-07-14
2023-01-31,sz.002099,海翔药业,7.5046849,7.36552518,7.52456486,7.34564522,8583756,63936241.84,0.5332,-1.8543,1609856714.0,11857440163.159058,2026-07-14
2023-02-01,sz.002099,海翔药业,7.42516506,7.49474492,7.51462488,7.33570524,9506790,71278218.45,0.5906,1.7544,1609683373.0,12064166282.600214,2026-07-14
2023-02-02,sz.002099,海翔药业,7.52456486,7.44504502,7.53450484,7.43510504,6912138,51944190.9,0.4294,-0.6631,1609720075.0,11984438427.972776,2026-07-14
2023-02-03,sz.002099,海翔药业,7.44504502,7.3058853,7.44504502,7.26612538,9512309,70123265.06,0.5909,-1.8692,1609800135.0,11761015142.234516,2026-07-14
2023-02-06,sz.002099,海翔药业,7.31582528,7.26612538,7.3555852,7.2064855,6666963,48704253.79,0.4142,-0.5442,1609599952.0,11695555062.873981,2026-07-14
2023-02-07,sz.002099,海翔药业,7.2561854,7.2064855,7.3058853,7.12696566,8001894,57949226.61,0.4971,-0.8208,1609715148.0,11600388873.192354,2026-07-14
2023-02-08,sz.002099,海翔药业,7.2561854,7.26612538,7.3058853,7.18660554,5650749,41199292.1,0.351,0.8276,1609900000.0,11697735249.262001,2026-07-14
2023-02-09,sz.002099,海翔药业,7.2561854,7.3058853,7.31582528,7.19654552,7045064,51540288.13,0.4377,0.5472,1609564542.0,11759293926.799032,2026-07-14
2023-02-10,sz.002099,海翔药业,7.3058853,7.29594532,7.33570524,7.23630544,4295207,31527341.83,0.2668,-0.1361,1609897676.0,11745725414.891077,2026-07-14
2023-02-13,sz.002099,海翔药业,7.3058853,7.2561854,7.33570524,7.24624542,5512400,40349387.0,0.3424,-0.545,1609929907.0,11681949886.196756,2026-07-14
2023-02-14,sz.002099,海翔药业,7.29594532,7.28600534,7.3058853,7.21642548,5804337,42461327.05,0.3606,0.411,1609633111.0,11727795442.186813,2026-07-14
2023-02-15,sz.002099,海翔药业,7.3058853,7.22636546,7.3058853,7.21642548,5498407,40037525.89,0.3416,-0.8186,1609603923.0,11631586193.4477,2026-07-14
2023-02-16,sz.002099,海翔药业,7.2561854,7.12696566,7.3058853,7.09714572,8185934,59549747.74,0.5085,-1.3755,1609819862.0,11473130875.25994,2026-07-14
2023-02-17,sz.002099,海翔药业,7.17666556,7.18660554,7.23630544,7.11702568,5558752,40207985.69,0.3453,0.8368,1609832609.0,11569231946.312054,2026-07-14
2023-02-20,sz.002099,海翔药业,7.18660554,7.14684562,7.23630544,7.08720574,7530453,53994277.73,0.4678,-0.5533,1609759085.0,11504699665.887457,2026-07-14
2023-02-21,sz.002099,海翔药业,7.14684562,7.18660554,7.21642548,7.13690564,4093350,29526048.0,0.2543,0.5563,1609653952.0,11567948008.926094,2026-07-14
2023-02-22,sz.002099,海翔药业,7.2064855,7.28600534,7.28600534,7.1567856,5303184,38635832.79,0.3294,1.3831,1609952641.0,11730123539.473103,2026-07-14
2023-02-23,sz.002099,海翔药业,7.33570524,7.28600534,7.454985,7.24624542,9212162,68100230.06,0.5723,0.0,1609673598.0,11728090430.685013,2026-07-14
2023-02-24,sz.002099,海翔药业,7.3058853,7.2561854,7.34564522,7.23630544,5103600,37339002.0,0.317,-0.4093,1609968454.0,11682229590.375372,2026-07-14
2023-02-27,sz.002099,海翔药业,7.26612538,7.3058853,7.33570524,7.22636546,5950790,43566736.0,0.3697,0.6849,1609626724.0,11759748221.358757,2026-07-14
2023-02-28,sz.002099,海翔药业,7.31582528,7.39534512,7.39534512,7.29594532,7953081,58803722.21,0.4941,1.2245,1609609593.0,11903618448.697737,2026-07-14
2023-03-01,sz.002099,海翔药业,7.42516506,7.34564522,7.43510504,7.33570524,5663585,42033845.22,0.3518,-0.672,1609887720.0,11825664035.154697,2026-07-14
2023-03-02,sz.002099,海翔药业,7.34564522,7.31582528,7.39534512,7.28600534,4416223,32531948.16,0.2743,-0.406,1609997448.0,11778460030.813887,2026-07-14
2023-03-03,sz.002099,海翔药业,7.3058853,7.3555852,7.37546516,7.28600534,4844187,35762282.07,0.3009,0.5435,1609899302.0,11841751479.28153,2026-07-14
2023-03-06,sz.002099,海翔药业,7.33570524,7.38540514,7.39534512,7.31582528,3931311,29147963.62,0.2442,0.4054,1609873464.0,11889567755.775204,2026-07-14
2023-03-07,sz.002099,海翔药业,7.37546516,7.2561854,7.39534512,7.2064855,4543600,33488453.0,0.2823,-1.7497,1609493447.0,11678782851.517073,2026-07-14
2023-03-08,sz.002099,海翔药业,7.26612538,7.23630544,7.29594532,7.19654552,4263050,31019728.5,0.2648,-0.274,1609913142.0,11649823227.382092,2026-07-14
2023-03-09,sz.002099,海翔药业,7.24624542,7.23630544,7.26612538,7.18660554,2578900,18756179.19,0.1602,0.0,1609800250.0,11649006306.38836,2026-07-14
2023-03-10,sz.002099,海翔药业,7.21642548,7.23630544,7.24624542,7.16672558,4914134,35641509.82,0.3053,0.0,1609608254.0,11647616964.689102,2026-07-14
2023-03-13,sz.002099,海翔药业,7.21642548,7.2064855,7.21642548,7.09714572,4432107,31947990.4,0.2753,-0.4121,1609918997.0,11601857908.055044,2026-07-14
2023-03-14,sz.002099,海翔药业,7.19654552,7.11702568,7.28600534,7.11702568,5409742,39075618.42,0.3361,-1.2414,1609563225.0,11455302805.908619,2026-07-14
2023-03-15,sz.002099,海翔药业,7.11702568,7.21642548,7.27606536,7.11702568,5238908,38088645.26,0.3255,1.3966,1609495545.0,11614804660.884487,2026-07-14
2023-03-16,sz.002099,海翔药业,7.23630544,7.21642548,7.26612538,7.17666556,4473426,32502978.82,0.2779,0.0,1609725081.0,11616461090.323463,2026-07-14
2023-03-17,sz.002099,海翔药业,7.27606536,7.27606536,7.29594532,7.21642548,5887550,42987580.25,0.3657,0.8264,1609939841.0,11714027508.784008,2026-07-14
2023-03-20,sz.002099,海翔药业,7.2561854,6.97786596,7.28600534,6.92816606,14553390,103503589.8,0.9041,-4.0984,1609710209.0,11232342072.845585,2026-07-14
2023-03-21,sz.002099,海翔药业,6.97786596,7.1070857,7.12696566,6.97786596,5485348,39029879.16,0.3408,1.8519,1609550469.0,11439213121.658194,2026-07-14
2023-03-22,sz.002099,海翔药业,7.12696566,7.11702568,7.18660554,7.07726576,3891412,27923888.16,0.2417,0.1399,1610017377.0,11458535017.355242,2026-07-14
2023-03-23,sz.002099,海翔药业,7.13690564,7.07726576,7.16672558,7.06732578,4127453,29514708.76,0.2564,-0.5587,1609771061.0,11392777611.454172,2026-07-14
2023-03-24,sz.002099,海翔药业,7.07726576,6.99774592,7.14684562,6.97786596,6068400,42908011.43,0.377,-1.1236,1609655172.0,11263957912.469898,2026-07-14
2023-03-27,sz.002099,海翔药业,6.99774592,6.98780594,7.0573858,6.957986,4807857,33868097.0,0.2987,-0.142,1609593907.0,11247529864.322409,2026-07-14
2023-03-28,sz.002099,海翔药业,6.98780594,7.02756586,7.07726576,6.97786596,5364900,37941312.0,0.3333,0.569,1609630963.0,11311787602.777723,2026-07-14
2023-03-29,sz.002099,海翔药业,6.957986,6.98780594,7.1070857,6.94804602,4646100,32709534.0,0.2886,-0.5658,1609875260.0,11249495904.487045,2026-07-14
2023-03-30,sz.002099,海翔药业,7.0076859,7.03750584,7.1070857,6.94804602,8487421,60124533.29,0.5273,0.7112,1609600038.0,11327569667.489222,2026-07-14
2023-03-31,sz.002099,海翔药业,7.03750584,7.01762588,7.1070857,7.01762588,5155966,36576506.96,0.3203,-0.2825,1609730253.0,11296484683.271748,2026-07-14
2023-04-03,sz.002099,海翔药业,7.0076859,6.98780594,7.07726576,6.97786596,5615486,39604040.58,0.3488,-0.4249,1609944381.0,11249978908.621424,2026-07-14
2023-04-04,sz.002099,海翔药业,7.0076859,7.03750584,7.03750584,6.97786596,5409704,38157211.16,0.3361,0.7112,1609551919.0,11327231029.745707,2026-07-14
2023-04-06,sz.002099,海翔药业,7.03750584,7.0573858,7.08720574,6.99774592,5520004,39082167.32,0.3429,0.2825,1609799942.0,11360979251.511623,2026-07-14
2023-04-07,sz.002099,海翔药业,7.01762588,7.1567856,7.17666556,7.01762588,7828882,56092300.52,0.4863,1.4085,1609887312.0,11521618332.144308,2026-07-14
2023-04-10,sz.002099,海翔药业,7.19654552,7.24624542,7.31582528,7.06732578,8993468,65582058.48,0.5587,1.25,1609713263.0,11664377359.527006,2026-07-14
2023-04-11,sz.002099,海翔药业,7.24624542,7.67366456,7.7034845,7.21642548,27917053,211007957.56,1.7343,5.8985,1609701493.0,12352309299.013187,2026-07-14
2023-04-12,sz.002099,海翔药业,7.58420474,7.42516506,7.71342448,7.38540514,23122896,175590876.18,1.4365,-3.2383,1609669057.0,11952058440.199549,2026-07-14
2023-04-13,sz.002099,海翔药业,7.43510504,7.48480494,7.51462488,7.32576526,11697285,87649951.95,0.7267,0.8032,1609644282.0,12047873473.556353,2026-07-14
2023-04-14,sz.002099,海翔药业,7.46492498,7.48480494,7.6040847,7.44504502,8705163,65747574.91,0.5408,0.0,1609682507.0,12048159580.225185,2026-07-14
2023-04-17,sz.002099,海翔药业,7.53450484,7.6537846,7.73330444,7.454985,12714069,97622159.05,0.7898,2.2576,1609783363.0,12320935113.065609,2026-07-14
2023-04-18,sz.002099,海翔药业,7.62396466,7.63390464,7.79294432,7.62396466,14439768,111471149.96,0.897,-0.2597,1609784615.0,12288942241.849113,2026-07-14
2023-04-19,sz.002099,海翔药业,7.68360454,7.62396466,7.72336446,7.6040847,7644097,58831327.59,0.4749,-0.1302,1609622447.0,12271704651.870724,2026-07-14
2023-04-20,sz.002099,海翔药业,7.63390464,7.57426476,7.64384462,7.53450484,8351736,63671661.77,0.5188,-0.6519,1609818042.0,12193188065.5328,2026-07-14
2023-04-21,sz.002099,海翔药业,7.58420474,7.5543848,7.71342448,7.54444482,10719967,82386885.3,0.666,-0.2625,1609604655.0,12159572939.741245,2026-07-14
2023-04-24,sz.002099,海翔药业,7.7034845,7.7034845,7.7531844,7.64384462,13912799,107662253.29,0.8643,1.9737,1609718732.0,12400443301.321653,2026-07-14
2023-04-25,sz.002099,海翔药业,7.51462488,7.37546516,7.59414472,7.27606536,18875937,140687541.9,1.1738,-4.2581,1608105043.0,11860522718.266802,2026-07-14
2023-04-26,sz.002099,海翔药业,7.42516506,7.5046849,7.51462488,7.33570524,8874740,66497711.62,0.5519,1.752,1608034064.0,12067788958.786434,2026-07-14
2023-04-27,sz.002099,海翔药业,7.5543848,7.61402468,7.69354452,7.46492498,10074968,76933263.1,0.6265,1.457,1608135355.0,12244382281.75056,2026-07-14
2023-04-28,sz.002099,海翔药业,7.6040847,7.66372458,7.7034845,7.54444482,7153682,54961428.4,0.4449,0.6527,1607930321.0,12322735123.97499,2026-07-14
2023-05-04,sz.002099,海翔药业,7.7034845,7.72336446,7.74324442,7.57426476,8271348,63997681.94,0.5144,0.7782,1607960342.0,12418863758.492245,2026-07-14
2023-05-05,sz.002099,海翔药业,7.74324442,7.61402468,7.7531844,7.53450484,7146600,54774916.0,0.4444,-1.4157,1608145815.0,12244461924.448713,2026-07-14
2023-05-08,sz.002099,海翔药业,7.64384462,7.62396466,7.6537846,7.53450484,7182566,54882885.93,0.4467,0.1305,1607917170.0,12258703680.287212,2026-07-14
2023-05-09,sz.002099,海翔药业,7.63390464,7.54444482,7.63390464,7.48480494,6709315,50891474.65,0.4172,-1.043,1608177133.0,12132803640.7043,2026-07-14
2023-05-10,sz.002099,海翔药业,7.53450484,7.64384462,7.68360454,7.52456486,6141100,47026899.0,0.3819,1.3175,1608038754.0,12291598378.514404,2026-07-14
2023-05-11,sz.002099,海翔药业,7.6537846,7.63390464,7.69354452,7.62396466,5299141,40797491.7,0.3295,-0.13,1608237026.0,12277128095.0012,2026-07-14
2023-05-12,sz.002099,海翔药业,7.6040847,7.69354452,7.96192398,7.58420474,13220429,103808362.4,0.8221,0.7813,1608129060.0,12372212517.01575,2026-07-14
2023-05-15,sz.002099,海翔药业,7.76312438,7.8525842,7.87246416,7.61402468,15121071,117828707.93,0.9403,2.0672,1608111347.0,12627829755.292917,2026-07-14
2023-05-16,sz.002099,海翔药业,8.01162388,7.6537846,8.14084362,7.63390464,18096100,141162531.63,1.1253,-2.5316,1608113392.0,12308153514.743362,2026-07-14
2023-05-17,sz.002099,海翔药业,7.63390464,7.69354452,7.69354452,7.61402468,6463522,49773959.81,0.4019,0.5195,1608241354.0,12373076455.90408,2026-07-14
2023-05-18,sz.002099,海翔药业,7.64384462,7.72336446,7.73330444,7.64384462,6029451,46661984.78,0.3749,0.3876,1608282475.0,12421351709.055838,2026-07-14
2023-05-19,sz.002099,海翔药业,7.69354452,7.98180394,8.0016839,7.69354452,14581774,115676676.03,0.9068,3.3462,1608047419.0,12835119224.68103,2026-07-14
2023-05-22,sz.002099,海翔药业,8.0513838,8.2501834,8.28000334,7.9022841,18132915,148021611.84,1.1276,3.3624,1608098173.0,13267104852.454927,2026-07-14
2023-05-23,sz.002099,海翔药业,8.28000334,8.28000334,8.448983,8.23030344,17384628,145888980.07,1.0811,0.3614,1608049949.0,13314658948.60683,2026-07-14
2023-05-24,sz.002099,海翔药业,8.26,8.55,8.64,8.18,20894635,176330998.83,1.2993,3.2609,1608145540.0,13749644367.000002,2026-07-14
2023-05-25,sz.002099,海翔药业,8.55,8.67,8.7,8.5,17582832,151416689.39,1.0934,1.4035,1608087800.0,13942121226.0,2026-07-14
2023-05-26,sz.002099,海翔药业,8.67,9.3,9.42,8.63,39543408,364747144.29,2.459,7.2664,1608109313.0,14955416610.900002,2026-07-14
2023-05-29,sz.002099,海翔药业,9.35,9.32,9.58,9.24,34408480,322570066.57,2.1397,0.2151,1608098332.0,14987476454.24,2026-07-14
2023-05-30,sz.002099,海翔药业,9.27,9.35,9.49,9.23,19969546,186538154.48,1.2418,0.3219,1608112901.0,15035855624.35,2026-07-14
2023-05-31,sz.002099,海翔药业,9.36,9.31,9.45,9.25,20611222,192308233.14,1.2817,-0.4278,1608115940.0,14971559401.400002,2026-07-14
2023-06-01,sz.002099,海翔药业,9.35,8.84,9.38,8.75,34878517,312480320.62,2.1689,-5.0483,1608120107.0,14215781745.88,2026-07-14
2023-06-02,sz.002099,海翔药业,8.85,8.49,8.93,8.44,24730253,213410016.01,1.5379,-3.9593,1608053384.0,13652373230.16,2026-07-14
2023-06-05,sz.002099,海翔药业,8.55,8.82,8.88,8.53,22771821,199212429.9,1.4161,3.8869,1608065885.0,14183141105.7,2026-07-14
2023-06-06,sz.002099,海翔药业,8.82,8.75,8.83,8.61,14330578,125172086.97,0.8912,-0.7937,1608009201.0,14070080508.75,2026-07-14
2023-06-07,sz.002099,海翔药业,8.76,9.0,9.06,8.68,18599040,166265870.4,1.1566,2.8571,1608078852.0,14472709668.0,2026-07-14
2023-06-08,sz.002099,海翔药业,9.0,9.16,9.18,8.97,16428416,149588197.16,1.0216,1.7778,1608106500.0,14730255540.0,2026-07-14
2023-06-09,sz.002099,海翔药业,9.24,8.92,9.29,8.32,46500091,410409094.93,2.8916,-2.6201,1608109386.0,14344335723.12,2026-07-14
2023-06-12,sz.002099,海翔药业,8.96,8.86,9.14,8.69,18568170,164277169.15,1.1547,-0.6726,1608051442.0,14247335776.119999,2026-07-14
2023-06-13,sz.002099,海翔药业,8.77,9.03,9.06,8.77,16769902,150647651.21,1.0428,1.9187,1608160913.0,14521693044.39,2026-07-14
2023-06-14,sz.002099,海翔药业,8.99,8.98,9.11,8.93,9959769,89703933.17,0.6194,-0.5537,1607970455.0,14439574685.900002,2026-07-14
2023-06-15,sz.002099,海翔药业,8.96,9.02,9.08,8.83,9143691,81959120.46,0.5686,0.4454,1608106050.0,14505116571.0,2026-07-14
2023-06-16,sz.002099,海翔药业,9.25,8.82,9.25,8.75,17043215,152521772.62,1.0598,-2.2173,1608153897.0,14183917371.54,2026-07-14
2023-06-19,sz.002099,海翔药业,8.78,8.91,9.02,8.76,9201055,82098994.25,0.5722,1.0204,1608013806.0,14327403011.460001,2026-07-14
2023-06-20,sz.002099,海翔药业,8.93,8.99,9.09,8.86,10329896,93020038.21,0.6424,0.8979,1608016189.0,14456065539.11,2026-07-14
2023-06-21,sz.002099,海翔药业,8.99,8.92,9.05,8.88,9984819,89549867.29,0.6209,-0.7786,1608120309.0,14344433156.28,2026-07-14
2023-06-26,sz.002099,海翔药业,8.88,8.8,8.98,8.75,9274982,82069169.64,0.5768,-1.3453,1608006588.0,14150457974.400002,2026-07-14
2023-06-27,sz.002099,海翔药业,8.81,8.76,8.88,8.73,8117064,71313106.24,0.5048,-0.4545,1607976228.0,14085871757.279999,2026-07-14
2023-06-28,sz.002099,海翔药业,8.72,8.51,8.8,8.45,17628794,151038174.45,1.0963,-2.8539,1608026453.0,13684305115.029999,2026-07-14
2023-06-29,sz.002099,海翔药业,8.51,8.27,8.52,8.22,16555885,138361523.45,1.0295,-2.8202,1608148130.0,13299385035.099998,2026-07-14
2023-06-30,sz.002099,海翔药业,8.27,8.59,8.81,8.22,18513536,159361887.74,1.1448,3.8694,1617185185.0,13891620739.15,2026-07-14
2023-07-03,sz.002099,海翔药业,8.59,8.35,8.66,8.34,14809286,125080446.74,0.9209,-2.7939,1608131828.0,13427900763.8,2026-07-14
2023-07-04,sz.002099,海翔药业,8.35,8.42,8.52,8.27,10097485,84748465.1,0.6279,0.8383,1608135850.0,13540503857.0,2026-07-14
2023-07-05,sz.002099,海翔药业,8.42,8.41,8.48,8.33,5080737,42676281.17,0.3159,-0.1188,1608337132.0,13526115280.12,2026-07-14
2023-07-06,sz.002099,海翔药业,8.39,8.27,8.42,8.24,5623005,46803157.25,0.3497,-1.6647,1607951101.0,13297755605.269999,2026-07-14
2023-07-07,sz.002099,海翔药业,8.33,8.4,8.46,8.26,5937960,49673076.7,0.3693,1.5719,1607896019.0,13506326559.6,2026-07-14
2023-07-10,sz.002099,海翔药业,8.39,8.31,8.43,8.3,4402119,36774933.7,0.2737,-1.0714,1608373767.0,13365586003.77,2026-07-14
2023-07-11,sz.002099,海翔药业,8.36,8.24,8.41,8.2,5764144,47626842.81,0.3584,-0.8424,1608299107.0,13252384641.68,2026-07-14
2023-07-12,sz.002099,海翔药业,8.24,8.15,8.26,8.1,6109500,49977717.0,0.3799,-1.0922,1608186365.0,13106718874.75,2026-07-14
2023-07-13,sz.002099,海翔药业,8.12,8.16,8.3,8.12,5093887,41758784.13,0.3168,0.1227,1607918876.0,13120618028.16,2026-07-14
2023-07-14,sz.002099,海翔药业,8.15,8.12,8.22,8.1,3484200,28383943.0,0.2167,-0.4902,1607844947.0,13055700969.64,2026-07-14
2023-07-17,sz.002099,海翔药业,8.0,8.05,8.12,7.96,8499299,68237489.97,0.5285,-0.8621,1608192810.0,12945952120.500002,2026-07-14
2023-07-18,sz.002099,海翔药业,8.05,7.89,8.05,7.85,6899714,54740142.3,0.4291,-1.9876,1607950128.0,12686726509.92,2026-07-14
2023-07-19,sz.002099,海翔药业,7.85,7.88,8.0,7.84,5908786,46723496.68,0.3674,-0.1267,1608270550.0,12673171934.0,2026-07-14
2023-07-20,sz.002099,海翔药业,7.86,7.74,7.93,7.74,6931754,54120038.2,0.4311,-1.7766,1607922524.0,12445320335.76,2026-07-14
2023-07-21,sz.002099,海翔药业,7.78,7.85,7.87,7.74,4955398,38821661.24,0.3082,1.4212,1607851395.0,12621633450.75,2026-07-14
2023-07-24,sz.002099,海翔药业,7.88,8.06,8.08,7.84,7765600,61951219.6,0.4829,2.6752,1608117623.0,12961428041.380001,2026-07-14
2023-07-25,sz.002099,海翔药业,8.1,8.16,8.19,8.07,6182340,50306100.2,0.3845,1.2407,1607890767.0,13120388658.72,2026-07-14
2023-07-26,sz.002099,海翔药业,8.16,8.1,8.25,8.09,3915000,31910421.0,0.2435,-0.7353,1607802875.0,13023203287.5,2026-07-14
2023-07-27,sz.002099,海翔药业,8.07,8.02,8.13,8.0,3756900,30251057.0,0.2336,-0.9877,1608261986.0,12898261127.72,2026-07-14
2023-07-28,sz.002099,海翔药业,8.02,8.07,8.12,7.98,3359540,27073884.8,0.2089,0.6234,1608204883.0,12978213405.810001,2026-07-14
2023-07-31,sz.002099,海翔药业,8.11,7.91,8.14,7.88,7096247,56608344.21,0.4413,-1.9827,1608032404.0,12719536315.64,2026-07-14
2023-08-01,sz.002099,海翔药业,7.91,7.89,7.96,7.87,3641100,28837224.0,0.2264,-0.2528,1608259717.0,12689169167.13,2026-07-14
2023-08-02,sz.002099,海翔药业,7.91,7.75,7.95,7.73,5768800,44897593.0,0.3587,-1.7744,1608252021.0,12463953162.75,2026-07-14
2023-08-03,sz.002099,海翔药业,7.75,7.98,8.02,7.75,8109241,64345457.46,0.5043,2.9677,1608019235.0,12831993495.300001,2026-07-14
2023-08-04,sz.002099,海翔药业,7.99,7.94,8.09,7.88,5554171,44361416.45,0.3454,-0.5013,1608040243.0,12767839529.42,2026-07-14
2023-08-07,sz.002099,海翔药业,7.96,7.82,7.96,7.76,5502604,43010773.2,0.3422,-1.5113,1608008182.0,12574623983.24,2026-07-14
2023-08-08,sz.002099,海翔药业,7.86,7.92,7.96,7.75,5065448,39839380.28,0.315,1.2788,1608078730.0,12735983541.6,2026-07-14
2023-08-09,sz.002099,海翔药业,8.01,8.08,8.16,7.97,9688791,78221372.73,0.6025,2.0202,1608098091.0,12993432575.28,2026-07-14
2023-08-10,sz.002099,海翔药业,8.08,8.02,8.13,7.98,5325844,42903166.32,0.3312,-0.7426,1608044686.0,12896518381.72,2026-07-14
2023-08-11,sz.002099,海翔药业,8.08,7.93,8.09,7.91,5457202,43790450.12,0.3394,-1.1222,1607896877.0,12750622234.609999,2026-07-14
2023-08-14,sz.002099,海翔药业,7.8,7.85,7.97,7.77,4644583,36377427.62,0.2888,-1.0088,1608235111.0,12624645621.35,2026-07-14
2023-08-15,sz.002099,海翔药业,7.82,7.87,7.95,7.78,5213000,40918385.0,0.3242,0.2548,1607958051.0,12654629861.37,2026-07-14
2023-08-16,sz.002099,海翔药业,7.71,7.82,7.92,7.71,3697421,29062781.01,0.2299,-0.6353,1608273597.0,12576699528.54,2026-07-14
2023-08-17,sz.002099,海翔药业,7.81,7.86,7.87,7.73,3629455,28290165.29,0.2257,0.5115,1608088170.0,12639573016.2,2026-07-14
2023-08-18,sz.002099,海翔药业,7.9,7.61,7.9,7.61,5535800,42716376.0,0.3442,-3.1807,1608309123.0,12239232426.03,2026-07-14
2023-08-21,sz.002099,海翔药业,7.63,7.65,7.83,7.57,4481200,34487167.0,0.2787,0.5256,1607893793.0,12300387516.45,2026-07-14
2023-08-22,sz.002099,海翔药业,7.68,7.43,7.74,7.4,8686400,65096927.0,0.5402,-2.8758,1607997038.0,11947417992.34,2026-07-14
2023-08-23,sz.002099,海翔药业,7.43,7.34,7.48,7.33,4737000,35011097.0,0.2946,-1.2113,1607942974.0,11802301429.16,2026-07-14
2023-08-24,sz.002099,海翔药业,7.33,7.41,7.48,7.3,4318620,31879414.4,0.2686,0.9537,1607825763.0,11913988903.83,2026-07-14
2023-08-25,sz.002099,海翔药业,7.41,7.36,7.49,7.31,4210649,31200551.68,0.2618,-0.6748,1608345684.0,11837424234.24,2026-07-14
2023-08-28,sz.002099,海翔药业,7.6,7.26,7.7,7.24,6987104,52011198.7,0.4345,-1.3587,1608079171.0,11674654781.46,2026-07-14
2023-08-29,sz.002099,海翔药业,7.28,7.49,7.51,7.26,5816500,43269521.84,0.3617,3.168,1608100636.0,12044673763.64,2026-07-14
2023-08-30,sz.002099,海翔药业,7.53,7.5,7.57,7.38,5273312,39371149.36,0.3261,0.1335,1617084330.0,12128132475.0,2026-07-14
2023-08-31,sz.002099,海翔药业,7.53,7.49,7.55,7.38,4309500,32151926.0,0.2665,-0.1333,1617073171.0,12111878050.79,2026-07-14
2023-09-01,sz.002099,海翔药业,7.46,7.51,7.53,7.46,3449794,25839428.64,0.2133,0.267,1617343647.0,12146250788.97,2026-07-14
2023-09-04,sz.002099,海翔药业,7.52,7.76,7.77,7.48,9000800,69169839.0,0.5566,3.3289,1617103845.0,12548725837.199999,2026-07-14
2023-09-05,sz.002099,海翔药业,7.72,7.77,7.98,7.67,9211140,71937403.8,0.5696,0.1289,1617124298.0,12565055795.46,2026-07-14
2023-09-06,sz.002099,海翔药业,7.76,7.74,7.85,7.66,4247700,33010679.0,0.2627,-0.3861,1616939475.0,12515111536.5,2026-07-14
2023-09-07,sz.002099,海翔药业,7.82,7.62,7.82,7.6,3756100,28782165.0,0.2323,-1.5504,1616917779.0,12320913475.98,2026-07-14
2023-09-08,sz.002099,海翔药业,7.57,7.69,7.74,7.57,2831070,21737888.85,0.1751,0.9186,1616830383.0,12433425645.27,2026-07-14
2023-09-11,sz.002099,海翔药业,7.67,7.9,7.91,7.67,5760095,45175673.55,0.3562,2.7308,1617095733.0,12775056290.7,2026-07-14
2023-09-12,sz.002099,海翔药业,7.88,7.85,7.93,7.8,4847300,38123398.0,0.2997,-0.6329,1617384051.0,12696464800.349998,2026-07-14
2023-09-13,sz.002099,海翔药业,7.85,7.8,7.88,7.72,4105069,32004087.82,0.2538,-0.6369,1617442474.0,12616051297.199999,2026-07-14
2023-09-14,sz.002099,海翔药业,7.8,7.84,7.86,7.74,3049900,23798430.0,0.1886,0.5128,1617126193.0,12678269353.119999,2026-07-14
2023-09-15,sz.002099,海翔药业,7.81,7.87,7.91,7.79,5499829,43258544.54,0.3401,0.3827,1617121141.0,12726743379.67,2026-07-14
2023-09-18,sz.002099,海翔药业,7.94,7.91,7.95,7.81,5668000,44630373.0,0.3505,0.5083,1617118402.0,12791406559.82,2026-07-14
2023-09-19,sz.002099,海翔药业,7.9,7.88,7.97,7.84,4592900,36243471.0,0.284,-0.3793,1617218310.0,12743680282.8,2026-07-14
2023-09-20,sz.002099,海翔药业,7.88,7.89,7.95,7.86,3724400,29409204.0,0.2303,0.1269,1617194963.0,12759668258.07,2026-07-14
2023-09-21,sz.002099,海翔药业,7.97,7.79,8.02,7.77,5593100,43718069.0,0.3459,-1.2674,1616970223.0,12596198037.17,2026-07-14
2023-09-22,sz.002099,海翔药业,7.73,7.85,7.85,7.69,5303278,41223494.8,0.3279,0.7702,1617346142.0,12696167214.699999,2026-07-14
2023-09-25,sz.002099,海翔药业,7.81,8.45,8.56,7.77,29077666,240579648.04,1.798,7.6433,1617222803.0,13665532685.349998,2026-07-14
2023-09-26,sz.002099,海翔药业,8.56,8.5,8.79,8.44,29511800,254028450.29,1.8249,0.5917,1617173544.0,13745975124.0,2026-07-14
2023-09-27,sz.002099,海翔药业,8.49,8.51,8.55,8.41,13351397,113331000.8,0.8256,0.1176,1617175024.0,13762159454.24,2026-07-14
2023-09-28,sz.002099,海翔药业,8.5,8.6,8.88,8.49,28307521,245965406.91,1.7504,1.0576,1617202982.0,13907945645.199999,2026-07-14
2023-10-09,sz.002099,海翔药业,8.57,8.69,8.8,8.52,20110621,173933057.35,1.2436,1.0465,1617129382.0,14052854329.58,2026-07-14
2023-10-10,sz.002099,海翔药业,8.69,8.54,8.78,8.44,21923900,188338234.0,1.3557,-1.7261,1617164564.0,13810585376.56,2026-07-14
2023-10-11,sz.002099,海翔药业,8.53,8.63,8.73,8.53,21924093,189353793.59,1.3557,1.0539,1617178801.0,13956253052.630001,2026-07-14
2023-10-12,sz.002099,海翔药业,8.63,8.75,8.79,8.59,25545800,222312300.0,1.5796,1.3905,1617232211.0,14150781846.25,2026-07-14
2023-10-13,sz.002099,海翔药业,8.75,9.63,9.63,8.58,139761618,1305264201.23,8.6423,10.0571,1617180820.0,15573451296.6,2026-07-14
2023-10-16,sz.002099,海翔药业,9.55,9.9,10.11,9.44,140300954,1370813695.16,8.6756,2.8037,1617190212.0,16010183098.800001,2026-07-14
2023-10-17,sz.002099,海翔药业,9.71,9.49,10.0,9.1,114279251,1095607097.76,7.0665,-4.1414,1617197354.0,15347202889.460001,2026-07-14
2023-10-18,sz.002099,海翔药业,9.27,8.54,9.48,8.54,57473078,508858323.69,3.5539,-10.0105,1617183320.0,13810745552.8,2026-07-14
2023-10-19,sz.002099,海翔药业,7.99,7.69,8.15,7.69,64223927,497690676.76,3.9713,-9.9532,1617201596.0,12436280273.24,2026-07-14
2023-10-20,sz.002099,海翔药业,7.27,6.92,7.38,6.92,64621554,454582234.08,3.9959,-10.013,1617196476.0,11190999613.92,2026-07-14
2023-10-23,sz.002099,海翔药业,6.84,6.82,7.03,6.62,48113540,326690743.37,2.9751,-1.4451,1617207489.0,11029355074.98,2026-07-14
2023-10-24,sz.002099,海翔药业,6.84,6.83,6.97,6.72,32908244,225005023.17,2.0349,0.1466,1617192196.0,11045422698.68,2026-07-14
2023-10-25,sz.002099,海翔药业,6.85,6.93,7.09,6.81,33748103,234270222.63,2.0868,1.4641,1617217893.0,11207319998.49,2026-07-14
2023-10-26,sz.002099,海翔药业,6.85,6.76,6.91,6.71,21436200,145587311.0,1.3255,-2.4531,1617216145.0,10932381140.199999,2026-07-14
2023-10-27,sz.002099,海翔药业,6.74,7.04,7.11,6.65,31312420,215959740.27,1.9362,4.142,1617209999.0,11385158392.960001,2026-07-14
2023-10-30,sz.002099,海翔药业,6.96,7.24,7.29,6.96,32183754,230701073.06,1.9901,2.8409,1617192804.0,11708475900.960001,2026-07-14
2023-10-31,sz.002099,海翔药业,7.11,7.21,7.38,7.1,24110032,175014576.0,1.4909,-0.4144,1617146153.0,11659623763.13,2026-07-14
2023-11-01,sz.002099,海翔药业,7.2,7.16,7.28,7.12,15631911,112352654.73,0.9666,-0.6935,1617205773.0,11579193334.68,2026-07-14
2023-11-02,sz.002099,海翔药业,7.18,7.17,7.21,7.11,11916046,85353161.43,0.7368,0.1397,1617270087.0,11595826523.789999,2026-07-14
2023-11-03,sz.002099,海翔药业,7.13,7.26,7.34,7.13,12371475,89893740.28,0.765,1.2552,1617186275.0,11740772356.5,2026-07-14
2023-11-06,sz.002099,海翔药业,7.3,7.46,7.5,7.28,16987441,126006830.45,1.0504,2.7548,1617235434.0,12064576337.64,2026-07-14
2023-11-07,sz.002099,海翔药业,7.49,7.33,7.49,7.3,14764500,108493658.0,0.913,-1.7426,1617141292.0,11853645670.36,2026-07-14
2023-11-08,sz.002099,海翔药业,7.33,7.36,7.45,7.26,13225361,97578870.91,0.8178,0.4093,1617187699.0,11902501464.640001,2026-07-14
2023-11-09,sz.002099,海翔药业,7.45,7.23,7.55,7.23,13309400,97260657.0,0.823,-1.7663,1617181045.0,11692218955.35,2026-07-14
2023-11-10,sz.002099,海翔药业,7.16,7.22,7.29,7.15,8805518,63593049.44,0.5445,-0.1383,1617175023.0,11676003666.06,2026-07-14
2023-11-13,sz.002099,海翔药业,7.22,7.28,7.32,7.2,8464956,61387865.12,0.5234,0.831,1617301490.0,11773954847.2,2026-07-14
2023-11-14,sz.002099,海翔药业,7.33,7.26,7.33,7.23,9810491,71315328.39,0.6066,-0.2747,1617291625.0,11741537197.5,2026-07-14
2023-11-15,sz.002099,海翔药业,7.29,7.22,7.31,7.2,10158687,73523234.2,0.6282,-0.551,1617110315.0,11675536474.3,2026-07-14
2023-11-16,sz.002099,海翔药业,7.21,7.11,7.24,7.1,8524971,60982880.94,0.5271,-1.5235,1617334661.0,11499249439.710001,2026-07-14
2023-11-17,sz.002099,海翔药业,7.11,7.16,7.2,7.06,9085170,64763204.7,0.5618,0.7032,1617153791.0,11578821143.56,2026-07-14
2023-11-20,sz.002099,海翔药业,7.16,7.17,7.23,7.12,7382770,52931653.2,0.4565,0.1397,1617255203.0,11595719805.51,2026-07-14
2023-11-21,sz.002099,海翔药业,7.17,7.23,7.33,7.14,10681258,77412749.51,0.6605,0.8368,1617147313.0,11691975072.99,2026-07-14
2023-11-22,sz.002099,海翔药业,7.23,7.2,7.29,7.2,6468605,46868417.73,0.4,-0.4149,1617151250.0,11643489000.0,2026-07-14
2023-11-23,sz.002099,海翔药业,7.2,7.26,7.3,7.18,7817243,56670260.18,0.4834,0.8333,1617137567.0,11740418736.42,2026-07-14
2023-11-24,sz.002099,海翔药业,7.23,7.26,7.32,7.19,9570278,69387833.54,0.5918,0.0,1617147347.0,11740489739.22,2026-07-14
2023-11-27,sz.002099,海翔药业,7.26,7.12,7.27,7.12,9415020,67453605.8,0.5822,-1.9284,1617145311.0,11514074614.32,2026-07-14
2023-11-28,sz.002099,海翔药业,7.09,7.18,7.21,7.01,7571319,54003340.23,0.4682,0.8427,1617112132.0,11610865107.76,2026-07-14
2023-11-29,sz.002099,海翔药业,7.18,7.05,7.19,7.03,6934800,49189914.0,0.4288,-1.8106,1617257463.0,11401665114.15,2026-07-14
2023-11-30,sz.002099,海翔药业,7.06,7.05,7.09,6.98,8434900,59233687.0,0.5216,0.0,1617120399.0,11400698812.949999,2026-07-14
2023-12-01,sz.002099,海翔药业,7.05,7.08,7.11,7.01,5761100,40746386.0,0.3562,0.4255,1617377878.0,11451035376.24,2026-07-14
2023-12-04,sz.002099,海翔药业,7.08,6.95,7.1,6.93,7587000,52954222.0,0.4691,-1.8362,1617352377.0,11240599020.15,2026-07-14
2023-12-05,sz.002099,海翔药业,6.93,6.9,6.99,6.88,7470544,51695034.0,0.4619,-0.7194,1617350942.0,11159721499.800001,2026-07-14
2023-12-06,sz.002099,海翔药业,6.88,6.95,7.02,6.83,6792676,46974556.84,0.42,0.7246,1617303810.0,11240261479.5,2026-07-14
2023-12-07,sz.002099,海翔药业,6.95,6.87,6.96,6.86,4910210,33841181.7,0.3036,-1.1511,1617328722.0,11111048320.14,2026-07-14
2023-12-08,sz.002099,海翔药业,6.88,6.82,6.93,6.8,6698587,45861787.34,0.4142,-0.7278,1617234911.0,11029542093.02,2026-07-14
2023-12-11,sz.002099,海翔药业,6.8,6.91,6.93,6.75,8914504,61113924.92,0.5512,1.3196,1617290276.0,11175475807.16,2026-07-14
2023-12-12,sz.002099,海翔药业,6.94,6.95,7.02,6.91,6577700,45785756.0,0.4067,0.5789,1617334645.0,11240475782.75,2026-07-14
2023-12-13,sz.002099,海翔药业,6.96,6.97,7.1,6.93,7761279,54544970.72,0.4799,0.2878,1617270056.0,11272372290.32,2026-07-14
2023-12-14,sz.002099,海翔药业,6.97,7.01,7.14,6.97,11604917,81959323.2,0.7176,0.5739,1617184643.0,11336464347.43,2026-07-14
2023-12-15,sz.002099,海翔药业,6.99,6.78,7.01,6.78,9905781,67923865.94,0.6125,-3.281,1617270367.0,10965093088.26,2026-07-14
2023-12-18,sz.002099,海翔药业,6.79,6.72,6.83,6.69,5913800,39943353.0,0.3657,-0.885,1617117856.0,10867031992.32,2026-07-14
2023-12-19,sz.002099,海翔药业,6.72,6.76,6.79,6.63,9820020,65789124.6,0.6072,0.5952,1617262846.0,10932696838.96,2026-07-14
2023-12-20,sz.002099,海翔药业,6.8,6.79,6.87,6.67,6019120,40694759.6,0.3722,0.4438,1617173563.0,10980608492.77,2026-07-14
2023-12-21,sz.002099,海翔药业,6.76,6.73,6.76,6.5,11606209,76740338.77,0.7177,-0.8837,1617139334.0,10883347717.820002,2026-07-14
2023-12-22,sz.002099,海翔药业,6.72,6.69,6.72,6.57,7346461,48656438.79,0.4543,-0.5944,1617094651.0,10818363215.19,2026-07-14
2023-12-25,sz.002099,海翔药业,6.62,6.8,6.8,6.55,8694132,57990335.0,0.5376,1.6442,1617212054.0,10997041967.199999,2026-07-14
2023-12-26,sz.002099,海翔药业,6.78,6.69,6.79,6.6,11088087,73807374.94,0.6856,-1.6176,1617282235.0,10819618152.150002,2026-07-14
2023-12-27,sz.002099,海翔药业,6.62,6.79,6.8,6.58,12696605,85203922.8,0.7851,1.4948,1617195899.0,10980760154.210001,2026-07-14
2023-12-28,sz.002099,海翔药业,6.77,6.94,6.95,6.75,8397271,57751794.32,0.5193,2.2091,1617036588.0,11222233920.720001,2026-07-14
2023-12-29,sz.002099,海翔药业,6.93,7.19,7.2,6.92,11814216,83950275.3,0.7305,3.6023,1617278029.0,11628229028.51,2026-07-14
2024-01-02,sz.002099,海翔药业,7.19,7.2,7.29,7.19,7724388,55835227.25,0.4776,0.1391,1617334171.0,11644806031.2,2026-07-14
2024-01-03,sz.002099,海翔药业,7.16,7.26,7.33,7.12,9042200,65756989.0,0.5591,0.8333,1617277768.0,11741436595.68,2026-07-14
2024-01-04,sz.002099,海翔药业,7.28,7.29,7.3,7.19,5783100,41865034.0,0.3576,0.4132,1617197987.0,11789373325.23,2026-07-14
2024-01-05,sz.002099,海翔药业,7.28,7.13,7.29,7.09,7337217,52643451.7,0.4537,-2.1948,1617195724.0,11530605512.119999,2026-07-14
2024-01-08,sz.002099,海翔药业,7.1,7.0,7.12,6.87,6299690,43907062.0,0.3895,-1.8233,1617378691.0,11321650837.0,2026-07-14
2024-01-09,sz.002099,海翔药业,7.0,6.97,7.01,6.87,5081253,35281617.89,0.3142,-0.4286,1617203374.0,11271907516.779999,2026-07-14
2024-01-10,sz.002099,海翔药业,6.94,6.91,7.0,6.86,4479700,30997086.86,0.277,-0.8608,1617220217.0,11174991699.47,2026-07-14
2024-01-11,sz.002099,海翔药业,6.91,6.92,6.97,6.87,4974655,34451757.4,0.3076,0.1447,1617248049.0,11191356499.08,2026-07-14
2024-01-12,sz.002099,海翔药业,6.91,6.89,7.0,6.85,5001246,34566084.05,0.3093,-0.4335,1616956353.0,11140829272.17,2026-07-14
2024-01-15,sz.002099,海翔药业,6.81,6.86,6.9,6.81,4051400,27819485.0,0.2505,-0.4354,1617325349.0,11094851894.140001,2026-07-14
2024-01-16,sz.002099,海翔药业,6.86,6.87,6.89,6.75,4062800,27721575.0,0.2512,0.1458,1617356688.0,11111240446.56,2026-07-14
2024-01-17,sz.002099,海翔药业,6.85,6.66,6.89,6.66,4077078,27558826.5,0.2521,-3.0568,1617246331.0,10770860564.460001,2026-07-14
2024-01-18,sz.002099,海翔药业,6.67,6.48,6.68,6.21,12791306,81788080.72,0.791,-2.7027,1617105689.0,10478844864.720001,2026-07-14
2024-01-19,sz.002099,海翔药业,6.46,6.45,6.51,6.36,4672912,30063554.4,0.289,-0.463,1616924567.0,10429163457.15,2026-07-14
2024-01-22,sz.002099,海翔药业,6.43,5.81,6.43,5.81,13751031,83453203.32,0.8503,-9.9225,1617197577.0,9395917922.369999,2026-07-14
2024-01-23,sz.002099,海翔药业,5.75,5.88,5.99,5.67,12960854,75852053.37,0.8014,1.2048,1617276516.0,9509585914.08,2026-07-14
2024-01-24,sz.002099,海翔药业,5.9,6.03,6.03,5.77,9670207,57168362.98,0.598,2.551,1617091472.0,9751061576.16,2026-07-14
2024-01-25,sz.002099,海翔药业,6.02,6.34,6.35,5.94,8996596,55750458.44,0.5563,5.141,1617220205.0,10253176099.699999,2026-07-14
2024-01-26,sz.002099,海翔药业,6.32,6.28,6.41,6.23,7140775,45091672.5,0.4416,-0.9464,1617023324.0,10154906474.720001,2026-07-14
2024-01-29,sz.002099,海翔药业,6.26,5.65,6.27,5.65,19776100,113679422.14,1.2229,-10.0318,1617147764.0,9136884866.6,2026-07-14
2024-01-30,sz.002099,海翔药业,5.2,5.09,5.28,5.09,31858300,163614306.0,1.97,-9.9115,1617172589.0,8231408478.01,2026-07-14
2024-01-31,sz.002099,海翔药业,4.58,4.82,5.25,4.58,39396340,192200324.19,2.4361,-5.3045,1617188950.0,7794850739.0,2026-07-14
2024-02-01,sz.002099,海翔药业,4.82,4.34,4.94,4.34,52470099,237724992.05,3.2445,-9.9585,1617201387.0,7018654019.58,2026-07-14
2024-02-02,sz.002099,海翔药业,3.91,4.37,4.48,3.91,65662884,280055800.76,4.0603,0.6912,1617192917.0,7067133047.29,2026-07-14
2024-02-05,sz.002099,海翔药业,4.4,4.22,4.51,4.0,58964558,249861959.54,3.6462,-3.4325,1617150952.0,6824377017.44,2026-07-14
2024-02-06,sz.002099,海翔药业,4.09,4.3,4.44,3.95,45095346,188918448.45,2.7886,1.8957,1617132109.0,6953668068.7,2026-07-14
2024-02-07,sz.002099,海翔药业,4.33,4.68,4.73,4.29,52703268,242543627.54,3.2591,8.8372,1617111104.0,7568079966.719999,2026-07-14
2024-02-08,sz.002099,海翔药业,4.69,4.69,4.88,4.66,35776467,169654883.66,2.2123,0.2137,1617161642.0,7584488100.9800005,2026-07-14
2024-02-19,sz.002099,海翔药业,4.75,5.0,5.11,4.75,27362331,135452471.7,1.692,6.6098,1617159043.0,8085795215.0,2026-07-14
2024-02-20,sz.002099,海翔药业,5.0,5.08,5.09,4.9,15901751,80019329.46,0.9833,1.6,1617182040.0,8215284763.2,2026-07-14
2024-02-21,sz.002099,海翔药业,5.08,5.19,5.33,4.97,19014739,98866886.85,1.1758,2.1654,1617174605.0,8393136199.950001,2026-07-14
2024-02-22,sz.002099,海翔药业,5.18,5.26,5.34,5.16,12833300,67251135.0,0.7936,1.3487,1617099294.0,8505942286.44,2026-07-14
2024-02-23,sz.002099,海翔药业,5.26,5.29,5.34,5.22,10328150,54423428.0,0.6387,0.5703,1617058087.0,8554237280.2300005,2026-07-14
2024-02-26,sz.002099,海翔药业,5.31,5.41,5.54,5.26,15538581,83732226.81,0.9609,2.2684,1617086169.0,8748436174.29,2026-07-14
2024-02-27,sz.002099,海翔药业,5.4,5.67,5.67,5.38,12657665,70267250.71,0.7827,4.8059,1617179635.0,9169408530.45,2026-07-14
2024-02-28,sz.002099,海翔药业,5.69,5.49,5.85,5.48,23004373,130402926.0,1.4225,-3.1746,1617179121.0,8878313374.29,2026-07-14
2024-02-29,sz.002099,海翔药业,5.46,5.55,5.59,5.42,13874844,76477799.13,0.858,1.0929,1617114685.0,8974986501.75,2026-07-14
2024-03-01,sz.002099,海翔药业,5.55,5.56,5.65,5.47,8246936,45601845.76,0.51,0.1802,1617046275.0,8990777289.0,2026-07-14
2024-03-04,sz.002099,海翔药业,5.58,5.6,5.62,5.51,9171623,51044188.42,0.5672,0.7194,1616999824.0,9055199014.4,2026-07-14
2024-03-05,sz.002099,海翔药业,5.61,5.59,5.63,5.5,10844744,60527136.32,0.6706,-0.1786,1617170295.0,9039981949.05,2026-07-14
2024-03-06,sz.002099,海翔药业,5.58,5.54,5.6,5.46,7544057,41712631.06,0.4665,-0.8945,1617161200.0,8959073048.0,2026-07-14
2024-03-07,sz.002099,海翔药业,5.5,5.43,5.59,5.43,6563400,36139225.35,0.4059,-1.9856,1616999261.0,8780305987.23,2026-07-14
2024-03-08,sz.002099,海翔药业,5.4,5.5,5.5,5.4,7262800,39603427.0,0.4491,1.2891,1617189935.0,8894544642.5,2026-07-14
2024-03-11,sz.002099,海翔药业,5.43,5.55,5.55,5.41,8346692,45724074.76,0.5161,0.9091,1617262546.0,8975807130.3,2026-07-14
2024-03-12,sz.002099,海翔药业,5.57,5.64,5.67,5.56,11752205,65965821.95,0.7267,1.6216,1617201734.0,9121017779.76,2026-07-14
2024-03-13,sz.002099,海翔药业,5.66,5.6,5.66,5.54,6765681,37808345.79,0.4184,-0.7092,1617036568.0,9055404780.8,2026-07-14
2024-03-14,sz.002099,海翔药业,5.65,5.6,5.72,5.54,10803785,60812840.93,0.6681,0.0,1617091004.0,9055709622.4,2026-07-14
2024-03-15,sz.002099,海翔药业,5.57,5.72,5.72,5.56,9967047,56294029.49,0.6163,2.1429,1617239494.0,9250609905.68,2026-07-14
2024-03-18,sz.002099,海翔药业,5.71,5.78,5.8,5.67,9406999,54013923.87,0.5817,1.049,1617156438.0,9347164211.640001,2026-07-14
2024-03-19,sz.002099,海翔药业,5.77,5.79,5.87,5.74,8456992,49155990.63,0.523,0.173,1617015679.0,9362520781.41,2026-07-14
2024-03-20,sz.002099,海翔药业,5.78,5.94,5.94,5.74,10891854,63877876.94,0.6735,2.5907,1617201782.0,9606178585.08,2026-07-14
2024-03-21,sz.002099,海翔药业,5.95,5.93,6.04,5.91,8494602,50587280.82,0.5253,-0.1684,1617095374.0,9589375567.82,2026-07-14
2024-03-22,sz.002099,海翔药业,5.91,5.85,5.95,5.78,8957939,52295349.81,0.5539,-1.3491,1617248420.0,9460903257.0,2026-07-14
2024-03-25,sz.002099,海翔药业,5.88,5.69,5.89,5.68,6423208,37160088.44,0.3972,-2.735,1617121853.0,9201423343.57,2026-07-14
2024-03-26,sz.002099,海翔药业,5.69,5.61,5.75,5.56,6837064,38550118.82,0.4228,-1.406,1617091769.0,9071884824.09,2026-07-14
2024-03-27,sz.002099,海翔药业,5.66,5.54,5.7,5.54,8011301,45128658.64,0.4954,-1.2478,1617137868.0,8958943788.72,2026-07-14
2024-03-28,sz.002099,海翔药业,5.54,5.56,5.67,5.49,7222300,40324840.0,0.4466,0.361,1617174205.0,8991488579.8,2026-07-14
2024-03-29,sz.002099,海翔药业,5.65,5.6,5.65,5.52,6266871,34943796.18,0.3875,0.7194,1617257032.0,9056639379.199999,2026-07-14
2024-04-01,sz.002099,海翔药业,5.69,6.15,6.16,5.67,32472568,195541851.4,2.008,9.8214,1617159761.0,9945532530.150002,2026-07-14
2024-04-02,sz.002099,海翔药业,6.14,6.13,6.24,6.07,23773624,146476893.95,1.4701,-0.3252,1617143324.0,9913088576.119999,2026-07-14
2024-04-03,sz.002099,海翔药业,6.13,6.16,6.29,6.1,13438456,83275794.96,0.831,0.4894,1617142720.0,9961599155.2,2026-07-14
2024-04-08,sz.002099,海翔药业,6.16,5.77,6.28,5.76,17509379,104391618.01,1.0827,-6.3312,1617195807.0,9331219806.39,2026-07-14
2024-04-09,sz.002099,海翔药业,5.75,5.87,5.87,5.71,8835820,51229502.4,0.5464,1.7331,1617097365.0,9492361532.55,2026-07-14
2024-04-10,sz.002099,海翔药业,5.86,5.72,5.88,5.67,7097802,40830344.42,0.4389,-2.5554,1617179768.0,9250268272.96,2026-07-14
2024-04-11,sz.002099,海翔药业,5.72,5.71,5.84,5.65,6819900,39201387.0,0.4217,-0.1748,1617239744.0,9234438938.24,2026-07-14
2024-04-12,sz.002099,海翔药业,5.66,5.61,5.74,5.61,5766300,32666728.0,0.3566,-1.7513,1617021873.0,9071492707.53,2026-07-14
2024-04-15,sz.002099,海翔药业,5.6,5.39,5.65,5.16,16842503,90305519.59,1.0415,-3.9216,1617139030.0,8716379371.699999,2026-07-14
2024-04-16,sz.002099,海翔药业,5.37,5.16,5.48,5.05,19042400,98823661.0,1.1775,-4.2672,1617188960.0,8344695033.6,2026-07-14
2024-04-17,sz.002099,海翔药业,5.2,5.64,5.68,5.2,14668383,80589248.81,0.9071,9.3023,1617063499.0,9120238134.359999,2026-07-14
2024-04-18,sz.002099,海翔药业,5.73,5.61,5.75,5.54,10483190,58923770.8,0.6483,-0.5319,1617027611.0,9071524897.710001,2026-07-14
2024-04-19,sz.002099,海翔药业,5.55,5.51,5.67,5.48,8129179,45048378.5,0.5027,-1.7825,1617103441.0,8910239959.91,2026-07-14
2024-04-22,sz.002099,海翔药业,5.47,5.45,5.57,5.36,6364100,34842000.0,0.3935,-1.0889,1617306226.0,8814318931.7,2026-07-14
2024-04-23,sz.002099,海翔药业,5.5,5.59,5.64,5.46,6941300,38482182.0,0.4292,2.5688,1617264678.0,9040509550.02,2026-07-14
2024-04-24,sz.002099,海翔药业,5.63,5.75,5.78,5.56,6210408,35246355.0,0.384,2.8623,1617293750.0,9299439062.5,2026-07-14
2024-04-25,sz.002099,海翔药业,5.74,5.96,5.99,5.73,9609300,56818053.0,0.5942,3.6522,1617182767.0,9638409291.32,2026-07-14
2024-04-26,sz.002099,海翔药业,5.97,5.93,6.0,5.87,9919920,58906667.2,0.6134,-0.5034,1617202478.0,9590010694.539999,2026-07-14
2024-04-29,sz.002099,海翔药业,5.94,6.24,6.28,5.94,15340404,94233672.0,0.9486,5.2277,1617162555.0,10091094343.2,2026-07-14
2024-04-30,sz.002099,海翔药业,6.24,6.34,6.38,6.23,10357410,65293794.5,0.6405,1.6026,1617081967.0,10252299670.78,2026-07-14
2024-05-06,sz.002099,海翔药业,6.42,6.44,6.47,6.34,10814900,69398497.0,0.6688,1.5773,1617060407.0,10413869021.08,2026-07-14
2024-05-07,sz.002099,海翔药业,6.45,6.56,6.61,6.42,10954415,71620567.25,0.6774,1.8634,1617126513.0,10608349925.279999,2026-07-14
2024-05-08,sz.002099,海翔药业,6.55,6.48,6.62,6.46,10090300,66001128.0,0.624,-1.2195,1617035256.0,10478388458.880001,2026-07-14
2024-05-09,sz.002099,海翔药业,6.56,6.42,6.58,6.39,8125483,52570338.67,0.5025,-0.9259,1617011542.0,10381214099.64,2026-07-14
2024-05-10,sz.002099,海翔药业,6.42,6.34,6.45,6.31,9970557,63506831.94,0.6166,-1.2461,1617021894.0,10251918807.96,2026-07-14
2024-05-13,sz.002099,海翔药业,6.36,6.31,6.39,6.29,6441287,40797585.84,0.3983,-0.4732,1617194828.0,10204499364.68,2026-07-14
2024-05-14,sz.002099,海翔药业,6.31,6.36,6.42,6.28,5899252,37661870.72,0.3648,0.7924,1617119518.0,10284880134.480001,2026-07-14
2024-05-15,sz.002099,海翔药业,6.37,6.33,6.42,6.3,5132277,32589730.95,0.3174,-0.4717,1616974480.0,10235448458.4,2026-07-14
2024-05-16,sz.002099,海翔药业,6.33,6.26,6.39,6.24,6637750,41880904.5,0.4105,-1.1058,1616991474.0,10122366627.24,2026-07-14
2024-05-17,sz.002099,海翔药业,6.23,6.3,6.32,6.19,5848410,36576241.7,0.3617,0.639,1616922864.0,10186614043.199999,2026-07-14
2024-05-20,sz.002099,海翔药业,6.22,6.28,6.36,6.22,5121400,32259877.0,0.3167,-0.3175,1617113988.0,10155475844.640001,2026-07-14
2024-05-21,sz.002099,海翔药业,6.27,6.19,6.3,6.15,5991800,37115616.0,0.3705,-1.4331,1617219973.0,10010591632.87,2026-07-14
2024-05-22,sz.002099,海翔药业,6.19,6.17,6.27,6.16,4632552,28685162.84,0.2865,-0.3231,1616946597.0,9976560503.49,2026-07-14
2024-05-23,sz.002099,海翔药业,6.16,5.99,6.21,5.95,8037700,48543934.0,0.497,-2.9173,1617243461.0,9687288331.390001,2026-07-14
2024-05-24,sz.002099,海翔药业,5.97,5.9,6.06,5.89,6591400,39282541.0,0.4076,-1.5025,1617124632.0,9541035328.800001,2026-07-14
2024-05-27,sz.002099,海翔药业,5.97,5.93,5.97,5.81,6071200,35672577.0,0.3754,0.5085,1617261588.0,9590361216.84,2026-07-14
2024-05-28,sz.002099,海翔药业,5.93,5.81,5.96,5.78,7485010,43844569.0,0.4629,-2.0236,1616982070.0,9394665826.699999,2026-07-14
2024-05-29,sz.002099,海翔药业,5.78,5.82,5.88,5.71,7680400,44532490.0,0.4749,0.1721,1617266793.0,9412492735.26,2026-07-14
2024-05-30,sz.002099,海翔药业,5.77,5.84,5.86,5.72,5647738,32800054.25,0.3492,0.3436,1617336197.0,9445243390.48,2026-07-14
2024-05-31,sz.002099,海翔药业,5.88,6.09,6.18,5.86,10880072,65808092.82,0.6728,4.2808,1617133175.0,9848341035.75,2026-07-14
2024-06-03,sz.002099,海翔药业,5.97,5.64,6.06,5.58,18521572,106034824.13,1.1453,-7.3892,1617180826.0,9120899858.64,2026-07-14
2024-06-04,sz.002099,海翔药业,5.57,5.65,5.69,5.51,11321502,63241584.16,0.7001,0.1773,1617126411.0,9136764222.150002,2026-07-14
2024-06-05,sz.002099,海翔药业,5.62,5.7,5.79,5.6,7602922,43349445.86,0.4701,0.885,1617298873.0,9218603576.1,2026-07-14
2024-06-06,sz.002099,海翔药业,5.68,5.42,5.75,5.41,8053507,44421291.01,0.498,-4.9123,1617170080.0,8765061833.6,2026-07-14
2024-06-07,sz.002099,海翔药业,5.49,5.51,5.62,5.42,6171900,34024150.0,0.3817,1.6605,1616950485.0,8909397172.35,2026-07-14
2024-06-11,sz.002099,海翔药业,5.53,5.73,5.78,5.39,11996261,67006885.96,0.7418,3.9927,1617182664.0,9266456664.720001,2026-07-14
2024-06-12,sz.002099,海翔药业,5.73,6.12,6.28,5.69,25102107,152933681.86,1.5523,6.8063,1617091219.0,9896598260.28,2026-07-14
2024-06-13,sz.002099,海翔药业,6.14,5.88,6.15,5.85,15685023,93559545.82,0.9699,-3.9216,1617179400.0,9509014872.0,2026-07-14
2024-06-14,sz.002099,海翔药业,5.88,5.89,5.98,5.78,17056784,100318468.56,1.0548,0.1701,1617063330.0,9524503013.699999,2026-07-14
2024-06-17,sz.002099,海翔药业,5.81,5.7,5.87,5.63,13311862,76127693.44,0.8232,-3.2258,1617087221.0,9217397159.7,2026-07-14
2024-06-18,sz.002099,海翔药业,5.74,5.67,5.78,5.63,10251384,58454651.48,0.6339,-0.5263,1617192617.0,9169482138.39,2026-07-14
2024-06-19,sz.002099,海翔药业,5.68,5.34,5.71,5.33,15046213,82349602.85,0.9304,-5.8201,1617176806.0,8635724144.039999,2026-07-14
2024-06-20,sz.002099,海翔药业,5.36,5.28,5.59,5.27,14119306,76307023.51,0.8731,-1.1236,1617146490.0,8538533467.200001,2026-07-14
2024-06-21,sz.002099,海翔药业,5.27,5.36,5.45,5.16,7632300,40678083.0,0.472,1.5152,1617012712.0,8667188136.32,2026-07-14
2024-06-24,sz.002099,海翔药业,5.34,5.2,5.36,5.18,10364996,54414348.03,0.641,-2.9851,1617004056.0,8408421091.200001,2026-07-14
2024-06-25,sz.002099,海翔药业,5.21,5.24,5.42,5.2,9783266,51839581.83,0.605,0.7692,1617068760.0,8473440302.400001,2026-07-14
2024-06-26,sz.002099,海翔药业,5.25,5.45,5.47,5.2,7742753,41256655.97,0.4788,4.0076,1617116332.0,8813284009.4,2026-07-14
2024-06-27,sz.002099,海翔药业,5.46,5.24,5.49,5.22,8942252,47340144.84,0.553,-3.8532,1617043761.0,8473309307.64,2026-07-14
2024-06-28,sz.002099,海翔药业,5.25,5.11,5.33,5.08,10707248,55648785.7,0.6621,-2.4809,1617164779.0,8263712020.690001,2026-07-14
2024-07-01,sz.002099,海翔药业,5.13,5.19,5.22,5.06,6932744,35697871.84,0.4287,1.5656,1617155120.0,8393035072.8,2026-07-14
2024-07-02,sz.002099,海翔药业,5.18,5.27,5.32,5.16,7419792,39082463.0,0.4588,1.5414,1617217088.0,8522734053.759999,2026-07-14
2024-07-03,sz.002099,海翔药业,5.25,5.21,5.32,5.19,5428944,28458531.8,0.3357,-1.1385,1617201072.0,8425617585.12,2026-07-14
2024-07-04,sz.002099,海翔药业,5.19,5.05,5.24,5.0,7125500,36304744.0,0.4406,-3.071,1617226509.0,8166993870.45,2026-07-14
2024-07-05,sz.002099,海翔药业,5.05,5.25,5.27,4.94,8204357,42243180.2,0.5073,3.9604,1617259413.0,8490611918.25,2026-07-14
2024-07-08,sz.002099,海翔药业,5.25,5.05,5.27,5.02,9617000,48985107.0,0.5947,-3.8095,1617117875.0,8166445268.75,2026-07-14
2024-07-09,sz.002099,海翔药业,5.02,5.04,5.09,4.89,9688700,48442426.0,0.5991,-0.198,1617209147.0,8150734100.88,2026-07-14
2024-07-10,sz.002099,海翔药业,5.04,5.01,5.1,4.94,6167800,30978941.0,0.3814,-0.5952,1617147352.0,8101908233.5199995,2026-07-14
2024-07-11,sz.002099,海翔药业,5.07,5.15,5.2,5.06,7406900,38041280.0,0.458,2.7944,1617227074.0,8328719431.1,2026-07-14
2024-07-12,sz.002099,海翔药业,5.14,5.25,5.29,5.12,7247100,37881003.0,0.4481,1.9417,1617295247.0,8490800046.75,2026-07-14
2024-07-15,sz.002099,海翔药业,5.26,5.11,5.26,5.08,5952600,30506886.0,0.3681,-2.6667,1617114914.0,8263457210.540001,2026-07-14
2024-07-16,sz.002099,海翔药业,5.08,5.03,5.12,4.99,6894800,34809467.0,0.4264,-1.5656,1616979362.0,8133406190.860001,2026-07-14
2024-07-17,sz.002099,海翔药业,5.0,5.06,5.1,4.96,8313500,41741702.0,0.5141,0.5964,1617097841.0,8182515075.459999,2026-07-14
2024-07-18,sz.002099,海翔药业,4.99,5.11,5.12,4.96,9227400,46606510.0,0.5706,0.9881,1617139853.0,8263584648.830001,2026-07-14
2024-07-19,sz.002099,海翔药业,5.11,5.09,5.13,5.03,4690500,23855605.0,0.2901,-0.3914,1616856256.0,8229798343.04,2026-07-14
2024-07-22,sz.002099,海翔药业,5.05,5.13,5.16,5.04,5105900,26095580.0,0.3157,0.7859,1617326576.0,8296885334.88,2026-07-14
2024-07-23,sz.002099,海翔药业,5.14,4.99,5.15,4.97,8689700,43671973.63,0.5374,-2.729,1616989207.0,8068776142.93,2026-07-14
2024-07-24,sz.002099,海翔药业,4.99,4.89,5.03,4.88,7393200,36381305.0,0.4572,-2.004,1617060367.0,7907425194.629999,2026-07-14
2024-07-25,sz.002099,海翔药业,4.83,4.88,4.95,4.8,4685100,22852060.0,0.2897,-0.2045,1617224715.0,7892056609.2,2026-07-14
2024-07-26,sz.002099,海翔药业,4.89,4.96,4.97,4.88,5142900,25406375.0,0.318,1.6393,1617264151.0,8021630188.96,2026-07-14
2024-07-29,sz.002099,海翔药业,4.95,4.9,5.0,4.87,4485100,22024054.0,0.2773,-1.2097,1617417959.0,7925347999.1,2026-07-14
2024-07-30,sz.002099,海翔药业,4.91,4.95,4.96,4.86,4259146,21017475.78,0.2634,1.0204,1616987851.0,8004089862.450001,2026-07-14
2024-07-31,sz.002099,海翔药业,4.93,5.28,5.31,4.92,13889143,71984748.54,0.8589,6.6667,1617084992.0,8538208757.76,2026-07-14
2024-08-01,sz.002099,海翔药业,5.29,5.32,5.4,5.24,7069300,37618049.0,0.4372,0.7576,1616948765.0,8602167429.800001,2026-07-14
2024-08-02,sz.002099,海翔药业,5.3,5.32,5.42,5.29,6626452,35541967.16,0.4098,0.0,1616996584.0,8602421826.880001,2026-07-14
2024-08-05,sz.002099,海翔药业,5.3,5.2,5.42,5.19,7773300,41221971.0,0.4807,-2.2556,1617079259.0,8408812146.8,2026-07-14
2024-08-06,sz.002099,海翔药业,5.25,5.36,5.38,5.2,8832146,46671780.64,0.5462,3.0769,1617016844.0,8667210283.84,2026-07-14
2024-08-07,sz.002099,海翔药业,5.38,5.48,5.5,5.24,14317107,77188459.04,0.8853,2.2388,1617203999.0,8862277914.52,2026-07-14
2024-08-08,sz.002099,海翔药业,5.54,5.57,5.83,5.47,27605446,155031133.29,1.7071,1.6423,1617096011.0,9007224781.27,2026-07-14
2024-08-09,sz.002099,海翔药业,5.53,5.5,5.64,5.49,11040914,61427126.57,0.6827,-1.2567,1617242420.0,8894833310.0,2026-07-14
2024-08-12,sz.002099,海翔药业,5.42,5.46,5.56,5.42,5850065,32138727.2,0.3618,-0.7273,1616933389.0,8828456303.94,2026-07-14
2024-08-13,sz.002099,海翔药业,5.46,5.48,5.53,5.38,5832826,31788582.86,0.3607,0.3663,1617085112.0,8861626413.76,2026-07-14
2024-08-14,sz.002099,海翔药业,5.48,5.38,5.49,5.35,5419904,29262312.92,0.3352,-1.8248,1616916468.0,8699010597.84,2026-07-14
2024-08-15,sz.002099,海翔药业,5.35,5.38,5.5,5.34,6638800,35885972.0,0.4105,0.0,1617247259.0,8700790253.42,2026-07-14
2024-08-16,sz.002099,海翔药业,5.38,5.37,5.44,5.35,3990500,21495536.0,0.2468,-0.1859,1616896272.0,8682732980.64,2026-07-14
2024-08-19,sz.002099,海翔药业,5.39,5.33,5.41,5.32,5909600,31733433.0,0.3654,-0.7449,1617296114.0,8620188287.62,2026-07-14
2024-08-20,sz.002099,海翔药业,5.35,5.22,5.35,5.17,5254200,27492569.0,0.3249,-2.0638,1617174515.0,8441650968.299999,2026-07-14
2024-08-21,sz.002099,海翔药业,5.22,5.22,5.27,5.17,3096276,16168184.51,0.1915,0.0,1616854308.0,8439979487.759999,2026-07-14
2024-08-22,sz.002099,海翔药业,5.21,5.19,5.27,5.18,4196999,21866163.8,0.2595,-0.5747,1617340655.0,8393997999.450001,2026-07-14
2024-08-23,sz.002099,海翔药业,5.22,5.15,5.28,5.12,6720300,34819395.0,0.4156,-0.7707,1617011550.0,8327609482.500001,2026-07-14
2024-08-26,sz.002099,海翔药业,5.14,5.24,5.25,5.13,5585711,29040207.0,0.3454,1.7476,1617171685.0,8473979629.400001,2026-07-14
2024-08-27,sz.002099,海翔药业,5.23,5.27,5.33,5.2,4843800,25570696.0,0.2995,0.5725,1617295492.0,8523147242.839999,2026-07-14
2024-08-28,sz.002099,海翔药业,5.26,5.4,5.43,5.23,5474400,29311111.0,0.3385,2.4668,1617252585.0,8733163959.0,2026-07-14
2024-08-29,sz.002099,海翔药业,5.4,5.4,5.45,5.36,5934300,32084025.0,0.367,0.0,1616975477.0,8731667575.800001,2026-07-14
2024-08-30,sz.002099,海翔药业,5.37,5.43,5.49,5.37,7550882,41205736.77,0.4671,0.5556,1616545065.0,8777839702.949999,2026-07-14
2024-09-02,sz.002099,海翔药业,5.56,5.64,5.8,5.52,18717468,106323353.7,1.1579,3.8674,1616501252.0,9117067061.279999,2026-07-14
2024-09-03,sz.002099,海翔药业,5.61,5.57,5.73,5.56,8562810,48253409.7,0.5297,-1.2411,1616539551.0,9004125299.07,2026-07-14
2024-09-04,sz.002099,海翔药业,5.55,5.56,5.63,5.53,6424110,35864981.8,0.3974,-0.1795,1616534977.0,8987934472.119999,2026-07-14
2024-09-05,sz.002099,海翔药业,5.58,5.57,5.62,5.53,4655500,25950543.0,0.288,0.1799,1616493056.0,9003866321.92,2026-07-14
2024-09-06,sz.002099,海翔药业,5.58,5.33,5.61,5.32,6608800,35754348.0,0.4088,-4.3088,1616634051.0,8616659491.83,2026-07-14
2024-09-09,sz.002099,海翔药业,5.33,5.4,5.5,5.32,6563511,35525165.22,0.406,1.3133,1616628325.0,8729792955.0,2026-07-14
2024-09-10,sz.002099,海翔药业,5.4,5.41,5.48,5.29,4880310,26131260.8,0.3019,0.1852,1616531964.0,8745437925.24,2026-07-14
2024-09-11,sz.002099,海翔药业,5.38,5.36,5.45,5.31,5208589,27914784.94,0.3222,-0.9242,1616570143.0,8664815966.480001,2026-07-14
2024-09-12,sz.002099,海翔药业,5.39,5.34,5.45,5.32,3092735,16639015.9,0.1913,-0.3731,1616693675.0,8633144224.5,2026-07-14
2024-09-13,sz.002099,海翔药业,5.33,5.28,5.37,5.26,3045201,16156945.3,0.1884,-1.1236,1616348726.0,8534321273.280001,2026-07-14
2024-09-18,sz.002099,海翔药业,5.28,5.17,5.28,5.09,5267700,27097274.0,0.3259,-2.0833,1616354710.0,8356553850.7,2026-07-14
2024-09-19,sz.002099,海翔药业,5.22,5.29,5.38,5.16,6219602,32786844.54,0.3847,2.3211,1616740837.0,8552559027.7300005,2026-07-14
2024-09-20,sz.002099,海翔药业,5.26,5.18,5.3,5.14,4384010,22807637.86,0.2712,-2.0794,1616522861.0,8373588419.98,2026-07-14
2024-09-23,sz.002099,海翔药业,5.24,5.24,5.27,5.17,3712800,19415279.0,0.2297,1.1583,1616369177.0,8469774487.4800005,2026-07-14
2024-09-24,sz.002099,海翔药业,5.3,5.42,5.43,5.21,9280700,49624019.0,0.5741,3.4351,1616565058.0,8761782614.36,2026-07-14
2024-09-25,sz.002099,海翔药业,5.48,5.52,5.62,5.43,7576289,42052522.73,0.4687,1.845,1616447408.0,8922789692.16,2026-07-14
2024-09-26,sz.002099,海翔药业,5.5,5.67,5.68,5.4,9359018,51900601.06,0.579,2.7174,1616410708.0,9165048714.36,2026-07-14
2024-09-27,sz.002099,海翔药业,5.78,5.84,5.97,5.72,13544997,78805110.48,0.8379,2.9982,1616540995.0,9440599410.8,2026-07-14
2024-09-30,sz.002099,海翔药业,6.09,6.42,6.42,6.07,21965431,139211260.96,1.3588,9.9315,1616531572.0,10378132692.24,2026-07-14
2024-10-08,sz.002099,海翔药业,7.05,6.86,7.06,6.48,32711765,221752812.53,2.0236,6.8536,1616513392.0,11089281869.12,2026-07-14
2024-10-09,sz.002099,海翔药业,6.68,6.17,6.78,6.17,27394124,176932373.8,1.6946,-10.0583,1616553995.0,9974138149.15,2026-07-14
2024-10-10,sz.002099,海翔药业,6.22,6.22,6.46,6.18,20289013,128106705.31,1.2551,0.8104,1616525615.0,10054789325.3,2026-07-14
2024-10-11,sz.002099,海翔药业,6.22,5.89,6.25,5.8,15890400,95023981.0,0.983,-5.3055,1616520855.0,9521307835.949999,2026-07-14
2024-10-14,sz.002099,海翔药业,5.91,6.03,6.05,5.78,12337468,72974304.8,0.7632,2.3769,1616544549.0,9747763630.470001,2026-07-14
2024-10-15,sz.002099,海翔药业,6.08,5.89,6.08,5.88,11143042,66693330.48,0.6893,-2.3217,1616573625.0,9521618651.25,2026-07-14
2024-10-16,sz.002099,海翔药业,5.86,5.88,5.96,5.81,10702203,62987576.07,0.662,-0.1698,1616646979.0,9505884236.52,2026-07-14
2024-10-17,sz.002099,海翔药业,5.94,5.75,5.95,5.75,9520400,55583043.0,0.5889,-2.2109,1616641195.0,9295686871.25,2026-07-14
2024-10-18,sz.002099,海翔药业,5.74,5.97,6.14,5.72,17842855,105781504.75,1.1038,3.8261,1616493477.0,9650466057.69,2026-07-14
2024-10-21,sz.002099,海翔药业,5.98,5.94,6.03,5.86,14056611,83478013.74,0.8696,-0.5025,1616445607.0,9601686905.58,2026-07-14
2024-10-22,sz.002099,海翔药业,6.0,6.02,6.07,5.92,10911790,65397655.0,0.675,1.3468,1616561481.0,9731700115.619999,2026-07-14
2024-10-23,sz.002099,海翔药业,6.03,5.95,6.05,5.93,11278722,67490142.44,0.6977,-1.1628,1616557546.0,9618517398.7,2026-07-14
2024-10-24,sz.002099,海翔药业,5.98,6.0,6.05,5.93,8870102,53066055.98,0.5487,0.8403,1616566794.0,9699400764.0,2026-07-14
2024-10-25,sz.002099,海翔药业,6.02,6.17,6.27,6.0,14877701,91334724.22,0.9203,2.8333,1616614256.0,9974509959.52,2026-07-14
2024-10-28,sz.002099,海翔药业,6.17,6.25,6.27,6.08,11350704,70504089.96,0.7022,1.2966,1616448875.0,10102805468.75,2026-07-14
2024-10-29,sz.002099,海翔药业,6.29,6.04,6.35,6.02,13813541,85003204.23,0.8545,-3.36,1616564190.0,9764047707.6,2026-07-14
2024-10-30,sz.002099,海翔药业,6.05,5.96,6.08,5.87,11505701,68675008.9,0.7118,-1.3245,1616423293.0,9633882826.28,2026-07-14
2024-10-31,sz.002099,海翔药业,5.96,5.94,6.06,5.91,11222369,67037007.87,0.6942,-0.3356,1616590176.0,9602545645.44,2026-07-14
2024-11-01,sz.002099,海翔药业,5.91,5.79,5.94,5.75,15313307,89161783.46,0.9473,-2.5253,1616521377.0,9359658772.83,2026-07-14
2024-11-04,sz.002099,海翔药业,5.82,5.95,5.95,5.79,10032646,58934955.32,0.6206,2.7634,1616604254.0,9618795311.300001,2026-07-14
2024-11-05,sz.002099,海翔药业,5.96,6.25,6.32,5.93,19735434,121612661.36,1.2208,5.042,1616598460.0,10103740375.0,2026-07-14
2024-11-06,sz.002099,海翔药业,6.3,6.16,6.31,6.11,15771974,97288684.32,0.9757,-1.44,1616477811.0,9957503315.76,2026-07-14
2024-11-07,sz.002099,海翔药业,6.11,6.34,6.34,6.11,15339843,96105526.8,0.9489,2.9221,1616592159.0,10249194288.06,2026-07-14
2024-11-08,sz.002099,海翔药业,6.4,6.19,6.43,6.14,14680741,91427274.38,0.9082,-2.3659,1616465646.0,10005922348.74,2026-07-14
2024-11-11,sz.002099,海翔药业,6.17,6.17,6.19,6.05,13830782,84838284.71,0.8556,-0.3231,1616500935.0,9973810768.95,2026-07-14
2024-11-12,sz.002099,海翔药业,6.19,6.2,6.38,6.14,21208500,133218131.0,1.312,0.4862,1616501524.0,10022309448.800001,2026-07-14
2024-11-13,sz.002099,海翔药业,6.19,6.04,6.25,5.95,15291152,92678308.44,0.9459,-2.5806,1616571731.0,9764093255.24,2026-07-14
2024-11-14,sz.002099,海翔药业,6.01,5.82,6.05,5.81,13422090,79101802.06,0.8303,-3.6424,1616534987.0,9408233624.34,2026-07-14
2024-11-15,sz.002099,海翔药业,5.78,5.89,6.03,5.77,16669921,98844144.23,1.0312,1.2027,1616555566.0,9521512283.74,2026-07-14
2024-11-18,sz.002099,海翔药业,5.9,5.79,6.01,5.76,15845900,93220640.0,0.9802,-1.6978,1616598653.0,9360106200.87,2026-07-14
2024-11-19,sz.002099,海翔药业,5.82,5.91,5.91,5.76,11402036,66586800.28,0.7053,2.0725,1616622147.0,9554236888.77,2026-07-14
2024-11-20,sz.002099,海翔药业,5.88,6.02,6.03,5.86,14302470,85373007.7,0.8848,1.8613,1616463608.0,9731110920.16,2026-07-14
2024-11-21,sz.002099,海翔药业,6.02,6.04,6.04,5.92,9989719,59781080.38,0.618,0.3322,1616459385.0,9763414685.4,2026-07-14
2024-11-22,sz.002099,海翔药业,6.13,5.73,6.14,5.72,16661926,98387896.72,1.0307,-5.1325,1616564083.0,9262912195.59,2026-07-14
2024-11-25,sz.002099,海翔药业,5.73,5.76,5.81,5.64,11438910,65540114.7,0.7076,0.5236,1616578575.0,9311492592.0,2026-07-14
2024-11-26,sz.002099,海翔药业,5.78,5.78,5.9,5.73,11180510,64866677.6,0.6916,0.3472,1616615095.0,9344035249.1,2026-07-14
2024-11-27,sz.002099,海翔药业,5.73,5.89,5.89,5.64,10876920,62625862.2,0.6729,1.9031,1616424432.0,9520739904.48,2026-07-14
2024-11-28,sz.002099,海翔药业,5.9,5.91,5.96,5.85,9831728,58053809.73,0.6082,0.3396,1616528773.0,9553685048.43,2026-07-14
2024-11-29,sz.002099,海翔药业,5.88,5.9,6.0,5.85,12242248,72667965.92,0.7573,-0.1692,1616565166.0,9537734479.400002,2026-07-14
2024-12-02,sz.002099,海翔药业,5.93,6.01,6.06,5.9,12658598,75896674.58,0.7831,1.8644,1616472737.0,9715001149.369999,2026-07-14
2024-12-03,sz.002099,海翔药业,6.07,6.02,6.08,5.95,13032802,78272118.02,0.8062,0.1664,1616571818.0,9731762344.359999,2026-07-14
2024-12-04,sz.002099,海翔药业,5.98,5.84,6.02,5.81,11588400,68278189.0,0.7169,-2.99,1616459757.0,9440124980.88,2026-07-14
2024-12-05,sz.002099,海翔药业,5.82,5.88,5.89,5.8,6896840,40369301.8,0.4266,0.6849,1616699484.0,9506192965.92,2026-07-14
2024-12-06,sz.002099,海翔药业,5.88,5.97,5.97,5.81,10801301,63768313.96,0.6682,1.5306,1616477252.0,9650369194.44,2026-07-14
2024-12-09,sz.002099,海翔药业,6.01,5.95,6.09,5.87,11208700,66968804.0,0.6934,-0.335,1616483992.0,9618079752.4,2026-07-14
2024-12-10,sz.002099,海翔药业,6.05,5.92,6.12,5.92,15744205,94833963.2,0.9739,-0.5042,1616614129.0,9570355643.68,2026-07-14
2024-12-11,sz.002099,海翔药业,5.95,5.95,6.01,5.92,9599824,57246971.56,0.5939,0.5068,1616404108.0,9617604442.6,2026-07-14
2024-12-12,sz.002099,海翔药业,5.96,5.94,5.98,5.88,11868800,70281452.54,0.7342,-0.1681,1616562245.0,9602379735.300001,2026-07-14
2024-12-13,sz.002099,海翔药业,5.93,5.73,5.94,5.72,16638496,96296573.08,1.0293,-3.5354,1616486544.0,9262467897.12,2026-07-14
2024-12-16,sz.002099,海翔药业,5.76,5.74,5.84,5.72,10419940,60156758.14,0.6446,0.1745,1616497052.0,9278693078.48,2026-07-14
2024-12-17,sz.002099,海翔药业,5.73,5.58,5.75,5.53,13076968,73451783.76,0.809,-2.7875,1616436094.0,9019713404.52,2026-07-14
2024-12-18,sz.002099,海翔药业,5.6,5.47,5.62,5.47,10900317,60373095.37,0.6743,-1.9713,1616538188.0,8842463888.359999,2026-07-14
2024-12-19,sz.002099,海翔药业,5.45,5.48,5.51,5.34,10960598,59399687.69,0.678,0.1828,1616607375.0,8859008415.0,2026-07-14
2024-12-20,sz.002099,海翔药业,5.47,5.4,5.5,5.4,8610100,46777779.0,0.5326,-1.4599,1616616598.0,8729729629.2,2026-07-14
2024-12-23,sz.002099,海翔药业,5.4,5.28,5.41,5.27,10802446,57411875.64,0.6682,-2.2222,1616648608.0,8535904650.240001,2026-07-14
2024-12-24,sz.002099,海翔药业,5.3,5.3,5.35,5.23,8738100,46251109.0,0.5405,0.3788,1616669750.0,8568349675.0,2026-07-14
2024-12-25,sz.002099,海翔药业,5.31,5.25,5.39,5.18,8555049,44841231.78,0.5292,-0.9434,1616600340.0,8487151785.0,2026-07-14
2024-12-26,sz.002099,海翔药业,5.23,5.2,5.29,5.19,7567400,39606580.0,0.4681,-0.9524,1616620380.0,8406425976.0,2026-07-14
2024-12-27,sz.002099,海翔药业,5.21,5.34,5.38,5.17,9195737,48763254.1,0.5689,2.6923,1616406574.0,8631611105.16,2026-07-14
2024-12-30,sz.002099,海翔药业,5.35,5.29,5.38,5.24,7106161,37498171.28,0.4396,-0.9363,1616506142.0,8551317491.18,2026-07-14
2024-12-31,sz.002099,海翔药业,5.29,5.16,5.33,5.16,7944806,41487776.76,0.4915,-2.4575,1616440692.0,8340833970.72,2026-07-14
2025-01-02,sz.002099,海翔药业,5.14,5.01,5.2,4.96,11804335,60112583.0,0.7302,-2.907,1616589291.0,8099112347.91,2026-07-14
2025-01-03,sz.002099,海翔药业,5.05,4.94,5.07,4.91,11634020,58095167.08,0.7197,-1.3972,1616509657.0,7985557705.580001,2026-07-14
2025-01-06,sz.002099,海翔药业,4.94,5.07,5.11,4.89,13235165,66685316.11,0.8187,2.6316,1616607426.0,8196199649.820001,2026-07-14
2025-01-07,sz.002099,海翔药业,5.07,4.95,5.07,4.91,10801717,53615797.39,0.6682,-2.3669,1616539509.0,8001870569.55,2026-07-14
2025-01-08,sz.002099,海翔药业,4.95,4.91,4.99,4.81,10263911,50277716.39,0.6349,-0.8081,1616618523.0,7937596947.93,2026-07-14
2025-01-09,sz.002099,海翔药业,4.9,4.86,4.93,4.83,6542200,31935146.0,0.4047,-1.0183,1616555473.0,7856459598.780001,2026-07-14
2025-01-10,sz.002099,海翔药业,4.89,4.77,4.9,4.76,7017776,33833785.84,0.4341,-1.8519,1616626584.0,7711308805.679999,2026-07-14
2025-01-13,sz.002099,海翔药业,4.72,4.8,4.8,4.67,7959537,37788912.86,0.4924,0.6289,1616477864.0,7759093747.2,2026-07-14
2025-01-14,sz.002099,海翔药业,4.81,4.93,4.95,4.79,9788404,47628030.64,0.6055,2.7083,1616581998.0,7969749250.139999,2026-07-14
2025-01-15,sz.002099,海翔药业,4.93,4.81,4.93,4.8,9849704,47611869.48,0.6093,-2.4341,1616560643.0,7775656692.829999,2026-07-14
2025-01-16,sz.002099,海翔药业,4.85,4.82,4.92,4.8,8798400,42721176.0,0.5443,0.2079,1616461510.0,7791344478.200001,2026-07-14
2025-01-17,sz.002099,海翔药业,4.8,4.85,4.89,4.77,6929044,33470656.94,0.4286,0.6224,1616669155.0,7840845401.749999,2026-07-14
2025-01-20,sz.002099,海翔药业,4.89,4.95,5.01,4.88,8427701,41748821.98,0.5213,2.0619,1616670056.0,8002516777.200001,2026-07-14
2025-01-21,sz.002099,海翔药业,5.01,4.87,5.01,4.85,5308100,25938653.0,0.3284,-1.6162,1616352010.0,7871634288.7,2026-07-14
2025-01-22,sz.002099,海翔药业,4.81,4.87,4.9,4.8,7960200,38522271.0,0.4924,0.0,1616612510.0,7872902923.7,2026-07-14
2025-01-23,sz.002099,海翔药业,4.9,4.82,4.97,4.81,8435187,41304512.91,0.5218,-1.0267,1616555577.0,7791797881.14,2026-07-14
2025-01-24,sz.002099,海翔药业,4.81,4.87,4.89,4.79,7176835,34752945.79,0.444,1.0373,1616404279.0,7871888838.7300005,2026-07-14
2025-01-27,sz.002099,海翔药业,4.9,4.96,5.02,4.9,10359071,51560468.0,0.6408,1.848,1616584114.0,8018257205.44,2026-07-14
2025-02-05,sz.002099,海翔药业,4.99,4.97,5.03,4.93,7925571,39570717.26,0.4903,0.2016,1616473792.0,8033874746.24,2026-07-14
2025-02-06,sz.002099,海翔药业,4.97,4.97,4.99,4.88,7295400,36034276.0,0.4513,0.0,1616530024.0,8034154219.28,2026-07-14
2025-02-07,sz.002099,海翔药业,4.98,5.1,5.14,4.97,12816500,65159642.0,0.7928,2.6157,1616612008.0,8244721240.799999,2026-07-14
2025-02-10,sz.002099,海翔药业,5.1,5.13,5.19,5.09,8930001,45940744.16,0.5524,0.5882,1616582368.0,8293067547.84,2026-07-14
2025-02-11,sz.002099,海翔药业,5.16,5.05,5.19,5.0,9059200,45707013.0,0.5604,-1.5595,1616559600.0,8163625980.0,2026-07-14
2025-02-12,sz.002099,海翔药业,5.03,5.03,5.07,4.98,6947900,34829562.0,0.4298,-0.396,1616542578.0,8131209167.34,2026-07-14
2025-02-13,sz.002099,海翔药业,5.02,4.99,5.07,4.98,10359700,51967495.0,0.6409,-0.7952,1616430020.0,8065985799.8,2026-07-14
2025-02-14,sz.002099,海翔药业,4.98,5.03,5.09,4.98,8446300,42544069.0,0.5225,0.8016,1616516746.0,8131079232.38,2026-07-14
2025-02-17,sz.002099,海翔药业,5.09,4.98,5.09,4.98,11228300,56393462.0,0.6946,-0.994,1616513101.0,8050235242.9800005,2026-07-14
2025-02-18,sz.002099,海翔药业,4.98,4.87,4.98,4.86,9148520,45006088.4,0.5659,-2.2088,1616631914.0,7872997421.18,2026-07-14
2025-02-19,sz.002099,海翔药业,4.87,4.88,4.92,4.84,7610800,37079230.0,0.4708,0.2053,1616567545.0,7888849619.599999,2026-07-14
2025-02-20,sz.002099,海翔药业,4.88,4.89,4.95,4.86,7753300,38012437.0,0.4796,0.2049,1616618015.0,7905262093.349999,2026-07-14
2025-02-21,sz.002099,海翔药业,4.9,4.86,4.95,4.81,8919275,43239081.87,0.5518,-0.6135,1616396339.0,7855686207.540001,2026-07-14
2025-02-24,sz.002099,海翔药业,4.86,4.82,4.88,4.81,9349536,45262204.36,0.5784,-0.823,1616448133.0,7791280001.06,2026-07-14
2025-02-25,sz.002099,海翔药业,4.82,4.77,4.84,4.75,7563452,36222033.56,0.4679,-1.0373,1616467621.0,7710550552.169999,2026-07-14
2025-02-26,sz.002099,海翔药业,4.78,4.78,4.81,4.75,9194244,43890797.54,0.5688,0.2096,1616428270.0,7726527130.6,2026-07-14
2025-02-27,sz.002099,海翔药业,4.79,4.76,4.83,4.7,12194071,57956248.7,0.7543,-0.4184,1616607583.0,7695052095.08,2026-07-14
2025-02-28,sz.002099,海翔药业,4.75,4.68,4.77,4.66,11289285,53150248.8,0.6984,-1.6807,1616449742.0,7564984792.559999,2026-07-14
2025-03-03,sz.002099,海翔药业,4.67,4.68,4.76,4.66,11142600,52571489.0,0.6893,0.0,1616509502.0,7565264469.36,2026-07-14
2025-03-04,sz.002099,海翔药业,4.68,4.64,4.69,4.61,9547900,44260324.0,0.5906,-0.8547,1616644091.0,7501228582.24,2026-07-14
2025-03-05,sz.002099,海翔药业,4.63,4.58,4.63,4.5,14150032,64276500.8,0.8753,-1.2931,1616592254.0,7403992523.32,2026-07-14
2025-03-06,sz.002099,海翔药业,4.58,4.61,4.62,4.55,9397300,43169703.0,0.5813,0.655,1616600723.0,7452529333.030001,2026-07-14
2025-03-07,sz.002099,海翔药业,4.59,4.54,4.6,4.52,7959900,36256438.0,0.4924,-1.5184,1616551584.0,7339144191.36,2026-07-14
2025-03-10,sz.002099,海翔药业,4.56,4.99,4.99,4.56,32820769,159183348.66,2.0303,9.9119,1616547752.0,8066573282.4800005,2026-07-14
2025-03-11,sz.002099,海翔药业,5.1,5.12,5.24,4.97,43964932,226160741.58,2.7197,2.6052,1616536089.0,8276664775.68,2026-07-14
2025-03-12,sz.002099,海翔药业,5.2,5.08,5.25,5.05,24316375,124450300.67,1.5042,-0.7813,1616565284.0,8212151642.72,2026-07-14
2025-03-13,sz.002099,海翔药业,5.08,5.1,5.14,4.93,22697300,114232514.33,1.4041,0.3937,1616501674.0,8244158537.4,2026-07-14
2025-03-14,sz.002099,海翔药业,5.08,5.14,5.17,5.06,16354600,83642630.0,1.0117,0.7843,1616546407.0,8309048531.98,2026-07-14
2025-03-17,sz.002099,海翔药业,5.15,5.08,5.18,5.04,11126200,56517152.0,0.6883,-1.1673,1616475374.0,8211694899.92,2026-07-14
2025-03-18,sz.002099,海翔药业,5.08,5.05,5.1,5.02,8973091,45390683.42,0.5551,-0.5906,1616481895.0,8163233569.75,2026-07-14
2025-03-19,sz.002099,海翔药业,5.02,5.08,5.15,5.02,14193454,72359474.32,0.878,0.5941,1616566515.0,8212157896.2,2026-07-14
2025-03-20,sz.002099,海翔药业,5.1,5.11,5.14,5.05,15712292,80202211.2,0.972,0.5906,1616490947.0,8260268739.17,2026-07-14
2025-03-21,sz.002099,海翔药业,5.1,5.06,5.17,5.06,13885392,70924597.49,0.859,-0.9785,1616460070.0,8179287954.2,2026-07-14
2025-03-24,sz.002099,海翔药业,5.06,4.96,5.1,4.88,12998900,64644520.0,0.8041,-1.9763,1616577540.0,8018224598.4,2026-07-14
2025-03-25,sz.002099,海翔药业,4.97,5.03,5.03,4.9,9738717,48394916.15,0.6024,1.4113,1616652888.0,8131764026.64,2026-07-14
2025-03-26,sz.002099,海翔药业,5.02,5.05,5.06,4.99,7867500,39616724.0,0.4867,0.3976,1616498870.0,8163319293.5,2026-07-14
2025-03-27,sz.002099,海翔药业,5.04,5.22,5.25,4.97,22403522,115375124.88,1.3859,3.3663,1616532362.0,8438298929.639999,2026-07-14
2025-03-28,sz.002099,海翔药业,5.21,5.12,5.33,5.11,19824061,103579369.86,1.2263,-1.9157,1616575145.0,8276864742.400001,2026-07-14
2025-03-31,sz.002099,海翔药业,5.08,5.02,5.17,4.98,12529130,63234103.62,0.7751,-1.9531,1616453361.0,8114595872.219999,2026-07-14
2025-04-01,sz.002099,海翔药业,5.0,5.24,5.3,5.0,20030059,104446909.75,1.2391,4.3825,1616500605.0,8470463170.200001,2026-07-14
2025-04-02,sz.002099,海翔药业,5.24,5.2,5.34,5.18,15574800,81649349.0,0.9635,-0.7634,1616481578.0,8405704205.6,2026-07-14
2025-04-03,sz.002099,海翔药业,5.16,5.2,5.28,5.15,11950600,62245496.0,0.7393,0.0,1616475044.0,8405670228.8,2026-07-14
2025-04-07,sz.002099,海翔药业,5.06,4.68,5.06,4.68,17464200,83738554.0,1.0803,-10.0,1616606498.0,7565718410.639999,2026-07-14
2025-04-08,sz.002099,海翔药业,4.67,4.67,4.79,4.54,21929660,102032192.6,1.3566,-0.2137,1616516291.0,7549131078.97,2026-07-14
2025-04-09,sz.002099,海翔药业,4.56,4.73,4.76,4.26,17868080,80705344.28,1.1053,1.2848,1616581923.0,7646432495.790001,2026-07-14
2025-04-10,sz.002099,海翔药业,4.84,4.94,4.99,4.81,13586211,66853058.34,0.8409,4.4397,1615674991.0,7981434455.540001,2026-07-14
2025-04-11,sz.002099,海翔药业,4.91,4.98,5.08,4.9,13057000,65176115.0,0.8081,0.8097,1615765376.0,8046511572.4800005,2026-07-14
2025-04-14,sz.002099,海翔药业,5.02,4.98,5.07,4.97,11148000,55773376.0,0.69,0.0,1615652174.0,8045947826.52,2026-07-14
2025-04-15,sz.002099,海翔药业,4.97,4.98,5.05,4.91,8504914,42327708.68,0.5264,0.0,1615675152.0,8046062256.960001,2026-07-14
2025-04-16,sz.002099,海翔药业,4.99,4.93,5.0,4.83,8769824,43057767.32,0.5428,-1.004,1615663965.0,7965223347.45,2026-07-14
2025-04-17,sz.002099,海翔药业,4.9,4.89,4.96,4.86,6273085,30887318.69,0.3883,-0.8114,1615525367.0,7899919044.629999,2026-07-14
2025-04-18,sz.002099,海翔药业,4.92,4.85,4.95,4.81,6325300,30713470.0,0.3915,-0.818,1615657727.0,7835939975.95,2026-07-14
2025-04-21,sz.002099,海翔药业,4.85,4.92,4.98,4.82,6921700,34052247.0,0.4284,1.4433,1615709617.0,7949291315.64,2026-07-14
2025-04-22,sz.002099,海翔药业,4.94,4.95,4.98,4.89,7691900,38019158.0,0.4761,0.6098,1615605965.0,7997249526.75,2026-07-14
2025-04-23,sz.002099,海翔药业,4.98,4.93,5.1,4.91,9588600,47783609.0,0.5935,-0.404,1615602359.0,7964919629.87,2026-07-14
2025-04-24,sz.002099,海翔药业,4.91,5.16,5.4,4.91,28852858,148178442.99,1.7858,4.6653,1615682495.0,8336921674.2,2026-07-14
2025-04-25,sz.002099,海翔药业,5.06,4.98,5.12,4.94,22788471,114110228.09,1.4104,-3.4884,1615745250.0,8046411345.000001,2026-07-14
2025-04-28,sz.002099,海翔药业,4.94,4.85,4.94,4.79,11774300,57058162.83,0.7287,-2.6104,1615795252.0,7836606972.2,2026-07-14
2025-04-29,sz.002099,海翔药业,4.8,4.96,5.0,4.78,12836200,63444183.0,0.7945,2.268,1615632473.0,8013537066.08,2026-07-14
2025-04-30,sz.002099,海翔药业,4.94,4.99,5.04,4.9,9901700,49239214.0,0.6128,0.6048,1615812663.0,8062905188.37,2026-07-14
2025-05-06,sz.002099,海翔药业,5.01,5.1,5.17,4.98,13324200,67594791.74,0.8247,2.2044,1615642052.0,8239774465.2,2026-07-14
2025-05-07,sz.002099,海翔药业,5.14,5.08,5.19,5.04,9583400,48703513.0,0.5931,-0.3922,1615815208.0,8208341256.64,2026-07-14
2025-05-08,sz.002099,海翔药业,5.07,5.05,5.1,5.03,5455654,27652549.7,0.3377,-0.5906,1615532721.0,8158440241.049999,2026-07-14
2025-05-09,sz.002099,海翔药业,5.07,5.17,5.22,5.01,16775028,85883917.61,1.0383,2.3762,1615624386.0,8352778075.62,2026-07-14
2025-05-12,sz.002099,海翔药业,5.2,5.2,5.28,5.12,12238502,63770689.42,0.7575,0.5803,1615643828.0,8401347905.6,2026-07-14
2025-05-13,sz.002099,海翔药业,5.24,5.18,5.24,5.14,7854000,40740874.0,0.4861,-0.3846,1615716931.0,8369413702.58,2026-07-14
2025-05-14,sz.002099,海翔药业,5.16,5.2,5.26,5.11,10207154,52898037.64,0.6317,0.3861,1615823017.0,8402279688.400001,2026-07-14
2025-05-15,sz.002099,海翔药业,5.18,5.17,5.21,5.15,5297071,27427509.07,0.3279,-0.5769,1615453187.0,8351892976.79,2026-07-14
2025-05-16,sz.002099,海翔药业,5.18,5.22,5.24,5.17,7457271,38825770.91,0.4616,0.9671,1615526646.0,8433049092.12,2026-07-14
2025-05-19,sz.002099,海翔药业,5.22,5.21,5.24,5.16,5693871,29543237.72,0.3524,-0.1916,1615740919.0,8418010187.99,2026-07-14
2025-05-20,sz.002099,海翔药业,5.21,5.28,5.31,5.21,9287300,49060854.0,0.5748,1.3436,1615744607.0,8531131524.96,2026-07-14
2025-05-21,sz.002099,海翔药业,5.29,5.29,5.33,5.26,6427104,34008037.12,0.3978,0.1894,1615662142.0,8546852731.18,2026-07-14
2025-05-22,sz.002099,海翔药业,5.3,5.82,5.82,5.28,58906533,333890709.91,3.6459,10.0189,1615692504.0,9403330373.28,2026-07-14
2025-05-23,sz.002099,海翔药业,5.77,6.4,6.4,5.73,129056928,802735610.65,7.9877,9.9656,1615695732.0,10340452684.800001,2026-07-14
2025-05-26,sz.002099,海翔药业,6.21,6.37,6.5,6.06,108584482,680569469.58,6.7206,-0.4688,1615696247.0,10291985093.39,2026-07-14
2025-05-27,sz.002099,海翔药业,6.45,6.67,6.97,6.39,106839876,719607130.5,6.6126,4.7096,1615701479.0,10776728864.93,2026-07-14
2025-05-28,sz.002099,海翔药业,6.47,6.42,6.87,6.34,73363074,480715331.38,4.5406,-3.7481,1615713210.0,10372878808.2,2026-07-14
2025-05-29,sz.002099,海翔药业,6.4,6.33,6.54,6.29,65438137,417495765.35,4.0501,-1.4019,1615716575.0,10227485919.75,2026-07-14
2025-05-30,sz.002099,海翔药业,6.39,6.34,6.62,6.31,53879904,346959503.36,3.3348,0.158,1615686218.0,10243450622.119999,2026-07-14
2025-06-03,sz.002099,海翔药业,6.22,6.36,6.48,6.17,40354315,256462799.08,2.4976,0.3155,1615723695.0,10276002700.2,2026-07-14
2025-06-04,sz.002099,海翔药业,6.36,6.15,6.38,6.11,36104139,223709619.5,2.2346,-3.3019,1615686879.0,9936474305.85,2026-07-14
2025-06-05,sz.002099,海翔药业,6.16,5.91,6.19,5.81,39171467,231817902.6,2.4244,-3.9024,1615717992.0,9548893332.72,2026-07-14
2025-06-06,sz.002099,海翔药业,5.87,5.88,6.12,5.86,24022002,142605250.29,1.4868,-0.5076,1615684826.0,9500226776.88,2026-07-14
2025-06-09,sz.002099,海翔药业,5.84,6.07,6.18,5.84,33963400,204559159.85,2.1021,3.2313,1615689073.0,9807232673.11,2026-07-14
2025-06-10,sz.002099,海翔药业,6.06,6.06,6.23,6.0,27115400,164828364.0,1.6782,-0.1647,1615743058.0,9791402931.48,2026-07-14
2025-06-11,sz.002099,海翔药业,6.04,6.0,6.12,5.97,18062022,108631273.88,1.1179,-0.9901,1615709992.0,9694259952.0,2026-07-14
2025-06-12,sz.002099,海翔药业,6.0,5.95,6.01,5.89,15275822,90659612.68,0.9455,-0.8333,1615634268.0,9613023894.6,2026-07-14
2025-06-13,sz.002099,海翔药业,5.92,5.78,5.98,5.75,18616522,108595926.16,1.1522,-2.8571,1615737025.0,9338960004.5,2026-07-14
2025-06-16,sz.002099,海翔药业,5.79,5.81,5.86,5.71,15421026,89329866.02,0.9544,0.519,1615782272.0,9387695000.32,2026-07-14
2025-06-17,sz.002099,海翔药业,5.85,5.71,5.92,5.69,15787400,91069722.0,0.9771,-1.7212,1615740456.0,9225878003.76,2026-07-14
2025-06-18,sz.002099,海翔药业,5.68,5.58,5.72,5.53,15264100,85351364.0,0.9447,-2.2767,1615761617.0,9015949822.86,2026-07-14
2025-06-19,sz.002099,海翔药业,5.62,5.4,5.63,5.38,14997300,81804185.0,0.9282,-3.2258,1615740142.0,8724996766.800001,2026-07-14
2025-06-20,sz.002099,海翔药业,5.41,5.37,5.44,5.33,10281200,55224452.0,0.6363,-0.5556,1615778721.0,8676731731.77,2026-07-14
2025-06-23,sz.002099,海翔药业,5.33,5.42,5.44,5.27,13484900,72504082.0,0.8346,0.9311,1615732087.0,8757267911.539999,2026-07-14
2025-06-24,sz.002099,海翔药业,5.43,5.62,5.65,5.43,16927500,94021287.0,1.0477,3.69,1615681970.0,9080132671.4,2026-07-14
2025-06-25,sz.002099,海翔药业,5.61,5.53,5.63,5.48,13031376,72032991.52,0.8065,-1.6014,1615793676.0,8935339028.28,2026-07-14
2025-06-26,sz.002099,海翔药业,5.52,5.47,5.54,5.43,11261502,61743896.0,0.697,-1.085,1615710473.0,8837936287.31,2026-07-14
2025-06-27,sz.002099,海翔药业,5.49,5.51,5.58,5.48,9047700,49971191.0,0.56,0.7313,1615660714.0,8902290534.14,2026-07-14
2025-06-30,sz.002099,海翔药业,5.53,5.5,5.54,5.46,9386500,51563399.0,0.581,-0.1815,1615576592.0,8885671256.0,2026-07-14
2025-07-01,sz.002099,海翔药业,5.52,5.65,5.67,5.5,15116200,84545067.0,0.9356,2.7273,1615669089.0,9128530352.85,2026-07-14
2025-07-02,sz.002099,海翔药业,5.64,5.65,5.85,5.61,22836138,130552964.22,1.4134,0.0,1615688269.0,9128638719.85,2026-07-14
2025-07-03,sz.002099,海翔药业,5.71,5.86,6.03,5.67,36693275,215232386.52,2.271,3.7168,1615732056.0,9468189848.16,2026-07-14
2025-07-04,sz.002099,海翔药业,5.86,5.95,6.1,5.82,34285300,204854324.0,2.122,1.5358,1615706880.0,9613455936.0,2026-07-14
2025-07-07,sz.002099,海翔药业,5.9,6.01,6.05,5.88,24467490,146517638.24,1.5144,1.0084,1615655705.0,9710090787.05,2026-07-14
2025-07-08,sz.002099,海翔药业,6.0,6.02,6.1,5.93,17528367,105384200.0,1.0849,0.1664,1615666605.0,9726312962.099998,2026-07-14
2025-07-09,sz.002099,海翔药业,6.0,6.13,6.2,5.96,22725636,138617490.33,1.4066,1.8272,1615643111.0,9903892270.43,2026-07-14
2025-07-10,sz.002099,海翔药业,6.11,6.14,6.21,6.04,13972700,85743885.0,0.8648,0.1631,1615714616.0,9920487742.24,2026-07-14
2025-07-11,sz.002099,海翔药业,6.15,6.13,6.26,6.11,17963911,110682994.09,1.1118,-0.1629,1615750225.0,9904548879.25,2026-07-14
2025-07-14,sz.002099,海翔药业,6.13,6.18,6.22,6.1,15714682,97052621.86,0.9726,0.8157,1615739461.0,9985269868.98,2026-07-14
2025-07-15,sz.002099,海翔药业,6.15,6.12,6.21,6.04,15533900,94790970.0,0.9614,-0.9709,1615758269.0,9888440606.28,2026-07-14
2025-07-16,sz.002099,海翔药业,6.12,6.2,6.22,6.09,13098900,80752884.0,0.8107,1.3072,1615751819.0,10017661277.800001,2026-07-14
2025-07-17,sz.002099,海翔药业,6.2,6.22,6.32,6.17,18530500,115616456.0,1.1469,0.3226,1615703200.0,10049673904.0,2026-07-14
2025-07-18,sz.002099,海翔药业,6.21,6.2,6.24,6.11,13527400,83158715.0,0.8372,-0.3215,1615790731.0,10017902532.2,2026-07-14
2025-07-21,sz.002099,海翔药业,6.17,6.27,6.27,6.17,13796800,86024689.0,0.8539,1.129,1615739548.0,10130686965.96,2026-07-14
2025-07-22,sz.002099,海翔药业,6.24,6.16,6.28,6.13,12794200,79230343.0,0.7919,-1.7544,1615633287.0,9952301047.92,2026-07-14
2025-07-23,sz.002099,海翔药业,6.2,6.14,6.21,6.11,12386200,76153703.0,0.7666,-0.3247,1615731803.0,9920593270.42,2026-07-14
2025-07-24,sz.002099,海翔药业,6.13,6.18,6.21,6.12,11872400,73185109.0,0.7348,0.6515,1615732172.0,9985224822.96,2026-07-14
2025-07-25,sz.002099,海翔药业,6.18,6.13,6.24,6.12,12392100,76641976.0,0.767,-0.8091,1615658409.0,9903986047.17,2026-07-14
2025-07-28,sz.002099,海翔药业,6.12,6.13,6.2,6.08,14177600,86903029.0,0.8775,0.0,1615680912.0,9904123990.56,2026-07-14
2025-07-29,sz.002099,海翔药业,6.15,6.25,6.41,6.08,22865600,142491724.0,1.4152,1.9576,1615715093.0,10098219331.25,2026-07-14
2025-07-30,sz.002099,海翔药业,6.24,6.33,6.4,6.19,26511000,167578380.0,1.6408,1.28,1615736226.0,10227610310.58,2026-07-14
2025-07-31,sz.002099,海翔药业,6.29,6.24,6.33,6.22,19759012,123874255.0,1.2229,-1.4218,1615750429.0,10082282676.960001,2026-07-14
2025-08-01,sz.002099,海翔药业,6.24,6.22,6.37,6.2,16426400,103020365.0,1.0167,-0.3205,1615658503.0,10049395888.66,2026-07-14
2025-08-04,sz.002099,海翔药业,6.17,6.26,6.27,6.06,18801204,115830583.84,1.1637,0.6431,1615640113.0,10113907107.38,2026-07-14
2025-08-05,sz.002099,海翔药业,6.25,6.27,6.36,6.21,15578204,97629840.0,0.9642,0.1597,1615661066.0,10130194883.82,2026-07-14
2025-08-06,sz.002099,海翔药业,6.28,6.1,6.33,6.08,16371300,100809446.81,1.0133,-2.7113,1615641962.0,9855415968.199999,2026-07-14
2025-08-07,sz.002099,海翔药业,6.1,6.06,6.16,6.04,14304200,87163159.0,0.8853,-0.6557,1615746075.0,9791421214.5,2026-07-14
2025-08-08,sz.002099,海翔药业,6.04,6.04,6.09,5.97,11155491,67185409.37,0.6904,-0.33,1615801130.0,9759438825.2,2026-07-14
2025-08-11,sz.002099,海翔药业,6.03,6.23,6.24,6.0,19182400,118252497.81,1.1873,3.1457,1615632106.0,10065388020.380001,2026-07-14
2025-08-12,sz.002099,海翔药业,6.22,6.21,6.3,6.14,16320000,101266115.0,1.0101,-0.321,1615681616.0,10033382835.36,2026-07-14
2025-08-13,sz.002099,海翔药业,6.22,6.26,6.32,6.14,16854400,104817804.0,1.0432,0.8052,1615644172.0,10113932516.72,2026-07-14
2025-08-14,sz.002099,海翔药业,6.28,6.12,6.34,6.11,14862095,92600505.4,0.9199,-2.2364,1615620720.0,9887598806.4,2026-07-14
2025-08-15,sz.002099,海翔药业,6.12,6.18,6.21,6.08,15332209,94370019.28,0.949,0.9804,1615617387.0,9984515451.66,2026-07-14
2025-08-18,sz.002099,海翔药业,6.18,6.1,6.22,6.09,18006761,110511942.93,1.1145,-1.2945,1615680664.0,9855652050.4,2026-07-14
2025-08-19,sz.002099,海翔药业,6.09,6.12,6.23,6.07,16733097,103193666.61,1.0357,0.3279,1615631650.0,9887665698.0,2026-07-14
2025-08-20,sz.002099,海翔药业,6.16,6.16,6.17,6.02,16372023,99850673.22,1.0133,0.6536,1615713313.0,9952794008.08,2026-07-14
2025-08-21,sz.002099,海翔药业,6.14,6.12,6.19,6.08,12565700,76882936.0,0.7777,-0.6494,1615751575.0,9888399639.0,2026-07-14
2025-08-22,sz.002099,海翔药业,6.12,6.07,6.14,6.01,14063585,85082684.55,0.8704,-0.817,1615761144.0,9807670144.08,2026-07-14
2025-08-25,sz.002099,海翔药业,6.06,6.04,6.15,6.01,17794064,107964203.66,1.1013,-0.4942,1615732680.0,9759025387.2,2026-07-14
2025-08-26,sz.002099,海翔药业,6.04,6.41,6.64,6.01,68991136,441760474.63,4.2701,6.1258,1615679633.0,10356506447.53,2026-07-14
2025-08-27,sz.002099,海翔药业,6.46,6.16,6.64,6.11,47458294,300795434.42,2.9373,-3.9002,1615711504.0,9952782864.64,2026-07-14
2025-08-28,sz.002099,海翔药业,6.15,6.07,6.24,5.83,39009234,234195271.56,2.4144,-1.461,1615690606.0,9807241978.42,2026-07-14
2025-08-29,sz.002099,海翔药业,6.03,6.03,6.11,5.97,18375690,110709043.5,1.1373,-0.659,1615729359.0,9742848034.77,2026-07-14
2025-09-01,sz.002099,海翔药业,6.01,6.14,6.37,5.97,32510987,201726477.17,2.0122,1.8242,1615693619.0,9920358820.66,2026-07-14
2025-09-02,sz.002099,海翔药业,6.14,6.07,6.19,6.02,17301152,105389137.14,1.0708,-1.1401,1615722077.0,9807433007.390001,2026-07-14
2025-09-03,sz.002099,海翔药业,6.08,5.93,6.15,5.91,17124400,103247668.0,1.0599,-2.3064,1615661855.0,9580874800.15,2026-07-14
2025-09-04,sz.002099,海翔药业,5.93,5.89,6.02,5.8,15541000,91933856.0,0.9619,-0.6745,1615656513.0,9516216861.57,2026-07-14
2025-09-05,sz.002099,海翔药业,5.89,5.95,5.95,5.79,11323800,66687637.46,0.7009,1.0187,1615608503.0,9612870592.85,2026-07-14
2025-09-08,sz.002099,海翔药业,5.95,6.02,6.03,5.89,14217020,84859830.16,0.8799,1.1765,1615754063.0,9726839459.26,2026-07-14
2025-09-09,sz.002099,海翔药业,6.02,6.19,6.3,6.0,33655151,209506879.24,2.083,2.8239,1615705761.0,10001218660.59,2026-07-14
2025-09-10,sz.002099,海翔药业,6.28,6.4,6.6,6.23,41343925,267180493.98,2.5589,3.3926,1615691313.0,10340424403.2,2026-07-14
2025-09-11,sz.002099,海翔药业,6.34,6.49,6.55,6.21,31049335,198653177.02,1.9217,1.4063,1615722277.0,10486037577.73,2026-07-14
2025-09-12,sz.002099,海翔药业,6.52,6.39,6.58,6.34,18926287,121329043.78,1.1714,-1.5408,1615698054.0,10324310565.06,2026-07-14
2025-09-15,sz.002099,海翔药业,6.44,6.48,6.54,6.33,19873000,127808054.0,1.23,1.4085,1615691057.0,10469678049.36,2026-07-14
2025-09-16,sz.002099,海翔药业,6.47,6.51,6.57,6.41,14769400,95623844.0,0.9141,0.463,1615731320.0,10518410893.199999,2026-07-14
2025-09-17,sz.002099,海翔药业,6.52,6.4,6.53,6.37,14170163,91431891.96,0.877,-1.6897,1615754048.0,10340825907.2,2026-07-14
2025-09-18,sz.002099,海翔药业,6.42,6.36,6.48,6.27,19046061,121131320.06,1.1788,-0.625,1615716067.0,10275954186.12,2026-07-14
2025-09-19,sz.002099,海翔药业,6.36,6.34,6.48,6.26,17243700,109645105.0,1.0673,-0.3145,1615637590.0,10243142320.6,2026-07-14
2025-09-22,sz.002099,海翔药业,6.34,6.18,6.38,6.17,13747898,85656829.58,0.8509,-2.5237,1615689035.0,9984958236.3,2026-07-14
2025-09-23,sz.002099,海翔药业,6.21,5.88,6.22,5.78,29024975,171549273.52,1.7964,-4.8544,1615730071.0,9500492817.48,2026-07-14
2025-09-24,sz.002099,海翔药业,5.88,5.94,5.96,5.78,13388700,78935984.0,0.8287,1.0204,1615626885.0,9596823696.900002,2026-07-14
2025-09-25,sz.002099,海翔药业,5.92,5.75,5.92,5.72,22464438,130533939.68,1.3904,-3.1987,1615681674.0,9290169625.5,2026-07-14
2025-09-26,sz.002099,海翔药业,5.74,5.66,5.76,5.59,13515529,76536724.14,0.8365,-1.5652,1615723730.0,9144996311.800001,2026-07-14
2025-09-29,sz.002099,海翔药业,5.67,5.71,5.77,5.55,13785300,78132757.0,0.8532,0.8834,1615717300.0,9225745783.0,2026-07-14
2025-09-30,sz.002099,海翔药业,5.71,5.68,5.73,5.66,8617000,49021828.0,0.5333,-0.5254,1615788487.0,9177678606.16,2026-07-14
2025-10-09,sz.002099,海翔药业,5.71,5.85,5.99,5.68,24949193,146287674.35,1.5442,2.993,1615671092.0,9451675888.199999,2026-07-14
2025-10-10,sz.002099,海翔药业,5.83,5.85,5.99,5.81,13670900,80571094.86,0.8461,0.0,1615754639.0,9452164638.15,2026-07-14
2025-10-13,sz.002099,海翔药业,5.75,5.77,5.84,5.68,12593867,72450503.66,0.7795,-1.3675,1615633996.0,9322208156.92,2026-07-14
2025-10-14,sz.002099,海翔药业,5.79,5.65,5.81,5.62,12779577,72892630.29,0.791,-2.0797,1615622882.0,9128269283.300001,2026-07-14
2025-10-15,sz.002099,海翔药业,5.66,5.72,5.76,5.62,9455800,53975542.0,0.5852,1.2389,1615823650.0,9242511278.0,2026-07-14
2025-10-16,sz.002099,海翔药业,5.71,5.71,5.74,5.66,7702000,43877372.0,0.4767,-0.1748,1615691210.0,9225596809.1,2026-07-14
2025-10-17,sz.002099,海翔药业,5.7,5.6,5.76,5.59,8586600,48676836.0,0.5314,-1.9264,1615844938.0,9048731652.8,2026-07-14
2025-10-20,sz.002099,海翔药业,5.6,5.74,5.83,5.59,12408211,71071416.14,0.768,2.5,1615652474.0,9273845200.76,2026-07-14
2025-10-21,sz.002099,海翔药业,5.78,5.86,5.88,5.74,14215466,82540210.18,0.8798,2.0906,1615761082.0,9468359940.52,2026-07-14
2025-10-22,sz.002099,海翔药业,5.8,5.81,5.87,5.79,8410595,48986606.42,0.5206,-0.8532,1615558010.0,9386392038.099998,2026-07-14
2025-10-23,sz.002099,海翔药业,5.81,5.77,5.81,5.68,8930027,51165446.3,0.5527,-0.6885,1615709607.0,9322644432.39,2026-07-14
2025-10-24,sz.002099,海翔药业,5.79,5.72,5.85,5.7,7973634,45927904.82,0.4935,-0.8666,1615731307.0,9241983076.039999,2026-07-14
2025-10-27,sz.002099,海翔药业,5.74,5.69,5.77,5.67,9521253,54279420.85,0.5893,-0.5245,1615688614.0,9193268213.66,2026-07-14
2025-10-28,sz.002099,海翔药业,5.7,5.71,5.76,5.67,8586422,49087538.85,0.5314,0.3515,1615811441.0,9226283328.11,2026-07-14
2025-10-29,sz.002099,海翔药业,5.7,5.67,5.7,5.59,10138549,57233692.56,0.6275,-0.7005,1615705020.0,9161047463.4,2026-07-14
2025-10-30,sz.002099,海翔药业,5.65,5.52,5.66,5.52,11173577,62173662.04,0.6916,-2.6455,1615612637.0,8918181756.24,2026-07-14
2025-10-31,sz.002099,海翔药业,5.52,5.74,5.76,5.52,14028494,79569347.1,0.8683,3.9855,1615627548.0,9273702125.52,2026-07-14
2025-11-03,sz.002099,海翔药业,5.82,6.31,6.31,5.73,51435890,315047798.44,3.1835,9.9303,1615702529.0,10195082957.99,2026-07-14
2025-11-04,sz.002099,海翔药业,6.38,6.24,6.44,6.19,51674766,323816702.01,3.1983,-1.1094,1615694775.0,10081935396.0,2026-07-14
2025-11-05,sz.002099,海翔药业,6.19,6.34,6.4,6.12,34710047,218217644.97,2.1483,1.6026,1615698320.0,10243527348.8,2026-07-14
2025-11-06,sz.002099,海翔药业,6.28,6.25,6.35,6.17,22770800,142070380.0,1.4093,-1.4196,1615752501.0,10098453131.25,2026-07-14
2025-11-07,sz.002099,海翔药业,6.25,6.34,6.37,6.22,25098700,158798239.96,1.5534,1.44,1615726793.0,10243707867.619999,2026-07-14
2025-11-10,sz.002099,海翔药业,6.33,6.38,6.44,6.25,21303478,135082401.84,1.3185,0.6309,1615735912.0,10308395118.56,2026-07-14
2025-11-11,sz.002099,海翔药业,6.36,6.4,6.42,6.31,15546077,99072561.03,0.9622,0.3135,1615680420.0,10340354688.0,2026-07-14
2025-11-12,sz.002099,海翔药业,6.41,6.25,6.41,6.24,16310321,102738123.07,1.0095,-2.3438,1615683110.0,10098019437.5,2026-07-14
2025-11-13,sz.002099,海翔药业,6.28,6.31,6.33,6.23,13948400,87843154.0,0.8633,0.96,1615707170.0,10195112242.699999,2026-07-14
2025-11-14,sz.002099,海翔药业,6.31,6.3,6.41,6.28,16901100,107229592.0,1.0461,-0.1585,1615629481.0,10178465730.3,2026-07-14
2025-11-17,sz.002099,海翔药业,6.34,6.37,6.44,6.3,21052950,133938672.27,1.303,1.1111,1615729087.0,10292194284.19,2026-07-14
2025-11-18,sz.002099,海翔药业,6.34,6.31,6.41,6.25,12301727,77601806.81,0.7614,-0.9419,1615672051.0,10194890641.81,2026-07-14
2025-11-19,sz.002099,海翔药业,6.32,6.16,6.34,6.14,11712000,72738236.0,0.7249,-2.3772,1615671127.0,9952534142.32,2026-07-14
2025-11-20,sz.002099,海翔药业,6.16,6.16,6.23,6.11,9098317,56068317.46,0.5631,0.0,1615755106.0,9953051452.960001,2026-07-14
2025-11-21,sz.002099,海翔药业,6.16,5.87,6.21,5.83,16421044,97585040.28,1.0163,-4.7078,1615767392.0,9484554591.04,2026-07-14
2025-11-24,sz.002099,海翔药业,5.88,6.02,6.2,5.88,17030623,103360406.77,1.0541,2.5554,1615655346.0,9726245182.92,2026-07-14
2025-11-25,sz.002099,海翔药业,6.09,6.23,6.31,6.09,17361600,107976920.0,1.0746,3.4884,1615633724.0,10065398100.52,2026-07-14
2025-11-26,sz.002099,海翔药业,6.23,6.16,6.36,6.14,12071400,75199920.0,0.7471,-1.1236,1615767635.0,9953128631.6,2026-07-14
2025-11-27,sz.002099,海翔药业,6.22,6.18,6.24,6.13,8990900,55562862.0,0.5565,0.3247,1615615454.0,9984503505.72,2026-07-14
2025-11-28,sz.002099,海翔药业,6.18,6.24,6.25,6.12,11090400,68787939.0,0.6864,0.9709,1615734266.0,10082181819.84,2026-07-14
2025-12-01,sz.002099,海翔药业,6.25,6.23,6.33,6.19,11065800,69430159.0,0.6849,-0.1603,1615681121.0,10065693383.83,2026-07-14
2025-12-02,sz.002099,海翔药业,6.22,6.22,6.25,6.14,8548541,53009233.38,0.5291,-0.1605,1615675865.0,10049503880.3,2026-07-14
2025-12-03,sz.002099,海翔药业,6.22,6.15,6.24,6.13,9925960,61169342.0,0.6143,-1.1254,1615816376.0,9937270712.400002,2026-07-14
2025-12-04,sz.002099,海翔药业,6.14,6.18,6.22,6.1,10783600,66535858.0,0.6674,0.4878,1615762661.0,9985413244.98,2026-07-14
2025-12-05,sz.002099,海翔药业,6.17,6.14,6.22,6.06,9243367,56513608.04,0.5721,-0.6472,1615690788.0,9920341438.32,2026-07-14
2025-12-08,sz.002099,海翔药业,6.17,6.28,6.31,6.14,13857340,86398863.78,0.8577,2.2801,1615639501.0,10146216066.28,2026-07-14
2025-12-09,sz.002099,海翔药业,6.28,6.26,6.33,6.18,11889500,74253109.0,0.7359,-0.3185,1615640712.0,10113910857.119999,2026-07-14
2025-12-10,sz.002099,海翔药业,6.33,6.06,6.43,6.05,28928000,179146384.5,1.7904,-3.1949,1615728329.0,9791313673.74,2026-07-14
2025-12-11,sz.002099,海翔药业,6.18,6.02,6.21,5.92,18023433,108809256.65,1.1155,-0.6601,1615726849.0,9726675630.98,2026-07-14
2025-12-12,sz.002099,海翔药业,6.02,5.95,6.04,5.93,11171436,66684335.92,0.6914,-1.1628,1615770321.0,9613833409.95,2026-07-14
2025-12-15,sz.002099,海翔药业,5.91,5.86,5.93,5.85,10600838,62351157.76,0.6561,-1.5126,1615735101.0,9468207691.86,2026-07-14
2025-12-16,sz.002099,海翔药业,5.86,5.75,5.88,5.66,15003212,86306931.6,0.9286,-1.8771,1615680810.0,9290164657.5,2026-07-14
2025-12-17,sz.002099,海翔药业,5.74,5.83,5.9,5.73,11865400,69064191.0,0.7344,1.3913,1615659041.0,9419292209.03,2026-07-14
2025-12-18,sz.002099,海翔药业,5.87,5.97,6.04,5.84,15080600,89615482.96,0.9334,2.4014,1615663167.0,9645509106.99,2026-07-14
2025-12-19,sz.002099,海翔药业,6.0,6.0,6.05,5.94,9611054,57697743.04,0.5949,0.5025,1615574718.0,9693448308.0,2026-07-14
2025-12-22,sz.002099,海翔药业,5.98,6.02,6.04,5.92,9402500,56353675.0,0.5819,0.3333,1615827462.0,9727281321.24,2026-07-14
2025-12-23,sz.002099,海翔药业,6.0,6.08,6.21,5.96,13902078,84770268.06,0.8604,0.9967,1615769177.0,9823876596.16,2026-07-14
2025-12-24,sz.002099,海翔药业,6.06,6.02,6.11,5.93,11277997,67793571.5,0.698,-0.9868,1615758883.0,9726868475.66,2026-07-14
2025-12-25,sz.002099,海翔药业,6.02,6.11,6.27,5.95,19247800,117422233.0,1.1913,1.495,1615697138.0,9871909513.18,2026-07-14
2025-12-26,sz.002099,海翔药业,6.11,5.97,6.11,5.95,13469800,81025029.0,0.8337,-2.2913,1615665107.0,9645520688.789999,2026-07-14
2025-12-29,sz.002099,海翔药业,6.37,6.17,6.39,6.09,51936788,322731216.77,3.2145,3.3501,1615703469.0,9968890403.73,2026-07-14
2025-12-30,sz.002099,海翔药业,6.32,6.51,6.79,6.29,72052239,474889848.85,4.4595,5.5105,1615702186.0,10518221230.859999,2026-07-14
2025-12-31,sz.002099,海翔药业,6.44,6.24,6.49,6.05,50436821,314106520.95,3.1217,-4.1475,1615684435.0,10081870874.4,2026-07-14
2026-01-05,sz.002099,海翔药业,6.27,6.43,6.72,6.27,45916038,297668417.74,2.8419,3.0449,1615680988.0,10388828752.84,2026-07-14
2026-01-06,sz.002099,海翔药业,6.46,6.51,6.58,6.36,33768000,217912358.0,2.09,1.2442,1615693780.0,10518166507.8,2026-07-14
2026-01-07,sz.002099,海翔药业,6.51,6.67,6.85,6.36,49337488,325536944.62,3.0536,2.4578,1615715483.0,10776822271.61,2026-07-14
2026-01-08,sz.002099,海翔药业,6.65,6.86,6.87,6.52,39872198,267382994.04,2.4678,2.8486,1615698112.0,11083689048.32,2026-07-14
2026-01-09,sz.002099,海翔药业,7.01,7.18,7.43,7.0,70496095,510316923.33,4.3632,4.6647,1615697080.0,11600705034.4,2026-07-14
2026-01-12,sz.002099,海翔药业,7.24,7.4,7.51,7.12,58292474,427938909.94,3.6079,3.0641,1615689847.0,11956104867.800001,2026-07-14
2026-01-13,sz.002099,海翔药业,7.56,7.12,7.71,7.07,50256933,365786124.27,3.1105,-3.7838,1615718791.0,11503917791.92,2026-07-14
2026-01-14,sz.002099,海翔药业,7.15,6.96,7.19,6.8,50094342,350153447.9,3.1005,-2.2472,1615685922.0,11245174017.12,2026-07-14
2026-01-15,sz.002099,海翔药业,6.87,6.69,6.91,6.61,29121624,196091177.76,1.8024,-3.8793,1615713715.0,10809124753.35,2026-07-14
2026-01-16,sz.002099,海翔药业,6.74,6.52,6.75,6.49,20702525,135877358.17,1.2813,-2.5411,1615743776.0,10534649419.519999,2026-07-14
2026-01-19,sz.002099,海翔药业,6.5,6.54,6.56,6.42,19670456,128021980.36,1.2175,0.3067,1615643203.0,10566306547.62,2026-07-14
2026-01-20,sz.002099,海翔药业,6.56,6.46,6.59,6.41,19903391,128800595.22,1.2319,-1.2232,1615666125.0,10437203167.5,2026-07-14
2026-01-21,sz.002099,海翔药业,6.41,6.37,6.47,6.35,16543517,105929613.48,1.0239,-1.3932,1615735619.0,10292235893.03,2026-07-14
2026-01-22,sz.002099,海翔药业,6.37,6.43,6.49,6.31,16768834,107594425.56,1.0379,0.9419,1615650255.0,10388631139.65,2026-07-14
2026-01-23,sz.002099,海翔药业,6.44,6.57,6.64,6.44,24261309,158486666.47,1.5016,2.1773,1615697190.0,10615130538.300001,2026-07-14
2026-01-26,sz.002099,海翔药业,6.54,6.4,6.56,6.35,23208700,148642000.68,1.4365,-2.5875,1615642186.0,10340109990.400002,2026-07-14
2026-01-27,sz.002099,海翔药业,6.42,6.27,6.42,6.18,21742776,135983106.77,1.3457,-2.0313,1615722375.0,10130579291.25,2026-07-14
2026-01-28,sz.002099,海翔药业,6.27,6.35,6.47,6.22,33692805,214185701.01,2.0853,1.2759,1615729391.0,10259881632.849998,2026-07-14
2026-01-29,sz.002099,海翔药业,6.22,6.41,6.42,6.14,31070495,195534814.47,1.923,0.9449,1615730369.0,10356831665.29,2026-07-14
2026-01-30,sz.002099,海翔药业,6.35,6.33,6.54,6.32,22528112,144300727.83,1.3943,-1.248,1615729183.0,10227565728.39,2026-07-14
2026-02-02,sz.002099,海翔药业,6.3,6.81,6.96,6.25,101870420,688427534.44,6.305,7.5829,1615708485.0,11002974782.849998,2026-07-14
2026-02-03,sz.002099,海翔药业,6.96,6.92,6.99,6.6,74707162,509109951.3,4.6238,1.6153,1615709200.0,11180707664.0,2026-07-14
2026-02-04,sz.002099,海翔药业,6.88,6.98,7.29,6.85,67929975,479885461.14,4.2044,0.8671,1615687732.0,11277500369.36,2026-07-14
2026-02-05,sz.002099,海翔药业,6.98,6.83,7.05,6.82,30382603,209999545.28,1.8805,-2.149,1615666206.0,11035000186.98,2026-07-14
2026-02-06,sz.002099,海翔药业,6.88,7.51,7.51,6.77,101134288,736110807.56,6.2595,9.9561,1615692755.0,12133852590.05,2026-07-14
2026-02-09,sz.002099,海翔药业,8.26,8.26,8.26,7.83,110838630,909991383.08,6.8601,9.9867,1615699917.0,13345681314.42,2026-07-14
2026-02-10,sz.002099,海翔药业,8.26,8.38,9.09,7.96,251951972,2162311583.38,15.594,1.4528,1615698166.0,13539550631.080002,2026-07-14
2026-02-11,sz.002099,海翔药业,8.51,8.2,8.69,8.17,157168983,1318953274.27,9.7276,-2.148,1615701540.0,13248752627.999998,2026-07-14
2026-02-12,sz.002099,海翔药业,7.99,8.29,8.54,7.99,111397986,926498068.77,6.8947,1.0976,1615704614.0,13394191250.06,2026-07-14
2026-02-13,sz.002099,海翔药业,8.29,7.48,8.37,7.46,106575136,824012786.31,6.5962,-9.7708,1615705042.0,12085473714.16,2026-07-14
2026-02-24,sz.002099,海翔药业,7.65,7.67,7.81,7.49,85515223,654920527.64,5.2928,2.5401,1615689673.0,12392339791.91,2026-07-14
2026-02-25,sz.002099,海翔药业,7.72,8.03,8.25,7.52,94236896,743630168.05,5.8326,4.6936,1615692761.0,12974012870.829998,2026-07-14
2026-02-26,sz.002099,海翔药业,8.27,8.83,8.83,8.27,43227887,376102444.36,2.6755,9.9626,1615693777.0,14266576050.91,2026-07-14
2026-02-27,sz.002099,海翔药业,8.33,8.1,8.4,7.95,149742730,1210490506.32,9.268,-8.2673,1615696267.0,13087139762.699999,2026-07-14
2026-03-02,sz.002099,海翔药业,7.95,7.99,8.06,7.72,83308230,657442445.85,5.1562,-1.358,1615690431.0,12909366543.69,2026-07-14
2026-03-03,sz.002099,海翔药业,7.93,7.45,8.03,7.4,72784599,553758352.02,4.5048,-6.7584,1615712107.0,12037055197.15,2026-07-14
2026-03-04,sz.002099,海翔药业,7.36,7.63,7.7,7.3,46240212,350619924.74,2.8619,2.4161,1615717251.0,12327922625.13,2026-07-14
2026-03-05,sz.002099,海翔药业,7.64,7.33,7.7,7.22,50908399,376941809.66,3.1509,-3.9318,1615678028.0,11842919945.24,2026-07-14
2026-03-06,sz.002099,海翔药业,7.26,7.5,7.54,7.2,34777036,257971345.62,2.1524,2.3192,1615732949.0,12117997117.5,2026-07-14
2026-03-09,sz.002099,海翔药业,7.3,7.53,7.54,7.17,38407894,282251749.23,2.3772,0.4,1615677856.0,12166054255.68,2026-07-14
2026-03-10,sz.002099,海翔药业,7.6,7.46,7.75,7.43,34560411,261459574.57,2.139,-0.9296,1615727489.0,12053327067.94,2026-07-14
2026-03-11,sz.002099,海翔药业,7.49,7.55,7.58,7.39,33192469,248566945.26,2.0544,1.2064,1615677035.0,12198361614.25,2026-07-14
2026-03-12,sz.002099,海翔药业,7.54,7.48,7.62,7.37,22875665,171511822.44,1.4158,-0.9272,1615741277.0,12085744751.960001,2026-07-14
2026-03-13,sz.002099,海翔药业,7.51,7.38,7.63,7.37,32085308,240221585.95,1.9858,-1.3369,1615737134.0,11924140048.92,2026-07-14
2026-03-16,sz.002099,海翔药业,7.37,7.26,7.4,7.15,29658482,214980528.27,1.8356,-1.626,1615737742.0,11730256006.92,2026-07-14
2026-03-17,sz.002099,海翔药业,7.26,7.13,7.28,7.12,22300506,160555496.3,1.3802,-1.7906,1615744530.0,11520258498.9,2026-07-14
2026-03-18,sz.002099,海翔药业,7.13,7.2,7.24,7.09,18314311,131260058.32,1.1335,0.9818,1615731010.0,11633263272.0,2026-07-14
2026-03-19,sz.002099,海翔药业,7.13,6.9,7.16,6.86,26028500,182048402.48,1.611,-4.1667,1615673495.0,11148147115.5,2026-07-14
2026-03-20,sz.002099,海翔药业,6.91,6.73,6.99,6.72,19672187,134920465.65,1.2176,-2.4638,1615652677.0,10873342516.210001,2026-07-14
2026-03-23,sz.002099,海翔药业,6.6,6.43,6.76,6.35,27631953,181178700.19,1.7102,-4.4577,1615714712.0,10389045598.16,2026-07-14
2026-03-24,sz.002099,海翔药业,6.53,6.88,6.93,6.45,37212417,248461332.5,2.3032,6.9984,1615683267.0,11115900876.96,2026-07-14
2026-03-25,sz.002099,海翔药业,6.82,6.94,7.0,6.78,25095428,173242976.79,1.5532,0.8721,1615724182.0,11213125823.08,2026-07-14
2026-03-26,sz.002099,海翔药业,6.91,6.93,7.08,6.86,19381100,134894177.0,1.1995,-0.1441,1615764902.0,11197250770.859999,2026-07-14
2026-03-27,sz.002099,海翔药业,6.85,7.17,7.28,6.82,28839936,205237671.24,1.785,3.4632,1615682689.0,11584444880.13,2026-07-14
2026-03-30,sz.002099,海翔药业,7.11,7.18,7.32,6.94,37636280,266954715.26,2.3294,0.1395,1615707049.0,11600776611.82,2026-07-14
2026-03-31,sz.002099,海翔药业,7.25,7.11,7.32,7.09,30914161,222114208.1,1.9134,-0.9749,1615666405.0,11487388139.550001,2026-07-14
2026-04-01,sz.002099,海翔药业,7.17,7.27,7.35,7.15,35175462,254916635.7,2.1771,2.2504,1615702632.0,11746158134.64,2026-07-14
2026-04-02,sz.002099,海翔药业,7.25,7.29,7.36,7.2,29824963,216845455.86,1.8459,0.2751,1615740994.0,11778751846.26,2026-07-14
2026-04-03,sz.002099,海翔药业,7.22,6.81,7.23,6.76,44591872,309367090.56,2.7599,-6.5844,1615706076.0,11002958377.56,2026-07-14
2026-04-07,sz.002099,海翔药业,6.81,7.02,7.08,6.74,27385724,190885877.42,1.695,3.0837,1615676932.0,11342052062.64,2026-07-14
2026-04-08,sz.002099,海翔药业,7.14,7.11,7.21,7.03,26344224,187028931.73,1.6305,1.2821,1615714443.0,11487729689.730001,2026-07-14
2026-04-09,sz.002099,海翔药业,7.04,7.12,7.17,7.02,18308686,129957369.94,1.1332,0.1406,1615662372.0,11503516088.64,2026-07-14
2026-04-10,sz.002099,海翔药业,7.23,7.31,7.4,7.17,35907562,262711269.5,2.2224,2.6685,1615711033.0,11810847651.23,2026-07-14
2026-04-13,sz.002099,海翔药业,7.33,7.34,7.4,7.19,25431744,186106835.6,1.574,0.4104,1615739771.0,11859529919.14,2026-07-14
2026-04-14,sz.002099,海翔药业,7.35,7.2,7.41,7.09,23623301,170044906.19,1.4621,-1.9074,1615710348.0,11633114505.6,2026-07-14
2026-04-15,sz.002099,海翔药业,7.22,7.11,7.25,7.06,17623444,125505555.43,1.0908,-1.25,1615643931.0,11487228349.41,2026-07-14
2026-04-16,sz.002099,海翔药业,7.08,7.08,7.13,6.98,17956709,127052758.28,1.1114,-0.4219,1615683732.0,11439040822.56,2026-07-14
2026-04-17,sz.002099,海翔药业,7.07,7.16,7.37,7.01,30396701,219819284.29,1.8813,1.1299,1615728539.0,11568616339.24,2026-07-14
2026-04-20,sz.002099,海翔药业,7.17,7.29,7.65,7.17,36446577,267879738.93,2.2558,1.8156,1615682995.0,11778329033.55,2026-07-14
2026-04-21,sz.002099,海翔药业,7.25,7.17,7.29,7.15,17910020,129066278.0,1.1085,-1.6461,1615698692.0,11584559621.64,2026-07-14
2026-04-22,sz.002099,海翔药业,7.15,7.05,7.19,7.01,21425519,151373309.41,1.3261,-1.6736,1615678983.0,11390536830.15,2026-07-14
2026-04-23,sz.002099,海翔药业,7.06,6.93,7.13,6.92,18228297,127535664.91,1.1282,-1.7021,1615697305.0,11196782323.65,2026-07-14
2026-04-24,sz.002099,海翔药业,6.87,6.97,7.11,6.86,17577803,122587771.7,1.0879,0.5772,1615755400.0,11261815138.0,2026-07-14
2026-04-27,sz.002099,海翔药业,7.05,7.21,7.35,7.03,38171303,275315723.45,2.3625,3.4433,1615716529.0,11649316174.09,2026-07-14
2026-04-28,sz.002099,海翔药业,7.24,7.31,7.35,7.19,25439800,184943680.42,1.5745,1.387,1615738330.0,11811047192.3,2026-07-14
2026-04-29,sz.002099,海翔药业,6.6,6.58,6.79,6.58,53785364,355104874.5,3.3296,-9.9863,1615370135.0,10629135488.3,2026-07-14
2026-04-30,sz.002099,海翔药业,6.48,6.34,6.55,6.28,48161152,308625816.46,2.9814,-3.6474,1615387134.0,10241554429.56,2026-07-14
2026-05-06,sz.002099,海翔药业,6.33,6.25,6.45,6.25,35339734,223437698.72,2.1877,-1.4196,1615383005.0,10096143781.25,2026-07-14
2026-05-07,sz.002099,海翔药业,6.26,6.13,6.29,6.08,32861597,201853402.95,2.0343,-1.92,1615376149.0,9902255793.369999,2026-07-14
2026-05-08,sz.002099,海翔药业,6.15,6.1,6.17,6.02,26635482,161979515.73,1.6489,-0.4894,1615348535.0,9853626063.5,2026-07-14
2026-05-11,sz.002099,海翔药业,6.11,6.16,6.19,6.08,28374173,174349336.42,1.7565,0.9836,1615381327.0,9950748974.32,2026-07-14
2026-05-12,sz.002099,海翔药业,6.11,6.1,6.19,5.98,43270958,262561462.69,2.6787,-0.974,1615371561.0,9853766522.099998,2026-07-14
2026-05-13,sz.002099,海翔药业,6.07,5.98,6.11,5.97,26290766,158022804.68,1.6275,-1.9672,1615408049.0,9660140133.02,2026-07-14
2026-05-14,sz.002099,海翔药业,5.98,5.73,5.98,5.72,31383400,182222484.0,1.9428,-4.1806,1615369570.0,9256067636.1,2026-07-14
2026-05-15,sz.002099,海翔药业,5.71,5.67,5.73,5.6,20202180,114663845.7,1.2506,-1.0471,1615399008.0,9159312375.36,2026-07-14
2026-05-18,sz.002099,海翔药业,5.67,5.89,5.93,5.54,32801052,188512227.93,2.0306,3.8801,1615337930.0,9514340407.699999,2026-07-14
2026-05-19,sz.002099,海翔药业,5.84,5.79,5.93,5.68,22045477,128002653.38,1.3647,-1.6978,1615408295.0,9353214028.05,2026-07-14
2026-05-20,sz.002099,海翔药业,5.75,5.69,5.76,5.65,11103276,63174417.44,0.6874,-1.7271,1615256910.0,9190811817.900002,2026-07-14
2026-05-21,sz.002099,海翔药业,5.69,5.56,5.8,5.56,15615300,88700703.0,0.9667,-2.2847,1615320161.0,8981180095.16,2026-07-14
2026-05-22,sz.002099,海翔药业,5.6,5.53,5.6,5.5,15222700,84486492.0,0.9424,-0.5396,1615311969.0,8932675188.57,2026-07-14
2026-05-25,sz.002099,海翔药业,5.59,5.6,5.72,5.53,17688379,99516707.99,1.095,1.2658,1615377078.0,9046111636.8,2026-07-14
2026-05-26,sz.002099,海翔药业,5.63,5.48,5.64,5.4,15018925,82137277.62,0.9298,-2.1429,1615285545.0,8851764786.6,2026-07-14
2026-05-27,sz.002099,海翔药业,5.48,5.35,5.51,5.33,13750200,74094191.0,0.8512,-2.3723,1615390038.0,8642336703.3,2026-07-14
2026-05-28,sz.002099,海翔药业,5.35,5.41,5.55,5.34,17310405,94337577.36,1.0716,1.1215,1615379339.0,8739202223.99,2026-07-14
2026-05-29,sz.002099,海翔药业,5.41,5.52,5.58,5.35,18547100,101600350.0,1.1482,2.0333,1615319631.0,8916564363.119999,2026-07-14
2026-06-01,sz.002099,海翔药业,5.52,6.07,6.07,5.48,54530498,321150043.43,3.3757,9.9638,1615383417.0,9805377341.19,2026-07-14
2026-06-02,sz.002099,海翔药业,6.15,5.97,6.35,5.94,61819950,380866433.4,3.827,-1.6474,1615363209.0,9643718357.73,2026-07-14
2026-06-03,sz.002099,海翔药业,5.99,5.77,6.04,5.73,34516759,201082813.96,2.1368,-3.3501,1615348137.0,9320558750.49,2026-07-14
2026-06-04,sz.002099,海翔药业,5.82,5.72,5.82,5.66,18773400,107406477.53,1.1622,-0.8666,1615332989.0,9239704697.08,2026-07-14
2026-06-05,sz.002099,海翔药业,5.79,5.58,5.84,5.55,28575234,161695749.37,1.769,-2.4476,1615332617.0,9013556002.86,2026-07-14
2026-06-08,sz.002099,海翔药业,5.44,5.3,5.57,5.22,26029260,139795369.1,1.6114,-5.0179,1615319598.0,8561193869.4,2026-07-14
2026-06-09,sz.002099,海翔药业,5.3,5.21,5.32,5.16,21899862,114496011.3,1.3557,-1.6981,1615391458.0,8416189496.18,2026-07-14
2026-06-10,sz.002099,海翔药业,5.18,5.21,5.23,5.12,17188819,88917170.34,1.0641,0.0,1615338690.0,8415914574.9,2026-07-14
2026-06-11,sz.002099,海翔药业,5.18,5.35,5.42,5.13,23122184,121965760.64,1.4314,2.6871,1615354478.0,8642146457.3,2026-07-14
2026-06-12,sz.002099,海翔药业,5.34,5.37,5.42,5.17,19915294,105776255.66,1.2329,0.3738,1615321113.0,8674274376.81,2026-07-14
2026-06-15,sz.002099,海翔药业,5.36,5.41,5.52,5.29,19173000,103416185.0,1.1869,0.7449,1615384615.0,8739230767.15,2026-07-14
2026-06-16,sz.002099,海翔药业,5.38,5.28,5.39,5.24,13162900,69474603.0,0.8149,-2.403,1615277948.0,8528667565.440001,2026-07-14
2026-06-17,sz.002099,海翔药业,5.28,5.14,5.32,5.1,18678400,97115270.94,1.1563,-2.6515,1615359336.0,8302946987.039999,2026-07-14
2026-06-18,sz.002099,海翔药业,5.16,4.98,5.16,4.98,20815917,105240027.79,1.2886,-3.1128,1615390113.0,8044642762.740001,2026-07-14
2026-06-22,sz.002099,海翔药业,4.98,5.18,5.19,4.87,28966239,146538499.68,1.7932,4.0161,1615337888.0,8367450259.839999,2026-07-14
2026-06-23,sz.002099,海翔药业,5.16,5.32,5.49,5.16,27670105,147899316.74,1.7114,2.7027,1616811090.0,8601434998.800001,2026-07-14
2026-06-24,sz.002099,海翔药业,5.37,5.16,5.38,5.16,19687726,103152748.46,1.2177,-3.0075,1616796091.0,8342667829.56,2026-07-14
2026-06-25,sz.002099,海翔药业,5.12,5.38,5.48,4.98,37349916,194270445.88,2.3101,4.2636,1616809489.0,8698435050.82,2026-07-14
2026-06-26,sz.002099,海翔药业,5.37,5.19,5.45,5.04,31218260,161703456.4,1.9308,-3.5316,1616856225.0,8391483807.750001,2026-07-14
2026-06-29,sz.002099,海翔药业,5.16,5.32,5.44,5.04,27318634,143684135.18,1.6896,2.5048,1616869910.0,8601747921.2,2026-07-14
2026-06-30,sz.002099,海翔药业,5.27,5.28,5.37,5.21,18140800,96005976.0,1.122,-0.7519,1616827094.0,8536847056.320001,2026-07-14
2026-07-01,sz.002099,海翔药业,5.25,5.43,5.6,5.15,29520938,158372671.64,1.8258,2.8409,1616876876.0,8779641436.68,2026-07-14
2026-07-02,sz.002099,海翔药业,5.43,5.39,5.58,5.37,24002486,131073764.68,1.4845,-0.7366,1616873425.0,8714947760.75,2026-07-14
2026-07-03,sz.002099,海翔药业,5.43,5.47,5.52,5.29,20396119,110050366.6,1.2615,1.4842,1616814824.0,8843977087.279999,2026-07-14
2026-07-06,sz.002099,海翔药业,5.45,5.42,5.55,5.36,23302400,127326174.0,1.4412,-0.9141,1616874827.0,8763461562.34,2026-07-14
2026-07-07,sz.002099,海翔药业,5.35,5.26,5.4,5.17,17656100,92834087.0,1.092,-2.952,1616858974.0,8504678203.24,2026-07-14
2026-07-08,sz.002099,海翔药业,5.23,5.15,5.29,5.1,15509934,80266357.76,0.9593,-2.0913,1616797040.0,8326504756.000001,2026-07-14
2026-07-09,sz.002099,海翔药业,5.1,5.12,5.23,5.07,13930600,71270327.8,0.8616,-0.5825,1616829155.0,8278165273.6,2026-07-14
2026-07-10,sz.002099,海翔药业,5.1,5.24,5.34,5.04,24551564,128864966.88,1.5185,2.3438,1616830030.0,8472189357.200001,2026-07-14
2026-07-13,sz.002099,海翔药业,5.23,5.17,5.32,5.14,20631711,107368783.21,1.276,-1.3359,1616905251.0,8359400147.67,2026-07-14
