日期,股票代码,股票名称,开盘,收盘,最高,最低,成交量,成交额,换手率,涨跌幅,流通股数,流通市值,数据日期
2016-12-09,sz.002827,高争民爆,5.7544578,6.90185475,6.90185475,5.7544578,19670,229851.0,0.042761,43.98543,45999860.0,317484352.240335,2026-07-14
2016-12-12,sz.002827,高争民爆,7.5949524,7.5949524,7.5949524,7.5949524,5652,73702.0,0.012287,10.04219,45999837.0,349366572.4227588,2026-07-14
2016-12-13,sz.002827,高争民爆,8.3521179,8.3521179,8.3521179,8.3521179,6450,92493.0,0.014022,9.969327,45999144.0,384190273.9870776,2026-07-14
2016-12-14,sz.002827,高争民爆,9.18499995,9.18499995,9.18499995,9.18499995,4700,74119.0,0.010217,9.972108,46001762.0,422526181.6699119,2026-07-14
2016-12-15,sz.002827,高争民爆,10.10524725,10.10524725,10.10524725,10.10524725,7507,130246.0,0.01632,10.01902,45998775.0,464828994.57211876,2026-07-14
2016-12-16,sz.002827,高争民爆,11.11868415,11.11868415,11.11868415,11.11868415,6100,116449.0,0.013261,10.02882,45999548.0,511454445.2547642,2026-07-14
2016-12-19,sz.002827,高争民爆,12.231135,12.231135,12.231135,12.231135,11459,240639.0,0.024911,10.00524,45999759.0,562629262.296465,2026-07-14
2016-12-20,sz.002827,高争民爆,13.4542485,13.4542485,13.4542485,13.4542485,13406,309678.0,0.029143,10.0,46000755.0,618905588.9576175,2026-07-14
2016-12-21,sz.002827,高争民爆,14.79967335,14.79967335,14.79967335,14.79967335,8400,213444.0,0.018261,9.999997,45999671.0,680780105.0074679,2026-07-14
2016-12-22,sz.002827,高争民爆,16.27905825,16.27905825,16.27905825,16.27905825,43179,1206853.0,0.093867,9.996069,46000192.0,748839805.0791839,2026-07-14
2016-12-23,sz.002827,高争民爆,17.90987625,17.90987625,17.90987625,17.90987625,196577,6044742.0,0.427341,10.01789,46000033.0,823854898.5259162,2026-07-14
2016-12-26,sz.002827,高争民爆,19.6280595,18.5330817,19.6280595,17.938998,24826838,797851216.0,53.971387,3.479674,46000000.0,852521758.2,2026-07-14
2016-12-27,sz.002827,高争民爆,18.4631895,19.6280595,20.35610325,18.2302155,21643800,719944240.0,47.051739,5.908237,46000000.0,902890737.0,2026-07-14
2016-12-28,sz.002827,高争民爆,18.43406775,17.66525355,18.43406775,17.66525355,16274355,501128272.0,35.379033,-10.0,45999999.0,812601645.6347464,2026-07-14
2016-12-29,sz.002827,高争民爆,17.28084645,17.15271075,17.938998,16.91973675,12107627,363026336.0,26.320928,-2.901415,46000000.0,789024694.5,2026-07-14
2016-12-30,sz.002827,高争民爆,17.240076,17.2284273,17.47305,16.890615,7871929,233071624.0,17.112889,0.441423,46000000.0,792507655.8,2026-07-14
2017-01-03,sz.002827,高争民爆,17.22260295,17.72349705,18.03801195,17.2051299,9910259,299530528.0,21.544041,2.873564,46000001.0,815280882.023497,2026-07-14
2017-01-04,sz.002827,高争民爆,17.58371265,17.4497526,17.6477805,17.356563,7220689,216582610.0,15.69715,-1.544532,46000000.0,802688619.6,2026-07-14
2017-01-05,sz.002827,高争民爆,17.4148065,17.21095425,17.73514575,17.1585351,6909370,206743148.0,15.02037,-1.368491,45999999.0,791703878.2890458,2026-07-14
2017-01-06,sz.002827,高争民爆,16.9139124,16.191693,17.04787245,16.191693,8916003,252922081.0,19.382615,-5.922166,46000001.0,744817894.1916931,2026-07-14
2017-01-09,sz.002827,高争民爆,16.0286112,16.22081475,16.46543745,15.9004755,3691486,102983721.0,8.02497,0.17986,45999998.0,746157446.0583705,2026-07-14
2017-01-10,sz.002827,高争民爆,16.10432775,15.96454335,16.39554525,15.9004755,3764207,104618505.0,8.183059,-1.579894,45999998.0,734368962.1709133,2026-07-14
2017-01-11,sz.002827,高争民爆,16.0635573,15.58013625,16.0635573,15.5626632,3839338,104003438.0,8.346387,-2.40788,46000000.0,716686267.5,2026-07-14
2017-01-12,sz.002827,高争民爆,15.59178495,15.0384717,15.7024476,15.0151743,4338730,114021589.0,9.432022,-3.476636,45999999.0,691769683.1615283,2026-07-14
2017-01-13,sz.002827,高争民爆,14.8520925,14.48515845,15.0384717,14.33372535,4982126,125280532.0,10.830709,-3.679314,45999999.0,666317274.2148416,2026-07-14
2017-01-16,sz.002827,高争民爆,14.3628471,14.3977932,14.8520925,13.7571147,5541431,136630960.0,12.046589,-0.603142,46000000.0,662298487.2,2026-07-14
2017-01-17,sz.002827,高争民爆,14.20558965,14.9802282,15.259797,13.8968991,6516079,163358318.0,14.165389,4.045308,46000000.0,689090497.2,2026-07-14
2017-01-18,sz.002827,高争民爆,14.77637595,14.77637595,15.14331,14.7239568,4282610,109747595.0,9.310022,-1.360803,45999999.0,679713278.923624,2026-07-14
2017-01-19,sz.002827,高争民爆,14.4909828,14.85791685,15.13748565,14.19394095,4269505,108235266.0,9.281533,0.551831,45999998.0,683464145.3841664,2026-07-14
2017-01-20,sz.002827,高争民爆,14.7589029,15.3995814,15.94124595,14.6890107,5807498,152948339.0,12.624996,3.64563,45999999.0,708380729.0004187,2026-07-14
2017-01-23,sz.002827,高争民爆,15.259797,15.5160684,15.89465115,15.2132022,4181253,111785338.0,9.08968,0.756425,46000002.0,713739177.4321368,2026-07-14
2017-01-24,sz.002827,高争民爆,15.4345275,15.026823,15.5160684,14.9802282,3990982,103940026.0,8.676048,-3.153154,45999999.0,691233842.973177,2026-07-14
2017-01-25,sz.002827,高争民爆,14.83461945,15.33551355,15.4694736,14.82297075,3673906,96115183.0,7.986752,2.054266,46000001.0,705433638.6355135,2026-07-14
2017-01-26,sz.002827,高争民爆,15.42870315,16.0053138,16.09267905,15.33551355,5460994,147498172.0,11.871726,4.36764,46000000.0,736244434.8,2026-07-14
2017-02-03,sz.002827,高争民爆,15.958719,15.81311025,16.11597645,15.5510145,3679991,99781999.0,7.99998,-1.200873,46000003.0,727403118.9393307,2026-07-14
2017-02-06,sz.002827,高争民爆,15.88300245,16.5644514,16.7508306,15.8305833,7426400,208742093.0,16.144348,4.751385,46000000.0,761964764.4,2026-07-14
2017-02-07,sz.002827,高争民爆,16.51203225,16.5761001,16.6459923,16.2382878,6179852,174069828.0,13.434461,0.070318,46000000.0,762500604.6,2026-07-14
2017-02-08,sz.002827,高争民爆,16.43049135,16.8207228,16.9954533,16.33730175,7209964,207639916.0,15.673835,1.475756,45999999.0,773753231.9792771,2026-07-14
2017-02-09,sz.002827,高争民爆,16.74500625,16.74500625,17.123589,16.61687055,6862464,198503543.0,14.9184,-0.450136,46000000.0,770270287.5,2026-07-14
2017-02-10,sz.002827,高争民爆,16.6925871,16.9022637,17.83998405,16.67511405,10585507,311801776.0,23.011972,0.939132,45999999.0,777504113.2977363,2026-07-14
2017-02-13,sz.002827,高争民爆,17.10611595,17.4264552,17.6477805,16.9022637,9738847,288991296.0,21.171407,3.101308,45999999.0,801616921.7735448,2026-07-14
2017-02-14,sz.002827,高争民爆,17.3798604,18.1836207,18.7777044,17.2517247,11954437,368932784.0,25.987907,4.344917,45999999.0,836446534.0163792,2026-07-14
2017-02-15,sz.002827,高争民爆,17.938998,17.7759162,18.83012355,17.61865875,12606284,395308752.0,27.404965,-2.242149,46000000.0,817692145.2,2026-07-14
2017-02-16,sz.002827,高争民爆,17.6594292,17.51382045,17.706024,17.04787245,8699746,258984935.0,18.912491,-1.474445,46000001.0,805635758.2138205,2026-07-14
2017-02-17,sz.002827,高争民爆,17.39733345,17.47305,18.38747295,17.1818325,7505277,228131411.0,16.31582,-0.232789,45999999.0,803760282.52695,2026-07-14
2017-02-20,sz.002827,高争民爆,17.356563,16.94303415,17.46722565,16.424667,6273377,181300662.0,13.637776,-3.033333,46000000.0,779379570.9,2026-07-14
2017-02-21,sz.002827,高争民爆,16.94303415,17.11776465,17.2517247,16.8207228,3800431,111375684.0,8.261807,1.03128,45999997.0,787417122.5467061,2026-07-14
2017-02-22,sz.002827,高争民爆,17.1585351,17.14106205,17.1818325,16.8207228,4367605,127310510.0,9.494793,0.136104,46000002.0,788488888.582124,2026-07-14
2017-02-23,sz.002827,高争民爆,17.1818325,17.6827266,17.938998,17.04787245,6640997,199713870.0,14.43695,3.160042,46000000.0,813405423.5999999,2026-07-14
2017-02-24,sz.002827,高争民爆,17.70019965,17.83998405,18.09625545,17.53711785,6912777,212091383.0,15.027776,0.889323,46000000.0,820639266.3000001,2026-07-14
2017-02-27,sz.002827,高争民爆,17.8574571,18.13120155,18.3234051,17.6943753,7267092,225507255.0,15.798026,1.632387,46000000.0,834035271.3,2026-07-14
2017-02-28,sz.002827,高争民爆,18.0438363,18.3467025,18.55055475,17.83998405,7330074,228998817.0,15.934943,1.188567,46000001.0,843948333.3467025,2026-07-14
2017-03-01,sz.002827,高争民爆,18.3467025,17.7526188,18.4515408,17.71184835,7488993,231075661.0,16.28042,-3.238097,45999999.0,816620447.0473812,2026-07-14
2017-03-02,sz.002827,高争民爆,17.706024,17.706024,18.03801195,17.6011857,5179748,158196229.0,11.260322,-0.262467,45999999.0,814477086.293976,2026-07-14
2017-03-03,sz.002827,高争民爆,17.5778883,18.22439115,18.27098595,17.5196448,7938606,245405834.0,17.257839,2.927636,46000000.0,838321992.9,2026-07-14
2017-03-06,sz.002827,高争民爆,18.2418642,18.754407,18.83012355,18.055485,8528547,270641984.0,18.54032,2.908277,45999999.0,862702703.2455931,2026-07-14
2017-03-07,sz.002827,高争民爆,18.6961635,18.92331315,18.9291375,18.3467025,6999071,224567809.0,15.215372,0.900624,45999999.0,870472385.9766868,2026-07-14
2017-03-08,sz.002827,高争民爆,18.95825925,18.92331315,18.9990297,18.53890605,5887602,190178664.0,12.799135,0.0,45999999.0,870472385.9766868,2026-07-14
2017-03-09,sz.002827,高争民爆,18.81847485,18.18944505,18.81847485,18.1020798,5716737,180325937.0,12.427689,-3.878123,46000000.0,836714472.3,2026-07-14
2017-03-10,sz.002827,高争民爆,18.20109375,18.31758075,18.43406775,18.07295805,4067539,127638907.0,8.842476,0.704455,46000000.0,842608714.5,2026-07-14
2017-03-13,sz.002827,高争民爆,18.07295805,19.0689219,19.103868,17.9855928,7700632,247390980.0,16.740504,4.101752,46000001.0,877170426.4689219,2026-07-14
2017-03-14,sz.002827,高争民爆,19.12134105,19.220355,19.5115725,18.870894,8893721,292620592.0,19.334176,0.79413,46000000.0,884136330.0000001,2026-07-14
2017-03-15,sz.002827,高争民爆,19.0339758,20.00664225,20.2570893,18.9757323,11656312,396080080.0,25.339809,4.090904,45999999.0,920305523.4933577,2026-07-14
2017-03-16,sz.002827,高争民爆,19.8610335,21.61416285,21.9694482,19.80861435,13971686,506640560.0,30.37323,8.034941,46000001.0,994251512.7141628,2026-07-14
2017-03-17,sz.002827,高争民爆,21.1889853,21.05502525,21.550095,20.9793087,9486390,345636592.0,20.622587,-2.586901,46000000.0,968531161.5,2026-07-14
2017-03-20,sz.002827,高争民爆,21.05502525,21.2588775,21.317121,20.61237465,6697994,241205482.0,14.560857,0.968184,45999998.0,977908322.482245,2026-07-14
2017-03-21,sz.002827,高争民爆,21.15986355,21.26470185,21.41613495,20.86864605,5434202,197708385.0,11.813483,0.027393,45999998.0,978176242.5705963,2026-07-14
2017-03-22,sz.002827,高争民爆,20.9560113,20.8162269,21.1540392,20.4551172,6743197,240837361.0,14.659124,-2.109002,46000000.0,957546437.4,2026-07-14
2017-03-23,sz.002827,高争民爆,20.83369995,20.618199,21.05502525,19.99499355,6019399,213457725.0,13.08565,-0.951315,46000000.0,948437154.0,2026-07-14
2017-03-24,sz.002827,高争民爆,20.4900633,20.851173,21.17151225,20.4900633,5599694,201249967.0,12.173248,1.129937,45999999.0,959153937.148827,2026-07-14
2017-03-27,sz.002827,高争民爆,20.77545645,21.0026061,21.0259035,20.27456235,5058160,179490415.0,10.996,0.726263,46000000.0,966119880.6,2026-07-14
2017-03-28,sz.002827,高争民爆,20.9094165,21.1307418,21.74229855,20.78710515,9900870,364414672.0,21.52363,0.610087,46000001.0,972014143.9307418,2026-07-14
2017-03-29,sz.002827,高争民爆,20.6414964,19.68047865,20.78710515,19.103868,10489154,359702752.0,22.802509,-6.86328,45999999.0,905301998.2195214,2026-07-14
2017-03-30,sz.002827,高争民爆,19.30772025,18.2302155,19.4649777,18.171972,5058862,161919635.0,10.997526,-7.369049,46000000.0,838589913.0,2026-07-14
2017-03-31,sz.002827,高争民爆,18.50395995,18.38747295,18.870894,18.055485,3880847,123082134.0,8.436624,0.862621,46000000.0,845823755.6999999,2026-07-14
2017-04-05,sz.002827,高争民爆,18.37582425,18.6961635,18.754407,17.94482235,3457840,109714372.0,7.517043,1.678805,46000003.0,860023577.0884905,2026-07-14
2017-04-06,sz.002827,高争民爆,18.70198785,18.6262713,19.07474625,18.5680278,3298215,106601329.0,7.170033,-0.373829,45999997.0,856808423.9211861,2026-07-14
2017-04-07,sz.002827,高争民爆,18.6262713,18.2069181,18.8010018,18.171972,2997319,94816983.0,6.515911,-2.251405,45999999.0,837518214.3930819,2026-07-14
2017-04-10,sz.002827,高争民爆,17.9855928,16.5062079,18.00306585,16.4712618,4950128,145204668.0,10.761148,-9.341011,45999999.0,759285546.893792,2026-07-14
2017-04-11,sz.002827,高争民爆,16.2499365,17.03622375,17.07116985,16.2499365,2899689,83120292.0,6.303672,3.211009,45999998.0,783666258.4275526,2026-07-14
2017-04-12,sz.002827,高争民爆,17.0187507,16.6692897,17.0187507,16.64016795,1956005,56461043.0,4.252185,-2.153843,45999998.0,766787292.8614206,2026-07-14
2017-04-13,sz.002827,高争民爆,16.5993975,16.8323715,17.0303994,16.5993975,1480291,42941396.0,3.218024,0.978333,45999999.0,774289072.1676285,2026-07-14
2017-04-14,sz.002827,高争民爆,16.7857767,16.89643935,17.0303994,16.774128,1889830,54818654.0,4.108326,0.380625,46000001.0,777236226.9964395,2026-07-14
2017-04-17,sz.002827,高争民爆,16.3664235,15.76651545,16.6110462,15.6442041,2347618,64851168.0,5.103517,-6.687351,46000004.0,725259773.7660618,2026-07-14
2017-04-18,sz.002827,高争民爆,15.7606911,15.7839885,16.1567469,15.7373937,1325303,36263834.0,2.881093,0.110826,46000008.0,726063597.2719079,2026-07-14
2017-04-19,sz.002827,高争民爆,15.6675015,16.13927385,16.2266391,15.3063918,2216329,60603371.0,4.818107,2.250918,45999995.0,742406516.4036307,2026-07-14
2017-04-20,sz.002827,高争民爆,16.29070695,16.39554525,16.4712618,16.08103035,2336621,65422259.0,5.079611,1.587876,45999999.0,754195065.1044548,2026-07-14
2017-04-21,sz.002827,高争民爆,16.2499365,16.1218008,16.37224785,16.075206,1479474,41143445.0,3.216248,-1.669625,45999998.0,741602804.5563984,2026-07-14
2017-04-24,sz.002827,高争民爆,15.98784075,16.05773295,16.29070695,15.53354145,1880771,51346014.0,4.088633,-0.397401,45999996.0,738655651.4690682,2026-07-14
2017-04-25,sz.002827,高争民爆,16.16257125,16.19751735,16.5644514,16.075206,1403053,39161718.0,3.050115,0.870511,46000003.0,745085846.692552,2026-07-14
2017-04-26,sz.002827,高争民爆,16.13927385,16.53532965,16.5993975,16.0635573,2504296,70772973.0,5.444122,2.085581,45999998.0,760625130.8293408,2026-07-14
2017-04-27,sz.002827,高争民爆,16.34895045,16.890615,17.00127765,16.0635573,3343718,95308240.0,7.268952,2.148646,46000001.0,776968306.890615,2026-07-14
2017-04-28,sz.002827,高争民爆,16.82654715,16.9605072,17.1002916,16.80324975,2330865,67974567.0,5.067098,0.413796,45999998.0,780183297.2789855,2026-07-14
2017-05-02,sz.002827,高争民爆,17.123589,16.97798025,17.123589,16.774128,1745118,50668104.0,3.793735,0.103018,45999997.0,780987040.5660594,2026-07-14
2017-05-03,sz.002827,高争民爆,16.9488585,16.9838046,17.1701838,16.7042358,1764870,51426059.0,3.836674,0.034306,45999999.0,781254994.6161953,2026-07-14
2017-05-04,sz.002827,高争民爆,16.424667,16.55862705,17.03622375,16.424667,1952935,56245032.0,4.245511,-2.503428,45999999.0,761696827.7413728,2026-07-14
2017-05-05,sz.002827,高争民爆,16.3547748,16.0635573,16.6925871,16.03443555,2175288,60846863.0,4.728887,-2.989801,46000000.0,738923635.8,2026-07-14
2017-05-08,sz.002827,高争民爆,16.04608425,15.7956372,16.2732339,15.725745,1205502,33247606.0,2.620657,-1.667872,45999992.0,726599184.8349024,2026-07-14
2017-05-09,sz.002827,高争民爆,15.58013625,16.0402599,16.1218008,15.58013625,1235489,33712942.0,2.685846,1.548673,45999994.0,737851859.1584406,2026-07-14
2017-05-10,sz.002827,高争民爆,16.075206,16.24411215,16.5877488,16.0519086,3100707,87135018.0,6.740667,1.270873,46000003.0,747229207.6323364,2026-07-14
2017-05-11,sz.002827,高争民爆,16.06938165,16.41884265,16.47708615,15.67332585,2096536,58102164.0,4.557687,1.075658,46000000.0,755266761.9,2026-07-14
2017-05-12,sz.002827,高争民爆,16.3897209,16.45378875,16.5528027,16.19751735,1531448,43144363.0,3.329235,0.212839,45999997.0,756874233.1386338,2026-07-14
2017-05-15,sz.002827,高争民爆,16.44214005,16.2848826,16.5761001,16.2848826,1396294,39393304.0,3.035422,-1.026552,45999996.0,749104534.4604696,2026-07-14
2017-05-16,sz.002827,高争民爆,16.0286112,16.59357315,16.5993975,15.9936651,1946629,54450158.0,4.231802,1.895568,46000002.0,763304398.0871464,2026-07-14
2017-05-17,sz.002827,高争民爆,16.39554525,16.66346535,16.94303415,16.39554525,2061135,59198071.0,4.480728,0.421203,46000003.0,766519456.090396,2026-07-14
2017-05-18,sz.002827,高争民爆,16.2965313,16.36059915,16.67511405,16.2965313,1396635,39554941.0,3.036163,-1.817548,46000001.0,752587577.2605991,2026-07-14
2017-05-19,sz.002827,高争民爆,16.36059915,16.8556689,16.94303415,16.36059915,3142794,90404842.0,6.832161,3.025989,45999999.0,775360752.5443312,2026-07-14
2017-05-22,sz.002827,高争民爆,16.88479065,15.94124595,16.88479065,15.725745,2547932,71480473.0,5.538983,-5.425016,45999997.0,733297265.8762622,2026-07-14
2017-05-23,sz.002827,高争民爆,15.90003,14.6574721,16.076697,14.4219161,2527503,65708473.0,5.494572,-8.053197,45999998.0,674243687.2850558,2026-07-14
2017-05-24,sz.002827,高争民爆,14.604472,14.6692499,14.9283615,13.838915,1522831,37401919.0,3.310502,0.080355,46000002.0,674785524.7384999,2026-07-14
2017-05-25,sz.002827,高争民爆,14.6339165,14.7104722,14.781139,14.0096931,1464672,36016120.0,3.18407,0.28101,45999994.0,676681632.9371668,2026-07-14
2017-05-26,sz.002827,高争民爆,14.6515832,14.7870279,14.898917,14.4336939,1510472,37650188.0,3.283635,0.520421,45999997.0,680203239.0389163,2026-07-14
2017-05-31,sz.002827,高争民爆,15.134473,14.545583,15.605585,14.545583,1722995,44023251.0,3.745641,-1.632815,46000004.0,669096876.182332,2026-07-14
2017-06-01,sz.002827,高争民爆,14.2393602,13.2559139,14.4160272,13.2559139,2526094,59084955.0,5.491509,-8.866399,45999997.0,609771999.6322583,2026-07-14
2017-06-02,sz.002827,高争民爆,13.1204692,13.6386924,13.7446926,13.0792469,1415689,32386611.0,3.077585,2.887604,45999997.0,627379809.4839228,2026-07-14
2017-06-05,sz.002827,高争民爆,13.780026,13.7918038,13.9036929,13.662248,1159900,27184724.0,2.521522,1.122626,45999995.0,634422905.840981,2026-07-14
2017-06-06,sz.002827,高争民爆,13.7918038,13.780026,13.8506928,13.6092479,727423,16964735.0,1.581354,-0.085399,46000010.0,633881333.80026,2026-07-14
2017-06-07,sz.002827,高争民爆,13.7918038,14.2688047,14.3571382,13.6799147,1731513,41604311.0,3.764159,3.547008,45999996.0,656364959.1247813,2026-07-14
2017-06-08,sz.002827,高争民爆,14.3394715,14.1686934,14.4572495,14.1569156,1620316,39353495.0,3.522426,-0.70161,46000001.0,651759910.5686934,2026-07-14
2017-06-09,sz.002827,高争民爆,14.1686934,14.3571382,14.4160272,14.074471,1328330,32144563.0,2.887674,1.330007,45999999.0,660428342.8428618,2026-07-14
2017-06-12,sz.002827,高争民爆,14.0685821,13.721137,14.1451378,13.721137,1447914,34222997.0,3.147639,-4.429861,46000002.0,631172329.442274,2026-07-14
2017-06-13,sz.002827,高争民爆,13.721137,14.1392489,14.1628045,13.6328035,1101559,26237987.0,2.394693,3.047215,46000009.0,650405576.6532401,2026-07-14
2017-06-14,sz.002827,高争民爆,14.1628045,14.13336,14.2805825,14.0214709,1130125,27090623.0,2.456793,-0.04165,46000009.0,650134687.20024,2026-07-14
2017-06-15,sz.002827,高争民爆,14.074471,14.4984718,14.5750275,14.074471,1774149,43452170.0,3.856846,2.583337,45999996.0,666929644.8061129,2026-07-14
2017-06-16,sz.002827,高争民爆,14.4395828,14.3571382,14.5102496,14.251138,1092712,26638120.0,2.375461,-0.974824,45999997.0,660428314.1285853,2026-07-14
2017-06-19,sz.002827,高争民爆,14.3571382,14.4336939,14.4808051,14.2805825,814646,19892796.0,1.77097,0.533228,45999989.0,663949760.6293671,2026-07-14
2017-06-20,sz.002827,高争民爆,14.5396941,14.5396941,14.7163611,14.4690273,1306778,32346991.0,2.840822,0.734395,45999996.0,668825870.4412236,2026-07-14
2017-06-21,sz.002827,高争民爆,14.5868053,14.4808051,14.663361,14.3806938,944500,23257338.0,2.053261,-0.405024,45999997.0,666116991.1575847,2026-07-14
2017-06-22,sz.002827,高争民爆,14.4219161,13.8801373,14.5043607,13.8506928,1354133,32722886.0,2.943767,-4.148029,46000006.0,638486399.0808238,2026-07-14
2017-06-23,sz.002827,高争民爆,13.9095818,13.9213596,13.9684708,13.5621367,1064563,24913681.0,2.314267,0.296986,46000008.0,640382652.9708768,2026-07-14
2017-06-26,sz.002827,高争民爆,13.8448039,14.0568043,14.0803599,13.721137,732096,17332491.0,1.591513,0.972933,46000001.0,646613011.8568043,2026-07-14
2017-06-27,sz.002827,高争民爆,14.1156933,14.0803599,14.2452491,14.0096931,695157,16701892.0,1.511211,0.16757,45999996.0,647696499.0785604,2026-07-14
2017-06-28,sz.002827,高争民爆,13.9272485,13.8094705,14.1804712,13.7564704,636761,14988339.0,1.384263,-1.923877,46000001.0,635235656.8094705,2026-07-14
2017-06-29,sz.002827,高争民爆,13.7859149,13.897804,13.9979153,13.7859149,513000,12110857.0,1.115217,0.639657,46000016.0,639299206.364864,2026-07-14
2017-06-30,sz.002827,高争民爆,13.8742484,14.192249,14.251138,13.7505815,1043362,24871735.0,2.268178,2.118644,46000005.0,652843524.9612451,2026-07-14
2017-07-03,sz.002827,高争民爆,14.1745823,14.3983605,14.4631384,14.1745823,995978,24251841.0,2.16517,1.452284,45999991.0,662324453.4147556,2026-07-14
2017-07-04,sz.002827,高争民爆,14.3571382,14.3394715,14.4395828,14.2629158,787200,19192609.0,1.711304,-0.409,46000009.0,659615818.0552435,2026-07-14
2017-07-05,sz.002827,高争民爆,14.2805825,14.5926942,14.6339165,14.2746936,1396094,34374690.0,3.034987,1.765915,45999999.0,671263918.6073058,2026-07-14
2017-07-06,sz.002827,高争民爆,14.6280276,14.72225,14.72225,14.251138,1468703,36263112.0,3.192833,0.88781,45999994.0,677223411.6665001,2026-07-14
2017-07-07,sz.002827,高争民爆,14.7163611,14.9931394,15.1226952,14.7163611,2610002,66275283.0,5.673917,1.839996,46000003.0,689684457.3794183,2026-07-14
2017-07-10,sz.002827,高争民爆,14.9224726,14.5396941,14.9224726,14.368916,1741535,43267078.0,3.785946,-3.024346,45999996.0,668825870.4412236,2026-07-14
2017-07-11,sz.002827,高争民爆,14.4631384,14.545583,14.7516945,14.3806938,1114400,27523240.0,2.422609,0.040503,45999994.0,669096730.7265021,2026-07-14
2017-07-12,sz.002827,高争民爆,14.5573608,16.0001413,16.0001413,14.5573608,6673203,175204872.0,14.506963,9.999997,46000000.0,736006499.8,2026-07-14
2017-07-13,sz.002827,高争民爆,16.7009204,17.6019221,17.6019221,16.7009204,6683579,196578670.0,14.52952,10.01104,45999999.0,809688398.9980779,2026-07-14
2017-07-14,sz.002827,高争民爆,18.4793682,18.3674791,19.1742584,17.8139225,17389091,543805872.0,37.802372,4.349285,46000000.0,844904038.6,2026-07-14
2017-07-17,sz.002827,高争民爆,18.785591,18.667813,19.8927042,17.725589,18892208,610742848.0,41.070017,1.63514,46000000.0,858719398.0,2026-07-14
2017-07-18,sz.002827,高争民爆,17.372255,18.0553674,18.785591,17.2956993,14182080,431332128.0,30.830609,-3.28076,46000000.0,830546900.4000001,2026-07-14
2017-07-19,sz.002827,高争民爆,17.607811,18.3557013,19.1683695,17.4370329,18284421,571797712.0,39.748741,1.663406,46000000.0,844362259.8,2026-07-14
2017-07-20,sz.002827,高争民爆,17.6902556,17.843367,18.0494785,17.136699,13958785,415498016.0,30.345185,-2.791148,46000000.0,820794882.0,2026-07-14
2017-07-21,sz.002827,高争民爆,17.5194775,16.6538092,17.7197001,16.4359199,12243952,354890848.0,26.617287,-6.666662,46000000.0,766075223.2,2026-07-14
2017-07-24,sz.002827,高争民爆,16.6538092,16.8599207,16.8716985,16.1238082,8215988,231159929.0,17.860843,1.237618,46000001.0,775556369.0599207,2026-07-14
2017-07-25,sz.002827,高争民爆,16.842254,16.430031,16.960032,16.3063641,6256218,175863402.0,13.600474,-2.549771,46000000.0,755781426.0,2026-07-14
2017-07-26,sz.002827,高争民爆,16.4948089,17.0130321,17.0719211,16.312253,9138112,260613134.0,19.865461,3.548386,46000000.0,782599476.6,2026-07-14
2017-07-27,sz.002827,高争民爆,16.783365,16.6891426,17.0130321,16.3829198,8078231,229114570.0,17.561372,-1.90377,45999999.0,767700542.9108574,2026-07-14
2017-07-28,sz.002827,高争民爆,16.4948089,16.8128095,17.2309214,16.3829198,9277238,264205951.0,20.167909,0.740999,45999999.0,773389220.1871905,2026-07-14
2017-07-31,sz.002827,高争民爆,16.7185871,17.1131434,17.1896991,16.4948089,9475099,270986480.0,20.598041,1.786341,46000001.0,787204613.5131433,2026-07-14
2017-08-01,sz.002827,高争民爆,16.960032,18.491146,18.8268133,16.6950315,16738005,500825584.0,36.386967,8.052306,46000000.0,850592716.0,2026-07-14
2017-08-02,sz.002827,高争民爆,17.9788117,17.843367,18.1083675,17.3663661,11858083,357067328.0,25.778441,-3.503186,46000001.0,820794899.843367,2026-07-14
2017-08-03,sz.002827,高争民爆,17.6019221,17.2191436,17.8315892,17.1425879,6350928,188143141.0,13.806365,-3.498348,46000001.0,792080622.8191435,2026-07-14
2017-08-04,sz.002827,高争民爆,17.2191436,17.5548109,18.2320344,17.1720324,10290676,310323168.0,22.371035,1.949383,46000000.0,807521301.4,2026-07-14
2017-08-07,sz.002827,高争民爆,17.372255,15.7999187,17.3840328,15.7999187,10443694,287872160.0,22.703683,-9.996644,45999999.0,726796244.4000813,2026-07-14
2017-08-08,sz.002827,高争民爆,15.4053624,14.9283615,15.7174741,14.7693612,9025130,230905485.0,19.619848,-5.516212,46000000.0,686704629.0,2026-07-14
2017-08-09,sz.002827,高争民爆,14.9283615,14.9754727,15.1874731,14.8105835,4209346,107098637.0,9.150752,0.315582,46000001.0,688871759.1754726,2026-07-14
2017-08-10,sz.002827,高争民爆,14.9342504,14.5279163,14.9754727,14.251138,5343031,132302134.0,11.615285,-2.988597,45999999.0,668284135.2720836,2026-07-14
2017-08-11,sz.002827,高争民爆,14.427805,14.4572495,14.7104722,14.1686934,3251863,79849328.0,7.069267,-0.486424,46000003.0,665033520.3717484,2026-07-14
2017-08-14,sz.002827,高争民爆,14.4042494,14.6280276,14.6986944,14.2688047,2635163,65204672.0,5.728615,1.181266,46000002.0,672889298.8560551,2026-07-14
2017-08-15,sz.002827,高争民爆,14.6574721,15.0814729,15.2699177,14.5220274,4670957,117684541.0,10.154254,3.099841,46000002.0,693747783.5629457,2026-07-14
2017-08-16,sz.002827,高争民爆,14.957806,15.0284728,15.1521397,14.8105835,3235883,82369053.0,7.034528,-0.351426,46000002.0,691309778.8569455,2026-07-14
2017-08-17,sz.002827,高争民爆,15.016695,15.0049172,15.1050285,14.9165837,2312408,58828146.0,5.026974,-0.156743,45999999.0,690226176.1950828,2026-07-14
2017-08-18,sz.002827,高争民爆,14.957806,15.0520284,15.1226952,14.8871392,2460400,62829928.0,5.348696,0.313972,45999997.0,692393261.2439147,2026-07-14
2017-08-21,sz.002827,高争民爆,14.72225,14.8871392,14.957806,14.6221387,2754735,69175915.0,5.988554,-1.095457,46000003.0,684808447.8614177,2026-07-14
2017-08-22,sz.002827,高争民爆,14.9048059,14.6162498,14.9283615,14.5809164,2630215,65742146.0,5.717859,-1.819624,45999998.0,672347461.5675005,2026-07-14
2017-08-23,sz.002827,高争民爆,14.6221387,14.6928055,14.7752501,14.4984718,1945603,48354436.0,4.229572,0.523775,45999997.0,675869008.9215835,2026-07-14
2017-08-24,sz.002827,高争民爆,14.6810277,14.8046946,14.9990283,14.5573608,2896307,72925164.0,6.29632,0.761517,45999997.0,681015907.1859162,2026-07-14
2017-08-25,sz.002827,高争民爆,14.7281389,14.957806,15.0108061,14.5750275,3465028,87344128.0,7.53267,1.034209,45999997.0,688059031.126582,2026-07-14
2017-08-28,sz.002827,高争民爆,15.075584,15.2993622,15.4642514,14.957806,4567382,117940927.0,9.929091,2.283464,46000001.0,703770676.4993621,2026-07-14
2017-08-29,sz.002827,高争民爆,15.193362,15.4760292,15.723363,15.1462508,5469222,143347122.0,11.889613,1.154739,46000000.0,711897343.1999999,2026-07-14
2017-08-30,sz.002827,高争民爆,15.2640288,15.2169176,15.428918,15.193362,2961983,76841937.0,6.439093,-1.674279,46000003.0,699978255.2507528,2026-07-14
2017-08-31,sz.002827,高争民爆,15.2463621,15.5525849,15.605585,15.1580286,3955366,103737394.0,8.598622,2.205881,45999999.0,715418889.8474151,2026-07-14
2017-09-01,sz.002827,高争民爆,15.3994735,15.3523623,15.546696,15.31114,2954171,77149163.0,6.422111,-1.287392,45999999.0,706208650.4476377,2026-07-14
2017-09-04,sz.002827,高争民爆,15.3170289,15.1050285,15.3170289,15.0284728,2737548,70317218.0,5.951191,-1.611047,46000002.0,694831341.210057,2026-07-14
2017-09-05,sz.002827,高争民爆,15.075584,15.2110287,15.2581399,15.0638062,2127737,54839639.0,4.625515,0.701756,46000002.0,699707350.6220574,2026-07-14
2017-09-06,sz.002827,高争民爆,15.193362,14.957806,15.193362,14.7281389,2886454,73127681.0,6.2749,-1.664732,46000000.0,688059076.0,2026-07-14
2017-09-07,sz.002827,高争民爆,15.0049172,15.2286954,15.428918,14.9695838,3812845,98667995.0,8.288793,1.811028,46000003.0,700520034.0860862,2026-07-14
2017-09-08,sz.002827,高争民爆,15.1050285,16.1238082,16.5890313,15.0814729,9786752,262869658.0,21.275548,5.877798,46000000.0,741695177.1999999,2026-07-14
2017-09-11,sz.002827,高争民爆,15.90003,16.194475,16.312253,15.6762518,6089227,165334463.0,13.23745,0.438279,46000000.0,744945850.0,2026-07-14
2017-09-12,sz.002827,高争民爆,16.135586,15.6409184,16.135586,15.487807,4779791,128342878.53,10.39085,-3.418184,46000000.0,719482246.4,2026-07-14
2017-09-13,sz.002827,高争民爆,15.5643627,16.3475864,16.547809,15.5172515,6950261,191054765.22,15.109263,4.518075,46000000.0,751988974.4000001,2026-07-14
2017-09-14,sz.002827,高争民爆,16.2415862,16.7715872,17.0660322,16.1238082,9571283,271474343.05,20.807137,2.593657,46000000.0,771493011.1999999,2026-07-14
2017-09-15,sz.002827,高争民爆,16.6361425,16.2239195,16.6361425,15.9294745,4894054,135278315.23,10.639248,-3.26545,45999999.0,746300280.7760805,2026-07-14
2017-09-18,sz.002827,高争民爆,16.2945863,16.3358086,16.4771422,16.1414749,3525052,97766807.62,7.663157,0.689657,45999997.0,751447146.5925742,2026-07-14
2017-09-19,sz.002827,高争民爆,16.2828085,16.076697,16.3475864,16.0295858,2925140,80144967.25,6.359,-1.586159,46000000.0,739528062.0,2026-07-14
2017-09-20,sz.002827,高争民爆,15.9765857,16.2062528,16.3063641,15.9765857,2490629,68279789.88,5.414411,0.805865,45999999.0,745487612.5937473,2026-07-14
2017-09-21,sz.002827,高争民爆,16.2121417,16.4123643,16.5419201,16.1179193,4701074,130779004.29,10.219726,1.271804,46000000.0,754968757.8,2026-07-14
2017-09-22,sz.002827,高争民爆,16.3240308,16.0060302,16.3475864,15.9118078,2901481,79268281.99,6.307567,-2.475782,46000003.0,736277437.2180907,2026-07-14
2017-09-25,sz.002827,高争民爆,15.9118078,15.3052511,16.0708081,15.252251,3219192,85508551.81,6.998243,-4.378221,46000003.0,704041596.5157533,2026-07-14
2017-09-26,sz.002827,高争民爆,15.134473,14.9990283,15.3818068,14.7870279,2688755,68733130.95,5.84512,-2.000771,45999997.0,689955256.8029151,2026-07-14
2017-09-27,sz.002827,高争民爆,14.9931394,15.2404732,15.2934733,14.9872505,1736100,44771023.0,3.77413,1.609736,46000005.0,701061843.402366,2026-07-14
2017-09-28,sz.002827,高争民爆,15.1815842,15.1698064,15.3523623,15.1639175,1674019,43388845.51,3.639172,-0.463674,45999997.0,697811048.8905808,2026-07-14
2017-09-29,sz.002827,高争民爆,15.1521397,15.2816955,15.3994735,15.1109174,1526881,39648311.56,3.319307,0.73758,45999993.0,702957886.0281315,2026-07-14
2017-10-09,sz.002827,高争民爆,15.6409184,15.3052511,15.6409184,15.252251,1455094,38072519.9,3.163248,0.154139,45999997.0,704041504.6842467,2026-07-14
2017-10-10,sz.002827,高争民爆,15.2286954,15.4112513,15.4701403,15.0343617,2520246,64967822.16,5.478796,0.692575,45999997.0,708917513.5662462,2026-07-14
2017-10-11,sz.002827,高争民爆,15.3405845,15.2404732,15.5938072,15.2286954,2032500,53141125.0,4.418478,-1.108142,46000003.0,701061812.9214196,2026-07-14
2017-10-12,sz.002827,高争民爆,15.1756953,15.134473,15.3582512,15.0638062,1711536,44224311.78,3.72073,-0.695512,46000005.0,696185833.672365,2026-07-14
2017-10-13,sz.002827,高争民爆,15.1462508,15.4524736,15.5879183,15.0932507,2697536,70536398.92,5.864209,2.101163,45999998.0,710813754.6950527,2026-07-14
2017-10-16,sz.002827,高争民爆,15.5113626,15.3994735,15.7056963,15.193362,3158650,82707968.65,6.86663,-0.342988,46000003.0,708375827.1984204,2026-07-14
2017-10-17,sz.002827,高争民爆,15.2581399,15.2169176,15.3582512,15.0343617,1489278,38418484.54,3.237561,-1.185466,45999998.0,699978179.1661649,2026-07-14
2017-10-18,sz.002827,高争民爆,15.2934733,14.7458056,15.3464734,14.7399167,1845577,47307490.04,4.012124,-3.095972,45999999.0,678307042.8541944,2026-07-14
2017-10-19,sz.002827,高争民爆,14.7458056,14.3571382,14.7752501,14.251138,2175779,53484218.28,4.729954,-2.63579,46000003.0,660428400.2714146,2026-07-14
2017-10-20,sz.002827,高争民爆,14.251138,14.486694,14.545583,14.2040268,1275855,31160212.7,2.773598,0.902384,45999997.0,666387880.539918,2026-07-14
2017-10-23,sz.002827,高争民爆,14.4101383,14.7399167,15.1226952,14.2864714,1915095,47906397.25,4.16325,1.747969,46000000.0,678036168.2,2026-07-14
2017-10-24,sz.002827,高争民爆,14.7104722,14.781139,15.016695,14.604472,2010947,50703607.57,4.371624,0.279663,45999999.0,679932379.218861,2026-07-14
2017-10-25,sz.002827,高争民爆,14.7163611,14.9636949,15.016695,14.6221387,2065263,52097487.34,4.489702,1.235058,46000002.0,688329995.3273898,2026-07-14
2017-10-26,sz.002827,高争民爆,15.016695,15.252251,15.3405845,14.8459169,3380950,87296956.57,7.349891,1.928374,46000002.0,701603576.5045019,2026-07-14
2017-10-27,sz.002827,高争民爆,15.2463621,15.134473,15.370029,15.1109174,1914015,49541860.02,4.160902,-0.772196,46000002.0,696185788.268946,2026-07-14
2017-10-30,sz.002827,高争民爆,15.0284728,14.72225,15.2169176,14.427805,1738351,43402447.49,3.779024,-2.723738,45999999.0,677223485.27775,2026-07-14
2017-10-31,sz.002827,高争民爆,14.6162498,14.8164724,14.898917,14.4219161,1639224,40966403.38,3.56353,0.639999,46000006.0,681557819.2988344,2026-07-14
2017-11-01,sz.002827,高争民爆,14.8694725,15.1403619,15.31114,14.781139,2396258,61506711.51,5.209257,2.186007,45999996.0,696456586.8385524,2026-07-14
2017-11-02,sz.002827,高争民爆,15.016695,15.4112513,15.4465847,15.0049172,4227300,109986380.8,9.189783,1.789191,45999998.0,708917528.9774975,2026-07-14
2017-11-03,sz.002827,高争民爆,15.428918,15.1874731,15.5996961,15.134473,4129202,107794430.64,8.976526,-1.452041,46000000.0,698623762.6,2026-07-14
2017-11-06,sz.002827,高争民爆,15.2345843,15.5820294,15.841141,15.075584,4568271,120105195.52,9.931024,2.597899,46000000.0,716773352.4,2026-07-14
2017-11-07,sz.002827,高争民爆,15.5054737,15.5525849,15.664474,15.252251,3964072,104314006.12,8.617548,-0.188962,45999999.0,715418889.8474151,2026-07-14
2017-11-08,sz.002827,高争民爆,15.4642514,15.3405845,15.664474,15.2816955,3959870,104019099.78,8.608413,-1.363122,46000000.0,705666887.0,2026-07-14
2017-11-09,sz.002827,高争民爆,15.2993622,15.252251,15.5349182,15.193362,2490400,64907002.0,5.413913,-0.575814,46000000.0,701603546.0,2026-07-14
2017-11-10,sz.002827,高争民爆,15.1580286,14.9165837,15.3523623,14.8753614,2888386,73721506.42,6.2791,-2.200771,46000000.0,686162850.2,2026-07-14
2017-11-13,sz.002827,高争民爆,14.8459169,15.3523623,15.428918,14.8459169,4259228,110248208.9,9.259191,2.921436,46000002.0,706208696.5047246,2026-07-14
2017-11-14,sz.002827,高争民爆,15.3405845,15.5054737,15.5879183,15.1462508,4908877,128366094.96,10.671472,0.997316,45999999.0,713251774.6945263,2026-07-14
2017-11-15,sz.002827,高争民爆,15.3994735,15.5879183,15.8234743,15.3523623,4397712,116278117.32,9.560243,0.531711,46000002.0,717044272.9758366,2026-07-14
2017-11-16,sz.002827,高争民爆,15.4112513,15.4819181,15.7174741,15.1815842,4024291,106041610.88,8.748459,-0.680009,45999998.0,712168201.6361638,2026-07-14
2017-11-17,sz.002827,高争民爆,15.5584738,15.4936959,15.8705855,15.2463621,6650626,176544147.04,14.457883,0.076069,45999999.0,712709995.9063041,2026-07-14
2017-11-20,sz.002827,高争民爆,14.4101383,13.9449152,14.8341391,13.9449152,5898400,140950223.27,12.822609,-9.996196,45999999.0,641466085.2550849,2026-07-14
2017-11-21,sz.002827,高争民爆,13.7093592,13.073358,13.9390263,12.5492459,5356574,120568370.38,11.644726,-6.249998,46000000.0,601374468.0,2026-07-14
2017-11-22,sz.002827,高争民爆,12.8849132,13.1263581,13.2971362,12.5610237,4265100,93245722.0,9.271957,0.405406,45999998.0,603812446.3472837,2026-07-14
2017-11-23,sz.002827,高争民爆,12.9496911,12.0015782,12.9496911,11.8131334,3607835,76201621.45,7.84312,-8.568872,45999997.0,552072561.1952654,2026-07-14
2017-11-24,sz.002827,高争民爆,11.9132447,11.8425779,12.1252451,11.836689,1609500,32707130.95,3.498913,-1.324821,46000001.0,544758595.2425779,2026-07-14
2017-11-27,sz.002827,高争民爆,11.7778,11.9132447,12.1605785,11.365577,3040026,60646517.2,6.608752,0.596713,46000001.0,548009268.1132447,2026-07-14
2017-11-28,sz.002827,高争民爆,11.7660222,12.0192449,12.131134,11.7660222,2077526,42302591.62,4.516361,0.889769,45999999.0,552885253.3807551,2026-07-14
2017-11-29,sz.002827,高争民爆,12.0192449,11.9603559,12.0840228,11.8308001,1869026,37980807.38,4.0631,-0.489958,46000000.0,550176371.4,2026-07-14
2017-11-30,sz.002827,高争民爆,11.9485781,11.7365777,12.0015782,11.6894665,1297035,26012723.95,2.819641,-1.870995,46000005.0,539882632.8828884,2026-07-14
2017-12-01,sz.002827,高争民爆,11.7365777,11.8013556,11.9014669,11.660022,1663035,33385993.15,3.615293,0.551935,46000006.0,542862428.4081336,2026-07-14
2017-12-04,sz.002827,高争民爆,11.718911,10.894465,11.8661335,10.894465,3064100,58838155.27,6.661087,-7.684635,46000000.0,501145390.0,2026-07-14
2017-12-05,sz.002827,高争民爆,10.894465,10.1171302,10.9827985,9.9816855,3428535,60852151.75,7.453337,-7.135133,46000000.0,465387989.2,2026-07-14
2017-12-06,sz.002827,高争民爆,10.2113526,10.3173528,10.3703529,10.070019,2147493,37278576.69,4.668463,1.979046,46000000.0,474598228.8,2026-07-14
2017-12-07,sz.002827,高争民爆,10.2290193,10.2290193,10.3585751,10.187797,1387685,24194454.06,3.016707,-0.856162,45999993.0,470534816.19686484,2026-07-14
2017-12-08,sz.002827,高争民爆,10.2525749,10.541131,10.5646866,10.2349082,2079906,36928347.56,4.521535,3.051231,45999998.0,484892004.917738,2026-07-14
2017-12-11,sz.002827,高争民爆,10.541131,10.6176867,10.894465,10.5352421,1601595,28908524.81,2.536316,0.726263,63146509.0,670469848.7607303,2026-07-14
2017-12-12,sz.002827,高争民爆,10.4469086,10.2820194,10.4881309,10.2172415,1744383,30686103.51,2.762438,-3.161407,63146503.0,649273568.8881582,2026-07-14
2017-12-13,sz.002827,高争民爆,10.2820194,10.4292419,10.4527975,10.1524636,1009759,17784296.09,1.599074,1.431844,63146484.0,658569956.7704796,2026-07-14
2017-12-14,sz.002827,高争民爆,10.482242,10.5175754,10.5175754,10.3232417,1188325,21037358.0,1.881854,0.846988,63146503.0,664148106.5488262,2026-07-14
2017-12-15,sz.002827,高争民爆,10.423353,10.6059089,10.6176867,10.423353,1586326,28448106.25,2.512136,0.839863,63146502.0,669726047.5656677,2026-07-14
2017-12-18,sz.002827,高争民爆,10.6059089,10.3939085,10.6059089,10.2761305,1016914,18003903.15,1.610404,-1.998893,63146515.0,656339099.0038775,2026-07-14
2017-12-19,sz.002827,高争民爆,10.3114639,10.4056863,10.4704642,10.3114639,866500,15309208.0,1.372206,0.113317,63146495.0,657082617.9145185,2026-07-14
2017-12-20,sz.002827,高争民爆,10.4056863,10.1053524,10.4174641,10.070019,1303700,22552733.0,2.064564,-2.886249,63146505.0,638117685.853362,2026-07-14
2017-12-21,sz.002827,高争民爆,10.0582412,10.0052411,10.1936859,9.893352,1466392,24864099.69,2.322206,-0.990676,63146508.0,631796037.1630788,2026-07-14
2017-12-22,sz.002827,高争民爆,9.9934633,9.9993522,10.1053524,9.9581299,1183900,20175260.0,1.874847,-0.05886,63146486.0,631423953.7063693,2026-07-14
2017-12-25,sz.002827,高争民爆,10.3997974,10.6176867,11.0004652,10.3232417,5784992,104856488.18,9.161224,6.183753,63146497.0,670469721.3484899,2026-07-14
2017-12-26,sz.002827,高争民爆,10.5234643,11.1947989,11.424466,9.7461295,6194280,112139719.21,9.80938,5.435382,63146499.0,706912357.5440512,2026-07-14
2017-12-27,sz.002827,高争民爆,11.0357986,10.7943537,11.2183545,10.7884648,4242035,79319687.49,6.717767,-3.577066,63146504.0,681625699.0944648,2026-07-14
2017-12-28,sz.002827,高争民爆,10.658909,10.776687,10.9474651,10.6294645,2714235,49717940.8,4.298314,-0.16367,63146503.0,680510097.975561,2026-07-14
2017-12-29,sz.002827,高争民爆,10.6765757,10.776687,10.8237982,10.6765757,1532548,27992476.6,2.426972,0.0,63146505.0,680510119.5289351,2026-07-14
2018-01-02,sz.002827,高争民爆,10.658909,10.8120204,10.835576,10.658909,1375200,25161389.0,2.177793,0.327876,63146497.0,682741213.7525388,2026-07-14
2018-01-03,sz.002827,高争民爆,10.8179093,10.8709094,10.9180206,10.7001313,1840183,33804782.15,2.914149,0.544654,63146497.0,686459847.8143718,2026-07-14
2018-01-04,sz.002827,高争民爆,10.8296871,11.1064654,11.306688,10.8237982,3151394,59533613.7,4.990608,2.166856,63146494.0,701334350.7423075,2026-07-14
2018-01-05,sz.002827,高争民爆,11.0946876,10.9827985,11.1182432,10.894465,1913035,35697612.9,3.029519,-1.113473,63146493.0,693525208.6006604,2026-07-14
2018-01-08,sz.002827,高争民爆,10.9827985,11.0652431,11.071132,10.8120204,1811800,33767940.0,2.869201,0.750677,63146500.0,698731373.41415,2026-07-14
2018-01-09,sz.002827,高争民爆,10.9769096,10.8885761,11.0416875,10.8414649,1684594,31311058.25,2.667755,-1.5966,63146503.0,687575503.3643783,2026-07-14
2018-01-10,sz.002827,高争民爆,10.8061315,10.8414649,11.0357986,10.7590203,1537435,28425649.4,2.434711,-0.432666,63146509.0,684600660.8810341,2026-07-14
2018-01-11,sz.002827,高争民爆,10.8237982,11.0829098,11.1771322,10.6647979,3111535,58276563.35,4.927486,2.22705,63146501.0,699846974.7686098,2026-07-14
2018-01-12,sz.002827,高争民爆,11.0181319,11.2065767,11.4774661,10.9827985,3277400,62692646.3,5.190153,1.115839,63146501.0,707656106.7931267,2026-07-14
2018-01-15,sz.002827,高争民爆,11.0770209,10.8826872,11.2595768,10.8767983,2215281,41436380.07,3.508161,-2.890179,63146503.0,687203639.9228616,2026-07-14
2018-01-16,sz.002827,高争民爆,10.9121317,11.5834663,11.6776887,10.8473538,4552183,87582692.74,7.208924,6.439397,63146497.0,731455319.9625511,2026-07-14
2018-01-17,sz.002827,高争民爆,11.4480216,11.542244,11.6305775,11.2772435,3043184,59282631.88,4.819244,-0.35587,63146502.0,728852333.830488,2026-07-14
2018-01-18,sz.002827,高争民爆,11.5481329,11.5599107,11.7601333,11.4009104,2616219,51470866.85,4.143094,0.153055,63146504.0,729967947.2571927,2026-07-14
2018-01-19,sz.002827,高争民爆,11.5775774,11.3596881,12.072245,11.3184658,2896165,56746041.0,4.586422,-1.732034,63146501.0,717324555.966338,2026-07-14
2018-01-22,sz.002827,高争民爆,11.2890213,11.2183545,11.306688,10.9121317,1979623,37437490.72,3.134969,-1.244177,63146494.0,708399755.124123,2026-07-14
2018-01-23,sz.002827,高争民爆,11.1712433,11.247799,11.3537992,11.0770209,1550945,29453972.7,2.456106,0.262473,63146501.0,710259150.801299,2026-07-14
2018-01-24,sz.002827,高争民爆,11.2183545,11.2890213,11.3479103,11.0887987,1718145,32749378.35,2.720887,0.36649,63146503.0,712862217.3875139,2026-07-14
2018-01-25,sz.002827,高争民爆,11.2595768,11.2831324,11.4303549,11.2006878,1645110,31693441.0,2.605228,-0.052166,63146489.0,712490195.9821435,2026-07-14
2018-01-26,sz.002827,高争民爆,11.2124656,11.130021,11.3007991,11.071132,1539735,29215955.1,2.438354,-1.356995,63146491.0,702821770.9063109,2026-07-14
2018-01-29,sz.002827,高争民爆,11.0887987,10.8826872,11.2419101,10.7943537,1346900,25037883.0,2.132976,-2.222223,63146515.0,687203770.515108,2026-07-14
2018-01-30,sz.002827,高争民爆,10.8826872,10.8237982,10.9474651,10.8002426,1013230,18710613.2,1.60457,-0.541128,63146513.0,683485113.7456766,2026-07-14
2018-01-31,sz.002827,高争民爆,10.8237982,10.2290193,10.8826872,10.070019,1923036,34180543.03,3.045356,-5.495094,63146509.0,645926859.2886237,2026-07-14
2018-02-01,sz.002827,高争民爆,10.2349082,9.598907,10.2349082,9.5164624,1614930,27043668.54,2.557434,-6.160055,63146498.0,606137361.677686,2026-07-14
2018-02-02,sz.002827,高争民爆,9.481129,9.4399067,9.598907,9.010017,1187632,18863482.45,1.880757,-1.656433,63146488.0,596096955.1526695,2026-07-14
2018-02-05,sz.002827,高争民爆,9.42224,9.4163511,9.6283515,9.0217948,771100,12352553.65,1.221129,-0.249538,63146482.0,594609445.2418302,2026-07-14
2018-02-06,sz.002827,高争民爆,9.1042394,8.9570169,9.4752401,8.951128,1198900,18776125.0,1.898601,-4.878047,63146496.0,565604231.8477824,2026-07-14
2018-02-07,sz.002827,高争民爆,9.068906,9.1925729,9.2985731,8.8097944,1239467,19248578.54,1.962844,2.629846,63146485.0,580478666.7412565,2026-07-14
2018-02-08,sz.002827,高争民爆,9.1336839,9.3692399,9.3869066,9.0747949,974200,15344728.33,1.542762,1.921846,63146487.0,591634585.5452313,2026-07-14
2018-02-09,sz.002827,高争民爆,9.127795,8.9570169,9.2985731,8.83335,1090326,16773029.6,1.726661,-4.399747,63146501.0,565604276.6328669,2026-07-14
2018-02-12,sz.002827,高争民爆,9.0159059,9.2220174,9.2926842,9.0159059,732335,11440226.05,1.15974,2.958579,63146481.0,582337946.5307695,2026-07-14
2018-02-13,sz.002827,高争民爆,9.363351,9.3456843,9.3869066,9.245573,815500,12891178.0,1.291441,1.340996,63146516.0,590147403.1808988,2026-07-14
2018-02-14,sz.002827,高争民爆,9.3456843,9.304462,9.363351,9.1749062,432100,6815684.0,0.684282,-0.441082,63146481.0,587544032.898222,2026-07-14
2018-02-22,sz.002827,高争民爆,9.4281289,9.4752401,9.5164624,9.3103509,658167,10530560.35,1.042286,1.835443,63146488.0,598328135.2717688,2026-07-14
2018-02-23,sz.002827,高争民爆,9.42224,9.481129,9.540018,9.3751288,621600,10002858.0,0.984378,0.062152,63146474.0,598699865.889146,2026-07-14
2018-02-26,sz.002827,高争民爆,9.6460182,9.7520184,9.9227965,9.5105735,1429600,23519971.6,2.263942,2.857137,63146494.0,615805771.3834896,2026-07-14
2018-02-27,sz.002827,高争民爆,9.775574,9.834463,9.8521297,9.6754627,1193900,19786170.0,1.890683,0.845418,63146493.0,621011848.988259,2026-07-14
2018-02-28,sz.002827,高争民爆,9.775574,9.8521297,9.9463521,9.716685,843970,14074670.5,1.336527,0.179633,63146498.0,622127488.3967906,2026-07-14
2018-03-01,sz.002827,高争民爆,9.8109074,9.8697964,10.0052411,9.6931294,1053935,17657842.55,1.669032,0.179323,63146483.0,623242930.5860612,2026-07-14
2018-03-02,sz.002827,高争民爆,9.775574,9.7814629,9.8521297,9.7225739,729034,12109435.99,1.154512,-0.894986,63146507.0,617665215.4850903,2026-07-14
2018-03-05,sz.002827,高争民爆,9.8050185,9.8226852,9.8756853,9.6460182,611664,10186440.72,0.968643,0.421431,63146484.0,620268033.8188368,2026-07-14
2018-03-06,sz.002827,高争民爆,10.01113,9.9286854,10.0641301,9.8403519,1096433,18505644.65,1.736332,1.079139,63146507.0,626961802.1118978,2026-07-14
2018-03-07,sz.002827,高争民爆,9.9286854,9.7932407,9.9816855,9.7932407,912935,15288950.05,1.445741,-1.364184,63146511.0,618408981.5881977,2026-07-14
2018-03-08,sz.002827,高争民爆,9.7049072,10.0405745,10.1053524,9.6931294,1413335,23857498.1,2.238184,2.525557,63146506.0,634027197.907697,2026-07-14
2018-03-09,sz.002827,高争民爆,10.0994635,10.1583525,10.2054637,9.952241,1393346,23922700.9,2.206529,1.173025,63146507.0,641464477.2497175,2026-07-14
2018-03-12,sz.002827,高争民爆,10.246686,10.246686,10.364464,10.1583525,1271300,22176924.0,2.013255,0.869563,63146497.0,647042326.758942,2026-07-14
2018-03-13,sz.002827,高争民爆,10.2643527,10.2879083,10.423353,10.0994635,1289135,22473958.65,2.041499,0.402297,63146492.0,649645319.1626836,2026-07-14
2018-03-14,sz.002827,高争民爆,10.2407971,10.0876857,10.2996861,10.0523523,919411,15902894.1,1.455997,-1.946194,63146490.0,637001944.178193,2026-07-14
2018-03-15,sz.002827,高争民爆,9.9757966,9.8521297,9.9875744,9.6931294,1422900,23751960.0,2.253332,-2.335083,63146487.0,622127380.023364,2026-07-14
2018-03-16,sz.002827,高争民爆,9.952241,9.8285741,9.9581299,9.7932407,605700,10182139.0,0.959198,-0.239086,63146504.0,620640093.7199465,2026-07-14
2018-03-19,sz.002827,高争民爆,9.8521297,10.0405745,10.2349082,9.7932407,1231100,20934716.0,1.949593,2.156972,63146513.0,634027268.1917185,2026-07-14
2018-03-20,sz.002827,高争民爆,9.893352,10.187797,10.4115752,9.893352,1208400,20812847.0,1.913645,1.466276,63146508.0,643323804.762876,2026-07-14
2018-03-21,sz.002827,高争民爆,10.1819081,10.4527975,11.012243,10.0935746,3502770,62665326.95,5.547053,2.601161,63146503.0,660057608.6921426,2026-07-14
2018-03-22,sz.002827,高争民爆,10.3526862,10.5057976,10.5941311,10.2349082,1931800,34316877.0,3.059235,0.507043,63146506.0,663404411.1831856,2026-07-14
2018-03-23,sz.002827,高争民爆,10.2702416,9.6224626,10.2761305,9.4929068,2116500,35853385.0,3.35173,-8.408072,63146494.0,607624776.8361244,2026-07-14
2018-03-26,sz.002827,高争民爆,9.4281289,9.7402406,9.7461295,9.3103509,1181200,19196684.0,1.870571,1.223995,63146494.0,615062044.6064564,2026-07-14
2018-03-27,sz.002827,高争民爆,9.8815742,9.9581299,10.1112413,9.834463,1427770,24125062.6,2.261044,2.236995,63146493.0,628820980.0234407,2026-07-14
2018-03-28,sz.002827,高争民爆,9.775574,9.9169076,10.0405745,9.716685,1222080,20624308.25,1.935309,-0.413954,63146505.0,626218055.3479381,2026-07-14
2018-03-29,sz.002827,高争民爆,9.8756853,10.1583525,10.1760192,9.8639075,1400370,24027314.4,2.217653,2.434678,63146489.0,641464294.3993725,2026-07-14
2018-03-30,sz.002827,高争民爆,10.2702416,10.3350195,10.4410197,10.128908,1656884,28969586.55,2.623873,1.739126,63146501.0,652620319.1917695,2026-07-14
2018-04-02,sz.002827,高争民爆,10.1171302,10.0346856,10.246686,9.9345743,2705545,46298199.75,4.284553,-2.905973,63146494.0,633655214.0322864,2026-07-14
2018-04-03,sz.002827,高争民爆,9.8697964,9.9640188,9.9816855,9.7873518,1173469,19697055.44,1.858328,-0.70423,63146495.0,629192863.334106,2026-07-14
2018-04-04,sz.002827,高争民爆,9.9699077,10.3526862,10.4115752,9.9699077,2832034,49330387.12,4.484863,3.900708,63146500.0,653735899.1283001,2026-07-14
2018-04-09,sz.002827,高争民爆,10.3409084,10.5352421,10.5882422,10.2820194,2941499,52157679.31,4.658214,1.763364,63146498.0,665263644.1971657,2026-07-14
2018-04-10,sz.002827,高争民爆,10.4763531,10.3585751,10.5057976,10.1583525,1733144,30448617.07,2.74464,-1.67691,63146496.0,654107721.1178496,2026-07-14
2018-04-11,sz.002827,高争民爆,10.3350195,10.5234643,11.012243,10.3173528,3114934,55910953.75,4.932869,1.591817,63146498.0,664519917.3730215,2026-07-14
2018-04-12,sz.002827,高争民爆,10.4586864,11.0416875,11.247799,10.3291306,5781700,106241202.77,9.15601,4.924449,63146502.0,697243941.802125,2026-07-14
2018-04-13,sz.002827,高争民爆,10.8826872,10.8179093,11.0416875,10.7119091,2818935,52015363.0,4.464119,-2.026662,63146502.0,683113131.2482686,2026-07-14
2018-04-16,sz.002827,高争民爆,10.7236869,10.3880196,10.776687,10.305575,1864035,33294556.05,2.951921,-3.973878,63146507.0,655967152.3875372,2026-07-14
2018-04-17,sz.002827,高争民爆,10.3939085,9.8756853,10.5587977,9.7637962,2323650,40040650.45,3.679776,-4.931967,63146507.0,623615030.9262471,2026-07-14
2018-04-18,sz.002827,高争民爆,9.9345743,9.8167963,10.0405745,9.5871292,1947100,32389334.0,3.083465,-0.596305,63146493.0,619896258.8403759,2026-07-14
2018-04-19,sz.002827,高争民爆,9.8639075,10.128908,10.1760192,9.7873518,2190050,37267289.41,3.468205,3.179368,63146498.0,639605068.764184,2026-07-14
2018-04-20,sz.002827,高争民爆,10.01113,9.5812403,10.0464634,9.5635736,1463035,24320739.55,2.31689,-5.406978,63146502.0,605021809.7664305,2026-07-14
2018-04-23,sz.002827,高争民爆,9.6165737,9.5046846,9.7107961,9.3280176,861326,13943451.7,1.364012,-0.799023,63146512.0,600187680.1501151,2026-07-14
2018-04-24,sz.002827,高争民爆,9.5105735,10.4527975,10.4527975,9.5105735,2329506,40000869.1,3.68905,9.975221,63146501.0,660057587.7865475,2026-07-14
2018-04-25,sz.002827,高争民爆,10.423353,10.5175754,11.0004652,10.1936859,4149762,74543107.04,6.571642,0.619722,63146501.0,664148085.5136755,2026-07-14
2018-04-26,sz.002827,高争民爆,10.4527975,10.776687,11.2242434,10.1936859,4905971,89285921.43,7.769189,2.463598,63146501.0,680510076.4221871,2026-07-14
2018-04-27,sz.002827,高争民爆,10.6059089,10.3939085,10.9180206,10.364464,3287435,59405686.4,5.206045,-3.551911,63146496.0,656338901.519616,2026-07-14
2018-05-02,sz.002827,高争民爆,10.2113526,9.6519071,10.3703529,9.598907,3594000,59955313.29,5.691527,-7.138812,63146498.0,609484132.3863358,2026-07-14
2018-05-03,sz.002827,高争民爆,9.7049072,9.8815742,10.0052411,9.481129,2060676,34169300.22,3.263326,2.379508,63146495.0,623986775.812429,2026-07-14
2018-05-04,sz.002827,高争民爆,9.9345743,10.8709094,10.8709094,9.7402406,5959396,108167063.26,9.437413,10.01191,63146500.0,686459880.4271001,2026-07-14
2018-05-07,sz.002827,高争民爆,11.247799,11.895578,11.9603559,11.071132,14581610,284086780.65,23.091715,9.425795,63146501.0,751164128.0725781,2026-07-14
2018-05-08,sz.002827,高争民爆,11.2949102,11.3420214,11.718911,11.2595768,10115146,196008452.55,16.018538,-4.653468,63146499.0,716208942.9930786,2026-07-14
2018-05-09,sz.002827,高争民爆,11.2536879,11.424466,11.4774661,11.1064654,6015733,115243119.72,9.526629,0.726892,63146502.0,721415065.1179321,2026-07-14
2018-05-10,sz.002827,高争民爆,11.2890213,11.3302436,11.4185771,11.1947989,4415268,84760898.22,6.992102,-0.824742,63146504.0,715465272.8083744,2026-07-14
2018-05-11,sz.002827,高争民爆,11.3950215,10.9356873,11.4303549,10.9356873,3787194,71134099.16,5.997473,-3.482329,63146495.0,690550323.4110135,2026-07-14
2018-05-14,sz.002827,高争民爆,10.8296871,10.776687,10.8296871,10.5470199,2988989,54270304.76,4.73342,-1.453961,63146499.0,680510054.868813,2026-07-14
2018-05-15,sz.002827,高争民爆,10.717798,11.3125769,11.483355,10.6883535,6013248,114655242.1,9.522694,4.972677,63146500.0,714349637.21585,2026-07-14
2018-05-16,sz.002827,高争民爆,11.1535766,11.0416875,11.1653544,10.7236869,3661948,68141505.07,5.799131,-2.394582,63146496.0,697243875.552,2026-07-14
2018-05-17,sz.002827,高争民爆,10.9592429,11.0240208,11.0475764,10.7943537,2127148,39466390.46,3.368592,-0.160004,63146502.0,696128351.4952416,2026-07-14
2018-05-18,sz.002827,高争民爆,11.0357986,11.1182432,11.1359099,10.9121317,2273700,42600068.0,3.600675,0.8547,63146493.0,702078066.4010977,2026-07-14
2018-05-21,sz.002827,高争民爆,11.0593542,11.483355,11.483355,11.0593542,5178900,99719143.0,8.201405,3.283903,63146497.0,725133642.0574349,2026-07-14
2018-05-22,sz.002827,高争民爆,11.365577,11.3891326,11.4421327,11.1947989,3444570,66138675.1,5.454887,-0.820512,63146496.0,719183816.1693696,2026-07-14
2018-05-23,sz.002827,高争民爆,11.3479103,11.0240208,11.3479103,10.9886874,2530545,47997149.71,4.007419,-3.205796,63146504.0,696128373.5432832,2026-07-14
2018-05-24,sz.002827,高争民爆,11.0181319,11.5245773,11.7012443,11.0181319,5457122,105672154.9,8.642002,4.540601,63146502.0,727736743.5236046,2026-07-14
2018-05-25,sz.002827,高争民爆,11.483355,11.5893552,11.6305775,11.3773548,4752465,93004257.3,7.526094,0.562088,63146501.0,731827229.7261552,2026-07-14
2018-05-28,sz.002827,高争民爆,11.6305775,11.3832437,11.6305775,11.247799,2648088,51175776.91,4.193563,-1.778457,63146494.0,718811930.0025878,2026-07-14
2018-05-29,sz.002827,高争民爆,11.3361325,10.9062428,11.483355,10.776687,3266722,61543372.3,5.173243,-4.190375,63146502.0,688691082.7826855,2026-07-14
2018-05-30,sz.002827,高争民爆,10.5352421,9.8167963,10.5352421,9.8167963,3744966,64613262.0,5.930599,-9.989202,63146505.0,619896376.6419315,2026-07-14
2018-05-31,sz.002827,高争民爆,9.9993522,10.128908,10.3350195,9.8815742,1868886,32054399.6,2.959603,3.179368,63146510.0,639605190.31108,2026-07-14
2018-06-01,sz.002827,高争民爆,10.187797,10.0641301,10.3467973,9.9875744,1697500,29270159.0,2.688193,-0.639538,63146508.0,635514671.8726908,2026-07-14
2018-06-04,sz.002827,高争民爆,10.1053524,9.952241,10.2584638,9.8639075,1345687,22874499.21,2.131056,-1.111764,63146487.0,628449056.9273671,2026-07-14
2018-06-05,sz.002827,高争民爆,9.9640188,10.1524636,10.1819081,9.9640188,1676235,28722250.95,2.654518,2.011835,63146492.0,641092461.4976913,2026-07-14
2018-06-06,sz.002827,高争民爆,10.1053524,10.2290193,10.2643527,10.0759079,1877251,32446697.74,2.97285,0.754066,63146509.0,645926859.2886237,2026-07-14
2018-06-07,sz.002827,高争民爆,10.2349082,10.2407971,10.3821307,10.1112413,1910556,33199463.84,3.025593,0.115133,63146497.0,646670463.3527586,2026-07-14
2018-06-08,sz.002827,高争民爆,10.2231304,9.9993522,10.2231304,9.8815742,1747500,29648782.0,2.767374,-2.357676,63146506.0,631424153.6934133,2026-07-14
2018-06-11,sz.002827,高争民爆,9.657796,9.5812403,9.7932407,9.5105735,2050500,33508462.0,3.247211,-4.181385,63146497.0,605021761.860229,2026-07-14
2018-06-12,sz.002827,高争民爆,9.540018,9.952241,10.1112413,9.4693512,2011700,33568985.0,3.185766,3.872152,63146509.0,628449275.876669,2026-07-14
2018-06-13,sz.002827,高争民爆,9.893352,9.6047959,9.893352,9.598907,1302900,21506339.0,2.063297,-3.491125,63146508.0,606509321.1377171,2026-07-14
2018-06-14,sz.002827,高争民爆,9.5753514,9.5871292,9.7579073,9.5517958,1074800,17574819.0,1.702074,-0.183929,63146491.0,605393567.7436372,2026-07-14
2018-06-15,sz.002827,高争民爆,9.5930181,9.0806838,9.6813516,8.8451278,1647470,25814131.4,2.608965,-5.282559,63146497.0,573413372.3346485,2026-07-14
2018-06-19,sz.002827,高争民爆,8.951128,8.1737932,9.1336839,8.1737932,2290700,32938857.0,3.627596,-9.987029,63146503.0,516146456.82517964,2026-07-14
2018-06-20,sz.002827,高争民爆,8.24446,8.4093492,8.538905,8.1325709,1270840,17943604.66,2.012526,2.881842,63146513.0,531021078.57933956,2026-07-14
2018-06-21,sz.002827,高争民爆,8.4093492,8.2267933,8.5624606,8.1384598,1185028,16833418.18,1.876633,-2.170865,63146497.0,519493178.4380701,2026-07-14
2018-06-22,sz.002827,高争民爆,8.2267933,8.4446826,8.4682382,8.1090153,1105746,15623282.0,1.75108,2.648532,63146515.0,533252276.471139,2026-07-14
2018-06-25,sz.002827,高争民爆,8.80209964,8.71123144,9.15951456,8.68094204,2927839,42882069.53,4.636582,3.156389,63146495.0,550083732.5698029,2026-07-14
2018-06-26,sz.002827,高争民爆,8.43256896,8.7536366,8.83844692,8.33564288,1401829,19950486.75,2.219963,0.486785,63146503.0,552761539.8228098,2026-07-14
2018-06-27,sz.002827,高争民爆,8.6627684,8.63853688,8.79604176,8.61430536,948982,13627319.72,1.502826,-1.314876,63146499.0,545493360.4543831,2026-07-14
2018-06-28,sz.002827,高争民爆,8.61430536,8.43256896,8.72940508,8.40833744,950600,13458324.0,1.505388,-2.384293,63146511.0,532487308.5908985,2026-07-14
2018-06-29,sz.002827,高争民爆,8.3901638,8.69911568,8.7536366,8.3901638,1274835,18161121.6,2.018853,3.160917,63146500.0,549318708.28712,2026-07-14
2018-07-02,sz.002827,高争民爆,8.77181024,8.54766868,8.80815752,8.50526352,1016900,14510859.0,1.610382,-1.740947,63146508.0,539755428.6829695,2026-07-14
2018-07-03,sz.002827,高争民爆,8.5719002,8.72940508,8.74152084,8.5113214,1078204,15423396.56,1.707464,2.126153,63146514.0,551231500.0958911,2026-07-14
2018-07-04,sz.002827,高争民爆,8.72940508,8.52343716,8.77181024,8.481032,998214,14110729.1,1.580791,-2.359474,63146488.0,538225122.342694,2026-07-14
2018-07-05,sz.002827,高争民爆,8.5719002,8.21448528,8.57795808,8.2084274,852802,11812894.64,1.350513,-3.624728,63146523.0,518716183.6666814,2026-07-14
2018-07-06,sz.002827,高争民爆,8.22660104,8.25083256,8.34775864,7.9661122,1019702,13863466.16,1.61482,0.442474,63146481.0,521011041.48422134,2026-07-14
2018-07-09,sz.002827,高争民爆,8.15390648,8.44468472,8.4507426,8.15390648,791231,10940923.56,1.253008,2.349484,63146524.0,533252486.34391326,2026-07-14
2018-07-10,sz.002827,高争民爆,8.3598744,8.57795808,8.65065264,8.3598744,952100,13423223.0,1.507764,1.578194,63146487.0,541667918.385265,2026-07-14
2018-07-11,sz.002827,高争民爆,8.52343716,8.2690062,8.52343716,8.0872698,963500,13162449.6,1.525817,-3.601697,63146498.0,522158783.47028756,2026-07-14
2018-07-12,sz.002827,高争民爆,8.2690062,8.45680048,8.52343716,8.25689044,954650,13283887.5,1.511802,2.271065,63146497.0,534017326.13991857,2026-07-14
2018-07-13,sz.002827,高争民爆,8.45680048,8.48708988,8.53555292,8.39622168,813435,11371416.9,1.288171,0.358168,63146508.0,535930089.004139,2026-07-14
2018-07-16,sz.002827,高争民爆,8.48708988,8.46285836,8.49920564,8.40227956,707835,9876403.8,1.120941,-0.28551,63146499.0,534399876.96688163,2026-07-14
2018-07-17,sz.002827,高争民爆,8.51737928,8.46285836,8.51737928,8.2387168,802135,11079774.15,1.270276,0.0,63146513.0,534399995.4468987,2026-07-14
2018-07-18,sz.002827,高争民爆,8.51737928,8.44468472,8.632479,8.3598744,1220084,17186173.49,1.932148,-0.214751,63146508.0,533252351.2289577,2026-07-14
2018-07-19,sz.002827,高争民爆,8.43862684,8.29323772,8.52343716,8.2387168,731684,10109111.46,1.158709,-1.7934,63146485.0,523688811.28741425,2026-07-14
2018-07-20,sz.002827,高争民爆,8.29323772,8.4507426,8.481032,8.25083256,593349,8234764.22,0.939639,1.899198,63146485.0,533634690.82976097,2026-07-14
2018-07-23,sz.002827,高争民爆,8.37804804,8.5113214,8.52949504,8.37199016,628363,8794346.96,0.995088,0.716849,63146475.0,537459944.002065,2026-07-14
2018-07-24,sz.002827,高争民爆,8.5416108,9.19586184,9.36548248,8.46285836,4743998,70984867.36,7.512686,8.042706,63146496.0,580686452.8961126,2026-07-14
2018-07-25,sz.002827,高争民爆,9.07470424,9.2079776,9.4502928,8.85056268,4672065,70376071.78,7.398771,0.131749,63146501.0,581451566.7263776,2026-07-14
2018-07-26,sz.002827,高争民爆,9.389714,9.5108716,9.692608,9.09287788,5202405,80493116.88,8.238628,3.289474,63146497.0,600578224.9567852,2026-07-14
2018-07-27,sz.002827,高争民爆,10.15906476,10.46195876,10.46195876,9.995502,6592586,113016455.69,10.440145,10.0,63146498.0,660636057.9144225,2026-07-14
2018-07-30,sz.002827,高争民爆,10.88601036,10.4195536,11.509972,10.298396,12938665,233780611.79,20.489916,-0.405325,63146501.0,657958351.8219537,2026-07-14
2018-07-31,sz.002827,高争民爆,9.42606128,9.55327676,9.80770772,9.37759824,8752015,138037524.34,13.859858,-8.313954,63146498.0,603255971.8187864,2026-07-14
2018-08-01,sz.002827,高争民爆,9.64414496,10.05002292,10.298396,9.389714,8552622,138771891.88,13.544095,5.199744,63146500.0,634623772.31778,2026-07-14
2018-08-02,sz.002827,高争民爆,9.69866588,10.49224816,10.81937368,9.2685564,9785534,162198878.47,15.496558,4.400239,63146500.0,662548748.4354401,2026-07-14
2018-08-03,sz.002827,高争民爆,9.692608,9.44423492,10.17118052,9.44423492,6961021,112344862.76,11.023605,-9.98845,63146502.0,596370399.2642498,2026-07-14
2018-08-06,sz.002827,高争民爆,9.52904524,9.40182976,9.78953408,9.15345668,4077580,64169386.65,6.457333,-0.449004,63146503.0,593692671.1453292,2026-07-14
2018-08-07,sz.002827,高争民爆,9.4502928,9.54721888,9.6623186,9.3594246,4006306,62975853.36,6.344462,1.54639,63146505.0,602873504.7420144,2026-07-14
2018-08-08,sz.002827,高争民爆,9.55327676,10.01367564,10.15300688,9.389714,8012539,130199695.7,12.688809,4.88579,63146502.0,632328588.8286114,2026-07-14
2018-08-09,sz.002827,高争民爆,9.78953408,9.82588136,9.995502,9.389714,5502954,88467294.23,8.714583,-1.875386,63146498.0,620469997.6474773,2026-07-14
2018-08-10,sz.002827,高争民爆,9.95915472,9.88646016,10.15906476,9.6017398,4961514,80768825.66,7.857148,0.616525,63146500.0,624295356.49344,2026-07-14
2018-08-13,sz.002827,高争民爆,9.7228974,10.2075278,10.26204872,9.6017398,6946750,115738509.31,11.001006,3.247553,63146498.0,644569633.8076444,2026-07-14
2018-08-14,sz.002827,高争民爆,10.0560808,10.01973352,10.2681066,9.92280744,4412735,73395163.53,6.988091,-1.839759,63146502.0,632711122.7601471,2026-07-14
2018-08-15,sz.002827,高争民爆,10.01973352,9.58356616,10.12877536,9.5714504,4212460,67863249.14,6.670932,-4.353091,63146499.0,605168650.9388739,2026-07-14
2018-08-16,sz.002827,高争民爆,9.31701944,8.94143088,9.31701944,8.62642112,3708625,54970918.8,5.873049,-6.700376,63146502.0,564620082.9467818,2026-07-14
2018-08-17,sz.002827,高争民爆,9.02018332,8.68094204,9.05047272,8.6021896,2457700,35636335.0,3.892061,-2.913281,63146492.0,548171037.0813236,2026-07-14
2018-08-20,sz.002827,高争民爆,8.68094204,8.59007384,8.73546296,8.2992956,1994600,27943920.0,3.158687,-1.046752,63146491.0,542433020.4268955,2026-07-14
2018-08-21,sz.002827,高争民爆,8.61430536,8.89902572,8.94143088,8.5113214,2469144,35803847.27,3.910183,3.59661,63146507.0,561942389.92116,2026-07-14
2018-08-22,sz.002827,高争民爆,8.79604176,8.5416108,8.8445048,8.5113214,1870400,26784709.0,2.962001,-4.016332,63146501.0,539372834.9238108,2026-07-14
2018-08-23,sz.002827,高争民爆,8.54766868,8.64459476,8.7233472,8.52343716,1422500,20306001.0,2.252698,1.205674,63146503.0,545875928.9461243,2026-07-14
2018-08-24,sz.002827,高争民爆,8.783926,8.69911568,8.97172028,8.66882628,2423453,35463406.19,3.837826,0.630688,63146505.0,549318751.7826984,2026-07-14
2018-08-27,sz.002827,高争民爆,8.59613172,8.82027328,8.85662056,8.59613172,1909834,27593521.64,3.024449,1.392763,63146510.0,556969474.8782529,2026-07-14
2018-08-28,sz.002827,高争民爆,8.82027328,8.74757872,8.86267844,8.66882628,1543235,22225124.05,2.443896,-0.824182,63146509.0,552379058.3706884,2026-07-14
2018-08-29,sz.002827,高争民爆,8.69911568,8.9050836,9.31096156,8.69911568,2945769,43706590.65,4.664976,1.800556,63146499.0,562324852.6423163,2026-07-14
2018-08-30,sz.002827,高争民爆,8.80209964,8.6930578,8.8445048,8.6627684,1587589,22882443.83,2.514136,-2.380949,63146504.0,548936209.1399312,2026-07-14
2018-08-31,sz.002827,高争民爆,8.61430536,8.48708988,8.7536366,8.481032,1265000,17935541.0,2.003278,-2.369339,63146503.0,535930046.5686896,2026-07-14
2018-09-03,sz.002827,高争民爆,8.48708988,8.34170076,8.49314776,8.18419588,1236300,16953934.0,1.957828,-1.71306,63146507.0,526749265.4332453,2026-07-14
2018-09-04,sz.002827,高争民爆,8.329585,8.37804804,8.4507426,8.2690062,1140500,15768044.0,1.806118,0.435726,63146483.0,529044268.1310433,2026-07-14
2018-09-05,sz.002827,高争民爆,8.3598744,8.13573284,8.37804804,8.13573284,1127200,15343592.3,1.785055,-2.892261,63146514.0,513743167.6813197,2026-07-14
2018-09-06,sz.002827,高争民爆,8.07515404,8.09938556,8.27506408,8.06303828,786234,10561169.56,1.245095,-0.446764,63146507.0,511447906.96023893,2026-07-14
2018-09-07,sz.002827,高争民爆,8.0569804,8.19631164,8.329585,8.0569804,1129067,15268111.81,1.788012,1.196708,63146500.0,517568392.97525996,2026-07-14
2018-09-10,sz.002827,高争民爆,8.178138,8.22054316,8.40227956,8.0872698,1612267,21937132.0,2.553217,0.295639,63146493.0,519098471.1091379,2026-07-14
2018-09-11,sz.002827,高争民爆,8.13573284,8.22660104,8.25689044,8.0872698,998688,13465263.8,1.581541,0.073694,63146513.0,519481169.5181735,2026-07-14
2018-09-12,sz.002827,高争民爆,8.16602224,8.42651108,8.49920564,8.16602224,2011304,27742393.3,3.185139,2.430043,63146506.0,532104732.4722864,2026-07-14
2018-09-13,sz.002827,高争民爆,8.43256896,8.6930578,8.783926,8.31141136,2627269,36993963.5,4.160593,3.163196,63146503.0,548936200.4468734,2026-07-14
2018-09-14,sz.002827,高争民爆,8.61430536,8.4204532,8.6930578,8.4204532,1692365,23873045.75,2.680061,-3.135894,63146510.0,531722232.1983321,2026-07-14
2018-09-17,sz.002827,高争民爆,8.41439532,8.19025376,8.41439532,8.15996436,1098765,14943124.9,1.740025,-2.733807,63146507.0,517185916.3876163,2026-07-14
2018-09-18,sz.002827,高争民爆,8.13573284,8.935373,9.00806756,8.13573284,4278500,61366453.0,6.775514,9.09763,63146501.0,564237540.079873,2026-07-14
2018-09-19,sz.002827,高争民爆,8.6627684,8.8445048,9.0262412,8.632479,4423656,64575323.97,7.005386,-1.016947,63146499.0,558499513.5086951,2026-07-14
2018-09-20,sz.002827,高争民爆,8.8445048,8.73546296,8.86873632,8.69911568,1816613,26290048.59,2.876823,-1.232879,63146499.0,551613903.068177,2026-07-14
2018-09-21,sz.002827,高争民爆,8.73546296,8.82633116,8.9656624,8.68094204,2300200,33577849.0,3.642641,1.040219,63146492.0,557351849.9842907,2026-07-14
2018-09-25,sz.002827,高争民爆,8.783926,8.80209964,8.91719936,8.66882628,1260513,18314852.81,1.996172,-0.274537,63146512.0,555821890.5424557,2026-07-14
2018-09-26,sz.002827,高争民爆,8.80209964,8.78998388,8.94143088,8.70517356,2012513,29353401.5,3.187054,-0.137643,63146498.0,555056699.4984522,2026-07-14
2018-09-27,sz.002827,高争民爆,8.83844692,8.50526352,8.83844692,8.49920564,1373200,19636684.0,2.174626,-3.239147,63146490.0,537077537.8130448,2026-07-14
2018-09-28,sz.002827,高争民爆,8.50526352,8.59613172,8.65065264,8.50526352,774543,10991308.46,1.226581,1.068373,63146502.0,542815648.8492435,2026-07-14
2018-10-08,sz.002827,高争民爆,8.52949504,8.13573284,8.52949504,8.13573284,1066500,14592754.0,1.68893,-5.355879,63146489.0,513742964.28799874,2026-07-14
2018-10-09,sz.002827,高争民爆,8.19631164,8.46891624,8.47497412,8.19631164,1818499,25169122.32,2.87981,4.095303,63146492.0,534782351.5978301,2026-07-14
2018-10-10,sz.002827,高争民爆,8.48708988,8.71728932,8.7536366,8.37199016,1428465,20239985.85,2.262144,2.932767,63146511.0,550466405.9355626,2026-07-14
2018-10-11,sz.002827,高争民爆,9.58962404,9.58962404,9.58962404,9.58962404,4522041,71583909.03,7.16119,10.00695,63146502.0,605551213.621108,2026-07-14
2018-10-12,sz.002827,高争民爆,10.54676908,10.54676908,10.54676908,10.146949,18191151,314934296.03,28.807853,9.981049,63146500.0,665991553.7102201,2026-07-14
2018-10-15,sz.002827,高争民爆,10.23175932,10.2378172,11.50391412,10.12271748,16113610,277712886.0,25.51782,-2.929352,63146499.0,646482313.5819829,2026-07-14
2018-10-16,sz.002827,高争民爆,9.78953408,9.21403548,10.04396504,9.21403548,10718035,169118358.55,16.973284,-9.999998,63146501.0,581834100.6518555,2026-07-14
2018-10-17,sz.002827,高争民爆,9.17163032,9.64414496,9.95915472,8.9959518,12708055,199910442.73,20.124718,4.667982,63146500.0,608993999.71664,2026-07-14
2018-10-18,sz.002827,高争民爆,9.27461428,8.8445048,9.3291352,8.68094204,9732941,143608082.17,15.413271,-8.291455,63146499.0,558499513.5086951,2026-07-14
2018-10-19,sz.002827,高争民爆,8.47497412,8.83238904,8.94748876,8.25689044,5886406,84470924.2,9.321825,-0.136989,63146498.0,557734436.849582,2026-07-14
2018-10-22,sz.002827,高争民爆,8.86873632,9.26249852,9.47452432,8.79604176,8118941,122074865.02,12.85731,4.869685,63146498.0,584894344.2681829,2026-07-14
2018-10-23,sz.002827,高争民爆,9.09893576,9.3291352,9.7834762,8.95354664,9588141,146984420.93,15.183963,0.719422,63146499.0,589102226.5776647,2026-07-14
2018-10-24,sz.002827,高争民爆,9.08076212,9.67443436,9.98338624,8.9656624,10029931,156064099.9,15.88359,3.701303,63146499.0,610906659.6393056,2026-07-14
2018-10-25,sz.002827,高争民爆,9.20191972,9.31701944,9.5108716,9.09893576,6117820,94119780.21,9.688296,-3.694428,63146502.0,588337186.7019988,2026-07-14
2018-10-26,sz.002827,高争民爆,9.3291352,9.39577188,9.61991344,9.25644064,5763100,89771680.1,9.126555,0.845254,63146499.0,593310099.6246481,2026-07-14
2018-10-29,sz.002827,高争民爆,9.4502928,8.9656624,9.4502928,8.94143088,4392700,66168692.22,6.956363,-4.577692,63146503.0,566150227.6385871,2026-07-14
2018-10-30,sz.002827,高争民爆,8.86267844,9.0565306,9.26249852,8.481032,5476979,79985775.06,8.673448,1.013511,63146502.0,571888227.6459612,2026-07-14
2018-10-31,sz.002827,高争民爆,8.9959518,9.12316728,9.36548248,8.85056268,5197179,78557220.38,8.230352,0.73579,63146497.0,576096055.2770182,2026-07-14
2018-11-01,sz.002827,高争民爆,9.37154036,9.25644064,9.68049224,9.2079776,7045500,109229948.51,11.157388,1.460819,63146500.0,584511828.87376,2026-07-14
2018-11-02,sz.002827,高争民爆,9.238267,9.5714504,9.68655012,9.21403548,8815935,138243047.55,13.961083,3.403144,63146498.0,604403573.5406992,2026-07-14
2018-11-05,sz.002827,高争民爆,9.46846644,9.85617076,9.95309684,9.36548248,8041000,128898785.0,12.733881,2.974685,63146499.0,622382677.0401692,2026-07-14
2018-11-06,sz.002827,高争民爆,9.76530256,9.75924468,9.88646016,9.51692948,6008741,96275272.4,9.515557,-0.983404,63146498.0,616262124.6671306,2026-07-14
2018-11-07,sz.002827,高争民爆,9.6320292,9.39577188,9.71078164,9.36548248,5351706,84356085.73,8.475064,-3.724397,63146497.0,593310080.8331044,2026-07-14
2018-11-08,sz.002827,高争民爆,9.51692948,9.4502928,9.70472376,9.389714,4261435,67068470.3,6.74849,0.580272,63146496.0,596752876.4940288,2026-07-14
2018-11-09,sz.002827,高争民爆,9.389714,9.20191972,9.49269796,9.16557244,3192800,48941927.0,5.056179,-2.62821,63146499.0,581069014.3970603,2026-07-14
2018-11-12,sz.002827,高争民爆,9.08682,9.42606128,9.44423492,9.06258848,4649400,71121342.0,7.362878,2.435819,63146503.0,595222806.8957039,2026-07-14
2018-11-13,sz.002827,高争民爆,9.2685564,9.5108716,9.61991344,9.21403548,5027724,77997935.19,7.961999,0.899739,63146504.0,600578291.5328864,2026-07-14
2018-11-14,sz.002827,高争民爆,9.4502928,9.40182976,9.58356616,9.3594246,4009818,62695112.44,6.350024,-1.146493,63146501.0,593692652.3416698,2026-07-14
2018-11-15,sz.002827,高争民爆,9.43817704,9.5714504,9.6017398,9.33519308,4252922,66650293.08,6.735008,1.804122,63146503.0,604403621.3979512,2026-07-14
2018-11-16,sz.002827,高争民爆,9.5714504,9.6320292,9.94703896,9.5108716,6628153,106242028.27,10.496469,0.632908,63146502.0,608228951.1418583,2026-07-14
2018-11-19,sz.002827,高争民爆,9.5714504,9.86222864,9.8743444,9.43211916,5758753,91932915.66,9.119671,2.389944,63146499.0,622765210.9535314,2026-07-14
2018-11-20,sz.002827,高争民爆,9.83193924,9.37759824,9.83193924,9.3594246,4276200,68135434.53,6.771872,-4.914012,63146498.0,592162488.5069635,2026-07-14
2018-11-21,sz.002827,高争民爆,9.20191972,9.32307732,9.4200034,9.10499364,2784300,42707712.0,4.409271,-0.58139,63146493.0,588719636.7258388,2026-07-14
2018-11-22,sz.002827,高争民爆,9.3594246,9.22009336,9.43211916,9.2079776,2051800,31475906.0,3.24927,-1.104614,63146491.0,582216542.3763998,2026-07-14
2018-11-23,sz.002827,高争民爆,9.18374608,8.7536366,9.2685564,8.55372656,3385100,49822794.0,5.360709,-5.059136,63146498.0,552761496.0546268,2026-07-14
2018-11-26,sz.002827,高争民爆,8.6930578,8.75969448,8.83844692,8.68094204,1318500,19077251.3,2.088002,0.069206,63146491.0,553143968.6440697,2026-07-14
2018-11-27,sz.002827,高争民爆,8.783926,8.67488416,8.92931512,8.59613172,1595506,23114841.66,2.526674,-0.96819,63146492.0,547788503.2103667,2026-07-14
2018-11-28,sz.002827,高争民爆,8.6930578,8.8445048,8.85662056,8.55978444,1502606,21669516.4,2.379555,1.955312,63146513.0,558499637.3317623,2026-07-14
2018-11-29,sz.002827,高争民爆,8.86873632,8.80815752,8.94748876,8.55372656,1892906,27398342.72,2.997642,-0.410962,63146500.0,556204318.83668,2026-07-14
2018-11-30,sz.002827,高争民爆,8.77181024,8.83238904,8.8445048,8.6021896,1461600,21166913.0,2.314618,0.275103,63146489.0,557734357.3580806,2026-07-14
2018-12-03,sz.002827,高争民爆,8.9656624,9.0262412,9.06864636,8.8445048,2958300,43941711.0,4.68482,2.194785,63146503.0,569975567.0145235,2026-07-14
2018-12-04,sz.002827,高争民爆,8.97172028,9.14134092,9.22009336,8.97172028,2373119,35518120.77,3.758116,1.275171,63146507.0,577243748.3941664,2026-07-14
2018-12-05,sz.002827,高争民爆,8.98383604,8.92325724,9.04441484,8.92325724,1781906,26393273.62,2.82186,-2.38569,63146506.0,563472516.8452034,2026-07-14
2018-12-06,sz.002827,高争民爆,8.9050836,8.7233472,8.95354664,8.64459476,1607200,23421763.0,2.545193,-2.240325,63146488.0,550848739.2846335,2026-07-14
2018-12-07,sz.002827,高争民爆,8.6930578,8.77786812,8.85662056,8.6930578,947300,13726071.0,1.500162,0.625001,63146514.0,554291772.1297337,2026-07-14
2018-12-10,sz.002827,高争民爆,8.7536366,8.65671052,8.7536366,8.6021896,842800,12065351.0,1.334674,-1.380261,63146506.0,546641022.7914431,2026-07-14
2018-12-11,sz.002827,高争民爆,8.72940508,8.71123144,8.74152084,8.6627684,722400,10368831.0,1.144006,0.629812,63146522.0,550083967.7730517,2026-07-14
2018-12-12,sz.002827,高争民爆,8.72940508,8.86873632,8.95354664,8.7233472,1620761,23674681.55,2.566668,1.808068,63146500.0,560029658.03088,2026-07-14
2018-12-13,sz.002827,高争民爆,8.86873632,9.09287788,9.19586184,8.76575236,3981125,59551100.78,6.304585,2.527322,63146504.0,574183449.4209315,2026-07-14
2018-12-14,sz.002827,高争民爆,9.0262412,8.85662056,9.13528304,8.85056268,2657760,39276460.29,4.208879,-2.59827,63146505.0,559264634.4751428,2026-07-14
2018-12-17,sz.002827,高争民爆,8.80815752,8.92931512,8.94748876,8.74152084,1260200,18458275.0,1.995677,0.820793,63146491.0,563854916.861244,2026-07-14
2018-12-18,sz.002827,高争民爆,8.89902572,8.79604176,8.92325724,8.6627684,1250300,18142796.0,1.979999,-1.492533,63146497.0,555439224.6097147,2026-07-14
2018-12-19,sz.002827,高争民爆,8.79604176,8.68699992,8.79604176,8.6627684,817700,11750005.0,1.294925,-1.239671,63146514.0,548553762.0662788,2026-07-14
2018-12-20,sz.002827,高争民爆,8.6627684,8.7233472,8.783926,8.65065264,700800,10087570.0,1.1098,0.418406,63146513.0,550848957.3683136,2026-07-14
2018-12-21,sz.002827,高争民爆,8.7233472,8.9050836,8.9050836,8.6627684,1691100,24641231.0,2.678058,2.083335,63146504.0,562324897.1677344,2026-07-14
2018-12-24,sz.002827,高争民爆,8.89296784,8.91719936,9.03229908,8.8142154,1515100,22304872.0,2.399341,0.136057,63146506.0,563089982.8894361,2026-07-14
2018-12-25,sz.002827,高争民爆,8.86267844,8.59613172,8.88085208,8.40833744,1797200,25420514.0,2.84608,-3.600548,63146503.0,542815657.4453752,2026-07-14
2018-12-26,sz.002827,高争民爆,8.7233472,8.6021896,8.7233472,8.56584232,917000,13063936.0,1.452179,0.070474,63146485.0,543198036.5435561,2026-07-14
2018-12-27,sz.002827,高争民爆,8.73546296,8.4204532,8.7536366,8.3901638,1193600,16866597.0,1.890208,-2.112678,63146490.0,531722063.7892681,2026-07-14
2018-12-28,sz.002827,高争民爆,8.4204532,8.42651108,8.57795808,8.41439532,847400,11868257.0,1.341959,0.071944,63146490.0,532104597.64810914,2026-07-14
2019-01-02,sz.002827,高争民爆,8.46285836,8.52343716,8.59007384,8.43256896,695900,9768871.0,1.10204,1.150251,63146528.0,538225463.2801805,2026-07-14
2019-01-03,sz.002827,高争民爆,8.6627684,8.5416108,8.8747942,8.5416108,2050700,29492703.0,3.247528,0.213225,63146492.0,539372758.0493137,2026-07-14
2019-01-04,sz.002827,高争民爆,8.43256896,8.65671052,8.69911568,8.25083256,2155931,30248744.27,3.414173,1.347515,63146507.0,546641031.4481537,2026-07-14
2019-01-07,sz.002827,高争民爆,8.69911568,8.83844692,8.89296784,8.62036324,2432200,35114631.0,3.851678,2.099371,63146504.0,558117023.7875677,2026-07-14
2019-01-08,sz.002827,高争民爆,8.783926,8.91719936,9.08682,8.70517356,3050600,44832305.0,4.830988,0.891022,63146503.0,563089956.137838,2026-07-14
2019-01-09,sz.002827,高争民爆,8.8747942,9.80770772,9.80770772,8.86267844,8212949,128936862.37,13.006182,9.986415,63146502.0,619322435.1563954,2026-07-14
2019-01-10,sz.002827,高争民爆,10.04396504,9.5108716,10.29233812,9.39577188,11695168,190047265.89,18.520691,-3.026564,63146499.0,600578243.9785284,2026-07-14
2019-01-11,sz.002827,高争民爆,9.15951456,9.22615124,9.38365612,9.0565306,6510935,98736993.4,10.310841,-2.993632,63146498.0,582599140.8243575,2026-07-14
2019-01-14,sz.002827,高争民爆,9.29278792,9.05047272,9.2988458,8.97172028,3620461,54325588.07,5.733431,-1.904136,63146500.0,571505675.61348,2026-07-14
2019-01-15,sz.002827,高争民爆,8.97777816,9.12922516,9.20191972,8.97777816,2853770,42966738.15,4.519285,0.870148,63146493.0,576478552.661364,2026-07-14
2019-01-16,sz.002827,高争民爆,9.09287788,9.04441484,9.09893576,8.92325724,2359961,35047291.36,3.737279,-0.928994,63146503.0,571123168.8273045,2026-07-14
2019-01-17,sz.002827,高争民爆,9.03835696,8.88690996,9.03835696,8.88085208,1936061,28578096.8,3.065983,-1.741462,63146501.0,561177268.67605,2026-07-14
2019-01-18,sz.002827,高争民爆,8.88690996,8.88690996,8.98383604,8.67488416,2147435,31363430.65,3.400719,0.0,63146499.0,561177250.90223,2026-07-14
2019-01-21,sz.002827,高争民爆,8.89296784,8.9656624,8.98989392,8.85662056,1706700,25164244.0,2.702763,0.886163,63146491.0,566150120.0506383,2026-07-14
2019-01-22,sz.002827,高争民爆,8.97172028,8.77181024,8.97172028,8.73546296,1451500,21206496.0,2.298623,-2.162167,63146501.0,553909124.0919703,2026-07-14
2019-01-23,sz.002827,高争民爆,8.70517356,8.83238904,8.86267844,8.70517356,1236300,17948384.0,1.957828,0.69061,63146507.0,557734516.3410833,2026-07-14
2019-01-24,sz.002827,高争民爆,8.74152084,8.7233472,8.80815752,8.69911568,1617596,23339080.58,2.561656,-1.23457,63146496.0,550848809.0714111,2026-07-14
2019-01-25,sz.002827,高争民爆,8.74152084,8.62642112,8.77181024,8.60824748,1366300,19622156.0,2.163699,-1.11111,63146491.0,544728223.6162899,2026-07-14
2019-01-28,sz.002827,高争民爆,8.69911568,8.50526352,8.70517356,8.49314776,1181700,16741171.0,1.871363,-1.404493,63146487.0,537077512.2972542,2026-07-14
2019-01-29,sz.002827,高争民爆,8.50526352,8.3901638,8.50526352,8.25083256,1345700,18567888.0,2.131076,-1.353273,63146504.0,529809511.9573552,2026-07-14
2019-01-30,sz.002827,高争民爆,8.38410592,8.55978444,8.74152084,8.30535348,1519600,21466613.0,2.406468,2.021659,63146487.0,540520316.8632623,2026-07-14
2019-01-31,sz.002827,高争民爆,8.49920564,8.2387168,8.56584232,8.21448528,1422600,19739787.0,2.252856,-3.750883,63146513.0,520246237.51451844,2026-07-14
2019-02-01,sz.002827,高争民爆,8.21448528,8.4507426,8.46891624,8.21448528,838200,11618946.0,1.327389,2.573525,63146523.0,533635011.9579798,2026-07-14
2019-02-11,sz.002827,高争民爆,8.481032,8.632479,8.65065264,8.46285836,1003900,14239143.0,1.589795,2.150539,63146506.0,545110886.968374,2026-07-14
2019-02-12,sz.002827,高争民爆,8.61430536,8.74152084,8.7536366,8.59613172,1582200,22713363.0,2.505602,1.26316,63146501.0,551996454.4645808,2026-07-14
2019-02-13,sz.002827,高争民爆,8.6930578,8.783926,8.8445048,8.66882628,1888235,27345303.1,2.990245,0.485098,63146498.0,554674165.5911479,2026-07-14
2019-02-14,sz.002827,高争民爆,8.77181024,8.76575236,8.783926,8.70517356,1301270,18794767.5,2.060716,-0.206895,63146499.0,553526572.6349877,2026-07-14
2019-02-15,sz.002827,高争民爆,8.77786812,8.77181024,8.83844692,8.6930578,1429100,20690505.0,2.26315,0.069103,63146499.0,553909106.5483499,2026-07-14
2019-02-18,sz.002827,高争民爆,8.783926,8.98383604,8.98383604,8.783926,2454335,36108070.9,3.886732,2.41713,63146494.0,567297748.5968437,2026-07-14
2019-02-19,sz.002827,高争民爆,8.98383604,8.89902572,9.0262412,8.75969448,2579935,37888778.15,4.085634,-0.944035,63146503.0,561942354.3250571,2026-07-14
2019-02-20,sz.002827,高争民爆,8.89902572,9.1171094,9.19586184,8.86873632,3819235,57228137.4,6.048213,2.450651,63146503.0,575713576.0784283,2026-07-14
2019-02-21,sz.002827,高争民爆,9.03835696,9.12922516,9.6017398,8.9959518,4950524,75465613.24,7.839744,0.132887,63146501.0,576478625.6951652,2026-07-14
2019-02-22,sz.002827,高争民爆,9.09893576,9.16557244,9.18374608,9.01412544,2765235,41601995.55,4.379079,0.398145,63146497.0,578773792.5857427,2026-07-14
2019-02-25,sz.002827,高争民爆,9.25644064,9.44423492,9.5108716,9.16557244,5394432,83211154.36,8.542725,3.040318,63146502.0,596370399.2642498,2026-07-14
2019-02-26,sz.002827,高争民爆,9.4502928,9.34730884,9.7834762,9.3291352,5269261,83169925.07,8.344502,-1.026298,63146501.0,590249847.0123688,2026-07-14
2019-02-27,sz.002827,高争民爆,9.28673004,9.17163032,9.43817704,9.1473988,3771072,57902253.0,5.971941,-1.879455,63146505.0,579156399.8600316,2026-07-14
2019-02-28,sz.002827,高争民爆,9.28673004,9.4502928,9.6623186,9.24432488,4055723,63178607.87,6.42272,3.038309,63146502.0,596752933.1957855,2026-07-14
2019-03-01,sz.002827,高争民爆,9.4502928,9.692608,9.73501316,9.35336672,5165533,81854630.67,8.180236,2.5641,63146503.0,612054300.149824,2026-07-14
2019-03-04,sz.002827,高争民爆,9.69866588,9.62597132,9.91674956,9.54721888,5912489,94654162.98,9.36313,-0.687498,63146501.0,607846407.5843513,2026-07-14
2019-03-05,sz.002827,高争民爆,9.74712892,9.80770772,9.91069168,9.68049224,6522600,105541249.0,10.329314,1.887981,63146497.0,619322386.1178569,2026-07-14
2019-03-06,sz.002827,高争民爆,9.72895528,10.05002292,10.2075278,9.7228974,7462384,121978953.09,11.817573,2.470659,63146502.0,634623792.4178258,2026-07-14
2019-03-07,sz.002827,高争民爆,10.05002292,9.95915472,10.05002292,9.81982348,5944793,97198428.66,9.414287,-0.904157,63146503.0,628885793.4039443,2026-07-14
2019-03-08,sz.002827,高争民爆,9.70472376,9.30490368,9.7531868,9.2988458,4792700,75527116.3,7.589811,-6.569348,63146500.0,587572100.22912,2026-07-14
2019-03-11,sz.002827,高争民爆,9.32307732,9.541161,9.56539252,9.32307732,3391900,53129691.0,5.371477,2.539065,63146505.0,602490970.792305,2026-07-14
2019-03-12,sz.002827,高争民爆,9.5714504,9.67443436,9.80770772,9.541161,4019970,64241998.8,6.366101,1.396827,63146501.0,610906678.9881743,2026-07-14
2019-03-13,sz.002827,高争民爆,9.70472376,9.5108716,9.844055,9.4502928,3681300,58813769.01,5.829777,-1.690673,63146498.0,600578234.4676567,2026-07-14
2019-03-14,sz.002827,高争民爆,9.5714504,9.52298736,9.7531868,9.39577188,3145900,49627106.0,4.981907,0.127391,63146502.0,601343340.3742148,2026-07-14
2019-03-15,sz.002827,高争民爆,9.51692948,9.5714504,9.78953408,9.51692948,3043624,48487770.1,4.819941,0.508905,63146499.0,604403583.1121496,2026-07-14
2019-03-18,sz.002827,高争民爆,9.67443436,10.52859544,10.52859544,9.61991344,5682280,95021842.38,8.998567,9.999993,63146499.0,664843941.4233645,2026-07-14
2019-03-19,sz.002827,高争民爆,10.7224476,10.32262752,10.7224476,10.07425444,9409619,160305869.62,14.901252,-1.956262,63146499.0,651837788.3690524,2026-07-14
2019-03-20,sz.002827,高争民爆,10.3286854,10.52253756,11.04351524,10.08031232,11419307,198760084.98,18.083832,1.936619,63146500.0,664461418.03254,2026-07-14
2019-03-21,sz.002827,高争民爆,10.32262752,10.37714844,10.63763728,10.20146992,8194116,140411089.81,12.976358,-1.381702,63146501.0,655280614.3436084,2026-07-14
2019-03-22,sz.002827,高争民爆,10.28628024,10.2075278,10.34685904,10.10454384,4267786,71978516.92,6.758547,-1.634552,63146502.0,644569674.6377555,2026-07-14
2019-03-25,sz.002827,高争民爆,10.2378172,10.38320632,10.60129,10.1772384,6066500,104513514.0,9.607025,1.721062,63146500.0,655663137.88588,2026-07-14
2019-03-26,sz.002827,高争民爆,10.2681066,10.77696852,11.18284648,10.16512264,10894362,192788275.62,17.252519,3.792308,63146501.0,680527853.4251486,2026-07-14
2019-03-27,sz.002827,高争民爆,10.83148944,10.57705848,10.83148944,10.28022236,7375242,127811546.88,11.679574,-1.854985,63146498.0,667904202.153203,2026-07-14
2019-03-28,sz.002827,高争民爆,10.45590088,10.08031232,10.6315794,10.08031232,5031371,85877919.39,7.967775,-4.696447,63146499.0,636536431.8345678,2026-07-14
2019-03-29,sz.002827,高争民爆,10.09848596,10.22570144,10.27416448,9.8137656,4026715,67103646.75,6.376783,1.442306,63146496.0,645717215.0781542,2026-07-14
2019-04-01,sz.002827,高争民爆,10.11060172,10.6618688,10.9344734,10.04396504,7528235,130138203.35,11.921856,4.26541,63146502.0,673259719.5029377,2026-07-14
2019-04-02,sz.002827,高争民爆,10.55282696,11.03139948,11.03139948,10.45590088,8576127,152103672.5,13.581318,3.465902,63146500.0,696594267.2638199,2026-07-14
2019-04-03,sz.002827,高争民爆,10.86177884,10.83148944,11.01322584,10.7224476,4936900,88319696.0,7.818169,-1.812191,63146499.0,683970637.0914706,2026-07-14
2019-04-04,sz.002827,高争民爆,10.85572096,10.69821608,11.15861496,10.64975304,4546535,81400864.2,7.199979,-1.230421,63146504.0,675554944.4885843,2026-07-14
2019-04-08,sz.002827,高争民爆,10.7224476,11.22525164,11.4493932,10.7224476,9293515,169575546.35,14.717387,4.926392,63146501.0,708835363.9105116,2026-07-14
2019-04-09,sz.002827,高争民爆,11.0253416,10.8436052,11.03139948,10.6921582,5466000,97604016.0,8.656062,-3.399898,63146498.0,684735694.0745896,2026-07-14
2019-04-10,sz.002827,高争民爆,10.7224476,10.55282696,10.752737,10.48619028,3354271,58786947.15,5.311887,-2.681562,63146505.0,666374140.3937749,2026-07-14
2019-04-11,sz.002827,高争民爆,10.58917424,10.64369516,10.8738946,10.46801664,4040100,71222079.0,6.397979,0.861077,63146503.0,672112128.3520255,2026-07-14
2019-04-12,sz.002827,高争民爆,10.57705848,10.9950522,11.01322584,10.2681066,5130635,90973845.55,8.124971,3.301081,63146502.0,694299085.7374043,2026-07-14
2019-04-15,sz.002827,高争民爆,10.87995248,10.75879488,11.09803616,10.752737,4219062,76213763.06,6.681387,-2.148757,63146499.0,679380230.1311251,2026-07-14
2019-04-16,sz.002827,高争民爆,10.6315794,10.97082068,10.9950522,10.55888484,3375462,60515835.12,5.345446,1.970723,63146499.0,692768917.0987992,2026-07-14
2019-04-17,sz.002827,高争民爆,10.86177884,10.86177884,11.07986252,10.78908428,3213100,57916355.0,5.088326,-0.993928,63146504.0,685883360.9671754,2026-07-14
2019-04-18,sz.002827,高争民爆,10.86783672,10.72850548,10.9647628,10.68004244,2812200,50105520.0,4.453453,-1.227001,63146507.0,677467646.3923584,2026-07-14
2019-04-19,sz.002827,高争民爆,10.92235764,11.01322584,11.12832556,10.72850548,4701500,85039492.38,7.445385,2.653875,63146499.0,695446654.4923342,2026-07-14
2019-04-22,sz.002827,高争民爆,11.01322584,10.62552152,11.0253416,10.55282696,3148600,56138642.0,4.986183,-3.520349,63146499.0,670964484.0371585,2026-07-14
2019-04-23,sz.002827,高争民爆,10.6618688,10.20146992,10.6921582,10.18935416,2735273,47109170.32,4.33163,-3.990882,63146506.0,644187181.5120995,2026-07-14
2019-04-24,sz.002827,高争民爆,10.2378172,10.34685904,10.3892642,10.05002292,1920400,32374086.0,3.041182,1.425177,63146500.0,653367934.36936,2026-07-14
2019-04-25,sz.002827,高争民爆,10.2681066,9.8743444,10.3589748,9.844055,2183762,36363653.16,3.458247,-4.566749,63146502.0,623530308.4032888,2026-07-14
2019-04-26,sz.002827,高争民爆,9.9349232,9.83799712,10.03184928,9.8137656,1441800,23592015.0,2.283262,-0.368095,63146498.0,621235065.4620858,2026-07-14
2019-04-29,sz.002827,高争民爆,9.7834762,9.1171094,9.7834762,9.09287788,2625200,40434841.0,4.157317,-7.327583,63146496.0,575713512.2586625,2026-07-14
2019-04-30,sz.002827,高争民爆,9.2079776,9.14134092,9.2988458,9.06864636,1360662,20651831.78,2.15477,0.26578,63146508.0,577243757.5355073,2026-07-14
2019-05-06,sz.002827,高争民爆,8.89902572,8.49314776,8.89902572,8.3598744,1936624,27734633.32,3.066875,-7.090787,63146493.0,536312495.5748056,2026-07-14
2019-05-07,sz.002827,高争民爆,8.55978444,8.68094204,8.6930578,8.49920564,996800,14195350.0,1.578551,2.211123,63146519.0,548171271.4667587,2026-07-14
2019-05-08,sz.002827,高争民爆,8.5719002,8.80209964,8.88085208,8.42651108,1516400,21930206.0,2.4014,1.395672,63146498.0,555821767.3130608,2026-07-14
2019-05-09,sz.002827,高争民爆,8.71728932,8.88085208,9.02018332,8.69911568,1334700,19563831.0,2.113656,0.894701,63146510.0,560794814.6782408,2026-07-14
2019-05-10,sz.002827,高争民爆,8.935373,9.18374608,9.18374608,8.7536366,1978800,29424948.38,3.133665,3.410641,63146507.0,579921486.1269426,2026-07-14
2019-05-13,sz.002827,高争民爆,9.0262412,9.1473988,9.29278792,9.00806756,1334324,20161221.6,2.113061,-0.395775,63146497.0,577626190.8820035,2026-07-14
2019-05-14,sz.002827,高争民爆,8.95960452,9.01412544,9.19586184,8.8142154,1351300,20195148.0,2.139944,-1.456955,63146512.0,569210580.2664653,2026-07-14
2019-05-15,sz.002827,高争民爆,9.10499364,9.13528304,9.1776882,9.0262412,1091000,16398877.94,1.727728,1.344085,63146514.0,576861278.3793225,2026-07-14
2019-05-16,sz.002827,高争民爆,9.13528304,9.2685564,9.47452432,9.10499364,1806824,27721780.39,2.861321,1.458888,63146498.0,585276878.1754872,2026-07-14
2019-05-17,sz.002827,高争民爆,9.238267,8.89902572,9.34125096,8.74152084,1608824,23969507.32,2.547764,-3.986932,63146508.0,561942398.8201857,2026-07-14
2019-05-20,sz.002827,高争民爆,8.9050836,8.88085208,8.95960452,8.6627684,743700,10808965.0,1.177737,-0.204219,63146526.0,560794956.7718741,2026-07-14
2019-05-21,sz.002827,高争民爆,8.88085208,9.0565306,9.2079776,8.8747942,1185362,17772204.38,1.877162,1.978172,63146495.0,571888164.250247,2026-07-14
2019-05-22,sz.002827,高争民爆,8.98989392,8.9656624,9.15345668,8.9050836,853400,12690713.0,1.35146,-1.003342,63146523.0,566150406.9518352,2026-07-14
2019-05-23,sz.002827,高争民爆,8.97777816,8.7233472,8.98989392,8.6930578,1022300,14870384.0,1.618934,-2.702707,63146490.0,550848756.7313279,2026-07-14
2019-05-24,sz.002827,高争民爆,8.70517356,8.69911568,8.8142154,8.68094204,532900,7700477.0,0.843911,-0.277778,63146469.0,549318438.6145339,2026-07-14
2019-05-27,sz.002827,高争民爆,8.72940508,8.95960452,9.00200968,8.69911568,1025244,15054612.44,1.623596,2.994431,63146497.0,565767639.9433664,2026-07-14
2019-05-28,sz.002827,高争民爆,8.98383604,9.08682,9.19586184,8.95960452,1490000,22362837.0,2.359592,1.419879,63146510.0,573800969.9981999,2026-07-14
2019-05-29,sz.002827,高争民爆,8.9959518,9.0565306,9.1171094,8.92931512,914200,13637445.0,1.447745,-0.333335,63146480.0,571888028.4022881,2026-07-14
2019-05-30,sz.002827,高争民爆,8.98989392,9.12316728,9.15951456,8.98989392,1073800,16129253.0,1.70049,0.73579,63146505.0,576096128.2623564,2026-07-14
2019-05-31,sz.002827,高争民爆,9.08682,9.09287788,9.15951456,9.03229908,824000,12377467.0,1.304902,-0.332007,63146504.0,574183449.4209315,2026-07-14
2019-06-03,sz.002827,高争民爆,9.10499364,9.1473988,9.24432488,9.02018332,1415500,21406960.0,2.241613,0.599601,63146493.0,577626154.2924083,2026-07-14
2019-06-04,sz.002827,高争民爆,9.14134092,8.82633116,9.1473988,8.783926,1265900,18616801.0,2.004703,-3.509938,63146511.0,557352017.6845828,2026-07-14
2019-06-05,sz.002827,高争民爆,8.91719936,9.08076212,9.08682,8.82027328,1000200,14799620.0,1.583936,2.882636,63146491.0,573418263.4837209,2026-07-14
2019-06-06,sz.002827,高争民爆,9.03229908,8.85056268,9.28673004,8.79604176,1029500,15241976.0,1.630336,-2.535024,63146493.0,558881994.3186812,2026-07-14
2019-06-10,sz.002827,高争民爆,8.85662056,8.8142154,8.91719936,8.71123144,841200,12250207.0,1.33214,-0.410674,63146516.0,556586993.7835464,2026-07-14
2019-06-11,sz.002827,高争民爆,8.97172028,9.25644064,9.31096156,8.8445048,2155400,32670733.0,3.413332,5.017179,63146509.0,584511912.1817257,2026-07-14
2019-06-12,sz.002827,高争民爆,9.18374608,9.4200034,9.47452432,9.17163032,1782542,27623860.32,2.822867,1.767019,63146510.0,594840338.898134,2026-07-14
2019-06-13,sz.002827,高争民爆,9.389714,9.65020284,9.80164984,9.27461428,2618942,41807567.0,4.147406,2.443731,63146507.0,609376601.1874799,2026-07-14
2019-06-14,sz.002827,高争民爆,9.53510312,9.48664008,10.4801324,9.44423492,3338934,53757343.26,5.287599,-1.694918,63146506.0,599048174.7315606,2026-07-14
2019-06-17,sz.002827,高争民爆,9.35336672,9.80164984,9.98338624,9.18980396,3693499,58479280.73,5.849095,3.320565,63146504.0,618939920.8281593,2026-07-14
2019-06-18,sz.002827,高争民爆,10.298396,9.95915472,10.60129,9.95309684,5612906,94738596.52,8.888705,1.606924,63146499.0,628885753.5673254,2026-07-14
2019-06-19,sz.002827,高争民爆,9.8137656,10.21358568,10.5710006,9.8137656,5586861,94373391.88,8.847459,2.554745,63146503.0,644952218.782877,2026-07-14
2019-06-20,sz.002827,高争民爆,9.92886532,10.10454384,10.1772384,9.86222864,3299799,54597456.78,5.225625,-1.067617,63146494.0,638066516.965297,2026-07-14
2019-06-21,sz.002827,高争民爆,10.21358568,10.04396504,10.24993296,9.97732836,2740900,45628515.0,4.340541,-0.599523,63146506.0,634241298.6621503,2026-07-14
2019-06-24,sz.002827,高争民爆,9.995502,10.03790716,10.13483324,9.86222864,1711700,28276377.0,2.710681,-0.060315,63146493.0,633858634.2135899,2026-07-14
2019-06-25,sz.002827,高争民爆,10.0257914,10.06213868,10.2378172,9.8743444,2281006,37893408.7,3.612245,0.241406,63146492.0,635388759.6595106,2026-07-14
2019-06-26,sz.002827,高争民爆,9.995502,9.844055,10.08031232,9.79559196,1806600,29598257.0,2.860966,-2.167373,63146504.0,621617658.4337201,2026-07-14
2019-06-27,sz.002827,高争民爆,9.995502,10.14089112,10.19541204,9.97732836,2338700,38921876.0,3.703894,3.015383,63141656.0,640312658.6324947,2026-07-14
2019-06-28,sz.002827,高争民爆,10.14089112,10.01973352,10.35291692,10.00761776,2001300,33599742.0,3.16954,-1.194736,63141655.0,632662557.1117756,2026-07-14
2019-07-01,sz.002827,高争民爆,10.1772384,10.2681066,10.34080116,10.05002292,2630962,44445210.56,4.166761,2.478838,63141658.0,648345275.2447428,2026-07-14
2019-07-02,sz.002827,高争民爆,10.26204872,10.23175932,10.4195536,10.18935416,2139000,36325235.0,3.387621,-0.35399,63141656.0,646050227.2582339,2026-07-14
2019-07-03,sz.002827,高争民爆,10.11060172,10.03790716,10.29233812,9.89857592,2497800,41555776.0,3.955867,-1.89461,63141658.0,633810100.9324713,2026-07-14
2019-07-04,sz.002827,高争民爆,9.916854,9.8889192,10.1310208,9.7026872,2799850,29783694.0,2.956157,-1.484229,94712493.0,936604190.5075656,2026-07-14
2019-07-05,sz.002827,高争民爆,9.8516728,9.8982308,9.9447888,9.7026872,1781250,18823202.5,1.880692,0.094164,94712478.0,937485966.8839225,2026-07-14
2019-07-08,sz.002827,高争民爆,9.8423612,9.404716,9.870296,9.3209116,2420200,24855719.0,2.555312,-4.985887,94712505.0,890744211.17358,2026-07-14
2019-07-09,sz.002827,高争民爆,9.5257668,9.3488464,9.5257668,8.4642444,3489849,34235357.49,3.684676,-0.594063,94712507.0,885452680.1019248,2026-07-14
2019-07-10,sz.002827,高争民爆,9.1439912,9.0136288,9.4698972,8.9577592,2384650,23527646.0,2.517778,-3.585654,94712481.0,853703146.4610528,2026-07-14
2019-07-11,sz.002827,高争民爆,9.0508752,9.916854,9.916854,9.0508752,4457448,46560895.99,4.706294,10.02065,94712485.0,939249885.72219,2026-07-14
2019-07-12,sz.002827,高争民爆,9.9541004,9.6188828,9.9541004,9.497832,4878101,50777961.41,5.15043,-3.004692,94712500.0,911028437.1949999,2026-07-14
2019-07-15,sz.002827,高争民爆,9.6095712,9.5164552,9.637506,9.2929768,3484451,35329067.65,3.678977,-1.064856,94712498.0,901327244.0970895,2026-07-14
2019-07-16,sz.002827,高争民爆,9.4326508,9.3860928,9.6095712,9.3488464,2522550,25572146.0,2.663376,-1.369866,94712500.0,888980314.32,2026-07-14
2019-07-17,sz.002827,高争民爆,9.404716,9.7213104,10.0379048,9.3395348,4889151,50914022.93,5.162097,3.571425,94712498.0,920729591.8173792,2026-07-14
2019-07-18,sz.002827,高争民爆,9.5537016,9.3488464,9.5816364,9.265042,3258517,32871348.03,3.44043,-3.831414,94712492.0,885452539.8692287,2026-07-14
2019-07-19,sz.002827,高争民爆,9.265042,9.3767812,9.5723248,9.265042,1834850,18571886.5,1.937284,0.298802,94712494.0,888098333.1443127,2026-07-14
2019-07-22,sz.002827,高争民爆,9.3767812,9.451274,9.963412,9.3674696,3594250,36969736.02,3.794906,0.794438,94712491.0,895153703.6635339,2026-07-14
2019-07-23,sz.002827,高争民爆,9.3395348,9.6095712,9.6188828,9.2091724,3103833,31443592.49,3.27711,1.674878,94712506.0,910146569.9374272,2026-07-14
2019-07-24,sz.002827,高争民爆,9.590948,9.637506,9.7119988,9.5257668,2800900,28977559.0,2.957266,0.290704,94712481.0,912792103.9123861,2026-07-14
2019-07-25,sz.002827,高争民爆,9.637506,9.7026872,9.823738,9.4792088,2704787,28075092.03,2.855787,0.676326,94712491.0,918965674.1058152,2026-07-14
2019-07-26,sz.002827,高争民爆,9.637506,10.3265644,10.382434,9.6095712,8173440,88168361.09,8.6297,6.4299,94712910.0,978058964.626404,2026-07-14
2019-07-29,sz.002827,高争民爆,10.0472164,10.103086,10.2613832,9.9820352,5120216,55623838.47,5.406062,-2.16411,94712491.0,956888441.8472259,2026-07-14
2019-07-30,sz.002827,高争民爆,10.0285932,10.0937744,10.2055136,9.9820352,3683002,39808301.98,3.8886,-0.0922,94712802.0,956009656.1798687,2026-07-14
2019-07-31,sz.002827,高争民爆,9.963412,9.9261656,9.9913468,9.8051148,2916150,30946873.0,3.0789,-1.6605,94714021.0,940147057.0878775,2026-07-14
2019-08-01,sz.002827,高争民爆,9.9447888,9.916854,10.0472164,9.77718,1873700,19939479.5,1.9783,-0.0938,94712632.0,939251343.4997281,2026-07-14
2019-08-02,sz.002827,高争民爆,9.6468176,9.8051148,9.8051148,9.4792088,1967000,20485085.0,2.0768,-1.1268,94713020.0,928672034.154696,2026-07-14
2019-08-05,sz.002827,高争民爆,9.8330496,9.6933756,9.8516728,9.6468176,1598050,16704905.0,1.6873,-1.1396,94710484.0,918064294.6697904,2026-07-14
2019-08-06,sz.002827,高争民爆,9.451274,9.1812376,9.5723248,8.7715272,3816150,37684800.0,4.0292,-5.2834,94712350.0,869576589.00436,2026-07-14
2019-08-07,sz.002827,高争民爆,9.3022884,9.1160564,9.3488464,9.0694984,1382650,13666248.5,1.4598,-0.7099,94715029.0,863427546.2916356,2026-07-14
2019-08-08,sz.002827,高争民爆,9.1160564,9.1346796,9.265042,9.07881,996100,9780128.5,1.0517,0.2043,94713321.0,865175841.1869516,2026-07-14
2019-08-09,sz.002827,高争民爆,9.1812376,8.9018896,9.2464188,8.8273968,1421049,13735321.84,1.5004,-2.5484,94711344.0,843109928.1556225,2026-07-14
2019-08-12,sz.002827,高争民爆,8.9763824,8.9577592,8.985694,8.799462,968953,9277037.62,1.023,0.6276,94716813.0,848450403.0454296,2026-07-14
2019-08-13,sz.002827,高争民爆,8.9112012,8.8646432,8.9298244,8.7156576,1068850,10119390.94,1.1285,-1.0395,94714222.0,839607783.9955903,2026-07-14
2019-08-14,sz.002827,高争民爆,8.9577592,8.9670708,9.0694984,8.9112012,1327778,12806396.86,1.4019,1.1555,94712747.0,849295908.0114876,2026-07-14
2019-08-15,sz.002827,高争民爆,8.6690996,9.0415636,9.2836652,8.61323,1760700,16998762.0,1.859,0.8307,94712211.0,856346479.4531196,2026-07-14
2019-08-16,sz.002827,高争民爆,9.0415636,8.9950056,9.1067448,8.985694,1304802,12655511.4,1.3776,-0.5149,94715592.0,851967280.4473152,2026-07-14
2019-08-19,sz.002827,高争民爆,9.0043172,9.171926,9.1998608,8.985694,1768000,17338259.5,1.8667,1.9669,94712594.0,868696903.4360439,2026-07-14
2019-08-20,sz.002827,高争民爆,9.1905492,9.218484,9.2836652,9.1533028,1487400,14708010.02,1.5704,0.5076,94714722.0,873126149.321448,2026-07-14
2019-08-21,sz.002827,高争民爆,9.1439912,9.1998608,9.2464188,9.1439912,1026900,10147953.08,1.0842,-0.202,94714997.0,871364788.0724176,2026-07-14
2019-08-22,sz.002827,高争民爆,9.1812376,9.497832,9.5723248,8.2780124,3473250,35037683.24,3.6672,3.2389,94711224.0,899551294.0663681,2026-07-14
2019-08-23,sz.002827,高争民爆,9.5164552,9.3116,9.5723248,9.2464188,2348828,23702374.72,2.48,-1.9608,94710806.0,881909141.1496,2026-07-14
2019-08-26,sz.002827,高争民爆,9.0694984,9.218484,9.2277956,8.985694,1667650,16308963.0,1.7607,-1.0,94715170.0,873130279.20228,2026-07-14
2019-08-27,sz.002827,高争民爆,9.1626144,9.3395348,9.3767812,9.1626144,1519000,15192868.0,1.6038,1.3131,94712558.0,884571231.4380183,2026-07-14
2019-08-28,sz.002827,高争民爆,9.3116,9.3488464,9.4605856,9.2743536,1493850,15023999.0,1.5772,0.0997,94715318.0,885478959.7091551,2026-07-14
2019-08-29,sz.002827,高争民爆,9.3767812,9.3395348,9.404716,9.3116,1174650,11800771.0,1.2402,-0.0996,94714562.0,884589947.8657575,2026-07-14
2019-08-30,sz.002827,高争民爆,9.3395348,9.358158,9.5350784,9.3116,2036900,20531008.0,2.1506,0.1994,94713103.0,886340182.544274,2026-07-14
2019-09-02,sz.002827,高争民爆,9.3860928,9.4792088,9.4792088,9.2743536,1746850,17709050.5,1.8444,1.2935,94711017.0,897785505.8033496,2026-07-14
2019-09-03,sz.002827,高争民爆,9.4605856,9.5257668,9.5350784,9.451274,1871050,19077315.5,1.9755,0.4912,94712731.0,902211388.4971308,2026-07-14
2019-09-04,sz.002827,高争民爆,9.6095712,9.7864916,10.1123976,9.590948,5184801,54662112.97,5.4743,2.7371,94711671.0,926894972.6634636,2026-07-14
2019-09-05,sz.002827,高争民爆,9.7864916,9.684064,9.916854,9.6747524,3571202,37413376.0,3.7706,-1.0466,94711770.0,917194842.23328,2026-07-14
2019-09-06,sz.002827,高争民爆,9.684064,9.6933756,9.823738,9.6468176,1696900,17687869.5,1.7916,0.0962,94714222.0,918100528.5077832,2026-07-14
2019-09-09,sz.002827,高争民爆,9.7492452,9.823738,9.9075424,9.6747524,2340635,24546962.0,2.4713,1.3449,94712702.0,930432769.7200761,2026-07-14
2019-09-10,sz.002827,高争民爆,9.7958032,9.8796076,9.9447888,9.7492452,2535820,26871177.7,2.6774,0.5687,94712034.0,935717730.9178584,2026-07-14
2019-09-11,sz.002827,高争民爆,9.9075424,10.149644,10.2613832,9.8423612,4340100,47018214.5,4.5824,2.7333,94712378.0,961296919.0934321,2026-07-14
2019-09-12,sz.002827,高争民爆,10.2148252,10.382434,10.4941732,9.916854,6570051,72735204.16,6.9368,2.2936,94712994.0,983351409.147396,2026-07-14
2019-09-16,sz.002827,高争民爆,10.2986296,10.196202,10.3172528,10.1217092,3948201,43295329.89,4.1686,-1.7937,94712877.0,965711625.8931539,2026-07-14
2019-09-17,sz.002827,高争民爆,10.5500428,10.4476152,10.568666,10.00997,5854000,64957031.0,6.1808,2.4658,94712659.0,989521415.8008168,2026-07-14
2019-09-18,sz.002827,高争民爆,10.3265644,10.1775788,10.4103688,10.1589556,3165250,34892865.0,3.342,-2.5847,94711251.0,963931220.2990787,2026-07-14
2019-09-19,sz.002827,高争民爆,10.1682672,10.0844628,10.2148252,9.9354772,2596701,28080920.03,2.7417,-0.9149,94711347.0,955113055.5593916,2026-07-14
2019-09-20,sz.002827,高争民爆,10.1123976,10.1682672,10.289318,10.0751512,2593950,28411636.0,2.7388,0.831,94711187.0,963048656.2451664,2026-07-14
2019-09-23,sz.002827,高争民爆,10.1217092,9.8796076,10.149644,9.8144264,1993202,21269261.2,2.1045,-2.8388,94711428.0,935711743.8756528,2026-07-14
2019-09-24,sz.002827,高争民爆,9.8796076,9.8330496,9.9913468,9.8144264,1609700,17098440.5,1.6996,-0.4712,94710520.0,931293240.801792,2026-07-14
2019-09-25,sz.002827,高争民爆,9.7864916,9.823738,9.9447888,9.7026872,1907200,20089006.0,2.0137,-0.0947,94711228.0,930418289.530264,2026-07-14
2019-09-26,sz.002827,高争民爆,9.8144264,9.358158,9.8609844,9.3116,2088850,21443471.5,2.2055,-4.7393,94710950.0,886320034.4301,2026-07-14
2019-09-27,sz.002827,高争民爆,9.404716,9.7585568,9.823738,9.3860928,2119028,21943634.54,2.2373,4.2786,94713628.0,924268318.5720704,2026-07-14
2019-09-30,sz.002827,高争民爆,9.77718,9.77718,9.9354772,9.6188828,2002100,21051520.5,2.1139,0.1908,94711197.0,926008421.0844599,2026-07-14
2019-10-08,sz.002827,高争民爆,9.637506,9.9913468,9.9913468,9.497832,2303100,23977499.0,2.4317,2.1905,94711519.0,946295632.2837893,2026-07-14
2019-10-09,sz.002827,高争民爆,9.8423612,9.9354772,9.9541004,9.77718,2223950,23617747.44,2.3481,-0.5592,94712746.0,941016328.4323912,2026-07-14
2019-10-10,sz.002827,高争民爆,10.103086,10.1217092,10.24276,9.9447888,3180803,34421257.37,3.3584,1.8744,94711857.0,958645874.3459843,2026-07-14
2019-10-11,sz.002827,高争民爆,10.00997,10.2520716,10.3451876,9.9913468,3843871,42056293.98,4.0585,1.288,94711618.0,970990289.0878489,2026-07-14
2019-10-14,sz.002827,高争民爆,10.0937744,10.0006584,10.149644,9.8982308,3675720,39598942.0,3.8809,-2.4523,94713082.0,947193179.0931889,2026-07-14
2019-10-15,sz.002827,高争民爆,9.9261656,10.1775788,10.568666,9.8982308,3535768,38652842.6,3.7332,1.7691,94711454.0,963933286.3475751,2026-07-14
2019-10-16,sz.002827,高争民爆,10.0844628,9.8889192,10.2706948,9.8889192,2221200,24022427.0,2.3452,-2.8362,94712604.0,936605288.1775968,2026-07-14
2019-10-17,sz.002827,高争民爆,9.870296,9.5723248,9.9541004,9.4605856,2078650,21623713.5,2.1947,-3.2015,94712261.0,906616524.8343729,2026-07-14
2019-10-18,sz.002827,高争民爆,9.5816364,9.451274,9.6747524,9.3395348,1282100,13092021.5,1.3537,-1.2646,94710793.0,895137655.400282,2026-07-14
2019-10-21,sz.002827,高争民爆,9.4233392,9.5257668,9.6095712,9.3767812,1087300,11112105.5,1.148,0.7882,94712544.0,902209607.1787392,2026-07-14
2019-10-22,sz.002827,高争民爆,9.5723248,9.54439,9.590948,9.4605856,675470,6901911.2,0.7132,0.1955,94709759.0,903946876.70201,2026-07-14
2019-10-23,sz.002827,高争民爆,9.5257668,9.451274,9.5537016,9.4233392,582900,5945783.0,0.6154,-0.9756,94718882.0,895214106.7556679,2026-07-14
2019-10-24,sz.002827,高争民爆,9.4326508,9.1998608,9.4698972,9.0974332,1793071,17860145.77,1.8932,-2.6601,94711124.0,871329157.0115392,2026-07-14
2019-10-25,sz.002827,高争民爆,9.1905492,9.1812376,9.2091724,9.0136288,1460052,14312513.64,1.5416,-0.2024,94710171.0,869556583.0876296,2026-07-14
2019-10-28,sz.002827,高争民爆,9.171926,9.3395348,9.358158,9.07881,1650102,16416876.7,1.7422,1.7241,94713695.0,884581850.4890859,2026-07-14
2019-10-29,sz.002827,高争民爆,9.3302232,9.1067448,9.3860928,9.1067448,1427370,14149209.5,1.5071,-2.4925,94709707.0,862497131.7317736,2026-07-14
2019-10-30,sz.002827,高争民爆,9.07881,9.0601868,9.1998608,8.9950056,1141100,11130017.0,1.2048,-0.5112,94712815.0,858115796.253842,2026-07-14
2019-10-31,sz.002827,高争民爆,9.0881216,9.1067448,9.1905492,9.0229404,868751,8493620.25,0.9173,0.5139,94707402.0,862476140.6850096,2026-07-14
2019-11-01,sz.002827,高争民爆,9.07881,9.1626144,9.1905492,9.032252,877350,8593653.5,0.9263,0.6135,94715535.0,867841924.8947041,2026-07-14
2019-11-04,sz.002827,高争民爆,9.2371072,9.1439912,9.2464188,9.0974332,755751,7459174.91,0.7979,-0.2033,94717508.0,866096059.6379297,2026-07-14
2019-11-05,sz.002827,高争民爆,9.1439912,9.2371072,9.2836652,9.1160564,1134800,11216957.0,1.1982,1.0183,94708730.0,874834691.785856,2026-07-14
2019-11-06,sz.002827,高争民爆,9.1998608,8.9577592,9.3022884,8.9205128,1338850,13085788.5,1.4136,-3.0242,94712083.0,848408032.8444136,2026-07-14
2019-11-07,sz.002827,高争民爆,8.9670708,9.0043172,9.0974332,8.9577592,977750,9468776.5,1.0323,0.5198,94715683.0,852850053.5466475,2026-07-14
2019-11-08,sz.002827,高争民爆,9.0601868,8.939136,9.1439912,8.939136,779300,7568559.5,0.8228,-0.7239,94713175.0,846653952.3168,2026-07-14
2019-11-11,sz.002827,高争民爆,8.9484476,8.8367084,9.0136288,8.7808388,1088950,10406794.5,1.1497,-1.1458,94716013.0,836977787.6916091,2026-07-14
2019-11-12,sz.002827,高争民爆,8.8367084,8.8367084,8.8832664,8.5573604,1027650,9669804.0,1.085,0.0,94714286.0,836962526.6962023,2026-07-14
2019-11-13,sz.002827,高争民爆,8.752904,8.7435924,8.939136,8.659788,966750,9131985.0,1.0207,-1.0537,94714412.0,828144212.9336689,2026-07-14
2019-11-14,sz.002827,高争民爆,8.7715272,8.7715272,8.8832664,8.61323,1083200,10198254.0,1.1437,0.3195,94710151.0,830752665.6126071,2026-07-14
2019-11-15,sz.002827,高争民爆,8.7342808,8.5946068,8.84602,8.5294256,1055650,9830501.5,1.1146,-2.017,94711107.0,814004724.2577275,2026-07-14
2019-11-18,sz.002827,高争民爆,8.6225416,8.4921792,8.6411648,8.4549328,923917,8480424.65,0.9755,-1.1918,94712148.0,804312533.2329217,2026-07-14
2019-11-19,sz.002827,高争民爆,8.520114,8.61323,8.6318532,8.4828676,965509,8891019.5,1.0194,1.4254,94713459.0,815788806.46257,2026-07-14
2019-11-20,sz.002827,高争民爆,8.61323,8.5294256,8.6411648,8.5108024,842350,7744180.5,0.8894,-0.973,94709917.0,807821190.6336752,2026-07-14
2019-11-21,sz.002827,高争民爆,8.520114,8.3711284,8.520114,8.3245704,1303900,11764780.5,1.3767,-1.8559,94711992.0,792846246.0517728,2026-07-14
2019-11-22,sz.002827,高争民爆,8.3711284,8.3897516,8.520114,8.3431936,1205752,10924464.18,1.2731,0.2225,94709921.0,794592711.2456236,2026-07-14
2019-11-25,sz.002827,高争民爆,8.3711284,8.520114,8.520114,8.3059472,1100650,9985743.5,1.1621,1.5538,94712159.0,806958391.866126,2026-07-14
2019-11-26,sz.002827,高争民爆,8.566672,8.4921792,8.659788,8.4549328,1176200,10787527.44,1.2419,-0.3279,94709719.0,804291905.7296449,2026-07-14
2019-11-27,sz.002827,高争民爆,8.4642444,8.3711284,8.4921792,8.3525052,745050,6722704.0,0.7866,-1.4254,94717773.0,792894639.5450532,2026-07-14
2019-11-28,sz.002827,高争民爆,8.3618168,8.4176864,8.4642444,8.3618168,782050,7063322.0,0.8257,0.5562,94713576.0,797269180.5905663,2026-07-14
2019-11-29,sz.002827,高争民爆,8.4176864,8.3152588,8.4176864,8.287324,844900,7571580.5,0.8921,-1.2168,94709113.0,787530785.3134445,2026-07-14
2019-12-02,sz.002827,高争民爆,8.3059472,8.1383384,8.333882,8.1104036,940920,8315800.3,0.9934,-2.1277,94717133.0,770840080.6318072,2026-07-14
2019-12-03,sz.002827,高争民爆,8.1569616,8.333882,8.333882,8.0359108,1194300,10540285.5,1.261,2.4027,94710547.0,789306522.8534539,2026-07-14
2019-12-04,sz.002827,高争民爆,8.2687008,8.6504764,8.6877228,8.2687008,1377300,12554321.5,1.4542,3.7989,94711869.0,819302787.5843916,2026-07-14
2019-12-05,sz.002827,高争民爆,8.5294256,8.6225416,8.659788,8.4083748,2161200,19807351.42,2.2819,-0.3229,94710548.0,816645640.0887967,2026-07-14
2019-12-06,sz.002827,高争民爆,8.4642444,8.4363096,8.5294256,8.3990632,1545016,14028095.41,1.6313,-2.1598,94710722.0,799008973.2315311,2026-07-14
2019-12-09,sz.002827,高争民爆,8.4642444,8.473556,8.5014908,8.3990632,1008378,9154273.56,0.3654,0.4415,275965517.0,2338409262.368452,2026-07-14
2019-12-10,sz.002827,高争民爆,8.473556,8.4642444,8.5294256,8.4363096,762503,6944605.53,0.2763,-0.1099,275969236.0,2335871060.385278,2026-07-14
2019-12-11,sz.002827,高争民爆,8.4642444,8.3711284,8.4921792,8.3525052,830700,7500685.0,0.301,-1.1001,275980066.0,2310264568.326474,2026-07-14
2019-12-12,sz.002827,高争民爆,8.3431936,8.520114,8.6039184,8.3431936,1566003,14273606.79,0.5674,1.7798,275996299.0,2351519931.058086,2026-07-14
2019-12-13,sz.002827,高争民爆,8.61323,8.5480488,8.6877228,8.4363096,1545011,14238637.25,0.5598,0.3279,275993390.0,2359204966.197432,2026-07-14
2019-12-16,sz.002827,高争民爆,8.4921792,8.6784112,8.752904,8.4921792,1679161,15644620.49,0.6084,1.525,275996220.0,2395208686.8056636,2026-07-14
2019-12-17,sz.002827,高争民爆,8.6877228,8.7715272,8.8180852,8.6411648,1636036,15342896.9,0.5928,1.073,275984480.0,2420805373.097856,2026-07-14
2019-12-18,sz.002827,高争民爆,8.7342808,8.8553316,8.9205128,8.659788,1834250,17385659.0,0.6646,0.9554,275993079.0,2444010233.849996,2026-07-14
2019-12-19,sz.002827,高争民爆,8.8553316,8.9763824,9.0508752,8.7808388,1856257,17798017.15,0.6726,1.367,275982307.0,2477322723.2661967,2026-07-14
2019-12-20,sz.002827,高争民爆,8.9670708,8.84602,9.0508752,8.799462,1459750,13946332.0,0.5289,-1.4523,275997353.0,2441478104.5850596,2026-07-14
2019-12-23,sz.002827,高争民爆,8.8646432,8.6318532,8.8646432,8.6318532,1283900,12030034.5,0.4652,-2.421,275988822.0,2382294996.3449306,2026-07-14
2019-12-24,sz.002827,高争民爆,8.7156576,9.1905492,9.3022884,8.659788,4329852,42066175.72,1.5688,6.4725,275997705.0,2536570486.889586,2026-07-14
2019-12-25,sz.002827,高争民爆,9.1533028,9.0043172,9.1626144,8.9950056,2237500,21762034.0,0.8107,-2.0263,275996053.0,2485156007.1600113,2026-07-14
2019-12-26,sz.002827,高争民爆,8.9950056,8.9950056,9.0694984,8.9298244,1258500,12156264.5,0.456,-0.1034,275986842.0,2482503189.316315,2026-07-14
2019-12-27,sz.002827,高争民爆,8.9950056,9.0229404,9.1067448,8.939136,1227352,11861506.74,0.4447,0.3106,275995503.0,2490290974.237021,2026-07-14
2019-12-30,sz.002827,高争民爆,8.9950056,8.9112012,9.07881,8.8553316,1435839,13762445.34,0.5202,-1.2384,276016724.0,2459640562.128869,2026-07-14
2019-12-31,sz.002827,高争民爆,8.9205128,9.0601868,9.1626144,8.892578,1585050,15393459.44,0.5743,1.6719,275996866.0,2500583162.1745687,2026-07-14
2020-01-02,sz.002827,高争民爆,9.0601868,9.1439912,9.1998608,9.032252,1739950,17063504.5,0.6304,0.925,276007297.0,2523808294.9037867,2026-07-14
2020-01-03,sz.002827,高争民爆,9.3116,9.1533028,9.3116,9.0508752,1622900,15926795.45,0.588,0.1018,276003401.0,2526342703.1828227,2026-07-14
2020-01-06,sz.002827,高争民爆,9.1160564,9.265042,9.3488464,9.07881,2352150,23308725.0,0.8523,1.2208,275976769.0,2556936355.809298,2026-07-14
2020-01-07,sz.002827,高争民爆,9.3954044,9.5071436,9.637506,9.3116,3267800,33365390.45,1.184,2.6131,275996622.0,2623939518.468919,2026-07-14
2020-01-08,sz.002827,高争民爆,9.451274,9.4885204,9.8516728,9.3395348,3181150,32682602.44,1.1526,-0.1959,275997744.0,2618810224.297978,2026-07-14
2020-01-09,sz.002827,高争民爆,9.497832,9.4233392,9.54439,9.3116,2083450,21110593.5,0.7549,-0.6869,275990197.0,2600749242.205822,2026-07-14
2020-01-10,sz.002827,高争民爆,9.590948,9.497832,9.590948,9.3209116,2390844,24328445.46,0.8663,0.7905,275983378.0,2621243759.036496,2026-07-14
2020-01-13,sz.002827,高争民爆,9.5723248,9.4792088,9.5723248,9.4233392,1759241,17901376.65,0.6374,-0.1961,276002667.0,2616286909.8498697,2026-07-14
2020-01-14,sz.002827,高争民爆,9.4698972,9.358158,9.5071436,9.3488464,1448650,14673816.0,0.5249,-1.277,275985902.0,2582719676.6885157,2026-07-14
2020-01-15,sz.002827,高争民爆,9.358158,9.2929768,9.497832,9.1998608,1616144,16146671.62,0.5856,-0.6965,275980874.0,2564683859.325723,2026-07-14
2020-01-16,sz.002827,高争民爆,9.265042,9.1812376,9.3954044,9.171926,1212350,12049255.0,0.4393,-1.2024,275973139.0,2533774960.3768263,2026-07-14
2020-01-17,sz.002827,高争民爆,9.358158,9.3674696,9.684064,9.3022884,2846053,28918007.74,1.0312,2.0284,275994279.0,2585368018.3064184,2026-07-14
2020-01-20,sz.002827,高争民爆,9.3116,9.2743536,9.358158,9.125368,1778850,17595393.0,0.6445,-0.994,276004655.0,2559764765.7160077,2026-07-14
2020-01-21,sz.002827,高争民爆,9.2743536,9.0601868,9.3116,9.0043172,1932983,18953044.91,0.7004,-2.3092,275982724.0,2500455033.012843,2026-07-14
2020-01-22,sz.002827,高争民爆,9.1160564,9.1067448,9.171926,8.8646432,1445794,14021415.14,0.5239,0.5139,275967551.0,2513166060.037985,2026-07-14
2020-01-23,sz.002827,高争民爆,9.0229404,9.0043172,9.2371072,8.8646432,1515150,14642428.0,0.549,-1.1247,275983607.0,2485043939.42814,2026-07-14
2020-02-03,sz.002827,高争民爆,8.101092,8.101092,8.1290268,8.101092,890900,7752016.0,0.3228,-10.031,275991326.0,2235831123.1279917,2026-07-14
2020-02-04,sz.002827,高争民爆,7.402722,8.0172876,8.1755848,7.402722,1991685,16991873.7,0.7216,-1.0345,276009562.0,2212848038.9040313,2026-07-14
2020-02-05,sz.002827,高争民爆,8.054534,8.0824688,8.2128312,7.9241716,1529400,13298260.0,0.5541,0.813,276015160.0,2230883919.0270076,2026-07-14
2020-02-06,sz.002827,高争民爆,8.1662732,8.1569616,8.1662732,7.9800412,2226653,19319085.51,0.8068,0.9217,275985746.0,2251205132.269354,2026-07-14
2020-02-07,sz.002827,高争民爆,8.1569616,8.2314544,8.2500776,8.0265992,2144779,18703015.54,0.7771,0.9132,275997812.0,2271863403.9777727,2026-07-14
2020-02-10,sz.002827,高争民爆,8.14765,8.4456212,8.6039184,8.1383384,1922032,17422758.92,0.6964,2.6018,275995405.0,2330952643.5705857,2026-07-14
2020-02-11,sz.002827,高争民爆,8.4921792,8.4176864,8.520114,8.3525052,1161752,10515699.04,0.4209,-0.3308,276016156.0,2323417442.541478,2026-07-14
2020-02-12,sz.002827,高争民爆,8.3897516,8.473556,8.4828676,8.3618168,1287306,11646529.83,0.4664,0.6637,276009005.0,2338777760.37178,2026-07-14
2020-02-13,sz.002827,高争民爆,8.473556,8.4176864,8.5294256,8.3897516,1257891,11416870.87,0.4558,-0.6593,275974331.0,2323065372.8077984,2026-07-14
2020-02-14,sz.002827,高争民爆,8.426998,8.520114,8.520114,8.3711284,1394214,12644168.93,0.5052,1.2168,275972684.0,2351318728.5659757,2026-07-14
2020-02-17,sz.002827,高争民爆,8.5294256,8.8646432,9.2929768,8.520114,3535091,33462826.76,1.2809,4.0437,275984932.0,2446507950.7562623,2026-07-14
2020-02-18,sz.002827,高争民爆,8.8739548,8.8646432,8.9298244,8.7342808,2284650,21647664.5,0.8278,0.0,275990577.0,2446557991.667126,2026-07-14
2020-02-19,sz.002827,高争民爆,8.892578,8.7715272,8.9018896,8.752904,1640350,15545344.5,0.5943,-1.0504,276013798.0,2421062536.7323055,2026-07-14
2020-02-20,sz.002827,高争民爆,8.7622156,8.9670708,9.1439912,8.706346,2530600,24270604.0,0.9169,2.2293,275995201.0,2474868507.827231,2026-07-14
2020-02-21,sz.002827,高争民爆,8.939136,8.9018896,9.0229404,8.892578,2035600,19557224.0,0.7376,-0.7269,275976139.0,2456709121.6122546,2026-07-14
2020-02-24,sz.002827,高争民爆,8.9205128,9.171926,9.2277956,8.9205128,3051055,29787056.5,1.1055,3.0335,275988693.0,2531347869.0327177,2026-07-14
2020-02-25,sz.002827,高争民爆,9.07881,9.3395348,9.54439,9.0136288,4407087,43953910.01,1.5968,1.8274,275994927.0,2577664225.339959,2026-07-14
2020-02-26,sz.002827,高争民爆,9.3022884,9.1346796,9.6654408,9.1346796,4147456,41747813.03,1.5027,-2.1934,276000266.0,2521173999.4247737,2026-07-14
2020-02-27,sz.002827,高争民爆,9.1533028,9.0415636,9.3395348,8.9950056,3059293,30040764.91,1.1085,-1.0194,275984935.0,2495335342.444366,2026-07-14
2020-02-28,sz.002827,高争民爆,8.7901504,8.4456212,8.939136,8.3897516,3527323,32722125.48,1.278,-6.5911,276003365.0,2331019870.7153378,2026-07-14
2020-03-02,sz.002827,高争民爆,8.287324,8.799462,8.892578,8.287324,2571753,24084675.37,0.9318,4.1896,275998390.0,2428637344.86618,2026-07-14
2020-03-03,sz.002827,高争民爆,8.939136,8.9577592,9.1626144,8.7808388,2708050,26117829.5,0.9812,1.7989,275993681.0,2472284935.119615,2026-07-14
2020-03-04,sz.002827,高争民爆,8.9950056,9.2464188,9.2557304,8.84602,3444600,33637032.8,1.2481,3.2225,275987501.0,2551896017.811419,2026-07-14
2020-03-05,sz.002827,高争民爆,9.2557304,9.4233392,9.5630132,9.2557304,4479250,45303020.37,1.623,1.9134,275985829.0,2600708081.0601964,2026-07-14
2020-03-06,sz.002827,高争民爆,9.3022884,9.3674696,9.4140276,9.2277956,2486256,24960911.83,0.9008,-0.5929,276005329.0,2585471528.8454986,2026-07-14
2020-03-09,sz.002827,高争民爆,9.1905492,9.171926,9.4885204,9.1439912,3637703,36391787.7,1.318,-2.0875,276001745.0,2531467581.01087,2026-07-14
2020-03-10,sz.002827,高争民爆,9.2557304,9.2743536,9.2929768,8.8832664,2692302,26335238.42,0.9755,1.1167,275992004.0,2559647435.868614,2026-07-14
2020-03-11,sz.002827,高争民爆,9.2277956,9.3209116,9.451274,9.1812376,3496956,35006287.32,1.267,0.502,276002841.0,2572598082.309856,2026-07-14
2020-03-12,sz.002827,高争民爆,9.1067448,8.939136,9.218484,8.8087736,2838250,27441964.82,1.0284,-4.0959,275986970.0,2467085059.05792,2026-07-14
2020-03-13,sz.002827,高争民爆,8.38044,8.7249692,8.8180852,8.38044,2139700,19792509.5,0.7753,-2.3958,275983490.0,2407947449.958508,2026-07-14
2020-03-16,sz.002827,高争民爆,8.8367084,8.3152588,8.892578,8.2780124,2552292,23668850.68,0.9248,-4.6958,275983131.0,2294871158.699303,2026-07-14
2020-03-17,sz.002827,高争民爆,8.3245704,8.3618168,8.4828676,8.0265992,1757850,15621335.0,0.6369,0.5599,276000942.0,2307869313.6314254,2026-07-14
2020-03-18,sz.002827,高争民爆,8.473556,8.0824688,8.5294256,8.0359108,2393785,21415790.65,0.8673,-3.3407,276004266.0,2230795868.6119003,2026-07-14
2020-03-19,sz.002827,高争民爆,8.1569616,7.9334832,8.1569616,7.775186,2462350,21026827.5,0.8922,-1.8433,275986326.0,2189532880.7507234,2026-07-14
2020-03-20,sz.002827,高争民爆,8.1290268,8.1197152,8.3059472,7.775186,2667159,23241484.57,0.9664,2.3474,275989135.0,2240953174.494352,2026-07-14
2020-03-23,sz.002827,高争民爆,7.91486,8.054534,8.240766,7.8310556,1785835,15424807.85,0.6471,-0.8028,275975120.0,2222850987.19408,2026-07-14
2020-03-24,sz.002827,高争民爆,8.101092,8.1755848,8.2593892,8.0638456,1702750,14936927.0,0.617,1.5029,275972447.0,2256236142.9120054,2026-07-14
2020-03-25,sz.002827,高争民爆,8.3431936,8.2314544,8.3431936,8.1290268,1896137,16715070.1,0.687,0.6834,276002475.0,2271901787.24964,2026-07-14
2020-03-26,sz.002827,高争民爆,8.2221428,8.1383384,8.2500776,8.1104036,1299950,11428578.0,0.471,-1.1312,275997877.0,2246164120.7075768,2026-07-14
2020-03-27,sz.002827,高争民爆,8.194208,8.194208,8.3152588,8.1104036,1252654,11067863.86,0.4539,0.6865,275975766.0,2261402829.563328,2026-07-14
2020-03-30,sz.002827,高争民爆,8.1104036,8.1662732,8.2128312,7.91486,1682363,14556509.7,0.6096,-0.3409,275978182.0,2253713231.451322,2026-07-14
2020-03-31,sz.002827,高争民爆,8.2128312,8.2593892,8.3431936,8.1755848,1013066,8971330.76,0.3671,1.1402,275964587.0,2279298929.45026,2026-07-14
2020-04-01,sz.002827,高争民爆,8.2593892,8.1848964,8.333882,8.1662732,1072050,9511547.0,0.3884,-0.9019,276016993.0,2259170492.344525,2026-07-14
2020-04-02,sz.002827,高争民爆,8.14765,8.2500776,8.2966356,8.1104036,1153134,10156628.28,0.4178,0.7964,276001436.0,2277033264.7114334,2026-07-14
2020-04-03,sz.002827,高争民爆,8.2314544,8.14765,8.287324,8.1197152,952334,8377579.74,0.3451,-1.2415,275958853.0,2248416148.64545,2026-07-14
2020-04-07,sz.002827,高争民爆,8.2035196,8.2966356,8.3711284,8.2035196,1728200,15395968.5,0.6262,1.8286,275982114.0,2289723031.9756584,2026-07-14
2020-04-08,sz.002827,高争民爆,8.2966356,8.5294256,8.61323,8.2500776,2152100,19570387.0,0.7798,2.8058,275981021.0,2353959585.6315374,2026-07-14
2020-04-09,sz.002827,高争民爆,8.566672,8.5108024,8.6970344,8.4642444,1738000,15910235.5,0.6297,-0.2183,276004447.0,2349019309.9382725,2026-07-14
2020-04-10,sz.002827,高争民爆,8.520114,8.426998,8.520114,8.194208,1684635,15095151.43,0.6104,-0.9847,275988696.0,2325756189.2146077,2026-07-14
2020-04-13,sz.002827,高争民爆,8.3431936,8.287324,8.4083748,8.2128312,960600,8534905.5,0.3481,-1.6575,275955185.0,2286930027.57494,2026-07-14
2020-04-14,sz.002827,高争民爆,8.2687008,8.2966356,8.3431936,8.2128312,1253200,11121901.0,0.4541,0.1124,275974455.0,2289659488.043598,2026-07-14
2020-04-15,sz.002827,高争民爆,8.2966356,8.1290268,8.3152588,8.1290268,1123040,9900257.5,0.4069,-2.0202,275999017.0,2243603405.9666557,2026-07-14
2020-04-16,sz.002827,高争民爆,8.1290268,8.0359108,8.1290268,7.961418,1168878,10093724.89,0.4235,-1.1455,276004250.0,2217945533.4209,2026-07-14
2020-04-17,sz.002827,高争民爆,8.0359108,8.0824688,8.1569616,8.0359108,1540526,13390095.94,0.5582,0.5794,275981010.0,2230607902.717488,2026-07-14
2020-04-20,sz.002827,高争民爆,8.0824688,8.1383384,8.14765,8.0452224,1062000,9253454.5,0.3848,0.6912,275987526.0,2246079880.7667985,2026-07-14
2020-04-21,sz.002827,高争民爆,8.1662732,8.0638456,8.1662732,7.9893528,1205450,10426287.0,0.4368,-0.9153,275972985.0,2225403540.811116,2026-07-14
2020-04-22,sz.002827,高争民爆,8.0917804,8.0638456,8.0917804,7.961418,977500,8427424.5,0.3542,0.0,275974026.0,2225411935.274386,2026-07-14
2020-04-23,sz.002827,高争民爆,8.0638456,7.9521064,8.1197152,7.9241716,1116650,9604278.0,0.4046,-1.3857,275988631.0,2194690958.9023385,2026-07-14
2020-04-24,sz.002827,高争民爆,7.9707296,8.38044,8.7435924,7.9055484,6988197,63423189.57,2.532,5.3864,275995142.0,2312960727.82248,2026-07-14
2020-04-27,sz.002827,高争民爆,8.2687008,8.3618168,8.4549328,8.1104036,3417346,30390152.27,1.2382,-0.2222,275993054.0,2307803355.6205072,2026-07-14
2020-04-28,sz.002827,高争民爆,8.38044,7.961418,8.38044,7.8031208,2088601,18067638.91,0.7568,-4.7884,275977933.0,2197175683.388994,2026-07-14
2020-04-29,sz.002827,高争民爆,7.9055484,7.8310556,8.007976,7.775186,2533300,21442311.25,0.9179,-1.6374,275988670.0,2161282619.740052,2026-07-14
2020-04-30,sz.002827,高争民爆,7.821744,8.2966356,8.333882,7.821744,3513631,30500426.79,1.2731,5.9453,275990181.0,2289789960.935044,2026-07-14
2020-05-06,sz.002827,高争民爆,8.240766,9.125368,9.125368,8.2035196,7150526,67525404.16,2.5908,9.9888,275996835.0,2518572686.21028,2026-07-14
2020-05-07,sz.002827,高争民爆,9.0601868,9.1346796,9.404716,8.892578,7846135,76560886.72,2.8429,0.102,275990538.0,2521085137.261625,2026-07-14
2020-05-08,sz.002827,高争民爆,9.1346796,9.1905492,9.265042,8.9484476,6124547,60043846.73,2.2191,0.6116,275992384.0,2536521583.9772925,2026-07-14
2020-05-11,sz.002827,高争民爆,9.0601868,9.2464188,9.7026872,9.032252,8473255,85218717.62,3.0701,0.6079,275992802.0,2551945033.077478,2026-07-14
2020-05-12,sz.002827,高争民爆,9.358158,8.9577592,9.3860928,8.9484476,6455402,63003433.66,2.339,-3.1219,275989825.0,2472250394.00014,2026-07-14
2020-05-13,sz.002827,高争民爆,8.985694,8.8553316,9.07881,8.7808388,4339130,41417972.8,1.5722,-1.1434,275990968.0,2443991540.2449884,2026-07-14
2020-05-14,sz.002827,高争民爆,8.7622156,9.1626144,9.2464188,8.7156576,5903802,57177785.4,2.1391,3.47,275994671.0,2528832746.8278627,2026-07-14
2020-05-15,sz.002827,高争民爆,9.1067448,9.404716,9.5630132,9.07881,6101935,61186455.76,2.2109,2.6423,275993261.0,2595638237.618876,2026-07-14
2020-05-18,sz.002827,高争民爆,10.2334484,9.265042,10.2800064,9.2557304,13071235,137737601.37,4.7361,-1.4852,275991533.0,2557073144.8893857,2026-07-14
2020-05-19,sz.002827,高争民爆,9.1346796,9.4885204,9.8889192,9.1346796,7567496,77271099.63,2.7419,2.4121,275994602.0,2618780411.366881,2026-07-14
2020-05-20,sz.002827,高争民爆,9.404716,9.7678684,10.3731224,9.265042,8806496,91482987.35,3.1908,2.9441,275996490.0,2695897393.1819158,2026-07-14
2020-05-21,sz.002827,高争民爆,9.684064,9.3954044,9.7678684,9.3302232,4643900,47379888.5,1.6826,-3.8132,275995483.0,2593089175.3583255,2026-07-14
2020-05-22,sz.002827,高争民爆,9.3860928,9.0974332,9.684064,9.0881216,3829931,38436378.73,1.3877,-3.1715,275991281.0,2510812242.679929,2026-07-14
2020-05-25,sz.002827,高争民爆,9.1626144,8.7901504,9.1998608,8.6411648,3733800,35626555.5,1.3529,-3.3777,275984921.0,2425948963.7221184,2026-07-14
2020-05-26,sz.002827,高争民爆,8.7901504,8.8087736,8.939136,8.7342808,2860800,27073114.5,1.0365,0.2119,276005789.0,2431272507.5903707,2026-07-14
2020-05-27,sz.002827,高争民爆,8.8273968,8.6039184,8.8367084,8.5573604,3565351,33124980.19,1.2918,-2.3256,275998684.0,2374670155.6433854,2026-07-14
2020-05-28,sz.002827,高争民爆,8.6318532,8.426998,8.6318532,8.2966356,3019157,27433928.79,1.0939,-2.0563,275999360.0,2325846054.7212796,2026-07-14
2020-05-29,sz.002827,高争民爆,8.3897516,8.4456212,8.5387372,8.3897516,1514300,13768061.5,0.5487,0.221,275979588.0,2330819059.1800656,2026-07-14
2020-06-01,sz.002827,高争民爆,8.38044,8.566672,8.6225416,8.38044,2749650,25224838.98,0.9963,1.4333,275986149.0,2364282815.0261283,2026-07-14
2020-06-02,sz.002827,高争民爆,8.5759836,8.7435924,8.8739548,8.473556,4131250,38495763.04,1.4969,2.0652,275987040.0,2413118185.4424963,2026-07-14
2020-06-03,sz.002827,高争民爆,8.706346,8.7901504,8.8553316,8.6970344,2551750,24073336.5,0.9246,0.5325,275984209.0,2425942705.1350336,2026-07-14
2020-06-04,sz.002827,高争民爆,8.8273968,8.6877228,8.892578,8.61323,1797950,16759391.5,0.6514,-1.1653,276013202.0,2397926188.1164055,2026-07-14
2020-06-05,sz.002827,高争民爆,8.61323,8.5852952,8.7435924,8.4828676,1925900,17719202.0,0.6978,-1.179,275995987.0,2369507022.4103622,2026-07-14
2020-06-08,sz.002827,高争民爆,8.6039184,9.1160564,9.1160564,8.5759836,4367100,41457267.0,1.5823,6.1822,275996966.0,2516003908.2848825,2026-07-14
2020-06-09,sz.002827,高争民爆,9.1067448,9.0694984,9.4792088,8.9577592,4637450,45792494.45,1.6803,-0.5107,275989407.0,2503085485.203449,2026-07-14
2020-06-10,sz.002827,高争民爆,9.0043172,9.3022884,9.3954044,8.9577592,3451203,33977872.75,1.2505,2.5667,275985846.0,2567299933.8099866,2026-07-14
2020-06-11,sz.002827,高争民爆,9.3116,9.590948,9.7213104,9.3116,6091450,62597261.5,2.2071,3.1031,275993385.0,2647038203.8789797,2026-07-14
2020-06-12,sz.002827,高争民爆,9.3860928,9.637506,9.9541004,9.3209116,6058785,63128927.45,2.1953,0.4854,275988931.0,2659844978.446086,2026-07-14
2020-06-15,sz.002827,高争民爆,9.7026872,9.823738,10.056528,9.590948,5890900,61924063.67,2.1344,1.9324,275997939.0,2711331441.2759824,2026-07-14
2020-06-16,sz.002827,高争民爆,9.8982308,9.8609844,9.9541004,9.7026872,3555705,37611730.9,1.2883,0.3791,275999767.0,2721629396.7906346,2026-07-14
2020-06-17,sz.002827,高争民爆,10.0379048,10.522108,10.7828328,9.9261656,10994561,122919746.84,3.9836,6.7044,275995607.0,2904055584.3795557,2026-07-14
2020-06-18,sz.002827,高争民爆,10.2055136,11.5743188,11.5743188,10.2055136,11411744,135409438.66,4.1348,10.0,275992648.0,3194426894.4081826,2026-07-14
2020-06-19,sz.002827,高争民爆,11.499826,11.5836304,12.3658048,11.080804,14789542,183638459.79,5.3587,0.0804,275991229.0,3196980390.377762,2026-07-14
2020-06-22,sz.002827,高争民爆,11.5743188,11.6395,12.663776,11.5743188,14566986,186902910.03,5.278,0.4823,275994430.0,3212437167.985,2026-07-14
2020-06-23,sz.002827,高争民爆,11.6581232,12.1609496,12.384428,11.4346448,12033625,154743364.27,4.3601,4.48,275994243.0,3356352079.013153,2026-07-14
2020-06-24,sz.002827,高争民爆,12.0398988,11.779174,12.2820004,11.6674348,9160900,117471718.64,3.3193,-3.1394,275988913.0,3250921428.297862,2026-07-14
2020-06-29,sz.002827,高争民爆,11.732616,11.9747176,12.3192468,11.5836304,8271054,106598831.58,2.9968,1.6601,275996196.0,3304976505.7742496,2026-07-14
2020-06-30,sz.002827,高争民爆,12.198196,12.10508,12.2261308,11.7605508,6560535,84482824.25,2.3771,1.0886,275989020.0,3340869166.2215996,2026-07-14
2020-07-01,sz.002827,高争民爆,12.1143916,12.291312,12.430986,11.9374712,5722935,74593295.25,2.0736,1.5385,275990307.0,3392282972.3127837,2026-07-14
2020-07-02,sz.002827,高争民爆,12.3099352,13.5204432,13.5204432,12.3099352,7684150,109436511.03,2.7842,10.0,275991308.0,3731524803.5077057,2026-07-14
2020-07-03,sz.002827,高争民爆,13.7997912,13.50182,13.9580884,13.0921096,9282514,134554232.82,3.3633,-0.1377,275994232.0,3726424441.50224,2026-07-14
2020-07-06,sz.002827,高争民爆,13.4366388,13.3807692,13.5856244,13.0083052,9896200,141086436.0,3.5857,-0.8966,275990741.0,3692968406.657977,2026-07-14
2020-07-07,sz.002827,高争民爆,13.315588,13.3528344,13.4925084,12.8127616,8831941,124897831.55,3.2001,-0.2088,275989532.0,3685242516.929501,2026-07-14
2020-07-08,sz.002827,高争民爆,13.408704,13.0455516,13.408704,12.8127616,8600185,120711079.8,3.1161,-2.3013,275991945.0,3600467159.681862,2026-07-14
2020-07-09,sz.002827,高争民爆,13.0734864,13.1014212,13.2038488,12.850008,8696608,121340502.72,3.151,0.4283,275995176.0,3615929049.9441314,2026-07-14
2020-07-10,sz.002827,高争民爆,13.1386676,13.7532332,14.3119292,13.0548632,13464857,197767166.08,4.8787,4.9751,275992723.0,3795792280.9220037,2026-07-14
2020-07-13,sz.002827,高争民爆,13.4521959,13.36753173,13.53686007,12.50207577,9809787,136747070.32,3.5544,-2.8044,275989956.0,3689304493.991304,2026-07-14
2020-07-14,sz.002827,高争民爆,13.23583191,13.22642478,13.88492388,12.85013958,7836373,111487186.41,2.8393,-1.0556,275996654.0,3650448983.6626863,2026-07-14
2020-07-15,sz.002827,高争民爆,13.2640533,12.21045474,13.2640533,11.97527649,9040100,120119071.44,3.2755,-7.6814,275991452.0,3369981133.2728825,2026-07-14
2020-07-16,sz.002827,高争民爆,12.229269,11.12863479,12.24808326,11.12863479,7548750,93532689.0,2.7351,-8.8598,275995393.0,3071451932.4195223,2026-07-14
2020-07-17,sz.002827,高争民爆,11.3826273,11.17567044,11.6648412,10.85582802,4124500,49210057.5,1.4944,0.4227,275997056.0,3084452140.2662244,2026-07-14
2020-07-20,sz.002827,高争民爆,11.18507757,12.29511891,12.29511891,11.18507757,9942474,124957621.82,3.6024,10.0168,275995836.0,3393401622.2848587,2026-07-14
2020-07-21,sz.002827,高争民爆,12.52089003,12.42681873,12.63377559,12.05053353,6175399,81353959.86,2.2375,1.0712,275995486.0,3429745874.820253,2026-07-14
2020-07-22,sz.002827,高争民爆,12.42681873,13.32049608,13.66855989,12.15401196,13753652,195959964.65,4.9833,7.1915,275994863.0,3676388490.691637,2026-07-14
2020-07-23,sz.002827,高争民爆,13.17938913,13.37693886,13.91314527,13.17938913,9874502,141195814.7,3.5778,0.4237,275993683.0,3691950623.2372212,2026-07-14
2020-07-24,sz.002827,高争民爆,13.37693886,12.37978308,13.48041729,12.23867613,6993250,95384106.0,2.5339,-7.4543,275987608.0,3416666719.8080726,2026-07-14
2020-07-27,sz.002827,高争民爆,12.69021837,13.62152424,13.62152424,12.66199698,6758854,97240189.92,2.4489,10.0304,275995508.0,3759479502.3531137,2026-07-14
2020-07-28,sz.002827,高争民爆,14.10128787,14.98555809,14.98555809,13.38634599,9949025,152053974.15,3.6048,10.0138,275993814.0,4135921332.177655,2026-07-14
2020-07-29,sz.002827,高争民爆,15.22073634,15.29599338,15.95449248,14.5810515,23814676,383664758.09,8.6287,2.0716,275993788.0,4221599154.1691236,2026-07-14
2020-07-30,sz.002827,高争民爆,15.4276932,14.81622975,15.62524293,14.71275132,14551464,232934295.95,5.2724,-3.1365,275993172.0,4089178245.783267,2026-07-14
2020-07-31,sz.002827,高争民爆,14.6751228,16.30255629,16.30255629,14.44935168,17016179,279169343.08,6.1654,10.0317,275994729.0,4499419605.265795,2026-07-14
2020-08-03,sz.002827,高争民爆,16.94224113,17.92998978,17.92998978,16.4624775,6362250,117420610.5,2.3052,9.9827,275995575.0,4948597839.075223,2026-07-14
2020-08-04,sz.002827,高争民爆,19.1905452,17.92998978,19.72675161,17.27149068,21068995,413969170.45,7.6339,0.0,275992546.0,4948543529.13618,2026-07-14
2020-08-05,sz.002827,高争民爆,17.65718301,18.48501045,19.72675161,17.31852633,17026551,339884035.98,6.1692,3.0955,275992852.0,5101730753.345304,2026-07-14
2020-08-06,sz.002827,高争民爆,18.39093915,20.33821506,20.33821506,17.92998978,14962595,305648825.48,5.4214,10.0254,275991349.0,5613171410.661516,2026-07-14
2020-08-07,sz.002827,高争民爆,20.0371869,19.5668304,20.42287923,18.83307426,14286325,296583643.43,5.1763,-3.7928,275994919.0,5400345771.334738,2026-07-14
2020-08-10,sz.002827,高争民爆,19.07765964,18.75781722,19.55742327,18.01465395,10854254,214413985.06,3.9328,-4.1346,275993033.0,5177026867.007428,2026-07-14
2020-08-11,sz.002827,高争民爆,18.3439035,17.79828996,19.26580224,17.6854044,9772713,191623553.68,3.5409,-5.1153,275995171.0,4912242081.017783,2026-07-14
2020-08-12,sz.002827,高争民爆,18.01465395,16.78231992,18.01465395,16.06737804,10988997,196569952.76,3.9816,-5.7082,275994500.0,4631827995.1604395,2026-07-14
2020-08-13,sz.002827,高争民爆,16.97986965,17.10216234,17.9676183,16.47188463,9313450,170655188.5,3.3745,1.9058,275994962.0,4720110645.146131,2026-07-14
2020-08-14,sz.002827,高争民爆,17.29030494,18.81426,18.81426,16.4624775,11803841,218935700.76,4.2769,10.011,275990577.0,5192558473.228021,2026-07-14
2020-08-17,sz.002827,高争民爆,18.82366713,19.0024026,19.95252273,18.16516803,17879351,362509381.69,6.4782,1.0,275992575.0,5244522024.7606945,2026-07-14
2020-08-18,sz.002827,高争民爆,18.56967462,19.1905452,19.1905452,18.16516803,11334803,224950658.41,4.1069,0.9901,275994132.0,5296477865.080766,2026-07-14
2020-08-19,sz.002827,高争民爆,19.04003112,19.6609017,20.5075434,18.6261174,14180500,295125332.33,5.138,2.451,275992604.0,5426263457.171027,2026-07-14
2020-08-20,sz.002827,高争民爆,19.29402363,18.64493166,20.40406497,18.54145323,11801499,241500023.91,4.276,-5.1675,275993896.0,5145887329.497148,2026-07-14
2020-08-21,sz.002827,高争民爆,19.05884538,18.49441758,19.05884538,17.94880404,8462154,166070649.98,3.066,-0.8073,275999804.0,5104455627.174154,2026-07-14
2020-08-24,sz.002827,高争民爆,18.4379748,18.81426,19.40690919,18.3439035,8982728,180704945.75,3.2546,1.7294,276000983.0,5192754254.417581,2026-07-14
2020-08-25,sz.002827,高争民爆,18.82366713,18.26864646,19.46335197,18.09931812,6847642,134991229.93,2.481,-2.9,276003305.0,5042206800.83655,2026-07-14
2020-08-26,sz.002827,高争民爆,18.16516803,17.29971207,18.47560332,16.932834,11278211,211386112.63,4.0863,-5.3038,276000563.0,4774730271.057896,2026-07-14
2020-08-27,sz.002827,高争民爆,17.29971207,18.08050386,18.48501045,16.95164826,12266516,231662590.42,4.4444,4.5133,275999370.0,4990207674.642569,2026-07-14
2020-08-28,sz.002827,高争民爆,18.0616896,17.94880404,18.40975341,17.64777588,7180300,137710322.0,2.6016,-0.7284,275995541.0,4953789881.322785,2026-07-14
2020-08-31,sz.002827,高争民爆,17.873547,16.34018481,18.79544574,16.15204221,29714062,550495320.5,10.766,-8.9623,275999090.0,4509876137.991823,2026-07-14
2020-09-01,sz.002827,高争民爆,15.6158358,14.70334419,15.63465006,14.70334419,15054708,237896933.68,5.4546,-10.0173,276000220.0,4058126231.1757216,2026-07-14
2020-09-02,sz.002827,高争民爆,14.37409464,13.79085258,14.37409464,13.74381693,13482484,200212577.21,4.885,-6.206,275997625.0,3806242558.8051224,2026-07-14
2020-09-03,sz.002827,高争民爆,13.83788823,13.28286756,13.83788823,13.0759107,8962028,127991891.74,3.2471,-3.6835,276000985.0,3666084530.1845465,2026-07-14
2020-09-04,sz.002827,高争民爆,13.03828218,13.27346043,13.63093137,12.85013958,7623921,107690882.58,2.7623,-0.0708,275999023.0,3663462110.50916,2026-07-14
2020-09-07,sz.002827,高争民爆,13.2640533,12.5114829,13.2640533,12.42681873,8779211,119144353.34,3.1809,-5.7406,275997705.0,3453140566.546745,2026-07-14
2020-09-08,sz.002827,高争民爆,12.57733281,12.68081124,12.75606828,12.45504012,5664707,75986277.05,2.0524,1.3534,276004044.0,3499955183.4406548,2026-07-14
2020-09-09,sz.002827,高争民爆,12.45504012,11.93764797,12.59614707,11.91883371,7133207,92117704.45,2.5845,-5.8605,275999497.0,3294784835.083071,2026-07-14
2020-09-10,sz.002827,高争民爆,12.18223335,11.69306259,12.20104761,11.69306259,4941600,62600312.5,1.7904,-2.0489,276005362.0,3227347973.041608,2026-07-14
2020-09-11,sz.002827,高争民爆,11.60839842,11.84357667,11.87179806,11.56136277,3467807,43173759.42,1.2565,1.2872,275989415.0,3268701796.660948,2026-07-14
2020-09-14,sz.002827,高争民爆,11.96586936,11.79654102,11.99409075,11.67424833,3877721,48750796.87,1.405,-0.3971,275994377.0,3255778989.5698442,2026-07-14
2020-09-15,sz.002827,高争民爆,11.89061232,12.12579057,12.14460483,11.63661981,5747939,72921270.88,2.0826,2.7911,275998223.0,3346696649.790157,2026-07-14
2020-09-16,sz.002827,高争民爆,11.98468362,11.68365546,12.02231214,11.63661981,4285889,53674866.66,1.5529,-3.6462,275992595.0,3224602389.4913187,2026-07-14
2020-09-17,sz.002827,高争民爆,11.6648412,11.79654102,11.98468362,11.59899129,3834957,48073402.12,1.3895,0.9662,275995466.0,3255791836.003015,2026-07-14
2020-09-18,sz.002827,高争民爆,11.7589125,12.24808326,12.31393317,11.67424833,5701947,72988354.42,2.0659,3.8278,276003050.0,3380508336.413943,2026-07-14
2020-09-21,sz.002827,高争民爆,12.28571178,13.13235348,13.4521959,12.16341909,13336121,183520969.6,4.8319,7.2197,276001594.0,3624550493.4514475,2026-07-14
2020-09-22,sz.002827,高争民爆,12.76547541,12.45504012,12.9818394,12.229269,8677719,115769106.77,3.1441,-5.1576,276000095.0,3437592256.348811,2026-07-14
2020-09-23,sz.002827,高争民爆,12.49266864,12.3233403,12.49266864,12.14460483,3464454,45372561.36,1.2552,-1.0574,276008126.0,3401342062.263278,2026-07-14
2020-09-24,sz.002827,高争民爆,12.36096882,11.8529838,12.36096882,11.7589125,4617307,58776157.34,1.6729,-3.8168,276006157.0,3271496507.621257,2026-07-14
2020-09-25,sz.002827,高争民爆,11.76831963,11.7589125,12.01290501,11.62721268,3559362,44554931.5,1.2896,-0.7937,276005118.0,3245520032.114175,2026-07-14
2020-09-28,sz.002827,高争民爆,11.65543407,11.36381304,11.81535528,11.32618452,3183045,38856585.5,1.1533,-3.36,275994537.0,3136350318.5293627,2026-07-14
2020-09-29,sz.002827,高争民爆,11.4766986,11.49551286,11.74009824,11.31677739,3644386,44886007.62,1.3204,1.1589,276006210.0,3172832936.4948606,2026-07-14
2020-09-30,sz.002827,高争民爆,11.48610573,11.77772676,12.18223335,11.48610573,6845414,85933958.55,2.4802,2.455,276002500.0,3250682030.0769,2026-07-14
2020-10-09,sz.002827,高争民爆,11.90942658,11.96586936,12.34215456,11.80594815,5023652,64446696.24,1.8202,1.5974,275994506.0,3302514202.873736,2026-07-14
2020-10-12,sz.002827,高争民爆,12.02231214,12.42681873,12.45504012,11.91883371,5089955,66214576.13,1.8442,3.8522,275997994.0,3429777041.2816277,2026-07-14
2020-10-13,sz.002827,高争民爆,12.37037595,12.21986187,12.4174116,12.12579057,4176812,54323071.64,1.5133,-1.6654,276006872.0,3372765851.010771,2026-07-14
2020-10-14,sz.002827,高争民爆,12.229269,11.89061232,12.24808326,11.82476241,3804800,48323527.0,1.3786,-2.6944,275990135.0,3281691699.4294634,2026-07-14
2020-10-15,sz.002827,高争民爆,11.96586936,11.67424833,11.99409075,11.6648412,2471700,30959229.5,0.8955,-1.8196,276013400.0,3222248974.007622,2026-07-14
2020-10-16,sz.002827,高争民爆,11.7589125,11.69306259,11.7589125,11.5707699,1881650,23303820.05,0.6818,0.1612,275982693.0,3227082903.005755,2026-07-14
2020-10-19,sz.002827,高争民爆,11.82476241,11.65543407,12.03171927,11.61780555,3323145,41674283.95,1.204,-0.3218,276008721.0,3217001450.3605247,2026-07-14
2020-10-20,sz.002827,高争民爆,11.62721268,11.76831963,11.77772676,11.4766986,2240797,27675089.5,0.8119,0.9685,275994211.0,3247988091.077662,2026-07-14
2020-10-21,sz.002827,高争民爆,11.79654102,11.37322017,11.79654102,11.37322017,3141900,38341931.84,1.1384,-3.3573,275992621.0,3138924843.9283657,2026-07-14
2020-10-22,sz.002827,高争民爆,11.42966295,11.288556,11.44847721,11.04397062,3451800,41166346.46,1.2507,-0.7444,275989446.0,3115522316.579976,2026-07-14
2020-10-23,sz.002827,高争民爆,11.36381304,11.36381304,11.71187685,11.32618452,5791652,70968476.38,2.0984,0.6667,276003241.0,3136449229.1580625,2026-07-14
2020-10-26,sz.002827,高争民爆,11.288556,10.93108506,11.288556,10.8181995,4633952,54227132.9,1.679,-3.8079,275994759.0,3016922186.7432003,2026-07-14
2020-10-27,sz.002827,高争民爆,10.93108506,10.94049219,11.09100627,10.86523515,2092200,24364912.0,0.758,0.0861,276015831.0,3019749043.37186,2026-07-14
2020-10-28,sz.002827,高争民爆,10.97812071,11.0063421,11.18507757,10.86523515,2547650,29827559.5,0.9231,0.6019,275988517.0,3037624033.7736654,2026-07-14
2020-10-29,sz.002827,高争民爆,10.8181995,11.37322017,11.49551286,10.80879237,4523100,53914395.0,1.6388,3.3333,276000732.0,3139017092.117164,2026-07-14
2020-10-30,sz.002827,高争民爆,11.31677739,11.23211322,11.54254851,11.18507757,3939250,47425945.0,1.4273,-1.2407,275993134.0,3099986129.0306315,2026-07-14
2020-11-02,sz.002827,高争民爆,11.23211322,11.10982053,11.37322017,10.92167793,2502740,29572507.88,0.9068,-1.0888,275996912.0,3066276159.1542034,2026-07-14
2020-11-03,sz.002827,高争民爆,11.1944847,11.48610573,11.59899129,11.1004134,3904044,47425927.45,1.4145,3.387,276001697.0,3170184673.401424,2026-07-14
2020-11-04,sz.002827,高争民爆,11.4766986,11.45788434,11.59899129,11.30737026,2163333,26278998.16,0.7838,-0.2457,276005741.0,3162441857.553996,2026-07-14
2020-11-05,sz.002827,高争民爆,11.50491999,11.74950537,11.81535528,11.45788434,3756316,46528482.87,1.361,2.5452,275996767.0,3242825495.9691386,2026-07-14
2020-11-06,sz.002827,高争民爆,11.76831963,12.37037595,12.46444725,11.6648412,9924907,128118041.97,3.596,5.2842,275998526.0,3414205528.2658496,2026-07-14
2020-11-09,sz.002827,高争民爆,12.73725402,13.12294635,13.42397451,12.14460483,15813936,213485379.46,5.7297,6.0837,275999372.0,3621924951.389692,2026-07-14
2020-11-10,sz.002827,高争民爆,12.90658236,12.74666115,13.03828218,12.54911142,8030450,108946897.2,2.9096,-2.8674,275998419.0,3518058324.928722,2026-07-14
2020-11-11,sz.002827,高争民爆,12.58673994,12.75606828,13.16057487,12.5114829,6746357,92044098.42,2.4443,0.0738,276003641.0,3520721290.124607,2026-07-14
2020-11-12,sz.002827,高争民爆,12.70903263,12.16341909,12.70903263,12.14460483,6391450,83656727.0,2.3157,-4.646,276005096.0,3357165653.6236825,2026-07-14
2020-11-13,sz.002827,高争民爆,12.08816205,12.29511891,12.53029716,12.0411264,3617025,47293618.86,1.3105,1.0828,276003434.0,3393495040.5983367,2026-07-14
2020-11-16,sz.002827,高争民爆,12.38919021,12.77488254,13.02887505,12.28571178,7189018,97180289.36,2.6047,3.9021,276001766.0,3525890141.482566,2026-07-14
2020-11-17,sz.002827,高争民爆,12.74666115,12.58673994,12.93480375,12.52089003,5487163,74081954.57,1.9881,-1.4728,276000352.0,3473944653.972459,2026-07-14
2020-11-18,sz.002827,高争民爆,12.58673994,12.76547541,13.0759107,12.46444725,6451217,87701467.71,2.3374,1.42,275999701.0,3523267396.2828526,2026-07-14
2020-11-19,sz.002827,高争民爆,12.6996255,12.4174116,12.6996255,12.29511891,4718494,62502571.64,1.7096,-2.7266,275999883.0,3427204148.7628427,2026-07-14
2020-11-20,sz.002827,高争民爆,12.40800447,12.26689752,12.40800447,12.11638344,4269313,55535813.26,1.5469,-1.2121,275991531.0,3385559827.164903,2026-07-14
2020-11-23,sz.002827,高争民爆,12.26689752,12.21045474,12.40800447,12.09756918,3775938,49096313.06,1.3681,-0.4601,275998684.0,3370069439.281562,2026-07-14
2020-11-24,sz.002827,高争民爆,12.20104761,12.25749039,12.33274743,12.14460483,3139638,40784785.96,1.1376,0.3852,275987869.0,3382918652.024079,2026-07-14
2020-11-25,sz.002827,高争民爆,12.229269,11.7589125,12.23867613,11.73069111,4524341,57402556.0,1.6393,-4.0675,275992253.0,3245368753.704862,2026-07-14
2020-11-26,sz.002827,高争民爆,11.71187685,11.67424833,11.83416954,11.40144156,3021355,37385703.9,1.0947,-0.72,275998447.0,3222074408.9723434,2026-07-14
2020-11-27,sz.002827,高争民爆,11.6648412,11.60839842,11.77772676,11.43907008,1978550,24334503.35,0.7169,-0.5641,275986888.0,3203765754.599917,2026-07-14
2020-11-30,sz.002827,高争民爆,11.63661981,11.69306259,11.84357667,11.5707699,3237100,40362183.5,1.1729,0.7293,275991133.0,3227181592.454015,2026-07-14
2020-12-01,sz.002827,高争民爆,11.69306259,11.72128398,11.76831963,11.56136277,2344600,29128702.0,0.8495,0.2414,275997646.0,3235046786.5775113,2026-07-14
2020-12-02,sz.002827,高争民爆,11.69306259,11.77772676,11.96586936,11.65543407,2341565,29387406.05,0.8484,0.4815,275997760.0,3250626203.6520576,2026-07-14
2020-12-03,sz.002827,高争民爆,11.7589125,11.90942658,12.02231214,11.5707699,3162650,39724535.5,1.1459,1.1182,275997033.0,3286966400.811337,2026-07-14
2020-12-04,sz.002827,高争民爆,11.90942658,11.80594815,11.95646223,11.7589125,1721000,21627208.0,0.6236,-0.8689,275978191.0,3258184213.4767966,2026-07-14
2020-12-07,sz.002827,高争民爆,11.81535528,11.9470551,12.14460483,11.78713389,2907541,36987436.2,1.0535,1.1952,275988704.0,3297252253.6655903,2026-07-14
2020-12-08,sz.002827,高争民爆,11.92824084,11.74950537,12.05053353,11.70246972,2375348,29994421.6,0.8606,-1.6535,276010690.0,3242989084.332405,2026-07-14
2020-12-09,sz.002827,高争民爆,11.92824084,11.60839842,11.92824084,11.55195564,2638450,32758839.82,0.956,-1.201,275988494.0,3203784397.6877794,2026-07-14
2020-12-10,sz.002827,高争民爆,11.58017703,11.37322017,11.68365546,11.37322017,2300662,28177108.1,0.8336,-2.0259,275991123.0,3138907806.8445506,2026-07-14
2020-12-11,sz.002827,高争民爆,11.42966295,11.15685618,11.54254851,11.09100627,1876786,22526419.1,0.68,-1.9024,275997941.0,3079269333.713125,2026-07-14
2020-12-14,sz.002827,高争民爆,11.04397062,11.05337775,11.20389183,10.94049219,1758550,20703668.5,0.6372,-0.9275,275980854.0,3050520631.029598,2026-07-14
2020-12-15,sz.002827,高争民爆,11.05337775,11.06278488,11.18507757,10.8181995,2197215,25774828.0,0.7961,0.0851,275997362.0,3053299443.2534866,2026-07-14
2020-12-16,sz.002827,高争民爆,11.06278488,10.51717134,11.15685618,10.50776421,3179763,36305734.34,1.1521,-4.932,275997136.0,2902709168.6612825,2026-07-14
2020-12-17,sz.002827,高争民爆,10.49835708,10.62064977,10.7241282,10.21614318,4253966,47384305.21,1.5413,0.9839,275998573.0,2931284180.8527784,2026-07-14
2020-12-18,sz.002827,高争民爆,10.54539273,10.59242838,10.7241282,10.50776421,1713275,19313547.14,0.6208,-0.2657,275978576.0,2923283300.6943865,2026-07-14
2020-12-21,sz.002827,高争民爆,10.6300569,10.51717134,10.69590681,10.48894995,1969300,22146901.5,0.7135,-0.7105,276005606.0,2902798249.1025324,2026-07-14
2020-12-22,sz.002827,高争民爆,10.49835708,10.40428578,10.60183551,10.28199309,3223121,35726998.31,1.1678,-1.0733,275999401.0,2871576643.112818,2026-07-14
2020-12-23,sz.002827,高争民爆,10.39487865,10.28199309,10.45132143,10.21614318,2375402,26046331.46,0.8607,-1.1754,275984896.0,2837674793.616369,2026-07-14
2020-12-24,sz.002827,高争民爆,10.37606439,9.95274354,10.37606439,9.92452215,2734050,29251947.5,0.9906,-3.2022,275999394.0,2746951185.677415,2026-07-14
2020-12-25,sz.002827,高争民爆,9.92452215,9.95274354,10.04681484,9.86807937,1350124,14308042.7,0.4892,0.0,275986100.0,2746818873.904794,2026-07-14
2020-12-28,sz.002827,高争民爆,9.95274354,9.61408686,9.98096493,9.61408686,2026200,20946989.0,0.7341,-3.4026,276011443.0,2653597987.355939,2026-07-14
2020-12-29,sz.002827,高争民爆,9.66112251,9.71756529,9.89630076,9.66112251,1775850,18443763.0,0.6434,1.0763,276010258.0,2682147702.8247447,2026-07-14
2020-12-30,sz.002827,高争民爆,9.82104372,9.82104372,10.02800058,9.56705121,2332050,24282324.0,0.8449,1.0649,276014913.0,2710754527.9449964,2026-07-14
2020-12-31,sz.002827,高争民爆,9.82104372,10.02800058,10.11266475,9.80222946,2132517,22597769.89,0.7727,2.1073,275982529.0,2767552960.881867,2026-07-14
2021-01-04,sz.002827,高争民爆,10.05622197,10.42310004,10.59242838,10.04681484,2588850,28535074.5,0.938,3.94,275996802.0,2876742277.966072,2026-07-14
2021-01-05,sz.002827,高争民爆,10.4419143,10.37606439,10.62064977,10.33843587,2486450,27650362.0,0.9009,-0.4513,275996226.0,2863754612.372992,2026-07-14
2021-01-06,sz.002827,高争民爆,10.31962161,10.32902874,10.52657847,10.16910753,2362900,25929788.5,0.8561,-0.4533,276007476.0,2850889152.0588603,2026-07-14
2021-01-07,sz.002827,高争民爆,10.29140022,9.99977919,10.36665726,9.86807937,2460200,26246971.0,0.8914,-3.1876,275992820.0,2759867258.025416,2026-07-14
2021-01-08,sz.002827,高争民爆,9.99037206,10.03740771,10.17851466,9.83045085,2044550,21811570.0,0.7408,0.3763,275992171.0,2770245945.0950384,2026-07-14
2021-01-11,sz.002827,高争民爆,10.04681484,9.7834152,10.04681484,9.58586547,2413450,25145363.66,0.8744,-2.5305,276012123.0,2700341199.5424695,2026-07-14
2021-01-12,sz.002827,高争民爆,9.99037206,9.91511502,10.13147901,9.69875103,1712300,18082442.0,0.6204,1.3462,275999355.0,2736565350.270812,2026-07-14
2021-01-13,sz.002827,高争民爆,9.92452215,9.67993677,10.05622197,9.61408686,1994650,20560237.5,0.7227,-2.3719,275999723.0,2671659867.1775146,2026-07-14
2021-01-14,sz.002827,高争民爆,9.6893439,9.69875103,9.77400807,9.55764408,1381200,14196859.5,0.5004,0.1944,276019185.0,2677041354.8185105,2026-07-14
2021-01-15,sz.002827,高争民爆,9.7834152,9.6893439,9.86807937,9.64230825,1840308,19056053.15,0.6668,-0.097,275991002.0,2674171731.683588,2026-07-14
2021-01-18,sz.002827,高争民爆,9.70815816,9.99037206,10.11266475,9.64230825,2323973,24495646.51,0.842,3.1068,276006295.0,2757405577.952118,2026-07-14
2021-01-19,sz.002827,高争民爆,9.95274354,10.22555031,10.29140022,9.95274354,2628628,28455091.81,0.9524,2.354,276000420.0,2822256180.29113,2026-07-14
2021-01-20,sz.002827,高争民爆,10.31021448,10.33843587,10.42310004,10.08444336,2483535,27085985.59,0.8998,1.104,276009669.0,2853508262.456427,2026-07-14
2021-01-21,sz.002827,高争民爆,10.31021448,10.50776421,10.7241282,10.08444336,4279600,47376353.95,1.5506,1.6379,275996388.0,2900104967.9156733,2026-07-14
2021-01-22,sz.002827,高争民爆,10.43250717,10.05622197,10.51717134,10.02800058,3108500,33479266.5,1.1263,-4.2972,275992187.0,2775438694.4577484,2026-07-14
2021-01-25,sz.002827,高争民爆,9.9715578,9.85867224,9.99037206,9.67993677,2476106,25832020.68,0.8971,-1.9645,276012262.0,2721114425.279007,2026-07-14
2021-01-26,sz.002827,高争民爆,9.7834152,9.65171538,9.91511502,9.63290112,1976950,20438296.5,0.7163,-2.0992,275994695.0,2663822242.529909,2026-07-14
2021-01-27,sz.002827,高争民爆,9.65171538,9.70815816,9.82104372,9.60467973,1342204,13865648.62,0.4863,0.5848,276003290.0,2679483592.000346,2026-07-14
2021-01-28,sz.002827,高争民爆,9.5952726,9.60467973,9.8774865,9.58586547,1635350,16874546.0,0.5925,-1.0659,276008439.0,2650972659.3722415,2026-07-14
2021-01-29,sz.002827,高争民爆,9.62349399,9.2189874,9.77400807,9.18135888,2814671,28010416.8,1.0198,-4.0157,276002255.0,2544461311.216587,2026-07-14
2021-02-01,sz.002827,高争民爆,9.32246583,9.6893439,9.76460094,9.32246583,1977353,20182245.24,0.7164,5.102,276012423.0,2674379287.11927,2026-07-14
2021-02-02,sz.002827,高争民爆,9.58586547,9.8774865,10.0656291,9.51060843,2382000,24799500.0,0.863,1.9417,276013905.0,2726323620.4497824,2026-07-14
2021-02-03,sz.002827,高争民爆,9.80222946,9.52001556,10.00918632,9.5012013,2322063,23831232.75,0.8413,-3.619,276008915.0,2627609165.4987173,2026-07-14
2021-02-04,sz.002827,高争民爆,9.41653713,9.30365157,9.56705121,9.22839453,1707850,16962588.5,0.6188,-2.2727,275993859.0,2567750699.5957084,2026-07-14
2021-02-05,sz.002827,高争民爆,9.30365157,9.18135888,9.53882982,9.13432323,1776050,17518103.5,0.6435,-1.3145,275998446.0,2534040783.0483003,2026-07-14
2021-02-08,sz.002827,高争民爆,9.3130587,9.22839453,9.3130587,8.83329507,1218400,11804301.0,0.4414,0.5123,276030811.0,2547321226.3438635,2026-07-14
2021-02-09,sz.002827,高争民爆,9.22839453,9.42594426,9.5012013,9.13432323,1170900,11621135.0,0.4242,2.1407,276025460.0,2601800600.3008595,2026-07-14
2021-02-10,sz.002827,高争民爆,9.40713,9.52942269,9.57645834,9.34128009,920400,9270936.16,0.3335,1.0978,275982009.0,2629949218.5963845,2026-07-14
2021-02-18,sz.002827,高争民爆,9.54823695,9.90570789,10.03740771,9.52942269,2419187,25252757.09,0.8765,3.9487,276005362.0,2734028492.0457063,2026-07-14
2021-02-19,sz.002827,高争民爆,9.91511502,10.55479986,10.64887116,9.8774865,4686114,51779001.48,1.6979,6.5527,275994699.0,2913068810.365942,2026-07-14
2021-02-22,sz.002827,高争民爆,10.54539273,10.8181995,11.04397062,10.47954282,5331030,61229797.2,1.9315,2.4955,276004660.0,2985873474.80967,2026-07-14
2021-02-23,sz.002827,高争民爆,10.7241282,10.47954282,10.80879237,10.40428578,3493550,39084211.0,1.2658,-3.1304,275995418.0,2892305801.054799,2026-07-14
2021-02-24,sz.002827,高争民爆,10.57361412,10.52657847,10.62064977,10.35725013,2240700,24999115.5,0.8118,0.4488,276016260.0,2905506819.8859224,2026-07-14
2021-02-25,sz.002827,高争民爆,10.5359856,10.31021448,10.58302125,10.27258596,1876853,20714208.59,0.68,-2.0554,276007794.0,2845699554.2916574,2026-07-14
2021-02-26,sz.002827,高争民爆,10.20673605,10.26317883,10.46072856,10.20673605,1449734,15874717.92,0.5253,-0.4562,275982105.0,2832453697.494837,2026-07-14
2021-03-01,sz.002827,高争民爆,10.33843587,10.5359856,10.58302125,10.2537717,1717050,19136888.0,0.6221,2.6581,276008680.0,2908023477.955008,2026-07-14
2021-03-02,sz.002827,高争民爆,10.56420699,10.51717134,10.59242838,10.40428578,1459153,16222840.42,0.5287,-0.1786,275988841.0,2902621928.725017,2026-07-14
2021-03-03,sz.002827,高争民爆,10.4419143,10.61124264,10.65827829,10.43250717,1543550,17351525.5,0.5593,0.8945,275978902.0,2928479092.6427813,2026-07-14
2021-03-04,sz.002827,高争民爆,10.5359856,10.66768542,10.74294246,10.5359856,1560850,17685945.5,0.5655,0.5319,276012378.0,2944413220.5301285,2026-07-14
2021-03-05,sz.002827,高争民爆,10.56420699,10.73353533,11.51432712,10.5359856,6251202,73173386.18,2.2649,0.6173,276003444.0,2962492717.3756766,2026-07-14
2021-03-08,sz.002827,高争民爆,10.73353533,10.86523515,11.11922766,10.66768542,4098005,47462558.25,1.4848,1.227,275997104.0,2998773435.6790056,2026-07-14
2021-03-09,sz.002827,高争民爆,10.87464228,11.01574923,11.41084869,10.49835708,5786400,67843719.35,2.0965,1.3853,276002862.0,3040378314.5542965,2026-07-14
2021-03-10,sz.002827,高争民爆,11.0063421,10.39487865,11.05337775,10.347843,4178650,46819641.5,1.514,-5.6362,276000661.0,2868993378.414788,2026-07-14
2021-03-11,sz.002827,高争民爆,10.347843,10.55479986,10.69590681,10.27258596,3088500,34595181.5,1.119,1.5385,276005362.0,2913181356.1968493,2026-07-14
2021-03-12,sz.002827,高争民爆,10.6300569,10.32902874,10.65827829,10.30080735,2863900,31764228.5,1.0376,-2.139,276011951.0,2850935374.462472,2026-07-14
2021-03-15,sz.002827,高争民爆,10.47013569,10.47954282,10.5359856,10.23495744,1971950,21827582.94,0.7145,1.4572,275990203.0,2892251150.2389927,2026-07-14
2021-03-16,sz.002827,高争民爆,10.43250717,10.48894995,10.52657847,10.35725013,1461800,16231855.0,0.5296,0.0898,276019637.0,2895156157.7101684,2026-07-14
2021-03-17,sz.002827,高争民爆,10.47013569,10.35725013,10.47954282,10.28199309,1549350,17096524.04,0.5614,-1.2556,275979694.0,2858390721.5588603,2026-07-14
2021-03-18,sz.002827,高争民爆,10.347843,10.66768542,10.8181995,10.31021448,2884900,32466591.0,1.0453,2.9973,275987755.0,2944150550.112032,2026-07-14
2021-03-19,sz.002827,高争民爆,10.46072856,10.43250717,10.60183551,10.36665726,1930200,21532687.62,0.6993,-2.2046,276018876.0,2879568902.9253407,2026-07-14
2021-03-22,sz.002827,高争民爆,10.43250717,10.55479986,10.67709255,10.35725013,2305400,25665375.0,0.8353,1.1722,275996648.0,2913089381.670869,2026-07-14
2021-03-23,sz.002827,高争民爆,10.59242838,10.46072856,10.59242838,10.39487865,1606656,17862095.16,0.5821,-0.8913,276010308.0,2887268911.749996,2026-07-14
2021-03-24,sz.002827,高争民爆,10.39487865,10.31962161,10.47954282,10.1597004,2093316,22861697.26,0.7584,-1.3489,276017405.0,2848395177.374122,2026-07-14
2021-03-25,sz.002827,高争民爆,10.33843587,10.23495744,10.347843,10.17851466,1100100,12009889.0,0.3986,-0.8204,275990968.0,2824755811.304402,2026-07-14
2021-03-26,sz.002827,高争民爆,10.24436457,10.51717134,10.58302125,10.1597004,2097886,23275588.28,0.7601,2.7574,276001316.0,2902753130.437484,2026-07-14
2021-03-29,sz.002827,高争民爆,10.39487865,10.54539273,10.7241282,10.39487865,1818166,20497772.66,0.6588,0.2683,275981481.0,2910333103.352033,2026-07-14
2021-03-30,sz.002827,高争民爆,10.46072856,11.10982053,11.59899129,10.46072856,7957716,94334768.83,2.8832,5.3524,276002913.0,3066342829.187204,2026-07-14
2021-03-31,sz.002827,高争民爆,11.02515636,10.9122708,11.23211322,10.86523515,4358089,51066335.71,1.579,-1.7782,276003103.0,3011820601.5762925,2026-07-14
2021-04-01,sz.002827,高争民爆,10.83701376,10.62064977,10.98752784,10.5359856,3143350,35676267.47,1.1389,-2.6724,275998771.0,2931286283.7414327,2026-07-14
2021-04-02,sz.002827,高争民爆,10.60183551,10.48894995,10.67709255,10.47013569,2237800,25094740.5,0.8108,-1.24,275999013.0,2894939833.6063995,2026-07-14
2021-04-06,sz.002827,高争民爆,10.47013569,10.54539273,10.64887116,10.4419143,2079150,23293042.5,0.7533,0.5381,276005575.0,2910587184.04447,2026-07-14
2021-04-07,sz.002827,高争民爆,10.51717134,10.57361412,10.6300569,10.4419143,1670600,18714201.0,0.6053,0.2676,275995374.0,2918268583.581081,2026-07-14
2021-04-08,sz.002827,高争民爆,10.86523515,10.94989932,11.36381304,10.78057098,7017587,82341038.05,2.5426,3.5587,276000433.0,3022176953.6264057,2026-07-14
2021-04-09,sz.002827,高争民爆,10.89345654,11.05337775,11.288556,10.89345654,4923750,58201230.4,1.784,0.945,275994955.0,3050676494.709251,2026-07-14
2021-04-12,sz.002827,高争民爆,11.02515636,11.3826273,11.83416954,11.02515636,6953147,84628807.58,2.5193,2.9787,275995197.0,3141550464.041078,2026-07-14
2021-04-13,sz.002827,高争民爆,11.36381304,11.25092748,11.42966295,11.07219201,3617450,43072256.5,1.3107,-1.157,275993744.0,3105185598.6776853,2026-07-14
2021-04-14,sz.002827,高争民爆,11.21329896,11.06278488,11.26974174,10.87464228,4013596,46919756.18,1.4542,-1.6722,276000275.0,3053331669.145842,2026-07-14
2021-04-15,sz.002827,高争民爆,11.0063421,11.14744905,11.24152035,10.78997811,3668876,42995940.41,1.3293,0.7653,276000602.0,3076702648.564328,2026-07-14
2021-04-16,sz.002827,高争民爆,11.10982053,11.13804192,11.29796313,10.95930645,2849250,33877075.85,1.0323,-0.0844,276009881.0,3074209624.9122114,2026-07-14
2021-04-19,sz.002827,高争民爆,11.1004134,11.33559165,11.58958416,11.05337775,4534850,54745155.5,1.6431,1.7736,275993549.0,3128550169.4982657,2026-07-14
2021-04-20,sz.002827,高争民爆,11.34499878,11.68365546,11.68365546,11.26974174,6291011,76962297.02,2.2794,3.0705,275994165.0,3224620732.830391,2026-07-14
2021-04-21,sz.002827,高争民爆,11.62721268,11.48610573,11.83416954,11.46729147,6197596,76758508.58,2.2455,-1.6908,276000713.0,3170173371.0733857,2026-07-14
2021-04-22,sz.002827,高争民爆,11.4766986,11.4766986,11.72128398,11.3826273,4290545,52708497.4,1.5545,-0.0819,276008041.0,3167661097.733443,2026-07-14
2021-04-23,sz.002827,高争民爆,11.49551286,11.15685618,11.56136277,11.10982053,4078550,48767548.0,1.4777,-2.7869,276006632.0,3079366297.950186,2026-07-14
2021-04-26,sz.002827,高争民爆,11.15685618,11.27914887,11.36381304,11.08159914,3165150,37829941.5,1.1468,1.0961,275998430.0,3113027379.856274,2026-07-14
2021-04-27,sz.002827,高争民爆,11.24152035,10.86523515,11.26974174,10.78057098,3729200,43395079.5,1.3512,-3.6697,275991711.0,2998714839.465842,2026-07-14
2021-04-28,sz.002827,高争民爆,10.8181995,10.99693497,11.13804192,10.7241282,2536338,29500360.9,0.919,1.2121,275988901.0,3035031996.738768,2026-07-14
2021-04-29,sz.002827,高争民爆,10.9122708,10.94049219,11.0063421,10.89345654,1446850,16838632.5,0.5242,-0.5133,276011064.0,3019696890.0455904,2026-07-14
2021-04-30,sz.002827,高争民爆,10.9122708,10.78997811,11.10982053,10.74294246,2324537,26938526.41,0.8422,-1.3758,276007718.0,2978117235.4110527,2026-07-14
2021-05-06,sz.002827,高争民爆,10.75234959,10.89345654,10.95930645,10.65827829,1548900,17793088.0,0.5612,0.959,275997862.0,3006570714.829918,2026-07-14
2021-05-07,sz.002827,高争民爆,10.89345654,11.08159914,11.20389183,10.82760663,2736700,32174345.0,0.9916,1.7271,275988302.0,3058391730.0932603,2026-07-14
2021-05-10,sz.002827,高争民爆,11.05337775,11.14744905,11.288556,10.98752784,2742400,32423026.5,0.9936,0.5942,276006441.0,3076767738.519331,2026-07-14
2021-05-11,sz.002827,高争民爆,11.10982053,10.94989932,11.12863479,10.64887116,2526250,29169716.5,0.9153,-1.7722,276002404.0,3022198535.8779655,2026-07-14
2021-05-12,sz.002827,高争民爆,10.87464228,11.37322017,11.4766986,10.86523515,4783850,56987731.5,1.7333,3.866,275996654.0,3138970712.125311,2026-07-14
2021-05-13,sz.002827,高争民爆,11.26033461,11.42966295,11.64602694,11.20389183,5683052,69090139.14,2.0591,0.4963,275996892.0,3154551450.807552,2026-07-14
2021-05-14,sz.002827,高争民爆,11.48610573,11.50491999,11.58017703,11.27914887,4199450,51124148.5,1.5215,0.6584,276007230.0,3175441097.8115277,2026-07-14
2021-05-17,sz.002827,高争民爆,11.51432712,10.92167793,11.55195564,10.87464228,6660697,78677778.02,2.4133,-5.0695,275999544.0,3014378128.3948636,2026-07-14
2021-05-18,sz.002827,高争民爆,10.92167793,10.55479986,10.92167793,10.4419143,6107517,68919133.32,2.2129,-3.3592,275996069.0,2913083270.44175,2026-07-14
2021-05-19,sz.002827,高争民爆,10.59242838,10.67709255,10.80879237,10.4419143,2853750,32412358.5,1.034,1.1586,275991296.0,2946784610.3864446,2026-07-14
2021-05-20,sz.002827,高争民爆,10.6300569,10.21614318,10.67709255,10.19732892,4433900,48820500.0,1.6065,-4.3172,275997510.0,2819630079.483482,2026-07-14
2021-05-21,sz.002827,高争民爆,10.19732892,10.26317883,10.40428578,10.17851466,1950900,21312517.5,0.7068,0.4604,276018676.0,2832829032.207829,2026-07-14
2021-05-24,sz.002827,高争民爆,10.22555031,9.92452215,10.24436457,9.84926511,3235400,34226045.0,1.1722,-3.2997,276010920.0,2739276489.181878,2026-07-14
2021-05-25,sz.002827,高争民爆,9.89630076,9.94333641,10.01859345,9.77400807,2037450,21434704.0,0.7382,0.1896,276002438.0,2744385091.014168,2026-07-14
2021-05-26,sz.002827,高争民爆,9.96215067,10.04681484,10.09385049,9.89630076,1618500,17258554.0,0.5864,1.0407,276006139.0,2772982573.236303,2026-07-14
2021-05-27,sz.002827,高争民爆,10.05622197,10.02800058,10.13147901,9.99977919,1211700,12955311.29,0.439,-0.1873,276013667.0,2767865212.763927,2026-07-14
2021-05-28,sz.002827,高争民爆,10.03740771,9.81163659,10.13147901,9.81163659,2282050,24084988.5,0.8268,-2.1576,276009918.0,2708109010.6517,2026-07-14
2021-05-31,sz.002827,高争民爆,9.85867224,9.96215067,9.96215067,9.65171538,1784568,18591548.92,0.6466,1.534,275992577.0,2749479635.8755765,2026-07-14
2021-06-01,sz.002827,高争民爆,9.91511502,10.04681484,10.04681484,9.85867224,1388000,14739342.0,0.5029,0.8499,275999205.0,2772912908.622202,2026-07-14
2021-06-02,sz.002827,高争民爆,10.03740771,10.19732892,10.35725013,9.9715578,3598782,38975063.04,1.3039,1.4981,276001380.0,2814476854.2339096,2026-07-14
2021-06-03,sz.002827,高争民爆,10.10325762,9.93392928,10.22555031,9.93392928,2293300,24412941.0,0.8309,-2.583,276001926.0,2741783614.027793,2026-07-14
2021-06-04,sz.002827,高争民爆,9.8774865,9.81163659,9.98096493,9.76460094,1814100,18987677.5,0.6573,-1.2311,275992697.0,2707940044.4579835,2026-07-14
2021-06-07,sz.002827,高争民爆,9.79282233,9.81163659,9.92452215,9.76460094,1136950,11861125.5,0.4119,0.0,276025734.0,2708264191.4960074,2026-07-14
2021-06-08,sz.002827,高争民爆,9.83985798,9.75519381,9.86807937,9.70815816,1336250,13870945.5,0.4841,-0.5753,276027680.0,2692703515.324661,2026-07-14
2021-06-09,sz.002827,高争民爆,9.73637955,9.79282233,9.82104372,9.67052964,1050071,10907861.69,0.3805,0.3857,275971353.0,2702538428.0987124,2026-07-14
2021-06-10,sz.002827,高争民爆,9.83045085,9.70815816,9.83985798,9.6893439,1453600,15043482.0,0.5267,-0.8646,275982533.0,2679282079.7614193,2026-07-14
2021-06-11,sz.002827,高争民爆,9.74578668,9.67052964,9.76460094,9.66112251,1157950,11940745.0,0.4195,-0.3876,276030989.0,2669365860.683014,2026-07-14
2021-06-15,sz.002827,高争民爆,9.70815816,9.52001556,9.70815816,9.52001556,1479421,15046522.94,0.536,-1.5564,276011381.0,2627632641.857088,2026-07-14
2021-06-16,sz.002827,高争民爆,9.52001556,9.58586547,9.62349399,9.42594426,922650,9373838.0,0.3343,0.6917,275994616.0,2645647259.4203095,2026-07-14
2021-06-17,sz.002827,高争民爆,9.52001556,9.5952726,9.66112251,9.52001556,1099200,11212754.5,0.3983,0.0981,275972885.0,2648035061.783451,2026-07-14
2021-06-18,sz.002827,高争民爆,9.64230825,9.95274354,10.5359856,9.52001556,2542500,26760261.0,0.9212,3.7255,275998697.0,2746944248.6151676,2026-07-14
2021-06-21,sz.002827,高争民爆,9.9715578,10.17851466,10.18792179,9.79282233,3155050,33886937.5,1.1431,2.2684,276008223.0,2809353744.086049,2026-07-14
2021-06-22,sz.002827,高争民爆,10.19732892,10.00918632,10.20673605,9.99037206,1764200,18829428.5,0.6392,-1.6636,276001252.0,2762547955.8212724,2026-07-14
2021-06-23,sz.002827,高争民爆,10.02800058,10.00918632,10.0656291,9.92452215,1191150,12628364.5,0.4316,0.0,275984708.0,2762382363.8427944,2026-07-14
2021-06-24,sz.002827,高争民爆,9.95274354,9.95274354,10.01859345,9.93392928,697450,7382652.0,0.2527,-0.5639,275999209.0,2746949344.41986,2026-07-14
2021-06-25,sz.002827,高争民爆,10.019541,9.98137132,10.1149652,9.93365922,1132850,11923382.5,0.4105,0.2876,275968331.0,2754542384.2716665,2026-07-14
2021-06-28,sz.002827,高争民爆,9.99091374,9.8764047,10.03862584,9.80960776,1466370,15227240.7,0.5313,-1.0516,275996612.0,2725854235.9408765,2026-07-14
2021-06-29,sz.002827,高争民爆,9.8764047,9.72372598,9.9718289,9.69509872,1148450,11734319.0,0.4161,-1.5459,276003365.0,2683781090.8179226,2026-07-14
2021-06-30,sz.002827,高争民爆,9.72372598,9.75235324,9.79052292,9.70464114,778450,7946221.5,0.282,0.2944,276046099.0,2692099067.9720106,2026-07-14
2021-07-01,sz.002827,高争民爆,9.76189566,9.69509872,9.76189566,9.6378442,977800,9918115.0,0.3543,-0.5871,275980807.0,2675661168.690267,2026-07-14
2021-07-02,sz.002827,高争民爆,9.70464114,9.6855563,9.71418356,9.6378442,734150,7439692.0,0.266,-0.0984,275996241.0,2673177130.793868,2026-07-14
2021-07-05,sz.002827,高争民爆,9.69509872,9.80960776,9.94320164,9.69509872,1518818,15637897.72,0.5503,1.2808,275998183.0,2707433917.7027,2026-07-14
2021-07-06,sz.002827,高争民爆,10.04816826,10.20084698,10.48711958,10.04816826,5860000,63064217.46,2.1232,3.9883,275998493.0,2815418393.8036013,2026-07-14
2021-07-07,sz.002827,高争民爆,10.09588036,10.09588036,10.34398328,10.05771068,3093950,32906055.0,1.121,-1.029,275999108.0,2786453973.834719,2026-07-14
2021-07-08,sz.002827,高争民爆,10.0672531,10.00999858,10.23901666,9.9241168,2731600,28812149.5,0.9897,-0.8507,276002829.0,2762787926.3659825,2026-07-14
2021-07-09,sz.002827,高争民爆,10.0672531,9.88594712,10.0672531,9.7332684,2506583,25858201.56,0.9082,-1.2393,275994605.0,2728468070.435288,2026-07-14
2021-07-12,sz.002827,高争民爆,9.90503196,10.18176214,10.3535257,9.88594712,4205650,44791850.0,1.5238,2.9923,275997506.0,2810140957.325223,2026-07-14
2021-07-13,sz.002827,高争民爆,10.17221972,10.4489499,10.4489499,10.10542278,4623150,50009539.0,1.6751,2.6242,275992478.0,2883831575.3988523,2026-07-14
2021-07-14,sz.002827,高争民爆,10.496662,10.86881638,11.01195268,10.4012378,8090067,91113120.52,2.9312,4.0183,275998465.0,2999776637.2468567,2026-07-14
2021-07-15,sz.002827,高争民爆,10.84018912,10.89744364,11.2123435,10.42032264,6148421,69452993.73,2.2277,0.2634,275998608.0,3007679275.398453,2026-07-14
2021-07-16,sz.002827,高争民爆,10.86881638,11.4031919,11.4986161,10.52528926,9787250,114712112.0,3.5461,4.641,276000395.0,3147285468.6608005,2026-07-14
2021-07-19,sz.002827,高争民爆,11.4031919,11.1646314,11.46998884,11.15508898,5137234,60870262.18,1.8613,-2.0921,276002471.0,3081465854.2041893,2026-07-14
2021-07-20,sz.002827,高争民爆,11.0214951,11.28868286,11.34593738,10.973783,3680350,43162499.0,1.3335,1.1111,275991751.0,3115583349.0150876,2026-07-14
2021-07-21,sz.002827,高争民爆,11.23142834,11.6894645,11.7848887,11.07874962,6199771,75211407.84,2.2463,3.5503,275999243.0,3226283353.0753736,2026-07-14
2021-07-22,sz.002827,高争民爆,11.928025,11.87077048,12.28109454,11.7371766,8172105,102446437.65,2.9609,1.551,276000709.0,3276341068.8562703,2026-07-14
2021-07-23,sz.002827,高争民爆,11.8326008,10.6875104,11.8326008,10.6875104,9106150,103692409.5,3.2993,-9.9678,276002485.0,2949779428.863344,2026-07-14
2021-07-26,sz.002827,高争民爆,10.17221972,9.62830178,10.3535257,9.61875936,13036567,132742519.36,4.7234,-9.9107,275999640.0,2657407825.091359,2026-07-14
2021-07-27,sz.002827,高争民爆,9.4469958,9.40882612,9.72372598,9.3992837,5810600,58082595.5,2.1053,-2.2795,275998670.0,2596823495.3812604,2026-07-14
2021-07-28,sz.002827,高争民爆,9.3515716,9.12255352,9.4947079,8.8744506,3807700,36486984.5,1.3796,-3.0426,276000290.0,2517827417.0605206,2026-07-14
2021-07-29,sz.002827,高争民爆,9.1607232,9.23706256,9.3038595,9.09392626,3161875,30510496.5,1.1456,1.2552,276001659.0,2549444590.846787,2026-07-14
2021-07-30,sz.002827,高争民爆,9.17980804,9.26568982,9.26568982,9.12255352,2262725,21780488.25,0.8198,0.3099,276009393.0,2557417422.9444795,2026-07-14
2021-08-02,sz.002827,高争民爆,9.2561474,9.41836854,9.47562306,9.1130111,2371948,23250200.12,0.8594,1.6478,276000465.0,2599474096.581371,2026-07-14
2021-08-03,sz.002827,高争民爆,9.3515716,9.43745338,9.51379274,9.33248676,2018650,19954187.0,0.7314,0.2026,275998086.0,2604719069.5942307,2026-07-14
2021-08-04,sz.002827,高争民爆,9.4469958,9.41836854,9.4947079,9.36111402,2182850,21535499.5,0.7909,-0.2022,275995701.0,2599429227.473646,2026-07-14
2021-08-05,sz.002827,高争民爆,9.40882612,9.27523224,9.41836854,9.23706256,1940250,18910460.0,0.703,-1.5198,275995733.0,2559924520.824032,2026-07-14
2021-08-06,sz.002827,高争民爆,9.27523224,9.24660498,9.28477466,9.13209594,1668050,16067208.5,0.6044,-0.3086,275984447.0,2551919162.0327463,2026-07-14
2021-08-09,sz.002827,高争民爆,9.2084353,9.29431708,9.37065644,9.2084353,1611950,15731446.0,0.584,0.516,276018836.0,2565406581.8365192,2026-07-14
2021-08-10,sz.002827,高争民爆,9.31340192,9.38974128,9.43745338,9.31340192,1826550,17960499.5,0.6618,1.0267,275997280.0,2591543053.1837187,2026-07-14
2021-08-11,sz.002827,高争民爆,9.42791096,9.38974128,9.46608064,9.37065644,2270703,22382935.64,0.8227,0.0,276006199.0,2591626800.286195,2026-07-14
2021-08-12,sz.002827,高争民爆,9.38974128,9.3992837,9.42791096,9.33248676,1994500,19608234.5,0.7226,0.1016,276017160.0,2594363592.908292,2026-07-14
2021-08-13,sz.002827,高争民爆,9.47562306,9.62830178,9.6378442,9.38019886,3389950,33991348.0,1.2282,2.4365,276009608.0,2657503800.003502,2026-07-14
2021-08-16,sz.002827,高争民爆,9.64738662,9.5901321,9.80960776,9.51379274,2517750,25358268.5,0.9122,-0.3964,276008551.0,2646958464.819587,2026-07-14
2021-08-17,sz.002827,高争民爆,9.54242,9.3992837,9.62830178,9.3515716,2663150,26464587.5,0.9649,-1.99,276002695.0,2594227632.2695713,2026-07-14
2021-08-18,sz.002827,高争民爆,9.3992837,9.62830178,9.65692904,9.31340192,2384950,23769223.0,0.8641,2.4365,276003935.0,2657449178.6475043,2026-07-14
2021-08-19,sz.002827,高争民爆,9.52333516,9.75235324,9.83823502,9.50425032,3697150,37464705.5,1.3395,1.2884,276009705.0,2691744140.828194,2026-07-14
2021-08-20,sz.002827,高争民爆,9.71418356,9.8764047,10.00999858,9.54242,4849234,49784976.3,1.757,1.272,275995105.0,2725839352.1989937,2026-07-14
2021-08-23,sz.002827,高争民爆,9.8764047,9.86686228,10.04816826,9.80006534,3900702,40520944.32,1.4133,-0.0966,275999575.0,2723249795.8635306,2026-07-14
2021-08-24,sz.002827,高争民爆,9.86686228,9.6378442,9.9241168,9.56150484,4039818,40999810.98,1.4637,-2.3211,276000410.0,2660048950.716122,2026-07-14
2021-08-25,sz.002827,高争民爆,9.62830178,9.69509872,9.75235324,9.60921694,1918550,19459077.5,0.6951,0.5941,276010646.0,2675950460.7409735,2026-07-14
2021-08-26,sz.002827,高争民爆,10.17221972,9.7332684,10.17221972,9.6855563,3453303,35523287.28,1.2512,0.3937,275999281.0,2686375080.1800203,2026-07-14
2021-08-27,sz.002827,高争民爆,9.66647146,9.62830178,9.7809805,9.57104726,2136400,21584380.5,0.7741,-1.0784,275985015.0,2657267011.1778264,2026-07-14
2021-08-30,sz.002827,高争民爆,9.5901321,9.4947079,9.70464114,9.42791096,2878100,28803489.0,1.0428,-1.3875,275997315.0,2620513887.1092887,2026-07-14
2021-08-31,sz.002827,高争民爆,9.4947079,9.55196242,9.64738662,9.4469958,2625800,26281502.0,0.9514,0.603,275993273.0,2636277371.8688006,2026-07-14
2021-09-01,sz.002827,高争民爆,9.56150484,9.70464114,9.72372598,9.4947079,2849797,28788218.17,1.0325,1.5984,276009395.0,2678572129.7435102,2026-07-14
2021-09-02,sz.002827,高争民爆,9.64738662,9.66647146,9.70464114,9.54242,2447900,24714095.5,0.8869,-0.3933,276006314.0,2668007157.0607986,2026-07-14
2021-09-03,sz.002827,高争民爆,9.66647146,9.67601388,9.7809805,9.61875936,2424053,24606253.89,0.8783,0.0987,275993738.0,2670519239.681083,2026-07-14
2021-09-06,sz.002827,高争民爆,9.67601388,9.72372598,9.74281082,9.60921694,2459050,24948906.0,0.891,0.4931,275987654.0,2683628321.3590508,2026-07-14
2021-09-07,sz.002827,高争民爆,9.7332684,9.85731986,9.85731986,9.6855563,3036650,31182804.5,1.1002,1.3739,276008907.0,2720708080.507993,2026-07-14
2021-09-08,sz.002827,高争民爆,9.85731986,10.84018912,10.84018912,9.85731986,7342050,81312765.0,2.6602,9.971,275996166.0,2991850635.8349137,2026-07-14
2021-09-09,sz.002827,高争民爆,10.84018912,10.43940748,10.84973154,10.3535257,11397153,125482955.35,4.1294,-3.6972,276000218.0,2881278740.2708306,2026-07-14
2021-09-10,sz.002827,高争民爆,10.45849232,10.26764392,10.55391652,10.21993182,6049400,65760759.0,2.1918,-1.6453,276001460.0,2833884712.680123,2026-07-14
2021-09-13,sz.002827,高争民爆,10.3058136,10.36306812,10.55391652,10.23901666,5295800,57747839.0,1.9188,0.9294,275995414.0,2860159276.0896015,2026-07-14
2021-09-14,sz.002827,高争民爆,10.37261054,10.10542278,10.43940748,10.0672531,4067637,43529348.67,1.4738,-2.4862,275996540.0,2789061722.517181,2026-07-14
2021-09-15,sz.002827,高争民爆,10.08633794,10.2581015,10.4012378,10.019541,3038094,32590721.51,1.1008,1.5109,275989644.0,2831129781.1008663,2026-07-14
2021-09-16,sz.002827,高争民爆,10.2581015,10.28672876,10.52528926,10.20084698,4601331,50121001.27,1.6671,0.2791,276008098.0,2839220439.689499,2026-07-14
2021-09-17,sz.002827,高争民爆,10.28672876,10.4489499,10.72568008,10.14359246,4934744,54047511.97,1.788,1.577,275992394.0,2883830697.687061,2026-07-14
2021-09-22,sz.002827,高争民爆,10.3058136,10.53483168,10.6875104,10.2103894,4447525,49009690.81,1.6114,0.8219,276003786.0,2907653428.5527406,2026-07-14
2021-09-23,sz.002827,高争民爆,10.53483168,10.496662,10.63025588,10.38215296,3681354,40404914.91,1.3338,-0.3623,276004948.0,2897130649.4835763,2026-07-14
2021-09-24,sz.002827,高争民爆,10.48711958,10.10542278,10.48711958,10.07679552,3327511,35745327.3,1.2056,-3.7273,276004562.0,2789142788.2187223,2026-07-14
2021-09-27,sz.002827,高争民爆,10.10542278,9.62830178,10.1626773,9.54242,3624300,37029940.0,1.3132,-4.7214,275989948.0,2657314507.590507,2026-07-14
2021-09-28,sz.002827,高争民爆,9.62830178,9.59967452,9.6855563,9.4947079,1552805,15634536.9,0.5626,-0.2973,276005155.0,2649559653.8421507,2026-07-14
2021-09-29,sz.002827,高争民爆,9.56150484,9.36111402,9.60921694,9.29431708,1907550,18797244.0,0.6911,-2.4851,276016495.0,2583821881.09576,2026-07-14
2021-09-30,sz.002827,高争民爆,9.3515716,9.47562306,9.4947079,9.3515716,1109350,10972133.0,0.4019,1.2232,276026375.0,2615521884.1182075,2026-07-14
2021-10-08,sz.002827,高争民爆,9.53287758,9.61875936,9.71418356,9.51379274,1142750,11509491.0,0.414,1.5106,276026570.0,2655033153.7961955,2026-07-14
2021-10-11,sz.002827,高争民爆,9.71418356,9.5901321,9.71418356,9.54242,1030550,10359547.5,0.3734,-0.2976,275990894.0,2646789131.857097,2026-07-14
2021-10-12,sz.002827,高争民爆,9.5901321,9.42791096,9.5901321,9.37065644,1301000,12905708.5,0.4714,-1.6915,275986423.0,2601975422.2128963,2026-07-14
2021-10-13,sz.002827,高争民爆,9.38974128,9.47562306,9.50425032,9.3515716,749550,7409001.0,0.2716,0.5061,275975700.0,2615041706.919642,2026-07-14
2021-10-14,sz.002827,高争民爆,9.4469958,9.57104726,9.60921694,9.40882612,982100,9797254.0,0.3558,1.007,276025857.0,2641856522.329002,2026-07-14
2021-10-15,sz.002827,高争民爆,9.66647146,9.51379274,9.66647146,9.48516548,1181050,11806936.5,0.4279,-0.5982,276010750.0,2625909069.511955,2026-07-14
2021-10-18,sz.002827,高争民爆,9.4947079,9.58058968,9.59967452,9.41836854,803150,7988390.5,0.291,0.7021,275996564.0,2644209832.7738595,2026-07-14
2021-10-19,sz.002827,高争民爆,9.54242,9.5901321,9.69509872,9.46608064,1394550,14047221.5,0.5053,0.0996,275984564.0,2646728426.3209043,2026-07-14
2021-10-20,sz.002827,高争民爆,9.51379274,9.4469958,9.55196242,9.42791096,1070800,10624623.0,0.388,-1.4925,275979381.0,2607176053.1935997,2026-07-14
2021-10-21,sz.002827,高争民爆,9.45653822,9.40882612,9.50425032,9.38019886,1093100,10797606.0,0.3961,-0.404,275965665.0,2596512957.07517,2026-07-14
2021-10-22,sz.002827,高争民爆,9.41836854,9.6378442,10.019541,9.37065644,2267600,22934230.5,0.8216,2.4341,275998053.0,2660026234.3173428,2026-07-14
2021-10-25,sz.002827,高争民爆,9.52333516,9.50425032,9.60921694,9.42791096,1620266,16102828.4,0.5871,-1.3861,275977857.0,2622962635.7051644,2026-07-14
2021-10-26,sz.002827,高争民爆,9.50425032,9.41836854,9.51379274,9.40882612,1027353,10163585.61,0.3722,-0.9036,276021762.0,2599674679.576167,2026-07-14
2021-10-27,sz.002827,高争民爆,9.40882612,9.38019886,9.4469958,9.23706256,1145150,11210127.5,0.4149,-0.4053,276006267.0,2588993671.0662556,2026-07-14
2021-10-28,sz.002827,高争民爆,9.36111402,8.96033238,9.37065644,8.91262028,1926472,18374540.92,0.698,-4.4761,275998854.0,2473041468.3390927,2026-07-14
2021-10-29,sz.002827,高争民爆,8.9698748,9.08438384,9.13209594,8.89353544,957700,9042325.0,0.347,1.3845,275994236.0,2507237577.451546,2026-07-14
2021-11-01,sz.002827,高争民爆,9.065299,9.14163836,9.18935046,8.97941722,747797,7147342.59,0.2709,0.6303,276041713.0,2523473512.5209107,2026-07-14
2021-11-02,sz.002827,高争民爆,9.14163836,8.9698748,9.1607232,8.91262028,1148400,10856081.0,0.4161,-1.8789,275991348.0,2475607837.44323,2026-07-14
2021-11-03,sz.002827,高争民爆,8.97941722,9.23706256,9.53287758,8.97941722,1688900,16408703.5,0.6119,2.9787,276009152.0,2549513804.156549,2026-07-14
2021-11-04,sz.002827,高争民爆,9.27523224,9.52333516,9.6855563,9.12255352,3278800,32499891.5,1.188,3.0992,275993266.0,2628376374.021033,2026-07-14
2021-11-05,sz.002827,高争民爆,9.40882612,9.3515716,9.5901321,9.32294434,1761200,17365161.0,0.6381,-1.8036,276006895.0,2581098240.686182,2026-07-14
2021-11-08,sz.002827,高争民爆,9.38019886,9.48516548,9.48516548,9.26568982,1238850,12178340.5,0.4489,1.4286,275974605.0,2617664796.7026353,2026-07-14
2021-11-09,sz.002827,高争民爆,9.54242,9.50425032,9.59967452,9.4469958,1418600,14121198.0,0.514,0.2012,275992218.0,2623099126.24401,2026-07-14
2021-11-10,sz.002827,高争民爆,9.53287758,9.6855563,9.81915018,9.46608064,3720200,37584607.0,1.3479,1.9076,275999703.0,2673210662.189779,2026-07-14
2021-11-11,sz.002827,高争民爆,9.69509872,9.70464114,9.7332684,9.5901321,2235700,22678857.0,0.81,0.197,276012346.0,2678600768.1395144,2026-07-14
2021-11-12,sz.002827,高争民爆,9.62830178,9.50425032,9.66647146,9.41836854,2574802,25606131.44,0.9329,-2.0649,275999786.0,2623171054.410432,2026-07-14
2021-11-15,sz.002827,高争民爆,9.50425032,9.65692904,9.65692904,9.43745338,2484750,24858009.5,0.9003,1.6064,275991336.0,2665228747.4067974,2026-07-14
2021-11-16,sz.002827,高争民爆,9.61875936,9.47562306,9.61875936,9.45653822,1674200,16715227.0,0.6066,-1.8775,275997362.0,2615246967.866368,2026-07-14
2021-11-17,sz.002827,高争民爆,9.48516548,9.4947079,9.52333516,9.43745338,1248550,12396265.5,0.4524,0.2014,275983643.0,2620384075.4628797,2026-07-14
2021-11-18,sz.002827,高争民爆,9.4947079,9.3992837,9.52333516,9.38974128,1359800,13446921.0,0.4927,-1.005,275989446.0,2594103101.15983,2026-07-14
2021-11-19,sz.002827,高争民爆,9.3992837,9.47562306,9.48516548,9.3515716,1221750,12071885.0,0.4427,0.8122,275976960.0,2615053646.2046976,2026-07-14
2021-11-22,sz.002827,高争民爆,9.50425032,9.5901321,9.59967452,9.40882612,2140300,21409349.0,0.7755,1.2085,275989684.0,2646777527.7972565,2026-07-14
2021-11-23,sz.002827,高争民爆,9.55196242,9.58058968,9.60921694,9.52333516,1211150,12145613.0,0.4388,-0.0995,276014129.0,2644378115.8315883,2026-07-14
2021-11-24,sz.002827,高争民爆,9.5901321,9.56150484,9.5901321,9.4469958,1441682,14384197.86,0.5223,-0.1992,276025656.0,2639220645.808175,2026-07-14
2021-11-25,sz.002827,高争民爆,9.5901321,9.65692904,9.7332684,9.4947079,2443100,24700407.0,0.8852,0.998,275994126.0,2665255690.238819,2026-07-14
2021-11-26,sz.002827,高争民爆,9.65692904,9.62830178,9.7332684,9.54242,2028350,20483062.0,0.7349,-0.2964,276003538.0,2657445356.2116976,2026-07-14
2021-11-29,sz.002827,高争民爆,9.53287758,9.4469958,9.53287758,9.43745338,1935550,19205860.0,0.7013,-1.8831,275994581.0,2607319647.52976,2026-07-14
2021-11-30,sz.002827,高争民爆,9.4947079,9.60921694,9.6378442,9.43745338,2272382,22805467.92,0.8233,1.7172,276008988.0,2652230243.0818567,2026-07-14
2021-12-01,sz.002827,高争民爆,9.64738662,9.66647146,9.6855563,9.57104726,1494450,15099571.5,0.5415,0.5958,275983380.0,2667785466.2043347,2026-07-14
2021-12-02,sz.002827,高争民爆,9.69509872,9.58058968,9.70464114,9.55196242,1742748,17553390.96,0.6314,-0.8885,276013304.0,2644370211.8451023,2026-07-14
2021-12-03,sz.002827,高争民爆,9.61875936,9.66647146,9.75235324,9.52333516,2211500,22321282.0,0.8013,0.8964,275989018.0,2667839965.7704263,2026-07-14
2021-12-06,sz.002827,高争民爆,9.6378442,9.43745338,9.71418356,9.41836854,2604150,26042134.0,0.9435,-2.3692,276009539.0,2604827156.747792,2026-07-14
2021-12-07,sz.002827,高争民爆,9.4469958,9.34202918,9.50425032,9.28477466,2023350,19865440.5,0.7331,-1.0111,275999182.0,2578392411.9001307,2026-07-14
2021-12-08,sz.002827,高争民爆,9.3515716,9.4469958,9.47562306,9.33248676,1250966,12349848.1,0.4532,1.1236,276029568.0,2607650169.5718145,2026-07-14
2021-12-09,sz.002827,高争民爆,9.40882612,9.4947079,9.52333516,9.40882612,1128550,11205922.0,0.4089,0.5051,275996576.0,2620506870.52015,2026-07-14
2021-12-10,sz.002827,高争民爆,9.48516548,9.52333516,9.58058968,9.41836854,1697850,16912707.5,0.6152,0.3015,275983420.0,2628282607.263047,2026-07-14
2021-12-13,sz.002827,高争民爆,9.50425032,9.59967452,9.60921694,9.4947079,1611550,16143090.5,0.5839,0.8016,275997602.0,2649487147.500501,2026-07-14
2021-12-14,sz.002827,高争民爆,9.62830178,9.55196242,9.62830178,9.48516548,1280700,12799429.0,0.464,-0.497,276012931.0,2636465144.346053,2026-07-14
2021-12-15,sz.002827,高争民爆,9.58058968,9.54242,9.61875936,9.50425032,1928250,19318177.0,0.6986,-0.0999,276016318.0,2633863633.20956,2026-07-14
2021-12-16,sz.002827,高争民爆,9.54242,9.5901321,9.61875936,9.47562306,1308432,13129610.16,0.4741,0.5,275982282.0,2646706541.639452,2026-07-14
2021-12-17,sz.002827,高争民爆,9.5901321,9.6855563,9.69509872,9.54242,2563400,25865457.5,0.9288,0.995,275990525.0,2673121768.1540575,2026-07-14
2021-12-20,sz.002827,高争民爆,9.7332684,9.84777744,9.95274406,9.66647146,5525495,56895099.48,2.002,1.6749,275998751.0,2717974273.5659776,2026-07-14
2021-12-21,sz.002827,高争民爆,9.88594712,9.9241168,9.96228648,9.75235324,2925816,30222001.4,1.0601,0.7752,275994340.0,2739000066.298912,2026-07-14
2021-12-22,sz.002827,高争民爆,9.88594712,9.81915018,10.00045616,9.80006534,2653250,27530271.5,0.9613,-1.0577,276006450.0,2710148783.198661,2026-07-14
2021-12-23,sz.002827,高争民爆,9.8286926,9.74281082,9.86686228,9.70464114,1776400,18206044.0,0.6436,-0.7775,276009944.0,2689112668.8307943,2026-07-14
2021-12-24,sz.002827,高争民爆,9.77143808,9.60921694,9.8286926,9.60921694,2915700,29650848.5,1.0564,-1.3712,276003408.0,2652176623.6513314,2026-07-14
2021-12-27,sz.002827,高争民爆,9.61875936,9.74281082,9.79052292,9.57104726,1625850,16534546.5,0.5891,1.3903,275988796.0,2688906627.867573,2026-07-14
2021-12-28,sz.002827,高争民爆,9.74281082,9.77143808,9.81915018,9.69509872,1034550,10564985.5,0.3748,0.2938,276027215.0,2697182839.767347,2026-07-14
2021-12-29,sz.002827,高争民爆,9.76189566,9.84777744,9.95274406,9.66647146,2409450,24856110.0,0.873,0.7813,275996564.0,2717952736.476716,2026-07-14
2021-12-30,sz.002827,高争民爆,9.83823502,9.81915018,9.88594712,9.75235324,1453500,14978300.5,0.5266,-0.2907,276015951.0,2710242074.944521,2026-07-14
2021-12-31,sz.002827,高争民爆,9.81915018,9.89548954,9.94320164,9.80006534,2003283,20729952.21,0.7258,0.7775,276010333.0,2731257363.1334167,2026-07-14
2022-01-04,sz.002827,高争民爆,9.89548954,10.05771068,10.13405004,9.83823502,3361183,35317985.69,1.2178,1.6393,276004516.0,2775973568.3014307,2026-07-14
2022-01-05,sz.002827,高争民爆,10.05771068,10.10542278,10.17221972,9.89548954,3487100,36667360.5,1.2634,0.4744,276009182.0,2789189475.271966,2026-07-14
2022-01-06,sz.002827,高争民爆,10.04816826,10.27718634,10.4489499,10.04816826,5364600,57847330.48,1.9437,1.6997,275999383.0,2836497088.816028,2026-07-14
2022-01-07,sz.002827,高争民爆,10.2581015,10.03862584,10.37261054,10.03862584,3487300,37245723.0,1.2635,-2.3213,276003166.0,2770692514.1294093,2026-07-14
2022-01-10,sz.002827,高争民爆,10.07679552,10.15313488,10.23901666,9.96228648,2973700,31549307.0,1.0774,1.1407,276007054.0,2802336847.0934434,2026-07-14
2022-01-11,sz.002827,高争民爆,10.17221972,10.22947424,10.3058136,10.13405004,2483100,26607586.5,0.8997,0.7519,275991997.0,2823253023.7576575,2026-07-14
2022-01-12,sz.002827,高争民爆,10.22947424,10.3058136,10.33444086,10.13405004,2814800,30254202.0,1.0199,0.7463,275987842.0,2844279255.5182514,2026-07-14
2022-01-13,sz.002827,高争民爆,10.34398328,10.17221972,10.34398328,10.15313488,2416404,25888398.62,0.8755,-1.2963,276002741.0,2807560524.7742524,2026-07-14
2022-01-14,sz.002827,高争民爆,10.22947424,10.04816826,10.3058136,10.04816826,2119400,22538442.0,0.7679,-1.2195,275999479.0,2773289204.6643367,2026-07-14
2022-01-17,sz.002827,高争民爆,10.04816826,10.24855908,10.34398328,10.04816826,2209100,23695809.0,0.8004,1.9943,275999500.0,2828597181.80046,2026-07-14
2022-01-18,sz.002827,高争民爆,10.3058136,10.08633794,10.3058136,10.04816826,2135400,22675432.5,0.7737,-1.5829,275998449.0,2783813627.5298553,2026-07-14
2022-01-19,sz.002827,高争民爆,10.09588036,10.2581015,10.29627118,10.019541,2592150,27693996.0,0.9392,1.7029,275995528.0,2831190139.770092,2026-07-14
2022-01-20,sz.002827,高争民爆,10.26764392,9.9241168,10.32489844,9.90503196,2864950,30244024.5,1.038,-3.2558,276006744.0,2739123165.0436993,2026-07-14
2022-01-21,sz.002827,高争民爆,9.9718289,10.17221972,10.47757716,9.86686228,5332200,56946517.98,1.932,2.5,275993789.0,2807469463.0633187,2026-07-14
2022-01-24,sz.002827,高争民爆,10.07679552,9.79052292,10.08633794,9.67601388,4769254,49056286.5,1.728,-3.7523,275998495.0,2702169591.183006,2026-07-14
2022-01-25,sz.002827,高争民爆,9.84777744,9.47562306,10.2103894,9.46608064,5387404,55259531.96,1.952,-3.2164,275994057.0,2615215650.9321547,2026-07-14
2022-01-26,sz.002827,高争民爆,9.3992837,9.8286926,9.9718289,9.37065644,4869706,49785360.24,1.7644,3.7261,275997846.0,2712697986.5961394,2026-07-14
2022-01-27,sz.002827,高争民爆,9.72372598,9.61875936,10.26764392,9.61875936,5105852,52982055.72,1.8499,-2.1359,276006919.0,2654844135.556012,2026-07-14
2022-01-28,sz.002827,高争民爆,9.67601388,9.80006534,9.91457438,9.50425032,4508600,46114923.5,1.6336,1.8849,275991675.0,2704736448.2960443,2026-07-14
2022-02-07,sz.002827,高争民爆,10.09588036,10.7829346,10.7829346,10.00045616,9276951,101789374.8,3.3612,10.0292,276001160.0,2976102457.8041363,2026-07-14
2022-02-08,sz.002827,高争民爆,11.14554656,11.86122806,11.86122806,10.85927396,24607610,291928223.73,8.9158,10.0,276000022.0,3273699205.507017,2026-07-14
2022-02-09,sz.002827,高争民爆,11.82305838,12.00436436,13.03494572,11.36502222,33044456,427136909.57,11.9726,1.2068,276000668.0,3313212582.2753925,2026-07-14
2022-02-10,sz.002827,高争民爆,11.71809176,12.1665855,12.48148536,11.56541304,25629727,323629261.42,9.2861,1.3514,276000980.0,3357989521.25379,2026-07-14
2022-02-11,sz.002827,高争民爆,11.58449788,12.51965504,13.34030316,11.5463282,29712631,381865842.03,10.7654,2.902,276001180.0,3455439564.2329473,2026-07-14
2022-02-14,sz.002827,高争民爆,11.7371766,12.25246728,12.7391307,11.7371766,21016670,266796396.96,7.6147,-2.1341,276001287.0,3381696738.205389,2026-07-14
2022-02-15,sz.002827,高争民爆,12.3097218,12.06161888,13.2162517,11.84214322,25836357,340839140.72,9.361,-1.5576,275999968.0,3329006424.9081955,2026-07-14
2022-02-16,sz.002827,高争民爆,12.09024614,12.46240052,12.63416408,11.79443112,22272566,285807386.4,8.0698,3.3228,275998984.0,3439609881.7210712,2026-07-14
2022-02-17,sz.002827,高争民爆,12.0234492,11.2123435,12.04253404,11.2123435,19583450,234309557.0,7.0955,-10.0306,275998168.0,3094586264.9867077,2026-07-14
2022-02-18,sz.002827,高争民爆,10.84018912,10.99286784,11.04057994,10.7829346,12206350,139491343.5,4.4226,-1.9574,275999412.0,3034025060.0337105,2026-07-14
2022-02-21,sz.002827,高争民爆,10.95469816,11.07874962,11.14554656,10.88790122,9119750,105293793.5,3.3043,0.7813,275996429.0,3057695332.905107,2026-07-14
2022-02-22,sz.002827,高争民爆,10.9260709,11.50815852,11.81351596,10.9260709,18070400,216201755.5,6.5472,3.876,276001955.0,3176274249.969907,2026-07-14
2022-02-23,sz.002827,高争民爆,11.32685254,11.20280108,11.43181916,11.05966478,10753750,126045983.0,3.8963,-2.6534,275999025.0,3091962175.348947,2026-07-14
2022-02-24,sz.002827,高争民爆,11.1169193,10.52528926,11.2600556,10.2103894,14102391,158854776.44,5.1096,-6.0477,275997945.0,2904958206.2905703,2026-07-14
2022-02-25,sz.002827,高争民爆,10.62071346,10.62071346,11.04057994,10.5920862,7338500,82699438.0,2.6589,0.9066,275997593.0,2931291350.9027014,2026-07-14
2022-02-28,sz.002827,高争民爆,10.80201944,10.58254378,10.89744364,10.4489499,7521500,83732998.0,2.7252,-0.3594,275998092.0,2920761891.7864676,2026-07-14
2022-03-01,sz.002827,高争民爆,10.6875104,10.7352225,10.82110428,10.56345894,6080950,68137000.0,2.2032,1.4427,276005356.0,2962978907.8517103,2026-07-14
2022-03-02,sz.002827,高争民爆,10.6875104,10.80201944,10.85927396,10.5920862,4582150,51659153.0,1.6602,0.6222,275999880.0,2981356069.197667,2026-07-14
2022-03-03,sz.002827,高争民爆,10.82110428,10.5920862,10.8306467,10.55391652,5333650,59484237.0,1.9325,-1.9435,275997413.0,2923388389.473001,2026-07-14
2022-03-04,sz.002827,高争民爆,10.61117104,10.496662,10.69705282,10.47757716,5124900,56832394.0,1.8568,-0.9009,276007109.0,2897153332.7701583,2026-07-14
2022-03-07,sz.002827,高争民爆,10.42032264,10.42986506,10.66842556,10.36306812,5105300,56357340.0,1.8497,-0.6364,276006920.0,2878714931.226215,2026-07-14
2022-03-08,sz.002827,高争民爆,10.42032264,10.2103894,10.52528926,10.1149652,5120600,55222019.0,1.8553,-2.1043,275998491.0,2818052066.9223957,2026-07-14
2022-03-09,sz.002827,高争民爆,10.13405004,10.00045616,10.29627118,9.54242,5752029,60222896.0,2.0841,-2.0561,275995826.0,2760084158.255988,2026-07-14
2022-03-10,sz.002827,高争民爆,10.21993182,10.13405004,10.3058136,10.05771068,4042250,43186068.0,1.4646,1.3359,275996859.0,2796965979.9888244,2026-07-14
2022-03-11,sz.002827,高争民爆,9.9718289,10.13405004,10.2103894,9.7809805,4112250,42926297.0,1.4899,0.0,276008457.0,2797083514.701188,2026-07-14
2022-03-14,sz.002827,高争民爆,10.2103894,9.77143808,10.2103894,9.77143808,3711150,38752330.0,1.3446,-3.5782,276004016.0,2696956152.175329,2026-07-14
2022-03-15,sz.002827,高争民爆,9.66647146,9.24660498,9.8286926,9.22752014,5539950,55539603.0,2.0072,-5.3711,276003886.0,2552098906.7869525,2026-07-14
2022-03-16,sz.002827,高争民爆,9.42791096,9.5901321,9.66647146,9.14163836,4972900,49090669.0,1.8018,3.7152,275996226.0,2646840266.4414544,2026-07-14
2022-03-17,sz.002827,高争民爆,9.62830178,9.55196242,9.74281082,9.51379274,4061000,41013331.0,1.4714,-0.398,275995650.0,2636300076.8834734,2026-07-14
2022-03-18,sz.002827,高争民爆,9.55196242,9.7332684,9.77143808,9.51379274,2895000,29427830.0,1.0489,1.8981,276003432.0,2686415482.977149,2026-07-14
2022-03-21,sz.002827,高争民爆,9.74281082,9.79052292,9.8286926,9.62830178,3212400,32794389.5,1.1639,0.5882,276003093.0,2702214608.007392,2026-07-14
2022-03-22,sz.002827,高争民爆,9.77143808,9.80006534,9.94320164,9.64738662,2889550,29648625.5,1.0469,0.0975,276010125.0,2704917259.5015674,2026-07-14
2022-03-23,sz.002827,高争民爆,9.80006534,9.71418356,9.9241168,9.66647146,2481100,25360092.5,0.8989,-0.8763,276015130.0,2681261638.157263,2026-07-14
2022-03-24,sz.002827,高争民爆,9.64738662,9.62830178,9.79052292,9.60921694,2266950,22922986.5,0.8214,-0.8841,275986121.0,2657277660.079595,2026-07-14
2022-03-25,sz.002827,高争民爆,9.62830178,9.67601388,9.95274406,9.61875936,3778850,38749543.0,1.3691,0.4955,276009787.0,2670674530.0278435,2026-07-14
2022-03-28,sz.002827,高争民爆,9.56150484,9.70464114,9.8286926,9.51379274,2871950,29075727.0,1.0406,0.2959,275989814.0,2678382103.165348,2026-07-14
2022-03-29,sz.002827,高争民爆,9.76189566,9.51379274,9.7809805,9.50425032,2602250,26188093.5,0.9428,-1.9666,276012940.0,2625929904.7180552,2026-07-14
2022-03-30,sz.002827,高争民爆,9.54242,9.62830178,9.64738662,9.52333516,2363000,23760339.0,0.8562,1.2036,275986919.0,2657285343.4644156,2026-07-14
2022-03-31,sz.002827,高争民爆,9.61875936,10.02908342,10.19130456,9.58058968,7801068,80906253.4,2.8265,4.1625,275997453.0,2768001479.844529,2026-07-14
2022-04-01,sz.002827,高争民爆,9.8764047,9.90503196,9.9718289,9.74281082,6004800,61940904.5,2.1757,-1.2369,275993933.0,2733728727.1310987,2026-07-14
2022-04-06,sz.002827,高争民爆,9.8764047,10.09588036,10.1626773,9.81915018,5388850,56711207.5,1.9525,1.9268,275997439.0,2786437123.810398,2026-07-14
2022-04-07,sz.002827,高争民爆,10.09588036,10.26764392,10.496662,9.98137132,9795036,105738793.02,3.5489,1.7013,276002029.0,2833890554.9695134,2026-07-14
2022-04-08,sz.002827,高争民爆,10.3535257,10.7829346,10.96424058,10.27718634,15249850,170566107.5,5.5253,5.0186,276000398.0,2976094241.207971,2026-07-14
2022-04-11,sz.002827,高争民爆,10.6875104,11.19325866,11.7371766,10.50620442,19596298,227640607.34,7.1001,3.8053,276000310.0,3089342860.0701847,2026-07-14
2022-04-12,sz.002827,高争民爆,10.973783,10.96424058,11.15508898,10.57300136,12813650,146355687.92,4.6426,-2.046,276001594.0,3026147877.0794845,2026-07-14
2022-04-13,sz.002827,高争民爆,10.7829346,10.39169538,10.84018912,10.29627118,12322750,135702157.5,4.4648,-5.2219,275997805.0,2868085115.1086407,2026-07-14
2022-04-14,sz.002827,高争民爆,10.38215296,10.47757716,10.6875104,10.3535257,8343079,92014567.35,3.0229,0.8264,275995865.0,2891767971.3784432,2026-07-14
2022-04-15,sz.002827,高争民爆,10.37261054,9.94320164,10.45849232,9.94320164,8911229,94356347.82,3.2287,-5.1002,276000527.0,2744328892.7072644,2026-07-14
2022-04-18,sz.002827,高争民爆,9.89548954,9.94320164,10.13405004,9.67601388,4575350,47675315.5,1.6577,0.0,276005912.0,2744382436.8480954,2026-07-14
2022-04-19,sz.002827,高争民爆,9.91457438,10.19130456,10.23901666,9.91457438,4684600,49743966.5,1.6973,2.4952,276003064.0,2812831284.717172,2026-07-14
2022-04-20,sz.002827,高争民爆,10.17221972,9.8286926,10.24855908,9.74281082,4576300,47721328.0,1.6581,-3.5581,275996623.0,2712685966.1050897,2026-07-14
2022-04-21,sz.002827,高争民爆,9.75235324,9.38019886,9.84777744,9.3515716,5350450,53772878.0,1.9386,-4.5631,275995564.0,2588893274.7978573,2026-07-14
2022-04-22,sz.002827,高争民爆,9.38974128,9.24660498,9.43745338,9.1607232,4125250,40119441.5,1.4947,-1.4242,275991838.0,2551987503.6901536,2026-07-14
2022-04-25,sz.002827,高争民爆,9.065299,8.32099024,9.1607232,8.32099024,6196829,56506783.01,2.2452,-10.0103,276003430.0,2296621847.236523,2026-07-14
2022-04-26,sz.002827,高争民爆,8.31144782,7.8724965,8.4450417,7.83432682,4651150,39721063.0,1.6852,-5.3899,275999881.0,2172808097.1729164,2026-07-14
2022-04-27,sz.002827,高争民爆,7.78661472,8.23510846,8.26373572,7.71981778,4957550,41521807.0,1.7962,4.6061,276002116.0,2272907360.449501,2026-07-14
2022-04-28,sz.002827,高争民爆,8.12059942,8.04426006,8.22556604,7.85341166,4484200,37792058.5,1.6247,-2.3175,276001723.0,2220229636.820083,2026-07-14
2022-04-29,sz.002827,高争民爆,8.111057,8.26373572,8.3019054,8.02517522,4037150,34562373.5,1.4627,2.7284,276006700.0,2280846425.749324,2026-07-14
2022-05-05,sz.002827,高争民爆,8.24465088,8.42595686,8.52138106,8.2064812,3428000,30117493.5,1.242,1.963,276006441.0,2325618364.948135,2026-07-14
2022-05-06,sz.002827,高争民爆,8.21602362,8.18739636,8.32099024,8.12059942,2359250,20302992.5,0.8548,-2.8313,276000234.0,2259723311.210748,2026-07-14
2022-05-09,sz.002827,高争民爆,8.21602362,8.33053266,8.42595686,8.1587691,2048150,17871968.5,0.7421,1.7483,275993801.0,2299175373.1880403,2026-07-14
2022-05-10,sz.002827,高争民爆,8.2541933,8.51183864,8.5404659,8.1587691,3898900,34305696.0,1.4126,2.1764,276008778.0,2349342181.559582,2026-07-14
2022-05-11,sz.002827,高争民爆,8.4927538,8.36870234,8.588178,8.36870234,4913900,43713671.0,1.7804,-1.6816,275999775.0,2309759962.8819737,2026-07-14
2022-05-12,sz.002827,高争民爆,8.3019054,8.46412654,8.52138106,8.22556604,3443600,30309952.0,1.2477,1.1403,275995832.0,2336063646.560581,2026-07-14
2022-05-13,sz.002827,高争民爆,8.55955074,8.4450417,8.56909316,8.3496175,2824100,24948552.0,1.0232,-0.2255,276006646.0,2330887634.9471383,2026-07-14
2022-05-16,sz.002827,高争民爆,8.4927538,8.52138106,8.56909316,8.43549928,3179500,28311035.0,1.152,0.904,275998264.0,2351886379.4424796,2026-07-14
2022-05-17,sz.002827,高争民爆,8.52138106,8.43549928,8.5404659,8.32099024,2144600,18899137.0,0.777,-1.0078,276010296.0,2328284653.180587,2026-07-14
2022-05-18,sz.002827,高争民爆,8.37824476,8.55955074,8.70268704,8.37824476,3997800,35919600.5,1.4485,1.4706,275995858.0,2362400550.580835,2026-07-14
2022-05-19,sz.002827,高争民爆,8.40687202,8.50229622,8.55000832,8.37824476,2831260,25102820.2,1.0258,-0.6689,276005069.0,2346676854.859539,2026-07-14
2022-05-20,sz.002827,高争民爆,8.51183864,8.62634768,8.64543252,8.4927538,2913300,26172541.0,1.0555,1.459,276011369.0,2380970032.626774,2026-07-14
2022-05-23,sz.002827,高争民爆,8.66451736,8.75039914,8.76948398,8.60726284,2742600,25007981.0,0.9937,1.4381,275998792.0,2415099592.1578393,2026-07-14
2022-05-24,sz.002827,高争民爆,8.76948398,8.32099024,8.76948398,8.31144782,3613300,32252747.0,1.3092,-4.9073,275992973.0,2296534834.6415834,2026-07-14
2022-05-25,sz.002827,高争民爆,8.27327814,8.47366896,8.50229622,8.27327814,1830650,16181551.5,0.6633,1.8349,275991256.0,2338658539.1986136,2026-07-14
2022-05-26,sz.002827,高争民爆,8.52138106,8.59772042,8.6358901,8.3973296,2599200,23271144.0,0.9417,1.464,276011469.0,2373069443.175497,2026-07-14
2022-05-27,sz.002827,高争民爆,8.69314462,8.81719608,9.10346868,8.56909316,7171700,66489016.0,2.5984,2.5527,276004464.0,2433585478.043301,2026-07-14
2022-05-30,sz.002827,高争民爆,8.76948398,8.98895964,9.03667174,8.75994156,5793200,54000234.5,2.099,1.9481,275998094.0,2480935727.6829257,2026-07-14
2022-05-31,sz.002827,高争民爆,8.9698748,8.88399302,9.04621416,8.80765366,3969950,36989798.5,1.4384,-1.1677,275997636.0,2451961071.760501,2026-07-14
2022-06-01,sz.002827,高争民爆,8.8267385,8.85536576,8.9221627,8.72177188,2677850,24768604.5,0.9702,-0.3222,276010101.0,2444170397.8095417,2026-07-14
2022-06-02,sz.002827,高争民爆,8.79811124,8.8744506,8.91262028,8.69314462,2551902,23575489.58,0.9246,0.2155,276000649.0,2449354125.118439,2026-07-14
2022-06-06,sz.002827,高争民爆,8.81719608,8.99850206,9.02712932,8.81719608,3330700,31266525.0,1.2068,1.3978,275994365.0,2483535862.0008917,2026-07-14
2022-06-07,sz.002827,高争民爆,9.03667174,8.89353544,9.05575658,8.83628092,2051150,19165276.0,0.7432,-1.1665,275988967.0,2454517659.063491,2026-07-14
2022-06-08,sz.002827,高争民爆,8.89353544,8.88399302,8.96033238,8.67405978,2879800,26671333.0,1.0434,-0.1073,276001533.0,2451995692.6812997,2026-07-14
2022-06-09,sz.002827,高争民爆,8.9221627,8.75994156,8.9221627,8.71222946,2151200,19792790.0,0.7794,-1.3963,276007185.0,2417806810.7401085,2026-07-14
2022-06-10,sz.002827,高争民爆,8.6836022,8.89353544,9.00804448,8.67405978,2412500,22381643.0,0.8741,1.5251,275998170.0,2454599506.270145,2026-07-14
2022-06-13,sz.002827,高争民爆,8.83628092,8.97941722,8.98895964,8.78856882,2804900,26205386.0,1.0163,0.9657,275991341.0,2478241399.946292,2026-07-14
2022-06-14,sz.002827,高争民爆,8.91262028,8.96033238,8.9698748,8.69314462,2843550,26324445.0,1.0303,-0.2125,275992429.0,2472983898.2035513,2026-07-14
2022-06-15,sz.002827,高争民爆,8.99850206,8.8744506,9.10346868,8.86490818,4616900,43502139.0,1.6728,-0.9585,275998326.0,2449333509.7696953,2026-07-14
2022-06-16,sz.002827,高争民爆,8.83628092,8.89353544,8.9698748,8.83628092,2362100,22005442.0,0.8558,0.2151,276010750.0,2454711386.94598,2026-07-14
2022-06-17,sz.002827,高争民爆,8.9221627,8.89353544,8.9221627,8.75039914,2004450,18587925.5,0.7263,0.0,275981000.0,2454446804.26664,2026-07-14
2022-06-20,sz.002827,高争民爆,8.90307786,8.83628092,8.9221627,8.79811124,2748950,25492943.0,0.996,-0.6438,275998996.0,2438804662.2939563,2026-07-14
2022-06-21,sz.002827,高争民爆,8.84582334,8.8267385,8.95078996,8.70268704,2476700,22869750.0,0.8974,-0.108,275986182.0,2436057858.1274066,2026-07-14
2022-06-22,sz.002827,高争民爆,8.80765366,8.71222946,8.8267385,8.71222946,2217050,20353197.5,0.8033,-1.2973,275992780.0,2404512428.6632986,2026-07-14
2022-06-23,sz.002827,高争民爆,8.72177188,8.86490818,8.86490818,8.66451736,2311100,21267889.5,0.8374,1.7525,275985192.0,2446583386.119671,2026-07-14
2022-06-24,sz.002827,高争民爆,8.8744506,8.93170512,8.94124754,8.8267385,2786100,25964181.5,1.0095,0.7535,275988113.0,2465044441.9412384,2026-07-14
2022-06-27,sz.002827,高争民爆,9.04621416,9.4469958,9.46608064,8.95078996,8386610,80669334.0,3.0386,5.7692,276002435.0,2607393844.234773,2026-07-14
2022-06-28,sz.002827,高争民爆,9.4947079,9.31340192,9.50425032,9.2084353,8059210,78766774.5,2.92,-1.4141,276000342.0,2570502115.103457,2026-07-14
2022-06-29,sz.002827,高争民爆,9.53287758,9.2561474,9.56150484,9.2561474,4687300,45875079.4,1.6983,-0.6148,275999529.0,2554692322.7545743,2026-07-14
2022-06-30,sz.002827,高争民爆,9.26568982,9.38019886,9.53287758,9.18935046,5050000,49391155.5,1.8297,1.3402,276001530.0,2588949237.0642557,2026-07-14
2022-07-01,sz.002827,高争民爆,9.28477466,9.65692904,9.8286926,9.2561474,8586100,86666282.5,3.1109,2.9502,276000514.0,2665317378.7015266,2026-07-14
2022-07-04,sz.002827,高争民爆,9.65692904,9.5901321,9.94320164,9.43745338,7033600,71029582.0,2.5484,-0.6917,276000628.0,2646882482.2029586,2026-07-14
2022-07-05,sz.002827,高争民爆,9.57104726,9.40882612,9.62830178,9.28477466,4912129,48608776.99,1.7798,-1.8905,275993314.0,2596773101.708562,2026-07-14
2022-07-06,sz.002827,高争民爆,9.38019886,9.22752014,9.40882612,9.1607232,2833650,27540477.5,1.0267,-1.927,275995909.0,2546757808.8551073,2026-07-14
2022-07-07,sz.002827,高争民爆,9.22752014,9.19889288,9.3038595,9.1607232,2316452,22369177.38,0.8393,-0.3102,275998094.0,2538876901.790171,2026-07-14
2022-07-08,sz.002827,高争民爆,9.17980804,9.22752014,9.31340192,9.17026562,2033000,19701452.5,0.7366,0.3112,275997828.0,2546775516.4662557,2026-07-14
2022-07-11,sz.002827,高争民爆,9.17026562,9.1130111,9.23706256,9.0175869,2256450,21520080.0,0.8176,-1.241,275984589.0,2515050622.9859376,2026-07-14
2022-07-12,sz.002827,高争民爆,9.50425032,9.33248676,9.51379274,9.21797772,4651750,45513507.5,1.6854,2.4084,276002729.0,2575791814.1163683,2026-07-14
2022-07-13,sz.002827,高争民爆,9.33248676,9.3992837,9.46608064,9.26568982,3298200,32462060.0,1.195,0.7157,276000000.0,2594202301.2,2026-07-14
2022-07-14,sz.002827,高争民爆,9.36111402,9.42791096,9.61875936,9.3515716,3051250,30320578.32,1.1055,0.3046,276006332.0,2602163122.492199,2026-07-14
2022-07-15,sz.002827,高争民爆,9.42791096,9.3038595,9.4947079,9.27523224,3011300,29607097.5,1.0911,-1.3158,275987536.0,2567749258.695192,2026-07-14
2022-07-18,sz.002827,高争民爆,9.40882612,9.58058968,9.64738662,9.27523224,3765600,37670443.0,1.3643,2.9744,276009675.0,2644335443.885154,2026-07-14
2022-07-19,sz.002827,高争民爆,9.60921694,9.99091374,10.08633794,9.53287758,7060902,73145575.88,2.5583,4.2829,275999765.0,2757489844.375271,2026-07-14
2022-07-20,sz.002827,高争民爆,9.95274406,9.93365922,10.04816826,9.83823502,4482652,46674164.8,1.6241,-0.5731,276008374.0,2741773129.182308,2026-07-14
2022-07-21,sz.002827,高争民爆,9.88594712,9.77143808,10.05771068,9.77143808,3358060,34791139.3,1.2167,-1.633,275997370.0,2696891211.1978493,2026-07-14
2022-07-22,sz.002827,高争民爆,9.7809805,9.79052292,9.86686228,9.6378442,3101500,31636597.0,1.1237,0.1953,276007831.0,2702260995.504987,2026-07-14
2022-07-25,sz.002827,高争民爆,9.80006534,9.62830178,9.85731986,9.59967452,2212600,22473399.0,0.8017,-1.6569,275988524.0,2657300796.8887725,2026-07-14
2022-07-26,sz.002827,高争民爆,9.57104726,9.66647146,9.70464114,9.54242,1903150,19159296.5,0.6895,0.3964,276018854.0,2668128374.612907,2026-07-14
2022-07-27,sz.002827,高争民爆,9.67601388,9.85731986,9.90503196,9.5901321,3143650,32261336.5,1.139,1.9743,276000878.0,2720628936.0868373,2026-07-14
2022-07-28,sz.002827,高争民爆,9.80960776,9.81915018,9.88594712,9.76189566,2240750,23070493.0,0.8119,-0.3872,275988422.0,2709971763.559216,2026-07-14
2022-07-29,sz.002827,高争民爆,9.8286926,9.72372598,9.90503196,9.65692904,1973400,20202767.0,0.715,-0.9718,276000000.0,2683748370.48,2026-07-14
2022-08-01,sz.002827,高争民爆,9.6855563,9.75235324,9.96228648,9.6855563,2620900,26854160.5,0.9496,0.2944,276000421.0,2691653599.980714,2026-07-14
2022-08-02,sz.002827,高争民爆,9.62830178,9.34202918,9.70464114,9.21797772,3971050,39111337.5,1.4388,-4.2074,275997359.0,2578375381.3809357,2026-07-14
2022-08-03,sz.002827,高争民爆,9.34202918,9.2561474,9.72372598,9.24660498,3762950,37190866.5,1.3634,-0.9193,275997506.0,2554673597.568384,2026-07-14
2022-08-04,sz.002827,高争民爆,9.26568982,9.36111402,9.3992837,9.19889288,2141100,20893166.0,0.7758,1.134,275986079.0,2583537153.451728,2026-07-14
2022-08-05,sz.002827,高争民爆,9.4469958,9.3992837,9.4947079,9.24660498,2002380,19564612.1,0.7255,0.4077,276000000.0,2594202301.2,2026-07-14
2022-08-08,sz.002827,高争民爆,9.41836854,9.38974128,9.41836854,9.31340192,2022400,19826004.0,0.7328,-0.1015,275982533.0,2591404582.6690626,2026-07-14
2022-08-09,sz.002827,高争民爆,9.38019886,9.45653822,9.47562306,9.3038595,2545000,25074742.0,0.9221,0.7114,276000434.0,2610008652.857588,2026-07-14
2022-08-10,sz.002827,高争民爆,9.43745338,9.60921694,9.62830178,9.36111402,3614700,36040449.0,1.3097,1.6145,275994503.0,2652091053.5744805,2026-07-14
2022-08-11,sz.002827,高争民爆,9.69509872,9.86686228,9.91457438,9.62830178,4051850,41535128.0,1.4681,2.6812,275992780.0,2723182750.5343385,2026-07-14
2022-08-12,sz.002827,高争民爆,10.3058136,10.019541,10.53483168,9.94320164,9294600,99128935.0,3.3676,1.5474,276000713.0,2765400459.932733,2026-07-14
2022-08-15,sz.002827,高争民爆,9.84777744,10.1626773,10.24855908,9.71418356,5449200,57632811.0,1.9743,1.4286,276006686.0,2804966882.4604278,2026-07-14
2022-08-16,sz.002827,高争民爆,10.3058136,10.2581015,10.62071346,10.15313488,6171150,66782882.0,2.2359,0.939,276002952.0,2831266295.915628,2026-07-14
2022-08-17,sz.002827,高争民爆,10.2581015,10.00045616,10.26764392,9.96228648,4595300,48550070.0,1.665,-2.5116,275993994.0,2760065837.4203033,2026-07-14
2022-08-18,sz.002827,高争民爆,10.00045616,9.95274406,10.09588036,9.88594712,2938400,30640258.5,1.0646,-0.4771,276009769.0,2747054588.9167223,2026-07-14
2022-08-19,sz.002827,高争民爆,9.99091374,9.95274406,10.19130456,9.9241168,2668800,28062013.5,0.967,0.0,275987590.0,2746833847.0062156,2026-07-14
2022-08-22,sz.002827,高争民爆,9.8764047,10.14359246,10.17221972,9.79052292,2481900,26015903.5,0.8992,1.9175,276012011.0,2799753353.6490374,2026-07-14
2022-08-23,sz.002827,高争民爆,10.14359246,9.99091374,10.14359246,9.93365922,3297700,34517792.0,1.1948,-1.5052,276004352.0,2757535672.6965966,2026-07-14
2022-08-24,sz.002827,高争民爆,10.05868368,9.7779312,10.19421936,9.75856896,4066950,41726745.0,1.4735,-2.1318,276006108.0,2698768734.8037696,2026-07-14
2022-08-25,sz.002827,高争民爆,9.81665568,10.10708928,10.42656624,9.78761232,5455500,56738096.5,1.9766,3.3663,276004250.0,2789599596.40944,2026-07-14
2022-08-26,sz.002827,高争民爆,10.0199592,9.85538016,10.165176,9.83601792,3272600,33733376.0,1.1857,-2.4904,276005735.0,2720141444.7652173,2026-07-14
2022-08-29,sz.002827,高争民爆,9.65207664,9.98123472,9.99091584,9.5843088,2633200,26765813.0,0.9541,1.277,275987842.0,2754699430.868274,2026-07-14
2022-08-30,sz.002827,高争民爆,10.0199592,10.05868368,10.32007392,9.80697456,5195050,53846551.0,1.8823,0.7759,275994794.0,2776144330.172762,2026-07-14
2022-08-31,sz.002827,高争民爆,9.9715536,9.65207664,10.02964032,9.55526544,6236900,62622429.0,2.2597,-4.0423,276005664.0,2664027822.002089,2026-07-14
2022-09-01,sz.002827,高争民爆,9.61335216,10.2135816,10.25230608,9.61335216,10792400,112251724.5,3.9103,5.8175,275999284.0,2818941208.6755743,2026-07-14
2022-09-02,sz.002827,高争民爆,10.02964032,9.98123472,10.15549488,9.70048224,7703600,78823720.59,2.7912,-2.2749,275995987.0,2754780728.0250688,2026-07-14
2022-09-05,sz.002827,高争民爆,9.8263368,10.0683648,10.5524208,9.81665568,8972350,93263514.0,3.2509,0.8729,275995878.0,2778827183.000294,2026-07-14
2022-09-06,sz.002827,高争民爆,10.05868368,10.14581376,10.19421936,9.91346688,6672600,69703875.5,2.4176,0.7692,276000993.0,2800254672.5530634,2026-07-14
2022-09-07,sz.002827,高争民爆,10.15549488,10.20390048,10.3103928,10.02964032,6979650,73464456.5,2.5289,0.5725,275995492.0,2816230533.296636,2026-07-14
2022-09-08,sz.002827,高争民爆,10.10708928,10.165176,10.2619872,9.98123472,5645000,59202189.0,2.0453,-0.3795,275998631.0,2805574659.8740563,2026-07-14
2022-09-09,sz.002827,高争民爆,10.165176,10.12645152,10.4556096,10.07804592,7379520,78102621.9,2.6737,-0.381,276004039.0,2794941520.257689,2026-07-14
2022-09-13,sz.002827,高争民爆,10.03932144,9.99091584,10.32975504,9.98123472,5222820,54577427.5,1.8923,-1.3384,276003805.0,2757530787.274771,2026-07-14
2022-09-14,sz.002827,高争民爆,9.86506128,9.8747424,10.02964032,9.76825008,2922670,29916857.4,1.0589,-1.1628,276010010.0,2725527748.571424,2026-07-14
2022-09-15,sz.002827,高争民爆,10.05868368,9.55526544,10.05868368,9.41004864,6260950,62044044.5,2.2685,-3.2353,275995151.0,2637206927.9578815,2026-07-14
2022-09-16,sz.002827,高争民爆,9.44877312,9.08089056,9.51654096,9.07120944,4507650,43055167.5,1.6332,-4.9645,276001102.0,2506335801.7013974,2026-07-14
2022-09-19,sz.002827,高争民爆,9.08089056,8.94535488,9.13897728,8.89694928,2130800,19777600.3,0.772,-1.4925,276010363.0,2469010647.5926213,2026-07-14
2022-09-20,sz.002827,高争民爆,9.04216608,9.10993392,9.1486584,8.955036,2192330,20509762.6,0.7943,1.8398,276007806.0,2514412874.0641794,2026-07-14
2022-09-21,sz.002827,高争民爆,9.11961504,9.16802064,9.25515072,8.96471712,1894830,17864941.8,0.6865,0.6376,276013110.0,2530493889.39059,2026-07-14
2022-09-22,sz.002827,高争民爆,9.16802064,10.08772704,10.08772704,9.11961504,9765200,99521877.5,3.5381,10.0317,276001244.0,2784225212.172438,2026-07-14
2022-09-23,sz.002827,高争民爆,10.165176,9.91346688,10.3587984,9.85538016,13511450,140808996.6,4.8955,-1.7274,275997345.0,2736090538.6254334,2026-07-14
2022-09-26,sz.002827,高争民爆,9.90378576,9.78761232,10.1167704,9.7295256,7078200,72512581.5,2.5646,-1.2695,275996257.0,2701344365.287086,2026-07-14
2022-09-27,sz.002827,高争民爆,9.79729344,9.95219136,10.0199592,9.71984448,5286350,53876742.0,1.9153,1.6815,276006370.0,2746868210.8189635,2026-07-14
2022-09-28,sz.002827,高争民爆,9.78761232,9.51654096,9.93282912,9.49717872,5237400,52285490.0,1.8976,-4.3774,276001265.0,2626577343.3843145,2026-07-14
2022-09-29,sz.002827,高争民爆,9.64239552,9.0518472,9.71984448,8.97439824,6204897,58941956.33,2.2482,-4.883,275993995.0,2498255470.857564,2026-07-14
2022-09-30,sz.002827,高争民爆,9.03248496,8.59683456,9.03248496,8.47098,5831397,52109800.66,2.1128,-5.0267,276003266.0,2372754415.821673,2026-07-14
2022-10-10,sz.002827,高争民爆,8.60651568,8.52906672,8.7614136,8.49034224,3084500,27467206.0,1.1176,-0.7883,275993200.0,2353964417.0663037,2026-07-14
2022-10-11,sz.002827,高争民爆,8.62587792,8.72268912,8.79045696,8.36448768,3037950,26974873.0,1.1007,2.2701,276001635.0,2407476458.716711,2026-07-14
2022-10-12,sz.002827,高争民爆,8.6646024,8.94535488,8.98407936,8.52906672,3019997,27299923.94,1.0942,2.5527,276000457.0,2468922034.9071803,2026-07-14
2022-10-13,sz.002827,高争民爆,8.9066304,9.02280384,9.10993392,8.80013808,2766500,25633167.5,1.0024,0.8658,275987630.0,2490182247.7564993,2026-07-14
2022-10-14,sz.002827,高争民爆,9.18738288,9.08089056,9.18738288,9.0034416,2872850,26974624.0,1.0409,0.6438,275996734.0,2506296136.3714314,2026-07-14
2022-10-17,sz.002827,高争民爆,8.98407936,9.15833952,9.16802064,8.97439824,2047848,19190930.8,0.742,0.8529,275990296.0,2527612834.993298,2026-07-14
2022-10-18,sz.002827,高争民爆,9.197064,9.27451296,9.41972976,9.09057168,2840998,27166696.1,1.0293,1.2685,276012630.0,2559882714.0586843,2026-07-14
2022-10-19,sz.002827,高争民爆,9.27451296,9.12929616,9.31323744,9.06152832,2400900,22774022.5,0.8699,-1.5658,275997241.0,2519660552.431895,2026-07-14
2022-10-20,sz.002827,高争民爆,9.10993392,9.08089056,9.18738288,8.955036,1954100,18324514.0,0.708,-0.5302,276002825.0,2506351448.075832,2026-07-14
2022-10-21,sz.002827,高争民爆,9.197064,9.1002528,9.23578848,8.93567376,2531300,23759453.5,0.9171,0.2132,276011340.0,2511772969.666752,2026-07-14
2022-10-24,sz.002827,高争民爆,9.1002528,8.8582248,9.18738288,8.8098192,2486850,23091808.5,0.901,-2.6596,276009989.0,2444958529.6075273,2026-07-14
2022-10-25,sz.002827,高争民爆,8.87758704,8.77109472,8.92599264,8.6161968,2491900,22452613.0,0.9029,-0.9836,275988482.0,2420721117.251015,2026-07-14
2022-10-26,sz.002827,高争民爆,8.81950032,8.92599264,8.97439824,8.713008,2746352,25209229.38,0.9951,1.766,275987539.0,2463462741.845713,2026-07-14
2022-10-27,sz.002827,高争民爆,8.93567376,8.87758704,9.03248496,8.87758704,2660100,24570313.0,0.9638,-0.5423,276001245.0,2450225075.6358647,2026-07-14
2022-10-28,sz.002827,高争民爆,8.83886256,8.52906672,8.83886256,8.50002336,3751200,33417628.6,1.3591,-3.9258,276006181.0,2354075132.8813963,2026-07-14
2022-10-31,sz.002827,高争民爆,8.55811008,8.60651568,8.67428352,8.50970448,1808750,16064841.4,0.6553,0.9081,276018617.0,2375558555.1824145,2026-07-14
2022-11-01,sz.002827,高争民爆,8.70332688,9.0518472,9.3906864,8.67428352,5829467,54585779.0,2.1121,5.1744,276003362.0,2498340259.5102863,2026-07-14
2022-11-02,sz.002827,高争民爆,9.0518472,8.93567376,9.08089056,8.9066304,3353050,31182077.5,1.2149,-1.2834,275993909.0,2466191530.571128,2026-07-14
2022-11-03,sz.002827,高争民爆,8.86790592,9.01312272,9.0518472,8.86790592,2282550,21198554.0,0.827,0.8667,276003628.0,2487654570.3292284,2026-07-14
2022-11-04,sz.002827,高争民爆,9.04216608,9.22610736,9.3906864,8.97439824,5092497,48397490.38,1.8451,2.3631,276001138.0,2546416130.6701756,2026-07-14
2022-11-07,sz.002827,高争民爆,9.31323744,9.74888784,9.89410464,9.2938752,10854678,108510691.46,3.9329,5.6663,275996796.0,2690661808.403361,2026-07-14
2022-11-08,sz.002827,高争民爆,9.59398992,9.85538016,9.923148,9.57462768,6623950,66922776.0,2.4,1.0924,275997917.0,2720064395.4031267,2026-07-14
2022-11-09,sz.002827,高争民爆,9.93282912,10.1167704,10.2619872,9.923148,8242050,86276477.0,2.9863,2.6523,275995379.0,2792181880.803982,2026-07-14
2022-11-10,sz.002827,高争民爆,10.07804592,9.83601792,10.25230608,9.78761232,6245400,64610908.0,2.2628,-2.7751,276003182.0,2714772244.129021,2026-07-14
2022-11-11,sz.002827,高争民爆,10.02964032,9.71016336,10.07804592,9.68112,5884100,59576755.0,2.1319,-1.2795,276002627.0,2680030595.9591465,2026-07-14
2022-11-14,sz.002827,高争民爆,9.71016336,9.60367104,9.75856896,9.5359032,3897450,38726436.0,1.4121,-1.0967,276003824.0,2650649931.478057,2026-07-14
2022-11-15,sz.002827,高争民爆,9.60367104,9.56494656,9.60367104,9.45845424,4225670,41512460.2,1.531,-0.4032,276007185.0,2639993974.7010336,2026-07-14
2022-11-16,sz.002827,高争民爆,9.55526544,9.57462768,9.61335216,9.46813536,3173900,31279209.0,1.15,0.1012,275991304.0,2642513978.7176948,2026-07-14
2022-11-17,sz.002827,高争民爆,9.5359032,9.61335216,9.62303328,9.41004864,3331650,32729332.5,1.2071,0.4044,276004474.0,2653328206.2975636,2026-07-14
2022-11-18,sz.002827,高争民爆,9.57462768,9.35196192,9.62303328,9.35196192,4033350,39349043.0,1.4614,-2.719,275992199.0,2581068535.2650623,2026-07-14
2022-11-21,sz.002827,高争民爆,9.33259968,9.41972976,9.45845424,9.21642624,3122450,30220706.5,1.1313,0.7246,276005480.0,2599897033.8790846,2026-07-14
2022-11-22,sz.002827,高争民爆,9.40036752,9.26483184,9.46813536,9.197064,3524050,33981285.0,1.2768,-1.6444,276006422.0,2557153086.5900764,2026-07-14
2022-11-23,sz.002827,高争民爆,9.32291856,9.27451296,9.33259968,9.12929616,2794370,26668932.6,1.0125,0.1045,275987160.0,2559646492.2135935,2026-07-14
2022-11-24,sz.002827,高争民爆,9.28419408,9.37132416,9.44877312,9.26483184,3209752,31065090.9,1.163,1.0438,275988994.0,2586382327.3662953,2026-07-14
2022-11-25,sz.002827,高争民爆,9.36164304,9.20674512,9.37132416,9.197064,2040450,19512604.3,0.7393,-1.7562,275997565.0,2541039234.695633,2026-07-14
2022-11-28,sz.002827,高争民爆,9.10993392,9.17770176,9.21642624,9.0518472,1878750,17732187.8,0.6807,-0.3155,276002644.0,2533069951.603453,2026-07-14
2022-11-29,sz.002827,高争民爆,9.17770176,9.37132416,9.37132416,9.17770176,2358720,22646710.9,0.8546,2.1097,276002808.0,2586511782.8382416,2026-07-14
2022-11-30,sz.002827,高争民爆,9.36164304,9.2454696,9.37132416,9.22610736,2382830,22886957.3,0.8633,-1.343,276014132.0,2551880266.576387,2026-07-14
2022-12-01,sz.002827,高争民爆,9.2938752,9.26483184,9.41004864,9.25515072,2990700,28783914.0,1.0836,0.2094,275996678.0,2557062810.0686274,2026-07-14
2022-12-02,sz.002827,高争民爆,9.26483184,9.32291856,9.37132416,9.22610736,2344000,22508914.0,0.8493,0.627,275991993.0,2573050873.95109,2026-07-14
2022-12-05,sz.002827,高争民爆,9.32291856,9.44877312,9.44877312,9.30355632,3269930,31685458.4,1.1848,1.3499,275990041.0,2607767280.788498,2026-07-14
2022-12-06,sz.002827,高争民爆,9.44877312,9.62303328,9.923148,9.32291856,9445720,93895992.6,3.4224,1.8443,275996961.0,2655927940.881862,2026-07-14
2022-12-07,sz.002827,高争民爆,9.61335216,9.56494656,9.84569904,9.44877312,7669250,76210179.0,2.7787,-0.6036,276001368.0,2639938335.4068937,2026-07-14
2022-12-08,sz.002827,高争民爆,9.66175776,9.83601792,10.0199592,9.49717872,12622790,128226599.4,4.5735,2.834,275998469.0,2714725886.9765644,2026-07-14
2022-12-09,sz.002827,高争民爆,9.68112,9.54558432,9.74888784,9.49717872,7885300,78039921.5,2.857,-2.9528,275999300.0,2634574590.410976,2026-07-14
2022-12-12,sz.002827,高争民爆,9.5359032,9.65207664,9.8747424,9.47781648,7387800,73742368.03,2.6767,1.1156,276004035.0,2664012098.769243,2026-07-14
2022-12-13,sz.002827,高争民爆,9.61335216,9.78761232,9.86506128,9.61335216,6559000,66015199.0,2.3764,1.4042,276005723.0,2701437014.825307,2026-07-14
2022-12-14,sz.002827,高争民爆,9.78761232,9.70048224,9.9715536,9.66175776,6137750,62057167.5,2.2238,-0.8902,276002788.0,2677360143.184485,2026-07-14
2022-12-15,sz.002827,高争民爆,9.75856896,9.5843088,9.79729344,9.55526544,3792150,37697423.0,1.374,-1.1976,275993450.0,2645206451.57736,2026-07-14
2022-12-16,sz.002827,高争民爆,9.54558432,9.45845424,9.62303328,9.439092,3040530,29797309.4,1.1016,-1.3131,276010349.0,2610631255.78293,2026-07-14
2022-12-19,sz.002827,高争民爆,9.45845424,9.2938752,9.50685984,9.17770176,3533800,33910659.5,1.2804,-1.74,275991878.0,2565034070.345626,2026-07-14
2022-12-20,sz.002827,高争民爆,9.25515072,9.10993392,9.28419408,9.08089056,2195200,20716335.5,0.7954,-1.9792,275986925.0,2514222649.533996,2026-07-14
2022-12-21,sz.002827,高争民爆,9.1486584,9.5843088,9.86506128,9.1002528,9110240,89698108.0,3.3008,5.2072,276000969.0,2645278515.9952273,2026-07-14
2022-12-22,sz.002827,高争民爆,9.59398992,9.54558432,9.8747424,9.47781648,9045770,90484306.1,3.2775,-0.404,275996034.0,2634543414.5325866,2026-07-14
2022-12-23,sz.002827,高争民爆,9.5843088,9.16802064,9.5843088,9.06152832,6086350,58015095.5,2.2052,-3.9554,275999909.0,2530372862.350122,2026-07-14
2022-12-26,sz.002827,高争民爆,9.22610736,9.45845424,9.60367104,9.197064,4671720,45512868.0,1.6927,3.1679,275992202.0,2610459613.2138367,2026-07-14
2022-12-27,sz.002827,高争民爆,9.57462768,9.4874976,9.5843088,9.2938752,4934570,48006449.5,1.7879,0.3071,275998098.0,2618531292.379565,2026-07-14
2022-12-28,sz.002827,高争民爆,9.4874976,9.197064,9.4874976,9.16802064,3754450,35892660.7,1.3603,-3.0612,276001617.0,2538404535.6524878,2026-07-14
2022-12-29,sz.002827,高争民爆,9.11961504,9.01312272,9.22610736,9.0034416,3417680,32183576.2,1.2383,-2.0,275997739.0,2487601492.04953,2026-07-14
2022-12-30,sz.002827,高争民爆,9.03248496,9.09057168,9.12929616,8.96471712,2339700,21830250.0,0.8477,0.8593,276005662.0,2509049254.4968524,2026-07-14
2023-01-03,sz.002827,高争民爆,9.09057168,10.00059696,10.00059696,9.08089056,6872050,69845242.0,2.4899,10.0106,275997028.0,2760135039.185835,2026-07-14
2023-01-04,sz.002827,高争民爆,10.39752288,10.10708928,10.53305856,10.04900256,29305970,310697788.05,10.6181,1.0649,276000132.0,2789557975.415785,2026-07-14
2023-01-05,sz.002827,高争民爆,10.09740816,10.165176,10.25230608,9.96187248,16712912,174351843.22,6.0554,0.5747,276000132.0,2805589917.803232,2026-07-14
2023-01-06,sz.002827,高争民爆,10.17485712,10.4556096,10.75572432,10.03932144,22572424,242798105.45,8.1784,2.8571,276000489.0,2885753362.3930945,2026-07-14
2023-01-09,sz.002827,高争民爆,10.407204,10.29103056,10.47497184,10.17485712,11982208,127117885.88,4.3414,-1.5741,275998710.0,2840311159.1305776,2026-07-14
2023-01-10,sz.002827,高争民爆,10.2619872,10.18453824,10.2619872,10.07804592,7688900,80764976.0,2.7858,-1.0348,276003302.0,2810966183.5852685,2026-07-14
2023-01-11,sz.002827,高争民爆,10.19421936,9.9715536,10.3103928,9.9715536,6061308,63000527.3,2.1961,-2.0913,276003279.0,2752181490.3242545,2026-07-14
2023-01-12,sz.002827,高争民爆,9.98123472,9.98123472,10.09740816,9.88442352,5499650,56805927.0,1.9926,0.0971,276003714.0,2754857853.02575,2026-07-14
2023-01-13,sz.002827,高争民爆,9.93282912,9.85538016,9.96187248,9.73920672,5055800,51308027.0,1.8318,-1.2609,276001747.0,2720102141.5091395,2026-07-14
2023-01-16,sz.002827,高争民爆,9.86506128,9.89410464,9.923148,9.74888784,5308100,54041937.0,1.9232,0.3929,276003536.0,2730807866.194007,2026-07-14
2023-01-17,sz.002827,高争民爆,9.95219136,10.19421936,10.58146416,9.69080112,15710498,163282963.42,5.6922,3.0333,276000457.0,2813609202.1182475,2026-07-14
2023-01-18,sz.002827,高争民爆,10.03932144,9.94251024,10.1167704,9.83601792,9119288,93536681.54,3.3041,-2.4691,275999153.0,2744124404.933827,2026-07-14
2023-01-19,sz.002827,高争民爆,9.93282912,9.83601792,9.95219136,9.8263368,4206322,42877176.18,1.524,-1.0711,276005381.0,2714793873.5324273,2026-07-14
2023-01-20,sz.002827,高争民爆,9.88442352,9.90378576,9.96187248,9.81665568,3846780,39422062.7,1.3938,0.689,275992251.0,2733368125.324146,2026-07-14
2023-01-30,sz.002827,高争民爆,9.9715536,10.0683648,10.10708928,9.93282912,6508520,67280516.0,2.3582,1.6618,275995251.0,2778820870.135565,2026-07-14
2023-01-31,sz.002827,高争民爆,10.05868368,10.1167704,10.13613264,9.96187248,4865900,50676415.0,1.763,0.4808,276001134.0,2792240102.8176336,2026-07-14
2023-02-01,sz.002827,高争民爆,10.12645152,10.2135816,10.2135816,10.0683648,5728150,60044968.0,2.0754,0.9569,276002216.0,2818971154.8968253,2026-07-14
2023-02-02,sz.002827,高争民爆,10.22326272,10.32007392,10.53305856,10.12645152,8000150,85145811.0,2.8986,1.0427,276000483.0,2848345386.5157037,2026-07-14
2023-02-03,sz.002827,高争民爆,10.25230608,10.18453824,10.3103928,10.08772704,5402800,56787831.0,1.9575,-1.3133,276005109.0,2810984587.0458684,2026-07-14
2023-02-06,sz.002827,高争民爆,10.15549488,10.41688512,10.53305856,10.10708928,8578603,91658392.75,3.1082,2.2814,275999067.0,2875050574.166183,2026-07-14
2023-02-07,sz.002827,高争民爆,10.41688512,10.3587984,10.43624736,10.23294384,5408020,57557639.5,1.9594,-0.5576,276003879.0,2859068540.1789937,2026-07-14
2023-02-08,sz.002827,高争民爆,10.32007392,10.23294384,10.34911728,10.20390048,3454620,36622894.3,1.2517,-1.215,275994248.0,2824233639.9470325,2026-07-14
2023-02-09,sz.002827,高争民爆,10.2135816,10.34911728,10.38784176,10.19421936,4722303,50422571.65,1.711,1.1353,275996669.0,2856321896.3703403,2026-07-14
2023-02-10,sz.002827,高争民爆,10.33943616,10.22326272,10.37816064,10.15549488,4255103,45131541.12,1.5417,-1.2161,276000713.0,2821627799.906319,2026-07-14
2023-02-13,sz.002827,高争民爆,10.165176,10.32007392,10.32975504,10.12645152,4038400,42805808.0,1.4632,0.947,275997813.0,2848317831.918337,2026-07-14
2023-02-14,sz.002827,高争民爆,10.34911728,10.59114528,10.6008264,10.2135816,7680550,82761711.2,2.7828,2.6266,276000791.0,2923164474.8759165,2026-07-14
2023-02-15,sz.002827,高争民爆,10.59114528,10.9880712,11.16233136,10.5040152,17698852,198090023.49,6.4126,3.7477,276001185.0,3032720672.064372,2026-07-14
2023-02-16,sz.002827,高争民爆,10.96870896,10.5524208,10.9880712,10.4556096,13360292,148487038.28,4.8407,-3.9648,275999174.0,2912459424.500419,2026-07-14
2023-02-17,sz.002827,高争民爆,10.66859424,11.06552016,11.60766288,10.58146416,26733770,305355549.8,9.6861,4.8624,276001383.0,3054098867.774381,2026-07-14
2023-02-20,sz.002827,高争民爆,11.0364768,10.91062224,11.19137472,10.649232,19617183,221725519.27,7.1077,-1.3998,275999029.0,3011321144.025805,2026-07-14
2023-02-21,sz.002827,高争民爆,10.80412992,10.80412992,11.0364768,10.56210192,14958327,166065809.21,5.4197,-0.976,275999170.0,2981930890.492166,2026-07-14
2023-02-22,sz.002827,高争民爆,10.61050752,10.5040152,10.7460432,10.47497184,10084200,109873789.5,3.6537,-2.7778,275999672.0,2899104749.883014,2026-07-14
2023-02-23,sz.002827,高争民爆,10.48465296,10.25230608,10.5524208,10.18453824,9736850,103968759.0,3.5278,-2.3963,276003458.0,2829671930.554425,2026-07-14
2023-02-24,sz.002827,高争民爆,10.28134944,10.2135816,10.3103928,10.14581376,4608600,48619591.0,1.6698,-0.3777,275997125.0,2818919157.5529,2026-07-14
2023-02-27,sz.002827,高争民爆,10.17485712,10.05868368,10.25230608,10.04900256,3694050,38711950.5,1.3384,-1.5166,276004931.0,2776246295.049226,2026-07-14
2023-02-28,sz.002827,高争民爆,10.10708928,10.27166832,10.28134944,10.05868368,4829863,50881657.32,1.75,2.1174,275992171.0,2834900039.428723,2026-07-14
2023-03-01,sz.002827,高争民爆,10.2619872,10.29103056,10.33943616,10.17485712,4217163,44704947.8,1.528,0.1885,275992343.0,2840245636.139002,2026-07-14
2023-03-02,sz.002827,高争民爆,10.30071168,10.27166832,10.36847952,10.22326272,4106313,43629306.67,1.4878,-0.1881,275998992.0,2834970102.4783335,2026-07-14
2023-03-03,sz.002827,高争民爆,10.2619872,10.29103056,10.36847952,10.20390048,3240100,34318404.5,1.1739,0.1885,276011585.0,2840443656.1490374,2026-07-14
2023-03-06,sz.002827,高争民爆,10.30071168,10.08772704,10.3103928,10.0683648,4657850,48693612.0,1.6876,-1.9755,276004385.0,2784256897.7230706,2026-07-14
2023-03-07,sz.002827,高争民爆,10.12645152,9.93282912,10.12645152,9.93282912,3512100,36305973.0,1.2725,-1.5355,276000000.0,2741460837.12,2026-07-14
2023-03-08,sz.002827,高争民爆,9.94251024,10.01027808,10.02964032,9.8747424,2605250,26763673.5,0.9439,0.7797,276009111.0,2762927953.723587,2026-07-14
2023-03-09,sz.002827,高争民爆,10.0199592,10.00059696,10.24262496,9.98123472,2328800,24121352.0,0.8438,-0.0967,275989571.0,2760060464.734304,2026-07-14
2023-03-10,sz.002827,高争民爆,9.91346688,9.76825008,10.00059696,9.76825008,3504000,35615749.0,1.2696,-2.3233,275992439.0,2695963164.341145,2026-07-14
2023-03-13,sz.002827,高争民爆,9.69080112,9.88442352,9.88442352,9.69080112,1739500,17624978.0,0.6303,1.1893,275979692.0,2727900158.647156,2026-07-14
2023-03-14,sz.002827,高争民爆,9.84569904,9.7295256,9.88442352,9.65207664,2215400,22289903.0,0.8027,-1.5671,275993522.0,2685286037.7331634,2026-07-14
2023-03-15,sz.002827,高争民爆,9.78761232,9.96187248,9.9715536,9.78761232,2554150,26125308.0,0.9254,2.3881,276004971.0,2749526324.948098,2026-07-14
2023-03-16,sz.002827,高争民爆,9.923148,9.7295256,9.923148,9.7295256,1783400,18071681.0,0.6462,-2.3324,275982668.0,2685180433.462301,2026-07-14
2023-03-17,sz.002827,高争民爆,9.8263368,9.81665568,9.89410464,9.7295256,1962650,19903136.0,0.7111,0.8955,276001969.0,2709416296.675034,2026-07-14
2023-03-20,sz.002827,高争民爆,9.8263368,9.81665568,9.8263368,9.7295256,1571750,15890466.0,0.5695,0.0,275987709.0,2709276311.165037,2026-07-14
2023-03-21,sz.002827,高争民爆,9.84569904,9.95219136,9.96187248,9.79729344,2068450,21136873.5,0.7494,1.3807,276014145.0,2746945589.106787,2026-07-14
2023-03-22,sz.002827,高争民爆,9.93282912,9.94251024,10.01027808,9.91346688,2018500,20742993.0,0.7313,-0.0973,276015315.0,2744285095.7843256,2026-07-14
2023-03-23,sz.002827,高争民爆,9.90378576,9.923148,10.00059696,9.8263368,2122820,21648005.6,0.7691,-0.1947,276013522.0,2738923028.8072557,2026-07-14
2023-03-24,sz.002827,高争民爆,9.91346688,9.9715536,9.98123472,9.8747424,1990100,20409136.0,0.7211,0.4878,275981140.0,2751960730.099104,2026-07-14
2023-03-27,sz.002827,高争民爆,9.9715536,10.03932144,10.07804592,9.7779312,4505854,46162685.1,1.6326,0.6796,275992527.0,2770777693.590879,2026-07-14
2023-03-28,sz.002827,高争民爆,9.98123472,10.09740816,10.2135816,9.90378576,4953021,51495705.5,1.7946,0.5786,275995821.0,2786842455.0912995,2026-07-14
2023-03-29,sz.002827,高争民爆,10.09740816,10.00059696,10.165176,9.91346688,3952970,40969070.3,1.4322,-0.9588,276006843.0,2760233195.044997,2026-07-14
2023-03-30,sz.002827,高争民爆,10.04900256,9.8263368,10.0683648,9.80697456,2780170,28447012.9,1.0073,-1.7425,276002184.0,2712090417.5195713,2026-07-14
2023-03-31,sz.002827,高争民爆,9.85538016,9.91346688,9.9715536,9.8263368,1952894,20007398.0,0.7076,0.8867,275988412.0,2736001981.6257944,2026-07-14
2023-04-03,sz.002827,高争民爆,9.91346688,9.95219136,9.99091584,9.8263368,3095300,31725093.5,1.1215,0.3906,275996433.0,2746769315.893419,2026-07-14
2023-04-04,sz.002827,高争民爆,9.95219136,10.02964032,10.04900256,9.86506128,3501750,36001071.2,1.2688,0.7782,275989124.0,2768071645.95188,2026-07-14
2023-04-06,sz.002827,高争民爆,10.00059696,10.3103928,10.5040152,9.9715536,12372334,131792610.7,4.4827,2.7992,276001829.0,2845687270.5084314,2026-07-14
2023-04-07,sz.002827,高争民爆,10.3103928,10.34911728,10.47497184,10.2135816,5682074,60567792.7,2.0587,0.3756,276003012.0,2856387540.821247,2026-07-14
2023-04-10,sz.002827,高争民爆,10.28134944,10.41688512,10.5040152,10.165176,5604904,59909394.12,2.0308,0.6548,275994879.0,2875006948.2513003,2026-07-14
2023-04-11,sz.002827,高争民爆,10.41688512,10.49433408,10.58146416,10.28134944,6192650,66730421.0,2.2437,0.7435,276001694.0,2896453983.4819317,2026-07-14
2023-04-12,sz.002827,高争民爆,10.58146416,11.16233136,11.28818592,10.407204,24582917,277152462.47,8.9069,6.3653,275998574.0,3080787537.8754807,2026-07-14
2023-04-13,sz.002827,高争民爆,11.133288,12.27566016,12.27566016,11.133288,25159982,311098820.39,9.1159,9.974,276001075.0,3388095400.494672,2026-07-14
2023-04-14,sz.002827,高争民爆,12.74035392,11.97554544,13.5051624,11.3269104,40490798,523481722.86,14.6706,-2.4448,275999605.0,3305245811.099551,2026-07-14
2023-04-17,sz.002827,高争民爆,11.79160416,12.18853008,12.50800704,11.79160416,23960132,300107583.32,8.6812,1.7785,276000230.0,3364037105.4419184,2026-07-14
2023-04-18,sz.002827,高争民爆,11.617344,11.59798176,11.98522656,11.35595376,20982459,251391586.23,7.6023,-4.8451,276001460.0,3201059898.8133698,2026-07-14
2023-04-19,sz.002827,高争民爆,11.68511184,12.3918336,12.75003504,11.55925728,24445940,306264061.42,8.8572,6.8447,276000768.0,3420155590.528205,2026-07-14
2023-04-20,sz.002827,高争民爆,12.11108112,12.13044336,12.14012448,11.64638736,16948480,208560368.28,6.1408,-2.1094,275997916.0,3347977087.5160375,2026-07-14
2023-04-21,sz.002827,高争民爆,11.9561832,11.88841536,12.56609376,11.617344,17023730,210901332.3,6.168,-1.9952,276000811.0,3281212280.8648567,2026-07-14
2023-04-24,sz.002827,高争民爆,11.5689384,11.7141552,11.78192304,11.15265024,12862300,153338671.0,4.6603,-1.4658,275997253.0,3233074656.4156656,2026-07-14
2023-04-25,sz.002827,高争民爆,11.7141552,11.10424464,11.93682096,11.02679568,13876080,162405584.5,5.0276,-5.2066,275998091.0,3064750322.636982,2026-07-14
2023-04-26,sz.002827,高争民爆,11.15265024,10.75572432,11.2300992,10.59114528,10399800,116224628.0,3.768,-3.1386,276003185.0,2968614169.3019595,2026-07-14
2023-04-27,sz.002827,高争民爆,10.82349216,10.59114528,10.82349216,10.53305856,5942350,65520244.5,2.153,-1.5302,276003251.0,2923190529.093305,2026-07-14
2023-04-28,sz.002827,高争民爆,10.63955088,10.86221664,10.92030336,10.58146416,5915300,66049987.0,2.1432,2.5594,276003173.0,2998006258.4533987,2026-07-14
2023-05-04,sz.002827,高争民爆,10.91062224,11.00743344,11.09456352,10.77508656,5505700,62290065.0,1.9948,1.3369,276002607.0,3038080325.818978,2026-07-14
2023-05-05,sz.002827,高争民爆,10.90094112,10.82349216,10.96870896,10.6008264,5270200,58561455.0,1.9095,-1.6711,275998953.0,2987272503.963709,2026-07-14
2023-05-08,sz.002827,高争民爆,10.89126,11.133288,11.2300992,10.85253552,8868050,101080087.5,3.2131,2.8623,275996701.0,3072750759.282888,2026-07-14
2023-05-09,sz.002827,高争民爆,11.133288,11.00743344,11.1816936,10.8428544,5754348,65316166.72,2.0849,-1.1304,276001151.0,3038064298.995889,2026-07-14
2023-05-10,sz.002827,高争民爆,10.9880712,10.92030336,11.22041808,10.82349216,8629448,98184205.12,3.1266,-0.7916,276001023.0,3014014898.8303375,2026-07-14
2023-05-11,sz.002827,高争民爆,10.92998448,11.06552016,11.11392576,10.81381104,5284550,59931033.0,1.9147,1.3298,275998851.0,3054070849.877336,2026-07-14
2023-05-12,sz.002827,高争民爆,10.99775232,11.0848824,11.22041808,10.9880712,4211730,48237379.8,1.526,0.175,275998034.0,3059405749.5212016,2026-07-14
2023-05-15,sz.002827,高争民爆,11.02679568,11.23978032,11.25914256,10.92030336,5620050,64419844.0,2.0363,1.3974,275993223.0,3102103196.328771,2026-07-14
2023-05-16,sz.002827,高争民爆,11.2300992,11.07520128,11.31722928,11.05583904,3481500,40138239.0,1.2614,-1.4643,276002854.0,3056787161.9044533,2026-07-14
2023-05-17,sz.002827,高争民爆,11.11392576,11.19137472,11.20105584,11.00743344,2888600,33119001.0,1.0466,1.049,275998471.0,3088802311.108053,2026-07-14
2023-05-18,sz.002827,高争民爆,11.14296912,11.06552016,11.1816936,11.00743344,3294200,37703094.5,1.1936,-1.1246,275988606.0,3053957483.623297,2026-07-14
2023-05-19,sz.002827,高争民爆,11.04615792,11.09456352,11.12360688,10.88157888,3125650,35502356.0,1.1325,0.2625,275995585.0,3062050549.022059,2026-07-14
2023-05-22,sz.002827,高争民爆,10.97839008,11.133288,11.17201248,10.89126,2867500,32784789.5,1.0389,0.349,276013091.0,3072933233.873208,2026-07-14
2023-05-23,sz.002827,高争民爆,11.22041808,11.57861952,11.93682096,11.05583904,15468300,185605285.5,5.6045,4.0,275997859.0,3195674197.6956077,2026-07-14
2023-05-24,sz.002827,高争民爆,11.5205328,11.34627264,11.54957616,11.20105584,8016740,93994018.6,2.9046,-2.0067,276001515.0,3131588438.2430496,2026-07-14
2023-05-25,sz.002827,高争民爆,11.31722928,10.9880712,11.33659152,10.77508656,8176300,92544569.5,2.9624,-3.157,276002565.0,3032735835.602628,2026-07-14
2023-05-26,sz.002827,高争民爆,11.06552016,11.02679568,11.1816936,10.62018864,6132750,68796931.0,2.222,0.3524,276001350.0,3043410493.854168,2026-07-14
2023-05-29,sz.002827,高争民爆,10.9880712,10.59114528,11.02679568,10.59114528,3922300,43590904.0,1.4211,-3.9508,276004504.0,2923203799.798341,2026-07-14
2023-05-30,sz.002827,高争民爆,10.73636208,10.73636208,10.73636208,10.49433408,2927000,32131187.0,1.0605,1.3711,276001886.0,2963256182.858883,2026-07-14
2023-05-31,sz.002827,高争民爆,10.7460432,11.8109664,11.8109664,10.6976376,6105500,73195900.0,2.2121,10.009,276004701.0,3259882249.7530465,2026-07-14
2023-06-01,sz.002827,高争民爆,11.58830064,11.69479296,12.20789232,11.53021392,17980600,218999902.5,6.5147,-0.9836,276000430.0,3227767885.7209725,2026-07-14
2023-06-02,sz.002827,高争民爆,11.63670624,11.859372,11.94650208,11.55925728,11419200,139038059.5,4.1374,1.4073,275999420.0,3273179793.56424,2026-07-14
2023-06-05,sz.002827,高争民爆,11.75287968,11.97554544,12.0045888,11.75287968,8902450,109650835.5,3.2255,0.9796,276002170.0,3305276528.373605,2026-07-14
2023-06-06,sz.002827,高争民爆,11.98522656,11.5689384,12.08203776,11.5205328,7445050,90146657.5,2.6975,-3.3953,275998146.0,3193005549.5882063,2026-07-14
2023-06-07,sz.002827,高争民爆,11.72383632,11.70447408,11.79160416,11.5205328,5029950,60501321.0,1.8224,1.1715,276006914.0,3230515770.8137894,2026-07-14
2023-06-08,sz.002827,高争民爆,11.63670624,11.65606848,11.80128528,11.54957616,4295800,51858958.0,1.5564,-0.4136,276008738.0,3217176751.2063785,2026-07-14
2023-06-09,sz.002827,高争民爆,11.64638736,11.68511184,11.89809648,11.59798176,4568770,55163987.4,1.6554,0.2492,275991905.0,3224996276.859655,2026-07-14
2023-06-12,sz.002827,高争民爆,11.69479296,11.7625608,11.87873424,11.43340272,5933050,71680168.0,2.1497,0.6628,275994325.0,3246400028.26746,2026-07-14
2023-06-13,sz.002827,高争民爆,11.69479296,11.1816936,11.70447408,11.06552016,10217400,118609576.0,3.702,-4.9383,275996759.0,3086111193.7310424,2026-07-14
2023-06-14,sz.002827,高争民爆,11.1816936,11.25914256,11.2785048,11.01711456,5101150,58913265.0,1.8482,0.6926,276006385.0,3107595236.185246,2026-07-14
2023-06-15,sz.002827,高争民爆,11.14296912,11.21073696,11.30754816,11.04615792,4241000,48932698.0,1.5366,-0.4299,275998959.0,3094151730.5828247,2026-07-14
2023-06-16,sz.002827,高争民爆,11.2300992,11.3269104,11.69479296,11.22041808,7820850,92518582.0,2.8336,1.0363,276004023.0,3126272838.560539,2026-07-14
2023-06-19,sz.002827,高争民爆,11.33659152,11.09456352,11.43340272,10.96870896,6440803,74029425.61,2.3336,-2.0513,276002871.0,3062131384.0118656,2026-07-14
2023-06-20,sz.002827,高争民爆,11.01711456,10.82349216,11.05583904,10.81381104,3664100,41230527.0,1.3276,-2.4433,275994275.0,2987221871.667384,2026-07-14
2023-06-21,sz.002827,高争民爆,10.75572432,10.80412992,11.02679568,10.75572432,5036350,56607528.5,1.8248,-0.1789,275994630.0,2981881839.7423296,2026-07-14
2023-06-26,sz.002827,高争民爆,10.77508656,10.8428544,10.89126,10.649232,3804550,42351255.6,1.3785,0.3584,275992020.0,2992541288.421888,2026-07-14
2023-06-27,sz.002827,高争民爆,10.7944488,11.133288,11.20105584,10.7460432,4978100,56903560.0,1.8037,2.6786,275993791.0,3072718361.4148083,2026-07-14
2023-06-28,sz.002827,高争民爆,11.133288,11.00743344,11.15265024,10.73636208,3826450,43170206.5,1.3864,-1.1304,275998990.0,3038040511.9322257,2026-07-14
2023-06-29,sz.002827,高争民爆,10.9396656,11.21073696,11.25914256,10.92030336,3668870,42172808.9,1.3293,1.847,276000150.0,3094165082.5705442,2026-07-14
2023-06-30,sz.002827,高争民爆,11.21073696,11.17201248,11.28818592,11.15265024,2973800,34387699.0,1.0775,-0.3454,275990719.0,3083371757.032173,2026-07-14
2023-07-03,sz.002827,高争民爆,11.59798176,11.40435936,11.7625608,11.2300992,7637970,90007368.0,2.7674,2.0797,275998049.0,3147580933.454889,2026-07-14
2023-07-04,sz.002827,高争民爆,11.15265024,11.64638736,11.79160416,11.12360688,9360364,110979871.66,3.3914,2.1222,276002949.0,3214437256.556325,2026-07-14
2023-07-05,sz.002827,高争民爆,11.57776816,11.88167232,11.95029584,11.50914464,10173450,122386807.5,3.686,2.0202,276002442.0,3279370575.3638053,2026-07-14
2023-07-06,sz.002827,高争民爆,11.78363872,11.53855472,11.78363872,11.44052112,5928300,69833634.5,2.1479,-2.8878,276004469.0,3184692668.521044,2026-07-14
2023-07-07,sz.002827,高争民爆,11.49934128,11.55816144,11.6659984,11.38170096,3959100,46560494.0,1.4345,0.1699,275991635.0,3189955873.419554,2026-07-14
2023-07-10,sz.002827,高争民爆,11.50914464,11.57776816,11.6169816,11.4699312,2639750,31071212.0,0.9564,0.1696,276008992.0,3195568119.4512944,2026-07-14
2023-07-11,sz.002827,高争民爆,11.5679648,11.49934128,11.59737488,11.46012784,2822500,33135738.0,1.0226,-0.6774,276012126.0,3173957634.2923613,2026-07-14
2023-07-12,sz.002827,高争民爆,11.47973456,11.3228808,11.518948,11.30327408,2793350,32525372.5,1.0121,-1.5345,275995455.0,3125063638.306764,2026-07-14
2023-07-13,sz.002827,高争民爆,11.3228808,11.48953792,11.48953792,11.273864,2789050,32410725.5,1.0105,1.4719,276006927.0,3171192053.949172,2026-07-14
2023-07-14,sz.002827,高争民爆,11.4209144,11.53855472,11.60717824,11.33268416,2215950,25991166.0,0.8029,0.4266,275993274.0,3184563494.4009533,2026-07-14
2023-07-17,sz.002827,高争民爆,11.52875136,11.39150432,11.53855472,11.20524048,2242550,25957998.0,0.8125,-1.2744,276006154.0,3144125295.637585,2026-07-14
2023-07-18,sz.002827,高争民爆,11.33268416,11.43071776,11.48953792,11.3228808,1940779,22585073.4,0.7032,0.3442,275992463.0,3154791948.440243,2026-07-14
2023-07-19,sz.002827,高争民爆,11.4209144,11.45032448,11.53855472,11.28366736,1960900,22817522.0,0.7105,0.1715,275988740.0,3160160625.8263555,2026-07-14
2023-07-20,sz.002827,高争民爆,11.4209144,11.36209424,11.5679648,11.34248752,2151550,25108676.0,0.7795,-0.7705,276016677.0,3136127495.88564,2026-07-14
2023-07-21,sz.002827,高争民爆,11.36209424,11.4209144,11.7150152,11.31307744,3285195,38597318.75,1.1903,0.5177,275997228.0,3152140715.625283,2026-07-14
2023-07-24,sz.002827,高争民爆,11.39150432,11.29347072,11.44052112,11.2248472,2329400,26842080.0,0.844,-1.1159,275995261.0,3116944398.962258,2026-07-14
2023-07-25,sz.002827,高争民爆,11.3718976,11.52875136,11.53855472,11.3228808,2388300,27966301.0,0.8653,2.0833,276008321.0,3182031306.100066,2026-07-14
2023-07-26,sz.002827,高争民爆,11.5679648,11.62678496,11.70521184,11.48953792,3026790,35820220.0,1.0967,0.8503,275990699.0,3208884508.233087,2026-07-14
2023-07-27,sz.002827,高争民爆,11.62678496,11.36209424,11.62678496,11.3228808,2814300,32877666.0,1.0197,-2.2766,275992939.0,3135857782.4925714,2026-07-14
2023-07-28,sz.002827,高争民爆,11.29347072,11.11701024,11.3718976,10.98956656,3594400,40824848.0,1.3023,-2.157,276003993.0,3068339216.4618883,2026-07-14
2023-07-31,sz.002827,高争民爆,11.18563376,11.41111104,11.5679648,11.1268136,4647500,53831645.0,1.6839,2.6455,275996199.0,3149423273.406937,2026-07-14
2023-08-01,sz.002827,高争民爆,11.33268416,11.26406064,11.35229088,11.13661696,3266000,37383435.0,1.1833,-1.2887,276007775.0,3108968314.711476,2026-07-14
2023-08-02,sz.002827,高争民爆,11.1758304,11.24445392,11.26406064,11.1268136,1674000,19104242.0,0.6065,-0.1741,276009893.0,3103580523.3026304,2026-07-14
2023-08-03,sz.002827,高争民爆,11.21504384,11.16602704,11.2248472,11.1268136,2003300,22810728.0,0.7258,-0.6975,276012676.0,3081965003.5987587,2026-07-14
2023-08-04,sz.002827,高争民爆,11.2248472,11.21504384,11.30327408,11.1758304,1767400,20233377.0,0.6404,0.439,275983760.0,3095169967.5280385,2026-07-14
2023-08-07,sz.002827,高争民爆,11.23465056,11.0777968,11.29347072,11.06799344,2498600,28363809.0,0.9053,-1.2238,275996907.0,3057437653.1744976,2026-07-14
2023-08-08,sz.002827,高争民爆,11.0777968,11.18563376,11.23465056,11.04838672,2127650,24249565.0,0.7709,0.9735,275995590.0,3087185589.1151185,2026-07-14
2023-08-09,sz.002827,高争民爆,11.05819008,10.89153296,11.20524048,10.8817296,2692600,30196332.0,0.9756,-2.6293,275994260.0,3006000579.5608096,2026-07-14
2023-08-10,sz.002827,高争民爆,10.95035312,10.9797632,11.01897664,10.8817296,1117700,12500159.0,0.405,0.8101,275975309.0,3030143541.866829,2026-07-14
2023-08-11,sz.002827,高争民爆,10.9797632,10.8327128,11.06799344,10.82290944,1297700,14473331.0,0.4702,-1.3393,275988941.0,2989708933.8291445,2026-07-14
2023-08-14,sz.002827,高争民爆,10.8327128,11.10720688,11.11701024,10.69546576,2522150,28141955.5,0.9138,2.5339,276006785.0,3065664461.278681,2026-07-14
2023-08-15,sz.002827,高争民爆,11.13661696,11.06799344,11.29347072,11.01897664,2450100,27809650.0,0.8877,-0.353,276005407.0,3054826034.08053,2026-07-14
2023-08-16,sz.002827,高争民爆,11.05819008,10.81310608,11.10720688,10.79349936,2361400,26335323.0,0.8556,-2.3029,275993455.0,2984346506.3007064,2026-07-14
2023-08-17,sz.002827,高争民爆,10.84251616,10.95035312,10.96015648,10.6366456,2249883,24835540.28,0.8152,1.2693,275991536.0,3022204777.3311925,2026-07-14
2023-08-18,sz.002827,高争民爆,10.96015648,10.783696,11.05819008,10.77389264,1812100,20189227.0,0.6566,-1.5219,275982333.0,2976109580.442768,2026-07-14
2023-08-21,sz.002827,高争民爆,10.77389264,10.6366456,10.87192624,10.60723552,2658600,29130523.0,0.9633,-1.3636,275988789.0,2935594938.166178,2026-07-14
2023-08-22,sz.002827,高争民爆,10.72487584,10.67585904,10.72487584,10.37195488,2856800,30616684.0,1.0351,0.3687,275992658.0,2946458712.8829284,2026-07-14
2023-08-23,sz.002827,高争民爆,10.65625232,10.45038176,10.67585904,10.41116832,1883150,20252310.5,0.6823,-2.112,276000293.0,2884308427.721856,2026-07-14
2023-08-24,sz.002827,高争民爆,10.538612,10.54841536,10.64644896,10.37195488,1713650,18407285.5,0.6209,0.9381,275994524.0,2911304876.2374887,2026-07-14
2023-08-25,sz.002827,高争民爆,10.46998848,10.35234816,10.65625232,10.293528,2381798,25406459.92,0.863,-1.8587,275990498.0,2857149724.1477838,2026-07-14
2023-08-28,sz.002827,高争民爆,10.783696,10.43077504,10.86212288,10.42097168,2935036,31792526.29,1.0634,0.7576,276004890.0,2878944917.529946,2026-07-14
2023-08-29,sz.002827,高争民爆,10.43077504,10.7346792,10.75428592,10.40136496,2429050,26412221.0,0.8801,2.9135,275997046.0,2962739748.9576435,2026-07-14
2023-08-30,sz.002827,高争民爆,10.7346792,10.80330272,10.91113968,10.7346792,2790624,30805553.12,1.0111,0.6393,275998813.0,2981698727.1996713,2026-07-14
2023-08-31,sz.002827,高争民爆,10.81310608,10.72487584,10.81310608,10.65625232,1750050,19126459.5,0.6341,-0.726,275989592.0,2959954107.3322573,2026-07-14
2023-09-01,sz.002827,高争民爆,10.70526912,10.79349936,10.8327128,10.66605568,1857500,20390561.0,0.673,0.6399,276002972.0,2979037901.640098,2026-07-14
2023-09-04,sz.002827,高争民爆,10.80330272,10.99936992,10.99936992,10.80330272,2275306,25396790.96,0.8244,1.9074,275995391.0,3035775401.8240385,2026-07-14
2023-09-05,sz.002827,高争民爆,11.06799344,10.98956656,11.0777968,10.87192624,1954750,21883519.5,0.7082,-0.0891,276016662.0,3033303478.718023,2026-07-14
2023-09-06,sz.002827,高争民爆,11.02878,11.03858336,11.09740352,10.90133632,2100420,23649466.7,0.761,0.446,276007884.0,3046736035.5512104,2026-07-14
2023-09-07,sz.002827,高争民爆,11.06799344,10.90133632,11.1758304,10.90133632,1871421,21012736.73,0.6781,-1.2433,275980091.0,3008551789.6152053,2026-07-14
2023-09-08,sz.002827,高争民爆,10.84251616,10.84251616,11.00917328,10.80330272,1270700,14091884.0,0.4604,-0.5396,275999131.0,2992525038.0134573,2026-07-14
2023-09-11,sz.002827,高争民爆,10.8327128,11.01897664,11.30327408,10.75428592,6124750,69154591.5,2.2191,1.6275,276001532.0,3041254433.7122126,2026-07-14
2023-09-12,sz.002827,高争民爆,10.9797632,10.96995984,11.02878,10.84251616,3635400,40535549.0,1.3172,-0.4448,275994534.0,3027648954.0395145,2026-07-14
2023-09-13,sz.002827,高争民爆,11.03858336,11.1268136,11.35229088,10.98956656,5476491,62192930.96,1.9842,1.4298,276004989.0,3071056065.2730503,2026-07-14
2023-09-14,sz.002827,高争民爆,11.04838672,10.95035312,11.06799344,10.82290944,3374100,37589058.5,1.2225,-1.5859,276000000.0,3022297461.1200004,2026-07-14
2023-09-15,sz.002827,高争民爆,10.92094304,11.13661696,11.3718976,10.85231952,7517647,85324293.42,2.7238,1.701,275998495.0,3073689520.3514752,2026-07-14
2023-09-18,sz.002827,高争民爆,11.01897664,11.24445392,11.35229088,10.80330272,8607552,98203787.78,3.1187,0.9683,275998076.0,3103447647.5906577,2026-07-14
2023-09-19,sz.002827,高争民爆,11.2248472,12.009116,12.37184032,11.05819008,23449970,278950896.5,8.4964,6.8003,275998894.0,3314502733.917704,2026-07-14
2023-09-20,sz.002827,高争民爆,11.63658832,11.9110824,12.19537984,11.53855472,18683459,227081924.91,6.7694,-0.8163,275998744.0,3287443782.0805054,2026-07-14
2023-09-21,sz.002827,高争民爆,11.67580176,12.17577312,12.4012504,11.67580176,18693765,230852011.7,6.7731,2.2222,276000133.0,3360515000.497825,2026-07-14
2023-09-22,sz.002827,高争民爆,11.88167232,11.73462192,12.04832944,11.49934128,15052170,179591403.09,5.4537,-3.6232,275999230.0,3238746614.2611217,2026-07-14
2023-09-25,sz.002827,高争民爆,11.6169816,11.75422864,11.9600992,11.4209144,12057602,143926550.36,4.3687,0.1671,275999771.0,3244164412.9216413,2026-07-14
2023-09-26,sz.002827,高争民爆,11.62678496,11.8130488,12.03852608,11.34248752,14332850,171510583.5,5.1931,0.5004,275997959.0,3260377358.367399,2026-07-14
2023-09-27,sz.002827,高争民爆,11.67580176,12.44046384,12.60712096,11.518948,22367407,278965368.95,8.1042,5.3112,275997717.0,3433539618.261053,2026-07-14
2023-09-28,sz.002827,高争民爆,12.16596976,12.744368,13.0384688,12.02872272,20119227,256458901.61,7.2896,2.4429,275999053.0,3517433499.0835037,2026-07-14
2023-10-09,sz.002827,高争民爆,12.5483008,12.499284,12.9404352,12.37184032,14465024,186054623.39,5.241,-1.9231,275997405.0,3449769948.35802,2026-07-14
2023-10-10,sz.002827,高争民爆,12.46007056,12.06793616,12.62672768,12.03852608,11938117,148865088.11,4.3254,-3.451,276000301.0,3330754012.608784,2026-07-14
2023-10-11,sz.002827,高争民爆,12.52869408,12.68554784,12.9404352,12.22478992,15815647,204056770.32,5.7303,5.1178,276000332.0,3501215415.441883,2026-07-14
2023-10-12,sz.002827,高争民爆,12.36203696,12.43066048,12.50908736,12.17577312,9347650,117413061.5,3.3868,-2.0093,276002421.0,3430892387.109022,2026-07-14
2023-10-13,sz.002827,高争民爆,12.3522336,13.6756872,13.6756872,12.2542,19949647,271067252.65,7.2282,10.0158,275997441.0,3774454671.1164556,2026-07-14
2023-10-16,sz.002827,高争民爆,13.73450736,15.0481576,15.0481576,13.73450736,22575597,332534373.33,8.1796,10.0358,275998790.0,4153273289.3293037,2026-07-14
2023-10-17,sz.002827,高争民爆,14.9991408,14.43054592,14.9991408,13.724704,26888158,396513709.0,9.7421,-4.1042,275999610.0,3982825046.007091,2026-07-14
2023-10-18,sz.002827,高争民爆,14.5089728,14.35211904,14.8030736,13.98939472,16859447,247421150.83,6.1085,-0.5435,275999787.0,3961181798.0386443,2026-07-14
2023-10-19,sz.002827,高争民爆,14.03841152,13.37178304,14.20506864,13.01886208,19690263,272742578.83,7.1342,-6.8306,275998192.0,3690587942.8562636,2026-07-14
2023-10-20,sz.002827,高争民爆,13.724704,14.214872,14.70504,12.9404352,24485510,348149888.22,8.8716,6.305,275998805.0,3923287685.22796,2026-07-14
2023-10-23,sz.002827,高争民爆,14.07762496,13.66588384,14.79327024,13.51883344,17621150,251211356.5,6.3845,-3.8621,275998904.0,3771768962.031311,2026-07-14
2023-10-24,sz.002827,高争民爆,13.66588384,15.02855088,15.02855088,13.66588384,10404950,153443207.5,3.7699,9.9713,276000690.0,4147890412.5801067,2026-07-14
2023-10-25,sz.002827,高争民爆,16.52846496,15.4893088,16.52846496,15.2932416,43478493,713624085.89,15.7531,3.0659,275999600.0,4275043033.07648,2026-07-14
2023-10-26,sz.002827,高争民爆,14.81287696,15.685376,15.81281968,14.81287696,26448717,410956857.7,9.5829,1.2658,275999092.0,4329149533.678592,2026-07-14
2023-10-27,sz.002827,高争民爆,15.01874752,17.2539136,17.2539136,14.96973072,30286302,513481075.85,10.9733,10.0,275999945.0,4762079204.634752,2026-07-14
2023-10-30,sz.002827,高争民爆,16.7637456,17.23430688,18.3322832,16.75394224,32990309,588932071.2,11.9531,-0.1136,275997934.0,4756633092.801986,2026-07-14
2023-10-31,sz.002827,高争民爆,17.2539136,18.41071008,18.49894032,16.75394224,26043462,472424917.32,9.4361,6.8259,275998156.0,5081322032.730613,2026-07-14
2023-11-01,sz.002827,高争民爆,17.61663792,17.29312704,18.49894032,17.26371696,23560039,429450688.0,8.5363,-6.0703,275998255.0,4772872886.533316,2026-07-14
2023-11-02,sz.002827,高争民爆,16.85197584,16.94020608,17.5480144,16.5186616,16987850,290967557.9,6.155,-2.0408,276000812.0,4675510633.527337,2026-07-14
2023-11-03,sz.002827,高争民爆,16.54807168,16.4696448,17.07745312,15.98928016,17795690,299707674.3,6.4477,-2.7778,276000589.0,4545631665.420788,2026-07-14
2023-11-06,sz.002827,高争民爆,16.5676784,16.99902624,17.15588,16.175544,15009302,256915493.26,5.4382,3.2143,275997610.0,4691690614.5672865,2026-07-14
2023-11-07,sz.002827,高争民爆,16.8127624,17.70486816,18.07739584,16.8127624,18508390,332349788.2,6.706,4.1522,275997465.0,4886498730.319215,2026-07-14
2023-11-08,sz.002827,高争民爆,17.44017744,18.0871992,18.11660928,17.34214384,14480640,261180574.14,5.2466,2.1595,276000457.0,4992075245.0500345,2026-07-14
2023-11-09,sz.002827,高争民爆,17.88132864,17.646048,17.9891656,17.4499808,8018300,143998123.0,2.9052,-2.439,275998210.0,4870277661.57408,2026-07-14
2023-11-10,sz.002827,高争民爆,17.83231184,17.28332368,17.8421152,17.16568336,7999450,142577754.5,2.8984,-2.0556,275995377.0,4770117434.874627,2026-07-14
2023-11-13,sz.002827,高争民爆,17.16568336,18.02837904,18.61658064,17.11666656,14795023,268748140.64,5.3605,4.3108,276000802.0,4975847073.799991,2026-07-14
2023-11-14,sz.002827,高争民爆,18.00877232,18.79304112,19.27340576,17.4989976,20672518,388093147.37,7.4901,4.2414,275997891.0,5186839714.596278,2026-07-14
2023-11-15,sz.002827,高争民爆,18.45972688,17.4499808,18.51854704,17.3029304,17690650,319647157.2,6.4097,-7.1466,275998097.0,4816161493.486537,2026-07-14
2023-11-16,sz.002827,高争民爆,17.3519472,17.29312704,17.58722784,17.03823968,8349270,147848700.64,3.0251,-0.8989,275999802.0,4772899639.000847,2026-07-14
2023-11-17,sz.002827,高争民爆,17.29312704,17.24411024,17.31273376,16.95000944,6695453,116880705.74,2.4259,-0.2834,275998722.0,4759352388.267114,2026-07-14
2023-11-20,sz.002827,高争民爆,17.22450352,17.4499808,17.4989976,17.1068632,5682750,100351559.0,2.059,1.1939,275995629.0,4816118426.933923,2026-07-14
2023-11-21,sz.002827,高争民爆,17.400964,17.4499808,18.136216,17.38135728,8483800,153211654.5,3.0739,0.0,275994665.0,4816101605.1524315,2026-07-14
2023-11-22,sz.002827,高争民爆,17.38135728,16.83236912,17.52840768,16.5676784,10004050,173486607.86,3.6247,-3.5393,275996634.0,4645677219.365541,2026-07-14
2023-11-23,sz.002827,高争民爆,16.83236912,16.77354896,17.3519472,16.69512208,8428050,146364218.0,3.0537,-0.3494,275994695.0,4629410529.282767,2026-07-14
2023-11-24,sz.002827,高争民爆,16.75394224,16.65590864,16.910796,16.57748176,4856750,82693218.5,1.7597,-0.7013,275998750.0,4597009964.7542,2026-07-14
2023-11-27,sz.002827,高争民爆,16.65590864,16.82256576,17.1068632,16.5186616,5493600,93878431.5,1.9904,1.0006,276004823.0,4643109284.99466,2026-07-14
2023-11-28,sz.002827,高争民爆,16.9598128,17.15588,17.31273376,16.5676784,5234060,91024664.8,1.8964,1.9814,275999789.0,4735019260.10932,2026-07-14
2023-11-29,sz.002827,高争民爆,17.15588,18.0381824,18.871468,17.15588,21576833,406763268.8,7.8177,5.1429,275999757.0,4978533959.121676,2026-07-14
2023-11-30,sz.002827,高争民爆,18.5773672,17.94995216,18.9204848,17.82250848,13374992,248928833.74,4.846,-0.4891,276000660.0,4954198643.128426,2026-07-14
2023-12-01,sz.002827,高争民爆,18.09700256,17.81270512,18.22444624,17.6950648,7022420,127879273.9,2.5444,-0.7646,275995127.0,4916219811.80795,2026-07-14
2023-12-04,sz.002827,高争民爆,17.66565472,17.78329504,17.9891656,17.4499808,6629019,119719889.09,2.4018,-0.1651,276002123.0,4908227184.975369,2026-07-14
2023-12-05,sz.002827,高争民爆,17.78329504,17.29312704,17.92054208,17.27352032,5133000,91709554.5,1.8598,-2.7563,275997419.0,4772858429.47911,2026-07-14
2023-12-06,sz.002827,高争民爆,17.29312704,17.4989976,17.71467152,17.15588,4618900,82499229.0,1.6735,1.1905,276002390.0,4829765160.204264,2026-07-14
2023-12-07,sz.002827,高争民爆,17.44017744,16.92059936,17.62644128,16.87158256,5536150,97168607.0,2.0059,-3.3053,275993320.0,4669972393.756275,2026-07-14
2023-12-08,sz.002827,高争民爆,16.95000944,16.420628,17.01863296,16.41082464,6282650,106931424.5,2.2763,-2.9548,276002724.0,4532138057.790672,2026-07-14
2023-12-11,sz.002827,高争民爆,16.52846496,16.35200448,16.57748176,16.0775104,6767000,112569631.5,2.4518,-0.4179,276001305.0,4513174575.845847,2026-07-14
2023-12-12,sz.002827,高争民爆,16.34220112,16.96961616,17.28332368,16.18534736,7532250,129240662.5,2.7291,3.777,275997582.0,4683573027.628125,2026-07-14
2023-12-13,sz.002827,高争民爆,16.99902624,16.89118928,17.12646992,16.7147288,4710900,81161051.0,1.7069,-0.4622,275991564.0,4661825747.207233,2026-07-14
2023-12-14,sz.002827,高争民爆,17.0088296,16.6166952,17.01863296,16.3716112,5890150,100021220.0,2.1341,-1.6251,276001593.0,4586234345.595453,2026-07-14
2023-12-15,sz.002827,高争民爆,16.59708848,16.40102128,16.64610528,16.0284936,4047100,67414710.0,1.4663,-1.2979,276007638.0,4526807144.280537,2026-07-14
2023-12-18,sz.002827,高争民爆,16.38141456,15.99908352,16.50885824,15.87163984,4704643,77454621.24,1.7046,-2.4507,275996891.0,4415697310.369336,2026-07-14
2023-12-19,sz.002827,高争民爆,16.08731376,15.96967344,16.13633056,15.86183648,2940100,47981902.0,1.0653,-0.1838,275987985.0,4407437993.813619,2026-07-14
2023-12-20,sz.002827,高争民爆,16.0284936,15.89124656,16.08731376,15.8814432,2534100,41301818.0,0.9182,-0.4911,275985624.0,4385755597.999454,2026-07-14
2023-12-21,sz.002827,高争民爆,15.90104992,15.7834096,16.08731376,15.6363592,4793200,77314461.0,1.7367,-0.6786,275994703.0,4356137444.879349,2026-07-14
2023-12-22,sz.002827,高争民爆,15.8324264,16.10692048,16.25397088,15.77360624,5066950,83150244.0,1.8359,2.0497,275992701.0,4445392488.067416,2026-07-14
2023-12-25,sz.002827,高争民爆,16.00888688,15.5383256,16.00888688,15.440292,5798748,92155900.76,2.101,-3.5301,275999429.0,4288568993.2160826,2026-07-14
2023-12-26,sz.002827,高争民爆,15.51871888,15.28343824,15.61675248,14.97953408,5844280,90880593.9,2.1175,-1.6404,275999055.0,4218214511.3908634,2026-07-14
2023-12-27,sz.002827,高争民爆,15.31284832,15.67557264,15.8324264,15.28343824,5744550,91211750.5,2.0814,2.5657,275994523.0,4326372193.528651,2026-07-14
2023-12-28,sz.002827,高争民爆,16.21475744,15.8814432,16.3716112,15.42068528,10009238,161280147.3,3.6266,1.3133,275995092.0,4383200377.076775,2026-07-14
2023-12-29,sz.002827,高争民爆,15.71478608,16.420628,16.64610528,15.56773568,10222850,168560434.0,3.7039,3.3951,276002322.0,4532131456.698216,2026-07-14
2024-01-02,sz.002827,高争民爆,16.41082464,16.82256576,16.95000944,16.0775104,8804150,149110325.5,3.1899,2.4478,276000815.0,4643041860.151094,2026-07-14
2024-01-03,sz.002827,高争民爆,16.665712,16.34220112,16.7637456,16.29318432,5705700,95897779.5,2.0673,-2.8555,275997678.0,4510409562.528999,2026-07-14
2024-01-04,sz.002827,高争民爆,16.34220112,16.420628,17.08725648,16.09711712,10762793,181271571.18,3.8996,0.4799,275997359.0,4532049961.121452,2026-07-14
2024-01-05,sz.002827,高争民爆,16.31279104,16.09711712,16.45984144,15.9794768,4381400,72329073.5,1.5875,-1.9701,275993701.0,4442702929.379261,2026-07-14
2024-01-08,sz.002827,高争民爆,15.9794768,16.47944816,16.88138592,15.75399952,9928615,167154352.38,3.5973,2.3752,276001863.0,4548358393.3719225,2026-07-14
2024-01-09,sz.002827,高争民爆,16.4696448,16.19515072,16.55787504,16.11672384,4979150,82753858.5,1.804,-1.7252,276006098.0,4469960356.749091,2026-07-14
2024-01-10,sz.002827,高争民爆,16.09711712,15.85203312,16.14613392,15.67557264,4708900,76265043.0,1.7061,-2.1186,276003751.0,4375220602.096233,2026-07-14
2024-01-11,sz.002827,高争民爆,15.67557264,15.64616256,15.95006672,15.5873424,5263534,84731590.77,1.9071,-1.2987,275996749.0,4318290000.885517,2026-07-14
2024-01-12,sz.002827,高争民爆,15.5873424,15.30304496,15.86183648,15.28343824,4179551,66031921.15,1.5143,-2.193,276005481.0,4223724284.9494257,2026-07-14
2024-01-15,sz.002827,高争民爆,15.43048864,15.81281968,16.1265272,15.32265168,4531250,73127688.0,1.6418,3.3312,275992813.0,4364224584.94496,2026-07-14
2024-01-16,sz.002827,高争民爆,15.81281968,15.59714576,15.87163984,15.40107856,4041250,64375715.5,1.4642,-1.3639,276003961.0,4304874010.054356,2026-07-14
2024-01-17,sz.002827,高争民爆,15.84222976,15.21481472,15.84222976,15.20501136,2154250,33946680.0,0.7805,-2.4513,276008969.0,4199425324.393224,2026-07-14
2024-01-18,sz.002827,高争民爆,15.26383152,15.2932416,15.36186512,14.63641648,4650500,70854641.0,1.685,0.5155,275994065.0,4220843916.211104,2026-07-14
2024-01-19,sz.002827,高争民爆,15.21481472,15.54812896,15.685376,15.15599456,4183850,65987879.0,1.5159,1.6667,275997757.0,4291248718.5067425,2026-07-14
2024-01-22,sz.002827,高争民爆,15.43048864,14.0188048,15.5383256,13.98939472,6685210,99333049.26,2.4222,-9.8361,275997440.0,3869154236.659712,2026-07-14
2024-01-23,sz.002827,高争民爆,14.00900144,14.25408544,14.4109392,13.83254096,3973700,57365476.0,1.4398,1.6783,275989721.0,3933981063.6957626,2026-07-14
2024-01-24,sz.002827,高争民爆,14.4109392,14.32270896,14.47956272,13.86195104,3047750,44162487.5,1.1043,0.4814,275989314.0,3952914620.4920535,2026-07-14
2024-01-25,sz.002827,高争民爆,14.3619224,14.950124,15.00894416,14.34231568,3100200,46631099.5,1.1233,4.3806,275990385.0,4126090478.55774,2026-07-14
2024-01-26,sz.002827,高争民爆,14.98933744,14.8030736,15.55793232,14.72464672,5187000,79954408.0,1.8794,-0.9836,275992338.0,4085534892.4500766,2026-07-14
2024-01-29,sz.002827,高争民爆,14.68543328,14.04821488,14.79327024,13.99919808,3943250,57466850.0,1.4287,-5.0993,276002660.0,3877344675.131581,2026-07-14
2024-01-30,sz.002827,高争民爆,14.0188048,13.90116448,14.49916944,13.78352416,4304510,61854980.2,1.5596,-1.0468,276000898.0,3836733879.7257032,2026-07-14
2024-01-31,sz.002827,高争民爆,14.00900144,13.25414272,14.12664176,13.11689568,6194000,85598231.0,2.2442,-4.6544,276000356.0,3658148109.1948085,2026-07-14
2024-02-01,sz.002827,高争民爆,13.11689568,12.78358144,13.24433936,12.55810416,6508400,85229535.0,2.3581,-3.5503,276001866.0,3528292331.6029673,2026-07-14
2024-02-02,sz.002827,高争民爆,12.8914184,12.08754288,12.8914184,11.67580176,6107350,76935514.0,2.2128,-5.4448,276000994.0,3336173849.897623,2026-07-14
2024-02-05,sz.002827,高争民爆,11.8130488,10.8817296,12.04832944,10.8817296,6720986,76453560.32,2.4351,-9.9757,276004517.0,3003406522.372603,2026-07-14
2024-02-06,sz.002827,高争民爆,10.66605568,10.71507248,11.25425728,9.8523768,7970950,85131395.5,2.888,-1.5315,276002424.0,2957385977.8156915,2026-07-14
2024-02-07,sz.002827,高争民爆,10.8817296,10.32293808,10.98956656,9.97982048,10058049,106733307.15,3.6442,-3.6597,276001564.0,2849147055.155157,2026-07-14
2024-02-08,sz.002827,高争民爆,10.38175824,11.35229088,11.35229088,10.03864064,9754870,106919582.0,3.5344,9.9715,275997906.0,3133208511.182897,2026-07-14
2024-02-19,sz.002827,高争民爆,11.764032,12.01891936,12.21498656,11.72481856,9142521,111533880.56,3.3125,5.8722,276000634.0,3317229363.354874,2026-07-14
2024-02-20,sz.002827,高争民爆,12.01891936,12.66594112,12.95023856,11.77383536,6853910,86341685.3,2.4833,5.3834,276000081.0,3495800775.0612307,2026-07-14
2024-02-21,sz.002827,高争民爆,12.56790752,13.00905872,13.60706368,12.46007056,7731989,104710238.0,2.8015,2.709,275994610.0,3590430087.8934994,2026-07-14
2024-02-22,sz.002827,高争民爆,12.91102512,13.5776536,13.65608048,12.91102512,6867900,94261184.0,2.4884,4.3708,275996624.0,3747386555.4414463,2026-07-14
2024-02-23,sz.002827,高争民爆,13.5776536,13.78352416,14.0188048,13.35217632,5589970,77839913.8,2.0254,1.5162,275993384.0,3804161476.3641577,2026-07-14
2024-02-26,sz.002827,高争民爆,13.70509728,13.5286368,13.95998464,13.39138976,6227950,86902697.5,2.2565,-1.8492,276000443.0,3733909749.986102,2026-07-14
2024-02-27,sz.002827,高争民爆,13.5776536,14.3129056,14.3619224,13.25414272,7287050,103349359.5,2.6402,5.7971,276003712.0,3950415075.1055875,2026-07-14
2024-02-28,sz.002827,高争民爆,14.42074256,13.3325696,15.22461808,13.16591248,8525050,123452311.0,3.0888,-6.8493,275998770.0,3679772810.539392,2026-07-14
2024-02-29,sz.002827,高争民爆,13.22473264,13.84234432,13.84234432,13.06787888,4837700,67032989.0,1.7528,3.8235,275998403.0,3820464926.0961213,2026-07-14
2024-03-01,sz.002827,高争民爆,14.0188048,15.22461808,15.22461808,13.95018128,10593300,161106874.0,3.8382,9.9858,275996561.0,4201942232.618423,2026-07-14
2024-03-04,sz.002827,高争民爆,15.18540464,15.685376,15.96967344,14.98933744,12743850,200985774.0,4.6174,3.0264,275996232.0,4329104673.503232,2026-07-14
2024-03-05,sz.002827,高争民爆,15.43048864,14.78346688,15.74419616,14.6070064,12200020,187995510.04,4.4203,-5.75,275999819.0,4080234183.072495,2026-07-14
2024-03-06,sz.002827,高争民爆,14.58739968,14.42074256,14.88150048,14.2638888,8219800,121570258.0,2.9782,-2.4536,275998926.0,3980109458.682491,2026-07-14
2024-03-07,sz.002827,高争民爆,14.68543328,14.62661312,15.05796096,14.32270896,8238500,123449051.0,2.985,1.4276,275996650.0,4036896221.9660482,2026-07-14
2024-03-08,sz.002827,高争民爆,14.82268032,15.69517936,16.08731376,14.70504,15976850,254176481.0,5.7887,7.3056,276000656.0,4331879799.39766,2026-07-14
2024-03-11,sz.002827,高争民爆,15.685376,15.5383256,15.82262304,15.30304496,8511450,134204497.0,3.0839,-0.9994,275996303.0,4288520420.410257,2026-07-14
2024-03-12,sz.002827,高争民爆,15.4893088,15.41088192,15.64616256,15.08737104,6513600,101870550.7,2.36,-0.8202,276000000.0,4253403409.92,2026-07-14
2024-03-13,sz.002827,高争民爆,15.41088192,15.31284832,15.59714576,15.10697776,5664550,88488348.0,2.0524,-0.6361,275996394.0,4226290918.188958,2026-07-14
2024-03-14,sz.002827,高争民爆,15.12658448,14.74425344,15.45989872,14.5089728,8539350,129418882.5,3.094,-3.7132,275997091.0,4069371058.406743,2026-07-14
2024-03-15,sz.002827,高争民爆,14.54818624,14.93051728,14.93051728,14.48936608,5381550,80616588.0,1.9498,1.2633,276005231.0,4120900870.8158917,2026-07-14
2024-03-18,sz.002827,高争民爆,14.92071392,15.3422584,15.46970208,14.84228704,6109343,94627790.13,2.2135,2.7577,276003750.0,4234520851.869,2026-07-14
2024-03-19,sz.002827,高争民爆,15.32265168,15.70498272,16.24416752,15.26383152,8791150,141768613.5,3.1852,2.3642,275999937.0,4334574241.306088,2026-07-14
2024-03-20,sz.002827,高争民爆,15.685376,16.30298768,16.5676784,15.4893088,9399322,154307479.46,3.4056,3.8077,275996065.0,4499560447.423479,2026-07-14
2024-03-21,sz.002827,高争民爆,16.24416752,16.04810032,16.36180784,16.0284936,5200800,85604803.5,1.8844,-1.5634,275992358.0,4429153048.737354,2026-07-14
2024-03-22,sz.002827,高争民爆,16.06770704,15.77360624,16.11672384,15.74419616,4197902,68044642.12,1.521,-1.7104,275996187.0,4353455177.479406,2026-07-14
2024-03-25,sz.002827,高争民爆,15.67557264,15.57753904,16.15593728,15.49911216,5181350,83487174.5,1.8773,-1.243,276000107.0,4299402441.836678,2026-07-14
2024-03-26,sz.002827,高争民爆,15.54812896,14.88150048,15.57753904,14.6560232,7957422,121752325.42,2.8831,-4.4682,276002289.0,4107328196.2345986,2026-07-14
2024-03-27,sz.002827,高争民爆,14.950124,14.58739968,15.0481576,14.57759632,4658150,70338183.5,1.6877,-1.9763,276005807.0,4026207020.709942,2026-07-14
2024-03-28,sz.002827,高争民爆,14.58739968,14.8520904,15.0971744,14.45015264,3883400,58843726.0,1.407,1.8145,276005686.0,4099261399.3860145,2026-07-14
2024-03-29,sz.002827,高争民爆,14.70504,14.79327024,15.0481576,14.58739968,3541800,53370780.0,1.2833,-0.396,275991584.0,4082818086.07766,2026-07-14
2024-04-01,sz.002827,高争民爆,14.8520904,15.5873424,15.60694912,14.8520904,5059700,79028393.0,1.8332,5.3678,276003709.0,4302164315.852962,2026-07-14
2024-04-02,sz.002827,高争民爆,15.5383256,15.4893088,15.77360624,15.32265168,3374200,53456558.0,1.2225,-0.6289,276008180.0,4275175931.345984,2026-07-14
2024-04-03,sz.002827,高争民爆,15.45989872,15.60694912,15.93046,14.91091056,7380850,115732328.5,2.6742,0.7595,276002169.0,4307551808.592641,2026-07-14
2024-04-08,sz.002827,高争民爆,15.52852224,14.950124,15.57753904,14.9011072,5390410,83011855.26,1.9531,-4.2085,275992525.0,4126122471.8231,2026-07-14
2024-04-09,sz.002827,高争民爆,14.93051728,15.22461808,15.3912752,14.7540568,3980750,61370128.5,1.4423,1.8361,276000139.0,4201996706.3019133,2026-07-14
2024-04-10,sz.002827,高争民爆,15.2932416,14.87169712,15.2932416,14.66582656,3533500,53813348.0,1.2803,-2.3181,275990002.0,4104439717.8921943,2026-07-14
2024-04-11,sz.002827,高争民爆,14.68543328,14.91091056,15.195208,14.6070064,3034682,46340974.64,1.0995,0.2637,276005639.0,4115495397.1846476,2026-07-14
2024-04-12,sz.002827,高争民爆,14.82268032,14.5089728,14.98933744,14.4109392,4373050,65481525.0,1.5844,-2.6956,276006690.0,4004573557.828032,2026-07-14
2024-04-15,sz.002827,高争民爆,14.68543328,13.98939472,14.68543328,13.4306032,5703400,81820440.0,2.0665,-3.5811,275993225.0,3860978164.570772,2026-07-14
2024-04-16,sz.002827,高争民爆,13.724704,12.58751424,13.969788,12.58751424,7858050,104210028.12,2.8471,-10.021,276001897.0,3474177808.7545137,2026-07-14
2024-04-17,sz.002827,高争民爆,12.61692432,13.76391744,13.80313088,12.61692432,6631901,90921477.28,2.4029,9.3458,275995714.0,3798782221.289852,2026-07-14
2024-04-18,sz.002827,高争民爆,13.80313088,14.38152912,14.53838288,13.64627712,5886593,84996073.46,2.1328,4.4872,276003048.0,3969345872.0207577,2026-07-14
2024-04-19,sz.002827,高争民爆,14.3619224,13.55804688,14.3619224,13.54824352,6847201,96797208.16,2.4809,-5.726,275996654.0,3741975573.6551394,2026-07-14
2024-04-22,sz.002827,高争民爆,13.5286368,13.31296288,13.55804688,12.87181168,4117464,55574647.46,1.4918,-1.8077,276006435.0,3674463423.796133,2026-07-14
2024-04-23,sz.002827,高争民爆,13.46981664,13.63647376,13.78352416,13.24433936,2951243,40753022.84,1.0693,2.43,275997662.0,3763634875.684349,2026-07-14
2024-04-24,sz.002827,高争民爆,14.09723168,14.15605184,14.27369216,13.68549056,5648943,80815878.9,2.0467,3.8102,276002492.0,3907105584.721185,2026-07-14
2024-04-25,sz.002827,高争民爆,14.09723168,14.459956,14.69523664,13.95998464,5300200,78245863.0,1.9204,2.1468,275994584.0,3990869540.878304,2026-07-14
2024-04-26,sz.002827,高争民爆,14.39133248,14.15605184,14.39133248,13.78352416,6953950,99562066.5,2.5196,-2.1017,275994205.0,3906988273.519587,2026-07-14
2024-04-29,sz.002827,高争民爆,14.1168384,14.25408544,14.5579896,13.97959136,6724300,97878020.5,2.4364,0.6925,275993269.0,3934031637.1909037,2026-07-14
2024-04-30,sz.002827,高争民爆,14.5089728,15.67557264,15.67557264,14.12664176,21210350,332134876.5,7.6849,9.9725,276000338.0,4326463346.983552,2026-07-14
2024-05-06,sz.002827,高争民爆,15.9794768,17.24411024,17.24411024,15.71478608,23450900,397067285.0,8.4967,10.0063,276000094.0,4759376047.186363,2026-07-14
2024-05-07,sz.002827,高争民爆,17.45978416,18.9695016,18.9695016,17.24411024,25721778,489517668.18,9.3195,10.0057,275999549.0,5235573886.354778,2026-07-14
2024-05-08,sz.002827,高争民爆,19.60672,19.52829312,20.17531488,18.81264784,38681733,769156587.55,14.0152,2.9457,275998437.0,5389778378.397854,2026-07-14
2024-05-09,sz.002827,高争民爆,18.74402432,19.3126192,19.56750656,18.29306976,26870920,521131556.54,9.7359,-1.1044,275998316.0,5330250376.749268,2026-07-14
2024-05-10,sz.002827,高争民爆,19.68514688,19.5086864,20.37138208,19.12635536,23355199,470450814.04,8.4621,1.0152,275997672.0,5384352030.178061,2026-07-14
2024-05-13,sz.002827,高争民爆,19.3126192,18.76363104,20.07728128,18.63618736,15025688,292638975.54,5.4441,-3.8191,275999486.0,5178752522.533646,2026-07-14
2024-05-14,sz.002827,高争民爆,18.97930496,20.6360728,20.6360728,18.78323776,23355611,477278008.47,8.4622,9.9791,275999279.0,5695541214.191511,2026-07-14
2024-05-15,sz.002827,高争民爆,20.587056,20.5380392,21.23407776,20.10669136,23694316,498633953.04,8.5849,-0.4751,275999907.0,5668496909.162354,2026-07-14
2024-05-16,sz.002827,高争民爆,19.59691664,20.08708464,20.90076352,19.48907968,15078288,311131420.8,5.4632,-2.1957,275997364.0,5543982411.084889,2026-07-14
2024-05-17,sz.002827,高争民爆,20.49882576,21.78306592,22.09677344,20.31256192,27830120,611502936.8,10.0834,8.4431,275999365.0,6012112361.673141,2026-07-14
2024-05-20,sz.002827,高争民爆,21.99873984,23.95941184,23.95941184,21.78306592,22964870,547872124.8,8.3206,9.991,276000168.0,6612801693.02119,2026-07-14
2024-05-21,sz.002827,高争民爆,24.753484,24.66525376,26.33182496,23.95941184,44125661,1124305020.15,15.9876,2.946,275999281.0,6807592303.442546,2026-07-14
2024-05-22,sz.002827,高争民爆,24.5084,24.12606896,25.85146032,24.03783872,35651966,903383701.96,12.9174,-2.186,275999551.0,6658784200.355038,2026-07-14
2024-05-23,sz.002827,高争民爆,23.7241312,23.07710944,24.018232,22.8418288,26165620,622707983.6,9.4803,-4.3478,275999916.0,6369280266.962808,2026-07-14
2024-05-24,sz.002827,高争民爆,22.87123888,22.93005904,24.38095632,22.51831792,25148970,598506566.7,9.112,-0.6372,275998354.0,6328658552.16282,2026-07-14
2024-05-27,sz.002827,高争民爆,23.32219344,22.80261536,24.17508576,22.28303728,19615621,462384130.16,7.1071,-0.5558,276000352.0,6293529865.880607,2026-07-14
2024-05-28,sz.002827,高争民爆,22.05756,21.93011632,22.47910448,21.50857184,19445071,436212765.68,7.0453,-3.8263,276000610.0,6052725481.690955,2026-07-14
2024-05-29,sz.002827,高争民爆,22.03795328,22.38107088,22.81241872,21.78306592,13530971,308420772.3,4.9025,2.0563,276001448.0,6177207970.670634,2026-07-14
2024-05-30,sz.002827,高争民爆,22.4006776,21.45955504,22.53792464,21.28309456,12885550,285805952.88,4.6687,-4.1174,275998672.0,5922808692.750907,2026-07-14
2024-05-31,sz.002827,高争民爆,21.567392,22.4006776,22.94966576,21.26348784,16917400,381435331.0,6.1295,4.3856,275999674.0,6182579714.979103,2026-07-14
2024-06-03,sz.002827,高争民爆,22.2536272,22.47910448,22.48890784,21.73404912,10741521,242440426.91,3.8919,0.3501,275996840.0,6204161802.509843,2026-07-14
2024-06-04,sz.002827,高争民爆,22.46930112,22.21441376,22.99868256,21.47916176,13677421,309204908.84,4.9556,-1.1775,275999294.0,6131162514.383885,2026-07-14
2024-06-05,sz.002827,高争民爆,22.06736336,21.41053824,22.21441376,21.29289792,11534500,254247492.0,4.1792,-3.6187,275997799.0,5909261429.645334,2026-07-14
2024-06-06,sz.002827,高争民爆,21.39093152,19.88121408,21.41053824,19.69495024,19960196,414061045.8,7.232,-7.1429,275998285.0,5487180989.7978525,2026-07-14
2024-06-07,sz.002827,高争民爆,19.84200064,19.97924768,20.33216864,19.6557368,8771800,178393570.0,3.1782,0.4931,275998993.0,5514252240.577586,2026-07-14
2024-06-11,sz.002827,高争民爆,19.86160736,19.78318048,19.96944432,19.47927632,8069000,161995781.0,2.9236,-0.9814,275995348.0,5460065781.124407,2026-07-14
2024-06-12,sz.002827,高争民爆,19.78318048,19.78318048,20.17531488,19.58711328,6265200,126899628.0,2.27,0.0,276000000.0,5460157812.48,2026-07-14
2024-06-13,sz.002827,高争民爆,19.69495024,19.53809648,19.88121408,19.43025952,6324750,126678996.5,2.2916,-1.2389,275997120.0,5392458358.762137,2026-07-14
2024-06-14,sz.002827,高争民爆,19.5577032,19.5577032,19.8027872,19.44006288,4279000,85503831.0,1.5504,0.1004,275993292.0,5397794890.126934,2026-07-14
2024-06-17,sz.002827,高争民爆,19.5086864,18.9695016,19.51848976,18.8224512,7797600,151340047.0,2.8252,-3.0075,276001699.0,5235614670.783218,2026-07-14
2024-06-18,sz.002827,高争民爆,19.0185184,19.08714192,19.3126192,18.83225456,4719521,91697971.24,1.71,0.6202,275995380.0,5267962987.324329,2026-07-14
2024-06-19,sz.002827,高争民爆,19.18517552,20.00865776,20.9301736,18.9204848,20518042,420537745.05,7.4341,4.8279,275999005.0,5522369633.145529,2026-07-14
2024-06-20,sz.002827,高争民爆,19.851804,19.39104608,19.98905104,19.116552,14076751,280003994.05,5.1003,-3.0867,275998490.0,5351899437.600419,2026-07-14
2024-06-21,sz.002827,高争民爆,19.2626265,21.32718493,21.32718493,19.21323515,11692250,244411318.5,4.2363,9.9847,276001464.0,5886334263.678738,2026-07-14
2024-06-24,sz.002827,高争民爆,21.9297594,22.13720307,22.86819505,21.2382805,27351636,604516791.44,9.9101,3.7981,275997578.0,6109814431.014165,2026-07-14
2024-06-25,sz.002827,高争民爆,21.60377649,21.5346286,22.10756826,21.3370632,14998336,328578264.46,5.4342,-2.722,275998969.0,5943535291.397914,2026-07-14
2024-06-26,sz.002827,高争民爆,21.26791531,21.84085497,21.88036805,20.79375835,12250280,266300555.7,4.4385,1.422,276000451.0,6028085821.945591,2026-07-14
2024-06-27,sz.002827,高争民爆,21.54450687,21.2382805,22.39403809,21.11974126,13905200,307163087.0,5.0381,-2.7589,276000873.0,5861783959.018876,2026-07-14
2024-06-28,sz.002827,高争民爆,21.22840223,21.62353303,22.20635096,21.03083683,11971000,262804509.5,4.3373,1.814,276001199.0,5968121042.896103,2026-07-14
2024-07-01,sz.002827,高争民爆,21.4358459,22.5224556,22.68050792,21.28767185,15900150,356397449.0,5.7609,4.1571,276001146.0,6216223556.334118,2026-07-14
2024-07-02,sz.002827,高争民爆,22.2261075,21.91988113,22.3248902,21.5346286,14209720,313595066.3,5.1485,-2.6754,275997281.0,6049827591.723207,2026-07-14
2024-07-03,sz.002827,高争民爆,21.74207227,22.0285421,22.18659442,21.56426341,9015400,199856185.5,3.2665,0.4957,275995714.0,6079783205.268559,2026-07-14
2024-07-04,sz.002827,高争民爆,22.2261075,21.76182881,23.13490834,21.732194,12568523,283873269.02,4.5538,-1.2108,276000769.0,6006281486.406355,2026-07-14
2024-07-05,sz.002827,高争民爆,21.2382805,20.62582776,21.48523725,20.04300983,15316323,320256061.9,5.5494,-5.2202,275999622.0,5692720665.197106,2026-07-14
2024-07-08,sz.002827,高争民爆,21.56426341,20.67521911,21.78158535,20.59619295,16050173,344668282.02,5.8153,0.2395,275999054.0,5706340915.602722,2026-07-14
2024-07-09,sz.002827,高争民爆,20.6455843,21.03083683,21.1394978,20.29984485,11263500,236662399.0,4.081,1.72,275998530.0,5804480049.74986,2026-07-14
2024-07-10,sz.002827,高争民爆,21.732194,22.57184695,23.13490834,21.61365476,26542220,611550507.2,9.6168,7.3274,275998461.0,6229795020.127544,2026-07-14
2024-07-11,sz.002827,高争民爆,22.59160349,22.78916889,23.04600391,22.08781172,22820700,521403128.5,8.2684,0.9628,275998984.0,6289787459.844407,2026-07-14
2024-07-12,sz.002827,高争民爆,22.720021,22.57184695,23.09539526,22.23598577,10901150,249454316.5,3.9497,-0.9536,275999443.0,6229817185.68125,2026-07-14
2024-07-15,sz.002827,高争民爆,22.4236729,22.55209041,23.3127172,22.37428155,13600300,314927217.5,4.9277,-0.0875,275996915.0,6224307379.961085,2026-07-14
2024-07-16,sz.002827,高争民爆,22.43355117,22.04829864,22.6212383,21.8309767,10053850,225111984.0,3.6427,-2.2339,275999945.0,6085329211.983575,2026-07-14
2024-07-17,sz.002827,高争民爆,21.89024632,21.74207227,22.51257733,21.3370632,12254850,271713797.0,4.4402,-1.3889,275997703.0,6000762004.979996,2026-07-14
2024-07-18,sz.002827,高争民爆,21.15925434,20.88266278,21.76182881,20.83327143,12644600,270769948.5,4.5814,-3.9527,275998603.0,5763585754.200096,2026-07-14
2024-07-19,sz.002827,高争民爆,20.78388008,20.47765371,20.92217586,20.04300983,11182870,230913786.0,4.0518,-1.9395,275997581.0,5651782888.515676,2026-07-14
2024-07-22,sz.002827,高争民爆,20.3492362,20.68509738,20.83327143,20.12203599,8408200,175270411.5,3.0465,1.013,275995405.0,5708991828.857538,2026-07-14
2024-07-23,sz.002827,高争民爆,20.58631468,19.45031363,20.77400181,19.45031363,9907050,199992495.0,3.5895,-5.9694,276000836.0,5368302822.342195,2026-07-14
2024-07-24,sz.002827,高争民爆,19.42067882,19.17372207,19.75654,19.07493937,6715800,132177551.0,2.4333,-1.422,275995562.0,5291862198.341454,2026-07-14
2024-07-25,sz.002827,高争民爆,19.15396553,18.82798262,19.34165266,18.71932165,5715150,110020199.0,2.0707,-1.8032,276000869.0,5196539564.636897,2026-07-14
2024-07-26,sz.002827,高争民爆,18.8674957,18.85761743,19.03542629,18.5711476,5684750,108068293.5,2.0597,0.1574,275998932.0,5204682270.744585,2026-07-14
2024-07-29,sz.002827,高争民爆,18.89713051,18.84773916,18.95640013,18.59090414,4302800,81811161.0,1.559,-0.0524,275997434.0,5201927644.861316,2026-07-14
2024-07-30,sz.002827,高争民爆,18.84773916,19.29226131,19.70714865,18.53163452,8866000,172229717.5,3.2123,2.3585,276001619.0,5324695355.731061,2026-07-14
2024-07-31,sz.002827,高争民爆,19.2626265,20.28008831,20.39862755,19.0650611,11683051,235661573.95,4.233,5.1203,275999315.0,5597290481.699508,2026-07-14
2024-08-01,sz.002827,高争民爆,20.28008831,20.14179253,20.72461046,20.08252291,5768550,118700160.5,2.0901,-0.6819,275993972.0,5559013323.554629,2026-07-14
2024-08-02,sz.002827,高争民爆,20.0528881,19.66763557,20.23069696,19.63800076,4853400,97820240.0,1.7585,-2.3541,275996588.0,5428200311.347436,2026-07-14
2024-08-05,sz.002827,高争民爆,19.53921806,19.28238304,20.51716679,19.22311342,9151350,183048206.5,3.3157,-1.9588,276000543.0,5321948189.37399,2026-07-14
2024-08-06,sz.002827,高争民爆,19.52933979,19.40092228,19.92447059,19.02554802,5451500,107530229.0,1.9752,0.6148,275997367.0,5354603466.651637,2026-07-14
2024-08-07,sz.002827,高争民爆,19.2626265,21.3370632,21.3370632,19.22311342,18750950,395777971.5,6.7939,9.9796,275996850.0,5888962231.45092,2026-07-14
2024-08-08,sz.002827,高争民爆,21.2382805,21.91000286,22.40391636,21.0407151,24299045,532972671.35,8.804,2.6852,276000057.0,6047162038.230163,2026-07-14
2024-08-09,sz.002827,高争民爆,21.88036805,21.96927248,22.9175864,21.68280265,17775050,400371403.0,6.4403,0.2705,275997236.0,6063458481.410866,2026-07-14
2024-08-12,sz.002827,高争民爆,23.69796973,21.59389822,23.71772627,21.36669801,18789900,427792776.89,6.808,-1.7086,275997356.0,5959858814.453106,2026-07-14
2024-08-13,sz.002827,高争民爆,21.59389822,23.75723935,23.75723935,21.59389822,18499551,427082202.23,6.7028,10.0183,275997359.0,6556935317.730876,2026-07-14
2024-08-14,sz.002827,高争民爆,25.61435411,26.13790242,26.13790242,25.4859366,7422800,194411084.0,2.6894,10.0208,276002082.0,7214115487.032838,2026-07-14
2024-08-15,sz.002827,高争民爆,26.21692858,27.11585115,28.75564397,25.1895885,49771535,1343822326.3,18.0332,3.7415,275999462.0,7483960329.072082,2026-07-14
2024-08-16,sz.002827,高争民爆,25.683502,25.04141445,27.33317309,24.46847479,35443847,930732404.88,12.842,-7.6503,275999432.0,6911416164.676593,2026-07-14
2024-08-19,sz.002827,高争民爆,24.4981096,26.0786328,26.2761982,23.48064779,32071385,811061847.2,11.6201,4.142,275999217.0,7197682233.230518,2026-07-14
2024-08-20,sz.002827,高争民爆,25.4859366,26.06875453,28.24197393,25.4859366,33353135,901417686.74,12.0845,-0.0379,275999297.0,7194957923.945565,2026-07-14
2024-08-21,sz.002827,高争民爆,25.2883712,26.44412879,26.91828575,25.19946677,22959160,607400781.71,8.3186,1.4399,275997884.0,7298523590.26348,2026-07-14
2024-08-22,sz.002827,高争民爆,25.683502,24.47835306,25.77240643,24.2017615,21727500,546283768.0,7.8723,-7.4337,275999390.0,6756010512.764633,2026-07-14
2024-08-23,sz.002827,高争民爆,24.54750095,25.66374546,26.1774155,23.42137817,22133150,544567795.94,8.0193,4.8426,275998529.0,7083155995.590428,2026-07-14
2024-08-26,sz.002827,高争民爆,24.57713576,24.11285707,25.33776255,23.98443956,17599102,436732420.72,6.3765,-6.0431,275999404.0,6655134180.057186,2026-07-14
2024-08-27,sz.002827,高争民爆,23.68809146,23.36210855,24.65616192,23.25344758,14040336,340240258.05,5.0871,-3.1135,275998821.0,6447914415.874019,2026-07-14
2024-08-28,sz.002827,高争民爆,23.36210855,23.24356931,23.76711762,23.08551699,9861850,233739239.96,3.5731,-0.5074,276002631.0,6415286283.390855,2026-07-14
2024-08-29,sz.002827,高争民爆,23.20405623,23.9054134,24.16224842,22.82868197,13522619,324139218.89,4.8995,2.8474,275999980.0,6597893620.291732,2026-07-14
2024-08-30,sz.002827,高争民爆,23.43125644,24.40920517,24.73518808,23.42137817,13084992,321486185.04,4.741,2.1074,275996456.0,6736854120.6968775,2026-07-14
2024-09-02,sz.002827,高争民爆,24.11285707,23.83626551,25.04141445,23.82638724,9458797,232003775.3,3.4271,-2.3472,276000029.0,6578809972.0117,2026-07-14
2024-09-03,sz.002827,高争民爆,23.56955222,23.95480475,24.11285707,23.19417796,8292750,198333485.0,3.0046,0.4973,276001797.0,6611569157.784136,2026-07-14
2024-09-04,sz.002827,高争民爆,23.75723935,24.06346572,24.37957036,23.43125644,7932700,191952427.0,2.8742,0.4536,275996799.0,6641439511.56623,2026-07-14
2024-09-05,sz.002827,高争民爆,24.01407437,23.707848,24.06346572,23.46089125,5505800,132247465.0,1.9949,-1.4778,275993784.0,6543218680.016831,2026-07-14
2024-09-06,sz.002827,高争民爆,23.8066307,25.15007542,26.0786328,23.56955222,24336203,624201243.33,8.8175,6.0833,275998900.0,6941393150.837038,2026-07-14
2024-09-09,sz.002827,高争民爆,24.81421424,24.87348386,25.94033702,24.40920517,17965223,455849436.93,6.5092,-1.0998,275997404.0,6865016973.795899,2026-07-14
2024-09-10,sz.002827,高争民爆,24.76482289,23.68809146,25.02165791,23.0163691,17308648,416070712.02,6.2713,-4.7657,275997768.0,6537860371.139861,2026-07-14
2024-09-11,sz.002827,高争民爆,23.40162163,23.45101298,23.57943049,23.17442142,5924473,140104507.07,2.1466,-1.0008,275993338.0,6472323351.831528,2026-07-14
2024-09-12,sz.002827,高争民爆,23.43125644,22.97685602,23.77699589,22.95709948,6369800,150139047.0,2.3079,-2.0219,275999827.0,6341608286.523909,2026-07-14
2024-09-13,sz.002827,高争民爆,22.98673429,23.39174336,24.41908344,22.98673429,12753400,308045976.0,4.6208,1.8057,275999827.0,6456117120.588399,2026-07-14
2024-09-18,sz.002827,高争民爆,23.17442142,23.94492648,24.67591846,23.15466488,9917500,240280635.0,3.5933,2.3649,275999777.0,6608794368.7613945,2026-07-14
2024-09-19,sz.002827,高争民爆,23.95480475,25.26861466,25.683502,23.55967395,16238100,408511620.0,5.8834,5.5281,275998572.0,6974101562.578266,2026-07-14
2024-09-20,sz.002827,高争民爆,25.26861466,25.36739736,25.94033702,25.03153618,11250050,289120846.0,4.0761,0.3909,276000343.0,7001410372.377294,2026-07-14
2024-09-23,sz.002827,高争民爆,25.03153618,25.15007542,25.43654525,24.8932404,7108450,180885512.0,2.5755,-0.8567,276002718.0,6941489173.824991,2026-07-14
2024-09-24,sz.002827,高争民爆,25.1895885,26.06875453,26.1774155,25.0908058,14287840,371782843.2,5.1768,3.6528,275997527.0,7194911782.250048,2026-07-14
2024-09-25,sz.002827,高争民爆,26.10826761,25.5847193,26.71084208,25.15995369,17318650,454499983.5,6.2749,-1.8568,275998821.0,7061352362.415945,2026-07-14
2024-09-26,sz.002827,高争民爆,25.26861466,25.683502,25.73289335,24.81421424,14477953,371725924.26,5.2457,0.3861,275996588.0,7088558919.891176,2026-07-14
2024-09-27,sz.002827,高争民爆,25.94033702,26.09838934,26.65157246,25.49581487,24231803,637602558.03,8.7797,1.6154,275998075.0,7203105218.44052,2026-07-14
2024-09-30,sz.002827,高争民爆,26.25644166,28.646983,28.646983,25.79216297,29965552,825153536.59,10.8571,9.7653,275999595.0,7906555705.971885,2026-07-14
2024-10-08,sz.002827,高争民爆,31.1165505,28.68649608,31.1165505,27.17512077,35958921,1057147064.0,13.0286,0.1379,275999885.0,7917469619.132951,2026-07-14
2024-10-09,sz.002827,高争民爆,27.47146887,25.82179778,27.47146887,25.82179778,19212136,510122761.97,6.9609,-9.9862,276000747.0,7126835476.162942,2026-07-14
2024-10-10,sz.002827,高争民爆,25.44642352,27.22451212,28.19258258,24.54750095,22356428,603925098.73,8.1002,5.4323,275998469.0,7513923664.391944,2026-07-14
2024-10-11,sz.002827,高争民爆,26.9676771,26.55278976,27.2640252,25.84155432,11279752,301999789.34,4.0869,-2.4673,275997749.0,7328510203.43025,2026-07-14
2024-10-14,sz.002827,高争民爆,26.81950305,29.21004439,29.21004439,26.35522436,20057366,574831675.22,7.2672,10.0074,275998541.0,8061929634.185235,2026-07-14
2024-10-15,sz.002827,高争民爆,29.21004439,30.74117624,32.13401231,28.66673954,33452355,1039648800.04,12.1205,5.2418,275998144.0,8484507586.616899,2026-07-14
2024-10-16,sz.002827,高争民爆,30.7214197,32.598291,33.77380513,30.03981907,30742833,997743930.04,11.1388,6.0411,275997711.0,8997053698.511902,2026-07-14
2024-10-17,sz.002827,高争民爆,31.610464,31.54131611,31.81790767,30.53373257,22766134,717356859.02,8.2486,-3.2424,275999976.0,8705402489.368414,2026-07-14
2024-10-18,sz.002827,高争民爆,30.70166316,31.36350725,31.75863805,30.13860177,17667200,554892490.89,6.4012,-0.5637,275998250.0,8656273114.862312,2026-07-14
2024-10-21,sz.002827,高争民爆,30.64239354,31.39314206,31.99571653,30.50409776,15365518,489057314.32,5.5672,0.0945,276000826.0,8664533139.295341,2026-07-14
2024-10-22,sz.002827,高争民爆,31.29435936,31.10667223,32.39084733,30.25714101,13966400,443195180.58,5.0603,-0.9125,275999447.0,8585424333.490257,2026-07-14
2024-10-23,sz.002827,高争民爆,30.81032413,31.39314206,33.2897699,30.74117624,20335316,662839742.78,7.3679,0.9209,275998806.0,8664469725.14838,2026-07-14
2024-10-24,sz.002827,高争民爆,30.9189851,29.41748806,31.1165505,29.19028785,16587916,501181873.44,6.0101,-6.2933,276000666.0,8119246296.607048,2026-07-14
2024-10-25,sz.002827,高争民爆,29.71383616,29.60517519,29.82249713,29.07174861,9923700,296589769.5,3.5956,0.638,275995661.0,8170899895.58485,2026-07-14
2024-10-28,sz.002827,高争民爆,29.64468827,30.27689755,30.89922856,29.54590557,13050650,398349758.0,4.7285,2.2689,275999789.0,8356417335.374618,2026-07-14
2024-10-29,sz.002827,高争民爆,30.27689755,29.54590557,31.1165505,29.5360273,11283950,345188549.0,4.0884,-2.4144,275999168.0,8154645355.126565,2026-07-14
2024-10-30,sz.002827,高争民爆,29.29894882,28.90381802,29.89164502,28.49880895,13608700,399054807.0,4.9307,-2.1732,275999351.0,7977435014.942104,2026-07-14
2024-10-31,sz.002827,高争民爆,28.83467013,28.60746992,29.03223553,28.11355642,11135500,321440750.0,4.0346,-1.0253,276000099.0,7895664530.059522,2026-07-14
2024-11-01,sz.002827,高争民爆,28.34075663,28.50868722,29.26931401,27.47146887,13685650,395922167.5,4.9586,-0.3453,275998266.0,7868348238.656361,2026-07-14
2024-11-04,sz.002827,高争民爆,28.52844376,29.66444481,30.1287235,28.27160874,17442236,519262610.12,6.3197,4.0541,275997848.0,8187322929.674768,2026-07-14
2024-11-05,sz.002827,高争民爆,29.66444481,29.69407962,30.30653236,29.09150515,15290800,457110853.9,5.5402,0.0999,275997256.0,8195484494.565523,2026-07-14
2024-11-06,sz.002827,高争民爆,29.42736633,30.2275062,30.49421949,29.42736633,14040550,426978737.49,5.0872,1.7964,275997602.0,8342719225.640133,2026-07-14
2024-11-07,sz.002827,高争民爆,29.98054945,33.25025682,33.25025682,29.91140156,19644492,637409792.68,7.1176,10.0,275998820.0,9177031647.016953,2026-07-14
2024-11-08,sz.002827,高争民爆,33.66514416,33.0922045,34.60357981,32.27230809,24574550,829767050.06,8.9039,-0.4753,275997597.0,9133368921.432587,2026-07-14
2024-11-11,sz.002827,高争民爆,32.85512602,32.11425577,32.9934218,30.77081105,16176192,518175241.68,5.861,-2.9552,275997134.0,8863442553.062963,2026-07-14
2024-11-12,sz.002827,高争民爆,32.45999522,31.7092467,32.75634332,31.14618531,10861442,350934197.42,3.9353,-1.2612,276000356.0,8751763377.691826,2026-07-14
2024-11-13,sz.002827,高争民爆,31.37338552,31.78827286,31.78827286,30.5238543,8327700,263258279.5,3.0173,0.2492,275998409.0,8773512734.21788,2026-07-14
2024-11-14,sz.002827,高争民爆,31.88705556,31.3141159,32.93415218,30.79056759,13856853,446973446.66,5.0206,-1.4916,275999940.0,8642694109.553047,2026-07-14
2024-11-15,sz.002827,高争民爆,30.74117624,31.50180303,32.598291,30.74117624,13950253,450302690.08,5.0545,0.5994,275996696.0,8694393554.32279,2026-07-14
2024-11-18,sz.002827,高争民爆,31.56107265,28.3506349,31.83766421,28.3506349,16398674,484715506.56,5.9416,-10.0031,275997610.0,7824707474.382588,2026-07-14
2024-11-19,sz.002827,高争民爆,28.0542868,28.67661781,29.21992266,27.72830389,9819986,282016448.6,3.558,1.1498,275997358.0,7914670751.935746,2026-07-14
2024-11-20,sz.002827,高争民爆,28.40002625,28.8445484,29.51627076,28.2518522,8906900,260986958.0,3.2272,0.5856,275994670.0,7960941616.957028,2026-07-14
2024-11-21,sz.002827,高争民爆,28.57783511,28.85442667,29.18040958,28.50868722,6756300,196798658.0,2.4479,0.0342,276003922.0,7963934927.9814,2026-07-14
2024-11-22,sz.002827,高争民爆,28.8445484,29.03223553,31.19557666,28.55807857,13487800,406685142.5,4.8869,0.6162,275999100.0,8012870877.2680235,2026-07-14
2024-11-25,sz.002827,高争民爆,28.71613089,28.40002625,29.42736633,27.659156,10707053,305538146.57,3.8794,-2.1776,275997654.0,7838340618.538418,2026-07-14
2024-11-26,sz.002827,高争民爆,28.14319123,27.66903427,28.89393975,27.659156,7139520,203925284.0,2.5868,-2.5739,275998144.0,7636602104.792396,2026-07-14
2024-11-27,sz.002827,高争民爆,27.659156,28.21233912,28.23209566,26.671329,8394450,234446266.0,3.0415,1.9636,275997041.0,7786522116.808544,2026-07-14
2024-11-28,sz.002827,高争民爆,28.21233912,28.52844376,29.40760979,27.93574756,9304353,271420137.75,3.3712,1.1204,275995284.0,7873715937.619227,2026-07-14
2024-11-29,sz.002827,高争民爆,28.39014798,29.10138342,29.37797498,28.13331296,8292500,242580665.0,3.0045,2.0083,276002663.0,8032059320.904048,2026-07-14
2024-12-02,sz.002827,高争民爆,28.8445484,29.10138342,29.36809671,28.1530695,7550473,219650075.08,2.7357,0.0,275997843.0,8031919052.235964,2026-07-14
2024-12-03,sz.002827,高争民爆,28.96308764,28.45929587,29.31870536,28.26173047,6577900,191018828.5,2.3833,-2.2064,275999664.0,7854756097.796587,2026-07-14
2024-12-04,sz.002827,高争民爆,28.36051317,28.33087836,29.4372446,28.04440853,5980620,173157889.5,2.1669,-0.4512,275998892.0,7819291036.746778,2026-07-14
2024-12-05,sz.002827,高争民爆,28.24197393,29.0421138,29.0421138,27.71842562,7827150,225305812.0,2.8359,2.5105,276002327.0,8015690989.798812,2026-07-14
2024-12-06,sz.002827,高争民爆,29.00260072,30.08921042,30.60288046,28.8445484,12228073,370608488.13,4.4305,3.6054,275997585.0,8304549410.476836,2026-07-14
2024-12-09,sz.002827,高争民爆,30.08921042,30.9189851,31.08691569,29.5360273,12133483,375040920.05,4.3962,2.7577,275999340.0,8533619481.069834,2026-07-14
2024-12-10,sz.002827,高争民爆,31.610464,30.37568025,32.05498615,30.28677582,13404900,421630294.58,4.8569,-1.7572,275997035.0,8383597685.108058,2026-07-14
2024-12-11,sz.002827,高争民爆,30.1287235,31.35362898,31.35362898,29.95091464,9696092,302860685.04,3.5131,3.2195,275998178.0,8653544472.168,2026-07-14
2024-12-12,sz.002827,高争民爆,31.45241168,31.46228995,32.33157771,30.88935029,8943950,285590578.5,3.2406,0.3466,275996729.0,8683489113.049574,2026-07-14
2024-12-13,sz.002827,高争民爆,31.1165505,30.622637,31.52155957,30.43494987,7994060,249450238.2,2.8964,-2.6688,275999862.0,8451843586.076095,2026-07-14
2024-12-16,sz.002827,高争民爆,30.66215008,30.1287235,30.80044586,29.81261886,5227750,159427618.0,1.8941,-1.6129,276001795.0,8315581767.058682,2026-07-14
2024-12-17,sz.002827,高争民爆,29.63481,29.41748806,30.3262889,29.30882709,6029960,181370887.2,2.1848,-2.3607,275995972.0,8119108210.918095,2026-07-14
2024-12-18,sz.002827,高争民爆,29.42736633,29.77310578,30.04969734,29.17053131,4093850,123150935.0,1.4833,1.2089,275996090.0,8217260782.4364,2026-07-14
2024-12-19,sz.002827,高争民爆,29.41748806,31.17582012,31.76851632,29.31870536,12430400,391861295.0,4.5038,4.7113,275998046.0,8604465435.567486,2026-07-14
2024-12-20,sz.002827,高争民爆,31.17582012,31.39314206,32.09449923,30.92886337,8602600,275024692.0,3.1169,0.6971,275998588.0,8664462881.44341,2026-07-14
2024-12-23,sz.002827,高争民爆,31.30423763,32.44023868,33.8824661,31.30423763,17528150,584109459.5,6.3508,3.3354,275999087.0,8953476257.742085,2026-07-14
2024-12-24,sz.002827,高争民爆,32.94403045,34.9690758,35.68031124,32.94403045,28757750,1010000362.78,10.4195,7.7954,275999328.0,9651441421.581062,2026-07-14
2024-12-25,sz.002827,高争民爆,34.9690758,31.47216822,34.9690758,31.47216822,18697300,608343071.58,6.7744,-10.0,275999350.0,8686297971.810658,2026-07-14
2024-12-26,sz.002827,高争民爆,28.93345283,28.32100009,29.63481,28.32100009,21792700,631004650.0,7.8959,-10.0126,276000203.0,7816601774.003017,2026-07-14
2024-12-27,sz.002827,高争民爆,27.66903427,26.93804229,28.24197393,26.7701117,20982395,584967132.63,7.6023,-4.8832,276000618.0,7434916319.750134,2026-07-14
2024-12-30,sz.002827,高争民爆,27.2640252,26.0786328,27.38256444,25.7822847,12330387,328521683.65,4.4675,-3.1903,276001947.0,7197753427.898062,2026-07-14
2024-12-31,sz.002827,高争民爆,26.22680685,25.00190137,26.32558955,24.98214483,10431000,268344777.75,3.7794,-4.1288,275996190.0,6900429520.87578,2026-07-14
2025-01-02,sz.002827,高争民爆,25.03153618,25.63411065,26.1774155,25.03153618,13196225,342536826.0,4.7813,2.5286,275996591.0,7074927152.716794,2026-07-14
2025-01-03,sz.002827,高争民爆,25.2883712,23.91529167,25.47605833,23.76711762,9694700,240527238.5,3.5126,-6.7052,275997836.0,6600568748.228826,2026-07-14
2025-01-06,sz.002827,高争民爆,23.87577859,23.44113471,24.17212669,23.2139345,6277750,150260152.5,2.2746,-1.9827,275993581.0,6469602711.316297,2026-07-14
2025-01-07,sz.002827,高争民爆,24.34005728,24.97226656,25.43654525,23.84614378,14096725,352115923.5,5.1075,6.5318,276000489.0,6892357781.998348,2026-07-14
2025-01-08,sz.002827,高争民爆,24.46847479,24.66604019,25.45630179,24.34993555,10578500,266545002.5,3.8328,-1.2263,275999269.0,6807809061.564621,2026-07-14
2025-01-09,sz.002827,高争民爆,24.43883998,24.31042247,24.85372732,24.2017615,7698300,190617049.0,2.7893,-1.4417,275993977.0,6709530180.045463,2026-07-14
2025-01-10,sz.002827,高争民爆,24.2017615,22.80892543,24.2017615,22.79904716,10316100,244073814.0,3.7377,-6.1764,276001284.0,6295292705.340252,2026-07-14
2025-01-13,sz.002827,高争民爆,22.40391636,22.76941235,22.8188037,21.75195054,6226400,141245243.0,2.256,-0.1732,275992908.0,6284196327.927613,2026-07-14
2025-01-14,sz.002827,高争民爆,22.93734294,23.46089125,23.5102826,22.51257733,8116500,190269092.0,2.9408,3.0369,275996328.0,6475119836.60733,2026-07-14
2025-01-15,sz.002827,高争民爆,23.42137817,23.16454315,23.55967395,23.0163691,5093800,119763208.0,1.8456,-1.2632,275996966.0,6393343628.176083,2026-07-14
2025-01-16,sz.002827,高争民爆,23.1151518,23.29296066,23.67821319,22.86819505,5112700,120636615.0,1.8524,0.5544,276004103.0,6428952713.1775875,2026-07-14
2025-01-17,sz.002827,高争民爆,23.12503007,23.67821319,24.0041961,23.06576045,7157300,170764820.0,2.5932,1.6539,276002622.0,6535248924.714985,2026-07-14
2025-01-20,sz.002827,高争民爆,23.91529167,24.48823133,24.58701403,23.42137817,9227600,226046533.0,3.3433,3.4209,276002752.0,6758819238.69262,2026-07-14
2025-01-21,sz.002827,高争民爆,24.98214483,24.25115285,25.14019715,23.93504821,7949700,195570479.0,2.8803,-0.9681,276002500.0,6693378814.482125,2026-07-14
2025-01-22,sz.002827,高争民爆,24.1029788,24.05358745,24.52774441,23.91529167,4685400,114652411.0,1.6976,-0.8147,276001414.0,6638824147.972653,2026-07-14
2025-01-23,sz.002827,高争民爆,24.2017615,23.66833492,24.54750095,23.66833492,5640450,138265978.0,2.0436,-1.6016,276005578.0,6532592459.892183,2026-07-14
2025-01-24,sz.002827,高争民爆,23.66833492,23.89553513,23.92516994,23.48064779,4384300,105390245.0,1.5885,0.9599,276002518.0,6595227864.837457,2026-07-14
2025-01-27,sz.002827,高争民爆,24.0041961,23.86590032,24.3005442,23.84614378,4286350,104377137.5,1.553,-0.124,276004507.0,6587096051.932743,2026-07-14
2025-02-05,sz.002827,高争民爆,23.73748281,24.21163977,24.4981096,23.4114999,5148250,125109490.5,1.8653,1.4487,276001179.0,6682441122.043289,2026-07-14
2025-02-06,sz.002827,高争民爆,24.2017615,25.22910158,25.25873639,24.0041961,8632050,215231544.0,3.1276,4.2024,275995971.0,6963130388.029734,2026-07-14
2025-02-07,sz.002827,高争民爆,25.22910158,24.94263175,25.45630179,24.71543154,9182100,233701150.5,3.3269,-1.1355,275995672.0,6884058411.289786,2026-07-14
2025-02-10,sz.002827,高争民爆,24.94263175,25.15007542,25.15007542,24.72530981,5334662,134662975.96,1.9329,0.8317,275992654.0,6941236063.465964,2026-07-14
2025-02-11,sz.002827,高争民爆,25.04141445,24.56725749,25.15995369,24.44871825,5262150,131264521.0,1.9066,-2.3174,275996538.0,6780478015.394569,2026-07-14
2025-02-12,sz.002827,高争民爆,24.56725749,24.73518808,24.93275348,24.3993269,4795050,119739523.5,1.7373,0.6836,276005871.0,6827057130.369218,2026-07-14
2025-02-13,sz.002827,高争民爆,24.73518808,24.8932404,25.2883712,24.4981096,7763750,195928727.0,2.813,0.639,275995379.0,6870419318.736112,2026-07-14
2025-02-14,sz.002827,高争民爆,24.85372732,24.64628365,24.92287521,24.51786614,4800750,119886456.12,1.7394,-0.9921,276000345.0,6802382790.36786,2026-07-14
2025-02-17,sz.002827,高争民爆,24.54750095,24.54750095,24.87348386,24.29066593,5729250,142648500.0,2.0758,-0.4008,276002023.0,6775159921.794422,2026-07-14
2025-02-18,sz.002827,高争民爆,24.48823133,27.00719018,27.00719018,24.35981382,25748800,687276589.0,9.3293,10.0201,275999271.0,7453964801.438358,2026-07-14
2025-02-19,sz.002827,高争民爆,26.671329,26.93804229,27.1652425,26.19717204,20001819,539683960.68,7.2471,-0.256,275997558.0,7434833889.340728,2026-07-14
2025-02-20,sz.002827,高争民爆,26.85901613,27.00719018,27.61964292,26.69108554,13199210,363003301.2,4.7823,0.2567,276001296.0,7454019490.998473,2026-07-14
2025-02-21,sz.002827,高争民爆,26.81950305,26.84913786,27.24426866,26.40461571,10032550,272209647.0,3.635,-0.5852,275998624.0,7410325104.946304,2026-07-14
2025-02-24,sz.002827,高争民爆,26.8688944,27.62952119,27.8567214,26.85901613,14332134,398524910.52,5.1928,2.9065,276000116.0,7625751053.4644575,2026-07-14
2025-02-25,sz.002827,高争民爆,27.17512077,26.77998997,27.38256444,26.70096381,8470150,231876360.5,3.0689,-3.0747,275999544.0,7391265020.044574,2026-07-14
2025-02-26,sz.002827,高争民爆,27.00719018,26.5725463,27.01706845,26.29595474,7710800,206832377.5,2.7938,-0.7746,275996850.0,7333939075.279155,2026-07-14
2025-02-27,sz.002827,高争民爆,26.5725463,26.7701117,26.9676771,26.19717204,6409552,172543279.1,2.3223,0.7435,276000172.0,7388555433.659213,2026-07-14
2025-02-28,sz.002827,高争民爆,26.671329,26.15765896,26.8688944,25.9798501,5847100,156790991.5,2.1185,-2.2878,276001888.0,7219563258.620116,2026-07-14
2025-03-03,sz.002827,高争民爆,27.42207752,26.89852921,28.68649608,26.69108554,14515550,404819686.31,5.2593,2.8323,275997756.0,7423933701.660453,2026-07-14
2025-03-04,sz.002827,高争民爆,26.44412879,27.28378174,27.61964292,25.70325854,12120389,325958458.5,4.3915,1.4322,275996562.0,7530229958.598377,2026-07-14
2025-03-05,sz.002827,高争民爆,26.92816402,27.12572942,27.38256444,26.41449398,7491642,203970594.66,2.7144,-0.5793,275996242.0,7486599381.42884,2026-07-14
2025-03-06,sz.002827,高争民爆,27.00719018,27.30353828,27.52086022,26.7701117,8111097,223139027.49,2.9388,0.6555,276000306.0,7535784920.162714,2026-07-14
2025-03-07,sz.002827,高争民爆,27.24426866,26.8688944,27.74806043,26.7701117,6406250,176847096.5,2.3211,-1.5919,276000603.0,7415831056.343323,2026-07-14
2025-03-10,sz.002827,高争民爆,26.9382272,26.94813096,27.06697608,26.43313544,3781050,102389076.5,1.37,0.2949,275989051.0,7437389089.874119,2026-07-14
2025-03-11,sz.002827,高争民爆,26.740152,27.40370392,27.5819716,26.4430392,7915147,215545043.08,2.8678,1.6906,276000663.0,7563440450.5757,2026-07-14
2025-03-12,sz.002827,高争民爆,27.41360768,27.34428136,28.09696712,27.27495504,8796103,245358702.63,3.187,-0.2168,275999467.0,7547007080.858035,2026-07-14
2025-03-13,sz.002827,高争民爆,27.0867836,26.31429032,27.36408888,26.27467528,6527000,175394745.0,2.3649,-3.7668,275994757.0,7262606162.495852,2026-07-14
2025-03-14,sz.002827,高争民爆,26.244964,26.3935204,26.5420768,26.07660008,5013347,133323221.26,1.8164,0.3011,276004569.0,7284732222.394708,2026-07-14
2025-03-17,sz.002827,高争民爆,26.3440016,26.2944828,26.63121064,26.1954452,4315297,114884868.78,1.5635,-0.3752,276002366.0,7257339465.546305,2026-07-14
2025-03-18,sz.002827,高争民爆,26.30438656,26.16573392,26.3440016,25.80919856,5111647,134389876.98,1.8521,-0.4896,275991955.0,7221532058.590614,2026-07-14
2025-03-19,sz.002827,高争民爆,26.28457904,25.9478512,26.30438656,25.8983324,2921700,76756547.0,1.0586,-0.8327,275996599.0,7161518682.558068,2026-07-14
2025-03-20,sz.002827,高争民爆,25.9478512,26.07660008,26.72034448,25.66064216,5073750,134130672.5,1.8383,0.4962,276002285.0,7197201207.111182,2026-07-14
2025-03-21,sz.002827,高争民爆,25.8983324,25.1060316,26.13602264,24.7594,5952800,153583916.0,2.1568,-3.722,276001484.0,6929301978.950894,2026-07-14
2025-03-24,sz.002827,高争民爆,24.97728272,25.14564664,25.77948728,24.6603624,4095650,104068934.5,1.4839,0.1578,276005796.0,6940344216.807925,2026-07-14
2025-03-25,sz.002827,高争民爆,24.96737896,25.36352936,25.54179704,24.86834136,3345400,85238741.0,1.2121,0.8665,276000330.0,7000342473.324689,2026-07-14
2025-03-26,sz.002827,高争民爆,25.13574288,25.49227824,25.61112336,25.13574288,2467000,63298696.0,0.8938,0.5076,276012531.0,7036188237.978625,2026-07-14
2025-03-27,sz.002827,高争民爆,25.58141208,25.38333688,26.0964076,25.254588,3981300,103213462.0,1.4425,-0.4274,276000000.0,7005800978.88,2026-07-14
2025-03-28,sz.002827,高争民爆,25.08622408,24.69997744,25.24468424,24.69997744,3418900,86012249.5,1.2387,-2.6922,276007104.0,6817369242.079734,2026-07-14
2025-03-31,sz.002827,高争民爆,24.69007368,24.23450072,24.69007368,23.8185428,3098400,76017864.5,1.1226,-1.8845,276002138.0,6688774012.08254,2026-07-14
2025-04-01,sz.002827,高争民爆,24.23450072,24.43257592,24.62074736,24.20478944,2574600,63486912.0,0.9328,0.8173,276007719.0,6743579548.973527,2026-07-14
2025-04-02,sz.002827,高争民爆,24.4622872,24.6108436,24.8584376,24.4622872,2125900,52997521.0,0.7703,0.7296,275983383.0,6792183875.211899,2026-07-14
2025-04-03,sz.002827,高争民爆,24.6108436,25.41304816,25.83890984,24.39296088,7417800,189790062.0,2.6876,3.2596,276000893.0,7014023986.012007,2026-07-14
2025-04-07,sz.002827,高争民爆,23.769024,22.86778184,24.88814888,22.86778184,8489370,203986407.5,3.0759,-10.0156,275996294.0,6311423039.840501,2026-07-14
2025-04-08,sz.002827,高争民爆,22.75884048,23.41248864,23.8680616,22.70932168,7349492,172550053.48,2.6629,2.382,275995794.0,6461748391.71278,2026-07-14
2025-04-09,sz.002827,高争民爆,23.34316232,25.28429928,25.64083464,21.66942688,11777989,285778651.86,4.2674,7.9949,275999180.0,6978445868.154591,2026-07-14
2025-04-10,sz.002827,高争民爆,25.14564664,25.72006472,26.13602264,24.7594,12287542,317580844.72,4.452,1.7235,276000494.0,7098750568.431972,2026-07-14
2025-04-11,sz.002827,高争民爆,25.47247072,25.52198952,25.8983324,25.23478048,7102322,183412462.86,2.5733,-0.7701,276000544.0,7044082991.4823,2026-07-14
2025-04-14,sz.002827,高争民爆,25.5517008,25.9478512,26.244964,25.4526632,7395592,192946025.16,2.6796,1.6686,275996119.0,7161506227.589493,2026-07-14
2025-04-15,sz.002827,高争民爆,25.80919856,26.66092192,26.72034448,25.7002572,9641150,255978920.0,3.4932,2.7481,275997653.0,7358351876.736254,2026-07-14
2025-04-16,sz.002827,高争民爆,26.4430392,26.1459264,26.61140312,25.86862112,6286750,166338080.5,2.2778,-1.9316,276000966.0,7216300943.3649025,2026-07-14
2025-04-17,sz.002827,高争民爆,26.08650384,25.86862112,26.32419408,25.81910232,4157750,109193220.5,1.5064,-1.0606,276005709.0,7139887113.077974,2026-07-14
2025-04-18,sz.002827,高争民爆,25.8488136,26.492558,27.24524376,25.749776,9916712,267254745.35,3.593,2.4119,276000891.0,7311969612.869178,2026-07-14
2025-04-21,sz.002827,高争民爆,26.46284672,26.47275048,26.72034448,26.15583016,5293400,141355136.0,1.9179,-0.0748,275999791.0,7306473599.675149,2026-07-14
2025-04-22,sz.002827,高争民爆,26.27467528,27.27495504,27.67110544,26.27467528,10358562,282999752.94,3.7531,3.0303,276000160.0,7527891955.032806,2026-07-14
2025-04-23,sz.002827,高争民爆,27.23534,28.6218664,29.70137624,26.97784224,17775536,509699320.83,6.4404,4.9383,276000497.0,7899649351.4676,2026-07-14
2025-04-24,sz.002827,高争民爆,28.41388744,28.5228288,29.30522584,27.95831448,11670337,336115161.87,4.2284,-0.346,275998888.0,7872269031.414374,2026-07-14
2025-04-25,sz.002827,高争民爆,28.4237912,28.1761972,29.08734312,28.03754456,9234300,265304730.89,3.3458,-1.2153,275996772.0,7776539474.435438,2026-07-14
2025-04-28,sz.002827,高争民爆,28.5723476,28.47331,28.99820928,27.90879568,7951098,228960995.79,2.8808,1.0545,276003124.0,7858722510.6204405,2026-07-14
2025-04-29,sz.002827,高争民爆,29.6122424,28.89917168,30.5035808,28.84965288,15205425,452781899.52,5.5092,1.4957,276000599.0,7976188694.283836,2026-07-14
2025-04-30,sz.002827,高争民爆,28.70109648,28.1266784,28.76051904,27.9286032,12731539,363094633.76,4.6129,-2.6731,275998591.0,7762923607.910134,2026-07-14
2025-05-06,sz.002827,高争民爆,27.71072048,28.55254008,28.69119272,27.5324528,9417250,268296085.0,3.4121,1.5141,275995721.0,7880378885.760998,2026-07-14
2025-05-07,sz.002827,高争民爆,28.66148144,29.29532208,29.9093552,28.58225136,11223550,329715823.0,4.0665,2.6015,276000246.0,8085516100.729231,2026-07-14
2025-05-08,sz.002827,高争民爆,28.9189792,29.8598364,30.28569808,28.60205888,12753550,381132294.0,4.6209,1.927,275997100.0,8241228252.874439,2026-07-14
2025-05-09,sz.002827,高争民爆,29.87964392,28.80013408,29.87964392,28.79023032,7752750,227991875.0,2.809,-3.5489,275996796.0,7948744730.450408,2026-07-14
2025-05-12,sz.002827,高争民爆,29.09724688,29.42407096,29.84002888,28.50302128,12032850,354975765.0,4.3597,2.1664,276001789.0,8121096224.622948,2026-07-14
2025-05-13,sz.002827,高争民爆,29.13686192,28.6218664,29.2656108,28.1266784,9233250,266779989.5,3.3454,-2.7264,275998386.0,7899588930.70763,2026-07-14
2025-05-14,sz.002827,高争民爆,27.482934,27.7800468,28.08706336,27.05707232,9319633,260488720.99,3.3767,-2.9412,275998253.0,7667244385.058241,2026-07-14
2025-05-15,sz.002827,高争民爆,27.64139416,27.5324528,27.94841072,27.44331896,4247689,118699962.97,1.539,-0.8913,276003184.0,7599044636.129716,2026-07-14
2025-05-16,sz.002827,高争民爆,27.31457008,27.5819716,27.89889192,27.30466632,3608400,100668151.0,1.3074,0.1799,275998164.0,7612573521.1001425,2026-07-14
2025-05-19,sz.002827,高争民爆,27.730528,28.09696712,28.5723476,27.44331896,6331450,179145648.0,2.294,1.8671,276000436.0,7754775175.397664,2026-07-14
2025-05-20,sz.002827,高争民爆,28.1266784,28.26533104,28.71100024,28.05735208,5937300,170330331.0,2.1512,0.5992,275999442.0,7801215594.985279,2026-07-14
2025-05-21,sz.002827,高争民爆,28.14648592,28.85955664,29.53301232,28.14648592,11394050,331930490.5,4.1283,2.1023,275998595.0,7965197084.962921,2026-07-14
2025-05-22,sz.002827,高争民爆,28.720904,28.33465736,28.9189792,28.2752348,5465361,157366015.33,1.9802,-1.8188,276000454.0,7820378295.294442,2026-07-14
2025-05-23,sz.002827,高争民爆,28.3247536,27.91869944,28.51292504,27.86918064,3774000,107365505.0,1.3674,-1.468,275998245.0,7705512048.122483,2026-07-14
2025-05-26,sz.002827,高争民爆,27.89889192,28.14648592,28.3742724,27.730528,3176400,90142899.0,1.1509,0.8159,275992701.0,7768224672.71927,2026-07-14
2025-05-27,sz.002827,高争民爆,28.21581224,28.1266784,28.2752348,27.75033552,3331200,94053520.0,1.207,-0.0704,275990058.0,7762683602.963347,2026-07-14
2025-05-28,sz.002827,高争民爆,28.1266784,27.42351144,28.1266784,27.29476256,4530658,126183740.96,1.6415,-2.5,276007189.0,7569086305.063742,2026-07-14
2025-05-29,sz.002827,高争民爆,27.52254904,27.60177912,27.79985432,27.25514752,5013461,139372929.07,1.8165,0.6501,275995651.0,7617970996.982607,2026-07-14
2025-05-30,sz.002827,高争民爆,27.5324528,28.85955664,29.463686,27.04716856,15984539,459195033.83,5.7915,4.5569,275999983.0,7965237142.027537,2026-07-14
2025-06-03,sz.002827,高争民爆,28.75061528,29.55281984,29.6617612,27.8790844,14752750,434562850.31,5.3452,2.4022,275999963.0,8156577182.385666,2026-07-14
2025-06-04,sz.002827,高争民爆,29.4141672,29.20618824,29.60233864,29.0180168,7011950,207037301.0,2.5406,-1.1729,275995828.0,8060786106.022662,2026-07-14
2025-06-05,sz.002827,高争民爆,29.1170544,28.83974912,29.28541832,28.7704228,5550589,162003675.62,2.0111,-1.2547,275997663.0,7959703358.626307,2026-07-14
2025-06-06,sz.002827,高争民爆,28.93878672,30.73136728,31.72174328,28.92888296,28332311,883372960.32,10.2654,6.5591,275998120.0,8481799594.309514,2026-07-14
2025-06-09,sz.002827,高争民爆,30.454062,31.94952976,32.434814,30.4045432,22106611,699049958.45,8.0097,3.9639,275997990.0,8818005995.205183,2026-07-14
2025-06-10,sz.002827,高争民爆,31.692032,31.3454004,31.87029968,30.9987688,11439400,362618068.5,4.1447,-1.8909,276000676.0,8651351699.89067,2026-07-14
2025-06-11,sz.002827,高争民爆,31.3454004,31.5434756,31.96933728,31.2463628,7178200,228888885.0,2.6008,0.6319,275999692.0,8705989550.209515,2026-07-14
2025-06-12,sz.002827,高争民爆,31.2958816,32.0386636,32.66260048,31.28597784,9814900,318244269.0,3.5561,1.5699,276001800.0,8842728823.194479,2026-07-14
2025-06-13,sz.002827,高争民爆,32.04856736,32.24664256,32.96961704,31.5929944,10683050,348077028.5,3.8707,0.6491,275997882.0,8900005048.171057,2026-07-14
2025-06-16,sz.002827,高争民爆,33.20966175,35.1853636,35.29457325,32.77282315,18860036,654613355.96,6.8334,9.1133,275997834.0,9711084142.102444,2026-07-14
2025-06-17,sz.002827,高争民爆,34.7683813,36.56537645,37.55819145,34.7683813,20066100,731311555.12,7.2704,3.9221,275997194.0,10091941297.753681,2026-07-14
2025-06-18,sz.002827,高争民爆,36.26753195,32.91181725,36.26753195,32.91181725,19503555,664698727.65,7.0665,-9.9919,276000212.0,9083668538.305256,2026-07-14
2025-06-19,sz.002827,高争民爆,31.89914595,31.6509422,33.20966175,31.08503765,18081557,583057223.57,6.5513,-3.8311,275999527.0,8735645076.304338,2026-07-14
2025-06-20,sz.002827,高争民爆,31.95871485,32.365769,33.09052395,31.3928103,11771700,384699520.55,4.2651,2.2585,276000563.0,8932970465.927948,2026-07-14
2025-06-23,sz.002827,高争民爆,32.8423202,33.42808105,33.96420115,32.564332,11480200,386758581.08,4.1595,3.2822,275999519.0,9226134290.893015,2026-07-14
2025-06-24,sz.002827,高争民爆,33.160021,33.9939856,34.44075235,33.160021,11507600,393334092.05,4.1694,1.6929,276001343.0,9382385679.522661,2026-07-14
2025-06-25,sz.002827,高争民爆,33.954273,34.14290785,34.3911116,33.2593025,9974792,340867281.43,3.6141,0.4381,275996569.0,9423325422.283167,2026-07-14
2025-06-26,sz.002827,高争民爆,34.2521175,33.6365722,35.2449325,33.358584,11484100,395723098.0,4.1609,-1.483,276000385.0,9283706877.280298,2026-07-14
2025-06-27,sz.002827,高争民爆,33.6564285,33.6961411,35.19529175,33.4578655,10442937,358923456.97,3.7837,0.1771,275998018.0,9300068157.84834,2026-07-14
2025-06-30,sz.002827,高争民爆,31.77008,32.5444757,32.73311055,30.380139,13123045,418077892.6,4.7547,-3.4178,276001535.0,8982325248.9702,2026-07-14
2025-07-01,sz.002827,高争民爆,32.51469125,32.73311055,32.8621765,32.1473497,6317850,207302143.0,2.2891,0.5796,275997117.0,9034244142.242285,2026-07-14
2025-07-02,sz.002827,高争民爆,32.91181725,32.9416017,34.0932671,32.7827513,7988400,268055101.5,2.8944,0.6369,275995025.0,9091718184.731543,2026-07-14
2025-07-03,sz.002827,高争民爆,32.7430387,32.2863438,32.9813143,32.11756525,6256800,203846389.5,2.267,-1.9892,275994707.0,8910859997.182266,2026-07-14
2025-07-04,sz.002827,高争民爆,32.29627195,33.358584,34.69888425,31.68072665,12100695,402142854.37,4.3843,3.321,276000616.0,9206989732.887745,2026-07-14
2025-07-07,sz.002827,高争民爆,33.54721885,35.29457325,36.04911265,33.32879955,19877265,697604180.26,7.2019,5.8036,276000292.0,9741312523.015388,2026-07-14
2025-07-08,sz.002827,高争民爆,35.3045014,35.5030644,36.14839415,34.93715985,12919925,462175641.15,4.6812,0.5907,275996005.0,9798703939.657722,2026-07-14
2025-07-09,sz.002827,高争民爆,35.39385475,34.9669443,35.81083705,34.6293872,8674575,307608828.88,3.143,-1.5101,275996659.0,9650759802.239094,2026-07-14
2025-07-10,sz.002827,高争民爆,34.947088,36.9922869,37.33977215,34.46060865,19670600,717932252.5,7.1271,5.7922,275997250.0,10209769455.611027,2026-07-14
2025-07-11,sz.002827,高争民爆,36.80365205,38.0248145,38.70985685,36.46609495,14640200,553471515.0,5.3044,2.7912,276001056.0,10494888956.204111,2026-07-14
2025-07-14,sz.002827,高争民爆,38.124096,38.918348,40.903978,37.72697,18696628,735469285.4,6.7742,2.3499,275997579.0,10741369826.679493,2026-07-14
2025-07-15,sz.002827,高争民爆,38.719785,39.76224075,40.2685764,38.719785,14244422,567959629.94,5.161,2.1684,276001201.0,10974426201.45114,2026-07-14
2025-07-16,sz.002827,高争民爆,40.5862772,37.81632335,41.03304395,36.734155,23649003,920974676.25,8.5685,-4.8939,275999335.0,10437280096.744972,2026-07-14
2025-07-17,sz.002827,高争民爆,37.85603595,39.70267185,40.705415,37.85603595,22849242,908480215.91,8.2787,4.9882,276000362.0,10957951802.96721,2026-07-14
2025-07-18,sz.002827,高争民爆,39.70267185,38.31273085,40.0303008,37.528407,17150700,667525185.15,6.214,-3.5009,276000966.0,10574350724.698002,2026-07-14
2025-07-21,sz.002827,高争民爆,42.14499675,42.14499675,42.14499675,42.14499675,2960850,125688082.5,1.0728,10.0026,275992729.0,11631712666.72863,2026-07-14
2025-07-22,sz.002827,高争民爆,46.3644605,46.3644605,46.3644605,46.3644605,385450,18000515.0,0.1397,10.0118,275912670.0,12792542089.664536,2026-07-14
2025-07-23,sz.002827,高争民爆,51.00090655,51.00090655,51.00090655,51.00090655,857850,44067754.5,0.3108,10.0,276013514.0,14076939434.051117,2026-07-14
2025-07-24,sz.002827,高争民爆,54.6842502,56.10397565,56.10397565,52.619195,59990098,3326935986.01,21.7356,10.0058,275999273.0,15484656491.809704,2026-07-14
2025-07-25,sz.002827,高争民爆,55.59764,53.5722974,61.4552485,52.9368958,72630812,4137853964.11,26.3156,-4.5125,275999073.0,14785904420.88031,2026-07-14
2025-07-28,sz.002827,高争民爆,48.2110964,48.95570765,52.0632186,48.2110964,46819796,2338116882.03,16.9638,-8.6175,275998279.0,13511691058.627134,2026-07-14
2025-07-29,sz.002827,高争民爆,48.95570765,53.1950277,53.8502856,48.9457795,53130915,2750190753.67,19.2504,8.6595,275999018.0,14681775407.682798,2026-07-14
2025-07-30,sz.002827,高争民爆,51.427817,52.23199715,55.64728075,51.27889475,46052855,2478180551.42,16.6859,-1.8104,275998628.0,14415959551.099909,2026-07-14
2025-07-31,sz.002827,高争民爆,51.33846365,49.9584508,53.10567435,49.25355215,34886408,1777674415.23,12.6401,-4.3528,275997880.0,13788426508.884304,2026-07-14
2025-08-01,sz.002827,高争民爆,48.647935,46.2056101,48.83656985,46.1658975,30042938,1418518211.88,10.8852,-7.5119,275998034.0,12752657547.370544,2026-07-14
2025-08-04,sz.002827,高争民爆,46.21553825,46.15596935,47.14878435,45.9077656,18345977,857957726.73,6.6471,-0.1074,275999714.0,12739034339.992765,2026-07-14
2025-08-05,sz.002827,高争民爆,46.1658975,46.67223315,47.22820955,45.7489152,21213700,993528874.32,7.6862,1.1185,275997242.0,12881407627.380972,2026-07-14
2025-08-06,sz.002827,高争民爆,46.3644605,45.7290589,46.7218739,45.65956185,18154390,840471325.2,6.5777,-2.0208,275999057.0,12621177133.897457,2026-07-14
2025-08-07,sz.002827,高争民爆,45.5702085,45.04401655,45.8084841,44.46818385,17864450,808994810.5,6.4727,-1.498,275996879.0,12432007985.424349,2026-07-14
2025-08-08,sz.002827,高争民爆,44.68660315,46.98993395,47.65512,44.3788305,34356259,1602834721.71,12.448,4.32,275998225.0,12969138363.06724,2026-07-14
2025-08-11,sz.002827,高争民爆,47.65512,46.37438865,47.65512,45.20286695,20528339,956105399.8,7.4378,-1.31,276000148.0,12799338130.80952,2026-07-14
2025-08-12,sz.002827,高争民爆,46.37438865,45.30214845,46.5233109,44.875238,16393589,749773829.46,5.9397,-2.3121,276000286.0,12503405928.614456,2026-07-14
2025-08-13,sz.002827,高争民爆,45.1730825,45.1333699,45.5304959,44.9546632,12866370,586003981.0,4.6617,-0.3726,276001673.0,12456885600.527842,2026-07-14
2025-08-14,sz.002827,高争民爆,44.9546632,44.080986,45.67941815,44.07105785,15996700,724363783.0,5.7959,-2.3317,276000276.0,12166364302.352137,2026-07-14
2025-08-15,sz.002827,高争民爆,43.68386,44.1802675,44.1802675,43.1278836,15373536,675029143.4,5.5701,0.2252,276001077.0,12193801412.148098,2026-07-14
2025-08-18,sz.002827,高争民爆,44.1604112,45.18301065,45.5900648,43.9419919,17765324,803666691.62,6.4367,2.2697,276000497.0,12470533395.356293,2026-07-14
2025-08-19,sz.002827,高争民爆,44.875238,45.36171735,45.8084841,44.42847125,18608427,846892842.02,6.7422,0.3955,275999333.0,12519803732.334528,2026-07-14
2025-08-20,sz.002827,高争民爆,44.875238,44.6965313,45.0539447,43.91220745,13467800,602581623.63,4.8796,-1.4664,276002131.0,12336337887.1082,2026-07-14
2025-08-21,sz.002827,高争民爆,45.4312144,44.3788305,45.9673345,44.279549,17844134,809967298.92,6.4653,-0.7108,275998546.0,12248492691.180452,2026-07-14
2025-08-22,sz.002827,高争民爆,43.7434289,43.6242911,43.7831415,43.1874525,14678147,642279160.5,5.3182,-1.7002,275998402.0,12040234631.982822,2026-07-14
2025-08-25,sz.002827,高争民爆,43.65407555,43.65407555,44.4383994,43.63421925,13253339,586941622.89,4.8019,0.0683,276001978.0,12048611199.561438,2026-07-14
2025-08-26,sz.002827,高争民爆,43.5448659,43.0087458,43.5647222,42.85982355,11247850,488664348.5,4.0753,-1.4783,276000540.0,11870437065.522732,2026-07-14
2025-08-27,sz.002827,高争民爆,42.99881765,41.70815815,42.99881765,41.69823,12428532,531945911.6,4.5031,-3.024,275999467.0,11511429418.951706,2026-07-14
2025-08-28,sz.002827,高争民爆,41.69823,42.1152123,42.24427825,40.75505575,10366500,434465924.59,3.756,0.976,275998403.0,11623731336.805958,2026-07-14
2025-08-29,sz.002827,高争民爆,42.12514045,42.20456565,43.0087458,42.0357871,11110525,475754252.25,4.0256,0.2122,275996746.0,11648322785.743374,2026-07-14
2025-09-01,sz.002827,高争民爆,42.1946375,42.60169165,42.80025465,42.04571525,7565100,323487784.5,2.741,0.941,275997811.0,11757973640.296978,2026-07-14
2025-09-02,sz.002827,高争民爆,42.44284125,41.50959515,42.50241015,41.2216788,8172050,343410088.5,2.9609,-2.5635,275998852.0,11456600608.38477,2026-07-14
2025-09-03,sz.002827,高争民爆,41.5989485,40.9238343,41.9563619,40.705415,7776850,324768160.5,2.8177,-1.4111,275999929.0,11294975361.207766,2026-07-14
2025-09-04,sz.002827,高争民爆,40.93376245,40.65577425,41.45002625,40.0303008,8851600,364113408.0,3.2071,-0.655,276000125.0,11220998774.97178,2026-07-14
2025-09-05,sz.002827,高争民爆,40.506852,40.6855587,40.7848402,39.60339035,7457067,302083154.67,2.7018,0.0733,276003664.0,11229363273.087078,2026-07-14
2025-09-08,sz.002827,高争民爆,40.33807345,40.77491205,40.77491205,40.2090075,5625000,229625615.5,2.038,0.2196,276005888.0,11254115808.48215,2026-07-14
2025-09-09,sz.002827,高争民爆,40.8245528,39.8515941,40.8444091,39.72252815,5539750,224409534.0,2.0072,-2.2644,275993922.0,10998797753.611061,2026-07-14
2025-09-10,sz.002827,高争民爆,39.8515941,40.1295823,40.903978,39.8118815,5046700,204649346.74,1.8285,0.6976,276002188.0,11075852518.326073,2026-07-14
2025-09-11,sz.002827,高争民爆,40.25864825,40.4274268,40.53663645,39.76224075,5192900,210523926.0,1.8815,0.7422,275997874.0,11157883848.090624,2026-07-14
2025-09-12,sz.002827,高争民爆,40.35792975,40.4671394,41.15218175,40.308289,7474450,305918923.5,2.7081,0.0982,276003471.0,11169070935.840858,2026-07-14
2025-09-15,sz.002827,高争民爆,40.506852,39.9310193,40.506852,39.8515941,5134950,206933072.0,1.8605,-1.3248,275998388.0,11020896957.99689,2026-07-14
2025-09-16,sz.002827,高争民爆,39.9310193,40.0501571,40.1494386,39.36511475,6126400,245335020.5,2.2197,0.2984,276001261.0,11053893862.848103,2026-07-14
2025-09-17,sz.002827,高争民爆,40.0700134,40.2288638,40.5664209,39.76224075,5133375,207826165.0,1.8599,0.4462,276002742.0,11103276716.34454,2026-07-14
2025-09-18,sz.002827,高争民爆,39.9905882,40.0303008,41.52945145,39.56367775,13569895,553687106.25,4.9166,-0.4936,276001607.0,11048427349.493385,2026-07-14
2025-09-19,sz.002827,高争民爆,40.0303008,41.92657745,41.9365056,39.78209705,22821139,951617032.7,8.2685,4.7371,276000955.0,11571775416.081465,2026-07-14
2025-09-22,sz.002827,高争民爆,41.8570804,41.70815815,41.90672115,40.9834032,13598000,567379242.13,4.9268,-0.521,276000650.0,11511478759.702799,2026-07-14
2025-09-23,sz.002827,高争民爆,41.13232545,39.3353303,41.31103215,38.82899465,12245537,492877614.36,4.4368,-5.6891,275999301.0,10856523667.404121,2026-07-14
2025-09-24,sz.002827,高争民爆,38.918348,38.3623716,39.26583325,38.0843834,9352760,362059526.7,3.3887,-2.4735,275998465.0,10587955675.359594,2026-07-14
2025-09-25,sz.002827,高争民爆,38.3822279,37.81632335,38.67014425,37.8063952,6764000,259678285.0,2.4507,-1.4234,276002775.0,10437410184.897295,2026-07-14
2025-09-26,sz.002827,高争民爆,37.72697,38.01488635,38.31273085,37.41919735,5934275,226486897.75,2.1501,0.5251,275999953.0,10492106845.900341,2026-07-14
2025-09-29,sz.002827,高争民爆,38.01488635,37.95531745,38.01488635,37.18092175,4611450,174888560.0,1.6708,-0.1567,276002514.0,10475763035.86807,2026-07-14
2025-09-30,sz.002827,高争民爆,37.75675445,38.29287455,38.3822279,37.7468263,5087624,195407908.38,1.8433,0.8894,276006293.0,10569074352.859543,2026-07-14
2025-10-09,sz.002827,高争民爆,38.5013657,38.3028027,38.5013657,37.7865389,4907700,188698673.25,1.7782,0.0259,275992577.0,10571289223.495558,2026-07-14
2025-10-10,sz.002827,高争民爆,38.45172495,39.58353405,39.90123485,38.11416785,13154150,522766785.5,4.766,3.3437,275999790.0,10925047085.257849,2026-07-14
2025-10-13,sz.002827,高争民爆,38.2035212,39.48425255,39.6728874,37.8063952,7683455,302276012.55,2.7839,-0.2508,275996085.0,10897499122.951267,2026-07-14
2025-10-14,sz.002827,高争民爆,39.5338933,39.3353303,40.19907935,39.1764799,7111400,284060694.0,2.5766,-0.3772,275999379.0,10856526735.559885,2026-07-14
2025-10-15,sz.002827,高争民爆,39.56367775,39.68281555,40.1494386,39.26583325,5539299,221270761.24,2.007,0.8834,275998954.0,10952415583.574934,2026-07-14
2025-10-16,sz.002827,高争民爆,39.514037,38.521222,39.514037,38.37229975,5454600,213287841.01,1.9763,-2.9272,276000607.0,10631880654.381754,2026-07-14
2025-10-17,sz.002827,高争民爆,38.3425153,37.8262515,39.4544681,37.77661075,4489100,174074364.0,1.6265,-1.8041,275997541.0,10439952399.24756,2026-07-14
2025-10-20,sz.002827,高争民爆,38.0049582,38.124096,38.37229975,37.8262515,3590400,137695316.0,1.3009,0.7874,275993543.0,10522004328.712128,2026-07-14
2025-10-21,sz.002827,高争民爆,38.21344935,38.8786354,38.9779169,37.9056767,4594850,179408863.5,1.6648,1.9792,276000120.0,10730508035.836248,2026-07-14
2025-10-22,sz.002827,高争民爆,39.0176295,39.2161925,39.5934622,38.86870725,5879999,232484655.38,2.1304,0.8682,276004459.0,10823843995.002357,2026-07-14
2025-10-23,sz.002827,高争民爆,38.27301825,37.925533,38.521222,37.4489818,6833250,260041315.0,2.4758,-3.2911,276001696.0,10467511429.703968,2026-07-14
2025-10-24,sz.002827,高争民爆,37.75675445,37.51847885,37.91560485,37.45890995,4604550,174475265.53,1.6683,-1.0733,276002518.0,10355194634.129745,2026-07-14
2025-10-27,sz.002827,高争民爆,37.72697,37.5482633,37.8461078,37.329844,4109550,155502139.0,1.489,0.0794,275993956.0,10363093729.096615,2026-07-14
2025-10-28,sz.002827,高争民爆,37.528407,37.1511373,37.528407,36.9525743,4819400,180543736.0,1.7462,-1.0576,275993586.0,10253475607.40536,2026-07-14
2025-10-29,sz.002827,高争民爆,37.24049065,36.9922869,37.2901314,36.80365205,3980650,148199606.0,1.4423,-0.4276,275993205.0,10209619821.810516,2026-07-14
2025-10-30,sz.002827,高争民爆,36.9724306,36.64480165,37.131281,36.6150172,4465800,165611873.0,1.618,-0.9393,276007417.0,10114237049.893837,2026-07-14
2025-10-31,sz.002827,高争民爆,36.64480165,37.63761665,38.124096,36.64480165,8328050,315443265.0,3.0174,2.7093,276000862.0,10388014639.025553,2026-07-14
2025-11-03,sz.002827,高争民爆,37.6078322,37.2702751,37.6078322,36.7540113,4667503,173976490.44,1.6911,-0.976,276003962.0,10286743592.429947,2026-07-14
2025-11-04,sz.002827,高争民爆,37.1908499,36.9128617,37.4886944,36.80365205,3072800,114875680.5,1.1133,-0.959,276008264.0,10188254877.089088,2026-07-14
2025-11-05,sz.002827,高争民爆,36.72422685,37.12135285,37.22063435,36.6348735,2795679,104065586.63,1.0129,0.5648,276007404.0,10245768233.096502,2026-07-14
2025-11-06,sz.002827,高争民爆,37.10149655,36.9724306,37.10149655,36.6944424,3030400,112656368.0,1.098,-0.4012,275992714.0,10204121464.47065,2026-07-14
2025-11-07,sz.002827,高争民爆,37.41919735,37.04192765,37.67732925,37.0319995,4435200,166728876.0,1.607,0.188,275992533.0,10223295439.326237,2026-07-14
2025-11-10,sz.002827,高争民爆,37.0518558,37.53833515,38.3028027,36.74408315,6819050,257766761.5,2.4707,1.3401,275996681.0,10360455911.665638,2026-07-14
2025-11-11,sz.002827,高争民爆,37.2305625,38.0645271,38.3028027,37.2305625,7673800,293370679.5,2.7804,1.4017,275996260.0,10505667118.268646,2026-07-14
2025-11-12,sz.002827,高争民爆,38.124096,37.04192765,38.124096,36.932718,5180400,194755721.0,1.877,-2.6865,275993607.0,10223335222.356533,2026-07-14
2025-11-13,sz.002827,高争民爆,37.02207135,37.51847885,37.75675445,36.932718,3754200,141416499.0,1.3602,1.2865,276003529.0,10355232565.311861,2026-07-14
2025-11-14,sz.002827,高争民爆,37.2901314,37.61776035,37.9056767,37.08164025,4059750,153323108.26,1.4709,0.2646,276004487.0,10382670647.49069,2026-07-14
2025-11-17,sz.002827,高争民爆,37.72697,38.23330565,38.96798875,37.6276885,8744650,338051786.0,3.1684,1.6363,275995771.0,10552230670.750406,2026-07-14
2025-11-18,sz.002827,高争民爆,37.73689815,37.00221505,38.01488635,36.932718,6148900,231073862.94,2.2279,-3.2199,275995332.0,10212438627.460146,2026-07-14
2025-11-19,sz.002827,高争民爆,37.02207135,35.8406215,37.22063435,35.6619148,5383049,196105147.8,1.9504,-3.1393,275997180.0,9891910463.447369,2026-07-14
2025-11-20,sz.002827,高争民爆,35.8406215,35.81083705,35.98954375,35.53284885,2588899,93183650.58,0.938,-0.0831,276002026.0,9883863578.555864,2026-07-14
2025-11-21,sz.002827,高争民爆,35.542777,34.2322612,35.74134,34.2322612,4426900,155469510.5,1.6039,-4.4081,276008479.0,9448394346.542715,2026-07-14
2025-11-24,sz.002827,高争民爆,34.30175825,34.79816575,34.99672875,34.152836,3207300,111884438.0,1.1621,1.6531,275991739.0,9604006279.35274,2026-07-14
2025-11-25,sz.002827,高争民爆,35.0463695,35.09601025,35.2449325,34.6095309,2476800,87446218.0,0.8974,0.8559,275997326.0,9686404982.26859,2026-07-14
2025-11-26,sz.002827,高争民爆,34.97687245,34.9669443,35.5229207,34.8676628,1948271,69016300.13,0.7059,-0.3678,275998158.0,9650812217.6886,2026-07-14
2025-11-27,sz.002827,高争民爆,34.9073754,34.77830945,35.2250762,34.77830945,1708500,60187518.0,0.619,-0.5395,276009693.0,9599150514.353498,2026-07-14
2025-11-28,sz.002827,高争民爆,34.73859685,35.21514805,35.29457325,34.6095309,2350100,82793730.0,0.8515,1.2561,275995302.0,9719215421.034462,2026-07-14
2025-12-01,sz.002827,高争民爆,35.27482788,35.47378348,36.0109636,35.25493232,3424500,122608189.31,1.2408,0.7345,275991296.0,9790455476.66859,2026-07-14
2025-12-02,sz.002827,高争民爆,35.314619,35.15545452,35.6627913,34.9664467,2083300,73791766.0,0.7548,-0.8974,276006889.0,9703147633.446188,2026-07-14
2025-12-03,sz.002827,高争民爆,35.2151412,34.7177522,35.57326128,34.62822218,2302100,80877700.0,0.8341,-1.245,275998082.0,9582033018.551281,2026-07-14
2025-12-04,sz.002827,高争民爆,34.81723,34.32978878,34.9664467,34.21041542,2167200,74940658.0,0.7852,-1.1175,276006113.0,9475231561.278812,2026-07-14
2025-12-05,sz.002827,高争民爆,34.28999766,34.89681224,34.89681224,34.16067652,2899300,101192870.0,1.0505,1.6517,275992385.0,9631254439.014793,2026-07-14
2025-12-08,sz.002827,高争民爆,35.1156634,35.05597672,35.5135746,34.95649892,2891200,102381036.0,1.0475,0.4561,276009547.0,9675784254.129745,2026-07-14
2025-12-09,sz.002827,高争民爆,34.92665558,34.72769998,35.4140968,34.69785664,2383800,83914555.0,0.8637,-0.9364,275998611.0,9584796957.704727,2026-07-14
2025-12-10,sz.002827,高争民爆,34.62822218,35.22508898,35.30467122,34.53869216,2526500,88988287.0,0.9154,1.4323,275999563.0,9722109165.116116,2026-07-14
2025-12-11,sz.002827,高争民爆,35.2648801,34.52874438,35.34446234,34.52874438,2534300,88708004.0,0.9182,-1.9768,276007406.0,9530189168.760878,2026-07-14
2025-12-12,sz.002827,高争民爆,34.52874438,34.80728222,35.1654023,34.52874438,2277000,79745736.0,0.825,0.8067,276000000.0,9606809892.72,2026-07-14
2025-12-15,sz.002827,高争民爆,34.70780442,36.19997142,36.4586137,34.62822218,9068550,327379624.0,3.2857,4.0011,276000548.0,9991211949.504337,2026-07-14
2025-12-16,sz.002827,高争民爆,36.07065028,35.53347016,36.22981476,35.42404458,4007200,143840153.0,1.4519,-1.8412,275996969.0,9807130062.211945,2026-07-14
2025-12-17,sz.002827,高争民爆,35.49367904,36.51830038,36.68741264,35.42404458,7382950,269543807.0,2.675,2.7716,275998131.0,10078982652.17659,2026-07-14
2025-12-18,sz.002827,高争民爆,36.33924034,36.12038918,36.64762152,36.1104414,4627150,169030236.5,1.6765,-1.0896,276000596.0,9969248941.43195,2026-07-14
2025-12-19,sz.002827,高争民爆,36.0607025,36.3591359,36.59788262,36.0607025,3145049,114869165.98,1.1395,0.661,276002545.0,10035214042.400866,2026-07-14
2025-12-22,sz.002827,高争民爆,37.09527162,37.41360058,38.25916188,37.08532384,9799994,370938946.41,3.5507,2.9001,276001746.0,10326219084.226612,2026-07-14
2025-12-23,sz.002827,高争民爆,37.41360058,38.23926632,38.6471253,36.78689044,9871751,377457638.23,3.5767,2.2069,276001650.0,10554100599.109428,2026-07-14
2025-12-24,sz.002827,高争民爆,38.2492141,41.46234704,41.95973604,38.06020628,26530618,1083100781.27,9.6125,8.4287,276001228.0,11443658698.802164,2026-07-14
2025-12-25,sz.002827,高争民爆,41.780676,39.4926866,41.8304149,39.03508872,20117816,804464926.42,7.2891,-4.7505,275998628.0,10899927317.633984,2026-07-14
2025-12-26,sz.002827,高争民爆,39.15446208,38.23926632,39.38326102,38.0999974,13092739,506163076.21,4.7437,-3.1738,276002677.0,10554139870.835938,2026-07-14
2025-12-29,sz.002827,高争民爆,38.5973864,38.13978852,38.96545426,37.801564,8796440,338982455.2,3.1871,-0.2601,276001381.0,10526634302.567947,2026-07-14
2025-12-30,sz.002827,高争民爆,37.76177288,37.41360058,37.76177288,37.12511496,6381000,239644739.5,2.312,-1.904,275994810.0,10325959583.49299,2026-07-14
2025-12-31,sz.002827,高争民爆,37.32407056,37.53297394,37.68219064,37.21464498,3871505,145787659.1,1.4027,0.3191,276003778.0,10359242607.015545,2026-07-14
2026-01-05,sz.002827,高争民爆,37.47328726,37.24448832,37.5031306,37.01568938,6217506,232297750.8,2.2527,-0.7686,276002397.0,10279568051.358503,2026-07-14
2026-01-06,sz.002827,高争民爆,37.304175,38.298953,38.45811748,37.14501052,7892789,300043408.16,2.8597,2.8312,276000594.0,10570533777.578081,2026-07-14
2026-01-07,sz.002827,高争民爆,38.26910966,37.88114624,38.26910966,37.67224286,5585500,212954373.0,2.0237,-1.0909,276004348.0,10455361069.463852,2026-07-14
2026-01-08,sz.002827,高争民爆,37.88114624,38.2492141,38.36858746,37.6523473,5643370,215921352.7,2.0447,0.9716,275999902.0,10556779343.17702,2026-07-14
2026-01-09,sz.002827,高争民爆,38.4979086,38.47801304,38.62722974,38.12984074,6464850,249230972.0,2.3423,0.5982,276004355.0,10620099170.786789,2026-07-14
2026-01-12,sz.002827,高争民爆,38.73665532,38.3486919,38.95550648,38.15968408,6639450,255941169.5,2.4056,-0.3361,275999751.0,10584229415.575716,2026-07-14
2026-01-13,sz.002827,高争民爆,38.27905744,37.8513029,38.68691642,37.79161622,5659900,216946855.0,2.0507,-1.297,275998440.0,10446900552.367476,2026-07-14
2026-01-14,sz.002827,高争民爆,37.82145956,37.4533917,38.03036294,36.94605492,7885492,297458124.58,2.8571,-1.0512,275996360.0,10336999778.854212,2026-07-14
2026-01-15,sz.002827,高争民爆,37.2046972,37.37380946,37.68219064,37.1549583,3119950,117388307.0,1.1304,-0.2125,276004069.0,10315323484.990692,2026-07-14
2026-01-16,sz.002827,高争民爆,37.36386168,37.6523473,38.298953,37.32407056,5860019,223010151.55,2.1232,0.7453,275999388.0,10392024811.563454,2026-07-14
2026-01-19,sz.002827,高争民爆,37.67224286,37.64239952,37.76177288,37.21464498,3426539,129296382.69,1.2415,-0.0264,275999919.0,10389299218.485638,2026-07-14
2026-01-20,sz.002827,高争民爆,37.4533917,37.04553272,37.72198176,36.96595048,3910711,146530826.01,1.4169,-1.5856,276004729.0,10224742219.044231,2026-07-14
2026-01-21,sz.002827,高争民爆,36.9062638,37.2544361,37.304175,36.49840482,3064400,114034489.0,1.1103,0.5639,275997478.0,10282130407.912155,2026-07-14
2026-01-22,sz.002827,高争民爆,37.2046972,37.1052194,37.5031306,36.97589826,3336201,124580853.28,1.2088,-0.4005,275992803.0,10240773508.135979,2026-07-14
2026-01-23,sz.002827,高争民爆,36.9560027,37.23454054,37.26438388,36.8565249,4046729,150733074.4,1.4662,0.3485,276001159.0,10276776343.872486,2026-07-14
2026-01-26,sz.002827,高争民爆,37.23454054,36.14028474,37.2544361,35.89159024,6043350,221454459.5,2.1896,-2.9388,276002466.0,9974807710.182169,2026-07-14
2026-01-27,sz.002827,高争民爆,36.1104414,35.80206022,36.29944922,35.27482788,3449000,123719195.0,1.2496,-0.9359,276008323.0,9881666601.267212,2026-07-14
2026-01-28,sz.002827,高争民爆,35.812008,35.42404458,36.08059806,35.34446234,4009373,143332624.83,1.4527,-1.0558,275994562.0,9776843668.125574,2026-07-14
2026-01-29,sz.002827,高争民爆,35.314619,35.0659245,35.62300018,34.92665558,3422700,121469813.0,1.2401,-1.011,276001935.0,9678263014.563908,2026-07-14
2026-01-30,sz.002827,高争民爆,35.04602894,35.10571562,35.59315684,34.7177522,3340290,117949007.5,1.2103,0.1135,275988598.0,9688777235.7505,2026-07-14
2026-02-02,sz.002827,高争民爆,35.314619,34.1208854,35.55336572,34.1208854,3337300,116843884.0,1.2092,-2.8053,275992392.0,9417104778.703876,2026-07-14
2026-02-03,sz.002827,高争民爆,34.33973656,34.33973656,34.5187966,33.9716687,3394750,116898488.5,1.23,0.6414,275995935.0,9477627699.530884,2026-07-14
2026-02-04,sz.002827,高争民爆,34.32978878,34.48895326,34.6680133,34.13083318,2519700,87190206.0,0.9129,0.4345,276010516.0,9519313785.592484,2026-07-14
2026-02-05,sz.002827,高争民爆,34.4193188,34.58843106,34.9167078,34.32978878,3084640,107509982.8,1.1176,0.2884,276005727.0,9546605060.50468,2026-07-14
2026-02-06,sz.002827,高争民爆,35.1654023,35.9612247,36.28950144,35.1654023,7549940,272003582.0,2.7355,3.9689,275998538.0,9925245441.88949,2026-07-14
2026-02-09,sz.002827,高争民爆,35.93138136,35.78216466,35.9612247,35.47378348,4630640,166078104.2,1.6778,-0.4979,275994755.0,9875689768.706358,2026-07-14
2026-02-10,sz.002827,高争民爆,35.78216466,37.1549583,37.78166844,35.6130524,5701150,209358269.5,2.0656,3.8365,276004551.0,10254937583.015223,2026-07-14
2026-02-11,sz.002827,高争民爆,36.31934478,36.89631602,37.63245174,36.29944922,5935000,220789051.0,2.1504,-0.6961,275995164.0,10183204790.935728,2026-07-14
2026-02-12,sz.002827,高争民爆,36.806786,36.19997142,36.89631602,36.19997142,3578002,131425678.34,1.2964,-1.8873,275995218.0,9991019003.65667,2026-07-14
2026-02-13,sz.002827,高争民爆,36.07065028,35.54341794,36.44866592,35.54341794,2990500,108139810.0,1.0835,-1.8137,276003692.0,9810114577.739035,2026-07-14
2026-02-24,sz.002827,高争民爆,35.70258242,36.13033696,36.24971032,35.5135746,3112240,112647437.0,1.1276,1.6513,276005676.0,9972178076.752584,2026-07-14
2026-02-25,sz.002827,高争民爆,36.13033696,36.58793484,36.87642046,36.02091138,3662400,134443396.5,1.327,1.2665,275990957.0,10097939151.145243,2026-07-14
2026-02-26,sz.002827,高争民爆,36.5580915,36.3591359,36.806786,36.23976254,2508300,91879606.0,0.9088,-0.6253,276001320.0,10035169502.459387,2026-07-14
2026-02-27,sz.002827,高争民爆,36.19002364,36.52824816,36.58793484,36.09054584,2352900,86228515.0,0.8525,0.4651,276000000.0,10081796492.16,2026-07-14
2026-03-02,sz.002827,高争民爆,36.32929256,36.03085916,36.94605492,35.99106804,3607500,131391927.0,1.3071,-1.3617,275992655.0,9944252481.49947,2026-07-14
2026-03-03,sz.002827,高争民爆,36.03085916,35.04602894,36.52824816,34.99629004,4344952,155394120.64,1.5743,-2.7333,275992632.0,9672445768.298769,2026-07-14
2026-03-04,sz.002827,高争民爆,35.0659245,35.18529786,35.98112026,34.92665558,3311850,118095710.53,1.1999,0.3974,276010501.0,9711511690.172827,2026-07-14
2026-03-05,sz.002827,高争民爆,35.77221688,35.63294796,36.29944922,35.5135746,3490100,125867202.3,1.2645,1.2723,276006327.0,9834919086.621744,2026-07-14
2026-03-06,sz.002827,高争民爆,35.60310462,36.26960588,36.27955366,35.45388792,3480600,126287398.0,1.2611,1.7867,275997145.0,10010307673.155212,2026-07-14
2026-03-09,sz.002827,高争民爆,36.19997142,35.812008,36.28950144,35.58320906,3830950,137936777.6,1.388,-1.2617,276005043.0,9884294807.956343,2026-07-14
2026-03-10,sz.002827,高争民爆,35.8617469,36.2099192,36.32929256,35.812008,2412997,87583683.34,0.8743,1.1111,275991879.0,9993643638.446177,2026-07-14
2026-03-11,sz.002827,高争民爆,36.19002364,35.83190356,36.36908368,35.7125302,3050200,110347197.0,1.1051,-1.044,276011221.0,9890007452.349848,2026-07-14
2026-03-12,sz.002827,高争民爆,35.84185134,35.1156634,35.9114858,35.1156634,3672800,130493506.5,1.3307,-1.9989,276005110.0,9692102539.439974,2026-07-14
2026-03-13,sz.002827,高争民爆,35.14550674,35.59315684,36.4088748,35.14550674,5403600,194664633.0,1.9578,1.3598,276003678.0,9823842199.470858,2026-07-14
2026-03-16,sz.002827,高争民爆,35.5135746,34.60832662,35.55336572,34.319841,4849300,169011515.0,1.757,-2.7669,275998862.0,9551858762.844307,2026-07-14
2026-03-17,sz.002827,高争民爆,34.67796108,34.39942324,35.2151412,34.32978878,2754800,96319942.0,0.9981,-0.6036,276004408.0,9494392446.89764,2026-07-14
2026-03-18,sz.002827,高争民爆,34.39942324,34.43921436,34.53869216,33.822452,2654100,90952800.0,0.9616,0.1157,276008735.0,9505523989.897434,2026-07-14
2026-03-19,sz.002827,高争民爆,34.1208854,33.2255852,34.30989322,33.20568964,3204300,108548764.96,1.161,-3.524,275994832.0,9170089805.375687,2026-07-14
2026-03-20,sz.002827,高争民爆,33.30516744,31.96221714,33.49417526,31.9323738,3252900,106438961.5,1.1786,-3.8024,275996946.0,8821474318.028854,2026-07-14
2026-03-23,sz.002827,高争民爆,31.49467148,30.10198228,31.61404484,29.87318334,4569100,141048257.0,1.6555,-5.8201,275995168.0,8308001656.501623,2026-07-14
2026-03-24,sz.002827,高争民爆,30.71874464,31.11665584,31.11665584,30.1417734,3408346,105122428.86,1.2349,3.3708,276001782.0,8588252461.720707,2026-07-14
2026-03-25,sz.002827,高争民爆,31.12660362,31.72347042,31.76326154,30.9375958,2199450,69599438.5,0.7969,1.9501,276000753.0,8755701723.693226,2026-07-14
2026-03-26,sz.002827,高争民爆,31.71352264,31.5344626,32.07164272,31.37529812,2053850,65366693.0,0.7441,-0.5958,276018008.0,8704079550.202501,2026-07-14
2026-03-27,sz.002827,高争民爆,31.30566366,31.95226936,32.0318516,31.06691694,2130050,68062937.0,0.7718,1.3249,275984711.0,8818337825.113754,2026-07-14
2026-03-30,sz.002827,高争民爆,31.6339404,32.40986724,32.4795017,31.5344626,2537400,82056554.0,0.9193,1.4321,276014359.0,8945588731.523699,2026-07-14
2026-03-31,sz.002827,高争民爆,32.330285,32.73814398,33.2753241,32.2308072,3285800,108792918.0,1.1905,1.0129,276001680.0,9035782738.561886,2026-07-14
2026-04-01,sz.002827,高争民爆,33.15595074,33.9219298,35.0161856,33.04652516,6721000,229637584.0,2.4351,3.6159,276005092.0,9362625355.266542,2026-07-14
2026-04-02,sz.002827,高争民爆,33.93187758,33.88213868,34.09104206,33.36485412,3677655,125261188.7,1.3325,-0.1173,275996623.0,9351355855.697678,2026-07-14
2026-04-03,sz.002827,高争民爆,33.88213868,32.85751734,34.00151204,32.85751734,2947700,98441616.0,1.068,-3.0241,276001873.0,9068736327.969978,2026-07-14
2026-04-07,sz.002827,高争民爆,33.10621184,32.79783066,33.10621184,32.38997168,2183100,71730395.0,0.791,-0.1817,275992415.0,9051952490.614445,2026-07-14
2026-04-08,sz.002827,高争民爆,33.04652516,33.5737575,33.6732353,33.04652516,2861900,96268367.0,1.0369,2.3658,276005401.0,9266538401.864258,2026-07-14
2026-04-09,sz.002827,高争民爆,33.5737575,32.48944948,33.5737575,32.35018056,3057600,100528579.0,1.1078,-3.2296,276006499.0,8967299205.41217,2026-07-14
2026-04-10,sz.002827,高争民爆,32.5292406,32.43971058,32.90725624,32.37007612,2390600,78325768.0,0.8662,-0.1531,275987070.0,8952940674.622202,2026-07-14
2026-04-13,sz.002827,高争民爆,32.19101608,31.90253046,32.2308072,31.77320932,2600450,83532169.97,0.9422,-1.6559,275997665.0,8805023914.551376,2026-07-14
2026-04-14,sz.002827,高争民爆,31.9323738,31.8826349,32.16117274,31.6339404,2415431,77234284.63,0.8752,-0.0624,275986175.0,8799166454.972507,2026-07-14
2026-04-15,sz.002827,高争民爆,31.9323738,32.01195604,32.40986724,31.9323738,2672367,86362454.61,0.9683,0.4056,275985438.0,8834833708.936146,2026-07-14
2026-04-16,sz.002827,高争民爆,32.0318516,32.56903172,32.6287184,31.77320932,2716391,88164473.96,0.9842,1.7402,275999898.0,8989049432.678764,2026-07-14
2026-04-17,sz.002827,高争民爆,32.43971058,32.48944948,32.66850952,32.2308072,2001249,65215197.27,0.7251,-0.2443,275996276.0,8966967065.770136,2026-07-14
2026-04-20,sz.002827,高争民爆,32.46955392,32.44965836,32.6287184,32.30044166,1706800,55656843.5,0.6184,-0.1225,276002587.0,8956189654.626177,2026-07-14
2026-04-21,sz.002827,高争民爆,32.330285,32.24075498,32.50934504,32.06169494,1707212,55288028.92,0.6186,-0.6438,275979955.0,8897802108.546425,2026-07-14
2026-04-22,sz.002827,高争民爆,32.0815905,32.22085942,32.31038944,31.94232158,1678250,54228560.77,0.6081,-0.0617,275982569.0,8892395558.11945,2026-07-14
2026-04-23,sz.002827,高争民爆,32.21091164,31.6339404,32.38997168,31.54441038,2226200,71267216.0,0.8066,-1.8215,275998016.0,8730904788.662247,2026-07-14
2026-04-24,sz.002827,高争民爆,31.49467148,31.67373152,31.95226936,31.45488036,2115567,67499043.15,0.7665,0.1258,276003523.0,8742061486.076145,2026-07-14
2026-04-27,sz.002827,高争民爆,31.81300044,32.05174716,32.05174716,30.03234782,4956390,154022657.4,1.7958,1.1935,275998998.0,8846250100.309345,2026-07-14
2026-04-28,sz.002827,高争民爆,30.85801356,30.5894235,31.74336598,30.40041568,4848731,150232496.46,1.7568,-4.5624,275997894.0,8442616464.6741085,2026-07-14
2026-04-29,sz.002827,高争民爆,30.62921462,30.47005014,31.04702138,30.3904679,2643200,81572527.63,0.9577,-0.3902,275994570.0,8409568386.26774,2026-07-14
2026-04-30,sz.002827,高争民爆,30.4402068,30.0422956,30.61926684,29.85328778,3844800,116286631.02,1.393,-1.4039,276008615.0,8291932399.976594,2026-07-14
2026-05-06,sz.002827,高争民爆,30.25119898,30.21140786,30.65905796,29.6443844,4003390,121210607.2,1.4505,0.5629,276000689.0,8338369385.020016,2026-07-14
2026-05-07,sz.002827,高争民爆,30.30093788,31.16639474,31.69362708,30.12187784,6509684,203416775.9,2.3586,3.161,275997795.0,8601856226.339598,2026-07-14
2026-05-08,sz.002827,高争民爆,31.34545478,33.03657738,33.7229742,30.9873347,11623184,383688616.52,4.2113,6.0006,275999905.0,9118092218.405148,2026-07-14
2026-05-11,sz.002827,高争民爆,33.05647294,32.7281962,33.41459302,32.26065054,5751200,189470140.0,2.0838,-0.9335,275995777.0,9032843940.027447,2026-07-14
2026-05-12,sz.002827,高争民爆,33.5240186,32.78788288,33.6234964,32.48944948,5544300,184507473.0,2.0088,0.1824,276000597.0,9049475249.246078,2026-07-14
2026-05-13,sz.002827,高争民爆,32.44965836,32.55908394,32.96694292,32.27059832,4118156,134634871.28,1.4921,-0.6978,275997319.0,8986219876.535957,2026-07-14
2026-05-14,sz.002827,高争民爆,32.51929282,31.67373152,32.5292406,31.49467148,4137761,132543321.49,1.4992,-2.7192,275997932.0,8741884398.243217,2026-07-14
2026-05-15,sz.002827,高争民爆,31.70357486,31.55435816,32.36012834,31.4349848,3163710,101564229.9,1.1463,-0.3769,275993195.0,8708788124.752722,2026-07-14
2026-05-18,sz.002827,高争民爆,31.41508924,30.92764802,31.69362708,30.7883791,2860700,89675528.0,1.0365,-1.9861,275996141.0,8535911503.726291,2026-07-14
2026-05-19,sz.002827,高争民爆,30.79832688,31.29571588,31.50461926,30.47005014,3309950,103098429.5,1.1993,1.1901,275990161.0,8637309664.331457,2026-07-14
2026-05-20,sz.002827,高争民爆,31.06691694,30.59937128,31.26587254,30.42031124,2813200,86690978.0,1.0193,-2.225,275993329.0,8445222344.874191,2026-07-14
2026-05-21,sz.002827,高争民爆,30.49989348,29.82344444,30.91770024,29.7438622,3537300,107752852.0,1.2816,-2.5358,276006554.0,8231466128.29486,2026-07-14
2026-05-22,sz.002827,高争民爆,30.1417734,30.340729,30.59937128,29.5449066,3070900,93063166.0,1.1127,1.7345,275986340.0,8373626749.64186,2026-07-14
2026-05-25,sz.002827,高争民爆,30.35067678,30.42031124,30.7883791,30.10198228,2366288,72150004.34,0.8574,0.2623,275984138.0,8395523375.263111,2026-07-14
2026-05-26,sz.002827,高争民爆,30.26114676,30.51978904,30.6889013,29.87318334,2940800,89636890.0,1.0655,0.327,276001877.0,8423519060.684028,2026-07-14
2026-05-27,sz.002827,高争民爆,30.51978904,29.5946455,30.81822244,29.55485438,3242750,97506351.5,1.1749,-3.0313,276002213.0,8168187650.950491,2026-07-14
2026-05-28,sz.002827,高争民爆,29.51506326,29.02762204,29.92292224,28.57997194,2949200,86432557.0,1.0686,-1.916,275987273.0,8011254248.494297,2026-07-14
2026-05-29,sz.002827,高争民爆,29.06741316,28.19200852,29.23652542,28.0527396,3179232,90667917.54,1.1519,-2.8787,275998958.0,7780964975.447123,2026-07-14
2026-06-01,sz.002827,高争民爆,28.2019563,28.3014341,28.47054636,27.853784,2206300,62647755.0,0.7994,0.3881,275994496.0,7811040040.506714,2026-07-14
2026-06-02,sz.002827,高争民爆,28.31138188,27.74435842,28.41085968,27.14749162,3341262,92739886.62,1.2106,-1.9684,276000496.0,7657456685.121777,2026-07-14
2026-06-03,sz.002827,高争民爆,27.853784,27.48571614,28.63965862,27.37629056,2780600,78186774.0,1.0075,-0.9322,275990074.0,7585784831.421595,2026-07-14
2026-06-04,sz.002827,高争民爆,27.853784,27.28676054,28.31138188,27.08780494,3087350,85428932.0,1.1186,-0.7239,276001252.0,7531180072.064196,2026-07-14
2026-06-05,sz.002827,高争民爆,27.16738718,27.93336624,28.53023304,27.1574394,4498352,126336842.6,1.6298,2.3697,276006381.0,7709787325.049978,2026-07-14
2026-06-08,sz.002827,高争民爆,27.49566392,26.66999818,27.82394066,26.361617,3433252,93076286.51,1.2439,-4.5228,276007075.0,7361108187.917124,2026-07-14
2026-06-09,sz.002827,高争民爆,26.81,26.08,26.97,25.92,3159800,82597242.0,1.1449,-2.2122,275989169.0,7197797527.5199995,2026-07-14
2026-06-10,sz.002827,高争民爆,26.06,25.32,26.06,24.81,4660500,118047136.0,1.6886,-2.9141,275997868.0,6988266017.76,2026-07-14
2026-06-11,sz.002827,高争民爆,25.13,25.39,25.65,24.88,2789800,70663408.0,1.0108,0.2765,275999209.0,7007619916.51,2026-07-14
2026-06-12,sz.002827,高争民爆,25.4,26.0,26.1,25.27,3184900,82039491.0,1.154,2.4025,275987868.0,7175684568.0,2026-07-14
2026-06-15,sz.002827,高争民爆,26.25,26.03,26.25,25.76,2918021,75940843.69,1.0573,0.1154,275987988.0,7183967327.64,2026-07-14
2026-06-16,sz.002827,高争民爆,26.02,26.08,26.24,25.68,3013250,78352250.0,1.0918,0.1921,275989192.0,7197798127.36,2026-07-14
2026-06-17,sz.002827,高争民爆,25.86,25.31,26.02,25.25,2762400,70445826.5,1.0009,-2.9525,275991608.0,6985347598.48,2026-07-14
2026-06-18,sz.002827,高争民爆,25.29,25.78,25.92,24.89,3921700,100074814.0,1.4209,1.857,276001126.0,7115309028.280001,2026-07-14
2026-06-22,sz.002827,高争民爆,25.77,27.61,27.62,25.0,9092301,243306452.56,3.2943,7.0985,276001002.0,7620387665.22,2026-07-14
2026-06-23,sz.002827,高争民爆,27.76,26.43,27.96,26.42,4906900,132951769.0,1.7779,-4.2738,275994150.0,7294525384.5,2026-07-14
2026-06-24,sz.002827,高争民爆,26.6,26.17,26.66,25.33,4346048,113033608.32,1.5747,-0.9837,275992125.0,7222713911.25,2026-07-14
2026-06-25,sz.002827,高争民爆,26.17,24.99,26.37,24.96,4552292,115550593.85,1.6494,-4.509,275996847.0,6897161206.53,2026-07-14
2026-06-26,sz.002827,高争民爆,25.0,23.94,25.16,23.93,3629299,88033449.96,1.315,-4.2017,275992319.0,6607256116.860001,2026-07-14
2026-06-29,sz.002827,高争民爆,23.71,23.61,24.02,23.26,3271300,77303991.0,1.1853,-1.3784,275989201.0,6516105035.61,2026-07-14
2026-06-30,sz.002827,高争民爆,23.52,24.14,24.19,23.2,3552750,84799518.0,1.2872,2.2448,276006060.0,6662786288.400001,2026-07-14
2026-07-01,sz.002827,高争民爆,24.24,24.4,24.72,23.91,3418200,83043204.0,1.2385,1.0771,275995155.0,6734281782.0,2026-07-14
2026-07-02,sz.002827,高争民爆,24.3,24.5,25.0,24.22,3024400,74524686.0,1.0958,0.4098,275999270.0,6761982115.0,2026-07-14
2026-07-03,sz.002827,高争民爆,24.68,24.73,25.29,24.51,2836918,70776803.32,1.0279,0.9388,275991633.0,6825273084.09,2026-07-14
2026-07-06,sz.002827,高争民爆,25.0,24.4,25.05,24.25,2973600,73009623.5,1.0774,-1.3344,275997772.0,6734345636.799999,2026-07-14
2026-07-07,sz.002827,高争民爆,24.38,23.51,24.54,23.48,2522300,60131846.0,0.9139,-3.6475,275992997.0,6488595359.47,2026-07-14
2026-07-08,sz.002827,高争民爆,22.99,22.9,23.44,22.34,4001600,91777273.0,1.4499,-2.5946,275991448.0,6320204159.2,2026-07-14
2026-07-09,sz.002827,高争民爆,22.9,22.55,23.05,22.22,3420450,77115089.0,1.2393,-1.5284,275998548.0,6223767257.400001,2026-07-14
2026-07-10,sz.002827,高争民爆,22.39,22.86,23.23,22.2,3065045,70174661.5,1.1105,1.3747,276005853.0,6309493799.58,2026-07-14
2026-07-13,sz.002827,高争民爆,22.71,22.65,23.09,22.25,3644600,82815739.0,1.3205,-0.9186,276001515.0,6251434314.75,2026-07-14
