日期,股票代码,股票名称,开盘,收盘,最高,最低,成交量,成交额,换手率,涨跌幅,流通股数,流通市值,数据日期
2012-01-04,sz.300236,上海新阳,5.21332126,4.86397499,5.2209992,4.84861911,857563,11279848.13,3.988665,-5.4478,21500001.0,104575467.14897498,2026-07-14
2012-01-05,sz.300236,上海新阳,4.80255147,4.58756915,4.80255147,4.49927284,694996,8441185.59,3.23254,-5.6827,21499997.0,98632722.96229255,2026-07-14
2012-01-06,sz.300236,上海新阳,4.53382357,4.71425516,4.79487353,4.53382357,625658,7632393.61,2.910037,2.7615,21500002.0,101356495.3685103,2026-07-14
2012-01-09,sz.300236,上海新阳,4.69122134,4.96378821,4.97530512,4.65667061,579094,7307054.84,2.69346,5.2932,21500004.0,106721466.37015283,2026-07-14
2012-01-10,sz.300236,上海新阳,4.94843233,5.09047422,5.14805877,4.9138816,602789,7920953.66,2.80367,2.5522,21499998.0,109445185.54905155,2026-07-14
2012-01-11,sz.300236,上海新阳,5.09047422,5.06360143,5.14038083,5.02137276,381112,5042303.36,1.772614,-0.5279,21499999.0,108867425.68139857,2026-07-14
2012-01-12,sz.300236,上海新阳,4.990661,5.05592349,5.1826095,4.96762718,551794,7256570.97,2.566484,-0.1516,21499998.0,108702344.92315301,2026-07-14
2012-01-13,sz.300236,上海新阳,5.04824555,4.67586546,5.0674404,4.65283164,692391,8655577.68,3.220423,-7.5171,21500002.0,100531116.74173091,2026-07-14
2012-01-16,sz.300236,上海新阳,4.82942426,4.58373018,4.82942426,4.54917945,393857,4795710.83,1.831893,-1.9704,21500000.0,98550198.87,2026-07-14
2012-01-17,sz.300236,上海新阳,4.50695078,4.91004263,4.94459336,4.50695078,544326,6790795.6,2.531749,7.1189,21499999.0,105565911.63495737,2026-07-14
2012-01-18,sz.300236,上海新阳,4.87933087,4.73728898,4.98298306,4.70273825,516801,6538384.94,2.403726,-3.5184,21499996.0,101851694.12084408,2026-07-14
2012-01-19,sz.300236,上海新阳,4.6835434,4.81790735,4.88316984,4.66434855,419532,5233465.3,1.951312,1.7018,21499996.0,103584988.7533706,2026-07-14
2012-01-20,sz.300236,上海新阳,4.8754919,4.90620366,4.98298306,4.81406838,446835,5695621.92,2.078302,1.8327,21500003.0,105483393.40861098,2026-07-14
2012-01-30,sz.300236,上海新阳,4.86781396,4.89468675,4.96762718,4.7987125,422842,5408800.66,1.966707,-0.2347,21500000.0,105235765.125,2026-07-14
2012-01-31,sz.300236,上海新阳,4.88700881,4.86397499,4.90620366,4.77951765,278729,3496217.59,1.296414,-0.6275,21499999.0,104575457.42102501,2026-07-14
2012-02-01,sz.300236,上海新阳,4.85245808,4.8371022,4.94843233,4.81022941,276499,3520950.97,1.286042,-0.5525,21499998.0,103997687.6257956,2026-07-14
2012-02-02,sz.300236,上海新阳,4.87165293,4.9138816,4.9138816,4.77567868,341178,4316922.28,1.586874,1.5873,21500006.0,105648483.88328959,2026-07-14
2012-02-03,sz.300236,上海新阳,4.9138816,4.99833894,5.05976246,4.8754919,676584,8761362.42,3.146902,1.7188,21500002.0,107464297.20667788,2026-07-14
2012-02-06,sz.300236,上海新阳,5.02521173,5.04440658,5.09815216,4.99449997,583270,7658564.39,2.712884,0.9217,21499998.0,108454731.38118684,2026-07-14
2012-02-07,sz.300236,上海新阳,5.00985585,4.97914409,5.05208452,4.95611027,570610,7429594.01,2.654,-1.2938,21500000.0,107051597.935,2026-07-14
2012-02-08,sz.300236,上海新阳,4.95611027,5.11350804,5.12886392,4.95611027,556117,7333847.66,2.586591,2.6985,21499997.0,109940407.51947588,2026-07-14
2012-02-09,sz.300236,上海新阳,5.2209992,5.16341465,5.35152418,5.03672864,885090,12085774.93,4.116698,0.976,21499998.0,111013404.6481707,2026-07-14
2012-02-10,sz.300236,上海新阳,5.11350804,5.13270289,5.2209992,5.04824555,512017,6856189.42,2.381474,-0.5948,21500004.0,110353132.66581155,2026-07-14
2012-02-13,sz.300236,上海新阳,5.12118598,5.25171096,5.3361683,5.09047422,794606,10855218.23,3.695842,2.3186,21499999.0,112911780.38828903,2026-07-14
2012-02-14,sz.300236,上海新阳,5.24019405,5.26706684,5.29010066,5.21332126,573367,7839521.96,2.666823,0.2924,21500002.0,113241947.59413368,2026-07-14
2012-02-15,sz.300236,上海新阳,5.29010066,5.32849036,5.34000727,5.22867714,658090,9097831.72,3.060884,1.1662,21499998.0,114562532.08301929,2026-07-14
2012-02-16,sz.300236,上海新阳,5.30161757,5.28626169,5.374558,5.2593889,402900,5585077.0,1.873953,-0.7925,21500006.0,113654658.05257013,2026-07-14
2012-02-17,sz.300236,上海新阳,5.33232933,5.22867714,5.36688006,5.16341465,389576,5309041.98,1.811981,-1.0893,21500005.0,112416584.6533857,2026-07-14
2012-02-20,sz.300236,上海新阳,5.25171096,5.22867714,5.32849036,5.18644847,442451,6073504.56,2.057912,0.0,21499996.0,112416537.59529145,2026-07-14
2012-02-21,sz.300236,上海新阳,5.21332126,5.36688006,5.36688006,5.1826095,619464,8491281.1,2.881228,2.6432,21499999.0,115387915.92311993,2026-07-14
2012-02-22,sz.300236,上海新阳,5.31697345,5.53579474,5.60105723,5.31697345,1275106,18263745.59,5.930726,3.1474,21499998.0,119019575.83841053,2026-07-14
2012-02-23,sz.300236,上海新阳,5.49740504,5.56266753,5.64712487,5.44365946,880794,12733370.45,4.096716,0.4854,21500001.0,119597357.45766753,2026-07-14
2012-02-24,sz.300236,上海新阳,5.56266753,5.56266753,5.56266753,5.56266753,0,0.0,0.0,0.0,21500001.0,119597357.45766753,2026-07-14
2012-02-27,sz.300236,上海新阳,5.6816756,5.53579474,5.72774324,5.53195577,1047558,15275083.29,4.872363,-0.4831,21499999.0,119019581.37420526,2026-07-14
2012-02-28,sz.300236,上海新阳,5.47053225,5.46285431,5.53195577,5.39375285,533282,7591340.88,2.480381,-1.3176,21500003.0,117451384.05356292,2026-07-14
2012-02-29,sz.300236,上海新阳,5.46669328,5.48204916,5.62025208,5.43598152,726311,10454641.52,3.378191,0.3514,21499998.0,117864045.97590168,2026-07-14
2012-03-01,sz.300236,上海新阳,5.38607491,5.51276092,5.53579474,5.38607491,414320,5919189.25,1.92707,0.5602,21499997.0,118524343.24171723,2026-07-14
2012-03-02,sz.300236,上海新阳,5.47821019,5.62409105,5.6432859,5.47821019,589733,8587687.5,2.742944,2.0195,21500001.0,120917963.19909105,2026-07-14
2012-03-05,sz.300236,上海新阳,5.62409105,5.61257414,5.66248075,5.58954032,533293,7798905.48,2.480433,-0.2048,21499996.0,120670321.55970345,2026-07-14
2012-03-06,sz.300236,上海新阳,5.62793002,5.61641311,5.67783663,5.53579474,350730,5099972.82,1.631302,0.0684,21500004.0,120752904.33065243,2026-07-14
2012-03-07,sz.300236,上海新阳,5.54731165,5.62409105,5.70087045,5.4897271,541384,7927556.89,2.518065,0.1367,21500001.0,120917963.19909105,2026-07-14
2012-03-08,sz.300236,上海新阳,5.62409105,5.68935354,5.70087045,5.62409105,394812,5824380.98,1.836335,1.1604,21499999.0,122321095.42064646,2026-07-14
2012-03-09,sz.300236,上海新阳,5.69703148,5.7968447,5.7968447,5.69703148,474868,7121299.86,2.208688,1.8893,21500004.0,124632184.2373788,2026-07-14
2012-03-12,sz.300236,上海新阳,5.80836161,5.90049689,6.05405569,5.80836161,754826,11667483.27,3.510819,1.7881,21499998.0,126860671.33400622,2026-07-14
2012-03-13,sz.300236,上海新阳,5.87746307,5.93888659,5.9504035,5.87746307,387703,5976666.03,1.80327,0.6506,21499997.0,127686043.86834024,2026-07-14
2012-03-14,sz.300236,上海新阳,6.04637775,5.58570135,6.08092848,5.5281168,1349059,20468572.74,6.274693,-5.947,21500000.0,120092579.02499999,2026-07-14
2012-03-15,sz.300236,上海新阳,5.5665065,5.55882856,5.62025208,5.47053225,559287,8094544.08,2.601335,-0.4811,21499999.0,119514808.48117144,2026-07-14
2012-03-16,sz.300236,上海新阳,5.5665065,5.66248075,5.66248075,5.51276092,545357,7954335.7,2.536544,1.8646,21500002.0,121743347.44996151,2026-07-14
2012-03-19,sz.300236,上海新阳,5.66248075,5.73158221,5.73542118,5.58186238,592991,8730876.56,2.758098,1.2203,21499997.0,123229000.32025337,2026-07-14
2012-03-20,sz.300236,上海新阳,5.7200653,5.50508298,5.85442925,5.49740504,638415,9360557.32,2.969372,-3.9518,21500001.0,118359289.57508299,2026-07-14
2012-03-21,sz.300236,上海新阳,5.50892195,5.43982049,5.55882856,5.34768521,586732,8338977.74,2.728986,-1.1855,21500000.0,116956140.535,2026-07-14
2012-03-22,sz.300236,上海新阳,5.4897271,5.45517637,5.50892195,5.40526976,173400,2465368.74,0.806512,0.2823,21499990.0,117286237.4032363,2026-07-14
2012-03-23,sz.300236,上海新阳,5.42446461,5.374558,5.47821019,5.35920212,248310,3496425.3,1.15493,-1.4778,21500004.0,115553018.498232,2026-07-14
2012-03-26,sz.300236,上海新阳,5.36688006,5.47437122,5.50124401,5.30545654,440092,6222416.11,2.04694,1.8571,21499995.0,117698953.8581439,2026-07-14
2012-03-27,sz.300236,上海新阳,5.49740504,5.40910873,5.50508298,5.39759182,255737,3634536.83,1.189474,-1.1921,21500008.0,116295880.96786983,2026-07-14
2012-03-28,sz.300236,上海新阳,5.36688006,5.05592349,5.36688006,5.04824555,501933,6780300.69,2.334572,-6.5295,21500001.0,108702360.09092349,2026-07-14
2012-03-29,sz.300236,上海新阳,4.99449997,5.00217791,5.09815216,4.9522713,217522,2843852.22,1.01173,-1.063,21500005.0,107546850.07588956,2026-07-14
2012-03-30,sz.300236,上海新阳,5.03672864,4.84094117,5.04056761,4.80255147,482361,6164833.77,2.24354,-3.2233,21499996.0,104080215.79123531,2026-07-14
2012-04-05,sz.300236,上海新阳,4.84478014,4.97914409,4.98682203,4.84094117,393299,5056911.31,1.829298,2.8549,21499996.0,107051578.01842365,2026-07-14
2012-04-06,sz.300236,上海新阳,4.98298306,5.08663525,5.13654186,4.9522713,453755,5990066.55,2.110488,2.1588,21500004.0,109362678.22154099,2026-07-14
2012-04-09,sz.300236,上海新阳,5.12118598,5.04824555,5.12118598,5.00985585,142236,1874858.3,0.661563,-0.7547,21499993.0,108537243.98728114,2026-07-14
2012-04-10,sz.300236,上海新阳,4.99449997,5.12886392,5.13654186,4.9138816,304817,3964717.22,1.417753,1.597,21500007.0,110270610.18204743,2026-07-14
2012-04-11,sz.300236,上海新阳,5.08279628,5.14038083,5.15957568,5.04056761,178185,2373788.75,0.828767,0.2246,21500011.0,110518244.38918912,2026-07-14
2012-04-12,sz.300236,上海新阳,5.1442198,5.28242272,5.3361683,5.1058301,419106,5700561.41,1.94933,2.7633,21500003.0,113572104.32726815,2026-07-14
2012-04-13,sz.300236,上海新阳,5.32081242,5.37071903,5.39375285,5.24403302,441599,6108633.75,2.053949,1.6715,21499998.0,115470448.40356193,2026-07-14
2012-04-16,sz.300236,上海新阳,5.37071903,5.34000727,5.37071903,5.2593889,195810,2713498.84,0.910744,-0.5718,21500004.0,114810177.66502908,2026-07-14
2012-04-17,sz.300236,上海新阳,5.2977786,5.2593889,5.34000727,5.22867714,193111,2651679.07,0.898191,-1.5097,21499993.0,113076824.5342777,2026-07-14
2012-04-18,sz.300236,上海新阳,5.27090581,5.374558,5.38607491,5.2593889,309560,4307585.41,1.439814,2.1898,21499999.0,115552991.62544201,2026-07-14
2012-04-19,sz.300236,上海新阳,5.4129477,5.36688006,5.4129477,5.30161757,278610,3884950.54,1.29586,-0.1429,21500008.0,115387964.22504048,2026-07-14
2012-04-20,sz.300236,上海新阳,5.25171096,5.43598152,5.44365946,5.25171096,439984,6159151.11,2.046437,1.2876,21500002.0,116873613.55196305,2026-07-14
2012-04-23,sz.300236,上海新阳,5.34384624,5.05592349,5.374558,5.04056761,477086,6435042.81,2.219005,-6.9915,21499997.0,108702339.86722952,2026-07-14
2012-04-24,sz.300236,上海新阳,5.04056761,5.20180435,5.2209992,4.95611027,500432,6652067.77,2.327591,2.8853,21499997.0,111838777.91958694,2026-07-14
2012-04-25,sz.300236,上海新阳,5.10199113,5.11734701,5.17109259,4.93307645,649899,8508222.14,3.022786,-1.6236,21500000.0,110022960.71499999,2026-07-14
2012-04-26,sz.300236,上海新阳,5.07511834,5.03672864,5.1442198,4.97530512,237911,3127225.98,1.106563,-1.5754,21499996.0,108289645.61308543,2026-07-14
2012-04-27,sz.300236,上海新阳,4.99449997,5.04056761,5.11734701,4.99449997,211105,2781499.74,0.981884,0.0762,21499994.0,108372173.37159434,2026-07-14
2012-05-02,sz.300236,上海新阳,5.11350804,5.17877053,5.21332126,5.04824555,279565,3726238.94,1.300302,2.7418,21500005.0,111343592.28885266,2026-07-14
2012-05-03,sz.300236,上海新阳,5.12118598,5.21332126,5.2209992,5.07511834,288933,3869188.03,1.343874,0.6672,21500007.0,112086443.58324882,2026-07-14
2012-05-04,sz.300236,上海新阳,5.20948229,5.37071903,5.40910873,5.20564332,588362,8184109.7,2.736567,3.0191,21500003.0,115470475.25715709,2026-07-14
2012-05-07,sz.300236,上海新阳,5.3361683,5.40910873,5.5281168,5.31697345,393767,5520401.35,1.831474,0.7148,21500005.0,116295864.74054365,2026-07-14
2012-05-08,sz.300236,上海新阳,5.40910873,5.37071903,5.42830358,5.30929551,292809,4083327.78,1.361902,-0.7097,21500005.0,115470485.99859515,2026-07-14
2012-05-09,sz.300236,上海新阳,5.32849036,5.2593889,5.33232933,5.2209992,253950,3492304.8,1.181163,-2.0729,21499996.0,113076840.3124444,2026-07-14
2012-05-10,sz.300236,上海新阳,5.25554993,5.32465139,5.38991388,5.25554993,194750,2702254.2,0.905814,1.2409,21499999.0,114479999.5603486,2026-07-14
2012-05-11,sz.300236,上海新阳,5.32081242,5.22483817,5.32465139,5.22483817,183085,2514958.5,0.851558,-1.8745,21500004.0,112334041.55435269,2026-07-14
2012-05-14,sz.300236,上海新阳,5.30545654,5.19028744,5.30545654,5.18644847,136170,1852610.8,0.633349,-0.6613,21499994.0,111591148.81827535,2026-07-14
2012-05-15,sz.300236,上海新阳,5.10966907,5.1826095,5.20564332,5.09047422,162300,2172256.5,0.754884,-0.1479,21499992.0,111426062.789124,2026-07-14
2012-05-16,sz.300236,上海新阳,5.17493156,5.12118598,5.17493156,5.10199113,186420,2487546.2,0.86707,-1.1852,21499994.0,110105467.84288412,2026-07-14
2012-05-17,sz.300236,上海新阳,5.09431319,5.13270289,5.23635508,5.04056761,185301,2489017.88,0.861865,0.2249,21500003.0,110353127.53310867,2026-07-14
2012-05-18,sz.300236,上海新阳,5.12502495,5.13654186,5.19412641,5.09047422,186754,2503435.07,0.868623,0.0748,21500006.0,110435680.80925117,2026-07-14
2012-05-21,sz.300236,上海新阳,5.14805877,5.17877053,5.24019405,5.13654186,187930,2541289.1,0.874093,0.8221,21500001.0,111343571.57377054,2026-07-14
2012-05-22,sz.300236,上海新阳,5.18644847,5.2593889,5.26322787,5.15957568,272244,3709413.95,1.266251,1.5567,21500003.0,113076877.1281667,2026-07-14
2012-05-23,sz.300236,上海新阳,5.24787199,5.14805877,5.25171096,5.1058301,186554,2510769.7,0.867693,-2.1168,21500001.0,110683268.70305876,2026-07-14
2012-05-24,sz.300236,上海新阳,5.14805877,5.1442198,5.21716023,5.0674404,229915,3087636.43,1.069372,-0.0746,21500002.0,110600735.9884396,2026-07-14
2012-05-25,sz.300236,上海新阳,5.10966907,5.04440658,5.12502495,4.98298306,245715,3226901.31,1.14286,-1.9403,21500009.0,108454786.86965923,2026-07-14
2012-05-28,sz.300236,上海新阳,5.0674404,5.08279628,5.1058301,4.9138816,131035,1704090.68,0.609465,0.761,21500004.0,109280140.35118513,2026-07-14
2012-05-29,sz.300236,上海新阳,5.08279628,5.1442198,5.1442198,5.0674404,296175,3944494.35,1.377558,1.2085,21500002.0,110600735.9884396,2026-07-14
2012-05-30,sz.300236,上海新阳,5.11350804,5.20948229,5.23635508,5.11350804,363813,4904958.27,1.692153,1.2687,21500006.0,112003900.49189375,2026-07-14
2012-05-31,sz.300236,上海新阳,5.17493156,5.25554993,5.2977786,5.15189774,266450,3619379.91,1.239302,0.8843,21500006.0,112994355.02829958,2026-07-14
2012-06-01,sz.300236,上海新阳,5.27474478,5.21716023,5.27474478,5.15573671,184000,2495081.05,0.855814,-0.7305,21499999.0,112168939.72783977,2026-07-14
2012-06-04,sz.300236,上海新阳,5.0674404,5.09431319,5.13654186,5.0290507,184400,2441163.0,0.857674,-2.3547,21500010.0,109527784.5281319,2026-07-14
2012-06-05,sz.300236,上海新阳,5.17493156,5.1058301,5.17493156,5.05976246,179380,2390243.3,0.834326,0.2261,21499989.0,109775290.9858689,2026-07-14
2012-06-06,sz.300236,上海新阳,5.0674404,5.05592349,5.15957568,5.05208452,99004,1312231.34,0.460484,-0.9774,21499987.0,108702289.30799462,2026-07-14
2012-06-07,sz.300236,上海新阳,5.08279628,5.05592349,5.12118598,5.0290507,112400,1483812.0,0.522791,0.0,21499988.0,108702294.36391811,2026-07-14
2012-06-08,sz.300236,上海新阳,5.06360143,5.07127937,5.09047422,5.02137276,122756,1616598.44,0.570958,0.3037,21500005.0,109032531.81139685,2026-07-14
2012-06-11,sz.300236,上海新阳,5.07127937,5.1442198,5.17109259,5.05592349,193505,2576071.2,0.900023,1.4383,21500006.0,110600756.56531881,2026-07-14
2012-06-12,sz.300236,上海新阳,5.10199113,5.1058301,5.1442198,5.09815216,125300,1670458.0,0.582791,-0.7463,21499989.0,109775290.9858689,2026-07-14
2012-06-13,sz.300236,上海新阳,5.1058301,5.17109259,5.20564332,5.09431319,396220,5323194.72,1.842884,1.2782,21499997.0,111178475.17172222,2026-07-14
2012-06-14,sz.300236,上海新阳,5.15189774,5.17109259,5.21332126,5.13270289,300093,4037813.12,1.395781,0.0,21500006.0,111178521.71155554,2026-07-14
2012-06-15,sz.300236,上海新阳,5.19412641,5.19412641,5.25554993,5.1442198,298626,4038307.42,1.388958,0.4454,21500002.0,111673728.20325282,2026-07-14
2012-06-18,sz.300236,上海新阳,5.19412641,5.32081242,5.32849036,5.15189774,581826,7983573.36,2.706167,2.439,21500004.0,114397488.31324968,2026-07-14
2012-06-19,sz.300236,上海新阳,5.32849036,5.20180435,5.32849036,5.20180435,463408,6348690.78,2.155386,-2.2367,21500000.0,111838793.52499999,2026-07-14
2012-06-20,sz.300236,上海新阳,5.25171096,5.2977786,5.30545654,5.20564332,359798,4937652.0,1.673479,1.845,21500001.0,113902245.1977786,2026-07-14
2012-06-21,sz.300236,上海新阳,5.2977786,5.36304109,5.5281168,5.28626169,936692,13175548.49,4.356707,1.2319,21500000.0,115305383.435,2026-07-14
2012-06-25,sz.300236,上海新阳,5.2977786,5.13270289,5.2977786,5.04824555,373150,5010155.1,1.735581,-4.2949,21500005.0,110353137.79851446,2026-07-14
2012-06-26,sz.300236,上海新阳,5.1058301,5.00217791,5.12118598,4.95994924,434558,5690359.87,2.0212,-2.543,21500000.0,107546825.06500001,2026-07-14
2012-06-27,sz.300236,上海新阳,5.01369482,5.07511834,5.19796538,4.99449997,385636,5128617.79,1.793656,1.4582,21499998.0,109115034.15976332,2026-07-14
2012-06-28,sz.300236,上海新阳,5.17493156,5.0290507,5.17493156,5.02137276,220951,2917552.55,1.027679,-0.9077,21500001.0,108124595.0790507,2026-07-14
2012-06-29,sz.300236,上海新阳,5.00553352,5.06824968,5.08784848,4.96241616,278746,3576432.39,1.296493,0.7794,21500000.0,108967368.12,2026-07-14
2012-07-02,sz.300236,上海新阳,5.0760892,5.15840416,5.18976224,5.04865088,333465,4375160.66,1.551,1.7788,21500000.0,110905689.44,2026-07-14
2012-07-03,sz.300236,上海新阳,5.1740832,5.20152152,5.23679936,5.1348856,620921,8219921.68,2.888005,0.8359,21499997.0,111832697.07543544,2026-07-14
2012-07-04,sz.300236,上海新阳,5.20936104,5.193682,5.2328796,5.13880536,219090,2894234.74,1.019023,-0.1507,21500005.0,111664188.96841,2026-07-14
2012-07-05,sz.300236,上海新阳,5.16624368,5.04473112,5.18976224,5.00945328,294043,3798087.16,1.367642,-2.8679,21499998.0,108461708.99053776,2026-07-14
2012-07-06,sz.300236,上海新阳,5.08784848,5.06824968,5.10352752,4.9388976,339016,4329403.3,1.576819,0.4662,21499995.0,108967342.7787516,2026-07-14
2012-07-09,sz.300236,上海新阳,4.9780952,4.94281736,5.04865088,4.94281736,254000,3232283.08,1.181395,-2.4749,21500006.0,106270602.89690417,2026-07-14
2012-07-10,sz.300236,上海新阳,4.90361976,4.90753952,4.98593472,4.8605024,184805,2311464.2,0.859558,-0.7137,21500003.0,105512114.40261857,2026-07-14
2012-07-11,sz.300236,上海新阳,4.90753952,4.93105808,4.9584964,4.85266288,120349,1507504.52,0.559763,0.4792,21499992.0,106017709.27153535,2026-07-14
2012-07-12,sz.300236,上海新阳,4.92713832,4.95065688,4.97025568,4.7821072,231301,2894478.48,1.075819,0.3975,21499992.0,106439083.31474496,2026-07-14
2012-07-13,sz.300236,上海新阳,4.9192988,4.90753952,4.98985448,4.8997,123800,1558235.7,0.575814,-0.8709,21499998.0,105512089.86492096,2026-07-14
2012-07-16,sz.300236,上海新阳,4.8801012,4.6841132,4.88794072,4.55084136,466408,5568078.69,2.16934,-4.5527,21499995.0,100708410.37943399,2026-07-14
2012-07-17,sz.300236,上海新阳,4.59787848,4.69195272,4.69587248,4.3313348,150600,1787958.0,0.700465,0.1674,21500004.0,100877002.24781087,2026-07-14
2012-07-18,sz.300236,上海新阳,4.6253168,4.63707608,4.6841132,4.5469216,121656,1427878.27,0.565842,-1.1696,21499995.0,99697112.5346196,2026-07-14
2012-07-19,sz.300236,上海新阳,4.58219944,4.69587248,4.75074912,4.58219944,237795,2851219.3,1.106023,1.268,21500005.0,100961281.7993624,2026-07-14
2012-07-20,sz.300236,上海新阳,4.67235392,4.67235392,4.70763176,4.63707608,98700,1176071.0,0.45907,-0.5008,21499989.0,100455557.88410687,2026-07-14
2012-07-23,sz.300236,上海新阳,4.59787848,4.61747728,4.67627368,4.59787848,151899,1797117.62,0.706507,-1.1745,21499999.0,99275756.90252273,2026-07-14
2012-07-24,sz.300236,上海新阳,4.65667488,4.64883536,4.69195272,4.62139704,189019,2239081.2,0.879158,0.6791,21500003.0,99949974.18650608,2026-07-14
2012-07-25,sz.300236,上海新阳,4.62139704,4.59395872,4.71547128,4.55868088,199004,2363104.06,0.9256,-1.1804,21500000.0,98770112.47999999,2026-07-14
2012-07-26,sz.300236,上海新阳,4.64099584,4.59395872,4.65275512,4.56260064,77844,914295.22,0.362065,0.0,21500007.0,98770144.63771103,2026-07-14
2012-07-27,sz.300236,上海新阳,4.605718,4.62139704,4.63315632,4.57044016,67150,787893.0,0.312326,0.5973,21499971.0,99359902.33948584,2026-07-14
2012-07-30,sz.300236,上海新阳,4.69195272,4.53908208,4.69587248,4.4685264,108700,1261024.64,0.505581,-1.7812,21500017.0,97590341.88439536,2026-07-14
2012-07-31,sz.300236,上海新阳,4.605718,4.39797072,4.605718,4.38621144,102900,1172483.0,0.478605,-3.1088,21499984.0,94556300.11246848,2026-07-14
2012-08-01,sz.300236,上海新阳,4.39797072,4.44500784,4.48420544,4.39405096,128950,1456455.0,0.599767,1.0695,21500016.0,95567739.68012543,2026-07-14
2012-08-02,sz.300236,上海新阳,4.38229168,4.41364976,4.48420544,4.37837192,103900,1167110.0,0.483256,-0.7055,21499992.0,94893434.53080192,2026-07-14
2012-08-03,sz.300236,上海新阳,4.42148928,4.57827968,4.59003896,4.39405096,143060,1638930.0,0.665395,3.73,21500011.0,98433063.48107648,2026-07-14
2012-08-06,sz.300236,上海新阳,4.507724,4.65275512,4.66059464,4.48420544,159760,1877016.6,0.74307,1.6267,21499993.0,100034202.51071416,2026-07-14
2012-08-07,sz.300236,上海新阳,4.6253168,4.62923656,4.6841132,4.60179824,144170,1703737.8,0.670558,-0.5055,21500004.0,99528604.55694623,2026-07-14
2012-08-08,sz.300236,上海新阳,4.62923656,4.6253168,4.6645144,4.5665204,97550,1150774.9,0.453721,-0.0847,21499997.0,99444297.3240496,2026-07-14
2012-08-09,sz.300236,上海新阳,4.67235392,4.73115032,4.73898984,4.61747728,265750,3182839.6,1.236047,2.2881,21499992.0,101719694.03079745,2026-07-14
2012-08-10,sz.300236,上海新阳,4.703712,4.6841132,4.703712,4.6253168,195394,2323410.56,0.908809,-0.9942,21500007.0,100708466.5887924,2026-07-14
2012-08-13,sz.300236,上海新阳,4.68019344,4.61747728,4.68803296,4.59003896,157901,1860856.08,0.734423,-1.4226,21500007.0,99275793.84234096,2026-07-14
2012-08-14,sz.300236,上海新阳,4.57435992,4.63707608,4.63707608,4.53516232,147999,1731798.43,0.688367,0.4244,21500014.0,99697200.63906512,2026-07-14
2012-08-15,sz.300236,上海新阳,4.6253168,4.56260064,4.6253168,4.55868088,78351,915714.65,0.364423,-1.6061,21500015.0,98095982.19900961,2026-07-14
2012-08-16,sz.300236,上海新阳,4.507724,4.5861192,4.60963776,4.40189048,94801,1108480.69,0.440935,0.5155,21499994.0,98601535.2832848,2026-07-14
2012-08-17,sz.300236,上海新阳,4.57435992,4.64099584,4.65275512,4.5469216,160814,1890150.01,0.747972,1.1966,21500003.0,99781424.48298752,2026-07-14
2012-08-20,sz.300236,上海新阳,4.64099584,4.67627368,4.68803296,4.55868088,127437,1510252.93,0.59273,0.7601,21500008.0,100539921.53018945,2026-07-14
2012-08-21,sz.300236,上海新阳,4.65667488,4.78602696,4.79386648,4.64099584,348485,4214621.04,1.62086,2.347,21500006.0,102899608.35616176,2026-07-14
2012-08-22,sz.300236,上海新阳,4.78602696,4.80562576,4.89578024,4.70763176,341805,4179916.79,1.589791,0.4095,21499996.0,103320934.61749695,2026-07-14
2012-08-23,sz.300236,上海新阳,4.8213048,4.82522456,4.8801012,4.7625084,423465,5188651.63,1.969605,0.4078,21499996.0,103742308.73910175,2026-07-14
2012-08-24,sz.300236,上海新阳,4.8409036,4.69979224,4.89186048,4.65667488,256784,3110233.08,1.194344,-2.5995,21500003.0,101045547.25937672,2026-07-14
2012-08-27,sz.300236,上海新阳,4.68019344,4.68803296,4.7625084,4.61747728,204047,2436033.57,0.949056,-0.2502,21499996.0,100792689.88786817,2026-07-14
2012-08-28,sz.300236,上海新阳,4.69195272,4.77818744,4.78994672,4.6449156,311001,3753876.44,1.446516,1.9231,21500004.0,102731049.07274976,2026-07-14
2012-08-29,sz.300236,上海新阳,4.79778624,4.75074912,4.85266288,4.71547128,356760,4370869.51,1.659349,-0.5742,21499998.0,102141096.57850176,2026-07-14
2012-08-30,sz.300236,上海新阳,4.703712,4.65667488,4.77426768,4.51164376,382289,4516852.79,1.778088,-1.980196,21500004.0,100118528.54669951,2026-07-14
2012-08-31,sz.300236,上海新阳,4.6645144,4.73898984,4.76642816,4.605718,153162,1826165.05,0.712381,1.7677,21500012.0,101888338.42787808,2026-07-14
2012-09-03,sz.300236,上海新阳,4.73507008,4.7821072,4.80954552,4.70763176,202300,2460988.5,0.94093,0.9098,21500005.0,102815328.71053599,2026-07-14
2012-09-04,sz.300236,上海新阳,4.80954552,4.75074912,4.82522456,4.7429096,193500,2355809.0,0.9,-0.6557,21500000.0,102141106.08,2026-07-14
2012-09-05,sz.300236,上海新阳,4.7625084,4.89186048,4.89186048,4.7625084,360082,4450833.79,1.6748,2.9703,21500000.0,105175000.32000001,2026-07-14
2012-09-06,sz.300236,上海新阳,4.90361976,4.93105808,4.95065688,4.83698384,259354,3243950.66,1.206298,0.8013,21499994.0,106017719.13365151,2026-07-14
2012-09-07,sz.300236,上海新阳,4.93105808,5.01337304,5.095688,4.93105808,487726,6249715.98,2.268493,1.6693,21500000.0,107787520.36,2026-07-14
2012-09-10,sz.300236,上海新阳,5.0564904,5.02121256,5.0564904,4.94673712,316259,4034646.63,1.470972,0.1564,21500001.0,107956075.06121257,2026-07-14
2012-09-11,sz.300236,上海新阳,4.9780952,5.00553352,5.02905208,4.9584964,196938,2505053.6,0.915991,-0.3123,21499993.0,107618935.64126536,2026-07-14
2012-09-12,sz.300236,上海新阳,5.0172928,5.00161376,5.03297184,4.91145928,228451,2899580.48,1.062563,-0.0783,21499996.0,107534675.83354495,2026-07-14
2012-09-13,sz.300236,上海新阳,5.01337304,4.98985448,5.05257064,4.94673712,182400,2327564.0,0.848372,-0.2351,21500002.0,107281881.29970896,2026-07-14
2012-09-14,sz.300236,上海新阳,5.00161376,4.95065688,5.00161376,4.8997,239003,3015369.75,1.111642,-0.7855,21499997.0,106439108.06802937,2026-07-14
2012-09-17,sz.300236,上海新阳,4.98593472,4.7821072,4.98593472,4.7625084,201300,2498823.0,0.936279,-3.4046,21500002.0,102815314.36421439,2026-07-14
2012-09-18,sz.300236,上海新阳,4.7821072,4.75858864,4.7821072,4.66843416,200692,2425932.03,0.933451,-0.4918,21500004.0,102309674.79435456,2026-07-14
2012-09-19,sz.300236,上海新阳,4.801706,4.77426768,4.801706,4.7233108,168692,2046365.6,0.784614,0.3295,21499999.0,102646750.34573233,2026-07-14
2012-09-20,sz.300236,上海新阳,4.7821072,4.67235392,4.78602696,4.6449156,248300,2980475.56,1.154884,-2.1346,21499995.0,100455585.9182304,2026-07-14
2012-09-21,sz.300236,上海新阳,4.67235392,4.64099584,4.71939104,4.60179824,265010,3148798.4,1.232605,-0.6711,21499994.0,99781382.71402498,2026-07-14
2012-09-24,sz.300236,上海新阳,4.6253168,4.64099584,4.64883536,4.53908208,139642,1640357.4,0.649498,0.0,21499989.0,99781359.50904576,2026-07-14
2012-09-25,sz.300236,上海新阳,4.6449156,4.61355752,4.64883536,4.55476112,126700,1484240.4,0.589302,-0.5912,21500012.0,99191542.04269023,2026-07-14
2012-09-26,sz.300236,上海新阳,4.60963776,4.46460664,4.61747728,4.4293288,145800,1672242.0,0.67814,-3.2285,21499985.0,95988975.79090041,2026-07-14
2012-09-27,sz.300236,上海新阳,4.47636592,4.5665204,4.6449156,4.41756952,238309,2740441.63,1.108414,2.2827,21499999.0,98180184.0334796,2026-07-14
2012-09-28,sz.300236,上海新阳,4.54300184,4.8213048,4.83306408,4.53124256,601663,7223433.24,2.798433,5.5794,21499997.0,103658038.73608561,2026-07-14
2012-10-08,sz.300236,上海新阳,4.7821072,4.77426768,4.8409036,4.7233108,88549,1079760.65,0.411856,-0.9756,21499990.0,102646707.37732321,2026-07-14
2012-10-09,sz.300236,上海新阳,4.8213048,4.87618144,4.8801012,4.77426768,188999,2339678.72,0.879065,2.1346,21500003.0,104837915.58854432,2026-07-14
2012-10-10,sz.300236,上海新阳,4.84874312,4.91145928,4.9388976,4.8409036,175638,2188204.75,0.816921,0.7235,21499998.0,105596364.69708143,2026-07-14
2012-10-11,sz.300236,上海新阳,4.8997,4.7821072,4.90361976,4.77818744,172200,2126654.0,0.80093,-2.6337,21500006.0,102815333.49264319,2026-07-14
2012-10-12,sz.300236,上海新阳,4.87226168,4.80954552,4.87226168,4.72723056,63199,772505.94,0.293949,0.5738,21499988.0,103405170.96545377,2026-07-14
2012-10-15,sz.300236,上海新阳,4.75074912,4.63707608,4.801706,4.61747728,163016,1952586.39,0.758214,-3.586,21499999.0,99697131.08292392,2026-07-14
2012-10-16,sz.300236,上海新阳,4.6645144,4.75074912,4.75466888,4.6253168,99242,1190661.22,0.461591,2.4514,21499986.0,102141039.56951232,2026-07-14
2012-10-17,sz.300236,上海新阳,4.73507008,4.88794072,4.89578024,4.73507008,219595,2710169.17,1.021372,2.8878,21500002.0,105090735.25588143,2026-07-14
2012-10-18,sz.300236,上海新阳,4.89578024,4.92713832,5.08784848,4.8213048,399568,5059021.98,1.858456,0.8019,21499998.0,105933464.02572337,2026-07-14
2012-10-19,sz.300236,上海新阳,4.93105808,4.9780952,5.01337304,4.86834192,277993,3510632.14,1.292991,1.034209,21499995.0,107029021.90952401,2026-07-14
2012-10-22,sz.300236,上海新阳,4.97025568,4.99377424,5.0368916,4.8997,329937,4196046.9,1.534591,0.315,21499996.0,107366126.18490303,2026-07-14
2012-10-23,sz.300236,上海新阳,5.0172928,4.8801012,5.02905208,4.82522456,320009,4031890.09,1.488414,-2.2763,21499999.0,104922170.91989881,2026-07-14
2012-10-24,sz.300236,上海新阳,4.83306408,4.8801012,4.90361976,4.82914432,169635,2106543.3,0.789,0.0,21500000.0,104922175.80000001,2026-07-14
2012-10-25,sz.300236,上海新阳,4.84482336,4.90361976,4.9584964,4.84482336,184950,2316565.96,0.860233,0.4819,21499989.0,105427770.90018263,2026-07-14
2012-10-26,sz.300236,上海新阳,4.82914432,4.79386648,4.88402096,4.703712,172805,2111508.17,0.803744,-2.2382,21500005.0,103068153.2893324,2026-07-14
2012-10-29,sz.300236,上海新阳,4.71547128,4.71939104,4.77818744,4.6645144,195170,2347191.0,0.907767,-1.5536,21500010.0,101466954.55391039,2026-07-14
2012-10-30,sz.300236,上海新阳,4.71547128,4.73507008,4.77426768,4.69195272,52308,630063.16,0.243293,0.3322,21500002.0,101804016.19014016,2026-07-14
2012-10-31,sz.300236,上海新阳,4.77034792,4.7429096,4.77034792,4.65667488,68637,824803.76,0.319242,0.1656,21499991.0,101972513.7138136,2026-07-14
2012-11-01,sz.300236,上海新阳,4.76642816,4.801706,4.84874312,4.7429096,112676,1383315.08,0.524074,1.2397,21500017.0,103236760.629002,2026-07-14
2012-11-02,sz.300236,上海新阳,4.801706,4.82914432,4.83698384,4.77034792,76250,934194.0,0.354651,0.5714,21500010.0,103826651.17144321,2026-07-14
2012-11-05,sz.300236,上海新阳,4.84874312,4.80562576,4.84874312,4.77034792,85650,1050051.0,0.398372,-0.487,21500005.0,103320977.86812879,2026-07-14
2012-11-06,sz.300236,上海新阳,4.8213048,4.77818744,4.8213048,4.68803296,104120,1260402.2,0.484279,-0.571,21500003.0,102731044.29456232,2026-07-14
2012-11-07,sz.300236,上海新阳,4.79386648,4.9388976,5.0172928,4.73898984,401799,5053811.67,1.868833,3.3634,21499995.0,106186273.705512,2026-07-14
2012-11-08,sz.300236,上海新阳,4.84482336,4.8409036,4.9388976,4.78602696,175485,2171356.5,0.816209,-1.9841,21500008.0,104079466.1272288,2026-07-14
2012-11-09,sz.300236,上海新阳,4.8605024,4.81738504,4.8605024,4.76642816,113500,1393774.0,0.527907,-0.4858,21499999.0,103573773.54261495,2026-07-14
2012-11-12,sz.300236,上海新阳,4.81738504,4.95457664,4.9780952,4.801706,259317,3245984.75,1.206126,2.8478,21499993.0,106523363.07796352,2026-07-14
2012-11-13,sz.300236,上海新阳,4.997694,4.8997,4.997694,4.88402096,123600,1548413.0,0.574884,-1.1076,21499990.0,105343501.003,2026-07-14
2012-11-14,sz.300236,上海新阳,4.89186048,4.94673712,4.96241616,4.8801012,157601,1980545.48,0.733028,0.96,21499997.0,106354833.23978864,2026-07-14
2012-11-15,sz.300236,上海新阳,4.8605024,4.703712,4.96633592,4.703712,222250,2744419.12,1.033721,-4.9128,21499999.0,101129803.29628801,2026-07-14
2012-11-16,sz.300236,上海新阳,4.703712,4.605718,4.703712,4.57044016,187350,2207756.5,0.871395,-2.0833,21500009.0,99022978.45146202,2026-07-14
2012-11-19,sz.300236,上海新阳,4.63707608,4.64099584,4.64099584,4.57044016,42600,500696.0,0.19814,0.766,21499950.0,99781178.51020801,2026-07-14
2012-11-20,sz.300236,上海新阳,4.65667488,4.66059464,4.69195272,4.6253168,87249,1038389.2,0.405809,0.4223,21500016.0,100202859.32951425,2026-07-14
2012-11-21,sz.300236,上海新阳,4.73898984,4.69979224,4.73898984,4.59787848,86458,1027627.78,0.40213,0.841,21500012.0,101045589.55750687,2026-07-14
2012-11-22,sz.300236,上海新阳,4.6645144,4.9584964,4.96241616,4.61747728,639701,7731322.2,2.975353,5.5046,21500004.0,106607692.43398559,2026-07-14
2012-11-23,sz.300236,上海新阳,4.85658264,4.91537904,5.04865088,4.8213048,707365,8817814.0,3.29007,-0.8696,21499998.0,105680639.52924193,2026-07-14
2012-11-26,sz.300236,上海新阳,4.8409036,4.81738504,4.88794072,4.81738504,204000,2521855.6,0.948837,-1.9936,21500005.0,103573802.4469252,2026-07-14
2012-11-27,sz.300236,上海新阳,4.77034792,4.65275512,4.77034792,4.6253168,177578,2118375.96,0.825944,-3.4174,21500005.0,100034258.3437756,2026-07-14
2012-11-28,sz.300236,上海新阳,4.65275512,4.49596472,4.65275512,4.39797072,318100,3628407.0,1.479535,-3.3698,21499998.0,96663232.48807056,2026-07-14
2012-11-29,sz.300236,上海新阳,4.4881252,4.42148928,4.51948328,4.35485336,95599,1081911.76,0.444647,-1.6565,21499976.0,95061913.40425728,2026-07-14
2012-11-30,sz.300236,上海新阳,4.41756952,4.46460664,4.55868088,4.40581024,115742,1315640.7,0.538335,0.9752,21499995.0,95989020.4369668,2026-07-14
2012-12-03,sz.300236,上海新阳,4.47244616,4.35485336,4.47244616,4.26469888,232410,2600095.0,1.080977,-2.4583,21499995.0,93629325.4657332,2026-07-14
2012-12-04,sz.300236,上海新阳,4.35485336,4.36661264,4.38229168,4.27645816,65564,723228.21,0.304949,0.27,21499989.0,93882123.72726095,2026-07-14
2012-12-05,sz.300236,上海新阳,4.33525456,4.51164376,4.5469216,4.33525456,342788,3918261.71,1.594363,3.3214,21499997.0,97000327.30506872,2026-07-14
2012-12-06,sz.300236,上海新阳,4.49988448,4.63707608,4.63707608,4.47636592,294834,3430048.19,1.371321,2.7802,21499999.0,99697131.08292392,2026-07-14
2012-12-07,sz.300236,上海新阳,4.57044016,4.78994672,4.80562576,4.5665204,264850,3195155.5,1.23186,3.2967,21500008.0,102983892.79957375,2026-07-14
2012-12-10,sz.300236,上海新阳,4.79778624,4.8801012,4.88794072,4.75074912,202493,2490933.69,0.941828,1.8822,21499998.0,104922166.0397976,2026-07-14
2012-12-11,sz.300236,上海新阳,4.8213048,4.86834192,4.8801012,4.7429096,167600,2056631.3,0.779535,-0.241,21499997.0,104669336.67497423,2026-07-14
2012-12-12,sz.300236,上海新阳,4.82914432,4.801706,4.8605024,4.7625084,73995,906355.35,0.344163,-1.3688,21499987.0,103236616.577822,2026-07-14
2012-12-13,sz.300236,上海新阳,4.75858864,4.77426768,4.85266288,4.7429096,65400,797970.0,0.304186,-0.5714,21500003.0,102646769.44280304,2026-07-14
2012-12-14,sz.300236,上海新阳,4.7429096,4.94281736,4.9584964,4.71547128,324073,4042302.71,1.507316,3.5304,21500004.0,106270593.01126945,2026-07-14
2012-12-17,sz.300236,上海新阳,4.8997,4.87618144,4.9584964,4.8605024,165300,2068660.97,0.768837,-1.3481,21500006.0,104837930.21708864,2026-07-14
2012-12-18,sz.300236,上海新阳,4.89186048,4.85658264,4.96241616,4.79386648,219500,2741345.99,1.02093,-0.4019,21500005.0,104416551.0429132,2026-07-14
2012-12-19,sz.300236,上海新阳,4.8213048,4.87618144,4.89186048,4.703712,125900,1546103.0,0.585581,0.4036,21500015.0,104837974.1027216,2026-07-14
2012-12-20,sz.300236,上海新阳,4.81346528,4.86442216,4.93105808,4.7821072,162570,2012068.6,0.75614,-0.2412,21499987.0,104585013.20251192,2026-07-14
2012-12-21,sz.300236,上海新阳,4.83698384,4.96241616,5.00553352,4.80562576,425599,5350906.1,1.97953,2.0145,21500003.0,106691962.32724848,2026-07-14
2012-12-24,sz.300236,上海新阳,4.97025568,5.09176824,5.15840416,4.9388976,882286,11420746.96,4.103656,2.6066,21499999.0,109473012.06823176,2026-07-14
2012-12-25,sz.300236,上海新阳,5.095688,5.095688,5.20152152,5.02121256,797709,10414091.04,3.710274,0.077,21500002.0,109557302.191376,2026-07-14
2012-12-26,sz.300236,上海新阳,5.095688,5.2720772,5.32303408,5.0564904,1169071,15641170.55,5.43754,3.4615,21499998.0,113349649.2558456,2026-07-14
2012-12-27,sz.300236,上海新阳,5.2720772,5.11920656,5.42494784,5.11920656,710409,9540638.2,3.304228,-2.8996,21499999.0,110062935.92079344,2026-07-14
2012-12-28,sz.300236,上海新阳,5.18976224,5.2720772,5.35439216,5.11920656,573644,7646548.78,2.668112,2.9862,21499997.0,113349643.9837684,2026-07-14
2012-12-31,sz.300236,上海新阳,5.32695384,5.20936104,5.3504724,5.1544844,347460,4621868.4,1.616093,-1.1896,21500000.0,112001262.36,2026-07-14
2013-01-04,sz.300236,上海新阳,5.24463888,5.15840416,5.24463888,5.05257064,581811,7612874.21,2.706098,-0.9782,21499997.0,110905673.96478751,2026-07-14
2013-01-07,sz.300236,上海新阳,5.1152868,5.27991672,5.3112748,5.095688,823738,10895072.18,3.83134,2.3556,21499997.0,113518193.64024985,2026-07-14
2013-01-08,sz.300236,上海新阳,5.35439216,5.24463888,5.35439216,5.20544128,593434,7986759.63,2.760158,-0.6682,21500001.0,112759741.16463888,2026-07-14
2013-01-09,sz.300236,上海新阳,5.193682,5.20544128,5.25639816,5.16624368,443130,5891073.19,2.06107,-0.7474,21499998.0,111916977.10911743,2026-07-14
2013-01-10,sz.300236,上海新阳,5.20152152,5.22504008,5.27599696,5.1544844,340226,4522924.13,1.582447,0.3765,21499993.0,112338325.14471945,2026-07-14
2013-01-11,sz.300236,上海新阳,5.2524784,5.3308736,5.33871312,5.18976224,1251841,16845415.72,5.822516,2.0255,21500001.0,114613787.7308736,2026-07-14
2013-01-14,sz.300236,上海新阳,5.36223168,5.45630592,5.48374424,5.28775624,1753244,24006843.48,8.154623,2.3529,21500001.0,117310582.73630592,2026-07-14
2013-01-15,sz.300236,上海新阳,5.4680652,5.5268616,5.5660592,5.3700712,1225951,17063803.63,5.702098,1.2931,21499999.0,118827518.8731384,2026-07-14
2013-01-16,sz.300236,上海新阳,5.56213944,5.3700712,5.56213944,5.30343528,847409,11714059.3,3.941437,-2.8369,21500001.0,115456536.1700712,2026-07-14
2013-01-17,sz.300236,上海新阳,5.3700712,5.2524784,5.39750952,5.18192272,641428,8626807.34,2.983386,-2.1898,21500000.0,112928285.60000001,2026-07-14
2013-01-18,sz.300236,上海新阳,5.2720772,5.34263288,5.34263288,5.22112032,509840,6884189.45,2.371349,1.7164,21499999.0,114866601.57736713,2026-07-14
2013-01-21,sz.300236,上海新阳,5.3308736,5.38183048,5.47982448,5.30343528,639701,8741498.62,2.975353,0.7337,21500004.0,115709376.84732191,2026-07-14
2013-01-22,sz.300236,上海新阳,5.34263288,5.20152152,5.3504724,5.08784848,852485,11332583.04,3.965047,-3.3503,21499997.0,111832697.07543544,2026-07-14
2013-01-23,sz.300236,上海新阳,5.10744728,5.1544844,5.17800296,5.06432992,447240,5835477.61,2.080186,-0.9043,21500000.0,110821414.60000001,2026-07-14
2013-01-24,sz.300236,上海新阳,5.10352752,5.0368916,5.20152152,5.00161376,562093,7328197.02,2.614386,-2.2814,21500000.0,108293169.39999999,2026-07-14
2013-01-25,sz.300236,上海新阳,5.09176824,5.18584248,5.24463888,5.0368916,893207,11788985.33,4.154451,2.9572,21500001.0,111495618.50584248,2026-07-14
2013-01-28,sz.300236,上海新阳,5.2132808,5.28383648,5.31911432,5.17800296,537690,7212186.74,2.500884,1.8896,21499998.0,113602473.75232704,2026-07-14
2013-01-29,sz.300236,上海新阳,5.28775624,5.291676,5.35831192,5.22112032,587139,7897339.52,2.730879,0.1484,21500001.0,113771039.291676,2026-07-14
2013-01-30,sz.300236,上海新阳,5.291676,5.22895984,5.29951552,5.1544844,363800,4840130.0,1.692093,-1.1852,21500000.0,112422636.56,2026-07-14
2013-01-31,sz.300236,上海新阳,5.21720056,5.1740832,5.22895984,5.12704608,254910,3356646.1,1.185628,-1.0495,21499998.0,111242778.4518336,2026-07-14
2013-02-01,sz.300236,上海新阳,5.1740832,5.20544128,5.26031792,5.16624368,319500,4242526.37,1.486047,0.6061,21499993.0,111916951.08191103,2026-07-14
2013-02-04,sz.300236,上海新阳,5.2132808,5.2524784,5.28775624,5.19760176,309823,4136146.17,1.441037,0.9036,21500003.0,112928301.35743521,2026-07-14
2013-02-05,sz.300236,上海新阳,5.2524784,5.3700712,5.39358976,5.22112032,732479,9916617.65,3.406879,2.2388,21500000.0,115456530.8,2026-07-14
2013-02-06,sz.300236,上海新阳,5.38967,5.34263288,5.39358976,5.3112748,376601,5126933.75,1.751633,-0.5109,21499995.0,114866580.2068356,2026-07-14
2013-02-07,sz.300236,上海新阳,5.34263288,5.4288676,5.43278736,5.32303408,486650,6707839.8,2.263488,1.6141,21500004.0,116720675.11547041,2026-07-14
2013-02-08,sz.300236,上海新阳,5.37399096,5.41710832,5.46414544,5.37399096,473742,6563900.18,2.203451,-0.2166,21500002.0,116467839.71421663,2026-07-14
2013-02-18,sz.300236,上海新阳,5.41318856,5.4288676,5.44454664,5.3700712,473020,6530319.06,2.200093,0.2171,21500000.0,116720653.4,2026-07-14
2013-02-19,sz.300236,上海新阳,5.4288676,5.35831192,5.4288676,5.32303408,303900,4162617.0,1.413488,-1.2996,21500006.0,115203738.42987153,2026-07-14
2013-02-20,sz.300236,上海新阳,5.33479336,5.43278736,5.4484664,5.3112748,512920,7045455.4,2.385674,1.3899,21500004.0,116804949.97114943,2026-07-14
2013-02-21,sz.300236,上海新阳,5.41710832,5.38183048,5.5072628,5.3504724,750329,10373619.55,3.489902,-0.938,21500002.0,115709366.08366095,2026-07-14
2013-02-22,sz.300236,上海新阳,5.36615144,5.31519456,5.41710832,5.30343528,376471,5146027.51,1.751028,-1.2382,21499999.0,114276677.72480544,2026-07-14
2013-02-25,sz.300236,上海新阳,5.31519456,5.3700712,5.39750952,5.291676,249535,3408464.02,1.160628,1.0324,21499998.0,115456520.05985759,2026-07-14
2013-02-26,sz.300236,上海新阳,5.3112748,5.291676,5.48374424,5.28383648,382561,5229041.73,1.779353,-1.4599,21500006.0,113771065.750056,2026-07-14
2013-02-27,sz.300236,上海新阳,5.34655264,5.31519456,5.38183048,5.27599696,300781,4085623.05,1.398981,0.4444,21500006.0,114276714.93116736,2026-07-14
2013-02-28,sz.300236,上海新阳,5.31519456,5.38575024,5.39358976,5.28775624,497050,6774531.29,2.31186,1.3274,21500004.0,115793651.70300096,2026-07-14
2013-03-01,sz.300236,上海新阳,5.38967,5.49550352,5.5464604,5.38183048,1043875,14509959.25,4.855233,2.0378,21499998.0,118153314.68899295,2026-07-14
2013-03-04,sz.300236,上海新阳,5.4680652,5.3308736,5.51902208,5.26031792,677234,9311966.36,3.149926,-2.9957,21499997.0,114613766.40737921,2026-07-14
2013-03-05,sz.300236,上海新阳,5.33871312,5.49550352,5.51902208,5.29951552,839436,11660186.51,3.904353,3.0882,21500003.0,118153342.16651055,2026-07-14
2013-03-06,sz.300236,上海新阳,5.51902208,5.63661488,5.7228496,5.50334304,1059188,15211943.63,4.926456,2.5678,21499999.0,121187214.28338511,2026-07-14
2013-03-07,sz.300236,上海新阳,5.63269512,5.47982448,5.67581248,5.45238616,788487,11171884.12,3.667381,-2.7816,21500002.0,117816237.27964897,2026-07-14
2013-03-08,sz.300236,上海新阳,5.50334304,5.5072628,5.57389872,5.46414544,388598,5474850.54,1.807433,0.5007,21499995.0,118406122.663686,2026-07-14
2013-03-11,sz.300236,上海新阳,5.55038016,5.45630592,5.55821968,5.42102808,289001,4024497.82,1.344191,-0.9253,21499995.0,117310549.9984704,2026-07-14
2013-03-12,sz.300236,上海新阳,5.4680652,5.193682,5.52294184,5.1544844,643565,8702864.62,2.993326,-4.8132,21499997.0,111664147.418954,2026-07-14
2013-03-13,sz.300236,上海新阳,5.193682,5.24855864,5.2720772,5.14272512,343868,4567956.06,1.599386,1.0566,21500001.0,112844016.00855863,2026-07-14
2013-03-14,sz.300236,上海新阳,5.2328796,5.18584248,5.2524784,5.18584248,209100,2783731.99,0.972558,-1.1949,21500003.0,111495628.87752743,2026-07-14
2013-03-15,sz.300236,上海新阳,5.20936104,5.20936104,5.2720772,5.1348856,347785,4630000.31,1.617605,0.4535,21499995.0,112001236.3131948,2026-07-14
2013-03-18,sz.300236,上海新阳,5.20936104,5.20936104,5.20936104,5.20936104,0,0.0,0.0,0.0,21499995.0,112001236.3131948,2026-07-14
2013-03-19,sz.300236,上海新阳,5.20936104,5.20936104,5.20936104,5.20936104,0,0.0,0.0,0.0,21499995.0,112001236.3131948,2026-07-14
2013-03-20,sz.300236,上海新阳,5.20936104,5.20936104,5.20936104,5.20936104,0,0.0,0.0,0.0,21499995.0,112001236.3131948,2026-07-14
2013-03-21,sz.300236,上海新阳,5.20936104,5.20936104,5.20936104,5.20936104,0,0.0,0.0,0.0,21499995.0,112001236.3131948,2026-07-14
2013-03-22,sz.300236,上海新阳,5.20936104,5.20936104,5.20936104,5.20936104,0,0.0,0.0,0.0,21499995.0,112001236.3131948,2026-07-14
2013-03-25,sz.300236,上海新阳,5.20936104,5.20936104,5.20936104,5.20936104,0,0.0,0.0,0.0,21499995.0,112001236.3131948,2026-07-14
2013-03-26,sz.300236,上海新阳,5.20936104,5.20936104,5.20936104,5.20936104,0,0.0,0.0,0.0,21499995.0,112001236.3131948,2026-07-14
2013-03-27,sz.300236,上海新阳,5.20936104,5.20936104,5.20936104,5.20936104,0,0.0,0.0,0.0,21499995.0,112001236.3131948,2026-07-14
2013-03-28,sz.300236,上海新阳,5.20936104,5.20936104,5.20936104,5.20936104,0,0.0,0.0,0.0,21499995.0,112001236.3131948,2026-07-14
2013-03-29,sz.300236,上海新阳,5.20936104,5.20936104,5.20936104,5.20936104,0,0.0,0.0,0.0,21499995.0,112001236.3131948,2026-07-14
2013-04-01,sz.300236,上海新阳,5.20936104,5.20936104,5.20936104,5.20936104,0,0.0,0.0,0.0,21499995.0,112001236.3131948,2026-07-14
2013-04-02,sz.300236,上海新阳,5.20936104,5.20936104,5.20936104,5.20936104,0,0.0,0.0,0.0,21499995.0,112001236.3131948,2026-07-14
2013-04-03,sz.300236,上海新阳,5.20936104,5.20936104,5.20936104,5.20936104,0,0.0,0.0,0.0,21499995.0,112001236.3131948,2026-07-14
2013-04-08,sz.300236,上海新阳,5.20936104,5.20936104,5.20936104,5.20936104,0,0.0,0.0,0.0,21499995.0,112001236.3131948,2026-07-14
2013-04-09,sz.300236,上海新阳,5.20936104,5.20936104,5.20936104,5.20936104,0,0.0,0.0,0.0,21499995.0,112001236.3131948,2026-07-14
2013-04-10,sz.300236,上海新阳,5.20936104,5.20936104,5.20936104,5.20936104,0,0.0,0.0,0.0,21499995.0,112001236.3131948,2026-07-14
2013-04-11,sz.300236,上海新阳,5.20936104,5.20936104,5.20936104,5.20936104,0,0.0,0.0,0.0,21499995.0,112001236.3131948,2026-07-14
2013-04-12,sz.300236,上海新阳,5.20936104,5.20936104,5.20936104,5.20936104,0,0.0,0.0,0.0,21499995.0,112001236.3131948,2026-07-14
2013-04-15,sz.300236,上海新阳,5.20936104,5.20936104,5.20936104,5.20936104,0,0.0,0.0,0.0,21499995.0,112001236.3131948,2026-07-14
2013-04-16,sz.300236,上海新阳,5.20936104,5.20936104,5.20936104,5.20936104,0,0.0,0.0,0.0,21499995.0,112001236.3131948,2026-07-14
2013-04-17,sz.300236,上海新阳,5.20936104,5.20936104,5.20936104,5.20936104,0,0.0,0.0,0.0,21499995.0,112001236.3131948,2026-07-14
2013-04-18,sz.300236,上海新阳,5.20936104,5.20936104,5.20936104,5.20936104,0,0.0,0.0,0.0,21499995.0,112001236.3131948,2026-07-14
2013-04-19,sz.300236,上海新阳,5.20936104,5.20936104,5.20936104,5.20936104,0,0.0,0.0,0.0,21499995.0,112001236.3131948,2026-07-14
2013-04-22,sz.300236,上海新阳,5.20936104,5.20936104,5.20936104,5.20936104,0,0.0,0.0,0.0,21499995.0,112001236.3131948,2026-07-14
2013-04-23,sz.300236,上海新阳,5.20936104,5.20936104,5.20936104,5.20936104,0,0.0,0.0,0.0,21499995.0,112001236.3131948,2026-07-14
2013-04-24,sz.300236,上海新阳,5.20936104,5.20936104,5.20936104,5.20936104,0,0.0,0.0,0.0,21499995.0,112001236.3131948,2026-07-14
2013-04-25,sz.300236,上海新阳,5.20936104,5.20936104,5.20936104,5.20936104,0,0.0,0.0,0.0,21499995.0,112001236.3131948,2026-07-14
2013-04-26,sz.300236,上海新阳,5.73068912,5.73068912,5.73068912,5.73068912,449535,6572201.0,2.09086,10.00752,21500005.0,123209844.7334456,2026-07-14
2013-05-02,sz.300236,上海新阳,5.87964,6.11874536,6.271616,5.75420768,4000789,62045732.0,18.608321,6.7715,21500000.0,131553025.24000001,2026-07-14
2013-05-03,sz.300236,上海新阳,6.05210944,6.22849864,6.4284064,6.02859088,3225189,51355684.0,15.000879,1.793726,21500000.0,133912720.75999999,2026-07-14
2013-05-06,sz.300236,上海新阳,6.24809744,6.31473336,6.36177048,6.05210944,2843966,44922548.0,13.227749,1.3845,21500000.0,135766767.24,2026-07-14
2013-05-07,sz.300236,上海新阳,6.30297408,6.31865312,6.37352976,6.15794296,2777682,44483704.0,12.919451,0.0621,21500000.0,135851042.07999998,2026-07-14
2013-05-08,sz.300236,上海新阳,6.38528904,6.20106032,6.3892088,6.11874536,1739809,27608248.0,8.092135,-1.861,21500000.0,133322796.88,2026-07-14
2013-05-09,sz.300236,上海新阳,6.1540232,6.18930104,6.26377648,6.06778848,1348073,21182092.0,6.270107,-0.1896,21500000.0,133069972.36,2026-07-14
2013-05-10,sz.300236,上海新阳,6.18146152,6.1932208,6.22065912,6.075628,999332,15653986.0,4.648056,0.0633,21499999.0,133154241.0067792,2026-07-14
2013-05-13,sz.300236,上海新阳,6.16186272,6.12266512,6.18930104,6.05994896,950312,14811426.0,4.420056,-1.1392,21499999.0,131637293.95733488,2026-07-14
2013-05-14,sz.300236,上海新阳,6.1148256,6.03251064,6.1148256,5.92275736,1176588,17933676.0,5.472502,-1.4725,21500001.0,129698984.79251064,2026-07-14
2013-05-15,sz.300236,上海新阳,6.06778848,6.09130704,6.14226392,5.96587472,1053780,16231064.0,4.901302,0.9747,21500001.0,130963107.45130704,2026-07-14
2013-05-16,sz.300236,上海新阳,6.09130704,6.10306632,6.14618368,6.00899208,1162778,18014504.0,5.40827,0.1931,21499999.0,131215919.77693368,2026-07-14
2013-05-17,sz.300236,上海新阳,6.075628,6.075628,6.173622,6.00507232,796038,12365818.0,3.702502,-0.4496,21500002.0,130626014.151256,2026-07-14
2013-05-20,sz.300236,上海新阳,6.16970224,6.41272736,6.41272736,6.09914656,2009211,32346632.0,9.345167,5.5484,21500001.0,137873644.65272737,2026-07-14
2013-05-21,sz.300236,上海新阳,6.41272736,6.36961,6.45976448,6.24025792,1185235,19168324.0,5.512721,-0.672375,21500000.0,136946615.0,2026-07-14
2013-05-22,sz.300236,上海新阳,6.41272736,6.10698608,6.44016568,6.07954776,876972,13889740.0,4.07894,-4.1231,21499998.0,131300188.50602785,2026-07-14
2013-05-23,sz.300236,上海新阳,6.08346752,6.11090584,6.173622,5.98155376,461173,7183011.0,2.144991,0.0642,21499997.0,131384457.22728248,2026-07-14
2013-05-24,sz.300236,上海新阳,6.0952268,6.22849864,6.22849864,6.05210944,796890,12468216.0,3.706465,1.9243,21500001.0,133912726.98849863,2026-07-14
2013-05-27,sz.300236,上海新阳,6.21673936,6.21673936,6.37352976,6.1540232,630405,10073310.0,2.932116,-0.1888,21500002.0,133659908.67347872,2026-07-14
2013-05-28,sz.300236,上海新阳,6.20106032,6.13834416,6.26377648,5.98939328,777444,12156891.0,3.616019,-1.261,21499998.0,131974387.16331168,2026-07-14
2013-05-29,sz.300236,上海新阳,6.15819897,6.21775602,6.22966743,6.08673051,425449,6603365.0,1.978833,1.2937,21499995.0,133681723.3412199,2026-07-14
2013-05-30,sz.300236,上海新阳,6.19790367,6.17408085,6.22569696,6.12643521,374352,5810607.0,1.741172,-0.7024,21500001.0,132742744.44908085,2026-07-14
2013-05-31,sz.300236,上海新阳,6.18599226,6.16216944,6.22172649,6.09070098,654954,10155564.0,3.046298,-0.192924,21499998.0,132486630.63566113,2026-07-14
2013-06-03,sz.300236,上海新阳,6.12246474,6.09467145,6.17805132,6.0748191,425302,6548502.0,1.978149,-1.0954,21499998.0,131035423.9856571,2026-07-14
2013-06-04,sz.300236,上海新阳,6.0351144,5.955705,6.1145238,5.91997077,318146,4808542.0,1.479749,-2.2801,21499998.0,128047645.58859,2026-07-14
2013-06-05,sz.300236,上海新阳,5.955705,6.01526205,6.05496675,5.9160003,319367,4822238.0,1.485428,1.0,21499999.0,129328128.05973794,2026-07-14
2013-06-06,sz.300236,上海新阳,6.0351144,5.88026607,6.05496675,5.87232513,350677,5266975.0,1.631056,-2.2442,21499998.0,126425708.74446787,2026-07-14
2013-06-07,sz.300236,上海新阳,5.94379359,5.92394124,5.955705,5.84850231,210357,3130718.0,0.978405,0.7427,21499992.0,127364689.2684701,2026-07-14
2013-06-13,sz.300236,上海新阳,5.80879761,5.85247278,5.88026607,5.7174768,199572,2919073.0,0.928242,-1.2064,21499997.0,125828147.21258166,2026-07-14
2013-06-14,sz.300236,上海新阳,5.90408889,6.03114393,6.0748191,5.8762956,341475,5171148.0,1.588256,3.0529,21499997.0,129669576.4015682,2026-07-14
2013-06-17,sz.300236,上海新阳,6.08276004,6.01923252,6.12246474,5.99938017,321769,4932095.0,1.4966,-0.1975,21500000.0,129413499.18,2026-07-14
2013-06-18,sz.300236,上海新阳,6.0351144,6.0351144,6.11849427,5.9954097,302083,4592497.0,1.405037,0.2639,21500003.0,129754977.7053432,2026-07-14
2013-06-19,sz.300236,上海新阳,5.97555735,6.01923252,6.02717346,5.86835466,166572,2506651.0,0.774753,-0.2632,21500014.0,129413583.44925529,2026-07-14
2013-06-20,sz.300236,上海新阳,6.01923252,5.82864996,6.03908487,5.82864996,271905,4050009.0,1.264674,-3.1662,21500007.0,125316014.94054972,2026-07-14
2013-06-21,sz.300236,上海新阳,5.69365398,5.82467949,5.84850231,5.6380674,209423,3022925.0,0.97406,-0.0681,21500010.0,125230667.2817949,2026-07-14
2013-06-24,sz.300236,上海新阳,5.82467949,5.56262847,5.82864996,5.48718954,206466,2913805.0,0.960307,-4.499,21499999.0,119596506.54237153,2026-07-14
2013-06-25,sz.300236,上海新阳,5.38792779,5.42366202,5.65791975,5.06631972,427031,5730147.0,1.986191,-2.4982,21499997.0,116608717.15901394,2026-07-14
2013-06-26,sz.300236,上海新阳,5.4395439,5.62218552,5.6380674,5.36410497,365160,5096660.0,1.698419,3.6603,21499995.0,120876960.56907241,2026-07-14
2013-06-27,sz.300236,上海新阳,5.73335868,5.558658,5.73335868,5.5189533,348042,4946558.0,1.6188,-1.1299,21500000.0,119511147.0,2026-07-14
2013-06-28,sz.300236,上海新阳,5.49910095,5.56659894,5.63409693,5.4395439,193222,2691418.0,0.898707,0.1429,21499999.0,119681871.64340107,2026-07-14
2013-07-01,sz.300236,上海新阳,5.56262847,5.7174768,5.72541774,5.558658,237153,3366750.0,1.103037,2.7104,21500004.0,122925774.0699072,2026-07-14
2013-07-02,sz.300236,上海新阳,5.7174768,5.7968862,5.81276808,5.68174257,338299,4911379.0,1.573484,1.3889,21499996.0,124633030.1124552,2026-07-14
2013-07-03,sz.300236,上海新阳,5.77306338,5.82864996,5.82864996,5.68174257,228554,3326632.0,1.063042,0.5479,21499997.0,125315956.65405011,2026-07-14
2013-07-04,sz.300236,上海新阳,5.7968862,5.84453184,5.86835466,5.76512244,285479,4189252.0,1.327809,0.2725,21500005.0,125657463.7826592,2026-07-14
2013-07-05,sz.300236,上海新阳,5.85247278,5.60233317,5.85247278,5.59042176,208125,3000548.0,0.968023,-4.144,21500006.0,120450196.76899901,2026-07-14
2013-07-08,sz.300236,上海新阳,5.5983627,5.3204298,5.5983627,5.3204298,336095,4598917.0,1.563233,-5.0319,21499994.0,114389208.7774212,2026-07-14
2013-07-09,sz.300236,上海新阳,5.55071706,5.37998685,5.55071706,5.26881369,160381,2149769.0,0.745958,1.1194,21500004.0,115669738.7949474,2026-07-14
2013-07-10,sz.300236,上海新阳,5.3601345,5.51101236,5.55071706,5.3204298,153289,2091465.0,0.712972,2.4354,21500003.0,118486782.27303708,2026-07-14
2013-07-11,sz.300236,上海新阳,5.4792486,5.66189022,5.68968351,5.45939625,201447,2844097.0,0.936963,2.7378,21499995.0,121730611.4205489,2026-07-14
2013-07-12,sz.300236,上海新阳,5.65791975,5.5983627,5.74924056,5.53880565,389075,5546045.0,1.809651,-1.122,21500002.0,120364809.2467254,2026-07-14
2013-07-15,sz.300236,上海新阳,5.52689424,5.72144727,5.72144727,5.51101236,260874,3718224.0,1.213367,2.1986,21500008.0,123011162.07657816,2026-07-14
2013-07-16,sz.300236,上海新阳,5.68571304,5.7174768,5.74129962,5.63409693,228006,3262747.0,1.060493,-0.0694,21500000.0,122925751.2,2026-07-14
2013-07-17,sz.300236,上海新阳,5.7174768,5.69365398,5.74924056,5.65791975,292913,4206838.0,1.362386,-0.4167,21500001.0,122413566.26365398,2026-07-14
2013-07-18,sz.300236,上海新阳,5.74924056,5.7571815,5.82467949,5.61027411,324593,4698925.0,1.509735,1.1158,21499998.0,123779390.735637,2026-07-14
2013-07-19,sz.300236,上海新阳,5.75321103,5.74924056,5.8762956,5.70556539,456586,6654359.0,2.123656,-0.1379,21499998.0,123608660.54151887,2026-07-14
2013-07-22,sz.300236,上海新阳,5.64203787,5.96364594,5.99143923,5.64203787,658793,9838674.0,3.064153,3.7293,21500003.0,128218405.60093783,2026-07-14
2013-07-23,sz.300236,上海新阳,5.955705,6.08673051,6.13437615,5.90408889,880814,13490950.0,4.096809,2.0639,21500002.0,130864718.13846101,2026-07-14
2013-07-24,sz.300236,上海新阳,6.0748191,6.11055333,6.1542285,5.98349829,936171,14355434.0,4.354284,0.3914,21499999.0,131376890.48444667,2026-07-14
2013-07-25,sz.300236,上海新阳,6.1145238,5.93188218,6.16613991,5.88423654,514351,7758306.0,2.39233,-2.924,21500002.0,127535478.73376435,2026-07-14
2013-07-26,sz.300236,上海新阳,5.8762956,6.05099628,6.06290769,5.87232513,570979,8610091.0,2.655716,2.008,21500002.0,130096432.12199256,2026-07-14
2013-07-29,sz.300236,上海新阳,6.05099628,5.955705,6.09070098,5.92791171,588322,8868337.0,2.736381,-1.5748,21500003.0,128047675.367115,2026-07-14
2013-07-30,sz.300236,上海新阳,5.95173453,5.86041372,5.99143923,5.77703385,452051,6714683.0,2.102563,-1.6,21499998.0,125998883.25917257,2026-07-14
2013-07-31,sz.300236,上海新阳,5.8365909,5.88026607,5.94776406,5.7968862,203011,3007029.0,0.944237,0.3388,21500005.0,126425749.90633036,2026-07-14
2013-08-01,sz.300236,上海新阳,5.84453184,6.22966743,6.30113589,5.84453184,2151218,32900570.0,10.005665,5.9419,21500000.0,133937849.745,2026-07-14
2013-08-02,sz.300236,上海新阳,6.24157884,6.11849427,6.24157884,6.11055333,1167891,18132004.0,5.432051,-1.7846,21500001.0,131547632.92349428,2026-07-14
2013-08-05,sz.300236,上海新阳,6.08673051,6.28525401,6.34878153,6.08673051,1089388,17110396.0,5.066921,2.7255,21500000.0,135132961.215,2026-07-14
2013-08-06,sz.300236,上海新阳,6.20584461,6.24951978,6.32098824,6.17011038,622397,9768025.0,2.89487,-0.5685,21499998.0,134364662.77096045,2026-07-14
2013-08-07,sz.300236,上海新阳,6.57112785,6.87288357,6.87288357,6.52348221,1412008,24092532.0,6.567479,9.9746,21500000.0,147766996.755,2026-07-14
2013-08-08,sz.300236,上海新阳,7.16669835,7.55977488,7.55977488,7.15875741,10023043,190211040.0,46.618805,9.9942,21500000.0,162535159.92,2026-07-14
2013-08-09,sz.300236,上海新阳,7.55977488,8.31416418,8.31416418,7.43669031,11337465,224379776.0,52.732395,9.979,21500000.0,178754529.87,2026-07-14
2013-08-12,sz.300236,上海新阳,8.1791682,7.9806447,8.23872525,7.6630071,8164818,163288048.0,37.975898,-4.0115,21500000.0,171583861.05,2026-07-14
2013-08-13,sz.300236,上海新阳,7.87741248,7.88535342,8.13152256,7.74638697,5743287,114593488.0,26.712963,-1.194,21500000.0,169535098.53,2026-07-14
2013-08-14,sz.300236,上海新阳,7.82579637,7.99255611,8.11564068,7.543893,5704918,112677832.0,26.534502,1.3595,21500000.0,171839956.365,2026-07-14
2013-08-15,sz.300236,上海新阳,7.99255611,7.99255611,7.99255611,7.99255611,0,0.0,0.0,0.0,21500000.0,171839956.365,2026-07-14
2013-08-16,sz.300236,上海新阳,7.99255611,7.99255611,7.99255611,7.99255611,0,0.0,0.0,0.0,21500000.0,171839956.365,2026-07-14
2013-08-19,sz.300236,上海新阳,7.99255611,7.99255611,7.99255611,7.99255611,0,0.0,0.0,0.0,21500000.0,171839956.365,2026-07-14
2013-08-20,sz.300236,上海新阳,7.99255611,7.99255611,7.99255611,7.99255611,0,0.0,0.0,0.0,21500000.0,171839956.365,2026-07-14
2013-08-21,sz.300236,上海新阳,7.99255611,7.99255611,7.99255611,7.99255611,0,0.0,0.0,0.0,21500000.0,171839956.365,2026-07-14
2013-08-22,sz.300236,上海新阳,8.337987,8.79062058,8.79062058,8.1394635,8319584,182194800.0,38.69574,9.9851,21500000.0,188998342.47,2026-07-14
2013-08-23,sz.300236,上海新阳,8.78665011,8.30622324,8.79856152,8.02829034,6482361,137150048.0,30.150516,-5.5104,21500000.0,178583799.66,2026-07-14
2013-08-26,sz.300236,上海新阳,8.1394635,8.50871721,8.75091588,8.0997588,4499390,95939432.0,20.927395,2.4379,21500000.0,182937420.01500002,2026-07-14
2013-08-27,sz.300236,上海新阳,8.75488635,8.91767562,9.35839779,8.70724071,6071684,138196464.0,28.240391,4.8063,21500000.0,191730025.83,2026-07-14
2013-08-28,sz.300236,上海新阳,8.69929977,8.94546891,9.22340181,8.5365105,4694220,104219296.0,21.833581,0.3117,21500000.0,192327581.56500003,2026-07-14
2013-08-29,sz.300236,上海新阳,8.70327024,8.74297494,8.9335575,8.5365105,2806820,61524912.0,13.054977,-2.2636,21500000.0,187973961.21,2026-07-14
2013-08-30,sz.300236,上海新阳,8.74297494,8.04417222,8.74297494,7.94491047,3368055,70111056.0,15.665372,-7.9927,21500000.0,172949702.73,2026-07-14
2013-09-02,sz.300236,上海新阳,7.94888094,8.26254807,8.31416418,7.90520577,1622621,33250626.0,7.547074,2.7147,21500001.0,177644791.76754805,2026-07-14
2013-09-03,sz.300236,上海新阳,8.29034136,8.5365105,8.6953293,8.27842995,2590379,55715160.0,12.048274,3.3157,21500001.0,183534984.2865105,2026-07-14
2013-09-04,sz.300236,上海新阳,8.39754405,9.39016155,9.39016155,8.39754405,3811037,86961912.0,17.725753,10.0,21500001.0,201888482.71516156,2026-07-14
2013-09-05,sz.300236,上海新阳,9.6085374,9.8070609,10.31528106,9.529128,6655415,167096080.0,30.955419,4.4397,21500000.0,210851809.35,2026-07-14
2013-09-06,sz.300236,上海新阳,9.95396829,9.95793876,10.0055844,9.65221257,3254004,80786224.0,15.134902,1.5385,21500000.0,214095683.33999997,2026-07-14
2013-09-09,sz.300236,上海新阳,9.89044077,9.95793876,9.98573205,9.50927565,3357485,82394800.0,15.616209,0.0,21500000.0,214095683.33999997,2026-07-14
2013-09-10,sz.300236,上海新阳,9.97779111,10.11278709,10.15646226,9.7276515,3039429,75904928.0,14.136879,1.555,21500000.0,217424922.435,2026-07-14
2013-09-11,sz.300236,上海新阳,9.94602735,9.85073607,10.01749581,9.4100139,1837498,45262923.0,8.546502,-2.5913,21500001.0,211790835.35573608,2026-07-14
2013-09-12,sz.300236,上海新阳,9.8070609,9.80309043,10.14455085,9.57280317,1537034,38368449.0,7.148995,-0.4837,21500001.0,210766454.04809043,2026-07-14
2013-09-13,sz.300236,上海新阳,9.7673562,10.78379652,10.78379652,9.6085374,3275223,86959730.0,15.233595,10.0041,21500000.0,231851625.17999998,2026-07-14
2013-09-16,sz.300236,上海新阳,10.88702874,11.8320006,11.86376436,10.62894819,3335620,95512844.0,15.514512,9.7202,21499999.0,254388001.06799942,2026-07-14
2013-09-17,sz.300236,上海新阳,11.8320006,12.37992546,12.67771071,11.514363,3220860,98364642.0,14.980744,4.6309,21500000.0,266168397.39000002,2026-07-14
2013-09-18,sz.300236,上海新阳,12.5069805,12.24889995,12.9040275,11.7922959,2631228,82075718.0,12.23827,-1.0584,21500000.0,263351348.925,2026-07-14
2013-09-23,sz.300236,上海新阳,12.2290476,13.24151745,13.37254296,12.03846504,2330461,74254558.0,10.839353,8.1037,21500001.0,284692638.41651744,2026-07-14
2013-09-24,sz.300236,上海新阳,13.3407792,12.88417515,13.5790074,12.5069805,2718450,88211162.0,12.643953,-2.6987,21500001.0,277009778.60917515,2026-07-14
2013-09-25,sz.300236,上海新阳,12.705504,12.45933486,12.82064763,12.308457,2326697,73355172.0,10.821847,-3.2974,21499999.0,267875687.03066516,2026-07-14
2013-09-26,sz.300236,上海新阳,12.4275711,12.55065567,12.95961408,12.2290476,1728636,54832064.0,8.040167,0.733,21500001.0,269839109.45565563,2026-07-14
2013-09-27,sz.300236,上海新阳,12.39183687,12.57447849,13.41224766,12.37992546,1531433,49483063.0,7.122944,0.1898,21500001.0,270351300.1094785,2026-07-14
2013-09-30,sz.300236,上海新阳,12.57447849,12.3878664,12.57447849,11.5540677,1719757,52482916.0,7.99887,-1.4841,21499999.0,266339115.2121336,2026-07-14
2013-10-08,sz.300236,上海新阳,12.28860465,12.1496382,12.28860465,11.8320006,1261046,38369872.0,5.86533,-1.9231,21500001.0,261217233.4496382,2026-07-14
2013-10-09,sz.300236,上海新阳,12.26478183,13.3010745,13.36460202,12.05434692,2470976,79872805.0,11.492912,9.4771,21499999.0,285973088.4489255,2026-07-14
2013-10-10,sz.300236,上海新阳,13.0231416,12.705504,13.03108254,12.4275711,1626748,52103830.0,7.56627,-4.4776,21499999.0,273168323.294496,2026-07-14
2013-10-11,sz.300236,上海新阳,12.705504,13.44798189,13.59885975,12.69359259,1959110,64919145.0,9.11214,5.8438,21499999.0,289131597.1870181,2026-07-14
2013-10-14,sz.300236,上海新阳,13.11049194,14.62721148,14.75823699,12.9040275,1929763,68971293.0,8.975642,8.7688,21500000.0,314485046.82,2026-07-14
2013-10-15,sz.300236,上海新阳,14.6113296,14.60735913,15.04014036,13.86091077,1774358,64340051.0,8.252828,-0.1357,21500000.0,314058221.295,2026-07-14
2013-10-16,sz.300236,上海新阳,14.60735913,14.63118195,15.28233903,13.8172356,1536656,55930046.0,7.147237,0.1631,21500001.0,314570426.55618197,2026-07-14
2013-10-17,sz.300236,上海新阳,14.67088665,13.7775309,15.39748266,13.49165706,1903267,67567007.0,8.852405,-5.8345,21499999.0,296216900.5724691,2026-07-14
2013-10-18,sz.300236,上海新阳,13.55915505,14.3731014,14.77411887,13.0231416,2018727,70040510.0,9.389428,4.3228,21500000.0,309021680.09999996,2026-07-14
2013-10-21,sz.300236,上海新阳,14.293692,14.44854033,14.690739,13.896645,1206232,43423869.0,5.610381,0.5249,21500002.0,310643645.9920807,2026-07-14
2013-10-22,sz.300236,上海新阳,14.293692,13.00328925,14.68676853,13.00328925,1727578,58854694.0,8.035247,-10.0027,21499999.0,279570705.8717108,2026-07-14
2013-10-23,sz.300236,上海新阳,12.82064763,12.25684089,13.102551,12.1099335,1376207,42878057.0,6.400963,-5.7405,21499999.0,263522066.8781591,2026-07-14
2013-10-24,sz.300236,上海新阳,12.12978585,12.28860465,12.4672758,12.0305241,781373,24139048.0,3.634293,0.2592,21500000.0,264204999.975,2026-07-14
2013-10-25,sz.300236,上海新阳,12.24492948,11.6334771,12.28463418,11.46671736,1088333,32096639.0,5.062014,-5.3312,21500000.0,250119757.65,2026-07-14
2013-10-28,sz.300236,上海新阳,11.5937724,12.02258316,12.21713619,11.3555442,1035201,30920740.0,4.814888,3.3447,21500002.0,258485561.9851663,2026-07-14
2013-10-29,sz.300236,上海新阳,12.0305241,11.7922959,12.20919525,11.13319788,838719,24740698.0,3.901019,-1.9155,21499998.0,253534338.2654082,2026-07-14
2013-10-30,sz.300236,上海新阳,11.6731818,11.8320006,12.07816974,11.53024488,455643,13602898.0,2.11927,0.3367,21499998.0,254387989.2359988,2026-07-14
2013-10-31,sz.300236,上海新阳,11.6731818,11.5937724,11.91141,11.29201668,396415,11536667.0,1.843791,-2.0134,21499996.0,249266060.2249104,2026-07-14
2013-11-01,sz.300236,上海新阳,11.69303415,11.59774287,11.91141,11.45877642,688170,20285963.0,3.200791,0.0342,21499998.0,249351448.50951424,2026-07-14
2013-11-04,sz.300236,上海新阳,11.61362475,11.66524086,11.76053214,11.4349536,479024,14005339.0,2.228019,0.582,21499996.0,250802631.82903656,2026-07-14
2013-11-05,sz.300236,上海新阳,11.43892407,11.76053214,11.90743953,11.39921937,484438,14341546.0,2.2532,0.8169,21500000.0,252851441.01000002,2026-07-14
2013-11-06,sz.300236,上海新阳,11.82803013,11.62156569,11.8320006,11.4349536,440599,12938928.0,2.049298,-1.1816,21499997.0,249863627.47030294,2026-07-14
2013-11-07,sz.300236,上海新阳,11.51039253,11.53421535,11.76847308,11.4349536,398172,11610473.0,1.851963,-0.7516,21499998.0,247985606.9565693,2026-07-14
2013-11-08,sz.300236,上海新阳,11.5540677,11.117316,11.5540677,10.8393831,740743,20645256.0,3.445316,-3.6145,21500002.0,239022316.23463202,2026-07-14
2013-11-11,sz.300236,上海新阳,11.04187707,11.3555442,11.41510125,10.6408596,515006,14434278.0,2.395377,2.1429,21499998.0,244144177.58891162,2026-07-14
2013-11-12,sz.300236,上海新阳,11.30392809,12.20919525,12.49109862,11.21657775,1163830,35043914.0,5.413163,7.5175,21499999.0,262497685.66580477,2026-07-14
2013-11-13,sz.300236,上海新阳,12.20919525,12.37198452,12.68565165,11.95905564,746425,23262728.0,3.471744,1.3333,21500001.0,265997679.55198452,2026-07-14
2013-11-14,sz.300236,上海新阳,12.37992546,13.26534027,13.28122215,12.19728384,1291847,41742909.0,6.008591,7.2208,21499999.0,285204802.53965974,2026-07-14
2013-11-15,sz.300236,上海新阳,13.25739933,13.92840876,14.27383965,13.05490536,2238771,76956865.0,10.412888,4.9985,21500001.0,299460802.2684088,2026-07-14
2013-11-18,sz.300236,上海新阳,13.76164902,13.70209197,14.25001683,13.5790074,953994,33294955.0,4.437181,-1.6249,21500002.0,294595004.75918394,2026-07-14
2013-11-19,sz.300236,上海新阳,13.6187121,13.61474163,13.9760544,13.35269061,745655,25480067.0,3.468163,-0.6375,21499999.0,292716931.43025833,2026-07-14
2013-11-20,sz.300236,上海新阳,13.7378262,14.34927858,14.56368396,13.7378262,1694550,60494326.0,7.881628,5.3952,21500000.0,308509489.47,2026-07-14
2013-11-21,sz.300236,上海新阳,14.2142826,14.01178863,14.3333967,13.91649735,626282,22222030.0,2.91294,-2.352,21499997.0,301253413.5096341,2026-07-14
2013-11-22,sz.300236,上海新阳,13.78150137,13.88076312,14.293692,13.76958996,495554,17387535.0,2.304902,-0.9351,21500003.0,298436448.7222893,2026-07-14
2013-11-25,sz.300236,上海新阳,13.6981215,12.95564361,13.88870406,12.95564361,997929,33557720.0,4.64153,-6.6648,21500001.0,278546350.5706436,2026-07-14
2013-11-26,sz.300236,上海新阳,13.05093489,14.25001683,14.25001683,12.8246181,1500828,52057791.0,6.980595,9.9908,21500001.0,306375376.09501684,2026-07-14
2013-11-27,sz.300236,上海新阳,14.8098531,14.8495578,15.2863095,14.54383161,2306651,86142984.0,10.728609,4.2073,21500001.0,319265507.5495578,2026-07-14
2013-11-28,sz.300236,上海新阳,14.99249472,16.33451358,16.33451358,14.71059135,2242770,88180169.0,10.431488,10.0,21500001.0,351192058.3045136,2026-07-14
2013-11-29,sz.300236,上海新阳,17.21198745,17.96637675,17.96637675,17.18816463,2728662,122147515.0,12.691451,9.9903,21500000.0,386277100.12499994,2026-07-14
2013-12-02,sz.300236,上海新阳,16.84670421,16.675974,19.2567795,16.675974,5775890,265007764.0,26.864605,-7.1823,21500000.0,358533441.0,2026-07-14
2013-12-03,sz.300236,上海新阳,16.8744975,17.4303633,18.264162,15.484833,4511931,192188054.0,20.985726,4.5238,21500000.0,374752810.95,2026-07-14
2013-12-04,sz.300236,上海新阳,16.8744975,16.71964917,18.51033114,16.52509614,3902073,171707595.0,18.149177,-4.0774,21500000.0,359472457.15500003,2026-07-14
2013-12-05,sz.300236,上海新阳,15.76673637,15.55233099,16.63229883,15.4054236,2451069,99207538.0,11.400321,-6.9817,21500000.0,334375116.28499997,2026-07-14
2013-12-06,sz.300236,上海新阳,16.06055115,13.99590675,16.06055115,13.99590675,4975453,182086159.0,23.141642,-10.0077,21500000.0,300911995.125,2026-07-14
2013-12-09,sz.300236,上海新阳,13.86488124,14.3731014,15.04014036,13.7775309,4177532,152298670.0,19.430381,2.695,21500000.0,309021680.09999996,2026-07-14
2013-12-10,sz.300236,上海新阳,14.44854033,14.36516046,14.84558733,13.896645,1980888,71412299.0,9.213433,-0.0552,21499999.0,308850935.5248395,2026-07-14
2013-12-11,sz.300236,上海新阳,14.11502085,14.3731014,14.4922155,14.11502085,1175944,42461605.0,5.469507,0.0553,21500000.0,309021680.09999996,2026-07-14
2013-12-12,sz.300236,上海新阳,14.4525108,14.54383161,14.86146921,14.33736717,1533851,56586802.0,7.134191,1.1878,21499999.0,312692365.07116836,2026-07-14
2013-12-13,sz.300236,上海新阳,14.293692,15.18704775,15.43321689,14.18648931,2218018,83733530.0,10.316363,4.4226,21500000.0,326521526.625,2026-07-14
2013-12-16,sz.300236,上海新阳,15.087786,14.68676853,15.2863095,14.51603832,1953309,72871183.0,9.085158,-3.2941,21500000.0,315765523.395,2026-07-14
2013-12-17,sz.300236,上海新阳,14.67485712,14.32942623,14.94881955,14.15869602,1288798,46841087.0,5.994409,-2.4331,21500001.0,308082678.2744262,2026-07-14
2013-12-18,sz.300236,上海新阳,14.24604636,14.03561145,14.33736717,13.7378262,849943,29838301.0,3.953223,-2.0504,21500001.0,301765660.21061146,2026-07-14
2013-12-19,sz.300236,上海新阳,14.03561145,15.04014036,15.04014036,14.03561145,1711808,62867064.0,7.961898,7.157,21499999.0,323363002.6998597,2026-07-14
2013-12-20,sz.300236,上海新阳,14.91705579,15.49277394,16.26701559,14.77411887,2435549,95926068.0,11.328135,3.0095,21500000.0,333094639.71,2026-07-14
2013-12-23,sz.300236,上海新阳,15.46498065,15.14734305,15.6039471,14.2539873,1242257,47193201.0,5.77794,-2.2296,21499998.0,325667845.2803139,2026-07-14
2013-12-24,sz.300236,上海新阳,15.087786,16.66406259,16.66406259,14.90911485,1957152,79757541.0,9.103033,10.0131,21499999.0,358277329.02093744,2026-07-14
2013-12-25,sz.300236,上海新阳,17.1127257,16.75935387,17.64079821,16.37024781,3001134,128461013.0,13.958763,0.5718,21500000.0,360326108.20500004,2026-07-14
2013-12-26,sz.300236,上海新阳,16.82685186,16.32260217,16.8744975,15.88188,1911660,78423760.0,8.891442,-2.606,21500000.0,350935946.655,2026-07-14
2013-12-27,sz.300236,上海新阳,16.0009941,16.7553834,16.92214314,15.95334846,1978944,82747845.0,9.204391,2.6514,21499999.0,360240726.3446166,2026-07-14
2013-12-30,sz.300236,上海新阳,16.81494045,16.3583364,17.3906586,16.0009941,1492713,62144573.0,6.942851,-2.3697,21500001.0,351704248.95833635,2026-07-14
2013-12-31,sz.300236,上海新阳,16.3980411,16.29877935,16.53303708,15.90570282,1084421,44302896.0,5.043819,-0.3641,21499998.0,350423723.4274413,2026-07-14
2014-01-02,sz.300236,上海新阳,16.06055115,16.44568674,16.66803306,15.6436518,1231669,50501897.0,5.728693,0.9013,21500000.0,353582264.90999997,2026-07-14
2014-01-03,sz.300236,上海新阳,16.4774505,16.0804035,16.8744975,16.03275786,876442,35989998.0,4.076474,-2.2211,21500002.0,345728707.41080695,2026-07-14
2014-01-06,sz.300236,上海新阳,15.9612894,14.63515242,16.19554713,14.49618597,1166069,44872049.0,5.423577,-8.9877,21499999.0,314655762.3948476,2026-07-14
2014-01-07,sz.300236,上海新阳,14.51206785,14.66294571,14.92102626,14.34530811,738264,27253307.0,3.433786,0.1899,21500000.0,315253332.765,2026-07-14
2014-01-08,sz.300236,上海新阳,14.87735109,14.8892625,15.4054236,14.71853229,971814,36767368.0,4.520065,1.5435,21500001.0,320119158.6392625,2026-07-14
2014-01-09,sz.300236,上海新阳,15.04411083,15.29822091,15.86202765,14.8892625,1594377,62150313.0,7.415707,2.7467,21500000.0,328911749.565,2026-07-14
2014-01-10,sz.300236,上海新阳,15.1671954,14.42074704,15.47292159,14.12693226,1077404,39738282.0,5.011181,-5.7358,21500002.0,310046090.2014941,2026-07-14
2014-01-13,sz.300236,上海新阳,14.4525108,14.6113296,14.63515242,14.12693226,499256,18185974.0,2.322121,1.3216,21499999.0,314143571.78867036,2026-07-14
2014-01-14,sz.300236,上海新阳,14.6510343,15.5245377,15.6039471,14.6510343,982970,37856176.0,4.571953,6.25,21500002.0,333777591.5990754,2026-07-14
2014-01-15,sz.300236,上海新阳,15.54836052,15.48086253,15.67144509,15.31807326,584568,22766976.0,2.718921,-0.2813,21499999.0,332838528.9141375,2026-07-14
2014-01-16,sz.300236,上海新阳,15.43718736,14.98852425,15.62379945,14.7701484,1076432,40978546.0,5.00666,-3.1803,21500002.0,322253301.35204846,2026-07-14
2014-01-17,sz.300236,上海新阳,14.90911485,15.15925446,15.40145313,14.59147725,946978,36204760.0,4.404549,1.1391,21499999.0,325923955.73074555,2026-07-14
2014-01-20,sz.300236,上海新阳,14.99646519,14.4922155,15.15925446,13.9363497,826370,30335076.0,3.843581,-4.4002,21500002.0,311582662.234431,2026-07-14
2014-01-21,sz.300236,上海新阳,14.6113296,14.95279002,15.19895916,14.4922155,837207,31280323.0,3.893986,3.1781,21500000.0,321484985.43,2026-07-14
2014-01-22,sz.300236,上海新阳,15.0480813,14.84558733,15.23072292,14.51603832,999058,37213036.0,4.646781,-0.7169,21500002.0,319180157.28617465,2026-07-14
2014-01-23,sz.300236,上海新阳,14.69470947,15.0083766,15.6833565,14.69470947,1168055,44447842.0,5.432814,1.0965,21500000.0,322680096.9,2026-07-14
2014-01-24,sz.300236,上海新阳,14.8495578,15.484833,15.6039471,14.74632558,1346749,52154256.0,6.263949,3.1746,21499999.0,332923894.015167,2026-07-14
2014-01-27,sz.300236,上海新阳,15.55630146,16.35436593,16.46553909,15.3260142,2261471,91294333.0,10.51847,5.6154,21500000.0,351618867.495,2026-07-14
2014-01-28,sz.300236,上海新阳,16.278927,16.23525183,16.675974,15.88585047,1763829,72149014.0,8.203856,-0.7283,21500000.0,349057914.34499997,2026-07-14
2014-01-29,sz.300236,上海新阳,16.1995176,16.77126528,16.84273374,16.0009941,1701910,70884693.0,7.91586,3.3015,21500001.0,360582220.2912653,2026-07-14
2014-01-30,sz.300236,上海新阳,16.77523575,15.75482496,17.21198745,15.7230612,1273848,52238815.0,5.924874,-6.0606,21500002.0,338728768.1496499,2026-07-14
2014-02-07,sz.300236,上海新阳,15.5642424,15.57218334,15.67144509,15.2069001,847780,33107069.0,3.943163,-1.1593,21499999.0,334801926.2378167,2026-07-14
2014-02-10,sz.300236,上海新阳,15.61188804,16.0406988,16.25113371,15.29027997,997509,39596037.0,4.639577,3.0087,21499999.0,344875008.1593012,2026-07-14
2014-02-11,sz.300236,上海新阳,16.0406988,15.8024706,16.1598129,15.49674441,946345,37718478.0,4.401605,-1.4851,21499998.0,339753086.2950588,2026-07-14
2014-02-12,sz.300236,上海新阳,15.82629342,16.93405455,16.9539069,15.7230612,2325364,96787329.0,10.815647,7.1608,21499999.0,364082155.89094543,2026-07-14
2014-02-13,sz.300236,上海新阳,16.97772972,15.91761423,16.97772972,15.91761423,1261090,52218924.0,5.865535,-6.0023,21500000.0,342228705.945,2026-07-14
2014-02-14,sz.300236,上海新阳,16.1201082,16.278927,16.44171627,15.91761423,1135824,46249317.0,5.282902,2.2699,21500001.0,349996946.77892697,2026-07-14
2014-02-17,sz.300236,上海新阳,16.27495653,16.75141293,16.8744975,16.1201082,1042168,43439805.0,4.847293,2.9024,21500000.0,360155377.995,2026-07-14
2014-02-18,sz.300236,上海新阳,16.92214314,17.073021,17.54153646,16.71170823,1664712,71916405.0,7.742847,1.9199,21499999.0,367069934.426979,2026-07-14
2014-02-19,sz.300236,上海新阳,16.95787737,16.675974,17.0333163,16.4774505,870937,36497941.0,4.05087,-2.3256,21499999.0,358533424.324026,2026-07-14
2014-02-20,sz.300236,上海新阳,16.48539144,16.72361964,17.16831228,16.43377533,735109,31211215.0,3.419112,0.2857,21499998.0,359557788.8127607,2026-07-14
2014-02-21,sz.300236,上海新阳,16.49333238,16.09231491,16.73156058,15.94143705,818302,33434537.0,3.806056,-3.7749,21499999.0,345984754.47268504,2026-07-14
2014-02-24,sz.300236,上海新阳,15.88982094,15.35380749,16.19554713,15.25057527,1944133,75717627.0,9.042479,-4.5892,21500000.0,330106861.03499997,2026-07-14
2014-02-25,sz.300236,上海新阳,15.484833,13.84899936,15.7627659,13.8172356,1682167,62545758.0,7.824033,-9.8009,21499999.0,297753472.3910006,2026-07-14
2014-02-26,sz.300236,上海新阳,13.6187121,14.17060743,14.20634166,12.705504,1360750,46054302.0,6.32907,2.3222,21499999.0,304668045.57439256,2026-07-14
2014-02-27,sz.300236,上海新阳,14.1348732,12.84447045,14.44854033,12.79682481,1200523,41373397.0,5.583828,-9.3584,21500000.0,276156114.675,2026-07-14
2014-02-28,sz.300236,上海新阳,12.63403554,13.5790074,14.0951685,12.63403554,541107,18108474.0,2.516777,5.7187,21499998.0,291948631.9419852,2026-07-14
2014-03-03,sz.300236,上海新阳,13.5790074,13.94429064,13.95223158,13.3010745,616112,21230599.0,2.865637,2.6901,21500002.0,299802276.64858127,2026-07-14
2014-03-04,sz.300236,上海新阳,13.96414299,13.79738325,14.27383965,13.5790074,741886,25869927.0,3.450633,-1.0535,21499997.0,296643698.48285025,2026-07-14
2014-03-05,sz.300236,上海新阳,14.08325709,13.78944231,14.08325709,13.55518458,452189,15610684.0,2.103205,-0.0576,21499996.0,296472954.50723076,2026-07-14
2014-03-06,sz.300236,上海新阳,13.7775309,13.83311748,14.0554638,13.63062351,411912,14378233.0,1.91587,0.3167,21499997.0,297411984.32064754,2026-07-14
2014-03-07,sz.300236,上海新阳,13.7378262,13.92046782,14.07134568,13.66635774,285189,9996406.0,1.32646,0.6315,21500008.0,299290169.4937426,2026-07-14
2014-03-10,sz.300236,上海新阳,13.90458594,13.0628463,13.91649735,12.9834369,339439,11385440.0,1.578786,-6.1609,21500001.0,280851208.5128463,2026-07-14
2014-03-11,sz.300236,上海新阳,13.102551,12.97549596,13.33680873,12.20125431,791896,25150322.0,3.683237,-0.6687,21500001.0,278973176.115496,2026-07-14
2014-03-12,sz.300236,上海新阳,12.97549596,12.89211609,12.97549596,12.6260946,239348,7679975.0,1.113247,-0.6426,21499991.0,277180379.9059552,2026-07-14
2014-03-13,sz.300236,上海新阳,12.93182079,13.53136176,13.5790074,12.71741541,442149,14841788.0,2.056507,4.9584,21500000.0,290924277.84,2026-07-14
2014-03-14,sz.300236,上海新阳,13.32489732,13.67826915,14.16663696,13.32489732,382071,13272829.0,1.777074,1.0857,21500005.0,294082855.11634576,2026-07-14
2014-03-17,sz.300236,上海新阳,13.82517654,13.71797385,13.94032017,13.51150941,343835,11828837.0,1.599233,0.2903,21499994.0,294936355.4671569,2026-07-14
2014-03-18,sz.300236,上海新阳,13.81326513,13.60680069,13.99193628,13.32092685,315570,10915883.0,1.467767,-0.8104,21500006.0,292546296.47580415,2026-07-14
2014-03-19,sz.300236,上海新阳,13.61077116,12.97152549,13.69018056,12.96755502,459505,15214968.0,2.137233,-4.6688,21499996.0,278887746.148898,2026-07-14
2014-03-20,sz.300236,上海新阳,12.97152549,12.705504,13.61474163,12.705504,300141,9876096.0,1.396005,-2.0508,21499995.0,273168272.47248,2026-07-14
2014-03-21,sz.300236,上海新阳,12.65785836,12.8643228,12.93976173,12.11390397,301566,9495532.0,1.402633,1.25,21499993.0,276582850.1497404,2026-07-14
2014-03-24,sz.300236,上海新阳,12.86035233,12.36007311,13.17401946,12.30051606,411210,12909757.0,1.912605,-3.9198,21499996.0,265741522.42470756,2026-07-14
2014-03-25,sz.300236,上海新阳,12.36801405,12.42360063,12.65388789,11.1570207,364383,11301160.0,1.694805,0.514,21499996.0,267107363.85059747,2026-07-14
2014-03-26,sz.300236,上海新阳,12.40771875,12.5863899,12.97549596,12.26478183,457474,14651079.0,2.127786,1.3103,21500000.0,270607382.85,2026-07-14
2014-03-27,sz.300236,上海新阳,12.40771875,11.52627441,12.46330533,11.4746583,881407,26489491.0,4.099567,-8.4227,21500002.0,247814922.8675488,2026-07-14
2014-03-28,sz.300236,上海新阳,11.50642206,11.42304219,11.69303415,11.35157373,286258,8279380.0,1.331433,-0.8956,21499993.0,245595327.12370467,2026-07-14
2014-03-31,sz.300236,上海新阳,11.45877642,11.7922959,11.8320006,11.1967254,860626,25228266.0,4.002912,3.2325,21499998.0,253534338.2654082,2026-07-14
2014-04-01,sz.300236,上海新阳,11.55803817,12.07816974,12.26081136,11.55803817,504826,15274317.0,2.348028,2.4242,21499999.0,259680637.33183026,2026-07-14
2014-04-02,sz.300236,上海新阳,11.94317376,11.20863681,11.94317376,11.0379066,631299,18035198.0,2.936274,-7.1992,21500003.0,240985725.04091042,2026-07-14
2014-04-03,sz.300236,上海新阳,11.31186903,11.12128647,11.3555442,10.9982019,453937,12748790.0,2.111335,-0.7793,21499999.0,239107647.9837135,2026-07-14
2014-04-04,sz.300236,上海新阳,11.15305023,11.23245963,11.38333749,11.00217237,232108,6546164.0,1.079572,0.9996,21500002.0,241497904.50991926,2026-07-14
2014-04-08,sz.300236,上海新阳,11.117316,11.16893211,11.22848916,10.720269,513451,14138410.0,2.388144,-0.5656,21500002.0,240132062.70286423,2026-07-14
2014-04-09,sz.300236,上海新阳,11.10143412,11.45480595,11.70494556,11.10143412,651211,18694890.0,3.028888,2.5595,21500003.0,246278362.28941786,2026-07-14
2014-04-10,sz.300236,上海新阳,11.4349536,11.71685697,11.71685697,11.42304219,603793,17669366.0,2.80834,2.2877,21499996.0,251912377.98757213,2026-07-14
2014-04-11,sz.300236,上海新阳,11.70097509,11.58186099,11.70097509,11.45480595,247068,7169913.0,1.149153,-1.1522,21500009.0,249010115.5217489,2026-07-14
2014-04-14,sz.300236,上海新阳,11.58186099,11.62950663,11.91141,11.5540677,420325,12346592.0,1.955,0.4114,21500000.0,250034392.545,2026-07-14
2014-04-15,sz.300236,上海新阳,11.46671736,11.69303415,12.308457,11.45480595,499040,14888037.0,2.321116,0.5463,21500003.0,251400269.30410248,2026-07-14
2014-04-16,sz.300236,上海新阳,11.61362475,11.60568381,11.7525912,11.56200864,160669,4701541.0,0.747298,-0.747,21499991.0,249522097.46384573,2026-07-14
2014-04-17,sz.300236,上海新阳,11.68112274,11.7525912,11.8717053,11.59774287,353091,10452648.0,1.642284,1.2658,21499996.0,252680663.78963518,2026-07-14
2014-04-18,sz.300236,上海新阳,11.64141804,11.65332945,11.81214825,11.5540677,306726,9001755.0,1.426633,-0.8446,21499993.0,250546501.60169384,2026-07-14
2014-04-21,sz.300236,上海新阳,11.65332945,11.65332945,11.65332945,11.65332945,0,0.0,0.0,0.0,21499993.0,250546501.60169384,2026-07-14
2014-04-22,sz.300236,上海新阳,11.50642206,10.65674148,11.50642206,10.58130255,809375,22371904.0,3.764535,-8.552,21499999.0,229119931.16325855,2026-07-14
2014-04-23,sz.300236,上海新阳,10.65674148,10.1644032,10.79173746,9.9658797,523916,13644029.0,2.436819,-4.62,21499997.0,218534638.3067904,2026-07-14
2014-04-24,sz.300236,上海新阳,10.21204884,10.50983409,10.55350926,10.02543675,489461,12812490.0,2.276563,3.3984,21499998.0,225961411.9153318,2026-07-14
2014-04-25,sz.300236,上海新阳,10.5614502,10.4820408,10.68850524,10.31925153,580801,15493563.0,2.7014,-0.2644,21500000.0,225363877.2,2026-07-14
2014-04-28,sz.300236,上海新阳,10.4820408,9.98970252,10.4820408,9.98573205,686221,17470107.0,3.191726,-4.697,21499997.0,214778574.21089244,2026-07-14
2014-04-29,sz.300236,上海新阳,10.01352534,10.20013743,10.20013743,9.87455889,165858,4196985.0,0.771433,2.1065,21499988.0,219302832.34335083,2026-07-14
2014-04-30,sz.300236,上海新阳,10.20013743,10.43439516,10.67262336,10.20013743,188404,4943479.0,0.876298,2.2966,21499992.0,224339412.4648387,2026-07-14
2014-05-05,sz.300236,上海新阳,10.5217455,10.55350926,10.6408596,10.43439516,206808,5489274.0,0.961898,1.1415,21499993.0,226900375.21543518,2026-07-14
2014-05-06,sz.300236,上海新阳,10.720269,10.73218041,10.93070391,10.55747973,369395,10043194.0,1.718116,1.693,21500003.0,230741911.01154122,2026-07-14
2014-05-07,sz.300236,上海新阳,10.78776699,10.34307435,10.78776699,10.1644032,244307,6471719.0,1.136312,-3.6256,21499993.0,222376026.12347955,2026-07-14
2014-05-08,sz.300236,上海新阳,10.33910388,10.2835173,10.51777503,10.18425555,128758,3345886.0,0.598874,-0.5758,21500015.0,221095776.2027595,2026-07-14
2014-05-09,sz.300236,上海新阳,10.2041079,9.90235218,10.35895623,9.6482421,254433,6460378.0,1.183409,-3.7066,21500005.0,212900621.3817609,2026-07-14
2014-05-12,sz.300236,上海新阳,9.93808641,10.12866897,10.23587166,9.93808641,243192,6159885.0,1.131126,2.2855,21499992.0,217766301.82564822,2026-07-14
2014-05-13,sz.300236,上海新阳,10.17631461,10.1644032,10.47409986,10.07705286,290221,7528571.0,1.349865,0.3528,21500002.0,218534689.1288064,2026-07-14
2014-05-14,sz.300236,上海新阳,10.11675756,10.1644032,10.34307435,9.98176158,196644,5020719.0,0.914623,0.0,21500006.0,218534729.7864192,2026-07-14
2014-05-15,sz.300236,上海新阳,10.1644032,9.74353338,10.27954683,9.7276515,241173,6047423.0,1.121735,-4.1406,21499998.0,209485948.18293324,2026-07-14
2014-05-16,sz.300236,上海新阳,9.6879468,9.2511951,9.82294278,9.10031724,508886,11937387.0,2.366912,-5.053,21499997.0,198900666.8964147,2026-07-14
2014-05-19,sz.300236,上海新阳,9.2114904,9.24722463,9.39016155,9.09634677,326448,7578942.0,1.518363,-0.0429,21499997.0,198815301.8033261,2026-07-14
2014-05-20,sz.300236,上海新阳,9.4894233,9.36236826,9.62044881,9.31869309,242303,5766427.0,1.126991,1.2452,21499994.0,201290861.41579044,2026-07-14
2014-05-21,sz.300236,上海新阳,9.35045685,9.73162197,9.73559244,9.2511951,488183,11715934.0,2.270619,3.944,21499996.0,209229833.42851213,2026-07-14
2014-05-22,sz.300236,上海新阳,9.69985821,10.0055844,10.1246985,9.68397633,572215,14388864.0,2.661465,2.8152,21500001.0,215120074.6055844,2026-07-14
2014-05-23,sz.300236,上海新阳,11.00614284,11.00614284,11.00614284,11.00614284,321225,8904357.0,1.49407,10.0,21499997.0,236632038.0415715,2026-07-14
2014-05-26,sz.300236,上海新阳,11.90743953,12.10596303,12.10596303,11.8717053,710916,21517634.0,3.306586,9.9928,21500000.0,260278205.145,2026-07-14
2014-05-27,sz.300236,上海新阳,12.97152549,12.49903956,12.97152549,11.7525912,2793074,86475177.0,12.991042,3.247,21500000.0,268729350.54,2026-07-14
2014-05-28,sz.300236,上海新阳,12.39183687,12.36801405,12.62212413,11.8717053,2230483,68609023.0,10.37434,-1.0483,21499999.0,265912289.70698592,2026-07-14
2014-05-29,sz.300236,上海新阳,12.308457,13.17004899,13.60680069,12.21316572,3671617,120763330.0,17.077288,6.4847,21500000.0,283156053.28499997,2026-07-14
2014-05-30,sz.300236,上海新阳,12.93579126,12.9834369,13.30901544,12.78888387,1621864,53184474.0,7.543553,-1.4169,21500001.0,279143906.3334369,2026-07-14
2014-06-03,sz.300236,上海新阳,13.08269865,12.6260946,13.499598,12.5466852,1375015,45309615.0,6.395419,-2.7523,21499999.0,271461021.2739054,2026-07-14
2014-06-04,sz.300236,上海新阳,12.72138588,12.5069805,12.81270669,12.11390397,1470120,45766087.0,6.837767,-0.9434,21500001.0,268900093.2569805,2026-07-14
2014-06-05,sz.300236,上海新阳,12.88020468,12.43551204,12.88020468,12.17346102,1111333,34519379.0,5.168991,-0.5714,21499999.0,267363496.42448798,2026-07-14
2014-06-06,sz.300236,上海新阳,12.3878664,12.02258316,12.5863899,11.83597107,1691341,51793496.0,7.866702,-3.3206,21500001.0,258485549.96258315,2026-07-14
2014-06-09,sz.300236,上海新阳,12.0702288,11.93126235,12.14169726,11.78038449,967304,29000306.0,4.499088,-0.7596,21500002.0,256522164.38752472,2026-07-14
2014-06-10,sz.300236,上海新阳,11.91141,12.26081136,12.32830935,11.75656167,1881589,57259286.0,8.751577,2.7621,21499999.0,263607431.97918865,2026-07-14
2014-06-11,sz.300236,上海新阳,12.30448653,12.02258316,12.30448653,11.9908194,1194367,36385782.0,5.555195,-1.943,21500001.0,258485549.96258315,2026-07-14
2014-06-12,sz.300236,上海新阳,12.13375632,12.1496382,12.25287042,11.8717053,903908,27471803.0,4.204223,1.0568,21500001.0,261217233.4496382,2026-07-14
2014-06-13,sz.300236,上海新阳,12.33227982,12.75712011,12.9040275,12.12184491,2444277,77517011.0,11.36873,5.0,21500000.0,274278082.365,2026-07-14
2014-06-16,sz.300236,上海新阳,12.705504,13.00725972,13.05490536,12.41963016,1658113,52858673.0,7.712153,1.9608,21500001.0,279656096.98725975,2026-07-14
2014-06-17,sz.300236,上海新阳,13.01520066,12.61815366,13.01520066,12.51095097,1003830,32153073.0,4.668977,-2.9914,21499999.0,271290291.07184637,2026-07-14
2014-06-18,sz.300236,上海新阳,12.63403554,12.0305241,12.65388789,11.9908194,867160,26784861.0,4.033302,-4.657,21500002.0,258656292.2110482,2026-07-14
2014-06-19,sz.300236,上海新阳,11.99478987,11.50245159,11.99478987,11.3555442,1134917,33528120.0,5.278684,-4.3894,21499999.0,247302697.6825484,2026-07-14
2014-06-20,sz.300236,上海新阳,11.5937724,11.65729992,11.7525912,11.4349536,387965,11342562.0,1.804488,1.3462,21500004.0,250631994.90919968,2026-07-14
2014-06-23,sz.300236,上海新阳,11.83994154,12.06625833,12.06625833,11.70494556,915335,27524937.0,4.257372,3.5082,21500000.0,259424554.095,2026-07-14
2014-06-24,sz.300236,上海新阳,12.1099335,11.94317376,12.1099335,11.72082744,610303,18340846.0,2.838619,-1.0201,21499997.0,256778200.01047873,2026-07-14
2014-06-25,sz.300236,上海新阳,12.2687523,11.9511147,12.52683285,11.84391201,726444,22204647.0,3.378809,0.0665,21500002.0,256948989.95222938,2026-07-14
2014-06-26,sz.300236,上海新阳,11.80023684,12.09008115,12.1893429,11.64141804,1089799,32987346.0,5.068833,1.1628,21499998.0,259936720.54483768,2026-07-14
2014-06-27,sz.300236,上海新阳,12.14169726,11.89155765,12.20919525,11.80023684,892402,26736681.0,4.150707,-1.642,21500000.0,255668489.475,2026-07-14
2014-06-30,sz.300236,上海新阳,11.89155765,12.60624225,12.65388789,11.80023684,1515513,47071284.0,1.779189,6.01,85179989.0,1073799576.186335,2026-07-14
2014-07-01,sz.300236,上海新阳,12.6260946,12.8246181,12.9040275,12.2687523,1169259,36775868.0,1.372692,1.7323,85179997.0,1092400931.2841458,2026-07-14
2014-07-02,sz.300236,上海新阳,12.7452087,12.44742345,12.81667716,12.308457,1784176,56785957.0,2.094595,-2.9412,85179999.0,1060271517.0235766,2026-07-14
2014-07-03,sz.300236,上海新阳,12.4275711,12.6260946,13.69415103,12.04640598,2893645,94011214.0,3.397094,1.4354,85180010.0,1075490864.288946,2026-07-14
2014-07-04,sz.300236,上海新阳,12.81376163,12.31063481,12.85369233,12.27869025,1525437,47802166.0,1.790839,-2.4984,85180019.0,1048620107.0178614,2026-07-14
2014-07-07,sz.300236,上海新阳,12.2587249,11.8993486,12.56219822,11.88337632,1375713,41539729.0,1.615066,-3.3409,85179986.0,1013586347.1571196,2026-07-14
2014-07-08,sz.300236,上海新阳,11.95924465,12.06306447,12.11497438,11.8594179,838736,25226432.0,0.984663,1.3758,85180006.0,1027531903.9329869,2026-07-14
2014-07-09,sz.300236,上海新阳,12.07504368,11.53597923,12.07504368,11.52000695,983479,29021517.0,1.154589,-4.3694,85180008.0,982634803.0992339,2026-07-14
2014-07-10,sz.300236,上海新阳,11.62382677,11.579903,11.77157036,11.5399723,601461,17575096.0,0.706106,0.3808,85179987.0,986375987.001261,2026-07-14
2014-07-11,sz.300236,上海新阳,11.6597644,11.58389607,11.81150106,11.54795844,452640,13200129.0,0.531392,0.0345,85180055.0,986716904.3568839,2026-07-14
2014-07-14,sz.300236,上海新阳,11.8194872,11.87938325,11.90334167,11.58389607,559076,16485405.0,0.656347,2.5508,85179943.0,1011885188.1101547,2026-07-14
2014-07-15,sz.300236,上海新阳,12.1788635,13.06931811,13.06931811,12.1788635,4020809,130499150.0,4.720367,10.0168,85180008.0,1113244621.1643448,2026-07-14
2014-07-16,sz.300236,上海新阳,13.177131,12.6181012,13.2969231,12.46237147,2222091,71101709.0,2.6087,-3.4525,85180013.0,1074810024.2513156,2026-07-14
2014-07-17,sz.300236,上海新阳,12.5781705,12.71792795,12.83772005,12.33459323,998136,31649592.0,1.171796,0.7911,85180014.0,1083313280.8319912,2026-07-14
2014-07-18,sz.300236,上海新阳,12.6979626,12.29466253,12.7378933,12.25473183,865783,26997322.0,1.016416,-3.3281,85179985.0,1047259169.885462,2026-07-14
2014-07-21,sz.300236,上海新阳,12.22678034,12.2587249,12.37053086,12.00716149,438309,13355246.0,0.514568,-0.2923,85179996.0,1044198137.9471004,2026-07-14
2014-07-22,sz.300236,上海新阳,12.25073876,12.66601804,12.777824,12.03111991,748770,23493183.0,0.879044,3.3225,85180036.0,1078891872.6238496,2026-07-14
2014-07-23,sz.300236,上海新阳,12.65403883,12.4184477,12.71792795,12.20282192,593636,18494404.0,0.696919,-1.9546,85180057.0,1057804082.9375188,2026-07-14
2014-07-24,sz.300236,上海新阳,12.4184477,12.15889815,12.49032296,11.82747334,792905,24009373.0,0.930858,-2.09,85180017.0,1035695151.1182686,2026-07-14
2014-07-25,sz.300236,上海新阳,12.25073876,12.1389328,12.29466253,11.92730009,519885,15690569.0,0.610337,-0.1642,85179991.0,1033994186.6536047,2026-07-14
2014-07-28,sz.300236,上海新阳,12.06306447,12.37053086,12.378517,12.0191407,615646,18895935.0,0.722759,1.9079,85179984.0,1053721620.7263063,2026-07-14
2014-07-29,sz.300236,上海新阳,12.4184477,12.55820515,12.71792795,12.2587249,904721,28381926.0,1.062128,1.5171,85180035.0,1069708354.2141802,2026-07-14
2014-07-30,sz.300236,上海新阳,12.55820515,12.67799725,12.70594874,12.32660709,632669,19786264.0,0.742744,0.9539,85179954.0,1079911222.5671265,2026-07-14
2014-07-31,sz.300236,上海新阳,12.6580319,12.68598339,12.9774775,12.51028831,817281,26034428.0,0.959475,0.063,85180020.0,1080592318.8798678,2026-07-14
2014-08-01,sz.300236,上海新阳,12.77383093,12.42643384,12.777824,12.378517,652682,20569500.0,0.766239,-2.046,85179950.0,1058483013.169508,2026-07-14
2014-08-04,sz.300236,上海新阳,12.53424673,12.51827445,12.61410813,12.33060016,402249,12547657.0,0.472234,0.7391,85180017.0,1066306830.4616656,2026-07-14
2014-08-05,sz.300236,上海新阳,12.46237147,12.69396953,12.94952601,12.46237147,1294234,41203081.0,1.519411,1.4035,85179981.0,1081272083.379979,2026-07-14
2014-08-06,sz.300236,上海新阳,12.70594874,13.19310328,13.24900626,12.63407348,2335904,75869313.0,2.742315,3.9321,85180003.0,1123788576.9697099,2026-07-14
2014-08-07,sz.300236,上海新阳,13.19709635,13.08928346,13.43268748,12.98147057,1243369,41106081.0,1.459696,-0.7869,85179996.0,1114945112.7656662,2026-07-14
2014-08-08,sz.300236,上海新阳,13.08928346,13.87991132,14.23529455,13.08928346,2446898,84687295.0,2.87262,6.0403,85180010.0,1182290985.0367131,2026-07-14
2014-08-11,sz.300236,上海新阳,14.0156757,15.173666,15.173666,13.7361608,2491825,90540026.0,2.925364,9.3211,85179998.0,1292492839.532668,2026-07-14
2014-08-12,sz.300236,上海新阳,15.47713932,15.19363135,15.56897993,14.774359,1907844,72649131.0,2.239779,0.1316,85180011.0,1294193685.522945,2026-07-14
2014-08-13,sz.300236,上海新阳,15.08581846,15.1337353,15.173666,14.51480945,1401179,52031189.0,1.644962,-0.3942,85180022.0,1289091905.7961767,2026-07-14
2014-08-14,sz.300236,上海新阳,14.9340818,14.87418575,15.5330423,14.67053918,1192793,44672476.0,1.40032,-1.715,85180030.0,1266983588.4105725,2026-07-14
2014-08-15,sz.300236,上海新阳,14.97001943,14.5347748,14.97001943,14.36307279,1684763,61229805.0,1.977886,-2.2819,85179985.0,1238071899.442378,2026-07-14
2014-08-18,sz.300236,上海新阳,14.5347748,14.74640751,14.91810952,14.38303814,952682,35143623.0,1.118434,1.456,85179993.0,1256098888.4769473,2026-07-14
2014-08-19,sz.300236,上海新阳,14.74640751,14.91012338,14.91012338,14.45092033,731519,26851632.0,0.858792,1.1102,85179997.0,1270044264.77803,2026-07-14
2014-08-20,sz.300236,上海新阳,14.79432435,14.02765491,14.79432435,13.97973807,1552423,55850620.0,1.822521,-5.9186,85179979.0,1194875350.6530468,2026-07-14
2014-08-21,sz.300236,上海新阳,14.0156757,14.00369649,14.34310744,13.68425089,1105585,38482978.0,1.29794,-0.1708,85179978.0,1192834558.9368773,2026-07-14
2014-08-22,sz.300236,上海新阳,14.0556064,14.7344283,14.75439365,14.0156757,1619242,58669506.0,1.900965,5.2181,85180001.0,1255078617.3284283,2026-07-14
2014-08-25,sz.300236,上海新阳,14.76237979,14.84623426,15.04588776,14.6146362,1033597,38334548.0,1.213427,0.7588,85179990.0,1264602085.8044574,2026-07-14
2014-08-26,sz.300236,上海新阳,14.8542204,14.34310744,14.9740125,14.20734306,547584,19816750.0,0.642855,-3.3889,85180017.0,1221746135.5720265,2026-07-14
2014-08-27,sz.300236,上海新阳,14.34310744,14.59467085,14.6944976,14.19935692,343375,12396925.0,0.403117,1.7539,85179985.0,1243173844.0829372,2026-07-14
2014-08-28,sz.300236,上海新阳,14.55873322,14.69050453,14.95404715,14.39501735,720110,26436211.0,0.845398,0.6566,85179998.0,1251337146.484391,2026-07-14
2014-08-29,sz.300236,上海新阳,14.53078173,15.47713932,15.5330423,14.53078173,1340665,51110433.0,1.57392,5.3547,85179996.0,1318342665.3690426,2026-07-14
2014-09-01,sz.300236,上海新阳,15.47713932,15.6528344,15.8125572,15.13772837,1406938,54427946.0,1.651723,1.1352,85180021.0,1333308762.9015224,2026-07-14
2014-09-02,sz.300236,上海新阳,15.6528344,15.71672352,15.91637702,15.38130564,1095578,43020369.0,1.286192,0.4082,85179973.0,1338750085.082065,2026-07-14
2014-09-03,sz.300236,上海新阳,15.71672352,15.52904923,15.79259185,15.43321555,1048770,40908552.0,1.23124,-1.1941,85179981.0,1322764118.3594646,2026-07-14
2014-09-04,sz.300236,上海新阳,15.572973,15.47314625,15.88443246,15.0938046,711975,27574001.0,0.835848,-0.36,85179961.0,1318001994.122296,2026-07-14
2014-09-05,sz.300236,上海新阳,16.32766323,16.24380876,16.770894,15.88443246,1757323,71649254.0,2.06307,4.9806,85179999.0,1383647613.9329913,2026-07-14
2014-09-09,sz.300236,上海新阳,16.01620377,16.24380876,16.31169095,15.7726265,1057579,42462661.0,1.241581,0.0,85180025.0,1383648036.272019,2026-07-14
2014-09-10,sz.300236,上海新阳,16.31169095,15.90439781,16.31169095,15.71273045,1320346,52415958.0,1.550066,-2.0895,85179986.0,1354736382.7942307,2026-07-14
2014-09-11,sz.300236,上海新阳,15.77661957,15.26151354,16.16394736,15.24953433,1023764,40066949.0,1.201883,-4.0422,85180005.0,1299975799.6447675,2026-07-14
2014-09-12,sz.300236,上海新阳,15.0538739,15.52904923,15.60092449,15.0538739,739526,28518540.0,0.868192,1.753,85180006.0,1322764506.5856953,2026-07-14
2014-09-15,sz.300236,上海新阳,15.52505616,15.6129037,15.70873738,15.32540266,1049982,40745781.0,1.232663,0.54,85179972.0,1329906700.0046964,2026-07-14
2014-09-16,sz.300236,上海新阳,15.5330423,15.173666,15.6927651,15.02192934,867870,33385116.0,1.018866,-2.8133,85179994.0,1292492778.838004,2026-07-14
2014-09-17,sz.300236,上海新阳,15.31741652,14.87418575,15.31741652,14.82227584,832900,31304497.0,0.977812,-1.9737,85179973.0,1266982740.5819848,2026-07-14
2014-09-18,sz.300236,上海新阳,14.375052,14.97800557,15.12574916,14.375052,548934,20465102.0,0.64444,0.698,85180001.0,1275826529.4306056,2026-07-14
2014-09-19,sz.300236,上海新阳,14.9740125,15.12974223,15.16967293,14.89814417,427488,16101344.0,0.501864,1.0131,85180049.0,1288752184.5087693,2026-07-14
2014-09-22,sz.300236,上海新阳,15.02592241,15.24554126,15.24554126,14.74640751,606889,22834226.0,0.712478,0.7654,85180034.0,1298615722.875203,2026-07-14
2014-09-23,sz.300236,上海新阳,15.24554126,15.52106309,15.52505616,15.04988083,570810,21973331.0,0.670122,1.8072,85180012.0,1322084340.2589571,2026-07-14
2014-09-24,sz.300236,上海新阳,15.92436316,15.7726265,15.9323493,15.52505616,862107,34123001.0,1.0121,1.6208,85180022.0,1343512672.267783,2026-07-14
2014-09-25,sz.300236,上海新阳,15.6528344,15.52106309,15.97228,15.49710467,874478,34429579.0,1.026624,-1.5949,85179969.0,1322083672.8532443,2026-07-14
2014-09-26,sz.300236,上海新阳,15.66082054,15.27349275,15.75266115,15.22557591,670468,25841656.0,0.787119,-1.5951,85180005.0,1300996188.8124638,2026-07-14
2014-09-29,sz.300236,上海新阳,15.2934581,15.59293835,15.64484826,15.2934581,530222,20560714.0,0.622472,2.0915,85180056.0,1328207361.8575478,2026-07-14
2014-09-30,sz.300236,上海新阳,15.7726265,15.8924186,16.05613447,15.6129037,890477,35428766.0,1.045406,1.9206,85180016.0,1353716470.6266975,2026-07-14
2014-10-08,sz.300236,上海新阳,15.92436316,16.11603052,16.28373946,15.8524879,757868,30548586.0,0.889725,1.407,85180028.0,1372763930.9424546,2026-07-14
2014-10-09,sz.300236,上海新阳,16.28373946,15.86446711,16.28373946,15.572973,736433,29310769.0,0.864561,-1.561,85179993.0,1351335197.3785303,2026-07-14
2014-10-10,sz.300236,上海新阳,15.78061264,16.1719335,16.88269996,15.60891063,982615,40234197.0,1.153575,1.9381,85179984.0,1377525036.7790642,2026-07-14
2014-10-13,sz.300236,上海新阳,15.97228,15.68877203,16.1719335,15.4931116,1177099,46397461.0,1.381896,-2.9877,85179999.0,1336369585.826628,2026-07-14
2014-10-14,sz.300236,上海新阳,15.67679282,15.6927651,16.08807903,15.52505616,679951,26870457.0,0.798252,0.0254,85179993.0,1336709621.3686445,2026-07-14
2014-10-15,sz.300236,上海新阳,15.97228,15.6927651,16.07210675,15.4132502,1202338,47235687.0,1.411526,0.0,85180011.0,1336709903.838416,2026-07-14
2014-10-16,sz.300236,上海新阳,15.68477896,14.81029663,15.68477896,14.76637286,1571242,59575342.0,1.844614,-5.6234,85179989.0,1261540904.030137,2026-07-14
2014-10-17,sz.300236,上海新阳,14.81828277,14.85022733,15.00196399,14.61064313,996200,36878717.0,1.169523,0.2696,85180026.0,1264942750.0753105,2026-07-14
2014-10-20,sz.300236,上海新阳,14.98998478,14.81029663,14.99797092,14.774359,667905,24951419.0,0.708835,-0.2689,94225737.0,1395511115.1503663,2026-07-14
2014-10-21,sz.300236,上海新阳,14.81029663,14.85022733,14.9740125,14.774359,565562,21056334.0,0.600221,0.2696,94225627.0,1399271981.2617857,2026-07-14
2014-10-22,sz.300236,上海新阳,14.9340818,14.9740125,15.3333888,14.8142897,734408,27613771.0,0.779414,0.8336,94225662.0,1410936240.6087751,2026-07-14
2014-10-23,sz.300236,上海新阳,14.8941511,14.55474015,15.06186004,14.0556064,1319423,47921110.0,1.400279,-2.8,94225722.0,1371430899.1561384,2026-07-14
2014-10-24,sz.300236,上海新阳,14.4948441,14.3351213,14.66255304,14.26324604,506250,18347606.0,0.537274,-1.5089,94225665.0,1350736337.3481646,2026-07-14
2014-10-27,sz.300236,上海新阳,14.4549134,14.45092033,14.55474015,14.1354678,430808,15531444.0,0.457209,0.8078,94225617.0,1361646884.3120937,2026-07-14
2014-10-28,sz.300236,上海新阳,14.45092033,14.67852532,14.75838672,14.45092033,690609,25353507.0,0.732931,1.575,94225650.0,1383093589.318458,2026-07-14
2014-10-29,sz.300236,上海新阳,14.78633821,14.67453225,14.86220654,14.5747055,1088440,40115314.0,1.155141,-0.0272,94225727.0,1382718469.6411958,2026-07-14
2014-10-30,sz.300236,上海新阳,14.68651146,14.36706586,14.75439365,14.23529455,1265734,45632979.0,1.3433,-2.0952,94225713.0,1353747024.3764582,2026-07-14
2014-10-31,sz.300236,上海新阳,14.45092033,14.28321139,14.45092033,14.11550245,736053,26243486.0,0.781159,-0.5837,94225759.0,1345846434.180195,2026-07-14
2014-11-03,sz.300236,上海新阳,14.32713516,14.75040058,14.79432435,14.19536385,1208250,44124852.0,1.282293,3.2709,94225735.0,1389867336.1949265,2026-07-14
2014-11-04,sz.300236,上海新阳,14.75040058,14.73043523,15.13772837,14.63060848,1082237,40117113.0,1.148558,-0.1354,94225716.0,1387985806.5383747,2026-07-14
2014-11-05,sz.300236,上海新阳,14.73043523,14.75838672,14.84623426,14.64658076,538313,19889898.0,0.571302,0.1898,94225646.0,1390618522.609821,2026-07-14
2014-11-06,sz.300236,上海新阳,14.67453225,15.0938046,15.0938046,14.67453225,1354373,50736395.0,1.437371,2.2727,94225708.0,1422224424.848657,2026-07-14
2014-11-07,sz.300236,上海新阳,15.0938046,15.2535274,15.97228,15.0938046,1662912,64865592.0,1.764818,1.0582,94225694.0,1437274205.2130156,2026-07-14
2014-11-10,sz.300236,上海新阳,15.26151354,15.00995013,15.572973,14.98199864,785383,29773433.0,0.833513,-1.5969,94225645.0,1414322232.4170837,2026-07-14
2014-11-11,sz.300236,上海新阳,15.0139432,14.11550245,15.14970758,13.97973807,1437231,51406464.0,1.525307,-5.959,94225687.0,1330042915.7014332,2026-07-14
2014-11-12,sz.300236,上海新阳,14.0556064,14.22331534,14.35508665,14.04762026,789774,28028915.0,0.838173,0.7638,94225655.0,1340201204.1830475,2026-07-14
2014-11-13,sz.300236,上海新阳,14.22730841,14.33112823,14.55474015,13.4965766,1501169,52542849.0,1.593163,0.758,94225701.0,1350360603.5926392,2026-07-14
2014-11-14,sz.300236,上海新阳,14.3351213,14.12348859,14.3351213,13.975745,615622,21763958.0,0.653348,-1.4489,94225742.0,1330796192.0212836,2026-07-14
2014-11-17,sz.300236,上海新阳,14.12748166,14.21133613,14.32713516,13.95977272,598613,21253094.0,0.635297,0.622,94225693.0,1339072995.305188,2026-07-14
2014-11-18,sz.300236,上海新阳,14.21133613,14.2153292,14.51880252,14.12348859,641710,23042748.0,0.681035,0.0281,94225701.0,1339449358.8157692,2026-07-14
2014-11-19,sz.300236,上海新阳,14.0955371,14.375052,14.51480945,14.0955371,773850,27894746.0,0.821273,1.1236,94225672.0,1354498934.734944,2026-07-14
2014-11-20,sz.300236,上海新阳,14.27522525,14.23529455,14.31914902,14.0955371,644766,22875586.0,0.684278,-0.9722,94225739.0,1341331148.8564224,2026-07-14
2014-11-21,sz.300236,上海新阳,14.16741236,14.52678866,14.55474015,14.1354678,1181293,42650241.0,1.253685,2.0477,94225663.0,1368796292.7493815,2026-07-14
2014-11-24,sz.300236,上海新阳,14.61862927,14.51880252,14.61862927,14.24727376,928775,33589709.0,0.985692,-0.055,94225681.0,1368044054.751516,2026-07-14
2014-11-25,sz.300236,上海新阳,14.46689261,15.2535274,15.76464036,14.375052,1962039,74302029.0,2.082276,5.0605,94225693.0,1437274189.9594882,2026-07-14
2014-11-26,sz.300236,上海新阳,15.0538739,15.23755512,15.3333888,15.0538739,957193,36453932.0,1.015851,-0.1047,94225728.0,1435769724.1221273,2026-07-14
2014-11-27,sz.300236,上海新阳,15.27349275,15.3333888,15.52106309,15.0938046,742580,28419027.0,0.788086,0.6289,94225757.0,1444800167.0553217,2026-07-14
2014-11-28,sz.300236,上海新阳,15.1337353,15.51307695,15.6129037,15.1337353,1050739,40581716.0,1.11513,1.1719,94225696.0,1461730472.7153072,2026-07-14
2014-12-01,sz.300236,上海新阳,15.19762442,14.71446295,15.48512546,14.53876787,1700410,63881364.0,1.804614,-5.148,94225690.0,1386480424.4431856,2026-07-14
2014-12-02,sz.300236,上海新阳,14.59467085,14.76637286,14.91810952,14.59467085,758134,28107775.0,0.804594,0.3528,94225659.0,1391371213.7732148,2026-07-14
2014-12-03,sz.300236,上海新阳,14.70647681,14.774359,14.97800557,14.28321139,1029462,37741732.0,1.092549,0.0541,94225705.0,1392124392.698095,2026-07-14
2014-12-04,sz.300236,上海新阳,14.774359,15.28147889,15.5330423,14.774359,1553190,59346400.0,1.648372,3.4324,94225697.0,1439907999.6010363,2026-07-14
2014-12-05,sz.300236,上海新阳,15.173666,14.5747055,15.19363135,14.33112823,1057510,38795543.0,1.122316,-4.625,94225690.0,1373311682.284295,2026-07-14
2014-12-08,sz.300236,上海新阳,14.5747055,14.61064313,15.3733195,14.2153292,1476271,54657060.0,1.566739,0.2466,94225713.0,1376698266.3128016,2026-07-14
2014-12-09,sz.300236,上海新阳,14.23928762,13.14917951,14.6944976,13.14917951,1929577,67098284.0,2.047825,-10.0027,94225678.0,1238990354.4734578,2026-07-14
2014-12-10,sz.300236,上海新阳,13.1372003,13.2170617,13.4965766,12.64205962,1457984,47900831.0,1.547332,0.5162,94225674.0,1245386546.982086,2026-07-14
2014-12-11,sz.300236,上海新阳,13.2969231,13.2969231,13.41272213,13.177131,699513,23222598.0,0.74238,0.6042,94225733.0,1252912325.7421324,2026-07-14
2014-12-12,sz.300236,上海新阳,13.30091617,13.5365073,13.63234098,13.2170617,914737,30825247.0,0.970794,1.8018,94225654.0,1275486253.218274,2026-07-14
2014-12-15,sz.300236,上海新阳,13.5365073,13.99171728,14.0556064,13.5365073,725588,25265313.0,0.770053,3.3628,94225722.0,1318379662.7278762,2026-07-14
2014-12-16,sz.300236,上海新阳,13.99171728,13.97973807,14.19536385,13.6562994,492006,17131307.0,0.522157,-0.0856,94225683.0,1317250367.8068519,2026-07-14
2014-12-17,sz.300236,上海新阳,13.9358143,13.98772421,14.25925297,13.89987667,668592,23595147.0,0.709564,0.0571,94225750.0,1318003804.4804075,2026-07-14
2014-12-18,sz.300236,上海新阳,14.04762026,14.13147473,14.3351213,13.85195983,418356,14817997.0,0.443994,1.0277,94225598.0,1331546657.0561385,2026-07-14
2014-12-19,sz.300236,上海新阳,13.975745,13.53251423,14.2951906,13.22105477,550021,18906955.0,0.583727,-4.2385,94225725.0,1275110964.3945668,2026-07-14
2014-12-22,sz.300236,上海新阳,13.38077757,12.1788635,13.38077757,12.1788635,1434825,44450190.0,1.522753,-10.0029,94225721.0,1147562194.2480836,2026-07-14
2014-12-23,sz.300236,上海新阳,12.2187942,11.55195151,12.33459323,11.52400002,1132668,33446143.0,1.20208,-5.1475,94225675.0,1088490428.5970192,2026-07-14
2014-12-24,sz.300236,上海新阳,11.7396258,12.03910605,12.2187942,11.58788914,1231564,36696527.0,1.307036,4.2171,94225714.0,1134393363.4829695,2026-07-14
2014-12-25,sz.300236,上海新阳,12.03910605,12.35855165,12.77383093,12.03910605,1262944,39122308.0,1.340339,2.6534,94225715.0,1164493365.5856798,2026-07-14
2014-12-26,sz.300236,上海新阳,12.24275262,12.2187942,12.5781705,11.97921,531715,16265216.0,0.564299,-1.1309,94225756.0,1151325120.9034152,2026-07-14
2014-12-29,sz.300236,上海新阳,12.07903675,12.07105061,12.36254472,11.84344562,706322,21436417.0,0.749607,-1.2092,94225641.0,1137402481.2706912,2026-07-14
2014-12-30,sz.300236,上海新阳,11.82348027,11.71966045,12.32261402,11.6996951,699713,20929492.0,0.742593,-2.911,94225639.0,1104292494.7642775,2026-07-14
2014-12-31,sz.300236,上海新阳,11.7795565,12.00316842,12.05507833,11.69170896,466039,13891189.0,0.494599,2.4191,94225625.0,1131006046.3547626,2026-07-14
2015-01-05,sz.300236,上海新阳,11.7795565,11.5399723,11.8594179,11.01288706,958689,27378338.0,1.017439,-3.8589,94225698.0,1087361944.8681655,2026-07-14
2015-01-06,sz.300236,上海新阳,11.4201802,12.15889815,12.17087736,11.4201802,720747,21308241.0,0.764916,5.3633,94225640.0,1145679959.878566,2026-07-14
2015-01-07,sz.300236,上海新阳,12.1788635,12.07903675,12.37452393,11.71966045,791980,23967019.0,0.840514,-0.6568,94225676.0,1138155403.197593,2026-07-14
2015-01-08,sz.300236,上海新阳,12.09101596,12.8976161,13.0972696,12.09101596,1274766,40307298.0,1.352886,6.7769,94225678.0,1215286621.606216,2026-07-14
2015-01-09,sz.300236,上海新阳,12.80178242,12.4583784,12.80178242,12.45438533,625000,19717431.0,0.663301,-3.4056,94225698.0,1173899400.6881232,2026-07-14
2015-01-12,sz.300236,上海新阳,12.18285657,12.00316842,12.378517,11.7396258,531301,16140950.0,0.56386,-3.6539,94225694.0,1131006874.5733836,2026-07-14
2015-01-13,sz.300236,上海新阳,11.78354957,12.56619129,12.5781705,11.7795565,925307,28331111.0,0.982011,4.6906,94225727.0,1184058509.9213178,2026-07-14
2015-01-14,sz.300236,上海新阳,12.64205962,12.36653779,12.68997646,12.18684964,311100,9637637.0,0.330165,-1.5888,94225614.0,1165244616.3169532,2026-07-14
2015-01-15,sz.300236,上海新阳,12.3385863,12.378517,12.5781705,12.23875955,281570,8768399.0,0.298825,0.0969,94225717.0,1166374639.721689,2026-07-14
2015-01-16,sz.300236,上海新阳,12.44639919,12.65004576,12.74587944,12.24674569,316922,9954208.0,0.336343,2.1935,94225835.0,1191961124.5242095,2026-07-14
2015-01-19,sz.300236,上海新阳,12.39848235,12.47035761,12.96949136,12.1788635,517327,16446216.0,0.54903,-1.4205,94225634.0,1175027352.0089748,2026-07-14
2015-01-20,sz.300236,上海新阳,12.67799725,13.08129732,13.18911021,12.47435068,764071,24745065.0,0.810894,4.8991,94225756.0,1232595129.437774,2026-07-14
2015-01-21,sz.300236,上海新阳,13.1372003,13.58841721,14.1753985,12.9774775,1349662,46164304.0,1.432371,3.8767,94225728.0,1280378503.9799788,2026-07-14
2015-01-22,sz.300236,上海新阳,13.6163687,13.97973807,14.2153292,13.30091617,1429313,49691352.0,1.516904,2.8798,94225673.0,1317250228.0094712,2026-07-14
2015-01-23,sz.300236,上海新阳,13.78008457,13.97175193,14.03963412,13.576438,635348,22113594.0,0.674283,-0.0571,94225718.0,1316498357.3221357,2026-07-14
2015-01-26,sz.300236,上海新阳,13.97175193,13.97973807,14.05161333,13.6962301,440851,15304616.0,0.467867,0.0571,94225709.0,1317250731.2800417,2026-07-14
2015-01-27,sz.300236,上海新阳,13.8559529,13.76810536,14.24727376,13.22105477,1141045,39295911.0,1.21097,-1.5138,94225703.0,1297309406.524068,2026-07-14
2015-01-28,sz.300236,上海新阳,13.576438,13.82001527,13.89189053,13.40473599,599075,20517287.0,0.635787,0.377,94225739.0,1302201151.8070345,2026-07-14
2015-01-29,sz.300236,上海新阳,13.7361608,13.7361608,13.78407764,13.52852116,429252,14722150.0,0.455557,-0.6068,94225750.0,1294300053.5006,2026-07-14
2015-01-30,sz.300236,上海新阳,13.7361608,14.39501735,15.0139432,13.7361608,1969995,71769023.0,2.090719,4.7965,94225719.0,1356380859.8212247,2026-07-14
2015-02-02,sz.300236,上海新阳,14.0556064,14.2951906,14.59467085,13.91584895,598531,21449121.0,0.63521,-0.6935,94225689.0,1346974183.6713233,2026-07-14
2015-02-03,sz.300236,上海新阳,14.13946087,14.98599171,15.0938046,13.975745,1457878,53919271.0,1.547219,4.8324,94225704.0,1412065619.012914,2026-07-14
2015-02-04,sz.300236,上海新阳,14.9340818,14.77835207,14.93807487,14.5747055,710806,26234972.0,0.754365,-1.3856,94225740.0,1392501159.7762818,2026-07-14
2015-02-05,sz.300236,上海新阳,14.77835207,14.72244909,15.173666,14.57869857,568369,21251512.0,0.6032,-0.3783,94225630.0,1387232040.6481767,2026-07-14
2015-02-06,sz.300236,上海新阳,14.60265699,14.21932227,14.71845602,13.8160222,926401,33022064.0,0.983172,-3.4174,94225731.0,1339826035.2153294,2026-07-14
2015-02-09,sz.300236,上海新阳,14.21133613,14.21932227,14.375052,13.87591825,677634,24125213.0,0.71916,0.0,94225763.0,1339826490.2336419,2026-07-14
2015-02-10,sz.300236,上海新阳,14.00768956,13.90786281,14.2951906,13.50056967,934300,32184786.0,0.991555,-2.1904,94225736.0,1310478609.459278,2026-07-14
2015-02-11,sz.300236,上海新阳,14.0156757,14.5747055,14.5747055,13.82400834,994558,35153395.0,1.055506,4.7947,94225708.0,1373311944.628994,2026-07-14
2015-02-12,sz.300236,上海新阳,14.48286489,15.10578381,15.36533336,14.33911437,1499845,56641107.0,1.591758,3.6438,94225693.0,1423352947.8054304,2026-07-14
2015-02-13,sz.300236,上海新阳,15.10977688,16.371587,16.4115177,15.10977688,2679433,106287590.0,2.843633,8.3796,94225696.0,1542624179.699552,2026-07-14
2015-02-16,sz.300236,上海新阳,16.22384341,18.0087457,18.0087457,16.06012754,2967423,127320769.0,3.149271,10.0,94225711.0,1696886867.8006926,2026-07-14
2015-02-17,sz.300236,上海新阳,18.48392103,18.91517259,19.61795291,17.968815,2198009,103223995.0,2.332706,5.0333,94225719.0,1782295737.3018422,2026-07-14
2015-02-25,sz.300236,上海新阳,19.01499934,17.69728624,19.70979352,17.6893001,1458052,68020842.0,1.547404,-6.4387,94225684.0,1667538900.9077883,2026-07-14
2015-02-26,sz.300236,上海新阳,17.6893001,17.46568818,18.2882606,17.170201,1352664,59361463.0,1.435557,-1.3087,94225726.0,1645717148.8501186,2026-07-14
2015-02-27,sz.300236,上海新阳,17.569508,18.368122,18.767429,17.24207626,1321917,60084209.0,1.402926,5.1669,94225711.0,1730749355.184742,2026-07-14
2015-03-02,sz.300236,上海新阳,18.39208042,19.17472214,19.566043,18.10457938,1607881,76838083.0,1.706414,4.3913,94225727.0,1806752133.6644957,2026-07-14
2015-03-03,sz.300236,上海新阳,19.166736,18.20440613,19.166736,18.1684685,1452940,67260993.0,1.541978,-5.0604,94225728.0,1715323420.4069126,2026-07-14
2015-03-04,sz.300236,上海新阳,18.06065561,18.04069026,18.6875676,17.7292308,1106481,50389455.0,1.174288,-0.8993,94225693.0,1699896541.9468503,2026-07-14
2015-03-05,sz.300236,上海新阳,18.2882606,17.4896466,18.54381708,17.2101317,1698304,74868364.0,1.802379,-3.0545,94225687.0,1647973966.2722142,2026-07-14
2015-03-06,sz.300236,上海新阳,17.58947335,16.79485242,17.74520308,16.58721278,1825936,77952375.0,1.937832,-3.9726,94225712.0,1582506927.2094233,2026-07-14
2015-03-09,sz.300236,上海新阳,16.91464452,17.08235346,17.28200696,16.83478312,1238888,53058288.0,1.314809,1.7118,94225701.0,1609596729.4982755,2026-07-14
2015-03-10,sz.300236,上海新阳,17.29797924,17.23409012,17.51360502,17.09433267,916095,39905960.0,0.972235,0.8883,94225676.0,1623893791.8019211,2026-07-14
2015-03-11,sz.300236,上海新阳,17.17419407,17.569508,17.6893001,16.8507554,926287,40158816.0,0.983051,1.9462,94225732.0,1655499752.1798558,2026-07-14
2015-03-12,sz.300236,上海新阳,17.72124466,18.23635069,19.0868746,17.51360502,2037780,93655531.0,2.162658,3.7955,94225717.0,1718333219.2286947,2026-07-14
2015-03-13,sz.300236,上海新阳,18.22836455,17.78114071,18.5677755,17.59745949,1562930,69763041.0,1.658709,-2.4962,94225690.0,1675440252.3868399,2026-07-14
2015-03-16,sz.300236,上海新阳,17.78114071,17.94485658,18.15648929,17.6893001,2254833,100726423.0,2.393013,0.9207,94225690.0,1690866493.2015402,2026-07-14
2015-03-17,sz.300236,上海新阳,18.0087457,18.77940821,18.9271518,17.8090922,1878807,85843956.0,1.993943,4.6506,94225713.0,1769503128.3053038,2026-07-14
2015-03-18,sz.300236,上海新阳,18.5677755,18.6476369,18.69156067,18.19641999,1071049,49547736.0,1.136685,-0.7017,94225665.0,1757085987.5810382,2026-07-14
2015-03-19,sz.300236,上海新阳,18.8073597,18.6875676,19.0868746,18.2882606,1173137,54671865.0,1.245029,0.2141,94225677.0,1760848708.5932653,2026-07-14
2015-03-20,sz.300236,上海新阳,18.68357453,18.24034376,18.75145672,18.08062096,1650242,75664417.0,1.751371,-2.3932,94225724.0,1718709596.794882,2026-07-14
2015-03-23,sz.300236,上海新阳,18.55978936,20.06517675,20.06517675,18.23635069,4315725,208167103.0,4.580199,10.0044,94225709.0,1890655505.4790657,2026-07-14
2015-03-24,sz.300236,上海新阳,20.5643105,20.763964,21.35493836,19.5261123,4283104,220523067.0,4.545579,3.4826,94225708.0,1956499208.7865121,2026-07-14
2015-03-25,sz.300236,上海新阳,20.37264314,20.77594321,21.3229938,20.0452114,2123087,109896501.0,2.253193,0.0577,94225705.0,1957627896.0022132,2026-07-14
2015-03-26,sz.300236,上海新阳,20.56031743,20.19694806,20.96761057,19.94139158,1369393,69724899.0,1.453312,-2.7868,94225672.0,1903071003.3025963,2026-07-14
2015-03-27,sz.300236,上海新阳,20.19694806,20.45250454,20.8038947,20.19694806,952565,49015835.0,1.01094,1.2653,94225671.0,1927150963.9120462,2026-07-14
2015-03-30,sz.300236,上海新阳,20.45250454,20.42455305,21.30702152,20.0851421,1807408,93700104.0,1.918169,-0.1367,94225691.0,1924517624.5024076,2026-07-14
2015-03-31,sz.300236,上海新阳,20.43253919,20.1650035,20.47246989,20.04920447,1032641,52309526.0,1.095923,-1.2708,94225689.0,1900061348.4749117,2026-07-14
2015-04-01,sz.300236,上海新阳,20.364657,20.79990163,20.85580461,20.10910052,1790582,92324170.0,1.900312,3.1485,94225685.0,1959884979.0193667,2026-07-14
2015-04-02,sz.300236,上海新阳,20.68809567,20.70806102,20.83184619,20.364657,1236420,63924862.0,1.31219,-0.4415,94225684.0,1951231213.9232376,2026-07-14
2015-04-03,sz.300236,上海新阳,20.763964,22.361192,22.78046435,20.58427585,1968046,108367875.0,2.088651,7.983,94225699.0,2106998946.673208,2026-07-14
2015-04-07,sz.300236,上海新阳,22.30129595,22.26935139,22.760499,21.961885,1312932,73436266.0,1.393391,-0.4107,94225670.0,2098344555.1881814,2026-07-14
2015-04-08,sz.300236,上海新阳,22.26935139,20.75597786,22.63272076,20.364657,1626299,86293277.0,1.725961,-6.7958,94225710.0,1955746750.6027808,2026-07-14
2015-04-09,sz.300236,上海新阳,20.763964,19.566043,20.89573531,18.67958146,3307714,158703353.0,3.510416,-5.733,94225699.0,1843624078.339057,2026-07-14
2015-04-10,sz.300236,上海新阳,19.0868746,19.46621625,19.66187668,18.71951216,1927460,93600464.0,2.045578,-0.5102,94225691.0,1834217677.3116786,2026-07-14
2015-04-13,sz.300236,上海新阳,19.3663895,20.82785312,21.07941653,19.166736,3013083,150252382.0,3.197729,6.9949,94225715.0,1962519352.1469808,2026-07-14
2015-04-14,sz.300236,上海新阳,20.5243798,19.37437564,20.6441719,19.34642415,2866616,143234900.0,3.042287,-6.9785,94225693.0,1825563971.1213186,2026-07-14
2015-04-15,sz.300236,上海新阳,19.63392519,17.99277342,20.0851421,17.968815,2815131,131403255.0,2.987647,-7.1311,94225690.0,1695381490.5131598,2026-07-14
2015-04-16,sz.300236,上海新阳,18.03270412,19.566043,19.7656965,17.968815,2517660,121025389.0,2.671946,8.7439,94225707.0,1843624234.8674011,2026-07-14
2015-04-17,sz.300236,上海新阳,19.566043,19.96535,20.2847956,19.01100627,2124389,106043974.0,2.254575,2.0408,94225697.0,1881249019.5989501,2026-07-14
2015-04-20,sz.300236,上海新阳,19.58600835,19.1268053,19.8854886,18.9670825,1483574,71918686.0,1.57449,-4.2,94225686.0,1802236350.380936,2026-07-14
2015-04-21,sz.300236,上海新阳,19.35441029,20.0851421,20.24087183,18.77541514,1739923,85928738.0,1.846548,5.0104,94225712.0,1892536814.993675,2026-07-14
2015-04-22,sz.300236,上海新阳,20.4045877,21.2431324,21.51466116,20.4045877,1995285,104333818.0,2.117559,5.7654,94225710.0,2001649233.014004,2026-07-14
2015-04-23,sz.300236,上海新阳,21.3629245,21.8021622,22.2413999,20.81986698,2184417,117746202.0,2.318282,2.6316,94225681.0,2054323580.5674584,2026-07-14
2015-04-24,sz.300236,上海新阳,20.763964,20.93167294,22.1216078,20.763964,2720009,145409643.0,2.886695,-3.9927,94225715.0,1972301848.917652,2026-07-14
2015-04-27,sz.300236,上海新阳,21.15129179,19.80962027,21.15129179,19.71777966,2273025,114569213.0,2.41232,-5.3605,94225683.0,1866574999.9113944,2026-07-14
2015-04-28,sz.300236,上海新阳,20.2448649,18.75944286,20.2448649,18.6077062,1992892,95144939.0,2.11502,-5.3014,94225681.0,1767621278.6640878,2026-07-14
2015-04-29,sz.300236,上海新阳,18.97906171,20.08114903,20.11708666,18.63965076,2190068,105669672.0,2.324279,7.0456,94225693.0,1892160183.5880277,2026-07-14
2015-04-30,sz.300236,上海新阳,19.6858351,19.69781431,21.03549276,19.6858351,2246884,115105373.0,2.384577,-1.9089,94225684.0,1856040026.664738,2026-07-14
2015-05-04,sz.300236,上海新阳,19.67784896,19.20267363,19.67784896,18.97107557,1211466,58361786.0,1.285707,-2.5137,94225667.0,1809384730.970061,2026-07-14
2015-05-05,sz.300236,上海新阳,19.19868056,18.47194182,19.32246573,17.98478728,1263257,58827449.0,1.340671,-3.8054,94225727.0,1740532147.0912032,2026-07-14
2015-05-06,sz.300236,上海新阳,18.7274983,18.0087457,19.10683995,17.90891895,1183093,55294679.0,1.255595,-2.5076,94225686.0,1696886417.58205,2026-07-14
2015-05-07,sz.300236,上海新阳,17.968815,18.31621209,18.5278448,17.968815,990909,45265217.0,1.051633,1.7073,94225742.0,1725858674.8096209,2026-07-14
2015-05-08,sz.300236,上海新阳,18.4879141,19.03496469,19.08288153,18.39208042,1171445,55139990.0,1.243233,3.9241,94225700.0,1793582872.390533,2026-07-14
2015-05-11,sz.300236,上海新阳,19.03895776,19.80962027,19.91743316,18.57975471,2688644,129454307.0,2.853408,4.0697,94225712.0,1866575574.3903823,2026-07-14
2015-05-12,sz.300236,上海新阳,19.8056272,19.82958562,20.0851421,19.13079837,1864588,91502180.0,1.978853,0.1008,94225695.0,1868456486.6065059,2026-07-14
2015-05-13,sz.300236,上海新阳,19.42628555,21.81414141,21.81414141,19.0868746,3846473,198743393.0,4.082191,10.0081,94225699.0,2055452722.4420958,2026-07-14
2015-05-14,sz.300236,上海新阳,22.79244356,23.99435763,23.99435763,22.760499,5308973,315680800.0,5.634315,9.9945,94225704.0,2260885239.7145214,2026-07-14
2015-05-15,sz.300236,上海新阳,24.03029526,23.30754959,24.1580735,22.86032575,2950162,171889770.0,3.130953,-2.8624,94225688.0,2196169895.711868,2026-07-14
2015-05-18,sz.300236,上海新阳,23.00407627,23.0400139,23.8386279,22.82039505,4025175,234470700.0,4.271844,-1.1478,94225702.0,2170961483.817258,2026-07-14
2015-05-19,sz.300236,上海新阳,22.760499,23.0400139,23.55511993,22.6407069,2723945,157636818.0,2.890873,0.0,94225689.0,2170961184.297077,2026-07-14
2015-05-20,sz.300236,上海新阳,23.04400697,23.22768819,24.70512409,23.04400697,2908762,172495779.0,3.087016,0.8146,94225686.0,2188644853.896848,2026-07-14
2015-05-21,sz.300236,上海新阳,23.55112686,24.10217052,24.357727,23.24366047,2320001,138378758.0,2.462174,3.7648,94225713.0,2271044202.094581,2026-07-14
2015-05-22,sz.300236,上海新阳,24.10217052,24.34974086,26.4740541,23.64696054,2912638,178519184.0,3.091129,1.0272,94225702.0,2294371426.051584,2026-07-14
2015-05-25,sz.300236,上海新阳,23.67491203,24.8368954,25.0764796,23.1198753,3285559,198800469.0,3.486903,2.0007,94225707.0,2340274028.7500477,2026-07-14
2015-05-26,sz.300236,上海新阳,24.86085382,25.61953712,26.33828972,24.86085382,2879883,183838972.0,3.056367,3.1511,94225693.0,2414018639.4712243,2026-07-14
2015-05-27,sz.300236,上海新阳,25.6355094,25.8351629,26.0747471,24.757034,2141515,135758083.0,2.27275,0.8416,94225718.0,2434336773.899462,2026-07-14
2015-05-28,sz.300236,上海新阳,25.954955,24.20199727,27.48829388,24.1980042,2748946,180668281.0,2.917406,-6.3215,94225692.0,2280449940.5478606,2026-07-14
2015-05-29,sz.300236,上海新阳,23.84661404,24.96467364,25.1962717,22.1615385,2662241,161612546.0,2.825387,3.1513,94225711.0,2352314123.611958,2026-07-14
2015-06-01,sz.300236,上海新阳,25.6754401,27.46034239,27.46034239,25.6355094,1614150,108546208.0,1.713068,9.9968,94225682.0,2587469489.65126,2026-07-14
2015-06-02,sz.300236,上海新阳,28.350797,29.7883022,30.20757455,27.95548307,2979551,216597077.0,3.162143,8.4775,94225688.0,2806823269.1469135,2026-07-14
2015-06-03,sz.300236,上海新阳,30.03187947,28.750104,30.14368543,27.7518365,1942860,141275887.0,2.061922,-3.4853,94225679.0,2708998070.720616,2026-07-14
2015-06-04,sz.300236,上海新阳,28.7900347,31.49733616,31.6251144,28.1511435,3301441,248086032.0,3.503759,9.5556,94225687.0,2967858138.345942,2026-07-14
2015-06-05,sz.300236,上海新阳,31.3455995,30.34333893,32.10028973,29.149411,3101259,239274623.0,3.291309,-3.6638,94225702.0,2859122411.703179,2026-07-14
2015-06-08,sz.300236,上海新阳,29.391332,27.30838108,29.6788559,27.30838108,3904747,169588707.0,2.590023,-10.0021,150761094.0,4117041406.9897017,2026-07-14
2015-06-09,sz.300236,上海新阳,27.0911408,27.3147705,27.73647222,26.516093,2137277,90936882.0,1.417658,0.0234,150761114.0,4118005229.2343373,2026-07-14
2015-06-10,sz.300236,上海新阳,27.474506,27.9537125,28.3051306,27.28921282,2341020,101808164.0,1.552801,2.3392,150761108.0,4214332669.2134504,2026-07-14
2015-06-11,sz.300236,上海新阳,27.793977,27.474506,27.9537125,27.155035,1603510,69081891.0,1.06361,-1.7143,150761087.0,4142086389.3480225,2026-07-14
2015-06-12,sz.300236,上海新阳,27.52562136,28.10066916,28.48403436,27.4106118,1864318,81609316.0,1.236604,2.2791,150761117.0,4236488271.0090513,2026-07-14
2015-06-15,sz.300236,上海新阳,28.113448,30.91201396,30.91201396,28.113448,5143452,241653670.0,3.411657,10.0046,150761111.0,4660329567.857109,2026-07-14
2015-06-16,sz.300236,上海新阳,31.308158,29.76191836,31.9151529,28.67571696,5135505,246382450.0,3.406386,-3.7205,150761100.0,4486939550.063796,2026-07-14
2015-06-17,sz.300236,上海新阳,29.7746972,29.8385914,30.80339382,28.113448,2614233,121090945.0,1.734023,0.2576,150761149.0,4498500324.005518,2026-07-14
2015-06-18,sz.300236,上海新阳,29.88970676,28.9440726,30.97590816,28.432919,2283937,107499822.0,1.514938,-2.9979,150761087.0,4363639847.3829155,2026-07-14
2015-06-19,sz.300236,上海新阳,27.7300828,26.04966534,27.7300828,26.04966534,2562461,106249841.0,1.699683,-10.0,150761113.0,3927276539.9359236,2026-07-14
2015-06-23,sz.300236,上海新阳,25.55768,25.56406942,27.27004456,23.44278198,2670231,106009551.0,1.771167,-1.8641,150761108.0,3854067430.7481174,2026-07-14
2015-06-24,sz.300236,上海新阳,25.63435304,25.3340503,26.3883046,23.640854,3192831,123749697.0,2.117808,-0.8998,150761117.0,3819389721.3621855,2026-07-14
2015-06-25,sz.300236,上海新阳,24.80372844,23.640854,25.34682914,23.32777242,1746875,67603759.0,1.158704,-6.6835,150761109.0,3564121366.747086,2026-07-14
2015-06-26,sz.300236,上海新阳,22.36297,21.2767686,22.9060707,21.2767686,3055059,102909951.0,2.026424,-10.0,150761094.0,3207708910.9208484,2026-07-14
2015-06-29,sz.300236,上海新阳,21.8518164,19.14909174,21.8518164,19.14909174,2588684,79449765.0,1.717077,-10.0,150761090.0,2886937943.2323966,2026-07-14
2015-06-30,sz.300236,上海新阳,18.529318,20.2544614,20.8614563,17.23226574,4367003,127054669.0,2.896637,5.7724,150761141.0,3053585711.0044575,2026-07-14
2015-07-01,sz.300236,上海新阳,20.5739324,18.22901526,21.724028,18.22901526,6013386,188113848.0,3.988685,-10.0,150761116.0,2748226684.1786304,2026-07-14
2015-07-02,sz.300236,上海新阳,17.251434,16.40803056,18.07566918,16.40803056,3573574,93482317.0,2.370355,-9.9895,150761131.0,2473693244.7081633,2026-07-14
2015-07-03,sz.300236,上海新阳,14.7915073,14.76594962,17.14920328,14.76594962,5990553,143609213.0,3.97354,-10.0078,150761110.0,2226130954.9152784,2026-07-14
2015-07-06,sz.300236,上海新阳,16.24190564,13.2899936,16.24190564,13.2899936,4296927,95381985.0,2.850156,-9.9957,150761116.0,2003614266.7688577,2026-07-14
2015-07-07,sz.300236,上海新阳,12.70855638,11.96099424,12.70855638,11.96099424,4984744,93557854.0,3.306386,-10.0,150761103.0,1803252684.5990467,2026-07-14
2015-07-08,sz.300236,上海新阳,10.7661727,12.96413318,13.15581578,10.7661727,12905462,233231871.0,8.511787,8.3868,151618714.0,1965605200.8763304,2026-07-14
2015-07-09,sz.300236,上海新阳,12.4913161,14.26118544,14.26118544,12.40186422,3444156,73799577.0,2.27159,10.0049,151618734.0,2162262881.7520328,2026-07-14
2015-07-10,sz.300236,上海新阳,15.654079,15.6860261,15.6860261,15.05347352,1121988,27426685.0,0.740006,9.991,151618771.0,2378295999.155923,2026-07-14
2015-07-13,sz.300236,上海新阳,17.25782342,17.25782342,17.25782342,17.251434,1264414,34151770.0,0.833943,10.0204,151618756.0,2616609718.2080655,2026-07-14
2015-07-14,sz.300236,上海新阳,17.6028521,18.07566918,18.98296682,17.251434,9581964,269484528.0,6.319776,4.739,151618728.0,2740609968.8204026,2026-07-14
2015-07-15,sz.300236,上海新阳,17.570905,16.26746332,17.570905,16.26746332,3833563,99352148.0,2.528423,-10.0035,151618736.0,2466452226.5047636,2026-07-14
2015-07-16,sz.300236,上海新阳,16.26746332,16.1013384,17.251434,14.63816122,5269106,131638499.0,3.475234,-1.0212,151618740.0,2441264640.521616,2026-07-14
2015-07-17,sz.300236,上海新阳,16.1332855,17.71147224,17.71147224,15.85215102,4465316,118623649.0,2.945095,10.0,151618742.0,2685391139.9967217,2026-07-14
2015-07-20,sz.300236,上海新阳,17.6986934,19.16826,19.48134158,17.3472753,5376157,157732406.0,3.54584,8.2251,151618714.0,2906266930.81764,2026-07-14
2015-07-21,sz.300236,上海新阳,18.7848948,19.16826,20.1905672,17.890376,4741552,140673929.0,3.127287,0.0,151618703.0,2906266719.96678,2026-07-14
2015-07-22,sz.300236,上海新阳,18.8807361,18.9126832,19.4557839,18.3056883,3249172,96188062.0,2.142989,-1.3333,151618697.0,2867516383.5577903,2026-07-14
2015-07-23,sz.300236,上海新阳,18.97018798,19.41105796,19.9030433,18.59960162,2314817,70202021.0,1.526736,2.6351,151618682.0,2943079024.120809,2026-07-14
2015-07-24,sz.300236,上海新阳,19.5516252,19.09158696,20.59949008,18.84239958,3085149,96548610.0,2.034807,-1.6458,151618753.0,2894642607.666261,2026-07-14
2015-07-27,sz.300236,上海新阳,18.529318,17.18115038,19.09158696,17.18115038,3161606,89114386.0,2.085235,-10.0067,151618690.0,2604983513.308602,2026-07-14
2015-07-28,sz.300236,上海新阳,15.76908856,15.4623964,16.931963,15.4623964,5766228,141029086.0,3.803111,-10.0037,151618714.0,2344388657.5262294,2026-07-14
2015-07-29,sz.300236,上海新阳,15.97355,16.293021,16.293021,14.01199806,5010207,120855171.0,3.304478,5.3719,151618713.0,2470326874.901973,2026-07-14
2015-07-30,sz.300236,上海新阳,16.28663158,15.3026609,16.52304012,15.3026609,3207928,80961787.0,2.115786,-6.0784,151618736.0,2320170103.094622,2026-07-14
2015-07-31,sz.300236,上海新阳,14.75317078,15.5262906,16.293021,14.51037282,2442664,59672503.0,1.611057,1.4614,151618720.0,2354076307.120032,2026-07-14
2015-08-03,sz.300236,上海新阳,15.31543974,14.73400252,16.1971797,14.056724,2820272,66622080.0,1.860108,-5.1029,151618723.0,2233950646.761182,2026-07-14
2015-08-04,sz.300236,上海新阳,14.89373802,16.19079028,16.20356912,14.38258442,3840575,91908569.0,2.533048,9.8873,151618722.0,2454826930.4236226,2026-07-14
2015-08-05,sz.300236,上海新阳,16.19079028,15.8457616,16.42719882,15.4943435,3770478,94755391.0,2.486816,-2.131,151618696.0,2402513710.9188733,2026-07-14
2015-08-06,sz.300236,上海新阳,15.37294452,16.03105478,16.30579984,15.334608,1937365,48520075.0,1.277787,1.1694,151618775.0,2430608887.7014947,2026-07-14
2015-08-07,sz.300236,上海新阳,16.3888623,16.75305924,16.90640532,16.12050666,2247604,58465425.0,1.482405,4.5038,151618755.0,2540077984.410046,2026-07-14
2015-08-10,sz.300236,上海新阳,16.7722275,17.82009238,17.890376,16.68277562,2968797,80033977.0,1.958068,6.3692,151618687.0,2701859008.874305,2026-07-14
2015-08-11,sz.300236,上海新阳,17.7625876,18.209847,18.83601016,17.251434,4105396,114032916.0,2.70771,2.1872,151618748.0,2760954203.411556,2026-07-14
2015-08-12,sz.300236,上海新阳,17.6667463,16.9000159,18.29290946,16.79778518,3597500,99348447.0,2.372728,-7.193,151618727.0,2562358897.0377593,2026-07-14
2015-08-13,sz.300236,上海新阳,16.8680688,17.55173674,17.55173674,16.612492,2703493,72179169.0,1.783087,3.8563,151618682.0,2661171191.329777,2026-07-14
2015-08-14,sz.300236,上海新阳,17.71147224,17.39839066,18.0181644,17.251434,2129217,58758782.0,1.404323,-0.8737,151618752.0,2637922278.677656,2026-07-14
2015-08-17,sz.300236,上海新阳,17.48784254,17.1236456,17.48784254,16.8680688,2239173,59827146.0,1.476845,-1.5791,151618687.0,2596264662.525327,2026-07-14
2015-08-18,sz.300236,上海新阳,17.251434,15.46878582,17.48784254,15.46878582,2941002,77346297.0,1.939735,-9.6642,151618752.0,2345358000.983697,2026-07-14
2015-08-19,sz.300236,上海新阳,14.31869022,15.9096558,16.06300188,14.31869022,2367457,56281346.0,1.561454,2.8501,151618748.0,2412202093.5069385,2026-07-14
2015-08-20,sz.300236,上海新阳,15.87131928,15.0790312,15.89048754,15.05986294,2507034,60944690.0,1.653512,-5.2209,151618736.0,2286263650.648563,2026-07-14
2015-08-21,sz.300236,上海新阳,14.62538238,13.9289356,15.0790312,13.9289356,2419055,54881908.0,1.595486,-7.6271,151618692.0,2111886996.6242354,2026-07-14
2015-08-24,sz.300236,上海新阳,12.9705226,12.53604204,13.39861374,12.53604204,1527454,30236501.0,1.007431,-10.0,151618721.0,1900698660.5070307,2026-07-14
2015-08-25,sz.300236,上海新阳,11.28371572,11.28371572,11.75014338,11.28371572,2725840,48737945.0,1.797825,-9.9898,151618762.0,1710823008.2263386,2026-07-14
2015-08-26,sz.300236,上海新阳,11.18787442,10.55532184,11.820427,10.3508604,2979187,51707353.0,1.96492,-6.4553,151618743.0,1600384629.341247,2026-07-14
2015-08-27,sz.300236,上海新阳,10.862014,11.1175908,11.39872528,10.47225938,2344062,39899325.0,1.546024,5.3269,151618733.0,1685635031.1084564,2026-07-14
2015-08-28,sz.300236,上海新阳,11.4370618,12.0760038,12.1079509,11.16231674,2502722,45343425.0,1.650668,8.6207,151618739.0,1830948468.3152082,2026-07-14
2015-08-31,sz.300236,上海新阳,12.06961438,11.2453792,12.08239322,11.19426384,1830130,33209615.0,1.207061,-6.8783,151618684.0,1705009595.3849728,2026-07-14
2015-09-01,sz.300236,上海新阳,11.03452834,10.2550191,11.2453792,10.20390374,2539145,42137895.0,1.674691,-8.8068,151618717.0,1554852838.7524948,2026-07-14
2015-09-02,sz.300236,上海新阳,9.58413,10.24862968,10.84284574,9.38605798,2240455,36102188.0,1.47769,-0.0623,151618743.0,1553884349.5540924,2026-07-14
2015-09-07,sz.300236,上海新阳,10.52976416,10.6703314,11.1175908,10.4147546,1658086,27798042.0,1.093589,4.1147,151618753.0,1617822340.9647443,2026-07-14
2015-09-08,sz.300236,上海新阳,10.7342256,11.55846078,11.57762904,10.4786488,1732798,30144690.0,1.142865,8.3233,151618783.0,1752479756.8168309,2026-07-14
2015-09-09,sz.300236,上海新阳,11.500956,12.2676864,12.6191045,11.4690089,3224883,61541209.0,2.126969,6.136,151618712.0,1860010811.187917,2026-07-14
2015-09-10,sz.300236,上海新阳,11.9801625,11.89071062,12.32519118,11.8843212,1339718,25301696.0,0.88361,-3.0729,151618701.0,1802854098.1713047,2026-07-14
2015-09-11,sz.300236,上海新阳,11.87793178,12.139898,12.18462394,11.63513382,1540627,28820166.0,1.016119,2.0956,151618757.0,1840636244.866786,2026-07-14
2015-09-14,sz.300236,上海新阳,12.1718451,10.93868704,12.38269596,10.9259082,2035283,36331316.0,1.342369,-9.8947,151618743.0,1658509979.0751905,2026-07-14
2015-09-15,sz.300236,上海新阳,10.6064372,10.62560546,11.2134321,10.223072,1624201,27428025.0,1.07124,-2.8622,151618778.0,1611041315.3553278,2026-07-14
2015-09-16,sz.300236,上海新阳,10.85562458,11.68624918,11.68624918,10.8300669,1730563,30508785.0,1.141391,9.982,151618770.0,1771854726.5851088,2026-07-14
2015-09-17,sz.300236,上海新阳,11.500956,11.80764816,12.45297958,11.35399934,2739500,51920112.0,1.806835,1.0388,151618714.0,1790260429.383666,2026-07-14
2015-09-18,sz.300236,上海新阳,11.8843212,12.51048436,12.6510516,11.82681642,2039799,39347455.0,1.345348,5.9524,151618689.0,1896823237.418204,2026-07-14
2015-09-21,sz.300236,上海新阳,12.3315806,13.76281068,13.76281068,12.26129698,2485609,51526334.0,1.639381,10.0102,151618751.0,2086700165.5510607,2026-07-14
2015-09-22,sz.300236,上海新阳,14.1845124,15.13653598,15.13653598,13.34749838,5939508,132284887.0,3.917398,9.9814,151618702.0,2294981938.063898,2026-07-14
2015-09-23,sz.300236,上海新阳,15.13653598,15.8457616,15.97355,14.6317718,4928803,119122208.0,3.250788,4.6855,151618715.0,2402514011.9883437,2026-07-14
2015-09-24,sz.300236,上海新阳,15.654079,15.36016568,15.82659334,15.13014656,2738553,66024702.0,1.80621,-3.0645,151618749.0,2328889104.8343344,2026-07-14
2015-09-25,sz.300236,上海新阳,15.25793496,13.84587314,15.334608,13.82670488,3754611,83901035.0,2.476351,-9.8586,151618692.0,2099293175.084733,2026-07-14
2015-09-28,sz.300236,上海新阳,13.98644038,14.70205542,14.74678136,13.82031546,2313889,52180010.0,1.526124,6.1837,151618676.0,2229106177.259024,2026-07-14
2015-09-29,sz.300236,上海新阳,14.4081421,14.1845124,14.5678776,13.82670488,1672719,37146947.0,1.10324,-3.5202,151618777.0,2150638422.4293346,2026-07-14
2015-09-30,sz.300236,上海新阳,14.36341616,14.24201718,14.74039194,13.9289356,2088170,46542880.0,1.377251,0.4054,151618696.0,2159356073.241197,2026-07-14
2015-10-08,sz.300236,上海新阳,15.015137,15.19404076,15.44961756,14.7276131,2691061,63792446.0,1.774887,6.6846,151618723.0,2303701057.2411494,2026-07-14
2015-10-09,sz.300236,上海新阳,15.015137,16.71472272,16.71472272,14.94485338,4008833,99963101.0,2.644022,10.0084,151618746.0,2534265298.5441093,2026-07-14
2015-10-12,sz.300236,上海新阳,16.84890054,17.3792224,17.80731354,16.3569152,5320446,142833121.0,3.509096,3.9755,151618707.0,2635015228.953437,2026-07-14
2015-10-13,sz.300236,上海新阳,16.9958572,16.9958572,17.2833811,16.612492,4260502,112452948.0,2.810011,-2.2059,151618695.0,2576889689.070354,2026-07-14
2015-10-14,sz.300236,上海新阳,16.86167938,16.19079028,17.23865516,16.1013384,2961668,77457583.0,1.953366,-4.7368,151618693.0,2454826460.890704,2026-07-14
2015-10-15,sz.300236,上海新阳,16.14606434,16.89362648,16.9000159,16.0374442,3551847,91859431.0,2.342618,4.341,151618702.0,2561389718.9704285,2026-07-14
2015-10-16,sz.300236,上海新阳,17.04058314,16.8041746,17.18115038,16.24190564,3605847,94049204.0,2.378233,-0.5295,151618744.0,2547827846.8087025,2026-07-14
2015-10-19,sz.300236,上海新阳,16.612492,16.65082852,16.7722275,16.10772782,2720392,70095150.0,1.794232,-0.9125,151618743.0,2524577690.1109505,2026-07-14
2015-10-20,sz.300236,上海新阳,16.612492,17.41755892,17.66035688,16.46553534,7302313,196979415.0,4.816234,4.6048,151618734.0,2640828232.8208075,2026-07-14
2015-10-21,sz.300236,上海新阳,17.25782342,15.67324726,17.3472753,15.67324726,5566713,143286577.0,3.671521,-10.0147,151618716.0,2376357625.111718,2026-07-14
2015-10-22,sz.300236,上海新阳,15.5901848,15.9096558,16.09494898,14.88095918,4851348,118333869.0,3.199703,1.5084,151618697.0,2412201282.1144924,2026-07-14
2015-10-23,sz.300236,上海新阳,15.89687696,16.23551622,16.5166507,15.654079,4437164,111757111.0,2.926528,2.0482,151618710.0,2461608025.4604764,2026-07-14
2015-10-26,sz.300236,上海新阳,16.50387186,16.17162202,16.66360736,15.8457616,4581317,115759933.0,3.021604,-0.3935,151618710.0,2451920469.2799945,2026-07-14
2015-10-27,sz.300236,上海新阳,16.07578072,15.97355,16.1013384,14.8873486,3078081,75306379.0,2.030146,-1.2248,151618701.0,2421888901.35855,2026-07-14
2015-10-28,sz.300236,上海新阳,15.8457616,15.3665551,16.293021,15.334608,2830922,70317740.0,1.867132,-3.8,151618739.0,2329857707.036019,2026-07-14
2015-10-29,sz.300236,上海新阳,16.1013384,15.9416029,16.21634796,15.4304493,3793147,94310741.0,2.501767,3.7422,151618716.0,2417045362.6798763,2026-07-14
2015-10-30,sz.300236,上海新阳,16.1013384,16.05661246,16.3888623,15.654079,3978197,99896168.0,2.623817,0.7214,151618691.0,2434482563.0794897,2026-07-14
2015-11-02,sz.300236,上海新阳,15.44322814,15.015137,16.0693913,15.015137,3102528,75566847.0,2.04627,-6.4863,151618701.0,2276575567.2770367,2026-07-14
2015-11-03,sz.300236,上海新阳,15.14931482,15.18126192,15.51351176,14.9512428,2129824,50802728.0,1.404724,1.1064,151618681.0,2301762908.225928,2026-07-14
2015-11-04,sz.300236,上海新阳,15.3985022,16.13967492,16.13967492,15.30905032,3388525,84064044.0,2.234899,6.3131,151618708.0,2447076658.9104037,2026-07-14
2015-11-05,sz.300236,上海新阳,16.293021,16.15884318,16.5166507,15.8138145,3235841,82183265.0,2.134196,0.1188,151618736.0,2449983378.1738205,2026-07-14
2015-11-06,sz.300236,上海新阳,17.77536644,17.77536644,17.77536644,17.77536644,1744584,48534326.0,1.150639,10.0039,151618709.0,2695078111.634726,2026-07-14
2015-11-09,sz.300236,上海新阳,19.5516252,19.5516252,19.5516252,19.5516252,782250,23936850.0,0.515932,9.9928,151618818.0,2964394302.803014,2026-07-14
2015-11-10,sz.300236,上海新阳,21.50678772,21.50678772,21.50678772,21.00841296,6940953,233379167.0,4.5779,10.0,151618712.0,3260831453.3638163,2026-07-14
2015-11-11,sz.300236,上海新阳,22.36297,22.4268642,22.7463352,20.91896108,15421697,526293200.0,10.171367,4.2781,151618725.0,3400332555.7521453,2026-07-14
2015-11-12,sz.300236,上海新阳,21.7879222,21.57068192,22.14572972,21.00841296,10135156,341687440.0,6.684634,-3.8177,151618712.0,3270519009.6720867,2026-07-14
2015-11-13,sz.300236,上海新阳,21.0531389,20.1586201,21.2767686,19.62829824,7519142,241580329.0,4.959244,-6.5462,151618714.0,3056424055.5765514,2026-07-14
2015-11-16,sz.300236,上海新阳,19.3918897,20.77200442,21.13620136,19.38550028,5962474,191429703.0,3.932545,3.0428,151618710.0,3149424514.274698,2026-07-14
2015-11-17,sz.300236,上海新阳,21.724028,19.81359142,21.76875394,19.78164432,7490264,240713686.0,4.940197,-4.614,151618731.0,3004111587.6528883,2026-07-14
2015-11-18,sz.300236,上海新阳,19.81998084,19.53245694,20.69533138,19.4557839,4860607,152693940.0,3.205809,-1.4189,151618733.0,2961486373.619857,2026-07-14
2015-11-19,sz.300236,上海新阳,19.807202,21.48761946,21.48761946,19.6474665,6671133,216741881.0,4.39994,10.0098,151618727.0,3257925508.785628,2026-07-14
2015-11-20,sz.300236,上海新阳,22.09461436,23.63446458,23.63446458,21.70485974,9751134,345734400.0,6.431352,9.9911,151618727.0,3583427432.9461894,2026-07-14
2015-11-23,sz.300236,上海新阳,23.640854,23.62807516,25.9410452,22.36935942,9955237,376413168.0,6.565968,-0.027,151618726.0,3582458653.5914464,2026-07-14
2015-11-24,sz.300236,上海新阳,23.321383,25.99216056,25.99216056,22.7143881,9483020,369262288.0,6.254518,10.0054,151618718.0,3940898062.157362,2026-07-14
2015-11-25,sz.300236,上海新阳,28.5926545,28.5926545,28.5926545,28.5926545,1008831,45145187.0,0.665374,10.0049,151618639.0,4335179360.687225,2026-07-14
2015-11-26,sz.300236,上海新阳,29.70441358,31.45511466,31.45511466,28.8801784,13785306,656225360.0,9.092087,10.0112,151618721.0,4769184253.65755,2026-07-14
2015-11-27,sz.300236,上海新阳,30.030274,28.31152002,31.9471,28.31152002,10761784,505013376.0,7.097926,-9.9939,151618712.0,4292556200.1946144,2026-07-14
2015-11-30,sz.300236,上海新阳,28.8801784,28.113448,29.15492346,26.3244104,9282502,400455360.0,6.122266,-0.6996,151618731.0,4262525309.7944884,2026-07-14
2015-12-01,sz.300236,上海新阳,27.6981357,25.92187694,27.91537598,25.3659974,7616440,318997008.0,5.023417,-7.7955,151618709.0,3930241516.4996705,2026-07-14
2015-12-02,sz.300236,上海新阳,25.87076158,26.6438814,26.835564,24.15839702,6903758,280812496.0,4.553368,2.7853,151618714.0,4039711033.8365197,2026-07-14
2015-12-03,sz.300236,上海新阳,26.0368865,26.8036169,27.155035,25.55129058,5759669,238570481.0,3.798785,0.5995,151618715.0,4063929951.7302837,2026-07-14
2015-12-04,sz.300236,上海新阳,26.84195342,26.516093,28.64376986,26.196622,6536544,279201872.0,4.311172,-1.0727,151618725.0,4020336212.641425,2026-07-14
2015-12-07,sz.300236,上海新阳,26.18384316,27.20615036,27.20615036,25.42350218,5016767,205163898.0,3.308804,2.6024,151618742.0,4124962292.246047,2026-07-14
2015-12-08,sz.300236,上海新阳,27.07836196,27.21253978,28.1453951,25.6215742,6613647,279194464.0,4.362025,0.0235,151618732.0,4125930775.943159,2026-07-14
2015-12-09,sz.300236,上海新阳,26.77805922,26.7716698,27.84509236,25.9410452,4199496,176722695.0,2.769774,-1.6201,151618724.0,4059086414.4253354,2026-07-14
2015-12-10,sz.300236,上海新阳,26.77805922,25.86437216,27.14864558,25.7493626,3959871,164605923.0,2.61173,-3.389,151618697.0,3921522405.6222754,2026-07-14
2015-12-11,sz.300236,上海新阳,25.42350218,24.52259396,25.8452039,24.52259396,3791521,149246556.0,2.500695,-5.1877,151618690.0,3718083571.617112,2026-07-14
2015-12-14,sz.300236,上海新阳,24.61843526,25.83881448,25.9410452,24.12644992,3661121,143103651.0,2.414689,5.3674,151618738.0,3917648442.8737264,2026-07-14
2015-12-15,sz.300236,上海新阳,25.63435304,25.9729923,26.91223704,25.56406942,2875102,118198211.0,1.896271,0.5193,151618730.0,3937992106.8257794,2026-07-14
2015-12-16,sz.300236,上海新阳,26.15189606,28.57348624,28.57348624,26.0368865,5614755,242408231.0,3.703207,10.0123,151618719.0,4332275381.0729265,2026-07-14
2015-12-17,sz.300236,上海新阳,29.5830146,28.98240912,29.6469088,27.93454424,7521941,338030688.0,4.96109,1.4311,151618717.0,4394275686.343499,2026-07-14
2015-12-18,sz.300236,上海新阳,28.8801784,27.87703946,28.8801784,27.474506,4714932,207068767.0,3.109729,-3.8139,151618742.0,4226681653.609559,2026-07-14
2015-12-21,sz.300236,上海新阳,27.48089542,27.58951556,27.96649134,27.2189292,2877547,123926382.0,1.897884,-1.0314,151618697.0,4183086400.068425,2026-07-14
2015-12-22,sz.300236,上海新阳,27.80036642,27.11030906,27.8578712,26.6438814,3795954,160699711.0,2.503618,-1.7369,151618737.0,4110430819.356857,2026-07-14
2015-12-23,sz.300236,上海新阳,27.38505412,26.2605162,27.83870294,26.0688336,3879817,163242118.0,2.55893,-3.1346,151618723.0,3981585931.5648127,2026-07-14
2015-12-24,sz.300236,上海新阳,26.18384316,26.97613124,27.14864558,25.35960798,3073696,125793838.0,2.027254,2.7251,151618692.0,4090085733.8291383,2026-07-14
2015-12-25,sz.300236,上海新阳,26.97613124,26.3883046,27.11030906,26.19023258,2820028,116921743.0,1.859947,-2.1791,151618729.0,4000961203.9168534,2026-07-14
2015-12-28,sz.300236,上海新阳,26.06244418,25.16792538,26.68860734,25.16792538,3575225,144742600.0,2.358037,-4.6247,151618698.0,3815928077.476755,2026-07-14
2015-12-29,sz.300236,上海新阳,25.32127146,25.7493626,25.877151,24.98902162,2818499,112681777.0,1.858939,2.3102,151618692.0,3904084677.2457194,2026-07-14
2015-12-30,sz.300236,上海新阳,25.53212232,26.1327278,26.7077756,25.48100696,3333459,135795571.0,2.19858,1.4888,151618727.0,3962210922.0735106,2026-07-14
2015-12-31,sz.300236,上海新阳,26.196622,24.6312141,26.4521988,24.61204584,3400937,133972681.0,2.254351,-5.7457,150861024.0,3715890181.4892387,2026-07-14
2016-01-04,sz.300236,上海新阳,24.3756373,22.1712874,24.62482468,22.1712874,2303680,83732959.0,1.527021,-9.987,150861056.0,3344783830.0434947,2026-07-14
2016-01-05,sz.300236,上海新阳,20.8934034,20.4780911,21.80070104,19.95415866,4974851,161650364.0,3.297638,-7.6369,150861041.0,3089346141.038835,2026-07-14
2016-01-06,sz.300236,上海新阳,20.87423514,21.4684512,21.64096554,19.9349904,4796663,156910600.0,3.179524,4.8362,150861041.0,3238752896.689699,2026-07-14
2016-01-07,sz.300236,上海新阳,20.8614563,19.32160608,20.90618224,19.32160608,818100,25564632.0,0.542287,-10.0,150861075.0,2914878263.9553356,2026-07-14
2016-01-08,sz.300236,上海新阳,19.96054808,19.87748562,20.37586038,17.83287122,4752594,145881691.0,3.150312,2.877,150861058.0,2998738511.012986,2026-07-14
2016-01-11,sz.300236,上海新阳,19.18103884,17.890376,19.66024534,17.890376,5361072,156367501.0,3.553649,-9.9968,150861045.0,2698960818.80292,2026-07-14
2016-01-12,sz.300236,上海新阳,17.890376,17.43672718,18.45903438,17.251434,3902929,109323237.0,2.587102,-2.5357,150861041.0,2630522814.007794,2026-07-14
2016-01-13,sz.300236,上海新阳,17.6347992,17.1875398,18.0820586,16.62527084,4660970,128401317.0,3.089578,-1.4291,150861056.0,2592930404.2700286,2026-07-14
2016-01-14,sz.300236,上海新阳,16.05022304,18.21623642,18.33124598,16.0374442,4529460,124535317.0,3.002405,5.9851,150861060.0,2748120735.5318055,2026-07-14
2016-01-15,sz.300236,上海新阳,18.15873164,17.251434,18.60599104,17.03419372,4732727,133828787.0,3.137143,-5.2964,150861054.0,2602569516.2514358,2026-07-14
2016-01-18,sz.300236,上海新阳,16.81056402,18.28013062,18.31846714,16.74666982,3732905,103709856.0,2.4744,5.963,150861017.0,2757759096.226041,2026-07-14
2016-01-19,sz.300236,上海新阳,18.28013062,18.7848948,19.00213508,17.7625876,4437441,127864284.0,2.941409,2.7613,150861067.0,2833909273.0107517,2026-07-14
2016-01-20,sz.300236,上海新阳,18.6890535,18.1459528,18.83601016,17.80731354,4103157,117908778.0,2.719825,-3.4014,150861066.0,2737517782.993685,2026-07-14
2016-01-21,sz.300236,上海新阳,18.0501115,17.0278043,18.70183234,17.0278043,3900561,109180128.0,2.585532,-6.162,150861061.0,2568832623.1983624,2026-07-14
2016-01-22,sz.300236,上海新阳,17.25782342,16.9639101,17.43033776,16.33135752,3165023,83858596.0,2.097972,-0.3752,150861070.0,2559193629.069807,2026-07-14
2016-01-25,sz.300236,上海新阳,17.19392922,17.20031864,18.19067874,16.612492,4974763,135530310.0,3.29758,1.3936,150861025.0,2594857700.357006,2026-07-14
2016-01-26,sz.300236,上海新阳,16.931963,15.8457616,16.94474184,15.48156466,4729204,119092794.0,3.134808,-7.8752,150861042.0,2390508106.2595873,2026-07-14
2016-01-27,sz.300236,上海新阳,15.9096558,15.47517524,15.97355,14.695666,2919765,69983592.0,1.9354,-2.3387,150861062.0,2334601371.342505,2026-07-14
2016-01-28,sz.300236,上海新阳,15.3985022,14.13978646,15.3985022,14.13978646,1896847,44050473.0,1.257347,-8.6292,150861059.0,2133143159.389461,2026-07-14
2016-01-29,sz.300236,上海新阳,14.14617588,14.9831899,15.20043018,14.056724,3242006,74392739.0,2.149001,5.9648,150861075.0,2260380135.2431426,2026-07-14
2016-02-01,sz.300236,上海新阳,15.25793496,15.334608,15.66046842,14.90651686,2903450,69450235.0,1.924586,2.3454,150861016.0,2313394542.8417277,2026-07-14
2016-02-02,sz.300236,上海新阳,15.64768958,16.612492,16.7402804,15.34738684,3602924,91183262.0,2.38824,8.3333,150861052.0,2506178019.461584,2026-07-14
2016-02-03,sz.300236,上海新阳,16.14606434,16.47192476,16.59332374,15.88409812,3346366,84488654.0,2.218178,-0.8462,150861022.0,2484971403.6007047,2026-07-14
2016-02-04,sz.300236,上海新阳,16.5805449,17.48784254,17.6347992,16.4847036,3652417,97455535.0,2.421047,6.1676,150861053.0,2638234340.2825947,2026-07-14
2016-02-05,sz.300236,上海新阳,17.85203948,17.5070108,17.85203948,17.1236456,3269711,89635433.0,2.167366,0.1096,150861045.0,2641125944.114286,2026-07-14
2016-02-15,sz.300236,上海新阳,16.7083333,17.50062138,17.6028521,16.69555446,1642940,44200374.0,1.089042,-0.0365,150861032.0,2640161802.028064,2026-07-14
2016-02-16,sz.300236,上海新阳,17.93510194,19.25132246,19.25132246,17.93510194,3335687,100032400.0,2.211099,10.0037,150861042.0,2904274566.1936035,2026-07-14
2016-02-17,sz.300236,上海新阳,19.5516252,19.53245694,20.43336516,19.2641013,6767563,209759986.0,4.485958,1.4603,150861042.0,2946686806.7885313,2026-07-14
2016-02-18,sz.300236,上海新阳,19.53884636,19.7433078,20.0627788,18.98296682,4594632,140460994.0,3.045605,1.0795,150861060.0,2978496342.614268,2026-07-14
2016-02-19,sz.300236,上海新阳,19.4238368,19.37272144,19.70497128,19.22576478,3009997,91412780.0,1.995212,-1.877,150861011.0,2922588342.2597756,2026-07-14
2016-02-22,sz.300236,上海新阳,19.7433078,20.5739324,20.7017208,19.31521666,4045149,126082131.0,2.681374,6.2005,150861051.0,3103805065.066952,2026-07-14
2016-02-23,sz.300236,上海新阳,20.58032182,19.92860098,20.9572976,19.54523578,3587467,112327179.0,2.377994,-3.1366,150861062.0,3006449908.0170407,2026-07-14
2016-02-24,sz.300236,上海新阳,20.19695662,19.15548116,20.19695662,18.848789,3430198,103513289.0,2.273747,-3.8795,150861024.0,2889815503.010308,2026-07-14
2016-02-25,sz.300236,上海新阳,19.16187058,17.24504458,19.27688014,17.24504458,4583889,128055052.0,3.038484,-9.9733,150861054.0,2601605601.615787,2026-07-14
2016-02-26,sz.300236,上海新阳,17.30893878,17.37283298,17.99260672,16.9958572,3327193,91269802.0,2.205469,0.741,150861019.0,2620883286.2796063,2026-07-14
2016-02-29,sz.300236,上海新阳,17.37283298,15.63491074,17.37283298,15.63491074,4116108,102118735.0,2.72841,-10.0037,150861051.0,2358699066.527588,2026-07-14
2016-03-01,sz.300236,上海新阳,15.5901848,16.02466536,16.2291268,14.695666,3279715,80120519.0,2.173997,2.4929,150861064.0,2417498066.453543,2026-07-14
2016-03-02,sz.300236,上海新阳,15.89687696,16.8680688,16.92557358,15.76908856,3455679,88378508.0,2.290637,5.2632,150861049.0,2544734553.772171,2026-07-14
2016-03-03,sz.300236,上海新阳,16.97029952,16.46553534,17.17476096,16.35052578,4880406,127429683.0,3.235034,-2.3864,150861042.0,2484007818.480224,2026-07-14
2016-03-04,sz.300236,上海新阳,16.2291268,15.00235816,16.293021,14.9512428,4121367,100149378.0,2.731896,-8.8863,150861050.0,2263271504.493668,2026-07-14
2016-03-07,sz.300236,上海新阳,15.21959844,15.7179732,15.9416029,15.21959844,3483379,84875864.0,2.308998,4.77,150861066.0,2371230192.311431,2026-07-14
2016-03-08,sz.300236,上海新阳,15.48156466,16.68916504,16.82334286,14.695666,4856099,120769604.0,3.218922,6.1789,150861034.0,2517744694.531051,2026-07-14
2016-03-09,sz.300236,上海新阳,16.3569152,17.890376,17.890376,16.1332855,5886820,157201463.0,3.902147,7.1975,150861052.0,2698960944.035552,2026-07-14
2016-03-10,sz.300236,上海新阳,17.890376,17.890376,17.890376,17.890376,0,0.0,0.0,0.0,150861052.0,2698960944.035552,2026-07-14
2016-03-11,sz.300236,上海新阳,17.890376,17.890376,17.890376,17.890376,0,0.0,0.0,0.0,150861052.0,2698960944.035552,2026-07-14
2016-03-14,sz.300236,上海新阳,17.890376,17.890376,17.890376,17.890376,0,0.0,0.0,0.0,150861052.0,2698960944.035552,2026-07-14
2016-03-15,sz.300236,上海新阳,17.890376,17.890376,17.890376,17.890376,0,0.0,0.0,0.0,150861052.0,2698960944.035552,2026-07-14
2016-03-16,sz.300236,上海新阳,18.26096236,16.86167938,18.51653916,16.4527565,3749737,102226781.0,2.485557,-5.75,150861034.0,2543770386.243279,2026-07-14
2016-03-17,sz.300236,上海新阳,17.0597514,18.54848626,18.54848626,16.97029952,7045170,202530487.0,4.669973,10.0038,150861044.0,2798244001.8032556,2026-07-14
2016-03-18,sz.300236,上海新阳,18.54848626,19.9030433,20.00527402,18.51653916,10227973,306907824.0,6.779731,7.3028,150861044.0,3002593891.0152054,2026-07-14
2016-03-21,sz.300236,上海新阳,19.9030433,21.89654234,21.89654234,19.64107708,9734737,317638960.0,6.452784,10.0161,150861039.0,3303335127.9198914,2026-07-14
2016-03-22,sz.300236,上海新阳,22.5227055,22.5546526,24.0881134,21.53873482,9491401,341681712.0,6.291486,3.0055,150861037.0,3402618280.410746,2026-07-14
2016-03-23,sz.300236,上海新阳,22.2990758,22.51631608,22.54826318,21.6281867,6716149,232256260.0,4.451878,-0.17,150861030.0,3396834635.634362,2026-07-14
2016-03-24,sz.300236,上海新阳,22.60576796,21.4684512,23.1297004,21.16814846,9597879,331096032.0,6.362066,-4.6538,150861041.0,3238752896.689699,2026-07-14
2016-03-25,sz.300236,上海新阳,21.07869658,21.0531389,21.64096554,20.64421602,4250560,140572355.0,2.817533,-1.9345,150861055.0,3176098745.5155396,2026-07-14
2016-03-28,sz.300236,上海新阳,21.39816758,21.085086,22.2351816,20.9572976,4768385,160923252.0,3.16078,0.1517,150861022.0,3180917622.917892,2026-07-14
2016-03-29,sz.300236,上海新阳,20.7336679,20.34391328,21.0531389,20.0308317,4778846,152632474.0,2.943715,-3.5152,162340648.0,3302644064.731005,2026-07-14
2016-03-30,sz.300236,上海新阳,20.86784572,21.9157106,22.20962392,20.66338428,6356733,211713681.0,3.915675,7.7261,162340669.0,3557811120.4143915,2026-07-14
2016-03-31,sz.300236,上海新阳,22.27990754,21.32149454,22.42047478,21.25760034,5199266,175835246.0,3.202689,-2.7114,162340646.0,3461345197.309073,2026-07-14
2016-04-01,sz.300236,上海新阳,21.1809273,21.3406628,21.58346076,20.61865834,2826523,93029030.0,1.741106,0.0899,162340662.0,3464457326.4707737,2026-07-14
2016-04-05,sz.300236,上海新阳,21.3406628,21.9476577,22.28629696,21.16814846,4432133,151758926.0,2.730143,2.8443,162340691.0,3562997916.8494706,2026-07-14
2016-04-06,sz.300236,上海新阳,21.89654234,21.9476577,22.14572972,21.41733584,3761302,128241196.0,2.316919,0.0,162340677.0,3562997609.582263,2026-07-14
2016-04-07,sz.300236,上海新阳,22.0115519,20.85506688,22.15850856,20.8295092,4313541,143533853.0,2.657092,-4.9782,162340672.0,3385625571.9041433,2026-07-14
2016-04-08,sz.300236,上海新阳,20.765615,20.3183556,20.765615,19.98610576,2555675,81579680.0,1.574267,-2.5735,162340632.0,3298494689.3047395,2026-07-14
2016-04-11,sz.300236,上海新阳,20.6378266,21.02758122,21.26398976,20.61226892,2441074,80098871.0,1.503674,3.4906,162340640.0,3413630992.9067807,2026-07-14
2016-04-12,sz.300236,上海新阳,21.13620136,20.6378266,21.13620136,20.2864085,2124047,68370297.0,1.308389,-1.8535,162340634.0,3350357854.6260643,2026-07-14
2016-04-13,sz.300236,上海新阳,20.765615,21.28954744,22.03710958,20.765615,4773410,160916110.0,2.940366,3.1579,162340675.0,3456159501.854122,2026-07-14
2016-04-14,sz.300236,上海新阳,21.64096554,21.5003983,21.96682596,21.085086,2876765,97096235.0,1.772054,0.9904,162340707.0,3490389860.8035984,2026-07-14
2016-04-15,sz.300236,上海新阳,21.64096554,23.65363284,23.65363284,21.64096554,9057573,329760608.0,5.579362,10.0149,162340658.0,3839946319.3360085,2026-07-14
2016-04-18,sz.300236,上海新阳,23.96671442,23.09136388,24.61843526,22.94440722,9950425,369152000.0,6.129348,-2.3771,162340676.0,3748667622.041183,2026-07-14
2016-04-19,sz.300236,上海新阳,23.321383,22.84856592,23.3852772,22.0115519,7889918,278809168.0,4.8601,-1.0515,162340651.0,3709251065.8692136,2026-07-14
2016-04-20,sz.300236,上海新阳,22.54187376,20.56115356,22.65688332,20.56115356,9260202,310034800.0,5.730926,-10.0112,161582997.0,3322332814.0020194,2026-07-14
2016-04-21,sz.300236,上海新阳,20.12028358,19.50689926,20.59949008,19.4238368,5359925,168079821.0,3.317134,-5.1274,161583011.0,3151983517.704472,2026-07-14
2016-04-22,sz.300236,上海新阳,19.27049072,19.95415866,19.9669375,19.27049072,3630321,112394185.0,2.246722,2.2928,161583008.0,3224252978.3920493,2026-07-14
2016-04-25,sz.300236,上海新阳,19.74969722,19.50050984,19.807202,19.04686102,2722952,82694264.0,1.685172,-2.2735,161583031.0,3150951485.992525,2026-07-14
2016-04-26,sz.300236,上海新阳,19.59635114,20.3183556,20.3822498,19.5835723,3935232,123117286.0,2.435425,4.194,161582968.0,3283100202.727421,2026-07-14
2016-04-27,sz.300236,上海新阳,20.50364878,19.94137982,20.68894196,19.84553852,3353894,106312747.0,2.075648,-1.8553,161582985.0,3222187676.334363,2026-07-14
2016-04-28,sz.300236,上海新阳,20.06916822,20.11389416,20.1586201,19.16826,2961570,91429045.0,1.832848,0.8651,161582957.0,3250062495.157831,2026-07-14
2016-04-29,sz.300236,上海新阳,20.0947259,20.2864085,20.5100382,19.85192794,2756706,87240238.0,1.706062,0.8577,161582991.0,3277938562.0778236,2026-07-14
2016-05-03,sz.300236,上海新阳,20.13306242,22.10100378,22.1712874,20.126673,5513201,184546242.0,3.411993,8.9449,161583010.0,3571146714.7937775,2026-07-14
2016-05-04,sz.300236,上海新阳,21.82625872,22.5227055,23.12331098,21.65374438,7905179,277932976.0,4.892334,1.9081,161582979.0,3639285849.8296847,2026-07-14
2016-05-05,sz.300236,上海新阳,22.36297,22.34380174,22.7463352,21.96043654,3848173,134145245.0,2.381546,-0.7943,161582980.0,3610378069.6783853,2026-07-14
2016-05-06,sz.300236,上海新阳,22.19045566,20.91257166,22.93162838,20.85506688,5133758,175988243.0,3.175703,-6.4055,161657372.0,3380671376.317278,2026-07-14
2016-05-09,sz.300236,上海新阳,20.446144,19.73052896,20.52281704,19.14909174,4595150,142587820.0,2.842524,-5.6523,161657386.0,3189585736.0708985,2026-07-14
2016-05-10,sz.300236,上海新阳,19.67302418,19.9349904,20.49086994,19.67302418,2834673,88824363.0,1.753507,1.0363,161657353.0,3222637780.144411,2026-07-14
2016-05-11,sz.300236,上海新阳,20.0308317,19.73052896,20.3183556,19.6794136,2677977,83677079.0,1.656576,-1.0256,161657358.0,3189585183.616088,2026-07-14
2016-05-12,sz.300236,上海新阳,19.1363129,19.49412042,19.73052896,18.70183234,2727539,82019240.0,1.687234,-1.1982,161657423.0,3151369270.748878,2026-07-14
2016-05-13,sz.300236,上海新阳,19.36633202,19.1363129,19.86470678,19.0404716,2728669,83095304.0,1.687933,-1.8355,161657424.0,3093527048.27197,2026-07-14
2016-05-16,sz.300236,上海新阳,18.86156784,19.3599426,19.52606752,18.72739002,3242913,96931955.0,2.006041,1.1686,161657364.0,3129677287.907306,2026-07-14
2016-05-17,sz.300236,上海新阳,19.18103884,19.1043658,19.6474665,18.7848948,3912114,117528966.0,2.420003,-1.3201,161657403.0,3088362161.190017,2026-07-14
2016-05-18,sz.300236,上海新阳,18.529318,18.15873164,18.7210006,17.7945347,3722278,106351491.0,2.302572,-4.9498,161657399.0,2935493326.061404,2026-07-14
2016-05-19,sz.300236,上海新阳,18.15873164,18.2737412,18.75933712,18.0181644,2947712,85233247.0,1.823432,0.6334,161657358.0,2954084723.1677494,2026-07-14
2016-05-20,sz.300236,上海新阳,18.24818352,18.529318,18.6571064,17.7945347,3570494,102291783.0,2.20868,1.3986,161657370.0,2995400815.77366,2026-07-14
2016-05-23,sz.300236,上海新阳,18.7210006,19.18103884,19.7752549,18.7210006,3851900,116373658.0,2.382755,3.5172,161657409.0,3100757040.8027654,2026-07-14
2016-05-24,sz.300236,上海新阳,19.0404716,19.41105796,19.73052896,18.98935624,4563279,138826386.0,2.822809,1.1992,161657377.0,3137940714.608571,2026-07-14
2016-05-25,sz.300236,上海新阳,19.5516252,19.72413954,20.36947096,19.4238368,5560803,173079627.0,3.439869,1.6129,161657406.0,3188553233.618433,2026-07-14
2016-05-26,sz.300236,上海新阳,19.53884636,19.807202,19.9030433,18.96379856,3320782,100988034.0,2.05421,0.4211,161657377.0,3201980321.029154,2026-07-14
2016-05-27,sz.300236,上海新阳,19.78164432,20.97007644,21.7879222,19.78164432,8580838,283663488.0,5.30804,5.871,161657373.0,3389967468.899592,2026-07-14
2016-05-30,sz.300236,上海新阳,21.085086,23.0658062,23.0658062,20.765615,11084073,387341152.0,6.856521,9.9939,161657392.0,3728758074.6694307,2026-07-14
2016-05-31,sz.300236,上海新阳,23.8964308,24.2478489,24.599267,22.68883042,15551238,572800832.0,9.619875,5.1247,161657381.0,3919843748.057731,2026-07-14
2016-06-01,sz.300236,上海新阳,24.01782978,24.89318032,25.53212232,23.8964308,14167254,551026768.0,8.763753,2.6614,161657386.0,4024166459.7578435,2026-07-14
2016-06-02,sz.300236,上海新阳,24.4075844,25.46822812,26.11355954,24.29257484,11048133,438100112.0,6.834289,2.3101,161657387.0,4117127209.399122,2026-07-14
2016-06-03,sz.300236,上海新阳,25.11681002,25.1423677,26.37552576,24.66955062,11279175,449391856.0,6.97721,-1.2795,161657382.0,4064449339.6633615,2026-07-14
2016-06-06,sz.300236,上海新阳,25.334298,24.9888303,26.01883585,24.63696505,8319605,328323008.0,5.146443,-0.6107,161657382.0,4039628885.5402746,2026-07-14
2016-06-07,sz.300236,上海新阳,25.3854784,25.80131915,25.9484628,24.85448175,9187953,365281024.0,5.683596,3.2514,161657391.0,4170973938.147338,2026-07-14
2016-06-08,sz.300236,上海新阳,25.3982735,24.7713136,25.462249,24.50901405,8591407,334691808.0,5.314577,-3.9921,161657400.0,4004466151.16064,2026-07-14
2016-06-13,sz.300236,上海新阳,24.31069,22.7624829,24.95684255,22.67931475,9019253,338485600.0,5.57924,-8.1095,161657376.0,3679723256.85887,2026-07-14
2016-06-14,sz.300236,上海新阳,22.6985074,23.2231065,23.45981585,22.3146544,5770810,208754364.0,3.569778,2.0236,161657392.0,3754186830.928248,2026-07-14
2016-06-15,sz.300236,上海新阳,23.2231065,25.54541715,25.54541715,23.2231065,6364306,245648390.0,3.93691,10.0,161657391.0,4129605488.4756556,2026-07-14
2016-06-16,sz.300236,上海新阳,26.76095165,27.73337925,28.0980396,26.3962913,12120756,523218336.0,7.497805,8.565,161657392.0,4483305760.901916,2026-07-14
2016-06-17,sz.300236,上海新阳,27.55424785,29.300779,29.4799104,26.9208904,14645370,638376352.0,9.059512,5.6517,161657383.0,4736687253.001357,2026-07-14
2016-06-20,sz.300236,上海新阳,28.8529505,30.3883625,32.2308569,28.2259906,15337852,726117840.0,9.487876,3.7118,161657383.0,4912503155.405337,2026-07-14
2016-06-21,sz.300236,上海新阳,30.0045095,30.90656405,32.26284465,29.2879839,10544173,509229392.0,6.522543,1.7053,161657393.0,4996274570.9105215,2026-07-14
2016-06-22,sz.300236,上海新阳,30.67625225,30.6186743,30.8233959,29.4799104,6148238,289187840.0,3.803252,-0.9315,161657392.0,4949735033.835425,2026-07-14
2016-06-23,sz.300236,上海新阳,30.068485,29.93413645,30.5930841,29.6334516,4679492,220088138.0,2.894697,-2.2357,161657403.0,4839074759.55464,2026-07-14
2016-06-24,sz.300236,上海新阳,30.16444825,32.92818985,32.92818985,29.684632,9289703,457871040.0,5.746538,10.0021,161657384.0,5323085031.006352,2026-07-14
2016-06-27,sz.300236,上海新阳,32.627505,34.162917,35.7750996,31.9749549,10883385,571911744.0,6.732377,3.7498,161657391.0,5522688031.169547,2026-07-14
2016-06-28,sz.300236,上海新阳,33.9709905,33.87502725,36.67715415,33.47837915,10828443,590111424.0,6.69839,-0.8427,161657398.0,5476148762.414096,2026-07-14
2016-06-29,sz.300236,上海新阳,33.907015,34.1117366,34.60434795,33.0753335,8294210,437567248.0,5.130734,0.6988,161657377.0,5514413863.670898,2026-07-14
2016-06-30,sz.300236,上海新阳,33.79825665,32.36520545,34.02856845,32.2820373,8005331,412449600.0,4.952403,-5.12,161645387.0,5231686160.299759,2026-07-14
2016-07-01,sz.300236,上海新阳,32.31402505,31.6934627,32.7810462,31.2328391,6486118,322179712.0,4.01256,-2.0755,161645383.0,5123101916.737715,2026-07-14
2016-07-04,sz.300236,上海新阳,31.6934627,32.41638585,32.48036135,31.3863803,5829970,291662368.0,3.606642,2.281,161645375.0,5239958846.867944,2026-07-14
2016-07-05,sz.300236,上海新阳,32.3971932,33.8174493,34.01577335,31.220044,12411340,630432448.0,7.678128,4.3221,161645391.0,5466434814.721176,2026-07-14
2016-07-06,sz.300236,上海新阳,32.95378005,32.115701,33.18409185,31.7830284,11285660,570463136.0,6.98174,-5.0322,161645378.0,5191354627.879978,2026-07-14
2016-07-07,sz.300236,上海新阳,31.82781125,33.31204285,33.64471545,31.347995,10613119,543648128.0,6.56568,3.7251,161645389.0,5384738124.872918,2026-07-14
2016-07-08,sz.300236,上海新阳,33.27365755,31.8086186,33.29924775,31.49513865,9554030,481072528.0,5.910487,-4.5132,161645394.0,5141716686.192728,2026-07-14
2016-07-11,sz.300236,上海新阳,31.5399215,30.2092311,31.64867985,30.07488255,7785227,375861520.0,4.816238,-5.0282,161645396.0,4883183124.015016,2026-07-14
2016-07-12,sz.300236,上海新阳,30.3755674,30.3627723,30.75302285,28.7122044,7652230,356246256.0,4.733961,0.5083,161645396.0,4908002352.091331,2026-07-14
2016-07-13,sz.300236,上海新阳,30.580289,30.2220262,30.8745763,29.9917144,4791029,227847997.0,2.963913,-0.4635,161645399.0,4885251483.687453,2026-07-14
2016-07-14,sz.300236,上海新阳,30.5163135,30.94494935,31.8853892,30.3499772,7920014,387133424.0,4.899623,2.392,161645376.0,5002107972.981706,2026-07-14
2016-07-15,sz.300236,上海新阳,30.580289,29.58866875,31.0281175,29.556681,6328398,295662720.0,3.914988,-4.3829,161645400.0,4782872195.56125,2026-07-14
2016-07-18,sz.300236,上海新阳,29.51189815,29.55028345,30.19003845,29.05127455,3372660,156166856.0,2.086456,-0.1297,161645393.0,4776667181.536646,2026-07-14
2016-07-19,sz.300236,上海新阳,28.916926,30.1452556,30.35637475,28.7249995,4992551,230222516.0,3.088582,2.0134,161645409.0,4872842170.87154,2026-07-14
2016-07-20,sz.300236,上海新阳,30.0812801,31.2584293,32.1540863,30.068485,9971300,485060448.0,6.168626,3.6927,161645397.0,5052781213.794932,2026-07-14
2016-07-21,sz.300236,上海新阳,31.03451505,29.8893536,31.2584293,29.87016095,6815063,324512544.0,4.216058,-4.3799,161645381.0,4831475950.515721,2026-07-14
2016-07-22,sz.300236,上海新阳,29.556681,29.1856231,30.324387,28.85934805,3940096,182262702.0,2.437494,-2.3545,161645362.0,4717720611.195063,2026-07-14
2016-07-25,sz.300236,上海新阳,28.9809015,27.60542825,29.65264425,27.57983805,5668680,251860520.0,3.506862,-5.4143,161645368.0,4462289608.268846,2026-07-14
2016-07-26,sz.300236,上海新阳,27.6118258,28.1620151,28.2515808,27.6118258,3285418,143686744.0,2.032485,2.0162,161645375.0,4552259491.595162,2026-07-14
2016-07-27,sz.300236,上海新阳,28.16841265,28.3411465,29.48630795,26.8825051,9960860,445540560.0,6.162168,0.6361,161645382.0,4581215452.310463,2026-07-14
2016-07-28,sz.300236,上海新阳,28.021269,27.17039485,28.2131955,26.23635255,7954446,337410336.0,4.920924,-4.1309,161645374.0,4391968637.255924,2026-07-14
2016-07-29,sz.300236,上海新阳,27.19598505,27.1639973,27.98928125,26.5498325,5276368,225020236.0,3.264162,-0.0236,161645409.0,4390935453.633395,2026-07-14
2016-08-01,sz.300236,上海新阳,26.79933695,27.8165474,28.1108347,25.718151,6133531,261895146.0,3.794436,2.4023,161645393.0,4496416736.376128,2026-07-14
2016-08-02,sz.300236,上海新阳,27.7013915,27.8293425,28.69301175,27.54145275,6104051,268979488.0,3.776199,0.046,161645374.0,4498484476.586595,2026-07-14
2016-08-03,sz.300236,上海新阳,28.14922,27.4710797,28.533073,27.19598505,4378160,189813371.0,2.708497,-1.2874,161645370.0,4440572842.405989,2026-07-14
2016-08-04,sz.300236,上海新阳,27.50306745,30.21562865,30.21562865,27.50306745,13685048,625830976.0,8.466093,9.9907,161645378.0,4884216714.63688,2026-07-14
2016-08-05,sz.300236,上海新阳,30.0045095,29.940534,30.59948165,29.300779,10832738,504035136.0,6.701545,-0.9104,161645382.0,4839749055.713988,2026-07-14
2016-08-08,sz.300236,上海新阳,29.684632,30.3755674,30.3883625,29.2368035,7033265,329035696.0,4.351046,1.453,161645384.0,4910070256.590881,2026-07-14
2016-08-09,sz.300236,上海新阳,30.3883625,30.07488255,30.8745763,29.42873,9202676,429854960.0,5.693126,-0.9899,161645395.0,4861466269.373358,2026-07-14
2016-08-10,sz.300236,上海新阳,29.94693155,29.30717655,30.5035184,29.300779,7592851,354135232.0,4.697227,-2.5526,161645392.0,4737370041.837957,2026-07-14
2016-08-11,sz.300236,上海新阳,28.916926,27.893318,29.3775496,27.893318,7100528,316310416.0,4.392657,-4.8243,161645400.0,4508826545.437201,2026-07-14
2016-08-12,sz.300236,上海新阳,27.893318,28.20679795,28.277171,27.509465,3850532,167596564.0,2.382086,1.1239,161645381.0,4559498601.4177685,2026-07-14
2016-08-15,sz.300236,上海新阳,28.44990485,29.6334516,30.03649725,27.55424785,8753602,399649392.0,5.415312,5.0578,161645386.0,4790110722.394318,2026-07-14
2016-08-16,sz.300236,上海新阳,29.40953735,29.29438145,29.7869928,29.17922555,8154729,375333392.0,5.044826,-1.1442,161645397.0,4735301919.354686,2026-07-14
2016-08-17,sz.300236,上海新阳,29.07686475,29.5182957,30.0556899,28.9809015,7664049,354460176.0,4.741273,0.7644,161645385.0,4771496272.970345,2026-07-14
2016-08-18,sz.300236,上海新阳,29.42233245,28.75698725,29.92134135,28.68021665,6240911,283900688.0,3.860866,-2.5791,161645367.0,4648433757.840571,2026-07-14
2016-08-19,sz.300236,上海新阳,28.405122,27.86133025,28.6738191,27.8293425,5550232,243505714.0,3.433585,-3.1146,161645394.0,4503655705.625369,2026-07-14
2016-08-22,sz.300236,上海新阳,27.61822335,27.66940375,28.2643759,27.60542825,2834681,123749328.0,1.753642,-0.6889,161645364.0,4472630840.831716,2026-07-14
2016-08-23,sz.300236,上海新阳,27.7013915,28.14282245,28.57785585,27.7013915,3587237,157876030.0,2.219202,1.711,161645357.0,4549156581.917865,2026-07-14
2016-08-24,sz.300236,上海新阳,27.88692045,27.8677278,28.30915875,27.6502111,3235531,141134640.0,2.001623,-0.9775,161645375.0,4504689310.628925,2026-07-14
2016-08-25,sz.300236,上海新阳,27.66940375,29.30717655,29.4159349,27.66940375,9339586,418948480.0,5.777824,5.1653,161645388.0,4737369924.609252,2026-07-14
2016-08-26,sz.300236,上海新阳,29.1088525,29.9533291,31.220044,28.79537255,11998095,565107728.0,7.422479,2.2048,161645388.0,4841817504.261191,2026-07-14
2016-08-29,sz.300236,上海新阳,29.6206565,29.5438859,30.0812801,28.92332355,5472209,252420560.0,3.385317,-1.3669,161645394.0,4775633076.596544,2026-07-14
2016-08-30,sz.300236,上海新阳,29.5438859,28.7505897,30.59948165,28.55226565,5877687,271542944.0,3.636161,-2.6851,161645400.0,4647400572.292379,2026-07-14
2016-08-31,sz.300236,上海新阳,28.55226565,28.0724494,28.5970485,27.56704295,6506345,284195088.0,4.025073,-2.3587,161645391.0,4537782059.590715,2026-07-14
2016-09-01,sz.300236,上海新阳,28.0468592,27.84853515,28.2643759,27.765367,2935746,128435541.0,1.816164,-0.7976,161645424.0,4501588272.100654,2026-07-14
2016-09-02,sz.300236,上海新阳,27.86133025,27.3047434,28.06605185,27.1895875,3449203,148758156.0,2.133808,-1.9527,161645425.0,4413686851.408945,2026-07-14
2016-09-05,sz.300236,上海新阳,27.4582846,27.3431287,27.86133025,27.3303336,2771512,119623685.0,1.714563,0.140584,161645387.0,4419890620.502307,2026-07-14
2016-09-06,sz.300236,上海新阳,27.27275565,27.96369105,28.021269,27.09362425,4139472,179299461.0,2.560835,2.269531,161645401.0,4520202053.217361,2026-07-14
2016-09-07,sz.300236,上海新阳,27.96369105,27.4454895,28.14922,27.381514,3232530,139840138.0,1.999766,-1.853117,161645413.0,4436437485.2146635,2026-07-14
2016-09-08,sz.300236,上海新阳,27.4454895,27.5990307,27.75896945,27.3303336,1983725,85238780.0,1.227208,0.559435,161645377.0,4461255722.336074,2026-07-14
2016-09-09,sz.300236,上海新阳,27.66940375,26.67138595,27.7013915,26.613808,3462781,146706025.0,2.142208,-3.361152,161645414.0,4311307223.841534,2026-07-14
2016-09-12,sz.300236,上海新阳,25.6029951,24.5921822,26.0252334,24.5921822,5431600,214707369.0,3.360195,-7.795635,161645381.0,3975212661.3404183,2026-07-14
2016-09-13,sz.300236,上海新阳,24.694543,24.93125235,25.08479355,24.56019445,2451843,95174629.0,1.516804,1.378779,161645341.0,4030020787.6728015,2026-07-14
2016-09-14,sz.300236,上海新阳,24.70094055,24.47062875,24.9248548,24.1955341,3201218,122934089.0,1.980396,-1.847578,161645348.0,3955563300.072555,2026-07-14
2016-09-19,sz.300236,上海新阳,24.5410018,24.6817479,24.7841087,24.4642312,2787492,107309156.0,1.724449,0.86275,161645372.0,3989690320.905719,2026-07-14
2016-09-20,sz.300236,上海新阳,24.77771115,24.566592,24.9120597,24.4770263,1599300,61597119.0,0.989388,-0.466564,161645381.0,3971076123.711552,2026-07-14
2016-09-21,sz.300236,上海新阳,24.35547285,24.8736744,24.9248548,23.69012765,3986252,151966531.0,2.466047,1.249999,161645419.0,4020715520.4575734,2026-07-14
2016-09-22,sz.300236,上海新阳,24.93125235,24.7585185,25.0656009,24.53460425,2856248,110656249.0,1.766984,-0.462964,161645380.0,4002100131.1695304,2026-07-14
2016-09-23,sz.300236,上海新阳,24.75212095,24.44503855,24.9376499,24.40665325,2531837,97796538.0,1.566291,-1.266154,161645378.0,3951427496.639322,2026-07-14
2016-09-26,sz.300236,上海新阳,24.1571488,22.8392535,24.1571488,22.7113025,5178919,188526868.0,3.203877,-6.568957,161645375.0,3691859696.727563,2026-07-14
2016-09-27,sz.300236,上海新阳,22.8136633,23.01198735,23.0183849,22.5833515,2698187,96348365.0,1.669201,0.756304,161645422.0,3719782406.2494116,2026-07-14
2016-09-28,sz.300236,上海新阳,23.01198735,23.03757755,23.5301889,22.8008682,2740401,99443591.0,1.695317,0.111196,161645344.0,3723917147.9964275,2026-07-14
2016-09-29,sz.300236,上海新阳,23.2103114,23.12714325,23.38304525,22.903229,1902122,68956919.0,1.176725,0.38879,161645414.0,3738396645.2835555,2026-07-14
2016-09-30,sz.300236,上海新阳,23.05037265,23.2359016,23.5045987,22.89683145,2265721,82105171.0,1.401661,0.470258,161645434.0,3755977398.513294,2026-07-14
2016-10-10,sz.300236,上海新阳,23.4918036,24.4258459,24.7457234,23.287082,4550520,172144311.0,2.815125,5.121147,161645398.0,3948325581.992168,2026-07-14
2016-10-11,sz.300236,上海新阳,24.30429245,24.2850998,24.56019445,24.08677575,2460537,93190272.0,1.522182,-0.576221,161645388.0,3925574379.7897224,2026-07-14
2016-10-12,sz.300236,上海新阳,24.31069,24.02280025,24.5026165,23.9780174,1897431,71694818.0,1.173823,-1.080084,161645410.0,3883175395.759352,2026-07-14
2016-10-13,sz.300236,上海新阳,24.02280025,23.9652223,24.2339194,23.86925905,1735082,65192597.0,1.073388,-0.239681,161645370.0,3873867225.815751,2026-07-14
2016-10-14,sz.300236,上海新阳,24.08677575,24.03559535,24.08677575,23.8372713,1837442,68868921.0,1.131102,0.293648,162447065.0,3904511920.135148,2026-07-14
2016-10-17,sz.300236,上海新阳,23.9908125,23.47261095,24.30429245,23.47261095,2717742,101812371.0,1.673002,-2.342297,162447026.0,3813055841.2825346,2026-07-14
2016-10-18,sz.300236,上海新阳,23.38304525,25.57100735,25.8205118,23.3510575,10336669,407632848.0,5.771928,8.939773,179085203.0,4579389042.189241,2026-07-14
2016-10-19,sz.300236,上海新阳,25.19994945,25.4238637,25.6413804,25.11038375,5248941,208011784.0,2.930974,-0.57543,179085212.0,4553038020.573604,2026-07-14
2016-10-20,sz.300236,上海新阳,25.2703225,25.94206525,26.229955,25.21274455,6202979,250649277.0,3.463702,2.038242,179085239.0,4645840955.449844,2026-07-14
2016-10-21,sz.300236,上海新阳,25.9100775,25.2319372,25.94206525,24.6305675,5553300,218230871.0,3.100926,-2.737363,179085215.0,4518666898.328498,2026-07-14
2016-10-24,sz.300236,上海新阳,24.9888303,25.07199845,25.2575274,24.6305675,2825676,110670085.0,1.577839,-0.633874,179085192.0,4490023656.241952,2026-07-14
2016-10-25,sz.300236,上海新阳,25.17435925,25.4494539,25.49423675,24.84168665,3748889,147725196.0,2.093355,1.505487,179085201.0,4557620567.021734,2026-07-14
2016-10-26,sz.300236,上海新阳,25.1807568,25.3087078,25.69895835,25.16156415,3794393,151229731.0,2.118764,-0.553035,179085212.0,4532415301.809053,2026-07-14
2016-10-27,sz.300236,上海新阳,25.2831176,25.00802295,25.4366588,24.7585185,2374829,92667995.0,1.326089,-1.188072,179085190.0,4478566541.52511,2026-07-14
2016-10-28,sz.300236,上海新阳,24.85448175,24.82889155,25.718151,24.822494,2814452,111248117.0,1.571571,-0.716293,179085259.0,4446488473.914661,2026-07-14
2016-10-31,sz.300236,上海新阳,24.6305675,24.1315586,24.7201332,24.0036076,2490278,94454483.0,1.390555,-2.808555,179085185.0,4321604636.219341,2026-07-14
2016-11-01,sz.300236,上海新阳,24.1059684,24.41944835,24.54739935,24.03559535,1999212,75824756.0,1.116347,1.192993,179085177.0,4373161230.002108,2026-07-14
2016-11-02,sz.300236,上海新阳,24.2467145,24.21472675,24.3874606,24.0291978,2084482,78858355.0,1.163961,-0.838354,179085210.0,4336499425.116367,2026-07-14
2016-11-03,sz.300236,上海新阳,24.07398065,24.6305675,25.16156415,24.054788,3437577,132389569.0,1.91952,1.717309,179085240.0,4410971092.0737,2026-07-14
2016-11-04,sz.300236,上海新阳,24.6305675,24.2467145,24.73932585,24.0931733,1942261,74042319.0,1.084546,-1.558438,179085166.0,4342226891.187107,2026-07-14
2016-11-07,sz.300236,上海新阳,24.21472675,24.52180915,24.694543,24.182739,2202924,84357850.0,1.230098,1.134565,179085244.0,4391494174.9491825,2026-07-14
2016-11-08,sz.300236,上海新阳,24.64976015,24.694543,24.8352891,24.4258459,2285538,88056906.0,1.276229,0.7044,179085258.0,4422428604.347094,2026-07-14
2016-11-09,sz.300236,上海新阳,24.63696505,24.2467145,24.8736744,23.8628615,3117552,118283624.0,1.74082,-1.813464,179085259.0,4342229146.131556,2026-07-14
2016-11-10,sz.300236,上海新阳,24.49621895,24.438641,24.7585185,24.15075125,3354174,127838591.0,1.872949,0.791555,179085175.0,4376598300.247175,2026-07-14
2016-11-11,sz.300236,上海新阳,24.43224345,24.62416995,24.68814545,24.182739,3656268,139715297.0,2.041636,0.759165,179085204.0,4409824498.82642,2026-07-14
2016-11-14,sz.300236,上海新阳,24.822494,25.4366588,26.229955,24.822494,8282726,332505408.0,4.625019,3.29955,179085232.0,4555329942.502842,2026-07-14
2016-11-15,sz.300236,上海新阳,25.2191421,25.66057305,26.82492715,25.1935519,7101932,288456560.0,3.965672,0.880288,179085209.0,4595429087.719017,2026-07-14
2016-11-16,sz.300236,上海新阳,25.67336815,26.86331245,26.997661,25.67336815,8657928,359177216.0,4.83453,4.687113,179085206.0,4810821843.950615,2026-07-14
2016-11-17,sz.300236,上海新阳,26.5498325,26.5498325,26.85051735,25.77572895,6189667,255009579.0,3.456269,-1.166948,179085222.0,4754682647.325315,2026-07-14
2016-11-18,sz.300236,上海新阳,26.51784475,26.2939305,27.18318995,26.229955,5315850,222149405.0,2.968335,-0.963859,179085245.0,4708854985.605473,2026-07-14
2016-11-21,sz.300236,上海新阳,26.17237705,27.509465,27.6246209,25.91647505,9735233,408869056.0,5.43609,4.622875,179085206.0,4926538206.47479,2026-07-14
2016-11-22,sz.300236,上海新阳,28.05325675,27.7013915,29.9277389,27.509465,11209553,498283600.0,6.25934,0.697673,179085223.0,4960909874.187804,2026-07-14
2016-11-23,sz.300236,上海新阳,27.82294495,28.2643759,29.23040595,27.3303336,9565611,425937200.0,5.341374,2.032335,179085213.0,5061731778.363567,2026-07-14
2016-11-24,sz.300236,上海新阳,28.11723225,27.125612,28.11723225,27.1000218,5010560,216569383.0,2.797864,-4.02897,179085188.0,4857795324.6350565,2026-07-14
2016-11-25,sz.300236,上海新阳,27.36232135,27.79735475,28.13002735,26.1403893,6192715,263589123.0,3.457971,2.476413,179085221.0,4978095418.61915,2026-07-14
2016-11-28,sz.300236,上海新阳,27.79735475,26.95287815,28.05325675,26.87610755,3344582,142418305.0,1.867592,-3.037974,179085261.0,4826863218.193947,2026-07-14
2016-11-29,sz.300236,上海新阳,27.00405855,26.70977125,27.2023826,26.49225455,3218790,134791727.0,1.797351,-0.901973,179085220.0,4783325260.455925,2026-07-14
2016-11-30,sz.300236,上海新阳,26.5370374,26.6905786,27.637416,26.5370374,4492626,190423432.0,2.508653,-0.071853,179085190.0,4779887339.790934,2026-07-14
2016-12-01,sz.300236,上海新阳,26.70977125,26.82492715,27.22157525,26.357906,2344759,98320603.0,1.309298,0.503354,179085204.0,4803947550.942888,2026-07-14
2016-12-02,sz.300236,上海新阳,26.8569149,25.85249955,27.06803405,25.71175345,3341887,137526810.0,1.866088,-3.62509,179085177.0,4629799457.804171,2026-07-14
2016-12-05,sz.300236,上海新阳,25.5902,25.8972824,26.13399175,25.34069555,2575139,103896527.0,1.437941,0.173224,179085164.0,4637819065.758314,2026-07-14
2016-12-06,sz.300236,上海新阳,25.85249955,25.81411425,26.102004,25.718151,1641355,66485201.0,0.916522,-0.321149,179085172.0,4622925090.488901,2026-07-14
2016-12-07,sz.300236,上海新阳,25.8077167,26.86331245,26.9208904,25.59659755,3355073,139099606.0,1.873451,4.064445,179085175.0,4810821011.187928,2026-07-14
2016-12-08,sz.300236,上海新阳,26.9336855,26.31312315,26.9336855,26.229955,2045657,85060272.0,1.142281,-2.048108,179085269.0,4712292737.547877,2026-07-14
2016-12-09,sz.300236,上海新阳,26.36430355,26.58182025,27.18318995,26.36430355,3523959,147530710.0,1.967755,1.021148,179085252.0,4760411978.089953,2026-07-14
2016-12-12,sz.300236,上海新阳,26.2939305,24.16354635,26.613808,23.926837,4958498,194870276.0,2.768792,-9.09747,179085247.0,4327334666.485699,2026-07-14
2016-12-13,sz.300236,上海新阳,23.89484925,24.5154116,24.566592,23.3638526,2908709,109517581.0,1.624204,1.45618,179085201.0,4390347413.983731,2026-07-14
2016-12-14,sz.300236,上海新阳,24.30429245,24.3490753,24.9376499,24.12516105,2573890,98702747.0,1.437243,-0.678493,179085235.0,4360559872.133195,2026-07-14
2016-12-15,sz.300236,上海新阳,24.22752185,24.71373565,25.078396,23.9908125,2659855,102747510.0,1.485245,1.497635,179085269.0,4425865996.87514,2026-07-14
2016-12-16,sz.300236,上海新阳,25.09758865,24.9248548,25.23833475,24.7073381,1283207,50066188.0,0.716534,0.854253,179085291.0,4463674874.9907465,2026-07-14
2016-12-19,sz.300236,上海新阳,24.81609645,24.566592,24.9248548,24.50901405,1297141,50034496.0,0.724315,-1.437365,179085205.0,4399513164.47136,2026-07-14
2016-12-20,sz.300236,上海新阳,24.694543,24.9248548,25.078396,24.47062875,1373131,53399863.0,0.766747,1.458327,179085278.0,4463674550.967634,2026-07-14
2016-12-21,sz.300236,上海新阳,24.9248548,24.9248548,25.50703185,24.79050625,1735735,68054337.0,0.969223,0.0,179085205.0,4463672731.453234,2026-07-14
2016-12-22,sz.300236,上海新阳,25.0144205,24.80330135,25.206347,24.77771115,1397302,54539406.0,0.780244,-0.487676,179085261.0,4441905695.926403,2026-07-14
2016-12-23,sz.300236,上海新阳,24.6433626,24.1187635,24.8096989,24.01000515,2248204,85203684.0,1.255382,-2.759865,179085251.0,4319314815.207138,2026-07-14
2016-12-26,sz.300236,上海新阳,23.7349105,23.7093203,23.8756566,23.03118,2512816,92125506.0,1.40314,-1.697611,179085195.0,4245988249.242959,2026-07-14
2016-12-27,sz.300236,上海新阳,23.65174235,23.83087375,24.06118555,23.57497175,1317085,49149584.0,0.735452,0.512678,179085107.0,4267754575.422241,2026-07-14
2016-12-28,sz.300236,上海新阳,23.9908125,23.9908125,24.26590715,23.69012765,1170642,44092421.0,0.653679,0.671141,179085147.0,4296398183.211938,2026-07-14
2016-12-29,sz.300236,上海新阳,23.7860909,23.9908125,24.21472675,23.75410315,1157149,43558050.0,0.646144,0.0,179085312.0,4296402141.696,2026-07-14
2016-12-30,sz.300236,上海新阳,23.9908125,24.6305675,24.822494,23.4534183,2279790,86676079.0,1.27302,2.666667,179085168.0,4410969318.67284,2026-07-14
2017-01-03,sz.300236,上海新阳,24.822494,24.6561577,25.19994945,24.4514361,1451186,56389981.0,0.813976,0.103899,178283635.0,4395789419.889239,2026-07-14
2017-01-04,sz.300236,上海新阳,24.41944835,24.81609645,25.1167813,24.41944835,2329729,90605485.0,1.306755,0.648677,178283534.0,4424301375.190854,2026-07-14
2017-01-05,sz.300236,上海新阳,24.81609645,24.950445,25.1295764,24.5793871,1837229,71692028.0,1.03051,0.541374,178283471.0,4448251937.594595,2026-07-14
2017-01-06,sz.300236,上海新阳,25.00802295,24.438641,25.00802295,24.31069,1761668,67621539.0,0.988127,-2.05128,178283561.0,4357007943.480601,2026-07-14
2017-01-09,sz.300236,上海新阳,24.438641,24.5537969,24.8864695,24.21472675,1173374,45066322.0,0.65815,0.471205,178283674.0,4377541121.981811,2026-07-14
2017-01-10,sz.300236,上海新阳,24.6305675,24.4130508,24.73932585,24.31708755,1149450,43928591.0,0.644731,-0.573218,178283656.0,4352447950.737725,2026-07-14
2017-01-11,sz.300236,上海新阳,24.34267775,23.4278281,24.43224345,23.3638526,2951764,109492934.0,1.655657,-4.035642,178283545.0,4176796245.3186145,2026-07-14
2017-01-12,sz.300236,上海新阳,23.40863545,23.4278281,23.7605007,23.2742869,1657104,60958813.0,0.929477,0.0,178283486.0,4176794863.0767565,2026-07-14
2017-01-13,sz.300236,上海新阳,23.42143055,22.1483181,23.6197546,21.8156455,2330831,83374380.0,1.307373,-5.461496,178283550.0,3948680777.397255,2026-07-14
2017-01-16,sz.300236,上海新阳,22.1483181,20.600111,22.3402446,19.9347658,3434112,114493015.0,1.926208,-6.990174,178283550.0,3672660919.4740496,2026-07-14
2017-01-17,sz.300236,上海新阳,20.60650855,21.04154195,21.239866,19.8963805,1636825,52809983.0,0.918102,2.142853,178283568.0,3751361175.0676775,2026-07-14
2017-01-18,sz.300236,上海新阳,21.42539495,20.51694285,21.42539495,20.4081845,1930157,62773171.0,1.082633,-2.493158,178283592.0,3657834268.1567173,2026-07-14
2017-01-19,sz.300236,上海新阳,20.4593649,20.47216,20.64489385,20.0371266,1912556,60738595.0,1.072761,-0.218272,178283513.0,3649848603.49808,2026-07-14
2017-01-20,sz.300236,上海新阳,20.47216,21.14390275,21.4317925,20.088307,2349726,77448016.0,1.317971,3.281248,178283589.0,3769610867.7369695,2026-07-14
2017-01-23,sz.300236,上海新阳,21.75167,21.33582925,21.80924795,21.18228805,1692705,56699021.0,0.949445,0.907713,178283629.0,3803829066.414348,2026-07-14
2017-01-24,sz.300236,上海新阳,21.3166366,21.09272235,21.5597435,20.9327836,1876698,62364761.0,1.052648,-1.139422,178283529.0,3760484976.775173,2026-07-14
2017-01-25,sz.300236,上海新阳,21.0863248,21.4317925,21.52775575,21.0479395,1517292,50651632.0,0.851056,1.607518,178283450.0,3820933906.584125,2026-07-14
2017-01-26,sz.300236,上海新阳,21.61732145,21.65570675,21.8156455,21.4445876,1360306,45905262.0,0.763001,1.044772,178283646.0,3860858356.0968103,2026-07-14
2017-02-03,sz.300236,上海新阳,21.75167,21.5597435,21.87322345,21.5597435,1014059,34365776.0,0.56879,-0.443125,178283549.0,3843747586.7096815,2026-07-14
2017-02-06,sz.300236,上海新阳,21.4445876,21.9180063,21.9308014,21.43819005,1383095,47030282.0,0.775784,1.661714,178283517.0,3907619248.7921567,2026-07-14
2017-02-07,sz.300236,上海新阳,21.91160875,21.6365141,21.9947769,21.4317925,1826681,61847866.0,1.024593,-1.284293,178283572.0,3857435019.376365,2026-07-14
2017-02-08,sz.300236,上海新阳,21.5085631,22.6857123,22.9160241,21.47657535,2578280,89561823.0,1.446168,4.8492,178283574.0,4044489867.57976,2026-07-14
2017-02-09,sz.300236,上海新阳,22.50018335,22.5577613,22.8648437,22.4681956,1507245,53352486.0,0.84542,-0.564018,178283575.0,4021678328.5606475,2026-07-14
2017-02-10,sz.300236,上海新阳,22.5577613,22.2378838,22.647327,22.23148625,1318630,46167526.0,0.739625,-1.418038,178283590.0,3964649757.866842,2026-07-14
2017-02-13,sz.300236,上海新阳,22.29546175,22.52577355,23.159131,22.07794505,1632965,57750230.0,0.915937,1.294594,178283550.0,4015974874.990103,2026-07-14
2017-02-14,sz.300236,上海新阳,22.5065809,22.55136375,22.7113025,22.4042201,991810,34927827.0,0.55631,0.113607,178283691.0,4020540366.4336014,2026-07-14
2017-02-15,sz.300236,上海新阳,22.5705564,21.8156455,22.71770005,21.6365141,2108245,73279159.0,1.182524,-3.262415,178283485.0,3889369307.2645674,2026-07-14
2017-02-16,sz.300236,上海新阳,21.5597435,21.71968225,22.09074015,21.5597435,1302916,44234357.0,0.730811,-0.439876,178283578.0,3872262664.553091,2026-07-14
2017-02-17,sz.300236,上海新阳,21.71968225,21.36141945,21.87322345,21.3038415,1536933,51859442.0,0.862072,-1.649488,178283600.0,3808390760.65602,2026-07-14
2017-02-20,sz.300236,上海新阳,21.239866,21.495768,21.6621043,20.76004975,2659782,88453002.0,1.491883,0.628928,178283552.0,3832341872.0079365,2026-07-14
2017-02-21,sz.300236,上海新阳,21.623719,21.7772602,21.9691867,21.18228805,2928175,99006312.0,1.642426,1.309531,178283527.0,3882526756.8527255,2026-07-14
2017-02-22,sz.300236,上海新阳,21.8156455,22.35943725,22.3786299,21.5341533,2934594,100883930.0,1.646026,2.673325,178283575.0,3986320407.9181685,2026-07-14
2017-02-23,sz.300236,上海新阳,22.39782255,22.57695395,22.80726575,22.2122936,2794859,98314463.0,1.567648,0.972819,178283582.0,4025100220.855049,2026-07-14
2017-02-24,sz.300236,上海新阳,22.3274495,22.50018335,22.647327,22.28266665,1512779,53048249.0,0.848524,-0.340047,178283584.0,4011413328.2951264,2026-07-14
2017-02-27,sz.300236,上海新阳,22.41061765,22.1994985,22.80726575,22.135523,1909135,67108858.0,1.070842,-1.336359,178283538.0,3957805134.405693,2026-07-14
2017-02-28,sz.300236,上海新阳,22.1994985,22.0203671,22.3274495,21.78365775,2368684,81288934.0,1.328605,-0.806924,178283538.0,3925868954.6468,2026-07-14
2017-03-01,sz.300236,上海新阳,22.02676465,22.03955975,22.1994985,21.75806755,2620798,89944766.0,1.470017,0.087166,178283516.0,3929290203.3220806,2026-07-14
2017-03-02,sz.300236,上海新阳,22.135523,22.2890642,22.37223235,21.879621,3015712,104670214.0,1.691526,1.132074,178283514.0,3973772689.3475986,2026-07-14
2017-03-03,sz.300236,上海新阳,22.135523,23.03757755,23.3510575,21.8924161,5811813,207818009.0,3.259871,3.358204,178283527.0,4107220579.150019,2026-07-14
2017-03-06,sz.300236,上海新阳,23.38304525,23.4790085,23.5813693,23.03757755,5017467,183052349.0,2.814319,1.916141,178283521.0,4185920304.9689283,2026-07-14
2017-03-07,sz.300236,上海新阳,23.3894428,23.63894725,24.41944835,23.3894428,6616168,247265075.0,3.711037,0.681199,178283536.0,4214435103.0474763,2026-07-14
2017-03-08,sz.300236,上海新阳,23.67733255,23.15273345,23.7349105,23.03118,4093407,149303739.0,2.296009,-2.056839,178283578.0,4127752159.946284,2026-07-14
2017-03-09,sz.300236,上海新阳,23.05037265,23.4534183,23.6069595,23.0055898,3554661,129491312.0,1.993825,1.298705,178283500.0,4181357501.48805,2026-07-14
2017-03-10,sz.300236,上海新阳,23.670935,23.45981585,23.6965252,22.98639715,2846865,103803132.0,1.596819,0.027273,178283512.0,4182498360.6112647,2026-07-14
2017-03-13,sz.300236,上海新阳,23.65174235,23.99721005,24.25311205,23.2359016,5114220,190699175.0,2.868588,2.290701,178283532.0,4278307365.8598967,2026-07-14
2017-03-14,sz.300236,上海新阳,23.99721005,23.61335705,24.182739,23.5045987,5517499,205622103.0,3.094789,-1.599569,178283528.0,4209872602.7976727,2026-07-14
2017-03-15,sz.300236,上海新阳,23.44702075,24.56019445,25.17435925,23.24229915,7600360,286882240.0,4.263074,4.009752,178283558.0,4378678851.717854,2026-07-14
2017-03-16,sz.300236,上海新阳,24.5026165,25.86529465,26.613808,24.3746655,9709738,386111760.0,5.446234,5.313886,178283526.0,4611355931.230936,2026-07-14
2017-03-17,sz.300236,上海新阳,26.03163095,25.5902,26.4730619,25.14876905,7063622,283846672.0,3.962016,-1.063567,178283530.0,4562311189.406,2026-07-14
2017-03-20,sz.300236,上海新阳,25.14876905,25.4878392,26.58182025,25.078396,5340893,214158220.0,2.99573,-0.4,178283524.0,4544061791.721341,2026-07-14
2017-03-21,sz.300236,上海新阳,25.206347,24.85448175,25.3982735,24.40665325,6489517,251787650.0,3.639998,-2.484944,178283532.0,4431144792.419541,2026-07-14
2017-03-22,sz.300236,上海新阳,24.58578465,24.5793871,25.04640825,24.5026165,4611880,178494989.0,2.586823,-1.106822,178283555.0,4382100511.909141,2026-07-14
2017-03-23,sz.300236,上海新阳,24.694543,24.9376499,25.0016254,24.1571488,4711857,181814618.0,2.642901,1.457578,178283523.0,4445972079.512598,2026-07-14
2017-03-24,sz.300236,上海新阳,24.7841087,24.32988265,24.9632401,23.9780174,4463812,170061559.0,2.503771,-2.437149,178283557.0,4337618020.234586,2026-07-14
2017-03-27,sz.300236,上海新阳,24.27870225,24.38106305,24.57298955,24.06118555,2673525,101664184.0,1.499592,0.210365,178283493.0,4346741083.607234,2026-07-14
2017-03-28,sz.300236,上海新阳,24.4130508,25.23833475,25.334298,24.13795615,5768078,224823700.0,3.23534,3.516138,178283519.0,4499579132.929985,2026-07-14
2017-03-29,sz.300236,上海新阳,25.2703225,24.7585185,25.5774049,24.7585185,4920865,193386099.0,2.760134,-1.901141,178283554.0,4414036669.954749,2026-07-14
2017-03-30,sz.300236,上海新阳,24.62416995,23.38304525,24.6305675,23.38304525,5907129,220302218.0,3.313334,-5.555559,178283536.0,4168811989.618004,2026-07-14
2017-03-31,sz.300236,上海新阳,23.2231065,21.73247735,23.54938155,21.3038415,8209410,286581136.0,4.604693,-7.058818,178283547.0,3874543147.0551605,2026-07-14
2017-04-05,sz.300236,上海新阳,21.52775575,22.1227279,22.519376,21.51496065,4009033,138609339.0,2.248684,1.795704,178283520.0,3944117802.0142083,2026-07-14
2017-04-06,sz.300236,上海新阳,22.0715475,22.0331622,22.5833515,21.9819818,2493900,86634360.0,1.398839,-0.404867,178283562.0,3928150639.139756,2026-07-14
2017-04-07,sz.300236,上海新阳,22.12912545,21.83483815,22.12912545,21.4701778,3145287,107088084.0,1.764205,-0.900109,178283533.0,3892792087.865184,2026-07-14
2017-04-10,sz.300236,上海新阳,21.5597435,20.61930365,21.6621043,20.37619675,5361046,175075864.0,3.007034,-5.566954,178283518.0,3676081993.4322405,2026-07-14
2017-04-11,sz.300236,上海新阳,20.72166445,20.9199885,20.95197625,20.41458205,2680633,86659948.0,1.503579,1.458273,178283482.0,3729688393.179957,2026-07-14
2017-04-12,sz.300236,上海新阳,20.47216,20.3825943,20.83682035,20.35060655,2902167,92992275.0,1.627838,-2.568808,178283527.0,3633880801.214096,2026-07-14
2017-04-13,sz.300236,上海新阳,20.4465698,20.7664473,21.0351444,20.4465698,2356970,76441943.0,1.322035,1.883234,178283480.0,3702314491.880604,2026-07-14
2017-04-14,sz.300236,上海新阳,20.73445955,20.4593649,20.8943983,20.3186188,1621323,51888677.0,0.909407,-1.478742,178283541.0,3647568020.983111,2026-07-14
2017-04-17,sz.300236,上海新阳,20.26104085,20.20986045,20.6512914,20.03072905,1613583,51234362.0,0.905066,-1.21951,178283462.0,3603083887.562878,2026-07-14
2017-04-18,sz.300236,上海新阳,20.2546433,19.69805645,20.6257012,19.5381177,2190747,69076317.0,1.228799,-2.532444,178283592.0,3511840259.324768,2026-07-14
2017-04-19,sz.300236,上海新阳,19.5637079,19.63408095,19.7172491,18.552895,2392113,71721807.0,1.341746,-0.324782,178283595.0,3500434536.2870154,2026-07-14
2017-04-20,sz.300236,上海新阳,19.576503,18.7576166,19.67246625,18.6680509,3331774,99266628.0,1.868806,-4.463997,178283567.0,3344174795.866412,2026-07-14
2017-04-21,sz.300236,上海新阳,18.7960019,17.61245515,18.94314555,17.273385,4878886,137732547.0,2.736588,-6.105044,178283541.0,3140010869.845686,2026-07-14
2017-04-24,sz.300236,上海新阳,17.36934825,17.0558683,17.785189,16.6848104,2822591,75973286.0,1.583203,-3.160192,178283581.0,3040781277.5883822,2026-07-14
2017-04-25,sz.300236,上海新阳,17.15183155,17.01108545,17.49729925,16.9535075,2282158,61470086.0,1.280072,-0.262564,178283565.0,3032796958.545629,2026-07-14
2017-04-26,sz.300236,上海新阳,17.0814585,17.4781066,17.49729925,17.01108545,2732315,73792294.0,1.532567,2.745391,178283560.0,3116059066.707496,2026-07-14
2017-04-27,sz.300236,上海新阳,17.401336,18.041091,18.2458126,17.08785605,4177533,115981183.0,2.343196,3.221087,178283549.0,3216429731.3119593,2026-07-14
2017-04-28,sz.300236,上海新阳,17.95792285,18.82798965,19.67246625,17.95792285,5122238,149947397.0,2.873085,4.3617,178283552.0,3356720871.8212366,2026-07-14
2017-05-02,sz.300236,上海新阳,18.936748,18.96873575,19.23743285,18.6168705,2676028,79291863.0,1.500996,0.747534,178283486.0,3381812334.522825,2026-07-14
2017-05-03,sz.300236,上海新阳,18.91755535,18.78960435,19.05830145,18.6296656,1734807,51034460.0,0.973061,-0.944347,178283479.0,3349876032.5515337,2026-07-14
2017-05-04,sz.300236,上海新阳,18.78960435,18.85357985,19.1798549,18.7448215,1956179,58119605.0,1.097229,0.340478,178283567.0,3361283466.3773246,2026-07-14
2017-05-05,sz.300236,上海新阳,18.75121905,18.40575135,18.86637495,18.26500525,1812424,52482656.0,1.016596,-2.375293,178283605.0,3281443703.411617,2026-07-14
2017-05-08,sz.300236,上海新阳,18.36736605,18.6936411,19.19265,18.25221015,2799888,82391713.0,1.570469,1.564125,178283557.0,3332768828.5893927,2026-07-14
2017-05-09,sz.300236,上海新阳,18.8727725,19.23743285,19.36538385,18.5784852,3113546,93025045.0,1.746401,2.908968,178283567.0,3429718148.420976,2026-07-14
2017-05-10,sz.300236,上海新阳,19.2950108,18.9111578,19.4997324,18.9111578,2847903,85633252.0,1.597401,-1.696043,178283537.0,3371548101.3491387,2026-07-14
2017-05-11,sz.300236,上海新阳,18.680846,19.6916589,19.6916589,18.552895,5621588,169277139.0,3.153173,4.127203,178283526.0,3510698381.4812813,2026-07-14
2017-05-12,sz.300236,上海新阳,19.832405,19.49333485,19.8707903,19.2694206,3082815,93855376.0,1.729164,-1.007152,178283552.0,3475340977.383387,2026-07-14
2017-05-15,sz.300236,上海新阳,19.55731035,19.08389165,19.8196099,19.07109655,2745556,83317307.0,1.539994,-2.100425,178283552.0,3402343989.345141,2026-07-14
2017-05-16,sz.300236,上海新阳,18.96873575,20.03072905,20.1266923,18.7832068,3905803,119032619.0,2.190782,4.961447,178283508.0,3571148642.8315077,2026-07-14
2017-05-17,sz.300236,上海新阳,19.96675355,20.2034629,20.4337747,19.78762215,3854127,121296196.0,2.161796,0.862346,178283566.0,3601945411.3607016,2026-07-14
2017-05-18,sz.300236,上海新阳,20.03072905,19.71085155,20.37619675,19.6916589,2359094,73895009.0,1.323226,-2.438254,178283528.0,3514120154.2182684,2026-07-14
2017-05-19,sz.300236,上海新阳,19.80041725,20.32501635,20.7920375,19.45494955,2937867,91354789.0,1.647862,3.115875,178283558.0,3623616231.286173,2026-07-14
2017-05-22,sz.300236,上海新阳,19.99234375,19.1670598,20.04352415,19.064699,3256085,99588558.0,1.826352,-5.697203,178283540.0,3417171272.535692,2026-07-14
2017-05-23,sz.300236,上海新阳,19.17345735,18.07307875,19.30140835,18.041091,2892330,84067170.0,1.62232,-5.707607,178283569.0,3222132982.3680587,2026-07-14
2017-05-24,sz.300236,上海新阳,18.0794763,18.63606315,18.84078475,17.9771155,2380137,68746142.0,1.335029,3.115041,178283543.0,3322503365.95374,2026-07-14
2017-05-25,sz.300236,上海新阳,18.7320264,18.552895,18.7320264,17.91953755,3081187,88215223.0,1.728251,-0.446273,178283536.0,3307675723.6367197,2026-07-14
2017-05-26,sz.300236,上海新阳,18.424944,18.4761244,18.98153085,18.39295625,2226142,64954533.0,1.248653,-0.413796,178283478.0,3293987717.9926634,2026-07-14
2017-05-31,sz.300236,上海新阳,18.8855676,18.2074273,18.936748,18.17543955,1614190,46889700.0,0.905406,-1.454294,178283555.0,3246084866.4480515,2026-07-14
2017-06-01,sz.300236,上海新阳,18.2458126,17.49729925,18.4889195,16.6976055,2904561,80341013.0,1.629181,-3.900207,178283506.0,3119479855.821171,2026-07-14
2017-06-02,sz.300236,上海新阳,17.401336,17.91314,18.0538861,17.17742175,2243716,61609654.0,1.25851,2.376598,178283526.0,3193617760.9316397,2026-07-14
2017-06-05,sz.300236,上海新阳,18.2330175,18.8727725,19.6404785,18.0922714,4145975,122285542.0,2.325495,5.357143,178283548.0,3364704841.89683,2026-07-14
2017-06-06,sz.300236,上海新阳,18.64885825,18.808797,19.1030843,18.64885825,1847298,54453857.0,1.036157,-0.338984,178283600.0,3353300040.8292,2026-07-14
2017-06-07,sz.300236,上海新阳,18.96873575,19.2566255,19.5125275,18.7448215,3231568,96940834.0,1.8126,2.380955,178283571.0,3433139959.54966,2026-07-14
2017-06-08,sz.300236,上海新阳,19.44215445,19.4357569,19.69805645,18.90476025,3406185,102607416.0,1.910544,0.930229,178283515.0,3465075056.817504,2026-07-14
2017-06-09,sz.300236,上海新阳,19.2694206,19.19904755,19.35258875,19.07109655,1897307,56905844.0,1.064208,-1.217903,178283475.0,3422872913.9042363,2026-07-14
2017-06-12,sz.300236,上海新阳,18.9495431,18.1562469,19.1286745,17.9515253,3795441,109999199.0,2.128879,-5.431527,178283547.0,3236960097.5397544,2026-07-14
2017-06-13,sz.300236,上海新阳,18.0922714,18.59767785,18.7192313,17.9771155,2029876,58622632.0,1.138566,2.431292,178283560.0,3315660214.8311462,2026-07-14
2017-06-14,sz.300236,上海新阳,18.5017146,18.3993538,18.6168705,18.296993,1660251,47827655.0,0.931242,-1.06639,178283518.0,3280301524.3906684,2026-07-14
2017-06-15,sz.300236,上海新阳,18.3097881,18.8727725,19.2694206,18.3097881,3066917,90628766.0,1.720247,2.573017,178283526.0,3364704426.695835,2026-07-14
2017-06-16,sz.300236,上海新阳,18.86637495,18.63606315,19.0391088,18.43134155,2261098,66003145.0,1.26826,-1.25424,178283475.0,3322502098.701446,2026-07-14
2017-06-19,sz.300236,上海新阳,18.6040754,18.7448215,18.85357985,18.6040754,1675606,49111398.0,0.939855,0.583591,178283459.0,3341891615.3575687,2026-07-14
2017-06-20,sz.300236,上海新阳,18.7448215,18.8599774,19.2566255,18.7448215,2949102,87692896.0,1.654164,0.614336,178283532.0,3362423384.3121767,2026-07-14
2017-06-21,sz.300236,上海新阳,18.94314555,18.5273048,18.94314555,18.2330175,3081560,88866459.0,1.72846,-1.763909,178283559.0,3303113838.421783,2026-07-14
2017-06-22,sz.300236,上海新阳,18.5017146,17.81717675,18.6168705,17.79158655,2777929,79142449.0,1.558152,-3.832869,178283569.0,3176509860.493821,2026-07-14
2017-06-23,sz.300236,上海新阳,18.0794763,17.6956233,18.0794763,17.30537275,2579488,71196394.0,1.446846,-0.682228,178283522.0,3154838045.9092627,2026-07-14
2017-06-26,sz.300236,上海新阳,17.7084184,18.22661995,18.2841979,17.43332375,2278292,63775334.0,1.277904,3.000723,178283502.0,3249505634.309065,2026-07-14
2017-06-27,sz.300236,上海新阳,18.1818371,18.424944,18.680846,18.1818371,2459158,70920162.0,1.379352,1.088099,178283571.0,3284864811.795024,2026-07-14
2017-06-28,sz.300236,上海新阳,18.296993,18.08587385,18.3353783,17.9643204,1311007,37111614.0,0.735349,-1.840274,178283645.0,3224415512.988183,2026-07-14
2017-06-29,sz.300236,上海新阳,18.1050665,18.18823465,18.35457095,18.0666812,1140000,32467974.0,0.639431,0.565971,178283505.0,3242662223.164448,2026-07-14
2017-06-30,sz.300236,上海新阳,18.1562469,18.0282959,18.1562469,17.657238,1765137,49398841.0,0.995072,-0.879353,177387867.0,3198000955.345845,2026-07-14
2017-07-03,sz.300236,上海新阳,18.15669324,18.3621438,18.54191304,17.93198169,2167052,61797384.0,1.221646,1.851853,177387885.0,3257221852.747863,2026-07-14
2017-07-04,sz.300236,上海新阳,18.2979405,18.58043502,18.59327568,18.21447621,2492364,71543608.0,1.405037,1.188812,177387784.0,3295942193.9537954,2026-07-14
2017-07-05,sz.300236,上海新阳,18.54191304,18.50981139,18.59327568,18.2337372,2218761,63579284.0,1.250797,-0.380099,177387778.0,3283414313.671191,2026-07-14
2017-07-06,sz.300236,上海新阳,18.58685535,18.66389931,18.81798723,18.28509984,3270296,94840619.0,1.843585,0.832465,177387861.0,3310749176.520276,2026-07-14
2017-07-07,sz.300236,上海新阳,18.58685535,19.28667132,19.4535999,18.50981139,5828337,173246534.0,3.285646,3.336777,177387856.0,3421221274.83149,2026-07-14
2017-07-10,sz.300236,上海新阳,19.29309165,18.88219053,19.46002023,18.86934987,3085834,91839707.0,1.739597,-2.097207,177387866.0,3349471483.522109,2026-07-14
2017-07-11,sz.300236,上海新阳,18.84366855,18.1053306,18.90787185,18.09891027,3371055,97189722.0,1.900387,-4.114244,177387816.0,3211665053.0919695,2026-07-14
2017-07-12,sz.300236,上海新阳,17.86777839,18.27867951,18.31720149,17.86777839,2274347,64014287.0,1.282132,0.957442,177387898.0,3242416536.49457,2026-07-14
2017-07-13,sz.300236,上海新阳,18.2979405,17.99618499,18.2979405,17.9127207,1532121,43125611.0,0.863713,-1.545482,177387743.0,3192302637.9865775,2026-07-14
2017-07-14,sz.300236,上海新阳,17.86135806,17.94482235,18.15669324,17.84209707,1163083,32535669.0,0.655672,-0.285408,177387932.0,3183194926.77388,2026-07-14
2017-07-17,sz.300236,上海新阳,17.89988004,16.3076382,17.89988004,16.2434349,4422959,116698025.0,2.493383,-9.123439,177387870.0,2892777205.028634,2026-07-14
2017-07-18,sz.300236,上海新阳,16.050825,16.06366566,16.46814645,15.31890738,4132475,101764457.0,2.329627,-1.49606,177387839.0,2849498937.845909,2026-07-14
2017-07-19,sz.300236,上海新阳,16.03798434,15.94809972,16.03798434,15.55003926,2580326,63597637.0,1.454624,-0.719426,177387834.0,2828998865.7468066,2026-07-14
2017-07-20,sz.300236,上海新阳,16.01230302,15.81327279,16.35258051,15.76833048,2280766,57163656.0,1.285751,-0.845415,177387846.0,2805082398.42851,2026-07-14
2017-07-21,sz.300236,上海新阳,15.74264916,15.56287992,16.01230302,15.56287992,2313781,56717292.0,1.304363,-1.583432,177387813.0,2760665232.990415,2026-07-14
2017-07-24,sz.300236,上海新阳,15.58856124,15.96736071,16.14070962,15.32532771,2350806,57574661.0,1.325235,2.599014,177387860.0,2832415946.1949806,2026-07-14
2017-07-25,sz.300236,上海新阳,15.97378104,15.83253378,16.30121787,15.75548982,2226456,55475238.0,1.255135,-0.844395,177387771.0,2808497876.5164046,2026-07-14
2017-07-26,sz.300236,上海新阳,15.83253378,15.6656052,15.9866217,15.4729953,2275483,55592249.0,1.282773,-1.05434,177387815.0,2778887477.080638,2026-07-14
2017-07-27,sz.300236,上海新阳,15.60782223,16.46172612,16.6286547,15.52435794,3730681,94331631.0,2.103121,5.081966,177387844.0,2920110104.945286,2026-07-14
2017-07-28,sz.300236,上海新阳,16.55803107,16.29479754,16.78916295,16.1792316,3104379,79721363.0,1.750052,-1.014041,177387815.0,2890498531.487975,2026-07-14
2017-07-31,sz.300236,上海新阳,16.19849259,16.4360448,16.68001734,15.9224184,2233611,56978138.0,1.259168,0.866829,177387847.0,2915554600.2675457,2026-07-14
2017-08-01,sz.300236,上海新阳,16.3718415,18.07964928,18.07964928,16.3718415,7028541,188819275.0,3.962245,9.999998,177387845.0,3207110024.135002,2026-07-14
2017-08-02,sz.300236,上海新阳,18.07964928,18.618957,19.1967867,17.45687727,12212286,346829648.0,6.884511,2.982955,177387849.0,3302776732.853493,2026-07-14
2017-08-03,sz.300236,上海新阳,18.28509984,18.00902565,18.86934987,17.98976466,7365436,211762420.0,4.152165,-3.275865,177387845.0,3194582250.6032248,2026-07-14
2017-08-04,sz.300236,上海新阳,17.7843141,18.02828664,18.72168228,17.7843141,6283800,178711763.0,3.542407,0.106954,177387861.0,3197999204.5644774,2026-07-14
2017-08-07,sz.300236,上海新阳,17.80999542,19.04269878,19.5820065,17.80999542,8472691,250441442.0,4.776365,5.626781,177387846.0,3377943318.6110277,2026-07-14
2017-08-08,sz.300236,上海新阳,18.86292954,19.15826472,19.24814934,18.70884162,4343015,128338915.0,2.448316,0.606879,177387845.0,3398443292.620328,2026-07-14
2017-08-09,sz.300236,上海新阳,19.0041768,18.72810261,19.1325834,18.618957,3218118,94372016.0,1.814171,-2.245309,177387799.0,3322136901.4340553,2026-07-14
2017-08-10,sz.300236,上海新阳,18.72810261,18.22089654,18.73452294,17.84209707,5278057,150183664.0,2.975433,-2.708265,177387863.0,3232165899.1746936,2026-07-14
2017-08-11,sz.300236,上海新阳,18.09248994,17.99618499,18.67031964,17.92556136,3589218,102551766.0,2.023373,-1.233258,177387857.0,3192304689.5516663,2026-07-14
2017-08-14,sz.300236,上海新阳,17.976924,18.49697073,18.70242129,17.9127207,3524491,101512407.0,1.986884,2.782728,177387860.0,3281138054.277338,2026-07-14
2017-08-15,sz.300236,上海新阳,18.43276743,18.3621438,18.6831603,18.12459159,3146936,89766306.0,1.774043,-0.72891,177387809.0,3257220457.224934,2026-07-14
2017-08-16,sz.300236,上海新阳,18.2337372,18.72810261,19.0041768,18.2337372,4851381,142070012.0,2.734901,1.993006,177387810.0,3322137107.4431844,2026-07-14
2017-08-17,sz.300236,上海新阳,18.79872624,19.0041768,19.26099,18.63179766,5110026,151090773.0,2.880708,1.474118,177387850.0,3371110063.57188,2026-07-14
2017-08-18,sz.300236,上海新阳,18.71526195,18.47770974,18.9399735,18.36856413,3790637,109847149.0,2.13692,-2.770269,177387876.0,3277721684.1231127,2026-07-14
2017-08-21,sz.300236,上海新阳,18.76662459,19.0041768,19.35729495,18.65105865,4655234,138315147.0,2.624325,2.8492,177387862.0,3371110291.6220016,2026-07-14
2017-08-22,sz.300236,上海新阳,19.05553944,18.56759436,19.17752571,18.4905504,3181789,93026395.0,1.793691,-2.297298,177387800.0,3293664714.812808,2026-07-14
2017-08-23,sz.300236,上海新阳,18.5547537,18.31078116,18.62537733,18.15669324,2443421,69905349.0,1.377446,-1.383125,177387789.0,3248108984.8352556,2026-07-14
2017-08-24,sz.300236,上海新阳,18.2979405,18.33004215,18.63179766,18.09248994,2118498,60593756.0,1.194275,0.105185,177387788.0,3251525630.935264,2026-07-14
2017-08-25,sz.300236,上海新阳,18.3621438,18.50339106,18.5547537,18.1695339,2189500,62892256.0,1.234301,0.945711,177387849.0,3282276739.3392296,2026-07-14
2017-08-28,sz.300236,上海新阳,18.50339106,18.8757702,19.1325834,18.4263471,3483464,102783747.0,1.963756,2.012491,177387822.0,3348331764.350505,2026-07-14
2017-08-29,sz.300236,上海新阳,18.8757702,19.36371528,19.57558617,18.71526195,6141809,183817770.0,3.462362,2.585035,177387835.0,3434887531.0756187,2026-07-14
2017-08-30,sz.300236,上海新阳,19.3251933,20.19835818,20.53863567,19.11332241,8095512,250816699.0,4.563736,4.310342,177387824.0,3582942805.9228,2026-07-14
2017-08-31,sz.300236,上海新阳,19.98648729,19.99290762,20.40380874,19.85808069,4376282,136990188.0,2.46707,-1.017164,177387833.0,3546498558.0809875,2026-07-14
2017-09-01,sz.300236,上海新阳,20.21761917,20.27540214,20.46159171,19.86450102,3558969,111910506.0,2.006321,1.412975,177387816.0,3596609304.1363263,2026-07-14
2017-09-04,sz.300236,上海新阳,20.33960544,20.91743514,22.07309454,20.32034445,8083133,267708011.0,4.556757,3.166567,177387844.0,3710498721.4944377,2026-07-14
2017-09-05,sz.300236,上海新阳,20.67988293,21.00731976,21.27697362,20.6734626,4588303,149975165.0,2.586594,0.42971,177387831.0,3726442887.3498406,2026-07-14
2017-09-06,sz.300236,上海新阳,20.79544887,21.52094616,21.7649187,20.76976755,4942952,164670022.0,2.786522,2.444985,177387869.0,3817554778.1861334,2026-07-14
2017-09-07,sz.300236,上海新阳,21.45674286,20.77618788,22.0217319,20.77618788,5491826,182649843.0,3.095943,-3.46062,177387827.0,3685442821.3769364,2026-07-14
2017-09-08,sz.300236,上海新阳,20.6092593,21.09078405,21.15498735,20.57073732,3332004,108151833.0,1.878372,1.514208,177387866.0,3741249174.8963375,2026-07-14
2017-09-11,sz.300236,上海新阳,21.05226207,20.94953679,21.42464121,20.72482524,2712344,88788519.0,1.529047,-0.669703,177387876.0,3716193834.361958,2026-07-14
2017-09-12,sz.300236,上海新阳,20.87891316,21.43106154,21.80986101,20.78902854,4168191,138332595.77,2.349761,2.298498,177387871.0,3801610379.8505816,2026-07-14
2017-09-13,sz.300236,上海新阳,21.37327857,21.5081055,21.74565771,21.07152306,3968111,132643921.87,2.236969,0.359494,177387840.0,3815276377.13712,2026-07-14
2017-09-14,sz.300236,上海新阳,21.65577309,21.17424834,21.69429507,21.15498735,3095999,103283830.78,1.745328,-1.55224,177387803.0,3756053393.208997,2026-07-14
2017-09-15,sz.300236,上海新阳,21.15498735,20.32676478,21.15498735,20.23688016,3480217,111219470.19,1.961925,-4.002425,177387872.0,3605721548.9687486,2026-07-14
2017-09-18,sz.300236,上海新阳,20.36528676,21.4439022,21.46958352,20.3524461,3662401,119578873.15,2.064629,5.495899,177387850.0,3803887706.86827,2026-07-14
2017-09-19,sz.300236,上海新阳,21.60441045,21.15498735,22.25928411,20.9944791,5596088,188921436.92,3.154719,-1.347308,177387843.0,3752637574.708786,2026-07-14
2017-09-20,sz.300236,上海新阳,21.46316319,22.4069517,22.9847814,21.0586824,10352878,358473369.56,5.836295,5.91806,177387846.0,3974720897.4890385,2026-07-14
2017-09-21,sz.300236,上海新阳,22.7279682,22.11161652,23.61397374,21.90616596,9267304,328369448.14,5.224318,-1.31806,177387824.0,3922331539.6052523,2026-07-14
2017-09-22,sz.300236,上海新阳,21.92542695,21.65577309,22.0859352,21.3154956,4352255,147294269.7,2.453525,-2.061554,177387840.0,3841470811.9652257,2026-07-14
2017-09-25,sz.300236,上海新阳,21.60441045,21.59799012,22.6637649,21.41180055,4495286,154928940.94,2.534157,-0.266825,177387826.0,3831220513.356279,2026-07-14
2017-09-26,sz.300236,上海新阳,21.46958352,21.12930603,21.71997639,20.77618788,3918094,128679419.3,2.208773,-2.170034,177387808.0,3748081281.222882,2026-07-14
2017-09-27,sz.300236,上海新阳,21.0586824,21.13572636,21.41822088,20.6734626,2702231,88625475.63,1.523346,0.030381,177387869.0,3749221458.7675266,2026-07-14
2017-09-28,sz.300236,上海新阳,21.3154956,21.39895989,22.0217319,21.187089,3515065,118176311.24,1.98157,1.245455,177387879.0,3795916107.6931734,2026-07-14
2017-09-29,sz.300236,上海新阳,21.49526484,22.52251764,22.59314127,21.3154956,5085931,174692575.76,2.867125,5.250525,177387836.0,3995220665.431427,2026-07-14
2017-10-09,sz.300236,上海新阳,22.70228688,22.31706708,23.0489847,22.30422642,5026301,176573405.29,2.833509,-0.912211,177387861.0,3958776793.114716,2026-07-14
2017-10-10,sz.300236,上海新阳,22.34916873,22.31706708,22.35558906,21.86764398,2894600,99806720.6,1.631792,0.0,177387804.0,3958775521.0418925,2026-07-14
2017-10-11,sz.300236,上海新阳,22.3427484,21.45674286,22.34916873,21.21919065,3873528,130803983.13,2.183649,-3.855006,177387849.0,3806165462.481508,2026-07-14
2017-10-12,sz.300236,上海新阳,21.46316319,21.55304781,21.78417969,21.187089,2213293,74014259.98,1.247714,0.448838,177387847.0,3823248747.303965,2026-07-14
2017-10-13,sz.300236,上海新阳,21.65577309,21.86122365,22.07309454,21.64293243,2715041,92464061.74,1.530568,1.429847,177387806.0,3877914499.7488117,2026-07-14
2017-10-16,sz.300236,上海新阳,21.98963025,20.82755052,22.0217319,20.56431699,3309516,109227794.26,1.865695,-4.728343,177387837.0,3694554136.751025,2026-07-14
2017-10-17,sz.300236,上海新阳,20.72482524,21.94468794,22.1501385,20.38454775,5581730,185765557.66,3.146625,5.363754,177387836.0,3892720705.371898,2026-07-14
2017-10-18,sz.300236,上海新阳,21.71997639,21.09078405,21.7649187,20.69914392,4490067,149697422.71,2.531215,-3.89117,177387816.0,3741248120.357135,2026-07-14
2017-10-19,sz.300236,上海新阳,20.89817415,20.57073732,21.187089,20.4166494,2561289,82742048.06,1.443892,-2.465746,177387852.0,3648998907.2510366,2026-07-14
2017-10-20,sz.300236,上海新阳,20.57073732,20.98163844,20.98805877,20.545056,1459479,47314903.05,0.822762,1.997501,177387750.0,3721885634.18511,2026-07-14
2017-10-23,sz.300236,上海新阳,21.03300108,21.80344068,21.829122,20.87249283,3650592,122613623.44,2.057972,3.916765,177387836.0,3867665159.579569,2026-07-14
2017-10-24,sz.300236,上海新阳,21.79060002,21.63009177,21.79060002,21.187089,2068797,69119797.94,1.166256,-0.795054,177387898.0,3836916512.6273994,2026-07-14
2017-10-25,sz.300236,上海新阳,21.80344068,21.98320992,22.16939949,21.59156979,3545395,121344410.22,1.998669,1.632541,177387802.0,3899553288.6133957,2026-07-14
2017-10-26,sz.300236,上海新阳,21.94468794,22.18224015,22.38769071,21.64935276,4292505,148066034.03,2.419842,0.905367,177387821.0,3934859245.107213,2026-07-14
2017-10-27,sz.300236,上海新阳,22.11803685,21.75207804,22.30422642,21.64293243,2487081,84917654.83,1.402058,-1.939213,177387883.0,3858555074.3663893,2026-07-14
2017-10-30,sz.300236,上海新阳,21.81628134,22.5353583,22.61240226,21.07794339,6406368,220613256.4,3.611504,3.600937,177387814.0,3997497946.543756,2026-07-14
2017-10-31,sz.300236,上海新阳,22.471155,22.89489678,22.89489678,22.01531157,6384986,223560013.13,3.59945,1.595446,177387823.0,4061275897.6139097,2026-07-14
2017-11-01,sz.300236,上海新阳,22.77933084,23.74238034,24.43577598,22.74080886,8899395,329139218.15,5.016914,3.701626,177387832.0,4211609375.032023,2026-07-14
2017-11-02,sz.300236,上海新阳,23.67817704,23.1773913,23.91572925,23.1773913,5099995,187007112.59,2.875053,-2.379668,177387860.0,4111387843.089618,2026-07-14
2017-11-03,sz.300236,上海新阳,22.9847814,24.4614573,24.55134192,22.92699843,10785836,402055714.54,6.08037,5.540166,177387823.0,4339164657.854458,2026-07-14
2017-11-06,sz.300236,上海新阳,25.27041888,25.92529254,26.90760303,25.19979525,19447125,796487472.01,10.963054,5.984259,177387843.0,4598831722.814591,2026-07-14
2017-11-07,sz.300236,上海新阳,25.9381332,26.1949464,26.39397663,25.06496832,13396331,538207833.15,7.552001,1.040114,177387834.0,4646664803.642097,2026-07-14
2017-11-08,sz.300236,上海新阳,25.98307551,25.37314416,26.78561676,25.3603035,8644123,350398948.61,4.873008,-3.137252,177387827.0,4500886906.70014,2026-07-14
2017-11-09,sz.300236,上海新阳,25.66847934,25.84182825,26.09864145,25.039287,8690545,346205735.28,4.899177,1.847165,177387855.0,4584026482.545903,2026-07-14
2017-11-10,sz.300236,上海新阳,25.5529134,25.77762495,26.98464699,25.4245068,12579688,514395823.85,7.091629,-0.248443,177387847.0,4572637390.653982,2026-07-14
2017-11-13,sz.300236,上海新阳,26.18210574,27.42122943,27.68446296,25.68132,13254430,555680175.26,7.472006,6.376083,177387839.0,4864192631.310902,2026-07-14
2017-11-14,sz.300236,上海新阳,27.2221992,26.18852607,27.2221992,25.55933373,11142280,459734685.98,6.28131,-4.49543,177387838.0,4645526019.963937,2026-07-14
2017-11-15,sz.300236,上海新阳,25.75194363,25.2961002,26.43891894,24.73753149,7647968,304675592.88,4.311439,-3.407696,177387828.0,4487220271.348366,2026-07-14
2017-11-16,sz.300236,上海新阳,25.2318969,25.62353703,25.77120462,24.95582271,5691559,224871355.01,3.20854,1.294412,177387815.0,4545303246.32329,2026-07-14
2017-11-17,sz.300236,上海新阳,25.59143538,24.5256606,26.12432277,24.5256606,8026249,317416920.16,4.52469,-4.284638,177387821.0,4350553492.419552,2026-07-14
2017-11-20,sz.300236,上海新阳,24.397254,25.30894086,25.46302878,23.12602866,9359533,353482212.89,5.27631,3.19371,177387852.0,4489498655.550433,2026-07-14
2017-11-21,sz.300236,上海新阳,25.03286667,25.86108924,25.88035023,24.96866337,8231773,326996735.77,4.640551,2.181635,177387836.0,4587442656.886484,2026-07-14
2017-11-22,sz.300236,上海新阳,25.79046561,26.07296013,27.06169095,24.89803974,9972841,404406055.16,5.622055,0.81927,177387823.0,4625025636.626496,2026-07-14
2017-11-23,sz.300236,上海新阳,25.59143538,23.71669902,25.84182825,23.47272648,8651819,334637377.04,4.877346,-9.037188,177387846.0,4207054153.388111,2026-07-14
2017-11-24,sz.300236,上海新阳,23.13244899,22.4069517,23.67817704,22.38769071,7895547,284569943.12,4.451008,-5.522461,177387841.0,3974720785.45428,2026-07-14
2017-11-27,sz.300236,上海新阳,22.03457256,21.61083078,22.32348741,21.47600385,5226406,178666410.96,2.946316,-3.553013,177387829.0,3833498354.950577,2026-07-14
2017-11-28,sz.300236,上海新阳,21.68787474,22.63166325,22.70228688,21.64293243,4772814,164948968.31,2.690609,4.723708,177387870.0,4014582538.474777,2026-07-14
2017-11-29,sz.300236,上海新阳,21.62367144,21.27055329,21.88690497,20.545056,8028887,264939371.45,4.526177,-6.014181,177387826.0,3773137205.9302473,2026-07-14
2017-11-30,sz.300236,上海新阳,21.07152306,21.3154956,21.61725111,20.9302758,4310767,143300788.7,2.430137,0.211288,177387818.0,3781109254.0726004,2026-07-14
2017-12-01,sz.300236,上海新阳,21.0586824,21.86764398,22.2785451,21.0586824,4956905,169153584.17,2.794388,2.590363,177387857.0,3879054503.251151,2026-07-14
2017-12-04,sz.300236,上海新阳,21.86764398,20.9302758,22.14371817,20.545056,4480302,148764188.34,2.52571,-4.286561,177387824.0,3712776079.8818593,2026-07-14
2017-12-05,sz.300236,上海新阳,20.75050656,20.545056,21.33475659,20.17909719,4261162,137732915.22,2.402173,-1.840486,177387807.0,3644442428.5321918,2026-07-14
2017-12-06,sz.300236,上海新阳,20.68630326,21.59799012,21.66861375,20.6734626,4942862,163376284.6,2.786472,5.124998,177387822.0,3831220426.9643183,2026-07-14
2017-12-07,sz.300236,上海新阳,21.5723088,21.57872913,22.12445718,21.3154956,5043402,170624983.46,2.84315,-0.089176,177387827.0,3827803869.7923,2026-07-14
2017-12-08,sz.300236,上海新阳,21.43106154,21.7007154,22.36200939,21.2512923,5531315,188983297.45,3.118204,0.565304,177387849.0,3849443226.5671744,2026-07-14
2017-12-11,sz.300236,上海新阳,21.66861375,22.18866048,22.33632807,21.59156979,5553866,191133327.46,3.130917,2.248527,177387839.0,3935998532.8519025,2026-07-14
2017-12-12,sz.300236,上海新阳,22.43905335,23.44704516,24.41009466,22.3427484,13735986,507659356.52,7.743477,5.671293,177387832.0,4159220507.738493,2026-07-14
2017-12-13,sz.300236,上海新阳,23.20949295,24.30736938,24.38441334,23.20307262,12606035,467956476.07,7.106482,3.669223,177387841.0,4311831774.707708,2026-07-14
2017-12-14,sz.300236,上海新阳,24.0762375,24.06981717,24.2688474,23.48556714,10357858,385241955.72,5.839103,-0.977282,177387828.0,4269692588.143407,2026-07-14
2017-12-15,sz.300236,上海新阳,23.93499024,23.24801493,24.0762375,22.79859183,10101244,368505862.39,5.69444,-3.414251,177387838.0,4123915106.2244215,2026-07-14
2017-12-18,sz.300236,上海新阳,23.07466602,21.43106154,23.27369625,21.00731976,10237772,350417034.08,5.771406,-7.815515,177387832.0,3801609544.0391817,2026-07-14
2017-12-19,sz.300236,上海新阳,21.42464121,21.73281705,22.09877586,21.40538022,5015082,169904610.3,2.827185,1.408021,177387826.0,3855137169.3552337,2026-07-14
2017-12-20,sz.300236,上海新阳,21.7649187,21.59156979,22.471155,21.55946814,6811292,233934772.92,3.839774,-0.649918,177387836.0,3830081840.8910747,2026-07-14
2017-12-21,sz.300236,上海新阳,22.00247091,22.20150114,22.52893797,21.26413296,8069735,278305760.59,4.549204,2.824861,177387846.0,3938276465.1911445,2026-07-14
2017-12-22,sz.300236,上海新阳,22.49683632,21.97036926,22.83069348,21.9575286,7473873,260613168.62,4.213295,-1.041066,177387840.0,3897276347.033798,2026-07-14
2017-12-25,sz.300236,上海新阳,22.24644345,22.20792147,22.4069517,21.46316319,5871142,201912859.2,3.309777,1.081236,177387842.0,3939415264.8687677,2026-07-14
2017-12-26,sz.300236,上海新阳,22.06667421,22.27212477,22.31706708,21.50168517,6545800,223349589.0,3.690106,0.289096,177387858.0,3950804506.059043,2026-07-14
2017-12-27,sz.300236,上海新阳,22.14371817,21.7007154,22.14371817,21.55304781,4331900,147502233.0,2.44205,-2.565579,177387850.0,3849443248.26789,2026-07-14
2017-12-28,sz.300236,上海新阳,21.5081055,21.09078405,22.03457256,20.9302758,4933830,164785086.19,2.78138,-2.810653,177387843.0,3741248689.8083043,2026-07-14
2017-12-29,sz.300236,上海新阳,21.13572636,21.88690497,21.98963025,20.96879778,5273026,177632873.06,2.972597,3.774739,177387853.0,3882471081.4433293,2026-07-14
2018-01-02,sz.300236,上海新阳,22.13729784,22.34916873,22.7279682,21.75207804,6352403,220054253.67,3.581081,2.11206,177387861.0,3964471236.1427865,2026-07-14
2018-01-03,sz.300236,上海新阳,22.34916873,22.7279682,22.90773744,22.18866048,7111215,250622186.82,4.008851,1.694916,177387860.0,4031665641.146052,2026-07-14
2018-01-04,sz.300236,上海新阳,22.63808358,22.5353583,23.10676767,22.3427484,6823109,241904570.46,3.846436,-0.847466,177387821.0,3997498104.291264,2026-07-14
2018-01-05,sz.300236,上海新阳,22.5353583,21.7649187,22.64450391,21.47600385,6545637,223967030.88,3.690015,-3.418795,177387815.0,3860831371.84564,2026-07-14
2018-01-08,sz.300236,上海新阳,21.81628134,21.71355606,21.88690497,21.26413296,3705637,123966473.56,2.089003,-0.235994,177387826.0,3851720504.2125254,2026-07-14
2018-01-09,sz.300236,上海新阳,21.68787474,21.66861375,21.80344068,21.4439022,2596236,87312090.08,1.463593,-0.206977,177387839.0,3843748567.238186,2026-07-14
2018-01-10,sz.300236,上海新阳,21.66861375,21.36685824,21.97678959,20.9944791,3559647,118996990.05,2.006703,-1.392596,177387835.0,3790220723.9455104,2026-07-14
2018-01-11,sz.300236,上海新阳,21.17424834,21.52094616,21.66861375,20.88533349,3202270,106584203.55,1.805237,0.721159,177387789.0,3817553056.5104403,2026-07-14
2018-01-12,sz.300236,上海新阳,21.4439022,19.62694881,21.4439022,19.62052848,9393845,298548139.28,5.295653,-8.800718,177387850.0,3481582251.465958,2026-07-14
2018-01-15,sz.300236,上海新阳,19.4535999,18.27225918,19.4535999,18.03470697,6779541,196389874.55,3.821875,-6.902194,177387827.0,3241276350.3210015,2026-07-14
2018-01-16,sz.300236,上海新阳,18.11175093,18.45844875,18.58685535,18.1053306,3545768,101471252.24,1.998879,1.018977,177387826.0,3274304095.0949173,2026-07-14
2018-01-17,sz.300236,上海新阳,18.41992677,18.70242129,19.04911911,17.86135806,4443398,128092474.55,2.504906,1.321736,177387814.0,3317581629.14016,2026-07-14
2018-01-18,sz.300236,上海新阳,18.5547537,18.62537733,18.89503119,18.47770974,2069262,60286559.35,1.166519,-0.411943,177387767.0,3303914094.101122,2026-07-14
2018-01-19,sz.300236,上海新阳,18.4905504,19.47928122,19.48570155,18.41350644,4609965,136405222.81,2.598806,4.584626,177387808.0,3455386997.031366,2026-07-14
2018-01-22,sz.300236,上海新阳,19.26099,19.33803396,19.5178032,18.90787185,4502154,134996085.76,2.538029,-0.725113,177387808.0,3430331455.1939597,2026-07-14
2018-01-23,sz.300236,上海新阳,19.26099,19.03627845,19.49212188,18.9399735,2360916,70458831.32,1.330935,-1.560429,177387776.0,3376803097.5622272,2026-07-14
2018-01-24,sz.300236,上海新阳,19.02985812,19.41507792,19.5178032,18.95923449,3900520,117586594.26,2.198866,1.989882,177387799.0,3443997939.642298,2026-07-14
2018-01-25,sz.300236,上海新阳,19.3251933,18.98491581,19.5178032,18.98491581,2654134,79543397.89,1.496232,-2.215609,177387865.0,3367693682.740646,2026-07-14
2018-01-26,sz.300236,上海新阳,18.67031964,18.2337372,18.97207515,18.20163555,3852960,111271139.48,2.172054,-3.956713,177387855.0,3234443530.541706,2026-07-14
2018-01-29,sz.300236,上海新阳,18.25299819,17.93840202,18.78588558,17.66232783,3897871,110024696.68,2.197372,-1.619715,177387852.0,3182054602.640261,2026-07-14
2018-01-30,sz.300236,上海新阳,17.976924,18.01544598,18.18237456,17.86135806,1671956,46980911.4,0.942543,0.429488,177387769.0,3195719769.9322186,2026-07-14
2018-01-31,sz.300236,上海新阳,17.99618499,17.11659978,18.1053306,17.09733879,3198267,87006751.38,1.80298,-4.989307,177387825.0,3036276406.369679,2026-07-14
2018-02-01,sz.300236,上海新阳,17.20006407,17.0780778,17.4632976,16.75064097,2346950,62767682.71,1.323061,-0.225054,177387891.0,3029444203.2759194,2026-07-14
2018-02-02,sz.300236,上海新阳,17.12944044,16.86620691,17.3990943,16.70569866,2837143,75479440.47,1.599401,-1.240601,177387847.0,2991860130.8214226,2026-07-14
2018-02-05,sz.300236,上海新阳,16.42320414,16.37826183,16.8854679,15.58214091,1875884,48187807.26,1.057504,-2.893035,177387887.0,2905305258.756453,2026-07-14
2018-02-06,sz.300236,上海新阳,15.76833048,14.86948428,16.3076382,14.86306395,3931517,95577375.41,4.413814,-9.212075,89073010.0,1324469721.9672828,2026-07-14
2018-02-07,sz.300236,上海新阳,15.408792,15.24186342,15.46657497,14.64477273,3557262,84015839.5,3.993648,2.504318,89072998.0,1357638469.9259331,2026-07-14
2018-02-08,sz.300236,上海新阳,15.15839913,15.74906949,15.89031675,15.11987715,3265116,79535277.12,3.665663,3.327721,89073000.0,1402816866.68277,2026-07-14
2018-02-09,sz.300236,上海新阳,15.15839913,15.98020137,16.692858,15.13913814,5288071,132619978.41,2.981079,1.467585,177387818.0,2834693052.2249107,2026-07-14
2018-02-12,sz.300236,上海新阳,16.1792316,16.40394315,16.48098711,15.76833048,4461412,113262643.93,2.515061,2.651667,177387825.0,2909859796.802149,2026-07-14
2018-02-13,sz.300236,上海新阳,16.3076382,16.15355028,16.47456678,16.1150283,2820415,71570686.99,1.589971,-1.526416,177387827.0,2865443182.5044417,2026-07-14
2018-02-14,sz.300236,上海新阳,16.05724533,15.97378104,16.21775358,15.89673708,1401319,34915197.01,0.789975,-1.11288,177387765.0,2833553317.2849755,2026-07-14
2018-02-22,sz.300236,上海新阳,16.1792316,16.54519041,16.64791569,16.06366566,2867068,73354446.91,1.616271,3.577176,177387827.0,2934915374.1311393,2026-07-14
2018-02-23,sz.300236,上海新阳,16.54519041,16.3076382,16.54519041,16.1150283,2100116,53394824.68,1.183912,-1.435781,177387846.0,2892776813.645317,2026-07-14
2018-02-26,sz.300236,上海新阳,16.692858,17.93840202,17.93840202,16.692858,3609780,98427286.2,2.034965,10.0,177387817.0,3182053974.7961907,2026-07-14
2018-02-27,sz.300236,上海新阳,19.72967409,19.72967409,19.72967409,19.53064386,7660670,235244495.1,4.318599,9.985681,177387852.0,3499804507.4851546,2026-07-14
2018-02-28,sz.300236,上海新阳,19.8388197,19.9672263,20.53221534,19.73609442,19966202,625855969.76,11.255677,1.204038,177387837.0,3541943084.246513,2026-07-14
2018-03-01,sz.300236,上海新阳,19.52422353,20.58357798,21.03942141,19.52422353,18149824,575838989.89,10.231718,3.08682,177387844.0,3651276519.6780753,2026-07-14
2018-03-02,sz.300236,上海新阳,20.23688016,21.46316319,22.43905335,20.23045983,19018048,624092718.49,10.721168,4.273234,177387837.0,3807304093.45212,2026-07-14
2018-03-05,sz.300236,上海新阳,21.22561098,21.79702035,22.0217319,21.07152306,14897109,499631301.96,8.398044,1.55549,177387842.0,3866526401.916585,2026-07-14
2018-03-06,sz.300236,上海新阳,21.54662748,21.41180055,22.1501385,21.09720438,14215542,477127822.71,8.01382,-1.767312,177387838.0,3798193007.251711,2026-07-14
2018-03-07,sz.300236,上海新阳,21.23845164,21.829122,22.13729784,21.08436372,13963418,471447828.12,7.871688,1.94903,177387849.0,3872220997.1385784,2026-07-14
2018-03-08,sz.300236,上海新阳,21.54020715,21.55304781,21.79702035,21.22561098,9525500,317930768.56,5.369872,-1.264707,177387841.0,3823248617.985678,2026-07-14
2018-03-09,sz.300236,上海新阳,21.41822088,22.25286378,22.58672094,21.29623461,15606809,534358836.47,8.798128,3.246947,177387838.0,3947387395.2427073,2026-07-14
2018-03-12,sz.300236,上海新阳,22.2143418,22.6637649,23.01688305,21.96394893,15322098,535756620.73,8.637626,1.846507,177387838.0,4020276256.551286,2026-07-14
2018-03-13,sz.300236,上海新阳,22.39411104,22.44547368,23.46630615,22.0859352,13265197,471456329.12,7.478076,-0.963173,177387833.0,3981553936.753735,2026-07-14
2018-03-14,sz.300236,上海新阳,22.11803685,21.187089,22.20792147,21.0586824,11858836,401044349.29,6.685259,-5.606405,177387832.0,3758331784.101048,2026-07-14
2018-03-15,sz.300236,上海新阳,21.09078405,21.8933253,21.93184728,21.09078405,10620985,356505818.06,5.987437,3.333329,177387837.0,3883609619.704376,2026-07-14
2018-03-16,sz.300236,上海新阳,21.7649187,21.90616596,22.20150114,21.3796989,10119901,343831335.24,5.704958,0.058652,177387827.0,3885887177.5457687,2026-07-14
2018-03-19,sz.300236,上海新阳,21.73281705,22.09877586,22.97194074,21.5723088,12190611,425246898.94,6.872292,0.879247,177387850.0,3920054337.437301,2026-07-14
2018-03-20,sz.300236,上海新阳,21.71355606,22.52893797,22.7279682,21.187089,9571149,326069867.54,5.395606,1.946549,177387841.0,3996359666.521223,2026-07-14
2018-03-21,sz.300236,上海新阳,22.72154787,21.36685824,22.96552041,21.36685824,11074062,385969791.77,6.242853,-5.158168,177387839.0,3790220809.4129434,2026-07-14
2018-03-22,sz.300236,上海新阳,21.32191593,20.89175382,21.89974563,20.66062194,10622691,352538198.07,5.988399,-2.223551,177387829.0,3705942854.132257,2026-07-14
2018-03-23,sz.300236,上海新阳,19.89018234,19.26099,20.545056,18.80514657,11409994,350068740.22,6.43223,-7.80578,177387842.0,3416665450.8835797,2026-07-14
2018-03-26,sz.300236,上海新阳,19.39581693,20.64136095,20.98805877,19.39581693,10642538,337608100.2,5.999587,7.166672,177387844.0,3661526516.1462917,2026-07-14
2018-03-27,sz.300236,上海新阳,20.76976755,22.14371817,22.1501385,20.76976755,15089868,506944538.19,8.506709,7.278383,177387848.0,3928026512.8947983,2026-07-14
2018-03-28,sz.300236,上海新阳,21.7007154,21.7007154,22.2143418,21.59156979,9207301,313159568.52,5.190492,-2.000587,177387828.0,3849442770.8521514,2026-07-14
2018-03-29,sz.300236,上海新阳,22.04099289,22.11161652,22.56745995,21.64293243,9784094,336371119.9,5.515651,1.893489,177387837.0,3922331827.056267,2026-07-14
2018-03-30,sz.300236,上海新阳,22.25286378,23.3700012,23.42778417,21.87406431,16623513,589676213.04,9.371281,5.691066,177387841.0,4145554057.0354095,2026-07-14
2018-04-02,sz.300236,上海新阳,23.87720727,23.53692978,24.9750837,22.99120173,18766210,698416908.24,10.579198,0.714281,177387832.0,4175164945.6104374,2026-07-14
2018-04-03,sz.300236,上海新阳,22.9847814,23.27369625,23.29937757,22.4069517,10508631,375616877.68,5.924099,-1.118385,177387836.0,4128470613.5088153,2026-07-14
2018-04-04,sz.300236,上海新阳,24.2688474,22.92699843,24.42935565,22.92699843,11153510,411794952.32,6.287641,-1.489658,177387831.0,4066970522.8381057,2026-07-14
2018-04-09,sz.300236,上海新阳,22.68302589,23.11960833,23.53050945,22.63808358,7794688,281322994.34,4.39415,0.840099,177387845.0,4101137498.9027486,2026-07-14
2018-04-10,sz.300236,上海新阳,22.67018523,21.51452583,22.7921715,21.07794339,13191414,446286438.32,7.436482,-6.942516,177387829.0,3816415028.948123,2026-07-14
2018-04-11,sz.300236,上海新阳,21.81628134,21.38611923,21.92542695,21.38611923,6401103,215598974.15,3.608535,-0.596828,177387860.0,3793637923.9145474,2026-07-14
2018-04-12,sz.300236,上海新阳,21.24487197,21.5081055,21.8933253,21.24487197,5669679,190785172.47,3.196205,0.570395,177387840.0,3815276377.13712,2026-07-14
2018-04-13,sz.300236,上海新阳,21.7007154,22.41337203,22.44547368,21.11004504,9833423,334751817.42,5.54346,4.208955,177387823.0,3975859270.490791,2026-07-14
2018-04-16,sz.300236,上海新阳,22.15655883,22.86279513,23.01688305,21.75207804,10211838,357218359.74,5.756786,2.005158,177387834.0,4055581707.296448,2026-07-14
2018-04-17,sz.300236,上海新阳,22.99762206,22.47757533,23.53692978,22.1501385,11235704,400245800.69,6.333977,-1.684927,177387824.0,3987248176.584782,2026-07-14
2018-04-18,sz.300236,上海新阳,23.113188,24.29452872,24.69900951,22.74080886,18903241,698584072.75,10.656447,8.08341,177387839.0,4309553949.164236,2026-07-14
2018-04-19,sz.300236,上海新阳,24.24958641,23.72311935,25.2318969,23.69743803,19614162,749158557.27,11.057219,-2.352007,177387840.0,4208192899.5587044,2026-07-14
2018-04-20,sz.300236,上海新阳,23.68459737,24.85309743,25.35388317,23.68459737,19407952,746694859.93,10.940971,4.763189,177387839.0,4408637245.564154,2026-07-14
2018-04-23,sz.300236,上海新阳,24.61554522,23.33147922,24.64764687,22.9205781,14493785,539209152.65,7.625553,-6.122447,190068642.0,4434582571.196619,2026-07-14
2018-04-24,sz.300236,上海新阳,23.18381163,25.66205901,25.66205901,23.18381163,22992472,896697807.4,12.096931,9.988996,190068638.0,4877552604.306329,2026-07-14
2018-04-25,sz.300236,上海新阳,25.28325954,25.39240515,25.8097266,24.75679248,17190452,678816424.33,9.044339,-1.050793,190068639.0,4826299887.797091,2026-07-14
2018-04-26,sz.300236,上海新阳,25.34746284,25.21263591,26.323353,24.99434469,17501720,700356690.74,9.208105,-0.707962,190068641.0,4792131443.441498,2026-07-14
2018-04-27,sz.300236,上海新阳,25.55933373,24.1404408,25.84182825,23.44704516,12490466,476426010.45,6.571555,-4.252615,190068652.0,4588341041.541801,2026-07-14
2018-05-02,sz.300236,上海新阳,24.12117981,24.0762375,24.51924027,23.38284186,8473979,314971483.71,4.458378,-0.265953,190068653.0,4576138030.933087,2026-07-14
2018-05-03,sz.300236,上海新阳,23.84510562,24.08265783,24.42293532,22.57388028,10331811,377952376.7,5.435832,0.026662,190068622.0,4577357587.84561,2026-07-14
2018-05-04,sz.300236,上海新阳,23.85152595,24.08265783,25.00076502,23.60113308,9445526,357988001.77,4.969534,0.0,190068646.0,4577358165.829398,2026-07-14
2018-05-07,sz.300236,上海新阳,23.54977044,24.70542984,24.7182705,22.96552041,10933886,406152607.92,5.752599,2.58598,190068628.0,4695727153.83906,2026-07-14
2018-05-08,sz.300236,上海新阳,24.64122654,24.15970179,24.64122654,23.755221,9844278,370904809.62,5.179328,-2.208936,190068634.0,4592001517.072655,2026-07-14
2018-05-09,sz.300236,上海新阳,24.1404408,25.05212766,25.92529254,23.95425123,14762037,579251126.18,7.766687,3.69386,190068648.0,4761624033.859604,2026-07-14
2018-05-10,sz.300236,上海新阳,24.7824738,25.43734746,25.57859472,24.61554522,11649598,455710338.66,6.129153,1.537669,190068644.0,4834842138.679045,2026-07-14
2018-05-11,sz.300236,上海新阳,25.43734746,24.75037215,25.5529134,24.75037215,8045613,314875047.46,4.233004,-2.700655,190068637.0,4704269499.79326,2026-07-14
2018-05-14,sz.300236,上海新阳,23.8194243,22.471155,24.4614573,22.2785451,16839754,609681246.2,8.859828,-9.208817,190068633.0,4271061712.781115,2026-07-14
2018-05-15,sz.300236,上海新阳,22.15655883,22.76649018,22.9205781,22.15655883,6963885,244939976.77,3.663879,1.314283,190068640.0,4327195826.085956,2026-07-14
2018-05-16,sz.300236,上海新阳,22.59314127,22.51609731,22.97836107,22.47757533,5023298,177835246.28,2.642886,-1.099829,190068660.0,4279604444.1413045,2026-07-14
2018-05-17,sz.300236,上海新阳,22.48399566,22.63166325,22.93341876,22.48399566,3898001,137659457.07,2.050839,0.51326,190068601.0,4301568572.230613,2026-07-14
2018-05-18,sz.300236,上海新阳,22.65092424,21.96394893,22.71512754,21.35401758,7278844,249298115.15,3.829587,-2.950357,190068642.0,4174657946.0824533,2026-07-14
2018-05-21,sz.300236,上海新阳,22.1501385,22.76649018,22.80501216,21.83554233,7037066,246902832.2,3.702381,3.653903,190068661.0,4327196304.182249,2026-07-14
2018-05-22,sz.300236,上海新阳,22.71512754,22.68302589,22.92699843,22.3427484,5730063,202013270.55,3.014734,-0.366602,190068610.0,4311331201.506312,2026-07-14
2018-05-23,sz.300236,上海新阳,22.68302589,22.69586655,23.1773913,22.5995616,7861917,280365191.23,4.136357,0.0566,190068628.0,4313772216.429594,2026-07-14
2018-05-24,sz.300236,上海新阳,22.68302589,21.80344068,22.68302589,21.77133903,6711475,232040990.14,3.53108,-3.932106,190068619.0,4144149859.4960213,2026-07-14
2018-05-25,sz.300236,上海新阳,21.64293243,21.28339395,22.33632807,21.24487197,4752116,159990172.61,2.50021,-2.385152,190068674.0,4045306466.2961226,2026-07-14
2018-05-28,sz.300236,上海新阳,21.28339395,20.83397085,21.4439022,20.75692689,4317398,141506721.49,2.271494,-2.111616,190068651.0,3959884734.432823,2026-07-14
2018-05-29,sz.300236,上海新阳,20.83397085,20.57073732,21.2512923,20.39738841,4239007,137087341.32,2.230251,-1.263482,190068607.0,3909851387.3753133,2026-07-14
2018-05-30,sz.300236,上海新阳,20.23045983,19.7746164,21.0586824,19.63978947,5728246,183360891.82,3.013778,-3.870167,190068612.0,3758533891.980437,2026-07-14
2018-05-31,sz.300236,上海新阳,20.0956329,20.06353125,20.18551752,19.1967867,4997722,153709795.25,2.62943,1.461041,190068646.0,3813448218.666188,2026-07-14
2018-06-01,sz.300236,上海新阳,19.6462098,19.44075924,20.0314296,19.18394604,3844934,117241301.52,2.022919,-3.103998,190068609.0,3695078066.6506968,2026-07-14
2018-06-04,sz.300236,上海新阳,19.49854221,19.80671805,20.23688016,19.35729495,4483604,138745503.72,2.358939,1.88243,190068671.0,3764636576.6352115,2026-07-14
2018-06-05,sz.300236,上海新阳,20.0956329,20.52579501,20.6092593,20.06353125,5950676,189114277.81,3.130804,3.630466,190068621.0,3901309552.479381,2026-07-14
2018-06-06,sz.300236,上海新阳,20.50011369,20.2882428,20.50011369,20.1598362,4027535,127414029.31,2.11899,-1.157332,190068618.0,3856158270.64445,2026-07-14
2018-06-07,sz.300236,上海新阳,20.47443237,19.49212188,20.47443237,19.37655594,5895501,181183713.25,3.101775,-3.92405,190068622.0,3704840745.5876493,2026-07-14
2018-06-08,sz.300236,上海新阳,19.29951198,19.68473178,19.7104131,18.9399735,4618793,139330891.19,2.430066,0.98814,190068624.0,3741449883.2336707,2026-07-14
2018-06-11,sz.300236,上海新阳,19.4535999,19.5178032,19.95438564,19.36371528,2749378,83899476.18,1.446518,-0.848011,190068703.0,3709723539.6332493,2026-07-14
2018-06-12,sz.300236,上海新阳,19.46002023,19.76819607,19.87092135,19.33161363,3443951,105540303.21,1.811951,1.282899,190068661.0,3757314557.410362,2026-07-14
2018-06-13,sz.300236,上海新阳,19.89018234,19.67189112,20.40380874,19.6462098,5847261,182670794.44,3.076394,-0.487176,190068665.0,3739010083.203755,2026-07-14
2018-06-14,sz.300236,上海新阳,19.26099,19.9672263,20.06353125,19.0041768,5282557,162160229.55,2.779289,1.501309,190068647.0,3795143687.183816,2026-07-14
2018-06-15,sz.300236,上海新阳,20.0314296,20.03784993,20.35886643,19.44717957,6143475,190811789.08,3.23224,0.353694,190068652.0,3808567125.173394,2026-07-14
2018-06-19,sz.300236,上海新阳,19.61879917,18.34870274,20.41180354,18.03279043,8764683,261329665.21,4.611325,-8.429861,190068646.0,3487513085.64829,2026-07-14
2018-06-20,sz.300236,上海新阳,18.25844208,18.53567125,18.84513637,17.97476572,5454545,155707894.35,2.869776,1.018977,190068667.0,3523050326.4377236,2026-07-14
2018-06-21,sz.300236,上海新阳,18.3744915,17.0850535,18.50988249,17.02702879,6565601,180297784.93,3.454332,-7.826087,190068615.0,3247332455.945903,2026-07-14
2018-06-22,sz.300236,上海新阳,16.85940185,17.407413,17.4718849,16.6982221,4095687,109191704.38,2.154846,1.886792,190068664.0,3308603732.6062317,2026-07-14
2018-06-25,sz.300236,上海新阳,17.74911407,17.02702879,17.74911407,17.0205816,3407707,91809459.55,1.792882,-2.185186,190068672.0,3236304750.221067,2026-07-14
2018-06-26,sz.300236,上海新阳,16.6982221,17.74266688,17.87161068,16.60796144,5985016,161806296.72,3.148871,4.202956,190068631.0,3372324404.1706414,2026-07-14
2018-06-27,sz.300236,上海新阳,17.97476572,18.49698811,19.34157,17.89095225,9188611,263033323.82,4.834365,4.251454,190068623.0,3515697059.7150726,2026-07-14
2018-06-28,sz.300236,上海新阳,18.34225555,18.51632968,19.04499926,18.34225555,6430242,186581145.84,3.383116,0.104562,190068623.0,3519373285.2916303,2026-07-14
2018-06-29,sz.300236,上海新阳,18.696851,19.74774297,19.88958115,18.39383307,9191151,273798572.72,4.835701,6.650417,190068637.0,3753426590.134232,2026-07-14
2018-07-02,sz.300236,上海新阳,19.61879917,19.30288686,19.72195421,19.0836824,6786914,204325314.52,3.57077,-2.252689,190068641.0,3668873472.8569574,2026-07-14
2018-07-03,sz.300236,上海新阳,19.28354529,20.21838784,20.52785296,19.05144645,9737136,299955680.12,5.122958,4.742819,190068628.0,3842881237.120683,2026-07-14
2018-07-04,sz.300236,上海新阳,19.92826429,19.37380595,20.08299685,19.11591835,7013868,213246998.95,3.690176,-4.1773,190068658.0,3682353297.268915,2026-07-14
2018-07-05,sz.300236,上海新阳,19.2126262,18.85158356,19.6639295,18.71619257,5140702,152894825.2,2.704656,-2.695506,190068608.0,3583094245.844885,2026-07-14
2018-07-06,sz.300236,上海新阳,19.02565769,19.05789364,19.97339462,18.92250265,7613651,229527817.96,4.005738,1.09439,190068622.0,3622307582.377364,2026-07-14
2018-07-09,sz.300236,上海新阳,19.18039025,19.5994576,19.74774297,19.02565769,5301650,160686533.28,2.789334,2.841678,190068669.0,3725242819.1539345,2026-07-14
2018-07-10,sz.300236,上海新阳,19.52209132,19.81221487,19.85089801,19.36091157,4850699,147532050.51,2.552078,1.085526,190068603.0,3765680002.6767263,2026-07-14
2018-07-11,sz.300236,上海新阳,19.34157,18.67750943,19.47696099,18.12305109,7874800,230031224.74,4.143135,-5.727303,190068632.0,3550008666.5271997,2026-07-14
2018-07-12,sz.300236,上海新阳,18.6323791,19.78642611,20.14102156,18.5679072,9175387,278927849.5,4.827407,5.937181,190068643.0,3760779160.5474687,2026-07-14
2018-07-13,sz.300236,上海新阳,18.90960827,18.88381951,19.29643967,18.66461505,11352854,333719583.91,5.973029,-4.561745,190068623.0,3589221571.2462344,2026-07-14
2018-07-16,sz.300236,上海新阳,19.01276331,19.25130934,19.67682388,18.96763298,7246635,216760107.22,3.812641,1.946056,190068643.0,3659070242.2270255,2026-07-14
2018-07-17,sz.300236,上海新阳,19.1481543,19.47696099,19.82510925,19.13525992,6980301,210834796.76,3.672516,1.172132,190068634.0,3701959369.840587,2026-07-14
2018-07-18,sz.300236,上海新阳,19.56077446,19.06434083,19.96694743,19.03210488,6306858,190267073.36,3.3182,-2.118502,190068652.0,3623533562.826661,2026-07-14
2018-07-19,sz.300236,上海新阳,18.90960827,18.7613229,19.2126262,18.6323791,4715526,137567057.58,2.48096,-1.589447,190068602.0,3565938415.273586,2026-07-14
2018-07-20,sz.300236,上海新阳,18.79355885,18.97408017,19.11591835,18.55501282,4013905,117914175.79,2.111819,1.13402,190068609.0,3606377024.9663835,2026-07-14
2018-07-23,sz.300236,上海新阳,19.01276331,19.4060419,19.64458793,18.8257948,5919958,177401531.05,3.114642,2.276589,190068650.0,3688480185.7764354,2026-07-14
2018-07-24,sz.300236,上海新阳,19.46406661,19.62524636,19.64458793,19.12881273,6518729,196590413.72,3.429671,1.129569,190068639.0,3730143865.6849036,2026-07-14
2018-07-25,sz.300236,上海新阳,19.54143289,20.54074734,20.7599518,19.52853851,13158370,411978422.75,6.922957,4.664915,190068637.0,3904151849.8751755,2026-07-14
2018-07-26,sz.300236,上海新阳,20.46982825,19.92826429,20.46982825,19.82510925,7708788,240587122.15,4.055792,-2.981798,190068623.0,3787737752.380373,2026-07-14
2018-07-27,sz.300236,上海新阳,19.78642611,20.25707098,20.56008891,19.73484859,6969296,218344224.88,3.666726,1.649952,190068633.0,3850233789.7525706,2026-07-14
2018-07-30,sz.300236,上海新阳,20.21194065,19.70261264,20.41825073,19.47696099,4789134,147283141.98,2.519687,-2.737112,190068608.0,3744848158.4480057,2026-07-14
2018-07-31,sz.300236,上海新阳,19.65103512,18.3100196,19.97984181,18.06502638,9222114,267974292.26,4.851991,-7.068063,190068654.0,3480160780.0856185,2026-07-14
2018-08-01,sz.300236,上海新阳,18.07792076,18.10370952,18.71619257,17.96831853,5029816,143210451.64,2.646316,-1.12676,190068609.0,3440946886.2064576,2026-07-14
2018-08-02,sz.300236,上海新阳,18.1166039,17.6653006,18.12949828,17.24623325,4488389,122745361.27,2.361457,-2.421654,190068631.0,3357619501.245478,2026-07-14
2018-08-03,sz.300236,上海新阳,17.7297725,17.13663102,17.76200845,17.13663102,3116897,84075659.9,1.63988,-2.9927,190068603.0,3257135518.097865,2026-07-14
2018-08-06,sz.300236,上海新阳,17.0205816,16.85295466,17.32359953,16.6337502,3176802,83576505.21,1.671397,-1.655382,190068667.0,3203218627.2376385,2026-07-14
2018-08-07,sz.300236,上海新阳,17.3429411,17.3429411,17.46543771,16.76914119,3110688,83002596.72,1.636613,2.907423,190068636.0,3296349159.10534,2026-07-14
2018-08-08,sz.300236,上海新阳,17.3429411,16.87874342,17.5363568,16.84006028,3100497,82820776.82,1.631251,-2.676578,190068665.0,3208120228.716934,2026-07-14
2018-08-09,sz.300236,上海新阳,17.01413441,17.74266688,17.95542415,16.84006028,5314281,145320501.66,2.79598,5.118412,190068634.0,3372324457.398642,2026-07-14
2018-08-10,sz.300236,上海新阳,17.67819498,17.80069159,17.93608258,17.54280399,3675300,101062881.0,1.932146,0.327035,190218545.0,3386021654.2435365,2026-07-14
2018-08-13,sz.300236,上海新阳,17.20110292,17.85226911,18.00700167,17.0205816,5766569,156430047.62,3.031549,0.28975,190218565.0,3395833012.0980277,2026-07-14
2018-08-14,sz.300236,上海新阳,17.72332531,17.42675457,17.78135002,17.36228267,2961536,80621406.2,1.556912,-2.383531,190218587.0,3314892630.3011928,2026-07-14
2018-08-15,sz.300236,上海新阳,17.407413,17.15597259,17.57503994,17.09794788,3009600,80898585.28,1.58218,-1.553829,190218559.0,3263384384.313298,2026-07-14
2018-08-16,sz.300236,上海新阳,16.79492995,16.89808499,17.36872986,16.65309177,2382900,62984362.0,1.252717,-1.5032,190218541.0,3214329072.4918,2026-07-14
2018-08-17,sz.300236,上海新阳,17.2139973,16.74979962,17.39451862,16.6982221,2774400,73261619.0,1.458533,-0.877526,190218528.0,3186122228.0113597,2026-07-14
2018-08-20,sz.300236,上海新阳,16.5048064,16.75624681,16.88519061,16.18889409,2932568,75291581.56,1.541683,0.038492,190218612.0,3187350010.527628,2026-07-14
2018-08-21,sz.300236,上海新阳,16.74979962,16.75624681,16.91742656,16.45967607,2908170,75337457.45,1.528857,0.0,190218575.0,3187349390.546496,2026-07-14
2018-08-22,sz.300236,上海新阳,16.76914119,16.44678169,16.88519061,16.40809855,2243401,57876346.92,1.179381,-1.846862,190218513.0,3128482356.7074275,2026-07-14
2018-08-23,sz.300236,上海新阳,16.4403345,16.67243334,16.88519061,16.4403345,2809380,72890687.4,1.476922,1.372012,190218576.0,3171406528.3897243,2026-07-14
2018-08-24,sz.300236,上海新阳,16.60796144,16.33717946,16.76914119,16.31783789,2056100,52703485.0,1.080914,-2.010829,190218648.0,3107636189.01457,2026-07-14
2018-08-27,sz.300236,上海新阳,16.3113907,16.74335243,16.81427152,16.28560194,2654216,68487158.62,1.395351,2.486184,190218518.0,3184895685.586299,2026-07-14
2018-08-28,sz.300236,上海新阳,16.91097937,16.87874342,17.0205816,16.74979962,2275351,59511085.6,1.196177,0.808629,190218588.0,3210650740.566691,2026-07-14
2018-08-29,sz.300236,上海新阳,16.94321532,16.94321532,17.16886697,16.77558838,2483000,65514209.0,1.305341,0.381972,190218495.0,3222912918.6313434,2026-07-14
2018-08-30,sz.300236,上海新阳,16.8916378,16.42744012,17.05926474,16.42744012,2083934,53695049.46,1.095547,-3.044144,190218585.0,3124804414.79863,2026-07-14
2018-08-31,sz.300236,上海新阳,16.39520417,16.20823566,16.5692783,16.19534128,1407934,35757081.62,0.740166,-1.334381,190218681.0,3083109208.5823646,2026-07-14
2018-09-03,sz.300236,上海新阳,16.20823566,15.72469641,16.20823566,15.3443122,3004661,72961614.41,1.579583,-2.983294,190218621.0,2991130066.7538505,2026-07-14
2018-09-04,sz.300236,上海新阳,15.71180203,16.02771434,16.117975,15.55706947,2560501,62963185.88,1.346084,1.927024,190218515.0,3048768020.5990047,2026-07-14
2018-09-05,sz.300236,上海新阳,15.95679525,15.37654815,15.95679525,15.25405154,2533520,61361014.6,1.331899,-4.062752,190218628.0,2924905892.4689384,2026-07-14
2018-09-06,sz.300236,上海新阳,15.2153684,15.51193914,15.90521773,15.17668526,2724862,65840776.2,1.43249,0.880499,190218570.0,2950658881.13783,2026-07-14
2018-09-07,sz.300236,上海新阳,15.6021998,15.41523129,15.7956155,14.98326956,3062789,73143506.87,1.610142,-0.62344,190218565.0,2932263175.126899,2026-07-14
2018-09-10,sz.300236,上海新阳,15.64733013,15.05418865,15.72469641,15.05418865,2772400,66108771.99,1.457481,-2.342114,190218603.0,2863586734.301456,2026-07-14
2018-09-11,sz.300236,上海新阳,14.93813923,14.97682237,15.24115716,14.88011452,2140565,49847374.27,1.125319,-0.513922,190218507.0,2848868790.8256016,2026-07-14
2018-09-12,sz.300236,上海新阳,14.98971675,14.75117072,15.18313245,14.70604039,2108300,48824161.0,1.108357,-1.506674,190218495.0,2805945493.846466,2026-07-14
2018-09-13,sz.300236,上海新阳,14.93169204,15.00905832,15.04129427,14.70604039,2216500,51222296.0,1.165239,1.748258,190218487.0,2855000364.925162,2026-07-14
2018-09-14,sz.300236,上海新阳,15.18957964,14.58999097,15.2153684,14.58999097,2278528,52357802.16,1.197847,-2.792103,190218617.0,2775287904.3558884,2026-07-14
2018-09-17,sz.300236,上海新阳,14.48683593,13.82922255,14.48683593,13.76475065,2365300,51732326.0,1.243464,-5.214311,190218615.0,2630575559.987768,2026-07-14
2018-09-18,sz.300236,上海新阳,13.7325147,14.22894833,14.3772337,13.72606751,2375993,51945582.32,1.249086,2.890438,190218528.0,2706609606.320658,2026-07-14
2018-09-19,sz.300236,上海新阳,14.3127618,14.6351213,14.90590328,14.17092362,3474900,78581628.1,1.826793,2.854559,190218596.0,2783872225.9756947,2026-07-14
2018-09-20,sz.300236,上海新阳,14.64801568,14.88011452,14.89945609,14.5061775,2687000,61443128.0,1.412586,1.674005,190218507.0,2830473167.9834213,2026-07-14
2018-09-21,sz.300236,上海新阳,14.96392799,14.828537,14.96392799,14.48683593,2938200,67113757.0,1.544644,-0.34662,190218588.0,2820663370.245756,2026-07-14
2018-09-25,sz.300236,上海新阳,14.6351213,14.65446287,14.94458642,14.5706494,1589300,36299149.0,0.835513,-1.173915,190218465.0,2787549432.5308943,2026-07-14
2018-09-26,sz.300236,上海新阳,14.61577973,14.64156849,14.88656171,14.54486064,2143542,48861911.2,1.126884,-0.087991,190218514.0,2785097400.797024,2026-07-14
2018-09-27,sz.300236,上海新阳,14.72538196,14.17737081,14.79630105,14.15802924,2407395,53886957.95,1.265594,-3.170406,190218585.0,2696799414.4985037,2026-07-14
2018-09-28,sz.300236,上海新阳,14.20315957,14.6995932,14.6995932,14.20315957,2975721,67226977.05,1.564369,3.68349,190218612.0,2796136215.4686384,2026-07-14
2018-10-08,sz.300236,上海新阳,14.39012808,13.31344735,14.46749436,13.30055297,3801560,81706629.65,1.998522,-9.429823,190218572.0,2532464943.314184,2026-07-14
2018-10-09,sz.300236,上海新阳,13.31344735,13.46173272,13.97750792,13.17805636,2084400,43265728.0,1.095792,1.113799,190218582.0,2560671709.261403,2026-07-14
2018-10-10,sz.300236,上海新阳,13.4746271,13.50041586,13.97106073,13.30055297,2097495,44164404.6,1.102676,0.287363,190218614.0,2568030393.312818,2026-07-14
2018-10-11,sz.300236,上海新阳,12.7009643,12.15295315,12.82346091,12.15295315,3716742,71719052.0,1.953932,-9.980898,190218595.0,2311717673.293824,2026-07-14
2018-10-12,sz.300236,上海新阳,12.13361158,11.81125208,12.24321381,11.2181106,3899213,71142279.8,2.049859,-2.811675,190218596.0,2246719787.6596794,2026-07-14
2018-10-15,sz.300236,上海新阳,11.55336448,11.8628296,12.30123852,11.55336448,2414500,45005310.0,1.269456,0.436681,190199582.0,2256305231.257227,2026-07-14
2018-10-16,sz.300236,上海新阳,11.68230828,11.604942,12.15295315,11.52757572,1943200,35630356.0,1.021664,-2.173911,190199518.0,2207254374.817956,2026-07-14
2018-10-17,sz.300236,上海新阳,11.9273015,11.87572398,11.98532621,11.2181106,3270500,59541190.9,1.71951,2.333334,190199534.0,2258757166.908625,2026-07-14
2018-10-18,sz.300236,上海新阳,11.81769927,11.35350159,11.84993522,11.31481845,2196900,39342543.0,1.15505,-4.397391,190199558.0,2159430984.170297,2026-07-14
2018-10-19,sz.300236,上海新阳,10.96667019,11.7338858,11.76612175,10.96667019,2620650,46814162.0,1.377842,3.35037,190199602.0,2231780409.0734515,2026-07-14
2018-10-22,sz.300236,上海新阳,11.93374869,12.17229472,12.48820703,11.79191051,3622285,68272644.65,1.904465,3.736255,190199610.0,2315165708.5490594,2026-07-14
2018-10-23,sz.300236,上海新阳,12.19163629,11.51468134,12.23676662,11.37284316,3030915,55381571.6,1.593545,-5.402535,190199524.0,2190086909.879682,2026-07-14
2018-10-24,sz.300236,上海新阳,11.57915324,12.06913968,12.50110141,11.48244539,5893539,110582434.11,3.098608,4.815222,190199567.0,2295545141.1985183,2026-07-14
2018-10-25,sz.300236,上海新阳,11.604942,11.32771283,11.65007233,10.960223,5302401,93162340.95,2.787809,-6.14316,190199580.0,2154526222.626611,2026-07-14
2018-10-26,sz.300236,上海新阳,11.604942,11.46955101,11.72099142,11.35994878,2794434,50003387.92,1.469212,1.252141,190199508.0,2181502959.082903,2026-07-14
2018-10-29,sz.300236,上海新阳,11.46310382,11.41797349,11.78546332,11.2825825,2617275,46681267.75,1.376068,-0.449701,190199540.0,2171693305.5301948,2026-07-14
2018-10-30,sz.300236,上海新阳,11.09561399,10.90864548,11.2825825,10.4444478,4270690,72024517.1,2.245373,-4.460751,190199579.0,2074819777.756253,2026-07-14
2018-10-31,sz.300236,上海新阳,10.97311738,11.99822059,11.99822059,10.97311738,5720330,102962061.4,3.007541,9.988183,190199568.0,2282056372.9867053,2026-07-14
2018-11-01,sz.300236,上海新阳,12.17874191,12.06269249,12.81701372,12.04979811,9507551,182571230.01,4.998724,0.537337,190199559.0,2294318791.950612,2026-07-14
2018-11-02,sz.300236,上海新阳,12.28189695,12.41084075,12.55267893,12.13361158,6271742,120282766.83,3.297453,2.886162,190199587.0,2360536784.97277,2026-07-14
2018-11-05,sz.300236,上海新阳,12.4430767,12.23031943,12.7009643,12.00466778,5578041,107198165.09,2.932731,-1.454549,190199544.0,2326201178.56034,2026-07-14
2018-11-06,sz.300236,上海新阳,12.26900257,12.24321381,12.36571042,11.88861836,4124900,77327294.0,2.168722,0.105432,190199574.0,2328654051.052917,2026-07-14
2018-11-07,sz.300236,上海新阳,12.249661,12.249661,12.48820703,12.08848125,5101116,97373681.76,2.681981,0.05266,190199558.0,2329880107.849838,2026-07-14
2018-11-08,sz.300236,上海新阳,12.36571042,12.24321381,12.55267893,12.17229472,4211249,80716336.0,2.214121,-0.052633,190199587.0,2328654210.2146964,2026-07-14
2018-11-09,sz.300236,上海新阳,12.1207172,12.23676662,12.43018232,12.1207172,3037464,57843453.22,1.596988,-0.05266,190199551.0,2327427516.8157873,2026-07-14
2018-11-12,sz.300236,上海新阳,12.27544976,12.52044298,12.55267893,11.9273015,4155006,79716219.12,2.184551,2.318233,190199542.0,2381382520.433115,2026-07-14
2018-11-13,sz.300236,上海新阳,12.28189695,12.81056653,13.20384512,12.23676662,8304886,163832379.94,4.366406,2.317203,190199583.0,2436564411.999757,2026-07-14
2018-11-14,sz.300236,上海新阳,13.46173272,14.09355734,14.09355734,13.28765859,12233467,261260203.17,6.431911,10.0151,190199569.0,2680588531.7447867,2026-07-14
2018-11-15,sz.300236,上海新阳,15.50549195,15.50549195,15.50549195,15.50549195,4876100,117270205.0,2.563676,10.01829,190199542.0,2949137467.3746867,2026-07-14
2018-11-16,sz.300236,上海新阳,17.05926474,16.47901764,17.05926474,15.94390087,28863736,748436586.17,15.175501,6.278587,190199559.0,3134301887.8812203,2026-07-14
2018-11-19,sz.300236,上海新阳,16.117975,15.91166492,16.33717946,15.47970319,15507309,383864582.31,8.153178,-3.442876,190199564.0,3026391730.2980947,2026-07-14
2018-11-20,sz.300236,上海新阳,15.55062228,16.2469188,17.07860631,15.54417509,18433596,473629530.48,9.691713,2.106971,190199565.0,3090156888.350322,2026-07-14
2018-11-21,sz.300236,上海新阳,16.762694,15.95034806,17.41386019,15.5377279,14126215,358849214.13,7.427049,-1.825401,190199566.0,3033749278.5609417,2026-07-14
2018-11-22,sz.300236,上海新阳,16.8271659,17.54280399,17.54280399,16.59506706,20083157,537042368.96,10.558992,9.983829,190199566.0,3336633705.3210683,2026-07-14
2018-11-23,sz.300236,上海新阳,16.6982221,16.5048064,17.2784692,16.117975,19057714,495537455.68,10.019852,-5.916938,190199556.0,3139206849.1459584,2026-07-14
2018-11-26,sz.300236,上海新阳,17.5363568,17.5363568,18.15528704,17.29781077,23389355,648808074.8,12.297271,6.250001,190199557.0,3335407294.7539377,2026-07-14
2018-11-27,sz.300236,上海新阳,17.16241978,17.73621969,18.60659034,16.94321532,20729703,567050203.07,10.898922,1.139704,190199572.0,3373421393.935972,2026-07-14
2018-11-28,sz.300236,上海新阳,17.48477928,16.4403345,17.9231882,16.33073227,16735439,437277289.12,8.798884,-7.306435,190199564.0,3126944453.914158,2026-07-14
2018-11-29,sz.300236,上海新阳,16.4403345,16.27270756,17.13018383,16.22113004,11916647,309076209.07,6.265339,-1.019609,190199557.0,3095061769.102551,2026-07-14
2018-11-30,sz.300236,上海新阳,16.25336599,16.46612326,16.74979962,15.51838633,11237645,280740795.36,5.908344,1.188594,190199572.0,3131849596.5512447,2026-07-14
2018-12-03,sz.300236,上海新阳,16.93676813,17.12373664,17.77490283,16.60796144,15020708,399800995.16,7.897341,3.99373,190199562.0,3256927208.731352,2026-07-14
2018-12-04,sz.300236,上海新阳,17.0205816,17.89739944,18.61303753,17.0205816,17489959,478637591.66,9.195583,4.518075,190199566.0,3404077606.016643,2026-07-14
2018-12-05,sz.300236,上海新阳,16.73690524,16.6337502,17.19465573,16.49191202,13375018,349762795.14,7.032097,-7.060523,190199566.0,3163732068.9924135,2026-07-14
2018-12-06,sz.300236,上海新阳,16.6337502,16.88519061,17.50412085,16.56283111,10596793,280425978.1,5.571408,1.511633,190199551.0,3211555672.571416,2026-07-14
2018-12-07,sz.300236,上海新阳,16.98834565,16.66598615,17.33004672,16.38230979,7893024,205743465.47,4.149864,-1.298206,190199582.0,3169863599.347789,2026-07-14
2018-12-10,sz.300236,上海新阳,16.66598615,16.84006028,17.13663102,16.66598615,6385091,167404028.25,3.357048,1.044489,190199574.0,3202972291.390321,2026-07-14
2018-12-11,sz.300236,上海新阳,16.92387375,16.88519061,17.20755011,16.66598615,7827793,205526564.65,4.115568,0.267993,190199579.0,3211556145.356753,2026-07-14
2018-12-12,sz.300236,上海新阳,16.77558838,16.36296822,17.01413441,16.1824469,7940111,203128211.66,4.174621,-3.092789,190199565.0,3112229437.552824,2026-07-14
2018-12-13,sz.300236,上海新阳,16.35007384,15.84074583,16.43388731,15.76337955,8336000,206969800.87,4.382765,-3.191488,190199566.0,3012902981.98231,2026-07-14
2018-12-14,sz.300236,上海新阳,15.82140426,15.5377279,16.15665814,15.4087841,6298488,154052720.89,3.311515,-1.912899,190199591.0,2955269491.649289,2026-07-14
2018-12-17,sz.300236,上海新阳,15.56351666,15.65377732,15.82785145,15.31207625,4745967,115220414.88,2.495257,0.746889,190199527.0,2977341042.0273275,2026-07-14
2018-12-18,sz.300236,上海新阳,15.58930542,15.46680881,15.74403798,14.91235047,5913076,140286151.78,3.10888,-1.194402,190199557.0,2941780183.865697,2026-07-14
2018-12-19,sz.300236,上海新阳,15.37654815,15.42167848,15.67311889,15.24760435,4293613,103184009.74,2.257425,-0.291787,190199586.0,2933196862.3211093,2026-07-14
2018-12-20,sz.300236,上海新阳,15.5377279,15.9245593,16.07284467,15.5377279,7569697,185581129.39,3.979871,3.260873,190199557.0,3028844124.28023,2026-07-14
2018-12-21,sz.300236,上海新阳,16.117975,15.7311436,16.26626037,15.56996385,6091923,150632919.6,3.202911,-1.214579,190199572.0,2992056779.7905393,2026-07-14
2018-12-24,sz.300236,上海新阳,15.72469641,15.37654815,15.74403798,15.02839989,4492230,106970915.67,2.361851,-2.254095,190199551.0,2924612554.0598807,2026-07-14
2018-12-25,sz.300236,上海新阳,15.0864246,15.57641104,15.7311436,14.87366733,5204150,123565120.58,2.736152,1.299788,190199594.0,2962627055.7851176,2026-07-14
2018-12-26,sz.300236,上海新阳,15.66022451,15.63443575,15.75048517,15.35720658,5249436,126912103.92,2.759962,0.372517,190199575.0,2973663035.0148063,2026-07-14
2018-12-27,sz.300236,上海新阳,15.7311436,14.53841345,15.76337955,14.53841345,6943523,163074645.78,3.650651,-7.010313,190199584.0,2765200190.210005,2026-07-14
2018-12-28,sz.300236,上海新阳,14.51907188,15.99547839,15.99547839,14.3772337,7494280,178154888.68,3.940219,10.02217,190199580.0,3042333271.6770763,2026-07-14
2019-01-02,sz.300236,上海新阳,16.35007384,16.34362665,16.8271659,15.9890312,13614782,345247030.7,7.158156,2.176545,190199571.0,3108550777.4141674,2026-07-14
2019-01-03,sz.300236,上海新阳,16.21468285,15.97613682,16.58217268,15.74403798,8523546,212861817.48,4.48137,-2.248519,190199560.0,3038654193.6637993,2026-07-14
2019-01-04,sz.300236,上海新阳,15.86653459,16.61440863,16.81427152,15.7956155,11524586,294784758.66,6.059207,3.995156,190199576.0,3160053476.916741,2026-07-14
2019-01-07,sz.300236,上海新阳,16.3758626,16.65309177,16.93032094,16.13086938,10773684,276931004.52,5.66441,0.232827,190199579.0,3167411043.702365,2026-07-14
2019-01-08,sz.300236,上海新阳,16.49835921,16.47257045,16.82071871,16.2469188,6401802,163779658.92,3.365834,-1.084013,190199576.0,3133075915.220129,2026-07-14
2019-01-09,sz.300236,上海新阳,16.3758626,16.6337502,17.20110292,16.29849632,10167202,264263586.52,5.345544,0.978473,190199576.0,3163732235.3299155,2026-07-14
2019-01-10,sz.300236,上海新阳,16.46612326,16.18889409,16.70466929,16.1824469,5697308,144935338.02,2.995437,-2.674413,190199560.0,3079120532.8046007,2026-07-14
2019-01-11,sz.300236,上海新阳,16.27915475,16.10508062,16.54348954,16.09863343,4396476,111240395.4,2.311507,-0.517726,190199554.0,3063179151.0580435,2026-07-14
2019-01-14,sz.300236,上海新阳,16.29849632,16.12442219,16.55638392,16.08573905,4317042,109214505.92,2.269743,0.120099,190199595.0,3066858570.147013,2026-07-14
2019-01-15,sz.300236,上海新阳,16.117975,16.39520417,16.40809855,15.8600874,4498637,112724537.94,2.365219,1.679329,190199597.0,3118361225.8667192,2026-07-14
2019-01-16,sz.300236,上海新阳,16.53704235,16.14376376,16.56283111,16.07929186,4768751,120680706.12,2.507236,-1.533619,190199526.0,3070536215.0079775,2026-07-14
2019-01-17,sz.300236,上海新阳,16.3113907,16.70466929,17.75556126,16.22113004,12675191,333294326.94,6.664154,3.474436,190199551.0,3177220598.5614886,2026-07-14
2019-01-18,sz.300236,上海新阳,16.5048064,16.40165136,16.74335243,16.117975,7499826,191023463.1,3.943135,-1.813969,190199575.0,3119587117.970172,2026-07-14
2019-01-21,sz.300236,上海新阳,16.25336599,16.31783789,16.54348954,16.15021095,4140390,104800879.65,2.176866,-0.511011,190199580.0,3103645913.186086,2026-07-14
2019-01-22,sz.300236,上海新阳,16.29849632,16.1824469,16.5048064,16.15665814,4434800,112228269.5,2.331656,-0.829708,190199583.0,3077894652.2996426,2026-07-14
2019-01-23,sz.300236,上海新阳,15.95679525,16.117975,16.2469188,15.6021998,6270266,155128700.9,3.296677,-0.398408,190199586.0,3065632172.1583505,2026-07-14
2019-01-24,sz.300236,上海新阳,16.51125359,16.47901764,17.13663102,16.32428508,14227430,369974920.23,7.480264,2.239998,190199570.0,3134302069.1504145,2026-07-14
2019-01-25,sz.300236,上海新阳,16.27915475,16.51770078,17.03992317,16.21468285,9306964,240779969.12,4.893263,0.234747,190199546.0,3141659189.3198457,2026-07-14
2019-01-28,sz.300236,上海新阳,16.70466929,16.02771434,16.73690524,16.01481996,7092434,178857982.02,3.728943,-2.966433,190199582.0,3048464567.8834057,2026-07-14
2019-01-29,sz.300236,上海新阳,16.00192558,15.49259757,16.15665814,15.02839989,6081439,146413312.52,3.197399,-3.338696,190199565.0,2946685318.5340567,2026-07-14
2019-01-30,sz.300236,上海新阳,15.47970319,14.91879766,15.58285823,14.88656171,3459205,81814589.58,1.818724,-3.703709,190199557.0,2837548705.9046364,2026-07-14
2019-01-31,sz.300236,上海新阳,15.24760435,14.78340667,15.46036162,14.46104717,4622016,107232640.22,2.430088,-0.907516,190199532.0,2811797029.9996786,2026-07-14
2019-02-01,sz.300236,上海新阳,14.81564262,15.73759079,15.89232335,14.81564262,5493333,132280088.09,2.888194,6.454424,190199585.0,2993283237.157822,2026-07-14
2019-02-11,sz.300236,上海新阳,15.91166492,16.3113907,16.41454574,15.70535484,5419658,136326537.62,2.849459,3.646044,190199543.0,3102419056.8344502,2026-07-14
2019-02-12,sz.300236,上海新阳,16.27915475,16.33717946,16.48546483,16.21468285,4395700,111222082.0,2.311099,0.158106,190199554.0,3107324246.909961,2026-07-14
2019-02-13,sz.300236,上海新阳,16.35652103,16.8916378,17.03992317,16.2469188,10468526,271784958.83,5.50397,3.393846,190199547.0,3212781857.648077,2026-07-14
2019-02-14,sz.300236,上海新阳,17.33004672,16.87874342,17.50412085,16.85940185,10465948,278180572.85,5.502614,-0.076338,190199567.0,3210329689.988099,2026-07-14
2019-02-15,sz.300236,上海新阳,16.6982221,16.91097937,17.17531416,16.62730301,6478435,170296250.62,3.406125,0.190983,190199567.0,3216460953.7199326,2026-07-14
2019-02-18,sz.300236,上海新阳,16.92387375,17.407413,17.48477928,16.84650747,9000091,241211928.56,4.73192,2.935572,190199560.0,3310882293.3382797,2026-07-14
2019-02-19,sz.300236,上海新阳,17.407413,17.23333887,17.63951184,17.02702879,8929235,239814242.24,4.694666,-1.000002,190199580.0,3277773815.071675,2026-07-14
2019-02-20,sz.300236,上海新阳,17.1495254,16.89808499,17.18176135,16.6337502,5440956,142198157.58,2.860656,-1.945381,190199591.0,3214008853.7812395,2026-07-14
2019-02-21,sz.300236,上海新阳,17.01413441,16.87874342,17.4718849,16.73045805,8459762,224614544.44,4.447835,-0.114456,190199547.0,3210329352.4132304,2026-07-14
2019-02-22,sz.300236,上海新阳,16.84006028,17.89095225,17.91029382,16.64664458,12615282,340900139.56,6.632656,5.996943,190199552.0,3402851102.8033924,2026-07-14
2019-02-25,sz.300236,上海新阳,18.74198133,19.56722165,19.58011603,18.16818142,14884968,438141610.34,7.825974,9.369371,190199559.0,3721676928.6852527,2026-07-14
2019-02-26,sz.300236,上海新阳,19.12881273,19.34801719,20.81152932,18.8257948,14870812,454469643.1,7.818531,-1.120264,190199566.0,3679984472.4985394,2026-07-14
2019-02-27,sz.300236,上海新阳,19.65103512,19.92826429,20.25707098,19.26420372,12092826,371613278.77,6.357967,2.998999,190199572.0,3790347338.660884,2026-07-14
2019-02-28,sz.300236,上海新阳,19.2770981,18.83224199,19.65748231,18.55501282,10671450,315635616.8,5.61066,-5.499841,190199549.0,3581883933.1568627,2026-07-14
2019-03-01,sz.300236,上海新阳,18.78711166,18.94184422,19.0192105,18.39383307,5747740,167456435.78,3.021952,0.581993,190199580.0,3602730815.0694275,2026-07-14
2019-03-04,sz.300236,上海新阳,19.986289,19.34801719,20.2441766,19.26420372,12648714,387113465.82,6.650233,2.14432,190199561.0,3679984375.758454,2026-07-14
2019-03-05,sz.300236,上海新阳,19.06434083,21.01139221,21.16612477,19.05144645,15443669,490990358.6,8.119718,8.597134,190199573.0,3996357826.477526,2026-07-14
2019-03-06,sz.300236,上海新阳,20.70837428,20.60521924,21.21770229,20.05720809,14126963,448924575.96,7.427442,-1.933112,190199573.0,3919103901.0193844,2026-07-14
2019-03-07,sz.300236,上海新阳,20.3731204,20.62456081,20.99205064,20.10233842,12511436,398756034.84,6.578057,0.093869,190199568.0,3922782556.25173,2026-07-14
2019-03-08,sz.300236,上海新阳,20.16036313,21.41111799,22.59740095,19.88958115,18406497,620166915.29,9.677465,3.813689,190199572.0,4072385477.7395005,2026-07-14
2019-03-11,sz.300236,上海新阳,22.10741451,22.20412236,23.209884,21.6625584,15053718,523290207.33,7.914696,3.703702,190199573.0,4223214591.7117524,2026-07-14
2019-03-12,sz.300236,上海新阳,22.53292905,22.97133797,23.43553565,22.12030889,14629152,516339744.85,7.691475,3.455292,190199565.0,4369138489.361983,2026-07-14
2019-03-13,sz.300236,上海新阳,22.7585807,22.99712673,24.62181861,22.33951335,17387572,632535646.01,9.141752,0.112257,190199559.0,4374043362.313112,2026-07-14
2019-03-14,sz.300236,上海新阳,22.64253128,23.1454121,24.18985688,21.78505501,15291881,547659522.06,8.039914,0.644809,190199559.0,4402247174.293264,2026-07-14
2019-03-15,sz.300236,上海新阳,23.59026821,24.17051531,24.42195572,23.30659185,14514081,535756279.55,7.630975,4.42897,190199562.0,4597221425.276294,2026-07-14
2019-03-18,sz.300236,上海新阳,24.499322,23.45487722,24.7572096,23.00357392,12722633,465812769.48,6.689097,-2.960791,190199559.0,4461107303.643146,2026-07-14
2019-03-19,sz.300236,上海新阳,21.63032245,21.10810006,22.48779872,21.10810006,25436700,845054534.39,13.37369,-10.0055,190199563.0,4014751407.172274,2026-07-14
2019-03-20,sz.300236,上海新阳,21.19836072,21.21770229,21.59163931,20.65034957,12180893,397905665.34,6.40427,0.519237,190199554.0,4035597512.4627786,2026-07-14
2019-03-21,sz.300236,上海新阳,23.3388278,23.3388278,23.3388278,23.3388278,4128857,149464623.4,2.170803,9.996964,190199525.0,4439033961.616796,2026-07-14
2019-03-22,sz.300236,上海新阳,25.67271058,25.67271058,25.67271058,25.67271058,1069408,42583826.56,0.562256,9.999997,190199482.0,4882936253.851919,2026-07-14
2019-03-25,sz.300236,上海新阳,28.2386922,28.2386922,28.2386922,28.2386922,1741101,76260223.8,0.915407,9.994976,190199660.0,5370989655.284652,2026-07-14
2019-03-26,sz.300236,上海新阳,31.06256142,28.2386922,31.06256142,27.67133948,35748574,1651797531.84,18.795298,0.0,190199559.0,5370986803.17674,2026-07-14
2019-03-27,sz.300236,上海新阳,28.07751245,28.29026972,29.32826731,26.82675759,22743828,994577388.93,11.957876,0.182653,190199564.0,5380796966.186402,2026-07-14
2019-03-28,sz.300236,上海新阳,28.367636,28.61907641,29.9794335,28.14198435,19431233,875070853.83,10.216234,1.162257,190199569.0,5443335998.360067,2026-07-14
2019-03-29,sz.300236,上海新阳,27.20069461,26.9492542,27.5939732,25.78876,17290741,718035246.37,9.090842,-5.834648,190199555.0,5125736156.421881,2026-07-14
2019-04-01,sz.300236,上海新阳,26.95570139,27.58752601,28.0452765,26.51084528,13386129,567659777.29,7.037939,2.368425,190199560.0,5247135308.590556,2026-07-14
2019-04-02,sz.300236,上海新阳,27.25871932,27.00727891,28.38697757,26.7558385,13203305,566715953.49,6.941817,-2.103299,190199554.0,5136772403.435606,2026-07-14
2019-04-03,sz.300236,上海新阳,26.1111195,26.41413743,26.74939131,25.8532319,9602655,391576335.7,5.048726,-2.196224,190199567.0,5023957501.864492,2026-07-14
2019-04-04,sz.300236,上海新阳,26.42058462,25.91125661,26.65913065,25.65336901,9798328,394515663.18,5.151604,-1.903838,190199557.0,4928309528.535321,2026-07-14
2019-04-08,sz.300236,上海新阳,25.82744314,25.52442521,26.40769024,25.40837579,8636450,345714439.41,4.540731,-1.492905,190199552.0,4854734239.999506,2026-07-14
2019-04-09,sz.300236,上海新阳,25.78876,26.54952842,26.74294412,25.5308724,11461280,468509121.02,6.025923,4.016166,190199576.0,5049709048.483951,2026-07-14
2019-04-10,sz.300236,上海新阳,25.8532319,25.80165438,26.71715536,25.7242881,6765909,273917666.27,3.557268,-2.816901,190199586.0,4907463981.191087,2026-07-14
2019-04-11,sz.300236,上海新阳,25.5308724,24.42195572,25.5953443,24.22209283,9451239,363220183.31,4.969117,-5.347325,190199567.0,4645045403.237173,2026-07-14
2019-04-12,sz.300236,上海新阳,24.44129729,24.51221638,25.06667472,24.38971977,4955178,189864323.66,2.605252,0.369587,190199566.0,4662212917.174091,2026-07-14
2019-04-15,sz.300236,上海新阳,24.85391745,23.86105019,25.00220282,23.854603,4931549,187326471.62,2.592829,-2.656502,190199547.0,4538360937.082264,2026-07-14
2019-04-16,sz.300236,上海新阳,23.56447945,24.55734671,24.58313547,23.4677716,5048644,189922579.65,2.654393,2.918135,190199567.0,4670796710.910874,2026-07-14
2019-04-17,sz.300236,上海新阳,25.0150972,24.65405456,25.36969265,24.51866357,5836401,225954059.18,3.068567,0.393808,190199562.0,4689190378.8361025,2026-07-14
2019-04-18,sz.300236,上海新阳,24.51221638,24.06736027,24.5637939,23.87394457,4773757,178342144.85,2.509867,-2.379707,190199600.0,4577602296.409892,2026-07-14
2019-04-19,sz.300236,上海新阳,24.06736027,24.52511076,24.6282658,23.51934912,5893964,219981940.66,3.098831,1.901953,190199595.0,4664666133.882142,2026-07-14
2019-04-22,sz.300236,上海新阳,24.9506253,24.70563208,25.23430166,24.39616696,6809460,262694901.28,3.580166,0.736064,190199561.0,4699000375.843517,2026-07-14
2019-04-23,sz.300236,上海新阳,24.47353324,24.69918489,25.24719604,24.35103663,5871866,227544806.3,3.087213,-0.026092,190199575.0,4697774468.924422,2026-07-14
2019-04-24,sz.300236,上海新阳,24.64760737,25.60823868,25.62758025,23.71921201,8864046,342506825.63,4.660392,3.680501,190199580.0,4870676241.475755,2026-07-14
2019-04-25,sz.300236,上海新阳,25.78876,25.04088596,26.1111195,25.04088596,7951902,316279943.88,4.18082,-2.215511,190199578.0,4762765942.338125,2026-07-14
2019-04-26,sz.300236,上海新阳,24.60892423,23.77078953,24.60892423,23.64829292,6432474,240075669.78,3.38196,-5.072094,190199588.0,4521194375.040713,2026-07-14
2019-04-29,sz.300236,上海新阳,23.86749738,22.68121442,24.16406812,22.57161219,4912492,177117579.16,2.582809,-4.583669,190199585.0,4313957569.980016,2026-07-14
2019-04-30,sz.300236,上海新阳,22.13965046,23.20343681,23.28080309,22.13965046,3333893,118803107.18,1.752839,2.302449,190199613.0,4413284701.531955,2026-07-14
2019-05-06,sz.300236,上海新阳,21.49493146,20.88244841,22.30083021,20.88244841,5966953,199154877.65,3.137206,-10.00278,190199592.0,3971833167.5430484,2026-07-14
2019-05-07,sz.300236,上海新阳,20.90178998,20.21194065,21.3401989,19.59301041,6087400,193486013.0,3.200533,-3.210865,190199570.0,3844302420.49552,2026-07-14
2019-05-08,sz.300236,上海新阳,19.4060419,20.2441766,21.0823113,19.4060419,6726560,213897021.8,3.53658,0.159487,190199571.0,3850433704.5682383,2026-07-14
2019-05-09,sz.300236,上海新阳,20.48272263,20.54719453,21.12744163,20.44403949,6880350,221517037.65,3.617437,1.496819,190199581.0,3908067790.3314915,2026-07-14
2019-05-10,sz.300236,上海新阳,21.12744163,21.90755162,21.97847071,20.1152328,10012975,330757757.73,5.264457,6.620642,190199578.0,4166807073.137216,2026-07-14
2019-05-13,sz.300236,上海新阳,21.44980113,21.50782584,22.03004823,21.43045956,5903519,198470638.11,3.103855,-1.8246,190199574.0,4090779312.434192,2026-07-14
2019-05-14,sz.300236,上海新阳,21.24993824,21.51427303,22.03649542,21.15323039,5594532,189043526.78,2.941401,0.029971,190199568.0,4092005436.140051,2026-07-14
2019-05-15,sz.300236,上海新阳,21.92689319,21.70768873,22.03649542,21.5980865,4330393,146101751.16,2.276763,0.899009,190199551.0,4128792649.6937604,2026-07-14
2019-05-16,sz.300236,上海新阳,21.7915022,21.41756518,21.79794939,21.3401989,3651467,121974670.4,1.919808,-1.336492,190199593.0,4073612180.286972,2026-07-14
2019-05-17,sz.300236,上海新阳,21.6625584,21.5980865,22.29438302,21.34664609,7908262,267528986.0,4.157876,0.842862,190199563.0,4107946613.9361997,2026-07-14
2019-05-20,sz.300236,上海新阳,22.3717493,23.32593342,23.75789515,21.92689319,12653224,454688713.09,6.652604,8.000001,190199567.0,4436582436.354829,2026-07-14
2019-05-21,sz.300236,上海新阳,22.565165,22.95844359,23.12607053,22.13320327,9496716,333492166.5,4.993027,-1.575455,190199572.0,4366686144.604144,2026-07-14
2019-05-22,sz.300236,上海新阳,22.8230526,22.92620764,23.26790871,22.48779872,6786196,240725928.18,3.567935,-0.140408,190199541.0,4360554169.998693,2026-07-14
2019-05-23,sz.300236,上海新阳,23.21633119,23.28080309,23.70631763,22.82949979,10203987,368357127.72,5.364885,1.546679,190199548.0,4427998224.795003,2026-07-14
2019-05-24,sz.300236,上海新阳,22.6296369,21.91399881,23.13251772,21.91399881,6564789,228506449.63,3.451527,-5.870947,190199555.0,4168032821.9325294,2026-07-14
2019-05-27,sz.300236,上海新阳,21.63032245,23.24211995,23.49356036,21.63032245,8901034,315516389.45,4.679839,6.060598,190199577.0,4420641383.073261,2026-07-14
2019-05-28,sz.300236,上海新阳,23.60960978,23.18409524,24.36393101,23.06804582,10441233,383000479.49,5.48962,-0.249654,190199558.0,4409604667.2779045,2026-07-14
2019-05-29,sz.300236,上海新阳,22.96489078,23.35172218,23.854603,22.9519964,6872205,250489193.24,3.613155,0.723032,190199562.0,4441487330.581685,2026-07-14
2019-05-30,sz.300236,上海新阳,23.0809402,22.93265483,23.10672896,22.3717493,6748819,238006361.03,3.548283,-1.794593,190199570.0,4361781087.624423,2026-07-14
2019-05-31,sz.300236,上海新阳,22.90041888,22.52648186,23.20343681,22.51358748,4739580,167327201.7,2.491898,-1.771159,190199599.0,4284527816.6527743,2026-07-14
2019-06-03,sz.300236,上海新阳,22.7585807,22.3717493,22.8230526,22.28793583,3629129,126782102.85,1.908064,-0.686886,190199543.0,4255096492.97057,2026-07-14
2019-06-04,sz.300236,上海新阳,22.22991112,21.7915022,22.68121442,21.61742807,3566239,122849349.17,1.874999,-2.593664,190199515.0,4144733149.561433,2026-07-14
2019-06-05,sz.300236,上海新阳,22.19767517,21.6625584,22.22991112,21.55940336,3114534,105709753.92,1.637508,-0.591718,190199620.0,4120210375.9078083,2026-07-14
2019-06-06,sz.300236,上海新阳,21.72058311,20.57943048,21.78505501,20.53430015,4305084,139783109.71,2.263456,-4.999996,190199589.0,3914199219.1500726,2026-07-14
2019-06-10,sz.300236,上海新阳,20.75350461,20.8888956,21.1467832,20.50851139,3006765,97437411.46,1.580847,1.503764,190199621.0,3973060026.228568,2026-07-14
2019-06-11,sz.300236,上海新阳,21.09520568,21.67545278,21.78505501,20.77929337,3711679,123031517.2,1.951466,3.765424,190199522.0,4122660757.889571,2026-07-14
2019-06-12,sz.300236,上海新阳,21.60453369,21.94623476,22.15254484,21.41111799,3757452,127820953.44,1.975531,1.249262,190199597.0,4174165007.0193915,2026-07-14
2019-06-13,sz.300236,上海新阳,22.13965046,22.03649542,22.3717493,21.94623476,3397574,116660330.9,1.786321,0.411279,190199522.0,4191330895.4391894,2026-07-14
2019-06-14,sz.300236,上海新阳,21.920446,21.20480791,22.08162575,21.17901915,3214798,107675252.24,1.690224,-3.77414,190199524.0,4033144370.993435,2026-07-14
2019-06-17,sz.300236,上海新阳,21.275727,20.79863494,21.275727,20.68258552,1938800,62925329.0,1.01935,-1.915479,190199637.0,3955892815.6835165,2026-07-14
2019-06-18,sz.300236,上海新阳,20.79863494,20.68258552,20.94047312,20.61811362,1675877,53925260.34,0.881115,-0.557956,190199577.0,3933819017.170325,2026-07-14
2019-06-19,sz.300236,上海新阳,21.34664609,21.14033601,21.84307972,21.12744163,4064705,135056249.52,2.137074,2.213214,190199544.0,4020882269.108779,2026-07-14
2019-06-20,sz.300236,上海新阳,21.12744163,21.44980113,21.60453369,21.00494502,3283317,108908128.8,1.726248,1.46386,190199612.0,4079743852.4031615,2026-07-14
2019-06-21,sz.300236,上海新阳,21.77860782,21.81084377,22.09452013,21.57229774,3899363,132096149.06,2.050143,1.683202,190199562.0,4148412931.904429,2026-07-14
2019-06-24,sz.300236,上海新阳,21.72058311,21.57874493,22.03004823,21.44335394,2328282,78196644.04,1.224126,-1.064146,190199538.0,4104267316.3058424,2026-07-14
2019-06-25,sz.300236,上海新阳,21.56585055,21.03718097,21.56585055,20.7599518,3088598,100847437.96,1.623872,-2.509711,190199597.0,4001263342.5100694,2026-07-14
2019-06-26,sz.300236,上海新阳,20.8888956,21.05652254,21.275727,20.77929337,2088500,68333966.42,1.098057,0.091936,190199598.0,4004942122.3859386,2026-07-14
2019-06-27,sz.300236,上海新阳,21.08875849,21.52716741,21.74637187,21.0178394,4334965,144209391.01,2.279167,2.235149,190199533.0,4094457188.1948195,2026-07-14
2019-06-28,sz.300236,上海新阳,21.47558989,20.91468436,21.66900559,20.83731808,3064359,100591302.63,1.611128,-2.845165,190199599.0,3977964578.4835715,2026-07-14
2019-07-01,sz.300236,上海新阳,21.4046708,21.9849179,22.0493898,21.12744163,5502697,185810668.41,2.893118,5.117139,190199536.0,4181521183.5780945,2026-07-14
2019-07-02,sz.300236,上海新阳,22.565165,22.49424591,23.75789515,22.2428055,11096542,395966894.27,5.834157,2.316718,190199578.0,4278396079.510226,2026-07-14
2019-07-03,sz.300236,上海新阳,22.30083021,22.42332682,23.05515144,22.26214707,5134315,179804148.12,2.699436,-0.315278,190199545.0,4264906558.550297,2026-07-14
2019-07-04,sz.300236,上海新阳,22.565165,22.08807294,22.62318971,21.7915022,3921920,134094279.4,2.062003,-1.495113,190199529.0,4201141069.705645,2026-07-14
2019-07-05,sz.300236,上海新阳,22.16543922,22.26214707,22.35885492,21.90110443,3393544,116649575.79,1.784202,0.788092,190199540.0,4234250132.126348,2026-07-14
2019-07-08,sz.300236,上海新阳,22.21701674,21.0823113,22.21701674,21.03718097,4321607,144115829.3,2.272143,-5.299734,190199605.0,4009847281.7470365,2026-07-14
2019-07-09,sz.300236,上海新阳,20.95981469,21.74637187,21.74637187,20.8244237,4080766,135715141.5,2.145518,3.149843,190199570.0,4136150578.734096,2026-07-14
2019-07-10,sz.300236,上海新阳,22.3072774,22.08162575,22.88107731,21.92689319,6266801,218155680.99,3.294856,1.541656,190199541.0,4199915082.1837807,2026-07-14
2019-07-11,sz.300236,上海新阳,21.94623476,21.5980865,22.26214707,21.44335394,3860827,130929434.32,2.029882,-2.189781,190199578.0,4107946937.907497,2026-07-14
2019-07-12,sz.300236,上海新阳,21.88821005,22.64897847,22.8875245,21.7915022,9247954,321833765.82,4.862237,4.865674,190199573.0,4307826033.880193,2026-07-14
2019-07-15,sz.300236,上海新阳,22.35885492,23.01002111,23.16475367,22.29438302,8265639,292471245.43,4.345772,1.594072,190199555.0,4376495775.662606,2026-07-14
2019-07-16,sz.300236,上海新阳,22.8875245,23.16475367,23.35172218,22.57161219,7279297,259320889.1,3.827189,0.672462,190199569.0,4405926164.025168,2026-07-14
2019-07-17,sz.300236,上海新阳,23.3388278,23.4677716,24.17051531,23.21633119,11956830,438488176.9,6.286466,1.308102,190199549.0,4463559574.355008,2026-07-14
2019-07-18,sz.300236,上海新阳,23.18409524,22.62318971,23.31303904,22.62318971,7068730,250864413.9,3.716481,-3.598905,190199546.0,4302920411.913872,2026-07-14
2019-07-19,sz.300236,上海新阳,22.8230526,24.49287481,24.49287481,22.8230526,13458284,496099916.69,7.075875,8.264467,190199572.0,4658534305.911581,2026-07-14
2019-07-22,sz.300236,上海新阳,24.4348501,22.57161219,24.4348501,22.04294261,13783649,497234199.85,7.24694,-7.844178,190199574.0,4293111023.031207,2026-07-14
2019-07-23,sz.300236,上海新阳,22.21701674,23.06804582,23.63539854,22.21701674,8092087,290651659.73,4.254524,2.199373,190199585.0,4387532741.724984,2026-07-14
2019-07-24,sz.300236,上海新阳,23.209884,22.93265483,23.56447945,22.82949979,8975417,323017723.36,4.718947,-0.586917,190199572.0,4361781133.489733,2026-07-14
2019-07-25,sz.300236,上海新阳,22.96489078,22.84884136,23.30659185,22.7585807,6620614,236281475.88,3.480878,-0.36548,190199542.0,4345839161.9026575,2026-07-14
2019-07-26,sz.300236,上海新阳,22.75213351,22.91976045,23.17120086,22.57805938,4910556,174352652.24,2.5818,0.3104,190198931.0,4359313936.366078,2026-07-14
2019-07-29,sz.300236,上海新阳,22.90041888,23.12607053,23.13251772,22.70055599,3676997,131040189.52,1.933231,0.90014,190199567.0,4398568601.217461,2026-07-14
2019-07-30,sz.300236,上海新阳,23.13251772,23.44198284,23.52579631,22.91976045,5856112,211402146.65,3.0789,1.366,190201436.0,4458698798.855358,2026-07-14
2019-07-31,sz.300236,上海新阳,23.42264127,23.0164683,23.42264127,22.97133797,4326947,155206112.37,2.275,-1.8152,190195473.0,4377628075.108006,2026-07-14
2019-08-01,sz.300236,上海新阳,22.9519964,23.06159863,23.15830648,22.73279194,3170770,112839040.02,1.6671,0.1961,190196749.0,4386241086.168854,2026-07-14
2019-08-02,sz.300236,上海新阳,22.27504145,22.47490434,22.84239417,22.25569988,4065556,142203675.58,2.1375,-2.544,190201450.0,4274759394.079293,2026-07-14
2019-08-05,sz.300236,上海新阳,22.3072774,21.79794939,22.84884136,21.74637187,4732400,163522400.02,2.4881,-3.012,190201358.0,4145999575.5932717,2026-07-14
2019-08-06,sz.300236,上海新阳,21.05007535,20.4375923,21.34664609,19.986289,6940763,221665696.42,3.6492,-6.2408,190199578.0,3887221430.796049,2026-07-14
2019-08-07,sz.300236,上海新阳,20.8244237,20.1797047,20.86310684,20.10878561,3226199,102797690.22,1.6962,-1.2618,190201568.0,3838211475.7169695,2026-07-14
2019-08-08,sz.300236,上海新阳,20.21194065,20.32154288,20.5665361,20.21194065,2411601,76227044.37,1.2679,0.7029,190204354.0,3865245935.7736993,2026-07-14
2019-08-09,sz.300236,上海新阳,20.33443726,19.7284014,20.59877205,19.67037669,3179555,99007268.16,1.6717,-2.9188,190198899.0,3752320225.3100586,2026-07-14
2019-08-12,sz.300236,上海新阳,19.986289,20.6954799,20.76639899,19.73484859,3453518,108532656.2,1.8157,4.902,190203117.0,3936344784.7908483,2026-07-14
2019-08-13,sz.300236,上海新阳,20.39246197,20.42469792,20.68903271,20.23128222,2531255,80197468.8,1.3308,-1.3084,190205515.0,3884890186.5930285,2026-07-14
2019-08-14,sz.300236,上海新阳,20.76639899,20.38601478,20.86310684,20.34733164,2317906,73960622.24,1.2187,-0.1894,190194962.0,3877317306.4135385,2026-07-14
2019-08-15,sz.300236,上海新阳,18.72908695,19.63814074,19.78642611,18.72908695,7325657,217379709.65,3.8516,-3.6686,190197762.0,3735130418.589024,2026-07-14
2019-08-16,sz.300236,上海新阳,19.34801719,19.41893628,19.83155644,19.30933405,4124818,125513218.79,2.1687,-1.1162,190197722.0,3693437444.1191545,2026-07-14
2019-08-19,sz.300236,上海新阳,19.67037669,20.32154288,20.34088445,19.47696099,5438138,168635415.7,2.8592,4.6481,190197888.0,3865114536.6774373,2026-07-14
2019-08-20,sz.300236,上海新阳,20.32799007,20.37956759,20.72126866,20.21194065,4047700,128480893.9,2.1281,0.2855,190202528.0,3876245275.1648674,2026-07-14
2019-08-21,sz.300236,上海新阳,20.44403949,20.53430015,21.05652254,20.3086485,5455492,175388400.45,2.8683,0.7593,190199491.0,3905613436.5712237,2026-07-14
2019-08-22,sz.300236,上海新阳,20.631008,20.61166643,20.8244237,20.32154288,3261797,103930111.35,1.7149,0.3768,190203335.0,3920407694.893544,2026-07-14
2019-08-23,sz.300236,上海新阳,20.55364172,20.32799007,20.68903271,20.22483503,2950981,93418326.09,1.5515,-1.3763,190201805.0,3866420403.3360763,2026-07-14
2019-08-26,sz.300236,上海新阳,19.67037669,20.54074734,20.70192709,19.67037669,3973719,125394179.94,2.0892,1.0466,190202901.0,3906909732.7760334,2026-07-14
2019-08-27,sz.300236,上海新阳,20.68903271,21.19836072,21.32085733,20.50851139,6181757,201762009.57,3.2501,3.2015,190202055.0,4031971771.5752797,2026-07-14
2019-08-28,sz.300236,上海新阳,23.19698962,22.04294261,23.19698962,22.03649542,13344119,464529874.83,7.0141,3.9842,190247059.0,4193605003.258284,2026-07-14
2019-08-29,sz.300236,上海新阳,22.49424591,21.93334038,22.68121442,21.7915022,9089804,314116878.84,4.7779,-0.4972,190246845.0,4172748807.606101,2026-07-14
2019-08-30,sz.300236,上海新阳,22.16543922,22.3717493,22.7585807,21.80439658,9855531,341274407.95,5.1804,1.9988,190246525.0,4256147562.496183,2026-07-14
2019-09-02,sz.300236,上海新阳,22.3072774,23.15185929,23.28725028,21.95268195,10934858,384092552.09,5.7477,3.487,190247542.0,4404584322.652366,2026-07-14
2019-09-03,sz.300236,上海新阳,23.12607053,23.91262771,24.499322,22.9519964,14738495,544122692.9,7.747,3.286,190247773.0,4549324168.40559,2026-07-14
2019-09-04,sz.300236,上海新阳,23.75789515,25.78876,26.1111195,23.63539854,18777711,720514810.63,9.8702,7.8458,190246510.0,4906221587.2276,2026-07-14
2019-09-05,sz.300236,上海新阳,25.55021397,25.94349256,26.18203859,25.4019286,18988558,761228259.98,9.981,0.6,190247049.0,4935672900.293455,2026-07-14
2019-09-06,sz.300236,上海新阳,25.7242881,25.23430166,26.00796446,24.86681183,13277479,522183383.08,6.9791,-2.7336,190246293.0,4800732347.258746,2026-07-14
2019-09-09,sz.300236,上海新阳,25.4664005,25.74362967,25.96283413,24.96996687,13340357,526319268.16,7.0121,2.0184,190247672.0,4897665613.547628,2026-07-14
2019-09-10,sz.300236,上海新阳,25.78876,25.55021397,26.33677115,25.26009042,11175722,446527188.28,5.8743,-0.7513,190247723.0,4860870029.955291,2026-07-14
2019-09-11,sz.300236,上海新阳,25.69205215,24.96996687,25.91125661,24.8861534,9266018,363723857.29,4.8705,-2.271,190247777.0,4750480688.781148,2026-07-14
2019-09-12,sz.300236,上海新阳,25.26009042,25.43416455,25.91125661,25.144041,9814798,389531598.95,5.159,1.859,190246133.0,4838751451.723185,2026-07-14
2019-09-16,sz.300236,上海新阳,25.71139372,25.98862289,27.0137261,25.49863645,15764606,642118602.8,8.2864,2.18,190246742.0,4944250833.889124,2026-07-14
2019-09-17,sz.300236,上海新阳,25.60823868,24.78944555,25.73073529,24.70563208,10006353,390986963.75,5.2597,-4.6142,190245698.0,4716085371.692744,2026-07-14
2019-09-18,sz.300236,上海新阳,24.91838935,24.70563208,25.2085129,24.499322,6859116,264558428.0,3.6054,-0.3381,190245632.0,4700138589.019074,2026-07-14
2019-09-19,sz.300236,上海新阳,24.9506253,25.76297124,25.76297124,24.7572096,9586155,376878187.23,5.0388,4.2797,190246785.0,4901322450.457463,2026-07-14
2019-09-20,sz.300236,上海新阳,25.69205215,25.80810157,26.25295768,25.42127017,10490439,420243346.94,5.5141,0.1752,190247529.0,4909927551.873521,2026-07-14
2019-09-23,sz.300236,上海新阳,25.96283413,27.26516651,27.43279345,25.60823868,19429894,807294332.56,10.213,5.6458,190246686.0,5187107571.765686,2026-07-14
2019-09-24,sz.300236,上海新阳,27.05885643,26.73004974,27.71002262,26.69781379,16771968,708010134.35,8.8159,-1.9626,190246804.0,5085306533.796031,2026-07-14
2019-09-25,sz.300236,上海新阳,26.73004974,26.20782735,27.58752601,26.00151727,12028076,498892379.65,6.3223,-1.9537,190248422.0,4985997797.3859415,2026-07-14
2019-09-26,sz.300236,上海新阳,26.27874644,23.91262771,26.36255991,23.63539854,15078758,579604620.31,7.9259,-8.7577,190246634.0,4549296931.922627,2026-07-14
2019-09-27,sz.300236,上海新阳,24.09314903,24.3059063,24.74431522,23.73210639,7484719,282687767.32,3.9342,1.6446,190247547.0,4624139051.186846,2026-07-14
2019-09-30,sz.300236,上海新阳,24.49287481,24.11893779,24.58958266,23.9190749,5511791,207793540.99,2.8972,-0.7692,190245444.0,4588518028.666929,2026-07-14
2019-10-08,sz.300236,上海新阳,24.17051531,23.76434234,24.6927377,23.66763449,5186524,194696278.94,2.7262,-1.4702,190247377.0,4521103796.315042,2026-07-14
2019-10-09,sz.300236,上海新阳,23.6611873,24.68629051,24.80878712,23.6611873,7127592,269381799.32,3.7465,3.8795,190246684.0,4696484909.788169,2026-07-14
2019-10-10,sz.300236,上海新阳,24.6282658,24.8861534,24.9506253,24.42195572,6673409,256006784.7,3.5078,0.8096,190244854.0,4734462620.204604,2026-07-14
2019-10-11,sz.300236,上海新阳,24.71852646,24.48642762,24.87970621,24.18985688,6043318,229665618.53,3.1766,-1.6062,190244853.0,4658416823.06204,2026-07-14
2019-10-14,sz.300236,上海新阳,24.84747026,25.45995331,25.51797802,24.63471299,8319870,324182478.13,4.3732,3.9758,190246730.0,4843672863.180176,2026-07-14
2019-10-15,sz.300236,上海新阳,25.02154439,24.02867713,25.10535786,24.02222994,9194665,348570793.57,4.833,-5.6217,190247569.0,4571397410.268396,2026-07-14
2019-10-16,sz.300236,上海新阳,24.03512432,24.14472655,24.40906134,23.87394457,4332072,162524340.88,2.2771,0.483,190245136.0,4593416786.187561,2026-07-14
2019-10-17,sz.300236,上海新阳,24.12538498,24.60247704,24.89260059,24.05446589,6048759,231018910.98,3.1794,1.8959,190248443.0,4680582950.803248,2026-07-14
2019-10-18,sz.300236,上海新阳,24.57668828,24.09959622,24.87970621,23.93196928,5139021,194610846.54,2.7012,-2.044,190249556.0,4584937480.634278,2026-07-14
2019-10-21,sz.300236,上海新阳,24.00288837,24.42195572,24.42195572,23.55158507,4318084,161034152.22,2.2697,1.3376,190249108.0,4646255291.345498,2026-07-14
2019-10-22,sz.300236,上海新阳,24.499322,23.91262771,24.499322,23.55158507,7887373,291105608.36,4.1459,-2.0855,190245134.0,4549261062.981063,2026-07-14
2019-10-23,sz.300236,上海新阳,23.854603,22.8875245,23.854603,22.66832004,9213581,330066730.58,4.8429,-4.2869,190249251.0,4354334393.36915,2026-07-14
2019-10-24,sz.300236,上海新阳,22.88107731,22.55227062,22.99067954,22.0493898,5876945,205187335.85,3.0891,-1.4648,190247807.0,4290520028.3255305,2026-07-14
2019-10-25,sz.300236,上海新阳,22.99712673,22.81015822,23.0164683,22.40398525,4964518,174787199.42,2.6095,1.1435,190247864.0,4339583878.857042,2026-07-14
2019-10-28,sz.300236,上海新阳,23.0809402,23.89328614,23.95131085,22.8875245,7829351,285655178.8,4.1154,4.7484,190245201.0,4545583024.254814,2026-07-14
2019-10-29,sz.300236,上海新阳,23.9835468,23.854603,24.09314903,23.5322435,6334348,233819423.61,3.3295,-0.1619,190249227.0,4538319781.141881,2026-07-14
2019-10-30,sz.300236,上海新阳,23.10672896,23.40974689,23.854603,22.89397169,5187410,187952475.52,2.7267,-1.8649,190244985.0,4453586945.941847,2026-07-14
2019-10-31,sz.300236,上海新阳,23.28080309,22.47490434,23.5322435,22.3717493,6178543,218144320.54,3.2476,-3.9934,190249507.0,4275839470.55716,2026-07-14
2019-11-01,sz.300236,上海新阳,22.14566136,22.78475784,23.05588968,21.8842128,5852101,137639414.6,2.0507,1.3787,285370898.0,6502106805.513341,2026-07-14
2019-11-04,sz.300236,上海新阳,22.6588752,23.23018872,23.51100384,22.6104588,8215265,197253937.9,2.8788,1.9549,285371162.0,6629225948.5056925,2026-07-14
2019-11-05,sz.300236,上海新阳,23.5303704,23.0946228,23.78213568,22.98810672,7719177,186181121.69,2.705,-0.5836,285366987.0,6590442924.337503,2026-07-14
2019-11-06,sz.300236,上海新阳,23.0462064,22.71697488,23.5303704,22.40710992,7739532,183469451.03,2.7121,-1.6352,285370451.0,6482753366.861271,2026-07-14
2019-11-07,sz.300236,上海新阳,22.5620424,23.55942024,23.5787868,22.33932696,9273335,220957071.95,3.2496,3.7084,285368507.0,6723116579.674382,2026-07-14
2019-11-08,sz.300236,上海新阳,23.65625304,23.02683984,23.65625304,22.93969032,9319278,223443861.93,3.2657,-2.2606,285368466.0,6571133961.968486,2026-07-14
2019-11-11,sz.300236,上海新阳,22.52330928,21.9810456,22.6104588,21.95199576,7192597,165131550.54,2.5204,-4.5416,285375218.0,6272845679.967941,2026-07-14
2019-11-12,sz.300236,上海新阳,21.7389636,22.35869352,22.45552632,21.55498128,5846278,133304146.91,2.0487,1.7181,285365256.0,6380394300.160341,2026-07-14
2019-11-13,sz.300236,上海新阳,22.34901024,22.47489288,22.755708,22.16502792,6163105,143054593.43,2.1597,0.5197,285368570.0,6413628042.068781,2026-07-14
2019-11-14,sz.300236,上海新阳,22.44584304,22.9493736,23.08493952,22.029462,10331948,241026052.1,3.6205,2.1112,285373512.0,6549143342.432083,2026-07-14
2019-11-15,sz.300236,上海新阳,22.8525408,22.87190736,23.45290416,22.7072916,9739132,232548743.68,3.4128,-0.3376,285370722.0,6526972716.840314,2026-07-14
2019-11-18,sz.300236,上海新阳,22.755708,23.01715656,23.10430608,22.7072916,5827391,137936740.73,2.042,0.6351,285376641.0,6568558824.463915,2026-07-14
2019-11-19,sz.300236,上海新阳,22.8525408,23.26892184,23.26892184,22.58140896,7771464,184482013.03,2.7233,1.0938,285369368.0,6640237519.522198,2026-07-14
2019-11-20,sz.300236,上海新阳,23.05588968,22.60077552,23.1914556,22.44584304,7458527,175842925.01,2.6136,-2.8714,285373699.0,6449666910.411048,2026-07-14
2019-11-21,sz.300236,上海新阳,22.271544,22.513626,22.8525408,22.271544,4045500,94275501.04,1.4176,-0.3856,285376693.0,6424864135.318817,2026-07-14
2019-11-22,sz.300236,上海新阳,22.43615976,22.0778784,22.92032376,22.0778784,6595447,153096257.31,2.3112,-1.9355,285368943.0,6300340822.690531,2026-07-14
2019-11-25,sz.300236,上海新阳,21.9326292,21.061134,22.1262948,21.04176744,7093150,156465493.22,2.4856,-4.6053,285369730.0,6010210123.07382,2026-07-14
2019-11-26,sz.300236,上海新阳,21.22574976,21.0127176,21.37099896,20.89651824,3325538,72477260.32,1.1653,-0.2299,285380417.0,5996618110.991239,2026-07-14
2019-11-27,sz.300236,上海新阳,20.93525136,21.43878192,21.77769672,20.6738028,5875576,129550862.85,2.0589,2.0276,285374520.0,6118082099.804679,2026-07-14
2019-11-28,sz.300236,上海新阳,21.48719832,21.1579668,21.60339768,21.11923368,3361388,73867824.53,1.1779,-1.3098,285371254.0,6037875517.806367,2026-07-14
2019-11-29,sz.300236,上海新阳,21.2547996,21.55498128,21.62276424,21.09018384,3935330,86829155.44,1.379,1.8764,285375635.0,6151266470.193112,2026-07-14
2019-12-02,sz.300236,上海新阳,21.6905472,21.89389608,22.1262948,21.4000488,5193942,116957514.57,1.8201,1.5723,285365749.0,6247768053.397365,2026-07-14
2019-12-03,sz.300236,上海新阳,21.9810456,22.62014208,22.83317424,21.78738,11474114,266554583.65,4.0208,3.3171,285368932.0,6455085787.057858,2026-07-14
2019-12-04,sz.300236,上海新阳,22.513626,23.34638808,23.47227072,22.31027712,15812401,376020015.32,5.541,3.2106,285370890.0,6662379544.674992,2026-07-14
2019-12-05,sz.300236,上海新阳,23.35607136,23.4335376,23.71435272,22.91064048,14296027,345119950.25,5.0096,0.3733,285372625.0,6687290137.9482,2026-07-14
2019-12-06,sz.300236,上海新阳,23.32702152,23.724036,23.76276912,23.1914556,11302636,274733478.81,3.9607,1.2397,285369657.0,6770120015.975653,2026-07-14
2019-12-09,sz.300236,上海新阳,23.89833504,23.84023536,24.3050328,23.54973696,12575860,310223417.77,4.4068,0.4898,285373968.0,6803382562.737109,2026-07-14
2019-12-10,sz.300236,上海新阳,23.724036,24.1113672,24.28566624,23.51100384,11735865,290875053.53,4.1125,1.1373,285370578.0,6880674794.2342415,2026-07-14
2019-12-11,sz.300236,上海新阳,23.99516784,24.42123216,24.7407804,23.83055208,13428813,336415183.68,4.7057,1.2851,285373334.0,6969168441.887221,2026-07-14
2019-12-12,sz.300236,上海新阳,24.31471608,24.9828624,25.48639296,24.04358424,21161271,543693741.67,7.4154,2.2998,285369245.0,7129340581.026888,2026-07-14
2019-12-13,sz.300236,上海新阳,25.09906176,24.68268072,25.176528,24.4018656,14382778,366712253.68,5.04,-1.2015,285372579.0,7043760253.699977,2026-07-14
2019-12-16,sz.300236,上海新阳,24.72141384,25.0796952,25.33146048,24.5955312,15268851,394729008.91,5.3505,1.6085,285372414.0,7157053161.608212,2026-07-14
2019-12-17,sz.300236,上海新阳,25.0796952,24.85697976,25.11842832,24.692364,12854065,330334730.79,4.5043,-0.888,285373199.0,7093515831.589453,2026-07-14
2019-12-18,sz.300236,上海新阳,24.5471148,24.38249904,24.75046368,24.13073376,16081360,405906537.0,5.6352,-1.9088,285373367.0,6958115846.919067,2026-07-14
2019-12-19,sz.300236,上海新阳,24.39218232,25.0312788,25.15716144,24.31471608,14898508,381805171.07,5.2207,2.6608,285373762.0,7143270198.826845,2026-07-14
2019-12-20,sz.300236,上海新阳,25.05064536,24.2082,25.05064536,24.16946688,11323131,285756720.08,3.9679,-3.2882,285368356.0,6908254235.7192,2026-07-14
2019-12-23,sz.300236,上海新阳,23.724036,23.9177016,24.44059872,23.55942024,7131777,176799144.32,2.4991,-1.2,285373815.0,6825485751.623604,2026-07-14
2019-12-24,sz.300236,上海新阳,24.05326752,25.8543576,26.10612288,23.78213568,25708519,671748685.81,9.0088,8.0972,285371182.0,7378088588.1626835,2026-07-14
2019-12-25,sz.300236,上海新阳,25.7575248,26.4353544,27.13255056,25.6122756,34997450,961117883.5,12.2638,2.2472,285371989.0,7543909665.047902,2026-07-14
2019-12-26,sz.300236,上海新阳,26.47408752,27.77164704,28.54630944,26.3385216,33666168,963316630.06,11.7973,5.0549,285371805.0,7925245043.6277075,2026-07-14
2019-12-27,sz.300236,上海新阳,27.85879656,27.2100168,28.36232712,27.00666792,27851230,794324427.32,9.7597,-2.0223,285369735.0,7764915283.561547,2026-07-14
2019-12-30,sz.300236,上海新阳,27.0163512,26.98730136,27.49083192,25.86404088,18808848,519462616.91,6.591,-0.8185,285371689.0,7701411770.655197,2026-07-14
2019-12-31,sz.300236,上海新阳,26.86141872,26.79363576,27.23906664,26.386938,14345039,395609078.7,5.0268,-0.7176,285371190.0,7646131721.257754,2026-07-14
2020-01-02,sz.300236,上海新阳,26.90983512,28.8561744,29.47590432,26.78395248,38780695,1149085644.64,13.5896,7.6979,285370394.0,8234697857.860714,2026-07-14
2020-01-03,sz.300236,上海新阳,28.565676,28.8561744,29.41780464,28.39137696,31429940,940311832.07,11.0137,0.0,285371310.0,8234724290.116464,2026-07-14
2020-01-06,sz.300236,上海新阳,28.807758,28.9530072,29.23382232,28.15897824,22892927,680216475.41,8.0222,0.3356,285369687.0,8262310602.3727455,2026-07-14
2020-01-07,sz.300236,上海新阳,28.91427408,28.7109252,30.2118336,28.4688432,26401216,794108684.54,9.2515,-0.8361,285372275.0,8193302041.678829,2026-07-14
2020-01-08,sz.300236,上海新阳,28.081512,27.51988176,28.35264384,27.4520988,19660289,565698535.62,6.8894,-4.1484,285370119.0,7853351932.71713,2026-07-14
2020-01-09,sz.300236,上海新阳,27.7910136,28.1299284,28.36232712,27.68449752,13627837,394691339.08,4.7755,2.2167,285369846.0,8027433335.499026,2026-07-14
2020-01-10,sz.300236,上海新阳,28.15897824,28.82712456,29.01110688,28.04277888,17790429,526053362.97,6.2341,2.4785,285372853.0,8226478779.47357,2026-07-14
2020-01-13,sz.300236,上海新阳,28.38169368,30.25056672,30.38613264,28.1783448,26535975,808795274.27,9.2988,4.9379,285369886.0,8632600776.321793,2026-07-14
2020-01-14,sz.300236,上海新阳,30.25056672,29.59210368,30.26025,29.35002168,20752985,638695984.27,7.2723,-2.1767,285370309.0,8444707771.121637,2026-07-14
2020-01-15,sz.300236,上海新阳,29.534004,30.13436736,30.3570828,29.3887548,19050805,589480637.46,6.6758,1.8325,285371117.0,8599478073.61154,2026-07-14
2020-01-16,sz.300236,上海新阳,30.19246704,30.3086664,31.54812624,30.1150008,26753583,852576218.0,9.375,0.5784,285371552.0,8649231169.618254,2026-07-14
2020-01-17,sz.300236,上海新阳,30.13436736,29.9697516,30.77346384,29.64052008,17781606,554295262.79,6.231,-1.1182,285373231.0,8552564846.359419,2026-07-14
2020-01-20,sz.300236,上海新阳,29.9213352,31.14142848,31.33509408,29.61147024,20428667,648387854.94,7.1586,3.9095,285372377.0,8886903468.513096,2026-07-14
2020-01-21,sz.300236,上海新阳,30.87029664,32.65202016,33.649398,30.4054992,31330378,1043999366.76,10.9788,4.8508,285371607.0,9317959464.855597,2026-07-14
2020-01-22,sz.300236,上海新阳,31.98387384,35.91528552,35.91528552,31.77084168,31236818,1104220181.26,10.946,9.9941,285371990.0,10249216500.260584,2026-07-14
2020-01-23,sz.300236,上海新阳,35.36333856,37.764792,38.32642224,33.9398964,47872994,1818126753.2,16.7757,5.1496,285371066.0,10776978950.308271,2026-07-14
2020-02-03,sz.300236,上海新阳,33.9883128,33.9883128,33.9883128,33.9883128,4380700,153762570.0,1.5351,-10.0,285369031.0,9699211889.060898,2026-07-14
2020-02-04,sz.300236,上海新阳,31.48034328,37.38714408,37.38714408,31.48034328,36090590,1332166986.24,12.6469,10.0,285371040.0,10669208188.739443,2026-07-14
2020-02-05,sz.300236,上海新阳,36.796464,36.81583056,40.5729432,36.554382,47813938,1882100843.34,16.755,-1.5281,285371161.0,10506176310.086481,2026-07-14
2020-02-06,sz.300236,上海新阳,35.828136,39.6046152,39.66271488,35.51827104,41461932,1614631716.07,14.5291,7.575,285371647.0,11302034268.425234,2026-07-14
2020-02-07,sz.300236,上海新阳,39.0236184,42.97439664,43.55539344,38.81058624,40806920,1728113788.88,14.2996,8.5086,285371059.0,12263649079.042843,2026-07-14
2020-02-10,sz.300236,上海新阳,42.32561688,44.6883372,46.4313276,41.66715384,39221381,1784181128.4,13.744,3.9883,285370933.0,12752752480.982607,2026-07-14
2020-02-11,sz.300236,上海新阳,44.69802048,49.16201256,49.16201256,44.69802048,35614044,1758433472.29,12.4799,10.0108,285371229.0,14029423944.360636,2026-07-14
2020-02-12,sz.300236,上海新阳,50.63387112,54.0811188,54.0811188,48.95866368,34131498,1824814847.25,11.9604,10.0059,285370874.0,15433176138.85383,2026-07-14
2020-02-13,sz.300236,上海新阳,57.07325232,53.8390368,59.49407232,52.8222924,61226182,3593013074.5,21.4549,-0.4476,285371556.0,15364129705.15726,2026-07-14
2020-02-14,sz.300236,上海新阳,55.61107704,55.5336108,58.93244208,53.60663808,56331161,3260422790.39,19.7396,3.1475,285371340.0,15847700929.034472,2026-07-14
2020-02-17,sz.300236,上海新阳,55.06881336,57.84791472,58.17714624,52.29939528,47815663,2747681882.43,16.7556,4.1674,285371237.0,16508130981.516909,2026-07-14
2020-02-18,sz.300236,上海新阳,57.131352,63.62883288,63.62883288,56.6956044,49298917,3129232406.3,17.2754,9.9933,285370625.0,18157799806.98615,2026-07-14
2020-02-19,sz.300236,上海新阳,61.972992,62.5539888,66.19490208,60.04601928,47677015,3105818270.78,16.707,-1.6892,285371491.0,17851125051.853302,2026-07-14
2020-02-20,sz.300236,上海新阳,62.457156,61.04339712,63.67724928,56.6956044,55944824,3491553670.35,19.6042,-2.4149,285371624.0,17420053370.611324,2026-07-14
2020-02-21,sz.300236,上海新阳,59.52312216,65.73010464,66.11743584,59.1648408,43844343,2823218535.77,15.364,7.6777,285370626.0,18757441108.162304,2026-07-14
2020-02-24,sz.300236,上海新阳,64.9748088,67.2503796,71.11400832,64.6843104,37576954,2631020075.4,13.1678,2.3129,285370024.0,19191242440.46111,2026-07-14
2020-02-25,sz.300236,上海新阳,63.51263352,66.814632,68.751288,61.61471064,40531839,2753537945.05,14.2032,-0.6479,285371177.0,19066970174.661865,2026-07-14
2020-02-26,sz.300236,上海新阳,64.6843104,60.1331688,66.330468,60.1331688,31060901,2009377096.3,10.8844,-10.0,285370815.0,17160251388.988571,2026-07-14
2020-02-27,sz.300236,上海新阳,60.59796624,57.52836648,61.43072832,56.23080696,26739960,1615592325.86,9.3702,-4.3317,285372351.0,16417005191.587194,2026-07-14
2020-02-28,sz.300236,上海新阳,54.67179888,58.20619608,60.67543248,54.6136992,37560692,2251880322.68,13.1621,1.1783,285370055.0,16610305376.690384,2026-07-14
2020-03-02,sz.300236,上海新阳,60.5205,59.3585064,61.488828,57.16040184,28991507,1784460030.9,10.1592,1.9797,285371949.0,16939252661.096975,2026-07-14
2020-03-03,sz.300236,上海新阳,59.58122184,64.86829272,65.29435704,59.552172,46203254,3032758880.36,16.1906,9.2822,285370857.0,18511520285.633263,2026-07-14
2020-03-04,sz.300236,上海新阳,63.909648,59.59090512,64.81987632,58.38049512,39890690,2515232114.1,13.9785,-8.1355,285371749.0,17005560818.587456,2026-07-14
2020-03-05,sz.300236,上海新阳,60.7141656,57.41216712,61.004664,53.91650304,34533536,2025695951.08,12.1013,-3.6562,285370464.0,16383736770.279943,2026-07-14
2020-03-06,sz.300236,上海新阳,55.194696,54.8557812,56.80212048,54.76863168,18542472,1062012354.85,6.4977,-4.4527,285369777.0,15654182048.204794,2026-07-14
2020-03-09,sz.300236,上海新阳,52.1928792,50.4498888,54.70084872,50.4014724,22643641,1226415615.82,7.9348,-8.0318,285371289.0,14396949796.762663,2026-07-14
2020-03-10,sz.300236,上海新阳,50.4498888,54.96229728,55.46582784,50.4498888,31292510,1731186392.92,10.9656,8.9443,285369793.0,15684579397.598063,2026-07-14
2020-03-11,sz.300236,上海新阳,55.3883616,51.62156568,55.56266064,51.4182168,27362917,1510063326.27,9.5885,-6.0782,285372238.0,14731361727.165592,2026-07-14
2020-03-12,sz.300236,上海新阳,50.4498888,51.39885024,53.1612072,49.94635824,18034849,958862208.56,6.3198,-0.4314,285370566.0,14667718984.738037,2026-07-14
2020-03-13,sz.300236,上海新阳,48.7068984,52.51242744,54.0327024,48.7068984,26682106,1451199649.31,9.35,2.1665,285370118.0,14985477615.01924,2026-07-14
2020-03-16,sz.300236,上海新阳,54.0327024,52.04763,54.05206896,50.353056,23890926,1296625969.59,8.3719,-0.8851,285370418.0,14852853929.00934,2026-07-14
2020-03-17,sz.300236,上海新阳,53.7906204,55.02039696,55.3399452,51.9507972,28633831,1591055819.73,10.0339,5.7116,285370903.0,15701220363.893654,2026-07-14
2020-03-18,sz.300236,上海新阳,55.32057864,56.51162208,60.38493408,55.03008024,36653461,2174710642.2,12.8346,2.7103,285583197.0,16138769701.26219,2026-07-14
2020-03-19,sz.300236,上海新阳,56.5019388,62.1666576,62.1666576,56.5019388,38855622,2397539161.47,13.6158,10.0068,285371568.0,17740596556.63112,2026-07-14
2020-03-20,sz.300236,上海新阳,62.94132,60.67543248,66.56286672,57.9544308,47200625,3086437017.19,16.5401,-2.3987,285370856.0,17315000104.9878,2026-07-14
2020-03-23,sz.300236,上海新阳,58.09968,54.60401592,58.46764464,54.60401592,23168911,1328502119.43,8.1189,-10.0064,285370075.0,15582352118.391594,2026-07-14
2020-03-24,sz.300236,上海新阳,55.17532944,53.52917184,55.6304436,49.41377784,28437493,1551931435.84,9.9651,-1.9684,285370874.0,15275666552.476988,2026-07-14
2020-03-25,sz.300236,上海新阳,54.1295352,53.24835672,55.05913008,52.17351264,18648472,1036425446.64,6.5348,-0.5246,285371733.0,15195575836.588594,2026-07-14
2020-03-26,sz.300236,上海新阳,52.47369432,51.96048048,55.0010304,51.83459784,15961439,878618905.79,5.5932,-2.4186,285372220.0,14828077666.844265,2026-07-14
2020-03-27,sz.300236,上海新阳,53.0643744,50.23685664,53.18057376,50.02382448,14183741,752636092.21,4.9703,-3.3172,285369917.0,14336087609.697699,2026-07-14
2020-03-30,sz.300236,上海新阳,48.45513312,46.77992568,49.2394788,45.66634848,18976915,924397351.2,6.6499,-6.8813,285371434.0,13349654473.715025,2026-07-14
2020-03-31,sz.300236,上海新阳,47.932236,48.49386624,50.14002384,47.8354032,16678229,844032408.76,5.8444,3.6638,285371107.0,13838748291.618729,2026-07-14
2020-04-01,sz.300236,上海新阳,48.5616492,49.13296272,50.75975376,46.5281604,17440317,898420563.72,6.1115,1.3179,285368846.0,14021016871.967422,2026-07-14
2020-04-02,sz.300236,上海新阳,49.2394788,52.18319592,52.59957696,48.91024728,22226148,1162765527.24,7.7885,6.2081,285371355.0,14891589327.920872,2026-07-14
2020-04-03,sz.300236,上海新阳,51.321384,50.26590648,51.92174736,49.9657248,17883827,938824098.15,6.2669,-3.6742,285369593.0,14344361273.973661,2026-07-14
2020-04-07,sz.300236,上海新阳,51.78618144,51.62156568,52.03794672,51.1277184,13451677,715733386.07,4.7137,2.697,285374059.0,14731455730.036695,2026-07-14
2020-04-08,sz.300236,上海新阳,51.11803512,54.72021528,56.04682464,50.84690328,22279523,1239317740.53,7.8072,6.0026,285371490.0,15615589367.574368,2026-07-14
2020-04-09,sz.300236,上海新阳,54.9041976,53.75188728,55.64981016,53.3064564,15298347,856234487.26,5.3609,-1.7696,285369005.0,15339122589.965755,2026-07-14
2020-04-10,sz.300236,上海新阳,53.46138888,50.3046396,54.42971688,49.80110904,16133731,863056475.98,5.6536,-6.4133,285370932.0,14355481886.576107,2026-07-14
2020-04-13,sz.300236,上海新阳,48.91024728,48.37766688,49.868892,48.10653504,10174778,512406552.74,3.5655,-3.8306,285367494.0,13805413563.112398,2026-07-14
2020-04-14,sz.300236,上海新阳,49.2878952,50.76943704,50.84690328,48.68753184,11228058,580143686.93,3.9345,4.944,285374457.0,14488300527.485687,2026-07-14
2020-04-15,sz.300236,上海新阳,50.7403872,49.85920872,51.9507972,49.75269264,14092383,740605600.04,4.9383,-1.7929,285369115.0,14228278267.026682,2026-07-14
2020-04-16,sz.300236,上海新阳,49.8204756,50.80817016,51.84428112,49.20074568,12508483,655240793.26,4.3832,1.9033,285373312.0,14499295795.218771,2026-07-14
2020-04-17,sz.300236,上海新阳,51.9023808,52.92880848,54.4200336,51.64093224,21493668,1178719037.25,7.5318,4.1738,285372262.0,15104413800.902382,2026-07-14
2020-04-20,sz.300236,上海新阳,52.30907856,52.8707088,53.44202232,51.18581808,15368133,828738780.98,5.3813,-0.1098,285584022.0,15099029665.094795,2026-07-14
2020-04-21,sz.300236,上海新阳,51.92174736,50.6919708,52.289712,49.9657248,13615152,716523266.33,4.771,-4.1209,285373129.0,14466126322.372633,2026-07-14
2020-04-22,sz.300236,上海新阳,49.5783936,51.9992136,52.66735992,49.40409456,14982664,803748019.06,5.2502,2.5788,285373205.0,14839182242.511587,2026-07-14
2020-04-23,sz.300236,上海新阳,51.9023808,50.04319104,51.9023808,49.9657248,12200313,637162199.95,4.2752,-3.7616,285374088.0,14281030003.649773,2026-07-14
2020-04-24,sz.300236,上海新阳,49.44282768,47.4964884,50.83722,45.61793208,15402065,768187935.39,5.3932,-5.089,285583049.0,13564191974.06513,2026-07-14
2020-04-27,sz.300236,上海新阳,47.43838872,46.1892456,47.448072,46.01494656,9410989,454101749.09,3.2954,-2.7523,285579565.0,13190704666.126163,2026-07-14
2020-04-28,sz.300236,上海新阳,46.2860784,47.09947392,47.9806524,44.13639024,14645391,706247628.34,5.1283,1.9706,285579841.0,13450660273.257248,2026-07-14
2020-04-29,sz.300236,上海新阳,46.48942728,46.3829112,47.448072,46.19892888,8982576,434060354.19,3.1454,-1.5214,285578178.0,13245947270.831795,2026-07-14
2020-04-30,sz.300236,上海新阳,46.97359128,48.79404792,49.76237592,46.97359128,16417532,821414379.08,5.7488,5.1983,285581895.0,13934696669.714407,2026-07-14
2020-05-06,sz.300236,上海新阳,47.8354032,52.56084384,52.8707088,47.67078744,22190978,1171492179.63,7.7704,7.7198,285583471.0,15010508222.516169,2026-07-14
2020-05-07,sz.300236,上海新阳,53.15152392,51.321384,53.15152392,51.20518464,18528481,996549726.92,6.488,-2.3581,285580780.0,14656400873.39952,2026-07-14
2020-05-08,sz.300236,上海新阳,52.08636312,51.59251584,52.68672648,51.42790008,15160477,816175738.72,5.3086,0.5283,285583336.0,14733962786.220041,2026-07-14
2020-05-11,sz.300236,上海新阳,52.49306088,53.1127908,53.3548728,51.44726664,16867998,913351230.58,5.9065,2.9467,285583645.0,15168144392.786467,2026-07-14
2020-05-12,sz.300236,上海新阳,52.29939528,52.40591136,52.5802104,50.8856364,13795931,738913794.99,4.8308,-1.3309,285582740.0,14966223758.385925,2026-07-14
2020-05-13,sz.300236,上海新阳,51.91206408,51.97016376,53.13215736,51.8539644,9723206,525304713.74,3.4047,-0.8315,285581872.0,14841736654.727358,2026-07-14
2020-05-14,sz.300236,上海新阳,51.81523128,52.00889688,53.12247408,51.6118824,13473697,729431983.28,4.718,0.0745,285580691.0,14852736709.138145,2026-07-14
2020-05-15,sz.300236,上海新阳,52.2412956,52.63831008,54.18763488,51.49568304,20389306,1116150897.08,7.1396,1.2102,285580509.0,15032475385.54623,2026-07-14
2020-05-18,sz.300236,上海新阳,54.1295352,50.17875696,54.710532,49.87857528,24631375,1338605463.15,8.625,-4.6726,285581159.0,14330107569.816116,2026-07-14
2020-05-19,sz.300236,上海新阳,50.44020552,51.89269752,52.60926024,49.29757848,24254306,1290490280.4,8.4929,3.4157,285583323.0,14819688997.19546,2026-07-14
2020-05-20,sz.300236,上海新阳,52.02826344,55.34962848,57.0829356,52.02826344,46290987,2662745416.68,16.2093,6.6617,285582888.0,15806906751.04545,2026-07-14
2020-05-21,sz.300236,上海新阳,55.20437928,51.44726664,56.32763976,51.24391776,32666007,1803261426.51,11.4384,-7.0504,285581961.0,14692411295.14108,2026-07-14
2020-05-22,sz.300236,上海新阳,51.4666332,48.25178424,51.47631648,47.6417376,24862140,1261872341.28,8.7058,-6.2112,285581337.0,13779809055.894728,2026-07-14
2020-05-25,sz.300236,上海新阳,48.25178424,48.72626496,50.1593904,48.08716848,13869823,703671705.96,4.8567,0.9833,285581218.0,13915306095.867521,2026-07-14
2020-05-26,sz.300236,上海新阳,49.384728,49.73332608,50.10129072,48.91024728,13171401,673370706.21,4.6121,2.0668,285583595.0,14203022053.233658,2026-07-14
2020-05-27,sz.300236,上海新阳,50.07224088,51.805548,53.80998696,48.16463472,28046649,1475470591.18,9.8209,4.1667,285581250.0,14794693154.775,2026-07-14
2020-05-28,sz.300236,上海新阳,50.9340528,54.52654968,56.32763976,50.85658656,31978017,1783443164.75,11.1975,5.2523,285581755.0,15571787751.70909,2026-07-14
2020-05-29,sz.300236,上海新阳,54.5168664,56.39542272,58.40954496,54.226368,38385902,2254921730.65,13.4413,3.4275,285581767.0,16105504471.089546,2026-07-14
2020-06-01,sz.300236,上海新阳,56.9376864,57.33470088,58.16746296,54.86546448,32399953,1899696750.04,11.3452,1.6655,285582916.0,16373811065.298166,2026-07-14
2020-06-02,sz.300236,上海新阳,57.99316392,60.036336,62.2634904,57.62519928,34192848,2127972667.15,11.973,4.712,285582962.0,17145354662.50723,2026-07-14
2020-06-03,sz.300236,上海新阳,59.068008,62.61208848,65.83662072,58.94212536,39817294,2571301163.83,13.9425,4.2903,285582170.0,17880896096.3504,2026-07-14
2020-06-04,sz.300236,上海新阳,62.61208848,59.7458376,62.61208848,59.08737456,28479983,1776615582.32,9.9726,-4.5778,285582326.0,17062355270.626259,2026-07-14
2020-06-05,sz.300236,上海新阳,59.9395032,58.33207872,61.96330872,58.09968,27466931,1699186862.68,9.6179,-2.3663,285581374.0,16658555189.13376,2026-07-14
2020-06-08,sz.300236,上海新阳,59.31977328,58.79687616,61.56629424,58.6806768,25949291,1612396303.26,9.0865,0.7968,285580708.0,16791253521.96112,2026-07-14
2020-06-09,sz.300236,上海新阳,59.17452408,59.794254,60.2300016,58.3901784,19571955,1196889361.13,6.8534,1.6963,285580223.0,17076056391.438643,2026-07-14
2020-06-10,sz.300236,上海新阳,58.6806768,57.4702668,59.92013664,55.920942,22448255,1323240018.1,7.8605,-3.8866,285583042.0,16412533617.295605,2026-07-14
2020-06-11,sz.300236,上海新阳,58.03189704,57.4218504,59.36818968,57.14103528,17424029,1045264091.26,6.1012,-0.0842,285583639.0,16398740995.345604,2026-07-14
2020-06-12,sz.300236,上海新阳,55.4851944,56.56972176,57.8091816,55.4851944,14937595,873387472.92,5.2306,-1.484,285580908.0,16155232505.528158,2026-07-14
2020-06-15,sz.300236,上海新阳,56.12429088,54.88483104,57.45090024,54.86546448,15215715,884715176.72,5.328,-2.9784,285580236.0,15674023001.223326,2026-07-14
2020-06-16,sz.300236,上海新阳,55.9693584,58.36112856,58.4870112,55.68854328,21794302,1292749324.17,7.6315,6.3338,285583463.0,16666973198.753002,2026-07-14
2020-06-17,sz.300236,上海新阳,57.9060144,56.92800312,58.1965128,55.920942,16017259,939997897.32,5.6086,-2.4556,285583907.0,16257721548.71779,2026-07-14
2020-06-18,sz.300236,上海新阳,57.04420248,58.9711752,60.20095176,57.04420248,22593638,1379273042.16,7.9114,3.589,285583310.0,16841183408.205912,2026-07-14
2020-06-19,sz.300236,上海新阳,58.2933456,59.1164244,59.4553392,57.9060144,14857351,901735875.88,5.2025,0.2463,285580990.0,16882527005.412155,2026-07-14
2020-06-22,sz.300236,上海新阳,60.12348552,61.54692768,62.34095664,60.11380224,26461633,1675722293.05,9.2659,4.1114,285580818.0,17576621952.24124,2026-07-14
2020-06-23,sz.300236,上海新阳,61.004664,60.036336,61.004664,59.6974212,15837044,984810303.23,5.5455,-2.4544,285583698.0,17145398849.250528,2026-07-14
2020-06-24,sz.300236,上海新阳,59.552172,59.1164244,61.1983296,59.068008,16707855,1035938379.3,5.8505,-1.5323,285579950.0,16882465524.33078,2026-07-14
2020-06-29,sz.300236,上海新阳,58.1965128,57.68329896,59.552172,57.34438416,12888031,773408036.85,4.5129,-2.4242,285582020.0,16473313037.2607,2026-07-14
2020-06-30,sz.300236,上海新阳,58.5354276,58.15777968,58.81624272,57.70266552,11896367,715454543.26,4.1657,0.8226,285579062.0,16608644169.01706,2026-07-14
2020-07-01,sz.300236,上海新阳,58.2933456,57.64456584,58.7775096,57.23786808,13157608,786544939.01,4.6073,-0.8825,285581751.0,16462236048.221985,2026-07-14
2020-07-02,sz.300236,上海新阳,58.11904656,58.54511088,59.31009,57.43153368,13984958,844076306.52,4.897,1.5622,285582152.0,16719438754.189014,2026-07-14
2020-07-03,sz.300236,上海新阳,58.583844,60.38493408,60.98529744,58.583844,20339788,1263781732.96,7.1222,3.1426,285582938.0,17244906885.502728,2026-07-14
2020-07-06,sz.300236,上海新阳,65.846304,66.4273008,66.4273008,63.909648,18675860,1268354982.79,6.5396,10.0064,285581075.0,18970379971.81236,2026-07-14
2020-07-07,sz.300236,上海新阳,73.07003088,73.07003088,73.07003088,73.07003088,2642481,199401616.26,0.9253,10.0,285581001.0,20867412561.811314,2026-07-14
2020-07-08,sz.300236,上海新阳,73.592928,74.15455824,77.47592328,66.5241336,51319836,3790875215.11,17.9703,1.4842,285581409.0,21177163225.95176,2026-07-14
2020-07-09,sz.300236,上海新阳,71.69500512,77.57275608,79.32542976,71.69500512,36304149,2862465563.0,12.7123,4.6096,285582853.0,22153448996.399498,2026-07-14
2020-07-10,sz.300236,上海新阳,75.9169152,78.67665,80.6617224,75.9169152,30458759,2469247923.36,10.6655,1.423,285582101.0,22468643006.641647,2026-07-14
2020-07-13,sz.300236,上海新阳,78.67665,81.4363848,81.6300504,76.51727856,28070720,2290984651.87,9.8293,3.5077,285582086.0,23256772647.482693,2026-07-14
2020-07-14,sz.300236,上海新阳,79.94515968,77.2725744,80.855388,75.51990072,27727486,2236620531.47,9.7091,-5.113,285582454.0,22067691424.049576,2026-07-14
2020-07-15,sz.300236,上海新阳,75.0938364,70.86224304,75.2390856,69.94233144,30342040,2273832125.25,10.6246,-8.2957,285582893.0,20237044371.832314,2026-07-14
2020-07-16,sz.300236,上海新阳,71.5110228,63.77408208,71.5110228,63.77408208,26531285,1829986792.07,9.2902,-10.0027,285583572.0,18212830161.42759,2026-07-14
2020-07-17,sz.300236,上海新阳,62.8444872,60.77226528,63.89996472,60.33651768,17707471,1132042522.03,6.2005,-4.707,285581340.0,17355424953.497875,2026-07-14
2020-07-20,sz.300236,上海新阳,61.972992,62.85417048,62.94132,59.66837136,15690033,998171356.75,5.4941,3.4258,285579676.0,17949873640.927166,2026-07-14
2020-07-21,sz.300236,上海新阳,62.33127336,61.89552576,64.2001464,61.80837624,12665122,821852559.12,4.4348,-1.5252,285584964.0,17676431495.93067,2026-07-14
2020-07-22,sz.300236,上海新阳,61.98267528,63.20276856,64.3453956,61.57597752,14920033,976083463.37,5.2244,2.112,285583665.0,18049678283.511574,2026-07-14
2020-07-23,sz.300236,上海新阳,62.07950808,62.19570744,63.30928464,60.3268344,12337613,785048131.46,4.3202,-1.5934,285579672.0,17761829730.52316,2026-07-14
2020-07-24,sz.300236,上海新阳,61.79869296,57.79949832,63.40611744,57.02483592,15952825,992137869.63,5.5861,-7.0683,285580727.0,16506422750.460878,2026-07-14
2020-07-27,sz.300236,上海新阳,58.09968,58.51606104,59.6490048,57.82854816,9486122,575675915.48,3.3217,1.2397,285580335.0,16711036314.683647,2026-07-14
2020-07-28,sz.300236,上海新阳,59.6490048,58.08999672,59.99760288,57.3250176,9200641,556295301.46,3.2217,-0.7281,285583419.0,16589539872.996386,2026-07-14
2020-07-29,sz.300236,上海新阳,58.08999672,60.3752508,60.6173328,57.60583272,12148267,746471569.88,4.2539,3.934,285579515.0,17241934841.46736,2026-07-14
2020-07-30,sz.300236,上海新阳,60.5205,59.08737456,60.88846464,58.7290932,11242079,689719684.95,3.9365,-2.1331,285585647.0,16874506093.248941,2026-07-14
2020-07-31,sz.300236,上海新阳,59.068008,60.43335048,60.8109984,58.73877648,11963815,741573885.89,4.1893,2.2779,285580288.0,17258573634.88334,2026-07-14
2020-08-03,sz.300236,上海新阳,61.488828,63.73534896,63.83218176,61.06276368,18211551,1181638553.52,6.377,5.4639,285581794.0,18201655297.212833,2026-07-14
2020-08-04,sz.300236,上海新阳,63.7159824,63.19308528,63.78376536,61.17896304,14291430,922555584.8,5.0043,-0.8508,285582999.0,18046870810.325153,2026-07-14
2020-08-05,sz.300236,上海新阳,67.77327672,63.36738432,67.77327672,63.2802348,17533857,1179265660.9,6.1397,0.2758,285581657.0,18096562613.86142,2026-07-14
2020-08-06,sz.300236,上海新阳,62.7476544,63.05751936,64.38412872,61.73091,12203482,795963681.88,4.2732,-0.489,285581812.0,18008080639.05388,2026-07-14
2020-08-07,sz.300236,上海新阳,62.8929036,60.44303376,63.05751936,59.4069228,11849095,745695825.04,4.1491,-4.1462,285582295.0,17261460297.94328,2026-07-14
2020-08-10,sz.300236,上海新阳,60.31715112,59.9395032,61.17896304,59.13579096,7137936,442513828.73,2.4994,-0.8331,285585981.0,17117881822.02464,2026-07-14
2020-08-11,sz.300236,上海新阳,59.70710448,58.8743424,60.4236672,58.8743424,6479460,400252431.0,2.2689,-1.7771,285577152.0,16813167028.464846,2026-07-14
2020-08-12,sz.300236,上海新阳,58.51535533,59.70875422,59.80577852,57.50630261,7774108,469410156.4,2.7222,1.4173,285581809.0,17051734043.283985,2026-07-14
2020-08-13,sz.300236,上海新阳,59.9610174,59.05869141,60.03863684,58.94226225,4362820,267124324.27,1.5277,-1.0887,285580939.0,16866036548.979034,2026-07-14
2020-08-14,sz.300236,上海新阳,58.68999907,59.42738375,59.7669688,58.66089178,4595123,280587526.51,1.609,0.6243,285588751.0,16971792300.360195,2026-07-14
2020-08-17,sz.300236,上海新阳,59.44678861,61.92090826,62.37692247,59.34006188,10465312,662687535.59,3.6591,4.1959,286007816.0,17709863736.17896,2026-07-14
2020-08-18,sz.300236,上海新阳,62.095552,61.42608433,62.2896006,61.00887984,6796466,430175989.3,2.3763,-0.7991,286010436.0,17568501160.996067,2026-07-14
2020-08-19,sz.300236,上海新阳,61.4163819,58.19517514,61.55221592,58.0205314,8910266,544729670.4,3.1154,-5.2598,286007126.0,16644234788.85805,2026-07-14
2020-08-20,sz.300236,上海新阳,57.40927831,57.86529252,58.8937501,56.5651669,5159556,307942363.53,1.804,-0.5669,286006430.0,16549845734.550903,2026-07-14
2020-08-21,sz.300236,上海新阳,58.4086286,57.244337,58.94226225,56.9532641,4828807,288651383.15,1.6883,-1.0731,286015933.0,16372792456.021421,2026-07-14
2020-08-24,sz.300236,上海新阳,57.9235071,59.12660842,60.24238787,55.18742184,9980261,598007318.27,3.4895,3.2881,286008339.0,16910703064.907614,2026-07-14
2020-08-25,sz.300236,上海新阳,59.23333515,59.25274001,59.63113478,58.34071159,6766600,411957957.95,2.3659,0.2133,286005326.0,16946599222.953293,2026-07-14
2020-08-26,sz.300236,上海新阳,59.34976431,55.303851,59.34976431,54.98367081,10095829,591910887.87,3.5299,-6.6645,286008924.0,15817394917.566324,2026-07-14
2020-08-27,sz.300236,上海新阳,55.29414857,56.81743008,57.66154149,54.63438333,7665319,445035713.34,2.6801,2.7368,286008694.0,16250278973.617115,2026-07-14
2020-08-28,sz.300236,上海新阳,56.82713251,57.57421962,58.6026772,56.5651669,7236647,429927416.81,2.5302,1.332,286010869.0,16466852585.51305,2026-07-14
2020-08-31,sz.300236,上海新阳,58.1175557,57.02118111,58.4086286,56.9532641,5083876,301967380.49,1.7775,-0.9606,286012714.0,16308782764.756632,2026-07-14
2020-09-01,sz.300236,上海新阳,56.6621912,56.58457176,56.79802522,55.303851,5688459,328894999.26,1.9889,-0.7657,286010307.0,16183770740.541132,2026-07-14
2020-09-02,sz.300236,上海新阳,56.1770697,55.99272353,57.39957588,55.70165063,4638733,269243178.95,1.6219,-1.046,286006104.0,16014260709.164427,2026-07-14
2020-09-03,sz.300236,上海新阳,56.57486933,56.31290372,57.40927831,55.85688951,7079381,413480587.23,2.4752,0.5718,286012484.0,16106193474.210041,2026-07-14
2020-09-04,sz.300236,上海新阳,55.303851,58.09815084,58.7967258,54.99337324,11882210,706662687.62,4.1545,3.1702,286008184.0,16616546615.506475,2026-07-14
2020-09-07,sz.300236,上海新阳,58.0205314,55.91510409,58.82583309,55.7889725,10376100,613119164.52,3.6279,-3.7575,286008435.0,15992191413.643,2026-07-14
2020-09-08,sz.300236,上海新阳,56.36141587,51.45198629,56.94356167,51.16091339,13881508,756257631.74,4.8535,-7.982,286010261.0,14715796027.771322,2026-07-14
2020-09-09,sz.300236,上海新阳,50.452636,48.36661355,51.77216648,48.36661355,10403558,529902368.85,3.6375,-5.9966,286008467.0,13833260995.416927,2026-07-14
2020-09-10,sz.300236,上海新阳,48.90994963,47.08589279,49.26893954,46.42612755,6667081,329941668.67,2.3311,-2.6479,286005791.0,13466838012.345148,2026-07-14
2020-09-11,sz.300236,上海新阳,47.53220457,48.64798402,48.66738888,46.6686883,5406454,267444054.49,1.8903,3.3175,286010369.0,13913827860.666304,2026-07-14
2020-09-14,sz.300236,上海新阳,49.44358328,51.23853283,52.393122,48.78381804,9181097,481630408.22,3.2101,5.3251,286006573.0,14654557180.25629,2026-07-14
2020-09-15,sz.300236,上海新阳,50.75341133,51.68484461,53.363365,49.60852459,9480874,503462013.55,3.3149,0.871,286007843.0,14782270922.696276,2026-07-14
2020-09-16,sz.300236,上海新阳,51.07359152,50.31680198,51.85948835,50.14215824,4982388,260806135.33,1.742,-2.6469,286015385.0,14391379490.278463,2026-07-14
2020-09-17,sz.300236,上海新阳,50.1615631,51.77216648,52.5871706,49.92870478,8721520,465795106.28,3.0494,2.8924,286007739.0,14807240278.07639,2026-07-14
2020-09-18,sz.300236,上海新阳,51.47139115,52.56776574,53.24693584,51.47139115,7788153,421341290.86,2.723,1.5367,286013698.0,15035101074.895105,2026-07-14
2020-09-21,sz.300236,上海新阳,52.49984873,51.88859564,53.08199453,51.8109762,5274035,284229313.65,1.844,-1.292,286010575.0,14840687074.938892,2026-07-14
2020-09-22,sz.300236,上海新阳,51.422879,51.3258547,52.38341957,50.71460161,4086878,217660983.04,1.4289,-1.0845,286015676.0,14679999028.298277,2026-07-14
2020-09-23,sz.300236,上海新阳,51.8109762,52.26699041,53.27604313,51.16091339,7068988,381254151.22,2.4716,1.8336,286008577.0,14948807551.236746,2026-07-14
2020-09-24,sz.300236,上海新阳,51.66543975,50.61757731,52.73270705,50.5496603,5107571,270986674.59,1.7858,-3.1557,286010248.0,14477145839.592274,2026-07-14
2020-09-25,sz.300236,上海新阳,50.89894778,50.0645388,51.30644984,49.99662179,3169695,164813996.93,1.1082,-1.0926,286021927.0,14319555861.942268,2026-07-14
2020-09-28,sz.300236,上海新阳,49.97721693,49.06518851,50.29739712,49.04578365,3206544,164021035.11,1.1211,-1.9961,286017661.0,14033510454.154274,2026-07-14
2020-09-29,sz.300236,上海新阳,49.6764416,49.79287076,50.6466846,49.482393,3408537,175912285.74,1.1918,1.4831,285999077.0,14240715078.540289,2026-07-14
2020-09-30,sz.300236,上海新阳,50.19067039,49.3853687,51.17061582,49.3853687,3479274,179751118.19,1.2165,-0.8184,286006905.0,14124556454.170874,2026-07-14
2020-10-09,sz.300236,上海新阳,50.47204086,51.1318061,51.72365433,50.01602665,4973185,261785267.53,1.7388,3.5363,286012480.0,14624334669.540127,2026-07-14
2020-10-12,sz.300236,上海新阳,51.9080005,53.363365,53.63503304,51.20942554,6987024,379325576.37,2.4429,4.3643,286013509.0,15262643275.697786,2026-07-14
2020-10-13,sz.300236,上海新阳,53.34396014,52.8782435,53.34396014,52.393122,4324686,235384682.82,1.5121,-0.9091,286005291.0,15123457419.78636,2026-07-14
2020-10-14,sz.300236,上海新阳,53.8484865,52.59687303,54.31420314,52.51925359,7257857,398648125.37,2.5376,-0.5321,286012650.0,15043371037.023829,2026-07-14
2020-10-15,sz.300236,上海新阳,52.37371714,51.7139519,53.73205734,51.65573732,5158004,280005947.41,1.8034,-1.6787,286015526.0,14790993154.2172,2026-07-14
2020-10-16,sz.300236,上海新阳,51.91770293,51.30644984,52.61627789,51.06388909,3605098,191418521.01,1.2605,-0.788,286005395.0,14673921452.536886,2026-07-14
2020-10-19,sz.300236,上海新阳,52.2960977,50.86013806,52.2960977,50.66608946,3194466,169104123.82,1.1169,-0.8699,286011818.0,14546600550.271593,2026-07-14
2020-10-20,sz.300236,上海新阳,50.86013806,50.7437089,51.09299638,49.58911973,3867143,200238421.71,1.3521,-0.2289,286010132.0,14513214880.658575,2026-07-14
2020-10-21,sz.300236,上海新阳,51.27734255,49.37566627,51.27734255,49.00697393,3746420,192382820.56,1.3099,-2.696,286008092.0,14121840101.111458,2026-07-14
2020-10-22,sz.300236,上海新阳,49.36596384,49.29804683,49.8704902,48.7061986,2999204,152706110.28,1.0486,-0.1572,286019836.0,14100219269.436918,2026-07-14
2020-10-23,sz.300236,上海新阳,49.16221281,47.24113167,49.64733431,46.67839073,5854442,288216678.58,2.0469,-4.1724,286015047.0,13511674494.92824,2026-07-14
2020-10-26,sz.300236,上海新阳,46.74630774,47.01797578,47.48369242,46.10594736,2932340,141368271.36,1.0253,-0.4724,285998244.0,13447058509.51453,2026-07-14
2020-10-27,sz.300236,上海新阳,46.8627369,46.90154662,47.27994139,46.67839073,2465860,119310526.25,0.8622,-0.2476,285996289.0,13413668281.680492,2026-07-14
2020-10-28,sz.300236,上海新阳,46.91124905,46.571664,47.18291709,45.6984453,3288899,157170988.51,1.1499,-0.7034,286016088.0,13320245148.930431,2026-07-14
2020-10-29,sz.300236,上海新阳,46.17386437,45.70814773,46.17386437,45.23272866,3988323,187929451.77,1.3945,-1.8542,286003801.0,13072703987.449522,2026-07-14
2020-10-30,sz.300236,上海新阳,46.13505465,46.32910325,47.78446775,46.09624493,8384178,404732326.79,2.9314,1.3585,286012758.0,13250714596.199265,2026-07-14
2020-11-02,sz.300236,上海新阳,46.32910325,44.66028529,46.55225914,44.17516379,6002901,277664965.0,2.0988,-3.6021,286015866.0,12773550173.026411,2026-07-14
2020-11-03,sz.300236,上海新阳,45.3103481,49.72495375,52.62598032,45.08719221,14971770,762691861.18,5.2347,11.3404,286010087.0,14221838348.108475,2026-07-14
2020-11-04,sz.300236,上海新阳,49.45328571,49.1913201,50.452636,48.9972715,7549935,386127854.59,2.6397,-1.0732,286014888.0,14069449908.973648,2026-07-14
2020-11-05,sz.300236,上海新阳,50.0645388,50.36531413,52.02442966,49.86078777,8933190,466248034.46,3.1234,2.3866,286008516.0,14404908752.195131,2026-07-14
2020-11-06,sz.300236,上海新阳,50.36531413,53.7514622,54.83813436,49.97721693,21015125,1150757910.48,7.3477,6.7232,286009568.0,15373432483.190329,2026-07-14
2020-11-09,sz.300236,上海新阳,54.63438333,56.52635718,58.09815084,53.9455108,26153065,1517521863.83,9.1441,5.1625,286010269.0,16167118622.64188,2026-07-14
2020-11-10,sz.300236,上海新阳,55.33295829,54.38212015,56.22558185,53.8484865,15703824,887952422.54,5.4907,-3.7933,286007686.0,15553704343.875473,2026-07-14
2020-11-11,sz.300236,上海新阳,53.96491566,52.73270705,55.61432876,52.73270705,10940444,609883370.54,3.8252,-3.033,286009725.0,15082067041.876062,2026-07-14
2020-11-12,sz.300236,上海新阳,53.5574136,52.73270705,54.30450071,52.16996611,7458911,408730382.82,2.6079,0.0,286012155.0,15082195182.354193,2026-07-14
2020-11-13,sz.300236,上海新阳,52.53865845,53.29544799,54.0425351,52.15056125,7927227,436218557.62,2.7717,1.0672,286005953.0,15242815392.941885,2026-07-14
2020-11-16,sz.300236,上海新阳,53.44098444,52.0050248,53.83878407,51.54901059,7723395,418913212.23,2.7004,-2.4213,286009295.0,14873920479.505516,2026-07-14
2020-11-17,sz.300236,上海新阳,52.0050248,54.333608,54.4306323,50.47204086,13639701,736997892.79,4.769,4.4776,286007570.0,15539823193.41256,2026-07-14
2020-11-18,sz.300236,上海新阳,53.77086706,55.1098024,56.64278634,53.7514622,16376015,938429174.44,5.7257,1.4286,286008960.0,15761897270.229504,2026-07-14
2020-11-19,sz.300236,上海新阳,54.30450071,54.63438333,56.50695232,54.0425351,11736560,669599256.0,4.1036,-0.8627,286006433.0,15625785095.367962,2026-07-14
2020-11-20,sz.300236,上海新阳,54.32390557,52.6841949,55.09039754,52.6841949,9462184,521718518.9,3.3083,-3.5695,286013481.0,15068389977.031446,2026-07-14
2020-11-23,sz.300236,上海新阳,53.62533061,53.17901883,53.74175977,51.86919078,6648679,362507689.95,2.3246,0.9392,286013895.0,15209938307.846642,2026-07-14
2020-11-24,sz.300236,上海新阳,53.29544799,53.39247229,54.67319305,52.76181434,8259186,458951039.72,2.8877,0.4014,286012605.0,15270920087.053215,2026-07-14
2020-11-25,sz.300236,上海新阳,53.41187715,52.34460985,53.96491566,52.28639527,7081473,388198103.81,2.476,-1.9626,286004564.0,14970797317.899355,2026-07-14
2020-11-26,sz.300236,上海新阳,52.34460985,50.44293357,52.77151677,50.3556117,7151116,379251670.18,2.5003,-3.633,286010319.0,14427199521.651508,2026-07-14
2020-11-27,sz.300236,上海新阳,49.99662179,50.17126553,50.96686479,49.56001244,5162070,266784669.75,1.8049,-0.5386,286003103.0,14349137623.01694,2026-07-14
2020-11-30,sz.300236,上海新阳,50.2585874,50.50114815,51.41317657,49.80257319,5460595,285129514.73,1.9092,0.6575,286014823.0,14444076949.419027,2026-07-14
2020-12-01,sz.300236,上海新阳,50.57876759,51.0347818,51.11240124,50.22948011,4093771,214135961.05,1.4313,1.0567,286017676.0,14596849685.603096,2026-07-14
2020-12-02,sz.300236,上海新阳,51.422879,52.42222929,53.23723341,51.38406928,8246684,445952165.84,2.8834,2.7186,286005549.0,14993048467.89033,2026-07-14
2020-12-03,sz.300236,上海新阳,52.12145396,51.98561994,53.06258967,51.9080005,5206563,280909186.45,1.8204,-0.8329,286012030.0,14868512689.847878,2026-07-14
2020-12-04,sz.300236,上海新阳,51.86919078,52.25728798,52.95586294,51.86919078,4410128,238188635.25,1.542,0.5226,286000519.0,14945611483.812462,2026-07-14
2020-12-07,sz.300236,上海新阳,53.35366257,53.03348238,53.8484865,52.56776574,9479817,520882165.54,3.3145,1.4853,286010469.0,15168131168.207037,2026-07-14
2020-12-08,sz.300236,上海新阳,52.73270705,54.333608,54.77021735,52.49984873,9738191,542557119.62,3.4048,2.4515,286013598.0,15540150716.401583,2026-07-14
2020-12-09,sz.300236,上海新阳,54.34331043,51.44228386,54.42092987,51.43258143,8750434,475580728.79,3.0595,-5.3214,286008629.0,14712937079.42743,2026-07-14
2020-12-10,sz.300236,上海新阳,50.78251862,50.30709955,52.06323938,50.19067039,6261220,329145514.69,2.1892,-2.2067,286004933.0,14388078636.222078,2026-07-14
2020-12-11,sz.300236,上海新阳,50.63698217,48.07554065,50.6466846,47.12470251,9341744,465774585.45,3.2662,-4.4359,286012614.0,13750211050.76976,2026-07-14
2020-12-14,sz.300236,上海新阳,47.81357504,48.24048196,48.9002472,47.58071672,3422605,170231215.34,1.1967,0.3431,286003593.0,13796951168.611681,2026-07-14
2020-12-15,sz.300236,上海新阳,48.19196981,47.97851635,48.51215,47.8329799,2718541,134631109.31,0.9505,-0.543,286011678.0,13722415969.213936,2026-07-14
2020-12-16,sz.300236,上海新阳,48.05613579,45.44618212,48.23077953,45.38796754,7995665,380836008.82,2.7956,-5.2781,286008907.0,12998012875.464144,2026-07-14
2020-12-17,sz.300236,上海新阳,45.39766997,47.80387261,47.86208719,45.0192752,7605927,366581715.6,2.6593,5.1879,286012372.0,13672498995.971931,2026-07-14
2020-12-18,sz.300236,上海新阳,48.9972715,48.45393542,50.62727974,48.38601841,8699733,443719653.74,3.0418,1.3599,286006082.0,13858120226.955225,2026-07-14
2020-12-21,sz.300236,上海新阳,48.68679374,49.8704902,50.53025544,48.0270285,8103970,416684161.3,2.8335,2.9235,286005647.0,14263241815.85816,2026-07-14
2020-12-22,sz.300236,上海新阳,49.43388085,47.64863373,50.05483637,47.64863373,6372343,320162972.54,2.228,-4.4553,286011804.0,13628071691.252548,2026-07-14
2020-12-23,sz.300236,上海新阳,47.62922887,48.43453056,49.01667636,47.19261952,5927265,293993400.46,2.0724,1.6494,286009699.0,13852745506.671902,2026-07-14
2020-12-24,sz.300236,上海新阳,48.0270285,46.9597612,48.85173505,46.7657126,4492766,220748210.6,1.5708,-3.0449,286017698.0,13431322797.053719,2026-07-14
2020-12-25,sz.300236,上海新阳,47.14410737,47.50309728,47.7359556,46.49404456,3702556,180668557.57,1.2946,1.157,286000000.0,13585885822.08,2026-07-14
2020-12-28,sz.300236,上海新阳,47.29934625,46.17386437,47.42547784,45.82457689,4339508,207938873.26,1.5173,-2.7982,286001977.0,13205816495.549858,2026-07-14
2020-12-29,sz.300236,上海新阳,46.1835668,47.13440494,48.27929168,46.15445951,4060658,198128131.3,1.4198,2.0803,286002113.0,13480539407.837639,2026-07-14
2020-12-30,sz.300236,上海新阳,47.0567855,47.22172681,47.76506289,46.4746397,3654152,177561319.35,1.2776,0.1853,286016907.0,13506212245.395176,2026-07-14
2020-12-31,sz.300236,上海新阳,47.42547784,47.82327747,48.30839897,47.22172681,4786027,236148350.47,1.6734,1.2739,286006155.0,13677751708.692827,2026-07-14
2021-01-04,sz.300236,上海新阳,47.82327747,48.23077953,48.79352047,47.7359556,5907236,294678430.13,2.0654,0.8521,286009296.0,13794451298.906511,2026-07-14
2021-01-05,sz.300236,上海新阳,48.25018439,49.78316833,49.80257319,47.74565803,10049831,506775332.93,3.5138,3.2187,286010331.0,14238500452.292017,2026-07-14
2021-01-06,sz.300236,上海新阳,51.422879,49.88019263,53.14020911,49.76376347,11164002,589382531.68,3.9034,0.1949,286007122.0,14266090338.911911,2026-07-14
2021-01-07,sz.300236,上海新阳,48.62857916,47.8329799,49.21072496,47.0567855,8485690,420473064.32,2.9669,-4.1043,286011999.0,13680806199.325819,2026-07-14
2021-01-08,sz.300236,上海新阳,47.85238476,47.81357504,48.77411561,46.68809316,5172830,255072010.02,1.8086,-0.0406,286012938.0,13675301073.47387,2026-07-14
2021-01-11,sz.300236,上海新阳,47.81357504,47.91059934,49.47269057,47.79417018,6003982,300545347.41,2.0992,0.2029,286012862.0,13703047637.36871,2026-07-14
2021-01-12,sz.300236,上海新阳,47.541907,47.39637055,47.92030177,46.84333204,4743667,230440944.63,1.6586,-1.0733,286004281.0,13555564881.162325,2026-07-14
2021-01-13,sz.300236,上海新阳,47.2508341,48.9972715,49.2883444,47.0567855,8001525,399077521.99,2.7976,3.3777,286013905.0,14013900956.060207,2026-07-14
2021-01-14,sz.300236,上海新阳,48.94875935,51.07359152,52.63568275,48.61887673,14557883,762694124.21,5.09,4.2376,286009489.0,14607531812.029934,2026-07-14
2021-01-15,sz.300236,上海新阳,51.14150853,49.31745169,51.80127377,49.11370066,8863837,460417011.74,3.0991,-3.4384,286013262.0,14105445231.384312,2026-07-14
2021-01-18,sz.300236,上海新阳,49.482393,51.58782031,52.07294181,48.56066215,10499066,551230061.1,3.6709,4.6036,286007954.0,14754526938.182745,2026-07-14
2021-01-19,sz.300236,上海新阳,51.64603489,50.75341133,52.08264424,50.0645388,8800722,463399758.44,3.0771,-1.6175,286007020.0,14515831929.327536,2026-07-14
2021-01-20,sz.300236,上海新阳,50.98626965,50.21977768,51.88859564,49.79287076,7605213,397155290.51,2.6591,-1.0514,286007032.0,14363209561.956646,2026-07-14
2021-01-21,sz.300236,上海新阳,50.92805507,50.46233843,51.53930816,50.0645388,7323607,382074600.34,2.5606,0.483,286011365.0,14432802295.456257,2026-07-14
2021-01-22,sz.300236,上海新阳,50.17126553,48.37631598,50.21977768,48.0270285,8366189,421007628.39,2.9251,-4.1338,286013777.0,13836292850.785257,2026-07-14
2021-01-25,sz.300236,上海新阳,47.541907,47.21202438,48.18226738,46.6686883,5805953,283242806.28,2.03,-2.4067,286007537.0,13502994809.707752,2026-07-14
2021-01-26,sz.300236,上海新阳,47.33815597,46.38731783,48.06583822,46.3776154,4799205,232048069.48,1.678,-1.7468,286007449.0,13267118438.510515,2026-07-14
2021-01-27,sz.300236,上海新阳,46.4746397,46.13505465,46.98886849,45.70814773,3481747,165763414.51,1.2174,-0.5438,285998604.0,13194561225.363708,2026-07-14
2021-01-28,sz.300236,上海新阳,45.7954696,45.73725502,46.34850811,45.601421,2930161,138938755.2,1.0245,-0.8623,286008882.0,13081261174.019087,2026-07-14
2021-01-29,sz.300236,上海新阳,46.32910325,46.2805911,46.4746397,45.38796754,3090055,146028706.43,1.0804,1.188,286010274.0,13236724541.392962,2026-07-14
2021-02-01,sz.300236,上海新阳,45.93130362,46.93065391,46.97916606,45.93130362,2741261,131498038.98,0.9585,1.4046,285994888.0,13421927108.757212,2026-07-14
2021-02-02,sz.300236,上海新阳,46.94035634,45.33945539,46.94035634,45.3103481,3732830,177208303.81,1.3051,-3.3905,286018696.0,12967931907.99797,2026-07-14
2021-02-03,sz.300236,上海新阳,45.48499184,40.27478693,45.77606474,39.1007929,11633429,499853882.99,4.0675,-11.1706,286009318.0,11518964342.444613,2026-07-14
2021-02-04,sz.300236,上海新阳,40.10014319,40.59496712,40.6531817,38.1305499,7377436,298756664.73,2.5794,0.795,286013647.0,11610714595.836287,2026-07-14
2021-02-05,sz.300236,上海新阳,40.5561574,38.85823215,41.18681535,38.85823215,4094313,169660036.3,1.4315,-4.2782,286015578.0,11114059728.440432,2026-07-14
2021-02-08,sz.300236,上海新阳,39.70234356,38.66418355,39.70234356,38.63507626,2895864,117031990.21,1.0125,-0.4994,286011259.0,11058391815.342588,2026-07-14
2021-02-09,sz.300236,上海新阳,38.66418355,39.38216337,39.41127066,38.66418355,3251336,131289352.82,1.1368,1.857,286007741.0,11263603581.146646,2026-07-14
2021-02-10,sz.300236,上海新阳,39.61502169,39.12990019,39.71204599,38.9067443,3260452,131823431.92,1.14,-0.6406,286004561.0,11191329925.814766,2026-07-14
2021-02-18,sz.300236,上海新阳,39.92549945,41.65253199,43.03997948,39.92549945,6255209,268014094.83,2.1871,6.4468,286004709.0,11912820290.913141,2026-07-14
2021-02-19,sz.300236,上海新阳,41.1383032,42.64217985,42.86533574,40.85693273,5252241,229461695.62,1.8364,2.376,286007460.0,12195981547.76168,2026-07-14
2021-02-22,sz.300236,上海新阳,42.87503817,42.14735592,44.0490322,41.720449,5382396,238975926.65,1.8819,-1.1604,286008608.0,12054506597.55976,2026-07-14
2021-02-23,sz.300236,上海新阳,41.82717573,41.54580526,42.1085462,41.40997124,3199344,137440522.0,1.1186,-1.4273,286013231.0,11882649996.909395,2026-07-14
2021-02-24,sz.300236,上海新阳,41.9144976,42.0115219,43.13700378,41.54580526,4890295,213764185.86,1.7098,1.121,286015616.0,12015951315.32599,2026-07-14
2021-02-25,sz.300236,上海新阳,42.37051181,40.95395703,42.4966434,40.9442546,3227162,137384500.8,1.1283,-2.5173,286019853.0,11713644769.488916,2026-07-14
2021-02-26,sz.300236,上海新阳,40.3621088,40.40091852,41.27413722,40.17776263,2421569,101482639.89,0.8467,-1.3504,286000827.0,11554696108.279615,2026-07-14
2021-03-01,sz.300236,上海新阳,41.02187404,41.47788825,41.47788825,40.73080114,3155587,133962475.5,1.1033,2.6657,286013505.0,11863236198.380816,2026-07-14
2021-03-02,sz.300236,上海新阳,41.720449,40.98306432,42.0115219,40.6531817,3294374,140157365.3,1.1518,-1.193,286019621.0,11721960524.225021,2026-07-14
2021-03-03,sz.300236,上海新阳,40.75990843,41.14800563,41.25473236,40.33300151,2404665,101086161.37,0.8408,0.4025,285997265.0,11768217070.384602,2026-07-14
2021-03-04,sz.300236,上海新阳,42.11824863,42.690692,44.51474884,42.11824863,9545104,427000336.77,3.3373,3.7491,286012765.0,12210082858.68338,2026-07-14
2021-03-05,sz.300236,上海新阳,41.21592264,42.54515555,42.85563331,40.62407441,5396998,232196162.49,1.887,-0.3409,286009433.0,12168315815.752302,2026-07-14
2021-03-08,sz.300236,上海新阳,42.93325275,41.3323518,43.06908677,41.2353275,4280202,186296347.01,1.4965,-2.8506,286014166.0,11821638128.895597,2026-07-14
2021-03-09,sz.300236,上海新阳,42.690692,42.84593088,44.26248566,42.690692,12314359,552321946.42,4.3056,3.662,286007966.0,12254277542.365389,2026-07-14
2021-03-10,sz.300236,上海新阳,42.86533574,41.79806844,43.1758135,41.2353275,6625535,285647088.94,2.3165,-2.4457,286014893.0,11954870072.473278,2026-07-14
2021-03-11,sz.300236,上海新阳,41.98241461,43.43777911,44.50504641,40.85693273,8687937,383052833.33,3.0376,3.9229,286013201.0,12423778247.582031,2026-07-14
2021-03-12,sz.300236,上海新阳,43.98111519,43.19521836,44.631178,42.80712116,8532978,385058240.72,2.9835,-0.5584,286005631.0,12354075683.234585,2026-07-14
2021-03-15,sz.300236,上海新阳,41.8174733,41.32264937,42.3025948,41.02187404,6052937,258440580.08,2.1163,-4.3351,286015073.0,11818900576.113955,2026-07-14
2021-03-16,sz.300236,上海新阳,41.34205423,40.28448936,41.58461498,39.5859144,5208155,216831786.48,1.821,-2.5123,286005217.0,11521574121.140991,2026-07-14
2021-03-17,sz.300236,上海新阳,39.89639216,40.33300151,40.89574245,39.89639216,3340949,139267081.76,1.1681,0.1204,286015666.0,11535870288.661657,2026-07-14
2021-03-18,sz.300236,上海新阳,40.80842058,40.61437198,40.87633759,40.10014319,3175326,132185963.84,1.1102,0.6976,286013871.0,11616273748.233734,2026-07-14
2021-03-19,sz.300236,上海新阳,40.20686992,40.34270394,40.82782544,39.92549945,3040698,126463240.07,1.0631,-0.6689,286021823.0,11538893725.668083,2026-07-14
2021-03-22,sz.300236,上海新阳,40.35240637,40.19716749,40.63377684,40.01282132,2385305,98975473.63,0.834,-0.3608,286007794.0,11496703198.863417,2026-07-14
2021-03-23,sz.300236,上海新阳,41.2353275,41.82717573,43.93260304,41.2353275,14889330,653730612.0,5.2059,4.055,286008759.0,11962938623.012218,2026-07-14
2021-03-24,sz.300236,上海新阳,40.8472303,40.24567964,41.22562507,39.92549945,7121475,296620035.29,2.4899,-3.781,286014499.0,11510847899.1491,2026-07-14
2021-03-25,sz.300236,上海新阳,40.1680602,40.0710359,40.74050357,39.779963,3715974,154081885.15,1.2992,-0.4339,286020166.0,11461124339.90996,2026-07-14
2021-03-26,sz.300236,上海新阳,40.30389422,40.46883553,40.64347927,39.79936786,4120826,170881386.29,1.4408,0.9927,286009578.0,11574474572.086706,2026-07-14
2021-03-29,sz.300236,上海新阳,40.62407441,40.32329908,40.87633759,40.31359665,3855051,161189235.66,1.3479,-0.3596,286004229.0,11532634064.111809,2026-07-14
2021-03-30,sz.300236,上海新阳,40.0710359,39.32394879,40.28448936,39.27543664,4692171,190986124.63,1.6406,-2.4783,286003352.0,11246781167.816345,2026-07-14
2021-03-31,sz.300236,上海新阳,39.32394879,39.52769982,39.65383141,38.76120785,3253344,131914132.84,1.1375,0.5181,286008264.0,11305248805.431313,2026-07-14
2021-04-01,sz.300236,上海新阳,39.38216337,40.27478693,40.63377684,39.38216337,4434350,183774973.16,1.5504,1.89,286013287.0,11519124193.073938,2026-07-14
2021-04-02,sz.300236,上海新阳,40.96365946,41.79806844,41.97271218,40.96365946,9448247,405073904.75,3.3035,3.7822,286007174.0,11954547433.18299,2026-07-14
2021-04-06,sz.300236,上海新阳,42.0115219,41.32264937,42.07943891,41.16741049,4811440,205763260.5,1.6823,-1.1374,286003685.0,11818429993.782928,2026-07-14
2021-04-07,sz.300236,上海新阳,41.07038619,41.29354208,41.29354208,40.63377684,3578033,150672353.83,1.251,-0.0704,286013829.0,11810524083.273424,2026-07-14
2021-04-08,sz.300236,上海新阳,40.3621088,39.63442655,40.3621088,39.47918767,6463124,265569648.93,2.2598,-4.0179,286004248.0,11335614360.343985,2026-07-14
2021-04-09,sz.300236,上海新阳,39.44037795,39.41127066,39.90609459,39.30454393,2702026,109976892.45,0.9447,-0.563,286019477.0,11272391022.078644,2026-07-14
2021-04-12,sz.300236,上海新阳,39.41127066,39.04257832,39.75085571,38.93585159,2681200,108641151.72,0.9375,-0.9355,285994667.0,11165969185.449818,2026-07-14
2021-04-13,sz.300236,上海新阳,39.0037686,38.98436374,39.45978281,38.78061271,2115859,85141064.15,0.7398,-0.1491,286004190.0,11149691374.124071,2026-07-14
2021-04-14,sz.300236,上海新阳,38.98436374,39.32394879,39.53740225,38.98436374,1768872,71579865.19,0.6185,0.8711,285993856.0,11246407747.598635,2026-07-14
2021-04-15,sz.300236,上海新阳,39.04257832,39.0037686,39.2948415,38.80001757,2105264,84460758.53,0.7361,-0.8142,286002445.0,11155173183.814228,2026-07-14
2021-04-16,sz.300236,上海新阳,38.99406617,38.6156714,39.13960262,38.37311065,2774473,110640423.85,0.9701,-0.995,285998660.0,11044030275.400324,2026-07-14
2021-04-19,sz.300236,上海新阳,38.37311065,39.30454393,39.43067552,38.33430093,2921756,117835534.77,1.0216,1.7839,285998042.0,11241022605.682985,2026-07-14
2021-04-20,sz.300236,上海新阳,39.01347103,38.80972,39.56650954,38.75150542,2902474,116869667.43,1.0148,-1.2589,286014387.0,11100138275.441639,2026-07-14
2021-04-21,sz.300236,上海新阳,38.80972,38.44102766,38.80972,38.35370579,2639953,104706649.21,0.92,-0.95,286951413.0,11030707204.209084,2026-07-14
2021-04-22,sz.300236,上海新阳,38.52834953,38.31489607,38.96495888,38.23727663,2925605,116553739.36,1.0196,-0.3281,286936544.0,10993943862.044983,2026-07-14
2021-04-23,sz.300236,上海新阳,38.28578878,36.90804372,38.58656411,36.73339998,6091115,233945767.73,2.1228,-3.6718,286937771.0,10590311796.987349,2026-07-14
2021-04-26,sz.300236,上海新阳,36.869234,37.23792634,38.10144261,36.869234,4171896,161182060.06,1.4539,0.8938,286945182.0,10685243550.933895,2026-07-14
2021-04-27,sz.300236,上海新阳,37.26703363,35.83107399,37.42227251,35.6079181,4362094,162344662.66,1.5202,-3.778,286942113.0,10281444081.74994,2026-07-14
2021-04-28,sz.300236,上海新阳,35.78256184,35.4138695,36.15125418,35.07428445,2910577,106406000.34,1.0143,-1.1644,286954254.0,10162160503.625853,2026-07-14
2021-04-29,sz.300236,上海新阳,35.6079181,35.66613268,36.53935138,35.5108938,3612101,133879982.63,1.2588,0.7123,286947966.0,10234324227.612127,2026-07-14
2021-04-30,sz.300236,上海新阳,35.39446464,34.60856781,35.54970352,34.58916295,3625018,130604437.64,1.2633,-2.9652,286948310.0,9930870044.5999,2026-07-14
2021-05-06,sz.300236,上海新阳,34.61827024,34.7346994,35.20041604,34.61827024,2152868,77442573.22,0.7503,0.3645,286934293.0,9966576414.906523,2026-07-14
2021-05-07,sz.300236,上海新阳,34.84142613,35.07428445,35.38476221,34.74440183,2596058,93774191.07,0.9047,0.9777,286952360.0,10064648698.238802,2026-07-14
2021-05-10,sz.300236,上海新阳,35.37505978,33.59951509,35.40416707,33.3763592,4472185,156965105.35,1.5586,-4.2047,286936032.0,9640911537.048721,2026-07-14
2021-05-11,sz.300236,上海新阳,33.58011023,33.75475397,33.91969528,32.75540368,3516365,120610386.16,1.2255,0.462,286933089.0,9685355825.047113,2026-07-14
2021-05-12,sz.300236,上海新阳,33.52189565,35.05487959,35.19071361,33.52189565,4680412,167428016.23,1.6311,3.8517,286948194.0,10058934389.23796,2026-07-14
2021-05-13,sz.300236,上海新阳,34.7346994,34.67648482,35.98631287,34.56005566,4226970,153795919.68,1.4731,-1.0794,286943860.0,9950204405.482204,2026-07-14
2021-05-14,sz.300236,上海新阳,34.91904557,35.04517716,35.1227966,34.36600706,3034104,108758036.75,1.0574,1.0632,286940042.0,10055864606.187841,2026-07-14
2021-05-17,sz.300236,上海新阳,35.3168452,35.44297679,35.88928857,34.88023585,3662849,133505145.68,1.2765,1.1351,286944693.0,10170174094.012676,2026-07-14
2021-05-18,sz.300236,上海新阳,35.27803548,34.8317237,35.40416707,34.5406508,2631446,94446112.77,0.9171,-1.7246,286931196.0,9994308139.982544,2026-07-14
2021-05-19,sz.300236,上海新阳,34.78321155,34.93845043,35.36535735,34.78321155,2402707,86843781.4,0.8374,0.3064,286924648.0,10024702591.2932,2026-07-14
2021-05-20,sz.300236,上海新阳,35.36535735,35.15190389,36.12214689,35.14220146,3668516,134643114.56,1.2785,0.6109,286939069.0,10086454575.774078,2026-07-14
2021-05-21,sz.300236,上海新阳,35.38476221,34.7346994,35.53029866,34.6376751,2272771,82040074.03,0.7921,-1.1869,286929807.0,9966420595.045015,2026-07-14
2021-05-24,sz.300236,上海新阳,34.6376751,35.52059623,35.54970352,34.2495779,3010479,108763406.16,1.0492,2.2626,286930900.0,10191956644.810507,2026-07-14
2021-05-25,sz.300236,上海新阳,35.52059623,35.898991,36.04452745,35.3168452,4209797,155574797.41,1.4671,1.0653,286946834.0,10301101811.244495,2026-07-14
2021-05-26,sz.300236,上海新阳,35.86018128,35.6079181,36.12214689,35.56910838,3390561,125324493.04,1.1816,-0.8108,286946598.0,10217570960.657623,2026-07-14
2021-05-27,sz.300236,上海新阳,36.0930396,39.5859144,39.66353384,35.9960153,18024962,709124046.57,6.2818,11.1717,286939444.0,11358760268.167593,2026-07-14
2021-05-28,sz.300236,上海新阳,39.51799739,38.54775439,39.51799739,38.46043252,9753248,390113036.41,3.399,-2.6225,286944631.0,11061071159.31718,2026-07-14
2021-05-31,sz.300236,上海新阳,38.9067443,39.72174842,40.97336189,38.9067443,12642599,523521177.09,4.406,3.0456,286940513.0,11397778868.891739,2026-07-14
2021-06-01,sz.300236,上海新阳,39.4888901,42.12795106,42.7877163,39.1007929,15125532,653010354.34,5.2713,6.0576,286941210.0,12088245251.977182,2026-07-14
2021-06-02,sz.300236,上海新阳,41.9144976,41.37116152,42.99146733,41.09949348,10078970,434359240.54,3.5125,-1.7964,286945765.0,11871279591.294964,2026-07-14
2021-06-03,sz.300236,上海新阳,41.8174733,41.24502993,42.13765349,40.2650845,6972676,296158772.76,2.43,-0.3049,286941399.0,11834906589.911072,2026-07-14
2021-06-04,sz.300236,上海新阳,40.92484974,41.61372227,42.28318994,40.75990843,8289425,354882337.6,2.8889,0.8939,286940531.0,11940663565.040325,2026-07-14
2021-06-07,sz.300236,上海新阳,43.03997948,42.0115219,43.97141276,42.0115219,10880850,481765260.77,3.792,0.9559,286942247.0,12054880493.87571,2026-07-14
2021-06-08,sz.300236,上海新阳,42.2055705,40.73080114,42.57426284,40.62407441,7970401,340558622.26,2.7777,-3.0485,286942470.0,11687396684.190414,2026-07-14
2021-06-09,sz.300236,上海新阳,40.6531817,41.53610283,42.53545312,40.41062095,6771919,290986809.61,2.36,1.9771,286945720.0,11918606932.548388,2026-07-14
2021-06-10,sz.300236,上海新阳,41.2353275,42.06003405,42.38991667,41.00246918,6545315,281489079.08,2.2811,1.2614,286936785.0,12068570947.29753,2026-07-14
2021-06-11,sz.300236,上海新阳,42.0115219,40.70169385,42.26378508,40.5561574,5668882,239960164.03,1.9756,-3.2295,286944827.0,11679140500.395214,2026-07-14
2021-06-15,sz.300236,上海新阳,40.82782544,40.91514731,42.05033162,40.75990843,5802503,248419572.03,2.0222,0.5244,286940115.0,11740197074.37334,2026-07-14
2021-06-16,sz.300236,上海新阳,41.35175666,40.89574245,42.38021424,40.8472303,6620387,283658571.34,2.3072,-0.0474,286944652.0,11734814585.596878,2026-07-14
2021-06-17,sz.300236,上海新阳,40.74050357,46.30969839,48.0270285,40.62407441,23608443,1078761150.15,8.2276,13.2384,286942037.0,13288199188.882221,2026-07-14
2021-06-18,sz.300236,上海新阳,46.81422475,46.87243933,48.0270285,45.7954696,17645261,852398266.71,6.1494,1.2152,286942807.0,13449709312.2874,2026-07-14
2021-06-21,sz.300236,上海新阳,47.27023896,49.47269057,51.08329395,47.27023896,20947958,1063523933.75,7.3004,5.5475,286942606.0,14195822757.987425,2026-07-14
2021-06-22,sz.300236,上海新阳,48.98756907,48.0270285,49.94810964,47.84268233,12879942,643398407.8,4.4887,-2.9221,286941475.0,13780946397.657038,2026-07-14
2021-06-23,sz.300236,上海新阳,47.97851635,48.97786664,50.7437089,47.65833616,16688702,853758132.96,5.8161,1.9798,286939736.0,14053696123.524807,2026-07-14
2021-06-24,sz.300236,上海新阳,48.57036458,46.83362961,49.13310552,46.571664,12824841,625767078.37,4.4695,-4.378,286941291.0,13438502142.509228,2026-07-14
2021-06-25,sz.300236,上海新阳,47.0567855,46.01862549,47.2508341,45.51409913,10872210,516103601.03,3.789,-1.7402,286941409.0,13204649238.343914,2026-07-14
2021-06-28,sz.300236,上海新阳,45.92160119,46.26118624,47.67774102,45.91189876,9804261,472389344.12,3.4168,0.5271,286942783.0,13274313524.586906,2026-07-14
2021-06-29,sz.300236,上海新阳,45.8924939,45.55290885,45.99922063,44.19456865,8907937,414601195.04,3.1044,-1.531,286945529.0,13071203527.452032,2026-07-14
2021-06-30,sz.300236,上海新阳,45.59171857,47.09559522,47.97851635,45.55290885,11529653,558486798.44,4.0181,3.3866,286942908.0,13513747046.4177,2026-07-14
2021-07-01,sz.300236,上海新阳,52.41252686,48.3181014,53.89699865,48.26958925,25755012,1352530037.64,8.9757,2.5958,286941542.0,13864470522.22836,2026-07-14
2021-07-02,sz.300236,上海新阳,46.72690288,45.65963558,47.96881392,45.25213352,17189225,817359639.06,5.9905,-5.502,286941407.0,13101640076.43246,2026-07-14
2021-07-05,sz.300236,上海新阳,46.3776154,46.25148381,46.75601017,45.03868006,10308780,487850889.04,3.5926,1.2962,286944831.0,13271624205.359688,2026-07-14
2021-07-06,sz.300236,上海新阳,46.2805911,44.96106062,46.571664,43.8549836,10743458,502286917.98,3.7441,-2.79,286943671.0,12901291786.356335,2026-07-14
2021-07-07,sz.300236,上海新阳,44.34980753,45.00957277,45.35886025,43.69974472,7265405,334724513.26,2.532,0.1079,286943325.0,12915196467.45326,2026-07-14
2021-07-08,sz.300236,上海新阳,44.51474884,47.76506289,49.56971487,44.51474884,19938195,977173214.17,6.9485,6.122,286942434.0,13705823405.819675,2026-07-14
2021-07-09,sz.300236,上海新阳,48.28899411,47.88149205,48.9972715,46.88214176,13525581,667015002.94,4.7137,0.2438,286941914.0,13739206974.002783,2026-07-14
2021-07-12,sz.300236,上海新阳,48.37631598,48.44423299,48.69649617,47.11500008,13238790,656576685.39,4.6138,1.1753,286938966.0,13900538122.81369,2026-07-14
2021-07-13,sz.300236,上海新阳,48.49274514,46.571664,48.97786664,46.0865425,11573033,562293820.15,4.0332,-3.8654,286944188.0,13363468310.288832,2026-07-14
2021-07-14,sz.300236,上海新阳,46.15445951,45.94100605,47.03738064,45.48499184,7676773,364996585.91,2.6754,-1.3542,286939261.0,13182278325.583529,2026-07-14
2021-07-15,sz.300236,上海新阳,47.0567855,46.571664,47.31875111,45.601421,7390466,354469166.45,2.5756,1.3728,286941528.0,13363344429.662592,2026-07-14
2021-07-16,sz.300236,上海新阳,47.4485561,46.766544,49.18281544,46.63988461,11002407,540427912.39,3.8344,0.4184,286939469.0,13419167302.325136,2026-07-14
2021-07-19,sz.300236,上海新阳,45.33431859,43.44417077,45.33431859,43.44417077,11249794,507897227.19,3.9206,-7.1042,286940621.0,12465897339.573849,2026-07-14
2021-07-20,sz.300236,上海新阳,43.53185804,44.05798166,44.11643984,42.91804715,5658839,253623482.6,1.9721,1.4129,286944830.0,12642210057.57182,2026-07-14
2021-07-21,sz.300236,上海新阳,44.25284226,46.3768228,47.24395247,43.843635,12383187,580783951.52,4.3156,5.2632,286940101.0,13307370218.291103,2026-07-14
2021-07-22,sz.300236,上海新阳,46.6691137,51.9303499,53.07028441,46.31836462,31620397,1628244804.96,11.0198,11.9748,286941660.0,14900980804.686834,2026-07-14
2021-07-23,sz.300236,上海新阳,51.638059,50.68324206,52.5149317,50.40069419,21160691,1115366574.16,7.3746,-2.4015,286940187.0,14543058954.462664,2026-07-14
2021-07-26,sz.300236,上海新阳,50.7611863,49.9817439,51.9303499,48.4228591,15099807,779033910.27,5.2623,-1.3841,286943105.0,14341916787.980808,2026-07-14
2021-07-27,sz.300236,上海新阳,50.84887357,50.63452691,54.9506892,50.42018025,29993742,1614883659.48,10.4529,1.306,286941825.0,14529163559.56701,2026-07-14
2021-07-28,sz.300236,上海新阳,49.96225784,50.10840329,52.95336805,46.766544,21145629,1093257800.12,7.3693,-1.0391,286942165.0,14378213724.725723,2026-07-14
2021-07-29,sz.300236,上海新阳,51.32628204,55.56450009,56.509574,50.87810266,35420852,1964453184.58,12.3443,10.8886,286940953.0,15943730608.793186,2026-07-14
2021-07-30,sz.300236,上海新阳,55.31118131,60.1144951,62.97894592,54.6583983,41455787,2514537908.31,14.4475,8.1887,286940903.0,17249307507.383076,2026-07-14
2021-08-02,sz.300236,上海新阳,57.483877,58.2633194,58.83815817,56.0224225,31366794,1848894806.51,10.9314,-3.0794,286942148.0,16718202018.24607,2026-07-14
2021-08-03,sz.300236,上海新阳,56.61674733,52.3200711,57.483877,51.5406287,28045643,1553850093.97,9.774,-10.2007,286941303.0,15012789374.486643,2026-07-14
2021-08-04,sz.300236,上海新阳,52.3200711,53.57692197,53.91792802,50.77092933,20984116,1131703845.23,7.313,2.4022,286942650.0,15373503968.91502,2026-07-14
2021-08-05,sz.300236,上海新阳,52.4175014,52.06675232,52.92413896,51.19962265,11697574,625540019.68,4.0766,-2.8187,286944365.0,14940261182.074677,2026-07-14
2021-08-06,sz.300236,上海新阳,53.05079835,52.52467473,53.586665,51.46268446,10167896,547208243.8,3.5435,0.8795,286944998.0,15071692685.3505,2026-07-14
2021-08-09,sz.300236,上海新阳,50.90733175,51.66728809,52.11546747,50.58581176,8847238,465134531.4,3.0833,-1.6324,286940551.0,14825440113.220337,2026-07-14
2021-08-10,sz.300236,上海新阳,51.51139961,51.85240566,53.05079835,50.663756,9628289,513044785.37,3.3555,0.3583,286940516.0,14878556035.92172,2026-07-14
2021-08-11,sz.300236,上海新阳,51.74523233,52.32981413,52.76825048,51.0534772,9163270,490895369.41,3.1934,0.9207,286944010.0,15015726709.016863,2026-07-14
2021-08-12,sz.300236,上海新阳,52.33955716,52.95336805,54.72659951,52.31032807,13326368,732333034.96,4.6443,1.1916,286940292.0,15194454890.65047,2026-07-14
2021-08-13,sz.300236,上海新阳,52.47595958,49.72842512,52.47595958,49.69919603,13738105,714726201.5,4.7878,-6.0902,286939826.0,14269065651.186829,2026-07-14
2021-08-16,sz.300236,上海新阳,49.32896089,49.25101665,50.59555479,48.37414395,8263206,419274296.19,2.8798,-0.96,286936801.0,14131929163.548737,2026-07-14
2021-08-17,sz.300236,上海新阳,49.24127362,47.34138277,49.5920227,47.32189671,7773523,384516326.81,2.7091,-3.8773,286941161.0,13584191335.369196,2026-07-14
2021-08-18,sz.300236,上海新阳,47.73110397,48.00390881,48.35465789,46.8639743,5915771,289216286.44,2.0617,1.3995,286936557.0,13774076316.483366,2026-07-14
2021-08-19,sz.300236,上海新阳,48.71515,49.57253664,49.7868833,47.9357076,8272693,416632864.36,2.8831,3.2677,286937428.0,14224216162.917362,2026-07-14
2021-08-20,sz.300236,上海新阳,49.94277178,49.84534148,51.97906505,49.7868833,13876400,725412383.54,4.836,0.5503,286939620.0,14302603343.04144,2026-07-14
2021-08-23,sz.300236,上海新阳,50.18634753,51.14116447,51.1509075,47.99416578,11635070,598844617.55,4.0549,2.5997,286938519.0,14674369992.95722,2026-07-14
2021-08-24,sz.300236,上海新阳,51.18013659,51.26782386,52.7097923,50.44940934,12964446,687015139.99,4.5181,0.2477,286944645.0,14711027517.43023,2026-07-14
2021-08-25,sz.300236,上海新阳,51.39448325,50.0791742,51.66728809,49.52382149,8217322,423111780.69,2.8638,-2.3185,286937705.0,14369603313.24321,2026-07-14
2021-08-26,sz.300236,上海新阳,49.7868833,48.45208819,50.94630387,48.4228591,7699999,392541599.92,2.6835,-3.249,286938662.0,13902777356.3446,2026-07-14
2021-08-27,sz.300236,上海新阳,48.09159608,48.27671365,49.01718393,48.09159608,5937800,295586642.95,2.0693,-0.362,286947277.0,13852871524.37623,2026-07-14
2021-08-30,sz.300236,上海新阳,48.47157425,47.01011975,49.37767604,46.87371733,7950356,392146132.89,2.7707,-2.6236,286943949.0,13489269404.027893,2026-07-14
2021-08-31,sz.300236,上海新阳,46.64962764,45.44149192,46.64962764,44.3307865,8957557,415788831.05,3.1217,-3.3368,286944838.0,13039201537.462708,2026-07-14
2021-09-01,sz.300236,上海新阳,45.32457556,45.66558161,46.2793925,44.12618287,6658542,308773388.77,2.3205,0.4931,286944279.0,13103477390.197107,2026-07-14
2021-09-02,sz.300236,上海新阳,45.71429676,44.7205077,45.77275494,44.63282043,5100040,235311537.32,1.7774,-2.0696,286938224.0,12832023055.816324,2026-07-14
2021-09-03,sz.300236,上海新阳,45.03228466,45.50969313,46.6691137,43.69748955,10030584,467283406.23,3.4957,1.7647,286940641.0,13058580518.435497,2026-07-14
2021-09-06,sz.300236,上海新阳,44.817938,45.84095615,46.25990644,44.5256471,6150033,288572868.42,2.1433,0.7279,286942239.0,13153706595.58182,2026-07-14
2021-09-07,sz.300236,上海新阳,45.57789434,45.6948107,46.16247614,45.3050895,5543351,259869117.27,1.9319,-0.3188,286937781.0,13111567585.473057,2026-07-14
2021-09-08,sz.300236,上海新阳,45.68506767,47.49727125,47.76033306,45.51943616,10578049,506526017.18,3.6865,3.9446,286940160.0,13628874612.038399,2026-07-14
2021-09-09,sz.300236,上海新阳,46.67885673,45.58763737,46.93217551,45.38303374,7175851,339300587.59,2.5008,-4.0205,286942218.0,13081017780.327488,2026-07-14
2021-09-10,sz.300236,上海新阳,45.55840828,47.00037672,47.92596457,45.12971496,11710615,564632257.87,4.0812,3.099,286940483.0,13486310797.218756,2026-07-14
2021-09-13,sz.300236,上海新阳,46.77628703,46.40605189,47.90647851,46.23067735,7620798,366607109.23,2.6559,-1.2645,286938439.0,13315680089.4696,2026-07-14
2021-09-14,sz.300236,上海新阳,46.32810765,45.60712343,47.14652217,45.4025198,6177079,294049922.42,2.1527,-1.7216,286945650.0,13086765677.25158,2026-07-14
2021-09-15,sz.300236,上海新阳,45.4025198,44.68153558,45.41226283,44.2333562,5266837,241491436.15,1.8355,-2.0295,286942904.0,12821049574.504524,2026-07-14
2021-09-16,sz.300236,上海新阳,44.71076467,43.73646167,45.18817314,43.66826046,4424859,201664174.96,1.5421,-2.1151,286937228.0,12549619074.11805,2026-07-14
2021-09-17,sz.300236,上海新阳,44.08721075,44.21387014,44.70102164,43.22008108,4419285,199813727.96,1.5401,1.0916,286947925.0,12687078292.892458,2026-07-14
2021-09-22,sz.300236,上海新阳,43.5513441,43.57083016,44.75947982,43.07393563,3465850,156402244.76,1.2079,-1.4544,286931865.0,12501859557.40705,2026-07-14
2021-09-23,sz.300236,上海新阳,43.81440591,44.82768103,45.37329071,43.41494168,5324665,243990524.01,1.8557,2.8846,286935658.0,12862660152.957169,2026-07-14
2021-09-24,sz.300236,上海新阳,44.80819497,43.29802532,45.15894405,43.28828229,4905750,221460870.22,1.7097,-3.4123,286936305.0,12423775399.117243,2026-07-14
2021-09-27,sz.300236,上海新阳,43.53185804,42.84984594,44.08721075,42.3821805,3899678,172768589.32,1.359,-1.0351,286952024.0,12295850020.571182,2026-07-14
2021-09-28,sz.300236,上海新阳,42.81087382,42.43089565,43.4539138,42.21654899,2412428,105841276.95,0.8407,-0.9777,286954681.0,12175744125.790037,2026-07-14
2021-09-29,sz.300236,上海新阳,41.68068234,40.37511632,42.3821805,40.31665814,4559197,191928724.3,1.5889,-4.845,286940462.0,11585254530.16454,2026-07-14
2021-09-30,sz.300236,上海新阳,40.67715025,40.75509449,41.46633568,40.45306056,3107916,130562316.14,1.0831,0.9411,286946358.0,11694525933.851366,2026-07-14
2021-10-08,sz.300236,上海新阳,41.14481569,41.04738539,41.82682779,40.93046903,3225659,136547425.45,1.1242,0.7172,286929283.0,11777696858.977377,2026-07-14
2021-10-11,sz.300236,上海新阳,40.8232957,40.88175388,41.54427992,40.79406661,2283295,96187910.75,0.7957,-0.4035,286954254.0,11731193186.847006,2026-07-14
2021-10-12,sz.300236,上海新阳,40.6284351,40.06333936,41.06687145,39.6541321,2714099,112226076.28,0.9459,-2.0019,286932974.0,11495493110.936056,2026-07-14
2021-10-13,sz.300236,上海新阳,40.0438533,40.60894904,40.65766419,39.97565209,2345843,97207180.8,0.8175,1.3619,286953272.0,11652870799.509258,2026-07-14
2021-10-14,sz.300236,上海新阳,40.59920601,39.99513815,40.59920601,39.946423,3189883,131461804.91,1.1117,-1.5115,286937393.0,11476100673.435844,2026-07-14
2021-10-15,sz.300236,上海新阳,37.85167155,38.49471153,39.3618412,36.06869706,8639346,335165257.33,3.0108,-3.7515,286945197.0,11045872583.434021,2026-07-14
2021-10-18,sz.300236,上海新阳,38.03678912,39.12800848,39.42029938,37.85167155,3801687,151412120.21,1.3249,1.6452,286941430.0,11227446706.303326,2026-07-14
2021-10-19,sz.300236,上海新阳,39.07929333,38.99160606,39.63464604,38.72854425,3204931,128802298.8,1.1169,-0.3486,286948787.0,11188594062.09885,2026-07-14
2021-10-20,sz.300236,上海新阳,39.05980727,38.32908002,39.24492484,38.29985093,3703957,147178161.25,1.2908,-1.6992,286950496.0,10998548522.96269,2026-07-14
2021-10-21,sz.300236,上海新阳,38.54342668,38.75777334,39.10852242,38.25113578,4024703,160130079.45,1.4026,1.1185,286945886.0,11121383610.43348,2026-07-14
2021-10-22,sz.300236,上海新阳,39.19620969,39.63464604,40.70637934,39.18646666,10706109,439545727.89,3.4572,2.2624,309675720.0,12273887549.382149,2026-07-14
2021-10-25,sz.300236,上海新阳,39.946423,38.65060001,39.946423,37.63732489,6861534,269513385.12,2.2157,-2.4828,309677935.0,11969237997.607779,2026-07-14
2021-10-26,sz.300236,上海新阳,38.41676729,38.95263394,39.82950664,38.29985093,4689294,188319140.16,1.5143,0.7814,309667437.0,12062362316.59901,2026-07-14
2021-10-27,sz.300236,上海新阳,39.05006424,38.03678912,39.05980727,37.89064367,3912018,153475751.32,1.2633,-2.3512,309666588.0,11778722705.265923,2026-07-14
2021-10-28,sz.300236,上海新阳,37.89064367,36.87736855,38.3875382,36.76045219,3898699,149757587.95,1.259,-3.0482,309666322.0,11419679083.916973,2026-07-14
2021-10-29,sz.300236,上海新阳,36.62404977,38.59214183,38.70905819,36.5363625,4730691,185484165.9,1.5276,4.6499,309681265.0,11951263300.973816,2026-07-14
2021-11-01,sz.300236,上海新阳,38.36805214,39.04032121,39.27415393,38.14396245,4119991,164135899.8,1.3304,1.1613,309680622.0,12090030955.392593,2026-07-14
2021-11-02,sz.300236,上海新阳,39.02083515,39.60541695,40.20948481,38.75777334,6557853,266682966.31,2.1177,1.4475,309668650.0,12264555999.593616,2026-07-14
2021-11-03,sz.300236,上海新阳,39.59567392,39.89770785,40.38485935,39.3618412,3850296,157508068.58,1.2433,0.738,309683584.0,12355665160.372936,2026-07-14
2021-11-04,sz.300236,上海新阳,40.01462421,40.32640117,40.77458055,39.7515624,4570625,189182657.59,1.4759,1.0745,309683922.0,12488438074.470987,2026-07-14
2021-11-05,sz.300236,上海新阳,40.4335745,40.06333936,41.56376598,39.96590906,5345801,223665385.18,1.7263,-0.6523,309668134.0,12406339541.419954,2026-07-14
2021-11-08,sz.300236,上海新阳,39.70284725,39.96590906,40.1412836,39.14749454,3693200,150187665.72,1.1926,-0.2432,309676337.0,12376496322.575914,2026-07-14
2021-11-09,sz.300236,上海新阳,40.06333936,41.20327387,41.64171022,39.7515624,6127686,256474020.96,1.9788,3.0961,309666768.0,12759284650.341751,2026-07-14
2021-11-10,sz.300236,上海新阳,40.920726,41.58325204,41.92425809,40.78432358,5864503,249530084.38,1.8938,0.9222,309668550.0,12877025363.511341,2026-07-14
2021-11-11,sz.300236,上海新阳,41.58325204,42.55755504,43.52211501,41.2130169,8798375,382947179.26,2.8412,2.343,309671090.0,13178844456.971792,2026-07-14
2021-11-12,sz.300236,上海新阳,41.895029,42.62575625,43.4539138,41.80734173,5943488,261319698.05,1.9193,0.1603,309669567.0,13199899480.985044,2026-07-14
2021-11-15,sz.300236,上海新阳,42.64524231,42.4796108,43.50262895,42.42115262,5463584,241123383.27,1.7643,-0.3429,309674318.0,13154844503.395435,2026-07-14
2021-11-16,sz.300236,上海新阳,42.3821805,41.4078775,42.99599139,41.32993326,6366297,274494427.98,2.0558,-2.5229,309674920.0,12822981152.182299,2026-07-14
2021-11-17,sz.300236,上海新阳,41.7975987,41.51505083,41.83657082,40.920726,4483258,190362481.74,1.4477,0.2588,309681426.0,12856440141.496883,2026-07-14
2021-11-18,sz.300236,上海新阳,41.35916235,41.15455872,42.0898896,41.09610054,4008846,170933056.22,1.2945,-0.8683,309682966.0,12744865808.830763,2026-07-14
2021-11-19,sz.300236,上海新阳,41.49556477,42.02168839,42.44063868,41.03764236,4764384,204900419.04,1.5385,2.107,309677218.0,13013159556.2781,2026-07-14
2021-11-22,sz.300236,上海新阳,42.2847502,43.76569076,44.57436225,42.16783384,10384461,467663231.68,3.3534,4.1502,309669619.0,13552904782.92102,2026-07-14
2021-11-23,sz.300236,上海新阳,43.65851743,43.78517682,43.92157924,42.80113079,6003797,268225477.68,1.9387,0.0445,309681591.0,13559463219.83392,2026-07-14
2021-11-24,sz.300236,上海新阳,43.5513441,43.5513441,44.3307865,43.22982411,4970746,223387443.62,1.6052,-0.534,309665213.0,13486336247.162794,2026-07-14
2021-11-25,sz.300236,上海新阳,43.4539138,43.82414894,45.18817314,43.30776835,7728171,351524626.31,2.4956,0.6264,309671862.0,13571105802.815126,2026-07-14
2021-11-26,sz.300236,上海新阳,43.77543379,43.88260712,44.07746772,43.02522048,5673936,253689181.1,1.8322,0.1334,309678856.0,13589515571.219055,2026-07-14
2021-11-29,sz.300236,上海新阳,43.10316472,43.75594773,44.08721075,42.84984594,4789148,214671840.12,1.5465,-0.2886,309676560.0,13550191372.56621,2026-07-14
2021-11-30,sz.300236,上海新阳,43.9410653,43.98003742,45.04202769,43.72671864,5209779,237255510.94,1.6823,0.5121,309681924.0,13619822605.817596,2026-07-14
2021-12-01,sz.300236,上海新阳,43.9410653,44.80819497,44.82768103,43.75594773,5407150,247390394.04,1.7461,1.883,309670122.0,13875759202.959686,2026-07-14
2021-12-02,sz.300236,上海新阳,44.4282168,44.58410528,45.12971496,44.1359259,4782852,219197674.2,1.5445,-0.5001,309669926.0,13806356582.83381,2026-07-14
2021-12-03,sz.300236,上海新阳,44.58410528,46.31836462,46.52296825,44.58410528,10271724,483515247.59,3.3169,3.8899,309678435.0,14343798667.28097,2026-07-14
2021-12-06,sz.300236,上海新阳,46.3768228,44.50616104,46.46451007,44.35027256,8071600,373056398.02,2.6065,-3.9125,309671974.0,13782310744.418694,2026-07-14
2021-12-07,sz.300236,上海新阳,44.40873074,42.869332,44.7205077,42.13860475,6824724,302098589.68,2.2038,-3.6778,309679826.0,13275767274.496231,2026-07-14
2021-12-08,sz.300236,上海新阳,43.2590532,43.97029439,44.9153683,42.869332,5290126,238269263.04,1.7083,2.5682,309671955.0,13616367025.676832,2026-07-14
2021-12-09,sz.300236,上海新阳,43.7462047,43.23956714,44.14566893,43.10316472,3701004,164913325.84,1.1951,-1.6619,309681533.0,13390495438.171625,2026-07-14
2021-12-10,sz.300236,上海新阳,43.15187987,42.51858292,43.15187987,42.4796108,3543504,155130910.57,1.1443,-1.6674,309665647.0,13166544489.44495,2026-07-14
2021-12-13,sz.300236,上海新阳,42.7719017,42.84010291,43.14213684,42.1873199,2967587,129948862.91,0.9583,0.7562,309672023.0,13266381333.667887,2026-07-14
2021-12-14,sz.300236,上海新阳,42.84010291,42.90830412,43.22008108,42.2847502,2699014,118660168.77,0.8716,0.1592,309662001.0,13287071313.315742,2026-07-14
2021-12-15,sz.300236,上海新阳,43.1616229,41.32993326,43.22008108,41.28121811,5423320,234549667.13,1.7513,-3.6785,309673956.0,12798803933.840176,2026-07-14
2021-12-16,sz.300236,上海新阳,41.5053078,41.69042537,42.20680596,41.34941932,3123522,134006225.89,1.0086,0.8722,309688876.0,12911060972.797184,2026-07-14
2021-12-17,sz.300236,上海新阳,41.48582174,40.09256845,41.48582174,40.01462421,4958039,205620174.02,1.6011,-3.8327,309664543.0,12415246886.765469,2026-07-14
2021-12-20,sz.300236,上海新阳,40.67715025,40.09256845,41.19353084,40.0438533,2842793,118108561.5,0.918,0.0,309672440.0,12415563497.778519,2026-07-14
2021-12-21,sz.300236,上海新阳,40.09256845,40.56023389,40.6284351,39.70284725,2840860,117189484.01,0.9174,1.1665,309664269.0,12560055178.015877,2026-07-14
2021-12-22,sz.300236,上海新阳,40.61869207,40.7258654,41.23250296,40.55049086,2910447,122109791.6,0.9398,0.4084,309687912.0,12612308220.119045,2026-07-14
2021-12-23,sz.300236,上海新阳,40.7258654,40.1412836,40.74535146,40.05359633,2010325,83081147.06,0.6492,-1.4354,309661892.0,12430225826.884571,2026-07-14
2021-12-24,sz.300236,上海新阳,40.08282542,39.10852242,40.37511632,38.97212,3062899,123936227.02,0.9891,-2.5728,309665251.0,12110550411.428427,2026-07-14
2021-12-27,sz.300236,上海新阳,38.96237697,39.0695503,39.59567392,38.88443273,2035171,81919097.66,0.6572,-0.0997,309673007.0,12098785123.538754,2026-07-14
2021-12-28,sz.300236,上海新阳,39.29363999,39.5567018,39.64438907,39.09877939,1715544,69252736.3,0.554,1.2469,309664982.0,12249325350.876368,2026-07-14
2021-12-29,sz.300236,上海新阳,39.39107029,38.96237697,39.42029938,38.88443273,2100271,84206882.47,0.6782,-1.5025,309683132.0,12065990930.23427,2026-07-14
2021-12-30,sz.300236,上海新阳,38.97212,39.56644483,39.70284725,38.90391879,2522834,102187938.67,0.8147,1.5504,309664171.0,12252310337.699186,2026-07-14
2021-12-31,sz.300236,上海新阳,39.56644483,39.80027755,39.93667997,39.1669806,2186218,88992642.59,0.706,0.591,309662606.0,12324657665.656294,2026-07-14
2022-01-04,sz.300236,上海新阳,39.88796482,40.4335745,40.49203268,39.4592715,2863561,117656789.17,0.9247,1.5912,309674597.0,12521250888.556976,2026-07-14
2022-01-05,sz.300236,上海新阳,40.17051269,39.66387513,40.3361442,39.28389696,2314332,94584318.61,0.7473,-1.9036,309692493.0,12283604371.0504,2026-07-14
2022-01-06,sz.300236,上海新阳,39.27415393,39.82950664,40.21922784,39.27415393,1928442,78706296.7,0.6227,0.4176,309690381.0,12334815086.383629,2026-07-14
2022-01-07,sz.300236,上海新阳,39.81002058,38.89417576,40.01462421,38.89417576,2718193,109429645.71,0.8778,-2.3483,309659717.0,12043959458.789862,2026-07-14
2022-01-10,sz.300236,上海新阳,38.89417576,38.97212,39.35209817,38.15370548,1793604,71425783.52,0.5792,0.2004,309669199.0,12068465183.731878,2026-07-14
2022-01-11,sz.300236,上海新阳,39.21569575,39.01109212,39.58593089,38.8746897,1898256,76425400.44,0.613,0.1,309666558.0,12080430620.621323,2026-07-14
2022-01-12,sz.300236,上海新阳,39.0695503,39.23518181,39.43978544,38.95263394,1674896,67321604.54,0.5409,0.5744,309649843.0,12149167887.542955,2026-07-14
2022-01-13,sz.300236,上海新阳,39.22543878,38.88443273,39.22543878,38.88443273,2336808,93490661.74,0.7546,-0.894,309675060.0,12041539038.728714,2026-07-14
2022-01-14,sz.300236,上海新阳,38.88443273,38.81623152,39.12800848,38.72854425,2245417,89824499.22,0.7251,-0.1754,309669977.0,12020221522.025076,2026-07-14
2022-01-17,sz.300236,上海新阳,38.78700243,39.51772968,39.64438907,38.66034304,2525738,101834293.32,0.8156,1.8072,309678519.0,12237792001.544744,2026-07-14
2022-01-18,sz.300236,上海新阳,39.82950664,39.63464604,40.07308239,39.43004241,2456565,100263779.73,0.7933,0.2959,309664062.0,12273425488.678614,2026-07-14
2022-01-19,sz.300236,上海新阳,39.69310422,38.97212,39.69310422,38.84546061,2022524,81133374.1,0.6531,-1.6716,309680600.0,12068909504.872,2026-07-14
2022-01-20,sz.300236,上海新阳,38.97212,38.3875382,39.15723757,38.26087881,1761594,70008832.62,0.5689,-1.5,309649147.0,11886668459.059916,2026-07-14
2022-01-21,sz.300236,上海新阳,38.26087881,37.38400611,38.66034304,37.30606187,2143488,82845865.94,0.6922,-2.6142,309663103.0,11576447334.59356,2026-07-14
2022-01-24,sz.300236,上海新阳,37.42297823,37.88090064,38.33882305,37.3158049,1333600,51850849.0,0.4306,1.3292,309707385.0,11731994678.659227,2026-07-14
2022-01-25,sz.300236,上海新阳,37.77372731,37.06248612,38.18293457,37.023514,1563727,60368330.9,0.505,-2.1605,309648911.0,11476358466.010616,2026-07-14
2022-01-26,sz.300236,上海新阳,37.07222915,37.16965945,37.5106655,36.93582673,1070553,40862930.84,0.3457,0.2892,309676887.0,11510584429.326132,2026-07-14
2022-01-27,sz.300236,上海新阳,37.16965945,35.48411526,37.5106655,35.48411526,2411018,90061483.09,0.7786,-4.5347,309660673.0,10988035012.22117,2026-07-14
2022-01-28,sz.300236,上海新阳,35.98100979,35.57180253,36.31227281,35.5620595,1809911,66589177.0,0.5845,0.2471,309651155.0,11014849738.846422,2026-07-14
2022-02-07,sz.300236,上海新阳,36.49739038,36.68250795,37.19888854,36.39021705,1693808,63886823.02,0.547,3.1224,309654113.0,11358889461.8727,2026-07-14
2022-02-08,sz.300236,上海新阳,36.44867523,36.50713341,36.89685461,35.73743404,1817074,67823667.55,0.5868,-0.4781,309658146.0,11304731247.515259,2026-07-14
2022-02-09,sz.300236,上海新阳,36.39021705,36.71173704,37.01377097,36.15638433,1910372,72026471.05,0.6169,0.5604,309672881.0,11368629375.691214,2026-07-14
2022-02-10,sz.300236,上海新阳,36.87736855,37.023514,37.39374914,36.72148007,2180746,82737152.33,0.7042,0.8493,309677080.0,11465333706.85912,2026-07-14
2022-02-11,sz.300236,上海新阳,36.8286534,36.39996008,37.23786066,36.18561342,1850155,69918203.1,0.5975,-1.6842,309649372.0,11271224779.597069,2026-07-14
2022-02-14,sz.300236,上海新阳,36.049211,36.16612736,36.6337928,35.57180253,1222500,45395930.0,0.3948,-0.6424,309650456.0,11198857828.778076,2026-07-14
2022-02-15,sz.300236,上海新阳,36.4389322,36.94556976,37.023514,36.17587039,1838905,69428589.23,0.5938,2.1552,309684237.0,11441460581.655872,2026-07-14
2022-02-16,sz.300236,上海新阳,37.4132352,37.17940248,37.43272126,36.93582673,1853200,70711803.5,0.5984,0.6329,309692513.0,11514182585.869633,2026-07-14
2022-02-17,sz.300236,上海新阳,37.17940248,37.22811763,37.44246429,36.71173704,1630019,62207789.55,0.5264,0.131,309654065.0,11527837956.427666,2026-07-14
2022-02-18,sz.300236,上海新阳,37.00402794,37.78347034,37.85167155,36.83839643,2246841,86320383.7,0.7255,1.4918,309695520.0,11701371494.350878,2026-07-14
2022-02-21,sz.300236,上海新阳,37.88090064,38.23164972,38.33882305,37.37426308,1808526,70526775.21,0.584,1.1862,309679110.0,11839543259.12135,2026-07-14
2022-02-22,sz.300236,上海新阳,37.93935882,37.87115761,38.1926776,37.44246429,1772197,68694683.82,0.5723,-0.9429,309662240.0,11727267496.905645,2026-07-14
2022-02-23,sz.300236,上海新阳,37.88090064,39.20595272,39.70284725,37.88090064,4688474,188696518.7,1.514,3.5246,309674637.0,12141089176.805162,2026-07-14
2022-02-24,sz.300236,上海新阳,38.93314788,38.39728123,39.4592715,37.83218549,3930453,155864348.3,1.2692,-2.0626,309679562.0,11890853233.29722,2026-07-14
2022-02-25,sz.300236,上海新阳,38.84546061,38.3875382,39.33261211,38.1926776,2357378,93667415.38,0.7612,-0.0254,309692328.0,11888326071.34693,2026-07-14
2022-02-28,sz.300236,上海新阳,38.21216366,38.43625335,38.57265577,37.94910185,1692176,66496968.0,0.5464,0.1269,309695461.0,11903533200.341045,2026-07-14
2022-03-01,sz.300236,上海新阳,38.4849685,38.17319154,38.4849685,38.06601821,1248914,48983917.0,0.4033,-0.6844,309673692.0,11821233159.614965,2026-07-14
2022-03-02,sz.300236,上海新阳,37.997817,37.96858791,38.04653215,37.52040853,1246200,48325058.0,0.4024,-0.536,309691849.0,11758562193.766945,2026-07-14
2022-03-03,sz.300236,上海新阳,38.3875382,37.78347034,38.83571758,37.6080958,1791460,70107438.0,0.5785,-0.4876,309673293.0,11700531681.15563,2026-07-14
2022-03-04,sz.300236,上海新阳,37.65681095,37.1209443,38.47522547,36.9260837,2109173,81673518.0,0.6811,-1.7535,309671561.0,11495300767.17505,2026-07-14
2022-03-07,sz.300236,上海新阳,37.11120127,35.99075282,37.11120127,35.82512131,2335894,87251179.0,0.7543,-3.0446,309677052.0,11145510232.558287,2026-07-14
2022-03-08,sz.300236,上海新阳,35.99075282,36.2440716,37.29631884,35.48411526,2668809,99538942.0,0.8618,0.7038,309678464.0,11224008422.194021,2026-07-14
2022-03-09,sz.300236,上海新阳,36.2440716,37.07222915,37.28657581,35.61077465,3977235,150148672.0,1.2843,2.2849,309681149.0,11480570519.163292,2026-07-14
2022-03-10,sz.300236,上海新阳,37.75424125,36.67276492,37.97833094,36.67276492,2526823,96552491.0,0.816,-1.0775,309659681.0,11356076686.51519,2026-07-14
2022-03-11,sz.300236,上海新阳,36.22458554,36.65327886,36.87736855,35.89332252,2250722,84118359.0,0.7844,-0.0531,286935492.0,10517126603.1073,2026-07-14
2022-03-14,sz.300236,上海新阳,36.30252978,35.15285224,36.4389322,35.074908,2294983,84452434.0,0.7998,-4.0936,286944611.0,10086921511.54728,2026-07-14
2022-03-15,sz.300236,上海新阳,35.08465103,32.47351899,35.12362315,32.4442899,4324262,150389356.0,1.507,-7.622,286945056.0,9318115725.102613,2026-07-14
2022-03-16,sz.300236,上海新阳,33.57448138,33.52576623,33.57448138,31.81099295,3056969,103118429.0,1.0654,3.2403,286931575.0,9619600907.455713,2026-07-14
2022-03-17,sz.300236,上海新阳,34.22726439,35.64974677,37.19888854,34.18829227,7182399,265600263.0,2.5031,6.3354,286940154.0,10229343828.244802,2026-07-14
2022-03-18,sz.300236,上海新阳,35.42565708,36.01998191,36.90659764,35.1723383,4141680,154227141.81,1.4434,1.0385,286939171.0,10335543748.690395,2026-07-14
2022-03-21,sz.300236,上海新阳,35.7569201,36.27330069,36.49739038,35.64000374,3144036,116215300.01,1.0957,0.7033,286943141.0,10408374834.426067,2026-07-14
2022-03-22,sz.300236,上海新阳,35.98100979,36.96505582,37.36452005,35.90306555,4144464,156314249.93,1.4444,1.9071,286933259.0,10606503935.549519,2026-07-14
2022-03-23,sz.300236,上海新阳,36.91634067,37.00402794,37.30606187,36.6337928,3003554,114031593.82,1.0467,0.1054,286954619.0,10618476738.988054,2026-07-14
2022-03-24,sz.300236,上海新阳,36.5363625,36.84813946,37.4132352,36.40970311,3701404,140731124.85,1.2899,-0.4213,286952787.0,10573676313.811674,2026-07-14
2022-03-25,sz.300236,上海新阳,37.26708975,36.81891037,37.35477702,36.72148007,2672330,101471028.58,0.9313,-0.0793,286946204.0,10565046566.087734,2026-07-14
2022-03-28,sz.300236,上海新阳,36.47790432,36.87736855,36.93582673,36.02972494,2539755,95353306.55,0.8851,0.1588,286945543.0,10581796542.990873,2026-07-14
2022-03-29,sz.300236,上海新阳,37.11120127,35.93229464,37.26708975,35.81537828,2328835,87010238.25,0.8116,-2.5627,286943691.0,10310545250.101116,2026-07-14
2022-03-30,sz.300236,上海新阳,36.05895403,36.28304372,36.52661947,36.05895403,1680555,62668555.92,0.5857,0.9761,286931023.0,10410730852.133326,2026-07-14
2022-03-31,sz.300236,上海新阳,36.29278675,34.96773467,36.5363625,34.89953346,2822538,102679996.62,0.9837,-3.6251,286930772.0,10033319103.954266,2026-07-14
2022-04-01,sz.300236,上海新阳,34.69492983,34.71441589,35.23079648,34.45135408,1566201,55863080.39,0.5458,-0.7244,286955112.0,9961479099.729528,2026-07-14
2022-04-06,sz.300236,上海新阳,34.6851868,34.02266076,34.6851868,33.88625834,1762994,61623372.83,0.6144,-1.9927,286945638.0,9762654098.235765,2026-07-14
2022-04-07,sz.300236,上海新阳,34.02266076,33.6134535,34.30520863,33.6134535,1668287,58056380.0,0.5814,-1.2027,286943068.0,9645147473.365337,2026-07-14
2022-04-08,sz.300236,上海新阳,33.62319653,33.48679411,34.34418075,32.8340111,1865223,64380135.04,0.65,-0.3768,286957385.0,9609282869.839003,2026-07-14
2022-04-11,sz.300236,上海新阳,33.126302,31.99611052,33.126302,31.86945113,2071013,68952286.38,0.7218,-4.4516,286923386.0,9180432369.22862,2026-07-14
2022-04-12,sz.300236,上海新阳,31.94739537,32.48326202,32.51249111,31.67459053,1502982,49614489.66,0.5238,1.5225,286938144.0,9320686915.08449,2026-07-14
2022-04-13,sz.300236,上海新阳,32.2494293,32.30788748,32.85349716,31.92790931,1140436,37899438.33,0.3974,-0.5399,286974333.0,9271534460.21205,2026-07-14
2022-04-14,sz.300236,上海新阳,32.50274808,32.85349716,33.11655897,32.3468596,1434808,48329376.36,0.5,1.6888,286961600.0,9427692110.629057,2026-07-14
2022-04-15,sz.300236,上海新阳,32.6391505,31.91816628,32.68786565,31.91816628,1460468,48336434.68,0.509,-2.847,286928880.0,9158243702.374166,2026-07-14
2022-04-18,sz.300236,上海新阳,31.94739537,33.38936381,33.65242562,31.89868022,2799269,94560867.25,0.9756,4.6093,286927942.0,9580341442.69258,2026-07-14
2022-04-19,sz.300236,上海新阳,33.126302,32.71709474,33.36013472,32.59043535,1819868,61498280.1,0.6342,-2.0134,286954904.0,9388330780.275604,2026-07-14
2022-04-20,sz.300236,上海新阳,32.75606686,32.13251294,33.14578806,32.10328385,1375900,46103047.0,0.4795,-1.7868,286944734.0,9220255378.319857,2026-07-14
2022-04-21,sz.300236,上海新阳,32.03508264,31.48947296,32.56120626,31.34332751,1649800,54117923.5,0.575,-2.0012,286921739.0,9035014341.876678,2026-07-14
2022-04-22,sz.300236,上海新阳,31.48947296,31.06077964,31.60638932,30.73925965,1439402,46042350.89,0.5016,-1.3614,286962121.0,8913267205.408016,2026-07-14
2022-04-25,sz.300236,上海新阳,30.5931142,27.05639431,30.5931142,27.05639431,3596362,106007161.74,1.2533,-12.8921,286951408.0,7763870442.657689,2026-07-14
2022-04-26,sz.300236,上海新阳,27.4753446,25.26367679,27.50457369,24.81549741,4214366,112945655.61,1.4687,-6.6259,286945326.0,7249293972.465184,2026-07-14
2022-04-27,sz.300236,上海新阳,24.357575,26.27695191,26.63744402,24.18220046,4643848,120966238.66,1.6184,4.0108,286940682.0,7539926501.936603,2026-07-14
2022-04-28,sz.300236,上海新阳,26.04311919,25.80928647,26.27695191,25.37085012,2588254,68607532.7,0.902,-1.7798,286946120.0,7405874612.534996,2026-07-14
2022-04-29,sz.300236,上海新阳,26.2087507,26.42309736,26.67641614,25.96517495,3028444,82102297.57,1.0554,2.3783,286947508.0,7582041941.093379,2026-07-14
2022-05-05,sz.300236,上海新阳,26.45232645,26.49129857,27.02716522,26.32566706,2133078,58339441.52,0.6888,0.2581,309680314.0,8203833659.425351,2026-07-14
2022-05-06,sz.300236,上海新阳,25.98466101,26.21849373,26.74461735,25.70211314,1432900,38589067.0,0.4627,-1.0298,309682300.0,8119403440.841979,2026-07-14
2022-05-09,sz.300236,上海新阳,26.21849373,26.31592403,26.65693008,26.17952161,1112525,30167602.75,0.3593,0.3716,309636794.0,8148378347.796761,2026-07-14
2022-05-10,sz.300236,上海新阳,25.95543192,27.16356764,27.26099794,25.95543192,3278967,90515890.72,1.0588,3.221,309687099.0,8412206460.921876,2026-07-14
2022-05-11,sz.300236,上海新阳,27.25125491,28.3522173,29.47266575,27.0856234,5634138,166116787.79,1.8194,4.3759,309670111.0,8779834278.38712,2026-07-14
2022-05-12,sz.300236,上海新阳,28.26453003,28.59579305,29.04397243,28.07941246,2762156,81012000.28,0.892,0.8591,309658744.0,8854937359.54693,2026-07-14
2022-05-13,sz.300236,上海新阳,28.67373729,28.38144639,28.85885486,28.254787,1578426,46086465.26,0.5097,-0.7496,309677457.0,8789094144.037031,2026-07-14
2022-05-16,sz.300236,上海新阳,28.7419385,28.07941246,28.8393688,27.9624961,1534599,44686130.25,0.4956,-1.0642,309644673.0,8694640489.208826,2026-07-14
2022-05-17,sz.300236,上海新阳,27.9624961,28.34247427,28.58605002,27.91378095,1726549,50207894.92,0.5575,0.9368,309694888.0,8777519394.690533,2026-07-14
2022-05-18,sz.300236,上海新阳,28.43016154,28.42041851,28.69322335,28.21581488,1394398,40749097.54,0.4503,0.275,309659782.0,8800660600.155365,2026-07-14
2022-05-19,sz.300236,上海新阳,27.99172519,28.72245244,28.89782698,27.88455186,2226212,65163583.02,0.7189,1.0627,309669217.0,8894459357.41454,2026-07-14
2022-05-20,sz.300236,上海新阳,28.9367991,29.44343666,29.70649847,28.7419385,3074528,92396028.71,0.9928,2.5102,309682514.0,9118117485.668564,2026-07-14
2022-05-23,sz.300236,上海新阳,29.47266575,29.82341483,29.90135907,29.22909,2291613,69589499.85,0.74,1.2905,309677432.0,9235638518.025116,2026-07-14
2022-05-24,sz.300236,上海新阳,29.78444271,28.47887669,30.06699058,28.46913366,3357433,100992211.36,1.0842,-4.5083,309669157.0,8819029736.89925,2026-07-14
2022-05-25,sz.300236,上海新阳,29.18037485,28.47887669,29.53112393,28.31324518,1906147,56231373.87,0.6155,0.0,309690820.0,8819646674.804985,2026-07-14
2022-05-26,sz.300236,上海新阳,28.5470779,28.31324518,28.91731304,27.97223913,2011961,58507367.31,0.6497,-0.5816,309675389.0,8767915214.968874,2026-07-14
2022-05-27,sz.300236,上海新阳,28.8393688,28.13787064,29.01474334,27.88455186,1521727,44402210.9,0.4914,-0.6194,309671754.0,8713503754.913902,2026-07-14
2022-05-30,sz.300236,上海新阳,28.47887669,28.6445082,28.87834092,28.1573567,1906970,55934549.1,0.6158,1.8006,309673595.0,8870447831.30098,2026-07-14
2022-05-31,sz.300236,上海新阳,28.6445082,29.21934697,29.29729121,28.3522173,2437374,72351573.9,0.7871,2.0068,309665100.0,9048212001.399748,2026-07-14
2022-06-01,sz.300236,上海新阳,29.22909,29.30703424,29.50189484,28.9367991,2054197,61572466.84,0.6633,0.3001,309693502.0,9076198067.019508,2026-07-14
2022-06-02,sz.300236,上海新阳,29.22909,29.94033119,30.05724755,29.0342294,3305722,101018952.43,1.0675,2.1609,309669508.0,9271607628.964354,2026-07-14
2022-06-06,sz.300236,上海新阳,29.95981725,30.41773966,30.67105844,29.94033119,3521733,110004018.81,1.1372,1.5945,309684576.0,9419904809.485483,2026-07-14
2022-06-07,sz.300236,上海新阳,30.74900268,29.79418574,30.74900268,29.53112393,2933363,90001667.99,0.9472,-2.05,309687817.0,9226896341.113129,2026-07-14
2022-06-08,sz.300236,上海新阳,29.79418574,29.76495665,30.3008233,29.28754818,2280500,69641180.0,0.7364,-0.0981,309682238.0,9217678389.344982,2026-07-14
2022-06-09,sz.300236,上海新阳,29.59932514,29.05371546,29.73572756,28.90757001,2244700,67291870.83,0.7249,-2.3895,309656504.0,8996671957.554352,2026-07-14
2022-06-10,sz.300236,上海新阳,29.04397243,29.45317969,29.66752635,28.88808395,3574440,107741424.72,1.1543,1.3749,309662999.0,9120559952.89129,2026-07-14
2022-06-13,sz.300236,上海新阳,29.45317969,29.51163787,29.89161604,29.14140273,2764160,83678700.4,0.8926,0.1985,309675106.0,9139019585.625864,2026-07-14
2022-06-14,sz.300236,上海新阳,29.41420757,29.14140273,29.41420757,28.02095428,2858649,84270044.42,0.9231,-1.2545,309679233.0,9024487245.970507,2026-07-14
2022-06-15,sz.300236,上海新阳,29.12191667,29.50189484,30.1059627,29.0342294,3138026,95786922.96,1.0133,1.237,309683805.0,9136259048.761066,2026-07-14
2022-06-16,sz.300236,上海新阳,29.43369363,31.44075781,31.62587538,29.40446454,8051489,254960249.97,2.6,6.572,309672654.0,9736342914.793928,2026-07-14
2022-06-17,sz.300236,上海新阳,31.177696,31.00232146,31.25564024,30.68080147,4362333,138572062.48,1.4087,-1.3945,309670831.0,9600514649.447334,2026-07-14
2022-06-20,sz.300236,上海新阳,31.00232146,30.66131541,31.32384145,30.43722572,3396040,107215786.0,1.0966,-1.0999,309688127.0,9495445340.679136,2026-07-14
2022-06-21,sz.300236,上海新阳,30.6905445,30.76848874,31.28486933,30.32030936,3330021,105394721.6,1.0753,0.3495,309682972.0,9528477036.951735,2026-07-14
2022-06-22,sz.300236,上海新阳,30.79771783,29.95981725,31.01206449,29.9111021,2542849,79134910.45,0.8211,-2.6282,309688101.0,9278198910.459543,2026-07-14
2022-06-23,sz.300236,上海新阳,29.95981725,30.65157238,30.71003056,29.9111021,2471131,76927231.13,0.798,2.3089,309665539.0,9491735682.250214,2026-07-14
2022-06-24,sz.300236,上海新阳,30.67105844,30.83668995,31.09975176,30.40799663,2704838,85529622.22,0.8734,0.6039,309690634.0,9549834061.07693,2026-07-14
2022-06-27,sz.300236,上海新阳,30.83668995,31.12898085,31.35307054,30.6905445,2846506,90660592.11,0.9192,0.9479,309672106.0,9639777057.45317,2026-07-14
2022-06-28,sz.300236,上海新阳,31.12898085,32.02533961,32.13251294,30.73925965,4819319,155753179.74,1.5563,2.8795,309665167.0,9917132138.562366,2026-07-14
2022-06-29,sz.300236,上海新阳,31.67459053,32.19097112,33.40884987,31.57716023,7167327,239945359.09,2.3145,0.5172,309670642.0,9968598693.333858,2026-07-14
2022-06-30,sz.300236,上海新阳,32.47479228,32.3964926,32.76841608,31.72115786,3822062,126098895.81,1.2342,0.6385,309679306.0,10032523345.202137,2026-07-14
2022-07-01,sz.300236,上海新阳,32.1028688,31.84839484,32.5922418,31.809245,2800479,91946011.7,0.9043,-1.6918,309684729.0,9862961525.1104,2026-07-14
2022-07-04,sz.300236,上海新阳,31.6134958,31.83860738,32.0539315,30.98709836,2803606,90268389.56,0.9053,-0.0307,309688059.0,9860036520.775274,2026-07-14
2022-07-05,sz.300236,上海新阳,31.91690706,32.52372958,32.6411791,31.74073278,3541139,116822061.65,1.1435,2.1519,309675470.0,10071801243.839403,2026-07-14
2022-07-06,sz.300236,上海新阳,32.36713022,32.4943672,33.45353828,32.21053086,3777418,126984318.65,1.2198,-0.0903,309675193.0,10062699434.07287,2026-07-14
2022-07-07,sz.300236,上海新阳,32.298618,32.66075402,32.74884116,31.9071196,2536833,83969623.62,0.8192,0.512,309671997.0,10114120920.899178,2026-07-14
2022-07-08,sz.300236,上海新阳,32.66075402,33.1305521,33.39481352,32.4943672,3321728,112312384.92,1.0727,1.4384,309660483.0,10259222765.342665,2026-07-14
2022-07-11,sz.300236,上海新阳,32.94459036,31.77009516,32.9837402,31.63307072,2573613,84496614.38,0.8311,-4.1064,309663458.0,9838037528.234663,2026-07-14
2022-07-12,sz.300236,上海新阳,31.7603077,30.40963822,31.94626944,30.39985076,2665997,84633675.17,0.8609,-4.2822,309675572.0,9417122110.091562,2026-07-14
2022-07-13,sz.300236,上海新阳,30.40963822,30.3900633,30.80113662,30.1943141,1699508,52876067.71,0.5488,-0.0644,309677114.0,9411107097.021317,2026-07-14
2022-07-14,sz.300236,上海新阳,30.38027584,30.80113662,30.9773109,30.1453768,1601234,50231121.55,0.5171,1.3527,309656546.0,9537773578.623316,2026-07-14
2022-07-15,sz.300236,上海新阳,30.830499,30.21388902,31.24157232,30.20410156,1865571,58664415.02,0.6024,-1.9066,309689741.0,9356931465.206543,2026-07-14
2022-07-18,sz.300236,上海新阳,30.18452664,30.52708774,30.830499,30.15516426,1279546,39824948.72,0.4132,1.0366,309667473.0,9453246118.49508,2026-07-14
2022-07-19,sz.300236,上海新阳,30.51730028,30.7326244,30.89901122,30.341126,1392875,43592804.46,0.4498,0.6733,309665407.0,9516830643.004131,2026-07-14
2022-07-20,sz.300236,上海新阳,31.06539804,31.21220994,31.31008454,30.9283736,1785790,56768563.16,0.5767,1.5605,309656667.0,9665068899.72467,2026-07-14
2022-07-21,sz.300236,上海新阳,31.14369772,31.38838422,32.0049942,30.93816106,2394912,77325284.65,0.7734,0.5644,309660202.0,9719733398.018812,2026-07-14
2022-07-22,sz.300236,上海新阳,31.53519612,30.79134916,31.91690706,30.65432472,2109859,67033927.73,0.6813,-1.9021,309681344.0,9535506391.44207,2026-07-14
2022-07-25,sz.300236,上海新阳,30.830499,30.2432514,31.20242248,29.91047776,1634098,50699037.61,0.5277,-1.78,309664203.0,9365252340.909634,2026-07-14
2022-07-26,sz.300236,上海新阳,30.21388902,30.7815617,30.90879868,29.82239062,1582150,49325410.98,0.5109,1.7799,309678998.0,9532403184.131176,2026-07-14
2022-07-27,sz.300236,上海新阳,30.830499,30.46836298,30.90879868,30.35091346,968793,30221348.61,0.3128,-1.0175,309716432.0,9436552671.046488,2026-07-14
2022-07-28,sz.300236,上海新阳,30.74241186,31.2709347,31.809245,30.59559996,2831281,90751014.22,0.9143,2.6341,309666521.0,9683561556.967178,2026-07-14
2022-07-29,sz.300236,上海新阳,31.42753406,31.0751855,31.78967008,31.01646074,1806960,57597687.13,0.5835,-0.626,309676093.0,9623242034.890251,2026-07-14
2022-08-01,sz.300236,上海新阳,31.01646074,32.14201864,32.17138102,30.66411218,3635197,118197189.72,1.1739,3.4331,309668370.0,9953366520.758417,2026-07-14
2022-08-02,sz.300236,上海新阳,31.7113704,32.0539315,32.5922418,30.830499,5138341,167519421.29,1.6593,-0.2741,309669198.0,9926115260.351936,2026-07-14
2022-08-03,sz.300236,上海新阳,32.09308134,33.0816148,34.51058396,32.09308134,8246880,279580887.8,2.6631,3.2061,309672187.0,10244456004.607567,2026-07-14
2022-08-04,sz.300236,上海新阳,33.277364,33.1305521,33.80588684,32.6411791,5802987,197360388.32,1.8739,0.1479,309674316.0,10259681060.269865,2026-07-14
2022-08-05,sz.300236,上海新阳,32.97395274,35.11740648,35.51869234,32.787991,10377202,365435227.9,3.351,5.997,309674784.0,10874975266.3342,2026-07-14
2022-08-08,sz.300236,上海新阳,34.85314506,35.27400584,35.40124282,34.27568492,6983357,248311640.58,2.2551,0.4459,309669505.0,10923283927.839909,2026-07-14
2022-08-09,sz.300236,上海新阳,34.92165728,35.70465408,35.73401646,34.34419714,5798974,207001083.38,1.8726,1.2209,309674997.0,11056838645.110037,2026-07-14
2022-08-10,sz.300236,上海新阳,35.19570616,35.56762964,36.69318754,34.96080712,7619995,280808882.48,2.4606,-0.3838,309680363.0,11014596457.96476,2026-07-14
2022-08-11,sz.300236,上海新阳,35.60677948,36.37998882,37.13362324,35.60677948,7132699,265697090.6,2.3033,2.284,309673034.0,11265901514.77548,2026-07-14
2022-08-12,sz.300236,上海新阳,35.89061582,35.4795425,36.8008496,35.4795425,6692713,246936351.1,2.1587,-2.4751,310034419.0,10999879345.373308,2026-07-14
2022-08-15,sz.300236,上海新阳,35.4306052,35.41103028,36.28211422,35.32294314,4600867,167773866.88,1.484,-0.1931,310031469.0,10978533736.51188,2026-07-14
2022-08-16,sz.300236,上海新阳,36.02764026,37.3880972,38.09279432,35.73401646,9227126,350421503.31,2.9762,5.5832,310030442.0,11591448300.454962,2026-07-14
2022-08-17,sz.300236,上海新阳,37.1434107,36.98681134,37.67193354,36.702975,4606861,174461154.21,1.4859,-1.0733,310038428.0,11467332844.586174,2026-07-14
2022-08-18,sz.300236,上海新阳,36.88893674,37.9753448,38.3668432,36.6540377,6611257,255550988.78,2.1324,2.6727,310038314.0,11773811875.360668,2026-07-14
2022-08-19,sz.300236,上海新阳,37.86768274,36.213602,38.44514288,36.1646647,6387218,242256448.8,2.0602,-4.6392,310029026.0,11227267756.011652,2026-07-14
2022-08-22,sz.300236,上海新阳,35.234856,36.37020136,36.8008496,34.91186982,3471734,128770656.75,1.1198,0.4324,310031613.0,11275912192.775595,2026-07-14
2022-08-23,sz.300236,上海新阳,36.71276246,36.19402708,36.72254992,35.724229,2996417,110442970.24,0.9665,-0.4844,310027625.0,11221148254.798084,2026-07-14
2022-08-24,sz.300236,上海新阳,36.213602,34.6965457,36.52680072,34.5007965,4190368,150419987.12,1.3516,-4.1374,310030186.0,10756976516.928501,2026-07-14
2022-08-25,sz.300236,上海新阳,34.97059458,33.99184858,35.42081774,33.5220505,3190068,111252857.22,1.029,-2.031,310016327.0,10538028044.711767,2026-07-14
2022-08-26,sz.300236,上海新阳,34.27568492,33.50247558,34.43228428,33.39481352,2236316,77441670.98,0.7213,-1.4397,310039651.0,10387095836.459223,2026-07-14
2022-08-29,sz.300236,上海新阳,33.0816148,33.04246496,33.88418652,32.8858656,2561363,87013873.29,0.8262,-1.3731,310017308.0,10243736036.583527,2026-07-14
2022-08-30,sz.300236,上海新阳,33.20885178,32.9837402,33.60035018,32.65096656,2354580,79456563.71,0.7595,-0.1777,310017117.0,10225524044.681004,2026-07-14
2022-08-31,sz.300236,上海新阳,32.81735338,31.8581823,33.18927686,31.7113704,2775365,91400824.64,0.8952,-3.4125,310027368.0,9876908407.733187,2026-07-14
2022-09-01,sz.300236,上海新阳,31.8581823,31.43732152,32.27904308,31.2709347,1955968,63312328.56,0.6309,-1.321,310028214.0,9746456643.789366,2026-07-14
2022-09-02,sz.300236,上海新阳,31.38838422,32.23010578,32.4454299,31.23178486,2133190,69801483.75,0.6881,2.5218,310011626.0,9991707499.0098,2026-07-14
2022-09-05,sz.300236,上海新阳,32.14201864,31.92669452,32.5433045,31.59392088,1971207,64471380.49,0.6358,-0.9414,310035703.0,9898415179.974447,2026-07-14
2022-09-06,sz.300236,上海新阳,32.02456912,32.2496807,32.61181672,31.8581823,1733553,57129495.32,0.5592,1.0116,310005901.0,9997591322.36581,2026-07-14
2022-09-07,sz.300236,上海新阳,32.23989324,32.95437782,33.43396336,32.19095594,3439402,116110635.04,1.1094,2.1851,310023616.0,10216635374.786596,2026-07-14
2022-09-08,sz.300236,上海新阳,32.787991,32.53351704,33.3263013,32.42585498,2018492,67605003.77,0.6511,-1.2771,310012594.0,10085800009.513601,2026-07-14
2022-09-09,sz.300236,上海新阳,32.5433045,32.2496807,33.14033956,31.91690706,1645417,54111088.19,0.5307,-0.8724,310046542.0,9998901981.63914,2026-07-14
2022-09-13,sz.300236,上海新阳,32.298618,32.35734276,33.19906432,32.2007434,1505300,50176281.0,0.4855,0.3338,310051493.0,10032442432.250742,2026-07-14
2022-09-14,sz.300236,上海新阳,31.809245,32.21053086,32.47479228,31.809245,1298747,42673637.08,0.4189,-0.4537,310037479.0,9986471785.086102,2026-07-14
2022-09-15,sz.300236,上海新阳,32.43564244,31.4177466,32.58245434,30.86964884,2517615,80977316.61,0.8121,-2.4613,310012929.0,9739907646.045792,2026-07-14
2022-09-16,sz.300236,上海新阳,31.30029708,31.13391026,31.89733214,31.0751855,1486778,47756359.88,0.4796,-0.9034,310003753.0,9651629026.165205,2026-07-14
2022-09-19,sz.300236,上海新阳,31.32965946,30.57602504,31.60370834,30.37048838,1450914,45939406.14,0.468,-1.7919,310024359.0,9479312563.79395,2026-07-14
2022-09-20,sz.300236,上海新阳,30.61517488,30.341126,30.77177424,30.2432514,1419782,44271754.54,0.4579,-0.7682,310063769.0,9407683883.263893,2026-07-14
2022-09-21,sz.300236,上海新阳,30.33133854,30.5368752,30.6836871,29.57770412,1470276,45457332.4,0.4742,0.6452,310053986.0,9468079875.744547,2026-07-14
2022-09-22,sz.300236,上海新阳,30.40963822,30.5858125,30.7815617,30.341126,1035698,32356927.6,0.3341,0.1603,309996408.0,9481492010.7615,2026-07-14
2022-09-23,sz.300236,上海新阳,30.49772536,29.25471794,30.59559996,29.0687562,1992182,60281949.74,0.6426,-4.352,310018985.0,9069517962.22009,2026-07-14
2022-09-26,sz.300236,上海新阳,29.28408032,29.36238,29.64621634,28.9219443,1129501,33909440.64,0.3643,0.368,310046939.0,9103716040.75482,2026-07-14
2022-09-27,sz.300236,上海新阳,29.1666308,29.86154046,29.93984014,29.1666308,1228400,37354651.0,0.3962,1.7,310045432.0,9258434212.106178,2026-07-14
2022-09-28,sz.300236,上海新阳,29.83217808,29.24493048,30.00835236,29.24493048,1127776,34064362.7,0.3638,-2.0649,309998900.0,9065896279.376472,2026-07-14
2022-09-29,sz.300236,上海新阳,29.36238,28.873007,29.851753,28.873007,1377840,41313766.5,0.4444,-1.2718,310045005.0,8951931599.680035,2026-07-14
2022-09-30,sz.300236,上海新阳,29.04918128,28.60874558,29.09811858,28.47172114,1400148,41076854.3,0.4516,-0.9153,310041630.0,8869902111.878496,2026-07-14
2022-10-10,sz.300236,上海新阳,28.85343208,26.99381468,28.85343208,26.82742786,1811509,50965629.12,0.5843,-5.6449,310030635.0,8368909506.312722,2026-07-14
2022-10-11,sz.300236,上海新阳,27.2091388,26.89594008,27.56148736,26.66104104,2174108,60211201.72,0.7013,-0.3626,310011122.0,8338040561.445569,2026-07-14
2022-10-12,sz.300236,上海新阳,26.69040342,27.70829926,27.7474491,26.58274136,3043997,84762099.56,0.9818,3.0204,310042473.0,8590749625.19447,2026-07-14
2022-10-13,sz.300236,上海新阳,27.5516999,27.894261,28.10958512,27.52233752,1807748,51543926.59,0.5831,0.6711,310023667.0,8647881083.475086,2026-07-14
2022-10-14,sz.300236,上海新阳,28.1389475,28.5304459,28.6283205,27.7963864,1857995,53680157.25,0.5993,2.2807,310027532.0,8845223729.236519,2026-07-14
2022-10-17,sz.300236,上海新阳,28.383634,29.48961698,29.5581292,28.22703464,2122021,63178938.24,0.6845,3.3619,310010373.0,9142087159.596933,2026-07-14
2022-10-18,sz.300236,上海新阳,29.4602546,29.2155681,29.5581292,29.0687562,1549500,46342439.0,0.4998,-0.9293,310024010.0,9057527576.790081,2026-07-14
2022-10-19,sz.300236,上海新阳,29.2155681,28.78491986,29.45046714,28.78491986,1295000,38441800.5,0.4177,-1.474,310031123.0,8924221029.660803,2026-07-14
2022-10-20,sz.300236,上海新阳,28.5793832,29.44067968,30.21388902,28.3346967,3350195,100689834.85,1.0806,2.2781,310031001.0,9127523391.310759,2026-07-14
2022-10-21,sz.300236,上海新阳,29.34280508,29.01003144,29.6560038,28.60874558,2189187,64780142.77,0.7061,-1.4628,310039230.0,8994247809.933392,2026-07-14
2022-10-24,sz.300236,上海新阳,29.14705588,29.47982952,30.4879379,29.04918128,3597010,109786598.27,1.1602,1.6194,310033615.0,9139738115.669315,2026-07-14
2022-10-25,sz.300236,上海新阳,29.32323016,29.0198189,29.53855428,28.6772578,2165479,64384667.74,0.6985,-1.5604,310018468.0,8996679797.015446,2026-07-14
2022-10-26,sz.300236,上海新阳,29.17641826,29.87132792,30.0964395,28.7751324,2589416,78543582.19,0.8352,2.9342,310035441.0,9261170324.932812,2026-07-14
2022-10-27,sz.300236,上海新阳,29.87132792,30.13558934,30.56623758,29.7049411,2822825,87011765.06,0.9105,0.8847,310030203.0,9342942880.604836,2026-07-14
2022-10-28,sz.300236,上海新阳,29.66579126,29.68536618,30.7815617,29.47982952,3424826,105727279.04,1.1047,-1.494,310023174.0,9203151444.475855,2026-07-14
2022-10-31,sz.300236,上海新阳,29.47982952,30.02792728,30.41942568,29.4602546,2333629,71643980.38,0.7527,1.154,310034409.0,9309690687.749777,2026-07-14
2022-11-01,sz.300236,上海新阳,29.92026522,30.37048838,30.4390006,29.7049411,2152470,66331783.79,0.6943,1.1408,310020164.0,9415463788.327694,2026-07-14
2022-11-02,sz.300236,上海新阳,30.4390006,30.6347498,30.80113662,30.30197616,2278810,71271224.0,0.735,0.8701,310042177.0,9498064519.842316,2026-07-14
2022-11-03,sz.300236,上海新阳,30.5368752,31.31008454,31.40795914,30.36070092,3337917,106153801.47,1.0766,2.2045,310042448.0,9707455257.868553,2026-07-14
2022-11-04,sz.300236,上海新阳,31.31008454,31.25135978,31.43732152,30.7326244,3565537,113026109.51,1.1501,-0.1876,310019737.0,9688538339.887978,2026-07-14
2022-11-07,sz.300236,上海新阳,31.05561058,30.76198678,31.4666839,30.7326244,2619825,82811230.2,0.845,-1.5659,310038462.0,9537399069.335533,2026-07-14
2022-11-08,sz.300236,上海新阳,30.77177424,30.84028646,31.10454788,30.44878806,1836648,57548669.87,0.5924,0.2545,310035111.0,9561571635.897898,2026-07-14
2022-11-09,sz.300236,上海新阳,30.6347498,30.85986138,31.0751855,30.45857552,1630650,51326600.87,0.526,0.0635,310009506.0,9566850381.642279,2026-07-14
2022-11-10,sz.300236,上海新阳,30.5368752,30.06707712,30.90879868,29.8028157,2237448,69045037.55,0.7217,-2.569,310024664.0,9321535481.590088,2026-07-14
2022-11-11,sz.300236,上海新阳,30.71304948,30.341126,31.0262482,30.27261378,2257001,70661134.11,0.728,0.9115,310027610.0,9406586778.48886,2026-07-14
2022-11-14,sz.300236,上海新阳,30.15516426,30.12580188,30.7815617,29.9496276,1890008,58530107.69,0.6096,-0.7097,310040682.0,9340224160.672083,2026-07-14
2022-11-15,sz.300236,上海新阳,29.95941506,30.9283736,31.16327264,29.74409094,4363225,137440079.17,1.4073,2.6641,310042280.0,9589103467.635809,2026-07-14
2022-11-16,sz.300236,上海新阳,30.9283736,30.79134916,31.53519612,30.77177424,3384019,107713847.57,1.0915,-0.443,310033807.0,9546359202.741053,2026-07-14
2022-11-17,sz.300236,上海新阳,30.7326244,31.50583374,31.50583374,30.1453768,5099193,161787568.78,1.6447,2.3204,310037879.0,9768001868.876238,2026-07-14
2022-11-18,sz.300236,上海新阳,31.13391026,31.06539804,32.25946816,30.9773109,4722783,152655248.14,1.5233,-1.3979,310036303.0,9631401159.545046,2026-07-14
2022-11-21,sz.300236,上海新阳,30.94794852,31.11433534,31.43732152,30.64453726,3053133,96786337.87,0.9848,0.1575,310025690.0,9646243282.674885,2026-07-14
2022-11-22,sz.300236,上海新阳,31.21220994,30.60538742,31.49604628,30.36070092,2761492,87297021.7,0.8907,-1.6357,310036151.0,9488776515.56062,2026-07-14
2022-11-23,sz.300236,上海新阳,30.3900633,29.9496276,30.60538742,29.17641826,3617610,109740124.9,1.1669,-2.1426,310018853.0,9284949196.329144,2026-07-14
2022-11-24,sz.300236,上海新阳,30.15516426,29.76366586,30.27261378,29.63642888,2171600,66262508.59,0.7004,-0.6209,310051399.0,9228266239.261538,2026-07-14
2022-11-25,sz.300236,上海新阳,30.02792728,29.38195492,30.0964395,29.27429286,1847417,55770480.81,0.5959,-1.2825,310021312.0,9109032213.423254,2026-07-14
2022-11-28,sz.300236,上海新阳,29.24493048,29.0198189,29.33301762,28.383634,2010756,59453870.48,0.6486,-1.2325,310014801.0,8996573381.339539,2026-07-14
2022-11-29,sz.300236,上海新阳,29.24493048,29.44067968,29.64621634,28.9708816,1777230,53324081.09,0.5732,1.4503,310054082.0,9128202911.638453,2026-07-14
2022-11-30,sz.300236,上海新阳,29.81260316,29.2155681,29.851753,29.1176935,1884595,56414804.32,0.6079,-0.7646,310017273.0,9057330751.507792,2026-07-14
2022-12-01,sz.300236,上海新阳,29.54834174,29.63642888,29.98877744,29.5091919,2283812,69519844.59,0.7366,1.4405,310047787.0,9188709188.826889,2026-07-14
2022-12-02,sz.300236,上海新阳,29.61685396,29.64621634,30.03771474,29.56791666,1534390,46749089.32,0.4949,0.033,310040412.0,9191525128.294731,2026-07-14
2022-12-05,sz.300236,上海新阳,29.96920252,29.6070665,29.96920252,29.36238,2125505,64115811.44,0.6856,-0.1321,310021149.0,9178816774.849407,2026-07-14
2022-12-06,sz.300236,上海新阳,29.42110476,29.73430348,30.06707712,29.42110476,2008325,61210396.0,0.6478,0.4298,310022383.0,9218299621.714794,2026-07-14
2022-12-07,sz.300236,上海新阳,29.6560038,29.35259254,29.68536618,29.3134427,1611850,48468427.5,0.5199,-1.2837,310030775.0,9100207013.43542,2026-07-14
2022-12-08,sz.300236,上海新阳,29.5091919,29.12748096,29.5091919,29.0687562,1725347,51538088.49,0.5565,-0.7669,310035400.0,9030550210.425983,2026-07-14
2022-12-09,sz.300236,上海新阳,29.0687562,29.44067968,29.62664142,28.98066906,4159791,124945637.87,1.3417,1.0753,310038831.0,9127753911.832653,2026-07-14
2022-12-12,sz.300236,上海新阳,29.38195492,29.64621634,30.03771474,28.98066906,2663132,80558278.42,0.859,0.6981,310027008.0,9191127750.41091,2026-07-14
2022-12-13,sz.300236,上海新阳,29.64621634,29.2645054,29.93005268,29.22535556,1685706,50597876.94,0.5437,-1.2876,310043406.0,9073266929.121393,2026-07-14
2022-12-14,sz.300236,上海新阳,30.44878806,29.44067968,30.70326202,29.27429286,4574498,140138578.63,1.4755,0.602,310030363.0,9127504608.157124,2026-07-14
2022-12-15,sz.300236,上海新阳,28.95130668,29.72451602,30.2921887,28.93173176,3741494,114293429.33,1.2068,0.9641,310034306.0,9215619695.446583,2026-07-14
2022-12-16,sz.300236,上海新阳,29.72451602,29.36238,29.72451602,29.14705588,2239251,67094510.75,0.7223,-1.2183,310016752.0,9102829678.58976,2026-07-14
2022-12-19,sz.300236,上海新阳,29.36238,28.58917066,29.59727904,28.39342146,2166760,63751870.36,0.6989,-2.6333,310024324.0,8863338307.587133,2026-07-14
2022-12-20,sz.300236,上海新阳,28.383634,28.44235876,28.80449478,28.24660956,1298938,37771992.38,0.419,-0.5135,310009069.0,8817389159.351595,2026-07-14
2022-12-21,sz.300236,上海新阳,28.37384654,27.98234814,28.56959574,27.5516999,2256402,64532685.72,0.7278,-1.6173,310030503.0,8675381468.965315,2026-07-14
2022-12-22,sz.300236,上海新阳,28.01171052,27.2580761,28.14873496,27.17977642,1457975,41083981.38,0.4703,-2.5883,310009568.0,8450264396.272125,2026-07-14
2022-12-23,sz.300236,上海新阳,27.1112642,27.04275198,27.48318768,26.8176404,1216730,33723285.7,0.3925,-0.7899,309994904.0,8383115303.935909,2026-07-14
2022-12-26,sz.300236,上海新阳,26.73934072,28.02149798,28.17809734,26.73934072,2205369,62695675.62,0.7113,3.6193,310047659.0,8687999850.372229,2026-07-14
2022-12-27,sz.300236,上海新阳,28.02149798,28.09979766,28.27597194,27.85511116,1028100,29486823.2,0.3316,0.2794,310042220.0,8712123648.057205,2026-07-14
2022-12-28,sz.300236,上海新阳,28.19767226,27.57127482,28.21724718,27.46361276,1241174,35077458.73,0.4003,-1.8809,310060954.0,8548775773.685378,2026-07-14
2022-12-29,sz.300236,上海新阳,27.6006372,27.29722594,27.65936196,27.26786356,885240,24807792.5,0.2855,-0.994,310066550.0,8463956671.786307,2026-07-14
2022-12-30,sz.300236,上海新阳,27.49297514,27.19935134,27.58106228,27.09168928,892994,24879055.6,0.288,-0.3586,310067361.0,8433631090.905614,2026-07-14
2023-01-03,sz.300236,上海新阳,27.3559507,27.9431983,28.05086036,27.1112642,1431141,40454251.6,0.4616,2.7348,310039211.0,8663487153.74854,2026-07-14
2023-01-04,sz.300236,上海新阳,28.1389475,27.8453237,28.65768288,27.70829926,1687922,48473061.27,0.5444,-0.3503,310051800.0,8633492734.76766,2026-07-14
2023-01-05,sz.300236,上海新阳,27.8453237,28.01171052,28.1389475,27.7474491,1389136,39645319.33,0.4481,0.5975,310005802.0,8683792785.144438,2026-07-14
2023-01-06,sz.300236,上海新阳,28.01171052,28.0410729,28.3346967,27.8453237,1855312,53196967.32,0.5984,0.1048,310045455.0,8694007205.96867,2026-07-14
2023-01-09,sz.300236,上海新阳,28.1878848,28.00192306,28.383634,27.96277322,1409590,40513381.42,0.4547,-0.1396,310004399.0,8680719329.05954,2026-07-14
2023-01-10,sz.300236,上海新阳,28.07043528,28.07043528,28.35427162,27.95298576,1841350,53048550.0,0.5939,0.2447,310043778.0,8703063804.31569,2026-07-14
2023-01-11,sz.300236,上海新阳,28.07043528,27.8453237,28.95130668,27.81596132,2492384,72158897.88,0.8039,-0.802,310036572.0,8633068706.178356,2026-07-14
2023-01-12,sz.300236,上海新阳,27.7474491,27.82574878,28.16830988,27.6006372,1270702,36186706.42,0.4099,-0.0703,310002928.0,8626063595.592428,2026-07-14
2023-01-13,sz.300236,上海新阳,27.76702402,27.7474491,28.0900102,27.52233752,1286145,36393167.99,0.4148,-0.2814,310063886.0,8603481894.533203,2026-07-14
2023-01-16,sz.300236,上海新阳,27.6006372,28.54023336,28.73598256,27.6006372,3135163,90989916.86,1.0112,2.8571,310043809.0,8848722660.683268,2026-07-14
2023-01-17,sz.300236,上海新阳,28.55980828,29.22535556,29.92026522,28.44235876,4550250,136739641.5,1.4677,2.4005,310025891.0,9060616897.280804,2026-07-14
2023-01-18,sz.300236,上海新阳,29.4602546,29.15684334,29.4602546,28.9708816,1767490,52628292.68,0.5701,-0.2344,310031573.0,9039542004.414774,2026-07-14
2023-01-19,sz.300236,上海新阳,29.25471794,29.56791666,29.69515364,29.00024398,2401045,72287103.76,0.7745,1.4099,310012266.0,9166416844.665752,2026-07-14
2023-01-20,sz.300236,上海新阳,29.57770412,29.62664142,29.98877744,29.4602546,1695250,51285761.35,0.5468,0.1986,310031090.0,9185179932.481747,2026-07-14
2023-01-30,sz.300236,上海新阳,30.38027584,30.07686458,30.52708774,29.98877744,3605926,111487673.73,1.1631,1.5197,310027169.0,9324645178.133774,2026-07-14
2023-01-31,sz.300236,上海新阳,29.92026522,29.93005268,30.31176362,29.72451602,1999867,61150867.31,0.6451,-0.4881,310008836.0,9278580792.74548,2026-07-14
2023-02-01,sz.300236,上海新阳,30.03771474,31.14369772,31.40795914,29.9496276,6185456,196099644.09,1.9951,4.0549,310032379.0,9655554694.988476,2026-07-14
2023-02-02,sz.300236,上海新阳,31.2219974,31.75052024,32.48457974,31.20242248,5166925,168241013.86,1.6666,1.9485,310027901.0,9843547145.665216,2026-07-14
2023-02-03,sz.300236,上海新阳,31.75052024,32.1028688,32.18116848,31.44710898,3300023,107314992.49,1.0644,1.1097,310035983.0,9953044485.528032,2026-07-14
2023-02-06,sz.300236,上海新阳,31.91690706,31.89733214,32.25946816,31.69179548,2437194,79403699.02,0.7861,-0.6402,310036128.0,9889325350.215553,2026-07-14
2023-02-07,sz.300236,上海新阳,31.88754468,32.18116848,32.3475553,31.67222056,2520193,82623791.95,0.8129,0.8898,310024972.0,9976965856.939281,2026-07-14
2023-02-08,sz.300236,上海新阳,32.21053086,32.298618,32.53351704,31.97563182,2915221,96100072.92,0.9403,0.365,310030948.0,10013571157.629864,2026-07-14
2023-02-09,sz.300236,上海新阳,32.28883054,33.68843732,33.73737462,32.2007434,6145225,209005299.01,1.9821,4.303,310036073.0,10444630812.199444,2026-07-14
2023-02-10,sz.300236,上海新阳,33.68843732,33.1305521,34.02121096,32.9837402,3695903,126350313.5,1.1921,-1.656,310032967.0,10271563365.911081,2026-07-14
2023-02-13,sz.300236,上海新阳,33.15012702,33.5220505,33.6199251,33.07182734,2783742,95081168.86,0.8979,1.1817,310028065.0,10392776451.347282,2026-07-14
2023-02-14,sz.300236,上海新阳,33.51226304,33.4731132,34.53015888,33.3752386,3474405,119935804.05,1.1207,-0.146,310020969.0,10377366989.710691,2026-07-14
2023-02-15,sz.300236,上海新阳,34.25611,35.14676886,35.55784218,34.1582354,7487473,267585682.78,2.4151,5.0,310027452.0,10896463195.698746,2026-07-14
2023-02-16,sz.300236,上海新阳,34.90208236,34.26589746,36.19402708,34.05057334,7755620,279077938.96,2.5016,-2.5063,310026383.0,10623332249.772686,2026-07-14
2023-02-17,sz.300236,上海新阳,34.33440968,33.277364,34.66718332,33.26757654,4556647,157595907.72,1.4697,-2.8849,310039260.0,10317289309.31064,2026-07-14
2023-02-20,sz.300236,上海新阳,33.29693892,33.63950002,33.75694954,32.72926624,3285561,112002303.89,1.0598,1.0882,310017079.0,10428819535.220842,2026-07-14
2023-02-21,sz.300236,上海新阳,33.63950002,33.4241759,34.19738524,33.1794894,2369147,81295697.24,0.7642,-0.6401,310016619.0,10362050005.379282,2026-07-14
2023-02-22,sz.300236,上海新阳,33.1794894,33.41438844,33.6199251,32.8858656,2027150,68828852.5,0.6539,-0.0293,310009176.0,10358767026.828327,2026-07-14
2023-02-23,sz.300236,上海新阳,33.25778908,33.15012702,33.51226304,32.8858656,2135363,72407840.08,0.6888,-0.7909,310012050.0,10276938835.23059,2026-07-14
2023-02-24,sz.300236,上海新阳,33.25778908,33.23821416,33.7177997,33.00331512,2332640,79518785.67,0.7524,0.2657,310026582.0,10304729927.8088,2026-07-14
2023-02-27,sz.300236,上海新阳,32.9837402,32.99352766,33.34587622,32.89565306,1641596,55515136.88,0.5295,-0.7362,310027573.0,10228903305.138168,2026-07-14
2023-02-28,sz.300236,上海新阳,33.1794894,32.72926624,33.41438844,32.42585498,1730864,58045305.3,0.5583,-0.8009,310024001.0,10146858069.519026,2026-07-14
2023-03-01,sz.300236,上海新阳,32.7390537,32.8369283,33.0816148,32.62160418,1921000,64464514.0,0.6196,0.3289,310038735.0,10180719711.4177,2026-07-14
2023-03-02,sz.300236,上海新阳,32.8369283,32.62160418,33.10118972,32.5433045,1689588,56636938.22,0.545,-0.6557,310016147.0,10113224036.842693,2026-07-14
2023-03-03,sz.300236,上海新阳,33.14033956,32.85650322,33.4731132,32.65096656,2657556,89641165.86,0.8572,0.7201,310027531.0,10186420570.59015,2026-07-14
2023-03-06,sz.300236,上海新阳,32.85650322,33.36545114,33.53183796,32.76841608,2541361,86268481.55,0.8197,1.549,310035501.0,10344474360.28092,2026-07-14
2023-03-07,sz.300236,上海新阳,33.36545114,32.45521736,33.64928748,32.45521736,2523502,84858925.57,0.814,-2.7281,310012531.0,10061524077.928738,2026-07-14
2023-03-08,sz.300236,上海新阳,32.03435658,33.8646116,34.47143412,32.03435658,5774980,198200685.25,1.8627,4.3426,310032748.0,10499138594.300678,2026-07-14
2023-03-09,sz.300236,上海新阳,34.18759778,37.78938306,39.27707698,34.0603608,22231950,851963335.59,7.1709,11.5896,310030122.0,11715847040.396532,2026-07-14
2023-03-10,sz.300236,上海新阳,37.192348,35.8710409,37.3880972,35.84167852,15044547,561409051.79,4.8526,-5.0764,310030643.0,11121121875.306297,2026-07-14
2023-03-13,sz.300236,上海新阳,35.58720456,35.86125344,37.07489848,35.39145536,10728065,396428812.36,3.4603,-0.0273,310032801.0,11118164851.374084,2026-07-14
2023-03-14,sz.300236,上海新阳,35.45996758,37.20213546,37.28043514,34.80420776,14378868,534253350.93,4.6379,3.7391,310029712.0,11533767342.448788,2026-07-14
2023-03-15,sz.300236,上海新阳,37.192348,37.34894736,39.04217794,36.4093512,13573304,523483751.47,4.378,0.3946,310034354.0,11579456767.337605,2026-07-14
2023-03-16,sz.300236,上海新阳,36.5072258,36.61488786,37.90683258,36.42892612,7662283,290272191.83,2.4715,-1.9654,310025612.0,11351553017.107872,2026-07-14
2023-03-17,sz.300236,上海新阳,37.20213546,37.85789528,38.15151908,36.68340008,10624264,407216612.84,3.4268,3.3948,310034551.0,11737255564.93982,2026-07-14
2023-03-20,sz.300236,上海新阳,37.89704512,36.90851166,38.7583416,36.87914928,11565532,445728580.5,3.7304,-2.5078,310034634.0,11442916903.992832,2026-07-14
2023-03-21,sz.300236,上海新阳,36.4582885,36.58552548,37.37830974,35.9689155,8858857,330501795.54,2.8574,-0.8751,310032092.0,11342687001.483704,2026-07-14
2023-03-22,sz.300236,上海新阳,36.81063706,36.2625393,36.91829912,35.49911742,6761886,249448547.46,2.181,-0.8828,310036039.0,11242694048.653833,2026-07-14
2023-03-23,sz.300236,上海新阳,36.3114766,36.93787404,37.02596118,36.07657756,8893988,332532295.07,2.8687,1.8623,310035486.0,11452051729.798183,2026-07-14
2023-03-24,sz.300236,上海新阳,36.8987242,37.2412853,37.681721,36.213602,8131000,308049199.1,2.6226,0.8214,310035842.0,11546133245.147722,2026-07-14
2023-03-27,sz.300236,上海新阳,38.2689686,37.61320878,40.128586,37.44682196,18621167,736201726.06,6.0062,0.9987,310032417.0,11661314029.189022,2026-07-14
2023-03-28,sz.300236,上海新阳,37.3880972,35.98849042,37.5838464,35.78295376,12033150,449214842.59,3.8813,-4.3195,310028856.0,11157470514.07956,2026-07-14
2023-03-29,sz.300236,上海新阳,35.90040328,36.90851166,37.35873482,35.83189106,8816740,330256844.11,2.8438,2.5564,310033758.0,11442884572.13662,2026-07-14
2023-03-30,sz.300236,上海新阳,37.00638626,37.3391599,38.4647178,37.00638626,8616227,332207107.07,2.7791,1.1668,310036595.0,11576505995.55654,2026-07-14
2023-03-31,sz.300236,上海新阳,37.00638626,37.7306583,38.04385702,36.9965988,7190284,275715248.11,2.3192,1.0485,310032942.0,11697746996.345718,2026-07-14
2023-04-03,sz.300236,上海新阳,38.2689686,38.8072789,39.08132778,37.79917052,13305386,524482811.74,4.2916,2.8534,310033228.0,12031545947.263288,2026-07-14
2023-04-04,sz.300236,上海新阳,38.39620558,40.23624806,41.107332,38.37663066,21280599,871905243.45,6.864,3.6822,310032037.0,12474525947.279099,2026-07-14
2023-04-06,sz.300236,上海新阳,39.639213,41.94905356,43.20184844,39.50218856,20859360,886162479.92,6.7281,4.2569,310033442.0,13005609463.849154,2026-07-14
2023-04-07,sz.300236,上海新阳,41.9882034,40.88222042,42.1839526,40.45157218,12557275,526669739.61,4.0503,-2.5432,310033207.0,12674845906.093489,2026-07-14
2023-04-10,sz.300236,上海新阳,40.80392074,40.128586,41.90011626,39.60985062,11378277,473582503.02,3.67,-1.8434,310034796.0,12441257974.278456,2026-07-14
2023-04-11,sz.300236,上海新阳,40.10901108,40.1775233,40.9115828,39.45325126,7928848,325393563.16,2.5574,0.122,310035505.0,12456458725.964766,2026-07-14
2023-04-12,sz.300236,上海新阳,40.00134902,40.128586,40.41242234,39.3455892,7060195,288093573.52,2.2773,-0.1218,310024810.0,12440857250.21866,2026-07-14
2023-04-13,sz.300236,上海新阳,39.7370876,38.7583416,39.8349622,38.57237986,8092534,322651966.82,2.6102,-3.4146,310035016.0,12016443058.089466,2026-07-14
2023-04-14,sz.300236,上海新阳,39.0519654,40.95073264,41.107332,38.20045638,12503748,510340739.39,4.0331,5.6566,310028217.0,12695882625.222902,2026-07-14
2023-04-17,sz.300236,上海新阳,40.98988248,40.38305996,41.97841594,40.26561044,8302761,348414402.23,2.678,-1.3862,310035885.0,12520197733.706663,2026-07-14
2023-04-18,sz.300236,上海新阳,39.86432458,39.72730014,40.2753979,39.28686444,6316535,256597132.92,2.0374,-1.6238,310029204.0,12316623239.473288,2026-07-14
2023-04-19,sz.300236,上海新阳,39.79581236,39.76644998,40.77455836,39.53155094,7706913,315584216.68,2.4858,0.0985,310037533.0,12329092047.967098,2026-07-14
2023-04-20,sz.300236,上海新阳,39.31622682,40.0796487,40.23624806,39.22813968,6046913,246183602.46,1.9504,0.7876,310034506.0,12426074085.358042,2026-07-14
2023-04-21,sz.300236,上海新阳,40.3732725,37.2902226,40.3732725,37.21192292,9539243,373905924.25,3.0769,-6.9597,310027723.0,11561002802.841139,2026-07-14
2023-04-24,sz.300236,上海新阳,37.192348,37.03574864,38.15151908,36.702975,5248258,199460114.18,1.6928,-0.6824,310034145.0,11482346664.037313,2026-07-14
2023-04-25,sz.300236,上海新阳,37.3391599,36.47786342,37.5838464,36.28211422,5048610,190119983.91,1.6284,-1.5063,310035004.0,11309414531.331154,2026-07-14
2023-04-26,sz.300236,上海新阳,35.9689155,35.84167852,36.97702388,35.44039266,5107013,188603784.02,1.6473,-1.744,310023250.0,11111753660.22559,2026-07-14
2023-04-27,sz.300236,上海新阳,37.0944734,39.61963808,41.22478152,36.85957436,15239992,613675719.96,5.4738,10.5407,278417041.0,11030782399.724522,2026-07-14
2023-04-28,sz.300236,上海新阳,39.07154032,41.06818216,42.04692816,39.07154032,14391379,601312451.14,5.169,3.6561,278417083.0,11434083481.099838,2026-07-14
2023-05-04,sz.300236,上海新阳,40.35369758,40.5690217,41.45968056,40.128586,8093882,335569207.55,2.9071,-1.2154,278417736.0,11295135173.448872,2026-07-14
2023-05-05,sz.300236,上海新阳,40.39284742,40.74519598,41.87075388,40.20688568,11109892,466318293.95,3.9904,0.4343,278415497.0,11344093989.134102,2026-07-14
2023-05-08,sz.300236,上海新阳,39.7860249,40.01113648,40.90179534,38.8562162,7780074,318362878.22,2.7944,-1.8016,278416619.0,11139765341.109161,2026-07-14
2023-05-09,sz.300236,上海新阳,39.9328368,38.40599304,40.5690217,38.40599304,8023192,321678215.3,2.8817,-4.0117,278418711.0,10692947076.87177,2026-07-14
2023-05-10,sz.300236,上海新阳,37.9753448,37.44682196,38.5625924,36.98681134,5900203,226404468.82,2.1192,-2.4975,278416525.0,10425814042.396889,2026-07-14
2023-05-11,sz.300236,上海新阳,38.10258178,37.94598242,38.74855414,37.192348,4975483,192517760.29,1.7871,1.333,278411001.0,10564578949.480602,2026-07-14
2023-05-12,sz.300236,上海新阳,37.7306583,37.4859718,39.89368696,37.40767212,7924890,313658393.94,2.8464,-1.2123,278418002.0,10436769371.584345,2026-07-14
2023-05-15,sz.300236,上海新阳,37.192348,38.3668432,38.3668432,36.79106214,5128654,197651806.68,1.8421,2.3499,278413441.0,10681844835.619452,2026-07-14
2023-05-16,sz.300236,上海新阳,38.40599304,37.47618434,38.40599304,37.0944734,5777439,222517688.92,2.0751,-2.3214,278417377.0,10434020943.911278,2026-07-14
2023-05-17,sz.300236,上海新阳,37.25107276,37.72087084,38.28854352,37.192348,3917621,150973724.93,1.4071,0.6529,278418094.0,10502172963.29298,2026-07-14
2023-05-18,sz.300236,上海新阳,37.46639688,37.56427148,38.14173162,37.41745958,3961933,152736331.33,1.423,-0.4152,278421152.0,10458687739.502346,2026-07-14
2023-05-19,sz.300236,上海新阳,37.5838464,39.8838995,40.4222098,37.46639688,10828755,433391050.55,3.8894,6.1751,278417108.0,11104359954.552645,2026-07-14
2023-05-22,sz.300236,上海新阳,40.4222098,39.85453712,40.617959,39.4434638,8060519,329103787.01,2.8951,-0.0736,278419364.0,11096274877.464792,2026-07-14
2023-05-23,sz.300236,上海新阳,39.5902757,38.68982938,39.97198664,38.28854352,5291437,210303689.5,1.9005,-2.9224,278423415.0,10772154421.746933,2026-07-14
2023-05-24,sz.300236,上海新阳,38.5136551,41.34223104,42.31118958,38.5136551,17868603,746562165.32,6.4179,6.8556,278418221.0,11510430418.32778,2026-07-14
2023-05-25,sz.300236,上海新阳,41.0094574,40.33412266,41.42053072,39.80559982,9909694,409891923.2,3.5593,-2.4384,278416936.0,11229702847.245369,2026-07-14
2023-05-26,sz.300236,上海新阳,40.48093456,42.2818272,42.30140212,40.3732725,14854444,628794240.54,5.3353,4.8289,278418158.0,11772028445.898298,2026-07-14
2023-05-29,sz.300236,上海新阳,42.2818272,41.66521722,43.00609924,41.43031818,12548450,540174634.13,4.507,-1.4583,278421345.0,11600485818.109562,2026-07-14
2023-05-30,sz.300236,上海新阳,41.22322779,41.24287193,41.34109263,40.29995321,7934006,329930961.07,2.8497,-1.0137,278415482.0,11482654067.45522,2026-07-14
2023-05-31,sz.300236,上海新阳,41.11518502,41.6455768,42.06792581,40.51603875,7483610,314435766.27,2.6879,0.9764,278418468.0,11594897691.632343,2026-07-14
2023-06-01,sz.300236,上海新阳,41.01696432,41.06607467,41.4491354,40.74194636,5941347,247968472.33,2.134,-1.3915,278413636.0,11433355165.1222,2026-07-14
2023-06-02,sz.300236,上海新阳,40.84998913,40.14280009,41.22322779,40.11333388,5769303,238100513.32,2.0722,-2.2483,278414391.0,11176333240.092096,2026-07-14
2023-06-05,sz.300236,上海新阳,40.14280009,40.3687077,41.0562526,40.14280009,4409992,182238093.58,1.5839,0.5628,278426163.0,11239704390.179556,2026-07-14
2023-06-06,sz.300236,上海新阳,40.12315595,39.4847214,40.59461531,39.40614484,4267325,173556179.78,1.5327,-2.1898,278418803.0,10993288868.976484,2026-07-14
2023-06-07,sz.300236,上海新阳,39.4847214,39.59276417,39.83831592,39.18023723,3113328,125332184.98,1.1182,0.2736,278423180.0,11023543305.201462,2026-07-14
2023-06-08,sz.300236,上海新阳,39.29810207,38.6007351,39.4847214,37.79532536,5168645,203061177.48,1.8564,-2.5056,278423023.0,10747333356.564207,2026-07-14
2023-06-09,sz.300236,上海新阳,38.8953972,39.34721242,39.37667863,38.31589507,4283410,170029915.8,1.5385,1.9338,278414690.0,10954841948.27845,2026-07-14
2023-06-12,sz.300236,上海新阳,39.4847214,39.46507726,40.0740456,39.28828,3480795,140863820.34,1.2502,0.2996,278419053.0,10987829437.301035,2026-07-14
2023-06-13,sz.300236,上海新阳,39.7793835,40.29013114,40.40799598,39.0918386,4629178,188191290.42,1.6627,2.0906,278413304.0,11217308529.280687,2026-07-14
2023-06-14,sz.300236,上海新阳,40.0740456,40.19191044,40.54550496,39.90707041,3353578,137406488.5,1.2045,-0.2438,278420756.0,11190262089.789093,2026-07-14
2023-06-15,sz.300236,上海新阳,40.22137665,39.53383175,40.45710633,39.4847214,3949476,160313967.74,1.4185,-1.6373,278426225.0,11007255533.937643,2026-07-14
2023-06-16,sz.300236,上海新阳,39.78920557,39.91689248,40.24102079,39.40614484,2966294,120414946.44,1.0654,0.9689,278420687.0,11113688627.186733,2026-07-14
2023-06-19,sz.300236,上海新阳,40.41781805,41.19376158,41.61611059,40.29995321,8224775,344401070.33,2.9541,3.1988,278418977.0,11469124957.885504,2026-07-14
2023-06-20,sz.300236,上海新阳,41.06607467,41.71433129,41.73397543,40.58479324,8281929,347823645.67,2.9746,1.2637,278421603.0,11614170985.834858,2026-07-14
2023-06-21,sz.300236,上海新阳,41.1544733,39.75973936,41.52771196,39.75973936,5787397,238540171.85,2.0787,-4.6857,278414249.0,11069677974.35014,2026-07-14
2023-06-26,sz.300236,上海新阳,39.0918386,39.04272825,39.73027315,38.6007351,3932383,156661631.29,1.4124,-1.8034,278418508.0,10870218147.614452,2026-07-14
2023-06-27,sz.300236,上海新阳,38.8953972,38.73824408,39.67134073,38.73824408,3338512,132580969.33,1.1991,-0.7799,278418147.0,10785430134.78732,2026-07-14
2023-06-28,sz.300236,上海新阳,38.6007351,37.87390192,38.65966752,36.9309832,5193092,199046144.08,1.8652,-2.2312,278420116.0,10544856165.939024,2026-07-14
2023-06-29,sz.300236,上海新阳,37.6185281,38.02123297,38.55162475,37.6185281,2279067,88471673.98,0.8186,0.389,278410335.0,10585504208.290745,2026-07-14
2023-06-30,sz.300236,上海新阳,37.72657087,38.94450755,39.28828,37.7167488,3442604,136022983.38,1.2365,2.4283,278415204.0,10842743014.21279,2026-07-14
2023-07-03,sz.300236,上海新阳,39.12130481,38.94450755,39.9758249,38.7971765,4310098,173047404.98,1.5481,0.0,278412118.0,10842622831.46249,2026-07-14
2023-07-04,sz.300236,上海新阳,38.87575306,39.39632277,39.82849385,38.7971765,3073200,123127842.27,1.1038,1.1602,278420004.0,10968724343.20869,2026-07-14
2023-07-05,sz.300236,上海新阳,39.28828,38.95432962,39.54365382,38.92486341,2268081,90486836.39,0.8146,-1.1219,278428799.0,10846007211.946728,2026-07-14
2023-07-06,sz.300236,上海新阳,38.7971765,38.91504134,39.45525519,38.59091303,2155592,85820359.87,0.7742,-0.1009,278428313.0,10835049310.62146,2026-07-14
2023-07-07,sz.300236,上海新阳,38.76771029,37.78550329,39.04272825,37.75603708,2979475,115588993.69,1.0701,-2.9026,278429586.0,10520602037.836338,2026-07-14
2023-07-10,sz.300236,上海新阳,37.83461364,37.6185281,37.99176676,37.323866,1897529,72577959.94,0.6815,-0.4419,278434189.0,10474284362.897211,2026-07-14
2023-07-11,sz.300236,上海新阳,37.60870603,38.45340405,38.47304819,37.58906189,2318597,90157072.47,0.8328,2.2193,278409822.0,10705805376.85458,2026-07-14
2023-07-12,sz.300236,上海新阳,38.35518335,37.09795839,38.64984545,37.07831425,3577396,136967645.78,1.2849,-3.5249,278418243.0,10328748393.83091,2026-07-14
2023-07-13,sz.300236,上海新阳,37.40244256,38.06052125,38.4042937,37.30422186,3331179,128701632.93,1.1965,2.5947,278410280.0,10596440378.158451,2026-07-14
2023-07-14,sz.300236,上海新阳,38.13909781,40.22137665,40.74194636,38.05069918,9021950,362814174.14,3.2404,5.6774,278420874.0,11198470840.376192,2026-07-14
2023-07-17,sz.300236,上海新阳,39.79902764,38.68913373,40.0740456,38.31589507,6819053,270623881.54,2.4492,-3.8095,278419606.0,10771813369.587912,2026-07-14
2023-07-18,sz.300236,上海新阳,38.6007351,37.76585915,39.43561105,37.54977361,5022680,196301281.32,1.804,-2.3864,278419069.0,10514735344.528131,2026-07-14
2023-07-19,sz.300236,上海新阳,37.54977361,37.37297635,38.0114109,37.14706874,3190988,121592238.21,1.1461,-1.0403,278421429.0,10405437481.350204,2026-07-14
2023-07-20,sz.300236,上海新阳,37.57923982,37.20600116,37.80514743,37.0292039,2381697,90312964.12,0.8554,-0.4468,278430793.0,10359296407.337719,2026-07-14
2023-07-21,sz.300236,上海新阳,36.95062734,37.17653495,37.47119705,36.95062734,1635439,61897940.83,0.5874,-0.0792,278419986.0,10350690340.30751,2026-07-14
2023-07-24,sz.300236,上海新阳,37.16671288,36.98991562,37.64799431,36.64614317,1580751,59909783.77,0.5678,-0.502,278399260.0,10297965136.07044,2026-07-14
2023-07-25,sz.300236,上海新阳,37.40244256,37.53995154,37.67746052,37.19617909,1738012,66305871.98,0.6242,1.487,278438321.0,10452561077.218964,2026-07-14
2023-07-26,sz.300236,上海新阳,37.74621501,37.31404393,37.74621501,37.2256453,1339140,50964015.4,0.481,-0.6018,278407484.0,10388509088.41677,2026-07-14
2023-07-27,sz.300236,上海新阳,37.31404393,36.12557346,37.48101912,35.72286859,3221213,119459597.51,1.157,-3.185,278410804.0,10057749951.959661,2026-07-14
2023-07-28,sz.300236,上海新阳,35.68358031,36.16486174,36.28272658,35.46749477,2521083,92008704.4,0.9055,0.1088,278418885.0,10068980481.82996,2026-07-14
2023-07-31,sz.300236,上海新阳,36.16486174,36.44970177,36.64614317,36.05681897,1914559,71028775.81,0.6877,0.7876,278400320.0,10147608636.672565,2026-07-14
2023-08-01,sz.300236,上海新阳,36.341659,36.64614317,36.95062734,36.30237072,1906840,71188427.9,0.6849,0.5389,278411447.0,10202705746.928867,2026-07-14
2023-08-02,sz.300236,上海新阳,36.39076935,36.68543145,37.09795839,36.39076935,1834643,68732376.47,0.659,0.1072,278398027.0,10213151735.32375,2026-07-14
2023-08-03,sz.300236,上海新阳,36.51845626,36.28272658,36.7345418,36.19432795,1534785,56857920.4,0.5513,-1.0977,278393796.0,10100885981.836298,2026-07-14
2023-08-04,sz.300236,上海新阳,36.69525352,36.65596524,37.4220867,36.37112521,2198600,82509122.0,0.7897,1.0287,278409523.0,10205369797.57298,2026-07-14
2023-08-07,sz.300236,上海新阳,36.65596524,36.28272658,36.90151699,36.17468381,1549900,57507620.0,0.5567,-1.0182,278408479.0,10101418721.110672,2026-07-14
2023-08-08,sz.300236,上海新阳,36.51845626,35.77197894,36.5381004,35.5558934,2026150,74120973.5,0.7277,-1.4077,278432046.0,9960065285.73311,2026-07-14
2023-08-09,sz.300236,上海新阳,35.88984378,35.67375824,35.98806448,35.359452,1238809,45067375.79,0.4449,-0.2746,278446617.0,9933237297.603874,2026-07-14
2023-08-10,sz.300236,上海新阳,35.6541141,35.51660512,35.89966585,35.38891821,1090700,39573632.0,0.3917,-0.4405,278452898.0,9889701622.785639,2026-07-14
2023-08-11,sz.300236,上海新阳,35.74251273,34.55404226,35.74251273,34.52457605,2340558,83227870.44,0.8407,-2.7102,278405852.0,9620047575.439306,2026-07-14
2023-08-14,sz.300236,上海新阳,34.377245,34.41653328,34.73083952,33.72898838,2136015,74222723.95,0.7672,-0.398,278416971.0,9582146948.138296,2026-07-14
2023-08-15,sz.300236,上海新阳,34.40671121,33.76827666,34.52457605,33.43432628,1983946,68314054.48,0.7126,-1.8836,278409486.0,9401408548.016396,2026-07-14
2023-08-16,sz.300236,上海新阳,33.45397042,33.07090969,34.06293876,33.07090969,2006275,68355404.1,0.7206,-2.0652,278417291.0,9207513086.79545,2026-07-14
2023-08-17,sz.300236,上海新阳,33.07090969,33.71916631,33.84685322,32.83518001,2074737,70732530.64,0.7452,1.9602,278413446.0,9387869288.614204,2026-07-14
2023-08-18,sz.300236,上海新阳,33.96471806,33.21824074,34.02365048,33.21824074,1330043,45554077.77,0.4777,-1.4856,278426418.0,9248835781.499868,2026-07-14
2023-08-21,sz.300236,上海新阳,33.24770695,33.04144348,33.79774287,32.7074931,1493597,50831705.16,0.5365,-0.5322,278396459.0,9198620865.080637,2026-07-14
2023-08-22,sz.300236,上海新阳,33.20841867,33.36557179,33.46379249,32.52087377,2090000,70265475.0,0.7507,0.981,278406820.0,9289202739.535606,2026-07-14
2023-08-23,sz.300236,上海新阳,33.37539386,32.56016205,33.37539386,32.54051791,1234226,41346566.38,0.4433,-2.4139,278417776.0,9065327904.1606,2026-07-14
2023-08-24,sz.300236,上海新阳,32.72713724,33.14948625,33.48343663,32.58962826,1790908,60392582.04,0.6432,1.81,278437189.0,9230049768.244152,2026-07-14
2023-08-25,sz.300236,上海新阳,33.12002004,32.46194135,33.82720908,32.26549995,2753208,92202067.69,0.9889,-2.0741,278411164.0,9037766876.95323,2026-07-14
2023-08-28,sz.300236,上海新阳,34.94692506,32.56998412,35.0647899,32.49140756,3151202,107805320.38,1.1318,0.3328,278423926.0,9068262848.448055,2026-07-14
2023-08-29,sz.300236,上海新阳,32.42265307,34.10222704,34.31831258,32.42265307,3576570,122838873.19,1.2846,4.7045,278418963.0,9494706688.46736,2026-07-14
2023-08-30,sz.300236,上海新阳,34.38706707,34.70137331,35.359452,34.29866844,3627660,128734167.0,1.303,1.7569,278408289.0,9661149969.187366,2026-07-14
2023-08-31,sz.300236,上海新阳,34.42635535,36.27290451,37.27475565,34.42635535,8350677,307200751.7,2.9993,4.5287,278420865.0,10099133449.7366,2026-07-14
2023-09-01,sz.300236,上海新阳,35.72286859,35.28087544,35.98806448,35.0647899,4309335,155550793.97,1.5478,-2.7349,278416785.0,9822787911.990261,2026-07-14
2023-09-04,sz.300236,上海新阳,35.359452,36.06664104,36.06664104,35.04514576,3439292,124538030.11,1.2353,2.2272,278417550.0,10041585835.086252,2026-07-14
2023-09-05,sz.300236,上海新阳,36.03717483,36.1452176,37.28457772,35.87019964,7570069,283410713.2,2.719,0.2179,278413718.0,10063324419.935038,2026-07-14
2023-09-06,sz.300236,上海新阳,36.03717483,39.29810207,40.3687077,35.8505555,18218202,711623140.15,6.5435,8.7228,278416780.0,10941251038.440735,2026-07-14
2023-09-07,sz.300236,上海新阳,38.6989558,38.56144682,39.82849385,38.32571714,11442027,452120384.38,4.1096,-1.8745,278421915.0,10736351868.795061,2026-07-14
2023-09-08,sz.300236,上海新阳,38.44358198,38.92486341,40.18208837,38.306073,12376626,495050194.11,4.4453,0.9424,278420489.0,10837479504.870407,2026-07-14
2023-09-11,sz.300236,上海新阳,38.32571714,38.70877787,39.90707041,38.11945367,11521128,457159262.33,4.1381,-0.5551,278415891.0,10777138880.197132,2026-07-14
2023-09-12,sz.300236,上海新阳,38.15874195,38.34536128,38.92486341,38.0114109,6540174,255818830.25,2.349,-0.9388,278423755.0,10676259474.409206,2026-07-14
2023-09-13,sz.300236,上海新阳,37.9131902,38.5025144,38.8953972,37.6185281,6743621,262462179.86,2.4221,0.4098,278420420.0,10719886230.304049,2026-07-14
2023-09-14,sz.300236,上海新阳,38.06052125,37.70692673,38.21767437,37.07831425,5588363,213664528.71,2.0072,-2.0663,278415853.0,10498206169.54145,2026-07-14
2023-09-15,sz.300236,上海新阳,38.06052125,37.59888396,38.12927574,37.21582323,4512372,172967087.25,1.6207,-0.2865,278421176.0,10468325488.430738,2026-07-14
2023-09-18,sz.300236,上海新阳,37.4220867,36.81311836,37.48101912,36.74436387,4032146,152069433.53,1.4482,-2.0899,278424665.0,10249680146.988348,2026-07-14
2023-09-19,sz.300236,上海新阳,36.85240664,36.23361623,36.94080527,35.9487762,3238255,119654422.15,1.1631,-1.5742,278415871.0,10088013822.155188,2026-07-14
2023-09-20,sz.300236,上海新阳,36.42023556,35.38891821,36.52827833,35.359452,3046100,110805987.0,1.0941,-2.3313,278411480.0,9852681094.445051,2026-07-14
2023-09-21,sz.300236,上海新阳,35.36927407,35.48713891,35.73269066,35.22194302,2509109,90640091.74,0.9012,0.2775,278418664.0,9880281804.504616,2026-07-14
2023-09-22,sz.300236,上海新阳,35.53624926,35.77197894,35.8505555,34.9665692,3233380,117069777.32,1.1613,0.8027,278427624.0,9959907102.042238,2026-07-14
2023-09-25,sz.300236,上海新阳,35.76215687,35.60500375,36.19432795,35.37909614,3156400,114980297.84,1.1337,-0.4668,278415807.0,9912995852.294277,2026-07-14
2023-09-26,sz.300236,上海新阳,35.39874028,35.44785063,35.84073343,34.9665692,2739704,98707883.62,0.984,-0.4414,278425203.0,9869575007.571426,2026-07-14
2023-09-27,sz.300236,上海新阳,35.37909614,35.14336646,35.72286859,35.14336646,2037004,73321399.33,0.7316,-0.859,278431383.0,9785016126.733616,2026-07-14
2023-09-28,sz.300236,上海新阳,35.21212095,35.74251273,36.11575139,35.13354439,3757201,136481932.35,1.3495,1.7049,278414302.0,9951226733.449064,2026-07-14
2023-10-09,sz.300236,上海新阳,35.74251273,35.69340238,36.15503967,35.46749477,2759417,100593830.3,0.9911,-0.1374,278419635.0,9937744062.547731,2026-07-14
2023-10-10,sz.300236,上海新阳,35.80144515,35.96842034,36.51845626,35.7523348,3312256,121786739.68,1.1897,0.7705,278411028.0,10014004882.39551,2026-07-14
2023-10-11,sz.300236,上海新阳,35.86037757,36.39076935,36.5381004,35.66393617,3896451,143802903.33,1.3995,1.1742,278417363.0,10131822039.968224,2026-07-14
2023-10-12,sz.300236,上海新阳,36.46934591,36.20415002,36.61667696,35.64429203,3452163,126768078.4,1.2399,-0.5128,278422695.0,10080057018.752705,2026-07-14
2023-10-13,sz.300236,上海新阳,35.95859827,36.4398797,36.54792247,35.88002171,3205968,118589210.57,1.1515,0.6511,278416674.0,10145470107.034117,2026-07-14
2023-10-16,sz.300236,上海新阳,36.341659,35.2612313,36.52827833,35.11390025,3390104,122351688.16,1.2176,-3.2345,278425099.0,9817611815.564398,2026-07-14
2023-10-17,sz.300236,上海新阳,35.29069751,35.4576727,35.61482582,34.91745885,1925850,69121585.0,0.6917,0.5571,278422727.0,9872221926.207455,2026-07-14
2023-10-18,sz.300236,上海新阳,35.1630106,34.8683485,36.03717483,34.8683485,2101500,75240036.54,0.7548,-1.662,278418124.0,9707980176.348215,2026-07-14
2023-10-19,sz.300236,上海新阳,34.69155124,35.1630106,36.22379416,34.59333054,3824047,138862672.74,1.3735,0.8451,278416236.0,9789953057.680101,2026-07-14
2023-10-20,sz.300236,上海新阳,34.8683485,34.1808036,35.4576727,34.12187118,2658391,93510361.17,0.9548,-2.7933,278423858.0,9516751207.852287,2026-07-14
2023-10-23,sz.300236,上海新阳,33.8861415,33.25752902,34.17098153,33.0021552,1942021,66253657.28,0.6975,-2.7011,278425950.0,9259759112.046068,2026-07-14
2023-10-24,sz.300236,上海新阳,33.36557179,34.19062567,34.56386433,33.12984211,2900083,100310672.48,1.0416,2.8057,278425787.0,9519551860.192154,2026-07-14
2023-10-25,sz.300236,上海新阳,34.5736864,34.33795672,35.1630106,34.05311669,2885478,101486579.8,1.0364,0.4309,278413547.0,9560152327.147686,2026-07-14
2023-10-26,sz.300236,上海新阳,34.2790243,34.22009188,34.36742293,33.54236905,2142901,74014615.4,0.7697,-0.3432,278407302.0,9527123454.502907,2026-07-14
2023-10-27,sz.300236,上海新阳,34.2790243,35.40856235,35.70322445,33.70934424,5007830,178102258.5,1.7987,3.473,278413854.0,9858234308.462795,2026-07-14
2023-10-30,sz.300236,上海新阳,34.88799264,35.91930999,36.29254865,34.8683485,5582707,203043634.08,2.0051,1.4424,278425365.0,10000846994.513897,2026-07-14
2023-10-31,sz.300236,上海新阳,36.35148107,36.00770862,36.8327625,35.69340238,3941800,144805426.0,1.4158,0.2461,278415030.0,10025087275.66856,2026-07-14
2023-11-01,sz.300236,上海新阳,35.89966585,35.69340238,36.11575139,35.60500375,2309600,84247595.5,0.8295,-0.8729,278432791.0,9938213644.949444,2026-07-14
2023-11-02,sz.300236,上海新阳,35.62464789,35.01567955,36.1452176,34.98621334,2131100,76747414.1,0.7654,-1.8987,278429579.0,9749400915.50541,2026-07-14
2023-11-03,sz.300236,上海新阳,35.02550162,35.95859827,36.341659,34.99603541,3876358,141436963.83,1.3923,2.6928,278413991.0,10011376855.116396,2026-07-14
2023-11-06,sz.300236,上海新阳,36.8327625,36.98009355,37.08813632,36.1452176,5108099,190928257.47,1.8347,2.8408,278416035.0,10295851020.120073,2026-07-14
2023-11-07,sz.300236,上海新阳,37.18635702,38.4042937,39.26863586,37.17653495,11261615,440883968.3,4.0448,3.8513,278422048.0,10692602103.947496,2026-07-14
2023-11-08,sz.300236,上海新阳,38.15874195,38.7971765,39.82849385,37.8149695,9746996,383755856.9,3.5008,1.023,278421961.0,10801985962.393116,2026-07-14
2023-11-09,sz.300236,上海新阳,39.28828,38.59091303,39.49454347,38.4042937,7006585,277904661.37,2.5166,-0.5316,278414726.0,10744278477.33728,2026-07-14
2023-11-10,sz.300236,上海新阳,38.41411577,38.37482749,39.18023723,38.2078523,4826092,189989034.0,1.7334,-0.5599,278417676.0,10684230286.666714,2026-07-14
2023-11-13,sz.300236,上海新阳,38.37482749,38.4042937,38.74806615,38.16856402,3928112,153610932.36,1.4109,0.0768,278411794.0,10692208306.319897,2026-07-14
2023-11-14,sz.300236,上海新阳,38.19803023,38.23731851,38.5025144,37.9131902,3230112,125662478.0,1.1602,-0.4348,278409929.0,10645649131.519485,2026-07-14
2023-11-15,sz.300236,上海新阳,38.5025144,37.83461364,38.61055717,37.79532536,2968353,114937359.83,1.0661,-1.0532,278431010.0,10534329688.744976,2026-07-14
2023-11-16,sz.300236,上海新阳,37.56941775,37.46137498,37.97212262,37.29439979,3357326,128485781.79,1.2059,-0.9865,278408326.0,10429558697.840084,2026-07-14
2023-11-17,sz.300236,上海新阳,37.4220867,37.7167488,38.2078523,37.28457772,3852450,147951356.0,1.3837,0.6817,278416564.0,10500967606.147123,2026-07-14
2023-11-20,sz.300236,上海新阳,37.83461364,38.306073,38.81682064,37.78550329,5858121,228813884.07,2.1041,1.5625,278414572.0,10664968919.295755,2026-07-14
2023-11-21,sz.300236,上海新阳,38.18820816,37.23546737,38.306073,37.18635702,4497988,172347871.69,1.6155,-2.7949,278426989.0,10367359063.83685,2026-07-14
2023-11-22,sz.300236,上海新阳,37.19617909,36.77383008,37.5203074,36.72471973,3515049,132615850.71,1.2625,-1.2398,278419723.0,10238559584.522669,2026-07-14
2023-11-23,sz.300236,上海新阳,36.48899005,37.0292039,37.15689081,36.48899005,2214644,83098754.18,0.7954,0.6944,278431481.0,10310096082.127975,2026-07-14
2023-11-24,sz.300236,上海新阳,36.92116113,36.1452176,37.2256453,36.10592932,2776750,102974550.0,0.9973,-2.3873,278426752.0,10063795536.701237,2026-07-14
2023-11-27,sz.300236,上海新阳,35.93895413,36.72471973,37.01938183,35.8505555,2673298,99453593.32,0.9602,1.6033,278410539.0,10224549014.653234,2026-07-14
2023-11-28,sz.300236,上海新阳,36.68543145,36.66578731,37.00955976,36.20415002,2168147,80729001.2,0.7787,-0.1605,278431617.0,10208914449.30138,2026-07-14
2023-11-29,sz.300236,上海新阳,36.55774454,36.47916798,36.97027148,36.36130314,1905644,71159939.3,0.6845,-0.509,278399416.0,10155779061.7979,2026-07-14
2023-11-30,sz.300236,上海新阳,36.4398797,35.92913206,36.6363211,35.66393617,1918255,70188376.87,0.689,-1.5078,278411466.0,10003082328.9322,2026-07-14
2023-12-01,sz.300236,上海新阳,35.82108929,36.17468381,36.31219279,35.57553754,1727300,63200783.16,0.6204,0.6834,278417150.0,10071652368.531342,2026-07-14
2023-12-04,sz.300236,上海新阳,36.4398797,36.4398797,36.94080527,36.09610725,2810500,104733397.51,1.0095,0.7331,278405151.0,10145050210.300335,2026-07-14
2023-12-05,sz.300236,上海新阳,36.1452176,35.47731684,36.33183693,35.46749477,2129448,77703631.16,0.7648,-2.6415,278432008.0,9878020566.213415,2026-07-14
2023-12-06,sz.300236,上海新阳,35.36927407,35.36927407,35.7523348,35.32998579,1311219,47383082.92,0.471,-0.3045,278390446.0,9846467983.043535,2026-07-14
2023-12-07,sz.300236,上海新阳,35.24158716,35.18265474,35.43802856,34.94692506,1472286,52756670.4,0.5288,-0.5276,278420197.0,9795561663.693783,2026-07-14
2023-12-08,sz.300236,上海新阳,35.17283267,35.11390025,35.74251273,34.94692506,2263441,81342660.71,0.813,-0.1954,278406027.0,9775921461.076807,2026-07-14
2023-12-11,sz.300236,上海新阳,35.1630106,35.89966585,35.95859827,34.79959401,2522880,91088125.4,0.9061,2.2378,278432844.0,9995646061.265177,2026-07-14
2023-12-12,sz.300236,上海新阳,36.341659,36.49881212,36.87205078,36.08628518,4650210,172748760.54,1.6702,1.6689,278422345.0,10162084860.16482,2026-07-14
2023-12-13,sz.300236,上海新阳,36.341659,35.61482582,36.37112521,35.61482582,2534226,92765596.43,0.9102,-2.422,278425181.0,9916064325.216974,2026-07-14
2023-12-14,sz.300236,上海新阳,36.01753069,35.18265474,36.0469969,35.1630106,1976700,71518786.0,0.71,-1.2135,278408451.0,9795148408.231207,2026-07-14
2023-12-15,sz.300236,上海新阳,35.21212095,34.7701278,35.38891821,34.66208503,1857300,66064212.0,0.6671,-1.1725,278414031.0,9680491439.18316,2026-07-14
2023-12-18,sz.300236,上海新阳,34.5736864,34.0825829,34.63261882,33.8861415,1844100,64252461.0,0.6623,-1.9774,278438774.0,9489912597.429363,2026-07-14
2023-12-19,sz.300236,上海新阳,34.25938016,34.5736864,34.8683485,33.94507392,1699800,59642605.0,0.6105,1.4409,278427518.0,9626265692.462355,2026-07-14
2023-12-20,sz.300236,上海新阳,34.72101745,34.22991395,34.91745885,34.21026981,1681600,59106359.0,0.604,-0.9943,278410596.0,9529970743.848213,2026-07-14
2023-12-21,sz.300236,上海新阳,33.92542978,34.24955809,34.44599949,33.50308077,1979176,68511483.68,0.7109,0.0574,278404276.0,9535223423.366392,2026-07-14
2023-12-22,sz.300236,上海新阳,34.24955809,33.92542978,34.43617742,33.7879208,1844900,63991412.0,0.6626,-0.9464,278433444.0,9445974252.825563,2026-07-14
2023-12-25,sz.300236,上海新阳,33.82720908,33.99418427,34.34777879,33.6897001,1208100,41765338.0,0.4339,0.2027,278428209.0,9464939842.712072,2026-07-14
2023-12-26,sz.300236,上海新阳,35.00585748,33.56201319,35.34962993,33.48343663,2982300,103768060.0,1.0712,-1.2713,278407394.0,9343912629.621527,2026-07-14
2023-12-27,sz.300236,上海新阳,33.41468214,33.77809873,34.0825829,33.1985966,2016305,69049279.51,0.7242,0.6438,278418255.0,9404439305.624317,2026-07-14
2023-12-28,sz.300236,上海新阳,33.84685322,34.22991395,34.65226296,33.4932587,2719700,94932096.05,0.9768,1.3376,278429566.0,9530620085.315845,2026-07-14
2023-12-29,sz.300236,上海新阳,34.20044774,34.59333054,34.69155124,34.1808036,2016700,70939891.0,0.7243,1.0617,278434350.0,9631971503.240047,2026-07-14
2024-01-02,sz.300236,上海新阳,34.74066159,34.30849051,34.76030573,34.29866844,1821100,63995991.0,0.6541,-0.8234,278413087.0,9551932753.199305,2026-07-14
2024-01-03,sz.300236,上海新阳,34.20044774,34.0825829,34.70137331,33.91560771,1965276,68578277.64,0.7059,-0.6585,278407140.0,9488834429.001905,2026-07-14
2024-01-04,sz.300236,上海新阳,34.24955809,33.37539386,34.24955809,33.23788488,2142774,73147822.22,0.7696,-2.0749,278426975.0,9292609951.873375,2026-07-14
2024-01-05,sz.300236,上海新阳,33.42450421,32.13781304,33.57183526,32.0199482,2957194,98398472.06,1.0621,-3.7081,278428961.0,8948097893.539452,2026-07-14
2024-01-08,sz.300236,上海新阳,32.30478823,31.30293709,32.30478823,31.2341826,2605902,83664795.49,0.936,-2.5978,278408333.0,8714998533.230772,2026-07-14
2024-01-09,sz.300236,上海新阳,31.5288447,31.60742126,32.04941441,31.37169158,2416643,77922532.45,0.868,0.9727,278415092.0,8799983097.985655,2026-07-14
2024-01-10,sz.300236,上海新阳,31.58777712,30.96898671,31.58777712,30.69396875,1903326,60265895.8,0.6836,-2.0199,278426858.0,8622597665.109056,2026-07-14
2024-01-11,sz.300236,上海新阳,31.02791913,31.6270654,31.80386266,30.90023222,2311680,74069650.41,0.8303,2.125,278415031.0,8805450393.780027,2026-07-14
2024-01-12,sz.300236,上海新阳,31.6270654,31.24400467,31.77439645,31.24400467,1757800,56412296.0,0.6314,-1.2112,278397213.0,8698243823.086985,2026-07-14
2024-01-15,sz.300236,上海新阳,31.55831091,31.08685155,31.6270654,30.69396875,2091391,66376425.25,0.7512,-0.503,278406683.0,8654787224.948908,2026-07-14
2024-01-16,sz.300236,上海新阳,30.98863085,30.9395205,31.21453846,30.45823907,1619600,50801476.0,0.5817,-0.4739,278425305.0,8614345431.766253,2026-07-14
2024-01-17,sz.300236,上海新阳,30.88058808,29.96713557,31.00827499,29.96713557,1724650,53464357.5,0.6194,-3.1429,278438812.0,8344013627.153743,2026-07-14
2024-01-18,sz.300236,上海新阳,29.8590928,29.64300726,30.1537549,28.44471472,3675060,108943817.4,1.32,-1.0816,278413636.0,8253017433.230998,2026-07-14
2024-01-19,sz.300236,上海新阳,31.81368473,30.23233146,31.8235068,29.96713557,6175232,192546196.43,2.218,1.9881,278414427.0,8417117240.309974,2026-07-14
2024-01-22,sz.300236,上海新阳,30.1537549,28.29738367,30.60557012,28.0911202,5592848,166342308.11,2.0088,-6.4003,278417364.0,7878482969.498046,2026-07-14
2024-01-23,sz.300236,上海新阳,28.23845125,28.54293542,28.79830924,27.86521259,3402040,98554896.62,1.2219,0.8678,278422129.0,7946984847.545909,2026-07-14
2024-01-24,sz.300236,上海新阳,28.60186784,28.6804444,29.06350513,27.33482081,4053977,116304929.76,1.4561,0.4818,278413364.0,7985019006.418962,2026-07-14
2024-01-25,sz.300236,上海新阳,28.73937682,30.3501963,31.22436053,28.29738367,6789253,207965229.58,2.4385,5.8219,278419233.0,8450078375.245438,2026-07-14
2024-01-26,sz.300236,上海新阳,29.46621,31.38151365,33.38521593,29.1715479,12111979,383959370.34,4.3503,3.3981,278417098.0,8737149961.280388,2026-07-14
2024-01-29,sz.300236,上海新阳,30.43859493,30.448417,31.77439645,30.1537549,7705513,241239027.93,2.7676,-2.9734,278418594.0,8477405450.665698,2026-07-14
2024-01-30,sz.300236,上海新阳,30.02606799,28.29738367,30.16357697,28.24827332,5372853,159431808.89,1.9298,-7.0645,278415017.0,7878416555.538572,2026-07-14
2024-01-31,sz.300236,上海新阳,28.2875616,28.34649402,29.30905688,28.01254364,4667926,136221405.61,1.6766,0.1736,278416199.0,7892123120.024631,2026-07-14
2024-02-01,sz.300236,上海新阳,28.16969676,28.93581822,29.73140589,27.6982374,4878067,143840859.3,1.7521,2.079,278412591.0,8056096123.335209,2026-07-14
2024-02-02,sz.300236,上海新阳,28.93581822,28.11076434,29.29923481,27.0106925,5150405,147873715.9,1.8499,-2.8513,278415320.0,7826467449.1656885,2026-07-14
2024-02-05,sz.300236,上海新阳,27.6000167,25.42933923,27.6982374,25.1444992,6013950,162020535.22,2.16,-9.5388,278423611.0,7080128453.760559,2026-07-14
2024-02-06,sz.300236,上海新阳,24.83019296,28.05183192,28.36613816,24.7516164,5982403,164431880.3,2.1487,10.3129,278419649.0,7810181196.973396,2026-07-14
2024-02-07,sz.300236,上海新阳,28.24827332,29.15190376,29.40727758,28.15005262,5707792,168568615.03,2.0501,3.9216,278415297.0,8116335943.455816,2026-07-14
2024-02-08,sz.300236,上海新阳,29.43674379,30.448417,31.31275916,29.39745551,6629924,206890755.44,2.3813,4.4474,278416159.0,8477331308.770303,2026-07-14
2024-02-19,sz.300236,上海新阳,30.76272324,30.7430791,31.15560604,30.20286525,5164192,161225272.65,1.8548,0.9677,278423118.0,8559583939.942634,2026-07-14
2024-02-20,sz.300236,上海新阳,30.448417,30.79218945,31.11631776,29.93766936,3473363,108118798.06,1.2475,0.1597,278425892.0,8573342814.249239,2026-07-14
2024-02-21,sz.300236,上海新阳,30.36001837,30.56628184,31.38151365,30.32073009,4552790,143172975.71,1.6352,-0.7337,278424046.0,8510387861.069124,2026-07-14
2024-02-22,sz.300236,上海新阳,30.33055216,31.39133572,31.6270654,30.30108595,5810894,183941570.99,2.0871,2.6992,278419529.0,8739960905.843277,2026-07-14
2024-02-23,sz.300236,上海新阳,31.45026814,31.34222537,31.6270654,30.79218945,4656920,147766284.06,1.6726,-0.1564,278424011.0,8726428101.18136,2026-07-14
2024-02-26,sz.300236,上海新阳,31.18507225,31.34222537,31.7252861,31.0377412,4567870,145845553.33,1.6406,0.0,278426795.0,8726515357.93679,2026-07-14
2024-02-27,sz.300236,上海新阳,31.21453846,32.29496616,32.30478823,31.01809706,5203587,168212382.38,1.869,3.0398,278415570.0,8991421411.567112,2026-07-14
2024-02-28,sz.300236,上海新阳,32.29496616,30.3501963,32.73695931,30.3501963,6291175,202330900.79,2.2596,-6.0219,278419853.0,8450097192.367144,2026-07-14
2024-02-29,sz.300236,上海新阳,30.27161974,34.13169325,34.70137331,30.20286525,14248415,480465664.56,5.1176,12.4595,278419865.0,9502941426.88641,2026-07-14
2024-03-01,sz.300236,上海新阳,33.76827666,34.30849051,34.6719071,33.57183526,10763000,373278047.38,3.8658,0.518,278415852.0,9552027616.175564,2026-07-14
2024-03-04,sz.300236,上海新阳,34.01382841,35.25140923,35.73269066,33.75845459,9618781,341878150.54,3.4548,2.7484,278417882.0,9814622695.33185,2026-07-14
2024-03-05,sz.300236,上海新阳,34.7701278,34.51475398,35.7523348,34.23973602,8867971,314938193.84,3.1851,-2.0897,278420489.0,9609614680.826296,2026-07-14
2024-03-06,sz.300236,上海新阳,33.99418427,33.8861415,34.4754657,33.67987803,5237346,181341156.3,1.8811,-1.8213,278419329.0,9434556778.829054,2026-07-14
2024-03-07,sz.300236,上海新阳,34.16115946,33.44414835,34.65226296,33.44414835,4442666,153876100.02,1.5957,-1.3043,278414865.0,9311348047.905222,2026-07-14
2024-03-08,sz.300236,上海新阳,33.38521593,34.55404226,34.72101745,33.32628351,4867973,168901021.67,1.7484,3.3186,278424445.0,9620690038.747047,2026-07-14
2024-03-11,sz.300236,上海新阳,34.377245,34.46564363,34.4754657,33.7879208,3841815,133907283.6,1.3799,-0.2558,278412566.0,9595668281.869856,2026-07-14
2024-03-12,sz.300236,上海新阳,34.99603541,34.53439812,35.46749477,34.30849051,6157186,218441377.89,2.2115,0.1995,278416731.0,9614954231.622946,2026-07-14
2024-03-13,sz.300236,上海新阳,34.69155124,34.40671121,35.00585748,34.35760086,4525860,159544403.1,1.6256,-0.3697,278411663.0,9579229686.336842,2026-07-14
2024-03-14,sz.300236,上海新阳,34.14151532,34.16115946,34.4754657,33.61112354,3723886,129071979.6,1.3375,-0.7137,278421383.0,9511197261.736732,2026-07-14
2024-03-15,sz.300236,上海新阳,34.56386433,34.1808036,34.66208503,33.6897001,3149186,109047158.3,1.1311,0.0575,278418000.0,9516550976.7048,2026-07-14
2024-03-18,sz.300236,上海新阳,34.06293876,34.71119538,34.72101745,33.97454013,4515245,158094767.16,1.6217,1.5517,278426651.0,9664521881.860073,2026-07-14
2024-03-19,sz.300236,上海新阳,34.48528777,34.56386433,35.00585748,34.2790243,4354787,153463894.41,1.5641,-0.4244,278421265.0,9623314830.046978,2026-07-14
2024-03-20,sz.300236,上海新阳,34.377245,34.72101745,35.36927407,34.21026981,6919399,244937619.36,2.4852,0.4547,278424231.0,9667172583.053831,2026-07-14
2024-03-21,sz.300236,上海新阳,34.377245,34.1808036,35.1630106,34.16115946,4369466,153428900.48,1.5694,-1.5559,278416337.0,9516494134.028412,2026-07-14
2024-03-22,sz.300236,上海新阳,34.19062567,33.92542978,35.0647899,33.91560771,5493290,193010574.92,1.973,-0.7471,278423213.0,9445627161.753483,2026-07-14
2024-03-25,sz.300236,上海新阳,33.5914794,32.75660345,34.1808036,32.75660345,4876794,165943971.97,1.7516,-3.4453,278419388.0,9120073485.507689,2026-07-14
2024-03-26,sz.300236,上海新阳,32.78606966,32.67802689,33.32628351,32.3146103,2771000,92457939.0,0.9953,-0.2399,278408520.0,9097841102.965103,2026-07-14
2024-03-27,sz.300236,上海新阳,32.67802689,31.25382674,32.85482415,31.24400467,3252982,105478006.26,1.1684,-4.3583,278413386.0,8701483728.140741,2026-07-14
2024-03-28,sz.300236,上海新阳,31.5288447,31.77439645,32.50122963,31.27347088,3404368,110497153.28,1.2228,1.6656,278407589.0,8846233107.57466,2026-07-14
2024-03-29,sz.300236,上海新阳,31.58777712,31.79404059,31.8235068,31.01809706,2545850,81541029.62,0.9144,0.0618,278417542.0,8852018631.31603,2026-07-14
2024-04-01,sz.300236,上海新阳,32.30478823,32.9039345,33.05126555,32.0199482,3450476,114798126.34,1.2393,3.4909,278421367.0,9161158423.16846,2026-07-14
2024-04-02,sz.300236,上海新阳,32.76642552,32.66820482,33.20841867,32.5110517,2806210,93603405.0,1.0079,-0.7164,278421470.0,9095529608.245485,2026-07-14
2024-04-03,sz.300236,上海新阳,32.49140756,32.79589173,33.18877453,32.2163896,2992245,99859690.3,1.0747,0.3909,278426072.0,9131231312.121185,2026-07-14
2024-04-08,sz.300236,上海新阳,32.57980619,31.70564196,32.63873861,31.63688747,2007000,65618736.0,0.7209,-3.3243,278401998.0,8826914069.536636,2026-07-14
2024-04-09,sz.300236,上海新阳,31.54848884,32.57980619,32.58962826,31.45026814,2441094,80000209.59,0.8768,2.7571,278409443.0,9070525694.405851,2026-07-14
2024-04-10,sz.300236,上海新阳,32.34407651,31.58777712,32.5110517,31.3324033,2044536,66051041.96,0.7343,-3.0449,278433338.0,8795090223.521626,2026-07-14
2024-04-11,sz.300236,上海新阳,31.53866677,31.48955642,31.98065992,31.3324033,1796506,58030295.2,0.6453,-0.3109,278398574.0,8766647603.220545,2026-07-14
2024-04-12,sz.300236,上海新阳,31.47973435,31.18507225,31.90208336,31.18507225,1856313,59428672.91,0.6667,-0.9669,278433028.0,8682954094.966272,2026-07-14
2024-04-15,sz.300236,上海新阳,31.08685155,31.24400467,31.90208336,30.62521426,3036989,96735434.25,1.0908,0.189,278418500.0,8698908914.214396,2026-07-14
2024-04-16,sz.300236,上海新阳,31.0377412,29.74122796,31.34222537,29.64300726,3305542,102428190.95,1.1873,-4.8098,278408321.0,8280205340.821856,2026-07-14
2024-04-17,sz.300236,上海新阳,30.28144181,31.57795505,31.6270654,30.12428869,2973882,94074841.12,1.0681,6.1757,278427301.0,8792164795.67082,2026-07-14
2024-04-18,sz.300236,上海新阳,31.45026814,31.45026814,31.94137164,31.09667362,2380200,76542657.0,0.8549,-0.4044,278418528.0,8756337360.744097,2026-07-14
2024-04-19,sz.300236,上海新阳,31.51902263,31.21453846,31.6270654,30.8412998,2306352,73249737.78,0.8284,-0.7495,278410430.0,8690453074.900137,2026-07-14
2024-04-22,sz.300236,上海新阳,29.9573135,30.14393283,30.61539219,29.41709965,2900200,88689046.05,1.0417,-3.4298,278410291.0,8392381111.084754,2026-07-14
2024-04-23,sz.300236,上海新阳,30.16357697,30.21268732,30.70379082,29.80016038,1780200,54702161.0,0.6394,0.2281,278417266.0,8411733802.147267,2026-07-14
2024-04-24,sz.300236,上海新阳,30.22250939,30.57610391,30.67432461,30.07517834,1812690,56235080.7,0.6511,1.2029,278404239.0,8512516940.648475,2026-07-14
2024-04-25,sz.300236,上海新阳,30.3501963,30.7430791,31.22436053,30.31090802,1800789,56473609.03,0.6468,0.5461,278415121.0,8559338087.539071,2026-07-14
2024-04-26,sz.300236,上海新阳,30.91987636,31.66635368,31.87261715,30.67432461,3232648,103659722.37,1.1611,3.0032,278412540.0,8816309960.587147,2026-07-14
2024-04-29,sz.300236,上海新阳,31.66635368,33.11019797,33.22806281,31.54848884,3969993,132243772.4,1.4259,4.5596,278420156.0,9218546483.998283,2026-07-14
2024-04-30,sz.300236,上海新阳,33.09055383,32.87446829,33.55219112,32.81553587,2803652,94322697.72,1.007,-0.712,278416286.0,9152787365.526571,2026-07-14
2024-05-06,sz.300236,上海新阳,33.38521593,33.0021552,33.43432628,32.81553587,2508002,84652903.96,0.9008,0.3884,278419405.0,9188440414.501656,2026-07-14
2024-05-07,sz.300236,上海新阳,32.81553587,33.1985966,33.43432628,32.81553587,1973884,66705514.81,0.709,0.5952,278403949.0,9242620394.697973,2026-07-14
2024-05-08,sz.300236,上海新阳,33.18877453,32.27532202,33.24770695,32.2163896,2370000,78676556.08,0.8512,-2.7811,278430451.0,8986432466.19883,2026-07-14
2024-05-09,sz.300236,上海新阳,32.412831,32.68784896,32.83518001,32.3146103,1608046,53509546.88,0.5776,1.2781,278401316.0,9100340167.673231,2026-07-14
2024-05-10,sz.300236,上海新阳,32.89411243,31.90208336,33.07090969,31.71546403,2500084,81598492.0,0.898,-2.4038,278405791.0,8881724752.388737,2026-07-14
2024-05-13,sz.300236,上海新阳,31.90208336,31.28329295,31.90208336,31.1359619,1642800,52487027.35,0.59,-1.9397,278440678.0,8710541299.07062,2026-07-14
2024-05-14,sz.300236,上海新阳,31.35204744,31.28329295,31.87261715,31.14578397,1434644,45793870.14,0.5153,0.0,278409470.0,8709565010.064236,2026-07-14
2024-05-15,sz.300236,上海新阳,31.32258123,30.94934257,31.430624,30.86094394,1089300,34539589.5,0.3912,-1.0675,278450920.0,8617872912.011663,2026-07-14
2024-05-16,sz.300236,上海新阳,30.96898671,30.69396875,31.28329295,30.60557012,1528400,48077949.0,0.549,-0.8251,278397086.0,8545111457.775063,2026-07-14
2024-05-17,sz.300236,上海新阳,30.77254531,31.65653161,31.69581989,30.51717149,3634456,115667384.96,1.3054,3.136,278417037.0,8813717732.55304,2026-07-14
2024-05-20,sz.300236,上海新阳,31.27347088,31.08685155,31.77439645,30.89041015,3051900,97045997.6,1.0962,-1.7996,278407225.0,8654804074.022448,2026-07-14
2024-05-21,sz.300236,上海新阳,30.94934257,30.58592598,31.08685155,30.55645977,1891946,59141540.46,0.6795,-1.6114,278432082.0,8516103050.50929,2026-07-14
2024-05-22,sz.300236,上海新阳,30.72343496,30.79218945,30.83147773,30.34037423,1651602,51505812.52,0.5932,0.6744,278422454.0,8573236950.70191,2026-07-14
2024-05-23,sz.300236,上海新阳,30.7430791,30.2519756,30.7430791,30.12428869,1601500,49497454.0,0.5752,-1.7544,278424896.0,8422903160.224538,2026-07-14
2024-05-24,sz.300236,上海新阳,30.16357697,29.34834516,30.41895079,29.22065825,3335924,100823942.0,1.1982,-2.987,278411284.0,8170910459.270785,2026-07-14
2024-05-27,sz.300236,上海新阳,29.46621,31.1359619,31.430624,28.75902096,7890375,242291740.55,2.834,6.091,278418313.0,8668821985.830275,2026-07-14
2024-05-28,sz.300236,上海新阳,31.2341826,31.47973435,32.97268899,30.9395205,9520741,308918537.96,3.4196,1.1041,278416803.0,8764486997.016283,2026-07-14
2024-05-29,sz.300236,上海新阳,31.1359619,31.74493024,32.20656753,31.0377412,6044902,195595324.52,2.1712,0.8424,278412951.0,8838199707.407537,2026-07-14
2024-05-30,sz.300236,上海新阳,31.49785401,32.40711117,32.74314099,31.43855463,6663958,217774081.84,2.3935,2.0859,278418968.0,9022754447.812674,2026-07-14
2024-05-31,sz.300236,上海新阳,32.08096458,32.08096458,32.53559316,31.90306644,4438036,144370452.61,1.594,-1.0064,278421330.0,8932024826.046492,2026-07-14
2024-06-03,sz.300236,上海新阳,32.46641055,32.48617701,33.0099882,32.14026396,5779929,190473714.14,2.076,1.2631,278416618.0,9044691534.873552,2026-07-14
2024-06-04,sz.300236,上海新阳,32.27862918,31.89318321,32.38734471,31.49785401,3835513,123181573.56,1.3776,-1.8254,278419933.0,8879697932.484924,2026-07-14
2024-06-05,sz.300236,上海新阳,31.89318321,31.87341675,32.614659,31.73505153,3170137,103404071.83,1.1386,-0.062,278424117.0,8874327914.39176,2026-07-14
2024-06-06,sz.300236,上海新阳,32.29839564,31.51762047,32.76290745,31.29030618,5269596,170913130.36,1.8927,-1.1163,278416865.0,8775037083.517227,2026-07-14
2024-06-07,sz.300236,上海新阳,31.24089003,32.0216652,32.8123236,31.16182419,5631400,183465586.2,2.0226,1.5992,278423811.0,8915594059.550077,2026-07-14
2024-06-11,sz.300236,上海新阳,32.2193298,34.54188885,34.54188885,31.9228329,16840138,575530432.22,6.0485,7.8704,278418418.0,9617098048.348839,2026-07-14
2024-06-12,sz.300236,上海新阳,33.94889505,34.04772735,34.22562549,33.66228138,10087089,346401681.09,3.623,-1.4306,278418134.0,9479504715.727766,2026-07-14
2024-06-13,sz.300236,上海新阳,33.9983112,33.85994598,34.6901373,33.84017952,9823414,339937592.63,3.5283,-0.5515,278417765.0,9427210482.772335,2026-07-14
2024-06-14,sz.300236,上海新阳,33.66228138,33.73146399,33.95877828,33.19776957,7970083,271413155.58,2.8626,-0.3795,278421121.0,9391552017.066933,2026-07-14
2024-06-17,sz.300236,上海新阳,33.71169753,34.17620934,34.1959758,33.4053174,6306902,216695913.88,2.2653,1.3185,278413543.0,9515119528.659092,2026-07-14
2024-06-18,sz.300236,上海新阳,33.9983112,33.602982,34.00819443,33.4053174,5480322,186675032.45,1.9684,-1.6773,278415058.0,9355576182.502954,2026-07-14
2024-06-19,sz.300236,上海新阳,33.63263169,33.52391616,33.88959567,33.01987143,5972899,202186488.46,2.1453,-0.2353,278417890.0,9333658001.804102,2026-07-14
2024-06-20,sz.300236,上海新阳,33.3064851,32.85185652,33.85006275,32.84197329,5990348,202443058.54,2.1516,-2.0047,278413646.0,9146405151.602072,2026-07-14
2024-06-21,sz.300236,上海新阳,32.49606024,32.74314099,33.01987143,31.75481799,3861400,127058994.0,1.3869,-0.3309,278419497.0,9116328844.635881,2026-07-14
2024-06-24,sz.300236,上海新阳,32.36757825,31.30018941,33.08905404,31.26065649,5238188,170586956.0,1.8814,-4.4069,278419687.0,8714588938.572916,2026-07-14
2024-06-25,sz.300236,上海新阳,31.2310068,30.06478566,31.46820432,29.83747137,4395200,135302634.0,1.5786,-3.947,278423920.0,8370755477.416986,2026-07-14
2024-06-26,sz.300236,上海新阳,30.06478566,31.05310866,31.17170742,29.7485223,3459931,106532330.47,1.2427,3.2873,278420455.0,8645820642.281641,2026-07-14
2024-06-27,sz.300236,上海新阳,31.00369251,30.38104902,31.31007264,30.3415161,2686600,83647340.0,0.9649,-2.1642,278432998.0,8459086561.0235615,2026-07-14
2024-06-28,sz.300236,上海新阳,30.72696207,30.77637822,31.16182419,30.1438515,3047230,94981172.25,1.0945,1.3012,278412974.0,8568542989.179027,2026-07-14
2024-07-01,sz.300236,上海新阳,30.75661176,31.33972233,31.71528507,30.64789623,3397581,107410556.67,1.2203,1.8304,278421782.0,8725661338.503792,2026-07-14
2024-07-02,sz.300236,上海新阳,31.626336,31.11240804,31.626336,30.94439313,2342750,73843812.5,0.8414,-0.7253,278434752.0,8662775616.740206,2026-07-14
2024-07-03,sz.300236,上海新阳,31.10252481,31.30018941,31.58680308,30.76649499,2661150,83962060.5,0.9558,0.6036,278421218.0,8714636859.1629,2026-07-14
2024-07-04,sz.300236,上海新阳,31.14205773,30.47988132,31.37925525,30.3415161,2752100,85877575.0,0.9885,-2.6208,278411735.0,8485956640.89529,2026-07-14
2024-07-05,sz.300236,上海新阳,30.60836331,30.41069871,30.60836331,29.86712106,2429856,74283881.96,0.8727,-0.227,278429701.0,8467241749.026385,2026-07-14
2024-07-08,sz.300236,上海新阳,30.41069871,29.95607013,30.91474344,29.9461869,2615550,80549396.35,0.9394,-1.495,278427720.0,8340600306.456004,2026-07-14
2024-07-09,sz.300236,上海新阳,29.95607013,31.55715339,31.68563538,29.77817199,5030994,157516998.44,1.807,5.3448,278416934.0,8786045892.611506,2026-07-14
2024-07-10,sz.300236,上海新阳,31.30018941,31.44843786,31.80423414,31.30018941,2658100,84822847.0,0.9547,-0.3445,278422541.0,8755953979.461802,2026-07-14
2024-07-11,sz.300236,上海新阳,32.07108135,32.16003042,32.39722794,31.7251683,3932587,127792313.44,1.4125,2.2627,278413239.0,8953778235.57073,2026-07-14
2024-07-12,sz.300236,上海新阳,32.0216652,32.20944657,32.36757825,31.75481799,2337400,75866597.46,0.8395,0.1537,278427635.0,8968000033.14396,2026-07-14
2024-07-15,sz.300236,上海新阳,32.2193298,32.06119812,32.56524285,31.90306644,2242800,73130390.0,0.8055,-0.4603,278435754.0,8926983872.685583,2026-07-14
2024-07-16,sz.300236,上海新阳,32.03154843,31.80423414,32.25886272,31.29030618,3790500,121434183.0,1.3614,-0.8015,278426620.0,8855145413.288807,2026-07-14
2024-07-17,sz.300236,上海新阳,31.74493476,31.18159065,31.97224905,31.16182419,2982300,94979277.0,1.0712,-1.9577,278407394.0,8681185393.641266,2026-07-14
2024-07-18,sz.300236,上海新阳,30.92462667,32.38734471,32.55535962,30.75661176,6968487,224478665.72,2.5029,3.8669,278416517.0,9017171709.036575,2026-07-14
2024-07-19,sz.300236,上海新阳,32.14026396,32.53559316,33.05940435,32.10073104,5970750,197344487.5,2.1445,0.4577,278421543.0,9058610050.027445,2026-07-14
2024-07-22,sz.300236,上海新阳,32.5158267,32.614659,32.94080559,32.32804533,3738669,123679670.41,1.3428,0.243,278423369.0,9080683237.566172,2026-07-14
2024-07-23,sz.300236,上海新阳,32.50594347,31.28042295,32.614659,31.2310068,3410351,110049783.51,1.2249,-4.0909,278418728.0,8709055569.041008,2026-07-14
2024-07-24,sz.300236,上海新阳,30.98392605,30.82579437,31.61645277,30.78626145,2733352,86268260.72,0.9817,-1.4534,278430478.0,8582840661.168809,2026-07-14
2024-07-25,sz.300236,上海新阳,30.76649499,31.00369251,31.35948879,30.51941424,2039600,63854418.0,0.7326,0.5771,278405678.0,8631604033.750072,2026-07-14
2024-07-26,sz.300236,上海新阳,31.00369251,31.24089003,31.34960556,30.84556083,1756300,55391992.0,0.6308,0.7651,278424223.0,8698220532.431196,2026-07-14
2024-07-29,sz.300236,上海新阳,31.44843786,31.26065649,31.7251683,31.24089003,1812159,57656521.02,0.6509,0.0633,278408204.0,8703223229.241844,2026-07-14
2024-07-30,sz.300236,上海新阳,30.97404282,32.04143166,32.11061427,30.62812977,3639630,115749969.8,1.3073,2.4976,278408170.0,8920596352.640663,2026-07-14
2024-07-31,sz.300236,上海新阳,31.91294967,32.54547639,32.64430869,31.59668631,4913496,160725961.96,1.7648,1.5731,278416591.0,9061200588.974785,2026-07-14
2024-08-01,sz.300236,上海新阳,32.54547639,32.4169944,32.86173975,32.3181621,3490400,114869753.0,1.2537,-0.3948,278407913.0,9025147756.636686,2026-07-14
2024-08-02,sz.300236,上海新阳,32.1204975,31.74493476,32.55535962,31.626336,2596550,84325268.0,0.9326,-2.0732,278420545.0,8838442036.868645,2026-07-14
2024-08-05,sz.300236,上海新阳,31.17170742,30.49964778,31.74493476,30.49964778,3253700,102196773.0,1.1686,-3.9228,278427178.0,8491930861.379365,2026-07-14
2024-08-06,sz.300236,上海新阳,30.96415959,30.81591114,31.11240804,30.4403484,1929250,59856432.0,0.6929,1.0369,278431231.0,8580112073.096813,2026-07-14
2024-08-07,sz.300236,上海新阳,30.67754592,30.72696207,31.04322543,30.57871362,1405742,43862165.2,0.5049,-0.2886,278419885.0,8554997245.9287615,2026-07-14
2024-08-08,sz.300236,上海新阳,30.42058194,30.78626145,31.1321745,30.22291734,1850650,57473336.5,0.6647,0.193,278418836.0,8571475077.700672,2026-07-14
2024-08-09,sz.300236,上海新阳,31.27053972,30.5391807,31.39902171,30.52929747,1443100,45215928.0,0.5183,-0.8026,278429481.0,8503008232.466216,2026-07-14
2024-08-12,sz.300236,上海新阳,30.45023163,30.25256703,30.67754592,30.10431858,1247400,38304206.32,0.448,-0.9385,278437500.0,8423449132.415626,2026-07-14
2024-08-13,sz.300236,上海新阳,30.16361796,30.58859685,30.59848008,30.16361796,1133400,34843248.0,0.4071,1.1107,278408254.0,8516117841.318399,2026-07-14
2024-08-14,sz.300236,上海新阳,30.638013,30.27233349,30.68742915,30.27233349,1025500,31584030.0,0.3683,-1.0339,278441488.0,8429073582.187834,2026-07-14
2024-08-15,sz.300236,上海新阳,30.13396827,30.62812977,31.11240804,30.12408504,1840950,57243025.48,0.6612,1.1753,278425590.0,8527655101.808815,2026-07-14
2024-08-16,sz.300236,上海新阳,30.64789623,30.638013,31.05310866,30.54906393,1545600,48114423.0,0.5551,0.0323,278436318.0,8530735530.556134,2026-07-14
2024-08-19,sz.300236,上海新阳,30.46999809,30.88509375,31.18159065,30.45023163,1737050,54340345.0,0.6239,0.8065,278418016.0,8598966525.848999,2026-07-14
2024-08-20,sz.300236,上海新阳,31.01357574,30.59848008,31.01357574,30.46999809,1595619,49471100.05,0.5731,-0.928,278418950.0,8519196695.469517,2026-07-14
2024-08-21,sz.300236,上海新阳,30.4403484,30.43046517,30.79614468,30.37116579,1001460,30999663.2,0.3597,-0.5491,278415346.0,8472308489.246499,2026-07-14
2024-08-22,sz.300236,上海新阳,30.46999809,29.69910615,30.54906393,29.65957323,1914003,58347742.74,0.6875,-2.4034,278400436.0,8268244100.970281,2026-07-14
2024-08-23,sz.300236,上海新阳,29.62004031,29.85723783,30.00548628,29.58050739,1315910,39675706.0,0.4726,0.5324,278440542.0,8313465484.008103,2026-07-14
2024-08-26,sz.300236,上海新阳,29.8473546,29.71887261,30.2426838,29.68922292,1037048,31324245.6,0.3725,-0.4634,278402148.0,8273797970.762365,2026-07-14
2024-08-27,sz.300236,上海新阳,29.64969,27.81140922,29.64969,26.91203529,5014628,142350993.93,1.8011,-6.4184,278420299.0,7743260870.643757,2026-07-14
2024-08-28,sz.300236,上海新阳,27.94977444,28.30557072,28.34510364,27.7718763,1630146,46462595.14,0.5855,1.7768,278419471.0,7880822026.215488,2026-07-14
2024-08-29,sz.300236,上海新阳,28.23638811,28.68113346,28.87879806,27.9695409,1553362,45009247.9,0.5579,1.3268,278430185.0,7985693295.277491,2026-07-14
2024-08-30,sz.300236,上海新阳,28.5625347,29.33342664,29.78805522,28.5625347,2244040,66832456.96,0.806,2.2743,278416873.0,8166920919.483696,2026-07-14
2024-09-02,sz.300236,上海新阳,29.47179186,28.70089992,29.63980677,28.69101669,1545941,45507582.06,0.5553,-2.1563,278397443.0,7990257149.526905,2026-07-14
2024-09-03,sz.300236,上海新阳,28.55265147,28.74043284,29.0566962,28.50323532,1154000,33644951.72,0.4145,0.1377,278407720.0,8001558378.797524,2026-07-14
2024-09-04,sz.300236,上海新阳,28.74043284,28.97763036,29.33342664,28.40440302,1731900,50729895.0,0.622,0.8253,278440514.0,8068546291.940405,2026-07-14
2024-09-05,sz.300236,上海新阳,28.97763036,29.00728005,29.44214217,28.9578639,1036600,30525575.5,0.3723,0.1023,278431373.0,8076536811.317008,2026-07-14
2024-09-06,sz.300236,上海新阳,29.00728005,28.44393594,29.13576204,28.44393594,1195767,34687872.52,0.4295,-1.9421,278409080.0,7919050036.634335,2026-07-14
2024-09-09,sz.300236,上海新阳,28.44393594,28.2660378,28.75031607,28.19685519,1013859,29199127.15,0.3641,-0.6254,278456193.0,7870853276.982096,2026-07-14
2024-09-10,sz.300236,上海新阳,28.19685519,28.81949868,28.91833098,28.01895705,1343200,38618382.08,0.4824,1.958,278441128.0,8024533720.853711,2026-07-14
2024-09-11,sz.300236,上海新阳,28.5625347,28.79973222,28.9578639,28.53288501,898800,26129563.0,0.3228,-0.0686,278438662.0,8018958905.29509,2026-07-14
2024-09-12,sz.300236,上海新阳,28.99739682,28.39451979,29.13576204,28.39451979,944600,27409258.0,0.3393,-1.407,278396699.0,7904940579.226173,2026-07-14
2024-09-13,sz.300236,上海新阳,28.3648701,27.9695409,28.61195085,27.93989121,925230,26396676.0,0.3323,-1.4967,278432140.0,7787619127.604526,2026-07-14
2024-09-18,sz.300236,上海新阳,28.661367,28.1672055,29.00728005,27.91024152,2221483,63886479.41,0.7979,0.7067,278416218.0,7842206826.9388,2026-07-14
2024-09-19,sz.300236,上海新阳,26.21032596,26.73413715,27.4753794,25.75569738,7327451,197265567.96,2.6318,-5.0877,278419751.0,7443311808.50285,2026-07-14
2024-09-20,sz.300236,上海新阳,26.66495454,26.80331976,26.89226883,26.39810733,2826772,76306263.72,1.0153,0.2588,278417414.0,7462510974.194301,2026-07-14
2024-09-23,sz.300236,上海新阳,26.83296945,26.4870564,27.1788825,26.4870564,1977079,53493833.45,0.7101,-1.1799,278422617.0,7374595559.514599,2026-07-14
2024-09-24,sz.300236,上海新阳,26.67483777,27.69281046,27.7718763,26.41787379,3527484,97254124.42,1.267,4.5522,278412313.0,7710019413.6391945,2026-07-14
2024-09-25,sz.300236,上海新阳,27.76199307,27.64339431,28.51311855,27.58409493,3093980,87867910.6,1.1113,-0.1784,278410870.0,7696221459.60015,2026-07-14
2024-09-26,sz.300236,上海新阳,27.56432847,28.9578639,29.00728005,27.55444524,3524930,100858927.9,1.2661,4.7551,278408499.0,8062115422.645286,2026-07-14
2024-09-27,sz.300236,上海新阳,29.33342664,31.08275835,31.41878817,29.32354341,5839941,180055116.54,2.0975,7.3379,278423886.0,8654182367.405949,2026-07-14
2024-09-30,sz.300236,上海新阳,32.13038073,35.56974477,36.13308888,32.1204975,12736858,442499292.35,4.5747,14.4356,278419525.0,9903311443.234634,2026-07-14
2024-10-08,sz.300236,上海新阳,42.68567037,42.68567037,42.68567037,39.6317523,22591835,955251478.38,8.1143,20.0056,278420012.0,11884544856.643444,2026-07-14
2024-10-09,sz.300236,上海新阳,41.4107337,38.73237837,43.02170019,38.25798333,20814965,863062681.93,7.4761,-9.2614,278420099.0,10783872620.280859,2026-07-14
2024-10-10,sz.300236,上海新阳,39.18700695,37.32895971,39.7305846,36.94351374,11414959,438674345.94,4.0999,-3.6234,278420425.0,10393144827.266077,2026-07-14
2024-10-11,sz.300236,上海新阳,36.9632802,35.17441557,37.69463922,34.591305,8680869,314739543.41,3.1179,-5.7718,278420379.0,9793274114.102901,2026-07-14
2024-10-14,sz.300236,上海新阳,35.07558327,36.24180441,36.34063671,34.12679319,7227689,258732919.97,2.596,3.0346,278416371.0,10090311662.323996,2026-07-14
2024-10-15,sz.300236,上海新阳,36.43946901,35.50056216,37.11152865,35.40172986,7739576,284069537.28,2.7798,-2.0453,278422045.0,9884139115.236818,2026-07-14
2024-10-16,sz.300236,上海新阳,34.7889696,35.60927769,36.9632802,34.7889696,7840068,287155723.54,2.8159,0.3062,278421393.0,9914384698.173622,2026-07-14
2024-10-17,sz.300236,上海新阳,35.579628,35.43137955,36.25168764,35.2831311,5648720,204638315.4,2.0289,-0.4996,278412933.0,9864554300.75172,2026-07-14
2024-10-18,sz.300236,上海新阳,35.24359818,38.17891749,39.19689018,35.13488265,14207408,537148620.2,5.1029,7.7545,278418311.0,10629709723.37416,2026-07-14
2024-10-21,sz.300236,上海新阳,38.65331253,39.2364231,40.1259138,37.87253736,15782344,627106395.3,5.6686,2.7699,278416964.0,10924085797.72147,2026-07-14
2024-10-22,sz.300236,上海新阳,38.66319576,38.56436346,39.38467155,37.94171997,10782418,422048426.8,3.8727,-1.7128,278421205.0,10737136544.59117,2026-07-14
2024-10-23,sz.300236,上海新阳,38.23821687,37.9516032,38.76202806,37.83300444,6073190,235213479.6,2.1813,-1.5889,278420667.0,10566510676.663334,2026-07-14
2024-10-24,sz.300236,上海新阳,37.73417214,37.8527709,38.1492678,37.4574417,4633700,177290631.2,1.6643,-0.2604,278417353.0,10538868277.693428,2026-07-14
2024-10-25,sz.300236,上海新阳,38.17891749,38.41611501,38.6434293,37.56615723,5391780,208302871.26,1.9366,1.4883,278414747.0,10695612941.232052,2026-07-14
2024-10-28,sz.300236,上海新阳,38.07020196,38.16903426,38.4457647,37.556274,4702966,181247306.18,1.6892,-0.6432,278413805.0,10626786061.501959,2026-07-14
2024-10-29,sz.300236,上海新阳,38.16903426,37.2597771,38.63354607,37.20047772,7513548,288314822.86,2.6987,-2.3822,278413607.0,10373628938.427,2026-07-14
2024-10-30,sz.300236,上海新阳,37.3586094,38.25798333,38.94980943,37.3586094,11389550,442480739.5,4.0908,2.679,278418647.0,10651735955.687155,2026-07-14
2024-10-31,sz.300236,上海新阳,38.2481001,39.10794111,39.47362062,37.2597771,14284743,558524569.41,5.1307,2.2216,278417039.0,10888317165.232573,2026-07-14
2024-11-01,sz.300236,上海新阳,38.79167775,37.1609448,39.69105168,37.0621125,11184560,430172214.1,4.0172,-4.9785,278416808.0,10346231633.4802,2026-07-14
2024-11-04,sz.300236,上海新阳,36.93363051,38.92015974,39.27595602,36.80514852,10055770,391731889.56,3.6117,4.734,278422073.0,10836231556.30194,2026-07-14
2024-11-05,sz.300236,上海新阳,38.95969266,39.83930013,40.1259138,38.63354607,13388930,537858483.44,4.8089,2.3616,278419805.0,11092050173.531075,2026-07-14
2024-11-06,sz.300236,上海新阳,39.83930013,39.90848274,40.98575481,39.26607279,14163108,575475659.92,5.087,0.1737,278417692.0,11111227655.692635,2026-07-14
2024-11-07,sz.300236,上海新阳,39.84918336,40.59042561,41.18341941,39.44397093,11254132,460973633.68,4.0422,1.7088,278416011.0,11301024383.12844,2026-07-14
2024-11-08,sz.300236,上海新阳,41.4107337,41.02528773,42.78450267,40.69914114,16740183,705957712.53,6.0126,1.0713,278418371.0,11422193779.592888,2026-07-14
2024-11-11,sz.300236,上海新阳,41.8060629,44.34605301,45.34425924,41.7072306,22255504,988401809.36,7.9935,8.0944,278420016.0,12346828788.581047,2026-07-14
2024-11-12,sz.300236,上海新阳,43.486212,43.66411014,46.03608534,42.83391882,18196371,814603824.17,6.5356,-1.5378,278419288.0,12156930456.33238,2026-07-14
2024-11-13,sz.300236,上海新阳,43.2885474,44.9686965,45.0675288,43.0908828,15513278,694507973.03,5.5719,2.9878,278419893.0,12520179667.879475,2026-07-14
2024-11-14,sz.300236,上海新阳,44.474535,41.77641321,44.474535,41.67758091,14382664,624490790.9,5.1658,-7.0989,278420845.0,11631424266.997362,2026-07-14
2024-11-15,sz.300236,上海新阳,41.7072306,39.55268646,42.46823931,39.53292,10634707,438832907.76,3.8197,-5.3229,278417336.0,11012153595.83647,2026-07-14
2024-11-18,sz.300236,上海新阳,39.53292,38.47541439,40.04684796,37.91207028,7770950,305249450.23,2.7911,-2.7236,278418903.0,10712282666.934214,2026-07-14
2024-11-19,sz.300236,上海新阳,38.95969266,39.9282492,40.17532995,38.544597,6026811,239794262.78,2.1647,3.776,278413221.0,11116552468.662674,2026-07-14
2024-11-20,sz.300236,上海新阳,39.90848274,39.61198584,40.0270815,38.93004297,6759176,270259299.62,2.4277,-0.7921,278418915.0,11028726118.568165,2026-07-14
2024-11-21,sz.300236,上海新阳,39.25618956,39.19689018,39.72070137,38.57424669,5314396,211241166.18,1.9088,-1.0479,278415549.0,10913023698.557407,2026-07-14
2024-11-22,sz.300236,上海新阳,39.3352554,37.40802555,40.3235784,37.3586094,8053791,318097247.44,2.8927,-4.5638,278417776.0,10415059278.182177,2026-07-14
2024-11-25,sz.300236,上海新阳,37.79347152,38.45564793,38.66319576,37.57604046,5742213,221602352.54,2.0624,2.8005,278423827.0,10706968666.435228,2026-07-14
2024-11-26,sz.300236,上海新阳,38.21845041,38.13938457,38.62366284,37.88242059,3426750,132290839.0,1.2308,-0.8224,278416477.0,10618633086.927559,2026-07-14
2024-11-27,sz.300236,上海新阳,37.77370506,38.93004297,38.9399262,37.0621125,4905650,188673368.48,1.762,2.0731,278413734.0,10838658628.058151,2026-07-14
2024-11-28,sz.300236,上海新阳,39.00910881,38.1492678,39.00910881,37.98125289,4533098,176686190.85,1.6282,-2.0056,278411620.0,10621199450.011835,2026-07-14
2024-11-29,sz.300236,上海新阳,37.94171997,38.79167775,39.35502186,37.78358829,5102326,199645551.8,1.8326,1.6839,278420059.0,10800381207.863987,2026-07-14
2024-12-02,sz.300236,上海新阳,38.85097713,39.2364231,39.29572248,38.37658209,4709700,185739735.0,1.6916,1.1465,278416883.0,10924082619.571198,2026-07-14
2024-12-03,sz.300236,上海新阳,39.74046783,40.05673119,41.35143432,39.14747403,9886835,400082339.3,3.5511,2.0907,278416125.0,11152439878.08644,2026-07-14
2024-12-04,sz.300236,上海新阳,41.33166786,40.60030884,41.99384427,40.26427902,11775308,490171473.24,4.2294,1.357,278415567.0,11303758006.063711,2026-07-14
2024-12-05,sz.300236,上海新阳,39.6317523,40.05673119,40.28404548,39.28583925,6468500,260948877.0,2.3233,-1.3389,278418629.0,11152540180.141338,2026-07-14
2024-12-06,sz.300236,上海新阳,40.05673119,39.72070137,40.35322809,38.85097713,6566806,263229908.16,2.3586,-0.8389,278419656.0,11059024011.51413,2026-07-14
2024-12-09,sz.300236,上海新阳,39.71081814,38.79167775,39.80965044,38.544597,5122747,202317551.2,1.8399,-2.3389,278425295.0,10800584321.088686,2026-07-14
2024-12-10,sz.300236,上海新阳,40.2247461,39.1375908,40.51135977,38.96957589,6452033,259197229.99,2.3174,0.8917,278416890.0,10896566312.62861,2026-07-14
2024-12-11,sz.300236,上海新阳,39.52303677,40.15556349,40.86715605,39.19689018,7770050,316062814.0,2.7908,2.601,278416583.0,11179974775.325354,2026-07-14
2024-12-12,sz.300236,上海新阳,39.87883305,39.65151876,40.0270815,39.2364231,4759212,190267197.6,1.7094,-1.2552,278414180.0,11039545081.320017,2026-07-14
2024-12-13,sz.300236,上海新阳,39.31548894,38.75214483,39.51315354,38.7422616,4959100,195748480.0,1.7812,-2.2682,278413429.0,10789117523.224922,2026-07-14
2024-12-16,sz.300236,上海新阳,38.7422616,38.08996842,38.82132744,37.89230382,3991600,154754268.0,1.4337,-1.7087,278412499.0,10604723294.643282,2026-07-14
2024-12-17,sz.300236,上海新阳,37.92195351,37.64522307,38.39634855,37.53650754,3243779,124463660.49,1.1651,-1.1676,278412068.0,10480884405.24001,2026-07-14
2024-12-18,sz.300236,上海新阳,37.63533984,38.12950134,38.46553116,37.43767524,3634466,139759605.36,1.3054,1.2864,278417803.0,10615931992.568356,2026-07-14
2024-12-19,sz.300236,上海新阳,37.556274,38.53471377,38.66319576,37.44755847,4165780,160613830.0,1.4962,1.0627,278424007.0,10728989416.441477,2026-07-14
2024-12-20,sz.300236,上海新阳,38.53471377,39.50327031,40.11603057,38.3469324,6746857,269121447.75,2.4233,2.5135,278416086.0,10998345903.910206,2026-07-14
2024-12-23,sz.300236,上海新阳,39.51315354,38.62366284,39.90848274,38.41611501,4596604,181359028.56,1.651,-2.2267,278413325.0,10753342394.963343,2026-07-14
2024-12-24,sz.300236,上海新阳,38.75214483,39.09805788,39.1375908,38.15915103,3227245,126505214.95,1.1591,1.2282,278426797.0,10885947024.44901,2026-07-14
2024-12-25,sz.300236,上海新阳,39.10794111,38.68296222,39.3352554,38.4457647,2679502,104951728.8,0.9624,-1.0617,278418745.0,10770061794.174814,2026-07-14
2024-12-26,sz.300236,上海新阳,38.50506408,39.24630633,39.7305846,38.50506408,4695800,186365773.0,1.6866,1.4563,278418119.0,10926882786.096394,2026-07-14
2024-12-27,sz.300236,上海新阳,39.2364231,38.86086036,39.90848274,38.77191129,4486700,178695041.0,1.6115,-0.9821,278417623.0,10819548369.166122,2026-07-14
2024-12-30,sz.300236,上海新阳,38.63354607,38.50506408,39.24630633,38.06031873,3054600,119507011.0,1.0971,-0.9156,278424938.0,10720770079.160027,2026-07-14
2024-12-31,sz.300236,上海新阳,38.39634855,36.93363051,38.79167775,36.93363051,4594950,174714617.0,1.6504,-4.0811,278414324.0,10282851771.307425,2026-07-14
2025-01-02,sz.300236,上海新阳,36.9632802,35.39184663,37.10164542,35.02616712,4605341,167673167.51,1.6541,-4.1745,278419745.0,9853788913.80371,2026-07-14
2025-01-03,sz.300236,上海新阳,35.59939446,34.92733482,36.01449012,34.76920314,3706800,132912549.26,1.3314,-1.3125,278413700.0,9724248518.375034,2026-07-14
2025-01-06,sz.300236,上海新阳,34.91745159,34.42329009,35.21394849,34.10702673,3156220,110455857.2,1.1336,-1.4431,278424488.0,9584286918.583725,2026-07-14
2025-01-07,sz.300236,上海新阳,34.3936404,35.09534973,35.1842988,34.2948081,2730178,96202163.44,0.9806,1.9523,278419131.0,9771216773.967686,2026-07-14
2025-01-08,sz.300236,上海新阳,34.86803544,34.55177208,35.03605035,33.53379939,3528200,122727753.0,1.2672,-1.5489,278424874.0,9620072787.850718,2026-07-14
2025-01-09,sz.300236,上海新阳,34.42329009,34.73955345,35.16453234,34.23550872,2808250,99146325.5,1.0086,0.5435,278430498.0,9672551167.381119,2026-07-14
2025-01-10,sz.300236,上海新阳,34.591305,34.17620934,35.50056216,34.17620934,2773520,97812033.0,0.9962,-1.6216,278409958.0,9514997006.948608,2026-07-14
2025-01-13,sz.300236,上海新阳,33.8006466,34.74943668,34.84826898,33.62274846,2900263,100853783.15,1.0417,1.6773,278416339.0,9674810942.757915,2026-07-14
2025-01-14,sz.300236,上海新阳,34.7889696,36.10343919,36.16273857,34.43317332,3971635,142712963.93,1.4265,3.8965,278418156.0,10051852964.537935,2026-07-14
2025-01-15,sz.300236,上海新阳,35.94530751,35.76740937,36.14297211,35.54997831,2467200,89181914.0,0.8861,-0.9307,278433585.0,9958848017.051693,2026-07-14
2025-01-16,sz.300236,上海新阳,36.02437335,35.79705906,36.54818454,35.49067893,2776600,101093327.0,0.9973,0.0829,278411712.0,9966320497.459711,2026-07-14
2025-01-17,sz.300236,上海新阳,35.60927769,36.567951,37.0621125,35.579628,3693002,136216381.22,1.3264,2.1535,278422949.0,10181356756.307499,2026-07-14
2025-01-20,sz.300236,上海新阳,36.92374728,36.54818454,37.05222927,36.42958578,2562000,95087099.0,0.9202,-0.0541,278417735.0,10175662757.988817,2026-07-14
2025-01-21,sz.300236,上海新阳,36.75573237,36.85456467,36.90398082,36.25168764,2426364,89984677.44,0.8715,0.8383,278412392.0,10260767505.89339,2026-07-14
2025-01-22,sz.300236,上海新阳,36.62725038,36.60748392,36.9632802,36.31098702,2488304,92121822.16,0.8937,-0.6704,278427213.0,10192519722.787914,2026-07-14
2025-01-23,sz.300236,上海新阳,36.94351374,36.31098702,37.38825909,36.26157087,3106200,115913206.68,1.1157,-0.8099,278408174.0,10109275592.3759,2026-07-14
2025-01-24,sz.300236,上海新阳,36.2714541,36.84468144,36.94351374,36.20227149,2616957,97306686.53,0.9399,1.4698,278429301.0,10258638898.906874,2026-07-14
2025-01-27,sz.300236,上海新阳,36.91386405,36.20227149,37.1609448,36.1726218,2074900,76810176.16,0.7452,-1.7436,278435319.0,10079991010.842756,2026-07-14
2025-02-05,sz.300236,上海新阳,36.61736715,36.6667833,37.0621125,36.39005286,3105200,115491145.0,1.1153,1.2831,278418363.0,10208705782.861738,2026-07-14
2025-02-06,sz.300236,上海新阳,36.42958578,37.57604046,37.58592369,36.33075348,3933284,148198805.48,1.4127,2.4798,278423161.0,10462039962.737095,2026-07-14
2025-02-07,sz.300236,上海新阳,37.4574417,37.53650754,38.13938457,37.14117834,4966317,189154687.01,1.7838,-0.1052,278412210.0,10450622019.893064,2026-07-14
2025-02-10,sz.300236,上海新阳,37.556274,37.51674108,37.79347152,37.27954356,4073250,154659043.0,1.463,-0.0527,278417635.0,10445322324.400946,2026-07-14
2025-02-11,sz.300236,上海新阳,37.556274,37.13129511,37.64522307,36.85456467,3093284,115968070.0,1.111,-1.0274,278423402.0,10338221505.192165,2026-07-14
2025-02-12,sz.300236,上海新阳,37.0621125,37.7539386,37.77370506,36.95339697,3957515,149488847.62,1.4214,1.6769,278423737.0,10511592671.480547,2026-07-14
2025-02-13,sz.300236,上海新阳,37.72428891,36.94351374,37.72428891,36.89409759,3620041,136101822.52,1.3002,-2.1466,278421858.0,10285881736.53933,2026-07-14
2025-02-14,sz.300236,上海新阳,36.83479821,36.85456467,37.0621125,36.51853485,3390200,126099988.98,1.2177,-0.2408,278410117.0,10260683661.758766,2026-07-14
2025-02-17,sz.300236,上海新阳,36.68654976,36.567951,37.11152865,36.38016963,4047400,150037715.5,1.4537,-0.7777,278420582.0,10181270199.967482,2026-07-14
2025-02-18,sz.300236,上海新阳,36.44935224,35.90577459,36.99292989,35.78717583,4018096,147834647.32,1.4432,-1.8108,278415743.0,9996732910.46537,2026-07-14
2025-02-19,sz.300236,上海新阳,35.7772926,36.84468144,36.94351374,35.7772926,4153831,153897841.6,1.4919,2.6149,278425565.0,10258501247.177013,2026-07-14
2025-02-20,sz.300236,上海新阳,36.7656156,36.99292989,37.0621125,36.42958578,3873350,144261597.5,1.3912,0.4024,278417913.0,10299494335.72912,2026-07-14
2025-02-21,sz.300236,上海新阳,36.93363051,37.78358829,37.9516032,36.70631622,6933050,263445413.5,2.4902,2.1373,278413380.0,10519456524.347319,2026-07-14
2025-02-24,sz.300236,上海新阳,37.84288767,37.87253736,38.3469324,37.53650754,5694400,218299373.0,2.0453,0.2354,278413925.0,10544241776.106739,2026-07-14
2025-02-25,sz.300236,上海新阳,37.4574417,38.1492678,38.69284545,37.2597771,6903091,265967360.17,2.4794,0.7307,278417803.0,10621435326.934643,2026-07-14
2025-02-26,sz.300236,上海新阳,38.3469324,38.63354607,38.87074359,37.73417214,6256028,243413006.84,2.247,1.2694,278416911.0,10756232557.78559,2026-07-14
2025-02-27,sz.300236,上海新阳,38.87074359,38.2481001,39.32537217,37.48709139,5583479,216106867.06,2.0054,-0.9977,278422210.0,10649120558.14322,2026-07-14
2025-02-28,sz.300236,上海新阳,37.99113612,36.51853485,38.32716594,36.42958578,5516650,207345879.86,1.9814,-4.522,278421823.0,10167557046.226032,2026-07-14
2025-03-03,sz.300236,上海新阳,36.71619945,36.2714541,37.02257958,36.18250503,4731608,175056241.36,1.6995,-0.6766,278411768.0,10098399663.911848,2026-07-14
2025-03-04,sz.300236,上海新阳,36.12320565,37.19059449,37.54639077,35.90577459,5419060,201462957.28,1.9464,2.5341,278414509.0,10354401104.351456,2026-07-14
2025-03-05,sz.300236,上海新阳,37.2597771,38.09985165,39.19689018,37.13129511,7414365,285509002.32,2.663,2.4449,278421517.0,10607818493.867952,2026-07-14
2025-03-06,sz.300236,上海新阳,37.9516032,38.19868395,38.77191129,37.7539386,6378276,247327729.21,2.2909,0.2594,278417914.0,10635197902.904282,2026-07-14
2025-03-07,sz.300236,上海新阳,38.0504355,37.42779201,38.18880072,37.17082803,4824196,183552427.02,1.7327,-2.0181,278420731.0,10420673211.140158,2026-07-14
2025-03-10,sz.300236,上海新阳,37.54639077,37.44755847,38.1492678,37.10164542,4140651,157119760.59,1.4872,0.0528,278419244.0,10426120918.863195,2026-07-14
2025-03-11,sz.300236,上海新阳,36.9632802,36.88421436,37.42779201,36.48888516,4159239,155070288.32,1.4939,-1.5044,278414820.0,10269111901.880816,2026-07-14
2025-03-12,sz.300236,上海新阳,36.94351374,36.49876839,37.10164542,36.48888516,4137364,153487023.97,1.486,-1.045,278422880.0,10162092211.596764,2026-07-14
2025-03-13,sz.300236,上海新阳,36.49876839,35.579628,36.62725038,35.23371495,4817436,174039006.98,1.7303,-2.5183,278416228.0,9905945821.403183,2026-07-14
2025-03-14,sz.300236,上海新阳,35.579628,36.44935224,36.4691187,35.42149632,3646500,133065666.0,1.3097,2.4444,278422540.0,10148321232.01549,2026-07-14
2025-03-17,sz.300236,上海新阳,36.3702864,36.39993609,36.70631622,36.28133733,2704564,99749350.54,0.9714,-0.1356,278419189.0,10134440685.82963,2026-07-14
2025-03-18,sz.300236,上海新阳,36.4691187,36.48888516,37.05222927,36.3702864,2582400,95807757.0,0.9275,0.2444,278425876.0,10159449814.936401,2026-07-14
2025-03-19,sz.300236,上海新阳,36.39005286,35.96507397,36.40981932,35.85635844,2705240,98600139.96,0.9716,-1.4355,278431453.0,10013807802.719578,2026-07-14
2025-03-20,sz.300236,上海新阳,35.98484043,35.84647521,36.18250503,35.6784603,2239701,81383871.26,0.8044,-0.3298,278431253.0,9980779008.353739,2026-07-14
2025-03-21,sz.300236,上海新阳,35.66857707,35.24359818,36.03425658,35.15464911,2976640,106972923.6,1.0691,-1.6818,278424843.0,9812693290.021585,2026-07-14
2025-03-24,sz.300236,上海新阳,35.24359818,35.02616712,35.50056216,34.41340686,3022868,106825491.48,1.0857,-0.6169,278425716.0,9752185659.121656,2026-07-14
2025-03-25,sz.300236,上海新阳,35.07558327,34.92733482,35.27324787,34.65060438,2030408,71746190.16,0.7293,-0.2822,278405046.0,9723946257.219501,2026-07-14
2025-03-26,sz.300236,上海新阳,34.73955345,34.89768513,35.30289756,34.73955345,1699400,60333651.0,0.6104,-0.0849,278407602.0,9715780832.394358,2026-07-14
2025-03-27,sz.300236,上海新阳,34.81861929,36.34063671,37.05222927,34.75931991,7164911,262184751.88,2.5734,4.1348,278421971.0,10118031700.193155,2026-07-14
2025-03-28,sz.300236,上海新阳,36.6667833,35.81682552,37.48709139,35.75752614,6674222,247348652.2,2.3972,-1.4414,278417404.0,9972027580.79935,2026-07-14
2025-03-31,sz.300236,上海新阳,35.58951123,34.96686774,36.41970255,34.62095469,5294042,189850736.09,1.9015,-2.3731,278413989.0,9735265130.328814,2026-07-14
2025-04-01,sz.300236,上海新阳,35.0854665,35.54997831,36.1726218,34.74943668,4142640,148831130.8,1.4879,1.6676,278421937.0,9897893821.378187,2026-07-14
2025-04-02,sz.300236,上海新阳,35.53021185,35.4807957,36.15285534,35.3819634,2500986,90109062.86,0.8983,-0.1946,278413225.0,9878322756.403133,2026-07-14
2025-04-03,sz.300236,上海新阳,35.10523296,35.15464911,35.8761249,34.6901373,3337600,119127259.0,1.1988,-0.9192,278411745.0,9787467203.577797,2026-07-14
2025-04-07,sz.300236,上海新阳,33.602982,30.40081548,34.2948081,29.09622912,8932240,288802561.63,3.2082,-13.5226,278419051.0,8464166195.567709,2026-07-14
2025-04-08,sz.300236,上海新阳,31.1321745,32.20944657,33.39543417,31.1321745,8842202,288493184.08,3.1759,5.9493,278415630.0,8967613358.737888,2026-07-14
2025-04-09,sz.300236,上海新阳,31.70540184,34.18609257,34.86803544,30.27233349,9986911,332455449.33,3.587,6.1369,278419599.0,9518078184.71628,2026-07-14
2025-04-10,sz.300236,上海新阳,34.64072115,34.1959758,35.17441557,33.93901182,7987106,279160162.24,2.8687,0.0289,278422491.0,9520928764.411718,2026-07-14
2025-04-11,sz.300236,上海新阳,33.7018143,35.43137955,35.80694229,33.69193107,10116406,359703796.74,3.6335,3.6127,278420421.0,9864819610.921791,2026-07-14
2025-04-14,sz.300236,上海新阳,35.91565782,35.27324787,35.98484043,35.04593358,6455300,230656334.52,2.3186,-0.4463,278413698.0,9820555379.957323,2026-07-14
2025-04-15,sz.300236,上海新阳,35.13488265,35.30289756,35.54997831,34.85815221,4680217,166874902.96,1.681,0.0841,278418620.0,9828984020.656567,2026-07-14
2025-04-16,sz.300236,上海新阳,35.27324787,35.15464911,35.72787645,34.6901373,3876460,138139325.2,1.3923,-0.4199,278421317.0,9787803703.879078,2026-07-14
2025-04-17,sz.300236,上海新阳,34.95698451,35.70810999,36.31098702,34.79885283,6379014,231364280.36,2.2912,1.5744,278413670.0,9941625951.079563,2026-07-14
2025-04-18,sz.300236,上海新阳,37.0621125,35.83659198,37.13129511,35.50056216,7361100,269166733.36,2.6449,0.3598,278312980.0,9973788706.9979,2026-07-14
2025-04-21,sz.300236,上海新阳,35.58951123,37.24001064,37.38825909,35.58951123,8853054,330955152.34,3.1809,3.9162,278319155.0,10364608293.51581,2026-07-14
2025-04-22,sz.300236,上海新阳,36.8644479,37.87253736,38.38646532,36.7656156,10584950,403468303.65,3.8032,1.6985,278316944.0,10540568859.56103,2026-07-14
2025-04-23,sz.300236,上海新阳,37.49697462,37.36849263,37.67487276,37.11152865,7185700,271670609.5,2.5818,-1.3309,278321326.0,10400448419.402826,2026-07-14
2025-04-24,sz.300236,上海新阳,37.22024418,37.29931002,38.53471377,37.00281312,7901738,300653428.22,2.8391,-0.1851,278318411.0,10381084696.162779,2026-07-14
2025-04-25,sz.300236,上海新阳,37.18071126,37.43767524,37.74405537,36.3702864,5574224,209399609.92,2.0028,0.371,278321550.0,10419711801.19342,2026-07-14
2025-04-28,sz.300236,上海新阳,37.33884294,36.87433113,37.41790878,36.77549883,3887450,145566245.5,1.3968,-1.5048,278311140.0,10262537133.527788,2026-07-14
2025-04-29,sz.300236,上海新阳,36.75573237,36.87433113,37.04234604,36.57783423,3493400,130153101.0,1.2533,0.0,278736137.0,10278208613.635046,2026-07-14
2025-04-30,sz.300236,上海新阳,37.01269635,37.11152865,37.40802555,36.8644479,4733100,178311816.0,1.6981,0.6433,278729168.0,10344065503.822662,2026-07-14
2025-05-06,sz.300236,上海新阳,37.17082803,38.10973488,38.19868395,37.1609448,7110890,271998744.95,2.5512,2.6897,278727266.0,10622222211.087238,2026-07-14
2025-05-07,sz.300236,上海新阳,38.42599824,37.96148643,38.544597,37.556274,6984551,268757015.6,2.5059,-0.389,278724251.0,10580786872.048414,2026-07-14
2025-05-08,sz.300236,上海新阳,37.73417214,37.34872617,37.79347152,37.05222927,6588703,249226660.37,2.3639,-1.6142,278721731.0,10409901608.7474,2026-07-14
2025-05-09,sz.300236,上海新阳,36.83479821,36.23192118,36.83479821,35.95519074,6656105,243905232.32,2.388,-2.9902,278731365.0,10098972847.07381,2026-07-14
2025-05-12,sz.300236,上海新阳,36.4691187,36.4691187,36.72608268,36.20227149,3593144,132526336.56,1.2891,0.6547,278732759.0,10165138073.549494,2026-07-14
2025-05-13,sz.300236,上海新阳,36.74584914,36.18250503,36.84468144,36.08367273,3701800,136167912.0,1.3281,-0.7859,278729011.0,10085113842.514425,2026-07-14
2025-05-14,sz.300236,上海新阳,36.25168764,36.22203795,36.62725038,36.01449012,3089485,113327413.7,1.1084,0.1093,278733760.0,10096304832.666193,2026-07-14
2025-05-15,sz.300236,上海新阳,36.12320565,35.29301433,36.21215472,35.1842988,3573538,128660712.25,1.2821,-2.5648,278725372.0,9837058548.13058,2026-07-14
2025-05-16,sz.300236,上海新阳,35.27324787,35.46102924,35.72787645,35.19418203,2105214,75654010.3,0.7553,0.4761,278725540.0,9883894523.87479,2026-07-14
2025-05-19,sz.300236,上海新阳,35.45114601,35.88600813,36.20227149,35.09534973,2901977,104795335.7,1.0412,1.1984,278714656.0,10001956411.166153,2026-07-14
2025-05-20,sz.300236,上海新阳,35.81682552,36.59760069,36.7656156,35.63892738,4286098,157765772.86,1.5377,1.9829,278734344.0,10201008220.301098,2026-07-14
2025-05-21,sz.300236,上海新阳,36.59760069,36.32087025,36.61736715,36.10343919,2519650,92632488.0,0.904,-0.7561,278722345.0,10123438128.520737,2026-07-14
2025-05-22,sz.300236,上海新阳,36.22203795,35.64881061,36.567951,35.58951123,2572983,93701809.9,0.9231,-1.8503,278732857.0,9936494829.977213,2026-07-14
2025-05-23,sz.300236,上海新阳,35.60927769,35.35231371,36.15285534,35.35231371,3842455,138717365.69,1.3786,-0.8317,278721529.0,9853450930.938862,2026-07-14
2025-05-26,sz.300236,上海新阳,35.52032862,36.06390627,36.35051994,35.39184663,3295648,119811047.6,1.1824,2.0129,278725304.0,10051923238.533255,2026-07-14
2025-05-27,sz.300236,上海新阳,35.88600813,35.76740937,36.11332242,35.579628,2298700,83353416.0,0.8247,-0.8221,278731660.0,9969509387.599655,2026-07-14
2025-05-28,sz.300236,上海新阳,35.7772926,35.24359818,36.00460689,35.13488265,2284800,81897653.0,0.8197,-1.4645,278736123.0,9823663917.263056,2026-07-14
2025-05-29,sz.300236,上海新阳,35.31278079,36.41970255,36.61736715,35.2831311,4057203,147855676.53,1.4556,3.3371,278730627.0,10151286526.914997,2026-07-14
2025-05-30,sz.300236,上海新阳,36.11332242,36.31098702,36.4691187,35.83659198,2891300,105854734.0,1.0373,-0.2985,278733250.0,10121079422.792416,2026-07-14
2025-06-03,sz.300236,上海新阳,35.95519074,36.31098702,36.6667833,35.8761249,2893282,106609957.08,1.038,0.0,278736224.0,10121187411.667812,2026-07-14
2025-06-04,sz.300236,上海新阳,36.23192118,36.09355596,36.44935224,35.9749572,2447400,89635107.7,0.8781,-0.5988,278715408.0,10059830175.562233,2026-07-14
2025-06-05,sz.300236,上海新阳,36.09355596,36.33075348,36.39993609,35.6784603,3354412,122287157.01,1.2035,0.6572,278721396.0,10126158327.677458,2026-07-14
2025-06-06,sz.300236,上海新阳,36.28133733,36.38016963,37.24001064,36.0737895,4604761,170666501.58,1.6521,0.136,278721688.0,10139942288.999935,2026-07-14
2025-06-09,sz.300236,上海新阳,36.4691187,36.58771746,36.64701684,36.22203795,2974087,109774362.97,1.067,0.5705,278733552.0,10198224447.198217,2026-07-14
2025-06-10,sz.300236,上海新阳,36.53830131,35.53021185,36.567951,35.3819634,3772874,136894419.91,1.3536,-2.8903,278728871.0,9903295835.341322,2026-07-14
2025-06-11,sz.300236,上海新阳,35.58951123,35.82670875,36.11332242,35.53021185,1988719,72070515.79,0.7135,0.8345,278727260.0,9985880364.705526,2026-07-14
2025-06-12,sz.300236,上海新阳,35.69822676,35.54009508,35.86624167,35.43137955,2090783,75365269.85,0.7501,-0.8,278733902.0,9906229379.099401,2026-07-14
2025-06-13,sz.300236,上海新阳,35.40172986,34.71978699,35.63892738,34.71978699,3674445,130241719.02,1.3183,-2.3081,278726011.0,9677307730.492397,2026-07-14
2025-06-16,sz.300236,上海新阳,34.591305,35.04593358,35.2831311,34.54188885,1837500,65204289.0,0.6592,0.9394,278746966.0,9768947656.06252,2026-07-14
2025-06-17,sz.300236,上海新阳,35.13553567,35.26496666,35.31474781,34.92645484,1566939,55299851.39,0.5622,0.625,278715582.0,9828895706.852495,2026-07-14
2025-06-18,sz.300236,上海新阳,35.17536059,35.40435388,35.49395995,34.89658615,2096052,74127753.0,0.752,0.3953,278730319.0,9868266850.961288,2026-07-14
2025-06-19,sz.300236,上海新阳,35.32470404,35.1454919,35.92207784,34.96627976,2633373,93810216.18,0.9448,-0.7312,278722798.0,9795849839.454336,2026-07-14
2025-06-20,sz.300236,上海新阳,35.1454919,35.96190276,36.79822608,34.79702385,7372650,267601705.46,2.6451,2.3229,278728592.0,10023610521.935715,2026-07-14
2025-06-23,sz.300236,上海新阳,35.842428,37.06704429,37.4354248,35.5437411,8580121,318213023.4,3.0783,3.0731,278729201.0,10331667638.383312,2026-07-14
2025-06-24,sz.300236,上海新阳,37.06704429,37.42546857,37.52503087,36.89778838,6677418,250230945.88,2.3957,0.967,278725133.0,10431418704.76057,2026-07-14
2025-06-25,sz.300236,上海新阳,37.54494333,37.55489956,37.6345494,37.1367379,4803218,180587541.5,1.7233,0.3458,278722103.0,10467380583.316975,2026-07-14
2025-06-26,sz.300236,上海新阳,37.57481202,37.34581873,37.9332363,37.2363002,4513602,170355958.4,1.6194,-0.5567,278720637.0,10409050385.71213,2026-07-14
2025-06-27,sz.300236,上海新阳,37.34581873,37.42546857,37.75402416,37.16660659,4189908,157553989.47,1.5032,0.2133,278732571.0,10431697075.395794,2026-07-14
2025-06-30,sz.300236,上海新阳,37.81376154,38.6301724,38.9288593,37.74406793,8421700,325758866.75,3.0215,3.2189,278725798.0,10767225629.067575,2026-07-14
2025-07-01,sz.300236,上海新阳,38.58039125,39.34702096,40.3227315,38.34144173,13165508,523306600.92,4.7234,1.8557,278729475.0,10967174494.994797,2026-07-14
2025-07-02,sz.300236,上海新阳,38.90894684,38.35139796,39.08815898,38.21201074,8297105,321711220.89,2.9768,-2.5304,278725645.0,10689518133.052685,2026-07-14
2025-07-03,sz.300236,上海新阳,38.17218582,38.15227336,38.52065387,37.84363023,4521700,173058463.0,1.6223,-0.5192,278721568.0,10633861453.66383,2026-07-14
2025-07-04,sz.300236,上海新阳,38.11244844,37.66441809,38.28170435,37.29603758,4801354,181726132.06,1.7226,-1.2787,278727157.0,10498096174.28507,2026-07-14
2025-07-07,sz.300236,上海新阳,37.52503087,38.00292991,38.48082895,37.45533726,4541000,173476431.0,1.6292,0.8988,278725755.0,10592395331.376831,2026-07-14
2025-07-08,sz.300236,上海新阳,37.99297368,38.55052256,39.08815898,37.92328007,5266852,204237729.72,1.8896,1.4409,278728408.0,10745125780.716885,2026-07-14
2025-07-09,sz.300236,上海新阳,38.5306101,38.21201074,38.79942831,38.05271106,3696200,142295337.5,1.3261,-0.8781,278727094.0,10650722709.45699,2026-07-14
2025-07-10,sz.300236,上海新阳,38.06266729,38.42109157,38.74964716,37.87349892,3992233,153438164.86,1.4323,0.5472,278728828.0,10709065823.786781,2026-07-14
2025-07-11,sz.300236,上海新阳,38.3314855,38.48082895,38.70982224,38.01288614,4387103,169358123.5,1.574,0.1555,278723189.0,10725499360.307522,2026-07-14
2025-07-14,sz.300236,上海新阳,38.71977847,38.29166058,38.75960339,38.1323609,3043750,117306604.5,1.092,-0.4916,278731685.0,10673099074.911476,2026-07-14
2025-07-15,sz.300236,上海新阳,38.16222959,38.38126665,38.50074141,37.75402416,3941969,151054328.69,1.4143,0.234,278722265.0,10697713574.256962,2026-07-14
2025-07-16,sz.300236,上海新阳,38.3314855,38.00292991,38.7297347,37.76398039,4341200,166624755.98,1.5575,-0.9857,278728732.0,10592508466.099174,2026-07-14
2025-07-17,sz.300236,上海新阳,37.833674,39.23750243,39.4266708,37.7341117,7087700,275819398.89,2.5429,3.2486,278725078.0,10936475925.326939,2026-07-14
2025-07-18,sz.300236,上海新阳,39.3271085,39.56605802,39.59592671,38.81934077,6361384,250281734.79,2.2823,0.8374,278726898.0,11028124618.002623,2026-07-14
2025-07-21,sz.300236,上海新阳,39.4266708,39.13794013,39.4266708,38.94877176,4771350,187761612.5,1.7118,-1.082,278732913.0,10909032061.254498,2026-07-14
2025-07-22,sz.300236,上海新阳,39.2275462,39.03837783,39.79505131,38.86912192,6074715,239449910.15,2.1795,-0.2544,278720578.0,10880799232.959986,2026-07-14
2025-07-23,sz.300236,上海新阳,38.94877176,38.93881553,39.37688965,38.74964716,5417978,212509945.14,1.9438,-0.255,278731248.0,10853464648.318682,2026-07-14
2025-07-24,sz.300236,上海新阳,38.93881553,40.55172479,41.0196676,38.84920946,14017902,568061070.92,5.0293,4.1422,278724713.0,11302767853.747736,2026-07-14
2025-07-25,sz.300236,上海新阳,40.820543,42.2144152,42.27415258,40.7209807,16322060,684642711.86,5.8559,4.1002,278728462.0,11766359022.925423,2026-07-14
2025-07-28,sz.300236,上海新阳,42.59275194,42.82174523,43.19012574,42.0152906,15352708,656170791.62,5.5082,1.4387,278724592.0,11935473467.959696,2026-07-14
2025-07-29,sz.300236,上海新阳,42.24428389,42.38367111,42.92130753,41.97546568,9160536,389772218.09,3.2866,-1.023,278723788.0,11813337361.125364,2026-07-14
2025-07-30,sz.300236,上海新阳,42.33388996,42.53301456,43.47885641,42.16463405,10636572,456450392.04,3.8161,0.3524,278728859.0,11855178618.139187,2026-07-14
2025-07-31,sz.300236,上海新阳,42.5131021,41.55730402,42.83170146,41.28848581,10300708,434703053.61,3.6956,-2.294,278728975.0,11583224753.257978,2026-07-14
2025-08-01,sz.300236,上海新阳,41.4179168,41.18892351,41.80620977,40.96988645,5073600,210493550.0,1.8203,-0.8864,278723287.0,11480312148.698778,2026-07-14
2025-08-04,sz.300236,上海新阳,40.97984268,41.44778549,41.5174791,40.55172479,5359128,220911716.32,1.9227,0.6285,278729287.0,11552711697.356646,2026-07-14
2025-08-05,sz.300236,上海新阳,41.60708517,41.7166037,42.3139775,41.2187922,7238109,302602941.22,2.5968,0.6486,278731862.0,11627746625.61709,2026-07-14
2025-08-06,sz.300236,上海新阳,41.46769795,43.71780593,44.24548612,41.32831073,14760272,637506715.39,5.2956,4.7971,278727094.0,12185337002.924866,2026-07-14
2025-08-07,sz.300236,上海新阳,43.6082874,44.11605513,44.45456695,42.95117622,15567969,685726196.42,5.5854,0.911,278726125.0,12296297096.67127,2026-07-14
2025-08-08,sz.300236,上海新阳,43.55850625,43.06069475,44.18574874,42.82174523,8795968,383697339.1,3.1558,-2.3922,278723874.0,12002043657.851463,2026-07-14
2025-08-11,sz.300236,上海新阳,42.80183277,43.77754331,44.51430433,42.7122267,9907380,435403669.06,3.5545,1.6647,278727810.0,12202018773.97645,2026-07-14
2025-08-12,sz.300236,上海新阳,44.51430433,46.84406215,47.89942253,43.23990689,26006990,1195027626.68,9.3306,7.0048,278727949.0,13056749365.89803,2026-07-14
2025-08-13,sz.300236,上海新阳,46.98344937,46.97349314,48.66605224,46.75445608,24072335,1148776495.2,8.6365,0.2763,278727899.0,13092823051.603113,2026-07-14
2025-08-14,sz.300236,上海新阳,46.94362445,45.85839538,47.38169857,45.49001487,15771944,734450415.59,5.6586,-2.3739,278725197.0,12781890286.39439,2026-07-14
2025-08-15,sz.300236,上海新阳,45.65927078,48.785527,49.64176278,45.65927078,21695741,1050335084.31,7.7839,6.383,278725844.0,13597787188.059788,2026-07-14
2025-08-18,sz.300236,上海新阳,49.77119377,50.69712316,51.95160814,48.4868401,24139297,1216909222.18,8.6606,3.9184,278725458.0,14130578872.053406,2026-07-14
2025-08-19,sz.300236,上海新阳,49.57206917,51.26462827,52.4693321,49.57206917,19405903,996790285.83,6.9623,1.1194,278728337.0,14288904584.620287,2026-07-14
2025-08-20,sz.300236,上海新阳,50.776773,56.57129886,56.6509487,49.59198163,27066465,1458199857.85,9.7107,10.3515,278728259.0,15768019640.616484,2026-07-14
2025-08-21,sz.300236,上海新阳,56.2526995,54.3610158,58.60236978,54.2614535,24993702,1405871077.53,8.9671,-3.9071,278726701.0,15151866596.942875,2026-07-14
2025-08-22,sz.300236,上海新阳,54.35105957,57.05915413,58.42315764,53.98267906,25321084,1428068550.76,9.0845,4.9634,278728428.0,15904008333.664608,2026-07-14
2025-08-25,sz.300236,上海新阳,57.09897905,55.73497554,57.63661547,54.45062187,22905747,1280604003.03,8.218,-2.3207,278726539.0,15534816833.513857,2026-07-14
2025-08-26,sz.300236,上海新阳,55.44624487,53.51473625,55.44624487,52.97709983,17693465,954227213.64,6.348,-3.9836,278725032.0,14915896573.75281,2026-07-14
2025-08-27,sz.300236,上海新阳,53.51473625,52.90740622,55.49602602,52.8675813,16220855,880955168.33,5.8196,-1.1349,278728005.0,14746775785.42519,2026-07-14
2025-08-28,sz.300236,上海新阳,54.31123465,59.8369423,62.60477424,54.31123465,41756445,2453838624.53,14.9811,13.0975,278727497.0,16678201155.412422,2026-07-14
2025-08-29,sz.300236,上海新阳,58.9408816,56.1531372,59.2395685,55.20729535,26351581,1485528160.87,9.4543,-6.1564,278725881.0,15651332636.983873,2026-07-14
2025-09-01,sz.300236,上海新阳,57.12884774,55.91418768,57.746134,54.8588273,19072033,1072206881.24,6.8426,-0.4255,278724944.0,15584678829.913488,2026-07-14
2025-09-02,sz.300236,上海新阳,55.6553257,53.11648705,55.88431899,52.57885063,17362834,939291024.75,6.2293,-5.0036,278728493.0,14805078388.900517,2026-07-14
2025-09-03,sz.300236,上海新阳,53.763642,53.74372954,55.43628864,52.64854424,14800243,804058973.0,5.3099,1.1809,278729223.0,14979947975.806347,2026-07-14
2025-09-04,sz.300236,上海新阳,53.21604935,50.36856757,53.74372954,49.37294457,17217895,891165871.7,6.1773,-6.2801,278728490.0,14039154782.249071,2026-07-14
2025-09-05,sz.300236,上海新阳,50.42830495,52.22042635,52.41955095,50.42830495,10923715,566380844.56,3.9191,3.6766,278730193.0,14555409515.077785,2026-07-14
2025-09-08,sz.300236,上海新阳,52.0710829,51.8719583,52.12086405,51.04559121,8724678,452026142.78,3.1302,-0.6673,278725896.0,14458058054.442137,2026-07-14
2025-09-09,sz.300236,上海新阳,51.16506597,50.23913658,51.44384041,50.04996821,7539100,383544858.23,2.7048,-3.1478,278730405.0,14003174885.793715,2026-07-14
2025-09-10,sz.300236,上海新阳,50.99581006,50.61747332,51.26462827,50.20926789,6702520,341684178.91,2.4047,0.7531,278725829.0,14108397213.002382,2026-07-14
2025-09-11,sz.300236,上海新阳,50.42830495,52.65850047,52.8675813,50.04996821,13056072,681290395.7,4.6842,4.0323,278725759.0,14677280511.302607,2026-07-14
2025-09-12,sz.300236,上海新阳,52.2702075,53.89307299,54.63979024,51.85204584,15355863,829299143.47,5.5093,2.3445,278726208.0,15021411871.969921,2026-07-14
2025-09-15,sz.300236,上海新阳,54.6597027,52.85762507,54.71944008,52.77797523,10326358,552323522.76,3.7048,-1.9213,278729162.0,14732961541.071291,2026-07-14
2025-09-16,sz.300236,上海新阳,52.768019,52.78793146,53.42513018,52.34985734,7430649,394019868.52,2.6659,-0.1319,278729472.0,14713552263.81799,2026-07-14
2025-09-17,sz.300236,上海新阳,52.74810654,54.01254775,54.96834583,52.74810654,13536342,735620779.42,4.8565,2.3199,278726284.0,15054716723.730062,2026-07-14
2025-09-18,sz.300236,上海新阳,54.01254775,53.74372954,56.13322474,52.87753753,19886371,1096745664.44,7.1347,-0.4977,278727501.0,14979855429.104078,2026-07-14
2025-09-19,sz.300236,上海新阳,53.74372954,55.38650749,56.46178033,53.74372954,20591945,1146333239.65,7.3879,3.0567,278725281.0,15437619863.758854,2026-07-14
2025-09-22,sz.300236,上海新阳,55.38650749,57.26823496,57.26823496,54.48049056,17525805,984565635.12,6.2878,3.3974,278727138.0,15962211228.712345,2026-07-14
2025-09-23,sz.300236,上海新阳,57.13880397,57.92534614,58.33355157,54.54022794,18513303,1041951031.35,6.6421,1.1474,278726653.0,16145337853.46867,2026-07-14
2025-09-24,sz.300236,上海新阳,57.67644039,63.55061609,67.0054279,57.29810365,36922169,2330127890.94,13.2467,9.7112,278727298.0,17713291509.001026,2026-07-14
2025-09-25,sz.300236,上海新阳,61.51954517,65.6115557,66.83617199,61.39011418,27768431,1783102034.49,9.9626,3.243,278726748.0,18287695551.48186,2026-07-14
2025-09-26,sz.300236,上海新阳,64.37698318,62.3259998,65.15356912,62.3259998,18924191,1207805682.56,6.7895,-5.0076,278727314.0,17371958516.618538,2026-07-14
2025-09-29,sz.300236,上海新阳,62.99306721,61.49963271,63.51079117,60.5338784,15571970,960597946.03,5.5868,-1.3259,278727894.0,17141663107.031813,2026-07-14
2025-09-30,sz.300236,上海新阳,61.3303768,61.87796945,63.05280459,60.88234645,15535226,967407218.22,5.5736,0.6152,278728757.0,17247169510.482475,2026-07-14
2025-10-09,sz.300236,上海新阳,62.26626242,60.86243399,63.44109756,60.5338784,17472718,1085833639.89,6.2688,-1.6412,278725083.0,16963886965.44477,2026-07-14
2025-10-10,sz.300236,上海新阳,59.73738,59.08026882,60.50400971,58.27381419,13608503,808319374.18,4.8824,-2.9282,278725688.0,16467188574.079449,2026-07-14
2025-10-13,sz.300236,上海新阳,55.47611356,61.78836338,61.89788191,55.47611356,18398569,1115864713.38,6.6009,4.5838,278728189.0,17222158626.18132,2026-07-14
2025-10-14,sz.300236,上海新阳,61.67884485,57.92534614,62.17665635,57.3478848,15263439,911306627.63,5.4761,-6.252,278728274.0,16145431750.454763,2026-07-14
2025-10-15,sz.300236,上海新阳,58.2439455,58.83136307,58.9408816,56.5513864,8892669,518559531.0,3.1905,1.5641,278723366.0,16397675541.238495,2026-07-14
2025-10-16,sz.300236,上海新阳,58.38333272,57.76604646,59.0404439,57.49722825,8074742,471225539.44,2.897,-1.8108,278727718.0,16100998307.677778,2026-07-14
2025-10-17,sz.300236,上海新阳,57.25827873,55.88431899,58.00499598,54.45062187,11425364,638127388.78,4.0991,-3.2575,278728599.0,15576557938.151794,2026-07-14
2025-10-20,sz.300236,上海新阳,55.88431899,55.754888,57.11889151,55.07786436,7734190,434401057.93,2.7748,-0.2316,278729638.0,15540539748.970545,2026-07-14
2025-10-21,sz.300236,上海新阳,55.90423145,58.75171323,59.28934965,55.68519439,13842950,805492740.64,4.9665,5.375,278726467.0,16375657458.79506,2026-07-14
2025-10-22,sz.300236,上海新阳,58.741757,57.96517106,58.741757,57.60674678,5968011,347894889.86,2.1412,-1.3388,278722726.0,16156210490.899511,2026-07-14
2025-10-23,sz.300236,上海新阳,57.63661547,57.67644039,57.90543368,55.87436276,5407455,308338620.07,1.9401,-0.4981,278720427.0,16075602093.340847,2026-07-14
2025-10-24,sz.300236,上海新阳,57.97512729,60.32479757,60.4343161,57.97512729,10905512,653338509.35,3.9126,4.5917,278728007.0,16814210599.364544,2026-07-14
2025-10-27,sz.300236,上海新阳,64.2176835,61.94766306,64.9146196,61.18103335,19469385,1230912002.85,6.9851,2.6902,278727363.0,17266508768.72631,2026-07-14
2025-10-28,sz.300236,上海新阳,61.29055188,61.8281883,63.5207474,61.29055188,10635742,665830976.7,3.8158,-0.1929,278729021.0,17233310395.062656,2026-07-14
2025-10-29,sz.300236,上海新阳,61.4299391,62.0273129,62.2264375,60.80269661,9068259,560901442.19,3.2535,0.3221,278723190.0,17288450518.61615,2026-07-14
2025-10-30,sz.300236,上海新阳,60.733003,57.99503975,60.733003,57.99503975,13389054,793203120.59,4.8036,-6.5008,278729578.0,16164932955.610725,2026-07-14
2025-10-31,sz.300236,上海新阳,58.32359534,56.60116755,58.52271994,56.51156148,7591440,436297711.71,2.7236,-2.4034,278728154.0,15776338945.456203,2026-07-14
2025-11-03,sz.300236,上海新阳,56.28256819,56.82020461,57.0491979,54.14197874,9844871,548895522.31,3.5321,0.387,278725716.0,15837252213.18875,2026-07-14
2025-11-04,sz.300236,上海新阳,56.4518241,55.96396883,56.84011707,55.37655126,4095527,230318214.42,1.4694,-1.5069,278721043.0,15598335762.717089,2026-07-14
2025-11-05,sz.300236,上海新阳,54.83891484,54.61987778,55.33672634,53.61429855,7162203,392337698.1,2.5696,-2.4017,278728323.0,15224106936.084364,2026-07-14
2025-11-06,sz.300236,上海新阳,55.24712027,55.94405637,56.29252442,54.90860845,5729187,320230673.51,2.0555,2.4244,278724739.0,15592992510.329536,2026-07-14
2025-11-07,sz.300236,上海新阳,55.38650749,54.94843337,55.52589471,54.57009663,4456699,246108341.95,1.5989,-1.7797,278735318.0,15316069048.98876,2026-07-14
2025-11-10,sz.300236,上海新阳,54.90860845,55.01812698,55.91418768,54.38092826,5564321,308186327.23,1.9963,0.1268,278731704.0,15335296284.023773,2026-07-14
2025-11-11,sz.300236,上海新阳,55.63541324,53.77359823,55.87436276,53.77359823,5351633,293621463.84,1.92,-2.262,278730885.0,14988362624.282333,2026-07-14
2025-11-12,sz.300236,上海新阳,53.50478002,53.70390462,54.24154104,52.0710829,4635287,247910407.04,1.663,-0.1296,278730427.0,14968912266.299873,2026-07-14
2025-11-13,sz.300236,上海新阳,53.69394839,54.32119088,54.70948385,53.42513018,4401500,239294748.88,1.5791,1.1494,278734722.0,15141202038.645737,2026-07-14
2025-11-14,sz.300236,上海新阳,53.6640797,53.04679344,54.35105957,52.99701229,3249639,174759823.11,1.1659,-2.346,278723647.0,14785395729.252476,2026-07-14
2025-11-17,sz.300236,上海新阳,55.26703273,52.9671436,55.53585094,52.51911325,5093625,275655452.0,1.8275,-0.1502,278720930.0,14763051523.635548,2026-07-14
2025-11-18,sz.300236,上海新阳,52.8675813,53.65412347,54.45062187,52.44941964,5058025,272220582.37,1.8147,1.297,278725134.0,14954752753.828295,2026-07-14
2025-11-19,sz.300236,上海新阳,53.38530526,55.14755797,55.93410014,53.29569919,9747852,539151045.56,3.4973,2.7834,278725074.0,15371007176.10754,2026-07-14
2025-11-20,sz.300236,上海新阳,55.5557634,56.24274327,58.92096914,55.5557634,14682411,847355727.83,5.2677,1.9859,278725269.0,15676273747.22869,2026-07-14
2025-11-21,sz.300236,上海新阳,54.77917746,58.0448209,59.73738,54.77917746,20871298,1215060721.43,7.4881,3.2041,278726219.0,16178613461.989176,2026-07-14
2025-11-24,sz.300236,上海新阳,57.46735956,59.03048767,60.61352824,57.08902282,17827334,1053142027.65,6.396,1.6981,278726298.0,16453349297.393745,2026-07-14
2025-11-25,sz.300236,上海新阳,57.746134,56.58125509,58.32359534,56.4518241,15924133,918983374.23,5.7132,-4.1491,278725285.0,15770626450.61795,2026-07-14
2025-11-26,sz.300236,上海新阳,56.12326851,54.58005286,56.1531372,54.2614535,10792765,594633976.76,3.8722,-3.5369,278724369.0,15212790793.390146,2026-07-14
2025-11-27,sz.300236,上海新阳,54.47053433,53.84329184,56.20291835,53.74372954,8836982,487248369.5,3.1705,-1.3499,278725185.0,15007481479.11299,2026-07-14
2025-11-28,sz.300236,上海新阳,53.85324807,56.79033592,57.51714071,53.85324807,13653745,770254349.51,4.8986,5.4734,278727494.0,15829028014.399784,2026-07-14
2025-12-01,sz.300236,上海新阳,56.70072985,58.5426324,59.5382554,55.5557634,16532799,952699520.45,5.9315,3.0856,278728804.0,16317517911.86365,2026-07-14
2025-12-02,sz.300236,上海新阳,57.53705317,58.40324518,59.73738,56.95959183,13663559,805438384.19,4.9021,-0.2381,278728688.0,16278659903.963724,2026-07-14
2025-12-03,sz.300236,上海新阳,58.15433943,58.0448209,58.40324518,56.99941675,9340812,540262482.57,3.3512,-0.6137,278730365.0,16178854115.816628,2026-07-14
2025-12-04,sz.300236,上海新阳,57.27819119,57.55696563,58.43311387,56.07348736,7828882,449393851.78,2.8088,-0.8405,278726930.0,16042676330.165417,2026-07-14
2025-12-05,sz.300236,上海新阳,57.62665924,56.36221803,57.8456963,56.18300589,6802029,386971595.65,2.4404,-2.0758,278725988.0,15709614906.283163,2026-07-14
2025-12-08,sz.300236,上海新阳,56.6509487,58.59241355,59.52829917,56.46178033,12314145,721397715.39,4.418,3.9569,278726686.0,16331269253.532997,2026-07-14
2025-12-09,sz.300236,上海新阳,59.73738,58.35346403,60.61352824,58.19416435,10318691,610844851.94,3.7021,-0.4078,278725345.0,16264589393.70684,2026-07-14
2025-12-10,sz.300236,上海新阳,57.96517106,59.18978735,59.48847425,57.55696563,9484256,557976901.15,3.4027,1.4332,278727364.0,16497813403.786047,2026-07-14
2025-12-11,sz.300236,上海新阳,59.24952473,58.23398927,59.61790524,58.21407681,7886542,466323121.2,2.8295,-1.6148,278725641.0,16231305987.267872,2026-07-14
2025-12-12,sz.300236,上海新阳,57.73617777,60.2351915,60.59361578,56.67086116,17382974,1027656797.97,6.2366,3.4365,278725171.0,16789064051.055246,2026-07-14
2025-12-15,sz.300236,上海新阳,59.4386931,61.64897616,63.38136018,59.06035636,25523398,1590167713.33,9.1571,2.3471,278727960.0,17183293361.165432,2026-07-14
2025-12-16,sz.300236,上海新阳,60.50400971,60.8325653,61.51954517,58.65215093,15256078,919449732.4,5.4735,-1.3243,278726190.0,16955629153.995207,2026-07-14
2025-12-17,sz.300236,上海新阳,60.24514773,61.12129597,61.55937009,58.2439455,14301347,859912564.28,5.131,0.4746,278724362.0,17035994223.851421,2026-07-14
2025-12-18,sz.300236,上海新阳,60.24514773,58.70193208,60.9321276,58.42315764,9968595,595874264.1,3.5765,-3.9583,278724871.0,16361688446.448761,2026-07-14
2025-12-19,sz.300236,上海新阳,59.27939342,57.0491979,59.61790524,56.76046723,10967360,636439711.18,3.9348,-2.8155,278727254.0,15901166273.569567,2026-07-14
2025-12-22,sz.300236,上海新阳,57.0491979,66.1093672,67.28420234,57.0491979,39503344,2535859598.4,14.1728,15.8813,278726462.0,18426430024.714844,2026-07-14
2025-12-23,sz.300236,上海新阳,66.706741,67.94131352,70.04207805,65.711118,29004336,1980822763.69,10.406,2.7711,278727042.0,18937081347.024208,2026-07-14
2025-12-24,sz.300236,上海新阳,67.19459627,66.45783525,67.87161991,66.16910458,16087610,1078221016.09,5.7718,-2.1835,278727780.0,18523644882.838245,2026-07-14
2025-12-25,sz.300236,上海新阳,66.42796656,65.79076784,66.58726624,64.5163704,15578228,1026177578.56,5.5891,-1.0037,278725161.0,18337542358.517624,2026-07-14
2025-12-26,sz.300236,上海新阳,65.89033014,63.96877775,66.19897327,63.53070363,13878330,897333021.27,4.9792,-2.7694,278726101.0,17829768007.993053,2026-07-14
2025-12-29,sz.300236,上海新阳,63.29175411,61.54941386,63.70991577,61.19098958,13323901,830456755.15,4.7803,-3.7821,278725206.0,17155373057.307756,2026-07-14
2025-12-30,sz.300236,上海新阳,61.44985156,61.8281883,62.06713782,61.18103335,14027101,869300914.31,5.0326,0.4529,278724735.0,17233045399.4476,2026-07-14
2025-12-31,sz.300236,上海新阳,62.28617488,63.48092248,65.89033014,61.9277506,20530865,1315222300.01,7.3659,2.6731,278728533.0,17693944396.33712,2026-07-14
2026-01-05,sz.300236,上海新阳,64.32720203,70.90827006,74.671725,63.60039724,34401250,2416210479.01,12.3423,11.7001,278726412.0,19764007694.950825,2026-07-14
2026-01-06,sz.300236,上海新阳,70.16155281,70.62949562,73.40728379,69.51439786,25262804,1801545612.14,9.0636,-0.3931,278728143.0,19686428155.18923,2026-07-14
2026-01-07,sz.300236,上海新阳,73.09864066,77.61876908,80.63550677,72.73026015,42571693,3238775111.08,15.2736,9.8957,278727301.0,21634470012.610657,2026-07-14
2026-01-08,sz.300236,上海新阳,78.69404192,76.32445918,82.01942274,75.51800455,35083101,2750814406.2,12.5869,-1.6675,278727097.0,21273694937.336403,2026-07-14
2026-01-09,sz.300236,上海新阳,75.34874864,77.36986333,79.62992754,74.79119976,26535317,2053985539.98,9.5202,1.3697,278726466.0,21565028580.873894,2026-07-14
2026-01-12,sz.300236,上海新阳,76.662971,79.69962115,81.4419614,75.3686611,27278823,2161508977.86,9.7869,3.0112,278727922.0,22214509787.32675,2026-07-14
2026-01-13,sz.300236,上海新阳,78.66417323,76.83222691,80.17752019,76.19502819,17511731,1364590845.25,6.2828,-3.5978,278724947.0,21415058373.381725,2026-07-14
2026-01-14,sz.300236,上海新阳,76.67292723,75.5677857,78.90312275,74.26351957,19000722,1456896734.72,6.817,-1.6457,278725568.0,21062673991.73478,2026-07-14
2026-01-15,sz.300236,上海新阳,75.02019305,88.1126355,88.1126355,75.02019305,38912478,3207489323.18,13.9608,16.6008,278726706.0,24559344649.89366,2026-07-14
2026-01-16,sz.300236,上海新阳,88.76974668,86.87806298,88.97882751,85.63353423,24767842,2165459623.28,8.8861,-1.4011,278725673.0,24215146573.036884,2026-07-14
2026-01-19,sz.300236,上海新阳,87.49534924,84.17992465,88.39140994,83.35355756,15872567,1352500642.01,5.6947,-3.1057,278725253.0,23463070795.592186,2026-07-14
2026-01-20,sz.300236,上海新阳,84.627955,84.84699206,85.85257129,82.1388975,21271799,1791666434.55,7.6318,0.7924,278725844.0,23649049472.7848,2026-07-14
2026-01-21,sz.300236,上海新阳,83.02500197,84.23966203,86.56941985,81.45191763,21063783,1778873929.12,7.5571,-0.7158,278728388.0,23479985203.28671,2026-07-14
2026-01-22,sz.300236,上海新阳,85.67335915,80.95410613,85.91230867,79.5502777,18392406,1499621185.47,6.5987,-3.9002,278727719.0,22564153345.298817,2026-07-14
2026-01-23,sz.300236,上海新阳,80.2472138,81.09349335,82.35793456,79.26154703,15363567,1245855886.25,5.512,0.1722,278729445.0,22603144394.55669,2026-07-14
2026-01-26,sz.300236,上海新阳,81.09349335,80.39655725,82.32806587,78.42522371,12968173,1043000948.39,4.6526,-0.8594,278729592.0,22408899600.497143,2026-07-14
2026-01-27,sz.300236,上海新阳,79.69962115,81.71077961,84.18988088,79.00268505,18539024,1531788295.63,6.6513,1.6347,278727828.0,22775068124.88199,2026-07-14
2026-01-28,sz.300236,上海新阳,81.7406483,83.40333871,84.54830516,80.1476515,16664246,1378853578.8,5.9787,2.0714,278726914.0,23246755215.93504,2026-07-14
2026-01-29,sz.300236,上海新阳,81.8402106,77.7581563,81.96964159,77.44951317,16820297,1350082154.04,6.0347,-6.7685,278726316.0,21673244444.45119,2026-07-14
2026-01-30,sz.300236,上海新阳,76.67292723,77.54907547,79.1520285,75.68726046,11241267,875345458.3,4.0331,-0.2689,278725224.0,21614883431.368656,2026-07-14
2026-02-02,sz.300236,上海新阳,76.67292723,74.70159369,77.82784991,74.5721627,11170620,848774559.73,4.0077,-3.6718,278728947.0,20821496548.435543,2026-07-14
2026-02-03,sz.300236,上海新阳,76.19502819,76.64305854,77.64863777,75.51800455,8526515,655712437.39,3.0591,2.599,278726259.0,21362432985.172203,2026-07-14
2026-02-04,sz.300236,上海新阳,75.7669103,75.90629752,76.95170167,74.82106845,6778490,516519823.28,2.4319,-0.9613,278732267.0,21157534387.326077,2026-07-14
2026-02-05,sz.300236,上海新阳,74.70159369,75.31887995,76.55345247,73.25794034,9405534,704811182.18,3.3745,-0.7739,278723781.0,20993163000.34909,2026-07-14
2026-02-06,sz.300236,上海新阳,74.42281925,75.7669103,77.10104512,74.30334449,8965807,686045936.04,3.2167,0.5948,278726863.0,21118273227.12139,2026-07-14
2026-02-09,sz.300236,上海新阳,77.8577186,79.40093425,80.30695118,77.8577186,11382706,906814578.44,4.0838,4.7963,278728292.0,22131286786.706802,2026-07-14
2026-02-10,sz.300236,上海新阳,79.41089048,78.78364799,81.1432745,78.67412946,8663786,694242620.84,3.1083,-0.7774,278730689.0,21959420486.186165,2026-07-14
2026-02-11,sz.300236,上海新阳,77.76811253,78.34557387,80.02817674,77.658594,6183233,488078787.16,2.2184,-0.556,278724892.0,21836861615.59377,2026-07-14
2026-02-12,sz.300236,上海新阳,79.01264128,78.4550924,80.2472138,77.60881285,6309862,497411428.84,2.2638,0.1398,278728775.0,21867691797.16381,2026-07-14
2026-02-13,sz.300236,上海新阳,78.24601157,77.90749975,79.99830805,77.67850646,6632156,525179812.83,2.3794,-0.698,278732285.0,21715335423.95443,2026-07-14
2026-02-24,sz.300236,上海新阳,78.59447962,80.39655725,81.61121731,75.8664726,11408565,908464354.16,4.0931,3.1949,278726760.0,22408671917.44701,2026-07-14
2026-02-25,sz.300236,上海新阳,79.80913968,81.72073584,82.8358336,78.08671189,13151053,1066915507.45,4.7183,1.6471,278724392.0,22777562410.79661,2026-07-14
2026-02-26,sz.300236,上海新阳,81.38222402,83.58255085,84.01066874,80.9441499,11577604,963749591.14,4.1537,2.2783,278729903.0,23296956290.913067,2026-07-14
2026-02-27,sz.300236,上海新阳,82.44754063,80.51603201,82.50727801,80.11778281,9137166,741319177.22,3.2782,-3.6689,278725093.0,22441838509.97823,2026-07-14
2026-03-02,sz.300236,上海新阳,79.57019016,77.51920678,81.52161124,77.42960071,11572207,914026382.69,4.1518,-3.722,278727468.0,21606732227.157833,2026-07-14
2026-03-03,sz.300236,上海新阳,78.80356045,73.72588315,79.34119687,73.63627708,10856187,828453943.96,3.8949,-4.8934,278728260.0,20549487127.36282,2026-07-14
2026-03-04,sz.300236,上海新阳,73.63627708,74.48255663,76.98157036,73.63627708,7381749,557522319.79,2.6484,1.0263,278724853.0,20760139647.760925,2026-07-14
2026-03-05,sz.300236,上海新阳,76.32445918,75.3686611,78.32566141,74.76133107,8021980,616257157.89,2.8781,1.1897,278724853.0,21007118985.904316,2026-07-14
2026-03-06,sz.300236,上海新阳,74.90071829,74.49251286,75.88638506,74.31330072,5345980,401951452.38,1.918,-1.1625,278726799.0,20763059658.934135,2026-07-14
2026-03-09,sz.300236,上海新阳,72.680479,72.72030392,73.12850935,69.70356623,7389706,529696467.56,2.6512,-2.379,278730613.0,20269374889.167904,2026-07-14
2026-03-10,sz.300236,上海新阳,74.56220647,77.9572809,78.11658058,73.73583938,10396975,793479128.28,3.7302,7.2015,278724331.0,21728590965.43158,2026-07-14
2026-03-11,sz.300236,上海新阳,79.42084671,79.48058409,85.05607289,79.10224735,14657146,1197777221.36,5.2586,1.954,278727152.0,22153396842.70221,2026-07-14
2026-03-12,sz.300236,上海新阳,79.64984,80.8445876,82.2384598,78.11658058,11079205,897333936.47,3.9749,1.7161,278729150.0,22533743183.848537,2026-07-14
2026-03-13,sz.300236,上海新阳,79.4507154,83.07478312,86.4200764,79.39097802,17651059,1475480614.85,6.3368,2.7586,278548463.0,23140353152.134346,2026-07-14
2026-03-16,sz.300236,上海新阳,82.66657769,86.9178879,88.20224157,81.12336204,18176749,1558221155.4,6.5255,4.6261,278549521.0,24210936040.876694,2026-07-14
2026-03-17,sz.300236,上海新阳,85.95213359,79.78922722,86.1213895,79.7494023,13515686,1110921660.74,4.8522,-8.2016,278547587.0,22225096710.72572,2026-07-14
2026-03-18,sz.300236,上海新阳,80.99393105,80.13769527,81.30257418,78.7537793,8611840,692697694.55,3.0917,0.4367,278547078.0,22322120855.11292,2026-07-14
2026-03-19,sz.300236,上海新阳,78.67412946,77.63868154,79.14207227,76.94174544,7320224,573370147.42,2.628,-3.1184,278547336.0,21626047913.519375,2026-07-14
2026-03-20,sz.300236,上海新阳,78.29579272,77.7581563,81.8402106,77.31012595,11739621,940421812.85,4.2146,0.1539,278546505.0,21659262672.60873,2026-07-14
2026-03-23,sz.300236,上海新阳,75.53791701,71.24678188,76.51362755,70.59962693,11727883,861720898.93,4.2103,-8.3739,278552193.0,19845947336.86666,2026-07-14
2026-03-24,sz.300236,上海新阳,72.5809167,71.16713204,72.70039146,68.85728668,8893496,628624482.03,3.1928,-0.1118,278548484.0,19823496740.369827,2026-07-14
2026-03-25,sz.300236,上海新阳,72.70039146,74.60203139,76.1651595,72.70039146,9336713,700029064.2,3.3519,4.8265,278549867.0,20780385921.614323,2026-07-14
2026-03-26,sz.300236,上海新阳,74.01461382,70.62949562,74.35312564,70.0918592,8890025,638288051.58,3.1915,-5.325,278553188.0,19674071171.783035,2026-07-14
2026-03-27,sz.300236,上海新阳,69.70356623,76.18507196,77.37981956,69.27544834,13349649,998808859.62,4.7926,7.8658,278547114.0,21221131924.340324,2026-07-14
2026-03-30,sz.300236,上海新阳,75.13966781,77.12095758,77.53911924,73.9747889,7466627,569129484.13,2.6805,1.2284,278553516.0,21482313891.19585,2026-07-14
2026-03-31,sz.300236,上海新阳,76.43397771,73.13846558,76.65301477,72.82982245,6264028,468317050.01,2.2488,-5.164,278549804.0,20372705252.169746,2026-07-14
2026-04-01,sz.300236,上海新阳,74.9704119,75.34874864,76.01581605,74.14404481,7189723,542423362.35,2.5811,3.0221,278552671.0,20988595190.179615,2026-07-14
2026-04-02,sz.300236,上海新阳,75.4682234,72.36187964,75.4682234,71.51560009,6929903,509374916.99,2.4879,-3.9641,278544274.0,20155987229.599182,2026-07-14
2026-04-03,sz.300236,上海新阳,72.71034769,72.78999753,74.55225024,72.71034769,5379675,397566256.77,1.9313,0.5916,278552012.0,20275800265.456528,2026-07-14
2026-04-07,sz.300236,上海新阳,72.90947229,73.81548922,74.81111222,72.3817921,5314912,392966059.43,1.9081,1.4088,278544730.0,20560915514.60281,2026-07-14
2026-04-08,sz.300236,上海新阳,76.0655972,80.65541923,80.65541923,75.22927388,12761310,1007185265.68,4.5813,9.2663,278552158.0,22466741080.9112,2026-07-14
2026-04-09,sz.300236,上海新阳,79.2515908,81.60126108,82.1388975,78.97281636,11058138,898735654.44,3.9699,1.1727,278549535.0,22729993329.247597,2026-07-14
2026-04-10,sz.300236,上海新阳,82.1388975,82.81592114,85.47423455,81.9397729,12326720,1035004439.72,4.4253,1.4885,278551059.0,23068462535.607487,2026-07-14
2026-04-13,sz.300236,上海新阳,82.636709,83.26395149,86.10147704,82.41767194,9491909,805061489.26,3.4076,0.541,278551150.0,23193269441.083714,2026-07-14
2026-04-14,sz.300236,上海新阳,83.95093136,85.1257665,87.77412368,83.7318943,10733566,922145456.33,3.8534,2.236,278547932.0,23711606218.489876,2026-07-14
2026-04-15,sz.300236,上海新阳,85.17554765,83.7318943,86.06165212,83.37347002,8689064,738426766.07,3.1194,-1.6374,278549208.0,23323452841.604713,2026-07-14
2026-04-16,sz.300236,上海新阳,83.75180676,83.32368887,84.30935564,82.636709,7929003,664619457.19,2.8465,-0.4875,278552714.0,23210039675.23009,2026-07-14
2026-04-17,sz.300236,上海新阳,83.3336451,87.47543678,89.58615754,82.89557098,15657923,1374997668.19,5.6212,4.9827,278551252.0,24366392434.315845,2026-07-14
2026-04-20,sz.300236,上海新阳,87.67456138,85.07598535,88.08276681,84.87686075,10438943,901023624.13,3.7476,-2.743,278550085.0,23697922950.701252,2026-07-14
2026-04-21,sz.300236,上海新阳,85.50410324,86.30060164,87.1170125,84.4288304,8531210,733711620.54,3.0627,1.4394,278551931.0,24039199233.283768,2026-07-14
2026-04-22,sz.300236,上海新阳,85.44436586,85.63353423,88.10267927,84.627955,11249902,968946363.63,4.0387,-0.773,278552554.0,23853439667.812923,2026-07-14
2026-04-23,sz.300236,上海新阳,86.49972624,85.0262042,87.49534924,83.5327697,10266714,882224669.24,3.6858,-0.7092,278547778.0,23683860251.684265,2026-07-14
2026-04-24,sz.300236,上海新阳,85.91230867,86.05169589,88.1126355,84.627955,14482141,1260977905.81,5.1991,1.2061,278550922.0,23969779229.823112,2026-07-14
2026-04-27,sz.300236,上海新阳,86.4200764,89.48659524,92.51328916,86.07160835,19405654,1748943314.14,6.9667,3.9917,278548725.0,24926377008.69307,2026-07-14
2026-04-28,sz.300236,上海新阳,88.68014061,90.51208693,91.2986291,85.4244534,16009468,1431310933.37,5.7474,1.146,278551484.0,25212276134.2885,2026-07-14
2026-04-29,sz.300236,上海新阳,89.61602623,95.4802457,96.55551854,88.39140994,23796716,2228375381.15,8.5431,5.4889,278548958.0,26595922949.31898,2026-07-14
2026-04-30,sz.300236,上海新阳,95.4802457,94.35519171,95.579808,92.57302654,13360141,1263102248.04,4.7963,-1.1783,278550987.0,26282731779.39472,2026-07-14
2026-05-06,sz.300236,上海新阳,96.575431,94.11624219,102.4496067,93.76777414,23070791,2254199318.69,8.2825,-0.2532,278548639.0,26215951169.81888,2026-07-14
2026-05-07,sz.300236,上海新阳,95.46033324,95.36077094,96.22696295,92.60289523,13387714,1275560932.74,4.8062,1.3223,278550913.0,26562829809.720867,2026-07-14
2026-05-08,sz.300236,上海新阳,93.33965625,91.3981914,93.8872489,90.91033613,14619625,1353750255.05,5.2485,-4.1554,278548633.0,25458841273.142357,2026-07-14
2026-05-11,sz.300236,上海新阳,93.44917478,95.35081471,97.76022237,92.592939,15204379,1448315269.93,5.4584,4.3246,278550106.0,26559979544.656857,2026-07-14
2026-05-12,sz.300236,上海新阳,94.584185,99.28352556,100.20945495,94.19589203,17230026,1691281543.28,6.1856,4.1245,278550601.0,27655485714.136864,2026-07-14
2026-05-13,sz.300236,上海新阳,97.4714917,102.21065718,103.85343513,95.26120864,16156616,1627473706.32,5.8003,2.9483,278547937.0,28470567696.903236,2026-07-14
2026-05-14,sz.300236,上海新阳,101.553546,95.2811211,101.99162012,95.26120864,16504240,1624732778.46,5.9251,-6.7797,278547873.0,26540353619.46042,2026-07-14
2026-05-15,sz.300236,上海新阳,95.40059586,97.87969713,103.544792,93.59851823,19543258,1931683029.88,7.0161,2.7273,278548738.0,27264266111.38372,2026-07-14
2026-05-18,sz.300236,上海新阳,97.91952205,100.21941118,102.78811852,94.21580449,15550356,1553966263.22,5.5826,2.3904,278550425.0,27916159577.43875,2026-07-14
2026-05-19,sz.300236,上海新阳,99.45278147,102.87772459,103.25606133,96.62521215,12827946,1289199450.98,4.6053,2.6525,278547456.0,28656328463.613144,2026-07-14
2026-05-20,sz.300236,上海新阳,101.93188274,105.11787634,107.63680253,101.53363354,18683402,1974840158.81,6.7074,2.1775,278549095.0,29280489322.82891,2026-07-14
2026-05-21,sz.300236,上海新阳,106.531661,99.12422588,110.4145907,98.566677,22045990,2320821168.12,7.9146,-5.7018,278548379.0,27610892438.50385,2026-07-14
2026-05-22,sz.300236,上海新阳,100.93625974,98.41733355,101.1552968,96.25683164,14509374,1433560954.36,5.2089,-0.7131,278549675.0,27414116274.719093,2026-07-14
2026-05-25,sz.300236,上海新阳,98.31777125,109.18997441,114.26765171,94.09632973,27013729,2817146554.39,9.698,10.9459,278549484.0,30414811029.878704,2026-07-14
2026-05-26,sz.300236,上海新阳,109.56,105.33,109.56,102.0,16878253,1768205988.74,6.0593,-3.5351,278551202.0,29339798106.66,2026-07-14
2026-05-27,sz.300236,上海新阳,105.87,97.93,107.13,97.6,19370937,1971031695.86,6.9542,-7.0255,278550185.0,27278419617.050003,2026-07-14
2026-05-28,sz.300236,上海新阳,97.53,101.53,104.43,96.6,15351540,1543301155.02,5.5112,3.6761,278551677.0,28281351765.81,2026-07-14
2026-05-29,sz.300236,上海新阳,101.47,91.18,101.47,89.67,21104533,1978814091.82,7.5766,-10.194,278548861.0,25398085145.980003,2026-07-14
2026-06-01,sz.300236,上海新阳,91.18,89.81,93.5,89.55,11990520,1096573162.34,4.3046,-1.5025,278551317.0,25016693779.77,2026-07-14
2026-06-02,sz.300236,上海新阳,90.8,90.92,93.33,89.55,10035679,917420081.45,3.6028,1.2359,278552209.0,25325966842.28,2026-07-14
2026-06-03,sz.300236,上海新阳,91.01,92.38,95.88,90.98,12073138,1128259997.59,4.3343,1.6058,278548739.0,25732332508.82,2026-07-14
2026-06-04,sz.300236,上海新阳,91.38,93.9,94.88,91.0,9767105,913685864.27,3.5064,1.6454,278550793.0,26155919462.7,2026-07-14
2026-06-05,sz.300236,上海新阳,92.01,93.45,97.66,89.56,14574082,1375775243.01,5.2321,-0.4792,278551289.0,26030617957.05,2026-07-14
2026-06-08,sz.300236,上海新阳,88.03,87.83,91.09,86.86,11338879,1010874523.71,4.0707,-6.0139,278548628.0,24464925997.239998,2026-07-14
2026-06-09,sz.300236,上海新阳,89.01,95.8,96.03,88.21,16531668,1539606266.97,5.9349,9.0743,278550068.0,26685096514.399998,2026-07-14
2026-06-10,sz.300236,上海新阳,94.61,96.43,98.5,93.88,15974065,1542030991.27,5.7347,0.6576,278551014.0,26860674280.02,2026-07-14
2026-06-11,sz.300236,上海新阳,95.81,102.02,102.69,95.51,20744085,2079400059.69,7.4472,5.797,278548783.0,28417546841.66,2026-07-14
2026-06-12,sz.300236,上海新阳,102.17,95.73,106.0,94.03,24766893,2481860583.79,8.8914,-6.1655,278548856.0,26665481984.88,2026-07-14
2026-06-15,sz.300236,上海新阳,96.99,100.49,100.58,93.01,16086008,1580307505.34,5.7749,4.9723,278550416.0,27991531303.84,2026-07-14
2026-06-16,sz.300236,上海新阳,100.48,100.02,101.67,98.68,13622664,1363473168.73,4.8906,-0.4677,278547908.0,27860361758.16,2026-07-14
2026-06-17,sz.300236,上海新阳,98.31,106.56,106.86,98.03,18026784,1870291026.61,6.4716,6.5387,278552197.0,29682522112.32,2026-07-14
2026-06-18,sz.300236,上海新阳,106.0,105.8,107.57,104.01,15426246,1632603989.41,5.5381,-0.7132,278547625.0,29470338725.0,2026-07-14
2026-06-22,sz.300236,上海新阳,107.01,109.11,109.69,104.44,17595166,1892088822.87,6.3167,3.1285,278549971.0,30392587335.81,2026-07-14
2026-06-23,sz.300236,上海新阳,110.0,105.7,112.91,104.12,15187716,1640060990.99,5.4524,-3.1253,278551023.0,29442843131.100002,2026-07-14
2026-06-24,sz.300236,上海新阳,106.7,114.41,115.19,103.58,22202153,2468944925.05,7.9706,8.2403,278550586.0,31868972544.26,2026-07-14
2026-06-25,sz.300236,上海新阳,115.59,113.58,115.63,109.33,18873501,2123743985.81,6.7756,-0.7255,278550992.0,31637821671.36,2026-07-14
2026-06-26,sz.300236,上海新阳,111.25,116.76,119.0,111.0,20558194,2397654463.89,7.3804,2.7998,278551217.0,32523640096.920002,2026-07-14
2026-06-29,sz.300236,上海新阳,119.0,128.77,131.97,118.24,27812188,3454787117.57,9.9846,10.2861,278550848.0,35868992696.96,2026-07-14
2026-06-30,sz.300236,上海新阳,129.5,131.5,131.95,123.0,20836378,2679795637.01,7.4803,2.1201,278550031.0,36629329076.5,2026-07-14
2026-07-01,sz.300236,上海新阳,128.59,126.02,136.98,124.05,22240475,2906658522.69,7.9844,-4.1673,278549108.0,35102758590.159996,2026-07-14
2026-07-02,sz.300236,上海新阳,119.0,117.31,123.78,113.35,19208566,2295472694.6,6.8959,-6.9116,278550530.0,32676762674.3,2026-07-14
2026-07-03,sz.300236,上海新阳,116.0,109.79,118.73,109.03,16191922,1814855586.41,5.8129,-6.4104,278551532.0,30582172698.280003,2026-07-14
2026-07-06,sz.300236,上海新阳,113.0,110.0,114.99,106.03,13594538,1511209872.07,4.8805,0.1913,278548059.0,30640286490.0,2026-07-14
2026-07-07,sz.300236,上海新阳,108.85,114.55,116.88,107.33,12984338,1463410351.83,4.6614,4.1364,278550178.0,31907922889.899998,2026-07-14
2026-07-08,sz.300236,上海新阳,114.4,110.58,115.25,104.55,12827019,1413241447.97,4.6049,-3.4657,278551521.0,30802227192.18,2026-07-14
2026-07-09,sz.300236,上海新阳,115.05,131.32,132.5,115.0,24715864,3054043447.67,8.873,18.7557,278551381.0,36579367352.92,2026-07-14
2026-07-10,sz.300236,上海新阳,130.01,119.7,132.67,119.17,19734112,2501306176.32,7.0846,-8.8486,278549417.0,33342365214.9,2026-07-14
2026-07-13,sz.300236,上海新阳,117.69,113.35,121.29,113.0,13162029,1536477042.54,4.7252,-5.3049,278549670.0,31573605094.5,2026-07-14
