日期,股票代码,股票名称,开盘,收盘,最高,最低,成交量,成交额,换手率,涨跌幅,流通股数,流通市值,数据日期
2021-07-15,sz.301031,中熔电气,42.26075,56.9897335,60.05475,42.26075,11754517,1386194070.59,70.9385,378.3794,16570011.0,944320510.9820685,2026-07-14
2021-07-16,sz.301031,中熔电气,56.0199605,63.996121,69.3966,53.844644,9538726,1295584311.61,57.5662,12.2941,16570012.0,1060416492.923452,2026-07-14
2021-07-19,sz.301031,中熔电气,62.279,63.1687,68.631458,60.1481685,6362350,915163018.08,38.3968,-1.2929,16570001.0,1046705422.1687,2026-07-14
2021-07-20,sz.301031,中熔电气,62.279,61.8919805,64.3831405,60.05475,3511733,487007622.13,21.1933,-2.0211,16570015.0,1025551045.2647076,2026-07-14
2021-07-21,sz.301031,中熔电气,61.3893,65.57089,66.3493775,60.036956,3308833,472239079.09,19.9688,5.9441,16570014.0,1086510565.2924602,2026-07-14
2021-07-22,sz.301031,中熔电气,64.50325,66.149195,69.3966,64.289722,3766747,565214499.36,22.7323,0.882,16570022.0,1096093616.43229,2026-07-14
2021-07-23,sz.301031,中熔电气,64.049503,62.4969765,68.95175,61.3893,2775554,403283694.72,16.7505,-5.5212,16569977.0,1035573463.1745405,2026-07-14
2021-07-26,sz.301031,中熔电气,61.2424995,64.9481,65.259495,60.953347,2116740,300284030.79,12.7745,3.922,16570042.0,1076192744.8202,2026-07-14
2021-07-27,sz.301031,中熔电气,64.7212265,67.17235,72.0657,64.529941,2936156,449691354.14,17.7197,3.4247,16570010.0,1113046511.2235,2026-07-14
2021-07-28,sz.301031,中熔电气,64.50325,62.279,66.7275,57.8305,2921080,413437494.34,17.6287,-7.2848,16570025.0,1031964586.975,2026-07-14
2021-07-29,sz.301031,中熔电气,63.230979,66.54956,67.6172,62.590395,2570436,375574538.47,15.5126,6.8571,16569988.0,1102725410.60528,2026-07-14
2021-07-30,sz.301031,中熔电气,69.8458985,79.859472,79.859472,69.8458985,1769970,308653445.03,10.6818,20.0,16569960.0,1323268256.66112,2026-07-14
2021-08-02,sz.301031,中熔电气,85.8604985,79.1788515,86.74575,72.6573505,4845750,878110252.8,29.2441,-0.8523,16570009.0,1311994281.9646635,2026-07-14
2021-08-03,sz.301031,中熔电气,74.7303515,72.9554,76.5097515,68.9561985,2919564,479478943.7,17.6196,-7.86,16569979.0,1208869445.9366,2026-07-14
2021-08-04,sz.301031,中熔电气,72.973194,83.9031585,87.54648,72.973194,3419198,622124660.34,20.6349,15.0061,16569976.0,1390273322.6691961,2026-07-14
2021-08-05,sz.301031,中熔电气,83.6318,87.4797525,91.6391,81.05167,2887755,571109740.68,17.4276,4.2628,16570010.0,1449540373.7225251,2026-07-14
2021-08-06,sz.301031,中熔电气,88.0847485,88.3872465,90.30455,84.058856,1997808,389963024.58,12.0568,1.0374,16569969.0,1464573934.5003586,2026-07-14
2021-08-09,sz.301031,中熔电气,88.0803,81.94137,90.0776765,80.019618,1930194,360770250.98,11.6487,-7.2928,16570038.0,1357771614.67206,2026-07-14
2021-08-10,sz.301031,中熔电气,80.5222985,80.6913415,85.704801,78.3336365,1838010,337791880.28,11.0924,-1.5255,16569994.0,1337055044.5069509,2026-07-14
2021-08-11,sz.301031,中熔电气,79.1833,87.5242375,87.54648,76.7410735,1975688,368398504.05,11.9233,8.4679,16569976.0,1450274514.7933,2026-07-14
2021-08-12,sz.301031,中熔电气,85.402303,84.601573,86.5188765,81.870194,1336811,252240687.27,8.0677,-3.3393,16569915.0,1401840873.476295,2026-07-14
2021-08-13,sz.301031,中熔电气,83.18695,79.726017,85.3355755,79.432416,1065101,196098301.46,6.4279,-5.763,16569968.0,1321057550.4574559,2026-07-14
2021-08-16,sz.301031,中熔电气,77.84875,75.1840985,77.84875,70.73115,1568593,263511521.29,9.4665,-5.6969,16569936.0,1245795700.3626962,2026-07-14
2021-08-17,sz.301031,中熔电气,73.773924,70.8512595,75.926998,70.686665,1108951,181118363.13,6.6925,-5.763,16570056.0,1174009337.585532,2026-07-14
2021-08-18,sz.301031,中熔电气,71.8477235,71.941142,74.681418,70.8601565,885900,144507929.97,5.3464,1.5383,16570028.0,1192066737.291976,2026-07-14
2021-08-19,sz.301031,中熔电气,72.0657,77.813162,80.073,69.3966,1626527,275425242.74,9.8161,8.1623,16569992.0,1289363471.8347042,2026-07-14
2021-08-20,sz.301031,中熔电气,75.6245,75.224135,77.22596,73.40025,1194061,201660777.57,7.2062,-3.3272,16569912.0,1246457297.22612,2026-07-14
2021-08-23,sz.301031,中熔电气,74.7570425,81.2429555,84.459221,72.670696,1451006,257628817.95,8.7568,8.0012,16570048.0,1346199672.2968638,2026-07-14
2021-08-24,sz.301031,中熔电气,80.553438,79.992927,83.854225,78.73845,1007137,184225402.59,6.0781,-1.5386,16569931.0,1325477280.878037,2026-07-14
2021-08-25,sz.301031,中熔电气,78.836317,76.861183,81.274095,75.71347,1108078,195048283.24,6.6873,-3.915,16569886.0,1273581040.135138,2026-07-14
2021-08-26,sz.301031,中熔电气,77.84875,77.893235,81.185125,77.0524685,908258,160840558.86,5.4813,1.3427,16570120.0,1290700251.1382,2026-07-14
2021-08-27,sz.301031,中熔电气,76.33626,75.6245,77.84875,72.652902,881693,147680567.5,5.321,-2.9126,16570062.0,1253102653.7189999,2026-07-14
2021-08-30,sz.301031,中熔电气,74.28995,74.9527765,78.2891515,72.732975,790100,134927123.39,4.7683,-0.8882,16569847.0,1241956038.8301954,2026-07-14
2021-08-31,sz.301031,中熔电气,73.453632,67.35029,74.7348,62.279,2273000,344319248.58,13.7176,-10.143,16569954.0,1115991207.18666,2026-07-14
2021-09-01,sz.301031,中熔电气,65.8378,59.4275115,65.8378,59.2228805,1909328,264434911.61,11.5228,-11.7635,16570000.0,984713865.5550001,2026-07-14
2021-09-02,sz.301031,中熔电气,60.0591985,63.738108,66.211474,60.05475,1691608,242626940.4,10.2089,7.2535,16569934.0,1056136242.844872,2026-07-14
2021-09-03,sz.301031,中熔电气,63.61355,62.430249,68.4045845,61.83415,1393955,204646153.6,8.4125,-2.0519,16570045.0,1034472035.291205,2026-07-14
2021-09-06,sz.301031,中熔电气,62.4258005,64.9614455,65.615375,60.312763,1126500,160768194.73,6.7984,4.0544,16570075.0,1076416024.0434124,2026-07-14
2021-09-07,sz.301031,中熔电气,65.4062955,67.08338,67.6172,63.649138,878600,130633946.0,5.3024,3.2665,16569855.0,1111561879.5099,2026-07-14
2021-09-08,sz.301031,中熔电气,66.7275,67.6172,68.9384045,65.4240895,724746,109700345.22,4.3738,0.7958,16570168.0,1120428363.6896,2026-07-14
2021-09-09,sz.301031,中熔电气,67.732861,66.140298,68.3778935,65.597581,513844,77132513.64,3.1011,-2.1842,16569733.0,1095927078.400434,2026-07-14
2021-09-10,sz.301031,中熔电气,66.336032,64.1785095,67.537127,63.658035,577400,84251996.0,3.4846,-2.9661,16570051.0,1063441175.5189846,2026-07-14
2021-09-13,sz.301031,中熔电气,63.8315265,60.94445,64.129576,60.5040485,832546,114819173.96,5.0244,-5.0392,16570058.0,1009853071.2781,2026-07-14
2021-09-14,sz.301031,中熔电气,60.9755895,62.279,63.0041055,60.971141,606300,84609657.37,3.659,2.1898,16570101.0,1031969320.179,2026-07-14
2021-09-15,sz.301031,中熔电气,61.83415,61.1357355,62.19003,60.5841215,368639,50665601.98,2.2247,-1.8357,16570279.0,1013036194.1052046,2026-07-14
2021-09-16,sz.301031,中熔电气,61.166875,57.5235535,61.3314695,56.211246,960657,125131913.2,5.7976,-5.9085,16569908.0,953159989.328078,2026-07-14
2021-09-17,sz.301031,中熔电气,57.5235535,57.7993605,58.98711,55.60625,672511,86596227.55,4.0586,0.4795,16570024.0,957736790.669652,2026-07-14
2021-09-22,sz.301031,中熔电气,56.6427505,56.326907,59.16505,56.095585,564800,72213245.0,3.4086,-2.5475,16569853.0,933328568.9346709,2026-07-14
2021-09-23,sz.301031,中熔电气,56.49595,54.8633505,57.1587765,54.5430585,690800,86137979.0,4.169,-2.5983,16569921.0,909081383.5803106,2026-07-14
2021-09-24,sz.301031,中熔电气,54.5430585,54.6943075,56.042203,54.5430585,580500,71998534.0,3.5033,-0.3081,16570091.0,906289652.4569825,2026-07-14
2021-09-27,sz.301031,中熔电气,54.280597,57.483517,58.0662705,53.3419635,1056119,131655249.77,6.3737,5.0996,16569952.0,952499117.481184,2026-07-14
2021-09-28,sz.301031,中熔电气,57.74153,59.6054515,61.1891175,55.170297,1182879,156190448.62,7.1387,3.6914,16569950.0,987659351.082425,2026-07-14
2021-09-29,sz.301031,中熔电气,58.346526,56.985285,59.5876575,56.49595,713800,92438489.0,4.3078,-4.3959,16569943.0,944242924.2887549,2026-07-14
2021-09-30,sz.301031,中熔电气,56.985285,59.689973,61.558343,56.567126,825573,110522344.83,4.9823,4.7463,16570118.0,989069896.026814,2026-07-14
2021-10-08,sz.301031,中熔电气,60.94445,66.4116565,66.683015,59.16505,1028000,146420265.84,6.204,11.261,16569955.0,1100438159.6804576,2026-07-14
2021-10-11,sz.301031,中熔电气,63.1687,63.835975,65.57089,62.759438,679696,97864564.0,4.102,-3.8784,16569868.0,1057753679.4013,2026-07-14
2021-10-12,sz.301031,中熔电气,63.835975,63.248773,63.835975,58.0751675,821275,112133982.45,4.9564,-0.9199,16569990.0,1048031536.12227,2026-07-14
2021-10-13,sz.301031,中熔电气,61.780768,65.295083,65.8689395,60.58857,965517,139109296.7,5.8269,3.2353,16569994.0,1081939133.5395021,2026-07-14
2021-10-14,sz.301031,中熔电气,64.823542,66.7052575,68.68484,63.862666,768200,115330505.03,4.6361,2.1597,16569962.0,1105303581.975215,2026-07-14
2021-10-15,sz.301031,中熔电气,65.39295,66.7275,69.1697265,64.5610805,607300,91204273.0,3.6651,0.0333,16569807.0,1105661796.5925002,2026-07-14
2021-10-18,sz.301031,中熔电气,67.17235,66.380517,67.6172,63.1998395,546600,80481043.0,3.2987,-0.52,16570164.0,1099936053.094788,2026-07-14
2021-10-19,sz.301031,中熔电气,73.8451,68.41793,79.619253,66.7275,2470097,390424706.47,14.907,3.0693,16570048.0,1133688384.16064,2026-07-14
2021-10-20,sz.301031,中熔电气,64.9481,66.389414,67.6172,64.9481,1294900,193390547.0,7.8147,-2.9649,16570054.0,1100076175.008356,2026-07-14
2021-10-21,sz.301031,中熔电气,66.1714375,62.7460925,66.238165,62.7282985,1145898,163811461.08,6.9155,-5.4878,16569995.0,1039702438.9945376,2026-07-14
2021-10-22,sz.301031,中熔电气,62.7460925,63.097524,63.862666,60.4996,876505,122839677.07,5.2897,0.5601,16570032.0,1045527991.800768,2026-07-14
2021-10-25,sz.301031,中熔电气,64.4009345,68.5069,69.690201,64.0628485,2076919,316967868.74,12.5342,8.573,16570016.0,1135160429.1104,2026-07-14
2021-10-26,sz.301031,中熔电气,69.66351,70.722253,74.601345,68.9561985,1908976,305725466.6,11.5207,3.2338,16569965.0,1171865256.931145,2026-07-14
2021-10-27,sz.301031,中熔电气,67.5504725,71.843275,72.51055,67.394775,1750772,278286950.16,10.5659,1.5851,16570022.0,1190444647.30205,2026-07-14
2021-10-28,sz.301031,中熔电气,72.0657,69.1341385,72.86643,68.560282,957300,150798836.0,5.7773,-3.7709,16570024.0,1145554334.164324,2026-07-14
2021-10-29,sz.301031,中熔电气,68.95175,69.174175,69.7569285,66.7764335,1028587,158177221.2,6.2075,0.0579,16570068.0,1146220783.5939002,2026-07-14
2021-11-01,sz.301031,中熔电气,69.1608295,73.6627115,74.957225,68.0664985,1322766,215968680.95,7.9829,6.4887,16569993.0,1220590613.9160194,2026-07-14
2021-11-02,sz.301031,中熔电气,73.871791,72.359301,74.4189565,71.62085,842900,137396924.44,5.0869,-1.7694,16570013.0,1198994558.2409132,2026-07-14
2021-11-03,sz.301031,中熔电气,71.932245,73.791718,75.348693,70.73115,1147474,189143335.13,6.925,1.9796,16570022.0,1222730390.6777961,2026-07-14
2021-11-04,sz.301031,中熔电气,73.791718,74.067525,75.126268,72.77746,647670,107804453.4,3.9087,0.3738,16569959.0,1227295852.481475,2026-07-14
2021-11-05,sz.301031,中熔电气,73.6182265,71.763202,79.2055425,71.1715515,1632509,275853797.4,9.8522,-3.1111,16569995.0,1189115898.32399,2026-07-14
2021-11-08,sz.301031,中熔电气,71.5096375,73.871791,73.871791,70.232918,863055,139428586.45,5.2085,2.9383,16570126.0,1224064884.715666,2026-07-14
2021-11-09,sz.301031,中熔电气,72.5238955,72.5327925,75.126268,71.923348,586685,96687352.2,3.5406,-1.8126,16570214.0,1201883893.742595,2026-07-14
2021-11-10,sz.301031,中熔电气,71.914451,67.9330435,72.7285265,67.26132,864100,133837413.95,5.2148,-6.3416,16570147.0,1125660516.9523945,2026-07-14
2021-11-11,sz.301031,中熔电气,68.070947,69.2142115,71.042545,68.070947,568835,89255696.0,3.4329,1.8859,16570101.0,1146886475.1903615,2026-07-14
2021-11-12,sz.301031,中熔电气,69.8370015,83.0579435,83.0579435,69.2231085,1860164,333148031.56,11.2261,20.0013,16569993.0,1376269542.3893955,2026-07-14
2021-11-15,sz.301031,中熔电气,85.428994,80.073,85.85605,78.2936,2135700,394659887.0,12.889,-3.5938,16569943.0,1326805045.839,2026-07-14
2021-11-16,sz.301031,中熔电气,82.315044,84.886277,90.464696,80.909318,2875794,553572324.0,17.3554,6.0111,16570024.0,1406567647.160648,2026-07-14
2021-11-17,sz.301031,中熔电气,83.9743345,80.073,84.96635,78.4315035,2499662,453453386.78,15.0855,-5.6703,16569965.0,1326806807.445,2026-07-14
2021-11-18,sz.301031,中熔电气,79.4279675,81.8524,83.09798,76.06935,1820962,325458546.26,10.9895,2.2222,16570017.0,1356295659.4908001,2026-07-14
2021-11-19,sz.301031,中熔电气,80.073,82.0792735,84.5215,78.338085,1077334,198619626.29,6.5017,0.2772,16570036.0,1360056516.748846,2026-07-14
2021-11-22,sz.301031,中熔电气,81.8524,85.76708,86.692368,80.331013,1155300,217402543.63,6.9722,4.493,16570093.0,1421168491.93844,2026-07-14
2021-11-23,sz.301031,中熔电气,85.375612,82.519675,85.437891,80.686893,954599,178161253.54,5.761,-3.7863,16570023.0,1367352912.7025251,2026-07-14
2021-11-24,sz.301031,中熔电气,82.1148615,79.156609,83.00901,78.747347,827099,149414427.63,4.9915,-4.0755,16570149.0,1311636805.464741,2026-07-14
2021-11-25,sz.301031,中熔电气,78.338085,80.5934745,80.7803115,78.338085,573700,102807028.19,3.4623,1.8152,16569910.0,1335426619.052295,2026-07-14
2021-11-26,sz.301031,中熔电气,79.1833,78.071175,81.1183975,76.8122495,694862,122818528.87,4.1935,-3.1297,16569977.0,1293637574.112975,2026-07-14
2021-11-29,sz.301031,中熔电气,76.2962235,80.7358265,80.9627,76.273981,655897,117522006.44,3.9583,3.4131,16570169.0,1337806289.4596784,2026-07-14
2021-11-30,sz.301031,中熔电气,80.6824445,78.2936,81.14064,78.0934175,700700,124760743.0,4.2287,-3.025,16570104.0,1297333094.5344,2026-07-14
2021-12-01,sz.301031,中熔电气,78.071175,77.181475,80.4778135,77.030226,744948,131247629.28,4.4958,-1.4205,16569865.0,1278886621.250875,2026-07-14
2021-12-02,sz.301031,中熔电气,76.9634985,77.1325415,77.715295,75.1040255,547958,94124142.38,3.3069,-0.0634,16570141.0,1278097088.3433516,2026-07-14
2021-12-03,sz.301031,中熔电气,77.4039,77.2304085,78.5827525,74.3032955,507627,87290359.28,3.0635,0.1269,16570165.0,1279720611.8624024,2026-07-14
2021-12-06,sz.301031,中熔电气,76.95905,75.846925,78.2936,73.409147,705200,120124273.27,4.2559,-1.7914,16569938.0,1256778844.74065,2026-07-14
2021-12-07,sz.301031,中熔电气,76.060453,73.925173,77.679707,73.6894025,446735,75165452.3,2.696,-2.5337,16570289.0,1224961480.984997,2026-07-14
2021-12-08,sz.301031,中熔电气,73.9296215,75.046195,75.384281,73.880688,235800,39574545.0,1.4231,1.5164,16569461.0,1243475001.250895,2026-07-14
2021-12-09,sz.301031,中熔电气,75.17965,73.13334,76.06935,72.51055,374800,62051107.35,2.2619,-2.5489,16570140.0,1211829682.4676,2026-07-14
2021-12-10,sz.301031,中熔电气,73.177825,71.8477235,74.2855015,71.4829465,473292,77165015.5,2.8563,-1.7579,16570108.0,1190524537.949138,2026-07-14
2021-12-13,sz.301031,中熔电气,72.101288,75.17965,76.950153,71.176,725797,120937621.0,4.3802,4.6375,16569951.0,1245723116.69715,2026-07-14
2021-12-14,sz.301031,中熔电气,74.859358,75.4599055,76.060453,73.66716,404511,68062812.17,2.4412,0.3728,16570170.0,1250383462.3189352,2026-07-14
2021-12-15,sz.301031,中熔电气,75.1752015,76.087144,77.083608,74.6858665,361242,61690910.0,2.1801,0.8312,16569974.0,1260761997.814256,2026-07-14
2021-12-16,sz.301031,中熔电气,75.7001245,73.6449175,76.0826955,72.9554,405800,67532907.05,2.449,-3.2098,16570029.0,1220298418.6776075,2026-07-14
2021-12-17,sz.301031,中熔电气,73.8451,71.176,73.8451,71.176,316799,51464669.6,1.9119,-3.3525,16569852.0,1179375785.9520001,2026-07-14
2021-12-20,sz.301031,中熔电气,71.1804485,68.115432,72.830842,66.8476095,553900,85799677.12,3.3428,-4.3,16569941.0,1128668689.429512,2026-07-14
2021-12-21,sz.301031,中熔电气,67.52823,68.115432,68.8138465,65.65986,707200,107054332.06,4.268,0.0,16569822.0,1128660583.693104,2026-07-14
2021-12-22,sz.301031,中熔电气,68.06205,69.788068,72.074597,67.6216485,399292,62931057.04,2.4097,2.4556,16570195.0,1156401895.43326,2026-07-14
2021-12-23,sz.301031,中熔电气,69.30763,69.2053145,70.677768,68.5069,231100,35978904.0,1.3947,-0.835,16569872.0,1146723202.984744,2026-07-14
2021-12-24,sz.301031,中熔电气,69.4010485,66.6874635,70.677768,65.8511455,450600,68488972.89,2.7194,-3.6382,16569832.0,1105000066.701132,2026-07-14
2021-12-27,sz.301031,中熔电气,66.28265,64.6589475,67.6172,64.1251275,693955,101911569.01,4.188,-3.0418,16570081.0,1071403997.4497474,2026-07-14
2021-12-28,sz.301031,中熔电气,64.725675,66.7275,67.4348115,64.725675,445497,66190741.1,2.6886,3.1992,16569850.0,1105664665.875,2026-07-14
2021-12-29,sz.301031,中熔电气,66.1803345,67.661685,68.942853,65.8378,531097,81240001.8,3.2052,1.4,16569855.0,1121144309.505675,2026-07-14
2021-12-30,sz.301031,中熔电气,67.626097,66.4294505,68.5914215,65.9668065,436859,65800844.8,2.6364,-1.8212,16570285.0,1100754927.1783924,2026-07-14
2021-12-31,sz.301031,中熔电气,66.4828325,67.670582,70.3797185,66.4205535,847084,129692390.6,5.1122,1.8683,16569853.0,1121291596.1644459,2026-07-14
2022-01-04,sz.301031,中熔电气,68.889471,70.446446,74.1075615,68.720428,1146808,184913537.44,6.921,4.102,16569975.0,1167295849.0588498,2026-07-14
2022-01-05,sz.301031,中熔电气,70.508725,66.99441,71.149309,65.8378,576900,86844793.0,3.4816,-4.9002,16569968.0,1110095229.87888,2026-07-14
2022-01-06,sz.301031,中熔电气,66.095813,67.4792965,67.97308,63.3777795,520190,76632809.3,3.1393,0.7238,16570255.0,1118149150.2256076,2026-07-14
2022-01-07,sz.301031,中熔电气,67.6839275,63.1909425,68.1910565,63.1642515,554700,80444840.0,3.3476,-6.3551,16570080.0,1047078972.5004,2026-07-14
2022-01-10,sz.301031,中熔电气,63.0396935,61.3893,63.827078,60.05475,698200,96596097.0,4.2136,-2.8511,16570154.0,1017230154.9521999,2026-07-14
2022-01-11,sz.301031,中熔电气,61.30033,60.713128,62.279,59.96578,631186,86671943.96,3.8092,-1.1014,16570041.0,1006019020.1982479,2026-07-14
2022-01-12,sz.301031,中熔电气,61.6428645,61.246948,63.302155,60.05475,678100,93294863.0,4.0923,0.8792,16570144.0,1014870747.9205121,2026-07-14
2022-01-13,sz.301031,中熔电气,60.94445,59.7567005,61.3581605,58.7246485,384900,51808365.0,2.3229,-2.4332,16569805.0,990156874.7284025,2026-07-14
2022-01-14,sz.301031,中熔电气,60.188205,62.946275,64.14737,59.2228805,719636,100551809.64,4.343,5.3376,16570021.0,1043021098.621775,2026-07-14
2022-01-17,sz.301031,中熔电气,62.6749165,66.2870985,68.996235,62.056575,1112588,166374984.0,6.7145,5.3074,16569931.0,1098372648.3352034,2026-07-14
2022-01-18,sz.301031,中熔电气,67.6127515,68.7871555,68.95175,65.615375,624400,95230236.07,3.7683,3.7716,16569806.0,1139789821.926833,2026-07-14
2022-01-19,sz.301031,中熔电气,68.15102,66.709706,68.15102,65.1749735,547500,81512770.0,3.3042,-3.0201,16569820.0,1105367820.67292,2026-07-14
2022-01-20,sz.301031,中熔电气,65.9846005,64.50325,66.7275,64.50325,306993,44981993.3,1.8527,-3.3075,16570033.0,1068820981.1072499,2026-07-14
2022-01-21,sz.301031,中熔电气,64.5966685,63.25767,66.01574,63.1687,365645,53115990.0,2.2067,-1.931,16569765.0,1048164726.3475499,2026-07-14
2022-01-24,sz.301031,中熔电气,62.36797,63.70252,65.419641,62.3635215,388545,56083546.5,2.3449,0.7032,16569790.0,1055537378.8708,2026-07-14
2022-01-25,sz.301031,中熔电气,62.946275,62.01209,64.6411535,61.202463,486020,68796433.8,2.9331,-2.6536,16570182.0,1027551617.50038,2026-07-14
2022-01-26,sz.301031,中熔电气,63.480095,64.005018,64.956997,61.9364655,397900,56526132.0,2.4013,3.2138,16570191.0,1060575373.2184381,2026-07-14
2022-01-27,sz.301031,中熔电气,64.0584,61.3937485,64.4988015,61.3893,325182,45629669.8,1.9625,-4.0798,16569783.0,1017281090.2015755,2026-07-14
2022-01-28,sz.301031,中熔电气,61.5894825,61.780768,62.732747,61.0200745,250400,34773133.0,1.5112,0.6304,16569614.0,1023683478.3835521,2026-07-14
2022-02-07,sz.301031,中熔电气,63.1687,62.279,63.8315265,61.620622,224386,31511594.7,1.3542,0.8065,16569635.0,1031940298.1650001,2026-07-14
2022-02-08,sz.301031,中熔电气,62.279,59.725561,62.279,58.853655,370100,49757677.0,2.2336,-4.1,16569663.0,989632418.255943,2026-07-14
2022-02-09,sz.301031,中熔电气,59.8100825,57.5591415,59.8100825,55.455001,920268,118182613.78,5.5538,-3.6273,16570060.0,953758428.20349,2026-07-14
2022-02-10,sz.301031,中熔电气,56.9408,55.8865055,57.065358,54.663168,750420,93686748.4,4.5288,-2.9059,16569952.0,926036713.582736,2026-07-14
2022-02-11,sz.301031,中熔电气,55.60625,53.6266675,55.9932695,53.382,342820,41962553.2,2.0689,-4.0436,16570158.0,888602353.4884651,2026-07-14
2022-02-14,sz.301031,中熔电气,52.84818,53.479867,54.62758,52.278772,322200,38921659.0,1.9445,-0.2737,16569812.0,886151341.975004,2026-07-14
2022-02-15,sz.301031,中熔电气,54.2717,55.6195955,56.4737075,52.93715,300500,37090706.0,1.8135,4.001,16570168.0,921626041.527044,2026-07-14
2022-02-16,sz.301031,中熔电气,55.6195955,54.9790115,56.006615,54.7743805,212100,26335120.0,1.28,-1.1517,16570312.0,911019374.006588,2026-07-14
2022-02-17,sz.301031,中熔电气,54.796623,58.3865625,59.298505,54.316185,662100,85655733.7,3.9958,6.1979,16569898.0,967459385.195625,2026-07-14
2022-02-18,sz.301031,中熔电气,57.8260515,57.892779,58.3598715,56.362495,292200,37794378.0,1.7634,-0.8457,16570262.0,959298515.938098,2026-07-14
2022-02-21,sz.301031,中熔电气,57.901676,56.664993,58.132998,56.157864,185600,23667972.0,1.1201,-2.1208,16569949.0,938936044.0953571,2026-07-14
2022-02-22,sz.301031,中熔电气,56.184555,54.71655,56.273525,54.120451,490550,60489565.0,2.9605,-3.4385,16569836.0,906644259.9857999,2026-07-14
2022-02-23,sz.301031,中熔电气,55.090224,58.791376,59.16505,55.090224,547150,70993594.0,3.3021,7.4472,16569759.0,974158931.598384,2026-07-14
2022-02-24,sz.301031,中熔电气,58.7157515,59.16505,60.8777225,57.456826,611086,81471833.3,3.6879,0.6356,16570026.0,980366416.7913,2026-07-14
2022-02-25,sz.301031,中熔电气,59.1961895,61.8919805,63.70252,59.1961895,508700,71048494.0,3.07,4.609,16570033.0,1025552159.3203565,2026-07-14
2022-02-28,sz.301031,中熔电气,61.914223,61.914223,62.857305,61.0111775,290600,40390899.0,1.7538,0.0359,16569734.0,1025902205.926682,2026-07-14
2022-03-01,sz.301031,中熔电气,62.72385,61.3893,63.159803,60.722025,212700,29477114.0,1.2836,-0.8478,16570583.0,1017256490.9619,2026-07-14
2022-03-02,sz.301031,中熔电气,61.3848515,60.4239755,61.8119075,59.627694,241198,32765007.0,1.4556,-1.5725,16570349.0,1001246362.0024495,2026-07-14
2022-03-03,sz.301031,中熔电气,61.1624265,57.38565,61.362609,57.0342185,403700,52975364.0,2.4363,-5.0283,16570209.0,950892214.10085,2026-07-14
2022-03-04,sz.301031,中熔电气,57.3456135,55.7441535,58.0929615,55.2904065,358286,45675305.0,2.1623,-2.8605,16569671.0,923662283.6684985,2026-07-14
2022-03-07,sz.301031,中熔电气,55.294855,54.2717,55.2993035,53.640013,411166,50151155.0,2.4814,-2.6414,16569920.0,899277727.264,2026-07-14
2022-03-08,sz.301031,中熔电气,54.71655,52.332154,55.07243,52.1408685,326645,39160606.0,1.9713,-3.5738,16570030.0,867145361.7446201,2026-07-14
2022-03-09,sz.301031,中熔电气,52.7191735,52.40333,53.382,48.942397,334400,38819280.0,2.0181,0.136,16570041.0,868325326.6365299,2026-07-14
2022-03-10,sz.301031,中熔电气,53.604425,53.8312985,55.60625,52.9860835,322552,39308524.0,1.9466,2.725,16570020.0,891985692.77097,2026-07-14
2022-03-11,sz.301031,中熔电气,53.8135045,51.9896195,53.8135045,50.8152155,253200,29546662.0,1.5281,-3.4212,16569596.0,861446991.308722,2026-07-14
2022-03-14,sz.301031,中熔电气,51.6026,49.37835,51.95848,49.1247855,308100,34548416.0,1.8594,-5.0227,16569861.0,818192395.9093499,2026-07-14
2022-03-15,sz.301031,中熔电气,49.37835,47.1941365,49.7208845,47.1941365,288500,31381498.0,1.7411,-4.4234,16569984.0,782006086.698816,2026-07-14
2022-03-16,sz.301031,中熔电气,48.426371,51.33569,51.380175,47.0962695,491190,54304838.0,2.9643,8.7756,16570185.0,850641880.40265,2026-07-14
2022-03-17,sz.301031,中熔电气,51.8917525,52.40333,55.294855,51.8917525,482480,58281445.0,2.9118,2.0797,16569819.0,868313693.0972699,2026-07-14
2022-03-18,sz.301031,中熔电气,52.40333,51.567012,53.2974785,50.570548,200300,23155476.0,1.2088,-1.5959,16570152.0,854473227.025824,2026-07-14
2022-03-21,sz.301031,中熔电气,51.5625635,50.8863915,52.349948,50.668415,324064,37348934.6,1.9557,-1.3199,16570231.0,843199261.9114366,2026-07-14
2022-03-22,sz.301031,中熔电气,50.9041855,50.7351425,52.40333,50.3792625,294500,33856304.41,1.7773,-0.2972,16570078.0,840685268.566115,2026-07-14
2022-03-23,sz.301031,中熔电气,50.7351425,51.5981515,52.04745,50.490475,224161,25972994.8,1.3528,1.701,16570151.0,854989161.6758765,2026-07-14
2022-03-24,sz.301031,中熔电气,51.2422715,50.4237475,51.24672,49.511805,262000,29560754.0,1.5812,-2.2761,16569694.0,835506066.408265,2026-07-14
2022-03-25,sz.301031,中熔电气,50.1123525,50.027831,51.406866,49.8899275,178400,20259104.0,1.0766,-0.7852,16570685.0,828995428.7342349,2026-07-14
2022-03-28,sz.301031,中熔电气,49.8232,48.435268,50.8952885,45.3747,989457,105737105.8,5.9714,-3.1834,16569933.0,802569145.597044,2026-07-14
2022-03-29,sz.301031,中熔电气,48.1016305,45.8328955,48.6888325,45.606022,422700,44263230.7,2.551,-5.3729,16569973.0,759449840.9468215,2026-07-14
2022-03-30,sz.301031,中熔电气,46.2688485,46.9539175,47.287555,45.668301,332900,34886991.0,2.0091,2.4459,16569608.0,778008007.03934,2026-07-14
2022-03-31,sz.301031,中熔电气,47.1541,45.579331,47.1541,44.493897,613606,62340869.7,3.7031,-2.9275,16570063.0,755252386.167853,2026-07-14
2022-04-01,sz.301031,中熔电气,44.66294,44.680734,45.810653,44.04015,358400,36099801.0,2.1629,-1.9715,16570345.0,740375177.23323,2026-07-14
2022-04-06,sz.301031,中熔电气,44.458309,43.7243065,44.885365,43.6531305,268357,26577936.76,1.6195,-2.1406,16570361.0,724527543.1796465,2026-07-14
2022-04-07,sz.301031,中熔电气,43.7243065,41.967149,43.7509975,41.949355,420020,40145790.42,2.5348,-4.0187,16570144.0,695401702.199456,2026-07-14
2022-04-08,sz.301031,中熔电气,43.15045,41.691342,43.283905,41.6157175,337101,32038460.67,2.0344,-0.6572,16570045.0,690827413.05039,2026-07-14
2022-04-11,sz.301031,中熔电气,41.2776315,39.6939655,41.37105,39.3736735,355526,31913752.08,2.1456,-4.7909,16570004.0,657729167.1108619,2026-07-14
2022-04-12,sz.301031,中熔电气,40.4324165,40.685981,40.890612,39.369225,261800,23676430.0,1.58,2.4992,16569620.0,674151244.4972199,2026-07-14
2022-04-13,sz.301031,中熔电气,40.5124895,39.7295535,40.5124895,39.1957335,238400,21378880.78,1.4387,-2.3508,16570515.0,658339162.2150525,2026-07-14
2022-04-14,sz.301031,中熔电气,39.725105,40.0320515,40.6815325,39.32474,351714,31636673.08,2.1226,0.7614,16569961.0,663329532.1049916,2026-07-14
2022-04-15,sz.301031,中熔电气,39.8363175,38.951066,39.9430815,38.2571,429186,37521275.0,2.5901,-2.7003,16570248.0,645428823.484368,2026-07-14
2022-04-18,sz.301031,中熔电气,39.378122,40.766054,41.1708675,38.817611,394498,35852152.4,2.3808,4.6597,16569976.0,675492536.394704,2026-07-14
2022-04-19,sz.301031,中熔电气,40.908406,40.4146225,42.065016,40.0365,348955,32055246.85,2.1059,-0.8621,16570350.0,669684439.942875,2026-07-14
2022-04-20,sz.301031,中熔电气,40.276719,39.814075,40.579217,39.725105,188800,17022944.0,1.1394,-1.486,16570125.0,659724199.5093751,2026-07-14
2022-04-21,sz.301031,中熔电气,39.378122,38.70195,40.6459445,38.70195,254795,22580592.1,1.5377,-2.7933,16569877.0,641286551.1601499,2026-07-14
2022-04-22,sz.301031,中熔电气,38.2571,38.274894,38.835405,37.5942735,213782,18394739.79,1.2902,-1.1034,16569679.0,634202707.3390261,2026-07-14
2022-04-25,sz.301031,中熔电气,37.589825,36.03285,37.81225,35.3700235,317798,26231187.76,1.9179,-5.8577,16570103.0,597068035.88355,2026-07-14
2022-04-26,sz.301031,中熔电气,36.9092045,34.25345,36.9092045,33.8086,319900,25122610.64,1.9306,-4.9383,16569978.0,567578912.9241,2026-07-14
2022-04-27,sz.301031,中熔电气,33.45272,35.4056115,36.2775175,32.5407775,486783,38157405.98,2.9377,3.3636,16570208.0,586678346.922192,2026-07-14
2022-04-28,sz.301031,中熔电气,42.483175,42.4876235,42.4876235,40.2989615,1021095,95884706.04,6.1623,20.0025,16570031.0,704021238.5113285,2026-07-14
2022-04-29,sz.301031,中熔电气,43.408463,43.2794565,45.81955,42.038325,1262351,123267438.41,7.6183,1.8637,16569983.0,717139858.4542395,2026-07-14
2022-05-05,sz.301031,中熔电气,42.981407,43.3506325,44.485,42.136192,931332,90858151.51,5.6206,0.1645,16569975.0,718318896.7591876,2026-07-14
2022-05-06,sz.301031,中熔电气,42.4431385,45.570434,46.7492865,41.566784,914523,92161298.7,5.5191,5.1206,16570147.0,755108790.233798,2026-07-14
2022-05-09,sz.301031,中熔电气,44.92985,45.2723845,45.99749,44.0445985,498100,50470168.84,3.006,-0.654,16570193.0,750172148.7352085,2026-07-14
2022-05-10,sz.301031,中熔电气,43.719858,46.931675,47.1051665,43.719858,723899,75201281.26,4.3687,3.6651,16570124.0,777663674.2777,2026-07-14
2022-05-11,sz.301031,中熔电气,46.70925,48.0393515,49.2760345,46.70925,809953,88255401.61,4.8881,2.3602,16569894.0,796006962.1837411,2026-07-14
2022-05-12,sz.301031,中熔电气,47.937036,48.0838365,48.711075,47.59895,342800,37101857.68,2.0688,0.0926,16569992.0,796748786.134308,2026-07-14
2022-05-13,sz.301031,中熔电气,48.088285,49.0536095,49.769818,48.0838365,327400,36113022.92,1.9759,2.0168,16569664.0,812801827.402208,2026-07-14
2022-05-16,sz.301031,中熔电气,49.20041,50.855252,52.31436,48.22174,604200,69146796.0,3.6463,3.6728,16570222.0,842682815.505944,2026-07-14
2022-05-17,sz.301031,中熔电气,50.855252,50.730694,51.2778595,49.253792,384100,43439616.0,2.318,-0.2449,16570319.0,840623782.671386,2026-07-14
2022-05-18,sz.301031,中熔电气,50.7974215,53.4932125,53.782365,50.570548,831738,98578820.64,5.0195,5.4455,16570136.0,886389806.2019,2026-07-14
2022-05-19,sz.301031,中熔电气,52.6657915,52.501197,53.4843155,50.757385,575001,67313567.79,3.4701,-1.8545,16570156.0,869953024.476732,2026-07-14
2022-05-20,sz.301031,中熔电气,52.501197,51.451351,53.2618905,50.9397735,404200,47059753.0,2.4393,-1.9997,16570328.0,852565762.1131281,2026-07-14
2022-05-23,sz.301031,中熔电气,51.451351,51.0821255,52.04745,50.4504385,450270,51688916.4,2.7174,-0.7176,16569883.0,846424842.9263165,2026-07-14
2022-05-24,sz.301031,中熔电气,50.881943,49.1514765,51.985171,49.004676,437000,49353998.0,2.6373,-3.7795,16569977.0,814438835.1210405,2026-07-14
2022-05-25,sz.301031,中熔电气,49.155925,49.689745,50.2458075,48.5731715,325822,36029769.4,1.9663,1.0951,16570310.0,823374478.47095,2026-07-14
2022-05-26,sz.301031,中熔电气,49.689745,49.3027255,50.125698,48.0438,384722,42634556.78,2.3218,-0.7789,16569989.0,816945619.2050195,2026-07-14
2022-05-27,sz.301031,中熔电气,49.4717685,48.7333175,51.0643315,48.39968,324500,36159657.6,1.9584,-1.1549,16569649.0,807493965.5805575,2026-07-14
2022-05-30,sz.301031,中熔电气,48.737766,51.113265,52.296566,48.737766,585136,67168954.02,3.5313,4.8836,16569988.0,846946187.69082,2026-07-14
2022-05-31,sz.301031,中熔电气,51.14019096,52.57118616,53.21066214,50.1295506,515403,59762717.09,3.1105,2.8521,16569780.0,871092989.0102448,2026-07-14
2022-06-01,sz.301031,中熔电气,52.4549178,52.767948,54.0424281,51.873576,425472,50427946.76,2.5677,0.3743,16570160.0,874373341.2316799,2026-07-14
2022-06-02,sz.301031,中熔电气,53.19724656,56.4572325,57.3739638,52.097169,777636,95090145.94,4.693,6.9915,16570126.0,935503456.1362951,2026-07-14
2022-06-06,sz.301031,中熔电气,56.345436,60.37011,60.92462064,55.83564396,995127,129889892.11,6.0056,6.9307,16569985.0,1000331817.14835,2026-07-14
2022-06-07,sz.301031,中熔电气,59.48020986,57.94189002,60.17334816,57.7987905,553297,72678257.4,3.3391,-4.0222,16570243.0,960111197.510675,2026-07-14
2022-06-08,sz.301031,中熔电气,57.37843566,58.02685536,59.028552,57.3292452,263127,34156001.6,1.588,0.1466,16569710.0,961488165.5271456,2026-07-14
2022-06-09,sz.301031,中熔电气,57.49023216,56.40804204,59.02408014,56.38121088,350700,44794700.0,2.1165,-2.7898,16569809.0,934670482.6667703,2026-07-14
2022-06-10,sz.301031,中熔电气,56.10395556,58.13418,59.01960828,56.10395556,311663,40426572.04,1.8809,3.0601,16569887.0,963276793.43766,2026-07-14
2022-06-13,sz.301031,中熔电气,58.04027094,61.6669494,64.3500654,57.36502008,1034339,144004400.1,6.2422,6.0769,16570103.0,1021827703.2537882,2026-07-14
2022-06-14,sz.301031,中熔电气,60.37011,60.11074212,60.37011,57.86139654,712900,94126329.02,4.3024,-2.5236,16569821.0,996024237.1055604,2026-07-14
2022-06-15,sz.301031,中熔电气,60.11074212,58.14759558,60.49979394,58.14312372,404900,53354279.0,2.4436,-3.2659,16569815.0,963494901.4554178,2026-07-14
2022-06-16,sz.301031,中熔电气,58.15206744,58.61266902,59.699331,57.37843566,285460,37612969.34,1.7228,0.7998,16569538.0,971184846.6083127,2026-07-14
2022-06-17,sz.301031,中熔电气,58.42037904,61.488075,61.8458238,57.81667794,506906,69035268.2,3.0592,4.9058,16569888.0,1018850516.0856,2026-07-14
2022-06-20,sz.301031,中熔电气,62.2482912,64.394784,66.407121,61.55962476,742292,107559079.6,4.4797,4.7273,16570127.0,1067029749.017568,2026-07-14
2022-06-21,sz.301031,中熔电气,66.0940908,63.4109748,66.0940908,62.21698818,528884,75253937.24,3.1918,-1.5278,16570086.0,1050725305.7798327,2026-07-14
2022-06-22,sz.301031,中熔电气,63.4109748,64.65415188,67.09131558,62.61498372,506976,73977660.63,3.0596,1.9605,16570009.0,1071319878.5389669,2026-07-14
2022-06-23,sz.301031,中熔电气,65.81683548,66.04490034,68.0840685,64.66756746,730516,108320258.29,4.4087,2.1511,16569873.0,1094355610.9314568,2026-07-14
2022-06-24,sz.301031,中熔电气,67.07342814,67.27018998,68.41051428,65.27574042,753646,112932009.92,4.5483,1.8552,16569839.0,1114656217.4680133,2026-07-14
2022-06-27,sz.301031,中熔电气,68.27635848,66.32215566,69.16625862,65.74081386,478835,71473700.86,2.8898,-1.4093,16569832.0,1098946977.1640491,2026-07-14
2022-06-28,sz.301031,中熔电气,66.18799986,65.4680304,66.62624214,64.40372772,363676,53179896.55,2.1948,-1.2878,16569892.0,1084798193.1807168,2026-07-14
2022-06-29,sz.301031,中熔电气,66.183528,62.78938626,66.183528,61.26895386,716309,100716783.18,4.3229,-4.0915,16570103.0,1040426597.6349847,2026-07-14
2022-06-30,sz.301031,中熔电气,63.500412,64.11752868,65.736342,62.60604,389200,56061345.99,2.3488,2.1152,16570163.0,1062437901.3847749,2026-07-14
2022-07-01,sz.301031,中熔电气,64.68992676,63.75977988,65.289156,63.053226,214379,30572886.98,1.2938,-0.558,16569717.0,1056481508.593894,2026-07-14
2022-07-04,sz.301031,中熔电气,63.947598,65.07897858,65.5574676,61.7563866,334800,48276944.0,2.0205,2.069,16570156.0,1078368827.3912585,2026-07-14
2022-07-05,sz.301031,中熔电气,65.1102816,63.42439038,68.6654103,61.935261,591000,85995973.0,3.5667,-2.5424,16569939.0,1050938279.7087868,2026-07-14
2022-07-06,sz.301031,中熔电气,63.42439038,63.15160692,65.52169272,61.71613986,399680,56971472.0,2.4121,-0.4301,16569794.0,1046409117.4333744,2026-07-14
2022-07-07,sz.301031,中熔电气,63.15607878,66.25954962,67.47142368,61.58198406,581049,84381277.32,3.5066,4.9214,16570153.0,1097930874.914492,2026-07-14
2022-07-08,sz.301031,中熔电气,65.0432037,63.29023458,66.33109938,62.93695764,297800,42925219.0,1.7972,-4.4813,16570220.0,1048733110.8422077,2026-07-14
2022-07-11,sz.301031,中熔电气,62.0246982,61.54620918,62.1141354,59.60542194,325911,44362342.16,1.9669,-2.7556,16569780.0,1019807145.9465804,2026-07-14
2022-07-12,sz.301031,中熔电气,61.54620918,59.14929222,61.88159868,58.84073388,293005,39453995.25,1.7683,-3.8945,16569869.0,980096023.5281192,2026-07-14
2022-07-13,sz.301031,中熔电气,59.32816662,60.37011,60.67866834,57.10118034,348400,45860140.2,2.1026,2.064,16569961.0,1000330368.26571,2026-07-14
2022-07-14,sz.301031,中熔电气,60.32091954,66.26849334,66.76039794,59.21189826,1005800,145320173.0,6.07,9.7704,16570016.0,1098069994.9396935,2026-07-14
2022-07-15,sz.301031,中熔电气,66.26849334,66.3176838,68.5536138,64.98954138,1187267,178828761.4,2.8909,0.0742,41069113.0,2723608449.8804693,2026-07-14
2022-07-18,sz.301031,中熔电气,66.3176838,64.89563232,67.301493,63.05769786,693667,100552301.0,1.689,-2.1443,41069686.0,2665243242.1538515,2026-07-14
2022-07-19,sz.301031,中熔电气,64.60496142,65.80789176,66.5859954,64.02809148,1163754,170430233.59,2.8336,1.4057,41069805.0,2702717282.0443068,2026-07-14
2022-07-20,sz.301031,中熔电气,65.72739828,62.35114398,66.17905614,61.62670266,947531,133343697.51,2.3071,-5.2528,41070218.0,2560775075.8079877,2026-07-14
2022-07-21,sz.301031,中熔电气,62.65523046,63.3886155,64.3053468,61.39416594,815685,115332960.33,1.9861,1.6639,41069684.0,2603350407.782502,2026-07-14
2022-07-22,sz.301031,中熔电气,63.63009594,61.76980218,63.63009594,60.37011,638700,87704805.68,1.5552,-2.5538,41068673.0,2536803807.005107,2026-07-14
2022-07-25,sz.301031,中熔电气,67.0779,69.090237,72.891318,66.630714,2463745,383533229.27,5.999,11.8512,41069262.0,2837485044.9950943,2026-07-14
2022-07-26,sz.301031,中熔电气,69.09470886,72.91814916,73.28484168,67.0779,1650751,262787844.03,4.0194,5.5405,41069588.0,2994718343.723746,2026-07-14
2022-07-27,sz.301031,中熔电气,72.70349988,74.52801876,74.680062,71.59895046,1385557,227797000.78,3.3737,2.2078,41069360.0,3060818032.5411935,2026-07-14
2022-07-28,sz.301031,中熔电气,74.7024213,72.891318,75.12277614,71.54976,806987,131758414.5,1.9649,-2.1961,41070131.0,2993655979.022658,2026-07-14
2022-07-29,sz.301031,中熔电气,72.4888506,72.891318,74.5011876,72.05508018,765100,125478948.4,1.8629,0.0,41070374.0,2993673691.6129317,2026-07-14
2022-08-01,sz.301031,中熔电气,72.88684614,77.55993984,77.65832076,72.444132,1159061,197733637.13,2.8222,6.4049,41069414.0,3185341279.1040535,2026-07-14
2022-08-02,sz.301031,中熔电气,76.02162,77.37212172,78.928329,75.13171986,1085343,187741689.12,2.6427,-0.2422,41069474.0,3177632341.304375,2026-07-14
2022-08-03,sz.301031,中熔电气,77.810364,74.52801876,78.704736,74.26865088,1303935,222282270.22,3.1749,-3.6759,41070112.0,3060874077.611301,2026-07-14
2022-08-04,sz.301031,中熔电气,74.46541272,72.8242401,76.12447278,71.88067764,1016626,166388075.36,2.4754,-2.2861,41069161.0,2990830441.369556,2026-07-14
2022-08-05,sz.301031,中熔电气,72.65430942,73.4726598,75.574434,72.65430942,566868,93528587.77,1.3803,0.8904,41068463.0,3017409210.5078874,2026-07-14
2022-08-08,sz.301031,中熔电气,73.4726598,78.60635508,78.65554554,70.878981,1077087,181240010.48,2.6226,6.9872,41069435.0,3228318590.5449796,2026-07-14
2022-08-09,sz.301031,中熔电气,78.60635508,81.2089776,82.06757472,76.26310044,620225,110168334.25,1.5102,3.311,41069064.0,3335176698.4289665,2026-07-14
2022-08-10,sz.301031,中熔电气,80.55608604,81.92000334,82.7517693,79.599108,381200,69509209.0,0.9282,0.8756,41068735.0,3364350908.3695745,2026-07-14
2022-08-11,sz.301031,中熔电气,82.2375054,78.25755,82.72941,76.85785782,1007926,176756256.1,2.4542,-4.4708,41069432.0,3213993128.2116,2026-07-14
2022-08-12,sz.301031,中熔电气,77.363178,77.60465844,79.37104314,76.915992,517410,90275331.05,1.2598,-0.8343,41070805.0,3187285793.880844,2026-07-14
2022-08-15,sz.301031,中熔电气,77.50627752,80.940666,81.15084342,75.127248,629125,110941960.0,1.5319,4.2987,41068281.0,3324094015.6151457,2026-07-14
2022-08-16,sz.301031,中熔电气,80.940666,84.84459978,85.636119,80.05076586,673069,126920866.52,1.6388,4.8232,41070845.0,3484639406.651414,2026-07-14
2022-08-17,sz.301031,中熔电气,84.96534,88.6322652,88.78430844,82.73388186,563596,108196375.14,1.3723,4.4642,41069445.0,3640077940.8568144,2026-07-14
2022-08-18,sz.301031,中熔电气,88.53835614,88.31029128,89.65632114,86.78985888,431000,85478808.37,1.0494,-0.3633,41071088.0,3626999744.4665127,2026-07-14
2022-08-19,sz.301031,中熔电气,88.319235,82.282224,88.319235,81.37890828,1250211,233625721.0,3.0441,-6.826,41069971.0,3379328553.495504,2026-07-14
2022-08-22,sz.301031,中熔电气,82.8188472,83.623782,85.31861694,81.39232386,922411,171050539.3,2.246,1.6304,41069056.0,3434349785.8897924,2026-07-14
2022-08-23,sz.301031,中熔电气,83.5790634,95.23720242,95.474211,82.28669586,1765687,358733652.39,4.2993,13.8877,41069174.0,3911313237.4602013,2026-07-14
2022-08-24,sz.301031,中熔电气,93.62733282,90.69379266,94.40543646,88.19849478,1564524,316754301.36,3.8094,-4.7706,41070090.0,3724802226.9875393,2026-07-14
2022-08-25,sz.301031,中熔电气,89.87097042,86.2845387,91.25277516,83.85184686,1461658,280086130.98,3.559,-4.8617,41069345.0,3543649488.0361514,2026-07-14
2022-08-26,sz.301031,中熔电气,85.85524014,87.5590188,89.7949488,82.73388186,851782,166035647.64,2.074,1.4771,41069527.0,3596007486.7001076,2026-07-14
2022-08-29,sz.301031,中熔电气,85.24706718,85.64506272,88.990014,82.78307232,773615,148528922.35,1.8837,-2.1859,41068907.0,3517349115.856847,2026-07-14
2022-08-30,sz.301031,中熔电气,85.31414508,84.4287168,87.9391269,83.27050506,654429,124829802.93,1.5935,-1.4202,41068654.0,3467373757.9231873,2026-07-14
2022-08-31,sz.301031,中熔电气,83.29733622,75.47605308,84.41082936,73.28484168,1360891,235448512.36,3.3136,-10.6038,41069864.0,3099791235.2523813,2026-07-14
2022-09-01,sz.301031,中熔电气,75.48946866,75.48052494,76.5582432,72.444132,885830,147813492.06,2.1569,0.0059,41069591.0,3099954287.751099,2026-07-14
2022-09-02,sz.301031,中熔电气,76.16471952,74.40727854,76.468806,73.20882006,610607,101417852.57,1.4868,-1.4219,41068536.0,3055797997.382017,2026-07-14
2022-09-05,sz.301031,中熔电气,74.30442576,75.25693194,76.66556784,73.2043482,513022,85977042.84,1.2492,1.1419,41068044.0,3090654992.2169256,2026-07-14
2022-09-06,sz.301031,中熔电气,75.25246008,78.1681128,78.92385714,73.39216632,682121,117894134.04,1.6609,3.8683,41069360.0,3210314365.103808,2026-07-14
2022-09-07,sz.301031,中熔电气,77.99818212,82.21961796,84.73727514,77.2066629,746392,136545263.25,1.8174,5.1831,41069220.0,3376695578.315191,2026-07-14
2022-09-08,sz.301031,中熔电气,82.05415914,80.30119002,84.37058262,80.19386538,500382,92072619.32,1.2184,-2.3333,41068779.0,3297871826.368386,2026-07-14
2022-09-09,sz.301031,中熔电气,82.07204658,79.599108,82.72941,78.25755,426501,75714842.25,1.0385,-0.8743,41068946.0,3269051468.100168,2026-07-14
2022-09-13,sz.301031,中熔电气,80.21622468,80.95408158,82.72941,78.70920786,369700,66421290.38,0.9002,1.7022,41068651.0,3324674923.4345484,2026-07-14
2022-09-14,sz.301031,中熔电气,79.08037224,76.468806,80.4040428,76.09764162,762340,131645462.72,1.8562,-5.5405,41069928.0,3140568356.665968,2026-07-14
2022-09-15,sz.301031,中熔电气,76.6253211,71.27697654,77.810364,67.525086,1118000,177214856.0,2.7222,-6.7895,41069723.0,2927325682.7752986,2026-07-14
2022-09-16,sz.301031,中熔电气,71.99247414,72.7124436,74.66664642,70.74929706,575517,93389958.59,1.4013,2.0139,41070221.0,2986316128.1020355,2026-07-14
2022-09-19,sz.301031,中熔电气,72.7124436,71.102574,74.76055548,70.66433172,323200,52363116.0,0.787,-2.214,41067344.0,2919993865.7434564,2026-07-14
2022-09-20,sz.301031,中熔电气,71.46926652,73.5173784,75.1048887,71.46926652,318400,52370401.0,0.7753,3.3962,41067974.0,3019209784.6793613,2026-07-14
2022-09-21,sz.301031,中熔电气,73.34744772,70.0740462,73.78569,69.761016,701982,111203012.88,1.7092,-4.6837,41070793.0,2877996646.1526365,2026-07-14
2022-09-22,sz.301031,中熔电气,70.0516869,70.17242712,71.33063886,67.91860968,496605,77794307.1,1.2092,0.1404,41068889.0,2881903620.2518697,2026-07-14
2022-09-23,sz.301031,中熔电气,70.64644428,68.5088952,70.878981,67.53850158,340605,52210603.4,0.8293,-2.3706,41071386.0,2813755279.192747,2026-07-14
2022-09-26,sz.301031,中熔电气,68.5088952,70.431795,72.39046968,66.68884818,491400,77666943.0,1.1965,2.8068,41069787.0,2892618818.6776648,2026-07-14
2022-09-27,sz.301031,中熔电气,72.220539,70.59278196,72.220539,69.5150637,374700,59200970.07,0.9124,0.2286,41067514.0,2899070061.4412475,2026-07-14
2022-09-28,sz.301031,中熔电气,70.5883101,69.7162974,72.73033104,69.31383,547200,86663279.5,1.3324,-1.2416,41068748.0,2863161049.4136553,2026-07-14
2022-09-29,sz.301031,中熔电气,69.7162974,72.47096316,74.31336948,68.11537152,466400,74993657.02,1.1356,3.9513,41070800.0,2976440433.751728,2026-07-14
2022-09-30,sz.301031,中熔电气,72.35916666,69.61344462,73.20882006,69.34960488,397769,62874368.0,0.9685,-3.943,41070625.0,2859067678.946287,2026-07-14
2022-10-10,sz.301031,中熔电气,70.08298992,67.91860968,70.98183378,67.59663576,317172,48554122.16,0.7723,-2.4346,41068497.0,2789315217.887251,2026-07-14
2022-10-11,sz.301031,中熔电气,66.76039794,69.11706816,70.5212322,66.76039794,213700,33106431.25,0.5203,1.7646,41072458.0,2838807879.0847373,2026-07-14
2022-10-12,sz.301031,中熔电气,69.1125963,75.574434,77.0277885,66.25507776,561193,88785374.94,1.3664,9.3427,41070916.0,3103911230.561544,2026-07-14
2022-10-13,sz.301031,中熔电气,74.77844292,75.87404862,80.046294,74.34914436,790949,137627760.4,1.9259,0.3964,41069059.0,3116075779.3436484,2026-07-14
2022-10-14,sz.301031,中熔电气,76.245213,76.70134272,77.80589214,74.3223132,581661,98777808.07,1.4163,1.0904,41069053.0,3150051509.3388443,2026-07-14
2022-10-17,sz.301031,中熔电气,76.245213,78.45431184,79.599108,75.5297154,469900,81998792.0,1.1442,2.2854,41067995.0,3221961286.373561,2026-07-14
2022-10-18,sz.301031,中熔电气,78.928329,79.3531557,79.59463614,76.85338596,435200,76429504.0,1.0597,1.1457,41068227.0,3258893411.453944,2026-07-14
2022-10-19,sz.301031,中熔电气,78.25755,84.95639628,87.1118328,77.33634684,1259358,235024719.69,3.0664,7.0611,41069593.0,3489124617.9663143,2026-07-14
2022-10-20,sz.301031,中熔电气,84.518154,81.78137568,84.84012792,80.49795186,540133,99054345.47,1.3152,-3.7372,41068507.0,3358638999.5837097,2026-07-14
2022-10-21,sz.301031,中熔电气,81.78137568,81.36102084,83.0871588,79.599108,262199,47704842.78,0.6384,-0.514,41071272.0,3341600617.117308,2026-07-14
2022-10-24,sz.301031,中熔电气,78.25755,78.24860628,80.49348,74.17921368,929593,160752277.94,2.2635,-3.8254,41068831.0,3213578787.2988586,2026-07-14
2022-10-25,sz.301031,中熔电气,76.915992,76.468806,78.24860628,74.23734786,511272,86814160.22,1.2449,-2.2745,41069323.0,3140522093.038338,2026-07-14
2022-10-26,sz.301031,中熔电气,77.33634684,77.62254588,79.56333312,75.14066358,421972,73567969.48,1.0275,1.5088,41067835.0,3187789906.47977,2026-07-14
2022-10-27,sz.301031,中熔电气,76.4240874,74.69347758,80.97644088,74.680062,355425,61464717.15,0.8654,-3.7735,41070603.0,3067706164.377581,2026-07-14
2022-10-28,sz.301031,中熔电气,73.338504,73.2937854,74.6129841,72.04613646,312799,51111364.48,0.7616,-1.8739,41071297.0,3010270828.417664,2026-07-14
2022-10-31,sz.301031,中熔电气,72.7795215,71.2367298,74.85446454,70.208202,346416,55623284.36,0.8435,-2.8066,41068880.0,2925612707.7486243,2026-07-14
2022-11-01,sz.301031,中熔电气,71.2367298,73.5173784,74.5459062,70.82531868,245860,40197283.6,0.5986,3.2015,41072503.0,3019542744.886135,2026-07-14
2022-11-02,sz.301031,中熔电气,73.4279412,78.70026414,78.70920786,71.54976,552262,93365611.56,1.3447,7.0499,41069532.0,3232183016.5061827,2026-07-14
2022-11-03,sz.301031,中熔电气,76.7371176,78.78970134,81.0301032,76.70581458,433528,76757651.38,1.0556,0.1136,41069344.0,3235841347.989721,2026-07-14
2022-11-04,sz.301031,中熔电气,79.92108192,77.810364,79.93002564,77.0054292,518300,90522013.0,1.262,-1.243,41069731.0,3195650718.4920845,2026-07-14
2022-11-07,sz.301031,中熔电气,77.810364,74.85446454,78.1681128,73.82146488,478624,80501859.27,1.1654,-3.7989,41069504.0,3074235730.843388,2026-07-14
2022-11-08,sz.301031,中熔电气,74.85446454,71.98353042,75.10936056,71.34405444,681566,110156375.0,1.6595,-3.8354,41070563.0,2956404121.0770264,2026-07-14
2022-11-09,sz.301031,中熔电气,71.94328368,73.55315328,74.0540016,70.73140962,423264,68816925.23,1.0306,2.1805,41069668.0,3020803585.5627112,2026-07-14
2022-11-10,sz.301031,中熔电气,72.891318,72.54251292,74.456469,71.76888114,290498,47598848.2,0.7073,-1.374,41071398.0,2979422420.0574617,2026-07-14
2022-11-11,sz.301031,中熔电气,74.680062,71.54528814,75.127248,71.326167,310000,50391862.0,0.7548,-1.3747,41070482.0,2938399468.738683,2026-07-14
2022-11-14,sz.301031,中熔电气,70.4988729,66.630714,72.23395458,66.5189175,579060,88200132.73,1.4099,-6.8692,41070998.0,2736589921.432572,2026-07-14
2022-11-15,sz.301031,中熔电气,66.0940908,69.19756164,69.31383,65.96440686,275300,41805245.24,0.6703,3.8523,41071162.0,2842024264.1214256,2026-07-14
2022-11-16,sz.301031,中熔电气,68.84875656,68.38368312,70.0293276,68.38368312,230600,35643410.0,0.5615,-1.1762,41068566.0,2808419803.536806,2026-07-14
2022-11-17,sz.301031,中熔电气,67.53850158,68.31660522,68.45970474,66.407121,271000,40768285.0,0.6599,-0.0981,41066828.0,2805546276.113642,2026-07-14
2022-11-18,sz.301031,中熔电气,68.23163988,68.70118518,71.0131368,66.67990446,392787,60647684.81,0.9564,0.5629,41069322.0,2821511095.939048,2026-07-14
2022-11-21,sz.301031,中熔电气,68.33896452,69.04999026,69.984609,67.25230254,287700,44383121.0,0.7005,0.5077,41070664.0,2835928949.171733,2026-07-14
2022-11-22,sz.301031,中熔电气,68.47312032,66.183528,69.43904208,64.43055888,551458,81692438.6,1.3427,-4.1513,41070827.0,2718212228.7376556,2026-07-14
2022-11-23,sz.301031,中熔电气,66.17905614,66.64860144,67.00187838,63.95206986,323100,47432327.0,0.7867,0.7027,41070294.0,2737277655.829623,2026-07-14
2022-11-24,sz.301031,中熔电气,67.525086,75.127248,78.16364094,67.525086,1576700,261144749.0,3.8391,12.7214,41069522.0,3085440164.5354557,2026-07-14
2022-11-25,sz.301031,中熔电气,74.232876,74.7694992,77.30504382,74.009283,785286,132593571.2,1.9121,-0.4762,41069296.0,3070730694.416563,2026-07-14
2022-11-28,sz.301031,中熔电气,74.01822672,74.7694992,78.70026414,73.87065534,744462,126343726.2,1.8127,0.0,41069234.0,3070726058.7076125,2026-07-14
2022-11-29,sz.301031,中熔电气,75.3955596,74.009283,75.76225212,71.8180716,580801,95390619.28,1.4142,-1.0167,41069226.0,3039503969.624958,2026-07-14
2022-11-30,sz.301031,中熔电气,73.96009254,73.9869237,77.09039454,72.891318,412907,69179617.24,1.0054,-0.0302,41068928.0,3038563642.376794,2026-07-14
2022-12-01,sz.301031,中熔电气,74.67559014,75.6191526,76.692399,74.67559014,329697,55898203.86,0.8028,2.2061,41068386.0,3105556547.9697037,2026-07-14
2022-12-02,sz.301031,中熔电气,75.00650778,77.5196931,78.02501328,74.84552082,423020,72996663.0,1.03,2.5133,41069903.0,3183726276.206769,2026-07-14
2022-12-05,sz.301031,中熔电气,77.6091303,74.31336948,77.6091303,73.8974865,459119,76895363.8,1.1179,-4.1361,41069774.0,3052033289.722098,2026-07-14
2022-12-06,sz.301031,中熔电气,74.17921368,73.8080493,75.9992607,72.444132,379106,62823038.24,0.9231,-0.68,41068790.0,3031207277.011347,2026-07-14
2022-12-07,sz.301031,中熔电气,73.81252116,73.07466426,74.1434388,72.16687668,262508,42788464.7,0.6392,-0.9936,41068210.0,3001045657.509175,2026-07-14
2022-12-08,sz.301031,中熔电气,73.0701924,74.903655,75.43133448,72.05508018,441240,72809301.82,1.0744,2.5029,41068503.0,3076180980.078465,2026-07-14
2022-12-09,sz.301031,中熔电气,74.67559014,74.37150366,75.350841,72.444132,628989,103581055.77,1.5315,-0.7104,41070127.0,3054447100.4971647,2026-07-14
2022-12-12,sz.301031,中熔电气,73.46818794,71.31722328,73.7409714,70.24844874,728056,116361560.32,1.7727,-4.1068,41070457.0,2929030952.080639,2026-07-14
2022-12-13,sz.301031,中熔电气,70.66433172,69.54189486,71.326167,69.32277372,227260,35578478.0,0.5534,-2.4893,41066137.0,2855816981.5603557,2026-07-14
2022-12-14,sz.301031,中熔电气,69.54189486,68.70118518,70.1187648,68.06618106,285220,43790427.0,0.6945,-1.2089,41068395.0,2821447409.940386,2026-07-14
2022-12-15,sz.301031,中熔电气,68.47312032,69.27358326,69.5597823,67.57874832,274440,42116358.2,0.6682,0.8332,41071535.0,2845172399.4385037,2026-07-14
2022-12-16,sz.301031,中熔电气,68.37921126,67.1226186,68.75931936,66.34451496,308566,46319879.36,0.7513,-3.105,41070944.0,2756789309.6539583,2026-07-14
2022-12-19,sz.301031,中熔电气,67.06001256,67.66818552,70.431795,67.06001256,343492,52486717.2,0.8364,0.8128,41067910.0,2778990952.798663,2026-07-14
2022-12-20,sz.301031,中熔电气,67.80234132,72.22501086,73.66494978,67.525086,654259,104387596.21,1.593,6.7341,41070873.0,2966344248.4546804,2026-07-14
2022-12-21,sz.301031,中熔电气,72.48437874,69.7162974,72.48437874,69.09470886,283736,44514274.37,0.6909,-3.4735,41067593.0,2863080527.0901585,2026-07-14
2022-12-22,sz.301031,中熔电气,69.72076926,70.40049198,71.32169514,68.23611174,408271,63949305.75,0.9941,0.9814,41069410.0,2891306669.328332,2026-07-14
2022-12-23,sz.301031,中熔电气,69.98908086,67.96780014,70.81637496,67.301493,238017,36322679.73,0.5795,-3.4555,41072821.0,2791629288.913995,2026-07-14
2022-12-26,sz.301031,中熔电气,67.972272,70.7001066,71.54528814,67.972272,328685,51761272.5,0.8003,4.02,41070224.0,2903669214.885878,2026-07-14
2022-12-27,sz.301031,中熔电气,70.41837942,72.72585918,73.67836536,70.35577338,408500,66202816.0,0.9947,2.8653,41067659.0,2986680785.2862597,2026-07-14
2022-12-28,sz.301031,中熔电气,72.58723152,73.6068156,74.53696248,72.1981797,286300,47041899.0,0.6971,1.2113,41070148.0,3023042810.500709,2026-07-14
2022-12-29,sz.301031,中熔电气,73.338504,74.2552353,75.38661588,72.444132,230853,38434943.74,0.5621,0.8809,41069738.0,3049643058.899351,2026-07-14
2022-12-30,sz.301031,中熔电气,73.114911,72.88684614,75.127248,72.667725,175900,28883867.0,0.4283,-1.8428,41069344.0,2993414957.1987324,2026-07-14
2023-01-03,sz.301031,中熔电气,72.88684614,76.43303112,77.26032522,72.12215808,427210,72040022.4,1.0402,4.8653,41069987.0,3139103594.468995,2026-07-14
2023-01-04,sz.301031,中熔电气,76.02162,76.02162,77.80142028,74.680062,361998,61707388.04,0.8814,-0.5383,41070796.0,3122268446.60952,2026-07-14
2023-01-05,sz.301031,中熔电气,75.9769014,77.586771,77.80589214,74.26865088,292892,50123543.75,0.7132,2.0588,41067302.0,3186279355.861842,2026-07-14
2023-01-06,sz.301031,中熔电气,76.10211348,80.70365742,82.24197726,76.10211348,383340,68734248.6,0.9334,4.0173,41069209.0,3314435373.646381,2026-07-14
2023-01-09,sz.301031,中熔电气,80.8735881,80.49348,82.17937122,79.29054966,247723,44686433.13,0.6032,-0.2604,41068137.0,3305717264.2467604,2026-07-14
2023-01-10,sz.301031,中熔电气,79.60357986,79.3307964,81.1418997,79.151922,251300,44867060.0,0.6119,-1.4444,41068802.0,3258020769.853913,2026-07-14
2023-01-11,sz.301031,中熔电气,79.3307964,79.75115124,81.05693436,78.704736,240600,42989580.0,0.5858,0.5299,41072038.0,3275542314.273027,2026-07-14
2023-01-12,sz.301031,中熔电气,79.68407334,80.1357312,80.38615536,77.00095734,394965,69480809.6,0.9617,0.4822,41069460.0,3291131207.089152,2026-07-14
2023-01-13,sz.301031,中熔电气,79.5543894,77.17535988,80.49348,76.692399,352185,61273948.95,0.8575,-3.6942,41071137.0,3169679778.6557837,2026-07-14
2023-01-16,sz.301031,中熔电气,78.033957,76.88916084,78.704736,75.574434,563183,97093900.32,1.3713,-0.3708,41069277.0,3157782244.8355126,2026-07-14
2023-01-17,sz.301031,中熔电气,76.56718692,76.4240874,77.75222982,75.53865912,325242,55692257.96,0.7919,-0.6049,41071095.0,3138820953.893703,2026-07-14
2023-01-18,sz.301031,中熔电气,77.80589214,74.84104896,77.80589214,74.72030874,408733,69123318.44,0.9952,-2.0714,41070438.0,3073754661.166644,2026-07-14
2023-01-19,sz.301031,中熔电气,74.58615294,74.08530462,75.127248,72.5559285,383100,63218011.0,0.9328,-1.0098,41069897.0,3042675829.957024,2026-07-14
2023-01-20,sz.301031,中熔电气,75.127248,74.37597552,75.99478884,74.19262926,299934,50270713.66,0.7303,0.3923,41069971.0,3054619157.7031097,2026-07-14
2023-01-30,sz.301031,中熔电气,75.57890586,76.65215226,77.75670168,75.51629982,333801,57323261.08,0.8128,3.0604,41068036.0,3147953348.4911613,2026-07-14
2023-01-31,sz.301031,中熔电气,80.49348,82.94853114,84.64783794,79.151922,1405651,260822082.0,3.4226,8.2142,41069684.0,3406669962.18396,2026-07-14
2023-02-01,sz.301031,中熔电气,82.72941,81.835038,83.94575592,80.89147554,883989,162304872.95,2.1524,-1.3424,41069922.0,3360958627.5270357,2026-07-14
2023-02-02,sz.301031,中熔电气,81.387852,80.93619414,83.400189,80.717073,674963,123532936.77,1.6435,-1.0984,41068634.0,3323938934.4886045,2026-07-14
2023-02-03,sz.301031,中熔电气,80.93619414,80.9853846,81.48176106,79.63488288,508300,91734767.0,1.2377,0.0608,41068110.0,3325916683.1451063,2026-07-14
2023-02-06,sz.301031,中熔电气,80.3369649,79.61252358,81.37890828,79.0624848,327650,58549309.09,0.7978,-1.6952,41069190.0,3269621857.2865005,2026-07-14
2023-02-07,sz.301031,中熔电气,80.269887,79.59016428,81.387852,79.13403456,464428,83155557.96,1.1308,-0.0281,41070746.0,3268827421.2421527,2026-07-14
2023-02-08,sz.301031,中熔电气,79.55886126,81.15531528,81.78137568,78.704736,512459,92407661.58,1.2478,1.9665,41069001.0,3332967724.389635,2026-07-14
2023-02-09,sz.301031,中熔电气,81.15531528,82.72941,83.87420616,80.26094328,707234,130298943.2,1.722,1.9396,41070499.0,3397738150.67559,2026-07-14
2023-02-10,sz.301031,中熔电气,84.96534,81.48176106,85.18446114,79.76456682,709700,129042981.36,1.728,-1.5081,41070602.0,3346504978.754358,2026-07-14
2023-02-13,sz.301031,中熔电气,80.49348,82.59972606,83.12293368,79.599108,790953,144423528.15,1.9259,1.372,41069266.0,3392310121.085272,2026-07-14
2023-02-14,sz.301031,中熔电气,82.72493814,86.8435212,87.20127,82.09440588,892373,169766840.04,2.1728,5.1378,41070186.0,3566679568.5789433,2026-07-14
2023-02-15,sz.301031,中熔电气,86.74514028,90.331572,92.120316,85.19340486,771425,155141841.92,1.8783,4.0165,41070383.0,3709952259.032076,2026-07-14
2023-02-16,sz.301031,中熔电气,90.76981428,83.14082112,90.76981428,82.72941,746509,143247405.46,1.8177,-7.9604,41068878.0,3414500239.3971033,2026-07-14
2023-02-17,sz.301031,中熔电气,83.14082112,81.61591686,83.176596,80.75284788,311320,56923854.97,0.758,-1.8341,41071240.0,3352066909.1771064,2026-07-14
2023-02-20,sz.301031,中熔电气,81.6785229,81.01668762,82.25539284,79.822701,282290,51203345.52,0.6873,-0.7342,41072312.0,3327542671.1351776,2026-07-14
2023-02-21,sz.301031,中熔电气,81.16873086,81.01221576,81.835038,77.363178,710026,125112353.56,1.7288,-0.0055,41070453.0,3327208399.7969394,2026-07-14
2023-02-22,sz.301031,中熔电气,80.27883072,85.188933,85.67636574,79.76903868,522800,98388377.0,1.273,5.1557,41068342.0,3498568235.0590863,2026-07-14
2023-02-23,sz.301031,中熔电气,84.8982621,85.98045222,87.648456,84.070968,518710,99936255.0,1.263,0.9291,41069675.0,3531189229.0284286,2026-07-14
2023-02-24,sz.301031,中熔电气,85.41699786,83.15870856,87.19232628,82.81437534,213010,40231284.7,0.5187,-3.2818,41066127.0,3415006086.8809466,2026-07-14
2023-02-27,sz.301031,中熔电气,82.71152256,81.51753594,84.71491584,81.05693436,282500,52124775.0,0.6879,-1.9735,41067016.0,3347681952.728555,2026-07-14
2023-02-28,sz.301031,中熔电气,81.5220078,81.1195404,81.83056614,79.60805172,288247,52019703.56,0.7018,-0.4882,41072528.0,3331784594.4261312,2026-07-14
2023-03-01,sz.301031,中熔电气,81.12401226,79.29949338,81.55778268,78.481143,488640,86635941.19,1.1898,-2.2437,41069087.0,3256757792.679144,2026-07-14
2023-03-02,sz.301031,中熔电气,79.151922,75.31506612,80.0015754,71.41113234,1364822,227534618.26,3.3232,-5.0245,41069511.0,3093152936.481067,2026-07-14
2023-03-03,sz.301031,中熔电气,73.48160352,74.75161176,75.90535164,72.9136773,390332,65261903.52,0.9504,-0.7481,41070286.0,3070070073.9441633,2026-07-14
2023-03-06,sz.301031,中熔电气,74.81868966,75.98137326,76.15130394,72.92709288,455892,76249729.16,1.11,1.6451,41071351.0,3120657650.623474,2026-07-14
2023-03-07,sz.301031,中熔电气,75.4849968,73.8304086,75.72647724,73.45477236,317666,52554829.41,0.7735,-2.8309,41068649.0,3032115136.319981,2026-07-14
2023-03-08,sz.301031,中熔电气,73.8304086,73.04336124,74.0763609,72.47543502,236010,38534520.2,0.5747,-1.066,41066643.0,2999645639.563117,2026-07-14
2023-03-09,sz.301031,中熔电气,72.88684614,73.06124868,73.7633307,72.43966014,244677,39971816.42,0.5958,0.0245,41066969.0,3000404034.6428514,2026-07-14
2023-03-10,sz.301031,中熔电气,72.49332246,70.64644428,73.562097,69.70735368,538259,85171118.6,1.3106,-3.3052,41069663.0,2901425658.7278776,2026-07-14
2023-03-13,sz.301031,中熔电气,70.65091614,70.44968244,72.04613646,69.5821416,493608,78008268.28,1.2019,-0.2785,41068974.0,2893296176.436617,2026-07-14
2023-03-14,sz.301031,中熔电气,70.0964055,69.3585486,70.56147894,68.43287358,467444,72544121.76,1.1382,-1.5488,41068705.0,2848465771.6815634,2026-07-14
2023-03-15,sz.301031,中熔电气,70.07851806,70.29316734,71.1920112,68.76826308,504326,79293830.64,1.228,1.3475,41068893.0,2886862568.1175547,2026-07-14
2023-03-16,sz.301031,中熔电气,69.98013714,66.86772258,69.98013714,66.73356678,715638,108973238.84,1.7425,-4.8731,41069613.0,2746231488.551962,2026-07-14
2023-03-17,sz.301031,中熔电气,67.60110762,65.289156,67.972272,64.8866886,639333,94412989.82,1.5567,-2.3607,41069763.0,2681410163.390028,2026-07-14
2023-03-20,sz.301031,中熔电气,65.289156,63.8581608,66.2282466,61.7563866,1130123,160470167.17,2.7517,-2.1918,41069993.0,2622654217.0488744,2026-07-14
2023-03-21,sz.301031,中熔电气,63.75977988,64.83302628,65.5798269,63.15160692,626506,90337404.94,1.5255,1.5266,41068895.0,2662620748.8255606,2026-07-14
2023-03-22,sz.301031,中熔电气,65.42778366,63.71953314,66.28190892,63.500412,500952,72473222.54,1.2198,-1.7175,41068372.0,2616857490.659848,2026-07-14
2023-03-23,sz.301031,中熔电气,63.69717384,61.264482,64.5289398,60.5042658,1430390,198079185.94,3.4828,-3.8529,41070116.0,2516139382.419912,2026-07-14
2023-03-24,sz.301031,中熔电气,61.7340273,59.24320128,61.84135194,57.42315426,1952228,258865684.15,4.7535,-3.2993,41069275.0,2433075325.248672,2026-07-14
2023-03-27,sz.301031,中熔电气,59.52940032,57.8211498,60.51320952,57.24875172,1615400,210974520.24,3.9333,-2.4004,41069840.0,2374705370.902032,2026-07-14
2023-03-28,sz.301031,中熔电气,57.98213676,56.51983854,58.4472102,56.43040134,838977,107329144.98,2.0428,-2.2506,41069953.0,2321267112.405389,2026-07-14
2023-03-29,sz.301031,中熔电气,56.7479034,57.0609336,58.7825997,56.18444904,934015,120333839.08,2.2742,0.9574,41070047.0,2343495224.8158793,2026-07-14
2023-03-30,sz.301031,中熔电气,57.686994,60.146517,60.23148234,56.43040134,1271398,168218452.03,3.0957,5.4075,41069807.0,2470205844.912219,2026-07-14
2023-03-31,sz.301031,中熔电气,59.82007122,59.61436566,61.29131316,59.17612338,1105573,148702549.4,2.6919,-0.8848,41070359.0,2448383399.213472,2026-07-14
2023-04-03,sz.301031,中熔电气,59.52492846,59.6098938,59.922924,58.6037253,725839,96094609.72,1.7673,-0.0075,41070503.0,2448208322.1425815,2026-07-14
2023-04-04,sz.301031,中熔电气,59.0732706,57.40079496,59.73957774,56.345436,1180240,151554827.53,2.8738,-3.7059,41068968.0,2357391411.3868012,2026-07-14
2023-04-06,sz.301031,中熔电气,57.9776649,57.3292452,57.9776649,56.46170436,614463,78472818.32,1.4962,-0.1246,41068240.0,2354411200.892448,2026-07-14
2023-04-07,sz.301031,中熔电气,57.23533614,58.23256092,58.7155218,56.80156572,557913,72348310.23,1.3585,1.5757,41068311.0,2391512922.189006,2026-07-14
2023-04-10,sz.301031,中熔电气,58.57689414,60.91120506,61.28236944,58.13418,1376942,184432758.04,3.3527,4.5999,41069645.0,2501601568.336404,2026-07-14
2023-04-11,sz.301031,中熔电气,60.9067332,61.47913128,62.30642538,60.65630904,1158249,158409510.32,2.8202,0.9324,41069747.0,2524932367.449386,2026-07-14
2023-04-12,sz.301031,中熔电气,61.02747342,60.817296,61.33603176,60.2806728,664692,90293959.02,1.6185,-1.0765,41068397.0,2497668856.594512,2026-07-14
2023-04-13,sz.301031,中熔电气,61.264482,60.82176786,62.2930098,60.64289346,612869,84006346.86,1.4923,0.0074,41068753.0,2497874161.2656784,2026-07-14
2023-04-14,sz.301031,中熔电气,60.82176786,62.3153691,62.99509182,60.62947788,612775,85248310.55,1.492,2.4557,41070710.0,2559336452.849061,2026-07-14
2023-04-17,sz.301031,中熔电气,62.3153691,61.81004892,64.05045078,61.35839106,646313,89918983.6,1.5737,-0.8109,41069645.0,2538516766.5770335,2026-07-14
2023-04-18,sz.301031,中熔电气,61.6669494,61.8234645,62.55237768,60.66972462,454000,62615518.0,1.1054,0.0217,41071105.0,2539158001.9432726,2026-07-14
2023-04-19,sz.301031,中熔电气,61.711668,62.55237768,62.5613214,60.69208392,554601,76628654.97,1.3504,1.179,41069387.0,2568987806.710082,2026-07-14
2023-04-20,sz.301031,中熔电气,61.7563866,60.6160623,62.17226958,59.89162098,511191,69438992.39,1.2447,-3.0955,41069414.0,2489466157.6484923,2026-07-14
2023-04-21,sz.301031,中熔电气,60.06155166,59.16717966,62.01575448,58.68421878,520406,70189532.1,1.2671,-2.3903,41070634.0,2430033580.6281047,2026-07-14
2023-04-24,sz.301031,中熔电气,58.86756504,59.07774246,60.2806728,57.686994,503900,66282315.45,1.2269,-0.1512,41070992.0,2426381487.9527206,2026-07-14
2023-04-25,sz.301031,中熔电气,59.39524452,57.32030148,61.040889,56.69424108,516619,67693167.21,1.2579,-2.9748,41069958.0,2354142374.330938,2026-07-14
2023-04-26,sz.301031,中熔电气,56.792622,59.7440496,62.4271656,56.792622,1803782,243864957.82,4.9679,4.2284,36308742.0,2169231282.961603,2026-07-14
2023-04-27,sz.301031,中熔电气,60.1912356,59.42207568,60.29856024,58.34882928,649560,86266436.8,1.789,-0.5389,36308552.0,2157529524.775215,2026-07-14
2023-04-28,sz.301031,中熔电气,59.41760382,58.2236172,60.56687184,57.7317126,541200,70774867.0,1.4905,-2.0169,36309963.0,2114097386.2581637,2026-07-14
2023-05-04,sz.301031,中熔电气,57.9553056,57.10118034,59.77088076,56.34990786,580200,74792513.0,1.598,-1.9278,36307885.0,2073223089.1489809,2026-07-14
2023-05-05,sz.301031,中熔电气,57.239808,53.7964758,57.239808,52.29393084,1442498,173359122.13,3.9728,-5.7875,36309354.0,1953315283.7746334,2026-07-14
2023-05-08,sz.301031,中熔电气,54.79370058,56.3007174,57.14142708,54.76686942,1154781,145049019.53,3.1804,4.655,36309301.0,2044239694.5925376,2026-07-14
2023-05-09,sz.301031,中熔电气,56.30518926,55.00834986,58.30411068,54.8920815,834575,105497326.75,2.2985,-2.2955,36309550.0,1997328429.659163,2026-07-14
2023-05-10,sz.301031,中熔电气,55.96085604,57.5975568,58.1788986,53.96640648,781495,97919601.7,2.1524,4.7069,36308075.0,2091256412.11116,2026-07-14
2023-05-11,sz.301031,中熔电气,57.60202866,56.30518926,58.06263024,56.2112802,396881,50523002.9,1.0931,-2.2438,36307840.0,2044319802.8217983,2026-07-14
2023-05-12,sz.301031,中熔电气,56.8820592,56.94019338,57.9553056,55.9429686,465436,59269988.14,1.2819,1.1278,36308292.0,2067401167.7775068,2026-07-14
2023-05-15,sz.301031,中熔电气,56.94019338,58.80943086,60.1241577,55.64335398,700036,91836008.76,1.928,3.2828,36308921.0,2135306979.150702,2026-07-14
2023-05-16,sz.301031,中熔电气,58.80943086,58.81390272,60.09285468,57.82562166,444800,58462629.0,1.225,0.0076,36310204.0,2135544805.799355,2026-07-14
2023-05-17,sz.301031,中熔电气,58.357773,57.8882277,59.28344802,57.463401,302069,39222680.62,0.8319,-1.5739,36310734.0,2101964037.746132,2026-07-14
2023-05-18,sz.301031,中熔电气,58.34882928,57.3739638,58.57689414,56.88653106,304667,39087577.0,0.8391,-0.8884,36308783.0,2083178801.4640553,2026-07-14
2023-05-19,sz.301031,中熔电气,57.00279942,56.81945316,58.05368652,56.2336395,296800,37855324.0,0.8174,-0.9665,36310252.0,2063128662.7417965,2026-07-14
2023-05-22,sz.301031,中熔电气,56.98938384,56.9267778,58.06263024,56.345436,662244,84800403.2,1.8239,0.1889,36309227.0,2066967297.5187607,2026-07-14
2023-05-23,sz.301031,中熔电气,56.792622,58.8496776,60.4595472,56.56008528,686180,90029190.56,1.8898,3.3778,36309662.0,2136811902.4649713,2026-07-14
2023-05-24,sz.301031,中熔电气,58.85414946,57.8658684,59.40418824,57.239808,466111,60520339.62,1.2837,-1.6717,36309963.0,2101107540.566869,2026-07-14
2023-05-25,sz.301031,中熔电气,57.66016284,59.252145,60.0570798,57.43209798,488300,64410849.19,1.3448,2.3957,36310232.0,2151459131.44764,2026-07-14
2023-05-26,sz.301031,中熔电气,58.58583786,57.9553056,59.2074264,57.0609336,374981,48451298.09,1.0328,-2.1887,36307223.0,2104196204.452349,2026-07-14
2023-05-29,sz.301031,中熔电气,58.1118207,56.78815014,58.68421878,56.569029,584141,74709513.41,1.6088,-2.0139,36309112.0,2061927303.7060757,2026-07-14
2023-05-30,sz.301031,中熔电气,56.78815014,56.53772598,57.61544424,56.345436,554200,70622847.0,1.5263,-0.441,36310031.0,2052886583.0033052,2026-07-14
2023-05-31,sz.301031,中熔电气,56.69871294,55.3616268,56.69871294,55.24088658,476200,59348226.0,1.3115,-2.0802,36309569.0,2010156808.2468493,2026-07-14
2023-06-01,sz.301031,中熔电气,55.14697752,53.63548884,55.84011582,53.55946722,629100,76489130.0,1.7326,-3.1179,36309593.0,1947482770.1364422,2026-07-14
2023-06-02,sz.301031,中熔电气,54.2436618,55.39292982,56.2112802,52.84844148,701704,86437565.64,1.9326,3.2766,36308807.0,2011251197.9989247,2026-07-14
2023-06-05,sz.301031,中熔电气,55.3616268,54.39123318,55.84458768,53.72492604,427924,52345754.88,1.1786,-1.8083,36307823.0,1974827267.0511672,2026-07-14
2023-06-06,sz.301031,中熔电气,54.31968342,53.30009934,54.32415528,53.09886564,412200,49425791.0,1.1353,-2.0061,36307584.0,1935197833.9953947,2026-07-14
2023-06-07,sz.301031,中熔电气,53.1033375,51.77966694,53.25090888,51.5829051,375400,43744072.0,1.0339,-2.8526,36309121.0,1880074192.2641597,2026-07-14
2023-06-08,sz.301031,中熔电气,51.7394202,50.33525616,52.25815596,50.2189878,475786,54294352.16,1.3104,-2.7895,36308455.0,1827595383.1988328,2026-07-14
2023-06-09,sz.301031,中熔电气,50.33525616,49.7718018,50.79585774,48.80588004,607135,67270289.66,1.6721,-1.1194,36309730.0,1807200684.971514,2026-07-14
2023-06-12,sz.301031,中熔电气,49.71813948,50.7332517,51.09547236,49.71813948,578500,65521913.0,1.5933,1.9317,36308291.0,1842037666.0998447,2026-07-14
2023-06-13,sz.301031,中熔电气,51.19832514,49.7718018,51.873576,49.38274998,674500,75354166.0,1.8577,-1.8951,36308338.0,1807131402.6234083,2026-07-14
2023-06-14,sz.301031,中熔电气,49.84335156,49.8165204,50.23240338,48.82376748,549298,61009296.24,1.5128,0.0898,36310021.0,1808838901.8709285,2026-07-14
2023-06-15,sz.301031,中熔电气,49.7047239,50.99709144,51.3145935,49.1010228,1162880,131491946.8,3.2027,2.3698,36309364.0,1851671956.0362442,2026-07-14
2023-06-16,sz.301031,中熔电气,51.18490956,53.7070386,54.07820298,50.97026028,1565232,185818068.29,4.3109,5.3139,36308706.0,1950033074.6580515,2026-07-14
2023-06-19,sz.301031,中熔电气,53.12122494,52.0077318,53.65784814,51.5605458,830371,97112527.66,2.287,-3.164,36308308.0,1888312744.5757945,2026-07-14
2023-06-20,sz.301031,中熔电气,53.3492898,52.4996364,53.55946722,51.9853725,953686,112556678.2,2.6266,0.9458,36308764.0,1906196908.1334095,2026-07-14
2023-06-21,sz.301031,中熔电气,52.42808664,52.0300911,53.3492898,51.73047648,716781,84098149.96,1.9741,-0.8944,36309255.0,1889173845.4231305,2026-07-14
2023-06-26,sz.301031,中熔电气,51.86910414,51.4711086,52.03903482,50.308425,524216,60066431.3,1.4438,-1.0743,36308076.0,1868816922.8530536,2026-07-14
2023-06-27,sz.301031,中熔电气,50.6661738,51.22962816,52.72770126,50.6661738,562584,65062572.6,1.5494,-0.4692,36309797.0,1860137398.8750834,2026-07-14
2023-06-28,sz.301031,中熔电气,51.42639,51.45769302,51.75730764,50.4649401,345299,39492758.46,0.951,0.4452,36309043.0,1868379588.54398,2026-07-14
2023-06-29,sz.301031,中熔电气,53.05414704,57.3516045,60.34327884,53.05414704,1793514,227752860.49,4.9396,11.4539,36308891.0,2082373156.4656096,2026-07-14
2023-06-30,sz.301031,中熔电气,55.37951424,60.68761206,61.88159868,55.3616268,2475142,329913191.72,6.7809,5.8168,36501674.0,2215199431.2525883,2026-07-14
2023-07-03,sz.301031,中熔电气,60.96933924,63.5451306,65.7810606,60.76363368,2403130,341942652.3,6.6186,4.7086,36308736.0,2307243371.0409217,2026-07-14
2023-07-04,sz.301031,中熔电气,64.1264724,61.935261,64.34559354,60.82176786,1879400,260524896.28,5.1761,-2.5334,36309190.0,2248819159.34859,2026-07-14
2023-07-05,sz.301031,中熔电气,61.935261,59.58306264,62.382447,59.03302386,1171158,157462532.01,3.2255,-3.7978,36309347.0,2163422096.7184963,2026-07-14
2023-07-06,sz.301031,中熔电气,59.58306264,62.6283993,63.2991783,58.63502832,1777793,245561960.2,4.8963,5.1111,36308907.0,2273968725.742565,2026-07-14
2023-07-07,sz.301031,中熔电气,62.60604,60.31644768,62.60604,59.475738,739400,100467433.0,2.0364,-3.6915,36309173.0,2190040333.558569,2026-07-14
2023-07-10,sz.301031,中熔电气,60.31642752,61.10249952,62.19850848,59.13956544,647830,88254843.87,1.7842,1.3032,36309270.0,2218587152.7465506,2026-07-14
2023-07-11,sz.301031,中熔电气,61.089024,63.01153152,63.72124224,60.51406848,1029630,143684771.89,2.8358,3.1243,36308273.0,2287839888.576265,2026-07-14
2023-07-12,sz.301031,中熔电气,62.88126816,62.14909824,63.03399072,61.38548544,756600,104644853.0,2.0838,-1.3687,36308667.0,2256550912.346446,2026-07-14
2023-07-13,sz.301031,中熔电气,62.2569024,61.74932448,62.5264128,60.9093504,528849,72555274.41,1.4565,-0.6432,36309578.0,2242091913.653869,2026-07-14
2023-07-14,sz.301031,中熔电气,61.74932448,61.43040384,63.23163168,60.63984,740666,102042187.93,2.0399,-0.5165,36308937.0,2230472662.911118,2026-07-14
2023-07-17,sz.301031,中熔电气,61.7628,60.3254112,61.8301776,59.966064,352291,47487929.54,0.9703,-1.7988,36307431.0,2190260704.690627,2026-07-14
2023-07-18,sz.301031,中熔电气,60.31642752,60.6622992,61.31810784,59.6067168,415878,55832775.72,1.1454,0.5585,36308539.0,2202559456.3328686,2026-07-14
2023-07-19,sz.301031,中熔电气,60.6622992,59.741472,60.82849728,59.51688,309920,41262298.0,0.8536,-1.518,36307404.0,2169057759.4586883,2026-07-14
2023-07-20,sz.301031,中熔电气,59.741472,59.741472,60.93630144,59.51688,463475,61725583.64,1.2765,0.0,36308265.0,2169109196.8660803,2026-07-14
2023-07-21,sz.301031,中熔电气,59.292288,59.3821248,60.82400544,58.84759584,517680,69093894.4,1.4258,-0.6015,36308038.0,2156048443.7591424,2026-07-14
2023-07-24,sz.301031,中熔电气,59.292288,57.8773584,59.40009216,57.60335616,509403,66010664.57,1.403,-2.534,36308125.0,2101418363.457,2026-07-14
2023-07-25,sz.301031,中熔电气,58.38942816,57.45961728,58.82962848,56.6645616,525930,67504108.5,1.4485,-0.7218,36308595.0,2086277972.6745217,2026-07-14
2023-07-26,sz.301031,中熔电气,57.495552,56.4175104,57.944736,56.02222848,493051,62313824.43,1.3579,-1.8136,36309817.0,2048509478.2195966,2026-07-14
2023-07-27,sz.301031,中熔电气,57.5404704,56.4399696,58.71733248,56.0132448,756159,96786152.35,2.0826,0.0398,36308413.0,2049245725.9442446,2026-07-14
2023-07-28,sz.301031,中熔电气,56.43547776,56.60167584,57.16764768,55.7886528,422147,53226194.77,1.1627,0.2865,36307474.0,2055063873.9172282,2026-07-14
2023-07-31,sz.301031,中熔电气,56.56574112,59.62019232,61.38548544,56.5522656,823456,109329000.84,2.2679,5.3329,36309185.0,2164760592.6824594,2026-07-14
2023-08-01,sz.301031,中熔电气,59.62468416,57.720144,60.50957664,57.495552,379794,49341410.0,1.046,-3.1869,36309178.0,2095770982.6816318,2026-07-14
2023-08-02,sz.301031,中熔电气,57.50453568,58.20526272,58.44333024,57.32037024,316122,40873269.14,0.8706,0.8405,36310820.0,2113480817.6786304,2026-07-14
2023-08-03,sz.301031,中熔电气,57.93126048,59.29677984,59.44051872,57.36978048,383116,50167193.8,1.0552,1.8753,36307430.0,2152913683.266211,2026-07-14
2023-08-04,sz.301031,中熔电气,59.10812256,60.190656,60.63984,59.00481024,380200,50604708.0,1.0471,1.5075,36309808.0,2185511162.754048,2026-07-14
2023-08-07,sz.301031,中熔电气,59.966064,59.5617984,60.92282592,58.6634304,416100,55103902.0,1.146,-1.0448,36308901.0,2162623441.4875584,2026-07-14
2023-08-08,sz.301031,中熔电气,59.72350464,58.60054464,59.89419456,58.39392,294900,38659198.0,0.8122,-1.6139,36308791.0,2127714927.8199303,2026-07-14
2023-08-09,sz.301031,中熔电气,58.618512,58.00312992,58.83412032,57.495552,233700,30136425.0,0.6436,-1.0195,36311374.0,2106173343.69571,2026-07-14
2023-08-10,sz.301031,中熔电气,57.50453568,59.49891264,60.61288896,57.50453568,567897,75382504.0,1.5641,2.5788,36308228.0,2160300085.885202,2026-07-14
2023-08-11,sz.301031,中熔电气,59.37314112,58.169328,60.38829696,58.0794912,293900,38511913.0,0.8094,-2.2346,36310848.0,2112177627.270144,2026-07-14
2023-08-14,sz.301031,中熔电气,57.944736,57.8773584,58.25467296,56.94754752,201200,25755579.16,0.5541,-0.5019,36311135.0,2101592574.305784,2026-07-14
2023-08-15,sz.301031,中熔电气,58.0345728,56.72295552,58.20077088,56.1030816,251733,31808442.21,0.6933,-1.9946,36309390.0,2059575913.9283328,2026-07-14
2023-08-16,sz.301031,中熔电气,56.19741024,56.88466176,56.9565312,55.97281824,212600,26728551.0,0.5855,0.2851,36310845.0,2065530136.0447872,2026-07-14
2023-08-17,sz.301031,中熔电气,56.88466176,57.36528864,58.0794912,56.13452448,159200,20279188.0,0.4385,0.8449,36305587.0,2082680477.499632,2026-07-14
2023-08-18,sz.301031,中熔电气,57.0688272,57.383256,58.51969152,56.83525152,358974,46245529.78,0.9887,0.0313,36307677.0,2083452724.056312,2026-07-14
2023-08-21,sz.301031,中熔电气,57.05535168,56.597184,57.96270336,56.15249184,320500,40607254.94,0.8827,-1.3699,36309052.0,2054990096.9095678,2026-07-14
2023-08-22,sz.301031,中熔电气,56.7543984,56.94305568,57.8548992,55.92789984,226200,28504111.0,0.623,0.6111,36308186.0,2067499057.0377965,2026-07-14
2023-08-23,sz.301031,中熔电气,56.93856384,56.4624288,58.99582656,56.148,512300,65232473.57,1.4109,-0.844,36310157.0,2050159654.3293216,2026-07-14
2023-08-24,sz.301031,中熔电气,56.26478784,55.46973216,56.59269216,54.51746208,508900,62878079.0,1.4016,-1.7582,36308505.0,2014023047.4800208,2026-07-14
2023-08-25,sz.301031,中熔电气,54.800448,55.698816,56.36810016,53.116008,789043,96332671.2,2.1617,0.413,36501041.0,2033064766.467456,2026-07-14
2023-08-28,sz.301031,中熔电气,58.38493632,54.83638272,58.79369376,53.7673248,956700,117361476.0,2.621,-1.5484,36501335.0,2001601175.8509314,2026-07-14
2023-08-29,sz.301031,中熔电气,55.2271728,56.38606752,56.96551488,53.90208,672105,83315664.95,1.8413,2.826,36501656.0,2058184839.807813,2026-07-14
2023-08-30,sz.301031,中熔电气,56.38606752,58.7532672,59.14405728,56.09409792,693489,89882156.96,1.8999,4.1982,36501342.0,2144573099.6845825,2026-07-14
2023-08-31,sz.301031,中熔电气,58.39392,58.3040832,59.1350736,57.17663136,398900,51605727.95,1.0928,-0.7645,36502562.0,2128248411.8611584,2026-07-14
2023-09-01,sz.301031,中熔电气,58.25467296,57.33384576,58.25467296,56.89813728,233600,29846398.0,0.64,-1.6641,36500000.0,2092685370.24,2026-07-14
2023-09-04,sz.301031,中熔电气,57.7426032,57.3607968,57.7426032,56.78584128,201000,25555700.0,0.5507,0.047,36499001.0,2093611779.7639968,2026-07-14
2023-09-05,sz.301031,中熔电气,57.35630496,57.91778496,58.39392,57.05085984,312400,40268893.0,0.8558,0.971,36503856.0,2114222482.0188057,2026-07-14
2023-09-06,sz.301031,中熔电气,57.97617888,57.85939104,58.33552608,56.89364544,211622,27027132.51,0.5798,-0.1008,36499138.0,2111817898.1649234,2026-07-14
2023-09-07,sz.301031,中熔电气,57.86388288,57.35181312,58.32205056,57.32037024,190500,24474715.0,0.5219,-0.8773,36501245.0,2093412581.8873346,2026-07-14
2023-09-08,sz.301031,中熔电气,57.35181312,56.9116128,57.79201344,56.27377152,201500,25599436.0,0.552,-0.7675,36503623.0,2077480057.9731743,2026-07-14
2023-09-11,sz.301031,中熔电气,57.03289248,57.04187616,57.8548992,55.12835232,427380,53668692.74,1.1708,0.2289,36503246.0,2082213637.7700155,2026-07-14
2023-09-12,sz.301031,中熔电气,57.046368,56.96551488,57.8099808,56.1929184,271147,34473992.79,0.7428,-0.1339,36503366.0,2079433039.043086,2026-07-14
2023-09-13,sz.301031,中熔电气,56.67354528,56.148,57.20807424,55.4517648,217405,27176775.03,0.5956,-1.4351,36501847.0,2049505705.3560002,2026-07-14
2023-09-14,sz.301031,中熔电气,55.71678336,55.4068464,56.00875296,55.1597952,184900,22822977.0,0.5066,-1.32,36498223.0,2022251435.6339471,2026-07-14
2023-09-15,sz.301031,中熔电气,55.90993248,55.32599328,56.32318176,55.09690944,129160,15991623.0,0.3538,-0.1459,36506501.0,2019758429.0023131,2026-07-14
2023-09-18,sz.301031,中熔电气,55.5191424,55.00707264,56.2827552,54.0817536,319262,39237077.84,0.8746,-0.5764,36503773.0,2007965693.0450706,2026-07-14
2023-09-19,sz.301031,中熔电气,55.1597952,54.37821504,55.249632,53.90657184,275877,33493976.8,0.7558,-1.1432,36501323.0,1984876791.3384979,2026-07-14
2023-09-20,sz.301031,中熔电气,53.9469984,53.39899392,54.25693536,53.1833856,164999,19708996.01,0.452,-1.8008,36504204.0,1949287767.4504397,2026-07-14
2023-09-21,sz.301031,中熔电气,53.39899392,51.89422752,53.452896,51.75048864,450890,52510567.55,1.2353,-2.818,36500445.0,1894162397.4112465,2026-07-14
2023-09-22,sz.301031,中熔电气,51.84481728,52.77013632,53.59214304,51.84481728,462674,54142952.16,1.2675,1.6879,36502880.0,1926261953.6726015,2026-07-14
2023-09-25,sz.301031,中熔电气,52.55901984,51.9256704,53.30915712,51.75498048,270060,31355185.8,0.7399,-1.6003,36499527.0,1895262408.757901,2026-07-14
2023-09-26,sz.301031,中熔电气,52.13678688,51.31478016,52.13678688,51.30579648,168600,19374767.0,0.4619,-1.1765,36501407.0,1873061675.735685,2026-07-14
2023-09-27,sz.301031,中熔电气,51.41809248,51.48547008,52.5769872,50.4658224,462300,53077744.0,1.2665,0.3326,36502171.0,1879331432.8755436,2026-07-14
2023-09-28,sz.301031,中熔电气,52.0828848,50.9150064,52.0828848,50.49726528,287900,32719164.0,0.7887,-1.108,36503106.0,1858555875.6098785,2026-07-14
2023-10-09,sz.301031,中熔电气,51.2968128,51.1845168,52.07839296,50.62752864,347100,39722215.0,0.9509,0.5293,36502261.0,1868350591.3924847,2026-07-14
2023-10-10,sz.301031,中熔电气,51.18002496,51.40461696,51.50343744,49.72017696,817957,92311467.82,2.2409,0.43,36501272.0,1876333905.712773,2026-07-14
2023-10-11,sz.301031,中熔电气,50.34903456,51.10815552,52.43774016,49.9492608,778859,88499751.25,2.1338,-0.5767,36501031.0,1865500368.988341,2026-07-14
2023-10-12,sz.301031,中熔电气,51.46301088,50.69939808,52.0828848,50.00765472,475303,53836039.34,1.3021,-0.7998,36502803.0,1850670140.3328183,2026-07-14
2023-10-13,sz.301031,中熔电气,50.68143072,50.99585952,51.40461696,50.36251008,551289,62535319.09,1.5103,0.5847,36501953.0,1861448467.3936427,2026-07-14
2023-10-16,sz.301031,中熔电气,50.74431648,49.41473184,50.90153088,48.961056,511986,56734364.6,1.4026,-3.1005,36502638.0,1803768068.222594,2026-07-14
2023-10-17,sz.301031,中熔电气,49.41473184,48.1076064,49.42371552,47.95937568,312400,33761136.0,0.8558,-2.6452,36503856.0,1756113136.5302784,2026-07-14
2023-10-18,sz.301031,中熔电气,47.68537344,48.04472064,48.67807008,47.44730592,298400,31981515.0,0.8175,-0.1307,36501529.0,1753705763.7378585,2026-07-14
2023-10-19,sz.301031,中熔电气,48.04472064,47.10592608,48.23337792,47.08346688,213860,22679357.6,0.5859,-1.954,36501109.0,1719418542.3920228,2026-07-14
2023-10-20,sz.301031,中熔电气,47.37992832,47.7258,48.86223552,47.1867792,308586,33091194.56,0.8454,1.3159,36501774.0,1742076365.5692,2026-07-14
2023-10-23,sz.301031,中熔电气,47.69435712,48.61967616,49.29345216,46.7375952,455495,48926713.25,1.2479,1.8729,36500922.0,1774663007.1814194,2026-07-14
2023-10-24,sz.301031,中熔电气,48.61967616,49.49109312,50.4882816,48.16600032,553105,60831712.0,1.5153,1.7923,36501353.0,1806491860.3289914,2026-07-14
2023-10-25,sz.301031,中熔电气,49.40574816,49.5899136,51.37766592,49.2530256,350700,39078407.0,0.9608,0.1997,36500833.0,1810073154.798029,2026-07-14
2023-10-26,sz.301031,中熔电气,50.308608,52.35688704,52.4646912,49.59889728,693780,79117381.4,1.9007,5.5797,36501289.0,1911093864.9873943,2026-07-14
2023-10-27,sz.301031,中熔电气,52.39282176,53.44840416,53.677488,51.48996192,696584,81454093.98,1.9084,2.0848,36500943.0,1950917153.685123,2026-07-14
2023-10-30,sz.301031,中熔电气,53.30017344,54.6207744,55.1148768,52.51859328,681600,82539537.0,1.8673,2.1935,36501901.0,1993762099.6921344,2026-07-14
2023-10-31,sz.301031,中熔电气,54.61628256,54.912744,55.97731008,53.90657184,526939,64752447.15,1.4436,0.5345,36501732.0,2004410264.8726082,2026-07-14
2023-11-01,sz.301031,中熔电气,55.70330784,54.2838864,55.70330784,53.80325952,478400,58145778.0,1.3106,-1.1452,36502365.0,1981490234.991336,2026-07-14
2023-11-02,sz.301031,中熔电气,53.91106368,53.19686112,54.7330704,53.003712,406500,48445928.0,1.1136,-2.0025,36503233.0,1941857416.332001,2026-07-14
2023-11-03,sz.301031,中熔电气,52.85548128,53.93801472,54.3063456,52.85548128,306900,36715682.0,0.8408,1.3932,36500951.0,1968788832.3319986,2026-07-14
2023-11-06,sz.301031,中熔电气,54.20752512,54.28837824,55.4293056,53.30915712,835716,100742544.97,2.2895,0.6496,36502118.0,1981640788.5451124,2026-07-14
2023-11-07,sz.301031,中熔电气,54.73756224,54.58933152,55.02504,53.08456512,496700,59765187.0,1.3608,0.5544,36500588.0,1992542699.006934,2026-07-14
2023-11-08,sz.301031,中熔电气,54.351264,54.27041088,55.02504,53.7448656,504051,60834955.33,1.3809,-0.5842,36501629.0,1980958403.6193235,2026-07-14
2023-11-09,sz.301031,中熔电气,54.351264,53.96496576,54.8453664,53.61460224,334600,40336936.0,0.9167,-0.5628,36500491.0,1969747747.038188,2026-07-14
2023-11-10,sz.301031,中熔电气,54.33329664,53.7224064,54.33329664,53.05761408,420876,50184883.56,1.153,-0.4495,36502689.0,1961012293.1508095,2026-07-14
2023-11-13,sz.301031,中熔电气,53.7224064,53.9694576,54.58034784,53.66401248,276700,33301288.0,0.758,0.4599,36503958.0,1970098813.5131807,2026-07-14
2023-11-14,sz.301031,中熔电气,53.97394944,53.84368608,54.1491312,53.24627136,286700,34345223.0,0.7854,-0.233,36503692.0,1965493332.8090072,2026-07-14
2023-11-15,sz.301031,中熔电气,53.97394944,54.8902848,55.18674624,53.49332256,308000,37297585.0,0.8438,1.9438,36501541.0,2003579981.128877,2026-07-14
2023-11-16,sz.301031,中熔电气,54.575856,53.30017344,54.575856,53.21033664,340200,40654420.0,0.932,-2.8969,36502146.0,1945570712.7322023,2026-07-14
2023-11-17,sz.301031,中熔电气,53.2956816,54.126672,54.32431296,52.9138752,366323,43870550.06,1.0036,1.5506,36500897.0,1975672079.624784,2026-07-14
2023-11-20,sz.301031,中熔电气,54.126672,56.3501328,56.51633088,53.64155328,624000,76898937.0,1.7095,4.1079,36501901.0,2056886968.8024528,2026-07-14
2023-11-21,sz.301031,中熔电气,56.31868992,55.5191424,56.58820032,55.28556672,514800,64006248.0,1.4103,-1.4747,36502872.0,2026608148.5769727,2026-07-14
2023-11-22,sz.301031,中熔电气,55.6763568,55.249632,55.6763568,54.31083744,509300,62318065.2,1.3953,-0.4854,36501111.0,2016672950.341152,2026-07-14
2023-11-23,sz.301031,中熔电气,54.7779888,60.01996608,63.8515056,54.7779888,1716565,227645405.32,4.7027,8.6341,36501691.0,2190830255.6826415,2026-07-14
2023-11-24,sz.301031,中熔电气,60.56797056,59.74596384,61.538208,58.843104,594930,79109432.5,1.6299,-0.4565,36501012.0,2180788143.075406,2026-07-14
2023-11-27,sz.301031,中熔电气,59.73698016,60.7745952,61.4034528,58.14237696,700130,93616913.1,1.9181,1.7217,36501225.0,2218347173.67912,2026-07-14
2023-11-28,sz.301031,中熔电气,60.28947648,61.50676512,61.86162048,60.03793344,443182,60451210.6,1.2141,1.2047,36502924.0,2245176772.661211,2026-07-14
2023-11-29,sz.301031,中熔电气,62.88576,61.7403408,70.971072,61.52024064,1253802,179465309.28,3.4349,0.3798,36501849.0,2253636597.090139,2026-07-14
2023-11-30,sz.301031,中熔电气,61.089024,60.415248,62.42310048,59.7863904,869893,117864880.58,2.3832,-2.1462,36501049.0,2205219927.595152,2026-07-14
2023-12-01,sz.301031,中熔电气,60.415248,59.3372064,60.59042976,58.9329408,474762,62851108.87,1.3007,-1.7844,36500500.0,2165837702.2032,2026-07-14
2023-12-04,sz.301031,中熔电气,58.85657952,59.20694304,60.23108256,58.51070784,472600,62331251.0,1.2947,-0.2195,36502665.0,2161211207.4632015,2026-07-14
2023-12-05,sz.301031,中熔电气,59.57527392,58.45680576,60.0109824,58.00312992,392300,51504797.0,1.0747,-1.267,36503210.0,2133861056.5864897,2026-07-14
2023-12-06,sz.301031,中熔电气,58.02109728,58.02558912,60.16370496,57.7650624,296400,38697409.0,0.812,-0.7377,36502463.0,2118076919.9060025,2026-07-14
2023-12-07,sz.301031,中熔电气,58.00762176,58.51969152,58.843104,56.5522656,451891,58066702.9,1.238,0.8515,36501696.0,2136067989.876818,2026-07-14
2023-12-08,sz.301031,中熔电气,58.58706912,59.23389408,59.741472,58.2142464,352558,46341209.26,0.9659,1.2204,36500466.0,2162064736.9146414,2026-07-14
2023-12-11,sz.301031,中熔电气,59.741472,59.5842576,61.3809936,58.7532672,391200,51992338.0,1.0717,0.5915,36502753.0,2174989437.8611727,2026-07-14
2023-12-12,sz.301031,中熔电气,59.292288,60.92731776,61.7628,58.9778592,384933,51723187.17,1.0546,2.2541,36500379.0,2223870189.693431,2026-07-14
2023-12-13,sz.301031,中熔电气,60.65780736,63.0878928,65.43712512,60.34337856,799678,112968762.06,2.1908,3.5462,36501643.0,2302811740.6078706,2026-07-14
2023-12-14,sz.301031,中熔电气,64.682496,62.82287424,67.34615712,62.48598624,809500,115991809.0,2.2177,-0.4201,36501781.0,2293146797.2990212,2026-07-14
2023-12-15,sz.301031,中熔电气,62.89025184,61.8301776,64.00872,61.63253664,235462,32664382.16,0.6451,-1.5802,36500078.0,2256806305.153853,2026-07-14
2023-12-18,sz.301031,中熔电气,61.82568576,63.58648704,65.09574528,61.21928736,682071,96637365.29,1.8686,2.8405,36501713.0,2321015700.6122994,2026-07-14
2023-12-19,sz.301031,中熔电气,63.68081568,62.7959232,64.682496,62.29283712,653800,92100606.0,1.7911,-1.2433,36502708.0,2292221248.1600256,2026-07-14
2023-12-20,sz.301031,中熔电气,62.79143136,60.9093504,63.24061536,60.6847584,460603,63131213.65,1.2619,-3.0043,36500753.0,2223237154.3408513,2026-07-14
2023-12-21,sz.301031,中熔电气,60.64433184,59.741472,61.089024,59.21143488,567770,75856267.75,1.5555,-1.9174,36500804.0,2180611760.143488,2026-07-14
2023-12-22,sz.301031,中熔电气,60.864432,60.72069312,61.62355296,59.3147472,551300,74533073.0,1.5103,1.6391,36502682.0,2216468151.778948,2026-07-14
2023-12-25,sz.301031,中熔电气,61.2462384,59.95258848,63.2675664,59.8313088,452890,61605269.2,1.2407,-1.265,36502781.0,2188436207.668563,2026-07-14
2023-12-26,sz.301031,中熔电气,59.629176,58.87903872,59.90317824,58.44782208,381411,50190751.05,1.0449,-1.7907,36502153.0,2149211679.850364,2026-07-14
2023-12-27,sz.301031,中熔电气,58.87454688,58.2142464,58.9778592,57.56742144,534814,69183743.74,1.4652,-1.1291,36501092.0,2124883563.5570688,2026-07-14
2023-12-28,sz.301031,中熔电气,58.19627904,59.5617984,60.6173808,57.27545184,776900,103318501.0,2.1284,2.3148,36501597.0,2174100761.7920446,2026-07-14
2023-12-29,sz.301031,中熔电气,59.56629024,58.73529984,60.5724624,57.8548992,991100,129671889.0,2.7152,-1.3876,36501915.0,2143950922.2591937,2026-07-14
2024-01-02,sz.301031,中熔电气,58.730808,57.20807424,58.730808,56.85771072,533600,68371288.0,1.4618,-2.6002,36502942.0,2088263015.9144142,2026-07-14
2024-01-03,sz.301031,中熔电气,57.21256608,57.73811136,58.60503648,56.597184,558000,71935030.0,1.5287,0.9265,36501603.0,2107533618.83251,2026-07-14
2024-01-04,sz.301031,中熔电气,57.72463584,58.76225088,59.79088224,56.66006976,926041,120118082.16,2.537,1.7738,36501419.0,2144905540.7539988,2026-07-14
2024-01-05,sz.301031,中熔电气,58.7757264,56.821776,59.06320416,56.46692064,413200,52987957.72,1.132,-3.3022,36501767.0,2074095228.078192,2026-07-14
2024-01-08,sz.301031,中熔电气,56.821776,55.01156448,57.2260416,54.800448,530414,65798590.78,1.4531,-3.1858,36502237.0,2008045164.3897417,2026-07-14
2024-01-09,sz.301031,中熔电气,56.4624288,54.27490272,56.597184,53.80325952,547714,66327692.34,1.5005,-1.3391,36502099.0,1981147872.3008094,2026-07-14
2024-01-10,sz.301031,中熔电气,54.27490272,53.64155328,54.79595616,53.56968384,322200,38749667.0,0.8827,-1.1669,36501643.0,1958004827.792039,2026-07-14
2024-01-11,sz.301031,中熔电气,54.08624544,56.12104896,57.26197632,53.03964672,554600,68742190.0,1.5194,4.6223,36501250.0,2048488438.3512,2026-07-14
2024-01-12,sz.301031,中熔电气,56.148,57.0912864,58.82513664,55.73924256,388706,49777830.58,1.0649,1.7288,36501643.0,2083925754.5835552,2026-07-14
2024-01-15,sz.301031,中熔电气,57.73361952,56.00875296,57.73361952,56.00875296,182500,22927707.0,0.5,-1.8961,36500000.0,2044319483.0400002,2026-07-14
2024-01-16,sz.301031,中熔电气,55.474224,55.75271808,56.41301856,55.15530336,259100,31988217.0,0.7098,-0.4571,36503240.0,2035154848.7265792,2026-07-14
2024-01-17,sz.301031,中熔电气,55.75720992,54.575856,55.7886528,54.36024768,313700,38285582.0,0.8594,-2.1109,36502211.0,1992139411.217616,2026-07-14
2024-01-18,sz.301031,中熔电气,54.0592944,54.01886784,54.75103776,52.6443648,334500,39774895.0,0.9164,-1.0206,36501528.0,1971771216.9900594,2026-07-14
2024-01-19,sz.301031,中熔电气,54.3063456,52.12331136,54.3063456,52.04245824,504976,59380516.52,1.3834,-3.5091,36502530.0,1902632736.6177409,2026-07-14
2024-01-22,sz.301031,中熔电气,51.97508064,48.38610048,52.53656064,48.16600032,529800,58697095.0,1.4514,-7.1699,36502687.0,1766222680.9719899,2026-07-14
2024-01-23,sz.301031,中熔电气,48.51636384,50.3535264,51.06772896,47.08346688,476404,52616757.4,1.3052,4.0661,36500460.0,1837926876.222144,2026-07-14
2024-01-24,sz.301031,中熔电气,51.19799232,50.13791808,51.87176832,49.2530256,300347,33773823.9,0.8228,-0.4282,36503038.0,1830186328.915127,2026-07-14
2024-01-25,sz.301031,中熔电气,50.5781184,49.02394176,50.96890848,48.4220352,635201,69342236.92,1.7402,-2.2218,36501609.0,1789452753.762292,2026-07-14
2024-01-26,sz.301031,中熔电气,48.84876,47.33051808,49.02394176,47.17779552,434468,46234875.31,1.1903,-3.4543,36500714.0,1727597703.909909,2026-07-14
2024-01-29,sz.301031,中熔电气,47.838096,44.469216,47.838096,42.4928064,1298636,127822834.4,3.5577,-6.0454,36502122.0,1623220747.676352,2026-07-14
2024-01-30,sz.301031,中熔电气,45.13850016,44.07842592,45.94253952,43.90324416,571292,57061639.32,1.5651,-0.8788,36501949.0,1608948454.9321182,2026-07-14
2024-01-31,sz.301031,中熔电气,44.6039712,43.2115008,46.52647872,42.75782496,785332,77364582.75,2.1515,-1.9668,36501604.0,1577289090.4472833,2026-07-14
2024-02-01,sz.301031,中熔电气,42.6949392,44.72525088,45.80778432,42.45237984,647993,64491826.35,1.7752,3.5031,36502535.0,1632585035.6309807,2026-07-14
2024-02-02,sz.301031,中熔电气,43.570848,43.7056032,45.2777472,42.22778784,556813,54643052.15,1.5254,-2.2798,36502753.0,1595374838.3256094,2026-07-14
2024-02-05,sz.301031,中熔电气,42.72189024,42.37601856,43.570848,39.079008,582051,53459262.31,1.5946,-3.0421,36501380.0,1546783156.3456128,2026-07-14
2024-02-06,sz.301031,中熔电气,41.54952,47.16432,48.77689056,40.42656,850053,84683900.9,2.3288,11.2996,36501761.0,1721580736.3675199,2026-07-14
2024-02-07,sz.301031,中熔电气,47.838096,49.31141952,50.0390976,47.26763232,583124,63584456.15,1.5975,4.5524,36502285.0,1799979489.0736032,2026-07-14
2024-02-08,sz.301031,中熔电气,49.31141952,52.15924608,53.79876768,48.4220352,661408,77316871.69,1.812,5.7752,36501545.0,1903893067.9551938,2026-07-14
2024-02-19,sz.301031,中熔电气,52.15924608,49.185648,52.52308512,48.511872,803603,88751695.44,2.2015,-5.701,36502521.0,1795400149.018608,2026-07-14
2024-02-20,sz.301031,中熔电气,48.70951296,49.40574816,49.57194624,47.42035488,505439,54747260.42,1.3847,0.4475,36501697.0,1803393649.3946276,2026-07-14
2024-02-21,sz.301031,中熔电气,49.39676448,48.97003968,50.45683872,48.28728,587000,64722745.0,1.6081,-0.8819,36502705.0,1787538912.2773345,2026-07-14
2024-02-22,sz.301031,中熔电气,48.84876,48.09413088,49.7022096,47.6808816,424093,45534700.19,1.1618,-1.7887,36503099.0,1755584820.831597,2026-07-14
2024-02-23,sz.301031,中熔电气,48.30524736,47.7707184,48.68705376,46.490544,751400,79536596.0,2.0585,-0.6725,36502308.0,1743741476.4180672,2026-07-14
2024-02-26,sz.301031,中熔电气,47.5236672,47.8605552,48.961056,47.17779552,567703,60607746.82,1.5553,0.1881,36501189.0,1746967171.0001328,2026-07-14
2024-02-27,sz.301031,中熔电气,47.613504,48.67807008,48.67807008,47.613504,536080,57330028.6,1.4686,1.7081,36502792.0,1776885467.0916634,2026-07-14
2024-02-28,sz.301031,中熔电气,48.76790688,44.99925312,49.80552192,44.9184,921500,97322052.0,2.5245,-7.5574,36502278.0,1642575247.1786072,2026-07-14
2024-02-29,sz.301031,中熔电气,44.1547872,45.592176,45.81227616,43.51694592,1462201,146087445.81,4.0058,1.3176,36502097.0,1664210030.793072,2026-07-14
2024-03-01,sz.301031,中熔电气,45.4349616,45.28673088,45.96499872,44.3793792,1028676,103333224.45,2.8182,-0.67,36501171.0,1653018707.8818605,2026-07-14
2024-03-04,sz.301031,中熔电气,44.97679392,44.1098688,45.7269312,43.38219072,1153300,113028307.0,3.1596,-2.5987,36501456.0,1610074435.1689727,2026-07-14
2024-03-05,sz.301031,中熔电气,43.8178992,43.03631904,44.09190144,42.68146368,808497,78060378.47,2.215,-2.4338,36500993.0,1570868380.0248067,2026-07-14
2024-03-06,sz.301031,中熔电气,43.009368,44.8734816,44.9633184,42.78028416,1020605,100128470.83,2.796,4.2689,36502325.0,1637986409.24472,2026-07-14
2024-03-07,sz.301031,中熔电气,44.7836448,42.38949408,45.08908992,42.38949408,1025634,98818357.66,2.8098,-5.5355,36502029.0,1547302542.2034883,2026-07-14
2024-03-08,sz.301031,中熔电气,42.13795104,44.35692,44.81508768,42.13795104,813441,78601488.54,2.2285,4.6413,36501728.0,1619104228.75776,2026-07-14
2024-03-11,sz.301031,中熔电气,44.3344608,47.613504,48.062688,43.9301952,1587329,164427832.37,4.3486,7.3418,36502070.0,1737991455.95328,2026-07-14
2024-03-12,sz.301031,中熔电气,48.961056,47.95488384,49.40574816,46.939728,1079625,115191651.76,2.9577,0.717,36502181.0,1750457849.761655,2026-07-14
2024-03-13,sz.301031,中熔电气,47.950392,46.27044384,48.20193504,46.00542528,1068753,110954069.49,2.9279,-3.5126,36502374.0,1688981046.193676,2026-07-14
2024-03-14,sz.301031,中熔电气,45.816768,46.52198688,47.30356704,45.6146352,755400,78513168.0,2.0695,0.5436,36501570.0,1698125560.6394017,2026-07-14
2024-03-15,sz.301031,中熔电气,45.8616864,46.265952,47.1418608,45.592176,555900,57172834.0,1.5229,-0.5504,36502725.0,1688833322.7192,2026-07-14
2024-03-18,sz.301031,中熔电气,46.52198688,48.26032896,48.79036608,45.96949056,811800,85828164.06,2.224,4.3107,36501799.0,1761588827.3717992,2026-07-14
2024-03-19,sz.301031,中熔电气,48.00878592,48.09413088,48.85774368,47.0744832,686611,73647297.0,1.881,-0.3444,36502446.0,1755553415.3641326,2026-07-14
2024-03-20,sz.301031,中熔电气,47.5236672,47.45179776,48.53882304,47.0744832,424014,44927009.06,1.1616,-1.3356,36502583.0,1732113186.233614,2026-07-14
2024-03-21,sz.301031,中熔电气,47.85157152,47.60452032,48.05819616,46.265952,557400,58561401.0,1.527,0.3218,36502947.0,1737705282.201383,2026-07-14
2024-03-22,sz.301031,中熔电气,47.24966496,46.85887488,47.83360416,46.25696832,527214,54988723.28,1.4444,-1.5663,36500554.0,1710374892.9366837,2026-07-14
2024-03-25,sz.301031,中熔电气,46.715136,43.83137472,46.715136,43.80442368,728050,73154675.5,1.9946,-6.4609,36501053.0,1599891331.71758,2026-07-14
2024-03-26,sz.301031,中熔电气,43.9751136,42.94648224,44.16826272,42.447888,879900,84587508.0,2.4106,-2.0189,36501286.0,1567601830.9361608,2026-07-14
2024-03-27,sz.301031,中熔电气,42.63654528,41.62588128,43.346256,41.59893024,829700,78149767.0,2.273,-3.075,36502420.0,1519445401.3526976,2026-07-14
2024-03-28,sz.301031,中熔电气,41.36086272,40.4490192,41.67529152,40.1570496,1262564,114499831.2,3.4589,-2.8272,36501894.0,1476465811.242365,2026-07-14
2024-03-29,sz.301031,中熔电气,40.42206816,40.6960704,41.2350912,40.27832928,1156700,104982904.52,3.1689,0.6108,36501625.0,1485472700.7144,2026-07-14
2024-04-01,sz.301031,中熔电气,40.66911936,42.12896736,42.61857792,40.3816416,977650,89484657.0,2.6784,3.521,36501269.0,1537760770.2995796,2026-07-14
2024-04-02,sz.301031,中熔电气,42.09303264,40.92964608,42.09752448,40.73200512,727048,66644366.36,1.9918,-2.8468,36502058.0,1494016315.1316326,2026-07-14
2024-04-03,sz.301031,中熔电气,40.92964608,40.201968,40.92964608,39.752784,1040280,92975348.32,2.8499,-1.7779,36502333.0,1467465623.191344,2026-07-14
2024-04-08,sz.301031,中熔电气,40.089672,38.93077728,40.3367232,38.76907104,788804,69230913.91,2.161,-3.162,36501805.0,1421043640.7729905,2026-07-14
2024-04-09,sz.301031,中熔电气,38.76907104,41.36535456,41.3698464,38.6747424,1077337,96675843.05,2.9515,6.2536,36501338.0,1509890788.2844012,2026-07-14
2024-04-10,sz.301031,中熔电气,41.7291936,41.15423808,42.784776,40.9431216,1033525,96046741.26,2.8314,-0.5104,36502260.0,1502222698.4980607,2026-07-14
2024-04-11,sz.301031,中熔电气,40.538856,39.11494272,41.25305856,39.0340896,1099980,97012491.09,3.0135,-4.9552,36501742.0,1427763547.5102184,2026-07-14
2024-04-12,sz.301031,中熔电气,39.3036,38.629824,39.92347392,38.405232,823848,71942717.82,2.257,-1.2402,36501905.0,1410062165.81472,2026-07-14
2024-04-15,sz.301031,中熔电气,38.18064,38.9891712,39.92796576,38.16716448,974783,84869300.17,2.6705,0.9302,36501891.0,1423178477.3227394,2026-07-14
2024-04-16,sz.301031,中熔电气,38.8993344,39.54615936,39.752784,36.4288224,1357748,115614180.24,3.7197,1.4286,36501546.0,1443495955.0023704,2026-07-14
2024-04-17,sz.301031,中熔电气,39.54615936,40.5613152,40.99702368,38.90831808,1614952,144472993.14,4.4243,2.567,36501865.0,1480563651.652848,2026-07-14
2024-04-18,sz.301031,中熔电气,40.61072544,41.76512832,42.58713504,39.528192,1314753,120813493.12,3.6019,2.9679,36501652.0,1524496179.6719847,2026-07-14
2024-04-19,sz.301031,中熔电气,41.62588128,40.763448,42.21880416,40.5163968,1019955,93762590.02,2.7943,-2.3984,36501270.0,1487917621.57896,2026-07-14
2024-04-22,sz.301031,中熔电气,40.43105184,41.26653408,42.0436224,40.089672,787439,72556959.73,2.1573,1.2342,36501136.0,1506275372.702715,2026-07-14
2024-04-23,sz.301031,中熔电气,41.54952,41.0104992,42.0436224,40.26485376,715200,65153806.0,1.9594,-0.6204,36500970.0,1496923000.9842238,2026-07-14
2024-04-24,sz.301031,中熔电气,39.94144128,38.57592192,39.94144128,36.66688992,2221564,187349356.5,6.0867,-5.9365,36498661.0,1407969496.9205492,2026-07-14
2024-04-25,sz.301031,中熔电气,38.48608512,37.3271904,38.517528,36.4512816,2246400,186125852.07,6.1547,-3.2371,36498936.0,1362402733.4694145,2026-07-14
2024-04-26,sz.301031,中熔电气,36.93190848,37.9111296,38.30641152,36.55459392,1764972,146330521.26,4.8357,1.5644,36498790.0,1383710357.9331841,2026-07-14
2024-04-29,sz.301031,中熔电气,38.18064,39.528192,40.1121312,37.73594784,1695726,147624830.1,4.646,4.2654,36498622.0,1442724538.151424,2026-07-14
2024-04-30,sz.301031,中熔电气,39.97288416,38.0234256,39.97288416,38.0009664,1380600,118897979.0,3.7826,-3.8068,36498705.0,1387805794.063848,2026-07-14
2024-05-06,sz.301031,中熔电气,38.90831808,40.51190496,40.96108896,38.52651168,1710781,153296851.56,4.6872,6.5446,36498997.0,1478643897.5993252,2026-07-14
2024-05-07,sz.301031,中熔电气,40.48495392,41.212632,41.31145248,39.98635968,1169920,106540667.4,3.2054,1.7297,36498409.0,1504195498.702488,2026-07-14
2024-05-08,sz.301031,中熔电气,40.88921952,40.3816416,41.6842752,40.089672,1042000,94501171.0,2.8549,-2.0163,36498651.0,1473875443.5654817,2026-07-14
2024-05-09,sz.301031,中熔电气,40.37265792,41.65732416,42.07057344,40.37265792,1076560,99398685.8,2.9496,3.1591,36498508.0,1520430179.1123533,2026-07-14
2024-05-10,sz.301031,中熔电气,41.77860384,40.52538048,41.77860384,40.42656,962002,87840128.48,2.6357,-2.7173,36498919.0,1479132579.5837011,2026-07-14
2024-05-13,sz.301031,中熔电气,40.07170464,38.19860736,40.32324768,38.01444192,1569800,136607924.8,4.3009,-5.7415,36499337.0,1394223842.9633203,2026-07-14
2024-05-14,sz.301031,中熔电气,38.629824,37.843752,39.09697536,37.57873344,817720,69305006.76,2.2404,-0.929,36498839.0,1381253011.403928,2026-07-14
2024-05-15,sz.301031,中熔电气,37.843752,37.1025984,38.62533216,37.00377792,1007138,84632188.42,2.7594,-1.9585,36498442.0,1354187035.7516928,2026-07-14
2024-05-16,sz.301031,中熔电气,37.2148944,36.93190848,37.6640784,36.6758736,1017800,84131288.0,2.7886,-0.46,36498601.0,1347962991.7800364,2026-07-14
2024-05-17,sz.301031,中熔电气,37.06666368,35.40468288,37.39905984,35.036352,1803561,144339734.4,4.9414,-4.1352,36498988.0,1292235095.5809255,2026-07-14
2024-05-20,sz.301031,中熔电气,34.98244992,35.79098112,35.84039136,34.98244992,1324097,104640694.65,3.6278,1.0911,36498622.0,1306321490.9080164,2026-07-14
2024-05-21,sz.301031,中熔电气,35.92124448,34.97346624,35.92124448,34.79379264,1041588,81299003.67,2.8537,-2.2841,36499562.0,1276516199.3817868,2026-07-14
2024-05-22,sz.301031,中熔电气,35.22950112,40.2244272,41.11381152,35.04084384,3800424,324644022.74,10.4124,15.0141,36499020.0,1468152172.861344,2026-07-14
2024-05-23,sz.301031,中熔电气,40.37265792,40.4490192,41.40578112,39.528192,2008929,180880564.47,5.5041,0.5583,36498774.0,1476339610.302461,2026-07-14
2024-05-24,sz.301031,中熔电气,40.4490192,39.58209408,41.64834048,39.4608144,1188900,106965526.5,3.2574,-2.1433,36498434.0,1444684448.3606706,2026-07-14
2024-05-27,sz.301031,中熔电气,39.38894496,40.12560672,40.3591824,38.0009664,1365000,118224633.0,3.7398,1.3731,36499278.0,1464555674.5919483,2026-07-14
2024-05-28,sz.301031,中熔电气,39.81566976,39.5057328,40.60174176,39.079008,929132,82266620.52,2.5456,-1.5448,36499529.0,1441940639.999851,2026-07-14
2024-05-29,sz.301031,中熔电气,40.08518016,39.0116304,40.201968,38.629824,1173100,102454604.0,3.2141,-1.2507,36498553.0,1423868059.7708113,2026-07-14
2024-05-30,sz.301031,中熔电气,39.0565488,39.20477952,39.8875392,38.61185664,888700,77745392.0,2.4349,0.4951,36498419.0,1430912469.723579,2026-07-14
2024-05-31,sz.301031,中熔电气,39.23173056,40.13908224,41.28899328,39.0340896,1358500,122044714.0,3.722,2.3831,36499194.0,1465044149.6597145,2026-07-14
2024-06-03,sz.301031,中熔电气,39.82914528,39.70337376,40.651152,38.9442528,915200,80668898.0,2.5075,-1.0855,36498504.0,1449113745.992855,2026-07-14
2024-06-04,sz.301031,中熔电气,39.3036,39.3485184,39.977376,38.57143008,823700,71628774.0,2.2568,-0.8938,36498582.0,1436165125.400909,2026-07-14
2024-06-05,sz.301031,中熔电气,39.07451616,39.38894496,40.6062336,38.7645792,955201,85025321.99,2.6171,0.1027,36498452.0,1437635516.953202,2026-07-14
2024-06-06,sz.301031,中熔电气,39.3709776,39.77973504,41.3024688,38.6972016,1639461,145742075.08,4.4918,0.9921,36498976.0,1451919594.511319,2026-07-14
2024-06-07,sz.301031,中熔电气,39.77973504,37.8212928,39.977376,37.32269856,1405435,119602340.96,3.8506,-4.9232,36499117.0,1380443790.9984577,2026-07-14
2024-06-11,sz.301031,中熔电气,37.3721088,40.05822912,40.1121312,36.50069184,1133300,97999499.0,3.105,5.9145,36499195.0,1462093116.0055585,2026-07-14
2024-06-12,sz.301031,中熔电气,39.74829216,40.11662304,40.4714784,39.51022464,704708,62707531.44,1.9308,0.1458,36498239.0,1464186095.5868266,2026-07-14
2024-06-13,sz.301031,中熔电气,40.10763936,39.65845536,41.22161568,39.37546944,1028600,92187697.0,2.8182,-1.1421,36498474.0,1447473101.8371205,2026-07-14
2024-06-14,sz.301031,中熔电气,39.1463856,38.70618528,39.7078656,38.39624832,720099,62442140.31,1.9729,-2.4012,36499518.0,1412757106.338695,2026-07-14
2024-06-17,sz.301031,中熔电气,38.40972384,38.66575872,39.8875392,38.405232,746234,65017471.12,2.0445,-0.1044,36499584.0,1411284108.3243725,2026-07-14
2024-06-18,sz.301031,中熔电气,39.2586816,39.54166752,40.6062336,38.72864448,1055500,93406163.0,2.8919,2.2653,36498496.0,1443211393.8120499,2026-07-14
2024-06-19,sz.301031,中熔电气,39.528192,38.18064,39.86508,38.00545824,1007200,86142486.0,2.7595,-3.442,36499366.0,1393569153.4742398,2026-07-14
2024-06-20,sz.301031,中熔电气,37.96053984,36.98581056,38.18513184,36.95436768,781000,65116382.0,2.1398,-3.1294,36498738.0,1349935409.347073,2026-07-14
2024-06-21,sz.301031,中熔电气,36.7432512,37.731456,37.98749088,36.608496,595900,49669910.0,1.6326,2.016,36500061.0,1377200445.6188161,2026-07-14
2024-06-24,sz.301031,中熔电气,37.63712736,36.6309552,37.63712736,36.62646336,477200,39276800.0,1.3074,-2.9167,36499924.0,1337027080.847405,2026-07-14
2024-06-25,sz.301031,中熔电气,36.5186592,36.2940672,37.1924352,36.0694752,393600,31965212.0,1.0784,-0.9197,36498516.0,1324679592.4042752,2026-07-14
2024-06-26,sz.301031,中熔电气,36.047016,38.08631136,38.08631136,35.7550464,769100,63902200.0,2.1072,4.9381,36498671.0,1390099747.9322026,2026-07-14
2024-06-27,sz.301031,中熔电气,37.73594784,37.36761696,38.3827728,37.35863328,400500,33636496.0,1.0973,-1.887,36498679.0,1363868656.417996,2026-07-14
2024-06-28,sz.301031,中熔电气,37.1475168,36.9229248,38.30191968,36.74774304,644200,53788167.0,1.765,-1.19,36498584.0,1347634472.338483,2026-07-14
2024-07-01,sz.301031,中熔电气,36.9229248,36.75672672,37.04420448,35.84937504,465000,37611416.0,1.274,-0.4501,36499215.0,1341591671.2495248,2026-07-14
2024-07-02,sz.301031,中熔电气,36.77918592,35.56638912,36.90944928,35.35527264,586205,46787263.1,1.6061,-3.2384,36498661.0,1298125579.4849682,2026-07-14
2024-07-03,sz.301031,中熔电气,35.4181584,34.73989056,36.37941216,34.61861088,822470,64303988.8,2.2534,-2.3238,36499068.0,1267973627.861998,2026-07-14
2024-07-04,sz.301031,中熔电气,35.24297664,33.46869984,35.710128,33.2620752,862500,65386999.0,2.3631,-3.6592,36498667.0,1221562930.3831131,2026-07-14
2024-07-05,sz.301031,中熔电气,33.239616,33.58099584,34.06162272,32.6332176,653329,48190639.93,1.79,0.3355,36498827.0,1225666957.6518798,2026-07-14
2024-07-08,sz.301031,中熔电气,33.1946976,32.2738704,33.44624064,32.17055808,527900,38437745.0,1.4463,-3.8925,36500035.0,1177997399.185464,2026-07-14
2024-07-09,sz.301031,中熔电气,32.2738704,33.1946976,33.61693056,32.08072128,610600,44736495.0,1.6729,2.8532,36499492.0,1211589599.4936192,2026-07-14
2024-07-10,sz.301031,中熔电气,33.239616,35.1261888,35.84039136,33.1946976,1189900,92958422.0,3.2674,5.8187,36417335.0,1279202184.802848,2026-07-14
2024-07-11,sz.301031,中熔电气,35.4406176,35.52147072,36.03803232,34.88362944,935700,73847284.0,2.5694,1.1253,36417062.0,1293587601.5414248,2026-07-14
2024-07-12,sz.301031,中熔电气,35.68317696,35.55740544,36.01557312,35.13068064,920848,72998789.58,2.5286,0.1012,36417306.0,1294904914.4745445,2026-07-14
2024-07-15,sz.301031,中熔电气,35.036352,34.15595136,35.34628896,33.85499808,1006700,76969030.0,2.3193,-3.9414,43405338.0,1482550613.4923599,2026-07-14
2024-07-16,sz.301031,中熔电气,34.14247584,33.4866672,34.6770048,33.09587712,851000,63747069.0,1.9605,-1.9595,43407294.0,1453565608.2305567,2026-07-14
2024-07-17,sz.301031,中熔电气,33.9621,34.17040088,34.86322772,33.3281408,867500,64795948.0,1.9986,2.0419,43405384.0,1483179371.630338,2026-07-14
2024-07-18,sz.301031,中熔电气,33.73115772,35.433791,36.16737236,33.1017268,1289646,100129974.14,2.9711,3.6973,43406348.0,1538051463.105268,2026-07-14
2024-07-19,sz.301031,中熔电气,35.433791,35.82775136,36.04058052,34.91756708,789053,62149803.0,1.8178,1.1118,43407030.0,1555176278.1160607,2026-07-14
2024-07-22,sz.301031,中熔电气,35.6375636,35.1394528,36.38925808,35.09417,475700,37397078.94,1.0959,-1.9211,43407245.0,1525306836.855536,2026-07-14
2024-07-23,sz.301031,中熔电气,35.14398108,33.7809688,35.4111496,33.72662944,560400,42465959.0,1.2911,-3.866,43404849.0,1466257849.837711,2026-07-14
2024-07-24,sz.301031,中熔电气,33.848893,32.79833204,33.848893,32.48135244,625400,45638400.0,1.4408,-2.9088,43406441.0,1423658864.5926695,2026-07-14
2024-07-25,sz.301031,中熔电气,32.56286148,33.08814196,33.7130446,32.56286148,353700,25886545.0,0.8149,0.8836,43404099.0,1436160989.3578942,2026-07-14
2024-07-26,sz.301031,中熔电气,33.3734236,33.509272,33.63153556,32.8753128,399000,29323385.0,0.9192,1.2728,43407311.0,1454547391.0875921,2026-07-14
2024-07-29,sz.301031,中熔电气,35.09417,36.31227732,36.62472864,34.188514,1592153,125081253.8,3.668,8.3649,43406570.0,1576191407.3499923,2026-07-14
2024-07-30,sz.301031,中熔电气,35.7960534,35.546998,36.6111438,34.88134084,824700,64862855.0,1.9,-2.1075,43405263.0,1542926797.0504742,2026-07-14
2024-07-31,sz.301031,中熔电气,35.2300184,36.19454204,36.39831464,34.96284988,820400,65093386.0,1.8901,1.8217,43405111.0,1571028114.8403666,2026-07-14
2024-08-01,sz.301031,中熔电气,36.2035986,35.08511344,36.4300126,34.94473676,776600,60779112.0,1.7891,-3.0652,43407300.0,1522950044.6241121,2026-07-14
2024-08-02,sz.301031,中熔电气,34.867756,35.12133968,35.40209304,34.6866248,583500,45162452.0,1.3443,0.1033,43405490.0,1524458958.266843,2026-07-14
2024-08-05,sz.301031,中熔电气,34.82700148,33.8941758,35.55605456,33.735686,628600,47827857.0,1.4482,-3.4941,43405607.0,1471197274.3637106,2026-07-14
2024-08-06,sz.301031,中熔电气,34.14775948,34.41945628,34.9130388,33.8715344,342000,25945843.0,0.7879,1.5498,43406524.0,1494028955.0847707,2026-07-14
2024-08-07,sz.301031,中熔电气,34.40134316,34.1658726,34.89945396,34.11153324,378500,28865963.0,0.872,-0.7367,43405963.0,1483002601.9383137,2026-07-14
2024-08-08,sz.301031,中熔电气,33.9847414,33.282858,33.99832624,32.9658784,583500,42994800.0,1.3443,-2.5845,43405490.0,1444658760.0904198,2026-07-14
2024-08-09,sz.301031,中熔电气,33.26927316,32.8753128,33.87606268,32.81191688,417500,30601870.0,0.9618,-1.2245,43408193.0,1427057922.9577706,2026-07-14
2024-08-12,sz.301031,中熔电气,33.056444,32.5809746,33.34625392,32.38173028,477971,34672190.07,1.1012,-0.8953,43404559.0,1414162834.3032012,2026-07-14
2024-08-13,sz.301031,中熔电气,32.5809746,32.97040668,33.056444,32.150788,339900,24470552.0,0.7831,1.1953,43404418.0,1431061313.1687124,2026-07-14
2024-08-14,sz.301031,中熔电气,32.94776528,32.1960708,33.056444,32.19154252,384000,27466245.7,0.8847,-2.3486,43404544.0,1397455771.6657152,2026-07-14
2024-08-15,sz.301031,中熔电气,32.0828638,31.9922982,32.49946556,31.47607428,554800,39186974.55,1.2782,-0.6329,43404788.0,1388618921.0037816,2026-07-14
2024-08-16,sz.301031,中熔电气,32.150788,31.471546,32.31380608,31.471546,553600,38953625.0,1.2754,-1.6277,43405990.0,1366053610.96054,2026-07-14
2024-08-19,sz.301031,中熔电气,31.46701772,31.36739556,31.7885256,31.16815124,292400,20297626.0,0.6736,-0.3309,43408551.0,1361613189.9034336,2026-07-14
2024-08-20,sz.301031,中熔电气,31.48965912,30.61570108,31.63909236,30.37570224,400482,27455223.4,0.9226,-2.3964,43407977.0,1328965648.3195152,2026-07-14
2024-08-21,sz.301031,中熔电气,30.34400428,30.37117396,30.85569992,30.34400428,292000,19698733.0,0.6727,-0.7987,43407165.0,1318326559.3254235,2026-07-14
2024-08-22,sz.301031,中熔电气,30.40287192,30.905511,31.21343404,30.32589116,467900,31772340.0,1.078,1.7594,43404453.0,1341436799.6404831,2026-07-14
2024-08-23,sz.301031,中熔电气,30.73796464,30.09947716,30.86475648,30.0451378,407500,27244763.0,0.9388,-2.6081,43406476.0,1306512232.9580882,2026-07-14
2024-08-26,sz.301031,中熔电气,30.18551448,30.04060952,30.69268184,29.886648,347100,23153571.0,0.7997,-0.1956,43403776.0,1303875886.5095475,2026-07-14
2024-08-27,sz.301031,中熔电气,29.89570456,29.69193196,30.02702468,29.43834828,286900,18808639.0,0.661,-1.1607,43403933.0,1288746625.4323988,2026-07-14
2024-08-28,sz.301031,中熔电气,29.67834712,31.17267952,31.38550868,29.67834712,784561,53574355.83,1.8075,4.987,43405864.0,1353077087.7607052,2026-07-14
2024-08-29,sz.301031,中熔电气,31.00966144,31.71607312,32.2413536,30.8828696,691200,48251563.0,1.5924,1.7432,43406179.0,1376673547.0238085,2026-07-14
2024-08-30,sz.301031,中熔电气,31.471546,31.924374,32.66701192,31.471546,815500,58223452.0,1.8788,0.6568,43405365.0,1385689105.86651,2026-07-14
2024-09-02,sz.301031,中熔电气,32.150788,31.6753186,32.34550404,31.65720548,506500,35737984.0,1.1669,-0.7801,43405605.0,1374886367.400753,2026-07-14
2024-09-03,sz.301031,中熔电气,31.64814892,33.16512272,33.18776412,31.48060256,749800,53775887.0,1.7274,4.7034,43406275.0,1439574437.193068,2026-07-14
2024-09-04,sz.301031,中熔电气,32.74399268,34.2790796,34.4375694,32.61267256,1243300,93010330.0,2.8643,3.3588,43406766.0,1487943986.8925738,2026-07-14
2024-09-05,sz.301031,中熔电气,34.08436356,34.71379448,35.08964172,34.08436356,792700,60838150.0,1.8262,1.2682,43407075.0,1506824280.5279458,2026-07-14
2024-09-06,sz.301031,中熔电气,34.71832276,33.21040552,34.96737816,33.0790854,638700,47739706.0,1.4714,-4.3308,43407639.0,1441585293.8557673,2026-07-14
2024-09-09,sz.301031,中熔电气,33.1922924,32.73040784,33.282858,32.40437168,390600,28332365.0,0.8999,-1.4453,43404823.0,1420657559.0130122,2026-07-14
2024-09-10,sz.301031,中熔电气,33.11531164,33.056444,33.27832972,32.3092778,432400,31254135.0,0.9962,0.9961,43404939.0,1434812935.376916,2026-07-14
2024-09-11,sz.301031,中熔电气,33.3734236,33.77644052,33.93493032,32.70776644,863500,63796558.0,1.9893,2.1781,43407229.0,1466141688.4565191,2026-07-14
2024-09-12,sz.301031,中熔电气,33.54096996,33.7809688,34.34247552,33.509272,583400,43691558.0,1.344,0.0134,43407738.0,1466355443.0565743,2026-07-14
2024-09-13,sz.301031,中熔电气,34.188514,32.5356918,34.27002304,32.40437168,554400,40337103.0,1.2772,-3.6863,43407454.0,1412291545.1666772,2026-07-14
2024-09-18,sz.301031,中熔电气,32.2187122,32.45418276,32.67606848,32.07833552,346501,24783995.51,0.7983,-0.2505,43404860.0,1408669259.1122136,2026-07-14
2024-09-19,sz.301031,中熔电气,32.2866364,32.83003,33.66323352,32.2866364,502193,36608979.45,1.157,1.1581,43404754.0,1424979375.96262,2026-07-14
2024-09-20,sz.301031,中熔电气,33.14248132,31.87456292,33.14248132,31.77041248,584294,41609901.0,1.3461,-2.9103,43406433.0,1383561079.7912643,2026-07-14
2024-09-23,sz.301031,中熔电气,31.87456292,33.2602166,33.77191224,31.6073944,923432,66981361.36,2.1274,4.3472,43406600.0,1443712917.86956,2026-07-14
2024-09-24,sz.301031,中熔电气,33.27380144,34.68209652,34.7998318,32.51757868,796194,59564193.88,1.8343,4.275,43405877.0,1505406815.6492481,2026-07-14
2024-09-25,sz.301031,中熔电气,34.867756,36.03605224,36.5885024,34.867756,885870,70472355.0,2.0409,3.9039,43405850.0,1564175478.121604,2026-07-14
2024-09-26,sz.301031,中熔电气,35.83680792,36.57038928,36.5885024,35.62850704,612300,48865384.0,1.4106,1.4828,43407061.0,1587413118.2707062,2026-07-14
2024-09-27,sz.301031,中熔电气,36.8288697,38.3613279,39.6580233,36.8288697,861800,72653097.0,1.9854,4.8971,43406870.0,1665145173.182673,2026-07-14
2024-09-30,sz.301031,中熔电气,39.671625,43.8246774,44.88561,39.671625,1507136,140076944.59,3.4722,14.2418,43405795.0,1902244963.165533,2026-07-14
2024-10-08,sz.301031,中熔电气,52.13985,50.0950611,52.2259941,45.429678,1894887,204017352.17,4.3655,14.3079,43405956.0,2174424017.9239116,2026-07-14
2024-10-09,sz.301031,中熔电气,47.5742127,45.2301864,48.6759504,43.97883,1452632,149173702.2,3.3466,-9.7113,43406203.0,1963270652.6062393,2026-07-14
2024-10-10,sz.301031,中熔电气,45.7969239,43.933491,47.4472635,43.6523892,1119596,111241884.23,2.5793,-2.8669,43406971.0,1907019769.765761,2026-07-14
2024-10-11,sz.301031,中熔电气,43.0584483,39.7759047,43.9153554,39.1094214,1377713,124554554.83,3.174,-9.4634,43406207.0,1726521153.0204728,2026-07-14
2024-10-14,sz.301031,中熔电气,39.7713708,41.938575,42.0156513,39.2771757,1035132,92713367.0,2.3848,5.4371,43405401.0,1820360665.243575,2026-07-14
2024-10-15,sz.301031,中熔电气,41.5123884,40.669083,42.0201852,40.35171,781235,70928633.92,1.7998,-3.027,43406767.0,1765313409.884661,2026-07-14
2024-10-16,sz.301031,中熔电气,40.3471761,40.9592526,41.9340411,39.2273028,815306,73415290.02,1.8783,0.7135,43406591.0,1777901525.2738867,2026-07-14
2024-10-17,sz.301031,中熔电气,41.2630239,40.8776424,42.074592,40.35171,679216,61961844.24,1.5648,-0.1992,43405930.0,1774332084.579432,2026-07-14
2024-10-18,sz.301031,中熔电气,40.8051,43.0947195,44.4231522,40.5829389,1167379,110026512.43,2.6894,5.4237,43406671.0,1870598311.1737843,2026-07-14
2024-10-21,sz.301031,中熔电气,43.797474,44.5773048,46.019085,42.7456092,1052477,103199228.21,2.4247,3.4403,43406483.0,1934944022.9870183,2026-07-14
2024-10-22,sz.301031,中熔电气,45.1077711,45.339,45.5611611,43.9697622,677345,66907223.5,1.5605,1.7087,43405639.0,1967968266.621,2026-07-14
2024-10-23,sz.301031,中熔电气,45.2800593,46.517814,47.3701872,44.658915,776940,79550841.8,1.7899,2.6,43406894.0,2019193821.4097161,2026-07-14
2024-10-24,sz.301031,中熔电气,49.8729,49.011459,51.5232396,48.1228146,2199895,241322435.45,5.0682,5.3606,43405844.0,2127383743.566396,2026-07-14
2024-10-25,sz.301031,中熔电气,49.464849,51.4506972,52.683918,49.0159929,1662171,187236768.84,3.8293,4.9769,43406654.0,2233302611.419169,2026-07-14
2024-10-28,sz.301031,中熔电气,51.051714,48.9525183,51.4370955,48.240696,1651760,180976494.3,3.8054,-4.8555,43405687.0,2124817687.1915722,2026-07-14
2024-10-29,sz.301031,中熔电气,49.4512473,47.7555687,49.8638322,46.925865,1330810,140811380.5,3.0659,-2.4451,43406830.0,2072917852.1142209,2026-07-14
2024-10-30,sz.301031,中熔电气,47.7555687,48.4945944,49.782222,47.15256,1038000,111281582.0,2.3914,1.5475,43405537.0,2104933911.5291927,2026-07-14
2024-10-31,sz.301031,中熔电气,48.4945944,48.3993825,49.374171,47.6558229,752973,80652184.06,1.7347,-0.1963,43406526.0,2100849054.8701952,2026-07-14
2024-11-01,sz.301031,中熔电气,48.3993825,49.464849,50.689002,47.8417128,1083021,118383952.46,2.4951,2.2014,43405916.0,2147067080.646684,2026-07-14
2024-11-04,sz.301031,中熔电气,49.0069251,52.003833,52.59324,48.51273,1135823,128623620.82,2.6167,5.1329,43406695.0,2257314517.861935,2026-07-14
2024-11-05,sz.301031,中熔电气,52.0355703,52.6159095,53.4048081,50.77968,838467,96653511.41,1.9317,1.177,43405653.0,2283827910.0364037,2026-07-14
2024-11-06,sz.301031,中熔电气,52.59324,52.774596,55.6989615,51.777138,958200,113535173.0,2.2075,0.3016,43406569.0,2290764142.721124,2026-07-14
2024-11-07,sz.301031,中熔电气,52.7927316,51.0018411,53.681376,50.371629,973566,111030315.0,2.2429,-3.3591,43406572.0,2213815087.8397093,2026-07-14
2024-11-08,sz.301031,中熔电气,51.2376039,52.5388332,53.7085794,51.2376039,914509,106228329.47,2.1069,3.0136,43405430.0,2280470646.744276,2026-07-14
2024-11-11,sz.301031,中熔电气,52.13985,56.175021,56.6193432,51.9176889,1165800,140506375.0,2.6858,6.921,43406062.0,2438336444.377302,2026-07-14
2024-11-12,sz.301031,中熔电气,56.4153177,53.04663,57.671208,52.230528,1610222,191759637.99,3.7097,-5.569,43405720.0,2302527168.7236,2026-07-14
2024-11-13,sz.301031,中熔电气,52.1670534,52.8743418,53.04663,50.6209935,843900,96613567.25,1.9442,-0.3248,43406028.0,2295065160.6523705,2026-07-14
2024-11-14,sz.301031,中熔电气,52.5796383,50.77968,53.0511639,50.598324,750900,85198844.0,1.7299,-3.9616,43407133.0,2204200323.45744,2026-07-14
2024-11-15,sz.301031,中熔电气,50.5121799,48.2724333,51.5912481,47.9187891,790600,86220733.0,1.8214,-4.9375,43406171.0,2095321494.4058945,2026-07-14
2024-11-18,sz.301031,中熔电气,48.2724333,48.7756962,50.2764171,47.3293821,860000,93146026.0,1.9813,1.0425,43405845.0,2117150309.024289,2026-07-14
2024-11-19,sz.301031,中熔电气,49.8729,50.1131967,50.3761629,48.3359079,772900,83938403.0,1.7806,2.7421,43406717.0,2175249347.122234,2026-07-14
2024-11-20,sz.301031,中熔电气,50.5121799,52.7927316,53.04663,49.7686203,1272329,146065499.58,2.9312,5.347,43406421.0,2291543533.569604,2026-07-14
2024-11-21,sz.301031,中熔电气,52.4345535,50.6527308,53.7085794,50.2265442,1064012,120932705.96,2.4513,-4.0536,43406029.0,2198633902.0339932,2026-07-14
2024-11-22,sz.301031,中熔电气,50.6527308,48.4492554,50.6527308,48.3812469,497000,54369031.0,1.145,-4.3502,43406114.0,2102993903.1075156,2026-07-14
2024-11-25,sz.301031,中熔电气,49.41951,49.3469676,50.8159512,48.1409502,508134,55077209.24,1.1706,1.8529,43407996.0,2142052972.1929295,2026-07-14
2024-11-26,sz.301031,中熔电气,49.8729,48.331374,49.8729,48.0729417,446800,47944794.0,1.0293,-2.0581,43408141.0,2097975097.315734,2026-07-14
2024-11-27,sz.301031,中熔电气,48.2316282,49.5917982,49.6326033,46.7082378,727534,77331308.12,1.6761,2.6079,43406360.0,2152599445.716552,2026-07-14
2024-11-28,sz.301031,中熔电气,49.8729,48.3132384,50.008917,48.104679,454384,48992989.76,1.0468,-2.5782,43406955.0,2097130565.1330721,2026-07-14
2024-11-29,sz.301031,中熔电气,48.6895521,49.056798,49.8729,47.8915857,503500,54481819.0,1.16,1.539,43405172.0,2129318754.959256,2026-07-14
2024-12-02,sz.301031,中熔电气,49.3877727,49.2562896,49.8910356,47.9731959,933580,100701129.4,2.1508,0.4067,43406174.0,2138027076.9719906,2026-07-14
2024-12-03,sz.301031,中熔电气,49.2562896,48.603408,49.4104422,47.651289,821200,87684673.0,1.8919,-1.3255,43406100.0,2109684387.9888,2026-07-14
2024-12-04,sz.301031,中熔电气,48.3676452,48.0003993,48.694086,47.60595,447300,47423791.0,1.0305,-1.2407,43406114.0,2083510804.06132,2026-07-14
2024-12-05,sz.301031,中熔电气,48.0049332,49.4421795,50.3534934,47.8734501,793900,86309668.74,1.829,3.0037,43406233.0,2146098763.4048235,2026-07-14
2024-12-06,sz.301031,中熔电气,49.4421795,50.1721374,50.4985782,48.3359079,578600,63324539.0,1.333,1.4764,43405851.0,2177764320.3359275,2026-07-14
2024-12-09,sz.301031,中熔电气,49.9227729,50.6119257,51.4779006,49.4331117,805600,89794569.0,1.856,0.8766,43405172.0,2196819340.2597203,2026-07-14
2024-12-10,sz.301031,中熔电气,52.13985,50.4985782,52.411884,50.4895104,614700,69474557.0,1.4162,-0.224,43404886.0,2191885029.933085,2026-07-14
2024-12-11,sz.301031,中熔电气,50.4849765,49.4104422,50.8658241,49.1837472,409400,45044870.0,0.9432,-2.1548,43405428.0,2144681391.3602614,2026-07-14
2024-12-12,sz.301031,中熔电气,49.6688745,49.7459508,49.9001034,49.1338743,291700,31899478.0,0.672,0.679,43407738.0,2159359198.8872905,2026-07-14
2024-12-13,sz.301031,中熔电气,49.41951,48.6079419,49.8094254,48.51273,433342,46849293.44,0.9983,-2.2876,43407994.0,2109973250.3475487,2026-07-14
2024-12-16,sz.301031,中熔电气,48.648747,48.5036622,50.7570105,48.2316282,777800,84850086.04,1.7919,-0.2145,43406440.0,2105371303.064568,2026-07-14
2024-12-17,sz.301031,中熔电气,48.7983657,47.832645,49.5963321,47.60595,511600,54834553.0,1.1786,-1.3834,43407433.0,2076292333.0502849,2026-07-14
2024-12-18,sz.301031,中熔电气,48.1590858,48.5671368,48.9615861,47.4653991,309607,33057475.59,0.7133,1.5355,43404879.0,2108050696.180447,2026-07-14
2024-12-19,sz.301031,中熔电气,48.1137468,48.739425,48.8573064,47.8507806,316780,33801335.8,0.7298,0.3547,43406413.0,2115603610.932525,2026-07-14
2024-12-20,sz.301031,中熔电气,48.784764,49.1792133,49.8502305,48.5898063,455300,49420612.0,1.0489,0.9023,43407379.0,2134740750.6349406,2026-07-14
2024-12-23,sz.301031,中熔电气,49.0658658,48.3721791,49.9726458,48.286035,510828,55275750.49,1.1769,-1.641,43404537.0,2099572037.5165765,2026-07-14
2024-12-24,sz.301031,中熔电气,48.4265859,49.0250607,49.238154,48.2134926,477465,51361892.1,1.1,1.3497,43405909.0,2127977323.4636762,2026-07-14
2024-12-25,sz.301031,中熔电气,49.328832,48.5898063,49.555527,47.968662,366762,39298165.46,0.845,-0.8878,43403787.0,2108981603.016458,2026-07-14
2024-12-26,sz.301031,中熔电气,48.0729417,47.9414586,49.6824762,47.8825179,480100,51641728.0,1.1061,-1.3343,43404755.0,2080887264.8756428,2026-07-14
2024-12-27,sz.301031,中熔电气,47.832645,47.15256,48.286035,47.0437464,600865,63055906.0,1.3843,-1.6455,43405692.0,2046689496.37152,2026-07-14
2024-12-30,sz.301031,中熔电气,47.3837889,48.2180265,48.2497638,46.7263734,740407,77827428.77,1.7058,2.2596,43405264.0,2092916169.791496,2026-07-14
2024-12-31,sz.301031,中熔电气,47.9323908,47.1616278,48.51273,46.9303989,620842,65017639.06,1.4303,-2.1909,43406418.0,2047117329.8472204,2026-07-14
2025-01-02,sz.301031,中熔电气,46.9349328,44.0921775,48.0366705,43.570779,1052300,104756832.0,2.4243,-6.5084,43406344.0,1913880224.27406,2026-07-14
2025-01-03,sz.301031,中熔电气,43.8745503,43.7793384,45.5475594,43.5889146,698000,68282918.0,1.6081,-0.7095,43405261.0,1900253609.6593225,2026-07-14
2025-01-06,sz.301031,中熔电气,43.52544,45.3117966,45.9782799,43.3168806,868088,85922605.32,1.9999,3.5004,43406570.0,1966829670.943662,2026-07-14
2025-01-07,sz.301031,中熔电气,45.1304406,45.4387458,46.1188308,44.6770506,712800,71786327.0,1.6422,0.2802,43405188.0,1972277303.9332104,2026-07-14
2025-01-08,sz.301031,中熔电气,45.4659492,47.2659075,47.7238314,45.339,820200,84044260.0,1.8896,4.0212,43406012.0,2051624548.1358898,2026-07-14
2025-01-09,sz.301031,中熔电气,46.925865,48.5762046,49.3333659,46.925865,1022745,109215892.8,2.3562,2.7722,43406544.0,2108525162.3229022,2026-07-14
2025-01-10,sz.301031,中熔电气,48.5762046,47.5515432,49.147476,47.3157804,627544,66436672.58,1.4457,-2.1094,43407623.0,2064099460.2938135,2026-07-14
2025-01-13,sz.301031,中熔电气,46.8125175,47.696628,48.286035,46.69917,525800,55143402.0,1.2196,0.3051,43112496.0,2056320683.863488,2026-07-14
2025-01-14,sz.301031,中熔电气,47.6467551,48.739425,49.0885353,47.424594,705200,75636369.0,1.6357,2.1863,43113040.0,2101304779.6019998,2026-07-14
2025-01-15,sz.301031,中熔电气,48.51273,48.8890437,49.963578,48.331374,657162,71240263.14,1.3786,0.307,47668794.0,2330481752.992298,2026-07-14
2025-01-16,sz.301031,中熔电气,48.8482386,47.515272,49.6235355,47.2613736,587405,62629555.11,1.2323,-2.81,47667370.0,2264928051.0746403,2026-07-14
2025-01-17,sz.301031,中熔电气,47.469933,48.51273,49.2653574,47.0845515,611395,64813844.0,1.2826,2.0992,47668408.0,2312524606.83384,2026-07-14
2025-01-20,sz.301031,中熔电气,48.6170097,49.4104422,50.3036205,48.5898063,645730,70514909.4,1.3546,1.8505,47669423.0,2355367269.8488507,2026-07-14
2025-01-21,sz.301031,中熔电气,51.187731,52.9967571,53.726715,51.0381123,1512263,174622690.01,3.1725,7.2582,47667864.0,2526242209.8838344,2026-07-14
2025-01-22,sz.301031,中熔电气,52.2033246,53.5861641,53.8717998,52.2033246,1116466,131170422.3,2.3422,1.1122,47667407.0,2554313493.723489,2026-07-14
2025-01-23,sz.301031,中熔电气,53.5861641,52.9650198,54.4068,52.3846806,897600,105440198.0,1.883,-1.1592,47668614.0,2524769084.348557,2026-07-14
2025-01-24,sz.301031,中熔电气,52.9514181,55.8667158,56.6510805,52.8017994,1218100,148358309.0,2.5554,5.4785,47667684.0,2663036954.872207,2026-07-14
2025-01-27,sz.301031,中熔电气,55.31358,54.1483677,56.67375,53.7493845,1459700,176293500.0,3.0622,-3.0758,47668343.0,2581162964.413721,2026-07-14
2025-02-05,sz.301031,中熔电气,54.4476051,51.550443,54.4476051,51.0789174,1297465,149357278.6,2.7219,-4.7978,47667622.0,2457287030.856546,2026-07-14
2025-02-06,sz.301031,中熔电气,51.5232396,54.0803592,54.0803592,50.7887478,1212300,140208346.35,2.5432,4.9077,47668292.0,2577918353.8104863,2026-07-14
2025-02-07,sz.301031,中熔电气,53.95341,55.7443005,56.1659532,53.7675201,1010000,123410594.0,2.1188,3.0768,47668492.0,2657246742.4298463,2026-07-14
2025-02-10,sz.301031,中熔电气,55.540275,53.6859099,55.6173513,52.3801467,967000,113749255.0,2.0286,-3.6926,47668343.0,2559118367.3802958,2026-07-14
2025-02-11,sz.301031,中熔电气,53.3685369,53.6496387,54.225444,52.6521807,538700,63358526.0,1.1301,-0.0676,47668348.0,2557389647.6258674,2026-07-14
2025-02-12,sz.301031,中熔电气,53.2325199,54.3342576,55.2501054,53.2325199,682314,81869035.6,1.4314,1.2761,47667598.0,2589983548.905245,2026-07-14
2025-02-13,sz.301031,中熔电气,54.1574355,52.6975197,54.4022661,52.6748502,495157,58151756.11,1.0388,-3.0123,47666250.0,2511893148.400125,2026-07-14
2025-02-14,sz.301031,中熔电气,52.4844264,53.50002,54.1392999,52.1670534,430100,50667368.58,0.9023,1.5228,47667073.0,2550189358.8414598,2026-07-14
2025-02-17,sz.301031,中熔电气,53.273325,52.8154011,53.4954861,52.457223,487300,56820620.0,1.0223,-1.2797,47667025.0,2517553044.6187277,2026-07-14
2025-02-18,sz.301031,中熔电气,53.001291,52.275867,53.8672659,51.8406126,559200,65084652.0,1.1731,-1.0215,47668570.0,2491915825.40019,2026-07-14
2025-02-19,sz.301031,中熔电气,52.0401042,51.958494,52.865274,51.6365871,818300,94092581.0,1.7167,-0.6071,47667036.0,2476707404.003784,2026-07-14
2025-02-20,sz.301031,中熔电气,52.1353161,51.097053,52.3484094,50.3081544,1115100,125537013.0,2.3393,-1.6579,47668106.0,2435699738.691618,2026-07-14
2025-02-21,sz.301031,中熔电气,51.6365871,54.5972238,55.2501054,51.0154428,1448700,171579883.0,3.0391,6.85,47668718.0,2602579664.9050884,2026-07-14
2025-02-24,sz.301031,中熔电气,54.9281985,54.86019,55.7125632,53.4365454,964300,116083695.0,2.0229,0.4816,47669188.0,2615140710.8257203,2026-07-14
2025-02-25,sz.301031,中熔电气,54.3841305,55.449597,55.76697,52.819935,1107772,133432556.72,2.3239,1.0744,47668660.0,2643207986.5300198,2026-07-14
2025-02-26,sz.301031,中熔电气,55.6218852,56.7462924,58.6278609,55.31358,1557520,197067921.2,3.2674,2.3385,47668483.0,2705009674.5824294,2026-07-14
2025-02-27,sz.301031,中熔电气,56.537733,56.0163345,57.0137925,54.9644697,887700,109689974.0,1.8622,-1.2864,47669423.0,2670266344.1899934,2026-07-14
2025-02-28,sz.301031,中熔电气,56.0118006,52.0310364,56.0118006,51.23307,1176000,138439467.0,2.467,-7.1145,47669234.0,2480279649.4141173,2026-07-14
2025-03-03,sz.301031,中熔电气,52.13985,52.457223,54.0214185,51.9494262,766400,89863573.0,1.6078,0.8191,47667620.0,2500510972.2192597,2026-07-14
2025-03-04,sz.301031,中熔电气,52.1443839,52.3438755,53.6315031,52.003833,625386,72694017.7,1.312,-0.2161,47666616.0,2495055413.4103084,2026-07-14
2025-03-05,sz.301031,中熔电气,52.9468842,52.6295112,52.9468842,51.1197225,606200,69506693.0,1.2717,0.5457,47668475.0,2508768538.8994203,2026-07-14
2025-03-06,sz.301031,中熔电气,52.774596,52.8471384,53.0239605,52.0990449,1026081,119016215.3,2.1525,0.4135,47669268.0,2519184403.4226913,2026-07-14
2025-03-07,sz.301031,中熔电气,52.5796383,51.4869684,52.7020536,50.915697,1071762,121741062.02,2.2484,-2.5738,47667764.0,2454268658.766658,2026-07-14
2025-03-10,sz.301031,中熔电气,51.1242564,53.6405709,54.3705288,51.1242564,1528850,179968101.98,3.2073,4.1828,47667820.0,2556929078.358438,2026-07-14
2025-03-11,sz.301031,中熔电气,53.0556978,55.2591732,56.22036,52.8516723,1162232,141060378.16,2.4382,3.0175,47667624.0,2634073490.6484766,2026-07-14
2025-03-12,sz.301031,中熔电气,58.8772254,59.3986239,62.3275233,56.7780297,2293100,298196196.73,4.8105,7.491,47668642.0,2831451737.981744,2026-07-14
2025-03-13,sz.301031,中熔电气,58.714005,60.9854889,63.4746,58.5099795,2768000,378309330.14,5.8068,2.6716,47668251.0,2907071592.2429137,2026-07-14
2025-03-14,sz.301031,中熔电气,61.0444296,62.1552351,64.018668,60.30087,2378800,327009200.0,4.9903,1.9181,47668477.0,2962845394.7939425,2026-07-14
2025-03-17,sz.301031,中熔电气,61.66104,59.9517597,62.1461673,58.305954,2393851,315042703.57,5.0219,-3.5451,47668233.0,2857794450.13961,2026-07-14
2025-03-18,sz.301031,中熔电气,63.5244729,62.1370995,68.5888392,61.66104,3892613,556328389.66,8.166,3.6452,47668540.0,2961984812.99973,2026-07-14
2025-03-19,sz.301031,中熔电气,61.2665907,58.7820135,61.9512096,58.5643863,2119966,280477006.02,4.4473,-5.3995,47668608.0,2802056758.982208,2026-07-14
2025-03-20,sz.301031,中熔电气,58.7820135,59.4484968,60.3416751,58.305954,1249380,164149360.0,2.621,1.1338,47668066.0,2833794869.063189,2026-07-14
2025-03-21,sz.301031,中熔电气,58.5870558,57.6440046,59.2626069,57.2087502,969800,124422540.0,2.0345,-3.0354,47667732.0,2747758962.6795673,2026-07-14
2025-03-24,sz.301031,中熔电气,57.625869,57.489852,58.2062082,56.3019702,838962,105880628.87,1.76,-0.2674,47668295.0,2740443224.64234,2026-07-14
2025-03-25,sz.301031,中熔电气,57.6666741,56.3745126,58.6187931,56.2158261,645663,81109833.9,1.3545,-1.9401,47667996.0,2687260041.1187496,2026-07-14
2025-03-26,sz.301031,中熔电气,56.0027328,55.3997241,57.0319281,55.268241,689651,85167322.35,1.4468,-1.7291,47667335.0,2640757207.5822735,2026-07-14
2025-03-27,sz.301031,中熔电气,55.2274359,54.814851,56.3971821,54.497478,801326,97912975.44,1.681,-1.0557,47669601.0,2613002076.0444508,2026-07-14
2025-03-28,sz.301031,中熔电气,55.31358,55.7261649,58.0112505,54.8647239,1290551,161606418.96,2.7074,1.6625,47667541.0,2656329250.143511,2026-07-14
2025-03-31,sz.301031,中熔电气,55.6037496,54.8783256,55.9256565,54.1166304,789466,95566653.92,1.6562,-1.5214,47667311.0,2615902213.5344615,2026-07-14
2025-04-01,sz.301031,中熔电气,54.9690036,54.9780714,55.9755294,54.5337492,861700,104800882.0,1.8077,0.1818,47668308.0,2620711640.741191,2026-07-14
2025-04-02,sz.301031,中熔电气,54.86019,56.2520973,57.58053,54.8420544,868500,108670955.0,1.822,2.3173,47667398.0,2681391110.3338256,2026-07-14
2025-04-03,sz.301031,中熔电气,55.4223936,54.633495,55.7851056,53.7539184,896232,108040866.6,1.8801,-2.8774,47669379.0,2604344779.249605,2026-07-14
2025-04-07,sz.301031,中熔电气,51.2149344,45.7515849,51.5187057,43.9969656,1476200,156338968.68,3.0968,-16.2573,47668561.0,2180912215.652329,2026-07-14
2025-04-08,sz.301031,中熔电气,46.2956529,48.0638739,49.192815,46.291119,1153651,121312959.17,2.4202,5.054,47667589.0,2291088986.813027,2026-07-14
2025-04-09,sz.301031,中熔电气,47.0981532,47.5560771,48.694086,44.9898897,1093351,113938721.4,2.2937,-1.0565,47667568.0,2266882538.977493,2026-07-14
2025-04-10,sz.301031,中熔电气,48.830103,48.8119674,50.6663325,48.7122216,1113600,121685313.0,2.3361,2.6409,47669192.0,2326827045.888341,2026-07-14
2025-04-11,sz.301031,中熔电气,48.3359079,50.008917,50.6663325,48.05934,662965,72654655.9,1.3908,2.4522,47667889.0,2383819504.5662127,2026-07-14
2025-04-14,sz.301031,中熔电气,50.6391291,49.691544,51.1650615,49.5328575,780800,86631391.35,1.638,-0.6346,47667888.0,2368690953.939072,2026-07-14
2025-04-15,sz.301031,中熔电气,49.4875185,50.2492137,50.4849765,49.1973489,412200,45378271.0,0.8647,1.1223,47669712.0,2395365545.3054543,2026-07-14
2025-04-16,sz.301031,中熔电气,50.099595,48.9797217,50.2900188,48.603408,516200,56127630.0,1.0829,-2.5264,47668298.0,2334779969.9526668,2026-07-14
2025-04-17,sz.301031,中熔电气,48.96612,52.59324,53.7448506,48.05934,1377598,157840360.9,2.89,7.3776,47667751.0,2507001468.60324,2026-07-14
2025-04-18,sz.301031,中熔电气,52.5796383,53.95341,54.180105,51.7998075,1024550,120519740.52,2.1493,2.5862,47669009.0,2571905586.87069,2026-07-14
2025-04-21,sz.301031,中熔电气,56.6465466,55.5765462,58.0067166,54.1937067,2153858,264050654.96,4.5184,3.0084,47668600.0,2649256150.18932,2026-07-14
2025-04-22,sz.301031,中熔电气,55.2183681,55.1548935,56.22036,54.633495,1085800,132832856.0,2.2778,-0.7587,47668803.0,2629167752.7374806,2026-07-14
2025-04-23,sz.301031,中熔电气,56.1614193,54.86019,56.1614193,54.6743001,802074,97350617.29,1.6826,-0.5343,47668727.0,2615115420.27813,2026-07-14
2025-04-24,sz.301031,中熔电气,54.8012493,54.5926899,55.268241,53.5952319,1107375,133455118.75,2.3231,-0.4876,47667987.0,2602323632.4482317,2026-07-14
2025-04-25,sz.301031,中熔电气,54.9554019,54.8375205,54.9554019,54.0939609,663900,80013380.0,1.3927,0.4485,47669994.0,2614104273.209877,2026-07-14
2025-04-28,sz.301031,中熔电气,54.7876476,53.4773505,55.041546,53.0556978,745568,88310863.24,1.5641,-2.4804,47667540.0,2549133744.05277,2026-07-14
2025-04-29,sz.301031,中熔电气,53.1917148,53.5589607,54.769512,53.0602317,715600,85094267.0,1.5012,0.1526,47668532.0,2553077032.0146923,2026-07-14
2025-04-30,sz.301031,中熔电气,53.50002,54.0984948,54.9236646,53.3050623,683300,81793090.0,1.4334,1.0074,47669876.0,2578868538.9026446,2026-07-14
2025-05-06,sz.301031,中熔电气,54.588156,56.991123,56.991123,54.4113339,1473295,182150571.85,3.0907,5.347,47668651.0,2716689952.385073,2026-07-14
2025-05-07,sz.301031,中熔电气,57.3583689,57.7845555,58.260615,57.1498095,915495,116587538.65,1.9205,1.3922,47669617.0,2754567629.2002435,2026-07-14
2025-05-08,sz.301031,中熔电气,57.7845555,57.8616318,59.2535391,57.1316739,654734,83948432.7,1.3735,0.1334,47669021.0,2758207341.368468,2026-07-14
2025-05-09,sz.301031,中熔电气,57.8026911,57.263157,59.3306154,56.855106,1043557,133198540.81,2.1892,-1.0343,47668418.0,2729644103.875626,2026-07-14
2025-05-12,sz.301031,中熔电气,57.8117589,57.5215893,57.897903,56.8596399,533800,67518113.0,1.1198,0.4513,47669227.0,2742009697.742471,2026-07-14
2025-05-13,sz.301031,中熔电气,58.0384539,57.3311655,58.577988,57.081801,656895,83457756.45,1.3781,-0.331,47666715.0,2732788326.5063324,2026-07-14
2025-05-14,sz.301031,中熔电气,57.3311655,58.1971404,59.39409,56.900445,1006795,129596825.85,2.1121,1.5105,47667961.0,2774139018.8987246,2026-07-14
2025-05-15,sz.301031,中熔电气,58.0384539,57.1498095,58.3376913,56.7417585,631600,79958499.0,1.325,-1.7996,47667925.0,2724212833.010288,2026-07-14
2025-05-16,sz.301031,中熔电气,57.0681993,56.4697245,57.7029453,56.2475634,568400,71231547.0,1.1924,-1.19,47668568.0,2691830902.269516,2026-07-14
2025-05-19,sz.301031,中熔电气,56.4969279,55.9165887,56.6510805,55.76697,488200,60370845.0,1.0242,-0.9795,47666471.0,2665346453.6874776,2026-07-14
2025-05-20,sz.301031,中熔电气,56.1206142,56.0254023,56.3201058,55.0914189,479397,59041965.04,1.0057,0.1946,47667992.0,2670618428.6331816,2026-07-14
2025-05-21,sz.301031,中熔电气,56.1704871,55.1367579,56.4833262,54.86019,757000,92761739.0,1.5881,-1.5861,47667023.0,2628205106.9647317,2026-07-14
2025-05-22,sz.301031,中熔电气,55.1367579,55.494936,57.0319281,54.8783256,992200,122463016.0,2.0815,0.6496,47667547.0,2645307470.041992,2026-07-14
2025-05-23,sz.301031,中熔电气,55.4904021,54.0168846,55.676292,53.908071,853878,103297033.24,1.7913,-2.6634,47668062.0,2574880204.159645,2026-07-14
2025-05-26,sz.301031,中熔电气,54.2934525,53.7040455,54.8737917,53.1237063,1098700,130783650.0,2.3049,-0.5792,47668012.0,2559965085.342546,2026-07-14
2025-05-27,sz.301031,中熔电气,53.7992574,52.8698079,53.8808676,52.4436213,728967,84997030.33,1.5292,-1.5534,47669827.0,2520294596.1162333,2026-07-14
2025-05-28,sz.301031,中熔电气,52.819935,52.2169263,53.227986,52.0129008,450800,52048695.0,0.9457,-1.2349,47668394.0,2489097016.3373623,2026-07-14
2025-05-29,sz.301031,中熔电气,52.4345535,52.7836638,53.2914606,52.2214602,732033,85059138.68,1.5357,1.0854,47667709.0,2516076325.9722342,2026-07-14
2025-05-30,sz.301031,中熔电气,52.567944,52.04226456,53.10036292,51.220048,1047053,81355897.25,1.4868,-1.4045,70423258.0,3664985824.0131364,2026-07-14
2025-06-03,sz.301031,中熔电气,52.04226456,51.4896272,52.27814636,50.2765208,1017967,77541343.27,1.4455,-1.0619,70423175.0,3626063026.9903603,2026-07-14
2025-06-04,sz.301031,中熔电气,51.67159316,51.70529056,52.77686788,51.23352696,921016,70893229.56,1.3078,0.4188,70424836.0,3641336608.020348,2026-07-14
2025-06-05,sz.301031,中熔电气,51.84681964,52.75664944,53.20145512,51.4559298,818338,63646631.26,1.162,2.0334,70424957.0,3715384768.276074,2026-07-14
2025-06-06,sz.301031,中熔电气,52.7701284,52.88469956,53.16101824,52.30510428,544090,42543539.7,0.7726,0.2427,70423246.0,3724312206.749972,2026-07-14
2025-06-09,sz.301031,中熔电气,52.88469956,51.98160924,53.08014448,51.78616432,1026345,79809632.01,1.4574,-1.7077,70423014.0,3660701595.251049,2026-07-14
2025-06-10,sz.301031,中熔电气,51.96813028,50.99090568,52.23097,50.72132648,1011796,77078380.52,1.4367,-1.9059,70425002.0,3591034634.495811,2026-07-14
2025-06-11,sz.301031,中熔电气,50.6134948,52.01530664,52.37249908,50.6134948,739816,56873047.24,1.0505,2.009,70425131.0,3663184784.1271696,2026-07-14
2025-06-12,sz.301031,中熔电气,51.893996,51.79964328,53.21493408,51.34135864,1124612,87464581.48,1.5969,-0.4146,70424698.0,3647974234.5017295,2026-07-14
2025-06-13,sz.301031,中熔电气,51.61767732,50.00020212,52.03552508,49.872152,1115646,83558408.39,1.5842,-3.4738,70423305.0,3521179483.9584064,2026-07-14
2025-06-16,sz.301031,中熔电气,50.0743364,50.0069416,50.50566312,49.85867304,975952,72520060.41,1.3858,0.0135,70425170.0,3521747363.3600717,2026-07-14
2025-06-17,sz.301031,中熔电气,50.01368108,49.99346264,50.209126,49.62953072,755107,55899521.25,1.0722,-0.027,70425947.0,3520836950.23112,2026-07-14
2025-06-18,sz.301031,中熔电气,50.0069416,50.3102182,50.43152884,49.6025728,580633,43108316.18,0.8245,0.6336,70422438.0,3542968221.9559717,2026-07-14
2025-06-19,sz.301031,中熔电气,50.12151276,50.22934444,51.19982956,49.9395468,838064,62996324.12,1.19,-0.1608,70425546.0,3537429007.4090643,2026-07-14
2025-06-20,sz.301031,中熔电气,50.08107588,49.6025728,50.70784752,49.366691,704740,52122945.44,1.0007,-1.2478,70424703.0,3493246457.4758782,2026-07-14
2025-06-23,sz.301031,中熔电气,49.4003884,50.55283948,51.557022,49.198204,1191200,89057281.32,1.6915,1.9158,70422702.0,3560067549.953875,2026-07-14
2025-06-24,sz.301031,中熔电气,50.5461,52.5005492,52.79034684,50.209126,1306628,100157501.16,1.9086,3.8528,68460023.0,3594188805.744632,2026-07-14
2025-06-25,sz.301031,中熔电气,52.6690362,54.6908802,55.65462584,52.64207828,1966378,158935451.44,2.8723,4.172,68460049.0,3744140338.34513,2026-07-14
2025-06-26,sz.301031,中熔电气,54.51565372,52.85774164,54.8930646,52.78360736,1313258,104798096.74,1.9183,-3.3518,68459469.0,3618612925.213589,2026-07-14
2025-06-27,sz.301031,中熔电气,52.77686788,53.22167356,53.578866,52.69599412,973751,76715058.1,1.4157,0.6885,68782299.0,3660709064.0843143,2026-07-14
2025-06-30,sz.301031,中熔电气,53.50473172,53.6799582,53.77431092,52.72295204,1084353,85616087.39,1.5765,0.8611,68782303.0,3692231149.939735,2026-07-14
2025-07-01,sz.301031,中熔电气,53.6799582,52.72295204,53.89562156,52.567944,909472,71568558.45,1.3222,-1.7828,68784753.0,3626535233.5022464,2026-07-14
2025-07-02,sz.301031,中熔电气,52.85774164,52.21075156,53.45755536,51.7929038,1058452,82204889.88,1.5388,-0.9715,68784247.0,3591277231.358675,2026-07-14
2025-07-03,sz.301031,中熔电气,52.1635752,52.41293596,53.0060102,52.1635752,942227,73466991.55,1.3699,0.3872,68780714.0,3604999158.1650753,2026-07-14
2025-07-04,sz.301031,中熔电气,52.57468348,52.00182768,52.68925464,51.7592064,686110,53069969.18,0.9975,-0.7844,68782957.0,3576839477.2348495,2026-07-14
2025-07-07,sz.301031,中熔电气,52.22423052,51.8266012,52.23097,51.051561,722992,55266396.2,1.0511,-0.337,68784321.0,3564857573.279785,2026-07-14
2025-07-08,sz.301031,中熔电气,51.94791184,54.75153552,55.263736,51.893996,2414802,194371254.91,3.5108,5.6437,68782101.0,3765925646.0417275,2026-07-14
2025-07-09,sz.301031,中熔电气,54.75153552,54.17867972,55.0615516,53.85518468,1160337,93455214.07,1.687,-1.0463,68781091.0,3726468700.0811744,2026-07-14
2025-07-10,sz.301031,中熔电气,53.86192416,54.1517218,54.57630904,53.5114712,818544,65583214.84,1.1901,-0.0498,68779430.0,3724524558.9225736,2026-07-14
2025-07-11,sz.301031,中熔电气,54.12476388,55.01437524,55.59397052,53.24863148,1565803,126679648.1,2.2765,1.593,68781155.0,3783952270.6106024,2026-07-14
2025-07-14,sz.301031,中熔电气,57.56189868,55.59397052,57.8247384,55.59397052,2659333,222110032.52,3.8663,1.0535,68782376.0,3823885383.6395555,2026-07-14
2025-07-15,sz.301031,中熔电气,55.68158376,54.4549984,55.937684,54.05736908,1795408,146206356.92,2.6089,-2.0487,68818583.0,3747515827.1552672,2026-07-14
2025-07-16,sz.301031,中熔电气,54.86610668,55.27721496,56.94186652,54.589788,1800648,149205676.92,2.6165,1.5099,68818957.0,3804120279.411997,2026-07-14
2025-07-17,sz.301031,中熔电气,54.98741732,55.20982016,55.65462584,54.3202088,1376767,112553535.87,2.0006,-0.1219,68817705.0,3799413116.873933,2026-07-14
2025-07-18,sz.301031,中熔电气,55.41200456,54.7245776,56.611632,54.56956956,2340571,192542744.99,3.4011,-0.8789,68818059.0,3766039210.026879,2026-07-14
2025-07-21,sz.301031,中熔电气,54.70435916,55.00763576,55.13568588,54.36064568,1412497,114804258.38,2.0525,0.5172,68818368.0,3785535720.54164,2026-07-14
2025-07-22,sz.301031,中熔电气,54.926762,56.58467408,58.296502,54.1854192,2741564,231390056.91,3.9838,2.8669,68817812.0,3894033462.918713,2026-07-14
2025-07-23,sz.301031,中熔电气,56.60489252,56.1398684,56.71946368,55.937684,1179974,98571347.45,1.7146,-0.7861,68819200.0,3863500831.39328,2026-07-14
2025-07-24,sz.301031,中熔电气,56.274658,56.89469016,57.67646984,56.274658,1460196,123606268.02,2.1218,1.3445,68818739.0,3915420832.6069083,2026-07-14
2025-07-25,sz.301031,中熔电气,56.88795068,56.93512704,57.19796676,56.41618708,1248168,105127748.48,1.8137,0.0711,68818879.0,3918211618.615388,2026-07-14
2025-07-28,sz.301031,中熔电气,56.95534548,57.73712516,58.40433368,56.29487644,2286399,194917374.31,3.3224,1.4086,68817692.0,3973335696.2263308,2026-07-14
2025-07-29,sz.301031,中熔电气,57.4877644,57.3866722,57.87865424,56.8812112,1376211,117019295.58,1.9998,-0.607,68817432.0,3949203411.8297906,2026-07-14
2025-07-30,sz.301031,中熔电气,57.3192774,57.50798284,57.7573436,56.4094476,1361423,115462600.31,1.9783,0.2114,68817823.0,3957574184.170157,2026-07-14
2025-07-31,sz.301031,中熔电气,57.13057196,56.73968212,59.36133984,56.3420528,2606468,224759179.88,3.7875,-1.336,68817637.0,3904690847.6295505,2026-07-14
2025-08-01,sz.301031,中熔电气,56.75316108,56.1398684,56.75316108,55.25699652,1647436,137153751.84,2.3939,-1.0571,68818079.0,3863437898.6008034,2026-07-14
2025-08-04,sz.301031,中熔电气,55.54679416,58.05388072,58.28302304,55.2974334,1916580,161828493.56,2.785,3.4094,68817953.0,3995149234.8565664,2026-07-14
2025-08-05,sz.301031,中熔电气,58.0269228,58.32345992,58.7682656,57.5214618,1544864,133416407.92,2.2449,0.4644,68816607.0,4013622620.1948915,2026-07-14
2025-08-06,sz.301031,中熔电气,58.2291072,57.8921332,58.61325756,57.622554,1091076,93905891.49,1.5855,-0.7395,68815894.0,3983898901.725081,2026-07-14
2025-08-07,sz.301031,中熔电气,58.24258616,57.24514312,58.57956016,56.92838756,1188708,101447531.43,1.7273,-1.1176,68818850.0,3939544917.603812,2026-07-14
2025-08-08,sz.301031,中熔电气,57.06317716,57.47428544,58.53912328,56.8812112,1594552,136526299.88,2.3171,0.4003,68816711.0,3955191291.055988,2026-07-14
2025-08-11,sz.301031,中熔电气,57.3529748,58.75478664,59.45569256,57.27884052,1965624,171108005.81,2.8563,2.228,68817141.0,4043336436.629796,2026-07-14
2025-08-12,sz.301031,中熔电气,58.75478664,59.32764244,61.07316776,58.7345682,2424625,215197427.01,3.5233,0.975,68816876.0,4082743013.1658173,2026-07-14
2025-08-13,sz.301031,中熔电气,59.307424,60.49357248,60.59466468,58.41781264,2454538,216063017.95,3.5667,1.9652,68818179.0,4163057499.278114,2026-07-14
2025-08-14,sz.301031,中熔电气,60.30486704,58.3638968,60.486833,58.25606512,2760941,242442785.08,4.012,-3.5205,68817074.0,4016432605.013963,2026-07-14
2025-08-15,sz.301031,中熔电气,58.04714124,60.29138808,60.57444624,58.04040176,2633747,233327775.09,3.8271,3.3025,68818348.0,4149153726.2924914,2026-07-14
2025-08-18,sz.301031,中熔电气,60.59466468,61.18099944,62.38736636,60.0824642,2755698,250454497.12,4.0043,1.4755,68818470.0,4210382774.5316567,2026-07-14
2025-08-19,sz.301031,中熔电气,61.23491528,61.61232616,61.8010316,60.318346,2006456,182059135.98,2.9156,0.705,68817945.0,4240033673.0009413,2026-07-14
2025-08-20,sz.301031,中熔电气,61.329268,62.36040844,62.36040844,60.1835564,1924657,175430280.86,2.7967,1.2142,68818858.0,4291572093.2543616,2026-07-14
2025-08-21,sz.301031,中熔电气,62.36040844,61.41014176,63.2163224,61.32252852,1736551,159646742.19,2.5234,-1.5238,68817904.0,4226117240.2660713,2026-07-14
2025-08-22,sz.301031,中熔电气,61.45057864,62.6434666,62.6434666,61.45057864,1531636,141362285.67,2.2256,2.0083,68819015.0,4311061667.5974,2026-07-14
2025-08-25,sz.301031,中熔电气,62.8793484,61.51797344,63.53981744,60.90468076,2882932,265272128.77,4.1892,-1.7967,68818199.0,4233556138.2706347,2026-07-14
2025-08-26,sz.301031,中熔电气,61.49101552,60.9248992,62.06387132,60.80358856,2423934,220731187.64,3.5223,-0.9641,68816796.0,4192656359.566963,2026-07-14
2025-08-27,sz.301031,中熔电气,61.1944784,60.15659848,62.79173516,59.69831384,3175656,290123147.04,4.6146,-1.2611,68817579.0,4139831468.26868,2026-07-14
2025-08-28,sz.301031,中熔电气,60.992294,62.003216,63.3174146,59.70505332,3681868,336905532.11,5.3502,3.0697,68817390.0,4266899496.72624,2026-07-14
2025-08-29,sz.301031,中熔电气,61.71341836,62.7445588,63.14218812,60.48009352,2718745,249790202.35,3.9506,1.1957,68818534.0,4317988553.092799,2026-07-14
2025-09-01,sz.301031,中熔电气,72.786384,75.29347056,75.29347056,70.23886056,5923690,642577081.1,8.6078,20.0,68817700.0,5181523468.956912,2026-07-14
2025-09-02,sz.301031,中熔电气,75.2799916,69.57165204,75.81915,68.25745344,12490358,1311116953.36,18.1499,-7.5994,68817779.0,4787766574.753619,2026-07-14
2025-09-03,sz.301031,中熔电气,70.2253816,74.3364644,78.62277368,66.720852,10598410,1120831833.34,15.4007,6.8488,68817716.0,5115665695.523311,2026-07-14
2025-09-04,sz.301031,中熔电气,75.82588948,70.65670832,76.3583084,68.81683028,8563861,914769432.14,12.4443,-4.9501,68817539.0,4862420780.423225,2026-07-14
2025-09-05,sz.301031,中熔电气,72.20004924,72.9211736,75.94720012,70.76454,7854092,845664763.27,11.4129,3.2049,68817671.0,5018265333.738686,2026-07-14
2025-09-08,sz.301031,中熔电气,72.3820152,71.11499296,72.70551024,69.1807622,5965159,627515367.64,8.6681,-2.4769,68817376.0,4893947209.765673,2026-07-14
2025-09-09,sz.301031,中熔电气,70.64996884,67.3948,71.08803504,67.07130496,5020655,512364362.28,7.2956,-5.2312,68817575.0,4637946703.610001,2026-07-14
2025-09-10,sz.301031,中熔电气,67.42175792,69.37620712,72.88073672,67.42175792,5053299,526578942.72,7.343,2.94,68817908.0,4774325438.973105,2026-07-14
2025-09-11,sz.301031,中熔电气,69.74013904,71.9776464,72.7189892,69.07967,4757508,504222043.69,6.9132,3.7498,68817740.0,4953338955.767136,2026-07-14
2025-09-12,sz.301031,中熔电气,71.81589888,69.4840388,71.8428568,69.38968608,3825431,398438077.25,5.5588,-3.4644,68817569.0,4781722634.517676,2026-07-14
2025-09-15,sz.301031,中熔电气,71.20934568,72.16635184,74.37690128,70.76454,5405512,581921358.51,7.8548,3.8603,68817946.0,4966340103.942121,2026-07-14
2025-09-16,sz.301031,中熔电气,72.16635184,71.24978256,72.44941,69.753618,3703642,389411647.84,5.3818,-1.2701,68817905.0,4903260767.484736,2026-07-14
2025-09-17,sz.301031,中熔电气,71.06107712,71.101514,72.22700716,70.00971824,2707119,286080829.94,3.9338,-0.2081,68816895.0,4892985423.27903,2026-07-14
2025-09-18,sz.301031,中熔电气,71.1824978,75.78862248,79.69337532,70.81158,7045621,785370949.77,10.2381,6.5921,68817661.0,5215595729.48562,2026-07-14
2025-09-19,sz.301031,中熔电气,76.46301848,74.15658416,76.53720204,73.15847808,3914202,434019845.84,5.6878,-2.1534,68817504.0,5103271027.057137,2026-07-14
2025-09-22,sz.301031,中熔电气,74.19030396,74.7905164,76.69905708,73.0370868,3992349,444953527.19,5.8013,0.8549,68818179.0,5146947145.117636,2026-07-14
2025-09-23,sz.301031,中熔电气,75.532352,72.834768,77.3532212,71.8568938,4828313,531573777.32,7.0161,-2.615,68817619.0,5012315314.177392,2026-07-14
2025-09-24,sz.301031,中熔电气,73.73171468,73.63729924,74.18356,71.8568938,3094634,335456550.08,4.4969,1.1019,68817052.0,5067501850.938641,2026-07-14
2025-09-25,sz.301031,中熔电气,73.6440432,78.41876688,80.00359748,72.94267136,5514167,629836406.81,8.0127,6.4933,68817839.0,5396610073.726373,2026-07-14
2025-09-26,sz.301031,中熔电气,78.35807124,76.46976244,78.78968468,75.24910568,4009037,455308084.01,5.8256,-2.4854,68817581.0,5262464070.765457,2026-07-14
2025-09-29,sz.301031,中熔电气,77.09020676,79.59221592,79.76755888,76.881144,4832330,563055433.85,7.0219,4.0833,68817984.0,5477375841.707106,2026-07-14
2025-09-30,sz.301031,中熔电气,78.904332,82.61351,83.46999292,76.99579132,6470399,773443740.13,9.4022,3.796,68817926.0,5685290417.78026,2026-07-14
2025-10-09,sz.301031,中熔电气,82.20212844,82.4786308,83.4902248,79.76755888,5113961,616624808.1,7.4312,-0.1633,68817432.0,5675967566.532106,2026-07-14
2025-10-10,sz.301031,中熔电气,80.253124,79.55849612,82.61351,78.41876688,4108895,488861591.84,5.9707,-3.5405,68817643.0,5475028183.603045,2026-07-14
2025-10-13,sz.301031,中熔电气,71.9580532,72.51105792,73.509164,70.00904876,5837213,620260319.75,8.4821,-8.8582,68818017.0,4990067216.626545,2026-07-14
2025-10-14,sz.301031,中熔电气,73.22591768,70.33275884,74.10263248,69.61115512,4259013,456831640.66,6.1888,-3.0041,68818075.0,4840165072.808033,2026-07-14
2025-10-15,sz.301031,中熔电气,70.474382,72.90895156,74.0486808,69.13233396,3538665,376359985.23,5.1421,3.6629,68817506.0,5017412211.43401,2026-07-14
2025-10-16,sz.301031,中熔电气,74.48029424,72.32222704,75.72792684,71.6208552,2830061,307477118.26,4.1124,-0.8047,68817746.0,4977052650.593052,2026-07-14
2025-10-17,sz.301031,中熔电气,72.160372,67.4396,72.20083576,67.29797684,3253068,331970126.5,4.7271,-6.7512,68817414.0,4641018873.1944,2026-07-14
2025-10-20,sz.301031,中熔电气,68.22189936,69.7325464,70.42717428,68.22189936,2166071,223393456.56,3.1476,3.4,68816590.0,4798756055.264776,2026-07-14
2025-10-21,sz.301031,中熔电气,69.73929036,71.53992768,71.7220146,69.52348364,1981844,208123308.44,2.8798,2.5919,68818807.0,4923292475.803878,2026-07-14
2025-10-22,sz.301031,中熔电气,71.00041088,70.0023048,71.00041088,69.6651068,1228491,127927706.43,1.7851,-2.1493,68819170.0,4817500514.423017,2026-07-14
2025-10-23,sz.301031,中熔电气,69.61789908,70.66995684,70.7778602,67.96562888,1638723,168118296.66,2.3813,0.9538,68816319.0,4863246293.617672,2026-07-14
2025-10-24,sz.301031,中熔电气,70.86553168,73.72497072,73.96775328,70.86553168,3165642,344007120.49,4.6,4.3229,68818304.0,5073627447.400059,2026-07-14
2025-10-27,sz.301031,中熔电气,74.857956,76.92835172,77.218342,74.18356,3162967,355444826.26,4.5962,4.345,68817001.0,5293978457.243591,2026-07-14
2025-10-28,sz.301031,中熔电气,81.00844752,78.42551084,83.94881408,78.14900848,6418779,764143841.37,9.3272,1.9462,68817855.0,5397075433.288049,2026-07-14
2025-10-29,sz.301031,中熔电气,79.21455416,79.86871828,80.7926408,78.1624964,2959121,348697977.87,4.2999,1.8402,68818368.0,5496434846.281366,2026-07-14
2025-10-30,sz.301031,中熔电气,80.13173272,79.02572328,81.42657304,79.02572328,2973305,353239290.81,4.3206,-1.0555,68816947.0,5438309010.596426,2026-07-14
2025-10-31,sz.301031,中熔电气,79.05269912,79.45733672,82.16166468,78.92456388,3067879,367757445.34,4.458,0.5462,68817384.0,5468046052.677541,2026-07-14
2025-11-03,sz.301031,中熔电气,79.49105652,80.50939448,81.18379048,77.3195014,3009492,353299215.03,4.3731,1.3241,68818275.0,5540517649.408122,2026-07-14
2025-11-04,sz.301031,中熔电气,81.73005124,80.17219648,84.42089128,79.5112884,3179714,385504651.24,4.6205,-0.4188,68817531.0,5517252616.600491,2026-07-14
2025-11-05,sz.301031,中熔电气,77.5218202,82.53932644,83.61836004,76.59789768,4043226,481219716.43,5.8753,2.9526,68817354.0,5680138046.543039,2026-07-14
2025-11-06,sz.301031,中熔电气,82.09422508,84.22531644,85.816891,81.59517204,4131220,514222326.24,6.0031,2.0427,68818111.0,5796227175.778045,2026-07-14
2025-11-07,sz.301031,中熔电气,83.93532616,75.86955,84.2995,75.35026508,7826180,910755487.44,11.3723,-9.9207,68817917.0,5221184394.72735,2026-07-14
2025-11-10,sz.301031,中熔电气,75.5660718,73.56985964,76.7462648,72.52454584,4380268,480365320.94,6.365,-3.0311,68818036.0,5062933249.220468,2026-07-14
2025-11-11,sz.301031,中熔电气,74.23751168,71.72875856,75.1277144,71.2162176,3169078,341443181.96,4.605,-2.5025,68818198.0,4936243908.876275,2026-07-14
2025-11-12,sz.301031,中熔电气,71.0476186,70.33275884,71.823174,69.64487492,2123237,222325298.69,3.0853,-1.9462,68817846.0,4840148966.606258,2026-07-14
2025-11-13,sz.301031,中熔电气,71.1824978,71.6882948,72.35594684,70.1034642,2747090,290357220.59,3.9918,1.9273,68818328.0,4933468585.307094,2026-07-14
2025-11-14,sz.301031,中熔电气,70.81158,72.34245892,75.0602748,70.474382,3373339,367523167.99,4.9018,0.9125,68818373.0,4978490321.693737,2026-07-14
2025-11-17,sz.301031,中熔电气,72.47059416,70.81832396,72.95615928,70.5418216,2062687,218061582.72,2.9973,-2.1068,68818170.0,4873587457.394353,2026-07-14
2025-11-18,sz.301031,中熔电气,70.54856556,70.44740616,70.81158,69.8674256,1590065,165615839.7,2.3105,-0.5238,68819087.0,4848126173.449376,2026-07-14
2025-11-19,sz.301031,中熔电气,70.81158,70.0023048,72.1940918,69.75952224,1593414,167109577.4,2.3154,-0.6318,68818088.0,4817424771.929223,2026-07-14
2025-11-20,sz.301031,中熔电气,70.4069424,69.11210208,71.2836572,67.44634396,1930717,197166952.14,2.8056,-1.2717,68816545.0,4756056082.832913,2026-07-14
2025-11-21,sz.301031,中熔电气,68.12748392,66.54939728,68.66700072,65.74012208,2189736,217835345.92,3.1819,-3.708,68818505.0,4579830029.460666,2026-07-14
2025-11-24,sz.301031,中熔电气,67.102402,67.92516512,68.49840172,66.97426676,1530362,153558413.2,2.2238,2.0673,68817430.0,4674435295.884042,2026-07-14
2025-11-25,sz.301031,中熔电气,68.27585104,67.83074968,69.68533868,67.776798,1738742,176871690.31,2.5266,-0.139,68817462.0,4667940038.534912,2026-07-14
2025-11-26,sz.301031,中熔电气,67.7430782,67.86446948,68.7209524,67.24402516,1132139,114299299.12,1.6451,0.0497,68818856.0,4670355152.660515,2026-07-14
2025-11-27,sz.301031,中熔电气,67.71610236,68.35677856,69.3953484,67.71610236,1379719,140467573.97,2.0049,0.7254,68817347.0,4704132149.96568,2026-07-14
2025-11-28,sz.301031,中熔电气,68.3500346,69.631387,69.8337058,67.776798,1197368,122512324.13,1.7399,1.8646,68818208.0,4791907273.894496,2026-07-14
2025-12-01,sz.301031,中熔电气,69.3279088,69.34139672,69.8674256,68.79513596,1364343,139946908.37,1.9825,-0.4165,68819319.0,4772027700.779234,2026-07-14
2025-12-02,sz.301031,中熔电气,69.17954168,67.92516512,69.36837256,67.35867248,1454169,146830355.6,2.1131,-2.0424,68816857.0,4674396374.764428,2026-07-14
2025-12-03,sz.301031,中熔电气,67.56099128,67.89818928,68.69397656,67.48006376,1149513,115886625.67,1.6704,-0.0397,68816631.0,4672524637.249915,2026-07-14
2025-12-04,sz.301031,中熔电气,67.75656612,69.12559,69.37511652,67.3721604,1405400,142785634.2,2.0422,1.8077,68817941.0,4757080774.21019,2026-07-14
2025-12-05,sz.301031,中熔电气,68.99745476,72.08618844,72.65942504,68.2488752,2643105,278178100.2,3.8407,4.2829,68818314.0,4960849951.12709,2026-07-14
2025-12-08,sz.301031,中熔电气,72.6998888,73.9475214,74.70958888,72.14014012,2650718,289890607.2,3.8518,2.5821,68817644.0,5088894202.387582,2026-07-14
2025-12-09,sz.301031,中熔电气,74.30495128,73.63055528,75.3974728,73.29335728,1849566,203231548.63,2.6876,-0.4286,68818500.0,5067144368.536679,2026-07-14
2025-12-10,sz.301031,中熔电气,73.509164,72.47733812,73.509164,71.25668136,1555560,166196124.0,2.2604,-1.5662,68817908.0,4987738786.827053,2026-07-14
2025-12-11,sz.301031,中熔电气,72.49757,72.48408208,74.7230768,72.2615314,1505127,164270932.37,2.1871,0.0093,68818390.0,4988237829.37345,2026-07-14
2025-12-12,sz.301031,中熔电气,72.48408208,74.014961,74.9253956,72.48408208,1894402,207480930.82,2.7528,2.112,68817277.0,5093508073.281197,2026-07-14
2025-12-15,sz.301031,中熔电气,73.58334756,72.9022076,74.18356,72.75384048,1322137,143882796.26,1.9212,-1.5034,68818291.0,5017005337.159211,2026-07-14
2025-12-16,sz.301031,中熔电气,72.59198544,71.20272968,72.9696472,70.6767008,1398568,148090328.44,2.0323,-2.3312,68817005.0,4899958604.402208,2026-07-14
2025-12-17,sz.301031,中熔电气,70.39345448,72.0592126,72.10642032,69.98881688,1667944,175518910.5,2.4237,1.2029,68818088.0,4958977233.917508,2026-07-14
2025-12-18,sz.301031,中熔电气,71.485976,71.991773,72.49082604,71.15552196,1107492,117954375.76,1.6093,-0.0936,68818244.0,4954347400.306612,2026-07-14
2025-12-19,sz.301031,中熔电气,71.74899044,70.93971524,72.31548308,70.75088436,1474952,155959704.7,2.1433,-1.4614,68816871.0,4881849232.447814,2026-07-14
2025-12-22,sz.301031,中熔电气,71.0138988,73.63729924,74.62866136,70.89925148,2071743,225217999.32,3.0105,3.8026,68817240.0,5067515694.750898,2026-07-14
2025-12-23,sz.301031,中熔电气,73.43498044,74.0486808,74.520758,72.95615928,1397673,152992415.39,2.031,0.5587,68816987.0,5095807103.980749,2026-07-14
2025-12-24,sz.301031,中熔电气,73.9138016,75.88303792,76.53720204,73.44846836,1760426,197228339.6,2.5581,2.4772,68817716.0,5222097352.795792,2026-07-14
2025-12-25,sz.301031,中熔电气,75.55258388,75.96396544,76.32813928,74.97934728,1309592,147131477.4,1.903,0.1066,68817236.0,5227630137.180324,2026-07-14
2025-12-26,sz.301031,中熔电气,75.65374328,75.2288738,76.59115372,75.026555,1118617,125544396.32,1.6255,-0.9677,68816795.0,5177009986.375471,2026-07-14
2025-12-29,sz.301031,中熔电气,74.520758,76.038149,77.4206608,74.37913484,1835957,207575843.49,2.6679,1.0758,68816560.0,5232683842.94744,2026-07-14
2025-12-30,sz.301031,中熔电气,75.41096072,76.25395572,77.1509024,75.10748252,1447704,164108631.2,2.1037,0.2838,68817037.0,5247571292.179601,2026-07-14
2025-12-31,sz.301031,中熔电气,76.11907652,75.66048724,76.85416816,75.47840032,1055728,118960812.42,1.5341,-0.7783,68817417.0,5206759300.818258,2026-07-14
2026-01-05,sz.301031,中熔电气,75.86280604,76.48999432,77.6566994,75.84931812,1511931,172181871.61,2.197,1.0964,68817979.0,5263886822.823879,2026-07-14
2026-01-06,sz.301031,中熔电气,76.42255472,77.06323092,78.45248668,76.0044292,1992406,228670912.34,2.8952,0.7494,68817560.0,5303303517.630955,2026-07-14
2026-01-07,sz.301031,中熔电气,76.881144,77.00253528,78.2973756,75.87629396,2286023,261209712.65,3.3219,-0.0788,68816731.0,5299062756.68177,2026-07-14
2026-01-08,sz.301031,中熔电气,77.218342,74.97934728,77.218342,74.3184392,2435901,273699644.03,3.5396,-2.6274,68818539.0,5159969134.983224,2026-07-14
2026-01-09,sz.301031,中熔电气,74.520758,75.33677716,76.12582048,74.43983048,2167021,242069131.5,3.1489,0.4767,68818349.0,5184552623.132109,2026-07-14
2026-01-12,sz.301031,中熔电气,75.77513456,74.0486808,76.206748,71.59387936,3749953,407257317.45,5.4491,-1.7098,68817841.0,5095870341.5541525,2026-07-14
2026-01-13,sz.301031,中熔电气,73.76543448,72.74709652,74.54773384,72.2278116,2280932,247362674.94,3.3145,-1.7577,68816775.0,5006220573.120123,2026-07-14
2026-01-14,sz.301031,中熔电气,73.09103848,80.8600804,82.92373216,72.42338644,6367800,729725572.72,9.2531,11.1523,68818018.0,5564630468.4486475,2026-07-14
2026-01-15,sz.301031,中熔电气,78.74247696,80.12498876,81.21751028,78.20970412,3564345,421546064.47,5.1794,-0.9091,68817720.0,5514019041.488827,2026-07-14
2026-01-16,sz.301031,中熔电气,81.65586768,80.80612872,82.85629256,79.578728,3116892,373041185.8,4.5292,0.8501,68817716.0,5560893217.312404,2026-07-14
2026-01-19,sz.301031,中熔电气,80.92752,81.25797404,84.21857248,79.8484864,4249955,513227575.18,6.1757,0.5592,68817381.0,5591960958.798789,2026-07-14
2026-01-20,sz.301031,中熔电气,81.33890156,80.590322,83.90835032,79.578728,4329654,521645238.84,6.2915,-0.8216,68817516.0,5546025773.680152,2026-07-14
2026-01-21,sz.301031,中熔电气,96.12166188,96.7083864,96.7083864,96.11491792,5028065,720338827.92,7.3064,20.0,68817270.0,6655207138.153128,2026-07-14
2026-01-22,sz.301031,中熔电气,106.554568,102.17773796,106.554568,100.66034696,14367434,2189717050.21,20.8775,5.6555,68817789.0,7031646011.428571,2026-07-14
2026-01-23,sz.301031,中熔电气,102.508192,99.9117674,103.856984,97.77393208,7658362,1129364490.21,11.1285,-2.2177,68817559.0,6875683947.843777,2026-07-14
2026-01-26,sz.301031,中熔电气,99.07551636,98.64390292,101.07847248,97.1804636,7348294,1078806431.78,10.6779,-1.269,68817783.0,6788454705.421626,2026-07-14
2026-01-27,sz.301031,中熔电气,97.84137168,99.642009,99.7094486,94.97518868,5890170,850287057.13,8.5591,1.0118,68817633.0,6857127206.744698,2026-07-14
2026-01-28,sz.301031,中熔电气,98.3269368,97.99648276,99.12946804,95.95306288,3386289,488245990.92,4.9207,-1.6514,68817221.0,6743845611.317611,2026-07-14
2026-01-29,sz.301031,中熔电气,97.34231864,94.73240612,99.25760328,94.1456816,2981289,425671580.44,4.3322,-3.3308,68816975.0,6519197623.649886,2026-07-14
2026-01-30,sz.301031,中熔电气,94.1456816,96.43188404,97.63230892,92.2573728,3452769,488322995.82,5.0173,1.794,68817272.0,6636179193.453139,2026-07-14
2026-02-02,sz.301031,中熔电气,97.450222,94.8200776,98.11787404,94.33451248,3497024,498271396.04,5.0816,-1.6714,68817380.0,6525269311.828689,2026-07-14
2026-02-03,sz.301031,中熔电气,95.58214508,96.36444444,96.42514008,93.8759232,3357764,474652881.34,4.8792,1.6287,68817921.0,6631600724.680809,2026-07-14
2026-02-04,sz.301031,中熔电气,95.764232,97.78067604,98.99458884,95.1235558,3545828,513147105.33,5.1525,1.4697,68817623.0,6729033700.405853,2026-07-14
2026-02-05,sz.301031,中熔电气,95.88562328,93.14083156,96.87024144,92.57433892,2858495,397964765.35,4.1537,-4.7452,68818042.0,6409769658.211005,2026-07-14
2026-02-06,sz.301031,中熔电气,92.8306094,95.1572756,96.1351498,91.04346,3072192,429972051.51,4.4642,2.1649,68818422.0,6548573548.611104,2026-07-14
2026-02-09,sz.301031,中熔电气,96.36444444,96.2363092,97.0455844,94.48962356,2002648,285514341.95,2.9101,1.1339,68817154.0,6622708910.608016,2026-07-14
2026-02-10,sz.301031,中熔电气,96.27677296,97.0455844,98.17182572,95.66981656,1849080,265974783.54,2.6869,0.8409,68818341.0,6678516119.78348,2026-07-14
2026-02-11,sz.301031,中熔电气,97.05232836,97.47719784,98.9001734,95.97329476,2186221,315930752.4,3.1768,0.4448,68818339.0,6708218845.723187,2026-07-14
2026-02-12,sz.301031,中熔电气,97.4165022,98.9001734,100.147806,97.1804636,2840002,417829597.87,4.1268,1.4598,68818503.0,6806161879.828421,2026-07-14
2026-02-13,sz.301031,中熔电气,97.65928476,98.3943764,101.496598,97.49068576,2690900,397117360.93,3.9102,-0.5114,68817452.0,6771250274.976933,2026-07-14
2026-02-24,sz.301031,中熔电气,98.3606566,98.967613,101.98216312,97.9897388,3184638,471356585.54,4.6276,0.5826,68818351.0,6810787929.066163,2026-07-14
2026-02-25,sz.301031,中熔电气,99.14295596,99.66898484,99.95897512,97.3153428,2623677,384552386.08,3.8125,0.7087,68817757.0,6858995979.155804,2026-07-14
2026-02-26,sz.301031,中熔电气,99.95223116,101.28079128,101.4628782,98.47530392,2577322,384092055.23,3.7451,1.6172,68818510.0,6969993147.510593,2026-07-14
2026-02-27,sz.301031,中熔电气,100.93684932,98.51576768,100.94359328,96.98488876,3080365,449142886.97,4.4761,-2.7301,68818056.0,6779663617.08523,2026-07-14
2026-03-02,sz.301031,中熔电气,97.30185488,98.73831836,100.3501248,96.70164244,2682548,394110581.58,3.8981,0.2259,68816808.0,6794855896.822994,2026-07-14
2026-03-03,sz.301031,中熔电气,99.45992208,95.1235558,100.47826004,93.741044,2613041,376759158.49,3.797,-3.661,68818567.0,6546266798.100539,2026-07-14
2026-03-04,sz.301031,中熔电气,94.4491598,94.84705344,97.0118646,93.741044,2097840,295970954.2,3.0484,-0.2907,68817740.0,6527159863.400025,2026-07-14
2026-03-05,sz.301031,中熔电气,95.8316716,95.27192292,97.40301428,94.2805608,2061399,292772701.85,2.9954,0.448,68818822.0,6556501505.0292,2026-07-14
2026-03-06,sz.301031,中熔电气,95.2921548,97.79416396,100.3501248,94.50985544,3016278,438549752.89,4.383,2.6474,68817659.0,6729965427.58937,2026-07-14
2026-03-09,sz.301031,中熔电气,95.98678268,96.3037488,96.88372936,90.75346972,2904399,403171580.07,4.2204,-1.524,68818098.0,6627440822.685782,2026-07-14
2026-03-10,sz.301031,中熔电气,96.72861828,102.25192152,103.00050108,96.72861828,3468476,517837974.84,5.0401,6.1765,68817603.0,7036732141.1505165,2026-07-14
2026-03-11,sz.301031,中熔电气,103.52652996,103.26351552,105.58343776,102.2047138,3956622,609516672.19,5.7494,0.9893,68817998.0,7106388404.528329,2026-07-14
2026-03-12,sz.301031,中熔电气,103.43885848,95.5619132,103.44560244,94.42218396,4270784,615060373.48,6.2059,-7.4582,68818125.0,6576391687.83675,2026-07-14
2026-03-13,sz.301031,中熔电气,94.93472492,93.0329282,95.75748804,92.91153692,2361779,329669548.83,3.4319,-2.6464,68818410.0,6402378196.368162,2026-07-14
2026-03-16,sz.301031,中熔电气,93.1678074,94.1119618,94.33451248,91.16485128,1905361,261986452.58,2.7687,1.1598,68817893.0,6476586917.172487,2026-07-14
2026-03-17,sz.301031,中熔电气,93.741044,90.24092876,94.25358496,90.2341848,1852681,252123960.59,2.6922,-4.1132,68816618.0,6210075522.442134,2026-07-14
2026-03-18,sz.301031,中熔电气,90.80067744,95.11681184,95.55516924,89.98465828,2478920,344108022.24,3.6022,5.4032,68816834.0,6545637851.002514,2026-07-14
2026-03-19,sz.301031,中熔电气,93.76801984,96.70164244,98.70459856,93.4712856,2639392,375966954.88,3.8353,1.6662,68818398.0,6654852116.689611,2026-07-14
2026-03-20,sz.301031,中熔电气,97.450222,96.12166188,100.57267548,96.12166188,2719413,395233266.78,3.9516,-0.5998,68818023.0,6614902738.056064,2026-07-14
2026-03-23,sz.301031,中熔电气,95.089836,91.39414592,96.43188404,90.38255192,2641697,364486819.37,3.8387,-4.9183,68817490.0,6289515722.908141,2026-07-14
2026-03-24,sz.301031,中熔电气,92.97897652,94.06475408,94.2805608,90.62533448,1986148,272816780.36,2.8861,2.9221,68817712.0,6473321155.628265,2026-07-14
2026-03-25,sz.301031,中熔电气,94.34125644,95.18425144,96.2025894,93.68034836,1472416,207380108.48,2.1396,1.1901,68817349.0,6550327850.650232,2026-07-14
2026-03-26,sz.301031,中熔电气,95.1909954,94.02429032,96.9107052,93.61965272,1481001,209046676.1,2.1521,-1.2186,68816551.0,6470427370.045087,2026-07-14
2026-03-27,sz.301031,中熔电气,93.26222284,95.66981656,96.22956524,92.64852248,1406640,197506024.8,2.044,1.7501,68818004.0,6583805818.705346,2026-07-14
2026-03-30,sz.301031,中熔电气,95.16401956,97.0455844,98.00997068,94.4828796,1836492,262111174.64,2.6686,1.438,68818557.0,6678537081.62971,2026-07-14
2026-03-31,sz.301031,中熔电气,96.2025894,93.21501512,97.30185488,92.392252,2008088,281542204.04,2.918,-3.9472,68817272.0,6414803049.997153,2026-07-14
2026-04-01,sz.301031,中熔电气,94.73915008,94.28730476,95.53493736,93.24199096,1436835,200874817.76,2.0879,1.1503,68817233.0,6488591420.610929,2026-07-14
2026-04-02,sz.301031,中熔电气,93.72755608,89.74861968,94.36823228,88.4807552,2228971,300135232.8,3.239,-4.8137,68816641.0,6176198540.764095,2026-07-14
2026-04-03,sz.301031,中熔电气,91.4480976,89.84977908,91.4480976,89.020272,1331831,178374297.22,1.9353,0.1127,68817806.0,6183264665.870298,2026-07-14
2026-04-07,sz.301031,中熔电气,90.14651332,92.03482212,92.85084128,90.13976936,1243445,169556027.4,1.8069,2.4319,68816481.0,6333512587.759359,2026-07-14
2026-04-08,sz.301031,中熔电气,94.41544,98.29996096,99.04179656,93.72081212,2626183,378065664.43,3.8161,6.8074,68818506.0,6764856453.125526,2026-07-14
2026-04-09,sz.301031,中熔电气,97.6525408,96.85675352,99.12272408,96.49932364,1843412,266907649.2,2.6787,-1.4682,68817411.0,6665431015.111537,2026-07-14
2026-04-10,sz.301031,中熔电气,97.63230892,98.9338932,99.93199928,96.62745888,2024487,296773635.51,2.9418,2.1445,68817969.0,6808429595.286911,2026-07-14
2026-04-13,sz.301031,中熔电气,98.3269368,98.55623144,100.40407648,97.6525408,1845688,270887386.84,2.682,-0.3817,68817599.0,6782403214.189113,2026-07-14
2026-04-14,sz.301031,中熔电气,99.304811,99.2373714,100.147806,98.461816,1784269,262909921.49,2.5927,0.6911,68818953.0,6829411998.220144,2026-07-14
2026-04-15,sz.301031,中熔电气,99.810608,97.69300456,100.2152456,97.45696596,1598454,234220129.36,2.3227,-1.5562,68818788.0,6723114169.897674,2026-07-14
2026-04-16,sz.301031,中熔电气,97.82788376,100.52546776,102.2721534,97.450222,2718550,402727275.79,3.9504,2.8994,68817082.0,6917869357.928276,2026-07-14
2026-04-17,sz.301031,中熔电气,100.45802816,99.1024922,100.47826004,97.90881128,2115662,310540082.69,3.0743,-1.4155,68817682.0,6820003793.62708,2026-07-14
2026-04-20,sz.301031,中熔电气,99.19690764,100.2826852,101.11893624,98.07066632,1793333,266049647.88,2.6059,1.1909,68818182.0,6901272081.542307,2026-07-14
2026-04-21,sz.301031,中熔电气,100.12757412,101.94169936,105.0708968,99.81735196,2671627,406071028.76,3.8822,1.6543,68817346.0,7015357196.685099,2026-07-14
2026-04-22,sz.301031,中熔电气,101.1594,103.05445276,103.856984,100.67383488,1965637,297907719.16,2.8563,1.0916,68817596.0,7091959696.038765,2026-07-14
2026-04-23,sz.301031,中熔电气,103.182588,100.36361272,104.84160216,97.70649248,2750362,409913074.62,3.5625,-2.6111,77203144.0,7748386445.182392,2026-07-14
2026-04-24,sz.301031,中熔电气,99.810608,96.31723672,100.76825032,94.8200776,2866630,413507675.32,3.7131,-4.0317,77203146.0,7435993688.81072,2026-07-14
2026-04-27,sz.301031,中熔电气,104.54486792,108.92844192,115.57798648,104.31557328,8702381,1431721177.83,11.272,13.0934,77203522.0,8409659362.196442,2026-07-14
2026-04-28,sz.301031,中熔电气,107.89661604,111.55184236,114.42476932,106.21737,7363376,1210950266.37,9.4743,2.4084,77719473.0,8669750400.398275,2026-07-14
2026-04-29,sz.301031,中熔电气,110.99209368,111.24836416,114.30337804,109.93329196,4238017,700646215.61,5.453,-0.2721,77718999.0,8646111502.902676,2026-07-14
2026-04-30,sz.301031,中熔电气,110.600944,108.1731184,111.57207424,107.45825864,3745864,602918593.92,4.8197,-2.7643,77719858.0,8407199401.465188,2026-07-14
2026-05-06,sz.301031,中熔电气,108.73286708,107.72127308,109.64330168,105.75203676,5088441,811566162.27,6.5472,-0.4177,77719346.0,8372026894.065006,2026-07-14
2026-05-07,sz.301031,中熔电气,107.55267408,107.9707996,108.55752412,104.194182,4192568,664774335.69,5.3945,0.2316,77719307.0,8391415721.147878,2026-07-14
2026-05-08,sz.301031,中熔电气,106.554568,104.40998872,107.228964,103.64117728,3782163,588425174.18,4.8665,-3.2979,77718340.0,8114571002.737124,2026-07-14
2026-05-11,sz.301031,中熔电气,105.205776,104.41673268,105.73180488,103.13538028,2869932,444479417.61,3.6927,0.0065,77719067.0,8115171043.07801,2026-07-14
2026-05-12,sz.301031,中熔电气,105.09112868,107.14803648,107.41105092,103.2500276,4852605,760669549.48,6.2438,2.6158,77718777.0,8327414353.176985,2026-07-14
2026-05-13,sz.301031,中熔电气,105.21251996,114.16849884,114.48546496,104.33580516,6790996,1108389399.52,8.7379,6.5521,77718857.0,8873045235.250626,2026-07-14
2026-05-14,sz.301031,中熔电气,113.298528,113.70990956,119.67831416,111.612538,6078033,1037080746.18,7.8205,-0.4017,77719238.0,8837447524.052114,2026-07-14
2026-05-15,sz.301031,中熔电气,114.7147596,118.34301008,120.716884,112.43530112,5451932,943706265.7,7.0149,4.0745,77719312.0,9197537323.426664,2026-07-14
2026-05-18,sz.301031,中熔电气,118.2890584,115.33520392,119.030894,113.84478876,3835886,661908484.45,4.9356,-2.5416,77718737.0,8963706380.299849,2026-07-14
2026-05-19,sz.301031,中熔电气,114.70127168,113.972924,115.321716,110.4660648,2844193,474795245.87,3.6596,-1.1811,77718685.0,8857825778.884941,2026-07-14
2026-05-20,sz.301031,中熔电气,114.43151328,115.64542608,116.5356288,113.30527196,2502568,426427466.75,3.22,1.4675,77719503.0,8987905039.160837,2026-07-14
2026-05-21,sz.301031,中熔电气,116.0635516,111.08650912,118.98368628,110.08840304,4207160,720563154.29,5.4133,-3.9422,77718951.0,8633526959.058332,2026-07-14
2026-05-22,sz.301031,中熔电气,112.0846152,120.26503868,121.2564008,112.0846152,4345777,757900310.53,5.5916,8.2625,77719740.0,9346967537.299543,2026-07-14
2026-05-25,sz.301031,中熔电气,122.63216864,119.68505812,126.08507616,117.7158218,4691260,846829661.88,6.0362,-0.4823,77718763.0,9301774666.669504,2026-07-14
2026-05-26,sz.301031,中熔电气,118.5925366,114.66755188,120.042488,111.949736,4243907,720908831.65,5.4606,-4.1923,77718694.0,8911812376.290846,2026-07-14
2026-05-27,sz.301031,中熔电气,114.26291428,113.54805452,118.8960148,111.53161048,3371847,576390860.87,4.3385,-0.9763,77719189.0,8824862709.822184,2026-07-14
2026-05-28,sz.301031,中熔电气,116.00959992,122.05893204,122.30845856,114.95754216,4354297,769969417.73,5.6026,7.4954,77719220.0,9486324992.181808,2026-07-14
2026-05-29,sz.301031,中熔电气,120.84501924,117.80349328,125.8760134,115.996112,4366239,782098714.18,5.618,-3.4864,77718743.0,9155539418.730547,2026-07-14
2026-06-01,sz.301031,中熔电气,116.85259492,114.16849884,120.43363768,110.6346638,4485451,765849333.38,5.7714,-3.0856,77718595.0,8873015323.10393,2026-07-14
2026-06-02,sz.301031,中熔电气,114.14826696,111.8822964,115.321716,110.44583292,2855298,477757284.65,3.6739,-2.0025,77718446.0,8695318211.119394,2026-07-14
2026-06-03,sz.301031,中熔电气,111.95647996,108.7800748,113.14341692,106.85130224,3738937,605845272.31,4.8108,-2.7728,77719652.0,8454349557.989969,2026-07-14
2026-06-04,sz.301031,中熔电气,108.63,113.95,115.2,107.27,4917785,553908591.2,4.2801,4.7527,114898834.0,13092722134.300001,2026-07-14
2026-06-05,sz.301031,中熔电气,112.47,114.93,119.66,109.3,5716675,658737681.55,4.9754,0.86,114898802.0,13205319313.86,2026-07-14
2026-06-08,sz.301031,中熔电气,113.0,109.4,115.25,108.58,4411916,491017733.77,3.8398,-4.8116,114899630.0,12570019522.0,2026-07-14
2026-06-09,sz.301031,中熔电气,111.0,123.4,126.68,110.49,8612828,1035236824.49,7.496,12.7971,114898986.0,14178534872.400002,2026-07-14
2026-06-10,sz.301031,中熔电气,122.0,116.56,122.98,114.51,6159657,721772262.39,5.3609,-5.5429,114899681.0,13392706817.36,2026-07-14
2026-06-11,sz.301031,中熔电气,116.11,112.5,118.1,110.81,4816042,544628924.87,4.1916,-3.4832,114897462.0,12925964475.0,2026-07-14
2026-06-12,sz.301031,中熔电气,114.83,118.01,122.0,114.8,5714967,679650664.4,4.9739,4.8978,114899113.0,13559244325.130001,2026-07-14
2026-06-15,sz.301031,中熔电气,120.38,125.18,125.47,118.58,6206162,765624360.19,5.4014,6.0758,114899137.0,14383073969.66,2026-07-14
2026-06-16,sz.301031,中熔电气,123.58,126.97,128.5,123.52,4679260,590707565.08,4.0725,1.4299,114898956.0,14588720443.32,2026-07-14
2026-06-17,sz.301031,中熔电气,127.3,124.92,131.57,122.02,4853429,607985289.93,4.2241,-1.6146,114898535.0,14353124992.2,2026-07-14
2026-06-18,sz.301031,中熔电气,124.85,129.79,131.0,121.78,5887835,742174531.75,5.1244,3.8985,114898037.0,14912616222.23,2026-07-14
2026-06-22,sz.301031,中熔电气,131.0,123.8,132.0,122.17,5941293,744583435.96,5.1709,-4.6151,114898625.0,14224449775.0,2026-07-14
2026-06-23,sz.301031,中熔电气,123.26,119.13,125.58,118.5,4652745,564958476.24,4.0494,-3.7722,114899615.0,13687991134.949999,2026-07-14
2026-06-24,sz.301031,中熔电气,119.37,115.88,120.66,114.34,5144726,597605501.26,4.4776,-2.7281,114899187.0,13314517789.56,2026-07-14
2026-06-25,sz.301031,中熔电气,118.15,119.39,121.3,114.56,5395175,635089392.5,4.6956,3.029,114898522.0,13717734541.58,2026-07-14
2026-06-26,sz.301031,中熔电气,118.38,112.43,119.0,111.4,5284557,603912703.21,4.5993,-5.8296,114899159.0,12918112446.37,2026-07-14
2026-06-29,sz.301031,中熔电气,112.61,114.69,119.41,110.25,5838153,670380346.14,5.0811,2.0101,114899392.0,13177811268.48,2026-07-14
2026-06-30,sz.301031,中熔电气,114.01,119.45,120.15,113.35,4560513,539040727.86,3.9692,4.1503,114897536.0,13724510675.2,2026-07-14
2026-07-01,sz.301031,中熔电气,119.74,114.1,120.82,112.58,5418654,627424690.88,4.716,-4.4789,114899364.0,13110017432.4,2026-07-14
2026-07-02,sz.301031,中熔电气,112.71,112.3,119.6,111.07,5402584,620679832.38,4.702,-1.5776,114899702.0,12903236534.6,2026-07-14
2026-07-03,sz.301031,中熔电气,111.33,110.88,114.77,110.0,3563919,400304812.41,3.1018,-1.2645,114898414.0,12739936144.32,2026-07-14
2026-07-06,sz.301031,中熔电气,112.49,109.66,113.28,107.54,3682137,405526398.58,3.2047,-1.1003,114898025.0,12599717421.5,2026-07-14
2026-07-07,sz.301031,中熔电气,109.0,107.94,111.28,105.9,3150373,339930689.14,2.7419,-1.5685,114897443.0,12402029997.42,2026-07-14
2026-07-08,sz.301031,中熔电气,111.03,108.15,114.07,107.7,4379118,483660721.17,3.8113,0.1946,114898276.0,12426248549.400002,2026-07-14
2026-07-09,sz.301031,中熔电气,109.0,109.56,110.5,103.2,4317720,460061451.48,3.7578,1.3037,114900208.0,12588466788.48,2026-07-14
2026-07-10,sz.301031,中熔电气,109.61,106.25,114.3,106.16,3477234,383584033.51,3.0263,-3.0212,114900506.0,12208178762.5,2026-07-14
2026-07-13,sz.301031,中熔电气,106.06,99.63,106.79,99.51,3946180,403004582.16,3.4345,-6.2306,114898238.0,11447311451.939999,2026-07-14
