日期,股票代码,股票名称,开盘,收盘,最高,最低,成交量,成交额,换手率,涨跌幅,流通股数,流通市值,数据日期
2012-01-04,sh.600151,航天机电,7.17097533,6.74683236,7.21043049,6.7073772,4984887,35306006.0,0.520629,-5.0,957473940.0,6459916162.248698,2026-07-14
2012-01-05,sh.600151,航天机电,6.69751341,6.56928414,6.85533405,6.51996519,5387653,36461925.0,0.562694,-2.6316,957474755.0,6289923722.471886,2026-07-14
2012-01-06,sh.600151,航天机电,6.5101014,6.78628752,6.81587889,6.33255318,5222173,35067538.0,0.545411,3.3033,957474822.0,6497699435.252822,2026-07-14
2012-01-09,sh.600151,航天机电,6.85533405,7.09206501,7.12165638,6.72710478,6996516,49598995.0,0.730726,4.5058,957474621.0,6790472257.557111,2026-07-14
2012-01-10,sh.600151,航天机电,7.08220122,7.33865976,7.3978425,7.04274606,11817750,86884110.0,1.234262,3.4771,957474993.0,7026583202.3353815,2026-07-14
2012-01-11,sh.600151,航天机电,7.2992046,7.31893218,7.46688903,7.21043049,8140842,60485055.0,0.850241,-0.2688,957474645.0,7007691990.824576,2026-07-14
2012-01-12,sh.600151,航天机电,7.28934081,7.30906839,7.56552693,7.24988565,9023631,67703811.0,0.942441,-0.1348,957474367.0,6998245630.07496,2026-07-14
2012-01-13,sh.600151,航天机电,7.23015807,7.04274606,7.34852355,6.89478921,7833538,56432624.0,0.818146,-3.6437,957474338.0,6743248621.500608,2026-07-14
2012-01-16,sh.600151,航天机电,7.04274606,7.04274606,7.04274606,7.04274606,0,0.0,0.0,0.0,957474338.0,6743248621.500608,2026-07-14
2012-01-17,sh.600151,航天机电,6.82574268,7.33865976,7.37811492,6.7073772,8385301,60483443.0,0.875773,4.2017,957474254.0,7026577779.065819,2026-07-14
2012-01-18,sh.600151,航天机电,7.33865976,7.26961323,7.53593556,7.15124775,9019069,66946124.0,0.941964,-0.9409,957474914.0,6960472302.207512,2026-07-14
2012-01-19,sh.600151,航天机电,7.27947702,7.24988565,7.35838734,7.13152017,5578740,40966030.0,0.582651,-0.2714,957475401.0,6941587169.937896,2026-07-14
2012-01-20,sh.600151,航天机电,7.30906839,7.26961323,7.35838734,7.21043049,3788992,27921096.0,0.395728,0.2721,957473820.0,6960464349.250639,2026-07-14
2012-01-30,sh.600151,航天机电,7.31893218,7.17097533,7.34852355,7.15124775,3117385,22918050.0,0.325584,-1.3569,957474876.0,6866028714.890809,2026-07-14
2012-01-31,sh.600151,航天机电,7.1019288,6.86519784,7.15124775,6.7073772,7887825,54745490.0,0.823815,-4.2641,957475283.0,6573257244.704989,2026-07-14
2012-02-01,sh.600151,航天机电,6.86519784,6.79615131,6.87506163,6.74683236,3882142,26806845.0,0.405456,-1.0057,957475534.0,6507148604.68705,2026-07-14
2012-02-02,sh.600151,航天机电,6.79615131,6.904653,6.91451679,6.75669615,4150590,28792472.0,0.433493,1.5965,957475669.0,6611037250.3878565,2026-07-14
2012-02-03,sh.600151,航天机电,6.89478921,7.13152017,7.19070291,6.82574268,8210680,58351790.0,0.857535,3.2857,957474622.0,6828249579.056126,2026-07-14
2012-02-06,sh.600151,航天机电,7.13152017,7.24002186,7.2992046,7.06247364,9519001,69471822.0,0.994178,1.5214,957474517.0,6932136433.472941,2026-07-14
2012-02-07,sh.600151,航天机电,7.16111154,7.07233743,7.2005667,6.99342711,5425051,38961508.0,0.5666,-2.3161,957474585.0,6771583345.769217,2026-07-14
2012-02-08,sh.600151,航天机电,7.07233743,7.27947702,7.2992046,7.03288227,8330909,60993461.0,0.870092,2.9289,957474497.0,6969913598.147559,2026-07-14
2012-02-09,sh.600151,航天机电,7.26961323,7.31893218,7.47675282,7.24988565,12583450,94187422.0,1.314233,0.542,957474816.0,7007693242.361979,2026-07-14
2012-02-10,sh.600151,航天机电,7.2992046,7.52607177,7.891032,7.27947702,18572894,141960900.0,1.939779,2.8302,957474743.0,7206023633.780305,2026-07-14
2012-02-13,sh.600151,航天机电,7.45702524,7.63457346,7.72334757,7.40770629,10471719,80748020.0,1.093681,1.4417,957474712.0,7309911024.856344,2026-07-14
2012-02-14,sh.600151,航天机电,7.62470967,7.71348378,7.84171305,7.4964804,10411301,81060599.0,1.087371,1.0336,957474588.0,7385464704.300182,2026-07-14
2012-02-15,sh.600151,航天机电,7.78253031,7.75293894,7.78253031,7.60498209,6841446,53429945.0,0.71453,0.5115,957474984.0,7423245087.529477,2026-07-14
2012-02-16,sh.600151,航天机电,7.77266652,7.87130442,7.90089579,7.6937562,11285147,89281970.0,1.178637,1.5267,957474354.0,7536572114.676846,2026-07-14
2012-02-17,sh.600151,航天机电,7.84171305,7.6937562,7.88116821,7.5951183,8131487,63671142.0,0.849264,-2.2556,957474590.0,7366576063.154958,2026-07-14
2012-02-20,sh.600151,航天机电,7.6937562,7.6937562,7.6937562,7.6937562,0,0.0,0.0,0.0,957474590.0,7366576063.154958,2026-07-14
2012-02-21,sh.600151,航天机电,7.6937562,7.6937562,7.6937562,7.6937562,0,0.0,0.0,0.0,957474590.0,7366576063.154958,2026-07-14
2012-02-22,sh.600151,航天机电,7.78253031,8.01926127,8.16721812,7.64443725,19622433,157651897.0,2.049394,4.2308,957474893.0,7678241326.432294,2026-07-14
2012-02-23,sh.600151,航天机电,7.96994232,8.03898885,8.06858022,7.87130442,12609521,102043731.0,1.316956,0.246,957474737.0,7697128734.899683,2026-07-14
2012-02-24,sh.600151,航天机电,8.04885264,8.06858022,8.24612844,7.96994232,21380005,175791968.0,2.232958,0.3681,957474570.0,7725460376.6550045,2026-07-14
2012-02-27,sh.600151,航天机电,8.13762675,8.15735433,8.2855836,8.03898885,18186543,150671009.0,1.899428,1.1002,957474724.0,7810460585.686955,2026-07-14
2012-02-28,sh.600151,航天机电,8.1869457,8.24612844,8.46313182,7.99953369,19538396,162151644.0,2.040617,1.0883,957474921.0,7895461176.644853,2026-07-14
2012-02-29,sh.600151,航天机电,8.3842215,8.16721812,8.39408529,8.11789917,18824545,157838926.0,1.966062,-0.9569,957474637.0,7819904204.746821,2026-07-14
2012-03-01,sh.600151,航天机电,8.09817159,8.22640086,8.33490255,8.0883078,7989211,66479565.0,0.834404,0.7246,957475156.0,7876574446.747034,2026-07-14
2012-03-02,sh.600151,航天机电,8.23626465,8.31517497,8.34476634,8.19680949,11128851,93504077.0,1.162313,1.0791,957474536.0,7961568296.159563,2026-07-14
2012-03-05,sh.600151,航天机电,8.34476634,8.17708191,8.65054383,8.13762675,25494227,216054362.0,2.662653,-1.6607,957474632.0,7829348492.611107,2026-07-14
2012-03-06,sh.600151,航天机电,8.11789917,7.9896699,8.12776296,7.891032,10764448,87208699.0,1.124254,-2.2919,957474734.0,7649907062.250306,2026-07-14
2012-03-07,sh.600151,航天机电,7.891032,7.94035095,8.05871643,7.86144063,7736468,62408466.0,0.808008,-0.6173,957474183.0,7602681038.584524,2026-07-14
2012-03-08,sh.600151,航天机电,7.95021474,8.00939748,8.03898885,7.94035095,5441342,44114366.0,0.568301,0.8696,957475352.0,7668800671.470914,2026-07-14
2012-03-09,sh.600151,航天机电,8.06858022,8.09817159,8.10803538,7.96994232,6722502,54863479.0,0.702108,1.1084,957474064.0,7753789263.246641,2026-07-14
2012-03-12,sh.600151,航天机电,8.10803538,8.17708191,8.22640086,8.0883078,7892536,65368731.0,0.824307,0.9744,957475310.0,7829354036.672642,2026-07-14
2012-03-13,sh.600151,航天机电,8.1869457,8.20667328,8.22640086,8.13762675,6714724,55679572.0,0.701295,0.3619,957474957.0,7857684145.881049,2026-07-14
2012-03-14,sh.600151,航天机电,8.22640086,7.6937562,8.25599223,7.64443725,14353594,116682175.0,1.499109,-6.25,957475007.0,7366579271.451294,2026-07-14
2012-03-15,sh.600151,航天机电,7.66416483,7.51620798,7.76280273,7.43729766,8300272,63757951.0,0.866892,-2.3077,957474749.0,7196579349.082297,2026-07-14
2012-03-16,sh.600151,航天机电,7.60498209,7.68389241,7.71348378,7.4964804,6537873,50498980.0,0.682825,2.231,957474170.0,7357128507.63405,2026-07-14
2012-03-19,sh.600151,航天机电,7.66416483,7.73321136,7.74307515,7.56552693,6213250,48240965.0,0.648921,0.6418,957474022.0,7404348983.83529,2026-07-14
2012-03-20,sh.600151,航天机电,7.72334757,7.51620798,7.73321136,7.51620798,5257791,40533035.0,0.549131,-2.8061,957474810.0,7196579807.570984,2026-07-14
2012-03-21,sh.600151,航天机电,7.55566314,7.61484588,7.65430104,7.48661661,5070302,39014185.0,0.529549,1.3123,957475512.0,7291028457.75409,2026-07-14
2012-03-22,sh.600151,航天机电,7.61484588,7.58525451,7.65430104,7.4964804,4081184,31379488.0,0.426245,-0.3886,957473753.0,7262682103.149877,2026-07-14
2012-03-23,sh.600151,航天机电,7.57539072,7.4964804,7.57539072,7.34852355,5189530,39212016.0,0.542002,-1.1704,957474327.0,7177687525.858691,2026-07-14
2012-03-26,sh.600151,航天机电,7.47675282,7.31893218,7.47675282,7.2992046,3014791,22553519.0,0.314869,-2.3684,957474696.0,7007692364.090117,2026-07-14
2012-03-27,sh.600151,航天机电,7.3978425,7.48661661,7.58525451,7.35838734,6047612,45797716.0,0.631621,2.2911,957474815.0,7168246853.635676,2026-07-14
2012-03-28,sh.600151,航天机电,7.46688903,7.16111154,7.46688903,7.14138396,6101361,45094196.0,0.637235,-4.3478,957474244.0,6856579857.961176,2026-07-14
2012-03-29,sh.600151,航天机电,7.13152017,6.91451679,7.18083912,6.85533405,4495203,31900240.0,0.469485,-3.4435,957475319.0,6620479169.236107,2026-07-14
2012-03-30,sh.600151,航天机电,6.91451679,6.89478921,6.98356332,6.84547026,2523142,17657030.0,0.26352,-0.2853,957476472.0,6601598447.974467,2026-07-14
2012-04-05,sh.600151,航天机电,6.88492542,7.24002186,7.25974944,6.85533405,6069516,43648037.0,0.633909,5.0072,957474338.0,6932135137.509028,2026-07-14
2012-04-06,sh.600151,航天机电,7.24002186,7.37811492,7.43729766,7.17097533,7957691,59323332.0,0.831112,1.9074,957475166.0,7064361807.794077,2026-07-14
2012-04-09,sh.600151,航天机电,7.31893218,7.71348378,8.09817159,7.30906839,25878641,203616628.0,2.702801,4.5455,957474894.0,7385467064.626219,2026-07-14
2012-04-10,sh.600151,航天机电,7.6937562,7.75293894,8.03898885,7.46688903,21190553,164984835.0,2.213171,0.5115,957474727.0,7423243095.024169,2026-07-14
2012-04-11,sh.600151,航天机电,7.5951183,7.67402862,7.97980611,7.57539072,14870297,115888614.0,1.553075,-1.0178,957474494.0,7347686669.876018,2026-07-14
2012-04-12,sh.600151,航天机电,7.63457346,7.68389241,7.6937562,7.47675282,11273367,86993006.0,1.177406,0.1285,957474907.0,7357134170.662756,2026-07-14
2012-04-13,sh.600151,航天机电,7.70361999,7.64443725,7.72334757,7.60498209,7364763,57160645.0,0.769186,-0.5135,957474915.0,7319356906.166584,2026-07-14
2012-04-16,sh.600151,航天机电,7.61484588,7.68389241,7.77266652,7.57539072,6538918,50982350.0,0.682934,0.5161,957474368.0,7357130029.044747,2026-07-14
2012-04-17,sh.600151,航天机电,7.6937562,7.50634419,7.74307515,7.4964804,5258523,40515227.0,0.549207,-2.3107,957475597.0,7187141384.607732,2026-07-14
2012-04-18,sh.600151,航天机电,7.54579935,7.67402862,7.71348378,7.51620798,6405567,49735648.0,0.669006,2.2339,957475269.0,7347692617.2481985,2026-07-14
2012-04-19,sh.600151,航天机电,7.70361999,7.76280273,7.76280273,7.62470967,7582237,59227036.0,0.791899,1.1568,957475259.0,7432691554.472657,2026-07-14
2012-04-20,sh.600151,航天机电,7.74307515,7.88116821,7.91075958,7.70361999,10949066,87138889.0,1.143536,1.5248,957474535.0,7546017867.126533,2026-07-14
2012-04-23,sh.600151,航天机电,7.891032,8.03898885,8.13762675,7.80225789,21632992,175407010.0,2.25938,2.0025,957474705.0,7697128477.6520405,2026-07-14
2012-04-24,sh.600151,航天机电,7.96994232,7.77266652,8.07844401,7.54579935,14186071,112562216.0,1.481613,-3.3129,957474793.0,7442132267.29503,2026-07-14
2012-04-25,sh.600151,航天机电,7.77266652,7.92062337,7.9896699,7.6937562,10235137,81594178.0,1.068972,1.9036,957474751.0,7583796888.955531,2026-07-14
2012-04-26,sh.600151,航天机电,7.81212168,7.66416483,7.82198547,7.55566314,13439178,104475178.0,1.403607,-3.2379,957474421.0,7338241783.052814,2026-07-14
2012-04-27,sh.600151,航天机电,7.64443725,7.38797871,7.66416483,7.34852355,10553915,79918380.0,1.102266,-3.6036,957474421.0,7073800637.717577,2026-07-14
2012-05-02,sh.600151,航天机电,7.4964804,7.45702524,7.58525451,7.40770629,5693214,43136461.0,0.594607,0.9346,957475105.0,7139916024.656651,2026-07-14
2012-05-03,sh.600151,航天机电,7.42743387,7.46688903,7.48661661,7.35838734,5303468,39840633.0,0.553902,0.1323,957474066.0,7149352599.924896,2026-07-14
2012-05-04,sh.600151,航天机电,7.41757008,7.51620798,7.55566314,7.40770629,5548581,42179163.0,0.579502,0.6605,957474004.0,7196573749.507352,2026-07-14
2012-05-07,sh.600151,航天机电,7.4964804,7.55566314,7.58525451,7.42743387,4733115,36081339.0,0.494333,0.5249,957475022.0,7234358731.196089,2026-07-14
2012-05-08,sh.600151,航天机电,7.56552693,7.68389241,7.73321136,7.56552693,9907780,77008698.0,1.034782,1.6971,957475101.0,7357135661.337884,2026-07-14
2012-05-09,sh.600151,航天机电,7.61484588,7.68389241,7.77266652,7.58525451,8615839,67174869.0,0.89985,0.0,957475024.0,7357135069.678168,2026-07-14
2012-05-10,sh.600151,航天机电,7.68389241,7.55566314,7.75293894,7.4964804,5618349,43243039.0,0.586788,-1.6688,957475102.0,7234359335.64914,2026-07-14
2012-05-11,sh.600151,航天机电,7.5951183,7.34852355,7.60498209,7.33865976,5296155,39880422.0,0.553138,-2.7415,957474446.0,7036023514.954204,2026-07-14
2012-05-14,sh.600151,航天机电,7.3978425,7.26961323,7.44716145,7.24988565,4359057,32273750.0,0.455266,-1.0738,957474751.0,6960471117.260556,2026-07-14
2012-05-15,sh.600151,航天机电,7.27947702,7.2992046,7.32879597,7.17097533,2842631,20854374.0,0.296888,0.4071,957475883.0,6988812369.582663,2026-07-14
2012-05-16,sh.600151,航天机电,7.27947702,7.16111154,7.2992046,7.15124775,3147141,22965552.0,0.328692,-1.8919,957474170.0,6856579328.038922,2026-07-14
2012-05-17,sh.600151,航天机电,7.16111154,7.30906839,7.33865976,7.15124775,2862836,21017506.0,0.298999,2.0661,957473436.0,6998238825.332288,2026-07-14
2012-05-18,sh.600151,航天机电,7.24988565,7.08220122,7.25974944,7.07233743,3069270,22290504.0,0.320559,-3.1039,957474287.0,6781025563.51003,2026-07-14
2012-05-21,sh.600151,航天机电,7.02301848,7.03288227,7.09206501,6.91451679,3058944,21727820.0,0.31948,-0.6964,957475898.0,6733815266.996529,2026-07-14
2012-05-22,sh.600151,航天机电,7.03288227,7.09206501,7.1019288,7.03288227,2454552,17588539.0,0.256357,0.8415,957474147.0,6790468895.918296,2026-07-14
2012-05-23,sh.600151,航天机电,7.09206501,7.0032909,7.1019288,6.93424437,3160572,22456579.0,0.330095,-1.2517,957473455.0,6705465134.393059,2026-07-14
2012-05-24,sh.600151,航天机电,7.05260985,7.09206501,7.24988565,6.99342711,5525822,39994843.0,0.577125,1.2676,957474031.0,6790468073.238755,2026-07-14
2012-05-25,sh.600151,航天机电,7.1019288,6.97369953,7.15124775,6.93424437,3330037,23637515.0,0.347794,-1.669,957473964.0,6677135732.734037,2026-07-14
2012-05-28,sh.600151,航天机电,6.96383574,7.05260985,7.05260985,6.87506163,3325793,23501971.0,0.34735,1.1315,957476033.0,6752704901.474725,2026-07-14
2012-05-29,sh.600151,航天机电,7.08220122,7.15124775,7.19070291,7.04274606,4258448,30815088.0,0.444758,1.3986,957475301.0,6847143091.956822,2026-07-14
2012-05-30,sh.600151,航天机电,7.11179259,7.19070291,7.24988565,7.11179259,4749639,34616150.0,0.496059,0.5517,957474615.0,6884915500.33163,2026-07-14
2012-05-31,sh.600151,航天机电,7.18083912,7.14138396,7.18083912,7.09206501,3567044,25805414.0,0.372547,-0.6859,957474896.0,6837695864.397068,2026-07-14
2012-06-01,sh.600151,航天机电,7.15124775,7.1019288,7.2005667,7.08220122,2444168,17711574.0,0.255272,-0.5525,957475947.0,6799926003.306573,2026-07-14
2012-06-04,sh.600151,航天机电,6.95397195,6.83560647,7.01315469,6.82574268,4014969,28233702.0,0.419329,-3.75,957474680.0,6544920117.46918,2026-07-14
2012-06-05,sh.600151,航天机电,6.85533405,6.82574268,6.96383574,6.81587889,3010117,20947998.0,0.314381,-0.1443,957474211.0,6535472587.022026,2026-07-14
2012-06-06,sh.600151,航天机电,6.85533405,6.76655994,6.91451679,6.7073772,2830890,19491068.0,0.295662,-0.8671,957475090.0,6478812587.541894,2026-07-14
2012-06-07,sh.600151,航天机电,6.8060151,6.68764962,6.86519784,6.65805825,3917157,26735981.0,0.409113,-1.1662,957475563.0,6403261085.056236,2026-07-14
2012-06-08,sh.600151,航天机电,6.73696857,6.73696857,6.84547026,6.66792204,3412457,23367954.0,0.356402,0.7375,957474144.0,6450473214.715654,2026-07-14
2012-06-11,sh.600151,航天机电,6.83560647,6.99342711,7.04274606,6.83560647,9260674,65527567.0,0.967198,3.8067,957474478.0,6696027971.578299,2026-07-14
2012-06-12,sh.600151,航天机电,6.98356332,6.85533405,6.98356332,6.8060151,4368014,30484831.0,0.456201,-1.9746,957475762.0,6563816193.288296,2026-07-14
2012-06-13,sh.600151,航天机电,6.89478921,6.85533405,6.92438058,6.81587889,4383876,30555183.0,0.457858,0.0,957475025.0,6563811140.907101,2026-07-14
2012-06-14,sh.600151,航天机电,6.89478921,6.84547026,6.93424437,6.8060151,4028287,28086534.0,0.42072,-0.1439,957474567.0,6554363673.104877,2026-07-14
2012-06-15,sh.600151,航天机电,6.85533405,6.8060151,6.88492542,6.71724099,4260748,29388617.0,0.444998,-0.5764,957475764.0,6516594507.668036,2026-07-14
2012-06-18,sh.600151,航天机电,6.85533405,6.8060151,6.88492542,6.76655994,3758148,25945111.0,0.392506,0.0,957475300.0,6516591349.67703,2026-07-14
2012-06-19,sh.600151,航天机电,6.79615131,6.75669615,6.8060151,6.74683236,2666028,18314758.0,0.278444,-0.7246,957473675.0,6469358693.598851,2026-07-14
2012-06-20,sh.600151,航天机电,6.78628752,6.75669615,6.81587889,6.72710478,2073845,14234420.0,0.216595,0.0,957475934.0,6469373956.975454,2026-07-14
2012-06-21,sh.600151,航天机电,6.77642373,6.58901172,6.77642373,6.56928414,2741369,18427111.0,0.286312,-2.4818,957476110.0,6308821310.410009,2026-07-14
2012-06-25,sh.600151,航天机电,6.57914793,6.52982898,6.63833067,6.49037382,3005663,19962287.0,0.313916,-0.8982,957473655.0,6252139220.005522,2026-07-14
2012-06-26,sh.600151,航天机电,6.5101014,6.53969277,6.54955656,6.36214455,2747988,18028775.0,0.287004,0.1511,957473763.0,6261584245.355794,2026-07-14
2012-06-27,sh.600151,航天机电,6.53969277,6.45091866,6.55942035,6.45091866,2615332,17246401.0,0.273149,-1.3575,957474492.0,6176590066.916821,2026-07-14
2012-06-28,sh.600151,航天机电,6.46078245,6.38187213,6.5101014,6.33255318,4539668,29520702.0,0.474129,-1.0703,957475286.0,6110484842.887178,2026-07-14
2012-06-29,sh.600151,航天机电,6.38187213,6.38187213,6.38187213,6.38187213,0,0.0,0.0,0.0,957475286.0,6110484842.887178,2026-07-14
2012-07-02,sh.600151,航天机电,6.55942035,6.5101014,6.6087393,6.40159971,5485994,36154060.0,0.572965,2.0093,957474540.0,6233256343.318356,2026-07-14
2012-07-03,sh.600151,航天机电,6.43119108,6.46078245,6.55942035,6.43119108,2974145,19615091.0,0.310624,-0.7576,957474310.0,6186033218.373859,2026-07-14
2012-07-04,sh.600151,航天机电,6.50023761,6.52982898,6.54955656,6.44105487,3394678,22377113.0,0.354545,1.0687,957474510.0,6252144803.009299,2026-07-14
2012-07-05,sh.600151,航天机电,6.5101014,6.40159971,6.5101014,6.3128256,3160103,20490763.0,0.330046,-1.9637,957473504.0,6129362105.539084,2026-07-14
2012-07-06,sh.600151,航天机电,6.43119108,6.43119108,6.46078245,6.26350665,2413254,15623628.0,0.252044,0.4622,957473298.0,6157693733.4357815,2026-07-14
2012-07-09,sh.600151,航天机电,6.4114635,6.2141877,6.4114635,6.2141877,2263266,14550575.0,0.236379,-3.3742,957473380.0,5949919301.073426,2026-07-14
2012-07-10,sh.600151,航天机电,6.26350665,6.53969277,6.78628752,6.26350665,9411847,62756299.0,0.982986,5.2381,957475183.0,6261593531.719527,2026-07-14
2012-07-11,sh.600151,航天机电,6.43119108,6.66792204,6.7073772,6.42132729,7423278,49952485.0,0.775298,1.9608,957474158.0,6384363040.858642,2026-07-14
2012-07-12,sh.600151,航天机电,6.57914793,6.67778583,6.69751341,6.52982898,4503707,30229908.0,0.470373,0.1479,957475663.0,6393817414.951256,2026-07-14
2012-07-13,sh.600151,航天机电,6.6087393,6.6087393,6.77642373,6.6087393,4379409,29706393.0,0.457392,-1.034,957473895.0,6327695358.610574,2026-07-14
2012-07-16,sh.600151,航天机电,6.65805825,6.28323423,6.65805825,6.28323423,4958285,32360246.0,0.51785,-4.9254,957475138.0,6016040561.455573,2026-07-14
2012-07-17,sh.600151,航天机电,6.29309802,6.36214455,6.38187213,6.2141877,1940705,12400647.0,0.20269,1.2559,957474468.0,6091590968.350349,2026-07-14
2012-07-18,sh.600151,航天机电,6.36214455,6.39173592,6.43119108,6.3128256,2784354,17970602.0,0.290802,0.4651,957474158.0,6119921968.160356,2026-07-14
2012-07-19,sh.600151,航天机电,6.39173592,6.48051003,6.56928414,6.33255318,4428293,29018518.0,0.462497,1.3889,957474967.0,6204926127.117418,2026-07-14
2012-07-20,sh.600151,航天机电,6.44105487,6.36214455,6.50023761,6.35228076,2611623,16964508.0,0.272762,-1.8265,957473182.0,6091582786.632458,2026-07-14
2012-07-23,sh.600151,航天机电,6.35228076,6.3128256,6.37200834,6.23391528,1582106,10090038.0,0.165237,-0.7752,957476836.0,6044384281.707802,2026-07-14
2012-07-24,sh.600151,航天机电,6.29309802,6.34241697,6.38187213,6.26350665,1586953,10215689.0,0.165744,0.4688,957472367.0,6072688988.766869,2026-07-14
2012-07-25,sh.600151,航天机电,6.34241697,6.24377907,6.35228076,6.22405149,1936930,12355750.0,0.202296,-1.5552,957473208.0,5978251176.1961565,2026-07-14
2012-07-26,sh.600151,航天机电,6.25364286,6.23391528,6.29309802,6.2141877,1890928,11989524.0,0.197491,-0.158,957475531.0,5968821342.927013,2026-07-14
2012-07-27,sh.600151,航天机电,6.29309802,6.26350665,6.29309802,6.18459633,1501200,9509175.0,0.156787,0.4747,957477342.0,5997165698.841325,2026-07-14
2012-07-30,sh.600151,航天机电,6.25364286,6.00704811,6.4114635,5.97745674,2294380,14428644.0,0.239628,-4.0945,957475754.0,5751602918.436525,2026-07-14
2012-07-31,sh.600151,航天机电,6.0169119,5.56317756,6.10568601,5.40535692,8212521,46735217.0,0.857727,-7.3892,957474931.0,5326603050.401748,2026-07-14
2012-08-01,sh.600151,航天机电,5.55331377,5.59276893,5.64208788,5.5237224,3065290,17380944.0,0.320143,0.5319,957475253.0,5354937846.222289,2026-07-14
2012-08-02,sh.600151,航天机电,5.6223603,5.76045336,5.83936368,5.6223603,6505058,37864691.0,0.679397,2.9982,957475232.0,5515491417.291179,2026-07-14
2012-08-03,sh.600151,航天机电,5.76045336,5.95772916,5.98732053,5.76045336,4580093,27470801.0,0.478351,3.4247,957475369.0,5704378925.87306,2026-07-14
2012-08-06,sh.600151,航天机电,6.00704811,6.05636706,6.1155498,5.95772916,4347524,26536888.0,0.454061,1.6556,957475758.0,5798824641.499732,2026-07-14
2012-08-07,sh.600151,航天机电,6.08595843,6.05636706,6.09582222,6.00704811,2546971,15592678.0,0.266009,0.0,957475499.0,5798823072.900663,2026-07-14
2012-08-08,sh.600151,航天机电,6.09582222,6.09582222,6.12541359,6.00704811,2606536,16004990.0,0.27223,0.6515,957475664.0,5836601427.720453,2026-07-14
2012-08-09,sh.600151,航天机电,6.09582222,6.00704811,6.09582222,5.94786537,5065542,30807990.0,0.529052,-1.4563,957475258.0,5751599938.940662,2026-07-14
2012-08-10,sh.600151,航天机电,6.0169119,5.96759295,6.05636706,5.94786537,3545861,21541451.0,0.370335,-0.6568,957473909.0,5713814549.157342,2026-07-14
2012-08-13,sh.600151,航天机电,5.96759295,5.64208788,5.96759295,5.61249651,6911836,40092729.0,0.721882,-5.4545,957474490.0,5402155215.438181,2026-07-14
2012-08-14,sh.600151,航天机电,5.60263272,5.61249651,5.64208788,5.47440345,5285078,29726203.0,0.551981,-0.5245,957474623.0,5373822980.001065,2026-07-14
2012-08-15,sh.600151,航天机电,5.61249651,5.57304135,5.66181546,5.5237224,2929096,16589793.0,0.305919,-0.703,957474364.0,5336044222.136951,2026-07-14
2012-08-16,sh.600151,航天机电,5.58290514,5.68154304,5.75058957,5.58290514,4194411,24127747.0,0.43807,1.9469,957475061.0,5439935768.798125,2026-07-14
2012-08-17,sh.600151,航天机电,5.70127062,5.65195167,5.70127062,5.59276893,1737629,9925445.0,0.18148,-0.5208,957476857.0,5411612920.907501,2026-07-14
2012-08-20,sh.600151,航天机电,5.6223603,5.68154304,5.70127062,5.50399482,2056141,11705866.0,0.214746,0.5236,957475809.0,5439940018.5923195,2026-07-14
2012-08-21,sh.600151,航天机电,5.66181546,5.78018094,5.83936368,5.6223603,4115284,23995959.0,0.429806,1.7361,957474768.0,5534377404.524522,2026-07-14
2012-08-22,sh.600151,航天机电,5.73086199,5.70127062,5.80977231,5.68154304,2356802,13691540.0,0.246148,-1.3652,957473552.0,5458815831.444642,2026-07-14
2012-08-23,sh.600151,航天机电,5.74072578,5.66181546,5.76045336,5.64208788,2529136,14546675.0,0.264147,-0.692,957472922.0,5421034992.310974,2026-07-14
2012-08-24,sh.600151,航天机电,5.64208788,5.5237224,5.66181546,5.51385861,2471499,13958977.0,0.258127,-2.439,957474034.0,5288820769.024161,2026-07-14
2012-08-27,sh.600151,航天机电,5.5237224,5.39549313,5.5237224,5.37576555,2661557,14645643.0,0.277977,-2.3214,957473820.0,5166043417.964857,2026-07-14
2012-08-28,sh.600151,航天机电,5.29685523,5.40535692,5.45467587,5.27712765,2432836,13272947.0,0.254089,0.1828,957473956.0,5175488473.784375,2026-07-14
2012-08-29,sh.600151,航天机电,5.40535692,5.34617418,5.44481208,5.3264466,2005909,10953127.0,0.2095,-1.0949,957474463.0,5118825252.099965,2026-07-14
2012-08-30,sh.600151,航天机电,5.30671902,5.1291708,5.37576555,5.09957943,4009836,21173600.0,0.418793,-4.059045,957474456.0,4911050021.461084,2026-07-14
2012-08-31,sh.600151,航天机电,5.15876217,5.16862596,5.27712765,5.13903459,1710371,8988961.0,0.178634,0.7692,957472262.0,4948815989.353122,2026-07-14
2012-09-03,sh.600151,航天机电,5.16862596,5.20808112,5.25740007,5.0305329,2013851,10611084.0,0.210329,0.7634,957476620.0,4986615907.463414,2026-07-14
2012-09-04,sh.600151,航天机电,5.20808112,5.09957943,5.25740007,5.06998806,2778178,14491619.0,0.290157,-2.0833,957474057.0,4882715005.835848,2026-07-14
2012-09-05,sh.600151,航天机电,5.10944322,5.13903459,5.16862596,5.04039669,2553042,13261806.0,0.266643,0.7737,957475726.0,4920500874.999362,2026-07-14
2012-09-06,sh.600151,航天机电,5.13903459,5.15876217,5.17848975,5.06012427,2865070,14879520.0,0.299232,0.3839,957474468.0,4939383064.259275,2026-07-14
2012-09-07,sh.600151,航天机电,5.14889838,5.35603797,5.40535692,5.1291708,8342303,44819063.0,0.871282,3.8241,957474503.0,5128269793.374879,2026-07-14
2012-09-10,sh.600151,航天机电,5.35603797,5.53358619,5.55331377,5.30671902,8746967,48142442.0,0.913545,3.3149,957475220.0,5298271654.659212,2026-07-14
2012-09-11,sh.600151,航天机电,5.54344998,5.50399482,5.7209982,5.44481208,9372639,52831436.0,0.978892,-0.5348,957474267.0,5269933405.851296,2026-07-14
2012-09-12,sh.600151,航天机电,5.51385861,5.70127062,5.71113441,5.45467587,11586055,65915047.0,1.210064,3.5842,957474563.0,5458821595.429239,2026-07-14
2012-09-13,sh.600151,航天机电,5.71113441,5.92813779,6.16486875,5.6223603,23663783,141339173.0,2.471479,3.9792,957474573.0,5676041199.165414,2026-07-14
2012-09-14,sh.600151,航天机电,5.88868263,5.79990852,5.99718432,5.77031715,11627591,68866916.0,1.214402,-2.1631,957474625.0,5553265235.221305,2026-07-14
2012-09-17,sh.600151,航天机电,5.80977231,5.61249651,5.90841021,5.60263272,7701404,44984093.0,0.804345,-3.2313,957475213.0,5373826291.374006,2026-07-14
2012-09-18,sh.600151,航天机电,5.59276893,5.47440345,5.59276893,5.45467587,4724466,26356819.0,0.49343,-2.4605,957474414.0,5241601235.288328,2026-07-14
2012-09-19,sh.600151,航天机电,5.47440345,5.57304135,5.60263272,5.45467587,3380359,18986510.0,0.353049,1.8018,957475874.0,5336052637.42939,2026-07-14
2012-09-20,sh.600151,航天机电,5.57304135,5.4250845,5.64208788,5.41522071,3841993,21594894.0,0.401263,-2.6549,957475023.0,5194382906.414443,2026-07-14
2012-09-21,sh.600151,航天机电,5.43494829,5.24753628,5.47440345,5.23767249,4645312,25040331.0,0.485163,-3.2727,957474498.0,5024382165.429788,2026-07-14
2012-09-24,sh.600151,航天机电,5.24753628,5.24753628,5.24753628,5.24753628,0,0.0,0.0,0.0,957474498.0,5024382165.429788,2026-07-14
2012-09-25,sh.600151,航天机电,5.24753628,5.24753628,5.24753628,5.24753628,0,0.0,0.0,0.0,957474498.0,5024382165.429788,2026-07-14
2012-09-26,sh.600151,航天机电,5.24753628,5.24753628,5.24753628,5.24753628,0,0.0,0.0,0.0,957474498.0,5024382165.429788,2026-07-14
2012-09-27,sh.600151,航天机电,5.24753628,5.24753628,5.24753628,5.24753628,0,0.0,0.0,0.0,957474498.0,5024382165.429788,2026-07-14
2012-09-28,sh.600151,航天机电,5.24753628,5.24753628,5.24753628,5.24753628,0,0.0,0.0,0.0,957474498.0,5024382165.429788,2026-07-14
2012-10-08,sh.600151,航天机电,5.24753628,5.24753628,5.24753628,5.24753628,0,0.0,0.0,0.0,957474498.0,5024382165.429788,2026-07-14
2012-10-09,sh.600151,航天机电,5.24753628,5.24753628,5.24753628,5.24753628,0,0.0,0.0,0.0,957474498.0,5024382165.429788,2026-07-14
2012-10-10,sh.600151,航天机电,5.24753628,5.24753628,5.24753628,5.24753628,0,0.0,0.0,0.0,957474498.0,5024382165.429788,2026-07-14
2012-10-11,sh.600151,航天机电,5.24753628,5.24753628,5.24753628,5.24753628,0,0.0,0.0,0.0,957474498.0,5024382165.429788,2026-07-14
2012-10-12,sh.600151,航天机电,5.24753628,5.24753628,5.24753628,5.24753628,0,0.0,0.0,0.0,957474498.0,5024382165.429788,2026-07-14
2012-10-15,sh.600151,航天机电,5.24753628,5.24753628,5.24753628,5.24753628,0,0.0,0.0,0.0,957474498.0,5024382165.429788,2026-07-14
2012-10-16,sh.600151,航天机电,5.24753628,5.24753628,5.24753628,5.24753628,0,0.0,0.0,0.0,957474498.0,5024382165.429788,2026-07-14
2012-10-17,sh.600151,航天机电,5.24753628,5.24753628,5.24753628,5.24753628,0,0.0,0.0,0.0,957474498.0,5024382165.429788,2026-07-14
2012-10-18,sh.600151,航天机电,5.24753628,5.24753628,5.24753628,5.24753628,0,0.0,0.0,0.0,957474498.0,5024382165.429788,2026-07-14
2012-10-19,sh.600151,航天机电,5.77031715,5.77031715,5.77031715,5.77031715,1759615,10293748.0,0.183777,9.9624,957472916.0,5524922387.8553095,2026-07-14
2012-10-22,sh.600151,航天机电,6.26350665,6.19446012,6.34241697,5.97745674,33968059,212126114.0,3.547672,7.3504,957474620.0,5931038349.502154,2026-07-14
2012-10-23,sh.600151,航天机电,6.08595843,6.0169119,6.15500496,5.93800158,14541173,89002749.0,1.5187,-2.8662,957475012.0,5761042793.655443,2026-07-14
2012-10-24,sh.600151,航天机电,5.90841021,5.918274,6.08595843,5.84922747,10090637,60883782.0,1.05388,-1.6393,957474950.0,5666599102.2363,2026-07-14
2012-10-25,sh.600151,航天机电,5.92813779,5.74072578,5.98732053,5.73086199,7015751,41701171.0,0.732735,-3.0,957474530.0,5496598718.0643835,2026-07-14
2012-10-26,sh.600151,航天机电,5.7209982,5.66181546,5.77031715,5.54344998,6193112,35396629.0,0.646817,-1.3746,957475144.0,5421047572.864926,2026-07-14
2012-10-29,sh.600151,航天机电,5.66181546,5.67167925,5.83936368,5.6223603,4711263,27368932.0,0.492051,0.1742,957474530.0,5430488424.204503,2026-07-14
2012-10-30,sh.600151,航天机电,5.71113441,5.6223603,5.7209982,5.56317756,3602803,20568252.0,0.376282,-0.8696,957474182.0,5383264829.151775,2026-07-14
2012-10-31,sh.600151,航天机电,5.66181546,5.56317756,5.66181546,5.49413103,2926763,16449138.0,0.305675,-1.0526,957475423.0,5326605787.485107,2026-07-14
2012-11-01,sh.600151,航天机电,5.56317756,5.67167925,5.69140683,5.50399482,4406223,25114124.0,0.460192,1.9504,957474924.0,5430490658.8461275,2026-07-14
2012-11-02,sh.600151,航天机电,5.68154304,5.66181546,5.70127062,5.60263272,2972345,17018152.0,0.310436,-0.1739,957474326.0,5421042941.49988,2026-07-14
2012-11-05,sh.600151,航天机电,5.67167925,5.61249651,5.67167925,5.58290514,2351306,13403070.0,0.245574,-0.8711,957473511.0,5373816738.904946,2026-07-14
2012-11-06,sh.600151,航天机电,5.64208788,5.75058957,5.76045336,5.61249651,6177689,35625704.0,0.645206,2.4605,957475442.0,5506048290.29634,2026-07-14
2012-11-07,sh.600151,航天机电,5.75058957,5.74072578,5.79990852,5.68154304,4944947,28855849.0,0.516457,-0.1715,957475066.0,5496601795.093402,2026-07-14
2012-11-08,sh.600151,航天机电,5.67167925,5.45467587,5.74072578,5.4250845,5215945,29416966.0,0.544761,-4.9828,957474012.0,5222710389.40849,2026-07-14
2012-11-09,sh.600151,航天机电,5.44481208,5.35603797,5.50399482,5.33631039,2478147,13553141.0,0.258821,-1.8083,957475244.0,5128273762.199015,2026-07-14
2012-11-12,sh.600151,航天机电,5.35603797,5.40535692,5.43494829,5.31658281,2680024,14604066.0,0.279905,0.9208,957476287.0,5175501073.671356,2026-07-14
2012-11-13,sh.600151,航天机电,5.40535692,5.28699144,5.41522071,5.24753628,1971771,10607680.0,0.205935,-2.1898,957472503.0,5062148927.396375,2026-07-14
2012-11-14,sh.600151,航天机电,5.27712765,5.23767249,5.29685523,5.18835354,2110555,11189461.0,0.220429,-0.9328,957476103.0,5014946244.515506,2026-07-14
2012-11-15,sh.600151,航天机电,5.23767249,5.11930701,5.27712765,5.09957943,2047951,10824661.0,0.213891,-2.2599,957474134.0,4901604046.07988,2026-07-14
2012-11-16,sh.600151,航天机电,5.11930701,5.14889838,5.17848975,5.06998806,1354519,7043443.0,0.141468,0.578,957473775.0,4929935168.9899845,2026-07-14
2012-11-19,sh.600151,航天机电,5.21794491,5.23767249,5.27712765,5.1291708,1915972,10145456.0,0.200107,1.7241,957473752.0,5014933930.747482,2026-07-14
2012-11-20,sh.600151,航天机电,5.24753628,5.17848975,5.28699144,5.15876217,1308212,6921521.0,0.136631,-1.1299,957478171.0,4958290894.372247,2026-07-14
2012-11-21,sh.600151,航天机电,5.17848975,5.2278087,5.24753628,4.931895,1515884,7914849.0,0.158321,0.9524,957475003.0,5005496150.715926,2026-07-14
2012-11-22,sh.600151,航天机电,5.19821733,5.09957943,5.20808112,5.07985185,1551200,8108628.0,0.162009,-2.4528,957477671.0,4882733435.715908,2026-07-14
2012-11-23,sh.600151,航天机电,5.1291708,5.28699144,5.29685523,5.08971564,4275507,22656264.0,0.44654,3.675,957474582.0,5062159919.0515785,2026-07-14
2012-11-26,sh.600151,航天机电,5.29685523,5.06012427,5.29685523,5.0305329,3245252,16949747.0,0.338939,-4.291,957473764.0,4844936231.104652,2026-07-14
2012-11-27,sh.600151,航天机电,5.04039669,4.74448299,5.05026048,4.7346192,4699881,23240097.0,0.490862,-6.2378,957475013.0,4542723912.528529,2026-07-14
2012-11-28,sh.600151,航天机电,4.7346192,4.68530025,4.77407436,4.65570888,2423494,11531827.0,0.253113,-1.2474,957475120.0,4486058419.10478,2026-07-14
2012-11-29,sh.600151,航天机电,4.68530025,4.68530025,4.81352952,4.68530025,1399656,6721449.0,0.146182,0.0,957474929.0,4486057524.212432,2026-07-14
2012-11-30,sh.600151,航天机电,4.77407436,4.72475541,4.77407436,4.67543646,1603446,7670182.0,0.167466,0.8421,957475547.0,4523837770.6309595,2026-07-14
2012-12-03,sh.600151,航天机电,4.7346192,4.57679856,4.77407436,4.55707098,1603285,7605698.0,0.167449,-3.1315,957476605.0,4382177546.997689,2026-07-14
2012-12-04,sh.600151,航天机电,4.57679856,4.64584509,4.69516404,4.46829687,2657899,12375889.0,0.277595,1.5086,957473658.0,4448274292.823639,2026-07-14
2012-12-05,sh.600151,航天机电,4.61625372,4.80366573,4.90230363,4.59652614,4291999,20732193.0,0.448262,3.397,957475539.0,4599392434.007578,2026-07-14
2012-12-06,sh.600151,航天机电,4.80366573,4.80366573,4.89243984,4.74448299,2404854,11784688.0,0.251166,0.0,957475932.0,4599394321.84821,2026-07-14
2012-12-07,sh.600151,航天机电,4.86284847,4.84312089,4.89243984,4.79380194,4662090,22970592.0,0.486915,0.8214,957475124.0,4637167774.69974,2026-07-14
2012-12-10,sh.600151,航天机电,4.90230363,4.97135016,4.99107774,4.86284847,4192172,20991944.0,0.437836,2.6477,957475402.0,4759945492.928764,2026-07-14
2012-12-11,sh.600151,航天机电,4.97135016,4.92203121,5.14889838,4.85298468,7009646,35633662.0,0.732097,-0.9921,957475034.0,4712722000.143811,2026-07-14
2012-12-12,sh.600151,航天机电,4.91216742,4.91216742,4.98121395,4.85298468,3200375,15935062.0,0.334252,-0.2004,957473702.0,4703271124.4711895,2026-07-14
2012-12-13,sh.600151,航天机电,4.89243984,4.79380194,4.92203121,4.77407436,3217028,15816122.0,0.335991,-2.4096,957474456.0,4589942904.673244,2026-07-14
2012-12-14,sh.600151,航天机电,4.78393815,4.99107774,5.05026048,4.78393815,7250087,36465041.0,0.757209,4.1152,957475017.0,4778832243.954822,2026-07-14
2012-12-17,sh.600151,航天机电,5.01080532,5.09957943,5.16862596,5.01080532,8985451,46459719.0,0.938453,2.1739,957474802.0,4882718805.022523,2026-07-14
2012-12-18,sh.600151,航天机电,5.09957943,5.10944322,5.20808112,5.01080532,6591608,34074694.0,0.688437,0.1934,957474395.0,4892161055.856352,2026-07-14
2012-12-19,sh.600151,航天机电,5.10944322,5.1291708,5.17848975,5.05026048,4667241,24259625.0,0.487453,0.3861,957475080.0,4911053222.0636635,2026-07-14
2012-12-20,sh.600151,航天机电,5.27712765,5.28699144,5.50399482,5.18835354,15002081,80917567.0,1.566838,3.0769,957474927.0,5062161743.063625,2026-07-14
2012-12-21,sh.600151,航天机电,5.2278087,5.13903459,5.27712765,5.11930701,7245048,37984806.0,0.756683,-2.7985,957474662.0,4920495407.066558,2026-07-14
2012-12-24,sh.600151,航天机电,5.13903459,5.09957943,5.16862596,5.06998806,4183531,21677813.0,0.436934,-0.7678,957474355.0,4882716525.510518,2026-07-14
2012-12-25,sh.600151,航天机电,5.08971564,5.20808112,5.23767249,5.06998806,5875964,30886423.0,0.613694,2.1277,957474572.0,4986605241.313281,2026-07-14
2012-12-26,sh.600151,航天机电,5.20808112,5.26726386,5.27712765,5.17848975,6149516,32677508.0,0.642264,1.1364,957474808.0,5043272453.038838,2026-07-14
2012-12-27,sh.600151,航天机电,5.25740007,5.27712765,5.4250845,5.20808112,9282868,50169873.0,0.969516,0.1873,957474451.0,5052714899.540669,2026-07-14
2012-12-28,sh.600151,航天机电,5.25740007,5.29685523,5.30671902,5.23767249,4548233,24310847.0,0.475024,0.3738,957474359.0,5071603066.060048,2026-07-14
2012-12-31,sh.600151,航天机电,5.3264466,5.29685523,5.35603797,5.20808112,7851833,42020236.0,0.820056,0.0,957475221.0,5071607631.949256,2026-07-14
2013-01-04,sh.600151,航天机电,5.35603797,5.36590176,5.49413103,5.31658281,10215380,55872788.0,1.066909,1.3035,957474349.0,5137713294.453954,2026-07-14
2013-01-07,sh.600151,航天机电,5.36590176,5.44481208,5.47440345,5.3264466,7641570,41965121.0,0.798096,1.4706,957475041.0,5213271669.5352955,2026-07-14
2013-01-08,sh.600151,航天机电,5.44481208,5.51385861,5.60263272,5.40535692,12534028,70094930.0,1.309071,1.2681,957475034.0,5279381960.080942,2026-07-14
2013-01-09,sh.600151,航天机电,5.45467587,5.45467587,5.53358619,5.41522071,7960424,44110589.0,0.831398,-1.0733,957474519.0,5222713154.929156,2026-07-14
2013-01-10,sh.600151,航天机电,5.48426724,5.5237224,5.57304135,5.43494829,7757525,43365741.0,0.810207,1.2658,957474448.0,5288823055.845235,2026-07-14
2013-01-11,sh.600151,航天机电,5.56317756,5.53358619,5.71113441,5.50399482,17860248,101666254.0,1.865349,0.1786,957474875.0,5298269745.571977,2026-07-14
2013-01-14,sh.600151,航天机电,5.46453966,5.95772916,6.02677569,5.46453966,29508669,174404409.0,3.081927,7.6649,957474625.0,5704374493.322565,2026-07-14
2013-01-15,sh.600151,航天机电,5.96759295,6.04650327,6.48051003,5.90841021,35795110,223659697.0,3.738491,1.4901,957474821.0,5789374636.119164,2026-07-14
2013-01-16,sh.600151,航天机电,6.07609464,6.20432391,6.2141877,5.88868263,24851559,153097963.0,2.595532,2.6101,957474576.0,5940482405.093912,2026-07-14
2013-01-17,sh.600151,航天机电,6.17473254,5.86895505,6.17473254,5.8196361,15868234,95910421.0,1.657301,-5.4054,957474472.0,5619374637.690484,2026-07-14
2013-01-18,sh.600151,航天机电,5.89854642,5.918274,5.98732053,5.80977231,7811783,46787555.0,0.815874,0.8403,957474193.0,5666594622.102882,2026-07-14
2013-01-21,sh.600151,航天机电,6.06623085,6.06623085,6.2141877,6.0169119,15409771,95568112.0,1.609418,2.5,957474752.0,5808262878.678499,2026-07-14
2013-01-22,sh.600151,航天机电,6.0169119,5.85909126,6.0169119,5.83936368,9172615,55073078.0,0.958001,-3.4146,957474470.0,5609930298.850132,2026-07-14
2013-01-23,sh.600151,航天机电,5.82949989,5.87881884,5.90841021,5.78018094,6114809,36215713.0,0.638639,0.3367,957475037.0,5628822286.345297,2026-07-14
2013-01-24,sh.600151,航天机电,5.87881884,5.83936368,6.03663948,5.78018094,10635924,63808276.0,1.110831,-0.6711,957474539.0,5591042047.561343,2026-07-14
2013-01-25,sh.600151,航天机电,5.73086199,5.73086199,5.86895505,5.7209982,5437605,31902176.0,0.567911,-1.8581,957474851.0,5487156229.976813,2026-07-14
2013-01-28,sh.600151,航天机电,5.73086199,5.92813779,5.93800158,5.73086199,8936800,53250082.0,0.933372,3.4423,957474619.0,5676041471.859752,2026-07-14
2013-01-29,sh.600151,航天机电,5.88868263,5.92813779,6.0169119,5.8196361,7428626,44492468.0,0.775856,0.0,957474841.0,5676042787.906342,2026-07-14
2013-01-30,sh.600151,航天机电,5.918274,5.99718432,6.05636706,5.82949989,10424757,63192755.0,1.088776,1.1647,957474908.0,5742153505.051043,2026-07-14
2013-01-31,sh.600151,航天机电,5.95772916,5.86895505,5.99718432,5.85909126,7063289,42315945.0,0.7377,-2.1382,957474448.0,5619374496.835563,2026-07-14
2013-02-01,sh.600151,航天机电,5.85909126,5.79004473,5.85909126,5.73086199,8157315,47811330.0,0.851961,-1.3445,957475166.0,5543824039.004175,2026-07-14
2013-02-04,sh.600151,航天机电,5.79990852,5.65195167,5.82949989,5.65195167,6755977,39049353.0,0.705604,-2.385,957474306.0,5411598502.77879,2026-07-14
2013-02-05,sh.600151,航天机电,5.66181546,5.67167925,5.71113441,5.54344998,5857721,33465711.0,0.611789,0.349,957474064.0,5430485781.201972,2026-07-14
2013-02-06,sh.600151,航天机电,5.67167925,5.73086199,5.80977231,5.67167925,7140680,41610178.0,0.745783,1.0435,957474225.0,5487152642.457208,2026-07-14
2013-02-07,sh.600151,航天机电,5.73086199,5.8196361,5.88868263,5.69140683,6713515,39442622.0,0.701169,1.5491,957474589.0,5572153682.977063,2026-07-14
2013-02-08,sh.600151,航天机电,5.82949989,5.95772916,6.00704811,5.8196361,9773339,58940800.0,1.020741,2.3729,957474913.0,5704376209.148563,2026-07-14
2013-02-18,sh.600151,航天机电,6.1155498,5.99718432,6.1155498,5.97745674,7288464,44520257.0,0.761217,0.6623,957475201.0,5742155262.226048,2026-07-14
2013-02-19,sh.600151,航天机电,6.02677569,5.87881884,6.02677569,5.85909126,5587589,33523592.0,0.583576,-1.9737,957474091.0,5628816724.982675,2026-07-14
2013-02-20,sh.600151,航天机电,5.86895505,5.93800158,5.94786537,5.82949989,3405278,20421811.0,0.355652,1.0067,957474722.0,5685486412.046061,2026-07-14
2013-02-21,sh.600151,航天机电,5.93800158,5.78018094,5.95772916,5.73086199,4958869,29254791.0,0.517911,-2.6578,957475126.0,5534379473.829299,2026-07-14
2013-02-22,sh.600151,航天机电,5.77031715,6.36214455,6.36214455,5.77031715,17803312,113389700.0,1.859403,10.0683,957474630.0,6091591999.017767,2026-07-14
2013-02-25,sh.600151,航天机电,6.75669615,6.28323423,6.75669615,6.2141877,40304225,263948782.0,4.20943,-1.2403,957474646.0,6016037470.104332,2026-07-14
2013-02-26,sh.600151,航天机电,6.13527738,6.09582222,6.27337044,5.98732053,17818952,110390782.0,1.861036,-2.9827,957474869.0,5836596581.541789,2026-07-14
2013-02-27,sh.600151,航天机电,6.06623085,6.20432391,6.24377907,5.99718432,13773916,85540869.0,1.438567,1.7799,957474765.0,5940483577.711131,2026-07-14
2013-02-28,sh.600151,航天机电,6.2141877,6.38187213,6.49037382,6.1155498,19282123,124369928.0,2.013852,2.8617,957474680.0,6110480975.472668,2026-07-14
2013-03-01,sh.600151,航天机电,6.32268939,6.76655994,6.87506163,6.29309802,38706043,259865816.0,4.042513,6.0278,957474794.0,6478810584.640152,2026-07-14
2013-03-04,sh.600151,航天机电,6.904653,7.0032909,7.33865976,6.904653,43570599,313096084.0,4.550574,3.4985,957474793.0,6705474504.796284,2026-07-14
2013-03-05,sh.600151,航天机电,6.95397195,7.08220122,7.12165638,6.81587889,20581598,145433324.0,2.149571,1.1268,957474678.0,6781028332.650707,2026-07-14
2013-03-06,sh.600151,航天机电,7.1019288,6.99342711,7.32879597,6.97369953,21849116,157707590.0,2.281952,-1.2535,957474829.0,6696030426.2712145,2026-07-14
2013-03-07,sh.600151,航天机电,6.98356332,6.73696857,6.98356332,6.65805825,16454542,112932444.0,1.718535,-3.6671,957474942.0,6450478590.816573,2026-07-14
2013-03-08,sh.600151,航天机电,6.75669615,6.75669615,6.8060151,6.68764962,6747030,46244020.0,0.704669,0.2928,957475070.0,6469368119.1899805,2026-07-14
2013-03-11,sh.600151,航天机电,6.75669615,6.59887551,6.78628752,6.5101014,10182692,67943307.0,1.063495,-2.3358,957474365.0,6318254138.651301,2026-07-14
2013-03-12,sh.600151,航天机电,6.52982898,6.35228076,6.59887551,6.25364286,10778833,69916717.0,1.125756,-3.7369,957475066.0,6082150439.93153,2026-07-14
2013-03-13,sh.600151,航天机电,6.32268939,6.26350665,6.38187213,6.10568601,6233748,39346722.0,0.651061,-1.3975,957475260.0,5997152658.220479,2026-07-14
2013-03-14,sh.600151,航天机电,6.26350665,6.37200834,6.49037382,6.22405149,7876316,51126454.0,0.822613,1.7323,957475265.0,6101040373.92371,2026-07-14
2013-03-15,sh.600151,航天机电,6.4114635,6.3128256,6.54955656,6.29309802,6954532,45471612.0,0.726341,-0.9288,957474795.0,6044371397.230752,2026-07-14
2013-03-18,sh.600151,航天机电,6.32268939,6.15500496,6.39173592,6.14514117,5201691,32949898.0,0.543272,-2.5,957474525.0,5893260450.448645,2026-07-14
2013-03-19,sh.600151,航天机电,6.1155498,6.08595843,6.17473254,5.95772916,8494854,51919656.0,0.887214,-1.1218,957475198.0,5827154252.7840185,2026-07-14
2013-03-20,sh.600151,航天机电,6.09582222,6.25364286,6.27337044,6.0169119,7843611,48902664.0,0.819198,2.7553,957474383.0,5987702838.880856,2026-07-14
2013-03-21,sh.600151,航天机电,6.24377907,6.38187213,6.45091866,6.17473254,9732966,62550328.0,1.016525,2.0505,957474337.0,6110478786.490527,2026-07-14
2013-03-22,sh.600151,航天机电,6.39173592,6.32268939,6.40159971,6.30296181,5238839,33650568.0,0.547152,-0.9274,957474157.0,6053811693.6630945,2026-07-14
2013-03-25,sh.600151,航天机电,6.33255318,6.2141877,6.37200834,6.15500496,5955611,37557824.0,0.622012,-1.7161,957475258.0,5949930971.317926,2026-07-14
2013-03-26,sh.600151,航天机电,6.20432391,6.19446012,6.2141877,6.04650327,4088294,25425360.0,0.426987,-0.3175,957475052.0,5931041025.508925,2026-07-14
2013-03-27,sh.600151,航天机电,6.19446012,6.2141877,6.27337044,6.16486875,4384943,27620960.0,0.45797,0.3185,957473852.0,5949922234.17002,2026-07-14
2013-03-28,sh.600151,航天机电,6.18459633,5.98732053,6.18459633,5.918274,8675434,52815616.0,0.906074,-3.6508,957475217.0,5732711023.710305,2026-07-14
2013-03-29,sh.600151,航天机电,5.98732053,5.97745674,6.07609464,5.94786537,2839959,17274882.0,0.296609,-0.1647,957475667.0,5723269379.095145,2026-07-14
2013-04-01,sh.600151,航天机电,5.93800158,6.02677569,6.08595843,5.92813779,2856044,17452296.0,0.298289,0.8251,957475468.0,5770489874.313773,2026-07-14
2013-04-02,sh.600151,航天机电,6.00704811,5.90841021,6.08595843,5.87881884,4235694,25645098.0,0.442382,-1.964,957474310.0,5657150989.0167055,2026-07-14
2013-04-03,sh.600151,航天机电,5.918274,5.96759295,6.0169119,5.80977231,4540123,27270506.0,0.474177,1.0017,957474319.0,5713816995.870451,2026-07-14
2013-04-08,sh.600151,航天机电,5.96759295,6.16486875,6.17473254,5.78018094,7397800,45564472.0,0.772637,3.3058,957474208.0,5902702823.8302,2026-07-14
2013-04-09,sh.600151,航天机电,6.16486875,6.22405149,6.25364286,6.13527738,4859219,30491616.0,0.507504,0.96,957474030.0,5959367663.057805,2026-07-14
2013-04-10,sh.600151,航天机电,6.3128256,6.1155498,6.37200834,6.09582222,5166359,32436518.0,0.539582,-1.7433,957474304.0,5855481788.332339,2026-07-14
2013-04-11,sh.600151,航天机电,6.12541359,6.06623085,6.22405149,6.05636706,3255639,20222496.0,0.340023,-0.8064,957476112.0,5808271128.752456,2026-07-14
2013-04-12,sh.600151,航天机电,6.06623085,5.97745674,6.15500496,5.95772916,2996719,18385878.0,0.312982,-1.463417,957473273.0,5723255069.06371,2026-07-14
2013-04-15,sh.600151,航天机电,5.918274,5.95772916,6.0169119,5.86895505,2596667,15635855.0,0.2712,-0.33,957473083.0,5704365306.504201,2026-07-14
2013-04-16,sh.600151,航天机电,5.89854642,6.03663948,6.04650327,5.87881884,2227396,13525252.0,0.232632,1.324502,957476186.0,5779938545.567423,2026-07-14
2013-04-17,sh.600151,航天机电,5.99718432,6.05636706,6.07609464,5.98732053,1707255,10452133.0,0.178308,0.3268,957475268.0,5798821673.879872,2026-07-14
2013-04-18,sh.600151,航天机电,6.02677569,6.02677569,6.06623085,5.95772916,1520104,9287390.0,0.158762,-0.4886,957473451.0,5770477718.307206,2026-07-14
2013-04-19,sh.600151,航天机电,5.99718432,6.23391528,6.25364286,5.99718432,6141747,38601672.0,0.641453,3.436989,957474203.0,5968813064.287521,2026-07-14
2013-04-22,sh.600151,航天机电,6.20432391,6.25364286,6.25364286,6.13527738,4347768,27352552.0,0.454087,0.3165,957474669.0,5987704627.422713,2026-07-14
2013-04-23,sh.600151,航天机电,6.27337044,6.07609464,6.30296181,6.02677569,3809189,23691702.0,0.397837,-2.8391,957474795.0,5817707469.834599,2026-07-14
2013-04-24,sh.600151,航天机电,6.07609464,6.24377907,6.26350665,6.05636706,5568102,34923768.0,0.58154,2.7597,957475324.0,5978264388.032669,2026-07-14
2013-04-25,sh.600151,航天机电,6.2141877,6.42132729,6.51996519,6.17473254,15245952,98942208.0,1.592309,2.8436,957474460.0,6148256879.476013,2026-07-14
2013-04-26,sh.600151,航天机电,6.40159971,6.40159971,6.47064624,6.33255318,7433519,48184208.0,0.776367,-0.307227,957474880.0,6129370914.140285,2026-07-14
2013-05-02,sh.600151,航天机电,6.42132729,6.47064624,6.59887551,6.35228076,8098004,53204600.0,0.845767,1.0786,957474576.0,6195479265.089994,2026-07-14
2013-05-03,sh.600151,航天机电,6.42132729,6.54955656,6.59887551,6.42132729,7145952,47386112.0,0.746333,1.219511,957475015.0,6271036765.529348,2026-07-14
2013-05-06,sh.600151,航天机电,6.55942035,6.59887551,6.6087393,6.48051003,8947512,59316144.0,0.934491,0.753,957474390.0,6318254303.623189,2026-07-14
2013-05-07,sh.600151,航天机电,6.61860309,6.43119108,6.63833067,6.42132729,6853705,45368816.0,0.715811,-2.5411,957474110.0,6157698955.562939,2026-07-14
2013-05-08,sh.600151,航天机电,6.4114635,6.46078245,6.53969277,6.4114635,4804957,31547424.0,0.501836,0.4601,957475550.0,6186041229.744098,2026-07-14
2013-05-09,sh.600151,航天机电,6.46078245,6.39173592,6.47064624,6.27337044,6945563,44679684.0,0.725404,-1.0687,957475145.0,6119928276.803709,2026-07-14
2013-05-10,sh.600151,航天机电,6.34241697,6.4114635,6.4114635,6.30296181,4953650,31964516.0,0.517366,0.3086,957474979.0,6138815880.021767,2026-07-14
2013-05-13,sh.600151,航天机电,6.4114635,6.58901172,6.6087393,6.39173592,11842997,78692632.0,1.236899,2.7692,957474863.0,6308813093.912395,2026-07-14
2013-05-14,sh.600151,航天机电,6.59887551,6.79615131,6.84547026,6.5101014,17730241,120521888.0,1.851771,3.1437,957474817.0,6507143731.8465605,2026-07-14
2013-05-15,sh.600151,航天机电,6.8060151,6.8060151,6.86519784,6.69751341,9988087,68578792.0,1.04317,0.1451,957474525.0,6516586075.015327,2026-07-14
2013-05-16,sh.600151,航天机电,6.8060151,7.01315469,7.07233743,6.72710478,16805600,118412792.0,1.7552,3.0435,957474932.0,6714919809.913232,2026-07-14
2013-05-17,sh.600151,航天机电,6.99342711,7.08220122,7.25974944,6.91451679,17610752,126733632.0,1.839292,0.9845,957474506.0,6781027114.512097,2026-07-14
2013-05-20,sh.600151,航天机电,7.11179259,7.66416483,7.78253031,7.11179259,35761014,275244576.0,3.73493,8.2173,957474812.0,7338244779.7412615,2026-07-14
2013-05-21,sh.600151,航天机电,7.88116821,7.74307515,8.23626465,7.68389241,45933112,367860800.0,4.797318,1.0296,957474822.0,7413799500.978873,2026-07-14
2013-05-22,sh.600151,航天机电,7.86144063,7.58525451,7.88116821,7.46688903,23819632,185158624.0,2.487756,-2.0382,957474608.0,7262688588.542482,2026-07-14
2013-05-23,sh.600151,航天机电,7.37811492,7.51620798,7.72334757,7.25974944,17173979,130660240.0,1.793674,-0.9103,957474937.0,7196580762.129397,2026-07-14
2013-05-24,sh.600151,航天机电,7.52607177,7.62470967,7.68389241,7.45702524,11804975,90838416.0,1.232928,1.4436,957474808.0,7300467427.338993,2026-07-14
2013-05-27,sh.600151,航天机电,7.63457346,7.9896699,7.99953369,7.58525451,18654526,149170160.0,1.948305,4.7865,957474625.0,7649906191.376287,2026-07-14
2013-05-28,sh.600151,航天机电,7.99953369,7.88116821,8.01926127,7.68389241,11828210,93915504.0,1.235355,-1.358,957474572.0,7546018158.729756,2026-07-14
2013-05-29,sh.600151,航天机电,7.88116821,8.00939748,8.1869457,7.7923941,15391420,124890856.0,1.607501,1.627,957474988.0,7668797756.050231,2026-07-14
2013-05-30,sh.600151,航天机电,7.94035095,7.80225789,7.95021474,7.74307515,13274562,105287552.0,1.386414,-2.5862,957474607.0,7470463806.940399,2026-07-14
2013-05-31,sh.600151,航天机电,7.81212168,7.45702524,7.84171305,7.44716145,17327568,133406000.0,1.809715,-4.424778,957474962.0,7139914958.302041,2026-07-14
2013-06-03,sh.600151,航天机电,7.45702524,7.50634419,7.67402862,7.3978425,9670179,73839712.0,1.009967,0.6614,957474749.0,7187135019.227859,2026-07-14
2013-06-04,sh.600151,航天机电,7.54579935,7.58525451,7.6937562,7.41757008,10399627,79915848.0,1.086152,1.0512,957474368.0,7262686768.0814,2026-07-14
2013-06-05,sh.600151,航天机电,7.56552693,7.38797871,7.56552693,7.2992046,7947834,59424544.0,0.830083,-2.6008,957474614.0,7073802063.597467,2026-07-14
2013-06-06,sh.600151,航天机电,7.31893218,7.32879597,7.45702524,7.24988565,5402369,40419808.0,0.564231,-0.8011,957474687.0,7017136627.462611,2026-07-14
2013-06-07,sh.600151,航天机电,7.32879597,7.08220122,7.40770629,7.04274606,6527724,47677880.0,0.681765,-3.3647,957474203.0,6781024968.605127,2026-07-14
2013-06-13,sh.600151,航天机电,7.09206501,7.21043049,7.23015807,6.81587889,9737617,69624304.0,1.01701,1.8106,957475049.0,6903807286.723845,2026-07-14
2013-06-14,sh.600151,航天机电,7.24988565,7.6937562,7.72334757,7.2005667,16385255,124843672.0,1.711299,6.7031,957474702.0,7366576924.855653,2026-07-14
2013-06-17,sh.600151,航天机电,7.891032,7.6937562,8.17708191,7.57539072,22550991,179575184.0,2.355257,0.0,957474747.0,7366577271.074681,2026-07-14
2013-06-18,sh.600151,航天机电,7.68389241,7.80225789,8.03898885,7.64443725,14528094,115779536.0,1.517334,1.4103,957475019.0,7470467021.47065,2026-07-14
2013-06-19,sh.600151,航天机电,7.83184926,7.9896699,8.00939748,7.67402862,17523358,140511568.0,1.830164,2.402,957474740.0,7649907110.188326,2026-07-14
2013-06-20,sh.600151,航天机电,8.01926127,7.51620798,8.03898885,7.3978425,15972075,125644688.0,1.668146,-5.9259,957474646.0,7196578574.912875,2026-07-14
2013-06-21,sh.600151,航天机电,7.2992046,7.6937562,7.87130442,6.93424437,13129337,99208680.0,1.371246,2.3622,957474953.0,7366578855.988459,2026-07-14
2013-06-24,sh.600151,航天机电,7.66416483,7.44716145,7.90089579,7.12165638,14552166,111315008.0,1.519849,-3.2051,957474460.0,7130466887.871568,2026-07-14
2013-06-25,sh.600151,航天机电,7.37811492,7.26961323,7.46688903,6.7073772,15186586,109375976.0,1.586108,-2.3841,957474901.0,6960472207.70254,2026-07-14
2013-06-26,sh.600151,航天机电,7.27947702,7.4964804,7.57539072,7.12165638,11742005,88184224.0,1.226351,3.1208,957475062.0,7177693035.771785,2026-07-14
2013-06-27,sh.600151,航天机电,7.4964804,7.36825113,7.66416483,7.2992046,9058571,68818136.0,0.94609,-1.7105,957474553.0,7054912957.088495,2026-07-14
2013-06-28,sh.600151,航天机电,7.36825113,7.19070291,7.4964804,7.0032909,8488589,62153832.0,0.88656,-2.4096,957474847.0,6884917168.574704,2026-07-14
2013-07-01,sh.600151,航天机电,7.15124775,7.22029428,7.23015807,6.96383574,6617793,47761824.0,0.691172,0.4115,957474116.0,6913244883.002856,2026-07-14
2013-07-02,sh.600151,航天机电,7.22029428,7.21043049,7.28934081,7.05260985,8944720,65040784.0,0.934199,-0.1366,957474799.0,6903805484.116221,2026-07-14
2013-07-03,sh.600151,航天机电,7.18083912,7.35838734,7.36825113,7.08220122,9719182,71193240.0,1.015085,2.052,957474694.0,7045469666.699974,2026-07-14
2013-07-04,sh.600151,航天机电,7.32879597,7.46688903,7.5951183,7.16111154,11852460,89134624.0,1.237888,1.4745,957474343.0,7149354668.253158,2026-07-14
2013-07-05,sh.600151,航天机电,7.46688903,7.21043049,7.58525451,7.2005667,7838795,58621232.0,0.818695,-3.4346,957474395.0,6903802571.1023035,2026-07-14
2013-07-08,sh.600151,航天机电,7.18083912,6.96383574,7.34852355,6.95397195,7757219,55948108.0,0.810175,-3.42,957474496.0,6667695115.383287,2026-07-14
2013-07-09,sh.600151,航天机电,6.95397195,6.79615131,7.04274606,6.74683236,5966955,41463592.0,0.623197,-2.4079,957474924.0,6507144459.03475,2026-07-14
2013-07-10,sh.600151,航天机电,6.79615131,7.0032909,7.01315469,6.79615131,4748830,33341412.0,0.495974,3.0479,957475593.0,6705480107.429004,2026-07-14
2013-07-11,sh.600151,航天机电,7.21043049,7.17097533,7.33865976,7.1019288,9448601,69239568.0,0.986825,2.3944,957474831.0,6866028392.196919,2026-07-14
2013-07-12,sh.600151,航天机电,7.17097533,7.31893218,7.3978425,7.17097533,9662632,71616264.0,1.009179,2.0633,957474541.0,7007691229.655629,2026-07-14
2013-07-15,sh.600151,航天机电,7.31893218,7.47675282,7.52607177,7.26961323,10253595,77112304.0,1.0709,2.1563,957474554.0,7158800571.697742,2026-07-14
2013-07-16,sh.600151,航天机电,7.75293894,7.66416483,8.00939748,7.60498209,24529241,193971072.0,2.561868,2.5066,957474819.0,7338244833.390415,2026-07-14
2013-07-17,sh.600151,航天机电,7.72334757,7.46688903,7.73321136,7.44716145,10647984,81673136.0,1.11209,-2.574,957475025.0,7149359760.671475,2026-07-14
2013-07-18,sh.600151,航天机电,7.46688903,7.40770629,7.64443725,7.3978425,10863620,82866328.0,1.134612,-0.7926,957474449.0,7092689498.371584,2026-07-14
2013-07-19,sh.600151,航天机电,7.44716145,7.2005667,7.57539072,7.18083912,8668046,64954156.0,0.905303,-2.7963,957474569.0,6894359497.638252,2026-07-14
2013-07-22,sh.600151,航天机电,7.05260985,7.23015807,7.33865976,7.01315469,8079469,58901928.0,0.843831,0.411,957474779.0,6922694000.208317,2026-07-14
2013-07-23,sh.600151,航天机电,7.41757008,7.58525451,7.62470967,7.35838734,13418425,102209304.0,1.401439,4.9113,957474781.0,7262689900.7915125,2026-07-14
2013-07-24,sh.600151,航天机电,7.56552693,7.50634419,7.61484588,7.37811492,8465891,64174520.0,0.884189,-1.0403,957475268.0,7187138915.020493,2026-07-14
2013-07-25,sh.600151,航天机电,7.52607177,7.51620798,7.58525451,7.41757008,7941301,60451512.0,0.829401,0.1314,957474249.0,7196575590.978307,2026-07-14
2013-07-26,sh.600151,航天机电,7.52607177,7.36825113,7.62470967,7.32879597,6235058,47107300.0,0.651198,-1.9685,957474992.0,7054916191.750741,2026-07-14
2013-07-29,sh.600151,航天机电,7.52607177,7.67402862,7.68389241,7.41757008,15977760,122298368.0,1.66874,4.1499,957474502.0,7347686731.268247,2026-07-14
2013-07-30,sh.600151,航天机电,7.72334757,7.50634419,7.81212168,7.36825113,10327600,79242512.0,1.078629,-2.1851,957474720.0,7187134801.543877,2026-07-14
2013-07-31,sh.600151,航天机电,7.51620798,7.38797871,7.56552693,7.37811492,7156509,53999832.0,0.747436,-1.5769,957474486.0,7073801117.9361925,2026-07-14
2013-08-01,sh.600151,航天机电,7.38797871,7.47675282,7.4964804,7.37811492,6718737,50706652.0,0.701714,1.2016,957475125.0,7158804840.923602,2026-07-14
2013-08-02,sh.600151,航天机电,7.57539072,7.50634419,7.63457346,7.45702524,8077395,61657424.0,0.843614,0.3958,957475220.0,7187138554.715972,2026-07-14
2013-08-05,sh.600151,航天机电,7.56552693,7.4964804,7.57539072,7.37811492,7316537,55350524.0,0.764149,-0.1314,957475178.0,7177693905.363511,2026-07-14
2013-08-06,sh.600151,航天机电,7.51620798,7.66416483,7.68389241,7.4964804,15655128,120826896.0,1.635043,2.2368,957475002.0,7338246235.932579,2026-07-14
2013-08-07,sh.600151,航天机电,7.72334757,7.6937562,7.81212168,7.55566314,15154861,118304176.0,1.582795,0.3861,957474657.0,7366576578.636623,2026-07-14
2013-08-08,sh.600151,航天机电,7.58525451,7.51620798,7.5951183,7.44716145,9782523,74430504.0,1.0217,-2.3077,957475091.0,7196581919.625426,2026-07-14
2013-08-09,sh.600151,航天机电,7.43729766,7.35838734,7.56552693,7.27947702,12102595,90574184.0,1.264012,-2.0997,957474692.0,7045469651.983199,2026-07-14
2013-08-12,sh.600151,航天机电,7.31893218,7.38797871,7.3978425,7.2005667,10428042,77274768.0,1.089119,0.4021,957474987.0,7073804819.313526,2026-07-14
2013-08-13,sh.600151,航天机电,7.35838734,7.38797871,7.47675282,7.2992046,9937968,74346600.0,1.037935,0.0,957474986.0,7073804811.925548,2026-07-14
2013-08-14,sh.600151,航天机电,7.40770629,7.24002186,7.40770629,7.2005667,14589090,107192928.0,1.211019,-2.0027,1204695385.0,8722020922.041115,2026-07-14
2013-08-15,sh.600151,航天机电,7.23015807,7.19070291,7.27947702,7.16111154,7157790,52426472.0,0.594158,-0.6812,1204694711.0,8662601764.049309,2026-07-14
2013-08-16,sh.600151,航天机电,7.18083912,7.18083912,7.25974944,7.15124775,6348626,46419752.0,0.52699,-0.1372,1204695725.0,8650726189.776762,2026-07-14
2013-08-19,sh.600151,航天机电,7.13152017,7.24988565,7.24988565,7.13152017,4185753,30624536.0,0.347453,0.9615,1204696175.0,8733909511.74239,2026-07-14
2013-08-20,sh.600151,航天机电,7.26961323,7.19070291,7.27947702,7.18083912,10595090,77842136.0,0.879483,-0.8163,1204695258.0,8662605697.3638,2026-07-14
2013-08-21,sh.600151,航天机电,7.24002186,7.25974944,7.25974944,7.18083912,8151562,59869292.0,0.676649,0.9602,1204695788.0,8745789572.303358,2026-07-14
2013-08-22,sh.600151,航天机电,7.26961323,7.28934081,7.33865976,7.24002186,15303246,113078168.0,1.2703,0.4076,1204695426.0,8781435532.362135,2026-07-14
2013-08-23,sh.600151,航天机电,7.28934081,7.17097533,7.30906839,7.05260985,8639998,63035868.0,0.717194,-1.6238,1204694685.0,8638835866.317122,2026-07-14
2013-08-26,sh.600151,航天机电,7.18083912,7.28934081,7.30906839,7.18083912,10711219,78879504.0,0.889123,1.6506,1204694851.0,8781431340.991169,2026-07-14
2013-08-27,sh.600151,航天机电,7.28934081,7.41757008,7.42743387,7.24988565,15088609,112358088.0,1.252483,1.7591,1204695712.0,8935914868.835497,2026-07-14
2013-08-28,sh.600151,航天机电,7.37811492,7.65430104,7.81212168,7.30906839,39793831,306711456.0,3.303228,3.1915,1204695256.0,9221100150.883865,2026-07-14
2013-08-29,sh.600151,航天机电,7.66416483,7.44716145,7.67402862,7.37811492,24694981,186990800.0,2.049894,-2.7062,1204695511.0,8971561968.507252,2026-07-14
2013-08-30,sh.600151,航天机电,7.44716145,7.26961323,7.44716145,7.23015807,16384368,121114352.0,1.360042,-2.3841,1204695737.0,8757672067.819801,2026-07-14
2013-09-02,sh.600151,航天机电,7.41757008,7.46688903,7.56552693,7.38797871,31351834,238195728.0,2.60247,2.7137,1204695309.0,8995326187.26456,2026-07-14
2013-09-03,sh.600151,航天机电,7.47675282,7.26961323,7.47675282,7.25974944,30279213,224762352.0,2.513433,-2.642,1204695450.0,8757669981.440804,2026-07-14
2013-09-04,sh.600151,航天机电,7.31893218,7.3978425,7.54579935,7.27947702,33567445,252785104.0,2.786385,1.7639,1204695152.0,8912144995.00956,2026-07-14
2013-09-05,sh.600151,航天机电,7.42743387,7.44716145,7.56552693,7.32879597,39122687,295950912.0,3.247517,0.6667,1204695372.0,8971560933.35181,2026-07-14
2013-09-06,sh.600151,航天机电,7.42743387,7.57539072,7.58525451,7.38797871,52980798,402227168.0,4.397859,1.7219,1204695239.0,9126037133.948782,2026-07-14
2013-09-09,sh.600151,航天机电,7.5951183,7.64443725,7.78253031,7.44716145,79542059,613380992.0,6.60267,0.9115,1204695358.0,9209218069.597286,2026-07-14
2013-09-10,sh.600151,航天机电,7.70361999,8.41381287,8.41381287,7.70361999,91374004,761573568.0,7.584823,10.0645,1204695271.0,10136080575.567936,2026-07-14
2013-09-11,sh.600151,航天机电,8.70972657,8.06858022,8.86754721,8.03898885,122757591,1049516448.0,10.189929,-4.1032,1204695254.0,9720180297.552275,2026-07-14
2013-09-12,sh.600151,航天机电,8.00939748,8.12776296,8.24612844,7.9896699,63695490,522819776.0,5.28727,0.7335,1204695240.0,9791477349.760311,2026-07-14
2013-09-13,sh.600151,航天机电,8.1869457,7.85157684,8.21653707,7.77266652,47619081,381916880.0,3.95279,-3.3981,1204695443.0,9458758839.51234,2026-07-14
2013-09-16,sh.600151,航天机电,7.85157684,8.24612844,8.33490255,7.85157684,58545369,483605520.0,4.859766,5.0251,1204695226.0,9934071564.650827,2026-07-14
2013-09-17,sh.600151,航天机电,8.21653707,8.34476634,8.46313182,8.15735433,66215797,560614096.0,5.496477,1.1962,1204695244.0,10052900322.089287,2026-07-14
2013-09-18,sh.600151,航天机电,8.34476634,8.36449392,8.45326803,8.14749054,34300245,289663488.0,2.847213,0.2364,1204695434.0,10076667633.14476,2026-07-14
2013-09-23,sh.600151,航天机电,8.36449392,8.45326803,8.55190593,8.26585602,36508369,311540624.0,3.030506,1.0613,1204695486.0,10183613837.689114,2026-07-14
2013-09-24,sh.600151,航天机电,8.47299561,8.84781963,9.05495922,8.41381287,64637323,576423040.0,5.36545,4.6674,1204695282.0,10658926564.247986,2026-07-14
2013-09-25,sh.600151,航天机电,8.877411,8.73931794,8.95632132,8.66040762,38775146,345392544.0,3.218668,-1.2263,1204695421.0,10528216304.981152,2026-07-14
2013-09-26,sh.600151,航天机电,8.68999899,8.41381287,8.96618511,8.32503876,33371775,293103504.0,2.770142,-3.7246,1204695463.0,10136082191.020008,2026-07-14
2013-09-27,sh.600151,航天机电,8.45326803,8.78863689,8.82809205,8.44340424,29574209,259754231.0,2.454912,4.4549,1204695280.0,10587629379.016878,2026-07-14
2013-09-30,sh.600151,航天机电,9.05495922,9.09441438,9.6665142,9.05495922,56631100,534732096.0,4.700865,3.4792,1204695306.0,10955998314.4049,2026-07-14
2013-10-08,sh.600151,航天机电,9.1733247,9.72569694,9.7651521,9.03523164,55098109,530836304.0,4.573614,6.9414,1204695215.0,11716500566.158142,2026-07-14
2013-10-09,sh.600151,航天机电,9.6665142,9.82433484,9.9624279,9.52842114,46167033,456209920.0,3.832258,1.0142,1204695326.0,11835330262.80696,2026-07-14
2013-10-10,sh.600151,航天机电,9.72569694,10.0610658,10.33725192,9.63692283,46747224,478556688.0,3.880419,2.4096,1204695266.0,12120518340.174503,2026-07-14
2013-10-11,sh.600151,航天机电,10.08079338,10.54439151,10.70221215,10.08079338,40970002,434914896.0,3.40086,4.8039,1204695342.0,12702779336.321346,2026-07-14
2013-10-14,sh.600151,航天机电,10.60357425,10.50493635,10.79098626,10.18929507,34675464,365055376.0,2.87836,-0.3742,1204695174.0,12655246124.022175,2026-07-14
2013-10-15,sh.600151,航天机电,10.4556174,10.3569795,10.4556174,10.09065717,30895195,321508320.0,2.564565,-1.4085,1204695338.0,12477004919.41157,2026-07-14
2013-10-16,sh.600151,航天机电,10.29779676,10.07092959,10.42602603,9.82433484,30735306,314253536.0,2.551293,-2.7619,1204695266.0,12132401201.292322,2026-07-14
2013-10-17,sh.600151,航天机电,10.17943128,10.09065717,10.42602603,10.04133822,28348809,294048880.0,2.353193,0.1959,1204695450.0,12156168780.208876,2026-07-14
2013-10-18,sh.600151,航天机电,10.07092959,9.85392621,10.1597037,9.4692384,32331399,320357200.0,2.683782,-2.346,1204695426.0,11870979833.328514,2026-07-14
2013-10-21,sh.600151,航天机电,9.88351758,10.82057763,10.84030521,9.77501589,44468899,469371888.0,3.691298,9.8098,1204695449.0,13035500626.412207,2026-07-14
2013-10-22,sh.600151,航天机电,10.86003279,10.57398288,11.02771722,10.3569795,42203175,457325200.0,3.503224,-2.2789,1204695304.0,12738427520.112396,2026-07-14
2013-10-23,sh.600151,航天机电,10.56411909,9.73556073,10.63316562,9.6665142,36770424,372734816.0,3.052259,-7.9291,1204695408.0,11728385305.736128,2026-07-14
2013-10-24,sh.600151,航天机电,9.6665142,9.72569694,9.98215548,9.57774009,14906568,148207631.0,1.237372,-0.1013,1204695758.0,11716505847.211582,2026-07-14
2013-10-25,sh.600151,航天机电,9.78487968,9.25223502,9.97229169,9.10427817,27254174,263378552.0,2.262329,-4.8682,1204695427.0,11146125218.123255,2026-07-14
2013-10-28,sh.600151,航天机电,9.30155397,9.58760388,9.73556073,9.0746868,19853362,190907550.0,1.647999,3.6247,1204695027.0,11550138715.081903,2026-07-14
2013-10-29,sh.600151,航天机电,9.4692384,9.29169018,9.74542452,8.63081625,26276711,243795269.0,2.181191,-3.0864,1204695554.0,11193657848.991459,2026-07-14
2013-10-30,sh.600151,航天机电,9.22264365,9.22264365,9.35087292,8.877411,15350003,141790184.0,1.274181,-0.7431,1204695644.0,11110478631.319262,2026-07-14
2013-10-31,sh.600151,航天机电,9.20291607,8.93659374,9.20291607,8.7787731,14540297,131798018.0,1.206969,-3.1016,1204695150.0,10765871136.09836,2026-07-14
2013-11-01,sh.600151,航天机电,8.877411,8.96618511,9.03523164,8.73931794,13822538,124743097.0,1.147389,0.3311,1204695008.0,10801518442.82093,2026-07-14
2013-11-04,sh.600151,航天机电,8.98591269,8.94645753,9.2719626,8.88727479,19519518,179366750.0,1.620287,-0.22,1204695094.0,10777753495.070358,2026-07-14
2013-11-05,sh.600151,航天机电,8.9760489,9.18318849,9.25223502,8.92672995,19484732,180064747.0,1.617399,2.6461,1204695440.0,11062945298.563484,2026-07-14
2013-11-06,sh.600151,航天机电,9.1733247,9.30155397,9.61719525,9.0746868,24880446,236523249.0,2.06529,1.2889,1204695031.0,11205535848.237324,2026-07-14
2013-11-07,sh.600151,航天机电,9.25223502,8.92672995,9.49882977,8.72945415,25654530,234358770.0,2.129545,-4.0297,1204695369.0,10753990231.078602,2026-07-14
2013-11-08,sh.600151,航天机电,8.78863689,8.5814973,8.86754721,8.52231456,18131052,158289011.0,1.505032,-3.8674,1204695448.0,10338090734.334291,2026-07-14
2013-11-11,sh.600151,航天机电,8.62095246,8.60122488,8.76890931,8.50258698,13803810,120907071.0,1.145834,0.2299,1204695445.0,10361856434.356672,2026-07-14
2013-11-12,sh.600151,航天机电,8.67027141,8.67027141,8.877411,8.60122488,16382297,144380292.0,1.359871,0.8028,1204694931.0,10445032018.021223,2026-07-14
2013-11-13,sh.600151,航天机电,8.80836447,8.32503876,8.89713858,8.31517497,23329198,204016581.0,1.936523,-3.9818,1204695116.0,10029133534.682695,2026-07-14
2013-11-14,sh.600151,航天机电,8.2855836,8.5814973,8.64068004,8.20667328,23559358,202051139.0,1.955628,3.0806,1204695269.0,10338089198.246275,2026-07-14
2013-11-15,sh.600151,航天机电,8.60122488,8.85768342,9.05495922,8.52231456,31156133,279824400.0,2.586225,3.2184,1204695376.0,10670810258.145866,2026-07-14
2013-11-18,sh.600151,航天机电,9.09441438,9.32128155,9.43964703,9.00564027,36896013,345571088.0,3.062684,5.2339,1204695391.0,11229304921.498337,2026-07-14
2013-11-19,sh.600151,航天机电,9.3706005,9.34100913,9.43964703,9.24237123,25124592,238111980.0,2.085556,0.2116,1204695151.0,11253068404.357729,2026-07-14
2013-11-20,sh.600151,航天机电,9.36073671,9.71583315,9.97229169,9.19305228,50959294,499758224.0,4.230057,4.0127,1204695209.0,11704617647.248379,2026-07-14
2013-11-21,sh.600151,航天机电,9.5678763,9.31141776,9.68624178,9.24237123,36883582,352123312.0,3.061652,-4.1624,1204695439.0,11217422506.095596,2026-07-14
2013-11-22,sh.600151,航天机电,9.33114534,9.31141776,9.40019187,9.13386954,22575566,211679304.0,1.873965,0.0,1204695178.0,11217420075.815561,2026-07-14
2013-11-25,sh.600151,航天机电,9.36073671,9.26209881,9.51855735,9.20291607,21720952,206533642.0,1.803025,-0.5297,1204694999.0,11158004116.65085,2026-07-14
2013-11-26,sh.600151,航天机电,9.20291607,9.0746868,9.26209881,8.91686616,30097199,276236896.0,2.498325,-2.0234,1204695106.0,10932230776.4428,2026-07-14
2013-11-27,sh.600151,航天机电,9.16346091,9.36073671,9.3706005,9.01550406,26974594,252421917.0,2.239122,3.1522,1204695144.0,11276834058.799536,2026-07-14
2013-11-28,sh.600151,航天机电,9.43964703,9.36073671,9.51855735,9.32128155,25142655,239400763.0,2.087055,0.0,1204695372.0,11276836193.047506,2026-07-14
2013-11-29,sh.600151,航天机电,9.41005566,9.82433484,9.95256411,9.3706005,53228167,524799280.0,4.418392,4.9526,1204695441.0,11835331392.605465,2026-07-14
2013-12-02,sh.600151,航天机电,9.55801251,9.05495922,9.74542452,8.99577648,43538999,411984720.0,3.614109,-7.8313,1204695237.0,10908466243.563236,2026-07-14
2013-12-03,sh.600151,航天机电,8.88727479,9.18318849,9.20291607,8.877411,16975706,156308670.0,1.409129,1.4161,1204694957.0,11062940863.083445,2026-07-14
2013-12-04,sh.600151,航天机电,9.18318849,9.30155397,9.43964703,9.09441438,16832731,158719679.0,1.39726,1.2889,1204695690.0,11205541977.96139,2026-07-14
2013-12-05,sh.600151,航天机电,9.2719626,9.20291607,9.41991945,9.1733247,14124712,132510426.0,1.172472,-1.0604,1204695037.0,11086707315.456545,2026-07-14
2013-12-06,sh.600151,航天机电,9.16346091,9.03523164,9.18318849,8.9760489,14149572,129822483.0,1.174535,-1.8221,1204695646.0,10884704217.309439,2026-07-14
2013-12-09,sh.600151,航天机电,9.02536785,9.04509543,9.10427817,9.00564027,9989792,91594182.0,0.829238,0.1092,1204695395.0,10896584811.856544,2026-07-14
2013-12-10,sh.600151,航天机电,9.06482301,9.01550406,9.15359712,8.9760489,11164585,102219744.0,0.926756,-0.3272,1204695195.0,10860934421.584991,2026-07-14
2013-12-11,sh.600151,航天机电,9.02536785,8.73931794,9.03523164,8.63081625,19590557,173858136.0,1.626184,-3.0635,1204694979.0,10528212442.202623,2026-07-14
2013-12-12,sh.600151,航天机电,8.74918173,8.69986278,8.83795584,8.65054383,10775748,95647844.0,0.894479,-0.4515,1204695471.0,10480685289.38747,2026-07-14
2013-12-13,sh.600151,航天机电,8.6801352,8.63081625,8.69986278,8.57163351,15405019,134518450.0,1.278748,-0.7937,1204695452.0,10397505083.422695,2026-07-14
2013-12-16,sh.600151,航天机电,8.6801352,8.50258698,8.71959036,8.43354045,10406794,90217300.0,0.863853,-1.4857,1204695012.0,10243024123.902143,2026-07-14
2013-12-17,sh.600151,航天机电,8.47299561,8.66040762,8.74918173,8.43354045,12663508,110626243.0,1.051179,1.8561,1204695680.0,10433155646.853083,2026-07-14
2013-12-18,sh.600151,航天机电,8.66040762,8.5814973,8.78863689,8.50258698,10192071,89255412.0,0.846029,-0.9112,1204695229.0,10338088854.986382,2026-07-14
2013-12-19,sh.600151,航天机电,8.59136109,8.39408529,8.65054383,8.39408529,6946394,59897994.0,0.57661,-2.1839,1204695375.0,10112315726.218533,2026-07-14
2013-12-20,sh.600151,航天机电,8.45326803,8.10803538,8.51245077,7.94035095,14654561,121889947.0,1.216454,-3.4078,1204695040.0,9767710006.430515,2026-07-14
2013-12-23,sh.600151,航天机电,8.0883078,8.0883078,8.17708191,7.91075958,7690306,62855571.0,0.638361,-0.2433,1204695462.0,9743947701.919205,2026-07-14
2013-12-24,sh.600151,航天机电,8.09817159,7.92062337,8.16721812,7.87130442,11086035,90258669.0,0.920236,-2.0732,1204694774.0,9541933580.661268,2026-07-14
2013-12-25,sh.600151,航天机电,7.93048716,8.12776296,8.14749054,7.88116821,14076055,114315799.0,1.168433,2.6152,1204695092.0,9791476146.851393,2026-07-14
2013-12-26,sh.600151,航天机电,8.12776296,7.95021474,8.12776296,7.93048716,7562048,61282229.0,0.627715,-2.1845,1204694487.0,9577579867.744139,2026-07-14
2013-12-27,sh.600151,航天机电,7.93048716,8.06858022,8.10803538,7.92062337,6931086,56566456.0,0.575339,1.4888,1204696014.0,9720186429.673243,2026-07-14
2013-12-30,sh.600151,航天机电,8.13762675,8.20667328,8.22640086,8.03898885,9370551,77616915.0,0.777836,1.7115,1204694949.0,9886537848.509264,2026-07-14
2013-12-31,sh.600151,航天机电,8.19680949,8.44340424,8.50258698,8.10803538,8823680,73937080.0,0.732441,2.8846,1204694986.0,10171726752.69914,2026-07-14
2014-01-02,sh.600151,航天机电,8.33490255,8.36449392,8.40394908,8.25599223,8895055,75091905.0,0.738366,-0.9346,1204694555.0,10076660280.754604,2026-07-14
2014-01-03,sh.600151,航天机电,8.36449392,8.21653707,8.50258698,8.1869457,9950185,84028047.0,0.82595,-1.7689,1204695805.0,9898427739.855991,2026-07-14
2014-01-06,sh.600151,航天机电,8.21653707,7.87130442,8.21653707,7.86144063,8319429,67167417.0,0.690584,-4.2017,1204694722.0,9482518890.029272,2026-07-14
2014-01-07,sh.600151,航天机电,7.80225789,7.85157684,8.01926127,7.71348378,7449445,59648283.0,0.618368,-0.2506,1204694454.0,9458751074.302845,2026-07-14
2014-01-08,sh.600151,航天机电,7.88116821,7.82198547,8.00939748,7.78253031,9623647,76918893.0,0.798845,-0.3769,1204695154.0,9423107990.367413,2026-07-14
2014-01-09,sh.600151,航天机电,7.81212168,7.7923941,7.94035095,7.76280273,6163754,49198790.0,0.511644,-0.3783,1204695843.0,9387464779.287727,2026-07-14
2014-01-10,sh.600151,航天机电,7.72334757,7.57539072,7.83184926,7.4964804,7782871,60115204.0,0.646045,-2.7848,1204694874.0,9126034368.93117,2026-07-14
2014-01-13,sh.600151,航天机电,7.58525451,7.45702524,7.67402862,7.40770629,6426550,49006333.0,0.533459,-1.5625,1204694269.0,8983435570.41635,2026-07-14
2014-01-14,sh.600151,航天机电,7.41757008,7.56552693,7.58525451,7.37811492,6053650,45953086.0,0.502505,1.455,1204694481.0,9114148538.427874,2026-07-14
2014-01-15,sh.600151,航天机电,7.60498209,7.72334757,7.7923941,7.56552693,10667560,83119103.0,0.885499,2.086,1204694754.0,9304276300.897648,2026-07-14
2014-01-16,sh.600151,航天机电,7.55566314,7.67402862,7.88116821,7.55566314,10414500,81886756.0,0.864492,-0.6386,1204695937.0,9244871098.935717,2026-07-14
2014-01-17,sh.600151,航天机电,7.63457346,7.28934081,7.65430104,7.25974944,19177208,143693574.0,1.591872,-5.0129,1204695352.0,8781434992.950914,2026-07-14
2014-01-20,sh.600151,航天机电,7.2992046,7.16111154,7.31893218,7.08220122,10811282,78729606.0,0.897429,-1.7591,1204694968.0,8626955037.52473,2026-07-14
2014-01-21,sh.600151,航天机电,7.19070291,7.24988565,7.28934081,7.17097533,8544954,62629451.0,0.709304,1.2397,1204695589.0,8733905263.309399,2026-07-14
2014-01-22,sh.600151,航天机电,7.25974944,7.60498209,7.63457346,7.25974944,16609090,126212785.0,1.378696,4.898,1204695596.0,9161688431.481876,2026-07-14
2014-01-23,sh.600151,航天机电,7.60498209,7.87130442,7.95021474,7.5951183,25106874,198751304.0,2.084085,3.5019,1204695298.0,9482523423.900618,2026-07-14
2014-01-24,sh.600151,航天机电,7.81212168,8.11789917,8.20667328,7.77266652,20859353,169662025.0,1.731504,3.1328,1204695629.0,9779597646.761726,2026-07-14
2014-01-27,sh.600151,航天机电,8.01926127,7.93048716,8.07844401,7.83184926,18749733,150516412.0,1.556388,-2.3086,1204695294.0,9553820560.779425,2026-07-14
2014-01-28,sh.600151,航天机电,7.95021474,7.96994232,7.99953369,7.77266652,8516534,68334476.0,0.706945,0.4975,1204695415.0,9601352970.718464,2026-07-14
2014-01-29,sh.600151,航天机电,7.891032,7.82198547,7.92062337,7.64443725,18960241,149739313.0,1.573862,-1.8564,1204695266.0,9423108866.429785,2026-07-14
2014-01-30,sh.600151,航天机电,7.85157684,7.83184926,7.88116821,7.73321136,7573132,60047668.0,0.628635,0.1261,1204694616.0,9434986636.845585,2026-07-14
2014-02-07,sh.600151,航天机电,7.76280273,8.07844401,8.0883078,7.70361999,22207061,179453484.0,1.843376,3.1486,1204695135.0,9732062197.216892,2026-07-14
2014-02-10,sh.600151,航天机电,8.13762675,8.2855836,8.36449392,8.12776296,19159302,160520818.0,1.590386,2.5641,1204695087.0,9981601855.847775,2026-07-14
2014-02-11,sh.600151,航天机电,8.26585602,8.26585602,8.32503876,8.09817159,16073616,133559468.0,1.334247,-0.2381,1204695682.0,9957841055.327705,2026-07-14
2014-02-12,sh.600151,航天机电,8.27571981,8.2855836,8.29544739,8.14749054,16395369,137007385.0,1.360956,0.2387,1204695009.0,9981601209.572254,2026-07-14
2014-02-13,sh.600151,航天机电,8.26585602,8.04885264,8.29544739,8.03898885,14170857,117370956.0,1.176302,-2.8571,1204695478.0,9696416378.49636,2026-07-14
2014-02-14,sh.600151,航天机电,8.04885264,8.10803538,8.16721812,7.9896699,11023791,90421019.0,0.915069,0.7353,1204695056.0,9767710136.159082,2026-07-14
2014-02-17,sh.600151,航天机电,8.13762675,8.54204214,8.55190593,8.13762675,31472840,267017826.0,2.612515,5.3528,1204695093.0,10290556250.25722,2026-07-14
2014-02-18,sh.600151,航天机电,8.54204214,8.69986278,8.75904552,8.3842215,33289585,289492592.0,2.76332,1.8476,1204695258.0,10480683436.316698,2026-07-14
2014-02-19,sh.600151,航天机电,8.6801352,8.5814973,8.72945415,8.51245077,20376812,177965784.0,1.691449,-1.3605,1204695619.0,10338092201.770329,2026-07-14
2014-02-20,sh.600151,航天机电,8.60122488,8.30531118,8.68999899,8.29544739,16328379,140113149.0,1.355395,-3.2184,1204695236.0,10005368812.04354,2026-07-14
2014-02-21,sh.600151,航天机电,8.29544739,8.17708191,8.43354045,8.12776296,14137156,118516169.0,1.173505,-1.5439,1204694995.0,9850889650.682041,2026-07-14
2014-02-24,sh.600151,航天机电,8.14749054,8.33490255,8.35463013,8.0883078,12358527,103346199.0,1.025863,1.93,1204695656.0,10041020895.168324,2026-07-14
2014-02-25,sh.600151,航天机电,8.33490255,7.85157684,8.40394908,7.77266652,17382815,142920809.0,1.442922,-5.7988,1204695403.0,9458758525.449266,2026-07-14
2014-02-26,sh.600151,航天机电,7.77266652,7.82198547,7.85157684,7.54579935,14135623,110316076.0,1.173377,-0.3769,1204695763.0,9423112753.956564,2026-07-14
2014-02-27,sh.600151,航天机电,7.83184926,7.78253031,8.00939748,7.75293894,13218125,105939392.0,1.097217,-0.5044,1204695607.0,9375580075.801348,2026-07-14
2014-02-28,sh.600151,航天机电,7.7923941,7.93048716,7.94035095,7.5951183,11193782,87994183.0,0.92918,1.9011,1204694677.0,9553815667.668848,2026-07-14
2014-03-03,sh.600151,航天机电,7.95021474,8.14749054,8.17708191,7.87130442,14336567,117418939.0,1.190058,2.7363,1204694813.0,9815239592.504568,2026-07-14
2014-03-04,sh.600151,航天机电,8.16721812,8.21653707,8.27571981,8.03898885,15796068,130821248.0,1.311209,0.8475,1204694904.0,9898420336.75609,2026-07-14
2014-03-05,sh.600151,航天机电,8.39408529,8.33490255,8.54204214,8.23626465,30077479,256232476.0,2.496688,1.4406,1204695140.0,10041016594.358608,2026-07-14
2014-03-06,sh.600151,航天机电,8.26585602,8.5814973,8.65054383,8.21653707,33993565,293331360.0,2.821756,2.9586,1204695410.0,10338090408.237394,2026-07-14
2014-03-07,sh.600151,航天机电,8.60122488,8.40394908,8.67027141,8.33490255,21889323,187994835.0,1.817001,-2.069,1204695154.0,10124196731.13876,2026-07-14
2014-03-10,sh.600151,航天机电,8.31517497,7.93048716,8.31517497,7.92062337,16573827,136174460.0,1.375769,-5.6338,1204695483.0,9553822059.641499,2026-07-14
2014-03-11,sh.600151,航天机电,7.86144063,7.94035095,7.96994232,7.78253031,11692758,93488983.0,0.970599,0.1244,1204695039.0,9565701397.383938,2026-07-14
2014-03-12,sh.600151,航天机电,7.93048716,7.86144063,7.97980611,7.72334757,8477394,67547993.0,0.703696,-0.9938,1204695494.0,9470642103.30952,2026-07-14
2014-03-13,sh.600151,航天机电,7.891032,7.96007853,7.97980611,7.81212168,10196873,81714527.0,0.846428,1.2547,1204694670.0,9589464177.872435,2026-07-14
2014-03-14,sh.600151,航天机电,7.92062337,7.86144063,7.93048716,7.7923941,6207545,49434807.0,0.515279,-1.2392,1204695903.0,9470645318.638739,2026-07-14
2014-03-17,sh.600151,航天机电,7.88116821,8.03898885,8.05871643,7.81212168,12157574,98043870.0,1.009182,2.2585,1204695882.0,9684536763.038918,2026-07-14
2014-03-18,sh.600151,航天机电,8.03898885,8.0883078,8.23626465,7.99953369,13655128,112302825.0,1.133492,0.6135,1204695578.0,9743948640.162909,2026-07-14
2014-03-19,sh.600151,航天机电,8.03898885,8.01926127,8.05871643,7.83184926,9258218,74607769.0,0.768511,-0.8537,1204695574.0,9660768558.718618,2026-07-14
2014-03-20,sh.600151,航天机电,8.00939748,7.6937562,8.04885264,7.67402862,12239473,97363380.0,1.015981,-4.059,1204695068.0,9268630148.534422,2026-07-14
2014-03-21,sh.600151,航天机电,7.64443725,7.74307515,7.82198547,7.44716145,18259922,141273715.0,1.515729,0.641,1204695694.0,9328049291.523405,2026-07-14
2014-03-24,sh.600151,航天机电,7.76280273,7.83184926,7.91075958,7.76280273,10040500,79878750.0,0.833447,1.1465,1204695680.0,9434994969.933197,2026-07-14
2014-03-25,sh.600151,航天机电,7.83184926,7.87130442,7.93048716,7.77266652,8840919,70408833.0,0.733872,0.5038,1204694960.0,9482520763.399723,2026-07-14
2014-03-26,sh.600151,航天机电,7.891032,7.83184926,7.92062337,7.81212168,8390021,66841944.0,0.696443,-0.5013,1204696005.0,9434997515.284206,2026-07-14
2014-03-27,sh.600151,航天机电,7.80225789,7.60498209,7.82198547,7.5951183,10490838,81717520.0,0.870829,-2.8967,1204695526.0,9161687899.13313,2026-07-14
2014-03-28,sh.600151,航天机电,7.5951183,7.3978425,7.64443725,7.3978425,10826078,82465905.0,0.898657,-2.7237,1204695229.0,8912145564.643433,2026-07-14
2014-03-31,sh.600151,航天机电,7.3978425,7.40770629,7.4964804,7.32879597,5122324,38573202.0,0.425197,0.1333,1204694295.0,8924021506.598616,2026-07-14
2014-04-01,sh.600151,航天机电,7.41757008,7.45702524,7.48661661,7.34852355,8301714,62498052.0,0.689113,0.6658,1204695601.0,8983445503.17397,2026-07-14
2014-04-02,sh.600151,航天机电,7.48661661,7.44716145,7.51620798,7.42743387,5984498,45294711.0,0.496764,-0.1323,1204696395.0,8971568551.797974,2026-07-14
2014-04-03,sh.600151,航天机电,7.45702524,7.42743387,7.51620798,7.36825113,7839874,59199759.0,0.650777,-0.2649,1204694388.0,8947787900.43012,2026-07-14
2014-04-04,sh.600151,航天机电,7.40770629,7.47675282,7.47675282,7.37811492,7477791,56361959.0,0.620721,0.664,1204694380.0,9007202102.90315,2026-07-14
2014-04-08,sh.600151,航天机电,7.51620798,7.66416483,7.6937562,7.51620798,13703674,106035375.0,1.137522,2.5066,1204695294.0,9232983303.14131,2026-07-14
2014-04-09,sh.600151,航天机电,7.72334757,7.68389241,7.75293894,7.64443725,9427339,73466649.0,0.78255,0.2574,1204694780.0,9256745076.40862,2026-07-14
2014-04-10,sh.600151,航天机电,7.6937562,7.71348378,7.73321136,7.64443725,13215138,102952590.0,1.096969,0.3851,1204695666.0,9292400479.527298,2026-07-14
2014-04-11,sh.600151,航天机电,7.70361999,7.5951183,7.71348378,7.53593556,11412739,87912239.0,0.947355,-1.5345,1204695072.0,9149801587.267017,2026-07-14
2014-04-14,sh.600151,航天机电,7.55566314,7.70361999,7.71348378,7.55566314,8803442,68395105.0,0.730761,1.4286,1204695106.0,9280513300.43677,2026-07-14
2014-04-15,sh.600151,航天机电,7.76280273,7.66416483,7.78253031,7.63457346,7890507,61582572.0,0.654979,-0.5122,1204696181.0,9232990101.255514,2026-07-14
2014-04-16,sh.600151,航天机电,7.65430104,7.68389241,7.70361999,7.63457346,5789048,45064049.0,0.48054,0.2574,1204696383.0,9256757393.688154,2026-07-14
2014-04-17,sh.600151,航天机电,7.71348378,7.63457346,7.73321136,7.61484588,6335728,49301746.0,0.52592,-0.6419,1204694250.0,9197326748.464605,2026-07-14
2014-04-18,sh.600151,航天机电,7.63457346,7.72334757,7.75293894,7.63457346,8001913,62574599.0,0.664227,1.1628,1204695533.0,9304282317.385405,2026-07-14
2014-04-21,sh.600151,航天机电,7.68389241,7.56552693,7.76280273,7.55566314,8360316,65176760.0,0.693978,-2.0434,1204694673.0,9114149991.009045,2026-07-14
2014-04-22,sh.600151,航天机电,7.56552693,7.53593556,7.5951183,7.43729766,6068950,46247558.0,0.503775,-0.3911,1204694556.0,9078500543.498812,2026-07-14
2014-04-23,sh.600151,航天机电,7.57539072,7.5951183,7.61484588,7.44716145,5722579,43532991.0,0.475023,0.7853,1204695141.0,9149802111.330181,2026-07-14
2014-04-24,sh.600151,航天机电,7.57539072,7.40770629,7.57539072,7.3978425,5773197,43840915.0,0.479225,-2.4675,1204694455.0,8924022691.831621,2026-07-14
2014-04-25,sh.600151,航天机电,7.40770629,7.19070291,7.43729766,7.18083912,6991337,51737524.0,0.580341,-2.9294,1204694654.0,8662601354.179243,2026-07-14
2014-04-28,sh.600151,航天机电,7.19070291,6.74683236,7.19070291,6.72710478,10045025,70495369.0,0.833823,-6.1728,1204695121.0,8127876026.296915,2026-07-14
2014-04-29,sh.600151,航天机电,6.74683236,6.87506163,6.87506163,6.71724099,5248020,36164264.0,0.43563,1.9006,1204696646.0,8282363686.704293,2026-07-14
2014-04-30,sh.600151,航天机电,6.904653,6.83560647,6.904653,6.75669615,5910647,40865806.0,0.490634,-0.5739,1204695761.0,8234826138.273173,2026-07-14
2014-05-05,sh.600151,航天机电,6.83560647,6.904653,6.904653,6.8060151,3178753,22093449.0,0.263864,1.0101,1204693706.0,8317992011.214018,2026-07-14
2014-05-06,sh.600151,航天机电,6.904653,6.97369953,6.98356332,6.904653,4394419,30960755.0,0.364774,1.0,1204696333.0,8401190251.234824,2026-07-14
2014-05-07,sh.600151,航天机电,6.93424437,6.83560647,6.94410816,6.83560647,3500573,24424792.0,0.290577,-1.9802,1204697206.0,8234836015.724523,2026-07-14
2014-05-08,sh.600151,航天机电,6.8060151,6.78628752,6.93424437,6.77642373,4072365,28300812.0,0.338041,-0.7215,1204695584.0,8175410607.098311,2026-07-14
2014-05-09,sh.600151,航天机电,6.8060151,6.61860309,6.83560647,6.5101014,7704538,52051320.0,0.639542,-2.4709,1204696173.0,7973405813.128974,2026-07-14
2014-05-12,sh.600151,航天机电,6.66792204,6.88492542,6.89478921,6.62846688,6304321,43279898.0,0.523312,4.0238,1204696433.0,8294245094.945027,2026-07-14
2014-05-13,sh.600151,航天机电,6.904653,6.89478921,6.91451679,6.79615131,5167225,35945814.0,0.428924,0.1433,1204694771.0,8306116508.43422,2026-07-14
2014-05-14,sh.600151,航天机电,6.89478921,6.89478921,6.94410816,6.85533405,5280125,36948573.0,0.438295,0.0,1204696608.0,8306129174.162,2026-07-14
2014-05-15,sh.600151,航天机电,6.89478921,6.75669615,7.02301848,6.72710478,7413083,51932408.0,0.615349,-2.0029,1204695709.0,8139762858.92182,2026-07-14
2014-05-16,sh.600151,航天机电,6.8060151,6.83560647,6.88492542,6.77642373,4896216,33898447.0,0.406428,1.1679,1204694558.0,8234817915.03859,2026-07-14
2014-05-19,sh.600151,航天机电,6.89478921,6.82574268,6.98356332,6.76655994,4858686,33813326.0,0.403312,-0.1443,1204696612.0,8222949080.9798,2026-07-14
2014-05-20,sh.600151,航天机电,6.84547026,6.78628752,6.92438058,6.76655994,3574217,24760670.0,0.296691,-0.578,1204693435.0,8175396023.366431,2026-07-14
2014-05-21,sh.600151,航天机电,6.79615131,6.83560647,6.84547026,6.75669615,3093213,21353756.0,0.256763,0.7267,1204695770.0,8234826199.793632,2026-07-14
2014-05-22,sh.600151,航天机电,6.86519784,6.82574268,6.93424437,6.81587889,5463895,38128663.0,0.45355,-0.1443,1204695182.0,8222939320.1677685,2026-07-14
2014-05-23,sh.600151,航天机电,6.78628752,6.83560647,6.87506163,6.75669615,3821768,26385781.0,0.317239,0.1445,1204696774.0,8234833062.742528,2026-07-14
2014-05-26,sh.600151,航天机电,6.86519784,6.904653,6.98356332,6.85533405,6723502,47113158.0,0.558108,1.0101,1204695507.0,8318004446.494071,2026-07-14
2014-05-27,sh.600151,航天机电,6.91451679,6.88492542,6.93424437,6.84547026,4978545,34766027.0,0.413262,-0.2857,1204694601.0,8294232481.761658,2026-07-14
2014-05-28,sh.600151,航天机电,6.85533405,6.99342711,6.99342711,6.85533405,10937337,76971267.0,0.907892,1.5759,1204695823.0,8424952427.871962,2026-07-14
2014-05-29,sh.600151,航天机电,6.97369953,6.85533405,6.99342711,6.84547026,6451893,45296324.0,0.535562,-1.9746,1204695815.0,8258592240.462001,2026-07-14
2014-05-30,sh.600151,航天机电,6.87506163,6.904653,6.93424437,6.81587889,6657928,46473604.0,0.552665,0.7194,1204695068.0,8318001415.351403,2026-07-14
2014-06-03,sh.600151,航天机电,6.92438058,6.83560647,6.96383574,6.82574268,5198304,36303520.0,0.431504,-1.0,1204694279.0,8234816007.904386,2026-07-14
2014-06-04,sh.600151,航天机电,6.81587889,6.67778583,6.83560647,6.6087393,7300151,49443677.0,0.605975,-2.3088,1204695078.0,8044695721.339145,2026-07-14
2014-06-05,sh.600151,航天机电,6.67778583,6.72710478,6.73696857,6.62846688,4159445,28160534.0,0.345269,0.7386,1204696917.0,8104122388.801964,2026-07-14
2014-06-06,sh.600151,航天机电,6.72710478,6.67778583,6.74683236,6.63833067,3504762,23731056.0,0.290925,-0.7331,1204696056.0,8044702252.213687,2026-07-14
2014-06-09,sh.600151,航天机电,6.64819446,6.62846688,6.71724099,6.6087393,4014080,27064723.0,0.333203,-0.7386,1204695036.0,7985281146.626409,2026-07-14
2014-06-10,sh.600151,航天机电,6.63833067,6.68764962,6.69751341,6.59887551,3662353,24724405.0,0.304007,0.8929,1204693642.0,8056568977.137716,2026-07-14
2014-06-11,sh.600151,航天机电,6.69751341,6.83560647,6.84547026,6.67778583,6995315,47951739.0,0.580671,2.2124,1204695086.0,8234821524.238807,2026-07-14
2014-06-12,sh.600151,航天机电,6.81587889,6.904653,6.97369953,6.76655994,11481995,80446208.0,0.953104,1.0101,1204694871.0,8318000055.134763,2026-07-14
2014-06-13,sh.600151,航天机电,6.904653,6.98356332,7.02301848,6.87506163,9470379,67003634.0,0.786122,1.1429,1204695836.0,8413069652.046335,2026-07-14
2014-06-16,sh.600151,航天机电,6.99342711,7.0032909,7.09206501,6.96383574,8016488,57022981.0,0.665437,0.2825,1204695260.0,8436831351.631134,2026-07-14
2014-06-17,sh.600151,航天机电,7.0032909,6.99342711,7.04274606,6.92438058,8784683,62320696.0,0.729204,-0.1408,1204694845.0,8424945588.300248,2026-07-14
2014-06-18,sh.600151,航天机电,7.02301848,7.16111154,7.24002186,7.0032909,16206630,116848199.0,1.345289,2.3977,1204695051.0,8626955631.89699,2026-07-14
2014-06-19,sh.600151,航天机电,7.15124775,6.95397195,7.23015807,6.93424437,13376860,96498986.0,1.110394,-2.8926,1204694910.0,8377414612.447774,2026-07-14
2014-06-20,sh.600151,航天机电,6.95397195,7.24988565,7.33865976,6.93424437,16877451,122589089.0,1.400973,4.2553,1204694951.0,8733900637.882353,2026-07-14
2014-06-23,sh.600151,航天机电,7.27947702,7.30906839,7.37811492,7.18083912,21105732,156362893.0,1.751956,0.8163,1204695323.0,8805200504.92014,2026-07-14
2014-06-24,sh.600151,航天机电,7.32879597,7.27947702,7.35838734,7.21043049,12471224,92275354.0,1.035218,-0.4049,1204695436.0,8769552742.46088,2026-07-14
2014-06-25,sh.600151,航天机电,7.24002186,7.19070291,7.34852355,7.13152017,10605501,77780538.0,0.880347,-1.2195,1204695535.0,8662607689.188507,2026-07-14
2014-06-26,sh.600151,航天机电,7.17097533,7.21043049,7.2992046,7.15124775,10128033,74289150.0,0.840713,0.2743,1204695657.0,8686374296.403381,2026-07-14
2014-06-27,sh.600151,航天机电,7.22029428,7.26961323,7.32879597,7.18083912,13764605,101185004.0,1.14258,0.8208,1204695076.0,8757667262.605455,2026-07-14
2014-06-30,sh.600151,航天机电,7.30906839,7.53593556,7.67402862,7.27947702,36067359,275687408.0,2.993899,3.6635,1204695249.0,9078505765.902155,2026-07-14
2014-07-01,sh.600151,航天机电,7.57539072,7.65430104,7.83184926,7.54579935,25931388,200951081.0,2.152527,1.5707,1204695133.0,9221099209.404839,2026-07-14
2014-07-02,sh.600151,航天机电,7.65430104,7.97980611,8.14749054,7.56552693,50824529,407132976.0,4.21887,4.2526,1204695309.0,9613234987.446539,2026-07-14
2014-07-03,sh.600151,航天机电,7.87130442,7.93048716,8.02912506,7.78253031,32692940,261127192.0,2.713793,-0.618,1204695421.0,9553821567.951294,2026-07-14
2014-07-04,sh.600151,航天机电,7.96019496,7.97999644,8.00969866,7.75227942,35291231,281305968.0,2.929474,0.6242,1204695143.0,9613462952.425291,2026-07-14
2014-07-07,sh.600151,航天机电,7.920592,7.98989718,8.0691031,7.8710883,36377016,293472016.0,3.019603,0.1241,1204695319.0,9625391732.0373,2026-07-14
2014-07-08,sh.600151,航天机电,8.02950014,7.8710883,8.03940088,7.73247794,23664154,187544242.0,1.964327,-1.487,1204695247.0,9482262663.72731,2026-07-14
2014-07-09,sh.600151,航天机电,7.84138608,8.0195994,8.3166216,7.75227942,64437880,528346992.0,5.348894,1.8868,1204695401.0,9661174515.04236,2026-07-14
2014-07-10,sh.600151,航天机电,7.920592,7.94039348,8.19781272,7.85128682,27236773,220890649.0,2.260885,-0.9877,1204695197.0,9565753887.646116,2026-07-14
2014-07-11,sh.600151,航天机电,7.90079052,8.23741568,8.30672086,7.8215846,40217826,330285840.0,3.338423,3.7406,1204695331.0,9923576209.20219,2026-07-14
2014-07-14,sh.600151,航天机电,8.09880532,8.15820976,8.24731642,7.9700957,42908266,351439984.0,3.561753,-0.9615,1204695160.0,9828155812.136763,2026-07-14
2014-07-15,sh.600151,航天机电,8.17801124,8.39582752,8.6631475,8.0691031,53876037,455972560.0,4.472171,2.9126,1204695371.0,10114414549.058409,2026-07-14
2014-07-16,sh.600151,航天机电,8.33642308,7.94039348,8.33642308,7.84138608,37280602,303967056.0,3.094608,-5.4245,1204695457.0,9565755952.14842,2026-07-14
2014-07-17,sh.600151,航天机电,8.10870606,8.27701864,8.49483492,7.920592,50331924,418757760.0,4.17798,4.2394,1204695188.0,9971284526.594303,2026-07-14
2014-07-18,sh.600151,航天机电,8.18791198,8.15820976,8.45523196,8.09880532,44946121,374633328.0,3.730912,-1.4354,1204695286.0,9828156840.071192,2026-07-14
2014-07-21,sh.600151,航天机电,8.1186068,8.22751494,8.28691938,7.96019496,27459570,224699298.0,2.279379,0.8495,1204695226.0,9911647970.061678,2026-07-14
2014-07-22,sh.600151,航天机电,8.15820976,8.3166216,8.3661253,8.05920236,35349383,295089120.0,2.934301,1.083,1204695190.0,10018994038.570103,2026-07-14
2014-07-23,sh.600151,航天机电,8.30672086,8.32652234,8.415629,8.22751494,30190510,253761284.0,2.50607,0.1191,1204695400.0,10030923160.995237,2026-07-14
2014-07-24,sh.600151,航天机电,8.34632382,8.25721716,8.7126512,8.12850754,26643590,223596897.0,2.211646,-0.8323,1204695055.0,9947428680.713144,2026-07-14
2014-07-25,sh.600151,航天机电,8.22751494,8.32652234,8.38592678,8.13840828,41958447,351831472.0,3.482909,0.8393,1204695472.0,10030923760.504845,2026-07-14
2014-07-28,sh.600151,航天机电,8.33642308,8.55423936,8.62354454,8.28691938,71793998,612005744.0,5.959515,2.7348,1204695315.0,10305252080.380598,2026-07-14
2014-07-29,sh.600151,航天机电,8.52453714,8.42552974,8.7126512,8.39582752,69644549,598578480.0,5.781092,-1.5046,1204695393.0,10150196861.362488,2026-07-14
2014-07-30,sh.600151,航天机电,8.39582752,8.30672086,8.48493418,8.23741568,35561761,299159824.0,2.95193,-1.4101,1204695267.0,10007067304.33217,2026-07-14
2014-07-31,sh.600151,航天机电,8.3166216,8.35622456,8.40572826,8.23741568,27178305,228714011.0,2.256031,0.5959,1204695547.0,10066706517.164034,2026-07-14
2014-08-01,sh.600151,航天机电,8.33642308,8.22751494,8.37602604,8.19781272,27973361,233527316.0,2.322028,-1.5403,1204695249.0,9911648159.294521,2026-07-14
2014-08-04,sh.600151,航天机电,8.25721716,8.38592678,8.42552974,8.18791198,27140699,227733410.0,2.25291,1.9254,1204695216.0,10102485873.592285,2026-07-14
2014-08-05,sh.600151,航天机电,8.38592678,8.34632382,8.4651327,8.30672086,37335758,315289568.0,3.099187,-0.4723,1204695231.0,10054776502.335703,2026-07-14
2014-08-06,sh.600151,航天机电,8.30672086,8.33642308,8.45523196,8.18791198,37788567,318091648.0,3.136774,-0.1186,1204695238.0,10042849186.429293,2026-07-14
2014-08-07,sh.600151,航天机电,8.33642308,8.23741568,8.43543048,8.2176142,24975419,210101443.0,2.073173,-1.1877,1204695363.0,9923576472.799492,2026-07-14
2014-08-08,sh.600151,航天机电,8.2176142,8.25721716,8.30672086,8.20771346,15031707,125505050.0,1.24776,0.2404,1204695374.0,9947431314.765417,2026-07-14
2014-08-11,sh.600151,航天机电,8.27701864,8.47503344,8.49483492,8.27701864,39206821,333680416.0,3.254501,2.6379,1204695313.0,10209833062.686268,2026-07-14
2014-08-12,sh.600151,航天机电,8.52453714,8.58394158,8.67304824,8.44533122,44701652,386663552.0,3.710619,1.285,1204695281.0,10341033913.805683,2026-07-14
2014-08-13,sh.600151,航天机电,8.53443788,8.47503344,8.65324676,8.33642308,30901622,265394393.0,2.565099,-1.2687,1204695101.0,10209831265.979177,2026-07-14
2014-08-14,sh.600151,航天机电,8.47503344,8.37602604,8.55423936,8.3661253,24258680,207057741.0,2.013678,-1.1682,1204695090.0,10090557444.100143,2026-07-14
2014-08-15,sh.600151,航天机电,8.3166216,8.37602604,8.415629,8.2671179,18041973,152191838.0,1.497638,0.0,1204695193.0,10090558306.830826,2026-07-14
2014-08-18,sh.600151,航天机电,8.38592678,8.54433862,8.55423936,8.38592678,26748014,228995189.0,2.220314,2.0095,1204695102.0,10293322885.34344,2026-07-14
2014-08-19,sh.600151,航天机电,8.5641401,8.55423936,8.57404084,8.44533122,24962818,214556783.0,2.072127,0.1159,1204695369.0,10305252542.309525,2026-07-14
2014-08-20,sh.600151,航天机电,8.58394158,8.60374306,8.70275046,8.49483492,34956865,304124016.0,2.901718,0.5787,1204695460.0,10364890203.388506,2026-07-14
2014-08-21,sh.600151,航天机电,8.64334602,8.93046748,9.06907784,8.53443788,59835959,535551104.0,4.966896,3.7975,1204695226.0,10758491539.104252,2026-07-14
2014-08-22,sh.600151,航天机电,9.0096734,8.910666,9.01957414,8.80175786,31578283,283685184.0,2.621267,-0.2217,1204695401.0,10734638350.047068,2026-07-14
2014-08-25,sh.600151,航天机电,8.910666,8.64334602,8.92056674,8.6136438,30007216,263793983.0,2.490855,-3.0,1204695416.0,10412599329.195843,2026-07-14
2014-08-26,sh.600151,航天机电,8.6136438,8.50473566,8.75225416,8.44533122,19599938,169701528.0,1.626962,-1.6037,1204695500.0,10245616778.291529,2026-07-14
2014-08-27,sh.600151,航天机电,8.48493418,8.54433862,8.69284972,8.48493418,18325922,159305785.0,1.521208,0.4657,1204695347.0,10293324978.7064,2026-07-14
2014-08-28,sh.600151,航天机电,8.53443788,8.48493418,8.67304824,8.47503344,16289266,140984540.0,1.352148,-0.6953,1204695492.0,10221761956.562716,2026-07-14
2014-08-29,sh.600151,航天机电,8.49483492,8.69284972,8.70275046,8.49483492,17611422,153163164.0,1.461898,2.4504,1204695676.0,10472238469.801811,2026-07-14
2014-09-01,sh.600151,航天机电,8.78195638,8.83146008,9.03937562,8.78195638,30602494,274558496.0,2.540268,1.5945,1204695489.0,10639220119.659578,2026-07-14
2014-09-02,sh.600151,航天机电,8.89086452,9.37600078,9.58391632,8.79185712,76085308,706889200.0,6.31573,6.1659,1204695388.0,11295224897.550404,2026-07-14
2014-09-03,sh.600151,航天机电,9.38590152,9.53441262,9.72252668,9.29679486,75562607,727591456.0,6.272342,1.6895,1204695264.0,11486061728.33583,2026-07-14
2014-09-04,sh.600151,航天机电,9.5542141,9.94034296,10.36607478,9.39580226,86951224,866145600.0,7.217694,4.2575,1204695350.0,11975084941.317236,2026-07-14
2014-09-05,sh.600151,航天机电,9.82153408,9.87103778,10.01954888,9.71262594,44459376,442108016.0,3.690508,-0.6972,1204695289.0,11891592711.107018,2026-07-14
2014-09-09,sh.600151,航天机电,9.88093852,9.81163334,9.98984666,9.73242742,35054706,348909808.0,2.90984,-0.6018,1204695310.0,11820028668.137636,2026-07-14
2014-09-10,sh.600151,航天机电,9.79183186,9.82153408,9.91064074,9.6037178,33144924,327450752.0,2.751312,0.1009,1204695215.0,11831955110.135426,2026-07-14
2014-09-11,sh.600151,航天机电,9.79183186,9.7522289,10.06905258,9.67302298,38521755,383725904.0,3.197635,-0.7056,1204695189.0,11748463237.856762,2026-07-14
2014-09-12,sh.600151,航天机电,9.73242742,10.08885406,10.0987548,9.71262594,49761023,501006000.0,4.13059,3.4518,1204695286.0,12153994927.22396,2026-07-14
2014-09-15,sh.600151,航天机电,10.13835776,10.02944962,10.25716664,9.94034296,41454256,421112464.0,3.441057,-0.5888,1204695418.0,12082432002.27584,2026-07-14
2014-09-16,sh.600151,航天机电,9.98984666,9.3561993,9.98984666,9.31659634,55195678,540468816.0,4.581713,-6.7127,1204695231.0,11271368676.995539,2026-07-14
2014-09-17,sh.600151,航天机电,9.38590152,9.29679486,9.51461114,9.09878006,29012699,272427200.0,2.408302,-0.6349,1204695217.0,11199804301.272184,2026-07-14
2014-09-18,sh.600151,航天机电,9.29679486,9.34629856,9.42550448,9.21758894,18785716,176938640.0,1.559375,0.5325,1204695214.0,11259441143.847092,2026-07-14
2014-09-19,sh.600151,航天机电,9.3561993,9.69282446,9.7522289,9.26709264,32773838,314390496.0,2.720508,3.7076,1204695520.0,11676902203.10842,2026-07-14
2014-09-22,sh.600151,航天机电,9.6532215,9.44530596,9.66312224,9.41560374,20329884,195299215.0,1.687554,-2.5536,1204695316.0,11378715848.198885,2026-07-14
2014-09-23,sh.600151,航天机电,9.44530596,9.8512363,9.93044222,9.44530596,47919043,471678928.0,3.97769,4.2977,1204695263.0,11867737705.303646,2026-07-14
2014-09-24,sh.600151,航天机电,9.81163334,10.12845702,10.3462733,9.71262594,70207276,719603312.0,5.827804,2.8141,1204695216.0,12201703717.455618,2026-07-14
2014-09-25,sh.600151,航天机电,10.13835776,10.5937918,11.0888288,10.08885406,90363897,970454592.0,7.500975,4.5943,1204695350.0,12762291720.32813,2026-07-14
2014-09-26,sh.600151,航天机电,10.4947844,10.43537996,10.72250142,10.2472659,47825161,504071856.0,3.969897,-1.4953,1204695260.0,12571452774.11099,2026-07-14
2014-09-29,sh.600151,航天机电,10.4452807,10.46508218,10.62349402,10.30667034,36947762,389693312.0,3.06698,0.2846,1204695238.0,12607234667.524658,2026-07-14
2014-09-30,sh.600151,航天机电,10.45518144,10.40567774,10.55418884,10.35617404,26002631,273685200.0,2.15844,-0.5676,1204695567.0,12535673845.00858,2026-07-14
2014-10-08,sh.600151,航天机电,10.42547922,10.60369254,10.7423029,10.35617404,45943571,490627680.0,3.813709,1.9029,1204695245.0,12774217982.379972,2026-07-14
2014-10-09,sh.600151,航天机电,10.57399032,10.395777,10.67299772,10.27696812,38091913,401828432.0,3.161954,-1.9608,1204695356.0,12523744273.911613,2026-07-14
2014-10-10,sh.600151,航天机电,10.41557848,10.52448662,10.68289846,10.32647182,33389350,354351728.0,2.771601,1.2381,1204695409.0,12678800713.195927,2026-07-14
2014-10-13,sh.600151,航天机电,10.47498292,10.5937918,10.62349402,10.2967696,36236953,383716000.0,3.007977,0.6585,1204695149.0,12762289590.975979,2026-07-14
2014-10-14,sh.600151,航天机电,10.62349402,10.26706738,10.77200512,10.18786146,54996958,581518832.0,4.565217,-3.0841,1204695374.0,12368688577.2323,2026-07-14
2014-10-15,sh.600151,航天机电,10.2472659,10.1482585,10.28686886,9.90074,39771249,405006672.0,3.301353,-1.1572,1204695439.0,12225560728.742983,2026-07-14
2014-10-16,sh.600151,航天机电,10.0492511,10.01954888,10.33637256,9.97004518,25717856,264370068.0,2.134802,-1.2683,1204695143.0,12070501870.78709,2026-07-14
2014-10-17,sh.600151,航天机电,9.9997474,10.08885406,10.16805998,9.7522289,25347254,256428045.0,2.104039,0.6917,1204695065.0,12153992697.587214,2026-07-14
2014-10-20,sh.600151,航天机电,10.0987548,10.1482585,10.26706738,10.06905258,18616975,191414587.0,1.545368,0.5888,1204695257.0,12225558881.759935,2026-07-14
2014-10-21,sh.600151,航天机电,10.0987548,9.7522289,10.0987548,9.73242742,34433603,343752736.0,2.858283,-3.9024,1204695371.0,11748465012.762423,2026-07-14
2014-10-22,sh.600151,航天机电,9.7522289,9.53441262,9.9997474,9.49480966,27088180,266639767.0,2.24855,-2.2335,1204695470.0,11486063692.424831,2026-07-14
2014-10-23,sh.600151,航天机电,9.53441262,9.47500818,9.59381706,9.39580226,18606166,178218227.0,1.544471,-0.6231,1204695070.0,11414495642.655672,2026-07-14
2014-10-24,sh.600151,航天机电,9.46510744,9.47500818,9.57401558,9.42550448,13379214,128257617.0,1.110589,0.0,1204695346.0,11414498257.75793,2026-07-14
2014-10-27,sh.600151,航天机电,9.5047104,9.62351928,9.6532215,9.41560374,13748449,132908051.0,1.141239,1.5674,1204694985.0,11593405414.666811,2026-07-14
2014-10-28,sh.600151,航天机电,9.7027252,9.94034296,9.9502437,9.67302298,24028431,239017544.0,1.994565,3.2922,1204695310.0,11975084543.703518,2026-07-14
2014-10-29,sh.600151,航天机电,10.01954888,10.66309698,10.88091326,9.86113704,96868912,1023754784.0,8.040947,7.2709,1204695318.0,12845783007.18594,2026-07-14
2014-10-30,sh.600151,航天机电,10.70269994,10.77200512,11.0393251,10.60369254,94314481,1028707696.0,7.828907,1.0214,1204695381.0,12976984812.17235,2026-07-14
2014-10-31,sh.600151,航天机电,10.75220364,10.51458588,10.7918066,10.3462733,57758309,615059552.0,4.794433,-2.3897,1204695300.0,12666872191.082365,2026-07-14
2014-11-03,sh.600151,航天机电,10.5442881,10.41557848,10.5937918,10.33637256,38508399,406219840.0,3.196526,-0.9416,1204695316.0,12547598608.2864,2026-07-14
2014-11-04,sh.600151,航天机电,10.41557848,10.37597552,10.52448662,10.15815924,36795617,383683680.0,3.05435,-0.3802,1204695500.0,12499891017.054161,2026-07-14
2014-11-05,sh.600151,航天机电,10.32647182,10.38587626,10.55418884,10.28686886,27968357,294792672.0,2.321613,0.0954,1204695055.0,12511813772.263895,2026-07-14
2014-11-06,sh.600151,航天机电,10.4452807,10.4452807,10.4947844,10.28686886,24055252,252649723.0,1.996791,0.572,1204695534.0,12583383010.666393,2026-07-14
2014-11-07,sh.600151,航天机电,10.58389106,10.00964814,10.63339476,9.92054148,54218181,564144048.0,4.500572,-4.1706,1204695337.0,12058576439.268723,2026-07-14
2014-11-10,sh.600151,航天机电,9.9502437,10.0987548,10.11855628,9.86113704,24996512,251841786.0,2.074924,0.8902,1204695305.0,12165922493.906214,2026-07-14
2014-11-11,sh.600151,航天机电,10.11855628,9.81163334,10.18786146,9.6532215,39032403,389864832.0,3.240023,-2.8431,1204695244.0,11820028020.569836,2026-07-14
2014-11-12,sh.600151,航天机电,9.8017326,9.96014444,9.97994592,9.7027252,16872305,168786450.0,1.400545,1.5136,1204695672.0,11998942899.362864,2026-07-14
2014-11-13,sh.600151,航天机电,9.96014444,9.58391632,10.05915184,9.405703,33813765,330255440.0,2.806831,-3.7773,1204695438.0,11545700268.877748,2026-07-14
2014-11-14,sh.600151,航天机电,9.53441262,9.53441262,9.68292372,9.43540522,15307128,147457866.0,1.270622,-0.5165,1204695653.0,11486065437.22234,2026-07-14
2014-11-17,sh.600151,航天机电,9.53441262,9.8017326,9.86113704,9.48490892,20844358,204982333.0,1.73026,2.8037,1204695133.0,11808099558.187435,2026-07-14
2014-11-18,sh.600151,航天机电,9.8017326,9.82153408,9.93044222,9.73242742,16026217,159132422.0,1.330313,0.202,1204695211.0,11831955070.84929,2026-07-14
2014-11-19,sh.600151,航天机电,9.86113704,9.7522289,9.89083926,9.61361854,16487686,162557743.0,1.368619,-0.7056,1204695098.0,11748462350.403933,2026-07-14
2014-11-20,sh.600151,航天机电,9.7522289,9.69282446,9.8017326,9.6532215,10596974,104062847.0,0.879639,-0.6091,1204695790.0,11676904820.171024,2026-07-14
2014-11-21,sh.600151,航天机电,9.68292372,9.69282446,9.8017326,9.61361854,15736586,153983909.0,1.306271,0.0,1204695350.0,11676900555.328262,2026-07-14
2014-11-24,sh.600151,航天机电,9.8017326,9.89083926,9.9502437,9.7027252,25568776,254023579.0,2.122427,2.0429,1204695191.0,11915446491.475998,2026-07-14
2014-11-25,sh.600151,航天机电,9.88093852,10.03935036,10.0987548,9.82153408,26266674,265218489.0,2.180358,1.5015,1204695467.0,12094359870.316818,2026-07-14
2014-11-26,sh.600151,航天机电,10.0492511,10.07895332,10.18786146,9.88093852,29085694,295207328.0,2.414361,0.3945,1204695321.0,12142067905.181416,2026-07-14
2014-11-27,sh.600151,航天机电,10.06905258,10.01954888,10.10865554,9.96014444,30934562,313480816.0,2.567833,-0.5894,1204695243.0,12070502872.741978,2026-07-14
2014-11-28,sh.600151,航天机电,10.01954888,9.8512363,10.0987548,9.8017326,31960218,320661808.0,2.652971,-1.6798,1204695340.0,11867738463.848843,2026-07-14
2014-12-01,sh.600151,航天机电,9.84133556,9.56411484,9.84133556,9.405703,38838824,375684512.0,3.223954,-2.9146,1204695352.0,11521844693.742224,2026-07-14
2014-12-02,sh.600151,航天机电,9.54431336,9.64332076,9.73242742,9.51461114,22921853,222943940.0,1.90271,0.8282,1204695040.0,11617260688.70103,2026-07-14
2014-12-03,sh.600151,航天机电,9.64332076,9.8512363,9.87103778,9.5047104,38166781,372157488.0,3.168169,2.1561,1204695236.0,11867737439.320267,2026-07-14
2014-12-04,sh.600151,航天机电,9.89083926,10.06905258,10.12845702,9.8017326,52014217,524574624.0,4.317624,2.2111,1204695383.0,12130141154.310238,2026-07-14
2014-12-05,sh.600151,航天机电,10.15815924,10.7918066,10.87101252,9.6532215,141835442,1499892800.0,11.773553,7.178,1204695320.0,13000838905.36511,2026-07-14
2014-12-08,sh.600151,航天机电,10.99972214,11.49475914,11.75217838,10.5937918,174008932,1974487552.0,14.444228,6.5138,1204695273.0,13847682000.231544,2026-07-14
2014-12-09,sh.600151,航天机电,11.29674434,10.3462733,11.31654582,10.3462733,133461277,1472034736.0,11.078426,-9.9914,1204695297.0,12464106785.98667,2026-07-14
2014-12-10,sh.600151,航天机电,10.08885406,10.395777,10.56408958,9.67302298,68996060,709396720.0,5.727262,0.4785,1204695368.0,12523744398.660936,2026-07-14
2014-12-11,sh.600151,航天机电,10.37597552,10.47498292,10.67299772,10.06905258,57169792,598577136.0,4.745581,0.7619,1204695315.0,12619162848.42902,2026-07-14
2014-12-12,sh.600151,航天机电,10.38587626,10.47498292,10.61359328,10.31657108,39023129,412739360.0,3.239253,0.0,1204695311.0,12619162806.529089,2026-07-14
2014-12-15,sh.600151,航天机电,10.31657108,11.52446136,11.52446136,10.03935036,171919077,1956592640.0,14.270752,10.0189,1204695289.0,13883464308.654533,2026-07-14
2014-12-16,sh.600151,航天机电,11.52446136,11.52446136,11.52446136,11.52446136,0,0.0,0.0,0.0,1204695289.0,13883464308.654533,2026-07-14
2014-12-17,sh.600151,航天机电,11.52446136,11.52446136,11.52446136,11.52446136,0,0.0,0.0,0.0,1204695289.0,13883464308.654533,2026-07-14
2014-12-18,sh.600151,航天机电,11.52446136,11.52446136,11.52446136,11.52446136,0,0.0,0.0,0.0,1204695289.0,13883464308.654533,2026-07-14
2014-12-19,sh.600151,航天机电,11.52446136,11.52446136,11.52446136,11.52446136,0,0.0,0.0,0.0,1204695289.0,13883464308.654533,2026-07-14
2014-12-22,sh.600151,航天机电,11.52446136,11.52446136,11.52446136,11.52446136,0,0.0,0.0,0.0,1204695289.0,13883464308.654533,2026-07-14
2014-12-23,sh.600151,航天机电,10.37597552,10.37597552,10.37597552,10.37597552,12131500,127138120.0,1.007018,-9.9656,1204695447.0,12499890467.127459,2026-07-14
2014-12-24,sh.600151,航天机电,9.6037178,9.78193112,10.05915184,9.33639782,91992353,903612144.0,7.636151,-5.7252,1204695311.0,11784246552.788979,2026-07-14
2014-12-25,sh.600151,航天机电,9.64332076,9.92054148,9.9997474,9.61361854,45242753,449756080.0,3.755535,1.417,1204695283.0,11951229525.761839,2026-07-14
2014-12-26,sh.600151,航天机电,9.92054148,9.91064074,9.96014444,9.7027252,43423375,430954896.0,3.604511,-0.0998,1204695311.0,11939302428.48357,2026-07-14
2014-12-29,sh.600151,航天机电,9.83143482,9.6037178,9.83143482,9.33639782,55547894,535425952.0,4.61095,-3.0969,1204695215.0,11569552879.870327,2026-07-14
2014-12-30,sh.600151,航天机电,9.53441262,9.09878006,9.59381706,9.08887932,36214400,339153760.0,3.006105,-5.2577,1204695112.0,10961255863.445066,2026-07-14
2014-12-31,sh.600151,航天机电,9.1581845,9.29679486,9.4552067,9.09878006,24557193,230498699.0,2.038457,2.1763,1204695169.0,11199803855.026031,2026-07-14
2015-01-05,sh.600151,航天机电,9.29679486,9.39580226,9.44530596,9.11858154,29205004,274451152.0,2.424265,1.065,1204695196.0,11319077845.187943,2026-07-14
2015-01-06,sh.600151,航天机电,9.38590152,9.74232816,9.86113704,9.3066956,50795130,494679920.0,4.21643,3.6881,1204695204.0,11736536010.146145,2026-07-14
2015-01-07,sh.600151,航天机电,9.7027252,9.56411484,9.7027252,9.43540522,28730793,277429008.0,2.384901,-1.8293,1204695415.0,11521845296.28146,2026-07-14
2015-01-08,sh.600151,航天机电,9.53441262,9.56411484,9.73242742,9.41560374,26086394,252701151.0,2.165394,0.0,1204695035.0,11521841661.91782,2026-07-14
2015-01-09,sh.600151,航天机电,9.53441262,9.34629856,9.67302298,9.31659634,22417759,216288004.0,1.860865,-2.2774,1204695612.0,11259444863.673918,2026-07-14
2015-01-12,sh.600151,航天机电,9.33639782,8.910666,9.33639782,8.83146008,28839526,263293722.0,2.393927,-4.661,1204695298.0,10734637432.248468,2026-07-14
2015-01-13,sh.600151,航天机电,8.87106304,9.08887932,9.18788672,8.82155934,15134530,138186572.0,1.256295,2.0,1204695553.0,10949332498.557665,2026-07-14
2015-01-14,sh.600151,航天机电,9.09878006,9.18788672,9.41560374,9.0096734,22829559,212113647.0,1.895048,1.0893,1204695554.0,11068606282.239643,2026-07-14
2015-01-15,sh.600151,航天机电,9.14828376,9.3066956,9.405703,9.06907784,18212493,170435367.0,1.511792,1.2931,1204695686.0,11211736040.235182,2026-07-14
2015-01-16,sh.600151,航天机电,9.3561993,9.29679486,9.36610004,9.26709264,21565235,202821741.0,1.790099,-0.1064,1204695103.0,11199803241.43757,2026-07-14
2015-01-19,sh.600151,航天机电,9.1086808,8.78195638,9.23739042,8.48493418,27478992,248630607.0,2.280991,-5.5378,1204695328.0,10579581821.685793,2026-07-14
2015-01-20,sh.600151,航天机电,8.80175786,9.03937562,9.11858154,8.80175786,19601371,177969524.0,1.627081,2.9312,1204695464.0,10889694806.806187,2026-07-14
2015-01-21,sh.600151,航天机电,9.04927636,9.28689412,9.3066956,8.99977266,27349912,254039247.0,2.270276,2.7382,1204695464.0,11187879221.012272,2026-07-14
2015-01-22,sh.600151,航天机电,9.3066956,10.21756368,10.21756368,9.2076882,78493755,778168368.0,6.515652,10.0213,1204695324.0,12309051187.968231,2026-07-14
2015-01-23,sh.600151,航天机电,10.395777,10.71260068,11.01952362,10.02944962,115231434,1209147328.0,9.565193,4.845,1204695337.0,12905420086.33903,2026-07-14
2015-01-26,sh.600151,航天机电,10.71260068,10.56408958,10.97001992,10.37597552,91537046,980953024.0,7.598357,-1.3863,1204695252.0,12726508558.728674,2026-07-14
2015-01-27,sh.600151,航天机电,10.3462733,10.47498292,10.66309698,10.28686886,51653588,546662672.0,4.287689,-0.8435,1204695303.0,12619162722.729225,2026-07-14
2015-01-28,sh.600151,航天机电,10.47498292,10.33637256,10.61359328,10.31657108,35135914,371576496.0,2.916581,-1.3233,1204695292.0,12452179359.389986,2026-07-14
2015-01-29,sh.600151,航天机电,10.1977622,10.10865554,10.31657108,10.05915184,28754476,296404784.0,2.386867,-2.2031,1204695360.0,12177850424.876295,2026-07-14
2015-01-30,sh.600151,航天机电,10.21756368,10.08885406,10.33637256,9.92054148,28781776,295122912.0,2.389133,-0.1959,1204695427.0,12153996349.752382,2026-07-14
2015-02-02,sh.600151,航天机电,10.06905258,10.33637256,10.395777,9.90074,30202496,311740368.0,2.507065,2.4534,1204695371.0,12452180175.963419,2026-07-14
2015-02-03,sh.600151,航天机电,10.40567774,10.32647182,10.46508218,10.15815924,25753630,267914803.0,2.137771,-0.0958,1204695451.0,12440253626.433691,2026-07-14
2015-02-04,sh.600151,航天机电,10.35617404,10.37597552,10.6432955,10.30667034,39987507,421703408.0,3.319305,0.4794,1204695170.0,12499887592.982239,2026-07-14
2015-02-05,sh.600151,航天机电,10.45518144,10.07895332,10.4947844,10.0492511,25415844,263502800.0,2.109732,-2.8626,1204695383.0,12142068530.07652,2026-07-14
2015-02-06,sh.600151,航天机电,10.07895332,9.81163334,10.23736516,9.78193112,19396518,195713226.0,1.610077,-2.6523,1204695055.0,11820026166.171133,2026-07-14
2015-02-09,sh.600151,航天机电,9.81163334,9.86113704,10.0492511,9.81163334,16237111,163212612.0,1.347819,0.5045,1204695215.0,11879664606.547262,2026-07-14
2015-02-10,sh.600151,航天机电,9.86113704,10.20766294,10.23736516,9.86113704,16818876,171393867.0,1.39611,3.5141,1204695619.0,12297126824.046661,2026-07-14
2015-02-11,sh.600151,航天机电,10.2472659,10.22746442,10.27696812,10.08885406,15962282,164032546.0,1.325006,0.194,1204695073.0,12320975996.056803,2026-07-14
2015-02-12,sh.600151,航天机电,10.22746442,10.25716664,10.395777,10.16805998,18658859,193769146.0,1.548845,0.2904,1204695047.0,12356757847.461632,2026-07-14
2015-02-13,sh.600151,航天机电,10.33637256,10.38587626,10.5442881,10.20766294,31035087,326997792.0,2.576177,1.2548,1204695446.0,12511817833.141512,2026-07-14
2015-02-16,sh.600151,航天机电,10.43537996,10.5442881,10.61359328,10.2967696,22700064,241075899.0,1.884299,1.5253,1204695433.0,12702655718.306246,2026-07-14
2015-02-17,sh.600151,航天机电,10.56408958,10.46508218,10.5937918,10.395777,21261679,224909930.0,1.764901,-0.7512,1204695278.0,12607235086.127945,2026-07-14
2015-02-25,sh.600151,航天机电,10.4947844,10.80170734,10.9898214,10.42547922,48301627,524859776.0,4.009448,3.2167,1204695185.0,13012764822.277159,2026-07-14
2015-02-26,sh.600151,航天机电,10.88091326,10.8413103,10.9898214,10.65319624,36240679,395603904.0,3.008286,0.3666,1204695265.0,13060475184.805729,2026-07-14
2015-02-27,sh.600151,航天机电,10.83140956,11.01952362,11.4848584,10.83140956,64078856,724276192.0,5.319092,1.6438,1204695388.0,13275169282.971064,2026-07-14
2015-03-02,sh.600151,航天机电,11.1383325,11.2868436,11.4353547,11.0888288,51027117,581837184.0,4.235687,2.4259,1204695177.0,13597206048.473316,2026-07-14
2015-03-03,sh.600151,航天机电,11.2868436,11.94029244,12.41552796,11.1383325,98335981,1180038032.0,8.162726,5.7895,1204695355.0,14384414839.809616,2026-07-14
2015-03-04,sh.600151,航天机电,12.05910132,12.03929984,12.2274139,11.70267468,62039563,748800320.0,5.149814,0.8292,1204695218.0,14503686945.316166,2026-07-14
2015-03-05,sh.600151,航天机电,12.0293991,12.03929984,12.18781094,11.75217838,41047559,493576192.0,3.407298,0.0,1204695304.0,14503687980.695951,2026-07-14
2015-03-06,sh.600151,航天机电,12.11850576,11.5343621,12.18781094,11.49475914,36935462,439431024.0,3.065959,-4.1941,1204695236.0,13895391072.168955,2026-07-14
2015-03-09,sh.600151,航天机电,11.47495766,11.69277394,11.71257542,11.16803472,27749607,322524064.0,2.303454,1.3734,1204695514.0,14086232311.734106,2026-07-14
2015-03-10,sh.600151,航天机电,11.6333695,11.90068948,12.16800946,11.57396506,35116666,423426048.0,2.914983,1.7782,1204695396.0,14336705825.781635,2026-07-14
2015-03-11,sh.600151,航天机电,12.00959762,12.00959762,12.375925,11.9303917,48435288,595177568.0,4.020543,0.9151,1204695187.0,14467904450.620653,2026-07-14
2015-03-12,sh.600151,航天机电,12.01949836,11.66307172,12.04920058,11.55416358,34387421,408109488.0,2.85445,-2.8854,1204695160.0,14050446051.816875,2026-07-14
2015-03-13,sh.600151,航天机电,11.7323769,11.7818806,11.96009392,11.385851,22966662,272300272.0,1.906429,1.0187,1204695375.0,14193577067.622225,2026-07-14
2015-03-16,sh.600151,航天机电,11.880888,12.21751316,12.3264213,11.7818806,47370399,574678688.0,3.932148,3.6975,1204695220.0,14718379704.139095,2026-07-14
2015-03-17,sh.600151,航天机电,12.2274139,12.40562722,12.7224509,12.05910132,68092082,855146624.0,5.652224,1.5397,1204695391.0,14945001934.398142,2026-07-14
2015-03-18,sh.600151,航天机电,12.40562722,12.46503166,12.60364202,12.2274139,48247008,604671568.0,4.004914,0.4789,1204695232.0,15016564207.531044,2026-07-14
2015-03-19,sh.600151,航天机电,12.5739398,12.5244361,12.85116052,12.29671908,57536053,733561888.0,4.775984,0.4766,1204695263.0,15088128841.416195,2026-07-14
2015-03-20,sh.600151,航天机电,12.5244361,12.58384054,12.76205386,12.43532944,40786890,519925632.0,3.38566,0.4743,1204695392.0,15159694712.200792,2026-07-14
2015-03-23,sh.600151,航天机电,12.61354276,12.86106126,13.1184805,12.4749324,50727341,659516880.0,4.210803,2.203,1204695185.0,15493658573.912033,2026-07-14
2015-03-24,sh.600151,航天机电,12.88086274,12.66304646,13.1679842,12.3264213,67696050,874284128.0,5.61935,-1.5396,1204695383.0,15255113605.076494,2026-07-14
2015-03-25,sh.600151,航天机电,12.65314572,12.45513092,12.65314572,12.18781094,55431211,695559312.0,4.601264,-1.6419,1204695297.0,15004637642.843283,2026-07-14
2015-03-26,sh.600151,航天机电,12.45513092,12.56403906,12.7224509,12.2274139,46266871,584479488.0,3.840545,0.8744,1204695453.0,15135840726.896395,2026-07-14
2015-03-27,sh.600151,航天机电,12.56403906,12.46503166,12.63334424,12.3264213,33982270,427416496.0,2.820819,-0.788,1204695161.0,15016563322.513796,2026-07-14
2015-03-30,sh.600151,航天机电,12.53433684,12.61354276,12.66304646,12.39572648,47018339,594713568.0,3.902924,1.1914,1204695223.0,15195474708.078236,2026-07-14
2015-03-31,sh.600151,航天机电,12.61354276,12.80165682,13.13828198,12.5739398,74374585,964126752.0,6.173726,1.4914,1204695268.0,15422095393.613928,2026-07-14
2015-04-01,sh.600151,航天机电,12.81155756,13.3164953,13.32639604,12.66304646,70759257,933960960.0,5.873623,4.0217,1204695245.0,16042318567.974848,2026-07-14
2015-04-02,sh.600151,航天机电,13.365999,13.34619752,13.74222712,12.98977088,72832667,984358064.0,6.045733,0.223,1204695394.0,16078102679.758223,2026-07-14
2015-04-03,sh.600151,航天机电,13.22738864,13.68282268,13.74222712,13.14818272,70526626,960690816.0,5.854312,2.5223,1204695377.0,16483633226.90675,2026-07-14
2015-04-07,sh.600151,航天机电,13.73232638,13.67292194,13.8115323,13.53431158,53606201,738054832.0,4.449773,-0.0724,1204695183.0,16471703198.653015,2026-07-14
2015-04-08,sh.600151,航天机电,13.7620286,13.23728938,13.7620286,13.08877828,60363854,815346976.0,5.010715,-3.1861,1204695418.0,15946901862.826061,2026-07-14
2015-04-09,sh.600151,航天机电,13.2174879,12.7224509,13.33629678,12.48483314,45948345,594994032.0,3.814105,-3.8893,1204695335.0,15326677248.996552,2026-07-14
2015-04-10,sh.600151,航天机电,12.7224509,13.20758716,13.4155027,12.6729472,44116748,587517488.0,3.662067,3.8132,1204695272.0,15911117806.179907,2026-07-14
2015-04-13,sh.600151,航天机电,13.27689234,13.25709086,13.365999,12.99967162,46758625,624831504.0,3.881365,0.3748,1204695384.0,15970756164.31059,2026-07-14
2015-04-14,sh.600151,航天机电,13.24719012,13.74222712,14.16795894,13.07887754,74086289,1019279776.0,6.149795,3.6594,1204695262.0,16555195900.791906,2026-07-14
2015-04-15,sh.600151,航天机电,13.72242564,13.1679842,13.84123452,13.04917532,42060988,570320624.0,3.491421,-4.1787,1204695395.0,15863409927.172758,2026-07-14
2015-04-16,sh.600151,航天机电,13.0689768,13.60361676,13.8115323,12.63334424,48462102,659224368.0,4.022768,3.3083,1204695424.0,16388214860.621706,2026-07-14
2015-04-17,sh.600151,航天机电,14.0095471,13.95014266,14.24716486,13.5640138,80506257,1134734304.0,6.682707,2.5473,1204695298.0,16805671268.931211,2026-07-14
2015-04-20,sh.600151,航天机电,13.7620286,14.22736338,14.63329372,13.59371602,92156847,1319854848.0,7.649805,1.9872,1204695375.0,17139638862.330368,2026-07-14
2015-04-21,sh.600151,航天机电,14.26696634,15.16793368,15.65306994,14.26696634,110021880,1685664352.0,9.132756,6.611,1204695275.0,18272738035.809364,2026-07-14
2015-04-22,sh.600151,航天机电,15.2471396,15.346147,15.5936655,14.88081222,74937904,1155370848.0,6.220486,1.1749,1204695324.0,18487431532.316628,2026-07-14
2015-04-23,sh.600151,航天机电,15.38574996,15.25704034,16.12830546,15.08872776,72259109,1131685872.0,5.998123,-0.5806,1204695352.0,18380085582.8745,2026-07-14
2015-04-24,sh.600151,航天机电,15.03922406,15.4451544,15.76197808,14.7521026,57940726,901228944.0,4.809575,1.233,1204695342.0,18606705562.150806,2026-07-14
2015-04-27,sh.600151,航天机电,15.67287142,16.22731286,16.831258,15.66297068,75224282,1233538144.0,6.244258,5.0641,1204695290.0,19548967371.79843,2026-07-14
2015-04-28,sh.600151,航天机电,16.24711434,15.41545218,16.67284616,15.12833072,71680346,1144872912.0,5.950081,-5.003,1204695297.0,18570922742.374397,2026-07-14
2015-04-29,sh.600151,航天机电,15.27684182,16.82135726,16.831258,14.98972036,87645874,1437338048.0,7.275356,9.1201,1204695330.0,20264610535.383595,2026-07-14
2015-04-30,sh.600151,航天机电,16.84115874,16.41542692,17.10847872,16.14810694,62001869,1039634480.0,5.146685,-2.4132,1204695236.0,19775586607.430157,2026-07-14
2015-05-04,sh.600151,航天机电,16.5342358,17.41540166,17.6728209,16.5342358,65053176,1129912816.0,5.399969,6.0917,1204695360.0,20980253572.3383,2026-07-14
2015-05-05,sh.600151,航天机电,17.5243098,16.75205208,17.5738135,16.336221,66028173,1123899536.0,5.480902,-3.809,1204695377.0,20181119696.039234,2026-07-14
2015-05-06,sh.600151,航天机电,16.6827469,15.88078696,16.9797691,15.66297068,47102272,784249072.0,3.909891,-5.2009,1204695272.0,19131508966.351254,2026-07-14
2015-05-07,sh.600151,航天机电,15.86098548,15.21743738,16.06890102,15.0986285,43360105,681432112.0,3.599259,-4.1771,1204695328.0,18332375715.81856,2026-07-14
2015-05-08,sh.600151,航天机电,15.21743738,15.21743738,15.21743738,15.21743738,0,0.0,0.0,0.0,1204695328.0,18332375715.81856,2026-07-14
2015-05-11,sh.600151,航天机电,15.21743738,15.21743738,15.21743738,15.21743738,0,0.0,0.0,0.0,1204695328.0,18332375715.81856,2026-07-14
2015-05-12,sh.600151,航天机电,15.21743738,15.21743738,15.21743738,15.21743738,0,0.0,0.0,0.0,1204695328.0,18332375715.81856,2026-07-14
2015-05-13,sh.600151,航天机电,15.21743738,15.21743738,15.21743738,15.21743738,0,0.0,0.0,0.0,1204695328.0,18332375715.81856,2026-07-14
2015-05-14,sh.600151,航天机电,15.21743738,15.21743738,15.21743738,15.21743738,0,0.0,0.0,0.0,1204695328.0,18332375715.81856,2026-07-14
2015-05-15,sh.600151,航天机电,15.21743738,15.21743738,15.21743738,15.21743738,0,0.0,0.0,0.0,1204695328.0,18332375715.81856,2026-07-14
2015-05-18,sh.600151,航天机电,15.21743738,15.21743738,15.21743738,15.21743738,0,0.0,0.0,0.0,1204695328.0,18332375715.81856,2026-07-14
2015-05-19,sh.600151,航天机电,15.21743738,15.21743738,15.21743738,15.21743738,0,0.0,0.0,0.0,1204695328.0,18332375715.81856,2026-07-14
2015-05-20,sh.600151,航天机电,15.21743738,15.21743738,15.21743738,15.21743738,0,0.0,0.0,0.0,1204695328.0,18332375715.81856,2026-07-14
2015-05-21,sh.600151,航天机电,15.21743738,15.21743738,15.21743738,15.21743738,0,0.0,0.0,0.0,1204695328.0,18332375715.81856,2026-07-14
2015-05-22,sh.600151,航天机电,15.21743738,15.21743738,15.21743738,15.21743738,0,0.0,0.0,0.0,1204695328.0,18332375715.81856,2026-07-14
2015-05-25,sh.600151,航天机电,15.21743738,15.21743738,15.21743738,15.21743738,0,0.0,0.0,0.0,1204695328.0,18332375715.81856,2026-07-14
2015-05-26,sh.600151,航天机电,15.21743738,15.21743738,15.21743738,15.21743738,0,0.0,0.0,0.0,1204695328.0,18332375715.81856,2026-07-14
2015-05-27,sh.600151,航天机电,15.21743738,15.21743738,15.21743738,15.21743738,0,0.0,0.0,0.0,1204695328.0,18332375715.81856,2026-07-14
2015-05-28,sh.600151,航天机电,15.21743738,15.21743738,15.21743738,15.21743738,0,0.0,0.0,0.0,1204695328.0,18332375715.81856,2026-07-14
2015-05-29,sh.600151,航天机电,15.21743738,15.21743738,15.21743738,15.21743738,0,0.0,0.0,0.0,1204695328.0,18332375715.81856,2026-07-14
2015-06-01,sh.600151,航天机电,15.21743738,15.21743738,15.21743738,15.21743738,0,0.0,0.0,0.0,1204695328.0,18332375715.81856,2026-07-14
2015-06-02,sh.600151,航天机电,15.21743738,15.21743738,15.21743738,15.21743738,0,0.0,0.0,0.0,1204695328.0,18332375715.81856,2026-07-14
2015-06-03,sh.600151,航天机电,15.21743738,15.21743738,15.21743738,15.21743738,0,0.0,0.0,0.0,1204695328.0,18332375715.81856,2026-07-14
2015-06-04,sh.600151,航天机电,15.21743738,15.21743738,15.21743738,15.21743738,0,0.0,0.0,0.0,1204695328.0,18332375715.81856,2026-07-14
2015-06-05,sh.600151,航天机电,15.21743738,15.21743738,15.21743738,15.21743738,0,0.0,0.0,0.0,1204695328.0,18332375715.81856,2026-07-14
2015-06-08,sh.600151,航天机电,15.21743738,15.21743738,15.21743738,15.21743738,0,0.0,0.0,0.0,1204695328.0,18332375715.81856,2026-07-14
2015-06-09,sh.600151,航天机电,15.21743738,15.21743738,15.21743738,15.21743738,0,0.0,0.0,0.0,1204695328.0,18332375715.81856,2026-07-14
2015-06-10,sh.600151,航天机电,15.21743738,15.21743738,15.21743738,15.21743738,0,0.0,0.0,0.0,1204695328.0,18332375715.81856,2026-07-14
2015-06-11,sh.600151,航天机电,15.21743738,15.21743738,15.21743738,15.21743738,0,0.0,0.0,0.0,1204695328.0,18332375715.81856,2026-07-14
2015-06-12,sh.600151,航天机电,16.74215134,16.74215134,16.74215134,16.74215134,1398022,23640552.0,0.116048,10.0195,1204692886.0,20169150615.633366,2026-07-14
2015-06-15,sh.600151,航天机电,18.4153764,18.4153764,18.4153764,18.4153764,725358,13491659.0,0.060211,9.9941,1204693495.0,22184884157.05652,2026-07-14
2015-06-16,sh.600151,航天机电,20.25691404,20.25691404,20.25691404,19.0589245,107821732,2198957904.0,8.950125,10.0,1204695264.0,24403408407.243107,2026-07-14
2015-06-17,sh.600151,航天机电,19.80148,19.42525188,19.83118222,18.42527714,119361429,2315339520.0,9.908018,-4.1056,1204695318.0,23401509990.806698,2026-07-14
2015-06-18,sh.600151,航天机电,19.306443,18.77180304,20.43512736,18.6133912,79181381,1580517248.0,6.572731,-3.3639,1204695293.0,22614302763.411095,2026-07-14
2015-06-19,sh.600151,航天机电,18.1183542,16.95996762,18.7123986,16.89066244,62384837,1113750032.0,5.178474,-9.6519,1204695379.0,20431594619.803627,2026-07-14
2015-06-23,sh.600151,航天机电,16.95006688,17.81143126,18.02924754,15.52436032,69545753,1179125472.0,5.772892,5.0204,1204695203.0,21457345797.486244,2026-07-14
2015-06-24,sh.600151,航天机电,18.0193468,18.57378824,19.306443,17.84113348,97146855,1825566384.0,8.064019,4.2802,1204695264.0,22375754727.266895,2026-07-14
2015-06-25,sh.600151,航天机电,18.6133912,17.73222534,18.9599171,17.1777839,73220951,1360574176.0,6.077964,-4.5309,1204695372.0,21361929802.359127,2026-07-14
2015-06-26,sh.600151,航天机电,16.9797691,15.95999288,17.50450832,15.95999288,61196440,1026290304.0,5.079827,-9.9944,1204695357.0,19226929320.28906,2026-07-14
2015-06-29,sh.600151,航天机电,16.831258,14.42537818,17.1282802,14.36597374,79496841,1242936752.0,6.598917,-9.6154,1204695270.0,17378184861.407207,2026-07-14
2015-06-30,sh.600151,航天机电,14.43527892,15.87088622,15.87088622,12.99967162,73128863,1064787136.0,6.07032,10.0206,1204695354.0,19119582893.096622,2026-07-14
2015-07-01,sh.600151,航天机电,15.82138252,14.76200334,16.6332432,14.6035915,70969396,1142226896.0,5.891066,-6.9869,1204695313.0,17783716234.188347,2026-07-14
2015-07-02,sh.600151,航天机电,14.8016063,13.4155027,15.27684182,13.28679308,71405202,1034611056.0,5.927242,-9.1214,1204695236.0,16161592191.235136,2026-07-14
2015-07-03,sh.600151,航天机电,12.6729472,12.0789028,13.88083748,12.0789028,73760509,937779728.0,6.122752,-9.9631,1204695356.0,14551398108.735397,2026-07-14
2015-07-06,sh.600151,航天机电,13.28679308,11.50465988,13.28679308,10.87101252,93903915,1124843296.0,7.794827,-4.7541,1204695306.0,13859609754.562523,2026-07-14
2015-07-07,sh.600151,航天机电,10.890814,10.35617404,11.26704212,10.35617404,33243386,353817680.0,2.759485,-9.9828,1204695296.0,12476034150.545317,2026-07-14
2015-07-08,sh.600151,航天机电,9.31659634,9.31659634,9.94034296,9.31659634,146500900,1399103088.0,12.160826,-10.0382,1204695306.0,11223659878.69478,2026-07-14
2015-07-09,sh.600151,航天机电,9.0096734,10.2472659,10.2472659,9.0096734,54907841,549696080.0,4.55782,9.9894,1204695249.0,12344832544.96971,2026-07-14
2015-07-10,sh.600151,航天机电,10.90071474,11.27694286,11.27694286,10.890814,31191860,352167184.0,2.589191,10.0483,1204695212.0,13585279069.439587,2026-07-14
2015-07-13,sh.600151,航天机电,12.26701686,12.40562722,12.40562722,11.7323769,72371398,895511936.0,6.007444,10.0088,1204695341.0,14945001314.116781,2026-07-14
2015-07-14,sh.600151,航天机电,12.6729472,13.12838124,13.5640138,12.3264213,106276953,1393562608.0,8.821895,5.826,1204695284.0,15815698966.382072,2026-07-14
2015-07-15,sh.600151,航天机电,12.38582574,11.81158282,12.8214583,11.81158282,45316357,556669168.0,3.761645,-10.0302,1204695206.0,14229357198.52596,2026-07-14
2015-07-16,sh.600151,航天机电,11.7323769,12.23731464,12.66304646,10.63339476,53727530,647800976.0,4.459844,3.6044,1204695276.0,14742235137.73364,2026-07-14
2015-07-17,sh.600151,航天机电,12.36602426,13.4650064,13.4650064,12.36602426,76929258,1025452368.0,6.385785,10.0324,1204695398.0,16221231244.120546,2026-07-14
2015-07-20,sh.600151,航天机电,13.74222712,14.2570656,14.6530952,13.365999,102636744,1462139728.0,8.519726,5.8823,1204695362.0,17175420804.049747,2026-07-14
2015-07-21,sh.600151,航天机电,14.0590508,13.84123452,14.36597374,13.63331898,68539918,967999648.0,5.689399,-2.9167,1204695224.0,16674469120.507933,2026-07-14
2015-07-22,sh.600151,航天机电,13.85113526,14.22736338,14.83130852,13.85113526,72759735,1053330592.0,6.039679,2.7897,1204695399.0,17139639203.787088,2026-07-14
2015-07-23,sh.600151,航天机电,14.22736338,14.43527892,14.69269816,13.83133378,70058433,1005904768.0,5.815448,1.4614,1204695373.0,17390113722.888435,2026-07-14
2015-07-24,sh.600151,航天机电,14.37587448,14.64319446,15.48475736,14.22736338,93313233,1387692672.0,7.745795,1.4403,1204695361.0,17640588436.1829,2026-07-14
2015-07-27,sh.600151,航天机电,14.2570656,13.17788494,15.0491248,13.17788494,74499992,1077220208.0,6.184136,-10.0068,1204695240.0,15875335260.485685,2026-07-14
2015-07-28,sh.600151,航天机电,12.7719546,12.94026718,13.6630212,11.86108652,67071165,863221664.0,5.56748,-1.8032,1204695212.0,15589077913.746742,2026-07-14
2015-07-29,sh.600151,航天机电,13.2174879,14.23726412,14.23726412,12.79175608,50994148,687895184.0,4.23295,10.023,1204695260.0,17151564600.732073,2026-07-14
2015-07-30,sh.600151,航天机电,14.51448484,14.43527892,15.43525366,14.0095471,95421247,1434232752.0,7.920779,1.3908,1204695233.0,17390111701.949387,2026-07-14
2015-07-31,sh.600151,航天机电,14.1580582,13.62341824,14.7025989,13.19768642,54204962,769197376.0,4.499475,-5.6241,1204695259.0,16412067365.102123,2026-07-14
2015-08-03,sh.600151,航天机电,13.2669916,12.26701686,13.45510566,12.25711612,47631746,609114112.0,3.953842,-9.9564,1204695231.0,14778016709.838594,2026-07-14
2015-08-04,sh.600151,航天机电,12.38582574,13.49470862,13.49470862,12.38582574,52165757,688784944.0,4.330203,10.0081,1204695415.0,16257013601.274979,2026-07-14
2015-08-05,sh.600151,航天机电,13.7620286,13.58381528,14.26696634,13.25709086,64769218,903033568.0,5.376398,0.6603,1204695374.0,16364359429.086514,2026-07-14
2015-08-06,sh.600151,航天机电,13.1679842,14.4550804,14.94021666,12.98977088,105696929,1552060064.0,8.773748,6.414,1204695291.0,17413967288.906395,2026-07-14
2015-08-07,sh.600151,航天机电,14.62339298,15.47485662,15.83128326,14.02934858,119458190,1775536816.0,9.91605,7.0548,1204695317.0,18642487301.36045,2026-07-14
2015-08-10,sh.600151,航天机电,15.61346698,16.30651878,16.831258,15.26694108,110733861,1787107648.0,9.191856,5.3743,1204695341.0,19644387202.195004,2026-07-14
2015-08-11,sh.600151,航天机电,16.10850398,16.19761064,17.14808168,15.5936655,104164955,1693871648.0,8.646581,-0.6679,1204695301.0,19513185425.435604,2026-07-14
2015-08-12,sh.600151,航天机电,16.7817543,16.1877099,17.1282802,16.06890102,93507519,1574383552.0,7.761923,-0.0611,1204695267.0,19501257500.099045,2026-07-14
2015-08-13,sh.600151,航天机电,15.87088622,16.3857247,16.41542692,15.3956507,74752409,1202435504.0,6.205088,1.2232,1204695389.0,19739806991.51341,2026-07-14
2015-08-14,sh.600151,航天机电,16.39562544,16.1877099,16.66294542,15.87088622,60350330,992196688.0,4.827332,-1.2085,1250179809.0,20237548070.929413,2026-07-14
2015-08-17,sh.600151,航天机电,16.01939732,16.4352284,16.80155578,15.92038992,63231841,1058288880.0,5.057819,1.5291,1250179989.0,20546993660.324486,2026-07-14
2015-08-18,sh.600151,航天机电,16.5342358,14.79170556,16.6332432,14.79170556,63712517,1000339904.0,5.096268,-10.0,1250179877.0,18492292637.621017,2026-07-14
2015-08-19,sh.600151,航天机电,13.87093674,15.05902554,15.32634552,13.365999,53716930,784351488.0,4.296736,1.8072,1250179904.0,18826491103.930748,2026-07-14
2015-08-20,sh.600151,航天机电,14.72240038,13.82143304,15.03922406,13.77192934,36830599,535887552.0,2.946024,-8.2183,1250179870.0,17279277361.160904,2026-07-14
2015-08-21,sh.600151,航天机电,13.5640138,13.14818272,14.3065693,12.98977088,41107653,565748448.0,3.288139,-4.8711,1250179904.0,16437593810.664059,2026-07-14
2015-08-24,sh.600151,航天机电,12.870962,11.8313843,12.870962,11.8313843,28930667,350329216.0,2.31412,-10.0151,1250180068.0,14791360828.708132,2026-07-14
2015-08-25,sh.600151,航天机电,10.65319624,10.65319624,11.04922584,10.65319624,25695958,277974608.0,2.055381,-9.9582,1250179796.0,13318410702.071167,2026-07-14
2015-08-26,sh.600151,航天机电,10.890814,9.58391632,11.0393251,9.58391632,52910191,546405856.0,4.232206,-10.0372,1250179953.0,11981620054.493534,2026-07-14
2015-08-27,sh.600151,航天机电,9.8512363,10.17796072,10.1977622,9.0591771,43331991,431244016.0,3.46606,6.1983,1250180060.0,12724283543.607243,2026-07-14
2015-08-28,sh.600151,航天机电,10.395777,11.19773694,11.19773694,10.395777,61044570,669173664.0,4.882863,10.0195,1250179864.0,13999185244.756977,2026-07-14
2015-08-31,sh.600151,航天机电,11.4353547,11.00962288,11.64327024,10.95021844,61173403,697809120.0,4.893168,-1.6799,1250179904.0,13764009275.194603,2026-07-14
2015-09-01,sh.600151,航天机电,10.890814,9.91064074,10.890814,9.91064074,37385613,382404608.0,2.990419,-9.982,1250179757.0,12390082432.0475,2026-07-14
2015-09-02,sh.600151,航天机电,8.95026896,8.93046748,10.2472659,8.92056674,39505795,374212304.0,3.160009,-9.8901,1250179825.0,11164690271.314592,2026-07-14
2015-09-07,sh.600151,航天机电,9.22748968,9.11858154,9.68292372,8.9601697,29089868,273975024.0,2.326855,2.1064,1250179663.0,11399865196.71522,2026-07-14
2015-09-08,sh.600151,航天机电,9.12848228,9.57401558,9.6532215,8.8116586,25770186,241258925.0,2.061318,4.9946,1250180030.0,11969243085.024866,2026-07-14
2015-09-09,sh.600151,航天机电,9.66312224,10.08885406,10.27696812,9.61361854,38872650,391078512.0,3.109365,5.3775,1250179699.0,12612880531.985727,2026-07-14
2015-09-10,sh.600151,航天机电,9.9502437,10.21756368,10.6432955,9.7522289,43742406,456582992.0,3.498889,1.2758,1250179871.0,12773792443.396685,2026-07-14
2015-09-11,sh.600151,航天机电,10.15815924,10.1977622,10.47498292,9.92054148,26271908,269589856.0,2.10145,-0.1938,1250180019.0,12749038540.953482,2026-07-14
2015-09-14,sh.600151,航天机电,10.395777,9.17798598,10.4947844,9.17798598,32159111,315222592.0,2.572359,-10.0,1250179738.0,11474132107.844074,2026-07-14
2015-09-15,sh.600151,航天机电,8.79185712,8.25721716,9.0591771,8.25721716,28367087,246103073.0,2.26904,-10.0324,1250180120.0,10323008739.954859,2026-07-14
2015-09-16,sh.600151,航天机电,8.415629,9.07897858,9.07897858,8.17801124,30715631,269349664.0,2.456897,9.952,1250179841.0,11350355997.586805,2026-07-14
2015-09-17,sh.600151,航天机电,9.07897858,9.07897858,9.07897858,9.07897858,0,0.0,0.0,0.0,1250179841.0,11350355997.586805,2026-07-14
2015-09-18,sh.600151,航天机电,9.07897858,9.07897858,9.07897858,9.07897858,0,0.0,0.0,0.0,1250179841.0,11350355997.586805,2026-07-14
2015-09-21,sh.600151,航天机电,9.07897858,9.07897858,9.07897858,9.07897858,0,0.0,0.0,0.0,1250179841.0,11350355997.586805,2026-07-14
2015-09-22,sh.600151,航天机电,9.07897858,9.07897858,9.07897858,9.07897858,0,0.0,0.0,0.0,1250179841.0,11350355997.586805,2026-07-14
2015-09-23,sh.600151,航天机电,9.07897858,9.07897858,9.07897858,9.07897858,0,0.0,0.0,0.0,1250179841.0,11350355997.586805,2026-07-14
2015-09-24,sh.600151,航天机电,9.07897858,9.07897858,9.07897858,9.07897858,0,0.0,0.0,0.0,1250179841.0,11350355997.586805,2026-07-14
2015-09-25,sh.600151,航天机电,9.07897858,9.07897858,9.07897858,9.07897858,0,0.0,0.0,0.0,1250179841.0,11350355997.586805,2026-07-14
2015-09-28,sh.600151,航天机电,9.07897858,9.07897858,9.07897858,9.07897858,0,0.0,0.0,0.0,1250179841.0,11350355997.586805,2026-07-14
2015-09-29,sh.600151,航天机电,9.07897858,9.07897858,9.07897858,9.07897858,0,0.0,0.0,0.0,1250179841.0,11350355997.586805,2026-07-14
2015-09-30,sh.600151,航天机电,9.07897858,9.07897858,9.07897858,9.07897858,0,0.0,0.0,0.0,1250179841.0,11350355997.586805,2026-07-14
2015-10-08,sh.600151,航天机电,9.07897858,9.07897858,9.07897858,9.07897858,0,0.0,0.0,0.0,1250179841.0,11350355997.586805,2026-07-14
2015-10-09,sh.600151,航天机电,9.07897858,9.07897858,9.07897858,9.07897858,0,0.0,0.0,0.0,1250179841.0,11350355997.586805,2026-07-14
2015-10-12,sh.600151,航天机电,9.07897858,9.07897858,9.07897858,9.07897858,0,0.0,0.0,0.0,1250179841.0,11350355997.586805,2026-07-14
2015-10-13,sh.600151,航天机电,9.07897858,9.07897858,9.07897858,9.07897858,0,0.0,0.0,0.0,1250179841.0,11350355997.586805,2026-07-14
2015-10-14,sh.600151,航天机电,9.07897858,9.07897858,9.07897858,9.07897858,0,0.0,0.0,0.0,1250179841.0,11350355997.586805,2026-07-14
2015-10-15,sh.600151,航天机电,9.07897858,9.07897858,9.07897858,9.07897858,0,0.0,0.0,0.0,1250179841.0,11350355997.586805,2026-07-14
2015-10-16,sh.600151,航天机电,9.07897858,9.07897858,9.07897858,9.07897858,0,0.0,0.0,0.0,1250179841.0,11350355997.586805,2026-07-14
2015-10-19,sh.600151,航天机电,9.07897858,9.07897858,9.07897858,9.07897858,0,0.0,0.0,0.0,1250179841.0,11350355997.586805,2026-07-14
2015-10-20,sh.600151,航天机电,9.07897858,9.07897858,9.07897858,9.07897858,0,0.0,0.0,0.0,1250179841.0,11350355997.586805,2026-07-14
2015-10-21,sh.600151,航天机电,9.07897858,9.07897858,9.07897858,9.07897858,0,0.0,0.0,0.0,1250179841.0,11350355997.586805,2026-07-14
2015-10-22,sh.600151,航天机电,9.07897858,9.07897858,9.07897858,9.07897858,0,0.0,0.0,0.0,1250179841.0,11350355997.586805,2026-07-14
2015-10-23,sh.600151,航天机电,9.07897858,9.07897858,9.07897858,9.07897858,0,0.0,0.0,0.0,1250179841.0,11350355997.586805,2026-07-14
2015-10-26,sh.600151,航天机电,9.07897858,9.07897858,9.07897858,9.07897858,0,0.0,0.0,0.0,1250179841.0,11350355997.586805,2026-07-14
2015-10-27,sh.600151,航天机电,9.07897858,9.07897858,9.07897858,9.07897858,0,0.0,0.0,0.0,1250179841.0,11350355997.586805,2026-07-14
2015-10-28,sh.600151,航天机电,9.07897858,9.07897858,9.07897858,9.07897858,0,0.0,0.0,0.0,1250179841.0,11350355997.586805,2026-07-14
2015-10-29,sh.600151,航天机电,9.07897858,9.07897858,9.07897858,9.07897858,0,0.0,0.0,0.0,1250179841.0,11350355997.586805,2026-07-14
2015-10-30,sh.600151,航天机电,9.07897858,9.07897858,9.07897858,9.07897858,0,0.0,0.0,0.0,1250179841.0,11350355997.586805,2026-07-14
2015-11-02,sh.600151,航天机电,9.07897858,9.07897858,9.07897858,9.07897858,0,0.0,0.0,0.0,1250179841.0,11350355997.586805,2026-07-14
2015-11-03,sh.600151,航天机电,9.07897858,9.07897858,9.07897858,9.07897858,0,0.0,0.0,0.0,1250179841.0,11350355997.586805,2026-07-14
2015-11-04,sh.600151,航天机电,9.07897858,9.07897858,9.07897858,9.07897858,0,0.0,0.0,0.0,1250179841.0,11350355997.586805,2026-07-14
2015-11-05,sh.600151,航天机电,9.07897858,9.07897858,9.07897858,9.07897858,0,0.0,0.0,0.0,1250179841.0,11350355997.586805,2026-07-14
2015-11-06,sh.600151,航天机电,9.07897858,9.07897858,9.07897858,9.07897858,0,0.0,0.0,0.0,1250179841.0,11350355997.586805,2026-07-14
2015-11-09,sh.600151,航天机电,9.07897858,9.07897858,9.07897858,9.07897858,0,0.0,0.0,0.0,1250179841.0,11350355997.586805,2026-07-14
2015-11-10,sh.600151,航天机电,9.07897858,9.07897858,9.07897858,9.07897858,0,0.0,0.0,0.0,1250179841.0,11350355997.586805,2026-07-14
2015-11-11,sh.600151,航天机电,9.98984666,9.98984666,9.98984666,9.98984666,298338,3010230.0,0.023864,10.0327,1250159236.0,12488899068.222752,2026-07-14
2015-11-12,sh.600151,航天机电,10.9898214,10.9898214,10.9898214,10.9898214,523700,5813070.0,0.04189,10.0099,1250179040.0,13739244367.623457,2026-07-14
2015-11-13,sh.600151,航天机电,12.08880354,12.08880354,12.08880354,12.08880354,2832583,34585838.0,0.226574,10.0,1250180074.0,15113181304.208662,2026-07-14
2015-11-16,sh.600151,航天机电,13.29669382,13.29669382,13.29669382,12.5739398,117844801,1551327616.0,9.426227,9.9918,1250179961.0,16623260161.316542,2026-07-14
2015-11-17,sh.600151,航天机电,13.34619752,13.7125249,14.34617226,12.96006866,110308736,1517805920.0,8.823429,3.1273,1250179902.0,17143123035.65456,2026-07-14
2015-11-18,sh.600151,航天机电,13.7125249,13.05907606,13.80163156,12.9699694,58258081,786029536.0,4.659976,-4.7653,1250179851.0,16326193762.888468,2026-07-14
2015-11-19,sh.600151,航天机电,13.00957236,13.53431158,13.68282268,12.95016792,52641220,713614496.0,4.210692,3.6391,1250179780.0,16920322673.535852,2026-07-14
2015-11-20,sh.600151,航天机电,13.59371602,13.50460936,13.72242564,13.35609826,55088055,751676160.0,4.40641,-0.2195,1250179965.0,16883192057.023472,2026-07-14
2015-11-23,sh.600151,航天机电,13.50460936,13.27689234,13.68282268,13.17788494,39328484,533362848.0,3.145826,-1.6862,1250179889.0,16598503791.88615,2026-07-14
2015-11-24,sh.600151,航天机电,13.365999,13.52441084,13.54421232,13.32639604,30874172,418977200.0,2.469578,1.8643,1250180071.0,16907948904.18437,2026-07-14
2015-11-25,sh.600151,航天机电,14.0590508,13.54421232,14.23726412,13.35609826,48690291,672907520.0,3.894663,0.1464,1250179823.0,16932700960.89202,2026-07-14
2015-11-26,sh.600151,航天机电,13.365999,13.42540344,13.7125249,13.10857976,40798883,550793632.0,3.263441,-0.8772,1250179887.0,16784169355.54861,2026-07-14
2015-11-27,sh.600151,航天机电,13.55411306,12.36602426,13.6630212,12.09870428,41127619,541780448.0,3.289736,-7.8909,1250179923.0,15459755257.182932,2026-07-14
2015-11-30,sh.600151,航天机电,12.0789028,12.18781094,12.5244361,11.21753842,33789092,408803968.0,2.702738,-1.4411,1250180077.0,15236958419.430643,2026-07-14
2015-12-01,sh.600151,航天机电,12.2274139,12.14820798,12.29671908,11.96999466,19199799,235755740.0,1.535763,-0.3249,1250179813.0,15187444380.721508,2026-07-14
2015-12-02,sh.600151,航天机电,12.13830724,12.1284065,12.20761242,11.5838658,15996919,193700187.0,1.279569,-0.163,1250180256.0,15162694343.042065,2026-07-14
2015-12-03,sh.600151,航天机电,12.25711612,12.5739398,12.64324498,12.1779102,22762513,286117696.0,1.820739,3.6735,1250179899.0,15719686789.19608,2026-07-14
2015-12-04,sh.600151,航天机电,12.44523018,12.40562722,12.7224509,12.35612352,21861827,276491904.0,1.748694,-1.3386,1250180249.0,15509270126.900778,2026-07-14
2015-12-07,sh.600151,航天机电,12.4749324,12.33632204,12.5739398,12.19771168,15433366,192227575.0,1.234492,-0.5587,1250179507.0,15422617006.160435,2026-07-14
2015-12-08,sh.600151,航天机电,12.29671908,11.8313843,12.29671908,11.80168208,17454386,211020799.0,1.39615,-4.0931,1250179852.0,14791358273.129124,2026-07-14
2015-12-09,sh.600151,航天机电,11.8313843,11.62346876,11.91059022,11.41555322,22733356,267222149.0,1.818407,-1.7573,1250179745.0,14531425210.392265,2026-07-14
2015-12-10,sh.600151,航天机电,11.66307172,11.52446136,11.84128504,11.49475914,15076344,177831121.0,1.205934,-0.8518,1250179861.0,14407649501.14467,2026-07-14
2015-12-11,sh.600151,航天机电,11.54426284,11.62346876,11.77197986,11.4353547,15539484,182640676.0,1.24298,0.8591,1250179729.0,14531425024.416765,2026-07-14
2015-12-14,sh.600151,航天机电,11.4848584,11.79178134,11.80168208,11.24724064,16278705,189384375.0,1.302109,1.448,1250179900.0,14741848016.463066,2026-07-14
2015-12-15,sh.600151,航天机电,11.81158282,11.80168208,11.95019318,11.72247616,15263676,182512862.0,1.220918,0.084,1250180274.0,14754230136.435291,2026-07-14
2015-12-16,sh.600151,航天机电,11.86108652,11.69277394,11.91059022,11.6828732,16289198,193897662.0,1.302948,-0.9228,1250180207.0,14618074544.713406,2026-07-14
2015-12-17,sh.600151,航天机电,11.89078874,12.1284065,12.55413832,11.85118578,47958180,586756960.0,3.836102,3.7257,1250180000.0,15162691238.17,2026-07-14
2015-12-18,sh.600151,航天机电,12.0789028,12.04920058,12.28681834,11.9798954,29198209,356605168.0,2.335521,-0.6531,1250179682.0,15063665749.458616,2026-07-14
2015-12-21,sh.600151,航天机电,12.0789028,12.15810872,12.1779102,11.9303917,24060637,293493824.0,1.924574,0.9039,1250179884.0,15199822949.228989,2026-07-14
2015-12-22,sh.600151,航天机电,12.1779102,13.37589974,13.37589974,12.1779102,88244802,1152878352.0,7.058568,10.0163,1250179952.0,16722281694.910011,2026-07-14
2015-12-23,sh.600151,航天机电,13.37589974,13.0689768,14.02934858,13.03927458,93976127,1293918512.0,7.517008,-2.2946,1250179952.0,16338572788.513113,2026-07-14
2015-12-24,sh.600151,航天机电,13.19768642,13.25709086,13.365999,12.6729472,41118584,540344800.0,3.289013,1.4394,1250180039.0,16573750368.381344,2026-07-14
2015-12-25,sh.600151,航天机电,13.23728938,12.98977088,13.23728938,12.70264942,40336502,525628048.0,3.226456,-2.0164,1250179826.0,16239549498.538267,2026-07-14
2015-12-28,sh.600151,航天机电,12.9699694,12.40562722,13.02937384,12.34622278,34177692,437698800.0,2.733822,-4.497,1250179858.0,15509265276.300533,2026-07-14
2015-12-29,sh.600151,航天机电,12.40562722,12.50463462,12.54423758,12.06900206,24686049,305737552.0,1.9746,0.7981,1250179733.0,15633040770.494156,2026-07-14
2015-12-30,sh.600151,航天机电,12.5244361,12.65314572,12.6729472,12.1779102,36608282,459716320.0,2.928241,1.1876,1250179954.0,15818709134.184896,2026-07-14
2015-12-31,sh.600151,航天机电,12.51453536,12.23731464,12.65314572,12.1779102,24438335,306733744.0,1.954785,-3.2864,1250180199.0,15298848451.860813,2026-07-14
2016-01-04,sh.600151,航天机电,12.6234435,11.22743916,12.73235164,11.19773694,31084057,386672640.0,2.486367,-8.2524,1250179760.0,14036317194.463402,2026-07-14
2016-01-05,sh.600151,航天机电,10.77200512,11.87098726,12.10860502,10.70269994,46850008,547366816.0,3.747461,5.7319,1250180002.0,14840870876.448774,2026-07-14
2016-01-06,sh.600151,航天机电,11.91059022,12.36602426,12.6234435,11.7323769,38154259,474589136.0,3.051901,4.1701,1250180101.0,15459757458.335249,2026-07-14
2016-01-07,sh.600151,航天机电,11.94029244,11.20763768,12.09870428,11.17793546,8776672,102872563.0,0.702033,-9.3675,1250179408.0,14011557839.860893,2026-07-14
2016-01-08,sh.600151,航天机电,11.76207912,11.76207912,11.99969688,10.57399032,31855954,373088128.0,2.54811,4.947,1250179702.0,14704712569.142021,2026-07-14
2016-01-11,sh.600151,航天机电,11.2868436,10.66309698,11.65317098,10.62349402,23830525,268410870.0,1.906168,-9.3434,1250179680.0,13330787170.265368,2026-07-14
2016-01-12,sh.600151,航天机电,10.51458588,10.82150882,11.0888288,10.46508218,18901274,206151654.0,1.511884,1.4856,1250180173.0,13528835768.708626,2026-07-14
2016-01-13,sh.600151,航天机电,10.83140956,10.1482585,10.9898214,10.12845702,18039304,193657320.0,1.442937,-6.2214,1250179599.0,12687145742.078342,2026-07-14
2016-01-14,sh.600151,航天机电,9.90074,10.62349402,10.6432955,9.71262594,18790099,193806230.0,1.502992,4.6829,1250179575.0,13281275238.938643,2026-07-14
2016-01-15,sh.600151,航天机电,10.72250142,10.66309698,11.12843176,10.40567774,29731093,326251360.0,2.378145,0.3728,1250179993.0,13330790507.814722,2026-07-14
2016-01-18,sh.600151,航天机电,10.22746442,10.7918066,10.97001992,10.1977622,18616760,201936958.0,1.489126,1.207,1250180307.0,13491704088.272625,2026-07-14
2016-01-19,sh.600151,航天机电,10.61359328,11.26704212,11.47495766,10.5937918,24038834,268407896.0,1.92283,4.4037,1250179891.0,14085829489.474009,2026-07-14
2016-01-20,sh.600151,航天机电,11.14823324,11.02942436,11.31654582,10.7918066,25469720,284682032.0,2.037284,-2.109,1250180142.0,13788767312.563059,2026-07-14
2016-01-21,sh.600151,航天机电,10.7918066,10.2967696,11.1878362,10.25716664,25122358,272559808.0,2.009499,-6.6427,1250180169.0,12872817158.682062,2026-07-14
2016-01-22,sh.600151,航天机电,10.4947844,10.5442881,10.6927992,10.07895332,18451141,194244064.0,1.475879,2.4038,1250179791.0,13182255893.101786,2026-07-14
2016-01-25,sh.600151,航天机电,10.6432955,10.63339476,10.78190586,10.48488366,13073055,140503479.0,1.045694,0.8451,1250179785.0,13293655174.876926,2026-07-14
2016-01-26,sh.600151,航天机电,10.395777,9.68292372,10.5937918,9.6532215,14916791,152572185.0,1.193172,-8.9385,1250179438.0,12105392134.466469,2026-07-14
2016-01-27,sh.600151,航天机电,9.71262594,9.3066956,9.82153408,8.7126512,30385244,277832096.0,2.43047,-3.8855,1250179759.0,11635042462.29436,2026-07-14
2016-01-28,sh.600151,航天机电,9.06907784,8.37602604,9.14828376,8.37602604,21621609,190346940.0,1.72948,-10.0,1250179765.0,10471538266.32108,2026-07-14
2016-01-29,sh.600151,航天机电,8.3661253,8.59384232,8.7621549,8.22751494,17944762,155106279.0,1.435374,2.6005,1250180232.0,10743851785.389019,2026-07-14
2016-02-01,sh.600151,航天机电,8.69284972,8.35622456,8.79185712,8.19781272,15432043,132865127.0,1.234386,-2.765,1250179684.0,10446782179.853838,2026-07-14
2016-02-02,sh.600151,航天机电,8.5146364,8.74235342,8.79185712,8.43543048,19741768,173524071.0,1.579114,4.6209,1250180038.0,10929515730.825031,2026-07-14
2016-02-03,sh.600151,航天机电,8.59384232,8.7621549,8.8611623,8.4651327,15260623,133423582.0,1.220674,0.2265,1250180064.0,10954271373.659914,2026-07-14
2016-02-04,sh.600151,航天机电,8.80175786,9.06907784,9.2571919,8.80175786,19414355,178249425.0,1.552925,3.5028,1250179822.0,11337978119.715345,2026-07-14
2016-02-05,sh.600151,航天机电,9.14828376,9.03937562,9.39580226,9.0096734,14112542,130629553.0,1.128841,-0.3275,1250179786.0,11300844678.185217,2026-07-14
2016-02-15,sh.600151,航天机电,8.77205564,9.52451188,9.58391632,8.63344528,21208651,198522250.0,1.696448,5.3669,1250179846.0,11907352795.363571,2026-07-14
2016-02-16,sh.600151,航天机电,9.51461114,9.90074,10.00964814,9.51461114,25097413,250355966.0,2.007504,3.9501,1250179975.0,12377706885.681501,2026-07-14
2016-02-17,sh.600151,航天机电,9.90074,10.11855628,10.58389106,9.88093852,30280568,313619600.0,2.422097,2.2,1250179824.0,12650014909.264494,2026-07-14
2016-02-18,sh.600151,航天机电,10.18786146,10.01954888,10.28686886,9.91064074,18561622,188086186.0,1.484716,-0.9785,1250179967.0,12526239288.153288,2026-07-14
2016-02-19,sh.600151,航天机电,9.9997474,9.97994592,10.07895332,9.83143482,13006606,130928364.0,1.040379,-0.3953,1250179598.0,12476724778.327341,2026-07-14
2016-02-22,sh.600151,航天机电,10.0987548,10.0987548,10.23736516,9.97994592,18144232,185584831.0,1.45133,1.1905,1250179628.0,12625257519.127214,2026-07-14
2016-02-23,sh.600151,航天机电,10.03935036,10.02944962,10.13835776,9.88093852,13185530,133196823.0,1.054691,-0.6863,1250179436.0,12538611669.322014,2026-07-14
2016-02-24,sh.600151,航天机电,10.02944962,10.2967696,10.2967696,9.9502437,21460839,220064735.0,1.71662,2.6653,1250179947.0,12872814872.79921,2026-07-14
2016-02-25,sh.600151,航天机电,10.37597552,9.27699338,10.42547922,9.26709264,34544084,345768096.0,2.763129,-9.9038,1250179923.0,11597910869.47991,2026-07-14
2016-02-26,sh.600151,航天机电,9.405703,9.38590152,9.61361854,9.1086808,18625709,176931705.0,1.489842,1.174,1250180153.0,11734067798.316534,2026-07-14
2016-02-29,sh.600151,航天机电,9.405703,8.62354454,9.4552067,8.5146364,19977463,175741640.0,1.597967,-8.1224,1250179947.0,10780982455.96934,2026-07-14
2016-03-01,sh.600151,航天机电,8.7126512,9.17798598,9.2076882,8.6631475,23584108,214632142.0,1.886457,6.4294,1250179994.0,11474134457.408485,2026-07-14
2016-03-02,sh.600151,航天机电,9.17798598,9.76212964,10.06905258,9.09878006,26368583,254757466.0,2.109183,6.3646,1250179951.0,12204418754.990847,2026-07-14
2016-03-03,sh.600151,航天机电,9.74232816,9.89083926,10.1482585,9.67302298,26966178,271007088.0,2.156984,1.3185,1250179788.0,12365327329.208878,2026-07-14
2016-03-04,sh.600151,航天机电,9.9502437,9.49480966,10.08885406,9.28689412,24995507,244985878.0,1.999353,-4.004,1250179783.0,11870219080.365103,2026-07-14
2016-03-07,sh.600151,航天机电,9.57401558,10.1977622,10.2472659,9.57401558,34672981,351558064.0,2.773439,7.4035,1250180047.0,12749038826.490824,2026-07-14
2016-03-08,sh.600151,航天机电,10.10865554,10.06905258,10.17796072,9.53441262,24833636,248646744.0,1.986405,-1.2621,1250179898.0,12588127127.421036,2026-07-14
2016-03-09,sh.600151,航天机电,9.90074,9.93044222,10.395777,9.78193112,22805527,231915790.0,1.82418,-1.3766,1250179642.0,12414836699.501286,2026-07-14
2016-03-10,sh.600151,航天机电,9.94034296,9.81163334,10.0987548,9.6532215,17202694,171591508.0,1.376017,-1.1964,1250180339.0,12266311095.144903,2026-07-14
2016-03-11,sh.600151,航天机电,9.89083926,10.08885406,10.27696812,9.8512363,23644042,240532057.0,1.891251,2.8254,1250180013.0,12612883699.885902,2026-07-14
2016-03-14,sh.600151,航天机电,10.08885406,10.43537996,10.5937918,10.08885406,31519089,331036128.0,2.521164,3.4347,1250180036.0,13046103694.066479,2026-07-14
2016-03-15,sh.600151,航天机电,10.395777,10.17796072,10.40567774,10.0987548,16651324,172037194.0,1.331914,-2.4668,1250180117.0,12724284123.751003,2026-07-14
2016-03-16,sh.600151,航天机电,10.16805998,10.02944962,10.35617404,9.9997474,14909763,153257724.0,1.192609,-1.4591,1250180319.0,12538620525.326029,2026-07-14
2016-03-17,sh.600151,航天机电,10.10865554,10.395777,10.5442881,10.0987548,24043042,250950777.0,1.923167,3.6525,1250179626.0,12996588601.839403,2026-07-14
2016-03-18,sh.600151,航天机电,10.40567774,10.72250142,10.97001992,10.40567774,39506664,428249072.0,3.160078,3.1429,1250180027.0,13405057114.76314,2026-07-14
2016-03-21,sh.600151,航天机电,10.81160808,10.9403177,11.0888288,10.67299772,35819977,393226736.0,2.865186,2.0314,1250179814.0,13677364347.286907,2026-07-14
2016-03-22,sh.600151,航天机电,10.7918066,11.31654582,11.66307172,10.6927992,47698495,540476528.0,3.815331,3.4389,1250179735.0,14147716254.362957,2026-07-14
2016-03-23,sh.600151,航天机电,11.26704212,11.2868436,11.34624804,10.9898214,21217375,239563274.0,1.697146,-0.2625,1250179713.0,14110582892.523886,2026-07-14
2016-03-24,sh.600151,航天机电,11.17793546,11.27694286,11.8313843,11.05912658,32741356,380572928.0,2.618932,-0.0877,1250179692.0,14098204951.416399,2026-07-14
2016-03-25,sh.600151,航天机电,11.1878362,11.16803472,11.37595026,10.93041696,18945721,212902179.0,1.51544,-0.9658,1250179552.0,13962048642.970045,2026-07-14
2016-03-28,sh.600151,航天机电,11.31654582,11.0393251,11.41555322,10.9898214,15267012,172839486.0,1.221185,-1.1525,1250180112.0,13801144689.922411,2026-07-14
2016-03-29,sh.600151,航天机电,11.06902732,10.70269994,11.1383325,10.4947844,16370493,178992084.0,1.309451,-3.0493,1250179885.0,13380300180.178707,2026-07-14
2016-03-30,sh.600151,航天机电,10.83140956,11.0888288,11.10863028,10.83140956,14410759,159900328.0,1.152695,3.6078,1250179709.0,13863028762.33482,2026-07-14
2016-03-31,sh.600151,航天机电,11.11853102,11.06902732,11.2868436,10.96011918,15931083,179167322.0,1.274303,-0.1786,1250180138.0,13838278102.44337,2026-07-14
2016-04-01,sh.600151,航天机电,11.09872954,10.96011918,11.1383325,10.75220364,11814446,130348410.0,0.94502,-0.9839,1250179467.0,13702115954.708876,2026-07-14
2016-04-05,sh.600151,航天机电,11.02942436,11.17793546,11.21753842,10.91061548,17400835,195338702.0,1.391866,1.9874,1250180333.0,13974435075.63531,2026-07-14
2016-04-06,sh.600151,航天机电,11.14823324,11.25714138,11.36604952,10.92051622,22686382,256151194.0,1.814649,0.7086,1250180173.0,14073454957.933859,2026-07-14
2016-04-07,sh.600151,航天机电,11.25714138,10.93041696,11.25714138,10.90071474,19892511,221199927.0,1.591172,-2.9024,1250179805.0,13664986543.621494,2026-07-14
2016-04-08,sh.600151,航天机电,10.7918066,10.6927992,10.890814,10.4947844,15006799,162112569.0,1.200371,-2.1739,1250180069.0,13367924441.659143,2026-07-14
2016-04-11,sh.600151,航天机电,10.77200512,10.9403177,11.0393251,10.77200512,14390616,159027516.0,1.151084,2.3148,1250179483.0,13677360726.041748,2026-07-14
2016-04-12,sh.600151,航天机电,10.99972214,10.93041696,10.99972214,10.81160808,12274596,134993261.0,0.981826,-0.0905,1250180378.0,13664992806.750412,2026-07-14
2016-04-13,sh.600151,航天机电,10.9403177,11.15813398,11.24724064,10.93041696,35477897,397076080.0,2.837823,2.0833,1250180050.0,13949676497.0231,2026-07-14
2016-04-14,sh.600151,航天机电,11.1878362,11.2373399,11.3363473,11.07892806,24959613,282178160.0,1.996482,0.7098,1250179716.0,14048694404.77747,2026-07-14
2016-04-15,sh.600151,航天机电,11.21753842,11.26704212,11.4353547,11.1878362,22750140,260073145.0,1.819749,0.2643,1250180107.0,14085831923.155106,2026-07-14
2016-04-18,sh.600151,航天机电,11.21753842,10.9403177,11.21753842,10.91061548,16180639,179738439.0,1.294265,-2.8998,1250179755.0,13677363701.808163,2026-07-14
2016-04-19,sh.600151,航天机电,10.93041696,10.9898214,11.0888288,10.90071474,10493945,116364817.0,0.839395,0.4525,1250179594.0,13739250455.984512,2026-07-14
2016-04-20,sh.600151,航天机电,11.0393251,10.70269994,11.3363473,10.40567774,32815549,363317600.0,2.624866,-2.6126,1250179971.0,13380301100.610903,2026-07-14
2016-04-21,sh.600151,航天机电,10.73240216,10.62349402,10.88091326,10.4947844,13251030,142867583.0,1.05993,-0.7401,1250179729.0,13281276874.956722,2026-07-14
2016-04-22,sh.600151,航天机电,10.60369254,10.77200512,10.87101252,10.51458588,11647043,125722498.0,0.931629,1.398,1250180383.0,13466949486.59956,2026-07-14
2016-04-25,sh.600151,航天机电,10.77200512,10.62349402,10.78190586,10.4452807,9007923,96917531.0,0.72053,-1.3787,1250180145.0,13281281294.330235,2026-07-14
2016-04-26,sh.600151,航天机电,10.5937918,10.77200512,10.78190586,10.57399032,8475117,91536747.0,0.677912,1.398,1250179522.0,13466940211.903152,2026-07-14
2016-04-27,sh.600151,航天机电,10.77200512,10.66309698,10.88091326,10.62349402,8290443,90059734.0,0.66314,-1.011,1250179902.0,13330789537.472897,2026-07-14
2016-04-28,sh.600151,航天机电,10.63339476,10.57399032,10.68289846,10.37597552,8970752,95346019.0,0.717557,-0.8357,1250179707.0,13219388120.078436,2026-07-14
2016-04-29,sh.600151,航天机电,10.50468514,10.55418884,10.6432955,10.42547922,8170027,86989710.0,0.653508,-0.1873,1250180105.0,13194636912.181028,2026-07-14
2016-05-03,sh.600151,航天机电,10.58389106,10.87101252,10.88091326,10.52448662,12334353,134059858.0,0.986606,3.0019,1250180214.0,13590724758.65028,2026-07-14
2016-05-04,sh.600151,航天机电,10.80170734,10.7918066,10.88091326,10.75220364,9741440,106402423.0,0.779203,-0.7286,1250179992.0,13491700688.853546,2026-07-14
2016-05-05,sh.600151,航天机电,10.77200512,11.05912658,11.14823324,10.75220364,20848703,232628918.0,1.667656,2.4771,1250180073.0,13825899675.10064,2026-07-14
2016-05-06,sh.600151,航天机电,11.04922584,10.51458588,11.07892806,10.4947844,17040484,185649976.0,1.363043,-4.9239,1250179488.0,13145119591.990429,2026-07-14
2016-05-09,sh.600151,航天机电,10.50468514,10.03935036,10.58389106,9.89083926,15585501,160128230.0,1.246661,-4.5198,1250179560.0,12550990615.750643,2026-07-14
2016-05-10,sh.600151,航天机电,9.98984666,9.72252668,10.08885406,9.7027252,14515924,145353771.0,1.161107,-3.1558,1250179699.0,12154905478.321869,2026-07-14
2016-05-11,sh.600151,航天机电,9.88093852,9.81163334,9.93044222,9.68292372,8511030,84506727.0,0.680784,0.9165,1250180674.0,12266314382.042072,2026-07-14
2016-05-12,sh.600151,航天机电,9.68292372,9.91064074,9.93044222,9.4552067,10838213,106753789.0,0.866932,1.0091,1250180291.0,12390087724.329655,2026-07-14
2016-05-13,sh.600151,航天机电,9.93044222,9.86113704,10.07895332,9.8017326,6174193,62000961.0,0.493864,-0.4995,1250180819.0,12328204380.938435,2026-07-14
2016-05-16,sh.600151,航天机电,9.74232816,9.98984666,10.01954888,9.74232816,7443360,74675902.0,0.595383,1.3052,1250180136.0,12489107856.017944,2026-07-14
2016-05-17,sh.600151,航天机电,9.98984666,10.00964814,10.13835776,9.84133556,9536839,96279358.0,0.762837,0.1982,1250180445.0,12513866365.958622,2026-07-14
2016-05-18,sh.600151,航天机电,9.98984666,9.81163334,9.9997474,9.73242742,9182755,91327463.0,0.734515,-1.9782,1250179370.0,12266301587.672195,2026-07-14
2016-05-19,sh.600151,航天机电,9.82153408,9.86113704,10.01954888,9.82153408,6599873,66049611.0,0.527914,0.5045,1250179575.0,12328192113.683956,2026-07-14
2016-05-20,sh.600151,航天机电,9.81163334,10.1482585,10.37597552,9.72252668,14235353,145029470.0,1.138664,2.9116,1250180299.0,12687152845.859293,2026-07-14
2016-05-23,sh.600151,航天机电,10.1482585,10.15815924,10.21756368,10.06905258,9812647,100327395.0,0.784899,0.0976,1250179577.0,12699523221.76184,2026-07-14
2016-05-24,sh.600151,航天机电,10.12845702,10.0492511,10.2472659,9.94034296,9444999,96286255.0,0.755491,-1.0721,1250180214.0,12563374890.737734,2026-07-14
2016-05-25,sh.600151,航天机电,10.108946,9.9298505,10.188544,9.909951,6225868,62855537.0,0.497998,-1.1881,1250179318.0,12414093725.93196,2026-07-14
2016-05-26,sh.600151,航天机电,9.97959925,9.94975,10.029348,9.710956,6874269,68043368.0,0.549862,0.2004,1250180773.0,12438986146.15675,2026-07-14
2016-05-27,sh.600151,航天机电,10.07909675,10.25819225,10.41738825,10.069147,20373198,210208830.0,1.629621,3.1,1250180134.0,12824588161.702763,2026-07-14
2016-05-30,sh.600151,航天机电,10.148745,10.17859425,10.27809175,10.069147,8894332,91029429.0,0.711444,-0.776,1250180197.0,12725076964.648067,2026-07-14
2016-05-31,sh.600151,航天机电,10.2084435,10.546735,10.546735,10.2084435,19055476,199737090.0,1.524219,3.6168,1250179666.0,13185313639.69051,2026-07-14
2016-06-01,sh.600151,航天机电,10.546735,10.49698625,10.6860315,10.45718725,19024093,202541812.0,1.521708,-0.4717,1250180258.0,13123124978.247454,2026-07-14
2016-06-02,sh.600151,航天机电,10.4472375,10.546735,10.55668475,10.33779025,14388517,151156045.0,1.150916,0.4739,1250179596.0,13185312901.41906,2026-07-14
2016-06-03,sh.600151,航天机电,10.546735,10.47708675,10.59648375,10.34774,13051292,137098402.0,1.043953,-0.6604,1250180037.0,13098244700.76721,2026-07-14
2016-06-06,sh.600151,航天机电,10.45718725,10.35768975,10.53678525,10.2880415,10395916,108417553.0,0.831554,-1.1396,1250179303.0,12948969352.345245,2026-07-14
2016-06-07,sh.600151,航天机电,10.35768975,11.0840215,11.21336825,10.34774,44359336,484321360.0,3.548236,7.0125,1250179977.0,13857021743.937506,2026-07-14
2016-06-08,sh.600151,航天机电,10.944725,10.87507675,11.07407175,10.705931,25146363,274390464.0,2.01142,-1.8851,1250179624.0,13595799362.286142,2026-07-14
2016-06-13,sh.600151,航天机电,10.7258305,10.3278405,10.99447375,10.307941,21295563,229878070.0,1.7034,-5.032,1250179817.0,12911657746.295189,2026-07-14
2016-06-14,sh.600151,航天机电,10.307941,10.43728775,10.6064335,10.307941,12336519,129403862.0,0.98678,1.0597,1250179270.0,13048480780.074942,2026-07-14
2016-06-15,sh.600151,航天机电,10.33779025,10.705931,10.81537825,10.27809175,22820402,244256664.0,1.825369,2.5739,1250180210.0,13384343065.82551,2026-07-14
2016-06-16,sh.600151,航天机电,10.71588075,10.55668475,10.785529,10.4472375,19304500,205865200.0,1.544138,-1.3941,1250179712.0,13197753100.429792,2026-07-14
2016-06-17,sh.600151,航天机电,10.506936,10.53678525,10.67608175,10.4472375,14250567,151531484.0,1.139881,-0.1885,1250180238.0,13172880691.599888,2026-07-14
2016-06-20,sh.600151,航天机电,10.546735,10.77557925,10.87507675,10.39748875,21981801,235627294.0,1.758291,2.2663,1250179919.0,13471412793.94308,2026-07-14
2016-06-21,sh.600151,航天机电,10.865127,10.57658425,10.944725,10.49698625,16058430,173528678.0,1.28449,-1.8467,1250179449.0,13222628269.967077,2026-07-14
2016-06-22,sh.600151,航天机电,10.5268355,10.73578025,10.74573,10.5268355,10525004,112644080.0,0.841879,1.5052,1250180133.0,13421659180.803772,2026-07-14
2016-06-23,sh.600151,航天机电,10.73578025,10.8850265,11.024323,10.705931,24355314,266174282.0,1.948145,1.3902,1250179735.0,13608239545.237978,2026-07-14
2016-06-24,sh.600151,航天机电,10.79547875,10.59648375,10.904926,10.29799125,24847814,264823036.0,1.987539,-2.6508,1250179946.0,13247511482.364878,2026-07-14
2016-06-27,sh.600151,航天机电,10.59648375,10.9646245,11.024323,10.546735,30869773,337783104.0,2.469226,3.4742,1250180137.0,13707755759.563555,2026-07-14
2016-06-28,sh.600151,航天机电,10.85517725,11.0840215,11.14372,10.85517725,32798863,363836848.0,2.623531,1.0889,1250180120.0,13857023328.952581,2026-07-14
2016-06-29,sh.600151,航天机电,11.13377025,11.0044235,11.39246375,10.944725,28135189,314897216.0,2.250491,-0.7181,1250180027.0,13757510468.349434,2026-07-14
2016-06-30,sh.600151,航天机电,11.024323,11.2432175,11.302916,10.95467475,31809498,357329840.0,2.544394,2.17,1250179728.0,14056042595.99484,2026-07-14
2016-07-01,sh.600151,航天机电,11.25316725,11.4024135,11.4820115,11.13377025,34582891,395426608.0,2.766233,1.4159,1250179974.0,14255069012.967249,2026-07-14
2016-07-04,sh.600151,航天机电,11.342715,11.9397,11.98944875,11.263117,54143965,636906336.0,4.330894,4.712,1250179870.0,14926772593.839,2026-07-14
2016-07-05,sh.600151,航天机电,11.979499,11.7606045,12.38743875,11.621308,70151245,845701680.0,5.611292,-1.5,1250179905.0,14702871416.552572,2026-07-14
2016-07-06,sh.600151,航天机电,11.7208055,11.81035325,11.899901,11.54171,41542379,490389472.0,3.322912,0.423,1250179933.0,14765066634.791332,2026-07-14
2016-07-07,sh.600151,航天机电,11.77055425,11.6412075,11.8004035,11.45216225,24409357,285316304.0,1.952468,-1.4322,1250179619.0,14553600357.049942,2026-07-14
2016-07-08,sh.600151,航天机电,11.59145875,11.780504,12.00934825,11.55165975,33629677,398895312.0,2.689987,1.1966,1250179908.0,14727749406.913633,2026-07-14
2016-07-11,sh.600151,航天机电,12.218293,12.218293,12.496886,11.9397,53550958,661869776.0,4.28346,3.7162,1250179948.0,15275064907.388763,2026-07-14
2016-07-12,sh.600151,航天机电,12.18844375,12.138695,12.38743875,11.9397,35608783,433590768.0,2.848293,-0.6515,1250179774.0,15175550971.75493,2026-07-14
2016-07-13,sh.600151,航天机电,12.1983935,12.08894625,12.3177905,11.9993985,23817696,289967120.0,1.905141,-0.4098,1250180223.0,15113361518.660013,2026-07-14
2016-07-14,sh.600151,航天机电,12.1187955,12.2779915,12.34763975,12.0391975,25139615,308179296.0,2.01088,1.5638,1250179772.0,15349696614.087938,2026-07-14
2016-07-15,sh.600151,航天机电,12.2381925,12.0391975,12.3575895,11.96954925,19954982,242054889.0,1.596169,-1.9449,1250179774.0,15051161209.691366,2026-07-14
2016-07-18,sh.600151,航天机电,11.979499,11.6810065,11.979499,11.61135825,22708531,268023406.0,1.816421,-2.9752,1250179942.0,14603360028.671623,2026-07-14
2016-07-19,sh.600151,航天机电,11.6810065,11.820303,11.83025275,11.63125775,14148177,166688428.0,1.131691,1.1925,1250180217.0,14777508969.54575,2026-07-14
2016-07-20,sh.600151,航天机电,11.75065475,11.75065475,11.860102,11.69095625,12429152,147132722.0,0.994189,-0.5892,1250179996.0,14690433508.352383,2026-07-14
2016-07-21,sh.600151,航天机电,11.77055425,11.740705,11.88995125,11.73075525,13254837,157220523.0,1.060234,-0.0847,1250180338.0,14677998545.25829,2026-07-14
2016-07-22,sh.600151,航天机电,11.87005175,11.73075525,11.9397,11.67105675,19650033,234107364.0,1.571776,-0.0847,1250180242.0,14665558437.28777,2026-07-14
2016-07-25,sh.600151,航天机电,11.81035325,11.96954925,12.0391975,11.780504,20264828,243078686.0,1.620953,2.0356,1250179863.0,14964089441.536753,2026-07-14
2016-07-26,sh.600151,航天机电,11.9198005,12.0391975,12.059097,11.860102,16364640,196903687.0,1.308983,0.5819,1250179720.0,15051160559.5747,2026-07-14
2016-07-27,sh.600151,航天机电,12.0789965,11.382514,12.218293,11.13377025,31294985,368567568.0,2.503239,-5.4546,1250179667.0,14230187562.14284,2026-07-14
2016-07-28,sh.600151,航天机电,11.382514,11.501911,11.65115725,11.342715,17237616,198905303.0,1.378811,1.049,1250179756.0,14379456287.513716,2026-07-14
2016-07-29,sh.600151,航天机电,11.501911,11.19346875,11.621308,11.15366975,12435613,141801935.0,0.994706,-2.6817,1250179752.0,13993847985.894749,2026-07-14
2016-08-01,sh.600151,航天机电,11.19346875,10.77557925,11.19346875,10.6860315,18140580,198137709.0,1.451038,-3.7333,1250179527.0,13471408569.916014,2026-07-14
2016-08-02,sh.600151,航天机电,10.79547875,10.904926,10.97457425,10.79547875,8176497,89543457.0,0.654026,1.2004,1250179198.0,13633111640.929348,2026-07-14
2016-08-03,sh.600151,航天机电,10.91487575,11.0442225,11.0840215,10.8054285,8500267,94125257.0,0.679924,1.2774,1250178991.0,13807254941.429497,2026-07-14
2016-08-04,sh.600151,航天机电,11.0442225,11.09397125,11.11387075,10.944725,7548363,83751069.0,0.603782,0.4504,1250180197.0,13869463162.837336,2026-07-14
2016-08-05,sh.600151,航天机电,11.09397125,10.984524,11.1636195,10.944725,7510399,83312537.0,0.600745,-0.9865,1250180859.0,13732641650.026117,2026-07-14
2016-08-08,sh.600151,航天机电,11.0044235,11.29296625,11.382514,10.9248255,13002152,146179831.0,1.040022,2.808,1250180477.0,14118245933.1699,2026-07-14
2016-08-09,sh.600151,航天机电,11.29296625,11.27306675,11.33276525,11.183519,10206964,115308003.0,0.81644,-0.1762,1250179315.0,14093354867.464275,2026-07-14
2016-08-10,sh.600151,航天机电,11.3228155,11.19346875,11.33276525,11.15366975,7542209,85104683.0,0.60329,-0.7061,1250179681.0,13993847191.158468,2026-07-14
2016-08-11,sh.600151,航天机电,11.183519,10.9646245,11.19346875,10.944725,9259316,102833184.0,0.740639,-2.0444,1250179372.0,13707747371.625813,2026-07-14
2016-08-12,sh.600151,航天机电,10.9646245,11.0840215,11.09397125,10.944725,6192214,68597668.0,0.495306,1.0889,1250179485.0,13857016290.598928,2026-07-14
2016-08-15,sh.600151,航天机电,11.1238205,11.3626145,11.39246375,11.1238205,16567244,188015694.0,1.325189,2.5135,1250179710.0,14205310100.451794,2026-07-14
2016-08-16,sh.600151,航天机电,11.4024135,11.342715,11.422313,11.2432175,13222854,150674568.0,1.057676,-0.1751,1250180017.0,14180435631.526155,2026-07-14
2016-08-17,sh.600151,航天机电,11.33276525,11.422313,11.57155925,11.263117,16239651,186762883.0,1.298985,0.7018,1250180025.0,14279947551.897825,2026-07-14
2016-08-18,sh.600151,航天机电,11.382514,11.33276525,11.422313,11.29296625,10335079,117821304.0,0.826687,-0.784,1250180419.0,14168001208.67364,2026-07-14
2016-08-19,sh.600151,航天机电,11.31286575,11.35266475,11.39246375,11.302916,7341534,83662747.0,0.587238,0.1756,1250180336.0,14192878231.650356,2026-07-14
2016-08-22,sh.600151,航天机电,11.382514,11.223318,11.41236325,11.19346875,8115468,91913428.0,0.649144,-1.1394,1250179929.0,14031166900.384422,2026-07-14
2016-08-23,sh.600151,航天机电,11.29296625,11.19346875,11.29296625,11.103921,5817300,65470975.0,0.465317,-0.266,1250179985.0,13993850593.972967,2026-07-14
2016-08-24,sh.600151,航天机电,11.19346875,11.21336825,11.302916,11.14372,6362133,71809138.0,0.508897,0.1778,1250180881.0,14018738597.762428,2026-07-14
2016-08-25,sh.600151,航天机电,11.14372,11.05417225,11.1636195,10.8850265,12217028,134977701.0,0.977222,-1.4197,1250179386.0,13819698276.243238,2026-07-14
2016-08-26,sh.600151,航天机电,11.103921,11.103921,11.19346875,11.0044235,7573541,84632866.0,0.605796,0.45,1250180094.0,13881900999.548574,2026-07-14
2016-08-29,sh.600151,航天机电,11.302916,11.15366975,11.47206175,11.103921,13804135,156280847.0,1.104172,0.448,1250179773.0,13944092316.171967,2026-07-14
2016-08-30,sh.600151,航天机电,11.15366975,11.1238205,11.2830165,11.05417225,12955044,145157905.0,1.036254,-0.2676,1250180361.0,13906781928.389202,2026-07-14
2016-08-31,sh.600151,航天机电,11.07407175,11.103921,11.13377025,11.024323,6804583,75730315.0,0.544288,-0.1789,1250180603.0,13881906651.444363,2026-07-14
2016-09-01,sh.600151,航天机电,11.07407175,11.024323,11.19346875,11.0044235,8198967,91439061.0,0.655823,-0.7168,1250179850.0,13782386474.49155,2026-07-14
2016-09-02,sh.600151,航天机电,10.99447375,10.91487575,11.01437325,10.85517725,10677803,117299449.0,0.854101,-0.9928,1250180365.0,13645563349.06465,2026-07-14
2016-09-05,sh.600151,航天机电,10.95467475,10.9248255,11.01437325,10.91487575,6181575,68098643.0,0.494455,0.091151,1250179491.0,13657992782.85382,2026-07-14
2016-09-06,sh.600151,航天机电,10.9248255,11.05417225,11.064122,10.87507675,6891889,76060892.0,0.551272,1.183972,1250179403.0,13819698464.164167,2026-07-14
2016-09-07,sh.600151,航天机电,11.064122,11.03427275,11.13377025,11.01437325,8477178,94467635.0,0.678077,-0.180014,1250179257.0,13794818908.130346,2026-07-14
2016-09-08,sh.600151,航天机电,11.0442225,11.03427275,11.07407175,10.97457425,7139548,79129362.0,0.571082,0.0,1250179134.0,13794817550.914799,2026-07-14
2016-09-09,sh.600151,航天机电,11.064122,11.064122,11.11387075,11.024323,9216761,102631885.0,0.737235,0.270512,1250179522.0,13832138753.309683,2026-07-14
2016-09-12,sh.600151,航天机电,10.85517725,10.7258305,10.99447375,10.705931,12843886,139771424.0,1.027363,-3.057555,1250179927.0,13409217991.504374,2026-07-14
2016-09-13,sh.600151,航天机电,10.77557925,10.785529,10.91487575,10.65618225,7512681,81527560.0,0.600928,0.55659,1250179888.0,13483851437.240753,2026-07-14
2016-09-14,sh.600151,航天机电,10.79547875,10.705931,10.8054285,10.6462325,4511635,48576867.0,0.360879,-0.738007,1250179423.0,13384334640.257812,2026-07-14
2016-09-19,sh.600151,航天机电,10.904926,10.83527775,10.93477525,10.79547875,7088017,77439427.0,0.56696,1.208179,1250179378.0,13546040797.952238,2026-07-14
2016-09-20,sh.600151,航天机电,10.89497625,10.87507675,10.91487575,10.785529,6391185,69713804.0,0.511221,0.367309,1250180450.0,13595808345.099537,2026-07-14
2016-09-21,sh.600151,航天机电,10.85517725,10.8850265,10.904926,10.8054285,4656529,50818316.0,0.372469,0.091485,1250178941.0,13608230902.526937,2026-07-14
2016-09-22,sh.600151,航天机电,10.9646245,10.904926,10.97457425,10.87507675,5735296,62947201.0,0.458758,0.182819,1250178961.0,13633109056.461885,2026-07-14
2016-09-23,sh.600151,航天机电,10.825328,10.75567975,10.89497625,10.7258305,5039531,54713231.0,0.403104,-1.36861,1250181343.0,13446550154.732904,2026-07-14
2016-09-26,sh.600151,航天机电,10.7258305,10.387539,10.74573,10.34774,8372237,88903347.0,0.669683,-3.422764,1250179115.0,12986284314.047985,2026-07-14
2016-09-27,sh.600151,航天机电,10.4074385,10.4074385,10.47708675,10.27809175,5437257,56703625.0,0.434918,0.191575,1250179804.0,13011169424.072054,2026-07-14
2016-09-28,sh.600151,航天机电,10.4870365,10.427338,10.49698625,10.41738825,3999188,42013514.0,0.319889,0.1912,1250179906.0,13036048440.670229,2026-07-14
2016-09-29,sh.600151,航天机电,10.427338,10.467137,10.59648375,10.39748875,5970876,62979862.0,0.477601,0.381688,1250180799.0,13085813697.902462,2026-07-14
2016-09-30,sh.600151,航天机电,10.467137,10.4074385,10.546735,10.3676395,5928942,62217670.0,0.474247,-0.570346,1250180180.0,13011173337.26893,2026-07-14
2016-10-10,sh.600151,航天机电,10.4472375,10.7258305,10.75567975,10.43728775,9616238,103000839.0,0.769188,3.05927,1250180450.0,13409223601.113726,2026-07-14
2016-10-11,sh.600151,航天机电,10.74573,10.825328,10.83527775,10.69598125,8608350,93294603.0,0.688569,0.927647,1250179721.0,13533605538.773489,2026-07-14
2016-10-12,sh.600151,航天机电,10.74573,10.83527775,10.91487575,10.7258305,6546559,71283219.0,0.523649,0.091914,1250180751.0,13546055674.78859,2026-07-14
2016-10-13,sh.600151,航天机电,10.865127,10.8850265,10.91487575,10.825328,5859299,63971348.0,0.468676,0.45913,1250181149.0,13608254936.66545,2026-07-14
2016-10-14,sh.600151,航天机电,10.9248255,10.825328,10.9248255,10.7258305,5776934,62785624.0,0.462088,-0.548441,1250180485.0,13533613809.324081,2026-07-14
2016-10-17,sh.600151,航天机电,10.93477525,10.7258305,11.0044235,10.6860315,9627286,104737072.0,0.770072,-0.919121,1250179983.0,13409218592.150883,2026-07-14
2016-10-18,sh.600151,航天机电,10.6860315,10.8452275,10.85517725,10.6462325,10528395,113837202.0,0.84215,1.113171,1250180490.0,13558491830.111475,2026-07-14
2016-10-19,sh.600151,航天机电,10.8850265,10.87507675,10.97457425,10.8054285,14302777,156905445.0,1.144058,0.275236,1250179362.0,13595796513.016033,2026-07-14
2016-10-20,sh.600151,航天机电,10.8452275,10.95467475,11.0044235,10.8452275,13931290,153241769.0,1.114343,0.73193,1250179702.0,13695312014.461926,2026-07-14
2016-10-21,sh.600151,航天机电,10.99447375,11.15366975,11.4422125,10.944725,29762189,335164160.0,2.380633,1.816529,1250179637.0,13944090799.27288,2026-07-14
2016-10-24,sh.600151,航天机电,11.11387075,11.21336825,11.27306675,11.064122,16648594,187533500.0,1.331696,0.53524,1250179771.0,14018726150.923672,2026-07-14
2016-10-25,sh.600151,航天机电,11.19346875,11.2432175,11.382514,11.15366975,12691396,143590135.0,1.015166,0.266191,1250179380.0,14056038683.35515,2026-07-14
2016-10-26,sh.600151,航天机电,11.29296625,11.13377025,11.302916,11.0442225,11388159,127288603.0,0.910922,-0.973457,1250179379.0,13919209977.073673,2026-07-14
2016-10-27,sh.600151,航天机电,11.07407175,11.23326775,11.263117,11.05417225,12254529,137999377.0,0.980221,0.893659,1250180214.0,14043609079.614298,2026-07-14
2016-10-28,sh.600151,航天机电,11.19346875,11.09397125,11.27306675,11.05417225,9280799,103873895.0,0.742357,-1.240039,1250180035.0,13869461365.613993,2026-07-14
2016-10-31,sh.600151,航天机电,11.1238205,11.0442225,11.15366975,10.984524,5562902,61793754.0,0.444968,-0.448424,1250180238.0,13807268713.574955,2026-07-14
2016-11-01,sh.600151,航天机电,11.103921,11.15366975,11.2034185,11.064122,6984078,78167315.0,0.558646,0.990988,1250179541.0,13944089728.520586,2026-07-14
2016-11-02,sh.600151,航天机电,11.1636195,11.05417225,11.2830165,11.01437325,8217824,92094373.0,0.657331,-0.892064,1250180503.0,13819710623.753643,2026-07-14
2016-11-03,sh.600151,航天机电,11.064122,11.1636195,11.19346875,11.0044235,9917404,110813285.0,0.793278,0.990105,1250180139.0,13956535378.253109,2026-07-14
2016-11-04,sh.600151,航天机电,11.1636195,11.064122,11.183519,11.01437325,8565449,95498906.0,0.685137,-0.891269,1250180475.0,13832149297.41795,2026-07-14
2016-11-07,sh.600151,航天机电,11.064122,10.9248255,11.0840215,10.904926,7901899,87157812.0,0.632061,-1.258996,1250179809.0,13657996256.94833,2026-07-14
2016-11-08,sh.600151,航天机电,10.9646245,10.99447375,11.024323,10.8850265,6518786,71788202.0,0.521428,0.637529,1250179507.0,13745065772.499441,2026-07-14
2016-11-09,sh.600151,航天机电,11.01437325,10.8054285,11.024323,10.6462325,7292614,79495385.0,0.583325,-1.719462,1250180260.0,13508733411.54141,2026-07-14
2016-11-10,sh.600151,航天机电,10.8452275,10.91487575,10.97457425,10.785529,8178658,89479680.0,0.654198,1.012897,1250180832.0,13645568446.311625,2026-07-14
2016-11-11,sh.600151,航天机电,10.91487575,10.91487575,10.91487575,10.91487575,0,0.0,0.0,0.0,1250180832.0,13645568446.311625,2026-07-14
2016-11-14,sh.600151,航天机电,10.91487575,10.91487575,10.91487575,10.91487575,0,0.0,0.0,0.0,1250180832.0,13645568446.311625,2026-07-14
2016-11-15,sh.600151,航天机电,10.91487575,10.91487575,10.91487575,10.91487575,0,0.0,0.0,0.0,1250180832.0,13645568446.311625,2026-07-14
2016-11-16,sh.600151,航天机电,10.91487575,10.91487575,10.91487575,10.91487575,0,0.0,0.0,0.0,1250180832.0,13645568446.311625,2026-07-14
2016-11-17,sh.600151,航天机电,10.91487575,10.91487575,10.91487575,10.91487575,0,0.0,0.0,0.0,1250180832.0,13645568446.311625,2026-07-14
2016-11-18,sh.600151,航天机电,10.91487575,10.91487575,10.91487575,10.91487575,0,0.0,0.0,0.0,1250180832.0,13645568446.311625,2026-07-14
2016-11-21,sh.600151,航天机电,10.91487575,10.91487575,10.91487575,10.91487575,0,0.0,0.0,0.0,1250180832.0,13645568446.311625,2026-07-14
2016-11-22,sh.600151,航天机电,10.91487575,10.91487575,10.91487575,10.91487575,0,0.0,0.0,0.0,1250180832.0,13645568446.311625,2026-07-14
2016-11-23,sh.600151,航天机电,10.91487575,10.91487575,10.91487575,10.91487575,0,0.0,0.0,0.0,1250180832.0,13645568446.311625,2026-07-14
2016-11-24,sh.600151,航天机电,10.91487575,10.91487575,10.91487575,10.91487575,0,0.0,0.0,0.0,1250180832.0,13645568446.311625,2026-07-14
2016-11-25,sh.600151,航天机电,10.91487575,10.91487575,10.91487575,10.91487575,0,0.0,0.0,0.0,1250180832.0,13645568446.311625,2026-07-14
2016-11-28,sh.600151,航天机电,10.91487575,10.91487575,10.91487575,10.91487575,0,0.0,0.0,0.0,1250180832.0,13645568446.311625,2026-07-14
2016-11-29,sh.600151,航天机电,10.91487575,10.91487575,10.91487575,10.91487575,0,0.0,0.0,0.0,1250180832.0,13645568446.311625,2026-07-14
2016-11-30,sh.600151,航天机电,10.91487575,10.91487575,10.91487575,10.91487575,0,0.0,0.0,0.0,1250180832.0,13645568446.311625,2026-07-14
2016-12-01,sh.600151,航天机电,10.91487575,10.91487575,10.91487575,10.91487575,0,0.0,0.0,0.0,1250180832.0,13645568446.311625,2026-07-14
2016-12-02,sh.600151,航天机电,10.91487575,10.91487575,10.91487575,10.91487575,0,0.0,0.0,0.0,1250180832.0,13645568446.311625,2026-07-14
2016-12-05,sh.600151,航天机电,10.91487575,10.91487575,10.91487575,10.91487575,0,0.0,0.0,0.0,1250180832.0,13645568446.311625,2026-07-14
2016-12-06,sh.600151,航天机电,10.91487575,10.91487575,10.91487575,10.91487575,0,0.0,0.0,0.0,1250180832.0,13645568446.311625,2026-07-14
2016-12-07,sh.600151,航天机电,10.91487575,10.91487575,10.91487575,10.91487575,0,0.0,0.0,0.0,1250180832.0,13645568446.311625,2026-07-14
2016-12-08,sh.600151,航天机电,10.91487575,10.91487575,10.91487575,10.91487575,0,0.0,0.0,0.0,1250180832.0,13645568446.311625,2026-07-14
2016-12-09,sh.600151,航天机电,10.91487575,10.91487575,10.91487575,10.91487575,0,0.0,0.0,0.0,1250180832.0,13645568446.311625,2026-07-14
2016-12-12,sh.600151,航天机电,10.91487575,10.91487575,10.91487575,10.91487575,0,0.0,0.0,0.0,1250180832.0,13645568446.311625,2026-07-14
2016-12-13,sh.600151,航天机电,10.91487575,10.91487575,10.91487575,10.91487575,0,0.0,0.0,0.0,1250180832.0,13645568446.311625,2026-07-14
2016-12-14,sh.600151,航天机电,10.91487575,10.91487575,10.91487575,10.91487575,0,0.0,0.0,0.0,1250180832.0,13645568446.311625,2026-07-14
2016-12-15,sh.600151,航天机电,10.91487575,10.91487575,10.91487575,10.91487575,0,0.0,0.0,0.0,1250180832.0,13645568446.311625,2026-07-14
2016-12-16,sh.600151,航天机电,10.91487575,10.91487575,10.91487575,10.91487575,0,0.0,0.0,0.0,1250180832.0,13645568446.311625,2026-07-14
2016-12-19,sh.600151,航天机电,10.91487575,10.91487575,10.91487575,10.91487575,0,0.0,0.0,0.0,1250180832.0,13645568446.311625,2026-07-14
2016-12-20,sh.600151,航天机电,10.91487575,10.91487575,10.91487575,10.91487575,0,0.0,0.0,0.0,1250180832.0,13645568446.311625,2026-07-14
2016-12-21,sh.600151,航天机电,10.91487575,10.91487575,10.91487575,10.91487575,0,0.0,0.0,0.0,1250180832.0,13645568446.311625,2026-07-14
2016-12-22,sh.600151,航天机电,10.91487575,10.91487575,10.91487575,10.91487575,0,0.0,0.0,0.0,1250180832.0,13645568446.311625,2026-07-14
2016-12-23,sh.600151,航天机电,10.91487575,10.91487575,10.91487575,10.91487575,0,0.0,0.0,0.0,1250180832.0,13645568446.311625,2026-07-14
2016-12-26,sh.600151,航天机电,10.91487575,10.91487575,10.91487575,10.91487575,0,0.0,0.0,0.0,1250180832.0,13645568446.311625,2026-07-14
2016-12-27,sh.600151,航天机电,10.91487575,10.91487575,10.91487575,10.91487575,0,0.0,0.0,0.0,1250180832.0,13645568446.311625,2026-07-14
2016-12-28,sh.600151,航天机电,10.91487575,10.91487575,10.91487575,10.91487575,0,0.0,0.0,0.0,1250180832.0,13645568446.311625,2026-07-14
2016-12-29,sh.600151,航天机电,10.91487575,10.91487575,10.91487575,10.91487575,0,0.0,0.0,0.0,1250180832.0,13645568446.311625,2026-07-14
2016-12-30,sh.600151,航天机电,10.91487575,10.91487575,10.91487575,10.91487575,0,0.0,0.0,0.0,1250180832.0,13645568446.311625,2026-07-14
2017-01-03,sh.600151,航天机电,10.91487575,10.91487575,10.91487575,10.91487575,0,0.0,0.0,0.0,1250180832.0,13645568446.311625,2026-07-14
2017-01-04,sh.600151,航天机电,10.91487575,10.91487575,10.91487575,10.91487575,0,0.0,0.0,0.0,1250180832.0,13645568446.311625,2026-07-14
2017-01-05,sh.600151,航天机电,10.91487575,10.91487575,10.91487575,10.91487575,0,0.0,0.0,0.0,1250180832.0,13645568446.311625,2026-07-14
2017-01-06,sh.600151,航天机电,10.91487575,10.91487575,10.91487575,10.91487575,0,0.0,0.0,0.0,1250180832.0,13645568446.311625,2026-07-14
2017-01-09,sh.600151,航天机电,10.91487575,10.91487575,10.91487575,10.91487575,0,0.0,0.0,0.0,1250180832.0,13645568446.311625,2026-07-14
2017-01-10,sh.600151,航天机电,10.91487575,10.91487575,10.91487575,10.91487575,0,0.0,0.0,0.0,1250180832.0,13645568446.311625,2026-07-14
2017-01-11,sh.600151,航天机电,10.91487575,10.91487575,10.91487575,10.91487575,0,0.0,0.0,0.0,1250180832.0,13645568446.311625,2026-07-14
2017-01-12,sh.600151,航天机电,10.91487575,10.91487575,10.91487575,10.91487575,0,0.0,0.0,0.0,1250180832.0,13645568446.311625,2026-07-14
2017-01-13,sh.600151,航天机电,10.91487575,10.91487575,10.91487575,10.91487575,0,0.0,0.0,0.0,1250180832.0,13645568446.311625,2026-07-14
2017-01-16,sh.600151,航天机电,10.91487575,10.91487575,10.91487575,10.91487575,0,0.0,0.0,0.0,1250180832.0,13645568446.311625,2026-07-14
2017-01-17,sh.600151,航天机电,10.91487575,10.91487575,10.91487575,10.91487575,0,0.0,0.0,0.0,1250180832.0,13645568446.311625,2026-07-14
2017-01-18,sh.600151,航天机电,10.91487575,10.91487575,10.91487575,10.91487575,0,0.0,0.0,0.0,1250180832.0,13645568446.311625,2026-07-14
2017-01-19,sh.600151,航天机电,10.91487575,10.91487575,10.91487575,10.91487575,0,0.0,0.0,0.0,1250180832.0,13645568446.311625,2026-07-14
2017-01-20,sh.600151,航天机电,10.91487575,10.91487575,10.91487575,10.91487575,0,0.0,0.0,0.0,1250180832.0,13645568446.311625,2026-07-14
2017-01-23,sh.600151,航天机电,10.91487575,10.91487575,10.91487575,10.91487575,0,0.0,0.0,0.0,1250180832.0,13645568446.311625,2026-07-14
2017-01-24,sh.600151,航天机电,10.91487575,10.91487575,10.91487575,10.91487575,0,0.0,0.0,0.0,1250180832.0,13645568446.311625,2026-07-14
2017-01-25,sh.600151,航天机电,10.91487575,10.91487575,10.91487575,10.91487575,0,0.0,0.0,0.0,1250180832.0,13645568446.311625,2026-07-14
2017-01-26,sh.600151,航天机电,10.91487575,10.91487575,10.91487575,10.91487575,0,0.0,0.0,0.0,1250180832.0,13645568446.311625,2026-07-14
2017-02-03,sh.600151,航天机电,10.91487575,10.91487575,10.91487575,10.91487575,0,0.0,0.0,0.0,1250180832.0,13645568446.311625,2026-07-14
2017-02-06,sh.600151,航天机电,10.91487575,10.91487575,10.91487575,10.91487575,0,0.0,0.0,0.0,1250180832.0,13645568446.311625,2026-07-14
2017-02-07,sh.600151,航天机电,10.91487575,10.91487575,10.91487575,10.91487575,0,0.0,0.0,0.0,1250180832.0,13645568446.311625,2026-07-14
2017-02-08,sh.600151,航天机电,10.91487575,10.91487575,10.91487575,10.91487575,0,0.0,0.0,0.0,1250180832.0,13645568446.311625,2026-07-14
2017-02-09,sh.600151,航天机电,10.91487575,10.91487575,10.91487575,10.91487575,0,0.0,0.0,0.0,1250180832.0,13645568446.311625,2026-07-14
2017-02-10,sh.600151,航天机电,10.91487575,10.91487575,10.91487575,10.91487575,0,0.0,0.0,0.0,1250180832.0,13645568446.311625,2026-07-14
2017-02-13,sh.600151,航天机电,10.91487575,10.91487575,10.91487575,10.91487575,0,0.0,0.0,0.0,1250180832.0,13645568446.311625,2026-07-14
2017-02-14,sh.600151,航天机电,10.91487575,10.91487575,10.91487575,10.91487575,0,0.0,0.0,0.0,1250180832.0,13645568446.311625,2026-07-14
2017-02-15,sh.600151,航天机电,10.91487575,10.91487575,10.91487575,10.91487575,0,0.0,0.0,0.0,1250180832.0,13645568446.311625,2026-07-14
2017-02-16,sh.600151,航天机电,10.91487575,10.91487575,10.91487575,10.91487575,0,0.0,0.0,0.0,1250180832.0,13645568446.311625,2026-07-14
2017-02-17,sh.600151,航天机电,10.91487575,10.91487575,10.91487575,10.91487575,0,0.0,0.0,0.0,1250180832.0,13645568446.311625,2026-07-14
2017-02-20,sh.600151,航天机电,10.91487575,10.91487575,10.91487575,10.91487575,0,0.0,0.0,0.0,1250180832.0,13645568446.311625,2026-07-14
2017-02-21,sh.600151,航天机电,10.91487575,10.91487575,10.91487575,10.91487575,0,0.0,0.0,0.0,1250180832.0,13645568446.311625,2026-07-14
2017-02-22,sh.600151,航天机电,10.91487575,10.91487575,10.91487575,10.91487575,0,0.0,0.0,0.0,1250180832.0,13645568446.311625,2026-07-14
2017-02-23,sh.600151,航天机电,10.91487575,10.91487575,10.91487575,10.91487575,0,0.0,0.0,0.0,1250180832.0,13645568446.311625,2026-07-14
2017-02-24,sh.600151,航天机电,10.91487575,10.91487575,10.91487575,10.91487575,0,0.0,0.0,0.0,1250180832.0,13645568446.311625,2026-07-14
2017-02-27,sh.600151,航天机电,10.91487575,10.91487575,10.91487575,10.91487575,0,0.0,0.0,0.0,1250180832.0,13645568446.311625,2026-07-14
2017-02-28,sh.600151,航天机电,10.91487575,10.91487575,10.91487575,10.91487575,0,0.0,0.0,0.0,1250180832.0,13645568446.311625,2026-07-14
2017-03-01,sh.600151,航天机电,10.91487575,10.91487575,10.91487575,10.91487575,0,0.0,0.0,0.0,1250180832.0,13645568446.311625,2026-07-14
2017-03-02,sh.600151,航天机电,10.91487575,10.91487575,10.91487575,10.91487575,0,0.0,0.0,0.0,1250180832.0,13645568446.311625,2026-07-14
2017-03-03,sh.600151,航天机电,10.91487575,10.91487575,10.91487575,10.91487575,0,0.0,0.0,0.0,1250180832.0,13645568446.311625,2026-07-14
2017-03-06,sh.600151,航天机电,10.91487575,10.91487575,10.91487575,10.91487575,0,0.0,0.0,0.0,1250180832.0,13645568446.311625,2026-07-14
2017-03-07,sh.600151,航天机电,10.91487575,10.91487575,10.91487575,10.91487575,0,0.0,0.0,0.0,1250180832.0,13645568446.311625,2026-07-14
2017-03-08,sh.600151,航天机电,10.91487575,10.91487575,10.91487575,10.91487575,0,0.0,0.0,0.0,1250180832.0,13645568446.311625,2026-07-14
2017-03-09,sh.600151,航天机电,10.91487575,10.91487575,10.91487575,10.91487575,0,0.0,0.0,0.0,1250180832.0,13645568446.311625,2026-07-14
2017-03-10,sh.600151,航天机电,10.91487575,10.91487575,10.91487575,10.91487575,0,0.0,0.0,0.0,1250180832.0,13645568446.311625,2026-07-14
2017-03-13,sh.600151,航天机电,10.91487575,10.91487575,10.91487575,10.91487575,0,0.0,0.0,0.0,1250180832.0,13645568446.311625,2026-07-14
2017-03-14,sh.600151,航天机电,10.91487575,10.91487575,10.91487575,10.91487575,0,0.0,0.0,0.0,1250180832.0,13645568446.311625,2026-07-14
2017-03-15,sh.600151,航天机电,10.91487575,10.91487575,10.91487575,10.91487575,0,0.0,0.0,0.0,1250180832.0,13645568446.311625,2026-07-14
2017-03-16,sh.600151,航天机电,10.91487575,10.91487575,10.91487575,10.91487575,0,0.0,0.0,0.0,1250180832.0,13645568446.311625,2026-07-14
2017-03-17,sh.600151,航天机电,10.91487575,10.91487575,10.91487575,10.91487575,0,0.0,0.0,0.0,1250180832.0,13645568446.311625,2026-07-14
2017-03-20,sh.600151,航天机电,10.91487575,10.91487575,10.91487575,10.91487575,0,0.0,0.0,0.0,1250180832.0,13645568446.311625,2026-07-14
2017-03-21,sh.600151,航天机电,10.91487575,10.91487575,10.91487575,10.91487575,0,0.0,0.0,0.0,1250180832.0,13645568446.311625,2026-07-14
2017-03-22,sh.600151,航天机电,10.91487575,10.91487575,10.91487575,10.91487575,0,0.0,0.0,0.0,1250180832.0,13645568446.311625,2026-07-14
2017-03-23,sh.600151,航天机电,10.91487575,10.91487575,10.91487575,10.91487575,0,0.0,0.0,0.0,1250180832.0,13645568446.311625,2026-07-14
2017-03-24,sh.600151,航天机电,10.91487575,10.91487575,10.91487575,10.91487575,0,0.0,0.0,0.0,1250180832.0,13645568446.311625,2026-07-14
2017-03-27,sh.600151,航天机电,10.91487575,10.91487575,10.91487575,10.91487575,0,0.0,0.0,0.0,1250180832.0,13645568446.311625,2026-07-14
2017-03-28,sh.600151,航天机电,10.91487575,10.91487575,10.91487575,10.91487575,0,0.0,0.0,0.0,1250180832.0,13645568446.311625,2026-07-14
2017-03-29,sh.600151,航天机电,10.91487575,10.91487575,10.91487575,10.91487575,0,0.0,0.0,0.0,1250180832.0,13645568446.311625,2026-07-14
2017-03-30,sh.600151,航天机电,10.91487575,10.91487575,10.91487575,10.91487575,0,0.0,0.0,0.0,1250180832.0,13645568446.311625,2026-07-14
2017-03-31,sh.600151,航天机电,10.91487575,10.91487575,10.91487575,10.91487575,0,0.0,0.0,0.0,1250180832.0,13645568446.311625,2026-07-14
2017-04-05,sh.600151,航天机电,10.91487575,10.91487575,10.91487575,10.91487575,0,0.0,0.0,0.0,1250180832.0,13645568446.311625,2026-07-14
2017-04-06,sh.600151,航天机电,10.91487575,10.91487575,10.91487575,10.91487575,0,0.0,0.0,0.0,1250180832.0,13645568446.311625,2026-07-14
2017-04-07,sh.600151,航天机电,10.91487575,10.91487575,10.91487575,10.91487575,0,0.0,0.0,0.0,1250180832.0,13645568446.311625,2026-07-14
2017-04-10,sh.600151,航天机电,10.91487575,10.91487575,10.91487575,10.91487575,0,0.0,0.0,0.0,1250180832.0,13645568446.311625,2026-07-14
2017-04-11,sh.600151,航天机电,10.91487575,10.91487575,10.91487575,10.91487575,0,0.0,0.0,0.0,1250180832.0,13645568446.311625,2026-07-14
2017-04-12,sh.600151,航天机电,10.91487575,10.91487575,10.91487575,10.91487575,0,0.0,0.0,0.0,1250180832.0,13645568446.311625,2026-07-14
2017-04-13,sh.600151,航天机电,10.91487575,10.91487575,10.91487575,10.91487575,0,0.0,0.0,0.0,1250180832.0,13645568446.311625,2026-07-14
2017-04-14,sh.600151,航天机电,10.91487575,10.91487575,10.91487575,10.91487575,0,0.0,0.0,0.0,1250180832.0,13645568446.311625,2026-07-14
2017-04-17,sh.600151,航天机电,10.91487575,10.91487575,10.91487575,10.91487575,0,0.0,0.0,0.0,1250180832.0,13645568446.311625,2026-07-14
2017-04-18,sh.600151,航天机电,10.91487575,10.91487575,10.91487575,10.91487575,0,0.0,0.0,0.0,1250180832.0,13645568446.311625,2026-07-14
2017-04-19,sh.600151,航天机电,10.91487575,10.91487575,10.91487575,10.91487575,0,0.0,0.0,0.0,1250180832.0,13645568446.311625,2026-07-14
2017-04-20,sh.600151,航天机电,10.91487575,10.91487575,10.91487575,10.91487575,0,0.0,0.0,0.0,1250180832.0,13645568446.311625,2026-07-14
2017-04-21,sh.600151,航天机电,10.91487575,10.91487575,10.91487575,10.91487575,0,0.0,0.0,0.0,1250180832.0,13645568446.311625,2026-07-14
2017-04-24,sh.600151,航天机电,10.91487575,10.91487575,10.91487575,10.91487575,0,0.0,0.0,0.0,1250180832.0,13645568446.311625,2026-07-14
2017-04-25,sh.600151,航天机电,10.91487575,10.91487575,10.91487575,10.91487575,0,0.0,0.0,0.0,1250180832.0,13645568446.311625,2026-07-14
2017-04-26,sh.600151,航天机电,10.91487575,10.91487575,10.91487575,10.91487575,0,0.0,0.0,0.0,1250180832.0,13645568446.311625,2026-07-14
2017-04-27,sh.600151,航天机电,10.91487575,10.91487575,10.91487575,10.91487575,0,0.0,0.0,0.0,1250180832.0,13645568446.311625,2026-07-14
2017-04-28,sh.600151,航天机电,10.91487575,10.91487575,10.91487575,10.91487575,0,0.0,0.0,0.0,1250180832.0,13645568446.311625,2026-07-14
2017-05-02,sh.600151,航天机电,10.91487575,10.91487575,10.91487575,10.91487575,0,0.0,0.0,0.0,1250180832.0,13645568446.311625,2026-07-14
2017-05-03,sh.600151,航天机电,10.91487575,10.91487575,10.91487575,10.91487575,0,0.0,0.0,0.0,1250180832.0,13645568446.311625,2026-07-14
2017-05-04,sh.600151,航天机电,10.91487575,10.91487575,10.91487575,10.91487575,0,0.0,0.0,0.0,1250180832.0,13645568446.311625,2026-07-14
2017-05-05,sh.600151,航天机电,10.91487575,10.91487575,10.91487575,10.91487575,0,0.0,0.0,0.0,1250180832.0,13645568446.311625,2026-07-14
2017-05-08,sh.600151,航天机电,10.91487575,10.91487575,10.91487575,10.91487575,0,0.0,0.0,0.0,1250180832.0,13645568446.311625,2026-07-14
2017-05-09,sh.600151,航天机电,9.82040325,9.82040325,9.82040325,9.82040325,2325400,22951698.0,0.186005,-10.02735,1250181447.0,12277285945.208504,2026-07-14
2017-05-10,sh.600151,航天机电,8.835378,8.835378,9.24331775,8.835378,47645003,426638160.0,3.811052,-10.03039,1250179819.0,11045811268.836582,2026-07-14
2017-05-11,sh.600151,航天机电,8.2980915,8.14884525,8.40753875,7.9598,47781152,390100560.0,3.821942,-7.770276,1250179935.0,10187522824.97006,2026-07-14
2017-05-12,sh.600151,航天机电,8.10904625,7.98964925,8.20854375,7.8603025,22588100,181842536.0,1.806788,-1.9536,1250179877.0,9988498716.638142,2026-07-14
2017-05-15,sh.600151,航天机电,8.0194985,8.00954875,8.14884525,7.98964925,12423645,100663016.0,0.993749,0.249072,1250179371.0,10013372618.268837,2026-07-14
2017-05-16,sh.600151,航天机电,7.9598,7.96974975,7.999599,7.5817095,25631378,200642173.0,2.050215,-0.496894,1250180006.0,9963621790.273499,2026-07-14
2017-05-17,sh.600151,航天机电,7.9399005,8.00954875,8.118996,7.880202,19747114,158709046.0,1.579542,0.499375,1250179736.0,10013375541.754131,2026-07-14
2017-05-18,sh.600151,航天机电,7.92995075,7.840403,7.96974975,7.8205035,13348624,105876158.0,1.067736,-2.111802,1250180194.0,9801916543.578182,2026-07-14
2017-05-19,sh.600151,航天机电,7.8603025,7.840403,7.89015175,7.7807045,8971560,70567579.0,0.717622,0.0,1250179064.0,9801907683.922792,2026-07-14
2017-05-22,sh.600151,航天机电,7.840403,7.77075475,7.9001015,7.7409055,11886008,93383750.0,0.950744,-0.888327,1250179649.0,9714839445.820084,2026-07-14
2017-05-23,sh.600151,航天机电,7.75085525,7.27326725,7.75085525,7.2633175,16423736,124362323.0,1.31371,-6.402049,1250179720.0,9092891214.09017,2026-07-14
2017-05-24,sh.600151,航天机电,7.21356875,7.2235185,7.29316675,7.0245235,13082977,94022468.0,1.046488,-0.683991,1250179362.0,9030693749.725197,2026-07-14
2017-05-25,sh.600151,航天机电,7.1837195,7.3031165,7.323016,7.1041215,9286632,67494224.0,0.742824,1.101927,1250179316.0,9130205190.638313,2026-07-14
2017-05-26,sh.600151,航天机电,7.31306625,7.3031165,7.3429155,7.243418,9108610,66826141.0,0.728584,0.0,1250179801.0,9130208732.649817,2026-07-14
2017-05-31,sh.600151,航天机电,7.362815,7.3827145,7.45236275,7.362815,8268983,61623658.0,0.661423,1.089917,1250180747.0,9229727528.49773,2026-07-14
2017-06-01,sh.600151,航天机电,7.3827145,7.15387025,7.41256375,7.1439205,7862090,57582585.0,0.628877,-3.09973,1250179288.0,8943620415.589382,2026-07-14
2017-06-02,sh.600151,航天机电,7.13397075,7.203619,7.23346825,6.99467425,8126187,58134335.0,0.650001,0.695406,1250180692.0,9005825386.324348,2026-07-14
2017-06-05,sh.600151,航天机电,7.17376975,7.29316675,7.39266425,7.17376975,8728325,64033108.0,0.698166,1.243096,1250179041.0,9117764213.368088,2026-07-14
2017-06-06,sh.600151,航天机电,7.2633175,7.37276475,7.45236275,7.2633175,8786565,65174374.0,0.702824,1.091404,1250179988.0,9217282946.681824,2026-07-14
2017-06-07,sh.600151,航天机电,7.37276475,7.47226225,7.482212,7.35286525,11950134,89364077.0,0.955873,1.349533,1250180097.0,9341673544.514439,2026-07-14
2017-06-08,sh.600151,航天机电,7.43246325,7.47226225,7.601609,7.41256375,11455059,86059644.0,0.916273,0.0,1250179695.0,9341670540.665014,2026-07-14
2017-06-09,sh.600151,航天机电,7.4623125,7.47226225,7.56181,7.29316675,11585967,86548200.0,0.926744,0.0,1250179877.0,9341671900.616743,2026-07-14
2017-06-12,sh.600151,航天机电,7.402614,7.21356875,7.4623125,7.21356875,10278001,75624708.0,0.822122,-3.462054,1250179535.0,9018256025.56553,2026-07-14
2017-06-13,sh.600151,航天机电,7.203619,7.41256375,7.4225135,7.17376975,9190394,67935161.0,0.735126,2.758618,1250179425.0,9267034686.750845,2026-07-14
2017-06-14,sh.600151,航天机电,7.402614,7.49216175,7.57175975,7.35286525,11047706,83120867.0,0.883689,1.073831,1250180324.0,9366553204.075407,2026-07-14
2017-06-15,sh.600151,航天机电,7.4623125,7.65135775,7.800604,7.43246325,18659161,142805015.0,1.492518,2.124832,1250179964.0,9565574156.446121,2026-07-14
2017-06-16,sh.600151,航天机电,7.601609,7.81055375,7.9001015,7.59165925,19828512,154587549.0,1.586053,2.080622,1250179660.0,9764595431.586725,2026-07-14
2017-06-19,sh.600151,航天机电,7.85035275,8.42743825,8.4970865,7.81055375,36920731,302754944.0,2.953233,7.898094,1250180091.0,10535815518.281881,2026-07-14
2017-06-20,sh.600151,航天机电,8.42743825,8.36773975,8.4970865,8.18864425,22564873,189328228.0,1.80493,-0.708387,1250179952.0,10461180479.003492,2026-07-14
2017-06-21,sh.600151,航天机电,8.3378905,8.32794075,8.62643325,8.16874475,26081458,220333758.0,2.086216,-0.475624,1250180135.0,10411426091.107,2026-07-14
2017-06-22,sh.600151,航天机电,8.317991,8.12894575,8.397589,8.118996,13628466,112842014.0,1.09012,-2.389484,1250180347.0,10162648218.479176,2026-07-14
2017-06-23,sh.600151,航天机电,8.158795,8.14884525,8.198594,8.04934775,13325225,108802605.0,1.065865,0.244792,1250179432.0,10187518726.100899,2026-07-14
2017-06-26,sh.600151,航天机电,8.14884525,8.18864425,8.278192,8.12894575,9157842,75409482.0,0.732522,0.4884,1250179790.0,10237277548.849707,2026-07-14
2017-06-27,sh.600151,航天机电,8.18864425,8.2980915,8.437388,8.12894575,12707699,106163254.0,1.01647,1.336581,1250179445.0,10374103426.029217,2026-07-14
2017-06-28,sh.600151,航天机电,8.2184935,8.0990965,8.2980915,8.079197,8695782,71201882.0,0.695562,-2.398079,1250180717.0,10125334269.42219,2026-07-14
2017-06-29,sh.600151,航天机电,8.10904625,8.08914675,8.158795,8.039398,6604161,53729499.0,0.528257,-0.122853,1250179553.0,10112885868.066402,2026-07-14
2017-06-30,sh.600151,航天机电,8.0592975,8.18864425,8.198594,8.039398,7214208,59150451.0,0.577054,1.230005,1250179013.0,10237271186.273125,2026-07-14
2017-07-03,sh.600151,航天机电,8.198594,8.18864425,8.2184935,8.12894575,5167289,42476504.0,0.413324,0.0,1250178794.0,10237269392.960033,2026-07-14
2017-07-04,sh.600151,航天机电,8.158795,8.20854375,8.278192,8.158795,6224374,51394673.0,0.497878,0.243019,1250180566.0,10262161871.410763,2026-07-14
2017-07-05,sh.600151,航天机电,8.2184935,8.18864425,8.238393,8.118996,6049355,49727785.0,0.483879,-0.24243,1250179280.0,10237273372.64114,2026-07-14
2017-07-06,sh.600151,航天机电,8.18864425,8.1388955,8.2184935,8.08914675,7169943,58660003.0,0.573513,-0.607524,1250179682.0,10175081788.02123,2026-07-14
2017-07-07,sh.600151,航天机电,8.10904625,8.1786945,8.20854375,8.06924725,7343610,60124349.0,0.587404,0.488997,1250180455.0,10224844011.315998,2026-07-14
2017-07-10,sh.600151,航天机电,8.278192,8.42743825,8.52693575,8.278192,21568032,182605019.0,1.725194,3.041362,1250180096.0,10535815560.419071,2026-07-14
2017-07-11,sh.600151,航天机电,8.35779,8.26824225,8.50703625,8.24834275,10559634,88852669.0,0.844649,-1.889018,1250180134.0,10336792204.049461,2026-07-14
2017-07-12,sh.600151,航天机电,8.278192,8.158795,8.32794075,8.0194985,10930735,89212551.0,0.874333,-1.323714,1250179851.0,10199961117.439545,2026-07-14
2017-07-13,sh.600151,航天机电,8.1388955,8.12894575,8.198594,8.079197,5521917,45210935.0,0.44169,-0.36585,1250179311.0,10162639796.891378,2026-07-14
2017-07-14,sh.600151,航天机电,8.12894575,8.02944825,8.14884525,7.98964925,7008567,56799133.0,0.560605,-1.223995,1250179181.0,10038249037.066883,2026-07-14
2017-07-17,sh.600151,航天机电,7.999599,7.37276475,7.999599,7.362815,13276051,101349614.0,1.061931,-8.178436,1250180191.0,9217284443.353067,2026-07-14
2017-07-18,sh.600151,航天机电,7.402614,7.39266425,7.53196075,7.27326725,7847402,58207234.0,0.627702,0.269905,1250179544.0,9242157621.010101,2026-07-14
2017-07-19,sh.600151,航天机电,7.39266425,7.5021115,7.51206125,7.203619,11617049,85675000.0,0.92923,1.480486,1250180149.0,9378990872.884613,2026-07-14
2017-07-20,sh.600151,航天机电,7.482212,7.53196075,7.5817095,7.4225135,8314715,62919515.0,0.598743,0.397881,1388695150.0,10459597363.515362,2026-07-14
2017-07-21,sh.600151,航天机电,7.53196075,7.57175975,7.6613075,7.49216175,6246175,47568326.0,0.449787,0.528401,1388696205.0,10514874029.996748,2026-07-14
2017-07-24,sh.600151,航天机电,7.57175975,7.75085525,7.81055375,7.49216175,9046578,69719975.0,0.651444,2.365307,1388696189.0,10763583147.165642,2026-07-14
2017-07-25,sh.600151,航天机电,7.7409055,7.73095575,7.840403,7.65135775,8161931,63520423.0,0.587741,-0.256739,1388695191.0,10735941071.858797,2026-07-14
2017-07-26,sh.600151,航天机电,7.7409055,7.800604,7.81055375,7.681207,8179783,63669358.0,0.589026,0.900903,1388696424.0,10832670879.840096,2026-07-14
2017-07-27,sh.600151,航天机电,7.840403,7.81055375,7.840403,7.681207,10396523,81103821.0,0.748654,0.127548,1388695312.0,10846479376.74902,2026-07-14
2017-07-28,sh.600151,航天机电,7.55186025,7.63145825,7.681207,7.55186025,12435354,95210836.0,0.89547,-2.292991,1388695769.0,10597773783.075144,2026-07-14
2017-07-31,sh.600151,航天机电,7.69115675,7.55186025,7.7011065,7.522011,9502409,72560439.0,0.684269,-1.043024,1388694943.0,10487230139.417715,2026-07-14
2017-08-01,sh.600151,航天机电,7.55186025,7.56181,7.61155875,7.51206125,6566722,49892250.0,0.47287,0.131749,1388694990.0,10501047662.3319,2026-07-14
2017-08-02,sh.600151,航天机电,7.59165925,7.39266425,7.59165925,7.362815,10040002,75250836.0,0.722981,-2.236843,1388695139.0,10266156908.234081,2026-07-14
2017-08-03,sh.600151,航天机电,7.41256375,7.41256375,7.482212,7.35286525,5812659,43332205.0,0.41857,0.269179,1388694603.0,10293787274.018442,2026-07-14
2017-08-04,sh.600151,航天机电,7.3827145,7.83045325,8.0194985,7.362815,31768388,247434723.0,2.287642,5.637585,1388695784.0,10874117415.084097,2026-07-14
2017-08-07,sh.600151,航天机电,7.7807045,7.75085525,7.7807045,7.641408,14086018,109204057.0,1.014334,-1.016517,1388696228.0,10763583449.448997,2026-07-14
2017-08-08,sh.600151,航天机电,7.75085525,7.75085525,7.83045325,7.63145825,11724531,90915225.0,0.844284,0.0,1388695155.0,10763575132.781313,2026-07-14
2017-08-09,sh.600151,航天机电,7.73095575,7.641408,7.73095575,7.63145825,8659275,66727579.0,0.623555,-1.412068,1388694662.0,10611582499.764097,2026-07-14
2017-08-10,sh.600151,航天机电,7.65135775,7.71105625,7.760805,7.641408,10750598,83336621.0,0.774151,0.911461,1388695229.0,10708307024.925632,2026-07-14
2017-08-11,sh.600151,航天机电,7.71105625,7.75085525,8.02944825,7.6613075,22003073,173878728.0,1.584442,0.516128,1388695389.0,10763576946.481441,2026-07-14
2017-08-14,sh.600151,航天机电,7.73095575,7.8603025,7.91005125,7.67125725,13889910,109321631.0,1.000213,1.412068,1388695208.0,10915564415.18042,2026-07-14
2017-08-15,sh.600151,航天机电,7.840403,7.920001,7.98964925,7.81055375,14815946,118014097.0,1.066896,0.759493,1388696368.0,10998476623.256369,2026-07-14
2017-08-16,sh.600151,航天机电,7.88,7.96,7.98,7.82,10677267,84414191.0,0.76887,0.50505,1388696008.0,11054020223.68,2026-07-14
2017-08-17,sh.600151,航天机电,7.92,8.08,8.17,7.9,17993455,145592360.0,1.295709,1.507536,1388695687.0,11220661150.960001,2026-07-14
2017-08-18,sh.600151,航天机电,8.01,7.96,8.05,7.91,11659518,92902172.0,0.839602,-1.485147,1388695834.0,11054018838.64,2026-07-14
2017-08-21,sh.600151,航天机电,7.93,7.96,8.04,7.87,9381390,74393569.0,0.675554,0.0,1388695796.0,11054018536.16,2026-07-14
2017-08-22,sh.600151,航天机电,7.93,7.81,7.96,7.78,8812922,69216216.0,0.634619,-1.884423,1388694949.0,10845707551.689999,2026-07-14
2017-08-23,sh.600151,航天机电,7.81,7.79,7.89,7.74,6024085,46947157.0,0.433794,-0.256082,1388697170.0,10817950954.3,2026-07-14
2017-08-24,sh.600151,航天机电,7.79,7.68,7.8,7.65,7497929,57806087.0,0.539926,-1.412068,1388695673.0,10665182768.64,2026-07-14
2017-08-25,sh.600151,航天机电,7.68,7.76,7.77,7.65,5854180,45264425.0,0.42156,1.041672,1388694373.0,10776268334.48,2026-07-14
2017-08-28,sh.600151,航天机电,7.77,7.87,7.9,7.74,8662121,68029288.0,0.623759,1.417521,1388696756.0,10929043469.72,2026-07-14
2017-08-29,sh.600151,航天机电,7.83,7.75,7.88,7.71,8942652,69700722.0,0.643961,-1.524776,1388694657.0,10762383591.75,2026-07-14
2017-08-30,sh.600151,航天机电,7.74,7.76,7.78,7.73,6083291,47177226.0,0.438058,0.129035,1388695333.0,10776275784.08,2026-07-14
2017-08-31,sh.600151,航天机电,7.79,7.77,7.81,7.73,5342926,41479582.0,0.384744,0.128863,1388696380.0,10790170872.599998,2026-07-14
2017-09-01,sh.600151,航天机电,7.78,7.81,7.85,7.74,8419678,65573033.0,0.606301,0.5148,1388696044.0,10845716103.64,2026-07-14
2017-09-04,sh.600151,航天机电,7.81,7.82,7.85,7.77,8374760,65353629.0,0.603067,0.128044,1388694788.0,10859593242.16,2026-07-14
2017-09-05,sh.600151,航天机电,7.85,7.89,7.96,7.85,13787204,108901853.0,0.992817,0.895137,1388695399.0,10956806698.109999,2026-07-14
2017-09-06,sh.600151,航天机电,7.89,8.03,8.04,7.85,17291262,137951515.0,1.245144,1.774396,1388695765.0,11151226992.949999,2026-07-14
2017-09-07,sh.600151,航天机电,8.04,7.89,8.04,7.88,11668901,92720658.0,0.840278,-1.74346,1388695289.0,10956805830.21,2026-07-14
2017-09-08,sh.600151,航天机电,7.88,7.79,7.92,7.74,9149062,71715395.0,0.658824,-1.267426,1388695919.0,10817941209.01,2026-07-14
2017-09-11,sh.600151,航天机电,7.78,7.81,7.82,7.71,9550181,74315283.0,0.687709,0.256739,1388695073.0,10845708520.13,2026-07-14
2017-09-12,sh.600151,航天机电,7.82,7.77,7.84,7.73,9842202,76780198.0,0.708737,-0.512163,1388695948.0,10790167515.96,2026-07-14
2017-09-13,sh.600151,航天机电,7.79,7.73,7.8,7.68,11327840,87586748.0,0.815718,-0.5148,1388695603.0,10734617011.19,2026-07-14
2017-09-14,sh.600151,航天机电,7.73,7.75,7.76,7.7,7698804,59568506.0,0.554391,0.258732,1388695704.0,10762391706.0,2026-07-14
2017-09-15,sh.600151,航天机电,7.78,7.78,7.85,7.73,9580952,74689771.0,0.689924,0.387099,1388696726.0,10804060528.28,2026-07-14
2017-09-18,sh.600151,航天机电,7.77,7.79,7.8,7.71,8032834,62292722.0,0.578444,0.128531,1388696918.0,10817948991.22,2026-07-14
2017-09-19,sh.600151,航天机电,7.78,7.76,7.79,7.73,6088586,47221158.0,0.438439,-0.385106,1388696261.0,10776282985.36,2026-07-14
2017-09-20,sh.600151,航天机电,7.77,7.92,7.94,7.76,17463890,137798743.0,1.257575,2.061854,1388695704.0,10998469975.68,2026-07-14
2017-09-21,sh.600151,航天机电,7.97,7.76,7.98,7.76,11586191,91122703.0,0.834322,-2.0202,1388695372.0,10776276086.72,2026-07-14
2017-09-22,sh.600151,航天机电,7.77,7.67,7.77,7.65,10443974,80320957.0,0.752071,-1.159796,1388695216.0,10651292306.72,2026-07-14
2017-09-25,sh.600151,航天机电,7.65,7.67,7.74,7.63,6220501,47881209.0,0.447938,0.0,1388696873.0,10651305015.91,2026-07-14
2017-09-26,sh.600151,航天机电,7.65,7.66,7.66,7.57,7688923,58466439.0,0.553679,-0.130381,1388696880.0,10637418100.800001,2026-07-14
2017-09-27,sh.600151,航天机电,7.63,7.65,7.7,7.62,5873007,44935945.0,0.422915,-0.130545,1388696783.0,10623530389.95,2026-07-14
2017-09-28,sh.600151,航天机电,7.64,7.6,7.67,7.56,8629511,65600330.0,0.621411,-0.653597,1388696209.0,10554091188.4,2026-07-14
2017-09-29,sh.600151,航天机电,7.61,7.63,7.64,7.58,6454493,49173696.0,0.464788,0.39474,1388696137.0,10595751525.31,2026-07-14
2017-10-09,sh.600151,航天机电,7.69,7.71,7.74,7.69,8357809,64449630.0,0.601846,1.048492,1388695613.0,10706843176.23,2026-07-14
2017-10-10,sh.600151,航天机电,7.72,7.81,7.82,7.68,9457267,73307485.0,0.681018,1.297016,1388695600.0,10845712636.0,2026-07-14
2017-10-11,sh.600151,航天机电,7.8,7.85,7.9,7.76,10117819,79304874.0,0.728584,0.512163,1388696293.0,10901265900.05,2026-07-14
2017-10-12,sh.600151,航天机电,7.85,7.89,7.93,7.8,12148212,95676788.0,0.874793,0.509554,1388695611.0,10956808370.789999,2026-07-14
2017-10-13,sh.600151,航天机电,7.89,7.85,7.89,7.8,7801972,61150651.0,0.56182,-0.50697,1388696024.0,10901263788.4,2026-07-14
2017-10-16,sh.600151,航天机电,7.83,7.72,7.88,7.72,7987402,62296599.0,0.575173,-1.656052,1388695575.0,10720729839.0,2026-07-14
2017-10-17,sh.600151,航天机电,7.7,7.77,7.82,7.67,5760248,44597281.0,0.414796,0.647671,1388694201.0,10790153941.769999,2026-07-14
2017-10-18,sh.600151,航天机电,7.75,7.76,7.87,7.73,7537459,58761534.0,0.542773,-0.128697,1388694537.0,10776269607.119999,2026-07-14
2017-10-19,sh.600151,航天机电,7.73,7.59,7.75,7.58,8127000,62355880.0,0.585225,-2.190722,1388696655.0,10540207611.449999,2026-07-14
2017-10-20,sh.600151,航天机电,7.56,7.66,7.68,7.53,3726994,28406441.0,0.268381,0.922262,1388695176.0,10637405048.16,2026-07-14
2017-10-23,sh.600151,航天机电,7.66,7.63,7.72,7.6,4943800,37784340.0,0.356003,-0.391641,1388696163.0,10595751723.69,2026-07-14
2017-10-24,sh.600151,航天机电,7.63,7.6,7.67,7.57,3616136,27495012.0,0.260398,-0.393188,1388695766.0,10554087821.6,2026-07-14
2017-10-25,sh.600151,航天机电,7.58,7.66,7.71,7.58,5803643,44474223.0,0.41792,0.789473,1388697119.0,10637419931.54,2026-07-14
2017-10-26,sh.600151,航天机电,7.66,7.68,7.72,7.62,7438089,57127161.0,0.535617,0.261096,1388695467.0,10665181186.56,2026-07-14
2017-10-27,sh.600151,航天机电,7.68,7.69,7.75,7.65,5850725,45087825.0,0.421311,0.130211,1388695050.0,10679064934.5,2026-07-14
2017-10-30,sh.600151,航天机电,7.66,7.46,7.66,7.35,9750922,72662879.0,0.702164,-2.990898,1388695803.0,10359670690.38,2026-07-14
2017-10-31,sh.600151,航天机电,7.44,7.46,7.52,7.42,5756471,43004272.0,0.414524,0.0,1388694261.0,10359659187.06,2026-07-14
2017-11-01,sh.600151,航天机电,7.46,7.46,7.5,7.43,4112949,30695954.0,0.296174,0.0,1388693471.0,10359653293.66,2026-07-14
2017-11-02,sh.600151,航天机电,7.44,7.48,7.6,7.44,4765346,35689889.0,0.343153,0.268096,1388694256.0,10387433034.880001,2026-07-14
2017-11-03,sh.600151,航天机电,7.46,7.39,7.53,7.28,6724318,49800757.0,0.484218,-1.203211,1388696414.0,10262466499.46,2026-07-14
2017-11-06,sh.600151,航天机电,7.41,7.51,7.52,7.2,8561499,63037000.0,0.616514,1.623821,1388694985.0,10429099337.35,2026-07-14
2017-11-07,sh.600151,航天机电,7.44,7.53,7.63,7.44,8236945,62044070.0,0.593143,0.266311,1388694632.0,10456870578.960001,2026-07-14
2017-11-08,sh.600151,航天机电,7.53,7.43,7.59,7.4,7402801,55661459.0,0.533076,-1.328026,1388695233.0,10318005581.19,2026-07-14
2017-11-09,sh.600151,航天机电,7.38,7.5,7.5,7.38,5225646,38851076.0,0.376299,0.942129,1388695160.0,10415213700.0,2026-07-14
2017-11-10,sh.600151,航天机电,7.48,7.75,7.82,7.45,18388546,141733167.0,1.324159,3.333333,1388696222.0,10762395720.5,2026-07-14
2017-11-13,sh.600151,航天机电,7.72,7.9,7.97,7.68,17692080,138989384.0,1.274007,1.935485,1388695667.0,10970695769.300001,2026-07-14
2017-11-14,sh.600151,航天机电,7.9,7.89,7.96,7.72,15908898,124547551.0,1.1456,-0.126585,1388695705.0,10956809112.449999,2026-07-14
2017-11-15,sh.600151,航天机电,7.85,7.99,8.09,7.82,20608952,164591036.0,1.484051,1.267426,1388695672.0,11095678419.28,2026-07-14
2017-11-16,sh.600151,航天机电,7.99,8.04,8.09,7.95,19315346,154887041.0,1.390898,0.625785,1388696080.0,11165116483.199999,2026-07-14
2017-11-17,sh.600151,航天机电,8.05,7.88,8.07,7.8,20470007,162548573.0,1.474046,-1.990048,1388695265.0,10942918688.2,2026-07-14
2017-11-20,sh.600151,航天机电,7.83,7.77,7.88,7.46,11468848,87699371.0,0.825872,-1.395941,1388695585.0,10790164695.449999,2026-07-14
2017-11-21,sh.600151,航天机电,7.75,7.63,7.84,7.51,11325862,86644038.0,0.815575,-1.8018,1388696564.0,10595754783.32,2026-07-14
2017-11-22,sh.600151,航天机电,7.57,7.64,7.79,7.51,18110257,139074161.0,1.30412,0.131058,1388695595.0,10609634345.8,2026-07-14
2017-11-23,sh.600151,航天机电,7.55,7.42,7.63,7.35,10282293,77025165.0,0.740428,-2.879578,1388695862.0,10304123296.039999,2026-07-14
2017-11-24,sh.600151,航天机电,7.4,7.4,7.52,7.32,6347007,47061115.0,0.457048,-0.269541,1388695936.0,10276349926.4,2026-07-14
2017-11-27,sh.600151,航天机电,7.4,7.4,7.53,7.37,5543953,41341456.0,0.39922,0.0,1388696208.0,10276351939.2,2026-07-14
2017-11-28,sh.600151,航天机电,7.4,7.47,7.5,7.37,3799230,28305719.0,0.273583,0.945942,1388693742.0,10373542252.74,2026-07-14
2017-11-29,sh.600151,航天机电,7.46,7.53,7.54,7.42,5436011,40631550.0,0.391447,0.803218,1388696554.0,10456885051.62,2026-07-14
2017-11-30,sh.600151,航天机电,7.49,7.53,7.58,7.46,4277631,32222974.0,0.308032,0.0,1388696954.0,10456888063.62,2026-07-14
2017-12-01,sh.600151,航天机电,7.53,7.55,7.57,7.45,5698874,42812560.0,0.410376,0.265604,1388695733.0,10484652784.15,2026-07-14
2017-12-04,sh.600151,航天机电,7.53,7.47,7.57,7.46,4070419,30588887.0,0.293111,-1.059608,1388695409.0,10373554705.23,2026-07-14
2017-12-05,sh.600151,航天机电,7.47,7.46,7.63,7.35,7422893,55606183.0,0.534523,-0.133865,1388694780.0,10359663058.8,2026-07-14
2017-12-06,sh.600151,航天机电,7.43,7.47,7.48,7.33,7021670,51859568.0,0.505631,0.134045,1388694522.0,10373548079.34,2026-07-14
2017-12-07,sh.600151,航天机电,7.46,7.79,7.83,7.4,21987475,168955625.0,1.583318,4.283804,1388696080.0,10817942463.2,2026-07-14
2017-12-08,sh.600151,航天机电,7.7,7.8,7.94,7.68,15717043,123008618.0,1.131785,0.128373,1388695114.0,10831821889.199999,2026-07-14
2017-12-11,sh.600151,航天机电,7.77,7.83,7.9,7.71,8337505,65125498.0,0.600384,0.384612,1388695402.0,10873484997.66,2026-07-14
2017-12-12,sh.600151,航天机电,7.82,7.84,7.92,7.75,11868319,93297774.0,0.854638,0.127717,1388695448.0,10887372312.32,2026-07-14
2017-12-13,sh.600151,航天机电,7.84,7.8,7.85,7.68,10547453,81903640.0,0.759522,-0.510204,1388696180.0,10831830204.0,2026-07-14
2017-12-14,sh.600151,航天机电,7.79,8.03,8.03,7.71,21968635,174078662.0,1.581962,2.948712,1388695493.0,11151224808.789999,2026-07-14
2017-12-15,sh.600151,航天机电,8.04,7.96,8.04,7.87,11388771,90433273.0,0.820106,-0.871727,1388694998.0,11054012184.08,2026-07-14
2017-12-18,sh.600151,航天机电,7.94,7.87,8.02,7.82,7567201,59719036.0,0.544914,-1.130655,1388696381.0,10929040518.47,2026-07-14
2017-12-19,sh.600151,航天机电,7.88,7.9,7.94,7.79,7221271,56769638.0,0.520004,0.381197,1388695279.0,10970692704.1,2026-07-14
2017-12-20,sh.600151,航天机电,7.88,7.75,7.9,7.74,6355712,49611325.0,0.457675,-1.898735,1388695472.0,10762389908.0,2026-07-14
2017-12-21,sh.600151,航天机电,7.78,7.79,7.85,7.71,6250106,48746136.0,0.45007,0.516128,1388696425.0,10817945150.75,2026-07-14
2017-12-22,sh.600151,航天机电,7.8,7.87,7.93,7.79,7769350,61216546.0,0.559471,1.026957,1388695750.0,10929035552.5,2026-07-14
2017-12-25,sh.600151,航天机电,7.94,7.69,7.95,7.67,8120631,63284361.0,0.584767,-2.287164,1388695156.0,10679065749.640001,2026-07-14
2017-12-26,sh.600151,航天机电,7.62,7.75,7.76,7.53,5307171,40802550.0,0.382169,0.780233,1388697409.0,10762404919.75,2026-07-14
2017-12-27,sh.600151,航天机电,7.72,7.66,7.82,7.64,5121480,39554567.0,0.368798,-1.161292,1388695166.0,10637404971.56,2026-07-14
2017-12-28,sh.600151,航天机电,7.65,7.56,7.68,7.53,5072502,38519667.0,0.365271,-1.305482,1388695516.0,10498538100.96,2026-07-14
2017-12-29,sh.600151,航天机电,7.56,7.59,7.62,7.55,3653260,27717905.0,0.263071,0.396828,1388697348.0,10540212871.32,2026-07-14
2018-01-02,sh.600151,航天机电,7.63,7.62,7.66,7.55,5512642,41888450.0,0.396965,0.395253,1388697240.0,10581872968.8,2026-07-14
2018-01-03,sh.600151,航天机电,7.62,7.74,7.75,7.58,9144813,70026356.0,0.658518,1.574802,1388695981.0,10748506892.94,2026-07-14
2018-01-04,sh.600151,航天机电,7.75,7.8,7.83,7.71,9839794,76400802.0,0.708564,0.775199,1388695164.0,10831822279.199999,2026-07-14
2018-01-05,sh.600151,航天机电,7.77,7.8,7.82,7.7,7902257,61341644.0,0.569042,0.0,1388694859.0,10831819900.199999,2026-07-14
2018-01-08,sh.600151,航天机电,7.81,7.82,7.92,7.76,8369987,65570632.0,0.602723,0.25641,1388695470.0,10859598575.4,2026-07-14
2018-01-09,sh.600151,航天机电,7.83,7.86,7.87,7.73,6144579,47971007.0,0.442471,0.511509,1388696434.0,10915153971.24,2026-07-14
2018-01-10,sh.600151,航天机电,7.81,7.79,7.9,7.73,6069804,47380270.0,0.437087,-0.890587,1388694699.0,10817931705.210001,2026-07-14
2018-01-11,sh.600151,航天机电,7.77,7.78,7.81,7.65,5300068,40965488.0,0.381658,-0.128366,1388695639.0,10804052071.42,2026-07-14
2018-01-12,sh.600151,航天机电,7.74,7.66,7.82,7.63,4153481,32086034.0,0.299092,-1.542421,1388696789.0,10637417403.74,2026-07-14
2018-01-15,sh.600151,航天机电,7.66,7.42,7.67,7.37,9603294,72167092.0,0.691533,-3.133157,1388696418.0,10304127421.56,2026-07-14
2018-01-16,sh.600151,航天机电,7.44,7.43,7.49,7.36,6088883,45134397.0,0.438461,0.134768,1388694319.0,10317998790.17,2026-07-14
2018-01-17,sh.600151,航天机电,7.4,7.47,7.47,7.31,5314208,39217675.0,0.382676,0.538358,1388696443.0,10373562429.21,2026-07-14
2018-01-18,sh.600151,航天机电,7.45,7.48,7.5,7.41,3632630,27115084.0,0.261586,0.133872,1388694349.0,10387433730.52,2026-07-14
2018-01-19,sh.600151,航天机电,7.48,7.51,7.59,7.46,5892952,44434544.0,0.424352,0.401072,1388694292.0,10429094132.92,2026-07-14
2018-01-22,sh.600151,航天机电,7.52,7.53,7.58,7.36,7873847,58888444.0,0.566996,0.266311,1388695335.0,10456875872.550001,2026-07-14
2018-01-23,sh.600151,航天机电,7.51,7.53,7.54,7.41,5342471,39986149.0,0.384711,0.0,1388697230.0,10456890141.9,2026-07-14
2018-01-24,sh.600151,航天机电,7.49,7.53,7.57,7.46,4470797,33636315.0,0.321942,0.0,1388696411.0,10456883974.83,2026-07-14
2018-01-25,sh.600151,航天机电,7.5,7.55,7.7,7.5,9928119,75683475.0,0.714924,0.265604,1388695722.0,10484652701.1,2026-07-14
2018-01-26,sh.600151,航天机电,7.53,7.56,7.65,7.5,4976677,37800223.0,0.358371,0.132447,1388694119.0,10498527539.64,2026-07-14
2018-01-29,sh.600151,航天机电,7.48,7.31,7.48,7.25,11840368,86835000.0,0.852625,-3.306878,1388695851.0,10151366670.81,2026-07-14
2018-01-30,sh.600151,航天机电,7.31,7.31,7.39,7.29,4769417,34948406.0,0.343446,0.0,1388694875.0,10151359536.25,2026-07-14
2018-01-31,sh.600151,航天机电,7.3,7.05,7.3,6.98,9526804,67641347.0,0.686025,-3.556768,1388696330.0,9790309126.5,2026-07-14
2018-02-01,sh.600151,航天机电,7.07,6.35,7.07,6.35,11562100,74928519.0,0.832587,-9.929082,1388695716.0,8818217796.6,2026-07-14
2018-02-02,sh.600151,航天机电,5.75,5.72,5.98,5.72,31835693,183682485.0,2.292489,-9.921262,1388695562.0,7943338614.639999,2026-07-14
2018-02-05,sh.600151,航天机电,5.51,5.41,5.67,5.3,23913857,130308972.0,1.722037,-5.41958,1388695887.0,7512844748.67,2026-07-14
2018-02-06,sh.600151,航天机电,5.41,5.18,5.49,5.15,14890075,79734214.0,1.072235,-4.251387,1388695109.0,7193440664.62,2026-07-14
2018-02-07,sh.600151,航天机电,5.25,5.28,5.37,5.13,9858425,52061967.0,0.709905,1.930509,1388696375.0,7332316860.0,2026-07-14
2018-02-08,sh.600151,航天机电,5.32,5.39,5.41,5.27,6713309,36041174.0,0.483425,2.083327,1388697109.0,7485077417.509999,2026-07-14
2018-02-09,sh.600151,航天机电,5.31,5.21,5.34,5.15,9163887,47911531.0,0.659892,-3.339514,1388694968.0,7235100783.28,2026-07-14
2018-02-12,sh.600151,航天机电,5.22,5.3,5.36,5.22,4795647,25374563.0,0.345335,1.72745,1388694167.0,7360079085.099999,2026-07-14
2018-02-13,sh.600151,航天机电,5.33,5.4,5.49,5.28,8748417,47166383.0,0.629974,1.886791,1388694930.0,7498952622.000001,2026-07-14
2018-02-14,sh.600151,航天机电,5.39,5.39,5.41,5.3,5068470,27187165.0,0.364981,-0.185189,1388694206.0,7485061770.339999,2026-07-14
2018-02-22,sh.600151,航天机电,5.43,5.45,5.46,5.39,6629516,36007136.0,0.477392,1.113171,1388694406.0,7568384512.7,2026-07-14
2018-02-23,sh.600151,航天机电,5.46,5.44,5.53,5.39,6766701,36908380.0,0.48727,-0.183482,1388696411.0,7554508475.84,2026-07-14
2018-02-26,sh.600151,航天机电,5.42,5.7,5.78,5.42,14998307,84266929.0,1.080028,4.779407,1388696126.0,7915567918.2,2026-07-14
2018-02-27,sh.600151,航天机电,5.7,5.76,5.79,5.61,14915993,85404431.0,1.074101,1.052639,1388695570.0,7998886483.2,2026-07-14
2018-02-28,sh.600151,航天机电,5.66,5.68,5.79,5.61,11414957,65098153.0,0.821991,-1.388896,1388696105.0,7887793876.4,2026-07-14
2018-03-01,sh.600151,航天机电,5.64,5.68,5.72,5.63,7104312,40317663.0,0.511582,0.0,1388694677.0,7887785765.36,2026-07-14
2018-03-02,sh.600151,航天机电,5.68,5.74,5.78,5.63,7348283,41961478.0,0.52915,1.056337,1388695644.0,7971112996.56,2026-07-14
2018-03-05,sh.600151,航天机电,5.77,5.73,5.8,5.71,5573335,31996435.0,0.401336,-0.174212,1388695507.0,7957225255.110001,2026-07-14
2018-03-06,sh.600151,航天机电,5.72,5.81,5.82,5.72,7974377,45988434.0,0.574235,1.396159,1388695743.0,8068322266.83,2026-07-14
2018-03-07,sh.600151,航天机电,5.81,5.76,5.83,5.76,6007853,34787226.0,0.432626,-0.86058,1388694392.0,7998879697.92,2026-07-14
2018-03-08,sh.600151,航天机电,5.64,5.77,5.79,5.64,6235901,35873325.0,0.449047,0.173607,1388696729.0,8012780126.329999,2026-07-14
2018-03-09,sh.600151,航天机电,5.79,5.93,5.96,5.79,12065069,71132506.0,0.868806,2.772961,1388695405.0,8234963751.65,2026-07-14
2018-03-12,sh.600151,航天机电,5.95,6.03,6.06,5.92,10344854,62192584.0,0.744933,1.686347,1388695896.0,8373836252.88,2026-07-14
2018-03-13,sh.600151,航天机电,6.07,6.05,6.1,5.95,7872748,47461908.0,0.566917,0.331675,1388694994.0,8401604713.7,2026-07-14
2018-03-14,sh.600151,航天机电,6.02,5.99,6.03,5.95,5519919,33044054.0,0.397489,-0.991742,1388697297.0,8318296809.030001,2026-07-14
2018-03-15,sh.600151,航天机电,5.92,5.97,6.04,5.84,9037695,53853636.0,0.650805,-0.33389,1388694770.0,8290507776.9,2026-07-14
2018-03-16,sh.600151,航天机电,5.95,5.86,5.96,5.85,4396356,25899428.0,0.316582,-1.84254,1388694240.0,8137748246.400001,2026-07-14
2018-03-19,sh.600151,航天机电,5.86,5.89,5.95,5.85,5040320,29850450.0,0.362954,0.511941,1388693884.0,8179406976.759999,2026-07-14
2018-03-20,sh.600151,航天机电,5.85,5.91,5.93,5.79,3914900,22989544.0,0.281912,0.339558,1388695763.0,8207191959.33,2026-07-14
2018-03-21,sh.600151,航天机电,5.93,5.92,6.02,5.89,8212492,48989760.0,0.591382,0.169209,1388694955.0,8221074133.599999,2026-07-14
2018-03-22,sh.600151,航天机电,5.89,5.96,5.99,5.87,6767986,40146683.0,0.487363,0.675675,1388695079.0,8276622670.84,2026-07-14
2018-03-23,sh.600151,航天机电,5.8,5.63,5.95,5.55,11468998,65936768.0,0.825883,-5.536911,1388695251.0,7818354263.13,2026-07-14
2018-03-26,sh.600151,航天机电,5.42,5.76,5.78,5.38,9057231,51081169.0,0.652211,2.309061,1388696449.0,7998891546.24,2026-07-14
2018-03-27,sh.600151,航天机电,5.79,5.89,5.92,5.7,8603131,50342253.0,0.619512,2.256938,1388694811.0,8179412436.79,2026-07-14
2018-03-28,sh.600151,航天机电,5.84,5.84,5.97,5.8,7878161,46491097.0,0.567306,-0.848892,1388696929.0,8109990065.36,2026-07-14
2018-03-29,sh.600151,航天机电,5.86,5.85,5.93,5.77,7097911,41428347.0,0.511121,0.171229,1388694849.0,8123864866.65,2026-07-14
2018-03-30,sh.600151,航天机电,5.87,5.94,5.97,5.84,10190103,60308513.0,0.733789,1.538464,1388696614.0,8248857887.160001,2026-07-14
2018-04-02,sh.600151,航天机电,5.95,6.09,6.24,5.89,18688688,113661133.0,1.345773,2.525254,1388695419.0,8457155101.71,2026-07-14
2018-04-03,sh.600151,航天机电,6.0,6.09,6.14,5.95,11521132,69750205.0,0.829637,0.0,1388695538.0,8457155826.42,2026-07-14
2018-04-04,sh.600151,航天机电,6.14,6.33,6.49,6.13,28993410,183130265.0,2.087816,3.940883,1388695651.0,8790443470.83,2026-07-14
2018-04-09,sh.600151,航天机电,6.34,6.31,6.4,6.12,12684832,79313180.0,0.913435,-0.315956,1388695638.0,8762669475.779999,2026-07-14
2018-04-10,sh.600151,航天机电,6.29,6.25,6.37,6.17,9193263,57263269.0,0.662007,-0.950871,1388695739.0,8679348368.75,2026-07-14
2018-04-11,sh.600151,航天机电,6.31,6.32,6.33,6.14,10327828,64465799.0,0.743707,1.120003,1388695817.0,8776557563.44,2026-07-14
2018-04-12,sh.600151,航天机电,6.27,6.21,6.31,6.2,7723339,48253132.0,0.556158,-1.740508,1388695119.0,8623796688.99,2026-07-14
2018-04-13,sh.600151,航天机电,6.25,6.23,6.28,6.18,4516258,28137013.0,0.325216,0.322061,1388694898.0,8651569214.54,2026-07-14
2018-04-16,sh.600151,航天机电,6.22,6.3,6.35,6.2,6948979,43590465.0,0.500396,1.123598,1388695953.0,8748784503.9,2026-07-14
2018-04-17,sh.600151,航天机电,6.29,6.18,6.42,6.07,9084373,57043072.0,0.654166,-1.904768,1388695377.0,8582137429.86,2026-07-14
2018-04-18,sh.600151,航天机电,6.07,6.09,6.22,5.89,10080240,61272403.0,0.725878,-1.456306,1388696172.0,8457159687.48,2026-07-14
2018-04-19,sh.600151,航天机电,6.06,6.14,6.32,6.04,10706544,66242662.0,0.770978,0.821013,1388696435.0,8526596110.9,2026-07-14
2018-04-20,sh.600151,航天机电,6.14,6.06,6.26,6.05,8491434,52371786.0,0.611468,-1.30293,1388696383.0,8415500080.98,2026-07-14
2018-04-23,sh.600151,航天机电,6.05,5.82,6.15,5.77,11008003,65570037.0,0.792686,-3.960392,1388696533.0,8082213822.06,2026-07-14
2018-04-24,sh.600151,航天机电,5.85,5.98,6.05,5.85,11193777,67010987.0,0.806064,2.749138,1388695811.0,8304400949.780001,2026-07-14
2018-04-25,sh.600151,航天机电,6.01,6.02,6.07,5.96,8745366,52703248.0,0.629754,0.668896,1388695586.0,8359947427.719999,2026-07-14
2018-04-26,sh.600151,航天机电,6.01,5.43,6.03,5.42,27853033,155770158.0,2.005697,-9.800668,1388695950.0,7540619008.5,2026-07-14
2018-04-27,sh.600151,航天机电,5.41,5.51,5.57,5.39,14086128,77221278.0,1.014342,1.473304,1388696120.0,7651715621.2,2026-07-14
2018-05-02,sh.600151,航天机电,5.5,5.68,5.78,5.44,13031080,72990041.0,0.938368,3.085292,1388696119.0,7887793955.92,2026-07-14
2018-05-03,sh.600151,航天机电,5.58,5.67,5.72,5.58,7422702,41988523.0,0.534509,-0.176052,1388695420.0,7873903031.4,2026-07-14
2018-05-04,sh.600151,航天机电,5.68,5.65,5.73,5.59,7346940,41637542.0,0.529053,-0.352733,1388696407.0,7846134699.55,2026-07-14
2018-05-07,sh.600151,航天机电,5.68,5.71,5.73,5.62,6118952,34812902.0,0.440626,1.061946,1388695175.0,7929449449.25,2026-07-14
2018-05-08,sh.600151,航天机电,5.74,5.75,5.85,5.66,10106066,58475559.0,0.727738,0.700525,1388695657.0,7985000027.75,2026-07-14
2018-05-09,sh.600151,航天机电,5.83,5.74,5.83,5.67,7144496,40888540.0,0.514475,-0.173917,1388696438.0,7971117554.12,2026-07-14
2018-05-10,sh.600151,航天机电,5.7,5.69,5.8,5.62,6800000,38621264.0,0.489668,-0.871075,1388696014.0,7901680319.660001,2026-07-14
2018-05-11,sh.600151,航天机电,5.62,5.65,5.69,5.62,4997343,28267098.0,0.359859,-0.702987,1388694739.0,7846125275.35,2026-07-14
2018-05-14,sh.600151,航天机电,5.65,5.5,5.68,5.46,9281375,51493449.0,0.668352,-2.654869,1388695627.0,7637825948.5,2026-07-14
2018-05-15,sh.600151,航天机电,5.5,5.53,5.59,5.46,6589879,36499208.0,0.474537,0.545458,1388696561.0,7679491982.33,2026-07-14
2018-05-16,sh.600151,航天机电,5.51,5.51,5.57,5.49,6439835,35617835.0,0.463733,-0.361663,1388694572.0,7651707091.719999,2026-07-14
2018-05-17,sh.600151,航天机电,5.51,5.48,5.53,5.42,4497695,24661251.0,0.323879,-0.544468,1388696087.0,7610054556.76,2026-07-14
2018-05-18,sh.600151,航天机电,5.43,5.48,5.5,5.42,7419450,40520745.0,0.534275,0.0,1388694960.0,7610048380.8,2026-07-14
2018-05-21,sh.600151,航天机电,5.46,5.54,5.57,5.46,7054638,39010841.0,0.508005,1.094889,1388694599.0,7693368078.46,2026-07-14
2018-05-22,sh.600151,航天机电,5.52,5.48,5.55,5.42,9155352,49973392.0,0.659277,-1.083032,1388695799.0,7610052978.52,2026-07-14
2018-05-23,sh.600151,航天机电,5.46,5.46,5.51,5.42,5385514,29408095.0,0.387811,-0.364963,1388695524.0,7582277561.04,2026-07-14
2018-05-24,sh.600151,航天机电,5.42,5.4,5.46,5.37,6167199,33365985.0,0.4441,-1.0989,1388696014.0,7498958475.6,2026-07-14
2018-05-25,sh.600151,航天机电,5.39,5.28,5.4,5.19,7784222,41116060.0,0.560542,-2.22222,1388695584.0,7332312683.52,2026-07-14
2018-05-28,sh.600151,航天机电,5.25,5.12,5.27,5.1,7932482,40855940.0,0.571218,-3.030309,1388696085.0,7110123955.2,2026-07-14
2018-05-29,sh.600151,航天机电,5.11,5.1,5.15,5.07,4151733,21209200.0,0.298966,-0.390625,1388697377.0,7082356622.7,2026-07-14
2018-05-30,sh.600151,航天机电,5.02,4.77,5.02,4.76,10124879,49306736.0,0.729093,-6.470587,1388695132.0,6624075779.639999,2026-07-14
2018-05-31,sh.600151,航天机电,4.81,4.85,4.88,4.8,4927576,23875860.0,0.354835,1.677147,1388695027.0,6735170880.95,2026-07-14
2018-06-01,sh.600151,航天机电,4.85,4.89,4.94,4.82,5037431,24610125.0,0.362745,0.824742,1388697570.0,6790731117.299999,2026-07-14
2018-06-04,sh.600151,航天机电,4.85,4.89,4.93,4.84,3812329,18617227.0,0.274526,0.0,1388695060.0,6790718843.4,2026-07-14
2018-06-05,sh.600151,航天机电,4.89,4.96,4.98,4.88,4727246,23357145.0,0.340409,1.431496,1388695951.0,6887931916.96,2026-07-14
2018-06-06,sh.600151,航天机电,4.97,4.98,5.01,4.93,3576400,17814518.0,0.257537,0.403225,1388693663.0,6915694441.740001,2026-07-14
2018-06-07,sh.600151,航天机电,5.01,4.9,5.03,4.89,4243838,21014657.0,0.305599,-1.606424,1388694989.0,6804605446.1,2026-07-14
2018-06-08,sh.600151,航天机电,4.9,4.89,4.98,4.85,5667273,27911820.0,0.4081,-0.204086,1388697133.0,6790728980.37,2026-07-14
2018-06-11,sh.600151,航天机电,4.89,4.91,5.08,4.87,6171234,30727255.0,0.444391,0.408998,1388694641.0,6818490687.31,2026-07-14
2018-06-12,sh.600151,航天机电,4.92,5.12,5.15,4.91,9830716,49694266.0,0.70791,4.276987,1388695738.0,7110122178.56,2026-07-14
2018-06-13,sh.600151,航天机电,5.11,5.04,5.11,5.0,5429501,27422518.0,0.390978,-1.562499,1388697318.0,6999034482.72,2026-07-14
2018-06-14,sh.600151,航天机电,5.03,4.94,5.04,4.92,5268234,26156259.0,0.379366,-1.984125,1388694295.0,6860149817.3,2026-07-14
2018-06-15,sh.600151,航天机电,4.94,4.85,4.98,4.76,5956846,28938267.0,0.428953,-1.821865,1388694332.0,6735167510.2,2026-07-14
2018-06-19,sh.600151,航天机电,4.75,4.37,4.75,4.37,12044394,53971342.0,0.867317,-9.896908,1388695713.0,6068600265.81,2026-07-14
2018-06-20,sh.600151,航天机电,4.35,4.37,4.45,4.3,10063795,44207313.0,0.724694,0.0,1388695781.0,6068600562.97,2026-07-14
2018-06-21,sh.600151,航天机电,4.36,4.27,4.43,4.26,6916101,30053464.0,0.498029,-2.288327,1388694433.0,5929725228.91,2026-07-14
2018-06-22,sh.600151,航天机电,4.25,4.3,4.38,4.06,7185217,30470615.0,0.517408,0.702581,1388694609.0,5971386818.7,2026-07-14
2018-06-25,sh.600151,航天机电,4.32,4.2,4.41,4.14,15010545,63633255.0,1.08091,-2.32559,1388695174.0,5832519730.8,2026-07-14
2018-06-26,sh.600151,航天机电,4.15,4.14,4.19,4.11,12796819,53058915.0,0.921499,-1.42857,1388695918.0,5749201100.5199995,2026-07-14
2018-06-27,sh.600151,航天机电,4.17,4.08,4.18,4.05,8268886,34093607.0,0.595443,-1.449274,1388694804.0,5665874800.32,2026-07-14
2018-06-28,sh.600151,航天机电,4.09,3.98,4.1,3.96,11064196,44606560.0,0.796733,-2.450978,1388695586.0,5527008432.28,2026-07-14
2018-06-29,sh.600151,航天机电,3.98,4.06,4.07,3.92,14228006,56930806.0,1.024559,2.010048,1388695624.0,5638104233.44,2026-07-14
2018-07-02,sh.600151,航天机电,4.04,3.9,4.09,3.86,12741286,50692409.0,0.9175,-3.940883,1388696022.0,5415914485.8,2026-07-14
2018-07-03,sh.600151,航天机电,3.91,4.07,4.07,3.89,13855917,55435163.0,0.997765,4.358976,1388695434.0,5651990416.38,2026-07-14
2018-07-04,sh.600151,航天机电,4.03,4.01,4.06,3.99,7725464,31063612.0,0.556311,-1.4742,1388695172.0,5568667639.719999,2026-07-14
2018-07-05,sh.600151,航天机电,4.0,3.85,4.03,3.83,8780407,34501069.0,0.632277,-3.990033,1388696252.0,5346480570.2,2026-07-14
2018-07-06,sh.600151,航天机电,3.85,3.95,3.99,3.8,9298140,36554718.0,0.669559,2.597406,1388696142.0,5485349760.900001,2026-07-14
2018-07-09,sh.600151,航天机电,3.98,3.98,3.99,3.93,10512612,41592334.0,0.757013,0.759493,1388696363.0,5527011524.74,2026-07-14
2018-07-10,sh.600151,航天机电,3.99,4.0,4.03,3.95,7375802,29418755.0,0.531132,0.502512,1388694712.0,5554778848.0,2026-07-14
2018-07-11,sh.600151,航天机电,3.97,3.85,3.97,3.8,9405067,36334749.0,0.677259,-3.750002,1388695757.0,5346478664.45,2026-07-14
2018-07-12,sh.600151,航天机电,3.85,3.93,3.96,3.84,7250668,28443785.0,0.522121,2.077926,1388694958.0,5457571184.940001,2026-07-14
2018-07-13,sh.600151,航天机电,3.98,3.96,3.98,3.93,5701994,22536921.0,0.410601,0.763358,1388694621.0,5499230699.16,2026-07-14
2018-07-16,sh.600151,航天机电,3.96,3.97,4.0,3.92,5612361,22216965.0,0.404146,0.252525,1388696412.0,5513124755.64,2026-07-14
2018-07-17,sh.600151,航天机电,3.97,3.99,4.0,3.92,5737503,22638877.0,0.413158,0.503778,1388694640.0,5540891613.6,2026-07-14
2018-07-18,sh.600151,航天机电,3.98,4.01,4.07,3.96,9257960,37227354.0,0.666666,0.501259,1388695389.0,5568668509.889999,2026-07-14
2018-07-19,sh.600151,航天机电,4.0,3.96,4.01,3.93,6263399,24801677.0,0.451027,-1.246887,1388697129.0,5499240630.84,2026-07-14
2018-07-20,sh.600151,航天机电,3.92,3.99,4.0,3.89,10622674,41892012.0,0.764939,0.757575,1388695569.0,5540895320.31,2026-07-14
2018-07-23,sh.600151,航天机电,3.99,4.01,4.12,3.95,17427798,70669417.0,1.254976,0.501259,1388695720.0,5568669837.2,2026-07-14
2018-07-24,sh.600151,航天机电,4.03,4.13,4.14,3.99,25623259,104257477.0,1.845131,2.992516,1388695925.0,5735314170.25,2026-07-14
2018-07-25,sh.600151,航天机电,4.11,4.18,4.21,4.08,17317174,71993251.0,1.24701,1.210647,1388695680.0,5804747942.4,2026-07-14
2018-07-26,sh.600151,航天机电,4.19,4.35,4.38,4.14,20779594,88322180.0,1.496339,4.066988,1388695610.0,6040825903.499999,2026-07-14
2018-07-27,sh.600151,航天机电,4.32,4.25,4.33,4.21,16338843,69631468.0,1.17656,-2.298849,1388696114.0,5901958484.5,2026-07-14
2018-07-30,sh.600151,航天机电,4.25,4.17,4.26,4.11,13239101,55118317.0,0.953348,-1.882351,1388695524.0,5790860335.08,2026-07-14
2018-07-31,sh.600151,航天机电,4.15,4.17,4.21,4.1,8354650,34679990.0,0.601618,0.0,1388696814.0,5790865714.38,2026-07-14
2018-08-01,sh.600151,航天机电,4.16,4.05,4.25,4.04,11220912,46585436.0,0.808018,-2.877695,1388695796.0,5624217973.8,2026-07-14
2018-08-02,sh.600151,航天机电,4.05,3.9,4.06,3.81,15225385,59324070.0,1.09638,-3.703706,1388695981.0,5415914325.9,2026-07-14
2018-08-03,sh.600151,航天机电,3.9,3.88,3.97,3.85,7672734,30092025.0,0.552514,-0.51282,1388694947.0,5388136394.36,2026-07-14
2018-08-06,sh.600151,航天机电,3.89,3.91,3.95,3.86,6879908,26904756.0,0.495422,0.773195,1388696505.0,5429803334.55,2026-07-14
2018-08-07,sh.600151,航天机电,3.96,3.99,3.99,3.88,7492026,29558682.0,0.539501,2.046034,1388695480.0,5540894965.200001,2026-07-14
2018-08-08,sh.600151,航天机电,3.99,3.92,4.01,3.91,8007276,31741116.0,0.576604,-1.754384,1388695881.0,5443687853.5199995,2026-07-14
2018-08-09,sh.600151,航天机电,3.95,4.01,4.02,3.9,9249938,36939701.0,0.666088,2.295922,1388696088.0,5568671312.88,2026-07-14
2018-08-10,sh.600151,航天机电,4.02,3.98,4.05,3.92,9528450,37872494.0,0.686144,-0.748135,1388695376.0,5527007596.48,2026-07-14
2018-08-13,sh.600151,航天机电,3.94,3.97,4.0,3.87,8548516,33646836.0,0.615579,-0.251256,1388695196.0,5513119928.12,2026-07-14
2018-08-14,sh.600151,航天机电,3.98,3.98,4.0,3.95,6411685,25488573.0,0.461706,0.251889,1388694321.0,5527003397.58,2026-07-14
2018-08-15,sh.600151,航天机电,3.97,3.9,4.0,3.89,6897900,27166534.0,0.496718,-2.010048,1388695397.0,5415912048.3,2026-07-14
2018-08-16,sh.600151,航天机电,3.86,3.9,3.94,3.8,7513726,29217715.0,0.541064,0.0,1388694498.0,5415908542.2,2026-07-14
2018-08-17,sh.600151,航天机电,3.92,3.85,3.94,3.83,6412425,24867852.0,0.461759,-1.282056,1388695185.0,5346476462.25,2026-07-14
2018-08-20,sh.600151,航天机电,3.84,3.88,3.9,3.82,5966810,23049984.0,0.42967,0.779226,1388695976.0,5388140386.88,2026-07-14
2018-08-21,sh.600151,航天机电,3.97,4.27,4.27,3.96,20495005,85914397.0,1.475846,10.05154,1388695365.0,5929729208.549999,2026-07-14
2018-08-22,sh.600151,航天机电,4.39,4.43,4.7,4.27,75148100,335064449.0,5.411416,3.747069,1388695676.0,6151921844.679999,2026-07-14
2018-08-23,sh.600151,航天机电,4.27,4.28,4.37,4.22,38408164,164972795.0,2.765772,-3.385996,1388695959.0,5943618704.52,2026-07-14
2018-08-24,sh.600151,航天机电,4.23,4.14,4.33,4.12,26764927,112769128.0,1.927343,-3.271036,1388695577.0,5749199688.78,2026-07-14
2018-08-27,sh.600151,航天机电,4.15,4.24,4.29,4.11,22841113,96653285.0,1.644789,2.415457,1388695632.0,5888069479.68,2026-07-14
2018-08-28,sh.600151,航天机电,4.22,4.31,4.34,4.18,22416499,95880604.0,1.614212,1.650948,1388696094.0,5985280165.139999,2026-07-14
2018-08-29,sh.600151,航天机电,4.29,4.33,4.34,4.23,21637708,92885087.0,1.558132,0.464037,1388695438.0,6013051246.54,2026-07-14
2018-08-30,sh.600151,航天机电,4.35,4.16,4.37,4.15,15302600,64818667.0,1.10194,-3.926099,1388696299.0,5776976603.84,2026-07-14
2018-08-31,sh.600151,航天机电,4.19,4.16,4.24,4.14,8898738,37285799.0,0.640798,0.0,1388696282.0,5776976533.12,2026-07-14
2018-09-03,sh.600151,航天机电,4.16,4.2,4.21,4.08,9782128,40509239.0,0.704411,0.961538,1388696088.0,5832523569.6,2026-07-14
2018-09-04,sh.600151,航天机电,4.17,4.25,4.3,4.15,15511133,65873221.0,1.116957,1.190481,1388695626.0,5901956410.5,2026-07-14
2018-09-05,sh.600151,航天机电,4.23,4.2,4.27,4.18,9864646,41549846.0,0.710353,-1.176475,1388696324.0,5832524560.8,2026-07-14
2018-09-06,sh.600151,航天机电,4.19,4.29,4.4,4.15,19136125,82199807.0,1.377993,2.142861,1388695371.0,5957503141.59,2026-07-14
2018-09-07,sh.600151,航天机电,4.25,4.28,4.31,4.18,13829011,58686692.0,0.995827,-0.233095,1388696129.0,5943619432.12,2026-07-14
2018-09-10,sh.600151,航天机电,4.27,4.21,4.28,4.18,6338501,26729186.0,0.456436,-1.635518,1388694362.0,5846403264.0199995,2026-07-14
2018-09-11,sh.600151,航天机电,4.21,4.24,4.27,4.13,7871828,33091138.0,0.56685,0.712583,1388696833.0,5888074571.92,2026-07-14
2018-09-12,sh.600151,航天机电,4.23,4.3,4.31,4.2,11306508,48334200.0,0.814182,1.415104,1388695402.0,5971390228.599999,2026-07-14
2018-09-13,sh.600151,航天机电,4.29,4.33,4.34,4.24,12319013,52922554.0,0.887092,0.697668,1388696212.0,6013054597.96,2026-07-14
2018-09-14,sh.600151,航天机电,4.33,4.23,4.33,4.21,9575300,40875478.0,0.689517,-2.309467,1388696725.0,5874187146.750001,2026-07-14
2018-09-17,sh.600151,航天机电,4.21,4.12,4.22,4.12,8516171,35404785.0,0.61325,-2.600476,1388694823.0,5721422670.76,2026-07-14
2018-09-18,sh.600151,航天机电,4.12,4.19,4.19,4.11,6512194,27048194.0,0.468943,1.699033,1388696281.0,5818637417.39,2026-07-14
2018-09-19,sh.600151,航天机电,4.19,4.23,4.28,4.16,8801146,37288602.0,0.633771,0.954653,1388694970.0,5874179723.1,2026-07-14
2018-09-20,sh.600151,航天机电,4.22,4.19,4.25,4.17,6286400,26447416.0,0.452684,-0.945626,1388694984.0,5818631982.960001,2026-07-14
2018-09-21,sh.600151,航天机电,4.2,4.24,4.24,4.16,7372746,31056572.0,0.530912,1.193311,1388694548.0,5888064883.52,2026-07-14
2018-09-25,sh.600151,航天机电,4.21,4.22,4.28,4.19,6105356,25838285.0,0.439647,-0.471698,1388695021.0,5860292988.62,2026-07-14
2018-09-26,sh.600151,航天机电,4.22,4.29,4.35,4.19,15985661,68504971.0,1.151128,1.658772,1388695349.0,5957503047.21,2026-07-14
2018-09-27,sh.600151,航天机电,4.29,4.21,4.32,4.17,12371029,52401356.0,0.890838,-1.8648,1388695700.0,5846408897.0,2026-07-14
2018-09-28,sh.600151,航天机电,4.23,4.21,4.24,4.15,7574250,31738945.0,0.545422,0.0,1388695359.0,5846407461.39,2026-07-14
2018-10-08,sh.600151,航天机电,4.12,4.14,4.21,4.1,7481991,31154330.0,0.538778,-1.662712,1388696458.0,5749203336.12,2026-07-14
2018-10-09,sh.600151,航天机电,4.13,4.1,4.19,4.06,7352054,30304922.0,0.529422,-0.966183,1388694463.0,5693647298.299999,2026-07-14
2018-10-10,sh.600151,航天机电,4.1,4.21,4.23,4.1,13165878,55163357.0,0.948075,2.68293,1388695831.0,5846409448.51,2026-07-14
2018-10-11,sh.600151,航天机电,4.11,3.88,4.15,3.8,14152394,56255474.0,1.019114,-7.838478,1388695867.0,5388139963.96,2026-07-14
2018-10-12,sh.600151,航天机电,3.88,3.81,3.88,3.56,11899143,44564414.0,0.856857,-1.804128,1388696480.0,5290933588.8,2026-07-14
2018-10-15,sh.600151,航天机电,3.81,3.71,3.87,3.7,5141207,19442096.0,0.370218,-2.62467,1388697200.0,5152066612.0,2026-07-14
2018-10-16,sh.600151,航天机电,3.72,3.66,3.77,3.56,5789500,21243153.0,0.416902,-1.347708,1388695665.0,5082626133.900001,2026-07-14
2018-10-17,sh.600151,航天机电,3.69,3.71,3.78,3.57,5622266,20726108.0,0.404859,1.366119,1388697300.0,5152066983.0,2026-07-14
2018-10-18,sh.600151,航天机电,3.68,3.6,3.69,3.56,4792360,17355997.0,0.345098,-2.964963,1388695385.0,4999303386.0,2026-07-14
2018-10-19,sh.600151,航天机电,3.53,3.66,3.68,3.51,5722602,20612897.0,0.412085,1.666672,1388694565.0,5082622107.900001,2026-07-14
2018-10-22,sh.600151,航天机电,3.68,3.85,3.88,3.68,9715475,37004763.0,0.699611,5.191252,1388696719.0,5346482368.150001,2026-07-14
2018-10-23,sh.600151,航天机电,3.86,3.76,3.89,3.73,6916182,26347576.0,0.498034,-2.33766,1388696756.0,5221499802.559999,2026-07-14
2018-10-24,sh.600151,航天机电,3.73,3.8,3.85,3.73,4154143,15783022.0,0.29914,1.063829,1388695260.0,5277041988.0,2026-07-14
2018-10-25,sh.600151,航天机电,3.7,3.85,3.89,3.66,6360810,23914214.0,0.458042,1.315788,1388695796.0,5346478814.6,2026-07-14
2018-10-26,sh.600151,航天机电,3.87,3.9,4.03,3.84,9269184,36411053.0,0.667474,1.298706,1388695889.0,5415913967.099999,2026-07-14
2018-10-29,sh.600151,航天机电,3.87,3.81,3.9,3.76,7039229,26836379.0,0.506895,-2.307696,1388695686.0,5290930563.66,2026-07-14
2018-10-30,sh.600151,航天机电,3.79,3.84,3.9,3.76,5039592,19362328.0,0.362901,0.787401,1388696091.0,5332592989.44,2026-07-14
2018-10-31,sh.600151,航天机电,3.84,3.89,3.94,3.84,5750154,22439024.0,0.414069,1.302088,1388694638.0,5402022141.820001,2026-07-14
2018-11-01,sh.600151,航天机电,3.89,3.95,4.01,3.89,11776704,46571802.0,0.848041,1.542415,1388695122.0,5485345731.900001,2026-07-14
2018-11-02,sh.600151,航天机电,3.98,4.0,4.05,3.93,9743930,38792220.0,0.701661,1.265822,1388694826.0,5554779304.0,2026-07-14
2018-11-05,sh.600151,航天机电,4.0,4.0,4.03,3.95,8525211,33987405.0,0.613901,0.0,1388694757.0,5554779028.0,2026-07-14
2018-11-06,sh.600151,航天机电,4.01,4.0,4.01,3.94,5758605,22875683.0,0.414677,0.0,1388696504.0,5554786016.0,2026-07-14
2018-11-07,sh.600151,航天机电,4.01,3.95,4.03,3.94,6098151,24334531.0,0.439128,-1.249999,1388695551.0,5485347426.45,2026-07-14
2018-11-08,sh.600151,航天机电,3.98,3.97,4.0,3.94,6284907,24956196.0,0.452576,0.506329,1388696484.0,5513125041.4800005,2026-07-14
2018-11-09,sh.600151,航天机电,3.96,3.93,3.99,3.92,5498480,21747753.0,0.395946,-1.007556,1388694418.0,5457569062.74,2026-07-14
2018-11-12,sh.600151,航天机电,3.99,4.11,4.13,3.99,18341106,74785039.0,1.320743,4.580154,1388696060.0,5707540806.6,2026-07-14
2018-11-13,sh.600151,航天机电,4.06,4.22,4.26,4.05,16164099,68170360.0,1.163977,2.676391,1388695739.0,5860296018.58,2026-07-14
2018-11-14,sh.600151,航天机电,4.2,4.25,4.32,4.19,10794323,45944336.0,0.777299,0.710905,1388696370.0,5901959572.5,2026-07-14
2018-11-15,sh.600151,航天机电,4.27,4.3,4.33,4.17,12685603,54091625.0,0.91349,1.176475,1388696428.0,5971394640.4,2026-07-14
2018-11-16,sh.600151,航天机电,4.32,4.33,4.37,4.28,13648309,59158852.0,0.982815,0.697668,1388695634.0,6013052095.22,2026-07-14
2018-11-19,sh.600151,航天机电,4.29,4.35,4.37,4.29,11428363,49391962.0,0.822957,0.461893,1388695035.0,6040823402.249999,2026-07-14
2018-11-20,sh.600151,航天机电,4.33,4.22,4.41,4.21,19367755,83881636.0,1.394672,-2.988508,1388696052.0,5860297339.44,2026-07-14
2018-11-21,sh.600151,航天机电,4.2,4.53,4.64,4.2,39375648,177898454.0,2.835441,7.345982,1388695727.0,6290791643.31,2026-07-14
2018-11-22,sh.600151,航天机电,4.51,4.59,4.78,4.45,31553218,146223288.0,2.272148,1.324502,1388695543.0,6374112542.37,2026-07-14
2018-11-23,sh.600151,航天机电,4.54,4.37,4.69,4.37,25702722,115828085.0,1.850853,-4.793034,1388696023.0,6068601620.51,2026-07-14
2018-11-26,sh.600151,航天机电,4.44,4.29,4.47,4.25,16450254,71204844.0,1.184583,-1.830662,1388695769.0,5957504849.01,2026-07-14
2018-11-27,sh.600151,航天机电,4.32,4.24,4.41,4.23,13460477,57831600.0,0.969289,-1.165506,1388695941.0,5888070789.84,2026-07-14
2018-11-28,sh.600151,航天机电,4.26,4.32,4.35,4.21,11452084,49216312.0,0.824665,1.886802,1388695288.0,5999163644.160001,2026-07-14
2018-11-29,sh.600151,航天机电,4.34,4.26,4.43,4.26,10983865,47825545.0,0.790948,-1.388888,1388696223.0,5915845909.98,2026-07-14
2018-11-30,sh.600151,航天机电,4.24,4.23,4.25,4.13,9687724,40679294.0,0.697613,-0.70423,1388696025.0,5874184185.750001,2026-07-14
2018-12-03,sh.600151,航天机电,4.32,4.36,4.41,4.27,12526091,54433342.0,0.902004,3.073289,1388695726.0,6054713365.360001,2026-07-14
2018-12-04,sh.600151,航天机电,4.37,4.52,4.57,4.33,22027598,99015668.0,1.586208,3.669721,1388695430.0,6276903343.599999,2026-07-14
2018-12-05,sh.600151,航天机电,4.4,4.42,4.49,4.38,11972175,53094596.0,0.862117,-2.212387,1388694922.0,6138031555.24,2026-07-14
2018-12-06,sh.600151,航天机电,4.38,4.32,4.51,4.29,12505490,54933424.0,0.900521,-2.262441,1388694989.0,5999162352.4800005,2026-07-14
2018-12-07,sh.600151,航天机电,4.33,4.42,4.45,4.32,9255831,40549167.0,0.666513,2.314812,1388694744.0,6138030768.48,2026-07-14
2018-12-10,sh.600151,航天机电,4.36,4.22,4.48,4.19,15089227,64355923.0,1.086575,-4.524893,1388696316.0,5860298453.5199995,2026-07-14
2018-12-11,sh.600151,航天机电,4.26,4.23,4.27,4.13,8262700,34691538.0,0.594997,0.236972,1388696077.0,5874184405.710001,2026-07-14
2018-12-12,sh.600151,航天机电,4.24,4.24,4.28,4.17,7939781,33572348.0,0.571744,0.236401,1388695115.0,5888067287.6,2026-07-14
2018-12-13,sh.600151,航天机电,4.24,4.25,4.29,4.17,7831001,33250733.0,0.56391,0.235854,1388696955.0,5901962058.75,2026-07-14
2018-12-14,sh.600151,航天机电,4.23,4.07,4.29,4.0,15506568,64255750.0,1.116628,-4.23529,1388695967.0,5651992585.690001,2026-07-14
2018-12-17,sh.600151,航天机电,4.01,4.11,4.15,4.01,8149694,33284789.0,0.58686,0.9828,1388694748.0,5707535414.280001,2026-07-14
2018-12-18,sh.600151,航天机电,4.08,4.04,4.12,3.96,6965452,28072703.0,0.501582,-1.703167,1388696564.0,5610334118.56,2026-07-14
2018-12-19,sh.600151,航天机电,4.07,3.96,4.07,3.95,5591768,22348868.0,0.402663,-1.980196,1388696751.0,5499239133.96,2026-07-14
2018-12-20,sh.600151,航天机电,3.98,3.96,4.01,3.91,8186167,32356108.0,0.589486,0.0,1388695745.0,5499235150.2,2026-07-14
2018-12-21,sh.600151,航天机电,3.92,3.95,3.95,3.88,5504201,21594200.0,0.396358,-0.252525,1388694312.0,5485342532.400001,2026-07-14
2018-12-24,sh.600151,航天机电,3.94,3.97,4.01,3.92,5464346,21644430.0,0.393488,0.506329,1388694446.0,5513116950.62,2026-07-14
2018-12-25,sh.600151,航天机电,3.92,3.92,3.95,3.74,11691984,44887980.0,0.84194,-1.259445,1388695632.0,5443686877.44,2026-07-14
2018-12-26,sh.600151,航天机电,3.87,3.94,3.96,3.87,5826281,22823786.0,0.419551,0.510204,1388694342.0,5471455707.48,2026-07-14
2018-12-27,sh.600151,航天机电,3.98,3.87,4.01,3.87,5076500,20032225.0,0.365559,-1.776654,1388695122.0,5374250122.14,2026-07-14
2018-12-28,sh.600151,航天机电,4.08,3.96,4.25,3.89,11237512,45371685.0,0.809213,2.325585,1388696425.0,5499237843.0,2026-07-14
2019-01-02,sh.600151,航天机电,3.96,3.99,4.03,3.96,7263774,29031100.0,0.523064,0.757575,1388696985.0,5540900970.150001,2026-07-14
2019-01-03,sh.600151,航天机电,3.96,4.18,4.34,3.96,23507290,98458646.0,1.69276,4.7619,1388695976.0,5804749179.679999,2026-07-14
2019-01-04,sh.600151,航天机电,4.14,4.28,4.33,4.11,23427176,99013838.0,1.686991,2.392354,1388695968.0,5943618743.04,2026-07-14
2019-01-07,sh.600151,航天机电,4.31,4.63,4.7,4.24,42900692,195053755.0,3.089279,8.177567,1388695938.0,6429662192.94,2026-07-14
2019-01-08,sh.600151,航天机电,4.57,4.41,4.58,4.37,31845018,141276049.0,2.29316,-4.751626,1388695861.0,6124148747.01,2026-07-14
2019-01-09,sh.600151,航天机电,4.43,4.38,4.53,4.34,23038894,102462507.0,1.659031,-0.680266,1388695811.0,6082487652.18,2026-07-14
2019-01-10,sh.600151,航天机电,4.38,4.34,4.41,4.3,13067793,56915323.0,0.941012,-0.913241,1388695681.0,6026939255.54,2026-07-14
2019-01-11,sh.600151,航天机电,4.31,4.35,4.4,4.31,13525508,58870985.0,0.973972,0.230409,1388695774.0,6040826616.9,2026-07-14
2019-01-14,sh.600151,航天机电,4.39,4.33,4.4,4.28,13769270,59569712.0,0.991525,-0.45977,1388696200.0,6013054546.0,2026-07-14
2019-01-15,sh.600151,航天机电,4.33,4.34,4.34,4.19,14350824,61277467.0,1.033403,0.230952,1388695794.0,6026939745.96,2026-07-14
2019-01-16,sh.600151,航天机电,4.32,4.23,4.32,4.22,9880560,42111676.0,0.711499,-2.534565,1388696260.0,5874185179.8,2026-07-14
2019-01-17,sh.600151,航天机电,4.21,4.23,4.27,4.19,10121186,42794459.0,0.728827,0.0,1388695260.0,5874180949.8,2026-07-14
2019-01-18,sh.600151,航天机电,4.25,4.27,4.3,4.21,9496554,40331139.0,0.683847,0.945626,1388695717.0,5929730711.589999,2026-07-14
2019-01-21,sh.600151,航天机电,4.27,4.2,4.29,4.17,15536264,65484040.0,1.118767,-1.639348,1388695233.0,5832519978.6,2026-07-14
2019-01-22,sh.600151,航天机电,4.2,4.0,4.2,3.99,23790025,96978271.0,1.71312,-4.7619,1388695771.0,5554783084.0,2026-07-14
2019-01-23,sh.600151,航天机电,4.01,3.96,4.04,3.9,22570843,89357206.0,1.625327,-0.999999,1388695506.0,5499234203.76,2026-07-14
2019-01-24,sh.600151,航天机电,3.97,4.0,4.03,3.91,12609381,50167328.0,0.908002,1.0101,1388695289.0,5554781156.0,2026-07-14
2019-01-25,sh.600151,航天机电,3.99,3.94,4.0,3.93,13117155,52043956.0,0.944567,-1.499999,1388695032.0,5471458426.08,2026-07-14
2019-01-28,sh.600151,航天机电,3.97,3.97,4.09,3.94,13383667,53555544.0,0.963758,0.761421,1388695814.0,5513122381.58,2026-07-14
2019-01-29,sh.600151,航天机电,3.97,3.9,3.97,3.76,14689808,56768739.0,1.057813,-1.763223,1388696112.0,5415914836.8,2026-07-14
2019-01-30,sh.600151,航天机电,3.87,3.82,3.92,3.82,10949437,42309913.0,0.788469,-2.051286,1388695941.0,5304818494.62,2026-07-14
2019-01-31,sh.600151,航天机电,3.87,3.92,3.96,3.87,14899893,58334537.0,1.072942,2.617805,1388695102.0,5443684799.84,2026-07-14
2019-02-01,sh.600151,航天机电,3.91,4.06,4.06,3.91,14622196,58709118.0,1.052945,3.571425,1388695136.0,5638102252.16,2026-07-14
2019-02-11,sh.600151,航天机电,4.06,4.13,4.13,4.03,13333778,54665937.0,0.960166,1.724142,1388695080.0,5735310680.4,2026-07-14
2019-02-12,sh.600151,航天机电,4.13,4.16,4.2,4.1,16847555,69923745.0,1.213193,0.726386,1388695368.0,5776972730.88,2026-07-14
2019-02-13,sh.600151,航天机电,4.17,4.24,4.26,4.13,26348959,110261288.0,1.897389,1.923075,1388695676.0,5888069666.240001,2026-07-14
2019-02-14,sh.600151,航天机电,4.22,4.21,4.26,4.16,23329850,97926509.0,1.679983,-0.707541,1388695600.0,5846408476.0,2026-07-14
2019-02-15,sh.600151,航天机电,4.19,4.22,4.37,4.18,24112881,103090909.0,1.736369,0.237524,1388695663.0,5860295697.86,2026-07-14
2019-02-18,sh.600151,航天机电,4.25,4.38,4.38,4.24,27432301,118518056.0,1.9754,3.791477,1388696011.0,6082488528.18,2026-07-14
2019-02-19,sh.600151,航天机电,4.38,4.48,4.48,4.29,31018672,135793703.0,2.233655,2.283103,1388695748.0,6221356951.040001,2026-07-14
2019-02-20,sh.600151,航天机电,4.45,4.41,4.49,4.36,26645688,117703878.0,1.918756,-1.562504,1388696009.0,6124149399.690001,2026-07-14
2019-02-21,sh.600151,航天机电,4.42,4.36,4.54,4.3,43507589,193200038.0,3.132982,-1.13378,1388695786.0,6054713626.96,2026-07-14
2019-02-22,sh.600151,航天机电,4.35,4.8,4.8,4.33,40477321,187617013.0,2.914772,10.09174,1388695960.0,6665740608.0,2026-07-14
2019-02-25,sh.600151,航天机电,5.22,5.28,5.28,5.03,140475825,734009115.0,10.115666,10.0,1388695762.0,7332313623.360001,2026-07-14
2019-02-26,sh.600151,航天机电,5.3,5.22,5.37,5.08,97450216,511626416.0,7.017392,-1.136371,1388695629.0,7248991183.38,2026-07-14
2019-02-27,sh.600151,航天机电,5.18,5.34,5.66,5.12,88963515,480808375.0,6.406264,2.298858,1388695736.0,7415635230.24,2026-07-14
2019-02-28,sh.600151,航天机电,5.37,5.37,5.54,5.19,55201161,293568801.0,3.975036,0.561793,1388695876.0,7457296854.12,2026-07-14
2019-03-01,sh.600151,航天机电,5.37,5.32,5.38,5.2,40175956,212488491.0,2.893071,-0.931093,1388695818.0,7387861751.76,2026-07-14
2019-03-04,sh.600151,航天机电,5.53,5.43,5.61,5.32,54678338,297906992.0,3.937388,2.067662,1388695704.0,7540617672.719999,2026-07-14
2019-03-05,sh.600151,航天机电,5.4,5.62,5.65,5.31,56696851,309745701.0,4.082741,3.49908,1388695756.0,7804470148.72,2026-07-14
2019-03-06,sh.600151,航天机电,5.58,5.61,5.65,5.46,52022574,288794072.0,3.746146,-0.177931,1388695849.0,7790583712.89,2026-07-14
2019-03-07,sh.600151,航天机电,5.58,5.69,5.96,5.48,55496441,316756781.0,3.9963,1.426023,1388695568.0,7901677781.92,2026-07-14
2019-03-08,sh.600151,航天机电,5.55,5.28,5.66,5.28,54455171,298482792.0,3.921318,-7.205621,1388695612.0,7332312831.360001,2026-07-14
2019-03-11,sh.600151,航天机电,5.27,5.54,5.55,5.26,39515355,215715247.0,2.845501,4.924237,1388695875.0,7693375147.5,2026-07-14
2019-03-12,sh.600151,航天机电,5.56,5.75,5.91,5.48,70486002,400307290.0,5.075698,3.790614,1388695742.0,7985000516.5,2026-07-14
2019-03-13,sh.600151,航天机电,5.76,5.68,6.04,5.64,69665244,406930185.0,5.016595,-1.217394,1388695799.0,7887792138.32,2026-07-14
2019-03-14,sh.600151,航天机电,5.55,5.53,5.68,5.29,40716598,223645670.0,2.932003,-2.640838,1388695646.0,7679486922.38,2026-07-14
2019-03-15,sh.600151,航天机电,5.65,5.58,5.68,5.5,30627341,170600685.0,2.205475,0.904154,1388695905.0,7748923149.900001,2026-07-14
2019-03-18,sh.600151,航天机电,5.62,5.62,5.67,5.47,24739058,137696228.0,1.78146,0.716845,1388695677.0,7804469704.74,2026-07-14
2019-03-19,sh.600151,航天机电,5.62,5.72,5.83,5.59,33420316,191329442.0,2.406597,1.779358,1388695989.0,7943341057.08,2026-07-14
2019-03-20,sh.600151,航天机电,5.75,6.17,6.29,5.65,73567972,438742912.0,5.297631,7.867138,1388695664.0,8568252246.88,2026-07-14
2019-03-21,sh.600151,航天机电,6.06,6.07,6.27,5.96,55947403,341608418.0,4.028773,-1.620744,1388695839.0,8429383742.7300005,2026-07-14
2019-03-22,sh.600151,航天机电,6.07,6.32,6.57,6.01,58165960,368156070.0,4.188532,4.118616,1388695610.0,8776556255.2,2026-07-14
2019-03-25,sh.600151,航天机电,6.3,6.68,6.95,6.25,97682783,661347972.0,7.034139,5.696197,1388695660.0,9276487008.8,2026-07-14
2019-03-26,sh.600151,航天机电,6.72,6.17,6.79,6.13,71702580,460102417.0,5.163304,-7.634727,1388695688.0,8568252394.96,2026-07-14
2019-03-27,sh.600151,航天机电,6.25,6.15,6.3,5.86,32680423,199042004.0,2.353318,-0.324149,1388695578.0,8540477804.700001,2026-07-14
2019-03-28,sh.600151,航天机电,6.27,6.03,6.6,6.0,46975381,297138627.0,3.382698,-1.951218,1388695680.0,8373834950.400001,2026-07-14
2019-03-29,sh.600151,航天机电,6.09,6.51,6.59,6.09,63070235,403544140.0,4.541689,7.960199,1388695593.0,9040408310.43,2026-07-14
2019-04-01,sh.600151,航天机电,6.68,6.83,6.95,6.61,57020648,387655097.0,4.106058,4.91551,1388695630.0,9484791152.9,2026-07-14
2019-04-02,sh.600151,航天机电,6.92,6.8,7.08,6.71,54401365,374927696.0,3.917443,-0.439235,1388695764.0,9443131195.199999,2026-07-14
2019-04-03,sh.600151,航天机电,6.62,6.78,6.86,6.62,34693052,233351381.0,2.498247,-0.294117,1388695834.0,9415357754.52,2026-07-14
2019-04-04,sh.600151,航天机电,6.82,6.66,6.86,6.61,35987010,240704894.0,2.591425,-1.769917,1388695795.0,9248713994.7,2026-07-14
2019-04-08,sh.600151,航天机电,6.74,6.72,6.82,6.53,36710969,245428659.0,2.643557,0.9009,1388695950.0,9332036784.0,2026-07-14
2019-04-09,sh.600151,航天机电,6.66,6.85,6.94,6.63,41137177,279542265.0,2.962289,1.934526,1388695600.0,9512564860.0,2026-07-14
2019-04-10,sh.600151,航天机电,6.77,6.91,6.95,6.71,32607011,224014800.0,2.348031,0.875912,1388695933.0,9595888897.03,2026-07-14
2019-04-11,sh.600151,航天机电,6.95,6.6,6.96,6.57,31304553,210965146.0,2.254241,-4.486251,1388695929.0,9165393131.4,2026-07-14
2019-04-12,sh.600151,航天机电,6.57,6.68,6.77,6.54,23001871,153412740.0,1.656365,1.21212,1388695789.0,9276487870.52,2026-07-14
2019-04-15,sh.600151,航天机电,6.76,6.6,6.83,6.59,24141863,162366284.0,1.738456,-1.197604,1388695659.0,9165391349.4,2026-07-14
2019-04-16,sh.600151,航天机电,6.59,6.59,6.63,6.34,28246151,183402309.0,2.034006,-0.151511,1388695559.0,9151503733.81,2026-07-14
2019-04-17,sh.600151,航天机电,6.56,6.63,6.73,6.54,22777431,150881465.0,1.640203,0.60698,1388695850.0,9207053485.5,2026-07-14
2019-04-18,sh.600151,航天机电,6.67,6.7,6.8,6.55,23558075,157592424.0,1.696417,1.055802,1388695999.0,9304263193.300001,2026-07-14
2019-04-19,sh.600151,航天机电,6.69,6.64,6.7,6.5,18117542,119457883.0,1.304644,-0.895522,1388696227.0,9220942947.279999,2026-07-14
2019-04-22,sh.600151,航天机电,6.68,6.64,6.76,6.6,22953372,153261033.0,1.652873,0.0,1388695441.0,9220937728.24,2026-07-14
2019-04-23,sh.600151,航天机电,6.64,6.34,6.66,6.32,23470071,150823027.0,1.69008,-4.518068,1388695861.0,8804331758.74,2026-07-14
2019-04-24,sh.600151,航天机电,6.33,6.49,6.53,6.11,26201359,166433958.0,1.88676,2.365925,1388695913.0,9012636475.37,2026-07-14
2019-04-25,sh.600151,航天机电,6.45,6.33,6.62,6.26,25269611,164145976.0,1.819665,-2.465329,1388695776.0,8790444262.08,2026-07-14
2019-04-26,sh.600151,航天机电,6.14,6.02,6.23,5.96,25172741,153651702.0,1.812689,-4.897314,1388696075.0,8359950371.499999,2026-07-14
2019-04-29,sh.600151,航天机电,6.02,5.69,6.07,5.66,24056435,139963056.0,1.732304,-5.481726,1388695922.0,7901679796.18,2026-07-14
2019-04-30,sh.600151,航天机电,5.76,5.77,5.84,5.67,13228876,76221432.0,0.952612,1.405974,1388695083.0,8012770628.91,2026-07-14
2019-05-06,sh.600151,航天机电,5.59,5.19,5.63,5.19,24607081,131781780.0,1.771956,-10.05199,1388695938.0,7207331918.22,2026-07-14
2019-05-07,sh.600151,航天机电,5.25,5.15,5.29,4.95,22599395,116103423.0,1.627383,-0.770712,1388695531.0,7151781984.650001,2026-07-14
2019-05-08,sh.600151,航天机电,5.03,5.27,5.35,5.01,20876482,109300019.0,1.503316,2.330095,1388695524.0,7318425411.48,2026-07-14
2019-05-09,sh.600151,航天机电,5.22,5.2,5.36,5.18,12770462,67219583.0,0.919601,-1.328277,1388695967.0,7221219028.400001,2026-07-14
2019-05-10,sh.600151,航天机电,5.28,5.48,5.51,5.13,24501812,131449436.0,1.764376,5.38462,1388695607.0,7610051926.360001,2026-07-14
2019-05-13,sh.600151,航天机电,5.49,5.46,5.6,5.39,17623581,96771550.0,1.269074,-0.364963,1388696089.0,7582280645.94,2026-07-14
2019-05-14,sh.600151,航天机电,5.42,5.52,5.63,5.37,18809119,103788130.0,1.354445,1.0989,1388695665.0,7665600070.799999,2026-07-14
2019-05-15,sh.600151,航天机电,5.55,5.57,5.58,5.49,14221604,78642886.0,1.024098,0.905801,1388695613.0,7735034564.410001,2026-07-14
2019-05-16,sh.600151,航天机电,5.55,5.57,5.65,5.47,16837073,93680270.0,1.212438,0.0,1388695587.0,7735034419.59,2026-07-14
2019-05-17,sh.600151,航天机电,5.61,5.35,5.62,5.29,15807142,86214083.0,1.138273,-3.949735,1388695155.0,7429519079.249999,2026-07-14
2019-05-20,sh.600151,航天机电,5.35,5.43,5.51,5.29,12785324,69323041.0,0.920671,1.495326,1388696288.0,7540620843.839999,2026-07-14
2019-05-21,sh.600151,航天机电,5.49,5.58,5.66,5.42,26402882,146419570.0,1.901272,2.762433,1388695673.0,7748921855.34,2026-07-14
2019-05-22,sh.600151,航天机电,5.56,5.52,5.62,5.48,17000444,94529307.0,1.224202,-1.075268,1388695983.0,7665601826.16,2026-07-14
2019-05-23,sh.600151,航天机电,5.52,5.41,5.57,5.36,16804070,92069470.0,1.210061,-1.992756,1388696107.0,7512845938.87,2026-07-14
2019-05-24,sh.600151,航天机电,5.33,5.3,5.42,5.28,10259524,54826002.0,0.738788,-2.033266,1388696622.0,7360092096.599999,2026-07-14
2019-05-27,sh.600151,航天机电,5.33,5.42,5.48,5.23,14972352,80364304.0,1.078159,2.264149,1388696101.0,7526732867.42,2026-07-14
2019-05-28,sh.600151,航天机电,5.42,5.38,5.48,5.36,13221260,71665006.0,0.952063,-0.738007,1388695916.0,7471184028.08,2026-07-14
2019-05-29,sh.600151,航天机电,5.38,5.54,5.67,5.36,21725294,120542569.0,1.564439,2.973975,1388695500.0,7693373070.0,2026-07-14
2019-05-30,sh.600151,航天机电,5.68,5.58,5.69,5.5,18640542,104216439.0,1.342306,0.722021,1388695424.0,7748920465.92,2026-07-14
2019-05-31,sh.600151,航天机电,5.65,5.61,5.66,5.47,17653590,98227597.0,1.271235,0.537638,1388696032.0,7790584739.52,2026-07-14
2019-06-03,sh.600151,航天机电,5.59,5.44,5.61,5.43,13642139,75009224.0,0.982371,-3.030304,1388695208.0,7554501931.52,2026-07-14
2019-06-04,sh.600151,航天机电,5.44,5.26,5.44,5.23,11789600,62429562.0,0.848969,-3.30882,1388696171.0,7304541859.46,2026-07-14
2019-06-05,sh.600151,航天机电,5.33,5.25,5.34,5.21,8431550,44372052.0,0.607156,-0.190118,1388695821.0,7290653060.25,2026-07-14
2019-06-06,sh.600151,航天机电,5.23,5.08,5.25,4.97,15368698,77771907.0,1.1067,-3.238097,1388695943.0,7054575390.440001,2026-07-14
2019-06-10,sh.600151,航天机电,5.07,5.07,5.13,5.02,8383171,42492437.0,0.603672,-0.196846,1388696345.0,7040690469.150001,2026-07-14
2019-06-11,sh.600151,航天机电,5.07,5.24,5.26,5.02,14307589,73986997.0,1.03029,3.353049,1388695319.0,7276763471.56,2026-07-14
2019-06-12,sh.600151,航天机电,5.21,5.17,5.27,5.14,11310143,58768923.0,0.814444,-1.335872,1388694987.0,7179553082.79,2026-07-14
2019-06-13,sh.600151,航天机电,5.16,5.16,5.19,5.05,10837122,55571455.0,0.780381,-0.193428,1388696291.0,7165672861.56,2026-07-14
2019-06-14,sh.600151,航天机电,5.16,5.1,5.31,5.09,15218209,79110074.0,1.095863,-1.16279,1388696306.0,7082351160.599999,2026-07-14
2019-06-17,sh.600151,航天机电,5.11,5.1,5.12,5.05,6592053,33524524.0,0.474694,0.0,1388695244.0,7082345744.4,2026-07-14
2019-06-18,sh.600151,航天机电,5.09,5.03,5.12,5.0,7789232,39331911.0,0.560903,-1.372543,1388695015.0,6985135925.450001,2026-07-14
2019-06-19,sh.600151,航天机电,5.14,5.09,5.17,5.08,11346364,57954046.0,0.817052,1.192842,1388695456.0,7068459871.04,2026-07-14
2019-06-20,sh.600151,航天机电,5.09,5.21,5.24,5.05,23501890,121566782.0,1.692371,2.357562,1388696096.0,7235106660.16,2026-07-14
2019-06-21,sh.600151,航天机电,5.19,5.35,5.38,5.19,21199557,112508250.0,1.52658,2.687138,1388696105.0,7429524161.749999,2026-07-14
2019-06-24,sh.600151,航天机电,5.34,5.36,5.43,5.29,17488992,93675018.0,1.259383,0.18692,1388695258.0,7443406582.88,2026-07-14
2019-06-25,sh.600151,航天机电,5.35,5.35,5.4,5.21,18104935,96238476.0,1.303737,-0.186571,1388695343.0,7429520085.049999,2026-07-14
2019-06-26,sh.600151,航天机电,5.3,5.29,5.33,5.25,7455677,39462681.0,0.536883,-1.121494,1388696792.0,7346206029.68,2026-07-14
2019-06-27,sh.600151,航天机电,5.35,5.25,5.37,5.2,16107745,85054448.0,1.159919,-0.756143,1388695676.0,7290652299.0,2026-07-14
2019-06-28,sh.600151,航天机电,5.25,5.15,5.26,5.11,12146078,62819348.0,0.874639,-1.90476,1388696136.0,7151785100.400001,2026-07-14
2019-07-01,sh.600151,航天机电,5.24,5.3,5.32,5.21,16451083,86641233.0,1.184643,2.912623,1388695413.0,7360085688.9,2026-07-14
2019-07-02,sh.600151,航天机电,5.38,5.28,5.39,5.27,14130051,75250724.0,1.017505,-0.377358,1388695977.0,7332314758.56,2026-07-14
2019-07-03,sh.600151,航天机电,5.28,5.24,5.33,5.2,11492471,60358683.0,0.827573,-0.757584,1388695740.0,7276765677.6,2026-07-14
2019-07-04,sh.600151,航天机电,5.27,5.3,5.45,5.23,29638549,158711618.0,2.134272,1.145046,1388695958.0,7360088577.4,2026-07-14
2019-07-05,sh.600151,航天机电,5.3,5.25,5.34,5.23,12188602,64244150.0,0.877701,-0.9434,1388696378.0,7290655984.5,2026-07-14
2019-07-08,sh.600151,航天机电,5.25,4.98,5.25,4.98,20492939,103445356.0,1.475697,-5.142857,1388695579.0,6915703983.420001,2026-07-14
2019-07-09,sh.600151,航天机电,4.99,5.01,5.05,4.95,8869360,44246846.0,0.638683,0.602414,1388695174.0,6957362821.74,2026-07-14
2019-07-10,sh.600151,航天机电,5.01,5.04,5.11,4.99,11812649,59767225.0,0.850629,0.598797,1388695777.0,6999026716.08,2026-07-14
2019-07-11,sh.600151,航天机电,5.05,5.0,5.08,4.98,6839838,34377795.0,0.492537,-0.79365,1388695266.0,6943476330.0,2026-07-14
2019-07-12,sh.600151,航天机电,4.99,4.99,5.03,4.96,7055791,35175375.0,0.508088,-0.200005,1388694675.0,6929586428.25,2026-07-14
2019-07-15,sh.600151,航天机电,5.0,5.03,5.05,4.89,13202268,65863595.0,0.950696,0.801612,1388695019.0,6985135945.570001,2026-07-14
2019-07-16,sh.600151,航天机电,5.0,5.05,5.06,5.0,7652180,38521433.0,0.551034,0.397614,1388694708.0,7012908275.4,2026-07-14
2019-07-17,sh.600151,航天机电,5.02,5.0,5.04,4.96,16308081,81460247.0,1.174345,-0.990103,1388695911.0,6943479555.0,2026-07-14
2019-07-18,sh.600151,航天机电,4.98,4.9,4.98,4.86,12679589,62315306.0,0.913057,-1.999998,1388696325.0,6804611992.500001,2026-07-14
2019-07-19,sh.600151,航天机电,4.9,4.87,4.96,4.84,15903100,77725992.0,1.145182,-0.612249,1388696295.0,6762950956.650001,2026-07-14
2019-07-22,sh.600151,航天机电,4.89,4.62,4.89,4.58,16229879,75982980.0,1.168714,-5.133471,1388695523.0,6415773316.26,2026-07-14
2019-07-23,sh.600151,航天机电,4.64,4.71,4.73,4.6,7486730,35078543.0,0.53912,1.948055,1388694539.0,6540751278.69,2026-07-14
2019-07-24,sh.600151,航天机电,4.75,4.86,4.89,4.72,21872037,105228437.0,1.524978,3.184715,1434252625.0,6970467757.5,2026-07-14
2019-07-25,sh.600151,航天机电,4.87,4.98,4.98,4.82,20604946,101355021.0,1.436633,2.469133,1434252589.0,7142577893.22,2026-07-14
2019-07-26,sh.600151,航天机电,4.94,4.99,5.08,4.93,21451693,107368554.0,1.4957,0.2008,1434224310.0,7156779306.900001,2026-07-14
2019-07-29,sh.600151,航天机电,5.0,5.09,5.13,5.0,19254538,97681714.0,1.342479,2.004016,1434252454.0,7300344990.86,2026-07-14
2019-07-30,sh.600151,航天机电,5.09,5.12,5.21,5.09,14648857,75567679.0,1.0214,0.5894,1434193949.0,7343073018.88,2026-07-14
2019-07-31,sh.600151,航天机电,5.11,5.1,5.18,5.05,15941649,81621505.0,1.1115,-0.3906,1434246424.0,7314656762.4,2026-07-14
2019-08-01,sh.600151,航天机电,5.12,5.08,5.18,5.03,13757007,70091491.0,0.9592,-0.3922,1434216743.0,7285821054.440001,2026-07-14
2019-08-02,sh.600151,航天机电,4.98,4.88,5.03,4.85,16810101,82959244.0,1.172,-3.937,1434308959.0,6999427719.92,2026-07-14
2019-08-05,sh.600151,航天机电,4.94,4.95,5.1,4.92,19441215,97305383.0,1.3555,1.4344,1434246772.0,7099521521.400001,2026-07-14
2019-08-06,sh.600151,航天机电,4.84,4.78,4.95,4.67,17986342,86367398.0,1.2541,-3.4343,1434203174.0,6855491171.72,2026-07-14
2019-08-07,sh.600151,航天机电,4.82,4.66,4.89,4.65,14866578,70267910.0,1.0365,-2.5105,1434305644.0,6683864301.04,2026-07-14
2019-08-08,sh.600151,航天机电,4.7,4.66,4.76,4.63,9624121,45147785.0,0.671,0.0,1434295231.0,6683815776.46,2026-07-14
2019-08-09,sh.600151,航天机电,4.7,4.53,4.72,4.5,12710953,58260058.0,0.8862,-2.7897,1434321034.0,6497474284.02,2026-07-14
2019-08-12,sh.600151,航天机电,4.52,4.56,4.57,4.47,9419893,42627538.0,0.6568,0.6622,1434210262.0,6539998794.719999,2026-07-14
2019-08-13,sh.600151,航天机电,4.51,4.54,4.56,4.47,8637258,38991078.0,0.6022,-0.4386,1434283959.0,6511649173.86,2026-07-14
2019-08-14,sh.600151,航天机电,4.58,4.54,4.64,4.51,12156000,55522170.0,0.8475,0.0,1434336283.0,6511886724.82,2026-07-14
2019-08-15,sh.600151,航天机电,4.41,4.49,4.5,4.4,11234907,49796042.0,0.7833,-1.1013,1434304481.0,6440027119.690001,2026-07-14
2019-08-16,sh.600151,航天机电,4.47,4.47,4.54,4.45,10848200,48747228.0,0.7564,-0.4454,1434188260.0,6410821522.2,2026-07-14
2019-08-19,sh.600151,航天机电,4.5,4.59,4.62,4.48,12926710,58908539.0,0.9013,2.6846,1434229446.0,6583113157.139999,2026-07-14
2019-08-20,sh.600151,航天机电,4.64,4.6,4.7,4.57,14399487,66713463.0,1.004,0.2179,1434211853.0,6597374523.799999,2026-07-14
2019-08-21,sh.600151,航天机电,4.55,4.63,4.68,4.55,13431105,62211502.0,0.9365,0.6522,1434180993.0,6640257997.59,2026-07-14
2019-08-22,sh.600151,航天机电,4.67,4.71,4.75,4.63,16632101,78003390.0,1.1596,1.7279,1434296395.0,6755536020.45,2026-07-14
2019-08-23,sh.600151,航天机电,4.71,4.65,4.73,4.62,9930402,46270750.0,0.6924,-1.2739,1434200173.0,6669030804.450001,2026-07-14
2019-08-26,sh.600151,航天机电,4.56,4.83,4.83,4.54,20872373,97710645.0,1.4553,3.871,1434231636.0,6927338801.88,2026-07-14
2019-08-27,sh.600151,航天机电,4.79,4.85,4.92,4.74,31018727,149877164.0,2.1627,0.4141,1434259352.0,6956157857.2,2026-07-14
2019-08-28,sh.600151,航天机电,4.83,4.79,4.9,4.77,20116548,96952370.0,1.4026,-1.2371,1434232711.0,6869974685.69,2026-07-14
2019-08-29,sh.600151,航天机电,4.8,4.76,4.84,4.76,11827022,56593890.0,0.8246,-0.6263,1434273830.0,6827143430.799999,2026-07-14
2019-08-30,sh.600151,航天机电,4.77,4.88,4.89,4.76,21828900,105470449.0,1.522,2.521,1434224704.0,6999016555.5199995,2026-07-14
2019-09-02,sh.600151,航天机电,4.88,5.08,5.13,4.86,33191428,167043039.0,2.3142,4.0984,1434250627.0,7285993185.16,2026-07-14
2019-09-03,sh.600151,航天机电,5.1,5.08,5.1,5.03,19351155,97914033.0,1.3492,0.0,1434268826.0,7286085636.08,2026-07-14
2019-09-04,sh.600151,航天机电,5.07,5.06,5.13,5.01,13412649,67902530.0,0.9352,-0.3937,1434201133.0,7257057732.98,2026-07-14
2019-09-05,sh.600151,航天机电,5.09,5.09,5.21,5.08,23947719,123282584.0,1.6697,0.5929,1434252800.0,7300346752.0,2026-07-14
2019-09-06,sh.600151,航天机电,5.1,5.14,5.19,5.07,14128641,72394604.0,0.9851,0.9823,1434234189.0,7371963731.459999,2026-07-14
2019-09-09,sh.600151,航天机电,5.17,5.17,5.18,5.09,16583996,85173124.0,1.1563,0.5837,1434229525.0,7414966644.25,2026-07-14
2019-09-10,sh.600151,航天机电,5.16,5.14,5.23,5.1,18180745,93873412.0,1.2676,-0.5803,1434265147.0,7372122855.58,2026-07-14
2019-09-11,sh.600151,航天机电,5.16,5.09,5.17,5.08,12295096,62932564.0,0.8572,-0.9728,1434332245.0,7300751127.05,2026-07-14
2019-09-12,sh.600151,航天机电,5.1,5.11,5.13,5.07,8364891,42670004.0,0.5832,0.3929,1434309156.0,7329319787.160001,2026-07-14
2019-09-16,sh.600151,航天机电,5.15,5.31,5.41,5.14,36377932,192428983.0,2.5364,3.9139,1434234821.0,7615786899.509999,2026-07-14
2019-09-17,sh.600151,航天机电,5.31,5.53,5.84,5.26,94960950,536620145.0,6.6209,4.1431,1434260448.0,7931460277.440001,2026-07-14
2019-09-18,sh.600151,航天机电,5.42,5.2,5.44,5.13,59673926,315596084.0,4.1606,-5.9675,1434262510.0,7458165052.0,2026-07-14
2019-09-19,sh.600151,航天机电,5.24,5.72,5.72,5.23,75431708,424479585.0,5.2593,10.0,1434253760.0,8203931507.2,2026-07-14
2019-09-20,sh.600151,航天机电,5.82,5.61,5.85,5.56,79525899,452773077.0,5.5448,-1.9231,1434242876.0,8046102534.360001,2026-07-14
2019-09-23,sh.600151,航天机电,5.53,5.64,5.85,5.53,48441153,275671093.0,3.3774,0.5348,1434273494.0,8089302506.16,2026-07-14
2019-09-24,sh.600151,航天机电,5.72,5.55,5.73,5.46,38190226,211221951.0,2.6627,-1.5957,1434266947.0,7960181555.849999,2026-07-14
2019-09-25,sh.600151,航天机电,5.5,5.28,5.52,5.27,26240152,140867000.0,1.8295,-4.8649,1434279967.0,7572998225.76,2026-07-14
2019-09-26,sh.600151,航天机电,5.3,5.24,5.36,5.08,28364940,147285018.0,1.9777,-0.7576,1434238762.0,7515411112.88,2026-07-14
2019-09-27,sh.600151,航天机电,5.2,5.32,5.45,5.17,23351749,124420838.0,1.6281,1.5267,1434294515.0,7630446819.8,2026-07-14
2019-09-30,sh.600151,航天机电,5.29,5.12,5.48,5.11,19373740,101794376.0,1.3508,-3.7594,1434241931.0,7343318686.72,2026-07-14
2019-10-08,sh.600151,航天机电,5.13,4.99,5.2,4.95,17615408,89370194.0,1.2282,-2.5391,1434245888.0,7156886981.12,2026-07-14
2019-10-09,sh.600151,航天机电,4.95,4.99,5.08,4.82,18771537,92567415.0,1.3088,0.0,1434255578.0,7156935334.22,2026-07-14
2019-10-10,sh.600151,航天机电,5.0,5.01,5.05,4.93,13048940,65082430.0,0.9098,0.4008,1434264674.0,7185666016.74,2026-07-14
2019-10-11,sh.600151,航天机电,5.0,4.98,5.01,4.91,11710342,58108414.0,0.8165,-0.5988,1434212125.0,7142376382.500001,2026-07-14
2019-10-14,sh.600151,航天机电,5.04,5.07,5.09,4.98,17091865,86313955.0,1.1917,1.8072,1434242259.0,7271608253.13,2026-07-14
2019-10-15,sh.600151,航天机电,5.06,4.97,5.06,4.96,10069443,50188706.0,0.7021,-1.9724,1434189289.0,7127920766.33,2026-07-14
2019-10-16,sh.600151,航天机电,4.98,4.88,5.01,4.87,9957450,49173282.0,0.6943,-1.8109,1434171108.0,6998755007.04,2026-07-14
2019-10-17,sh.600151,航天机电,4.87,4.83,4.92,4.82,6414650,31201576.0,0.4472,-1.0246,1434402952.0,6928166258.16,2026-07-14
2019-10-18,sh.600151,航天机电,4.84,4.74,4.86,4.72,10244870,48979010.0,0.7143,-1.8634,1434253115.0,6798359765.1,2026-07-14
2019-10-21,sh.600151,航天机电,4.7,4.86,4.92,4.61,14058442,67311227.0,0.9802,2.5317,1434242195.0,6970417067.700001,2026-07-14
2019-10-22,sh.600151,航天机电,4.85,4.93,5.01,4.82,13201334,65201655.0,0.9204,1.4403,1434303998.0,7071118710.139999,2026-07-14
2019-10-23,sh.600151,航天机电,4.94,4.94,5.08,4.86,12757776,63255395.0,0.8895,0.2028,1434263744.0,7085262895.360001,2026-07-14
2019-10-24,sh.600151,航天机电,4.92,4.93,5.01,4.89,7865304,38800301.0,0.5484,-0.2024,1434227571.0,7070741925.03,2026-07-14
2019-10-25,sh.600151,航天机电,4.93,4.93,4.95,4.86,5201000,25563298.0,0.3626,0.0,1434362934.0,7071409264.62,2026-07-14
2019-10-28,sh.600151,航天机电,4.93,4.97,5.0,4.88,9967020,49276456.0,0.6949,0.8114,1434309973.0,7128520565.809999,2026-07-14
2019-10-29,sh.600151,航天机电,4.98,4.92,4.98,4.9,6375121,31400328.0,0.4445,-1.006,1434222947.0,7056376899.24,2026-07-14
2019-10-30,sh.600151,航天机电,4.91,4.84,4.96,4.83,8685103,42356446.0,0.6055,-1.626,1434368786.0,6942344924.24,2026-07-14
2019-10-31,sh.600151,航天机电,4.87,4.75,4.89,4.72,7406656,35569571.0,0.5164,-1.8595,1434286600.0,6812861350.0,2026-07-14
2019-11-01,sh.600151,航天机电,4.76,4.8,4.81,4.72,7194303,34335262.0,0.5016,1.0526,1434270933.0,6884500478.4,2026-07-14
2019-11-04,sh.600151,航天机电,4.85,4.8,4.88,4.79,5500160,26549296.0,0.3835,0.0,1434200782.0,6884163753.599999,2026-07-14
2019-11-05,sh.600151,航天机电,4.82,4.85,4.89,4.79,6957534,33656144.0,0.4851,1.0417,1434247372.0,6956099754.2,2026-07-14
2019-11-06,sh.600151,航天机电,4.85,4.88,4.95,4.83,9363900,45901059.0,0.6529,0.6186,1434201256.0,6998902129.28,2026-07-14
2019-11-07,sh.600151,航天机电,4.88,4.86,4.91,4.8,6823629,33108325.0,0.4758,-0.4098,1434138083.0,6969911083.38,2026-07-14
2019-11-08,sh.600151,航天机电,4.89,4.87,4.91,4.82,5824816,28328262.0,0.4061,0.2058,1434330460.0,6985189340.2,2026-07-14
2019-11-11,sh.600151,航天机电,4.86,4.75,4.86,4.7,7879636,37527905.0,0.5494,-2.4641,1434225701.0,6812572079.75,2026-07-14
2019-11-12,sh.600151,航天机电,4.74,4.75,4.81,4.7,5253296,24936037.0,0.3663,0.0,1434151242.0,6812218399.5,2026-07-14
2019-11-13,sh.600151,航天机电,4.74,4.69,4.74,4.67,4237307,19907630.0,0.2954,-1.2632,1434430264.0,6727477938.160001,2026-07-14
2019-11-14,sh.600151,航天机电,4.67,4.67,4.7,4.62,6455739,30046069.0,0.4501,-0.4264,1434289936.0,6698134001.12,2026-07-14
2019-11-15,sh.600151,航天机电,4.66,4.55,4.67,4.53,8360464,38273077.0,0.5829,-2.5696,1434287871.0,6526009813.05,2026-07-14
2019-11-18,sh.600151,航天机电,4.54,4.55,4.57,4.53,4364779,19857907.0,0.3043,0.0,1434367072.0,6526370177.599999,2026-07-14
2019-11-19,sh.600151,航天机电,4.56,4.62,4.63,4.55,5531752,25467263.0,0.3857,1.5385,1434211045.0,6626055027.900001,2026-07-14
2019-11-20,sh.600151,航天机电,4.62,4.6,4.66,4.59,6030095,27901580.0,0.4204,-0.4329,1434370837.0,6598105850.2,2026-07-14
2019-11-21,sh.600151,航天机电,4.6,4.6,4.65,4.56,4450700,20521383.0,0.3103,0.0,1434321624.0,6597879470.4,2026-07-14
2019-11-22,sh.600151,航天机电,4.62,4.58,4.69,4.54,7640311,35161035.0,0.5327,-0.4348,1434261498.0,6568917660.84,2026-07-14
2019-11-25,sh.600151,航天机电,4.58,4.54,4.6,4.5,6501800,29495018.0,0.4533,-0.8734,1434326053.0,6511840280.62,2026-07-14
2019-11-26,sh.600151,航天机电,4.55,4.52,4.57,4.5,5193200,23577849.0,0.3621,-0.4405,1434189450.0,6482536313.999999,2026-07-14
2019-11-27,sh.600151,航天机电,4.53,4.58,4.6,4.5,8095048,36892013.0,0.5644,1.3274,1434274982.0,6568979417.56,2026-07-14
2019-11-28,sh.600151,航天机电,4.59,4.57,4.6,4.54,3846246,17552429.0,0.2682,-0.2183,1434096197.0,6553819620.29,2026-07-14
2019-11-29,sh.600151,航天机电,4.56,4.63,4.63,4.55,5082594,23312619.0,0.3544,1.3129,1434140519.0,6640070602.97,2026-07-14
2019-12-02,sh.600151,航天机电,4.63,4.63,4.65,4.6,5033868,23293985.0,0.351,0.0,1434150427.0,6640116477.01,2026-07-14
2019-12-03,sh.600151,航天机电,4.61,4.65,4.67,4.58,5281910,24436281.0,0.3683,0.432,1434132501.0,6668716129.650001,2026-07-14
2019-12-04,sh.600151,航天机电,4.64,4.68,4.68,4.62,5688781,26494213.0,0.3966,0.6452,1434387544.0,6712933705.919999,2026-07-14
2019-12-05,sh.600151,航天机电,4.67,4.73,4.76,4.65,7834710,36933584.0,0.5463,1.0684,1434140582.0,6783484952.860001,2026-07-14
2019-12-06,sh.600151,航天机电,4.73,4.73,4.76,4.69,7434714,35070272.0,0.5184,0.0,1434165509.0,6783602857.570001,2026-07-14
2019-12-09,sh.600151,航天机电,4.73,4.74,4.76,4.7,5889928,27875820.0,0.4107,0.2114,1434119308.0,6797725519.92,2026-07-14
2019-12-10,sh.600151,航天机电,4.73,4.7,4.73,4.66,7264120,34076034.0,0.5065,-0.8439,1434179664.0,6740644420.8,2026-07-14
2019-12-11,sh.600151,航天机电,4.7,4.68,4.72,4.67,6092830,28547600.0,0.4248,-0.4255,1434282015.0,6712439830.2,2026-07-14
2019-12-12,sh.600151,航天机电,4.67,4.65,4.72,4.63,7677495,35910746.0,0.5353,-0.641,1434241547.0,6669223193.55,2026-07-14
2019-12-13,sh.600151,航天机电,4.67,4.65,4.7,4.61,12702089,58979727.0,0.8856,0.0,1434291893.0,6669457302.450001,2026-07-14
2019-12-16,sh.600151,航天机电,4.67,4.74,4.75,4.64,11829573,55581400.0,0.8248,1.9355,1434235330.0,6798275464.200001,2026-07-14
2019-12-17,sh.600151,航天机电,4.73,4.84,4.87,4.73,17549695,84655761.0,1.2236,2.1097,1434267326.0,6941853857.84,2026-07-14
2019-12-18,sh.600151,航天机电,4.83,4.85,4.96,4.81,15702386,76570667.0,1.0948,0.2066,1434269821.0,6956208631.849999,2026-07-14
2019-12-19,sh.600151,航天机电,4.85,4.83,4.88,4.81,10694555,51778840.0,0.7457,-0.4124,1434163202.0,6927008265.66,2026-07-14
2019-12-20,sh.600151,航天机电,4.84,4.8,4.89,4.79,9822322,47589693.0,0.6848,-0.6211,1434334404.0,6884805139.2,2026-07-14
2019-12-23,sh.600151,航天机电,4.82,4.71,4.83,4.67,8813370,41848101.0,0.6145,-1.875,1434234337.0,6755243727.2699995,2026-07-14
2019-12-24,sh.600151,航天机电,4.7,4.78,4.81,4.69,7779961,37117079.0,0.5424,1.4862,1434358591.0,6856234064.9800005,2026-07-14
2019-12-25,sh.600151,航天机电,4.78,4.75,4.84,4.7,7863900,37475446.0,0.5483,-0.6276,1434233084.0,6812607149.0,2026-07-14
2019-12-26,sh.600151,航天机电,4.73,4.78,4.79,4.72,6120918,29098129.0,0.4268,0.6316,1434141987.0,6855198697.860001,2026-07-14
2019-12-27,sh.600151,航天机电,4.77,4.76,4.85,4.76,11309536,54373337.0,0.7885,-0.4184,1434310209.0,6827316594.84,2026-07-14
2019-12-30,sh.600151,航天机电,4.77,4.76,4.79,4.7,14353428,68136348.0,1.0008,0.0,1434195444.0,6826770313.44,2026-07-14
2019-12-31,sh.600151,航天机电,4.74,4.74,4.82,4.72,7928252,37758640.0,0.5528,-0.4202,1434198987.0,6798103198.38,2026-07-14
2020-01-02,sh.600151,航天机电,4.76,4.81,4.84,4.75,13457137,64691230.0,0.9383,1.4768,1434204093.0,6898521687.329999,2026-07-14
2020-01-03,sh.600151,航天机电,4.83,4.92,4.94,4.79,17858537,87007942.0,1.2451,2.2869,1434305437.0,7056782750.04,2026-07-14
2020-01-06,sh.600151,航天机电,4.97,4.92,4.97,4.87,19599975,96326884.0,1.3666,0.0,1434214474.0,7056335212.08,2026-07-14
2020-01-07,sh.600151,航天机电,4.95,5.12,5.2,4.9,36495067,185282901.0,2.5445,4.065,1434272627.0,7343475850.24,2026-07-14
2020-01-08,sh.600151,航天机电,5.08,5.14,5.19,5.02,30251050,154733211.0,2.1092,0.3906,1434242841.0,7372008202.74,2026-07-14
2020-01-09,sh.600151,航天机电,5.1,5.04,5.1,5.0,20274026,102059260.0,1.4136,-1.9455,1434212366.0,7228430324.64,2026-07-14
2020-01-10,sh.600151,航天机电,5.03,4.97,5.04,4.94,10315177,51250960.0,0.7192,-1.3889,1434257091.0,7128257742.2699995,2026-07-14
2020-01-13,sh.600151,航天机电,4.97,4.98,4.99,4.91,8679213,42965545.0,0.6051,0.2012,1434343580.0,7143031028.400001,2026-07-14
2020-01-14,sh.600151,航天机电,4.98,4.94,5.0,4.92,10680519,52877608.0,0.7447,-0.8032,1434204243.0,7084968960.420001,2026-07-14
2020-01-15,sh.600151,航天机电,4.92,4.88,4.93,4.85,8485400,41394949.0,0.5916,-1.2146,1434313725.0,6999450978.0,2026-07-14
2020-01-16,sh.600151,航天机电,4.88,4.87,4.94,4.85,9712541,47492242.0,0.6772,-0.2049,1434220467.0,6984653674.29,2026-07-14
2020-01-17,sh.600151,航天机电,4.87,4.87,4.9,4.84,6192677,30103434.0,0.4318,0.0,1434154006.0,6984330009.22,2026-07-14
2020-01-20,sh.600151,航天机电,4.88,5.05,5.05,4.83,21562032,106980128.0,1.5034,3.6961,1434217906.0,7242800425.3,2026-07-14
2020-01-21,sh.600151,航天机电,5.05,4.96,5.05,4.93,11260934,56071220.0,0.7851,-1.7822,1434331168.0,7114282593.28,2026-07-14
2020-01-22,sh.600151,航天机电,4.71,4.74,4.87,4.48,22704676,106238758.0,1.583,-4.4355,1434281491.0,6798494267.34,2026-07-14
2020-01-23,sh.600151,航天机电,4.68,4.62,4.81,4.51,13011437,60684156.0,0.9072,-2.5316,1434241292.0,6626194769.04,2026-07-14
2020-02-03,sh.600151,航天机电,4.16,4.16,4.16,4.16,4106200,17081792.0,0.2863,-9.9567,1434229829.0,5966396088.64,2026-07-14
2020-02-04,sh.600151,航天机电,3.75,3.97,4.04,3.74,20326106,79879539.0,1.4172,-4.5673,1434244002.0,5693948687.940001,2026-07-14
2020-02-05,sh.600151,航天机电,3.94,4.03,4.1,3.94,12811050,51745834.0,0.8932,1.5113,1434286834.0,5780175941.02,2026-07-14
2020-02-06,sh.600151,航天机电,4.06,4.21,4.24,3.97,17680365,73609389.0,1.2327,4.4665,1434279630.0,6038317242.3,2026-07-14
2020-02-07,sh.600151,航天机电,4.19,4.25,4.33,4.16,13521141,57174088.0,0.9427,0.9501,1434299459.0,6095772700.75,2026-07-14
2020-02-10,sh.600151,航天机电,4.21,4.24,4.26,4.2,10492236,44358697.0,0.7315,-0.2353,1434345318.0,6081624148.320001,2026-07-14
2020-02-11,sh.600151,航天机电,4.22,4.16,4.24,4.15,12500780,52274023.0,0.8716,-1.8868,1434233593.0,5966411746.88,2026-07-14
2020-02-12,sh.600151,航天机电,4.18,4.24,4.28,4.16,15021162,63670572.0,1.0473,1.9231,1434274993.0,6081325970.320001,2026-07-14
2020-02-13,sh.600151,航天机电,4.29,4.2,4.32,4.19,12094594,51255510.0,0.8433,-0.9434,1434198269.0,6023632729.8,2026-07-14
2020-02-14,sh.600151,航天机电,4.16,4.15,4.19,4.1,11190388,46331714.0,0.7802,-1.1905,1434297360.0,5952334044.000001,2026-07-14
2020-02-17,sh.600151,航天机电,4.17,4.38,4.39,4.16,22157563,95625335.0,1.5449,5.5422,1434239304.0,6281968151.5199995,2026-07-14
2020-02-18,sh.600151,航天机电,4.38,4.53,4.56,4.37,23175120,103751312.0,1.6158,3.4247,1434281470.0,6497295059.1,2026-07-14
2020-02-19,sh.600151,航天机电,4.49,4.48,4.56,4.41,16906774,75949205.0,1.1788,-1.1038,1434236003.0,6425377293.440001,2026-07-14
2020-02-20,sh.600151,航天机电,4.49,4.53,4.57,4.44,14519063,65296711.0,1.0123,1.1161,1434264842.0,6497219734.26,2026-07-14
2020-02-21,sh.600151,航天机电,4.52,4.72,4.97,4.49,42076106,199444473.0,2.9337,4.1943,1434233425.0,6769581766.0,2026-07-14
2020-02-24,sh.600151,航天机电,4.74,4.76,4.92,4.68,29771556,142264424.0,2.0758,0.8475,1434220831.0,6826891155.559999,2026-07-14
2020-02-25,sh.600151,航天机电,4.51,4.71,4.76,4.5,24722367,114445647.0,1.7237,-1.0504,1434261588.0,6755372079.48,2026-07-14
2020-02-26,sh.600151,航天机电,4.62,4.71,4.81,4.61,23373373,110813742.0,1.6297,0.0,1434213229.0,6755144308.59,2026-07-14
2020-02-27,sh.600151,航天机电,4.75,4.84,4.93,4.66,27579630,132761068.0,1.9229,2.7601,1434272713.0,6941879930.92,2026-07-14
2020-02-28,sh.600151,航天机电,4.71,4.56,4.79,4.53,19779146,92641366.0,1.3791,-5.7851,1434206802.0,6539983017.12,2026-07-14
2020-03-02,sh.600151,航天机电,4.61,4.77,4.82,4.57,15647231,73629296.0,1.091,4.6053,1434209991.0,6841181657.07,2026-07-14
2020-03-03,sh.600151,航天机电,4.85,4.89,5.0,4.78,32136808,156998721.0,2.2407,2.5157,1434230731.0,7013388274.589999,2026-07-14
2020-03-04,sh.600151,航天机电,4.84,4.88,4.98,4.79,20411764,99991395.0,1.4232,-0.2045,1434216133.0,6998974729.04,2026-07-14
2020-03-05,sh.600151,航天机电,4.92,5.05,5.09,4.87,33718485,168539837.0,2.3509,3.4836,1434279850.0,7243113242.5,2026-07-14
2020-03-06,sh.600151,航天机电,5.06,4.99,5.16,4.98,18958995,95652736.0,1.3219,-1.1881,1434223088.0,7156773209.12,2026-07-14
2020-03-09,sh.600151,航天机电,4.93,4.73,4.97,4.73,21801232,105550474.0,1.52,-5.2104,1434291579.0,6784199168.670001,2026-07-14
2020-03-10,sh.600151,航天机电,4.64,4.86,4.91,4.62,17502823,83172317.0,1.2203,2.7484,1434304925.0,6970721935.5,2026-07-14
2020-03-11,sh.600151,航天机电,4.88,4.89,5.11,4.86,23504362,116843214.0,1.6388,0.6173,1434242250.0,7013444602.5,2026-07-14
2020-03-12,sh.600151,航天机电,4.89,4.78,4.89,4.73,12682717,60683340.0,0.8843,-2.2495,1434209770.0,6855522700.6,2026-07-14
2020-03-13,sh.600151,航天机电,4.5,4.78,4.87,4.41,18798444,86931077.0,1.3107,0.0,1434229343.0,6855616259.54,2026-07-14
2020-03-16,sh.600151,航天机电,4.8,4.53,4.82,4.42,19434587,89980188.0,1.355,-5.2301,1434286863.0,6497319489.39,2026-07-14
2020-03-17,sh.600151,航天机电,4.53,4.44,4.59,4.26,13172603,58316325.0,0.9184,-1.9868,1434299107.0,6368288035.080001,2026-07-14
2020-03-18,sh.600151,航天机电,4.49,4.26,4.52,4.25,16074765,70386744.0,1.1208,-4.054,1434222430.0,6109787551.799999,2026-07-14
2020-03-19,sh.600151,航天机电,4.27,4.36,4.36,4.05,17895087,75602865.0,1.2477,2.3474,1434245973.0,6253312442.280001,2026-07-14
2020-03-20,sh.600151,航天机电,4.35,4.4,4.4,4.29,9096334,39617209.0,0.6342,0.9174,1434300536.0,6310922358.400001,2026-07-14
2020-03-23,sh.600151,航天机电,4.29,4.22,4.36,4.22,9593841,41128259.0,0.6689,-4.0909,1434271341.0,6052625059.0199995,2026-07-14
2020-03-24,sh.600151,航天机电,4.3,4.33,4.35,4.2,8398281,35995249.0,0.5856,2.6066,1434132684.0,6209794521.72,2026-07-14
2020-03-25,sh.600151,航天机电,4.42,4.4,4.45,4.36,6202115,27245062.0,0.4324,1.6166,1434346670.0,6311125348.000001,2026-07-14
2020-03-26,sh.600151,航天机电,4.39,4.45,4.49,4.36,9413620,41718227.0,0.6563,1.1364,1434347097.0,6382844581.650001,2026-07-14
2020-03-27,sh.600151,航天机电,4.48,4.4,4.52,4.38,7721516,34324274.0,0.5384,-1.1236,1434159733.0,6310302825.200001,2026-07-14
2020-03-30,sh.600151,航天机电,4.3,4.26,4.34,4.22,6019823,25727389.0,0.4197,-3.1818,1434315702.0,6110184890.5199995,2026-07-14
2020-03-31,sh.600151,航天机电,4.29,4.23,4.32,4.2,5632740,23879287.0,0.3927,-0.7042,1434362108.0,6067351716.84,2026-07-14
2020-04-01,sh.600151,航天机电,4.25,4.24,4.3,4.19,4420320,18802032.0,0.3082,0.2364,1434237508.0,6081167033.92,2026-07-14
2020-04-02,sh.600151,航天机电,4.21,4.37,4.38,4.21,6105960,26368681.0,0.4257,3.066,1434334038.0,6268039746.06,2026-07-14
2020-04-03,sh.600151,航天机电,4.4,4.35,4.41,4.31,4950800,21587813.0,0.3452,-0.4577,1434183082.0,6238696406.7,2026-07-14
2020-04-07,sh.600151,航天机电,4.44,4.44,4.51,4.38,7736761,34482314.0,0.5394,2.069,1434327215.0,6368412834.6,2026-07-14
2020-04-08,sh.600151,航天机电,4.45,4.55,4.62,4.41,10937917,49600736.0,0.7626,2.4775,1434292814.0,6526032303.7,2026-07-14
2020-04-09,sh.600151,航天机电,4.56,4.52,4.59,4.49,8797671,39840090.0,0.6134,-0.6593,1434246984.0,6482796367.679999,2026-07-14
2020-04-10,sh.600151,航天机电,4.51,4.37,4.51,4.34,9095159,40197983.0,0.6341,-3.3186,1434341429.0,6268072044.7300005,2026-07-14
2020-04-13,sh.600151,航天机电,4.35,4.37,4.39,4.3,5252269,22786458.0,0.3662,0.0,1434262425.0,6267726797.25,2026-07-14
2020-04-14,sh.600151,航天机电,4.37,4.44,4.46,4.37,4146540,18354921.0,0.2891,1.6018,1434292632.0,6368259286.080001,2026-07-14
2020-04-15,sh.600151,航天机电,4.46,4.42,4.46,4.4,3481235,15408617.0,0.2427,-0.4504,1434377833.0,6339950021.86,2026-07-14
2020-04-16,sh.600151,航天机电,4.42,4.38,4.45,4.35,4206514,18468307.0,0.2933,-0.905,1434201841.0,6281804063.58,2026-07-14
2020-04-17,sh.600151,航天机电,4.4,4.29,4.41,4.28,9314173,40405963.0,0.6494,-2.0548,1434273637.0,6153033902.7300005,2026-07-14
2020-04-20,sh.600151,航天机电,4.32,4.34,4.34,4.26,4919992,21153241.0,0.343,1.1655,1434400000.0,6225296000.0,2026-07-14
2020-04-21,sh.600151,航天机电,4.32,4.27,4.32,4.21,5206661,22149487.0,0.363,-1.6129,1434341873.0,6124639797.709999,2026-07-14
2020-04-22,sh.600151,航天机电,4.27,4.29,4.34,4.21,4718820,20157782.0,0.329,0.4684,1434291793.0,6153111791.97,2026-07-14
2020-04-23,sh.600151,航天机电,4.32,4.32,4.36,4.26,8273502,35779938.0,0.5769,0.6993,1434131045.0,6195446114.400001,2026-07-14
2020-04-24,sh.600151,航天机电,4.29,4.22,4.34,4.2,7317304,31074605.0,0.5102,-2.3148,1434203058.0,6052336904.759999,2026-07-14
2020-04-27,sh.600151,航天机电,4.22,4.15,4.26,4.14,7320155,30676341.0,0.5104,-1.6588,1434199647.0,5951928535.05,2026-07-14
2020-04-28,sh.600151,航天机电,4.14,4.15,4.18,3.94,9615549,39073618.0,0.6704,0.0,1434300268.0,5952346112.200001,2026-07-14
2020-04-29,sh.600151,航天机电,4.08,4.3,4.46,4.08,15593486,67564453.0,1.0872,3.6145,1434279433.0,6167401561.9,2026-07-14
2020-04-30,sh.600151,航天机电,4.29,4.4,4.43,4.29,9638598,42178864.0,0.672,2.3256,1434315179.0,6310986787.6,2026-07-14
2020-05-06,sh.600151,航天机电,4.4,4.39,4.49,4.35,11086802,48869257.0,0.773,-0.2273,1434256404.0,6296385613.559999,2026-07-14
2020-05-07,sh.600151,航天机电,4.39,4.38,4.42,4.33,6410414,28045404.0,0.447,-0.2278,1434097092.0,6281345262.96,2026-07-14
2020-05-08,sh.600151,航天机电,4.39,4.4,4.48,4.38,8581035,37999516.0,0.5983,0.4566,1434236169.0,6310639143.6,2026-07-14
2020-05-11,sh.600151,航天机电,4.41,4.4,4.44,4.36,7831474,34444067.0,0.546,0.0,1434335897.0,6311077946.8,2026-07-14
2020-05-12,sh.600151,航天机电,4.38,4.62,4.64,4.34,22527494,101873922.0,1.5707,5.0,1434232762.0,6626155360.440001,2026-07-14
2020-05-13,sh.600151,航天机电,4.6,4.7,4.78,4.56,21057693,99119199.0,1.4682,1.7316,1434252350.0,6740986045.0,2026-07-14
2020-05-14,sh.600151,航天机电,4.7,4.55,4.73,4.53,12754442,58808274.0,0.8893,-3.1915,1434211402.0,6525661879.099999,2026-07-14
2020-05-15,sh.600151,航天机电,4.57,4.48,4.59,4.45,9491858,42747887.0,0.6618,-1.5385,1434248716.0,6425434247.68,2026-07-14
2020-05-18,sh.600151,航天机电,4.55,4.6,4.65,4.44,13626479,62079347.0,0.9501,2.6786,1434215241.0,6597390108.599999,2026-07-14
2020-05-19,sh.600151,航天机电,4.62,4.53,4.62,4.5,7583800,34349804.0,0.5288,-1.5217,1434152799.0,6496712179.47,2026-07-14
2020-05-20,sh.600151,航天机电,4.52,4.5,4.54,4.42,11058613,49355320.0,0.771,-0.6623,1434320752.0,6454443384.0,2026-07-14
2020-05-21,sh.600151,航天机电,4.49,4.52,4.58,4.45,7446938,33637564.0,0.5192,0.4444,1434310092.0,6483081615.839999,2026-07-14
2020-05-22,sh.600151,航天机电,4.52,4.58,4.61,4.41,12445097,56065296.0,0.8677,1.3274,1434262648.0,6568922927.84,2026-07-14
2020-05-25,sh.600151,航天机电,4.55,4.53,4.69,4.51,9573508,44009105.0,0.6675,-1.0917,1434233408.0,6497077338.240001,2026-07-14
2020-05-26,sh.600151,航天机电,4.54,4.61,4.62,4.51,9430946,43192519.0,0.6576,1.766,1434146290.0,6611414396.900001,2026-07-14
2020-05-27,sh.600151,航天机电,4.61,4.74,4.87,4.57,21347942,101649550.0,1.4884,2.8199,1434287960.0,6798524930.400001,2026-07-14
2020-05-28,sh.600151,航天机电,4.73,4.83,4.85,4.65,17195304,82030400.0,1.1989,1.8987,1434256735.0,6927460030.05,2026-07-14
2020-05-29,sh.600151,航天机电,4.83,4.9,4.96,4.76,17854069,87141225.0,1.2448,1.4493,1434292175.0,7028031657.500001,2026-07-14
2020-06-01,sh.600151,航天机电,4.92,4.87,4.95,4.85,17043871,83344581.0,1.1883,-0.6122,1434307077.0,6985075464.99,2026-07-14
2020-06-02,sh.600151,航天机电,4.88,4.9,5.04,4.86,18699827,92706316.0,1.3038,0.616,1434255791.0,7027853375.900001,2026-07-14
2020-06-03,sh.600151,航天机电,4.92,4.95,4.97,4.8,14034099,68491157.0,0.9785,1.0204,1434246193.0,7099518655.35,2026-07-14
2020-06-04,sh.600151,航天机电,4.91,4.96,5.01,4.91,10966953,54336384.0,0.7646,0.202,1434338608.0,7114319495.68,2026-07-14
2020-06-05,sh.600151,航天机电,4.97,5.01,5.02,4.85,18443120,91274060.0,1.2859,1.0081,1434257718.0,7185631167.179999,2026-07-14
2020-06-08,sh.600151,航天机电,5.0,5.07,5.08,4.98,14990061,75539103.0,1.0451,1.1976,1434318343.0,7271993999.01,2026-07-14
2020-06-09,sh.600151,航天机电,5.06,5.02,5.06,4.97,11491824,57570490.0,0.8012,-0.9862,1434326510.0,7200319080.2,2026-07-14
2020-06-10,sh.600151,航天机电,5.0,4.9,5.0,4.83,11882277,58180177.0,0.8285,-2.3904,1434191551.0,7027538599.900001,2026-07-14
2020-06-11,sh.600151,航天机电,4.9,4.95,5.06,4.86,19772823,98377172.0,1.3786,1.0204,1434268316.0,7099628164.2,2026-07-14
2020-06-12,sh.600151,航天机电,4.86,5.25,5.44,4.79,49510485,256652745.0,3.452,6.0606,1434255070.0,7529839117.5,2026-07-14
2020-06-15,sh.600151,航天机电,5.25,5.1,5.32,5.1,25339601,131220136.0,1.7667,-2.8571,1434289976.0,7314878877.599999,2026-07-14
2020-06-16,sh.600151,航天机电,5.14,5.1,5.17,5.07,11732146,59979208.0,0.818,0.0,1434247677.0,7314663152.7,2026-07-14
2020-06-17,sh.600151,航天机电,5.08,5.12,5.17,5.06,11224393,57312953.0,0.7826,0.3922,1434243930.0,7343328921.6,2026-07-14
2020-06-18,sh.600151,航天机电,5.12,5.09,5.15,5.06,7849956,39891271.0,0.5473,-0.5859,1434305865.0,7300616852.849999,2026-07-14
2020-06-19,sh.600151,航天机电,5.09,5.0,5.09,4.96,13899532,69521108.0,0.9691,-1.7682,1434272211.0,7171361055.0,2026-07-14
2020-06-22,sh.600151,航天机电,4.98,4.98,5.03,4.92,11693267,58124055.0,0.8153,-0.4,1434228750.0,7142459175.000001,2026-07-14
2020-06-23,sh.600151,航天机电,5.0,4.92,5.0,4.86,12736221,62605872.0,0.888,-1.2048,1434259122.0,7056554880.24,2026-07-14
2020-06-24,sh.600151,航天机电,4.92,4.93,4.96,4.86,6885093,33926066.0,0.48,0.2032,1434394375.0,7071564268.75,2026-07-14
2020-06-29,sh.600151,航天机电,4.93,4.81,4.95,4.8,9157600,44303437.0,0.6385,-2.4341,1434236492.0,6898677526.5199995,2026-07-14
2020-06-30,sh.600151,航天机电,4.82,4.83,4.91,4.82,7369570,35815895.0,0.5138,0.4158,1434326586.0,6927797410.38,2026-07-14
2020-07-01,sh.600151,航天机电,4.83,4.81,4.87,4.79,7294401,35172610.0,0.5086,-0.4141,1434211758.0,6898558555.98,2026-07-14
2020-07-02,sh.600151,航天机电,4.81,5.0,5.04,4.76,16429952,80814446.0,1.1455,3.9501,1434303972.0,7171519860.0,2026-07-14
2020-07-03,sh.600151,航天机电,5.0,4.96,5.04,4.94,13098348,65245061.0,0.9133,-0.8,1434178036.0,7113523058.56,2026-07-14
2020-07-06,sh.600151,航天机电,4.97,5.16,5.17,4.96,22950046,116854172.0,1.6001,4.0323,1434288232.0,7400927277.12,2026-07-14
2020-07-07,sh.600151,航天机电,5.21,5.1,5.24,5.09,24247034,125126227.0,1.6906,-1.1628,1434226547.0,7314555389.7,2026-07-14
2020-07-08,sh.600151,航天机电,5.11,5.3,5.39,5.07,43123840,226820219.0,3.0067,3.9216,1434258157.0,7601568232.099999,2026-07-14
2020-07-09,sh.600151,航天机电,5.39,5.35,5.45,5.29,35094185,188162579.0,2.4469,0.9434,1434230455.0,7673132934.249999,2026-07-14
2020-07-10,sh.600151,航天机电,5.36,5.26,5.55,5.24,37441971,201105149.0,2.6106,-1.6822,1434228568.0,7544042267.679999,2026-07-14
2020-07-13,sh.600151,航天机电,5.26,5.35,5.38,5.22,28434710,150873122.0,1.9825,1.711,1434285498.0,7673427414.299999,2026-07-14
2020-07-14,sh.600151,航天机电,5.37,5.33,5.46,5.18,29035127,154586197.0,2.0244,-0.3738,1434258398.0,7644597261.34,2026-07-14
2020-07-15,sh.600151,航天机电,5.32,5.18,5.39,5.15,22057442,115540803.0,1.5379,-2.8143,1434257234.0,7429452472.12,2026-07-14
2020-07-16,sh.600151,航天机电,5.16,4.99,5.24,4.98,20271967,103567167.0,1.4134,-3.668,1434269634.0,7157005473.66,2026-07-14
2020-07-17,sh.600151,航天机电,4.97,5.0,5.08,4.88,15810953,78770861.0,1.1024,0.2004,1434230134.0,7171150670.0,2026-07-14
2020-07-20,sh.600151,航天机电,5.05,5.48,5.48,5.02,41310209,218986778.0,2.8803,9.6,1434232858.0,7859596061.84,2026-07-14
2020-07-21,sh.600151,航天机电,5.54,5.45,5.55,5.41,41090412,225113824.94,2.8649,-0.5474,1434270376.0,7816773549.2,2026-07-14
2020-07-22,sh.600151,航天机电,5.45,5.43,5.72,5.4,39252641,217770973.09,2.7368,-0.367,1434253179.0,7787994761.969999,2026-07-14
2020-07-23,sh.600151,航天机电,5.48,5.51,5.58,5.27,42850681,233387412.94,2.9877,1.4733,1434236403.0,7902642580.53,2026-07-14
2020-07-24,sh.600151,航天机电,5.53,5.39,5.73,5.39,61084483,337579016.91,4.259,-2.1779,1434244729.0,7730579089.309999,2026-07-14
2020-07-27,sh.600151,航天机电,5.34,5.16,5.39,5.08,32283983,167103998.69,2.2509,-4.2672,1434269981.0,7400833101.96,2026-07-14
2020-07-28,sh.600151,航天机电,5.14,5.17,5.22,5.09,18891885,97261300.55,1.3172,0.1938,1434245749.0,7415050522.33,2026-07-14
2020-07-29,sh.600151,航天机电,5.14,5.25,5.27,5.05,18684245,96486834.66,1.3027,1.5474,1434270745.0,7529921411.25,2026-07-14
2020-07-30,sh.600151,航天机电,5.22,5.15,5.34,5.13,17342721,90348608.38,1.2092,-1.9048,1434230979.0,7386289541.85,2026-07-14
2020-07-31,sh.600151,航天机电,5.15,5.18,5.23,5.07,13831762,71469582.93,0.9644,0.5825,1434234965.0,7429337118.7,2026-07-14
2020-08-03,sh.600151,航天机电,5.21,5.6,5.64,5.21,51430013,282203641.44,3.5858,8.1081,1434268866.0,8031905649.599999,2026-07-14
2020-08-04,sh.600151,航天机电,5.6,5.39,5.62,5.36,30578252,166351444.9,2.132,-3.75,1434251970.0,7730618118.299999,2026-07-14
2020-08-05,sh.600151,航天机电,5.41,5.67,5.77,5.34,50303443,280811495.31,3.5073,5.1948,1434249793.0,8132196326.309999,2026-07-14
2020-08-06,sh.600151,航天机电,5.68,5.68,5.77,5.53,41551336,235607155.86,2.8971,0.1764,1434238929.0,8146477116.719999,2026-07-14
2020-08-07,sh.600151,航天机电,5.72,6.25,6.25,5.69,55994226,338671808.09,3.9041,10.0352,1434241592.0,8964009950.0,2026-07-14
2020-08-10,sh.600151,航天机电,6.88,6.88,6.88,6.61,67333243,461842026.14,4.6947,10.08,1434239525.0,9867567932.0,2026-07-14
2020-08-11,sh.600151,航天机电,7.29,7.57,7.57,7.0,220145041,1631054432.57,15.3491,10.0291,1434253741.0,10857300819.37,2026-07-14
2020-08-12,sh.600151,航天机电,7.41,6.81,7.41,6.81,173079957,1207356041.93,12.0676,-10.0396,1434253348.0,9767265299.88,2026-07-14
2020-08-13,sh.600151,航天机电,6.87,7.49,7.49,6.87,146111265,1063119473.1,10.1873,9.9853,1434249163.0,10742526230.87,2026-07-14
2020-08-14,sh.600151,航天机电,7.72,7.36,8.08,7.08,160141271,1214102724.42,11.1655,-1.7356,1434250781.0,10556085748.16,2026-07-14
2020-08-17,sh.600151,航天机电,7.52,7.68,8.08,7.36,135072371,1050988924.3,9.4176,4.3478,1434254704.0,11015076126.72,2026-07-14
2020-08-18,sh.600151,航天机电,7.3,8.45,8.45,7.18,148858293,1155365021.41,10.3788,10.026,1434253411.0,12119441322.949999,2026-07-14
2020-08-19,sh.600151,航天机电,8.53,8.5,9.24,8.12,167351670,1454359050.34,11.6682,0.5917,1434254384.0,12191162264.0,2026-07-14
2020-08-20,sh.600151,航天机电,8.24,8.3,8.63,7.82,89144789,733204611.94,6.2154,-2.3529,1434256669.0,11904330352.7,2026-07-14
2020-08-21,sh.600151,航天机电,8.28,7.98,8.54,7.85,76567059,619941641.42,5.3385,-3.8554,1434242933.0,11445258605.34,2026-07-14
2020-08-24,sh.600151,航天机电,7.88,7.9,8.0,7.35,71120022,546818394.17,4.9587,-1.0025,1434247323.0,11330553851.7,2026-07-14
2020-08-25,sh.600151,航天机电,7.82,7.6,8.19,7.56,56936459,447323422.7,3.9698,-3.7975,1434239987.0,10900223901.199999,2026-07-14
2020-08-26,sh.600151,航天机电,7.55,7.23,7.7,7.14,58983813,434323809.88,4.1125,-4.8684,1434256851.0,10369677032.730001,2026-07-14
2020-08-27,sh.600151,航天机电,7.23,7.67,7.86,7.1,61603180,462057222.77,4.2951,6.0858,1434266490.0,11000823978.3,2026-07-14
2020-08-28,sh.600151,航天机电,7.6,7.78,8.05,7.5,52542679,411718120.06,3.6634,1.4342,1434259950.0,11158542411.0,2026-07-14
2020-08-31,sh.600151,航天机电,8.18,8.56,8.56,7.94,77803286,648426215.37,5.4247,10.0257,1434241267.0,12277105245.52,2026-07-14
2020-09-01,sh.600151,航天机电,8.81,8.54,9.12,8.41,115225672,1009018520.08,8.0338,-0.2336,1434261147.0,12248590195.38,2026-07-14
2020-09-02,sh.600151,航天机电,8.52,8.29,8.78,8.2,72649169,610440720.45,5.0653,-2.9274,1434252048.0,11889949477.919998,2026-07-14
2020-09-03,sh.600151,航天机电,8.18,8.32,8.56,8.04,51065530,428194383.5,3.5604,0.3619,1434263847.0,11933075207.04,2026-07-14
2020-09-04,sh.600151,航天机电,8.1,8.2,8.34,8.01,34746029,282637658.09,2.4226,-1.4423,1434245398.0,11760812263.599998,2026-07-14
2020-09-07,sh.600151,航天机电,8.15,7.7,8.2,7.65,55087706,436312917.88,3.8409,-6.0976,1434239527.0,11043644357.9,2026-07-14
2020-09-08,sh.600151,航天机电,7.7,7.85,7.88,7.49,35488080,273708386.55,2.4743,1.9481,1434267470.0,11258999639.5,2026-07-14
2020-09-09,sh.600151,航天机电,7.75,7.52,7.82,7.25,40509416,305101483.1,2.8244,-4.2038,1434266251.0,10785682207.519999,2026-07-14
2020-09-10,sh.600151,航天机电,7.6,7.38,7.74,7.35,30427825,229640978.98,2.1215,-1.8617,1434259958.0,10584838490.039999,2026-07-14
2020-09-11,sh.600151,航天机电,7.46,7.92,7.95,7.18,56128513,432729138.22,3.9134,7.3171,1434264655.0,11359376067.6,2026-07-14
2020-09-14,sh.600151,航天机电,8.18,7.81,8.18,7.68,44973100,354077846.22,3.1356,-1.3889,1434274142.0,11201681049.019999,2026-07-14
2020-09-15,sh.600151,航天机电,7.88,8.59,8.59,7.73,51096416,427859271.54,3.5626,9.9872,1434245102.0,12320165426.18,2026-07-14
2020-09-16,sh.600151,航天机电,8.88,8.53,8.88,8.26,82309804,711041124.48,5.7389,-0.6985,1434243566.0,12234097617.98,2026-07-14
2020-09-17,sh.600151,航天机电,8.6,8.61,8.83,8.36,46252629,396231141.66,3.2249,0.9379,1434234519.0,12348759208.589998,2026-07-14
2020-09-18,sh.600151,航天机电,8.55,8.52,8.97,8.35,59449738,513256136.13,4.145,-1.0453,1434251821.0,12219825514.92,2026-07-14
2020-09-21,sh.600151,航天机电,8.49,9.37,9.37,8.48,39808848,363884847.63,2.7756,9.9765,1434242974.0,13438856666.38,2026-07-14
2020-09-22,sh.600151,航天机电,9.3,8.43,9.3,8.43,79325199,690680634.45,5.5308,-10.032,1434244576.0,12090681775.68,2026-07-14
2020-09-23,sh.600151,航天机电,7.59,7.59,7.94,7.59,159375253,1218721005.03,11.1121,-9.9644,1434249629.0,10885954684.11,2026-07-14
2020-09-24,sh.600151,航天机电,7.41,7.63,7.93,7.32,73126915,557707280.71,5.0986,0.527,1434254795.0,10943364085.85,2026-07-14
2020-09-25,sh.600151,航天机电,7.51,7.42,7.68,7.21,48566972,358406532.84,3.3862,-2.7523,1434261768.0,10642222318.56,2026-07-14
2020-09-28,sh.600151,航天机电,7.41,6.9,7.41,6.7,70520581,491123432.04,4.9169,-7.0081,1434248836.0,9896316968.4,2026-07-14
2020-09-29,sh.600151,航天机电,6.96,6.9,7.04,6.71,35914621,248226076.23,2.5041,0.0,1434232698.0,9896205616.2,2026-07-14
2020-09-30,sh.600151,航天机电,6.9,7.01,7.24,6.85,44878318,316564095.19,3.129,1.5942,1434270310.0,10054234873.1,2026-07-14
2020-10-09,sh.600151,航天机电,7.2,7.2,7.31,7.08,35353609,254394878.07,2.465,2.7104,1434223489.0,10326409120.800001,2026-07-14
2020-10-12,sh.600151,航天机电,7.23,7.61,7.62,7.11,54644207,404385881.42,3.8099,5.6944,1434268800.0,10914785568.0,2026-07-14
2020-10-13,sh.600151,航天机电,7.52,7.9,8.2,7.47,60262518,476351311.18,4.2017,3.8108,1434241331.0,11330506514.9,2026-07-14
2020-10-14,sh.600151,航天机电,7.77,7.67,7.96,7.63,36429184,281664589.61,2.5399,-2.9114,1434276310.0,11000899297.7,2026-07-14
2020-10-15,sh.600151,航天机电,7.73,7.65,7.86,7.54,24975267,191483530.88,1.7413,-0.2608,1434288577.0,10972307614.050001,2026-07-14
2020-10-16,sh.600151,航天机电,7.64,7.82,8.06,7.42,48782299,380608794.19,3.4012,2.2222,1434267288.0,11215970192.16,2026-07-14
2020-10-19,sh.600151,航天机电,7.94,7.73,7.94,7.65,27593457,214064074.03,1.9239,-1.1509,1434245907.0,11086720861.11,2026-07-14
2020-10-20,sh.600151,航天机电,7.58,7.68,7.73,7.53,19440723,148299884.94,1.3555,-0.6468,1434210476.0,11014736455.68,2026-07-14
2020-10-21,sh.600151,航天机电,7.68,7.49,7.73,7.43,22025132,166146328.32,1.5357,-2.474,1434207983.0,10742217792.67,2026-07-14
2020-10-22,sh.600151,航天机电,7.45,7.39,7.49,7.28,15830833,116761027.9,1.1038,-1.3351,1434212086.0,10598827315.539999,2026-07-14
2020-10-23,sh.600151,航天机电,7.44,7.48,7.64,7.4,19884959,149652487.71,1.3864,1.2179,1434287291.0,10728468936.68,2026-07-14
2020-10-26,sh.600151,航天机电,7.43,7.58,7.65,7.22,17860554,133916887.06,1.2453,1.3369,1434237051.0,10871516846.58,2026-07-14
2020-10-27,sh.600151,航天机电,7.56,7.59,7.67,7.5,11729366,88791987.58,0.8178,0.1319,1434258498.0,10886021999.82,2026-07-14
2020-10-28,sh.600151,航天机电,7.64,7.4,7.64,7.36,18641017,138751007.98,1.2997,-2.5033,1434255367.0,10613489715.800001,2026-07-14
2020-10-29,sh.600151,航天机电,7.3,7.23,7.32,7.16,14166020,102586636.37,0.9877,-2.2973,1434243191.0,10369578270.93,2026-07-14
2020-10-30,sh.600151,航天机电,7.26,6.96,7.33,6.94,19097911,136476445.98,1.3316,-3.7344,1434207795.0,9982086253.2,2026-07-14
2020-11-02,sh.600151,航天机电,6.9,7.2,7.25,6.29,66293429,448429706.72,4.6222,3.4483,1434239734.0,10326526084.800001,2026-07-14
2020-11-03,sh.600151,航天机电,7.2,7.43,7.65,7.15,37620477,278752475.67,2.623,3.1944,1434253793.0,10656505681.99,2026-07-14
2020-11-04,sh.600151,航天机电,7.46,7.4,7.51,7.24,22068501,162817423.13,1.5387,-0.4038,1434230259.0,10613303916.6,2026-07-14
2020-11-05,sh.600151,航天机电,7.47,7.42,7.54,7.27,21224093,156669551.84,1.4798,0.2703,1434254156.0,10642165837.52,2026-07-14
2020-11-06,sh.600151,航天机电,7.42,7.4,7.51,7.2,19528600,143413689.4,1.3616,-0.2695,1434239130.0,10613369562.0,2026-07-14
2020-11-09,sh.600151,航天机电,7.4,7.41,7.52,7.31,24886759,184511839.57,1.7352,0.1351,1434230002.0,10627644314.82,2026-07-14
2020-11-10,sh.600151,航天机电,7.42,7.17,7.43,7.1,30730627,221833320.78,2.1426,-3.2389,1434268039.0,10283701839.63,2026-07-14
2020-11-11,sh.600151,航天机电,7.2,6.92,7.21,6.89,24694422,173355075.91,1.7218,-3.4868,1434221280.0,9924811257.6,2026-07-14
2020-11-12,sh.600151,航天机电,6.95,6.96,7.12,6.84,25651840,178391370.49,1.7885,0.578,1434265586.0,9982488478.56,2026-07-14
2020-11-13,sh.600151,航天机电,6.93,6.86,6.93,6.71,22621860,153867148.03,1.5773,-1.4368,1434214163.0,9838709158.18,2026-07-14
2020-11-16,sh.600151,航天机电,6.98,6.85,6.99,6.78,16015928,109957337.79,1.1167,-0.1458,1434219396.0,9824402862.6,2026-07-14
2020-11-17,sh.600151,航天机电,6.85,6.63,6.86,6.55,23974278,159334379.47,1.6716,-3.2117,1434211414.0,9508821674.82,2026-07-14
2020-11-18,sh.600151,航天机电,6.56,7.08,7.1,6.46,50703685,344929773.97,3.5352,6.7873,1434252235.0,10154505823.8,2026-07-14
2020-11-19,sh.600151,航天机电,6.98,7.62,7.79,6.95,99328170,756579105.06,6.9254,7.6271,1434258960.0,10929053275.2,2026-07-14
2020-11-20,sh.600151,航天机电,7.68,7.49,7.77,7.4,61250103,464517735.31,4.2705,-1.706,1434260695.0,10742612605.550001,2026-07-14
2020-11-23,sh.600151,航天机电,7.56,7.44,7.65,7.38,41793368,313559358.73,2.9139,-0.6676,1434275988.0,10671013350.720001,2026-07-14
2020-11-24,sh.600151,航天机电,7.46,7.6,7.88,7.46,45124762,346377740.35,3.1462,2.1505,1434262348.0,10900393844.8,2026-07-14
2020-11-25,sh.600151,航天机电,7.52,7.59,7.82,7.46,38883618,295816822.74,2.7111,-0.1316,1434237689.0,10885864059.51,2026-07-14
2020-11-26,sh.600151,航天机电,7.57,7.66,7.76,7.51,35327230,271495278.1,2.4631,0.9223,1434258861.0,10986422875.26,2026-07-14
2020-11-27,sh.600151,航天机电,7.71,7.59,7.71,7.4,35905586,271173229.27,2.5034,-0.9138,1434272829.0,10886130772.11,2026-07-14
2020-11-30,sh.600151,航天机电,7.54,7.38,7.65,7.35,30232361,227167691.87,2.1079,-2.7668,1434240761.0,10584696816.18,2026-07-14
2020-12-01,sh.600151,航天机电,7.37,7.74,7.87,7.35,47837487,365827705.57,3.3354,4.878,1434235384.0,11100981872.16,2026-07-14
2020-12-02,sh.600151,航天机电,7.75,8.16,8.48,7.75,74668842,615567088.23,5.2061,5.4264,1434256776.0,11703535292.16,2026-07-14
2020-12-03,sh.600151,航天机电,8.1,7.58,8.16,7.5,63945587,497519985.14,4.4585,-7.1078,1434239924.0,10871538623.92,2026-07-14
2020-12-04,sh.600151,航天机电,7.6,7.58,7.63,7.45,25072672,189420607.7,1.7481,0.0,1434281334.0,10871852511.72,2026-07-14
2020-12-07,sh.600151,航天机电,7.59,7.44,7.62,7.41,22107900,165888070.99,1.5414,-1.847,1434274037.0,10670998835.28,2026-07-14
2020-12-08,sh.600151,航天机电,7.44,7.53,7.64,7.39,22075667,165590418.89,1.5392,1.2097,1434229925.0,10799751335.25,2026-07-14
2020-12-09,sh.600151,航天机电,7.55,7.34,7.57,7.27,20553779,152539271.26,1.4331,-2.5232,1434218059.0,10527160553.06,2026-07-14
2020-12-10,sh.600151,航天机电,7.35,7.37,7.41,7.24,13357126,97856257.4,0.9313,0.4087,1434245249.0,10570387485.130001,2026-07-14
2020-12-11,sh.600151,航天机电,7.37,7.04,7.37,6.98,25370322,180040253.8,1.7689,-4.4776,1434242863.0,10097069755.52,2026-07-14
2020-12-14,sh.600151,航天机电,7.09,7.44,7.48,6.97,21505115,156120496.41,1.4994,5.6818,1434248033.0,10670805365.52,2026-07-14
2020-12-15,sh.600151,航天机电,7.5,7.44,7.51,7.36,14463428,107480768.04,1.0084,0.0,1434294724.0,10671152746.560001,2026-07-14
2020-12-16,sh.600151,航天机电,7.45,7.45,7.55,7.32,16861023,125872832.4,1.1756,0.1344,1434248299.0,10685149827.550001,2026-07-14
2020-12-17,sh.600151,航天机电,7.4,7.49,7.55,7.33,13975711,104157852.05,0.9744,0.5369,1434288896.0,10742823831.04,2026-07-14
2020-12-18,sh.600151,航天机电,7.5,7.7,7.78,7.44,37344055,285903235.85,2.6037,2.8037,1434268733.0,11043869244.1,2026-07-14
2020-12-21,sh.600151,航天机电,7.65,7.89,8.0,7.64,38283112,300581538.81,2.6692,2.4675,1434254159.0,11316265314.51,2026-07-14
2020-12-22,sh.600151,航天机电,7.9,7.78,8.1,7.73,37508335,296502866.21,2.6152,-1.3942,1434243461.0,11158414126.58,2026-07-14
2020-12-23,sh.600151,航天机电,7.87,8.13,8.16,7.79,46115429,370528463.15,3.2153,4.4987,1434249650.0,11660449654.500002,2026-07-14
2020-12-24,sh.600151,航天机电,8.12,8.08,8.4,8.01,40387596,331052004.7,2.8159,-0.615,1434269541.0,11588897891.28,2026-07-14
2020-12-25,sh.600151,航天机电,8.03,8.16,8.21,7.93,27990584,226337207.14,1.9516,0.9901,1434237754.0,11703380072.64,2026-07-14
2020-12-28,sh.600151,航天机电,8.18,8.45,8.47,8.1,40362741,334913141.07,2.8142,3.5539,1434252754.0,12119435771.3,2026-07-14
2020-12-29,sh.600151,航天机电,8.4,8.55,8.95,8.3,51532640,442972921.79,3.593,1.1834,1434251044.0,12262846426.2,2026-07-14
2020-12-30,sh.600151,航天机电,8.45,8.44,8.65,8.34,30595140,259697235.03,2.1332,-1.2865,1434236827.0,12104958819.88,2026-07-14
2020-12-31,sh.600151,航天机电,8.49,8.65,8.8,8.47,35683692,308583440.76,2.488,2.4882,1434231994.0,12406106748.1,2026-07-14
2021-01-04,sh.600151,航天机电,8.7,9.22,9.4,8.67,61746714,568220950.44,4.3052,6.5896,1434235668.0,13223652858.960001,2026-07-14
2021-01-05,sh.600151,航天机电,9.2,9.59,9.96,9.1,69541622,666734036.84,4.8486,4.013,1434261890.0,13754571525.1,2026-07-14
2021-01-06,sh.600151,航天机电,9.48,9.65,10.15,9.36,62929269,615239940.79,4.3876,0.6257,1434252644.0,13840538014.6,2026-07-14
2021-01-07,sh.600151,航天机电,9.7,9.56,9.75,9.33,49802296,474992550.62,3.4724,-0.9326,1434232692.0,13711264535.52,2026-07-14
2021-01-08,sh.600151,航天机电,9.56,9.4,9.57,9.0,43291726,400741449.83,3.0184,-1.6736,1434260734.0,13482050899.6,2026-07-14
2021-01-11,sh.600151,航天机电,9.32,8.79,9.45,8.66,47637183,430430211.84,3.3214,-6.4894,1434250105.0,12607058422.949999,2026-07-14
2021-01-12,sh.600151,航天机电,8.87,9.45,9.55,8.79,43744710,407512988.4,3.05,7.5085,1434252787.0,13553688837.15,2026-07-14
2021-01-13,sh.600151,航天机电,9.43,9.07,9.44,8.89,38242055,348600214.25,2.6663,-4.0212,1434274275.0,13008867674.25,2026-07-14
2021-01-14,sh.600151,航天机电,8.98,8.43,9.07,8.24,41223467,352993511.38,2.8742,-7.0562,1434258820.0,12090801852.6,2026-07-14
2021-01-15,sh.600151,航天机电,8.5,8.47,8.84,8.28,27230344,232015535.2,1.8986,0.4745,1434232803.0,12147951841.410002,2026-07-14
2021-01-18,sh.600151,航天机电,8.61,8.75,8.9,8.49,25251904,220870586.15,1.7606,3.3058,1434278314.0,12549935247.5,2026-07-14
2021-01-19,sh.600151,航天机电,8.72,8.53,9.03,8.45,24440568,212755974.9,1.7041,-2.5143,1434221466.0,12233909104.98,2026-07-14
2021-01-20,sh.600151,航天机电,8.51,8.53,8.69,8.42,12998005,110860520.81,0.9063,0.0,1434183493.0,12233585195.289999,2026-07-14
2021-01-21,sh.600151,航天机电,8.54,8.4,8.65,8.36,23530643,199516588.06,1.6406,-1.524,1434270572.0,12047872804.800001,2026-07-14
2021-01-22,sh.600151,航天机电,8.43,8.27,8.45,8.0,23634872,194333434.48,1.6479,-1.5476,1434241884.0,11861180380.68,2026-07-14
2021-01-25,sh.600151,航天机电,8.3,8.08,8.4,8.01,29850514,245253073.33,2.0813,-2.2975,1434224475.0,11588533758.0,2026-07-14
2021-01-26,sh.600151,航天机电,8.09,7.89,8.23,7.85,25134300,201042314.96,1.7524,-2.3515,1434278703.0,11316458966.67,2026-07-14
2021-01-27,sh.600151,航天机电,7.83,7.88,7.97,7.61,24098496,188885958.61,1.6802,-0.1267,1434263540.0,11301996695.2,2026-07-14
2021-01-28,sh.600151,航天机电,7.87,7.85,8.05,7.76,25671897,202826125.0,1.7899,-0.3807,1434264316.0,11258974880.6,2026-07-14
2021-01-29,sh.600151,航天机电,7.76,7.54,7.91,7.45,29365373,223195960.75,2.0474,-3.949,1434276302.0,10814443317.08,2026-07-14
2021-02-01,sh.600151,航天机电,7.54,7.71,7.86,7.5,17272708,133498336.85,1.2043,2.2546,1434252927.0,11058090067.17,2026-07-14
2021-02-02,sh.600151,航天机电,7.64,8.13,8.39,7.62,30130990,241439866.81,2.1008,5.4475,1434262662.0,11660555442.060001,2026-07-14
2021-02-03,sh.600151,航天机电,8.05,7.92,8.23,7.89,17939055,144703699.31,1.2508,-2.583,1434206508.0,11358915543.36,2026-07-14
2021-02-04,sh.600151,航天机电,7.83,8.71,8.71,7.5,63727292,523853749.18,4.4432,9.9747,1434265664.0,12492453933.44,2026-07-14
2021-02-05,sh.600151,航天机电,8.76,8.19,8.85,8.08,50074154,421752198.63,3.4913,-5.9701,1434255263.0,11746550603.97,2026-07-14
2021-02-08,sh.600151,航天机电,8.22,7.95,8.25,7.6,35222483,276280255.48,2.4558,-2.9304,1434256983.0,11402343014.85,2026-07-14
2021-02-09,sh.600151,航天机电,7.95,8.62,8.74,7.82,51325470,433567901.9,3.5786,8.4277,1434233220.0,12363090356.4,2026-07-14
2021-02-10,sh.600151,航天机电,8.63,8.52,8.67,8.35,32973259,279429096.89,2.299,-1.1601,1434243541.0,12219754969.32,2026-07-14
2021-02-18,sh.600151,航天机电,8.41,8.65,8.8,8.41,24930720,216096685.73,1.7382,1.5258,1434283742.0,12406554368.300001,2026-07-14
2021-02-19,sh.600151,航天机电,8.76,9.32,9.44,8.58,43368707,395692338.89,3.0238,7.7457,1434245221.0,13367165459.720001,2026-07-14
2021-02-22,sh.600151,航天机电,9.28,9.13,9.43,9.13,34558689,319015591.84,2.4095,-2.0386,1434268064.0,13094867424.320002,2026-07-14
2021-02-23,sh.600151,航天机电,9.02,9.5,9.76,9.0,44859344,425610208.16,3.1277,4.0526,1434259808.0,13625468176.0,2026-07-14
2021-02-24,sh.600151,航天机电,9.55,9.31,9.75,9.18,31686638,299032253.03,2.2093,-2.0,1434238809.0,13352763311.79,2026-07-14
2021-02-25,sh.600151,航天机电,9.32,9.43,9.75,9.32,31909194,303762118.85,2.2248,1.2889,1434250000.0,13524977500.0,2026-07-14
2021-02-26,sh.600151,航天机电,9.25,9.72,10.06,9.01,47991776,464866270.07,3.3461,3.0753,1434260064.0,13941007822.080002,2026-07-14
2021-03-01,sh.600151,航天机电,9.55,9.66,9.66,9.25,35964135,341278475.37,2.5075,-0.6173,1434262612.0,13854976831.92,2026-07-14
2021-03-02,sh.600151,航天机电,9.68,9.77,9.95,9.61,28124122,274292597.85,1.9609,1.1387,1434245602.0,14012579531.539999,2026-07-14
2021-03-03,sh.600151,航天机电,9.51,9.81,9.95,9.51,26960099,263795118.96,1.8797,0.4094,1434276693.0,14070254358.33,2026-07-14
2021-03-04,sh.600151,航天机电,9.77,9.74,10.07,9.65,29718757,292412178.8,2.0721,-0.7136,1434233724.0,13969436471.76,2026-07-14
2021-03-05,sh.600151,航天机电,9.64,9.8,9.9,9.25,31394981,301512705.36,2.1889,0.616,1434281191.0,14055955671.800001,2026-07-14
2021-03-08,sh.600151,航天机电,9.81,9.24,9.99,9.24,35378655,340024275.97,2.4667,-5.7143,1434250416.0,13252473843.84,2026-07-14
2021-03-09,sh.600151,航天机电,9.29,9.16,9.49,8.6,40598330,367155029.3,2.8306,-0.8658,1434265880.0,13137875460.800001,2026-07-14
2021-03-10,sh.600151,航天机电,9.22,9.0,9.37,8.8,20169161,181745455.68,1.4062,-1.7467,1434302446.0,12908722014.0,2026-07-14
2021-03-11,sh.600151,航天机电,9.07,9.09,9.13,8.91,16955552,152924990.93,1.1822,1.0,1434237185.0,13037216011.65,2026-07-14
2021-03-12,sh.600151,航天机电,9.15,9.07,9.15,8.91,13767238,124196756.27,0.9599,-0.22,1434236691.0,13008526787.37,2026-07-14
2021-03-15,sh.600151,航天机电,9.07,9.72,9.9,8.9,29270983,275048333.88,2.0409,7.1665,1434219364.0,13940612218.080002,2026-07-14
2021-03-16,sh.600151,航天机电,9.58,9.64,9.87,9.5,21909738,211743259.77,1.5276,-0.823,1434258837.0,13826255188.68,2026-07-14
2021-03-17,sh.600151,航天机电,9.7,9.93,10.06,9.52,31454633,310829609.11,2.1931,3.0083,1434254389.0,14242146082.77,2026-07-14
2021-03-18,sh.600151,航天机电,9.99,10.29,10.42,9.81,39407377,402248043.7,2.7476,3.6254,1434247234.0,14758404037.859999,2026-07-14
2021-03-19,sh.600151,航天机电,10.13,9.83,10.37,9.59,45023940,450992625.78,3.1392,-4.4704,1434248853.0,14098666224.99,2026-07-14
2021-03-22,sh.600151,航天机电,9.61,10.1,10.3,9.61,35294896,355081141.35,2.4609,2.7467,1434227153.0,14485694245.3,2026-07-14
2021-03-23,sh.600151,航天机电,10.02,9.34,10.09,9.29,42341519,406226095.44,2.9522,-7.5248,1434236129.0,13395765444.86,2026-07-14
2021-03-24,sh.600151,航天机电,9.19,8.41,9.4,8.41,54771291,481483715.23,3.8188,-9.9572,1434253980.0,12062075971.800001,2026-07-14
2021-03-25,sh.600151,航天机电,8.19,7.58,8.2,7.57,91237212,709967435.02,6.3613,-9.8692,1434254193.0,10871646782.94,2026-07-14
2021-03-26,sh.600151,航天机电,7.4,7.43,7.56,7.18,65485627,483411806.29,4.5658,-1.9789,1434264028.0,10656581728.039999,2026-07-14
2021-03-29,sh.600151,航天机电,7.45,7.48,7.67,7.28,39687425,298593283.99,2.7671,0.6729,1434260598.0,10728269273.04,2026-07-14
2021-03-30,sh.600151,航天机电,7.45,7.6,7.73,7.4,29578755,225157617.81,2.0623,1.6043,1434260534.0,10900380058.4,2026-07-14
2021-03-31,sh.600151,航天机电,7.6,7.59,7.63,7.39,19416297,145564745.81,1.3538,-0.1316,1434207195.0,10885632610.05,2026-07-14
2021-04-01,sh.600151,航天机电,7.58,7.5,7.64,7.45,14312250,107747323.57,0.9979,-1.1858,1434236897.0,10756776727.5,2026-07-14
2021-04-02,sh.600151,航天机电,7.51,7.4,7.55,7.4,20512566,152810295.75,1.4302,-1.3333,1434244581.0,10613409899.4,2026-07-14
2021-04-06,sh.600151,航天机电,7.4,7.43,7.51,7.39,15023267,111589120.67,1.0475,0.4054,1434202100.0,10656121603.0,2026-07-14
2021-04-07,sh.600151,航天机电,7.41,7.17,7.41,6.92,55501481,397075054.39,3.8697,-3.4993,1434257979.0,10283629709.43,2026-07-14
2021-04-08,sh.600151,航天机电,7.16,7.39,7.51,7.05,41929274,308365050.47,2.9234,3.0683,1434264008.0,10599211019.119999,2026-07-14
2021-04-09,sh.600151,航天机电,7.36,7.34,7.42,7.24,16796152,122957317.64,1.1711,-0.6766,1434220135.0,10527175790.9,2026-07-14
2021-04-12,sh.600151,航天机电,7.34,7.18,7.34,7.1,20023548,143622438.22,1.3961,-2.1798,1434248836.0,10297906642.48,2026-07-14
2021-04-13,sh.600151,航天机电,7.14,7.11,7.19,7.06,10307958,73286565.22,0.7187,-0.9749,1434250452.0,10197520713.720001,2026-07-14
2021-04-14,sh.600151,航天机电,7.01,7.14,7.18,7.01,14678839,104046365.2,1.0234,0.4219,1434320793.0,10241050462.02,2026-07-14
2021-04-15,sh.600151,航天机电,7.1,7.09,7.19,7.04,8416291,59717940.83,0.5868,-0.7003,1434269087.0,10168967826.83,2026-07-14
2021-04-16,sh.600151,航天机电,7.07,7.48,7.52,7.07,36458973,269808108.76,2.542,5.5007,1434263297.0,10728289461.560001,2026-07-14
2021-04-19,sh.600151,航天机电,7.53,7.61,7.68,7.53,25398594,193072664.94,1.7709,1.738,1434219549.0,10914410767.890001,2026-07-14
2021-04-20,sh.600151,航天机电,7.62,7.81,8.05,7.56,37536788,293387334.3,2.6172,2.6281,1434234602.0,11201372241.619999,2026-07-14
2021-04-21,sh.600151,航天机电,7.77,8.05,8.11,7.72,29936873,239967351.52,2.0873,3.073,1434239113.0,11545624859.650002,2026-07-14
2021-04-22,sh.600151,航天机电,8.06,8.03,8.1,7.9,22354213,178643290.24,1.5586,-0.2484,1434249519.0,11517023637.57,2026-07-14
2021-04-23,sh.600151,航天机电,8.02,8.2,8.33,7.93,24554905,201036487.54,1.712,2.1171,1434281834.0,11761111038.8,2026-07-14
2021-04-26,sh.600151,航天机电,8.18,8.0,8.3,7.95,25128417,204157537.5,1.752,-2.439,1434270377.0,11474163016.0,2026-07-14
2021-04-27,sh.600151,航天机电,7.99,7.98,8.06,7.8,21170618,168213605.38,1.4761,-0.25,1434226543.0,11445127813.140001,2026-07-14
2021-04-28,sh.600151,航天机电,7.97,8.42,8.45,7.9,31030604,255989395.33,2.1635,5.5138,1434277976.0,12076620557.92,2026-07-14
2021-04-29,sh.600151,航天机电,8.5,8.56,8.82,8.35,26793737,230949720.28,1.8681,1.6627,1434277448.0,12277414954.880001,2026-07-14
2021-04-30,sh.600151,航天机电,8.54,8.53,8.74,8.36,20351052,173012287.31,1.4189,-0.3505,1434283741.0,12234440310.73,2026-07-14
2021-05-06,sh.600151,航天机电,8.49,8.41,8.51,8.18,20256916,169478646.1,1.4124,-1.4068,1434219485.0,12061785868.85,2026-07-14
2021-05-07,sh.600151,航天机电,8.48,8.75,8.88,8.36,28292314,247061927.12,1.9726,4.0428,1434265132.0,12549819905.0,2026-07-14
2021-05-10,sh.600151,航天机电,8.75,8.79,8.81,8.46,23212634,200468644.18,1.6184,0.4571,1434295230.0,12607455071.699999,2026-07-14
2021-05-11,sh.600151,航天机电,8.72,8.87,8.97,8.67,19158727,169677249.28,1.3358,0.9101,1434251160.0,12721807789.199999,2026-07-14
2021-05-12,sh.600151,航天机电,8.8,9.03,9.09,8.78,20399625,183072696.6,1.4223,1.8038,1434270196.0,12951459869.88,2026-07-14
2021-05-13,sh.600151,航天机电,9.03,9.05,9.45,8.98,29235234,269988743.98,2.0384,0.2215,1434224588.0,12979732521.400002,2026-07-14
2021-05-14,sh.600151,航天机电,9.1,9.16,9.26,8.93,23750837,215323693.86,1.656,1.2155,1434229287.0,13137540268.92,2026-07-14
2021-05-17,sh.600151,航天机电,9.31,9.18,9.37,9.0,20573520,188992116.28,1.4344,0.2183,1434294479.0,13166823317.22,2026-07-14
2021-05-18,sh.600151,航天机电,9.25,9.51,9.52,9.12,29747878,279645942.23,2.0741,3.5948,1434254761.0,13639762777.11,2026-07-14
2021-05-19,sh.600151,航天机电,9.45,9.41,9.53,9.3,17045836,160882790.11,1.1885,-1.0515,1434231048.0,13496114161.68,2026-07-14
2021-05-20,sh.600151,航天机电,9.41,9.23,9.5,9.13,25744268,238345793.09,1.795,-1.9129,1434221058.0,13237860365.34,2026-07-14
2021-05-21,sh.600151,航天机电,9.2,9.11,9.27,8.69,27410477,246127991.24,1.9111,-1.3001,1434277484.0,13066267879.24,2026-07-14
2021-05-24,sh.600151,航天机电,9.1,9.01,9.26,8.99,15079501,137252181.1,1.0514,-1.0977,1434230645.0,12922418111.449999,2026-07-14
2021-05-25,sh.600151,航天机电,9.0,9.35,9.53,8.9,24512400,228505419.89,1.7091,3.7736,1434228541.0,13410036858.35,2026-07-14
2021-05-26,sh.600151,航天机电,9.32,9.3,9.41,9.25,12421730,115690903.62,0.8661,-0.5348,1434214294.0,13338192934.2,2026-07-14
2021-05-27,sh.600151,航天机电,9.33,9.22,9.39,9.17,14031920,129658060.85,0.9783,-0.8602,1434316672.0,13224399715.84,2026-07-14
2021-05-28,sh.600151,航天机电,9.21,9.26,9.35,9.16,10824225,99978667.42,0.7547,0.4338,1434242083.0,13281081688.58,2026-07-14
2021-05-31,sh.600151,航天机电,9.26,9.37,9.45,9.14,18831238,175324803.69,1.313,1.1879,1434214623.0,13438591017.509998,2026-07-14
2021-06-01,sh.600151,航天机电,9.16,9.51,9.55,9.16,20483494,193577380.1,1.4282,1.4941,1434217477.0,13639408206.27,2026-07-14
2021-06-02,sh.600151,航天机电,9.51,9.78,9.85,9.4,25150233,244363650.31,1.7535,2.8391,1434287596.0,14027332688.88,2026-07-14
2021-06-03,sh.600151,航天机电,9.8,9.76,10.06,9.72,24756620,244267030.31,1.7261,-0.2045,1434251781.0,13998297382.56,2026-07-14
2021-06-04,sh.600151,航天机电,9.83,9.7,9.91,9.6,19195830,186950660.33,1.3384,-0.6148,1434237149.0,13912100345.3,2026-07-14
2021-06-07,sh.600151,航天机电,9.69,9.86,9.86,9.5,20128111,194544278.89,1.4034,1.6495,1434239062.0,14141597151.32,2026-07-14
2021-06-08,sh.600151,航天机电,9.85,9.82,10.03,9.76,19612141,193918668.43,1.3674,-0.4057,1434265102.0,14084483301.640001,2026-07-14
2021-06-09,sh.600151,航天机电,9.82,9.57,9.9,9.5,19583764,189347933.01,1.3654,-2.5458,1434287681.0,13726133107.17,2026-07-14
2021-06-10,sh.600151,航天机电,9.58,10.1,10.1,9.51,43702232,434786272.04,3.047,5.5381,1434270824.0,14486135322.4,2026-07-14
2021-06-11,sh.600151,航天机电,10.1,9.09,10.16,9.09,45105500,424831065.01,3.1449,-10.0,1434242742.0,13037266524.78,2026-07-14
2021-06-15,sh.600151,航天机电,8.5,8.77,9.1,8.5,39966953,353196406.98,2.7866,-3.5204,1434255114.0,12578417349.779999,2026-07-14
2021-06-16,sh.600151,航天机电,8.88,8.51,8.9,8.45,22660554,195452453.4,1.58,-2.9647,1434212278.0,12205146485.779999,2026-07-14
2021-06-17,sh.600151,航天机电,8.63,8.82,9.13,8.58,24946205,221813524.81,1.7393,3.6428,1434266946.0,12650234463.720001,2026-07-14
2021-06-18,sh.600151,航天机电,8.97,9.68,9.7,8.82,61195664,585875849.85,4.2667,9.7506,1434262170.0,13883657805.6,2026-07-14
2021-06-21,sh.600151,航天机电,9.64,9.8,9.86,9.42,36922852,356080256.76,2.5744,1.2397,1434231355.0,14055467279.000002,2026-07-14
2021-06-22,sh.600151,航天机电,9.78,9.77,9.9,9.66,18554047,181169704.87,1.2936,-0.3061,1434295532.0,14013067347.64,2026-07-14
2021-06-23,sh.600151,航天机电,9.86,9.77,9.9,9.66,23750746,231687446.66,1.656,0.0,1434223792.0,14012366447.84,2026-07-14
2021-06-24,sh.600151,航天机电,9.76,9.7,9.88,9.46,23171943,223859404.0,1.6156,-0.7165,1434262379.0,13912345076.3,2026-07-14
2021-06-25,sh.600151,航天机电,9.69,9.77,9.93,9.61,22140245,216741959.97,1.5437,0.7216,1434232364.0,14012450196.279999,2026-07-14
2021-06-28,sh.600151,航天机电,9.82,9.62,9.98,9.55,20024559,194551445.29,1.3962,-1.5353,1434218522.0,13797182181.64,2026-07-14
2021-06-29,sh.600151,航天机电,9.63,9.32,9.63,8.8,30667132,281966914.43,2.1382,-3.1185,1434249930.0,13367209347.6,2026-07-14
2021-06-30,sh.600151,航天机电,9.28,9.8,9.8,9.25,20588358,196336983.42,1.4355,5.1502,1434229049.0,14055444680.2,2026-07-14
2021-07-01,sh.600151,航天机电,9.79,9.4,9.85,9.38,20947048,199160115.67,1.4605,-4.0816,1434238138.0,13481838497.2,2026-07-14
2021-07-02,sh.600151,航天机电,9.4,9.37,9.45,9.2,12617903,117789219.09,0.8798,-0.3191,1434178563.0,13438253135.31,2026-07-14
2021-07-05,sh.600151,航天机电,9.32,9.11,9.32,8.97,19538187,177673970.06,1.3623,-2.7748,1434205902.0,13065615767.22,2026-07-14
2021-07-06,sh.600151,航天机电,9.1,9.13,9.32,8.94,16744779,152553465.23,1.1675,0.2195,1434242313.0,13094632317.69,2026-07-14
2021-07-07,sh.600151,航天机电,9.13,9.02,9.22,8.98,14152031,128743760.44,0.9867,-1.2048,1434279011.0,12937196679.22,2026-07-14
2021-07-08,sh.600151,航天机电,8.71,9.0,9.25,8.71,19723403,177881183.15,1.3752,-0.2217,1434220695.0,12907986255.0,2026-07-14
2021-07-09,sh.600151,航天机电,9.07,9.33,9.43,8.8,25778559,235682416.17,1.7974,3.6667,1434213809.0,13381214837.97,2026-07-14
2021-07-12,sh.600151,航天机电,9.32,9.26,9.42,9.2,18293555,169876640.72,1.2755,-0.7503,1434226186.0,13280934482.36,2026-07-14
2021-07-13,sh.600151,航天机电,9.3,9.27,9.37,9.17,12430511,114941399.08,0.8667,0.108,1434234568.0,13295354445.359999,2026-07-14
2021-07-14,sh.600151,航天机电,9.27,9.11,9.36,9.09,13305448,121782866.07,0.9277,-1.726,1434240379.0,13065929852.689999,2026-07-14
2021-07-15,sh.600151,航天机电,9.05,9.1,9.21,8.86,16959435,153297553.95,1.1825,-0.1098,1434201691.0,13051235388.1,2026-07-14
2021-07-16,sh.600151,航天机电,9.1,9.35,9.54,9.03,30125487,281803006.66,2.1004,2.7473,1434273805.0,13410460076.75,2026-07-14
2021-07-19,sh.600151,航天机电,9.3,9.27,9.53,9.22,18026874,168374756.02,1.2569,-0.8556,1434232954.0,13295339483.58,2026-07-14
2021-07-20,sh.600151,航天机电,9.18,10.01,10.12,9.07,58748110,572755977.7,4.0961,7.9827,1434245014.0,14356792590.14,2026-07-14
2021-07-21,sh.600151,航天机电,10.01,10.35,10.55,9.91,48345268,496333894.16,3.3708,3.3966,1434237214.0,14844355164.9,2026-07-14
2021-07-22,sh.600151,航天机电,10.33,11.38,11.39,10.29,72700423,807250832.13,5.0689,9.9517,1434244570.0,16321703206.6,2026-07-14
2021-07-23,sh.600151,航天机电,10.8,10.24,10.93,10.24,89889785,939950372.68,6.2674,-10.0176,1434243626.0,14686654730.24,2026-07-14
2021-07-26,sh.600151,航天机电,9.96,9.82,10.13,9.55,56244052,554503404.17,3.9215,-4.1016,1434248425.0,14084319533.5,2026-07-14
2021-07-27,sh.600151,航天机电,9.82,9.85,10.2,9.73,45412675,452900977.34,3.1663,0.3055,1434250545.0,14127367868.25,2026-07-14
2021-07-28,sh.600151,航天机电,9.82,9.53,9.82,8.95,49292180,461668432.52,3.4368,-3.2487,1434246392.0,13668368115.759998,2026-07-14
2021-07-29,sh.600151,航天机电,9.43,9.68,9.9,9.43,29259812,283869028.38,2.0401,1.574,1434234204.0,13883387094.72,2026-07-14
2021-07-30,sh.600151,航天机电,9.67,9.58,9.78,9.44,28874656,277356355.44,2.0132,-1.0331,1434266640.0,13740274411.2,2026-07-14
2021-08-02,sh.600151,航天机电,9.55,10.18,10.25,9.39,41634729,417228521.36,2.9029,6.263,1434246064.0,14600624931.52,2026-07-14
2021-08-03,sh.600151,航天机电,10.16,9.85,10.16,9.78,27479429,274028475.31,1.9159,-3.2417,1434283052.0,14127688062.199999,2026-07-14
2021-08-04,sh.600151,航天机电,9.94,10.43,10.45,9.87,40774885,419510086.89,2.8429,5.8883,1434270815.0,14959444600.449999,2026-07-14
2021-08-05,sh.600151,航天机电,10.5,10.43,10.7,10.27,36621586,383636350.32,2.5534,0.0,1434228323.0,14959001408.89,2026-07-14
2021-08-06,sh.600151,航天机电,10.43,10.67,10.8,10.3,30223093,320527750.99,2.1072,2.3011,1434277382.0,15303739665.94,2026-07-14
2021-08-09,sh.600151,航天机电,10.68,10.63,10.93,10.49,29921179,319374680.81,2.0862,-0.3749,1434243074.0,15246003876.62,2026-07-14
2021-08-10,sh.600151,航天机电,10.59,10.95,11.25,10.59,48393564,532093802.66,3.3741,3.0103,1434265849.0,15705211046.55,2026-07-14
2021-08-11,sh.600151,航天机电,10.86,11.03,11.07,10.68,33035781,360049927.94,2.3033,0.7306,1434280424.0,15820113076.72,2026-07-14
2021-08-12,sh.600151,航天机电,11.0,11.06,11.45,10.88,37700085,419622337.54,2.6286,0.272,1434226775.0,15862548131.5,2026-07-14
2021-08-13,sh.600151,航天机电,11.06,11.1,11.23,10.89,26152947,289448172.06,1.8235,0.3617,1434217000.0,15919808700.0,2026-07-14
2021-08-16,sh.600151,航天机电,10.96,10.86,11.17,10.79,22593031,246663989.4,1.5752,-2.1622,1434296026.0,15576454842.359999,2026-07-14
2021-08-17,sh.600151,航天机电,10.94,10.63,11.05,10.3,39179593,418562322.16,2.7317,-2.1179,1434256800.0,15246149784.000002,2026-07-14
2021-08-18,sh.600151,航天机电,10.73,10.67,11.15,10.5,42042639,455204303.43,2.9313,0.3763,1434265991.0,15303618123.97,2026-07-14
2021-08-19,sh.600151,航天机电,10.65,10.72,10.79,10.45,21581332,229960217.81,1.5047,0.4686,1434261447.0,15375282711.84,2026-07-14
2021-08-20,sh.600151,航天机电,10.6,10.78,10.97,10.43,25710266,274815436.13,1.7926,0.5597,1434244449.0,15461155160.22,2026-07-14
2021-08-23,sh.600151,航天机电,10.99,10.79,10.99,10.61,25615003,277139127.1,1.7859,0.0928,1434291002.0,15475999911.579998,2026-07-14
2021-08-24,sh.600151,航天机电,10.6,10.82,10.94,10.49,23545835,253527637.73,1.6417,0.278,1434234939.0,15518422039.98,2026-07-14
2021-08-25,sh.600151,航天机电,10.88,10.75,10.88,10.57,18084050,193870699.31,1.2609,-0.647,1434217622.0,15417839436.5,2026-07-14
2021-08-26,sh.600151,航天机电,10.71,10.9,11.25,10.7,36467774,401827625.94,2.5426,1.3953,1434270982.0,15633553703.800001,2026-07-14
2021-08-27,sh.600151,航天机电,10.87,10.9,11.0,10.71,22002087,237980001.74,1.534,0.0,1434295111.0,15633816709.9,2026-07-14
2021-08-30,sh.600151,航天机电,10.9,10.06,11.06,9.83,63351256,666807896.56,4.417,-7.7064,1434259814.0,14428653728.84,2026-07-14
2021-08-31,sh.600151,航天机电,10.35,11.07,11.07,10.28,69765984,762468445.03,4.8643,10.0398,1434245092.0,15877093168.44,2026-07-14
2021-09-01,sh.600151,航天机电,11.33,10.0,11.37,9.96,108456085,1129541708.69,7.5619,-9.6658,1434243841.0,14342438410.0,2026-07-14
2021-09-02,sh.600151,航天机电,9.7,10.74,10.95,9.7,77269152,812982216.01,5.3874,7.4,1434256821.0,15403918257.54,2026-07-14
2021-09-03,sh.600151,航天机电,10.72,10.65,10.92,10.21,51056600,539238354.28,3.5598,-0.838,1434254733.0,15274812906.45,2026-07-14
2021-09-06,sh.600151,航天机电,10.55,10.53,10.79,10.3,27267765,286710637.75,1.9012,-1.1268,1434239691.0,15102543946.23,2026-07-14
2021-09-07,sh.600151,航天机电,10.54,10.54,10.7,10.25,26736423,280843429.54,1.8641,0.095,1434280511.0,15117316585.939999,2026-07-14
2021-09-08,sh.600151,航天机电,10.54,10.42,10.6,10.38,18849253,197334899.02,1.3142,-1.1385,1434275833.0,14945154179.86,2026-07-14
2021-09-09,sh.600151,航天机电,10.46,10.3,10.49,10.19,27293296,281340407.7,1.903,-1.1516,1434224698.0,14772514389.400002,2026-07-14
2021-09-10,sh.600151,航天机电,10.3,10.32,10.45,10.07,24091475,246430031.08,1.6797,0.1942,1434272489.0,14801692086.48,2026-07-14
2021-09-13,sh.600151,航天机电,10.27,10.19,10.33,10.06,18291665,186499079.01,1.2753,-1.2597,1434302909.0,14615546642.71,2026-07-14
2021-09-14,sh.600151,航天机电,10.15,10.09,10.29,10.02,16963286,172372791.69,1.1827,-0.9814,1434284772.0,14471933349.48,2026-07-14
2021-09-15,sh.600151,航天机电,10.1,10.44,10.61,10.01,28421726,294772227.91,1.9816,3.4688,1434281692.0,14973900864.48,2026-07-14
2021-09-16,sh.600151,航天机电,10.48,10.32,10.99,10.27,35237352,374683050.86,2.4568,-1.1494,1434278411.0,14801753201.52,2026-07-14
2021-09-17,sh.600151,航天机电,10.34,10.27,10.4,9.94,30619122,310141536.5,2.1348,-0.4845,1434285273.0,14730109753.71,2026-07-14
2021-09-22,sh.600151,航天机电,10.18,10.62,10.7,10.03,26955836,282598970.83,1.8794,3.408,1434278812.0,15232040983.439999,2026-07-14
2021-09-23,sh.600151,航天机电,10.6,10.73,10.86,10.55,23679260,253875180.78,1.651,1.0358,1434237432.0,15389367645.36,2026-07-14
2021-09-24,sh.600151,航天机电,10.76,10.67,10.82,10.57,15639888,166289078.23,1.0905,-0.5592,1434194223.0,15302852359.41,2026-07-14
2021-09-27,sh.600151,航天机电,10.6,10.15,10.68,10.13,20942729,216306833.34,1.4602,-4.8735,1434237022.0,14557505773.300001,2026-07-14
2021-09-28,sh.600151,航天机电,10.2,10.79,10.89,10.2,33743789,359418344.75,2.3527,6.3054,1434258044.0,15475644294.759998,2026-07-14
2021-09-29,sh.600151,航天机电,10.8,10.25,10.83,10.17,29954122,310039444.53,2.0885,-5.0046,1434240938.0,14700969614.5,2026-07-14
2021-09-30,sh.600151,航天机电,10.25,10.69,10.72,10.25,29668521,313699826.37,2.0686,4.2927,1434231896.0,15331938968.24,2026-07-14
2021-10-08,sh.600151,航天机电,10.68,10.6,10.78,10.35,18356741,192494352.63,1.2799,-0.8419,1434232440.0,15202863864.0,2026-07-14
2021-10-11,sh.600151,航天机电,10.56,10.69,10.83,10.4,19363773,206216030.54,1.3501,0.8491,1434247315.0,15332103797.349998,2026-07-14
2021-10-12,sh.600151,航天机电,10.61,10.52,10.75,10.37,18261059,191424291.23,1.2732,-1.5903,1434264766.0,15088465338.32,2026-07-14
2021-10-13,sh.600151,航天机电,10.5,10.48,10.61,10.44,10477443,110133735.72,0.7305,-0.3802,1434283778.0,15031293993.44,2026-07-14
2021-10-14,sh.600151,航天机电,10.42,10.65,10.85,10.42,16354463,173850392.83,1.1403,1.6221,1434224590.0,15274491883.5,2026-07-14
2021-10-15,sh.600151,航天机电,10.71,11.26,11.39,10.56,40558736,447791908.23,2.8279,5.7277,1434235157.0,16149487867.82,2026-07-14
2021-10-18,sh.600151,航天机电,11.34,11.76,11.81,11.22,45048116,518863319.87,3.1409,4.4405,1434242287.0,16866689295.119999,2026-07-14
2021-10-19,sh.600151,航天机电,11.74,12.17,12.3,11.59,43976564,530892701.28,3.0662,3.4864,1434236645.0,17454659969.65,2026-07-14
2021-10-20,sh.600151,航天机电,12.08,12.19,12.47,12.01,34826905,425756094.26,2.4282,0.1643,1434268388.0,17483731649.719997,2026-07-14
2021-10-21,sh.600151,航天机电,12.29,12.18,12.39,12.05,24185648,295513642.29,1.6863,-0.082,1434243492.0,17469085732.56,2026-07-14
2021-10-22,sh.600151,航天机电,12.29,12.15,12.56,12.1,28136643,345814193.06,1.9618,-0.2463,1434225864.0,17425844247.600002,2026-07-14
2021-10-25,sh.600151,航天机电,12.28,12.03,12.28,11.55,34511832,409333704.3,2.4063,-0.9877,1434228151.0,17253764656.53,2026-07-14
2021-10-26,sh.600151,航天机电,12.07,12.28,12.6,12.0,24197723,298634235.42,1.6871,2.0781,1434279118.0,17612947569.04,2026-07-14
2021-10-27,sh.600151,航天机电,12.31,12.15,12.32,11.96,21898044,266144058.04,1.5268,-1.0586,1434244433.0,17426069860.95,2026-07-14
2021-10-28,sh.600151,航天机电,12.18,12.03,12.3,11.78,25537020,307426351.61,1.7805,-0.9877,1434261163.0,17254161790.89,2026-07-14
2021-10-29,sh.600151,航天机电,12.02,11.97,12.06,11.6,26126552,310364432.74,1.8216,-0.4988,1434263944.0,17168139409.68,2026-07-14
2021-11-01,sh.600151,航天机电,12.02,11.85,12.22,11.68,21893862,260032417.06,1.5265,-1.0025,1434252342.0,16995890252.699999,2026-07-14
2021-11-02,sh.600151,航天机电,11.9,11.82,12.19,11.68,18648215,222165701.25,1.3002,-0.2532,1434257422.0,16952922728.04,2026-07-14
2021-11-03,sh.600151,航天机电,11.85,11.87,12.14,11.75,17831123,212247011.75,1.2432,0.423,1434292391.0,17025050681.169998,2026-07-14
2021-11-04,sh.600151,航天机电,12.0,11.9,12.19,11.71,18580535,221450425.4,1.2955,0.2527,1434236588.0,17067415397.2,2026-07-14
2021-11-05,sh.600151,航天机电,11.76,12.0,12.08,11.74,19672790,234612626.08,1.3716,0.8403,1434294984.0,17211539808.0,2026-07-14
2021-11-08,sh.600151,航天机电,11.95,11.69,11.98,11.33,26726563,311733158.06,1.8634,-2.5833,1434290169.0,16766852075.609999,2026-07-14
2021-11-09,sh.600151,航天机电,11.76,11.91,12.03,11.69,19951800,236407819.0,1.3911,1.882,1434246280.0,17081873194.800001,2026-07-14
2021-11-10,sh.600151,航天机电,11.83,12.35,12.42,11.77,37762598,457992837.75,2.6329,3.6944,1434258726.0,17713095266.1,2026-07-14
2021-11-11,sh.600151,航天机电,12.33,12.09,12.39,11.93,27481037,332512373.58,1.9161,-2.1053,1434217264.0,17339686721.76,2026-07-14
2021-11-12,sh.600151,航天机电,12.06,13.15,13.27,12.06,52698874,677027653.32,3.6743,8.7676,1434256158.0,18860468477.7,2026-07-14
2021-11-15,sh.600151,航天机电,13.01,11.84,13.22,11.84,81178677,998850191.98,5.66,-9.962,1434252244.0,16981546568.96,2026-07-14
2021-11-16,sh.600151,航天机电,11.87,11.94,12.43,11.7,46534713,564423938.82,3.2445,0.8446,1434264540.0,17125118607.599998,2026-07-14
2021-11-17,sh.600151,航天机电,11.95,12.65,12.9,11.77,41026757,511439345.68,2.8605,5.9464,1434251250.0,18143278312.5,2026-07-14
2021-11-18,sh.600151,航天机电,12.6,12.58,12.75,12.37,20963602,263205921.1,1.4616,-0.5534,1434291325.0,18043384868.5,2026-07-14
2021-11-19,sh.600151,航天机电,12.6,12.56,12.64,12.24,21153810,262805952.55,1.4749,-0.159,1434253848.0,18014228330.88,2026-07-14
2021-11-22,sh.600151,航天机电,12.67,12.42,12.72,12.35,22470366,280458151.1,1.5667,-1.1146,1434248165.0,17813362209.3,2026-07-14
2021-11-23,sh.600151,航天机电,12.46,12.31,12.49,12.27,17762384,219295359.6,1.2384,-0.8857,1434301034.0,17656245728.54,2026-07-14
2021-11-24,sh.600151,航天机电,12.32,12.26,12.37,12.14,15412746,188600172.85,1.0746,-0.4062,1434277499.0,17584242137.739998,2026-07-14
2021-11-25,sh.600151,航天机电,12.24,12.02,12.31,11.88,21064139,254849765.07,1.4686,-1.9576,1434300626.0,17240293524.52,2026-07-14
2021-11-26,sh.600151,航天机电,12.08,11.98,12.08,11.77,22345273,265686270.88,1.558,-0.3328,1434228049.0,17182052027.02,2026-07-14
2021-11-29,sh.600151,航天机电,11.92,12.3,12.44,11.6,25137730,305850437.31,1.7527,2.6711,1434228904.0,17641015519.2,2026-07-14
2021-11-30,sh.600151,航天机电,12.34,12.45,12.64,12.22,20694869,257713859.19,1.4429,1.2195,1434255250.0,17856477862.5,2026-07-14
2021-12-01,sh.600151,航天机电,12.45,12.3,12.45,12.17,15602463,191298550.19,1.0878,-1.2048,1434313569.0,17642056898.7,2026-07-14
2021-12-02,sh.600151,航天机电,12.32,12.16,12.33,11.98,13657101,165148957.01,0.9522,-1.1382,1434268116.0,17440700290.56,2026-07-14
2021-12-03,sh.600151,航天机电,12.16,12.33,12.39,12.04,13125451,160632518.7,0.9151,1.398,1434318763.0,17685150347.79,2026-07-14
2021-12-06,sh.600151,航天机电,12.33,12.21,12.44,12.18,13048270,160475490.13,0.9098,-0.9732,1434191031.0,17511472488.510002,2026-07-14
2021-12-07,sh.600151,航天机电,12.24,11.95,12.3,11.86,13604885,162865881.87,0.9486,-2.1294,1434206726.0,17138770375.699999,2026-07-14
2021-12-08,sh.600151,航天机电,11.95,12.14,12.15,11.95,9184858,110875377.44,0.6404,1.59,1434237664.0,17411645240.96,2026-07-14
2021-12-09,sh.600151,航天机电,12.17,12.08,12.19,11.95,11932389,144195395.77,0.832,-0.4942,1434181370.0,17324910949.6,2026-07-14
2021-12-10,sh.600151,航天机电,12.08,12.0,12.12,11.92,11897572,142801999.29,0.8295,-0.6623,1434306450.0,17211677400.0,2026-07-14
2021-12-13,sh.600151,航天机电,12.05,12.11,12.21,11.92,13076658,158251132.1,0.9117,0.9167,1434315893.0,17369565464.23,2026-07-14
2021-12-14,sh.600151,航天机电,12.08,12.01,12.14,11.96,8762840,105243223.78,0.611,-0.8258,1434180033.0,17224502196.329998,2026-07-14
2021-12-15,sh.600151,航天机电,12.03,11.97,12.12,11.95,8268201,99453180.46,0.5765,-0.3331,1434206592.0,17167452906.240002,2026-07-14
2021-12-16,sh.600151,航天机电,11.97,12.11,12.14,11.94,10732803,129401608.69,0.7483,1.1696,1434291461.0,17369269592.71,2026-07-14
2021-12-17,sh.600151,航天机电,12.15,12.22,12.27,12.06,15139639,184487139.37,1.0556,0.9083,1434221201.0,17526183076.22,2026-07-14
2021-12-20,sh.600151,航天机电,12.23,12.04,12.27,11.99,11586052,140432580.94,0.8078,-1.473,1434272345.0,17268639033.8,2026-07-14
2021-12-21,sh.600151,航天机电,12.05,12.42,12.45,12.01,16547086,202611297.5,1.1537,3.1561,1434262460.0,17813539753.2,2026-07-14
2021-12-22,sh.600151,航天机电,12.5,13.08,13.29,12.45,40706851,524876556.37,2.8382,5.314,1434248855.0,18759975023.4,2026-07-14
2021-12-23,sh.600151,航天机电,13.07,12.92,13.16,12.68,18606434,240424552.39,1.2973,-1.2232,1434242966.0,18530419120.72,2026-07-14
2021-12-24,sh.600151,航天机电,12.93,12.77,12.96,12.61,15015888,191511137.02,1.0469,-1.161,1434319228.0,18316256541.559998,2026-07-14
2021-12-27,sh.600151,航天机电,12.82,12.58,12.83,12.49,14247185,180132483.96,0.9934,-1.4879,1434184115.0,18042036166.7,2026-07-14
2021-12-28,sh.600151,航天机电,12.57,12.69,12.74,12.49,10494965,132513552.85,0.7317,0.8744,1434326227.0,18201599820.63,2026-07-14
2021-12-29,sh.600151,航天机电,12.81,13.36,13.7,12.77,37085330,497850564.55,2.5857,5.2797,1434247206.0,19161542672.16,2026-07-14
2021-12-30,sh.600151,航天机电,13.37,13.84,14.09,13.21,31649693,432245910.2,2.2067,3.5928,1434254452.0,19850081615.68,2026-07-14
2021-12-31,sh.600151,航天机电,13.8,13.85,14.07,13.66,17912374,247905594.58,1.2489,0.0723,1434252062.0,19864391058.7,2026-07-14
2022-01-04,sh.600151,航天机电,13.92,13.5,13.97,13.45,19750193,268489398.81,1.377,-2.5271,1434291431.0,19362934318.5,2026-07-14
2022-01-05,sh.600151,航天机电,13.57,13.16,13.6,12.98,19066349,252829603.81,1.3294,-2.5185,1434207086.0,18874165251.76,2026-07-14
2022-01-06,sh.600151,航天机电,13.13,13.63,13.75,13.07,18642548,252232359.94,1.2998,3.5714,1434262810.0,19549002100.3,2026-07-14
2022-01-07,sh.600151,航天机电,13.52,13.55,13.81,13.4,11807687,159921449.36,0.8233,-0.5869,1434190089.0,19433275705.95,2026-07-14
2022-01-10,sh.600151,航天机电,13.36,13.14,13.45,12.93,18098560,237106946.67,1.2619,-3.0258,1434230922.0,18845794315.08,2026-07-14
2022-01-11,sh.600151,航天机电,13.19,13.05,13.25,13.01,12227801,160340129.99,0.8526,-0.6849,1434177926.0,18716021934.3,2026-07-14
2022-01-12,sh.600151,航天机电,13.2,13.07,13.2,12.95,10566583,137872357.37,0.7367,0.1533,1434312882.0,18746469367.74,2026-07-14
2022-01-13,sh.600151,航天机电,13.06,13.16,13.2,12.91,12806710,167266408.61,0.8929,0.6886,1434282674.0,18875159989.84,2026-07-14
2022-01-14,sh.600151,航天机电,13.1,12.99,13.14,12.66,19830410,254131773.16,1.3826,-1.2918,1434283958.0,18631348614.420002,2026-07-14
2022-01-17,sh.600151,航天机电,12.8,12.74,12.93,12.28,21901297,275358496.71,1.527,-1.9246,1434269614.0,18272594882.36,2026-07-14
2022-01-18,sh.600151,航天机电,12.79,12.59,12.95,12.53,11103494,140900896.73,0.7742,-1.1774,1434189357.0,18056444004.63,2026-07-14
2022-01-19,sh.600151,航天机电,12.65,12.26,12.65,12.12,14162066,174468943.61,0.9874,-2.6211,1434278509.0,17584254520.34,2026-07-14
2022-01-20,sh.600151,航天机电,12.25,12.2,12.39,12.19,9159425,112361179.86,0.6386,-0.4894,1434297682.0,17498431720.399998,2026-07-14
2022-01-21,sh.600151,航天机电,12.08,11.79,12.15,11.62,17541729,207351695.29,1.2231,-3.3607,1434202355.0,16909245765.449999,2026-07-14
2022-01-24,sh.600151,航天机电,11.65,11.73,11.9,11.2,14374601,166880080.73,1.0022,-0.5089,1434304630.0,16824393309.900002,2026-07-14
2022-01-25,sh.600151,航天机电,11.73,11.42,12.09,11.37,13976752,164499307.19,0.9745,-2.6428,1434248538.0,16379118303.96,2026-07-14
2022-01-26,sh.600151,航天机电,11.42,11.66,11.9,11.42,11383463,133149281.32,0.7937,2.1016,1434227416.0,16723091670.56,2026-07-14
2022-01-27,sh.600151,航天机电,11.7,11.35,11.75,11.33,10652886,122604123.9,0.7427,-2.6587,1434345765.0,16279824432.75,2026-07-14
2022-01-28,sh.600151,航天机电,11.5,11.46,11.56,11.09,11147841,126263733.87,0.7773,0.9692,1434174836.0,16435643620.560001,2026-07-14
2022-02-07,sh.600151,航天机电,11.45,11.08,11.69,10.99,15031074,169502986.52,1.048,-3.3159,1434262786.0,15891631668.88,2026-07-14
2022-02-08,sh.600151,航天机电,11.07,10.9,11.1,10.69,15537522,168600464.1,1.0833,-1.6245,1434276932.0,15633618558.800001,2026-07-14
2022-02-09,sh.600151,航天机电,10.92,11.37,11.4,10.83,13446714,150845894.91,0.9375,4.3119,1434316160.0,16308174739.199999,2026-07-14
2022-02-10,sh.600151,航天机电,11.4,11.19,11.44,11.13,7343700,82737957.0,0.512,-1.5831,1434316406.0,16050000583.14,2026-07-14
2022-02-11,sh.600151,航天机电,11.2,10.98,11.26,10.85,9014861,99648503.81,0.6285,-1.8767,1434345426.0,15749112777.480001,2026-07-14
2022-02-14,sh.600151,航天机电,10.98,10.99,11.18,10.81,8645715,95479020.45,0.6028,0.0911,1434259290.0,15762509597.1,2026-07-14
2022-02-15,sh.600151,航天机电,10.99,11.05,11.11,10.89,5238910,57772314.72,0.3653,0.546,1434139064.0,15847236657.2,2026-07-14
2022-02-16,sh.600151,航天机电,11.15,11.18,11.25,11.06,5825346,65008854.08,0.4062,1.1765,1434107829.0,16033325528.22,2026-07-14
2022-02-17,sh.600151,航天机电,11.16,10.8,11.21,10.78,18202740,199314021.12,1.2691,-3.3989,1434303049.0,15490472929.2,2026-07-14
2022-02-18,sh.600151,航天机电,10.71,10.75,10.96,10.7,14711762,159038604.55,1.0257,-0.463,1434314322.0,15418878961.5,2026-07-14
2022-02-21,sh.600151,航天机电,10.75,11.17,11.2,10.75,18689099,206177434.76,1.3031,3.907,1434202978.0,16020047264.26,2026-07-14
2022-02-22,sh.600151,航天机电,11.18,10.87,11.18,10.76,13103161,142838040.1,0.9136,-2.6858,1434233910.0,15590122601.699999,2026-07-14
2022-02-23,sh.600151,航天机电,10.95,10.97,11.11,10.91,15514475,170990278.25,1.0817,0.92,1434267819.0,15733917974.43,2026-07-14
2022-02-24,sh.600151,航天机电,10.97,11.27,11.79,10.94,42853337,488850030.87,2.9879,2.7347,1434229291.0,16163764109.57,2026-07-14
2022-02-25,sh.600151,航天机电,11.39,11.32,11.49,11.1,24719903,278554024.39,1.7235,0.4437,1434285059.0,16236106867.880001,2026-07-14
2022-02-28,sh.600151,航天机电,11.4,11.58,11.66,11.23,21143603,243452597.0,1.4742,2.2968,1434242504.0,16608528196.32,2026-07-14
2022-03-01,sh.600151,航天机电,11.58,11.29,11.65,11.18,24941350,283045232.0,1.739,-2.5043,1434235193.0,16192515328.97,2026-07-14
2022-03-02,sh.600151,航天机电,11.21,11.28,11.37,11.02,14372587,161088025.0,1.0021,-0.0886,1434246782.0,16178303700.96,2026-07-14
2022-03-03,sh.600151,航天机电,11.27,10.9,11.29,10.68,27860289,305248096.0,1.9425,-3.3688,1434249112.0,15633315320.800001,2026-07-14
2022-03-04,sh.600151,航天机电,10.86,10.83,11.03,10.69,16404522,177931038.0,1.1438,-0.6422,1434212450.0,15532520833.5,2026-07-14
2022-03-07,sh.600151,航天机电,10.8,9.75,10.89,9.75,57089541,576533232.0,3.9804,-9.9723,1434266431.0,13984097702.25,2026-07-14
2022-03-08,sh.600151,航天机电,9.45,9.2,9.87,9.11,59347093,558705456.0,4.1378,-5.641,1434266833.0,13195254863.599998,2026-07-14
2022-03-09,sh.600151,航天机电,9.28,9.31,9.53,8.75,35919812,332087280.0,2.5044,1.1957,1434268168.0,13353036644.08,2026-07-14
2022-03-10,sh.600151,航天机电,9.58,9.7,9.92,9.51,28051986,272633552.0,1.9559,4.189,1434223938.0,13911972198.599998,2026-07-14
2022-03-11,sh.600151,航天机电,9.61,10.0,10.0,9.39,26230550,253888905.0,1.8289,3.0928,1434225491.0,14342254910.0,2026-07-14
2022-03-14,sh.600151,航天机电,9.88,10.32,10.8,9.8,41962247,438874224.0,2.9257,3.2,1434263492.0,14801599237.44,2026-07-14
2022-03-15,sh.600151,航天机电,10.45,9.86,10.46,9.86,25191448,256272008.0,1.7564,-4.4574,1434265999.0,14141862750.14,2026-07-14
2022-03-16,sh.600151,航天机电,10.12,10.27,10.29,9.61,21249560,212400395.0,1.4816,4.1582,1434230562.0,14729547871.74,2026-07-14
2022-03-17,sh.600151,航天机电,10.32,10.19,10.44,10.14,20863490,214586185.0,1.4547,-0.779,1434212552.0,14614625904.88,2026-07-14
2022-03-18,sh.600151,航天机电,10.14,10.26,10.26,10.01,11359971,115128955.65,0.792,0.6869,1434339773.0,14716326070.98,2026-07-14
2022-03-21,sh.600151,航天机电,10.19,10.21,10.32,10.0,12592320,128220071.41,0.878,-0.4873,1434205011.0,14643233162.310001,2026-07-14
2022-03-22,sh.600151,航天机电,10.27,10.2,10.38,10.17,8794584,90135913.19,0.6132,-0.0979,1434211350.0,14628955769.999998,2026-07-14
2022-03-23,sh.600151,航天机电,10.22,10.25,10.28,10.08,15077748,153719050.7,1.0513,0.4902,1434200323.0,14700553310.75,2026-07-14
2022-03-24,sh.600151,航天机电,10.1,10.11,10.18,10.01,10507993,106072007.89,0.7326,-1.3659,1434342479.0,14501202462.689999,2026-07-14
2022-03-25,sh.600151,航天机电,10.06,10.17,10.19,9.98,8870346,89419674.24,0.6185,0.5935,1434170736.0,14585516385.12,2026-07-14
2022-03-28,sh.600151,航天机电,9.96,9.78,10.05,9.54,14669123,143082249.75,1.0228,-3.8348,1434212260.0,14026595902.8,2026-07-14
2022-03-29,sh.600151,航天机电,9.87,9.75,9.99,9.7,8299359,81589089.74,0.5787,-0.3067,1434138414.0,13982849536.5,2026-07-14
2022-03-30,sh.600151,航天机电,9.8,9.95,9.99,9.73,8288439,81965759.08,0.5779,2.0513,1434234124.0,14270629533.8,2026-07-14
2022-03-31,sh.600151,航天机电,9.91,9.85,9.95,9.77,7331362,72312989.24,0.5112,-1.005,1434147496.0,14126352835.6,2026-07-14
2022-04-01,sh.600151,航天机电,9.85,9.85,9.88,9.7,7685211,75225095.56,0.5358,0.0,1434343225.0,14128280766.25,2026-07-14
2022-04-06,sh.600151,航天机电,9.77,9.95,10.07,9.62,11930817,117382143.78,0.8318,1.0152,1434337220.0,14271655338.999998,2026-07-14
2022-04-07,sh.600151,航天机电,9.9,9.72,10.15,9.71,11698504,116414766.36,0.8157,-2.3116,1434167464.0,13940107750.080002,2026-07-14
2022-04-08,sh.600151,航天机电,9.72,9.57,9.8,9.49,10685419,102553105.73,0.745,-1.5432,1434284430.0,13726101995.1,2026-07-14
2022-04-11,sh.600151,航天机电,9.44,8.99,9.48,8.94,14572578,133286471.6,1.016,-6.0606,1434308858.0,12894436633.42,2026-07-14
2022-04-12,sh.600151,航天机电,9.0,9.34,9.38,8.6,22903010,204179965.1,1.5969,3.8932,1434216920.0,13395586032.8,2026-07-14
2022-04-13,sh.600151,航天机电,9.28,9.29,9.49,9.12,12308964,114415313.76,0.8582,-0.5353,1434276859.0,13324432020.109999,2026-07-14
2022-04-14,sh.600151,航天机电,9.3,9.35,9.47,9.23,9369180,87469019.48,0.6532,0.6459,1434350888.0,13411180802.8,2026-07-14
2022-04-15,sh.600151,航天机电,9.27,9.36,9.41,9.19,11113226,103541326.66,0.7748,0.107,1434334796.0,13425373690.56,2026-07-14
2022-04-18,sh.600151,航天机电,9.36,9.65,9.76,9.19,15020901,143506100.09,1.0473,3.0983,1434250072.0,13840513194.800001,2026-07-14
2022-04-19,sh.600151,航天机电,9.61,9.62,9.74,9.57,7635568,73516394.16,0.5324,-0.3109,1434178813.0,13796800181.06,2026-07-14
2022-04-20,sh.600151,航天机电,9.66,10.03,10.26,9.54,27810618,279038281.65,1.939,4.262,1434276328.0,14385791569.839998,2026-07-14
2022-04-21,sh.600151,航天机电,10.01,9.6,10.15,9.52,17809908,174444087.39,1.2418,-4.2871,1434200999.0,13768329590.4,2026-07-14
2022-04-22,sh.600151,航天机电,9.7,9.3,9.7,9.18,14512944,135239963.61,1.0119,-3.125,1434227098.0,13338312011.400002,2026-07-14
2022-04-25,sh.600151,航天机电,9.25,8.37,9.25,8.37,16428993,142136016.42,1.1455,-10.0,1434220253.0,12004423517.609999,2026-07-14
2022-04-26,sh.600151,航天机电,8.02,7.53,8.02,7.53,29807821,226381787.68,2.0783,-10.0358,1434240533.0,10799831213.49,2026-07-14
2022-04-27,sh.600151,航天机电,6.78,7.66,7.74,6.78,40628447,293242643.2,2.8327,1.7264,1434265789.0,10986475943.74,2026-07-14
2022-04-28,sh.600151,航天机电,7.59,7.85,8.06,7.52,25028873,196142723.34,1.7451,2.4804,1434237178.0,11258761847.3,2026-07-14
2022-04-29,sh.600151,航天机电,7.8,8.59,8.62,7.76,24175375,197105102.77,1.6856,9.4268,1434229651.0,12320032702.09,2026-07-14
2022-05-05,sh.600151,航天机电,8.44,8.45,8.66,8.32,16073667,136833905.04,1.1207,-1.6298,1434252432.0,12119433050.4,2026-07-14
2022-05-06,sh.600151,航天机电,8.2,8.51,8.65,8.11,15240647,128774870.7,1.0626,0.7101,1434278844.0,12205712962.44,2026-07-14
2022-05-09,sh.600151,航天机电,8.43,8.63,8.87,8.43,18528770,160324298.77,1.2919,1.4101,1434226333.0,12377373253.79,2026-07-14
2022-05-10,sh.600151,航天机电,8.54,8.82,8.83,8.45,17884392,156034679.85,1.2469,2.2016,1434308445.0,12650600484.9,2026-07-14
2022-05-11,sh.600151,航天机电,8.8,8.81,9.07,8.77,15493200,138562673.29,1.0802,-0.1134,1434289946.0,12636094424.26,2026-07-14
2022-05-12,sh.600151,航天机电,8.78,8.81,8.92,8.7,12693234,111858706.9,0.885,0.0,1434263729.0,12635863452.49,2026-07-14
2022-05-13,sh.600151,航天机电,8.88,8.87,8.94,8.73,8881841,78516219.68,0.6193,0.681,1434174229.0,12721125411.23,2026-07-14
2022-05-16,sh.600151,航天机电,8.9,8.89,9.26,8.88,12770300,115602564.6,0.8904,0.2255,1434220575.0,12750220911.75,2026-07-14
2022-05-17,sh.600151,航天机电,8.9,9.03,9.04,8.78,10222672,91291530.82,0.7128,1.5748,1434157127.0,12950438856.81,2026-07-14
2022-05-18,sh.600151,航天机电,9.03,9.63,9.82,8.95,27763494,262852774.24,1.9357,6.6445,1434287028.0,13812184079.640001,2026-07-14
2022-05-19,sh.600151,航天机电,9.57,9.55,9.7,9.43,14925801,142607254.09,1.0407,-0.8307,1434207841.0,13696684881.550001,2026-07-14
2022-05-20,sh.600151,航天机电,9.55,9.7,9.7,9.43,10771582,103069196.54,0.751,1.5707,1434298535.0,13912695789.499998,2026-07-14
2022-05-23,sh.600151,航天机电,9.66,9.77,9.96,9.59,15500045,151252406.52,1.0807,0.7216,1434259739.0,14012717650.029999,2026-07-14
2022-05-24,sh.600151,航天机电,9.77,9.36,10.06,9.32,17944819,173572577.65,1.2512,-4.1965,1434208680.0,13424193244.8,2026-07-14
2022-05-25,sh.600151,航天机电,9.54,9.49,9.54,9.16,15249900,143113425.64,1.0633,1.3889,1434204834.0,13610603874.66,2026-07-14
2022-05-26,sh.600151,航天机电,9.54,9.67,9.83,9.39,13471729,129660566.56,0.9393,1.8967,1434230704.0,13869010907.68,2026-07-14
2022-05-27,sh.600151,航天机电,9.96,9.95,10.26,9.85,31559928,317382753.52,2.2004,2.8956,1434281403.0,14271099959.849998,2026-07-14
2022-05-30,sh.600151,航天机电,9.97,10.15,10.24,9.8,21431139,215325681.42,1.4942,2.0101,1434288516.0,14558028437.4,2026-07-14
2022-05-31,sh.600151,航天机电,10.12,9.91,10.17,9.82,16994071,169192668.01,1.1849,-2.3645,1434219850.0,14213118713.5,2026-07-14
2022-06-01,sh.600151,航天机电,9.84,9.88,10.01,9.77,11905701,117990838.36,0.8301,-0.3027,1434249006.0,14170380179.28,2026-07-14
2022-06-02,sh.600151,航天机电,9.88,10.35,10.53,9.77,27615801,284166759.01,1.9254,4.7571,1434289031.0,14844891470.85,2026-07-14
2022-06-06,sh.600151,航天机电,10.36,10.27,10.44,10.17,17855471,183253832.87,1.2449,-0.7729,1434289581.0,14730153996.869999,2026-07-14
2022-06-07,sh.600151,航天机电,10.38,10.23,10.41,10.15,13647455,140101078.01,0.9515,-0.3895,1434309511.0,14672986297.53,2026-07-14
2022-06-08,sh.600151,航天机电,10.24,10.2,10.28,9.84,17528277,176994932.73,1.2221,-0.2933,1434275182.0,14629606856.4,2026-07-14
2022-06-09,sh.600151,航天机电,10.17,10.02,10.19,9.92,14439442,144749444.67,1.0068,-1.7647,1434191696.0,14370600793.92,2026-07-14
2022-06-10,sh.600151,航天机电,10.08,10.14,10.35,9.9,14504630,147525649.4,1.0113,1.1976,1434255908.0,14543354907.12,2026-07-14
2022-06-13,sh.600151,航天机电,10.24,10.22,10.4,10.06,16106805,164861319.91,1.123,0.789,1434265806.0,14658196537.320002,2026-07-14
2022-06-14,sh.600151,航天机电,10.08,10.21,10.21,9.8,14789332,148152207.02,1.0312,-0.0978,1434186579.0,14643044971.590002,2026-07-14
2022-06-15,sh.600151,航天机电,10.21,10.01,10.38,10.0,19650493,200751430.31,1.3701,-1.9589,1434237866.0,14356721038.66,2026-07-14
2022-06-16,sh.600151,航天机电,10.08,10.12,10.34,10.04,15063834,153245221.59,1.0503,1.0989,1434241074.0,14514519668.88,2026-07-14
2022-06-17,sh.600151,航天机电,10.12,10.18,10.26,10.05,10132361,102989277.88,0.7065,0.5929,1434162916.0,14599778484.88,2026-07-14
2022-06-20,sh.600151,航天机电,10.25,10.76,10.95,10.18,25824714,275817619.12,1.8006,5.6974,1434228257.0,15432296045.32,2026-07-14
2022-06-21,sh.600151,航天机电,10.66,10.73,10.88,10.55,16719887,178897008.64,1.1658,-0.2788,1434198576.0,15388950720.480001,2026-07-14
2022-06-22,sh.600151,航天机电,10.68,10.82,10.97,10.62,18648338,201740153.18,1.3002,0.8388,1434266882.0,15518767663.24,2026-07-14
2022-06-23,sh.600151,航天机电,10.88,11.08,11.08,10.7,20092966,220180414.61,1.4009,2.403,1434289814.0,15891931139.12,2026-07-14
2022-06-24,sh.600151,航天机电,11.08,11.41,11.43,10.98,20787275,234476405.83,1.4493,2.9783,1434297592.0,16365335524.72,2026-07-14
2022-06-27,sh.600151,航天机电,11.49,11.11,11.49,11.0,23576882,263221942.02,1.6438,-2.6293,1434291398.0,15934977431.779999,2026-07-14
2022-06-28,sh.600151,航天机电,11.1,11.24,11.33,11.08,12939966,145273885.78,0.9022,1.1701,1434268012.0,16121172454.880001,2026-07-14
2022-06-29,sh.600151,航天机电,11.13,11.17,11.38,10.95,18845472,210778545.95,1.314,-0.6228,1434206393.0,16020085409.81,2026-07-14
2022-06-30,sh.600151,航天机电,11.3,11.11,11.3,11.08,10572910,117914775.32,0.7372,-0.5372,1434198318.0,15933943312.98,2026-07-14
2022-07-01,sh.600151,航天机电,11.19,11.23,11.29,11.07,9767371,109279043.41,0.681,1.0801,1434268869.0,16106839398.87,2026-07-14
2022-07-04,sh.600151,航天机电,11.15,11.21,11.36,10.98,10422338,116736284.16,0.7267,-0.1781,1434200908.0,16077392178.68,2026-07-14
2022-07-05,sh.600151,航天机电,11.24,11.05,11.33,10.88,12060283,133485798.33,0.8409,-1.4273,1434211321.0,15848035097.050001,2026-07-14
2022-07-06,sh.600151,航天机电,11.05,10.84,11.05,10.69,11694420,126936635.54,0.8154,-1.9005,1434194260.0,15546665778.4,2026-07-14
2022-07-07,sh.600151,航天机电,10.87,11.0,11.08,10.75,10326224,113452098.24,0.72,1.476,1434197778.0,15776175558.0,2026-07-14
2022-07-08,sh.600151,航天机电,11.02,10.92,11.03,10.78,9689050,105858377.5,0.6755,-0.7273,1434352332.0,15663127465.44,2026-07-14
2022-07-11,sh.600151,航天机电,10.83,10.44,10.97,10.2,19153973,199695984.37,1.3355,-4.3956,1434217372.0,14973229363.679998,2026-07-14
2022-07-12,sh.600151,航天机电,10.46,10.22,10.65,10.21,13106933,136163180.05,0.9139,-2.1073,1434175840.0,14657277084.800001,2026-07-14
2022-07-13,sh.600151,航天机电,10.24,10.44,10.52,10.24,9582000,99958857.0,0.6681,2.1526,1434216435.0,14973219581.4,2026-07-14
2022-07-14,sh.600151,航天机电,10.5,10.84,10.94,10.4,13636451,146804945.03,0.9508,3.8314,1434208141.0,15546816248.44,2026-07-14
2022-07-15,sh.600151,航天机电,10.9,10.79,11.12,10.79,10736322,117582007.26,0.7486,-0.4613,1434186749.0,15474875021.71,2026-07-14
2022-07-18,sh.600151,航天机电,10.88,10.68,10.88,10.55,9036883,96412286.31,0.6301,-1.0195,1434198223.0,15317237021.64,2026-07-14
2022-07-19,sh.600151,航天机电,10.68,10.64,10.88,10.61,10950939,117265577.9,0.7635,-0.3745,1434307662.0,15261033523.68,2026-07-14
2022-07-20,sh.600151,航天机电,10.72,11.08,11.24,10.6,19799171,217219097.29,1.3805,4.1353,1434202898.0,15890968109.84,2026-07-14
2022-07-21,sh.600151,航天机电,11.05,11.07,11.26,10.82,18883454,208180281.91,1.3166,-0.0903,1434259000.0,15877247130.0,2026-07-14
2022-07-22,sh.600151,航天机电,11.04,10.91,11.17,10.79,10624120,116177179.38,0.7407,-1.4453,1434335088.0,15648595810.08,2026-07-14
2022-07-25,sh.600151,航天机电,10.95,10.55,10.98,10.46,11438703,121926847.56,0.7975,-3.2997,1434320125.0,15132077318.750002,2026-07-14
2022-07-26,sh.600151,航天机电,10.46,10.49,10.63,10.15,14460602,150035569.38,1.0082,-0.5687,1434298949.0,15045795975.01,2026-07-14
2022-07-27,sh.600151,航天机电,10.6,10.8,10.98,10.47,13538856,146285363.42,0.944,2.9552,1434200847.0,15489369147.6,2026-07-14
2022-07-28,sh.600151,航天机电,10.87,10.8,10.89,10.68,8407209,90658514.45,0.5862,0.0,1434187820.0,15489228456.000002,2026-07-14
2022-07-29,sh.600151,航天机电,10.8,10.76,10.95,10.68,7938648,85753797.12,0.5535,-0.3704,1434263415.0,15432674345.4,2026-07-14
2022-08-01,sh.600151,航天机电,10.76,10.9,10.98,10.76,10504427,114258354.52,0.7324,1.3011,1434247269.0,15633295232.1,2026-07-14
2022-08-02,sh.600151,航天机电,10.9,10.49,10.98,10.43,18036401,192084012.36,1.2575,-3.7615,1434306243.0,15045872489.07,2026-07-14
2022-08-03,sh.600151,航天机电,10.49,10.49,10.98,10.42,17694281,190341711.02,1.2337,0.0,1434245035.0,15045230417.15,2026-07-14
2022-08-04,sh.600151,航天机电,10.57,10.52,10.58,10.3,12279042,128254154.0,0.8561,0.286,1434299965.0,15088835631.8,2026-07-14
2022-08-05,sh.600151,航天机电,10.52,10.57,10.75,10.3,9841984,103158894.0,0.6862,0.4753,1434273390.0,15160269732.300001,2026-07-14
2022-08-08,sh.600151,航天机电,10.57,10.71,10.87,10.39,11501903,123037804.0,0.8019,1.3245,1434331338.0,15361688629.980001,2026-07-14
2022-08-09,sh.600151,航天机电,10.73,10.78,10.87,10.68,7832514,84379271.0,0.5461,0.6536,1434263688.0,15461362556.64,2026-07-14
2022-08-10,sh.600151,航天机电,10.74,10.8,10.86,10.66,7601038,81977125.0,0.53,0.1855,1434158113.0,15488907620.400002,2026-07-14
2022-08-11,sh.600151,航天机电,10.85,10.8,10.9,10.68,6986978,75271274.0,0.4872,0.0,1434108785.0,15488374878.000002,2026-07-14
2022-08-12,sh.600151,航天机电,10.82,10.63,10.85,10.61,8566344,91811417.0,0.5973,-1.5741,1434177800.0,15245310014.000002,2026-07-14
2022-08-15,sh.600151,航天机电,10.67,10.67,10.73,10.48,6414688,67959649.56,0.4472,0.3763,1434411449.0,15305170160.83,2026-07-14
2022-08-16,sh.600151,航天机电,10.67,11.6,11.74,10.61,39941176,450178139.49,2.7848,8.716,1434256535.0,16637375806.0,2026-07-14
2022-08-17,sh.600151,航天机电,11.61,11.44,11.66,11.28,32314465,369543355.16,2.2531,-1.3793,1434222405.0,16407504313.199999,2026-07-14
2022-08-18,sh.600151,航天机电,11.44,11.7,11.85,11.36,23972276,279247467.36,1.6714,2.2727,1434263252.0,16780880048.4,2026-07-14
2022-08-19,sh.600151,航天机电,11.7,11.27,11.82,11.24,17390400,198881723.62,1.2125,-3.6752,1434259794.0,16164107878.38,2026-07-14
2022-08-22,sh.600151,航天机电,11.3,11.24,11.36,10.97,15239443,170608420.35,1.0625,-0.2662,1434300518.0,16121537822.32,2026-07-14
2022-08-23,sh.600151,航天机电,11.32,11.21,11.45,11.08,13244660,148820088.91,0.9235,-0.2669,1434180834.0,16077167149.140001,2026-07-14
2022-08-24,sh.600151,航天机电,11.22,10.54,11.25,10.5,20708190,223654275.2,1.4438,-5.9768,1434283834.0,15117351610.359999,2026-07-14
2022-08-25,sh.600151,航天机电,10.54,10.46,10.64,10.33,15001504,156833831.26,1.0459,-0.759,1434315327.0,15002938320.420002,2026-07-14
2022-08-26,sh.600151,航天机电,10.47,11.39,11.51,10.45,38909450,435734207.77,2.7129,8.891,1434238269.0,16335973883.910002,2026-07-14
2022-08-29,sh.600151,航天机电,11.08,11.35,11.39,11.02,19199217,216051657.74,1.3386,-0.3512,1434275885.0,16279031294.75,2026-07-14
2022-08-30,sh.600151,航天机电,11.33,11.38,11.57,11.16,17875359,203301303.66,1.2463,0.2643,1434274172.0,16322040077.36,2026-07-14
2022-08-31,sh.600151,航天机电,11.31,11.24,11.53,11.18,23198843,262993457.25,1.6175,-1.2302,1434240680.0,16120865243.2,2026-07-14
2022-09-01,sh.600151,航天机电,11.19,11.1,11.28,11.05,16187046,180288311.73,1.1286,-1.2456,1434258905.0,15920273845.5,2026-07-14
2022-09-02,sh.600151,航天机电,11.16,11.43,11.65,10.91,20095405,228361679.11,1.4011,2.973,1434259154.0,16393582130.22,2026-07-14
2022-09-05,sh.600151,航天机电,11.42,11.29,11.68,11.22,13987334,159231602.0,0.9752,-1.2248,1434304143.0,16193293774.47,2026-07-14
2022-09-06,sh.600151,航天机电,11.36,11.38,11.45,11.22,10591174,120130360.47,0.7384,0.7972,1434341008.0,16322800671.04,2026-07-14
2022-09-07,sh.600151,航天机电,11.31,11.41,11.5,11.28,9439787,107732647.67,0.6582,0.2636,1434182163.0,16364018479.83,2026-07-14
2022-09-08,sh.600151,航天机电,11.42,11.34,11.67,11.31,12618048,144238370.52,0.8798,-0.6135,1434195044.0,16263771798.96,2026-07-14
2022-09-09,sh.600151,航天机电,11.29,11.16,11.4,11.05,12228985,136605020.87,0.8526,-1.5873,1434316796.0,16006975443.36,2026-07-14
2022-09-13,sh.600151,航天机电,11.18,11.21,11.39,10.9,13400134,149594467.38,0.9343,0.448,1434243177.0,16077866014.170002,2026-07-14
2022-09-14,sh.600151,航天机电,11.01,11.09,11.21,10.98,9665211,107051288.07,0.6739,-1.0705,1434220359.0,15905503781.31,2026-07-14
2022-09-15,sh.600151,航天机电,11.08,10.37,11.17,10.16,23869004,252276292.29,1.6642,-6.4923,1434262949.0,14873306781.13,2026-07-14
2022-09-16,sh.600151,航天机电,10.28,10.24,10.51,10.18,11474588,118371461.76,0.8,-1.2536,1434323500.0,14687472640.0,2026-07-14
2022-09-19,sh.600151,航天机电,10.19,9.79,10.2,9.75,14288589,141238990.28,0.9962,-4.3945,1434309275.0,14041887802.249998,2026-07-14
2022-09-20,sh.600151,航天机电,9.9,9.93,10.13,9.81,8607412,85778644.53,0.6001,1.43,1434329612.0,14242893047.16,2026-07-14
2022-09-21,sh.600151,航天机电,10.19,9.54,10.19,9.33,18163618,174237336.01,1.2664,-3.9275,1434271794.0,13682952914.759998,2026-07-14
2022-09-22,sh.600151,航天机电,9.47,9.58,9.77,9.4,8596227,82768041.06,0.5994,0.4193,1434138639.0,13739048161.62,2026-07-14
2022-09-23,sh.600151,航天机电,9.6,9.46,9.8,9.32,9931200,94623065.0,0.6924,-1.2526,1434315425.0,13568623920.500002,2026-07-14
2022-09-26,sh.600151,航天机电,9.28,9.26,9.47,9.22,9523738,89057448.06,0.664,-2.1142,1434297892.0,13281598479.92,2026-07-14
2022-09-27,sh.600151,航天机电,9.38,9.3,9.5,9.17,9154088,85094761.48,0.6382,0.432,1434360389.0,13339551617.7,2026-07-14
2022-09-28,sh.600151,航天机电,9.3,8.95,9.41,8.88,11221922,101819143.05,0.7824,-3.7634,1434294734.0,12836937869.3,2026-07-14
2022-09-29,sh.600151,航天机电,9.07,8.95,9.14,8.88,11114864,100178469.29,0.775,0.0,1434176000.0,12835875199.999998,2026-07-14
2022-09-30,sh.600151,航天机电,8.96,8.9,9.08,8.75,8693950,77330542.96,0.6062,-0.5587,1434171890.0,12764129821.0,2026-07-14
2022-10-10,sh.600151,航天机电,8.9,8.86,9.06,8.71,11231801,99454292.79,0.7831,-0.4494,1434274167.0,12707669119.619999,2026-07-14
2022-10-11,sh.600151,航天机电,8.86,8.76,8.95,8.7,10384507,91833770.59,0.724,-1.1287,1434324171.0,12564679737.96,2026-07-14
2022-10-12,sh.600151,航天机电,8.84,8.99,9.0,8.53,12948821,113227326.2,0.9028,2.6256,1434295636.0,12894317767.64,2026-07-14
2022-10-13,sh.600151,航天机电,9.0,9.0,9.18,8.9,13303901,120277132.54,0.9276,0.1112,1434228223.0,12908054007.0,2026-07-14
2022-10-14,sh.600151,航天机电,9.19,9.29,9.43,8.96,13961046,128403223.43,0.9734,3.2222,1434255804.0,13324236419.159998,2026-07-14
2022-10-17,sh.600151,航天机电,9.22,9.34,9.42,9.22,8818466,82255460.66,0.6148,0.5382,1434363370.0,13396953875.8,2026-07-14
2022-10-18,sh.600151,航天机电,9.32,9.32,9.47,9.21,7406515,69008245.6,0.5164,-0.2141,1434259295.0,13367296629.4,2026-07-14
2022-10-19,sh.600151,航天机电,9.23,9.47,9.68,9.23,14260768,135316997.51,0.9943,1.6094,1434252037.0,13582366790.390001,2026-07-14
2022-10-20,sh.600151,航天机电,9.36,9.5,9.73,9.35,10014453,95395530.62,0.6982,0.3168,1434324406.0,13626081857.0,2026-07-14
2022-10-21,sh.600151,航天机电,9.44,9.74,9.83,9.44,11082623,107333271.61,0.7727,2.5263,1434272421.0,13969813380.54,2026-07-14
2022-10-24,sh.600151,航天机电,9.75,9.68,10.05,9.63,12076313,118628220.2,0.842,-0.616,1434241449.0,13883457226.32,2026-07-14
2022-10-25,sh.600151,航天机电,9.6,9.87,9.87,9.48,11228655,109207639.21,0.7829,1.9628,1434238728.0,14155936245.359999,2026-07-14
2022-10-26,sh.600151,航天机电,9.81,9.96,10.05,9.81,9026763,89794346.95,0.6294,0.9119,1434185415.0,14284486733.400002,2026-07-14
2022-10-27,sh.600151,航天机电,9.99,10.04,10.16,9.95,10173871,102381536.25,0.7094,0.8032,1434151537.0,14398881431.48,2026-07-14
2022-10-28,sh.600151,航天机电,10.0,9.74,10.07,9.66,8790623,86401451.49,0.6129,-2.988,1434267091.0,13969761466.34,2026-07-14
2022-10-31,sh.600151,航天机电,9.59,9.63,9.85,9.56,10475225,101633649.97,0.7304,-1.1294,1434176479.0,13811119492.77,2026-07-14
2022-11-01,sh.600151,航天机电,9.65,9.8,9.9,9.65,7957672,77888075.51,0.5548,1.7653,1434331651.0,14056450179.800001,2026-07-14
2022-11-02,sh.600151,航天机电,9.95,9.75,9.95,9.63,8920627,86791952.61,0.622,-0.5102,1434184405.0,13983297948.75,2026-07-14
2022-11-03,sh.600151,航天机电,9.76,9.99,10.01,9.72,9618902,95419402.66,0.6707,2.4615,1434158640.0,14327244813.6,2026-07-14
2022-11-04,sh.600151,航天机电,9.91,10.11,10.13,9.91,8843820,88779498.44,0.6166,1.2012,1434288031.0,14500651993.41,2026-07-14
2022-11-07,sh.600151,航天机电,10.11,9.99,10.12,9.88,9126761,91168167.58,0.6363,-1.1869,1434348735.0,14329143862.65,2026-07-14
2022-11-08,sh.600151,航天机电,10.02,9.88,10.02,9.79,8187506,80727241.4,0.5709,-1.1011,1434140130.0,14169304484.400002,2026-07-14
2022-11-09,sh.600151,航天机电,9.92,9.85,9.94,9.78,6992120,68786783.64,0.4875,-0.3036,1434281026.0,14127668106.1,2026-07-14
2022-11-10,sh.600151,航天机电,9.8,9.6,9.81,9.41,12717681,122263971.55,0.8867,-2.5381,1434271005.0,13769001648.0,2026-07-14
2022-11-11,sh.600151,航天机电,9.78,9.71,9.89,9.65,12116111,118377447.21,0.8448,1.1458,1434198745.0,13926069813.95,2026-07-14
2022-11-14,sh.600151,航天机电,9.9,9.63,9.9,9.61,11465557,111470734.4,0.7994,-0.8239,1434270328.0,13812023258.640001,2026-07-14
2022-11-15,sh.600151,航天机电,9.78,9.92,9.94,9.6,12356423,121588052.2,0.8615,3.0114,1434291701.0,14228173673.92,2026-07-14
2022-11-16,sh.600151,航天机电,10.0,9.75,10.02,9.7,12073400,118916452.24,0.8418,-1.7137,1434236161.0,13983802569.75,2026-07-14
2022-11-17,sh.600151,航天机电,9.75,9.71,9.8,9.6,7060200,68399482.41,0.4923,-0.4103,1434125533.0,13925358925.43,2026-07-14
2022-11-18,sh.600151,航天机电,9.77,9.58,9.85,9.53,8585790,83280218.02,0.5986,-1.3388,1434311727.0,13740706344.66,2026-07-14
2022-11-21,sh.600151,航天机电,9.56,9.64,9.68,9.51,4506303,43343385.95,0.3142,0.6263,1434214831.0,13825830970.84,2026-07-14
2022-11-22,sh.600151,航天机电,9.61,9.41,9.66,9.37,7862206,74657625.11,0.5482,-2.3859,1434185699.0,13495687427.59,2026-07-14
2022-11-23,sh.600151,航天机电,9.43,9.47,9.54,9.31,5738800,54151317.0,0.4001,0.6376,1434341415.0,13583213200.050001,2026-07-14
2022-11-24,sh.600151,航天机电,9.52,9.39,9.6,9.34,5215260,49231801.9,0.3636,-0.8448,1434339934.0,13468451980.26,2026-07-14
2022-11-25,sh.600151,航天机电,9.36,9.23,9.36,9.21,5594000,51804502.52,0.39,-1.7039,1434358974.0,13239133330.02,2026-07-14
2022-11-28,sh.600151,航天机电,9.17,9.18,9.23,8.95,8763781,79831569.38,0.611,-0.5417,1434334043.0,13167186514.74,2026-07-14
2022-11-29,sh.600151,航天机电,9.19,9.3,9.35,9.13,6053963,56009812.32,0.4221,1.3072,1434248519.0,13338511226.7,2026-07-14
2022-11-30,sh.600151,航天机电,9.32,9.29,9.41,9.24,5628840,52453778.16,0.3925,-0.1075,1434099363.0,13322783082.269999,2026-07-14
2022-12-01,sh.600151,航天机电,9.34,9.4,9.49,9.31,6192599,58318995.13,0.4318,1.1841,1434135943.0,13480877864.2,2026-07-14
2022-12-02,sh.600151,航天机电,9.4,9.36,9.46,9.35,4552131,42768030.36,0.3174,-0.4255,1434193762.0,13424053612.32,2026-07-14
2022-12-05,sh.600151,航天机电,9.4,9.63,9.7,9.36,12104950,115391193.59,0.844,2.8846,1434235782.0,13811690580.660002,2026-07-14
2022-12-06,sh.600151,航天机电,9.57,9.6,9.72,9.54,6017497,57843494.51,0.4196,-0.3115,1434103194.0,13767390662.4,2026-07-14
2022-12-07,sh.600151,航天机电,9.57,9.61,9.66,9.53,5005748,48071309.0,0.349,0.1042,1434311748.0,13783735898.279999,2026-07-14
2022-12-08,sh.600151,航天机电,9.56,9.51,9.66,9.45,5692849,54354454.44,0.3969,-1.0406,1434328294.0,13640462075.94,2026-07-14
2022-12-09,sh.600151,航天机电,9.52,9.52,9.57,9.41,5155288,48878830.24,0.3594,0.1052,1434415136.0,13655632094.72,2026-07-14
2022-12-12,sh.600151,航天机电,9.5,9.29,9.5,9.23,5781840,53769672.04,0.4031,-2.416,1434343835.0,13325054227.15,2026-07-14
2022-12-13,sh.600151,航天机电,9.35,9.19,9.35,9.16,4382032,40423731.07,0.3055,-1.0764,1434380360.0,13181955508.4,2026-07-14
2022-12-14,sh.600151,航天机电,9.18,9.11,9.27,9.09,5539830,50849504.0,0.3863,-0.8705,1434074553.0,13064419177.83,2026-07-14
2022-12-15,sh.600151,航天机电,9.2,9.18,9.2,9.0,6017715,54878904.88,0.4196,0.7684,1434155148.0,13165544258.64,2026-07-14
2022-12-16,sh.600151,航天机电,9.15,8.79,9.15,8.69,13403602,118950465.87,0.9345,-4.2484,1434307330.0,12607561430.699999,2026-07-14
2022-12-19,sh.600151,航天机电,8.81,8.59,8.88,8.53,8546927,74126783.85,0.5959,-2.2753,1434288807.0,12320540852.13,2026-07-14
2022-12-20,sh.600151,航天机电,8.57,8.49,8.66,8.33,12774664,108078911.72,0.8907,-1.1641,1434227462.0,12176591152.380001,2026-07-14
2022-12-21,sh.600151,航天机电,8.45,8.2,8.5,8.09,16584662,136764710.1,1.1563,-3.4158,1434287123.0,11761154408.599998,2026-07-14
2022-12-22,sh.600151,航天机电,8.21,8.01,8.29,7.99,9897324,80122047.48,0.6901,-2.3171,1434186929.0,11487837301.289999,2026-07-14
2022-12-23,sh.600151,航天机电,8.0,8.01,8.14,7.93,8688500,69751108.22,0.6058,0.0,1434219214.0,11488095904.14,2026-07-14
2022-12-26,sh.600151,航天机电,8.01,8.3,8.36,7.98,11337079,93228496.03,0.7905,3.6205,1434165591.0,11903574405.300001,2026-07-14
2022-12-27,sh.600151,航天机电,8.33,8.41,8.52,8.26,9430131,79630996.88,0.6575,1.3253,1434240456.0,12061962234.960001,2026-07-14
2022-12-28,sh.600151,航天机电,8.41,8.27,8.41,8.21,7644374,63269546.15,0.533,-1.6647,1434216510.0,11860970537.699999,2026-07-14
2022-12-29,sh.600151,航天机电,8.27,8.12,8.28,8.12,5861800,48057429.0,0.4087,-1.8138,1434254955.0,11646150234.599998,2026-07-14
2022-12-30,sh.600151,航天机电,8.17,8.15,8.35,8.12,6700944,55016797.6,0.4672,0.3695,1434277397.0,11689360785.550001,2026-07-14
2023-01-03,sh.600151,航天机电,8.14,8.56,8.63,8.14,11037371,92808390.6,0.7696,5.0307,1434169828.0,12276493727.68,2026-07-14
2023-01-04,sh.600151,航天机电,8.57,8.63,8.7,8.5,7751026,66736651.36,0.5404,0.8178,1434312731.0,12378118868.53,2026-07-14
2023-01-05,sh.600151,航天机电,8.64,8.55,8.65,8.51,5105447,43655259.24,0.356,-0.927,1434114326.0,12261677487.300001,2026-07-14
2023-01-06,sh.600151,航天机电,8.59,8.66,8.75,8.52,7352578,63811658.02,0.5126,1.2865,1434369489.0,12421639774.74,2026-07-14
2023-01-09,sh.600151,航天机电,8.63,8.62,8.75,8.55,7495740,64710558.8,0.5226,-0.4619,1434316877.0,12363811479.74,2026-07-14
2023-01-10,sh.600151,航天机电,8.6,8.52,8.65,8.5,5775168,49347722.12,0.4027,-1.1601,1434111746.0,12218632075.92,2026-07-14
2023-01-11,sh.600151,航天机电,8.57,8.45,8.58,8.44,3980459,33865117.15,0.2775,-0.8216,1434399640.0,12120676957.999998,2026-07-14
2023-01-12,sh.600151,航天机电,8.48,8.5,8.77,8.43,8926200,76093493.44,0.6224,0.5917,1434158098.0,12190343833.0,2026-07-14
2023-01-13,sh.600151,航天机电,8.46,8.58,8.62,8.44,7812570,66795416.3,0.5447,0.9412,1434288599.0,12306196179.42,2026-07-14
2023-01-16,sh.600151,航天机电,8.6,8.79,9.01,8.55,12518691,110206165.33,0.8728,2.4476,1434313818.0,12607618460.22,2026-07-14
2023-01-17,sh.600151,航天机电,8.84,8.82,8.84,8.74,5044630,44394356.66,0.3517,0.3413,1434355985.0,12651019787.7,2026-07-14
2023-01-18,sh.600151,航天机电,8.88,8.8,8.9,8.76,4227109,37206727.02,0.2947,-0.2268,1434376994.0,12622517547.2,2026-07-14
2023-01-19,sh.600151,航天机电,8.77,8.85,8.85,8.76,4590050,40451310.5,0.32,0.5682,1434390625.0,12694357031.25,2026-07-14
2023-01-20,sh.600151,航天机电,8.88,8.97,9.01,8.85,6787110,60708676.19,0.4732,1.3559,1434300507.0,12865675547.79,2026-07-14
2023-01-30,sh.600151,航天机电,9.09,9.1,9.33,9.05,17524251,161008318.92,1.2218,1.4493,1434297839.0,13052110334.9,2026-07-14
2023-01-31,sh.600151,航天机电,9.04,9.19,9.22,8.99,8435101,77040976.85,0.5881,0.989,1434297058.0,13181189963.019999,2026-07-14
2023-02-01,sh.600151,航天机电,9.11,9.33,9.5,9.11,14302131,133338455.1,0.9972,1.5234,1434228941.0,13381356019.53,2026-07-14
2023-02-02,sh.600151,航天机电,9.43,9.61,9.87,9.31,24126321,232526607.02,1.6822,3.0011,1434212400.0,13782781164.0,2026-07-14
2023-02-03,sh.600151,航天机电,9.61,9.52,9.77,9.43,12045851,115103533.52,0.8399,-0.9365,1434200619.0,13653589892.88,2026-07-14
2023-02-06,sh.600151,航天机电,9.48,9.43,9.54,9.35,10094991,95223636.66,0.7039,-0.9454,1434151300.0,13524046759.0,2026-07-14
2023-02-07,sh.600151,航天机电,9.4,9.59,9.64,9.37,9069501,86311247.45,0.6324,1.6967,1434139943.0,13753402053.369999,2026-07-14
2023-02-08,sh.600151,航天机电,9.6,9.52,9.66,9.48,5987500,57170880.0,0.4175,-0.7299,1434131737.0,13652934136.24,2026-07-14
2023-02-09,sh.600151,航天机电,9.5,9.67,9.69,9.46,9019502,86796991.64,0.6289,1.5756,1434171092.0,13868434459.64,2026-07-14
2023-02-10,sh.600151,航天机电,9.61,9.54,9.7,9.47,7578220,72478308.59,0.5284,-1.3444,1434182438.0,13682100458.519999,2026-07-14
2023-02-13,sh.600151,航天机电,9.51,9.61,9.69,9.5,9691897,93265039.39,0.6757,0.7338,1434349119.0,13784095033.589998,2026-07-14
2023-02-14,sh.600151,航天机电,9.57,9.57,9.61,9.5,6131921,58595251.54,0.4275,-0.4162,1434367485.0,13726896831.45,2026-07-14
2023-02-15,sh.600151,航天机电,9.59,9.68,9.75,9.54,10470600,101116564.84,0.73,1.1494,1434328767.0,13884302464.56,2026-07-14
2023-02-16,sh.600151,航天机电,9.69,9.72,10.15,9.62,21521826,213180383.37,1.5006,0.4132,1434214714.0,13940567020.080002,2026-07-14
2023-02-17,sh.600151,航天机电,9.71,9.52,9.78,9.41,14600201,139476456.05,1.018,-2.0576,1434204420.0,13653626078.4,2026-07-14
2023-02-20,sh.600151,航天机电,9.53,9.57,9.62,9.36,8677009,82695030.61,0.605,0.5252,1434216364.0,13725450603.48,2026-07-14
2023-02-21,sh.600151,航天机电,9.6,9.85,9.88,9.54,13393242,130589531.76,0.9338,2.9258,1434273078.0,14127589818.3,2026-07-14
2023-02-22,sh.600151,航天机电,9.79,9.91,10.0,9.72,11467721,113733503.21,0.7996,0.6091,1434182216.0,14212745760.56,2026-07-14
2023-02-23,sh.600151,航天机电,9.97,9.85,9.99,9.79,7825502,77309924.72,0.5456,-0.6054,1434292889.0,14127784956.65,2026-07-14
2023-02-24,sh.600151,航天机电,9.89,9.96,10.03,9.83,9544824,94818351.16,0.6655,1.1168,1434233509.0,14284965749.640001,2026-07-14
2023-02-27,sh.600151,航天机电,9.94,9.76,10.0,9.73,10592670,104482565.7,0.7385,-2.008,1434349357.0,13999249724.32,2026-07-14
2023-02-28,sh.600151,航天机电,9.79,10.0,10.04,9.79,14680485,146210094.33,1.0236,2.459,1434201348.0,14342013480.0,2026-07-14
2023-03-01,sh.600151,航天机电,9.95,10.0,10.02,9.91,7821096,77908399.6,0.5453,0.0,1434273978.0,14342739780.0,2026-07-14
2023-03-02,sh.600151,航天机电,10.03,9.86,10.03,9.84,9094350,90012296.5,0.6341,-1.4,1434213846.0,14141348521.56,2026-07-14
2023-03-03,sh.600151,航天机电,9.86,9.89,9.94,9.76,6691444,65846917.28,0.4665,0.3043,1434393140.0,14186148154.6,2026-07-14
2023-03-06,sh.600151,航天机电,9.9,10.0,10.25,9.86,18862615,189332432.8,1.3152,1.1122,1434201262.0,14342012620.0,2026-07-14
2023-03-07,sh.600151,航天机电,9.98,9.78,10.02,9.77,12542019,123739989.08,0.8745,-2.2,1434193139.0,14026408899.419998,2026-07-14
2023-03-08,sh.600151,航天机电,9.76,9.92,9.99,9.73,8655847,85367437.95,0.6035,1.4315,1434274565.0,14228003684.8,2026-07-14
2023-03-09,sh.600151,航天机电,9.93,9.83,9.93,9.7,8315500,81582872.0,0.5798,-0.9073,1434201449.0,14098200243.67,2026-07-14
2023-03-10,sh.600151,航天机电,9.8,9.65,9.85,9.64,7209100,70017740.0,0.5026,-1.8311,1434361321.0,13841586747.65,2026-07-14
2023-03-13,sh.600151,航天机电,9.65,9.6,9.74,9.52,7410700,71244197.0,0.5167,-0.5181,1434236501.0,13768670409.6,2026-07-14
2023-03-14,sh.600151,航天机电,9.57,9.46,9.64,9.3,9010300,85095563.62,0.6282,-1.4583,1434304362.0,13568519264.52,2026-07-14
2023-03-15,sh.600151,航天机电,9.48,9.54,9.67,9.48,6059800,58098707.0,0.4225,0.8457,1434272189.0,13682956683.06,2026-07-14
2023-03-16,sh.600151,航天机电,9.5,9.38,9.6,9.35,6414100,60647582.0,0.4472,-1.6771,1434279964.0,13453546062.320002,2026-07-14
2023-03-17,sh.600151,航天机电,9.43,9.43,9.58,9.38,6065212,57437827.64,0.4229,0.533,1434195318.0,13524461848.74,2026-07-14
2023-03-20,sh.600151,航天机电,9.44,9.42,9.56,9.33,7076041,66779482.54,0.4934,-0.106,1434138833.0,13509587806.86,2026-07-14
2023-03-21,sh.600151,航天机电,9.42,9.51,9.64,9.42,7003200,66800876.0,0.4883,0.9554,1434200287.0,13639244729.369999,2026-07-14
2023-03-22,sh.600151,航天机电,9.58,9.47,9.59,9.45,5509108,52394388.92,0.3841,-0.4206,1434290029.0,13582726574.630001,2026-07-14
2023-03-23,sh.600151,航天机电,9.49,9.39,9.5,9.33,6254701,58675620.33,0.4361,-0.8448,1434235496.0,13467471307.44,2026-07-14
2023-03-24,sh.600151,航天机电,9.37,9.43,9.44,9.23,9111758,84992878.05,0.6353,0.426,1434244924.0,13524929633.32,2026-07-14
2023-03-27,sh.600151,航天机电,9.32,9.35,9.49,9.3,6387688,59754480.4,0.4454,-0.8484,1434146385.0,13409268699.75,2026-07-14
2023-03-28,sh.600151,航天机电,9.31,9.22,9.36,9.19,6104487,56479335.8,0.4256,-1.3904,1434324953.0,13224476066.660002,2026-07-14
2023-03-29,sh.600151,航天机电,9.28,9.23,9.31,9.2,5321005,49220343.14,0.371,0.1085,1434233154.0,13237972011.42,2026-07-14
2023-03-30,sh.600151,航天机电,9.27,9.43,9.47,9.11,11498795,107211624.11,0.8017,2.1668,1434301484.0,13525462994.119999,2026-07-14
2023-03-31,sh.600151,航天机电,9.46,9.33,9.54,9.3,6888447,64730207.79,0.4803,-1.0604,1434196752.0,13381055696.16,2026-07-14
2023-04-03,sh.600151,航天机电,9.32,9.27,9.38,9.25,7451590,69277021.08,0.5195,-0.6431,1434377286.0,13296677441.22,2026-07-14
2023-04-04,sh.600151,航天机电,9.28,9.02,9.28,8.96,10409848,94375505.9,0.7258,-2.6969,1434258473.0,12937011426.46,2026-07-14
2023-04-06,sh.600151,航天机电,8.98,9.06,9.11,8.89,7602937,68613519.51,0.5301,0.4435,1434245803.0,12994266975.18,2026-07-14
2023-04-07,sh.600151,航天机电,9.06,9.18,9.19,9.04,6136746,55959885.8,0.4279,1.3245,1434154242.0,13165535941.56,2026-07-14
2023-04-10,sh.600151,航天机电,9.21,9.07,9.21,9.0,5555549,50490533.95,0.3873,-1.1983,1434430416.0,13010283873.12,2026-07-14
2023-04-11,sh.600151,航天机电,9.13,9.09,9.17,9.03,5453029,49650344.49,0.3802,0.2205,1434252762.0,13037357606.58,2026-07-14
2023-04-12,sh.600151,航天机电,9.1,9.04,9.12,8.99,6084301,54954231.8,0.4242,-0.5501,1434300094.0,12966072849.759998,2026-07-14
2023-04-13,sh.600151,航天机电,9.08,9.02,9.12,8.98,6099200,55070138.0,0.4253,-0.2212,1434093581.0,12935524100.619999,2026-07-14
2023-04-14,sh.600151,航天机电,9.02,9.03,9.13,8.95,7142150,64473889.98,0.498,0.1109,1434166667.0,12950525003.009998,2026-07-14
2023-04-17,sh.600151,航天机电,9.04,8.98,9.14,8.97,7270600,65726459.99,0.5069,-0.5537,1434326297.0,12880250147.060001,2026-07-14
2023-04-18,sh.600151,航天机电,8.99,8.77,9.0,8.77,6909599,61000585.13,0.4818,-2.3385,1434121835.0,12577248492.949999,2026-07-14
2023-04-19,sh.600151,航天机电,8.81,8.89,8.92,8.71,6890476,60748070.88,0.4804,1.3683,1434320566.0,12751109831.740002,2026-07-14
2023-04-20,sh.600151,航天机电,8.85,8.63,8.88,8.61,7632000,66316251.0,0.5321,-2.9246,1434316858.0,12378154484.54,2026-07-14
2023-04-21,sh.600151,航天机电,8.61,8.5,8.68,8.45,8670288,74137821.85,0.6045,-1.5064,1434290819.0,12191471961.5,2026-07-14
2023-04-24,sh.600151,航天机电,8.5,8.46,8.53,8.3,8145341,68627959.08,0.5679,-0.4706,1434291425.0,12134105455.500002,2026-07-14
2023-04-25,sh.600151,航天机电,8.48,8.39,8.57,8.28,7943900,66648497.0,0.5539,-0.8274,1434175844.0,12032735331.160002,2026-07-14
2023-04-26,sh.600151,航天机电,8.39,8.7,8.83,8.36,11250242,97230827.61,0.7844,3.6949,1434248088.0,12477958365.599998,2026-07-14
2023-04-27,sh.600151,航天机电,8.74,8.7,8.88,8.67,8107354,70911699.88,0.5653,0.0,1434168406.0,12477265132.199999,2026-07-14
2023-04-28,sh.600151,航天机电,8.68,8.75,8.79,8.64,6262101,54586150.74,0.4366,0.5747,1434287907.0,12550019186.25,2026-07-14
2023-05-04,sh.600151,航天机电,8.74,8.98,9.15,8.71,13257278,119401469.27,0.9243,2.6286,1434304663.0,12880055873.74,2026-07-14
2023-05-05,sh.600151,航天机电,8.99,8.73,9.0,8.65,9896889,86723232.72,0.69,-2.784,1434331739.0,12521716081.470001,2026-07-14
2023-05-08,sh.600151,航天机电,8.74,8.74,8.85,8.61,8027300,69975608.0,0.5597,0.1145,1434214758.0,12535036984.92,2026-07-14
2023-05-09,sh.600151,航天机电,8.74,8.85,8.96,8.69,11142819,98382686.51,0.7769,1.2586,1434266830.0,12693261445.5,2026-07-14
2023-05-10,sh.600151,航天机电,8.85,8.78,8.87,8.7,7776710,68244896.02,0.5422,-0.791,1434288086.0,12593049395.08,2026-07-14
2023-05-11,sh.600151,航天机电,8.77,8.72,8.8,8.65,5118700,44510002.0,0.3569,-0.6834,1434211264.0,12506322222.080002,2026-07-14
2023-05-12,sh.600151,航天机电,8.67,8.52,8.69,8.5,8948921,76589288.54,0.6239,-2.2936,1434351819.0,12220677497.88,2026-07-14
2023-05-15,sh.600151,航天机电,8.52,8.64,8.66,8.41,9204636,78540010.78,0.6418,1.4085,1434190714.0,12391407768.960001,2026-07-14
2023-05-16,sh.600151,航天机电,8.61,8.58,8.68,8.53,6022601,51799314.65,0.4199,-0.6944,1434294118.0,12306243532.44,2026-07-14
2023-05-17,sh.600151,航天机电,8.55,8.72,8.73,8.44,9740935,84073287.12,0.6792,1.6317,1434177709.0,12506029622.480001,2026-07-14
2023-05-18,sh.600151,航天机电,8.75,8.78,8.88,8.68,8077120,70944372.8,0.5632,0.6881,1434147727.0,12591817043.06,2026-07-14
2023-05-19,sh.600151,航天机电,8.74,8.64,8.82,8.64,5294206,45992753.1,0.3691,-1.5945,1434355459.0,12392831165.76,2026-07-14
2023-05-22,sh.600151,航天机电,8.63,8.54,8.67,8.5,6326170,54081924.89,0.4411,-1.1574,1434180458.0,12247901111.32,2026-07-14
2023-05-23,sh.600151,航天机电,8.54,8.44,8.6,8.43,6899143,58689279.89,0.481,-1.171,1434333264.0,12105772748.16,2026-07-14
2023-05-24,sh.600151,航天机电,8.58,8.45,8.58,8.37,9576482,81008816.01,0.6677,0.1185,1434249214.0,12119405858.3,2026-07-14
2023-05-25,sh.600151,航天机电,8.45,8.51,8.64,8.38,9201700,78457018.67,0.6416,0.7101,1434180175.0,12204873289.25,2026-07-14
2023-05-26,sh.600151,航天机电,8.52,9.36,9.36,8.38,39697114,362305179.32,2.7678,9.9882,1434247923.0,13424560559.279999,2026-07-14
2023-05-29,sh.600151,航天机电,9.36,8.96,9.36,8.79,41171888,369945476.01,2.8706,-4.2735,1434260712.0,12850975979.52,2026-07-14
2023-05-30,sh.600151,航天机电,8.92,8.88,9.01,8.81,19170832,170407021.55,1.3366,-0.8929,1434298369.0,12736569516.720001,2026-07-14
2023-05-31,sh.600151,航天机电,8.89,8.7,8.92,8.68,13958927,122173623.09,0.9733,-2.027,1434185452.0,12477413432.4,2026-07-14
2023-06-01,sh.600151,航天机电,8.65,8.65,8.74,8.5,11582754,99949040.03,0.8076,-0.5747,1434219168.0,12405995803.2,2026-07-14
2023-06-02,sh.600151,航天机电,8.63,8.67,8.7,8.59,9628528,83172528.52,0.6713,0.2312,1434310740.0,12435474115.8,2026-07-14
2023-06-05,sh.600151,航天机电,8.21,8.01,8.6,7.98,38420304,314503064.83,2.6788,-7.6125,1434235628.0,11488227380.279999,2026-07-14
2023-06-06,sh.600151,航天机电,7.95,7.74,8.02,7.7,23106013,180436246.15,1.611,-3.3708,1434265239.0,11101212949.86,2026-07-14
2023-06-07,sh.600151,航天机电,7.75,7.81,7.89,7.65,16633312,129747191.34,1.1597,0.9044,1434277141.0,11201704471.21,2026-07-14
2023-06-08,sh.600151,航天机电,7.76,7.53,7.85,7.49,24962029,189893942.55,1.7404,-3.5851,1434269651.0,10800050472.03,2026-07-14
2023-06-09,sh.600151,航天机电,7.53,7.76,7.76,7.48,26740256,203636293.83,1.8644,3.0544,1434255310.0,11129821205.6,2026-07-14
2023-06-12,sh.600151,航天机电,7.69,7.79,7.83,7.6,14071799,108696830.1,0.9811,0.3866,1434287942.0,11173103068.18,2026-07-14
2023-06-13,sh.600151,航天机电,7.76,7.94,8.01,7.74,13511779,106764333.77,0.9421,1.9255,1434219191.0,11387700376.54,2026-07-14
2023-06-14,sh.600151,航天机电,7.94,7.85,7.97,7.8,9623281,75420391.5,0.671,-1.1335,1434170045.0,11258234853.25,2026-07-14
2023-06-15,sh.600151,航天机电,7.78,7.97,7.98,7.76,8733457,69322846.6,0.6089,1.5287,1434300706.0,11431376626.82,2026-07-14
2023-06-16,sh.600151,航天机电,8.1,8.77,8.77,8.03,46379295,398046913.82,3.2337,10.0376,1434248539.0,12578359687.029999,2026-07-14
2023-06-19,sh.600151,航天机电,8.61,8.92,9.1,8.6,45308299,402790094.12,3.159,1.7104,1434260810.0,12793606425.2,2026-07-14
2023-06-20,sh.600151,航天机电,8.92,9.06,9.31,8.86,32418311,294987085.94,2.2603,1.5695,1434248153.0,12994288266.18,2026-07-14
2023-06-21,sh.600151,航天机电,9.04,8.97,9.21,8.96,21715500,196631292.0,1.5141,-0.9934,1434218348.0,12864938581.560001,2026-07-14
2023-06-26,sh.600151,航天机电,8.98,8.81,9.07,8.75,16694361,148286114.73,1.164,-1.7837,1434223454.0,12635508629.74,2026-07-14
2023-06-27,sh.600151,航天机电,8.81,8.8,8.96,8.74,11724400,103274531.0,0.8175,-0.1135,1434177370.0,12620760856.000002,2026-07-14
2023-06-28,sh.600151,航天机电,8.82,8.79,8.87,8.59,13574987,118516611.77,0.9465,-0.1136,1434230005.0,12606881743.949999,2026-07-14
2023-06-29,sh.600151,航天机电,8.77,8.82,8.95,8.7,11445766,101099208.81,0.798,0.3413,1434306516.0,12650583471.12,2026-07-14
2023-06-30,sh.600151,航天机电,8.84,8.91,9.0,8.8,12216449,109047295.08,0.8518,1.0204,1434192181.0,12778652332.710001,2026-07-14
2023-07-03,sh.600151,航天机电,8.91,8.69,8.98,8.68,13450800,118220443.0,0.9378,-2.4691,1434293026.0,12464006395.939999,2026-07-14
2023-07-04,sh.600151,航天机电,8.76,8.7,8.82,8.65,8379400,73151289.0,0.5842,0.1151,1434337556.0,12478736737.199999,2026-07-14
2023-07-05,sh.600151,航天机电,8.75,8.6,8.75,8.57,7054500,60953497.0,0.4919,-1.1494,1434132954.0,12333543404.4,2026-07-14
2023-07-06,sh.600151,航天机电,8.56,8.56,8.66,8.5,7413801,63522752.55,0.5169,-0.4651,1434281486.0,12277449520.16,2026-07-14
2023-07-07,sh.600151,航天机电,8.57,8.5,8.57,8.43,6479264,54968705.0,0.4518,-0.7009,1434100044.0,12189850374.0,2026-07-14
2023-07-10,sh.600151,航天机电,8.48,8.57,8.67,8.46,11486509,98457196.84,0.8009,0.8235,1434200150.0,12291095285.5,2026-07-14
2023-07-11,sh.600151,航天机电,8.58,8.56,8.69,8.48,6937064,59452127.66,0.4837,-0.1167,1434166632.0,12276466369.92,2026-07-14
2023-07-12,sh.600151,航天机电,8.55,8.49,8.62,8.47,6865998,58467779.02,0.4787,-0.8178,1434300815.0,12177213919.35,2026-07-14
2023-07-13,sh.600151,航天机电,8.52,8.5,8.65,8.46,8027188,68429878.0,0.5597,0.1178,1434194747.0,12190655349.5,2026-07-14
2023-07-14,sh.600151,航天机电,8.5,8.45,8.52,8.43,6915201,58542670.45,0.4821,-0.5882,1434391413.0,12120607439.849998,2026-07-14
2023-07-17,sh.600151,航天机电,8.45,8.56,8.57,8.35,5652203,47926891.17,0.3941,1.3018,1434205278.0,12276797179.68,2026-07-14
2023-07-18,sh.600151,航天机电,8.56,8.55,8.71,8.49,7623815,65465580.3,0.5316,-0.1168,1434126223.0,12261779206.650002,2026-07-14
2023-07-19,sh.600151,航天机电,8.55,8.45,8.56,8.37,6463888,54678847.02,0.4507,-1.1696,1434188596.0,12118893636.199999,2026-07-14
2023-07-20,sh.600151,航天机电,8.43,8.35,8.56,8.3,7537600,63502095.0,0.5255,-1.1834,1434367269.0,11976966696.15,2026-07-14
2023-07-21,sh.600151,航天机电,8.3,8.3,8.41,8.25,5857299,48844623.67,0.4084,-0.5988,1434206415.0,11903913244.500002,2026-07-14
2023-07-24,sh.600151,航天机电,8.35,8.4,8.5,8.26,6314701,53124665.34,0.4403,1.2048,1434181467.0,12047124322.800001,2026-07-14
2023-07-25,sh.600151,航天机电,8.49,8.59,8.61,8.44,7802431,66601329.2,0.544,2.2619,1434270404.0,12320382770.36,2026-07-14
2023-07-26,sh.600151,航天机电,8.64,8.59,8.64,8.52,6730900,57754017.0,0.4693,0.0,1434242489.0,12320142980.51,2026-07-14
2023-07-27,sh.600151,航天机电,8.54,8.66,9.07,8.54,24949207,219230975.44,1.7395,0.8149,1434274619.0,12420818200.54,2026-07-14
2023-07-28,sh.600151,航天机电,8.7,8.76,8.81,8.56,11565837,100609068.47,0.8064,1.1547,1434255580.0,12564078880.8,2026-07-14
2023-07-31,sh.600151,航天机电,8.76,8.73,8.84,8.67,11498203,100586419.14,0.8017,-0.3425,1434227641.0,12520807305.93,2026-07-14
2023-08-01,sh.600151,航天机电,8.73,8.65,8.75,8.62,8308915,72015425.8,0.5793,-0.9164,1434302607.0,12406717550.550001,2026-07-14
2023-08-02,sh.600151,航天机电,8.65,8.6,8.72,8.57,5771004,49843866.57,0.4024,-0.578,1434146123.0,12333656657.8,2026-07-14
2023-08-03,sh.600151,航天机电,8.65,8.6,8.72,8.57,9629103,83129222.89,0.6714,0.0,1434182752.0,12333971667.199999,2026-07-14
2023-08-04,sh.600151,航天机电,8.59,8.6,8.67,8.55,6391500,54930510.0,0.4456,0.0,1434358169.0,12335480253.4,2026-07-14
2023-08-07,sh.600151,航天机电,8.56,8.5,8.66,8.48,7100601,60643635.5,0.4951,-1.1628,1434175116.0,12190488486.0,2026-07-14
2023-08-08,sh.600151,航天机电,8.5,8.44,8.52,8.43,4704600,39817093.8,0.328,-0.7059,1434329268.0,12105739021.92,2026-07-14
2023-08-09,sh.600151,航天机电,8.43,8.38,8.45,8.35,3726730,31278187.33,0.2598,-0.7109,1434461124.0,12020784219.12,2026-07-14
2023-08-10,sh.600151,航天机电,8.38,8.41,8.49,8.37,3437992,28933030.69,0.2397,0.358,1434289529.0,12062374938.89,2026-07-14
2023-08-11,sh.600151,航天机电,8.39,8.26,8.4,8.26,5221210,43473476.45,0.364,-1.7836,1434398352.0,11848130387.52,2026-07-14
2023-08-14,sh.600151,航天机电,8.22,8.32,8.33,8.14,6489964,53516552.48,0.4525,0.7264,1434246188.0,11932928284.16,2026-07-14
2023-08-15,sh.600151,航天机电,8.3,8.16,8.37,8.11,7472210,61283621.3,0.521,-1.9231,1434205374.0,11703115851.84,2026-07-14
2023-08-16,sh.600151,航天机电,8.11,8.09,8.2,8.06,3947213,32074793.77,0.2752,-0.8578,1434307049.0,11603544026.41,2026-07-14
2023-08-17,sh.600151,航天机电,8.07,8.26,8.29,8.01,5735202,46981044.75,0.3999,2.1014,1434159040.0,11846153670.4,2026-07-14
2023-08-18,sh.600151,航天机电,8.26,8.12,8.35,8.12,4108700,33858161.1,0.2865,-1.6949,1434101222.0,11644901922.64,2026-07-14
2023-08-21,sh.600151,航天机电,8.12,7.96,8.2,7.96,5871401,47362576.02,0.4094,-1.9704,1434147777.0,11415816304.92,2026-07-14
2023-08-22,sh.600151,航天机电,8.04,8.15,8.16,8.02,6796099,55002648.37,0.4738,2.3869,1434381385.0,11690208287.75,2026-07-14
2023-08-23,sh.600151,航天机电,8.16,7.99,8.16,7.98,5794307,46512030.03,0.404,-1.9632,1434234406.0,11459532903.94,2026-07-14
2023-08-24,sh.600151,航天机电,8.03,7.98,8.09,7.9,4581701,36622406.06,0.3194,-0.1252,1434471196.0,11447080144.08,2026-07-14
2023-08-25,sh.600151,航天机电,7.92,7.8,8.0,7.75,6267155,49242310.75,0.437,-2.2556,1434131579.0,11186226316.199999,2026-07-14
2023-08-28,sh.600151,航天机电,8.09,7.88,8.26,7.86,11071428,88611020.17,0.7719,1.0256,1434308589.0,11302351681.32,2026-07-14
2023-08-29,sh.600151,航天机电,7.88,8.18,8.2,7.86,9520042,77125102.56,0.6638,3.8071,1434173245.0,11731537144.1,2026-07-14
2023-08-30,sh.600151,航天机电,8.2,8.19,8.28,8.16,6496262,53417680.4,0.4529,0.1222,1434370060.0,11747490791.4,2026-07-14
2023-08-31,sh.600151,航天机电,8.21,8.13,8.24,8.09,5645000,45994712.0,0.3936,-0.7326,1434197154.0,11660022862.02,2026-07-14
2023-09-01,sh.600151,航天机电,8.13,8.23,8.23,8.1,5521977,45144006.43,0.385,1.23,1434279740.0,11804122260.2,2026-07-14
2023-09-04,sh.600151,航天机电,8.26,8.23,8.26,8.14,6260788,51317072.58,0.4365,0.0,1434315693.0,11804418153.390001,2026-07-14
2023-09-05,sh.600151,航天机电,8.24,8.11,8.24,8.1,7521640,61272614.94,0.5244,-1.4581,1434332571.0,11632437150.81,2026-07-14
2023-09-06,sh.600151,航天机电,8.11,8.3,8.32,8.08,8452990,69660799.23,0.5894,2.3428,1434168646.0,11903599761.800001,2026-07-14
2023-09-07,sh.600151,航天机电,8.32,8.09,8.32,8.07,10654558,86902348.64,0.7429,-2.5301,1434184682.0,11602554077.38,2026-07-14
2023-09-08,sh.600151,航天机电,8.09,8.24,8.28,8.07,7546479,61880256.12,0.5262,1.8541,1434146522.0,11817367341.28,2026-07-14
2023-09-11,sh.600151,航天机电,8.2,8.19,8.26,8.13,6316001,51699594.14,0.4404,-0.6068,1434150999.0,11745696681.81,2026-07-14
2023-09-12,sh.600151,航天机电,8.15,8.21,8.27,8.15,3386493,27797647.66,0.2361,0.2442,1434346887.0,11775987942.27,2026-07-14
2023-09-13,sh.600151,航天机电,8.23,8.09,8.24,8.06,6188158,50291956.28,0.4315,-1.4616,1434103824.0,11601899936.16,2026-07-14
2023-09-14,sh.600151,航天机电,8.13,8.01,8.13,7.98,5895591,47297044.31,0.4111,-0.9889,1434101435.0,11487152494.35,2026-07-14
2023-09-15,sh.600151,航天机电,8.01,8.04,8.05,7.8,13318536,105678068.17,0.9286,0.3745,1434259746.0,11531448357.839998,2026-07-14
2023-09-18,sh.600151,航天机电,7.93,8.06,8.17,7.88,8914347,71892871.4,0.6215,0.2488,1434327755.0,11560681705.300001,2026-07-14
2023-09-19,sh.600151,航天机电,8.06,7.97,8.09,7.92,8465100,67526991.0,0.5902,-1.1166,1434276516.0,11431183832.52,2026-07-14
2023-09-20,sh.600151,航天机电,7.9,7.9,7.99,7.89,5150100,40898224.0,0.3591,-0.8783,1434168755.0,11329933164.5,2026-07-14
2023-09-21,sh.600151,航天机电,7.9,7.86,7.95,7.84,9239500,72836971.0,0.6442,-0.5063,1434259547.0,11273280039.42,2026-07-14
2023-09-22,sh.600151,航天机电,7.84,7.88,7.91,7.84,5065200,39874352.0,0.3532,0.2545,1434088335.0,11300616079.8,2026-07-14
2023-09-25,sh.600151,航天机电,7.85,7.73,7.9,7.6,8109625,62827670.75,0.5654,-1.9036,1434316413.0,11087265872.49,2026-07-14
2023-09-26,sh.600151,航天机电,7.74,7.7,7.78,7.66,5378040,41453180.59,0.375,-0.3881,1434144000.0,11042908800.0,2026-07-14
2023-09-27,sh.600151,航天机电,7.69,7.83,7.87,7.68,6941866,54185253.52,0.484,1.6883,1434269835.0,11230332808.05,2026-07-14
2023-09-28,sh.600151,航天机电,7.81,7.69,7.86,7.67,8905500,68929008.0,0.6209,-1.788,1434288935.0,11029681910.15,2026-07-14
2023-10-09,sh.600151,航天机电,7.69,7.03,7.74,6.92,46896613,334032876.34,3.2698,-8.5826,1434234907.0,10082671396.210001,2026-07-14
2023-10-10,sh.600151,航天机电,6.93,6.96,7.07,6.9,16835883,117532333.84,1.1738,-0.9957,1434305929.0,9982769265.84,2026-07-14
2023-10-11,sh.600151,航天机电,6.96,6.9,7.03,6.88,17100699,118770497.99,1.1923,-0.8621,1434261427.0,9896403846.300001,2026-07-14
2023-10-12,sh.600151,航天机电,6.95,6.96,6.98,6.78,13664365,94068919.96,0.9527,0.8696,1434277842.0,9982573780.32,2026-07-14
2023-10-13,sh.600151,航天机电,6.95,6.95,7.0,6.87,9222240,64042084.3,0.643,-0.1437,1434251944.0,9968051010.800001,2026-07-14
2023-10-16,sh.600151,航天机电,6.96,6.8,6.98,6.77,10594812,72513122.48,0.7387,-2.1583,1434250981.0,9752906670.8,2026-07-14
2023-10-17,sh.600151,航天机电,6.8,6.73,6.83,6.7,9763701,65903522.76,0.6808,-1.0294,1434151146.0,9651837212.58,2026-07-14
2023-10-18,sh.600151,航天机电,6.72,6.68,6.78,6.65,7686483,51526532.44,0.5359,-0.7429,1434312932.0,9581210385.76,2026-07-14
2023-10-19,sh.600151,航天机电,6.64,6.62,6.72,6.58,9533052,63414021.08,0.6647,-0.8982,1434188657.0,9494328909.34,2026-07-14
2023-10-20,sh.600151,航天机电,6.63,6.64,6.74,6.55,7889131,52509351.09,0.5501,0.3021,1434126704.0,9522601314.56,2026-07-14
2023-10-23,sh.600151,航天机电,6.6,6.44,6.63,6.4,9702212,63091074.93,0.6765,-3.012,1434177679.0,9236104252.76,2026-07-14
2023-10-24,sh.600151,航天机电,6.46,6.45,6.54,6.39,7562711,48860950.22,0.5273,0.1553,1434233074.0,9250803327.300001,2026-07-14
2023-10-25,sh.600151,航天机电,6.49,6.7,6.75,6.49,11082346,73935711.36,0.7727,3.876,1434236573.0,9609385039.1,2026-07-14
2023-10-26,sh.600151,航天机电,6.69,6.74,6.75,6.52,7653300,50675348.0,0.5336,0.597,1434276612.0,9667024364.880001,2026-07-14
2023-10-27,sh.600151,航天机电,6.74,6.8,6.84,6.65,8640245,58519372.35,0.6024,0.8902,1434303619.0,9753264609.199999,2026-07-14
2023-10-30,sh.600151,航天机电,6.79,6.88,6.92,6.75,9517061,65168736.58,0.6636,1.1765,1434156269.0,9866995130.72,2026-07-14
2023-10-31,sh.600151,航天机电,6.94,6.78,6.94,6.72,7866800,53390063.0,0.5485,-1.4535,1434238833.0,9724139287.74,2026-07-14
2023-11-01,sh.600151,航天机电,6.81,6.77,6.85,6.76,6126177,41642669.29,0.4271,-0.1475,1434365956.0,9710657522.119999,2026-07-14
2023-11-02,sh.600151,航天机电,6.79,6.66,6.84,6.66,7272378,48817822.32,0.5071,-1.6248,1434111221.0,9551180731.86,2026-07-14
2023-11-03,sh.600151,航天机电,6.66,6.83,6.87,6.66,9017800,61436948.0,0.6287,2.5526,1434356609.0,9796655639.47,2026-07-14
2023-11-06,sh.600151,航天机电,6.85,6.91,6.93,6.8,8150181,56201934.29,0.5683,1.1713,1434133556.0,9909862871.960001,2026-07-14
2023-11-07,sh.600151,航天机电,6.9,6.87,6.9,6.81,6464700,44343311.0,0.4507,-0.5789,1434368760.0,9854113381.2,2026-07-14
2023-11-08,sh.600151,航天机电,6.86,6.85,6.91,6.8,6412500,43949612.0,0.4471,-0.2911,1434242899.0,9824563858.15,2026-07-14
2023-11-09,sh.600151,航天机电,6.82,6.82,6.9,6.79,8993443,61458735.67,0.627,-0.438,1434360925.0,9782341508.5,2026-07-14
2023-11-10,sh.600151,航天机电,6.78,6.76,6.78,6.69,8255500,55496574.0,0.5756,-0.8798,1434242530.0,9695479502.8,2026-07-14
2023-11-13,sh.600151,航天机电,6.76,6.91,7.05,6.76,18790910,129360555.64,1.3102,2.2189,1434201649.0,9910333394.59,2026-07-14
2023-11-14,sh.600151,航天机电,6.92,6.86,7.08,6.8,18231317,125923741.45,1.2711,-0.7236,1434294469.0,9839260057.34,2026-07-14
2023-11-15,sh.600151,航天机电,6.9,6.99,7.01,6.85,15816682,109771361.85,1.1028,1.895,1434229416.0,10025263617.84,2026-07-14
2023-11-16,sh.600151,航天机电,6.98,6.84,6.98,6.83,11939701,82097400.86,0.8325,-2.1459,1434198318.0,9809916495.119999,2026-07-14
2023-11-17,sh.600151,航天机电,6.81,6.92,6.93,6.8,7817710,53713026.9,0.5451,1.1696,1434179050.0,9924519026.0,2026-07-14
2023-11-20,sh.600151,航天机电,6.89,6.98,7.0,6.86,10488480,72838225.6,0.7313,0.8671,1434223985.0,10010883415.300001,2026-07-14
2023-11-21,sh.600151,航天机电,6.98,6.96,7.02,6.94,9508890,66379212.17,0.663,-0.2865,1434221719.0,9982183164.24,2026-07-14
2023-11-22,sh.600151,航天机电,6.95,6.8,6.95,6.79,9686971,66357347.64,0.6754,-2.2989,1434256885.0,9752946818.0,2026-07-14
2023-11-23,sh.600151,航天机电,6.8,6.87,6.91,6.78,6510600,44603326.0,0.4539,1.0294,1434368804.0,9854113683.48,2026-07-14
2023-11-24,sh.600151,航天机电,6.88,6.75,6.88,6.72,8183274,55405346.43,0.5706,-1.7467,1434152471.0,9680529179.25,2026-07-14
2023-11-27,sh.600151,航天机电,6.72,6.8,6.84,6.7,7347741,49720597.41,0.5123,0.7407,1434265274.0,9753003863.199999,2026-07-14
2023-11-28,sh.600151,航天机电,6.78,7.35,7.48,6.76,57841131,419129747.57,4.0328,8.0882,1434267283.0,10541864530.05,2026-07-14
2023-11-29,sh.600151,航天机电,7.25,7.11,7.33,7.09,38331274,275888069.07,2.6726,-3.2653,1434231610.0,10197386747.1,2026-07-14
2023-11-30,sh.600151,航天机电,7.05,6.92,7.11,6.85,22505365,156379080.54,1.5691,-2.6723,1434284940.0,9925251784.8,2026-07-14
2023-12-01,sh.600151,航天机电,6.89,6.94,6.94,6.79,13789663,94717731.79,0.9615,0.289,1434182319.0,9953225293.86,2026-07-14
2023-12-04,sh.600151,航天机电,6.94,6.85,7.02,6.85,15857162,109591135.87,1.1056,-1.2968,1434258502.0,9824670738.699999,2026-07-14
2023-12-05,sh.600151,航天机电,6.85,6.68,6.88,6.66,13316800,89913507.0,0.9285,-2.4818,1434227248.0,9580638016.64,2026-07-14
2023-12-06,sh.600151,航天机电,6.69,6.71,6.77,6.65,8994300,60493668.0,0.6271,0.4491,1434268857.0,9623944030.47,2026-07-14
2023-12-07,sh.600151,航天机电,6.73,6.67,6.73,6.61,8214300,54679722.0,0.5727,-0.5961,1434311158.0,9566855423.86,2026-07-14
2023-12-08,sh.600151,航天机电,6.69,6.58,6.73,6.54,10258100,67800768.0,0.7152,-1.3493,1434298098.0,9437681484.84,2026-07-14
2023-12-11,sh.600151,航天机电,6.51,6.65,6.66,6.46,8674335,56815110.21,0.6048,1.0638,1434248512.0,9537752604.800001,2026-07-14
2023-12-12,sh.600151,航天机电,6.64,6.6,6.68,6.59,5648400,37394816.0,0.3938,-0.7519,1434332148.0,9466592176.8,2026-07-14
2023-12-13,sh.600151,航天机电,6.6,6.75,6.95,6.54,19771381,133936528.79,1.3785,2.2727,1434267755.0,9681307346.25,2026-07-14
2023-12-14,sh.600151,航天机电,6.75,6.66,6.78,6.65,8470601,56833218.68,0.5906,-1.3333,1434236539.0,9552015349.74,2026-07-14
2023-12-15,sh.600151,航天机电,6.66,6.61,6.74,6.59,7138334,47526489.06,0.4977,-0.7508,1434264416.0,9480487789.76,2026-07-14
2023-12-18,sh.600151,航天机电,6.57,6.39,6.58,6.38,10364490,66953299.0,0.7226,-3.3283,1434332964.0,9165387639.96,2026-07-14
2023-12-19,sh.600151,航天机电,6.39,6.39,6.46,6.33,5666800,36242750.0,0.3951,0.0,1434269805.0,9164984053.949999,2026-07-14
2023-12-20,sh.600151,航天机电,6.38,6.3,6.44,6.3,6560702,41755116.69,0.4574,-1.4085,1434346742.0,9036384474.6,2026-07-14
2023-12-21,sh.600151,航天机电,6.28,6.36,6.41,6.2,8551616,53963415.09,0.5962,0.9524,1434353573.0,9122488724.28,2026-07-14
2023-12-22,sh.600151,航天机电,6.36,6.35,6.47,6.32,8925200,56928668.34,0.6223,-0.1572,1434227864.0,9107346936.4,2026-07-14
2023-12-25,sh.600151,航天机电,6.33,6.31,6.42,6.27,7281808,46109098.96,0.5077,-0.6299,1434273784.0,9050267577.039999,2026-07-14
2023-12-26,sh.600151,航天机电,6.33,6.17,6.34,6.17,7792179,48460555.93,0.5433,-2.2187,1434231364.0,8849207515.88,2026-07-14
2023-12-27,sh.600151,航天机电,6.24,6.18,6.24,6.13,7339046,45339723.75,0.5117,0.1621,1434247801.0,8863651410.18,2026-07-14
2023-12-28,sh.600151,航天机电,6.18,6.51,6.55,6.13,19810396,127027476.08,1.3812,5.3398,1434288734.0,9337219658.34,2026-07-14
2023-12-29,sh.600151,航天机电,6.51,6.59,6.61,6.48,12644765,82783392.66,0.8816,1.2289,1434297300.0,9452019207.0,2026-07-14
2024-01-02,sh.600151,航天机电,6.63,6.71,6.76,6.59,13165498,88154369.7,0.9179,1.8209,1434306351.0,9624195615.21,2026-07-14
2024-01-03,sh.600151,航天机电,6.68,6.67,6.71,6.62,8221584,54792842.28,0.5732,-0.5961,1434330775.0,9566986269.25,2026-07-14
2024-01-04,sh.600151,航天机电,6.66,6.67,6.71,6.61,6606701,44056178.67,0.4606,0.0,1434368432.0,9567237441.44,2026-07-14
2024-01-05,sh.600151,航天机电,6.62,6.45,6.68,6.39,11522302,74979264.0,0.8034,-3.2984,1434192432.0,9250541186.4,2026-07-14
2024-01-08,sh.600151,航天机电,6.4,6.2,6.43,6.2,9269301,58247140.34,0.6463,-3.876,1434210274.0,8892103698.800001,2026-07-14
2024-01-09,sh.600151,航天机电,6.24,6.29,6.4,6.2,10020141,63013361.94,0.6986,1.4516,1434317349.0,9021856125.210001,2026-07-14
2024-01-10,sh.600151,航天机电,6.26,6.28,6.4,6.18,9705627,61110155.18,0.6767,-0.159,1434258460.0,9007143128.800001,2026-07-14
2024-01-11,sh.600151,航天机电,6.25,6.38,6.42,6.23,8196846,51829009.96,0.5715,1.5924,1434268766.0,9150634727.08,2026-07-14
2024-01-12,sh.600151,航天机电,6.37,6.38,6.54,6.35,9482445,61149195.25,0.6611,0.0,1434343518.0,9151111644.84,2026-07-14
2024-01-15,sh.600151,航天机电,6.39,6.32,6.43,6.29,10519500,66839819.0,0.7334,-0.9404,1434346878.0,9065072268.960001,2026-07-14
2024-01-16,sh.600151,航天机电,6.32,6.36,6.42,6.27,10336400,65418071.0,0.7207,0.6329,1434216734.0,9121618428.24,2026-07-14
2024-01-17,sh.600151,航天机电,6.36,6.14,6.36,6.14,7373032,46054568.48,0.5141,-3.4591,1434163003.0,8805760838.42,2026-07-14
2024-01-18,sh.600151,航天机电,6.14,5.98,6.2,5.75,20286571,120369894.33,1.4144,-2.6059,1434288108.0,8577042885.84,2026-07-14
2024-01-19,sh.600151,航天机电,5.98,5.85,6.03,5.8,10828900,63905914.0,0.755,-2.1739,1434291391.0,8390604637.349999,2026-07-14
2024-01-22,sh.600151,航天机电,5.84,5.27,5.86,5.27,26043901,144254545.33,1.8159,-9.9145,1434214494.0,7558310383.379999,2026-07-14
2024-01-23,sh.600151,航天机电,5.27,5.59,5.66,5.27,28450024,156325597.47,1.9836,6.0721,1434262150.0,8017525418.5,2026-07-14
2024-01-24,sh.600151,航天机电,5.57,5.71,5.75,5.5,21205800,119261680.25,1.4785,2.1467,1434277984.0,8189727288.64,2026-07-14
2024-01-25,sh.600151,航天机电,5.71,6.01,6.02,5.69,18173732,107060743.94,1.2671,5.2539,1434277642.0,8620008628.42,2026-07-14
2024-01-26,sh.600151,航天机电,6.0,5.98,6.06,5.93,11631540,69635548.25,0.811,-0.4992,1434221948.0,8576647249.040001,2026-07-14
2024-01-29,sh.600151,航天机电,5.98,5.82,6.03,5.8,12371810,72709266.7,0.8626,-2.6756,1434246464.0,8347314420.4800005,2026-07-14
2024-01-30,sh.600151,航天机电,5.77,5.64,5.94,5.6,12360436,71564163.16,0.8618,-3.0928,1434258065.0,8089215486.599999,2026-07-14
2024-01-31,sh.600151,航天机电,5.45,5.16,5.58,5.13,23498874,124249562.43,1.6384,-8.5106,1434257446.0,7400768421.360001,2026-07-14
2024-02-01,sh.600151,航天机电,5.16,5.12,5.65,5.1,31712271,169245486.72,2.2111,-0.7752,1434230519.0,7343260257.28,2026-07-14
2024-02-02,sh.600151,航天机电,5.17,4.77,5.2,4.61,34535568,167962987.78,2.4079,-6.8359,1434260891.0,6841424450.07,2026-07-14
2024-02-05,sh.600151,航天机电,4.72,4.29,4.72,4.29,30468317,132639906.53,2.1243,-10.0629,1434275620.0,6153042409.8,2026-07-14
2024-02-06,sh.600151,航天机电,3.91,4.24,4.42,3.9,39255951,161285614.13,2.737,-1.1655,1434269309.0,6081301870.16,2026-07-14
2024-02-07,sh.600151,航天机电,4.29,4.63,4.66,4.28,47147843,216535744.9,3.2873,9.1981,1434242174.0,6640541265.62,2026-07-14
2024-02-08,sh.600151,航天机电,4.5,4.78,4.89,4.48,43263828,205915107.14,3.0165,3.2397,1434239284.0,6855663777.52,2026-07-14
2024-02-19,sh.600151,航天机电,4.82,4.85,4.95,4.72,24705565,119565563.16,1.7225,1.4644,1434285341.0,6956283903.849999,2026-07-14
2024-02-20,sh.600151,航天机电,4.84,4.9,4.9,4.73,18571438,89270211.06,1.2949,1.0309,1434198625.0,7027573262.500001,2026-07-14
2024-02-21,sh.600151,航天机电,4.88,5.01,5.2,4.81,21787010,110089683.3,1.5191,2.2449,1434205121.0,7185367656.21,2026-07-14
2024-02-22,sh.600151,航天机电,5.04,5.15,5.22,5.0,16788419,85951333.54,1.1705,2.7944,1434294660.0,7386617499.000001,2026-07-14
2024-02-23,sh.600151,航天机电,5.18,5.33,5.36,5.15,19395603,101649216.04,1.3523,3.4951,1434267766.0,7644647192.78,2026-07-14
2024-02-26,sh.600151,航天机电,5.34,5.36,5.47,5.31,21245664,114295799.65,1.4813,0.5629,1434258017.0,7687622971.120001,2026-07-14
2024-02-27,sh.600151,航天机电,5.36,5.65,5.68,5.32,20456301,112491184.53,1.4263,5.4104,1434221482.0,8103351373.3,2026-07-14
2024-02-28,sh.600151,航天机电,5.65,5.28,5.82,5.27,31199566,173768024.63,2.1753,-6.5487,1434264975.0,7572919068.0,2026-07-14
2024-02-29,sh.600151,航天机电,5.21,5.47,5.51,5.21,19001782,102771881.22,1.3249,3.5985,1434204997.0,7845101333.589999,2026-07-14
2024-03-01,sh.600151,航天机电,5.47,5.5,5.6,5.42,17663045,96945253.95,1.2315,0.5484,1434270808.0,7888489444.0,2026-07-14
2024-03-04,sh.600151,航天机电,5.51,5.44,5.55,5.35,15141952,82122192.92,1.0557,-1.0909,1434304443.0,7802616169.920001,2026-07-14
2024-03-05,sh.600151,航天机电,5.46,5.34,5.48,5.32,14393767,77161077.61,1.0036,-1.8382,1434213531.0,7658700255.54,2026-07-14
2024-03-06,sh.600151,航天机电,5.35,5.43,5.48,5.29,13300411,71538539.63,0.9273,1.6854,1434315863.0,7788335136.089999,2026-07-14
2024-03-07,sh.600151,航天机电,5.44,5.3,5.46,5.3,12595705,67617263.1,0.8782,-2.3941,1434263835.0,7601598325.5,2026-07-14
2024-03-08,sh.600151,航天机电,5.34,5.37,5.39,5.24,10890513,57998747.1,0.7593,1.3208,1434283287.0,7702101251.190001,2026-07-14
2024-03-11,sh.600151,航天机电,5.39,5.5,5.5,5.37,16470802,89580788.92,1.1484,2.4209,1434239115.0,7888315132.5,2026-07-14
2024-03-12,sh.600151,航天机电,5.52,5.61,5.63,5.47,17270302,95914034.0,1.2041,2.0,1434291338.0,8046374406.18,2026-07-14
2024-03-13,sh.600151,航天机电,5.63,5.61,5.67,5.54,13387002,74973454.14,0.9334,0.0,1434219199.0,8045969706.39,2026-07-14
2024-03-14,sh.600151,航天机电,5.61,5.53,5.66,5.45,12953801,71910800.53,0.9032,-1.426,1434211802.0,7931191265.06,2026-07-14
2024-03-15,sh.600151,航天机电,5.55,5.65,5.68,5.49,14953150,83531683.5,1.0426,2.17,1434217341.0,8103327976.650001,2026-07-14
2024-03-18,sh.600151,航天机电,5.65,5.79,5.88,5.64,21781550,125807178.56,1.5187,2.4779,1434223349.0,8304153190.71,2026-07-14
2024-03-19,sh.600151,航天机电,5.78,5.75,5.83,5.71,15023926,86614747.18,1.0475,-0.6908,1434265012.0,8247023819.0,2026-07-14
2024-03-20,sh.600151,航天机电,5.75,5.76,5.78,5.71,10938950,62882369.09,0.7627,0.1739,1434240199.0,8261223546.24,2026-07-14
2024-03-21,sh.600151,航天机电,5.77,5.79,5.84,5.7,17037991,98629024.06,1.1879,0.5208,1434295059.0,8304568391.61,2026-07-14
2024-03-22,sh.600151,航天机电,5.78,5.68,5.8,5.62,12862883,73194305.94,0.8968,-1.8998,1434308988.0,8146875051.839999,2026-07-14
2024-03-25,sh.600151,航天机电,5.66,5.46,5.66,5.46,15600698,86792601.29,1.0877,-3.8732,1434283166.0,7831186086.36,2026-07-14
2024-03-26,sh.600151,航天机电,5.45,5.47,5.51,5.37,13163275,71628447.72,0.9178,0.1832,1434220418.0,7845185686.46,2026-07-14
2024-03-27,sh.600151,航天机电,5.47,5.2,5.5,5.19,14155136,75444302.09,0.9869,-4.936,1434302969.0,7458375438.8,2026-07-14
2024-03-28,sh.600151,航天机电,5.22,5.41,5.46,5.22,14469976,77538787.9,1.0089,4.0385,1434232927.0,7759200135.070001,2026-07-14
2024-03-29,sh.600151,航天机电,5.46,5.39,5.46,5.32,13062770,70222962.2,0.9108,-0.3697,1434208388.0,7730383211.32,2026-07-14
2024-04-01,sh.600151,航天机电,5.4,5.41,5.46,5.36,15541343,84017039.8,1.0836,0.3711,1434232466.0,7759197641.06,2026-07-14
2024-04-02,sh.600151,航天机电,5.4,5.32,5.41,5.2,19175652,101551639.84,1.337,-1.6636,1434229768.0,7630102365.76,2026-07-14
2024-04-03,sh.600151,航天机电,5.33,5.21,5.34,5.16,14168483,73945085.63,0.9879,-2.0677,1434202146.0,7472193180.66,2026-07-14
2024-04-08,sh.600151,航天机电,5.18,5.05,5.19,5.05,14620420,74767419.6,1.0194,-3.071,1434218168.0,7242801748.4,2026-07-14
2024-04-09,sh.600151,航天机电,5.05,5.19,5.2,5.05,10813516,55587068.84,0.7539,2.7723,1434343547.0,7444243008.93,2026-07-14
2024-04-10,sh.600151,航天机电,5.18,5.04,5.2,5.0,10824324,54741223.72,0.7547,-2.8902,1434255201.0,7228646213.04,2026-07-14
2024-04-11,sh.600151,航天机电,5.02,5.02,5.11,4.96,9935272,50118797.88,0.6927,-0.3968,1434282085.0,7200096066.7,2026-07-14
2024-04-12,sh.600151,航天机电,5.0,4.95,5.09,4.93,9963899,49668855.04,0.6947,-1.3944,1434273643.0,7099654532.85,2026-07-14
2024-04-15,sh.600151,航天机电,4.94,4.77,5.02,4.68,18382118,88528085.76,1.2817,-3.6364,1434198174.0,6841125289.98,2026-07-14
2024-04-16,sh.600151,航天机电,4.76,4.4,4.77,4.37,22266000,100944863.52,1.5524,-7.7568,1434295285.0,6310899254.000001,2026-07-14
2024-04-17,sh.600151,航天机电,4.43,4.66,4.67,4.43,18044383,82878604.5,1.2581,5.9091,1434256657.0,6683636021.62,2026-07-14
2024-04-18,sh.600151,航天机电,4.68,4.68,4.76,4.57,13182800,61631718.99,0.9191,0.4292,1434316179.0,6712599717.719999,2026-07-14
2024-04-19,sh.600151,航天机电,4.67,4.6,4.7,4.57,10370269,47861454.94,0.723,-1.7094,1434338728.0,6597958148.799999,2026-07-14
2024-04-22,sh.600151,航天机电,4.65,4.62,4.74,4.5,11637701,53937612.64,0.8114,0.4348,1434274217.0,6626346882.54,2026-07-14
2024-04-23,sh.600151,航天机电,4.66,4.7,4.75,4.64,12510400,58721194.04,0.8723,1.7316,1434185487.0,6740671788.900001,2026-07-14
2024-04-24,sh.600151,航天机电,4.7,4.88,4.9,4.69,12372023,59580380.29,0.8626,3.8298,1434271157.0,6999243246.16,2026-07-14
2024-04-25,sh.600151,航天机电,4.85,4.85,4.93,4.79,9481109,46111710.05,0.661,-0.6148,1434358396.0,6956638220.599999,2026-07-14
2024-04-26,sh.600151,航天机电,4.86,4.97,4.98,4.82,10571752,52076911.78,0.7371,2.4742,1434235789.0,7128151871.33,2026-07-14
2024-04-29,sh.600151,航天机电,4.99,5.17,5.2,4.98,12674136,64741889.76,0.8837,4.0241,1434212516.0,7414878707.72,2026-07-14
2024-04-30,sh.600151,航天机电,5.15,5.14,5.17,5.05,13794378,70632596.99,0.9618,-0.5803,1434225203.0,7371917543.419999,2026-07-14
2024-05-06,sh.600151,航天机电,5.2,5.16,5.28,5.15,13608301,71006495.2,0.9488,0.3891,1434264439.0,7400804505.24,2026-07-14
2024-05-07,sh.600151,航天机电,5.16,5.19,5.21,5.08,11653866,60202960.8,0.8125,0.5814,1434321969.0,7444131019.110001,2026-07-14
2024-05-08,sh.600151,航天机电,5.19,5.12,5.24,5.11,10692150,55278729.5,0.7455,-1.3487,1434225352.0,7343233802.24,2026-07-14
2024-05-09,sh.600151,航天机电,5.12,5.2,5.24,5.11,11742811,61113508.6,0.8187,1.5625,1434324050.0,7458485060.0,2026-07-14
2024-05-10,sh.600151,航天机电,5.2,5.15,5.25,5.11,11169631,57562093.31,0.7788,-0.9615,1434210452.0,7386183827.8,2026-07-14
2024-05-13,sh.600151,航天机电,5.12,5.04,5.12,5.0,10828009,54815484.18,0.755,-2.1359,1434173377.0,7228233820.08,2026-07-14
2024-05-14,sh.600151,航天机电,5.06,5.01,5.13,5.0,8645352,43668819.87,0.6028,-0.5952,1434199071.0,7185337345.71,2026-07-14
2024-05-15,sh.600151,航天机电,4.99,4.95,5.05,4.95,7646365,38124549.25,0.5331,-1.1976,1434320953.0,7099888717.35,2026-07-14
2024-05-16,sh.600151,航天机电,4.94,4.94,5.02,4.91,8576424,42623187.08,0.598,-0.202,1434184615.0,7084871998.1,2026-07-14
2024-05-17,sh.600151,航天机电,4.94,5.04,5.07,4.9,8649685,43072896.95,0.6031,2.0243,1434204112.0,7228388724.4800005,2026-07-14
2024-05-20,sh.600151,航天机电,5.04,5.26,5.53,5.04,41683248,220721472.65,2.9063,4.3651,1434237622.0,7544089891.719999,2026-07-14
2024-05-21,sh.600151,航天机电,5.2,5.12,5.26,5.09,22225860,114173062.44,1.5496,-2.6616,1434296593.0,7343598556.16,2026-07-14
2024-05-22,sh.600151,航天机电,5.1,5.26,5.27,5.05,24135011,124597794.18,1.6828,2.7344,1434217435.0,7543983708.099999,2026-07-14
2024-05-23,sh.600151,航天机电,5.22,5.03,5.22,5.0,24554583,124665673.43,1.712,-4.3726,1434263026.0,7214343020.780001,2026-07-14
2024-05-24,sh.600151,航天机电,5.02,4.88,5.03,4.85,18274623,90188451.93,1.2742,-2.9821,1434203657.0,6998913846.16,2026-07-14
2024-05-27,sh.600151,航天机电,4.85,4.87,4.92,4.75,12925368,62235118.76,0.9012,-0.2049,1434239680.0,6984747241.6,2026-07-14
2024-05-28,sh.600151,航天机电,4.88,4.88,4.95,4.82,11495483,56145803.36,0.8015,0.2053,1434246163.0,6999121275.44,2026-07-14
2024-05-29,sh.600151,航天机电,4.88,4.9,5.09,4.85,17377293,86087009.65,1.2116,0.4098,1434243397.0,7027792645.3,2026-07-14
2024-05-30,sh.600151,航天机电,4.89,4.89,4.93,4.81,9498448,46371025.72,0.6623,-0.2041,1434160954.0,7013047065.059999,2026-07-14
2024-05-31,sh.600151,航天机电,4.86,5.0,5.07,4.86,16598602,82832759.04,1.1573,2.2495,1434252311.0,7171261555.0,2026-07-14
2024-06-03,sh.600151,航天机电,5.01,4.83,5.01,4.8,15889135,77504804.05,1.1078,-3.4,1434296353.0,6927651384.99,2026-07-14
2024-06-04,sh.600151,航天机电,4.82,4.86,4.88,4.71,14061740,67571159.0,0.9804,0.6211,1434286006.0,6970629989.160001,2026-07-14
2024-06-05,sh.600151,航天机电,4.85,4.84,5.03,4.83,17197603,84878875.87,1.1991,-0.4115,1434209240.0,6941572721.599999,2026-07-14
2024-06-06,sh.600151,航天机电,4.87,4.69,4.9,4.6,18548066,87536095.98,1.2932,-3.0992,1434276678.0,6726757619.820001,2026-07-14
2024-06-07,sh.600151,航天机电,4.73,4.7,4.75,4.64,9170693,42952873.64,0.6394,0.2132,1434265405.0,6741047403.5,2026-07-14
2024-06-11,sh.600151,航天机电,4.69,4.74,4.75,4.57,9846500,46077761.89,0.6865,0.8511,1434304443.0,6798603059.820001,2026-07-14
2024-06-12,sh.600151,航天机电,4.7,4.85,4.88,4.7,15847836,76164008.03,1.105,2.3207,1434193303.0,6955837519.549999,2026-07-14
2024-06-13,sh.600151,航天机电,4.83,4.76,4.88,4.75,9251391,44314778.68,0.645,-1.8557,1434324186.0,6827383125.36,2026-07-14
2024-06-14,sh.600151,航天机电,4.74,4.84,4.85,4.67,12179317,57981381.54,0.8492,1.6807,1434210669.0,6941579637.96,2026-07-14
2024-06-17,sh.600151,航天机电,4.81,4.88,5.01,4.79,14855431,72969720.77,1.0358,0.8264,1434198784.0,6998890065.92,2026-07-14
2024-06-18,sh.600151,航天机电,4.86,4.93,4.99,4.84,10462749,51589826.62,0.7295,1.0246,1434235641.0,7070781710.129999,2026-07-14
2024-06-19,sh.600151,航天机电,4.94,4.83,4.96,4.82,9186125,44798485.75,0.6405,-2.0284,1434211553.0,6927241800.99,2026-07-14
2024-06-20,sh.600151,航天机电,4.85,4.7,4.85,4.67,12227325,58043213.5,0.8525,-2.6915,1434290323.0,6741164518.1,2026-07-14
2024-06-21,sh.600151,航天机电,4.68,4.67,4.77,4.65,8711065,40821697.54,0.6074,-0.6383,1434156240.0,6697509640.8,2026-07-14
2024-06-24,sh.600151,航天机电,4.8,4.74,5.14,4.73,41152426,202103841.54,2.8693,1.4989,1434232252.0,6798260874.4800005,2026-07-14
2024-06-25,sh.600151,航天机电,4.69,4.56,4.7,4.43,31663744,144138849.67,2.2077,-3.7975,1434241247.0,6540140086.32,2026-07-14
2024-06-26,sh.600151,航天机电,4.52,4.7,4.72,4.43,21080896,97267263.65,1.4698,3.0702,1434269697.0,6741067575.900001,2026-07-14
2024-06-27,sh.600151,航天机电,4.7,4.56,4.71,4.54,13738981,63098655.74,0.9579,-2.9787,1434281345.0,6540322933.2,2026-07-14
2024-06-28,sh.600151,航天机电,4.55,4.52,4.61,4.47,14649931,66698392.05,1.0214,-0.8772,1434299099.0,6483031927.48,2026-07-14
2024-07-01,sh.600151,航天机电,4.53,4.5,4.56,4.4,10161802,45436934.51,0.7085,-0.4425,1434269866.0,6454214397.0,2026-07-14
2024-07-02,sh.600151,航天机电,4.5,4.48,4.54,4.45,9311311,41804136.27,0.6492,-0.4444,1434274646.0,6425550414.080001,2026-07-14
2024-07-03,sh.600151,航天机电,4.48,4.41,4.48,4.38,8271716,36582012.52,0.5767,-1.5625,1434318710.0,6325345511.1,2026-07-14
2024-07-04,sh.600151,航天机电,4.4,4.28,4.43,4.25,10817600,46733069.0,0.7542,-2.9478,1434314505.0,6138866081.400001,2026-07-14
2024-07-05,sh.600151,航天机电,4.26,4.3,4.34,4.2,8577900,36647543.0,0.5981,0.4673,1434191607.0,6167023910.099999,2026-07-14
2024-07-08,sh.600151,航天机电,4.26,4.12,4.29,4.09,12383281,51653165.43,0.8634,-4.186,1434246120.0,5909094014.400001,2026-07-14
2024-07-09,sh.600151,航天机电,4.1,4.15,4.18,4.0,14395781,58860921.2,1.0037,0.7282,1434271296.0,5952225878.400001,2026-07-14
2024-07-10,sh.600151,航天机电,4.14,4.08,4.21,4.06,8610742,35486427.46,0.6004,-1.6867,1434167555.0,5851403624.400001,2026-07-14
2024-07-11,sh.600151,航天机电,4.13,4.24,4.25,4.13,13869292,58377261.42,0.967,3.9216,1434259772.0,6081261433.280001,2026-07-14
2024-07-12,sh.600151,航天机电,4.23,4.23,4.31,4.21,10124035,43053163.4,0.7059,-0.2358,1434202437.0,6066676308.51,2026-07-14
2024-07-15,sh.600151,航天机电,4.24,4.18,4.26,4.15,8613900,36054608.0,0.6006,-1.182,1434215784.0,5995021977.12,2026-07-14
2024-07-16,sh.600151,航天机电,4.16,4.15,4.19,4.1,7425127,30712689.23,0.5177,-0.7177,1434252849.0,5952149323.35,2026-07-14
2024-07-17,sh.600151,航天机电,4.15,4.15,4.17,4.1,7239200,29961404.0,0.5047,0.0,1434357044.0,5952581732.6,2026-07-14
2024-07-18,sh.600151,航天机电,4.11,4.16,4.18,4.04,9319993,38348212.31,0.6498,0.241,1434286396.0,5966631407.360001,2026-07-14
2024-07-19,sh.600151,航天机电,4.13,4.19,4.22,4.12,7330601,30675999.16,0.5111,0.7212,1434279202.0,6009629856.38,2026-07-14
2024-07-22,sh.600151,航天机电,4.18,4.24,4.27,4.17,7519173,31815567.52,0.5243,1.1933,1434135609.0,6080734982.16,2026-07-14
2024-07-23,sh.600151,航天机电,4.24,4.32,4.46,4.21,20633571,90078422.84,1.4386,1.8868,1434281315.0,6196095280.8,2026-07-14
2024-07-24,sh.600151,航天机电,4.26,4.28,4.35,4.23,11180650,47927824.43,0.7795,-0.9259,1434336113.0,6138958563.64,2026-07-14
2024-07-25,sh.600151,航天机电,4.25,4.35,4.4,4.24,12229934,53080088.92,0.8527,1.6355,1434259880.0,6239030477.999999,2026-07-14
2024-07-26,sh.600151,航天机电,4.35,4.6,4.63,4.35,27262632,123628432.9,1.9008,5.7471,1434271465.0,6597648738.999999,2026-07-14
2024-07-29,sh.600151,航天机电,4.58,4.62,4.68,4.52,19047559,87844067.99,1.328,0.4348,1434304142.0,6626485136.04,2026-07-14
2024-07-30,sh.600151,航天机电,4.6,4.77,4.8,4.58,21076804,99529744.87,1.4695,3.2468,1434284042.0,6841534880.339999,2026-07-14
2024-07-31,sh.600151,航天机电,4.8,4.87,4.89,4.75,23926313,115458761.16,1.6682,2.0964,1434259261.0,6984842601.07,2026-07-14
2024-08-01,sh.600151,航天机电,4.91,5.06,5.15,4.88,33615528,169233246.16,2.3438,3.9014,1434231931.0,7257213570.86,2026-07-14
2024-08-02,sh.600151,航天机电,5.01,4.89,5.14,4.88,33028650,164582969.97,2.3028,-3.3597,1434282178.0,7013639850.419999,2026-07-14
2024-08-05,sh.600151,航天机电,4.83,4.72,4.97,4.71,25968119,125601224.47,1.8106,-3.4765,1434227273.0,6769552728.559999,2026-07-14
2024-08-06,sh.600151,航天机电,4.76,4.95,5.09,4.76,36338528,179956149.71,2.5336,4.8729,1434264604.0,7099609789.8,2026-07-14
2024-08-07,sh.600151,航天机电,4.97,5.29,5.38,4.92,67646791,353218185.69,4.7165,6.8687,1434258264.0,7587226216.56,2026-07-14
2024-08-08,sh.600151,航天机电,5.25,4.9,5.27,4.89,55547611,279917816.41,3.8729,-7.3724,1434264014.0,7027893668.6,2026-07-14
2024-08-09,sh.600151,航天机电,5.38,5.39,5.39,5.37,46529544,250742461.88,3.2442,10.0,1434237840.0,7730541957.599999,2026-07-14
2024-08-12,sh.600151,航天机电,5.41,5.05,5.41,4.98,87530691,452779450.69,6.1029,-6.308,1434247505.0,7242949900.25,2026-07-14
2024-08-13,sh.600151,航天机电,4.9,4.82,4.95,4.72,43375628,208638951.86,3.0243,-4.5545,1434236947.0,6913022084.54,2026-07-14
2024-08-14,sh.600151,航天机电,4.83,5.3,5.3,4.82,100307051,525027811.01,6.9937,9.9585,1434248695.0,7601518083.5,2026-07-14
2024-08-15,sh.600151,航天机电,5.1,5.53,5.7,5.05,112864059,611357477.63,7.8692,4.3396,1434250737.0,7931406575.610001,2026-07-14
2024-08-16,sh.600151,航天机电,5.49,5.39,5.63,5.33,66281629,359314218.21,4.6213,-2.5316,1434263714.0,7730681418.459999,2026-07-14
2024-08-19,sh.600151,航天机电,5.29,5.26,5.36,5.2,38270401,201332865.25,2.6683,-2.4119,1434261552.0,7544215763.5199995,2026-07-14
2024-08-20,sh.600151,航天机电,5.2,5.31,5.58,5.1,55508700,296448529.0,3.8702,0.9506,1434259211.0,7615916410.41,2026-07-14
2024-08-21,sh.600151,航天机电,5.21,5.13,5.3,5.11,37586594,195272318.84,2.6206,-3.3898,1434274365.0,7357827492.45,2026-07-14
2024-08-22,sh.600151,航天机电,5.13,5.05,5.24,5.03,33352800,170745796.0,2.3254,-1.5595,1434282274.0,7243125483.7,2026-07-14
2024-08-23,sh.600151,航天机电,5.2,5.37,5.5,5.0,65444532,346934774.2,4.563,6.3366,1434243524.0,7701887723.88,2026-07-14
2024-08-26,sh.600151,航天机电,5.39,5.3,5.5,5.28,37041367,198367048.51,2.5826,-1.3035,1434266514.0,7601612524.2,2026-07-14
2024-08-27,sh.600151,航天机电,5.29,5.07,5.29,5.06,27654600,141877932.0,1.9282,-4.3396,1434218442.0,7271487500.940001,2026-07-14
2024-08-28,sh.600151,航天机电,5.03,5.06,5.09,4.93,22544000,113131824.0,1.5718,-0.1972,1434279170.0,7257452600.2,2026-07-14
2024-08-29,sh.600151,航天机电,5.0,5.05,5.08,4.92,19937500,100110062.0,1.3901,-0.1976,1434249335.0,7242959141.75,2026-07-14
2024-08-30,sh.600151,航天机电,5.03,5.11,5.2,5.0,26258501,134968833.06,1.8308,1.1881,1434263764.0,7329087834.040001,2026-07-14
2024-09-02,sh.600151,航天机电,5.05,4.86,5.16,4.85,31682900,156455449.0,2.209,-4.8924,1434264373.0,6970524852.780001,2026-07-14
2024-09-03,sh.600151,航天机电,4.86,4.98,5.06,4.84,18890636,93665773.4,1.3171,2.4691,1434259813.0,7142613868.740001,2026-07-14
2024-09-04,sh.600151,航天机电,4.9,4.89,5.0,4.88,12545702,61845154.81,0.8747,-1.8072,1434286270.0,7013659860.299999,2026-07-14
2024-09-05,sh.600151,航天机电,4.89,4.95,5.01,4.89,14974100,74361494.0,1.044,1.227,1434300766.0,7099788791.7,2026-07-14
2024-09-06,sh.600151,航天机电,4.97,5.04,5.22,4.92,30432246,154151368.93,2.1218,1.8182,1434265529.0,7228698266.16,2026-07-14
2024-09-09,sh.600151,航天机电,4.97,4.97,5.11,4.95,17876837,89479610.47,1.2464,-1.3889,1434277680.0,7128360069.599999,2026-07-14
2024-09-10,sh.600151,航天机电,4.97,4.93,5.02,4.82,14341130,70288883.71,0.9999,-0.8048,1434256426.0,7070884180.179999,2026-07-14
2024-09-11,sh.600151,航天机电,4.93,4.91,4.95,4.86,9317429,45658009.8,0.6496,-0.4057,1434333282.0,7042576414.62,2026-07-14
2024-09-12,sh.600151,航天机电,4.95,5.11,5.22,4.9,38739260,198345035.69,2.701,4.0733,1434256201.0,7329049187.110001,2026-07-14
2024-09-13,sh.600151,航天机电,5.14,5.23,5.41,5.09,41775759,219367812.23,2.9127,2.3483,1434262334.0,7501192006.820001,2026-07-14
2024-09-18,sh.600151,航天机电,5.17,5.23,5.35,5.13,25098900,131159401.99,1.75,0.0,1434222857.0,7500985542.110001,2026-07-14
2024-09-19,sh.600151,航天机电,5.25,5.3,5.35,5.19,29936802,157564733.57,2.0873,1.3384,1434235711.0,7601449268.3,2026-07-14
2024-09-20,sh.600151,航天机电,5.29,5.15,5.35,5.09,24929504,129145127.42,1.7382,-2.8302,1434213784.0,7386200987.6,2026-07-14
2024-09-23,sh.600151,航天机电,5.11,5.09,5.17,5.08,14651633,74910090.09,1.0216,-1.165,1434184906.0,7300001171.54,2026-07-14
2024-09-24,sh.600151,航天机电,5.12,5.22,5.24,5.06,23762766,122793857.46,1.6568,2.554,1434256760.0,7486820287.2,2026-07-14
2024-09-25,sh.600151,航天机电,5.21,5.74,5.74,5.21,61508936,339683578.99,4.2886,9.9617,1434242783.0,8232553574.42,2026-07-14
2024-09-26,sh.600151,航天机电,5.9,6.13,6.27,5.77,98547471,589095227.91,6.871,6.7944,1434252234.0,8791966194.42,2026-07-14
2024-09-27,sh.600151,航天机电,6.13,6.71,6.74,6.05,74480020,481864041.8,5.193,9.4617,1434238783.0,9623742233.93,2026-07-14
2024-09-30,sh.600151,航天机电,6.99,7.2,7.32,6.63,117362650,825949629.43,8.1828,7.3025,1434260278.0,10326674001.6,2026-07-14
2024-10-08,sh.600151,航天机电,7.9,7.31,7.92,6.96,117959999,881971580.83,8.2245,1.5278,1434251310.0,10484377076.1,2026-07-14
2024-10-09,sh.600151,航天机电,7.2,7.4,7.86,6.79,97672343,719979088.42,6.81,1.2312,1434248796.0,10613441090.4,2026-07-14
2024-10-10,sh.600151,航天机电,7.43,7.2,7.54,6.99,55339767,401806283.25,3.8584,-2.7027,1434267235.0,10326724092.0,2026-07-14
2024-10-11,sh.600151,航天机电,7.05,6.62,7.19,6.51,52849005,359396916.66,3.6848,-8.0556,1434243514.0,9494692062.68,2026-07-14
2024-10-14,sh.600151,航天机电,6.68,7.07,7.14,6.6,58277357,404834361.24,4.0633,6.7976,1434237123.0,10140056459.61,2026-07-14
2024-10-15,sh.600151,航天机电,6.95,6.97,7.3,6.89,45651095,323270131.53,3.1829,-1.4144,1434261051.0,9996799525.47,2026-07-14
2024-10-16,sh.600151,航天机电,6.9,6.94,7.05,6.8,24549301,169991801.87,1.7116,-0.4304,1434289612.0,9953969907.28,2026-07-14
2024-10-17,sh.600151,航天机电,7.0,6.95,7.25,6.94,40309261,285395878.71,2.8105,0.1441,1434238072.0,9967954600.4,2026-07-14
2024-10-18,sh.600151,航天机电,6.9,7.3,7.4,6.81,59167943,427838539.97,4.1254,5.036,1434235298.0,10469917675.4,2026-07-14
2024-10-21,sh.600151,航天机电,7.35,7.36,7.57,7.29,51308112,380851910.25,3.5773,0.8219,1434269197.0,10556221289.92,2026-07-14
2024-10-22,sh.600151,航天机电,7.37,7.42,7.45,7.2,38129238,278501117.48,2.6585,0.8152,1434238781.0,10642051755.02,2026-07-14
2024-10-23,sh.600151,航天机电,7.43,7.67,7.85,7.38,60205820,462409034.4,4.1977,3.3693,1434257331.0,11000753728.77,2026-07-14
2024-10-24,sh.600151,航天机电,7.55,7.36,7.66,7.3,34933478,258938023.49,2.4357,-4.0417,1434227450.0,10555914032.0,2026-07-14
2024-10-25,sh.600151,航天机电,7.38,7.7,7.71,7.37,47436407,361092307.11,3.3074,4.6196,1434250680.0,11043730236.0,2026-07-14
2024-10-28,sh.600151,航天机电,7.66,8.06,8.22,7.58,58146562,465432673.99,4.0541,4.6753,1434265608.0,11560180800.480001,2026-07-14
2024-10-29,sh.600151,航天机电,8.12,8.16,8.38,7.99,68453835,559550285.29,4.7728,1.2407,1434248973.0,11703471619.68,2026-07-14
2024-10-30,sh.600151,航天机电,8.14,7.99,8.33,7.91,46339064,374044627.26,3.2309,-2.0833,1434246309.0,11459628008.91,2026-07-14
2024-10-31,sh.600151,航天机电,8.0,8.13,8.28,7.7,48226956,387746980.59,3.3625,1.7522,1434258914.0,11660524970.820002,2026-07-14
2024-11-01,sh.600151,航天机电,8.1,7.63,8.13,7.63,46205541,360185362.43,3.2216,-6.1501,1434242023.0,10943266635.49,2026-07-14
2024-11-04,sh.600151,航天机电,7.64,7.85,7.91,7.64,28309101,221340193.85,1.9738,2.8834,1434243642.0,11258812589.699999,2026-07-14
2024-11-05,sh.600151,航天机电,7.86,8.5,8.52,7.86,62695107,523126059.57,4.3713,8.2803,1434243978.0,12191073813.0,2026-07-14
2024-11-06,sh.600151,航天机电,8.63,8.96,9.3,8.33,85501334,755994237.76,5.9614,5.4118,1434249237.0,12850873163.52,2026-07-14
2024-11-07,sh.600151,航天机电,8.79,9.05,9.11,8.6,47532037,424417811.6,3.3141,1.0045,1434236656.0,12979841736.800001,2026-07-14
2024-11-08,sh.600151,航天机电,9.17,9.12,9.4,9.03,49813865,458825699.54,3.4732,0.7735,1434235431.0,13080227130.72,2026-07-14
2024-11-11,sh.600151,航天机电,9.1,9.09,9.19,8.83,36325023,328019322.66,2.5327,-0.3289,1434241047.0,13037251117.23,2026-07-14
2024-11-12,sh.600151,航天机电,9.05,9.21,9.38,8.9,46540575,426074636.02,3.2449,1.3201,1434268390.0,13209611871.900002,2026-07-14
2024-11-13,sh.600151,航天机电,9.23,9.28,9.45,9.06,33828610,310767634.26,2.3586,0.76,1434266514.0,13309993249.919998,2026-07-14
2024-11-14,sh.600151,航天机电,9.25,8.88,9.37,8.77,40708400,366509327.62,2.8383,-4.3103,1434252898.0,12736165734.240002,2026-07-14
2024-11-15,sh.600151,航天机电,8.93,8.76,9.03,8.72,30307762,269205640.5,2.1131,-1.3514,1434279589.0,12564289199.64,2026-07-14
2024-11-18,sh.600151,航天机电,8.7,9.0,9.01,8.4,36611960,320405107.3,2.5527,2.7397,1434244525.0,12908200725.0,2026-07-14
2024-11-19,sh.600151,航天机电,8.91,8.99,9.12,8.71,29895162,266720607.86,2.0844,-0.1111,1434233448.0,12893758697.52,2026-07-14
2024-11-20,sh.600151,航天机电,8.99,9.14,9.25,8.9,31176946,283482281.51,2.1737,1.6685,1434280075.0,13109319885.5,2026-07-14
2024-11-21,sh.600151,航天机电,9.14,9.12,9.2,8.96,26189329,237953861.49,1.826,-0.2188,1434245838.0,13080322042.56,2026-07-14
2024-11-22,sh.600151,航天机电,9.1,8.85,9.2,8.81,27378931,246555059.45,1.9089,-2.9605,1434277909.0,12693359494.65,2026-07-14
2024-11-25,sh.600151,航天机电,8.85,8.88,9.0,8.61,20967429,184623217.23,1.4619,0.339,1434258773.0,12736217904.240002,2026-07-14
2024-11-26,sh.600151,航天机电,8.88,9.03,9.04,8.83,22047089,197270707.2,1.5372,1.6892,1434236859.0,12951158836.769999,2026-07-14
2024-11-27,sh.600151,航天机电,8.99,8.61,9.2,8.25,51911359,446028420.86,3.6194,-4.6512,1434253164.0,12348919742.039999,2026-07-14
2024-11-28,sh.600151,航天机电,8.53,8.59,8.73,8.42,23278241,199687575.92,1.623,-0.2323,1434272397.0,12320399890.23,2026-07-14
2024-11-29,sh.600151,航天机电,8.51,8.3,8.53,7.99,44292976,365660181.16,3.0882,-3.376,1434265138.0,11904400645.400002,2026-07-14
2024-12-02,sh.600151,航天机电,8.28,8.35,8.44,8.1,29497840,245389849.23,2.0567,0.6024,1434231536.0,11975833325.6,2026-07-14
2024-12-03,sh.600151,航天机电,8.35,8.36,8.57,8.2,29451781,246208897.71,2.0535,0.1198,1434223570.0,11990109045.199999,2026-07-14
2024-12-04,sh.600151,航天机电,8.28,8.26,8.47,8.21,17933855,148740622.15,1.2504,-1.1962,1434249440.0,11846900374.4,2026-07-14
2024-12-05,sh.600151,航天机电,8.25,8.58,8.71,8.2,35995892,305181287.96,2.5097,3.8741,1434270710.0,12306042691.8,2026-07-14
2024-12-06,sh.600151,航天机电,8.62,8.67,8.71,8.38,26482332,226792144.73,1.8464,1.049,1434268414.0,12435107149.38,2026-07-14
2024-12-09,sh.600151,航天机电,8.64,8.43,8.64,8.34,25515200,215170086.0,1.779,-2.7682,1434243957.0,12090676557.51,2026-07-14
2024-12-10,sh.600151,航天机电,8.55,8.52,8.7,8.51,25197200,216528681.0,1.7568,1.0676,1434266849.0,12219953553.48,2026-07-14
2024-12-11,sh.600151,航天机电,8.5,8.8,8.92,8.47,33112623,290569178.12,2.3087,3.2864,1434254039.0,12621435543.2,2026-07-14
2024-12-12,sh.600151,航天机电,8.84,8.8,8.86,8.64,16534800,144514423.0,1.1529,0.0,1434192037.0,12620889925.6,2026-07-14
2024-12-13,sh.600151,航天机电,8.8,8.88,9.05,8.65,33036801,293506104.62,2.3034,0.9091,1434262438.0,12736250449.44,2026-07-14
2024-12-16,sh.600151,航天机电,8.88,8.59,8.92,8.52,23814300,205866977.0,1.6604,-3.2658,1434250783.0,12320214225.97,2026-07-14
2024-12-17,sh.600151,航天机电,8.53,8.27,8.62,8.2,21312532,178732362.82,1.486,-3.7253,1434221534.0,11861012086.18,2026-07-14
2024-12-18,sh.600151,航天机电,8.42,8.34,8.45,8.23,12442900,103829899.0,0.8676,0.8464,1434174735.0,11961017289.9,2026-07-14
2024-12-19,sh.600151,航天机电,8.26,8.55,8.64,8.17,20702750,175065255.61,1.4435,2.518,1434205057.0,12262453237.35,2026-07-14
2024-12-20,sh.600151,航天机电,8.53,8.78,8.83,8.51,21573505,188645584.66,1.5042,2.6901,1434217857.0,12592432784.46,2026-07-14
2024-12-23,sh.600151,航天机电,8.75,8.29,8.75,8.28,27144200,227463582.0,1.8926,-5.5809,1434228046.0,11889750501.339998,2026-07-14
2024-12-24,sh.600151,航天机电,8.29,8.33,8.56,8.26,17362445,145495030.13,1.2106,0.4825,1434201636.0,11946899627.88,2026-07-14
2024-12-25,sh.600151,航天机电,8.3,8.18,8.44,7.91,18194940,148389696.6,1.2686,-1.8007,1434253508.0,11732193695.44,2026-07-14
2024-12-26,sh.600151,航天机电,8.18,8.27,8.34,8.1,11834900,97799792.0,0.8252,1.1002,1434185652.0,11860715342.039999,2026-07-14
2024-12-27,sh.600151,航天机电,8.32,8.34,8.48,8.22,15780400,132278370.0,1.1003,0.8464,1434190675.0,11961150229.5,2026-07-14
2024-12-30,sh.600151,航天机电,8.24,8.2,8.29,8.07,12205300,99810117.0,0.851,-1.6787,1434230317.0,11760688599.4,2026-07-14
2024-12-31,sh.600151,航天机电,8.24,7.98,8.28,7.96,12126100,97773141.0,0.8455,-2.6829,1434192785.0,11444858424.300001,2026-07-14
2025-01-02,sh.600151,航天机电,7.94,7.73,8.06,7.63,17390400,135989844.78,1.2125,-3.1328,1434259794.0,11086828207.62,2026-07-14
2025-01-03,sh.600151,航天机电,7.76,7.43,7.78,7.4,19827001,149538024.04,1.3824,-3.881,1434244864.0,10656439339.52,2026-07-14
2025-01-06,sh.600151,航天机电,7.38,7.31,7.58,7.2,14233417,105467704.14,0.9924,-1.6151,1434241939.0,10484308574.09,2026-07-14
2025-01-07,sh.600151,航天机电,7.35,7.38,7.4,7.2,11896633,87217446.55,0.8295,0.9576,1434193249.0,10584346177.619999,2026-07-14
2025-01-08,sh.600151,航天机电,7.35,7.05,7.36,6.87,32960100,232775453.27,2.2981,-4.4715,1434232627.0,10111340020.35,2026-07-14
2025-01-09,sh.600151,航天机电,6.98,7.03,7.15,6.95,17287200,122320576.0,1.2053,-0.2837,1434265328.0,10082885255.84,2026-07-14
2025-01-10,sh.600151,航天机电,7.03,6.69,7.14,6.68,28934500,198882118.0,2.0174,-4.8364,1434247051.0,9595112771.19,2026-07-14
2025-01-13,sh.600151,航天机电,6.59,6.61,6.73,6.44,28078601,184793327.59,1.9577,-1.1958,1434264749.0,9480489990.890001,2026-07-14
2025-01-14,sh.600151,航天机电,6.69,6.81,6.85,6.53,31344200,211190399.0,2.1854,3.0257,1434254599.0,9767273819.189999,2026-07-14
2025-01-15,sh.600151,航天机电,6.75,6.75,6.85,6.53,25531301,169802541.72,1.7801,-0.8811,1434262176.0,9681269688.0,2026-07-14
2025-01-16,sh.600151,航天机电,6.73,6.75,6.85,6.67,20594000,138884753.94,1.4359,0.0,1434222439.0,9681001463.25,2026-07-14
2025-01-17,sh.600151,航天机电,6.72,6.68,6.76,6.5,15642135,103805638.25,1.0906,-1.037,1434268751.0,9580915256.68,2026-07-14
2025-01-20,sh.600151,航天机电,6.77,6.86,6.98,6.72,22763300,156129583.54,1.5871,2.6946,1434270052.0,9839092556.720001,2026-07-14
2025-01-21,sh.600151,航天机电,6.85,6.81,6.9,6.71,16151251,109554480.7,1.1261,-0.7289,1434264364.0,9767340318.84,2026-07-14
2025-01-22,sh.600151,航天机电,6.8,6.64,6.8,6.59,13479400,89805050.0,0.9398,-2.4963,1434283890.0,9523645029.6,2026-07-14
2025-01-23,sh.600151,航天机电,6.72,6.6,6.87,6.59,18023900,121503587.0,1.2567,-0.6024,1434224556.0,9465882069.6,2026-07-14
2025-01-24,sh.600151,航天机电,6.61,6.74,6.75,6.54,14917500,99642800.0,1.0401,2.1212,1434237093.0,9666758006.82,2026-07-14
2025-01-27,sh.600151,航天机电,6.74,6.56,6.83,6.56,11998100,79909207.0,0.8365,-2.6706,1434321578.0,9409149551.68,2026-07-14
2025-02-05,sh.600151,航天机电,6.65,6.85,7.04,6.58,26831182,183861954.0,1.8707,4.4207,1434285668.0,9824856825.8,2026-07-14
2025-02-06,sh.600151,航天机电,6.8,6.92,6.93,6.77,16919818,116286278.65,1.1797,1.0219,1434247521.0,9924992845.32,2026-07-14
2025-02-07,sh.600151,航天机电,6.93,7.11,7.22,6.9,23373000,165438076.0,1.6296,2.7457,1434278351.0,10197719075.61,2026-07-14
2025-02-10,sh.600151,航天机电,7.07,7.16,7.18,7.06,16731101,119400815.12,1.1665,0.7032,1434299271.0,10269582780.36,2026-07-14
2025-02-11,sh.600151,航天机电,7.16,7.05,7.17,6.98,13686125,96325224.64,0.9542,-1.5363,1434303605.0,10111840415.25,2026-07-14
2025-02-12,sh.600151,航天机电,7.03,7.1,7.1,7.02,12550205,88578917.25,0.875,0.7092,1434309143.0,10183594915.3,2026-07-14
2025-02-13,sh.600151,航天机电,7.07,6.97,7.11,6.96,17398397,121893236.88,1.2131,-1.831,1434209628.0,9996441107.16,2026-07-14
2025-02-14,sh.600151,航天机电,6.95,7.0,7.04,6.9,14838000,103383875.0,1.0345,0.4304,1434316095.0,10040212665.0,2026-07-14
2025-02-17,sh.600151,航天机电,7.0,6.89,7.05,6.83,22814800,157863815.0,1.5907,-1.5714,1434261646.0,9882062740.939999,2026-07-14
2025-02-18,sh.600151,航天机电,6.9,6.73,6.95,6.7,24779448,168942173.05,1.7277,-2.3222,1434244834.0,9652467732.82,2026-07-14
2025-02-19,sh.600151,航天机电,6.71,6.74,6.84,6.69,22736685,153548326.82,1.5853,0.1486,1434219706.0,9666640818.44,2026-07-14
2025-02-20,sh.600151,航天机电,6.76,6.95,7.02,6.68,28808102,197620293.6,2.0086,3.1157,1434237877.0,9967953245.15,2026-07-14
2025-02-21,sh.600151,航天机电,6.96,6.92,6.99,6.82,22915795,157557367.08,1.5978,-0.4317,1434209225.0,9924727837.0,2026-07-14
2025-02-24,sh.600151,航天机电,6.88,6.76,6.93,6.7,27918035,190081845.31,1.9465,-2.3121,1434268431.0,9695654593.56,2026-07-14
2025-02-25,sh.600151,航天机电,6.72,6.78,6.91,6.67,19865684,135127923.64,1.3851,0.2959,1434241860.0,9724159810.800001,2026-07-14
2025-02-26,sh.600151,航天机电,6.77,6.9,7.0,6.76,28378139,195461884.17,1.9786,1.7699,1434253462.0,9896348887.800001,2026-07-14
2025-02-27,sh.600151,航天机电,6.91,6.81,6.92,6.67,21867550,148356227.0,1.5247,-1.3043,1434219847.0,9767037158.07,2026-07-14
2025-02-28,sh.600151,航天机电,6.73,6.62,6.79,6.6,18622062,124553622.53,1.2984,-2.79,1434231516.0,9494612635.92,2026-07-14
2025-03-03,sh.600151,航天机电,6.62,6.62,6.79,6.6,15061873,100837522.83,1.0502,0.0,1434190916.0,9494343863.92,2026-07-14
2025-03-04,sh.600151,航天机电,6.67,6.8,6.81,6.6,22036321,149016521.8,1.5364,2.719,1434282804.0,9753123067.199999,2026-07-14
2025-03-05,sh.600151,航天机电,6.77,6.79,6.81,6.64,16882368,113456803.68,1.1771,-0.1471,1434233965.0,9738448622.35,2026-07-14
2025-03-06,sh.600151,航天机电,6.81,7.19,7.34,6.79,51254652,364583522.35,3.5736,5.891,1434258227.0,10312316652.130001,2026-07-14
2025-03-07,sh.600151,航天机电,7.18,7.7,7.91,7.12,84636329,648587248.02,5.9011,7.0932,1434246649.0,11043699197.300001,2026-07-14
2025-03-10,sh.600151,航天机电,8.0,7.71,8.27,7.67,76323246,602458217.3,5.3215,0.1299,1434243089.0,11058014216.19,2026-07-14
2025-03-11,sh.600151,航天机电,7.82,7.88,8.04,7.58,53161107,417272348.5,3.7065,2.2049,1434267017.0,11302024093.96,2026-07-14
2025-03-12,sh.600151,航天机电,7.9,7.75,7.91,7.7,34674912,270312910.2,2.4176,-1.6497,1434270020.0,11115592655.0,2026-07-14
2025-03-13,sh.600151,航天机电,7.68,7.53,7.74,7.41,26929070,202714920.26,1.8776,-2.8387,1434228270.0,10799738873.1,2026-07-14
2025-03-14,sh.600151,航天机电,7.51,7.55,7.62,7.36,24844590,185967482.93,1.7322,0.2656,1434279529.0,10828810443.949999,2026-07-14
2025-03-17,sh.600151,航天机电,7.57,7.48,7.6,7.44,18557489,139271279.05,1.2939,-0.9272,1434228998.0,10728032905.04,2026-07-14
2025-03-18,sh.600151,航天机电,7.49,7.41,7.55,7.35,18423315,136852645.65,1.2845,-0.9358,1434279097.0,10628008108.77,2026-07-14
2025-03-19,sh.600151,航天机电,7.38,7.36,7.4,7.25,17313333,126860040.56,1.2071,-0.6748,1434291525.0,10556385624.0,2026-07-14
2025-03-20,sh.600151,航天机电,7.35,7.37,7.5,7.3,15060900,111517706.34,1.0501,0.1359,1434234835.0,10570310733.95,2026-07-14
2025-03-21,sh.600151,航天机电,7.34,7.34,7.45,7.25,18473115,135443476.85,1.288,-0.4071,1434248059.0,10527380753.06,2026-07-14
2025-03-24,sh.600151,航天机电,7.34,7.12,7.38,6.98,21532600,153625589.22,1.5013,-2.9973,1434263638.0,10211957102.56,2026-07-14
2025-03-25,sh.600151,航天机电,7.11,7.09,7.24,7.04,14117162,100665947.1,0.9843,-0.4213,1434233669.0,10168716713.21,2026-07-14
2025-03-26,sh.600151,航天机电,7.07,7.14,7.22,7.04,10799400,77215078.0,0.753,0.7052,1434183267.0,10240068526.38,2026-07-14
2025-03-27,sh.600151,航天机电,7.1,7.01,7.14,6.96,13347300,93863077.0,0.9306,-1.8207,1434268214.0,10054220180.14,2026-07-14
2025-03-28,sh.600151,航天机电,7.0,7.07,7.14,6.93,18307810,128947067.49,1.2765,0.8559,1434219350.0,10139930804.5,2026-07-14
2025-03-31,sh.600151,航天机电,7.03,6.84,7.1,6.77,17626000,121028274.0,1.2289,-3.2532,1434290829.0,9810549270.36,2026-07-14
2025-04-01,sh.600151,航天机电,6.88,6.92,7.08,6.85,14726400,102582103.0,1.0268,1.1696,1434203350.0,9924687182.0,2026-07-14
2025-04-02,sh.600151,航天机电,6.93,6.88,6.96,6.86,9809850,67678064.0,0.684,-0.578,1434188596.0,9867217540.48,2026-07-14
2025-04-03,sh.600151,航天机电,6.88,6.81,6.95,6.77,9010101,61635835.92,0.6282,-1.0174,1434272684.0,9767396978.039999,2026-07-14
2025-04-07,sh.600151,航天机电,6.48,6.13,6.48,6.13,18806900,117105404.37,1.3113,-9.9853,1434217952.0,8791756045.76,2026-07-14
2025-04-08,sh.600151,航天机电,5.97,5.95,6.13,5.8,29677948,176224683.13,2.0692,-2.9364,1434271603.0,8533916037.85,2026-07-14
2025-04-09,sh.600151,航天机电,5.83,6.25,6.33,5.66,27556101,166303853.19,1.9213,5.042,1434242492.0,8964015575.0,2026-07-14
2025-04-10,sh.600151,航天机电,6.29,6.24,6.39,6.21,20048200,126192865.0,1.3978,-0.16,1434268136.0,8949833168.64,2026-07-14
2025-04-11,sh.600151,航天机电,6.2,6.34,6.38,6.18,13892700,87734340.5,0.9686,1.6026,1434307248.0,9093507952.32,2026-07-14
2025-04-14,sh.600151,航天机电,6.45,6.42,6.49,6.35,11296703,72468240.28,0.7876,1.2618,1434319832.0,9208333321.44,2026-07-14
2025-04-15,sh.600151,航天机电,6.44,6.32,6.45,6.28,11553400,73273919.0,0.8055,-1.5576,1434314091.0,9064865055.12,2026-07-14
2025-04-16,sh.600151,航天机电,6.39,6.27,6.45,6.1,15124431,95063365.3,1.0545,-0.7911,1434275107.0,8992904920.89,2026-07-14
2025-04-17,sh.600151,航天机电,6.21,6.29,6.38,6.21,8914762,56417010.81,0.6216,0.319,1434163771.0,9020890119.59,2026-07-14
2025-04-18,sh.600151,航天机电,6.25,6.29,6.32,6.21,7504200,47011741.0,0.5232,0.0,1434288991.0,9021677753.39,2026-07-14
2025-04-21,sh.600151,航天机电,6.26,6.33,6.36,6.21,10875733,68785023.59,0.7583,0.6359,1434225636.0,9078648275.88,2026-07-14
2025-04-22,sh.600151,航天机电,6.32,6.45,6.49,6.29,16307282,104103189.26,1.137,1.8957,1434237643.0,9250832797.35,2026-07-14
2025-04-23,sh.600151,航天机电,6.45,6.37,6.57,6.35,14219805,91482646.62,0.9914,-1.2403,1434315614.0,9136590461.18,2026-07-14
2025-04-24,sh.600151,航天机电,6.43,6.3,6.43,6.22,11948301,75218893.29,0.8331,-1.0989,1434197695.0,9035445478.5,2026-07-14
2025-04-25,sh.600151,航天机电,6.3,6.26,6.34,6.23,8294511,52035439.19,0.5783,-0.6349,1434292063.0,8978668314.38,2026-07-14
2025-04-28,sh.600151,航天机电,6.26,6.19,6.29,6.12,9550440,58965848.38,0.6659,-1.1182,1434215348.0,8877793004.12,2026-07-14
2025-04-29,sh.600151,航天机电,6.15,6.19,6.24,6.13,7507658,46514737.44,0.5235,0.0,1434127603.0,8877249862.57,2026-07-14
2025-04-30,sh.600151,航天机电,6.26,6.42,6.52,6.2,16672173,106360456.51,1.1624,3.7157,1434288799.0,9208134089.58,2026-07-14
2025-05-06,sh.600151,航天机电,6.42,6.46,6.49,6.36,17269600,110950318.0,1.2041,0.6231,1434233037.0,9265145419.02,2026-07-14
2025-05-07,sh.600151,航天机电,6.54,6.68,6.7,6.53,25020277,166076944.13,1.7445,3.4056,1434237719.0,9580707962.92,2026-07-14
2025-05-08,sh.600151,航天机电,6.65,6.75,6.77,6.58,16703090,111862317.4,1.1646,1.0479,1434234072.0,9681079986.0,2026-07-14
2025-05-09,sh.600151,航天机电,6.77,6.67,6.79,6.6,12839201,85657937.56,0.8952,-1.1852,1434227100.0,9566294757.0,2026-07-14
2025-05-12,sh.600151,航天机电,6.74,6.89,7.01,6.67,26470200,181772438.99,1.8456,3.2984,1434232770.0,9881863785.3,2026-07-14
2025-05-13,sh.600151,航天机电,6.95,6.88,7.06,6.8,24642730,170806180.69,1.7182,-0.1451,1434217786.0,9867418367.68,2026-07-14
2025-05-14,sh.600151,航天机电,6.82,6.73,6.86,6.68,22579405,151991118.58,1.5743,-2.1802,1434250461.0,9652505602.53,2026-07-14
2025-05-15,sh.600151,航天机电,6.7,6.65,6.72,6.61,11179779,74371333.08,0.7795,-1.1887,1434224375.0,9537592093.75,2026-07-14
2025-05-16,sh.600151,航天机电,6.63,6.68,6.75,6.62,9748100,65343414.0,0.6797,0.4511,1434176843.0,9580301311.24,2026-07-14
2025-05-19,sh.600151,航天机电,6.76,6.86,6.93,6.63,21042353,143034677.63,1.4671,2.6946,1434282121.0,9839175350.060001,2026-07-14
2025-05-20,sh.600151,航天机电,6.78,6.84,6.96,6.78,21187930,145007227.3,1.4773,-0.2915,1434233399.0,9810156449.16,2026-07-14
2025-05-21,sh.600151,航天机电,6.83,6.7,6.83,6.68,11205900,75405894.0,0.7813,-2.0468,1434263407.0,9609564826.9,2026-07-14
2025-05-22,sh.600151,航天机电,6.67,6.62,6.72,6.61,8570408,57082517.34,0.5976,-1.194,1434137885.0,9493992798.7,2026-07-14
2025-05-23,sh.600151,航天机电,6.6,6.55,6.69,6.55,9948789,65747864.51,0.6937,-1.0574,1434163039.0,9393767905.449999,2026-07-14
2025-05-26,sh.600151,航天机电,6.54,6.58,6.62,6.51,7637930,50243262.7,0.5325,0.458,1434353052.0,9438043082.16,2026-07-14
2025-05-27,sh.600151,航天机电,6.59,6.67,6.71,6.49,11341092,74787286.64,0.7907,1.3678,1434310358.0,9566850087.86,2026-07-14
2025-05-28,sh.600151,航天机电,6.66,6.56,6.7,6.53,9493903,62704431.63,0.6619,-1.6492,1434340988.0,9409276881.279999,2026-07-14
2025-05-29,sh.600151,航天机电,6.56,6.71,6.73,6.55,12640424,84453721.95,0.8813,2.2866,1434292976.0,9624105868.96,2026-07-14
2025-05-30,sh.600151,航天机电,6.7,6.66,6.71,6.58,11226032,74412537.24,0.7827,-0.7452,1434270091.0,9552238806.06,2026-07-14
2025-06-03,sh.600151,航天机电,6.62,6.57,6.72,6.54,14441330,95382102.1,1.0069,-1.3514,1434236766.0,9422935552.62,2026-07-14
2025-06-04,sh.600151,航天机电,6.55,6.55,6.66,6.52,15079650,99144346.51,1.0514,-0.3044,1434244816.0,9394303544.8,2026-07-14
2025-06-05,sh.600151,航天机电,6.57,6.56,6.61,6.51,11072713,72523061.25,0.772,0.1527,1434289249.0,9408937473.439999,2026-07-14
2025-06-06,sh.600151,航天机电,6.59,7.22,7.22,6.58,96764918,689554558.21,6.7467,10.061,1434255532.0,10355324941.039999,2026-07-14
2025-06-09,sh.600151,航天机电,7.36,7.35,7.59,7.35,120822787,897180224.56,8.4241,1.8006,1434251576.0,10541749083.6,2026-07-14
2025-06-10,sh.600151,航天机电,7.35,7.06,7.38,7.03,65684127,468046998.06,4.5797,-3.9456,1434245191.0,10125771048.46,2026-07-14
2025-06-11,sh.600151,航天机电,7.08,7.04,7.14,6.99,35541118,251164625.28,2.478,-0.2833,1434266263.0,10097234491.52,2026-07-14
2025-06-12,sh.600151,航天机电,7.01,6.91,7.03,6.88,33388641,231599934.94,2.3279,-1.8466,1434281584.0,9910885745.44,2026-07-14
2025-06-13,sh.600151,航天机电,6.91,6.95,6.99,6.88,33626558,233296052.16,2.3445,0.5789,1434274174.0,9968205509.300001,2026-07-14
2025-06-16,sh.600151,航天机电,6.97,6.96,7.0,6.8,23178459,160595935.07,1.6161,0.1439,1434221830.0,9982183936.8,2026-07-14
2025-06-17,sh.600151,航天机电,6.97,6.89,7.0,6.82,23150402,158879604.03,1.6141,-1.0057,1434260703.0,9882056243.67,2026-07-14
2025-06-18,sh.600151,航天机电,6.87,6.84,6.92,6.81,15356750,105166489.0,1.0707,-0.7257,1434271972.0,9810420288.48,2026-07-14
2025-06-19,sh.600151,航天机电,6.81,6.68,6.84,6.66,22275890,149729303.4,1.5531,-2.3392,1434285622.0,9581027954.96,2026-07-14
2025-06-20,sh.600151,航天机电,6.68,6.89,6.92,6.68,28376700,193925848.98,1.9785,3.1437,1434253222.0,9882004699.58,2026-07-14
2025-06-23,sh.600151,航天机电,6.85,7.02,7.05,6.81,32783035,229123420.95,2.2857,1.8868,1434266745.0,10068552549.9,2026-07-14
2025-06-24,sh.600151,航天机电,6.96,7.03,7.06,6.93,26310410,184361477.85,1.8344,0.1425,1434278783.0,10082979844.49,2026-07-14
2025-06-25,sh.600151,航天机电,7.02,7.07,7.16,6.97,31201590,220512080.4,2.1755,0.569,1434226155.0,10139978915.85,2026-07-14
2025-06-26,sh.600151,航天机电,7.05,7.18,7.41,7.03,44127237,317826186.64,3.0767,1.5559,1434239185.0,10297837348.3,2026-07-14
2025-06-27,sh.600151,航天机电,7.2,7.11,7.29,7.1,29794390,213275055.3,2.0773,-0.9749,1434284408.0,10197762140.880001,2026-07-14
2025-06-30,sh.600151,航天机电,7.16,7.29,7.3,7.15,31692081,229463130.2,2.2097,2.5316,1434225506.0,10455503938.74,2026-07-14
2025-07-01,sh.600151,航天机电,7.29,7.24,7.33,7.16,18722800,135289234.0,1.3054,-0.6859,1434257699.0,10384025740.76,2026-07-14
2025-07-02,sh.600151,航天机电,7.23,7.19,7.24,7.12,17092340,122812155.2,1.1917,-0.6906,1434282118.0,10312488428.42,2026-07-14
2025-07-03,sh.600151,航天机电,7.2,7.17,7.3,7.15,17092800,122921479.0,1.1918,-0.2782,1434200369.0,10283216645.73,2026-07-14
2025-07-04,sh.600151,航天机电,7.21,7.1,7.22,7.09,16155569,115215983.6,1.1264,-0.9763,1434265714.0,10183286569.4,2026-07-14
2025-07-07,sh.600151,航天机电,7.1,7.1,7.13,7.04,10572900,74843436.0,0.7372,0.0,1434196961.0,10182798423.1,2026-07-14
2025-07-08,sh.600151,航天机电,7.09,7.21,7.21,7.06,17224994,123446814.93,1.201,1.5493,1434220983.0,10340733287.43,2026-07-14
2025-07-09,sh.600151,航天机电,7.21,7.29,7.55,7.21,35037088,258218035.58,2.4429,1.1096,1434241598.0,10455621249.42,2026-07-14
2025-07-10,sh.600151,航天机电,7.29,7.39,7.52,7.26,32607100,240777465.7,2.2735,1.3717,1434224764.0,10598921005.96,2026-07-14
2025-07-11,sh.600151,航天机电,7.41,7.33,7.41,7.24,19555300,142921171.0,1.3634,-0.8119,1434303946.0,10513447924.18,2026-07-14
2025-07-14,sh.600151,航天机电,7.37,7.45,7.73,7.36,31882554,239949695.5,2.2229,1.6371,1434277475.0,10685367188.75,2026-07-14
2025-07-15,sh.600151,航天机电,7.31,7.2,7.4,7.18,27181614,196969126.76,1.8952,-3.3557,1434234593.0,10326489069.6,2026-07-14
2025-07-16,sh.600151,航天机电,7.2,7.17,7.24,7.13,13123841,94203370.97,0.915,-0.4167,1434299563.0,10283927866.71,2026-07-14
2025-07-17,sh.600151,航天机电,7.18,7.22,7.28,7.17,12202001,88001458.17,0.8508,0.6974,1434179713.0,10354777527.859999,2026-07-14
2025-07-18,sh.600151,航天机电,7.2,7.32,7.39,7.17,25032500,182068674.87,1.7453,1.385,1434280639.0,10498934277.48,2026-07-14
2025-07-21,sh.600151,航天机电,7.31,7.41,7.47,7.26,25564444,189389226.68,1.7824,1.2295,1434270871.0,10627947154.11,2026-07-14
2025-07-22,sh.600151,航天机电,7.4,7.48,7.54,7.36,25361846,189094385.64,1.7683,0.9447,1434250184.0,10728191376.32,2026-07-14
2025-07-23,sh.600151,航天机电,7.5,7.45,7.59,7.43,23447913,175805316.76,1.6349,-0.4011,1434210839.0,10684870750.550001,2026-07-14
2025-07-24,sh.600151,航天机电,7.45,7.45,7.51,7.37,20254899,150232819.6,1.4122,0.0,1434279776.0,10685384331.2,2026-07-14
2025-07-25,sh.600151,航天机电,7.45,7.4,7.45,7.35,12905960,95434699.4,0.8998,-0.6711,1434314292.0,10613925760.800001,2026-07-14
2025-07-28,sh.600151,航天机电,7.38,7.4,7.45,7.35,15694932,116104276.16,1.0943,0.0,1434243992.0,10613405540.800001,2026-07-14
2025-07-29,sh.600151,航天机电,7.4,7.47,7.52,7.32,18342370,135989699.7,1.2789,0.9459,1434230198.0,10713699579.06,2026-07-14
2025-07-30,sh.600151,航天机电,7.46,7.37,7.59,7.3,24881872,184972508.26,1.7348,-1.3387,1434278995.0,10570636193.15,2026-07-14
2025-07-31,sh.600151,航天机电,7.36,7.2,7.41,7.16,20811435,151124235.5,1.451,-2.3066,1434282219.0,10326831976.800001,2026-07-14
2025-08-01,sh.600151,航天机电,7.22,7.19,7.26,7.13,14359100,103221647.0,1.0012,-0.1389,1434188973.0,10311818715.87,2026-07-14
2025-08-04,sh.600151,航天机电,7.15,7.38,7.38,7.13,22125964,161318296.84,1.5427,2.6426,1434236339.0,10584664181.82,2026-07-14
2025-08-05,sh.600151,航天机电,7.39,7.64,7.86,7.35,50895270,388493506.47,3.5486,3.523,1434235191.0,10957556859.24,2026-07-14
2025-08-06,sh.600151,航天机电,7.57,7.7,7.74,7.55,38614500,296712489.41,2.6923,0.7853,1434256955.0,11043778553.5,2026-07-14
2025-08-07,sh.600151,航天机电,7.7,7.63,7.73,7.56,23473103,178938920.8,1.6366,-0.9091,1434260235.0,10943405593.05,2026-07-14
2025-08-08,sh.600151,航天机电,7.61,7.7,7.75,7.59,20786188,159623571.96,1.4493,0.9174,1434222590.0,11043513943.0,2026-07-14
2025-08-11,sh.600151,航天机电,7.79,8.03,8.25,7.77,48488225,389835821.33,3.3807,4.2857,1434265833.0,11517154638.99,2026-07-14
2025-08-12,sh.600151,航天机电,8.0,7.87,8.14,7.85,29757464,236280686.72,2.0748,-1.9925,1434232890.0,11287412844.3,2026-07-14
2025-08-13,sh.600151,航天机电,7.9,8.03,8.12,7.84,32029280,256087026.76,2.2332,2.033,1434232491.0,11516886902.73,2026-07-14
2025-08-14,sh.600151,航天机电,8.08,7.79,8.08,7.78,31192146,245472249.37,2.1748,-2.9888,1434253541.0,11172835084.39,2026-07-14
2025-08-15,sh.600151,航天机电,7.79,7.9,7.94,7.75,32834182,257124307.66,2.2893,1.4121,1434245490.0,11330539371.0,2026-07-14
2025-08-18,sh.600151,航天机电,7.9,7.84,7.95,7.8,29130456,229028509.07,2.0311,-0.7595,1434220669.0,11244290044.96,2026-07-14
2025-08-19,sh.600151,航天机电,8.06,7.8,8.06,7.76,22984302,180365956.65,1.6025,-0.5102,1434277816.0,11187366964.8,2026-07-14
2025-08-20,sh.600151,航天机电,7.79,7.87,7.87,7.74,19839336,155187889.32,1.3833,0.8974,1434203427.0,11287180970.49,2026-07-14
2025-08-21,sh.600151,航天机电,7.86,7.84,7.95,7.8,20864728,164090443.29,1.4547,-0.3812,1434297656.0,11244893623.039999,2026-07-14
2025-08-22,sh.600151,航天机电,7.82,7.88,7.88,7.78,18158600,142238728.0,1.2661,0.5102,1434215307.0,11301616619.16,2026-07-14
2025-08-25,sh.600151,航天机电,7.88,7.94,7.97,7.78,35508525,279405603.93,2.4758,0.7614,1434224291.0,11387740870.54,2026-07-14
2025-08-26,sh.600151,航天机电,7.93,8.73,8.73,7.87,94265610,795824690.85,6.5725,9.9496,1434242830.0,12520939905.900002,2026-07-14
2025-08-27,sh.600151,航天机电,8.75,8.64,9.18,8.54,115962953,1035568320.3,8.0853,-1.0309,1434244283.0,12391870605.12,2026-07-14
2025-08-28,sh.600151,航天机电,8.68,8.66,8.97,8.48,59823265,520506031.71,4.171,0.2315,1434266723.0,12420749821.18,2026-07-14
2025-08-29,sh.600151,航天机电,8.65,8.82,8.95,8.59,47804113,419129147.96,3.333,1.8476,1434266817.0,12650233325.94,2026-07-14
2025-09-01,sh.600151,航天机电,8.81,8.72,8.81,8.46,38972247,335403973.73,2.7173,-1.1338,1434226880.0,12506458393.6,2026-07-14
2025-09-02,sh.600151,航天机电,8.71,8.4,8.71,8.23,39127418,328752904.45,2.7281,-3.6697,1434236941.0,12047590304.4,2026-07-14
2025-09-03,sh.600151,航天机电,8.4,7.88,8.4,7.85,34800562,280897043.89,2.4264,-6.1905,1434246703.0,11301864019.64,2026-07-14
2025-09-04,sh.600151,航天机电,7.88,7.97,8.22,7.81,33110696,266541318.94,2.3086,1.1421,1434232695.0,11430834579.15,2026-07-14
2025-09-05,sh.600151,航天机电,7.94,8.14,8.18,7.94,20007270,161515531.98,1.395,2.133,1434212903.0,11674493030.42,2026-07-14
2025-09-08,sh.600151,航天机电,8.13,8.03,8.27,7.87,26546431,212092891.52,1.8509,-1.3514,1434244476.0,11516983142.279999,2026-07-14
2025-09-09,sh.600151,航天机电,8.0,7.9,8.05,7.86,18550758,147615679.64,1.2934,-1.6189,1434263028.0,11330677921.2,2026-07-14
2025-09-10,sh.600151,航天机电,7.93,7.85,7.96,7.81,12513263,98592095.3,0.8725,-0.6329,1434184871.0,11258351237.35,2026-07-14
2025-09-11,sh.600151,航天机电,7.86,7.98,8.0,7.74,19481614,153626626.07,1.3583,1.6561,1434264448.0,11445430295.04,2026-07-14
2025-09-12,sh.600151,航天机电,8.01,7.88,8.09,7.87,19636913,155984220.52,1.3691,-1.2531,1434293551.0,11302233181.88,2026-07-14
2025-09-15,sh.600151,航天机电,7.92,7.92,8.13,7.87,21838503,173922069.42,1.5226,0.5076,1434290227.0,11359578597.84,2026-07-14
2025-09-16,sh.600151,航天机电,7.87,8.71,8.71,7.82,63922261,541489391.11,4.4568,9.9747,1434263620.0,12492436130.2,2026-07-14
2025-09-17,sh.600151,航天机电,8.72,8.6,8.8,8.52,55206632,475625229.39,3.8492,-1.2629,1434236517.0,12334434046.199999,2026-07-14
2025-09-18,sh.600151,航天机电,8.6,8.32,8.61,8.18,36442969,306600089.24,2.5409,-3.2558,1434254359.0,11932996266.880001,2026-07-14
2025-09-19,sh.600151,航天机电,8.3,8.23,8.46,8.16,31721855,263363773.38,2.2117,-1.0817,1434274766.0,11804081324.18,2026-07-14
2025-09-22,sh.600151,航天机电,8.22,8.27,8.36,8.17,22774185,187693050.25,1.5879,0.486,1434232949.0,11861106488.23,2026-07-14
2025-09-23,sh.600151,航天机电,8.26,8.0,8.26,7.86,26778283,213836452.83,1.8671,-3.2648,1434217932.0,11473743456.0,2026-07-14
2025-09-24,sh.600151,航天机电,8.0,8.1,8.12,7.93,15495201,124401813.3,1.0804,1.25,1434209645.0,11617098124.5,2026-07-14
2025-09-25,sh.600151,航天机电,8.11,8.01,8.12,7.98,15231000,122353056.0,1.0619,-1.1111,1434315849.0,11488869950.49,2026-07-14
2025-09-26,sh.600151,航天机电,7.98,8.04,8.23,7.96,19787085,159935824.12,1.3796,0.3745,1434262467.0,11531470234.679998,2026-07-14
2025-09-29,sh.600151,航天机电,8.04,8.18,8.18,7.9,21262314,171943564.25,1.4825,1.7413,1434220169.0,11731920982.42,2026-07-14
2025-09-30,sh.600151,航天机电,8.13,8.18,8.22,8.06,19649091,160078714.48,1.37,0.0,1434240219.0,11732084991.42,2026-07-14
2025-10-09,sh.600151,航天机电,8.15,8.28,8.29,8.13,22503576,185105915.45,1.569,1.2225,1434262333.0,11875692117.24,2026-07-14
2025-10-10,sh.600151,航天机电,8.24,8.07,8.28,8.04,19392045,157407352.95,1.3521,-2.5362,1434216774.0,11574129366.18,2026-07-14
2025-10-13,sh.600151,航天机电,7.74,8.06,8.23,7.62,26570313,209665093.84,1.8526,-0.1239,1434217478.0,11559792872.68,2026-07-14
2025-10-14,sh.600151,航天机电,8.06,7.98,8.21,7.92,19948349,160576862.62,1.3909,-0.9926,1434204400.0,11444951112.0,2026-07-14
2025-10-15,sh.600151,航天机电,7.96,8.02,8.03,7.8,16280190,129260395.4,1.1351,0.5013,1434251608.0,11502697896.16,2026-07-14
2025-10-16,sh.600151,航天机电,7.99,7.81,8.06,7.77,19016591,149781558.17,1.3259,-2.6185,1434240214.0,11201416071.34,2026-07-14
2025-10-17,sh.600151,航天机电,7.77,7.51,7.86,7.49,23288893,176934127.57,1.6238,-3.8412,1434221764.0,10771005447.64,2026-07-14
2025-10-20,sh.600151,航天机电,7.55,7.6,7.67,7.53,9914293,75262412.78,0.6913,1.1984,1434152032.0,10899555443.199999,2026-07-14
2025-10-21,sh.600151,航天机电,7.65,7.83,8.05,7.65,26497809,209670965.83,1.8475,3.0263,1434252179.0,11230194561.57,2026-07-14
2025-10-22,sh.600151,航天机电,7.81,7.87,7.98,7.75,15002169,117626745.51,1.046,0.5109,1434241778.0,11287482792.86,2026-07-14
2025-10-23,sh.600151,航天机电,7.81,7.88,7.89,7.68,14527450,112807300.8,1.0129,0.1271,1434243262.0,11301836904.56,2026-07-14
2025-10-24,sh.600151,航天机电,8.1,8.05,8.28,7.9,36545070,297098270.72,2.548,2.1574,1434264914.0,11545832557.7,2026-07-14
2025-10-27,sh.600151,航天机电,7.96,8.02,8.15,7.88,20869647,166843043.03,1.4551,-0.3727,1434241427.0,11502616244.539999,2026-07-14
2025-10-28,sh.600151,航天机电,8.03,8.11,8.26,7.92,25561700,207995343.82,1.7822,1.1222,1434277859.0,11631993436.49,2026-07-14
2025-10-29,sh.600151,航天机电,8.1,8.14,8.18,8.02,16589934,134527015.49,1.1567,0.3699,1434246909.0,11674769839.26,2026-07-14
2025-10-30,sh.600151,航天机电,8.19,8.07,8.28,8.07,21190603,172529746.58,1.4775,-0.86,1434220169.0,11574156763.83,2026-07-14
2025-10-31,sh.600151,航天机电,8.2,8.24,8.45,8.15,41372550,344512762.0,2.8846,2.1066,1434256049.0,11818269843.76,2026-07-14
2025-11-03,sh.600151,航天机电,8.22,8.28,8.28,8.08,25238088,206712330.64,1.7597,0.4854,1434226743.0,11875397432.039999,2026-07-14
2025-11-04,sh.600151,航天机电,8.28,8.4,8.44,8.21,30238993,252001190.11,2.1083,1.4493,1434283214.0,12047978997.6,2026-07-14
2025-11-05,sh.600151,航天机电,8.3,8.5,8.59,8.27,28891599,243623553.36,2.0144,1.1905,1434253326.0,12191153271.0,2026-07-14
2025-11-06,sh.600151,航天机电,8.44,8.53,8.7,8.44,26376249,226207572.09,1.839,0.3529,1434271289.0,12234334095.169998,2026-07-14
2025-11-07,sh.600151,航天机电,8.53,8.73,8.73,8.45,28007450,242041915.1,1.9528,2.3447,1434220094.0,12520741420.62,2026-07-14
2025-11-10,sh.600151,航天机电,8.72,8.66,8.83,8.6,24741398,214994295.42,1.725,-0.8018,1434283942.0,12420898937.72,2026-07-14
2025-11-11,sh.600151,航天机电,8.68,8.88,9.0,8.66,40264033,356235020.56,2.8073,2.5404,1434261853.0,12736245254.640001,2026-07-14
2025-11-12,sh.600151,航天机电,8.8,8.77,8.86,8.56,29099582,252967066.1,2.0289,-1.2387,1434254128.0,12578408702.56,2026-07-14
2025-11-13,sh.600151,航天机电,8.75,8.77,8.9,8.69,22488681,197757373.36,1.568,0.0,1434227105.0,12578171710.849998,2026-07-14
2025-11-14,sh.600151,航天机电,8.68,8.76,8.94,8.66,23824123,210307420.51,1.6611,-0.114,1434237734.0,12563922549.84,2026-07-14
2025-11-17,sh.600151,航天机电,8.98,8.64,8.98,8.6,32364710,281200904.72,2.2566,-1.3699,1434224497.0,12391699654.08,2026-07-14
2025-11-18,sh.600151,航天机电,8.6,8.55,8.63,8.33,30005788,253958869.2,2.0921,-1.0417,1434242531.0,12262773640.050001,2026-07-14
2025-11-19,sh.600151,航天机电,8.51,8.4,8.63,8.36,16951757,143137267.69,1.1819,-1.7544,1434280142.0,12047953192.800001,2026-07-14
2025-11-20,sh.600151,航天机电,8.41,8.78,9.03,8.4,48036146,421385053.7,3.3492,4.5238,1434257315.0,12592779225.699999,2026-07-14
2025-11-21,sh.600151,航天机电,8.62,8.52,8.96,8.52,38984177,338176390.25,2.7181,-2.9613,1434243663.0,12219756008.76,2026-07-14
2025-11-24,sh.600151,航天机电,8.55,8.88,9.0,8.55,61890390,549727233.79,4.3152,4.2254,1434241518.0,12736064679.840002,2026-07-14
2025-11-25,sh.600151,航天机电,8.88,9.03,9.14,8.72,55382399,496248259.43,3.8614,1.6892,1434256979.0,12951340520.369999,2026-07-14
2025-11-26,sh.600151,航天机电,9.11,8.62,9.11,8.56,47516803,413014862.76,3.313,-4.5404,1434253034.0,12363261153.079998,2026-07-14
2025-11-27,sh.600151,航天机电,8.62,8.45,8.76,8.3,39291533,332226361.43,2.7395,-1.9722,1434259281.0,12119490924.449999,2026-07-14
2025-11-28,sh.600151,航天机电,8.47,9.3,9.3,8.35,77511973,709353952.0,5.4043,10.0592,1434264808.0,13338662714.400002,2026-07-14
2025-12-01,sh.600151,航天机电,9.45,9.71,10.19,9.45,167829703,1636275470.63,11.7015,4.4086,1434258027.0,13926645442.170002,2026-07-14
2025-12-02,sh.600151,航天机电,9.57,10.25,10.68,9.46,182305265,1858788777.03,12.7108,5.5613,1434254846.0,14701112171.5,2026-07-14
2025-12-03,sh.600151,航天机电,10.29,11.28,11.28,9.73,250256356,2661682160.21,17.4486,10.0488,1434248914.0,16178327749.919998,2026-07-14
2025-12-04,sh.600151,航天机电,11.28,12.41,12.41,11.28,89111229,1076807804.23,6.2131,10.0177,1434247461.0,17799010991.01,2026-07-14
2025-12-05,sh.600151,航天机电,13.0,13.65,13.65,12.52,293921019,3893981082.34,20.493,9.9919,1434250812.0,19577523583.8,2026-07-14
2025-12-08,sh.600151,航天机电,14.0,13.48,14.97,13.29,401172974,5677486424.67,27.9709,-1.2454,1434251218.0,19333706418.64,2026-07-14
2025-12-09,sh.600151,航天机电,13.15,14.83,14.83,12.83,318926668,4484406933.34,22.2364,10.0148,1434254951.0,21270000923.33,2026-07-14
2025-12-10,sh.600151,航天机电,14.64,14.28,14.99,13.9,252084713,3620170385.27,17.576,-3.7087,1434255308.0,20481165798.239998,2026-07-14
2025-12-11,sh.600151,航天机电,14.3,14.0,14.5,13.63,202690411,2850785906.04,14.1321,-1.9608,1434255426.0,20079575964.0,2026-07-14
2025-12-12,sh.600151,航天机电,14.03,15.4,15.4,13.73,293562749,4357743564.22,20.468,10.0,1434252243.0,22087484542.2,2026-07-14
2025-12-15,sh.600151,航天机电,16.0,16.94,16.94,15.87,140966382,2309561694.92,9.8286,10.0,1434246810.0,24296140961.4,2026-07-14
2025-12-16,sh.600151,航天机电,16.68,17.18,18.26,15.28,373393724,6124803195.59,26.034,1.4168,1434254145.0,24640486211.1,2026-07-14
2025-12-17,sh.600151,航天机电,16.8,18.12,18.6,16.52,313253775,5588735930.96,21.8409,5.4715,1434253053.0,25988665320.36,2026-07-14
2025-12-18,sh.600151,航天机电,17.71,18.98,19.34,17.21,294799086,5485587768.17,20.5542,4.7461,1434252299.0,27222108635.02,2026-07-14
2025-12-19,sh.600151,航天机电,18.85,18.88,19.37,18.4,251516641,4764924465.79,17.5364,-0.5269,1434254699.0,27078728717.12,2026-07-14
2025-12-22,sh.600151,航天机电,18.89,17.84,19.0,17.77,218958485,4004364764.41,15.2664,-5.5085,1434250937.0,25587036716.079998,2026-07-14
2025-12-23,sh.600151,航天机电,18.1,16.06,18.2,16.06,256115249,4281419315.37,17.8571,-9.9776,1434248837.0,23034036322.219997,2026-07-14
2025-12-24,sh.600151,航天机电,14.45,15.9,16.3,14.45,297226784,4593071055.74,20.7235,-0.9963,1434249929.0,22804573871.100002,2026-07-14
2025-12-25,sh.600151,航天机电,15.86,16.45,16.88,15.68,270818585,4408481900.01,18.8822,3.4591,1434253344.0,23593467508.8,2026-07-14
2025-12-26,sh.600151,航天机电,16.46,16.63,16.94,16.0,261469353,4321578533.83,18.2304,1.0942,1434249128.0,23851562998.64,2026-07-14
2025-12-29,sh.600151,航天机电,16.4,18.29,18.29,15.86,319699684,5448156622.07,22.2903,9.982,1434254739.0,26232519176.309998,2026-07-14
2025-12-30,sh.600151,航天机电,18.57,17.3,19.59,17.14,357422781,6632180064.05,24.9205,-5.4128,1434252046.0,24812560395.8,2026-07-14
2025-12-31,sh.600151,航天机电,17.41,17.55,18.1,16.98,275366892,4850784608.36,19.1993,1.4451,1434254853.0,25171172670.15,2026-07-14
2026-01-05,sh.600151,航天机电,17.48,19.31,19.31,16.18,314272906,5518300868.47,21.912,10.0285,1434250210.0,27695371555.1,2026-07-14
2026-01-06,sh.600151,航天机电,19.09,19.71,20.46,18.31,356555625,6927444782.08,24.86,2.0715,1434254324.0,28269152726.04,2026-07-14
2026-01-07,sh.600151,航天机电,18.82,19.0,20.11,18.56,234328850,4495816175.75,16.338,-3.6022,1434256641.0,27250876179.0,2026-07-14
2026-01-08,sh.600151,航天机电,18.66,20.35,20.78,18.63,279883245,5600345215.21,19.5142,7.1053,1434254261.0,29187074211.350002,2026-07-14
2026-01-09,sh.600151,航天机电,21.5,20.72,22.2,20.39,293423174,6226494918.95,20.4583,1.8182,1434250031.0,29717660642.32,2026-07-14
2026-01-12,sh.600151,航天机电,21.2,22.79,22.79,20.8,294276800,6582962168.52,20.5178,9.9903,1434251236.0,32686585668.44,2026-07-14
2026-01-13,sh.600151,航天机电,22.79,20.51,22.8,20.51,187239346,3877379524.83,13.0548,-10.0044,1434256718.0,29416605286.180004,2026-07-14
2026-01-14,sh.600151,航天机电,19.5,18.83,20.2,18.46,268513240,5165168736.89,18.7215,-8.1911,1434250674.0,27006940191.42,2026-07-14
2026-01-15,sh.600151,航天机电,19.0,19.91,20.51,18.41,330652385,6493662619.2,23.054,5.7355,1434251692.0,28555951187.72,2026-07-14
2026-01-16,sh.600151,航天机电,20.56,18.19,20.91,17.93,316565143,6260782847.17,22.0718,-8.6389,1434251593.0,26089036476.670002,2026-07-14
2026-01-19,sh.600151,航天机电,16.37,16.4,17.7,16.37,241509159,4086140980.16,16.8387,-9.8406,1434250619.0,23521710151.6,2026-07-14
2026-01-20,sh.600151,航天机电,16.73,16.23,17.39,15.26,246570812,4002191830.92,17.1916,-1.0366,1434251681.0,23277904782.63,2026-07-14
2026-01-21,sh.600151,航天机电,15.72,15.58,16.66,15.55,176710463,2828930952.37,12.3207,-4.0049,1434256682.0,22345719105.56,2026-07-14
2026-01-22,sh.600151,航天机电,15.58,16.1,16.27,15.5,149582293,2397353553.76,10.4293,3.3376,1434250554.0,23091433919.4,2026-07-14
2026-01-23,sh.600151,航天机电,16.1,17.12,17.5,15.9,216036350,3640487227.95,15.0626,6.3354,1434256702.0,24554474738.24,2026-07-14
2026-01-26,sh.600151,航天机电,17.0,15.41,17.25,15.41,195781268,3130416761.12,13.6504,-9.9883,1434252974.0,22101838329.34,2026-07-14
2026-01-27,sh.600151,航天机电,15.15,15.24,15.55,14.85,113910732,1728117843.01,7.9422,-1.1032,1434246582.0,21857917909.68,2026-07-14
2026-01-28,sh.600151,航天机电,15.14,14.92,15.36,14.78,79468592,1189506213.59,5.5408,-2.0997,1434244008.0,21398920599.36,2026-07-14
2026-01-29,sh.600151,航天机电,14.93,15.08,15.41,14.56,95498300,1443495198.12,6.6584,1.0724,1434252974.0,21628534847.920002,2026-07-14
2026-01-30,sh.600151,航天机电,14.91,15.09,15.39,14.71,73166792,1100252369.32,5.1014,0.0663,1434249265.0,21642821408.85,2026-07-14
2026-02-02,sh.600151,航天机电,15.18,15.01,15.49,15.0,79547290,1211296200.99,5.5463,-0.5302,1434240665.0,21527952381.65,2026-07-14
2026-02-03,sh.600151,航天机电,15.1,15.75,15.75,14.92,121863059,1882563754.5,8.4966,4.93,1434256750.0,22589543812.5,2026-07-14
2026-02-04,sh.600151,航天机电,15.6,16.37,16.67,15.6,153017995,2492736434.45,10.6688,3.9365,1434256852.0,23478784667.24,2026-07-14
2026-02-05,sh.600151,航天机电,16.0,15.9,16.47,15.65,91291001,1462139131.73,6.3651,-2.8711,1434242997.0,22804463652.3,2026-07-14
2026-02-06,sh.600151,航天机电,15.67,15.61,16.25,15.39,73819622,1164283286.22,5.1469,-1.8239,1434254056.0,22388705814.16,2026-07-14
2026-02-09,sh.600151,航天机电,15.92,16.04,16.28,15.92,78617503,1264578307.36,5.4814,2.7546,1434259550.0,23005523182.0,2026-07-14
2026-02-10,sh.600151,航天机电,16.0,15.42,16.1,15.01,75936817,1170583546.71,5.2945,-3.8653,1434258514.0,22116266285.88,2026-07-14
2026-02-11,sh.600151,航天机电,15.39,15.27,15.83,15.26,66085203,1020154809.69,4.6076,-0.9728,1434265192.0,21901229481.84,2026-07-14
2026-02-12,sh.600151,航天机电,15.19,14.65,15.35,14.61,73447281,1086057111.49,5.1209,-4.0602,1434265090.0,21011983568.5,2026-07-14
2026-02-13,sh.600151,航天机电,14.7,14.6,14.94,14.6,44614341,658082176.63,3.1106,-0.3413,1434268019.0,20940313077.399998,2026-07-14
2026-02-24,sh.600151,航天机电,14.68,14.72,15.03,14.58,45627628,675705808.43,3.1813,0.8219,1434244743.0,21112082616.96,2026-07-14
2026-02-25,sh.600151,航天机电,14.72,15.2,15.34,14.65,65605296,991360196.73,4.5742,3.2609,1434246338.0,21800544337.6,2026-07-14
2026-02-26,sh.600151,航天机电,15.2,15.42,15.48,14.92,58993343,902758985.66,4.1132,1.4474,1434244457.0,22116049526.94,2026-07-14
2026-02-27,sh.600151,航天机电,15.3,15.45,15.67,15.23,59617735,920913467.3,4.1567,0.1946,1434256381.0,22159261086.45,2026-07-14
2026-03-02,sh.600151,航天机电,15.3,15.39,15.77,15.15,80564617,1242118338.54,5.6172,-0.3883,1434248683.0,22073087231.37,2026-07-14
2026-03-03,sh.600151,航天机电,15.25,13.96,15.25,13.95,91350195,1317730516.22,6.3692,-9.2917,1434249121.0,20022117729.16,2026-07-14
2026-03-04,sh.600151,航天机电,13.66,14.22,14.42,13.63,54177938,770485372.05,3.7774,1.8625,1434265315.0,20395252779.3,2026-07-14
2026-03-05,sh.600151,航天机电,14.4,14.29,14.51,14.06,42577025,606909757.85,2.9686,0.4923,1434245941.0,20495374496.89,2026-07-14
2026-03-06,sh.600151,航天机电,14.13,14.51,14.76,14.08,46191195,670075034.02,3.2206,1.5395,1434241911.0,20810850128.61,2026-07-14
2026-03-09,sh.600151,航天机电,14.2,14.43,14.5,13.97,44129428,626938658.58,3.0768,-0.5513,1434263781.0,20696426359.829998,2026-07-14
2026-03-10,sh.600151,航天机电,14.53,14.66,14.84,14.49,34972569,512707322.36,2.4384,1.5939,1434242495.0,21025994976.7,2026-07-14
2026-03-11,sh.600151,航天机电,14.72,14.44,14.79,14.38,32862501,476563243.29,2.2913,-1.5007,1434229520.0,20710274268.8,2026-07-14
2026-03-12,sh.600151,航天机电,14.39,14.16,14.43,14.05,32756582,464464859.69,2.2839,-1.9391,1434238890.0,20308822682.4,2026-07-14
2026-03-13,sh.600151,航天机电,14.1,13.79,14.15,13.73,32520008,452159245.89,2.2674,-2.613,1434242216.0,19778200158.64,2026-07-14
2026-03-16,sh.600151,航天机电,13.88,13.71,13.9,13.41,30001954,409210798.69,2.0918,-0.5801,1434264939.0,19663772313.690002,2026-07-14
2026-03-17,sh.600151,航天机电,13.8,13.52,13.83,13.51,29607249,405198545.67,2.0643,-1.3858,1434251272.0,19391077197.44,2026-07-14
2026-03-18,sh.600151,航天机电,13.6,13.93,13.93,13.46,36752401,504160373.44,2.5625,3.0325,1434240039.0,19978963743.27,2026-07-14
2026-03-19,sh.600151,航天机电,13.73,13.55,13.9,13.48,29807087,406845341.37,2.0782,-2.7279,1434274228.0,19434415789.4,2026-07-14
2026-03-20,sh.600151,航天机电,13.64,13.19,13.7,13.18,27660257,370464737.46,1.9285,-2.6568,1434288670.0,18918267557.3,2026-07-14
2026-03-23,sh.600151,航天机电,12.84,12.49,13.24,12.39,43666419,559528097.41,3.0445,-5.3071,1434272261.0,17914060539.89,2026-07-14
2026-03-24,sh.600151,航天机电,12.85,12.9,12.94,12.47,39192447,499096849.51,2.7326,3.2826,1434254812.0,18501887074.8,2026-07-14
2026-03-25,sh.600151,航天机电,13.0,13.16,13.33,13.0,27415056,361160246.65,1.9115,2.0155,1434216898.0,18874294377.68,2026-07-14
2026-03-26,sh.600151,航天机电,13.24,13.02,13.4,12.9,26830915,350625739.0,1.8707,-1.0638,1434271396.0,18674213575.92,2026-07-14
2026-03-27,sh.600151,航天机电,12.77,13.03,13.15,12.7,24419967,316238519.16,1.7026,0.0768,1434275050.0,18688603901.5,2026-07-14
2026-03-30,sh.600151,航天机电,12.79,13.57,13.71,12.79,66930025,901539683.44,4.6665,4.1443,1434266045.0,19462990230.65,2026-07-14
2026-03-31,sh.600151,航天机电,13.59,13.67,14.1,13.56,65524292,908125161.42,4.5685,0.7369,1434262712.0,19606371273.04,2026-07-14
2026-04-01,sh.600151,航天机电,13.85,13.23,13.89,13.11,50730686,675358016.72,3.5371,-3.2187,1434245173.0,18975063638.79,2026-07-14
2026-04-02,sh.600151,航天机电,13.18,13.1,13.43,13.0,30082039,396196727.86,2.0974,-0.9826,1434253790.0,18788724649.0,2026-07-14
2026-04-03,sh.600151,航天机电,13.19,12.64,13.27,12.54,30708953,392502952.37,2.1411,-3.5115,1434260567.0,18129053566.88,2026-07-14
2026-04-07,sh.600151,航天机电,12.68,12.57,12.79,12.47,22461906,283195579.78,1.5661,-0.5538,1434257455.0,18028616209.350002,2026-07-14
2026-04-08,sh.600151,航天机电,12.79,13.15,13.17,12.78,36267349,473423848.28,2.5287,4.6142,1434229011.0,18860111494.65,2026-07-14
2026-04-09,sh.600151,航天机电,13.0,13.93,14.47,12.83,161491540,2261151842.27,11.2596,5.9316,1434256457.0,19979192446.01,2026-07-14
2026-04-10,sh.600151,航天机电,13.94,13.72,14.25,13.7,100097305,1391076158.12,6.9791,-1.5075,1434243742.0,19677824140.24,2026-07-14
2026-04-13,sh.600151,航天机电,13.7,13.61,13.8,13.42,47882662,651249538.39,3.3385,-0.8017,1434256762.0,19520234530.82,2026-07-14
2026-04-14,sh.600151,航天机电,13.66,14.07,14.18,13.46,75937383,1051665526.4,5.2946,3.3799,1434242115.0,20179786558.05,2026-07-14
2026-04-15,sh.600151,航天机电,14.05,13.91,14.34,13.84,67388200,951160872.94,4.6985,-1.1372,1434249228.0,19950406761.48,2026-07-14
2026-04-16,sh.600151,航天机电,13.91,13.91,14.01,13.68,40819158,564168116.12,2.846,0.0,1434264160.0,19950614465.6,2026-07-14
2026-04-17,sh.600151,航天机电,13.8,14.62,15.13,13.76,113449915,1645328339.71,7.91,5.1042,1434259355.0,20968871770.1,2026-07-14
2026-04-20,sh.600151,航天机电,14.61,14.99,15.15,14.54,112483116,1672027969.2,7.8426,2.5308,1434257976.0,21499527060.24,2026-07-14
2026-04-21,sh.600151,航天机电,14.94,15.12,15.61,14.73,103190435,1558251837.32,7.1947,0.8672,1434256258.0,21685954620.96,2026-07-14
2026-04-22,sh.600151,航天机电,14.86,15.05,15.48,14.5,89730712,1343703005.14,6.2563,-0.463,1434245672.0,21585397363.600002,2026-07-14
2026-04-23,sh.600151,航天机电,14.84,15.33,15.54,14.84,120502376,1839244863.78,8.4018,1.8605,1434244757.0,21986972124.81,2026-07-14
2026-04-24,sh.600151,航天机电,15.25,14.75,15.58,14.65,98013402,1477255898.35,6.8338,-3.7834,1434244520.0,21155106670.0,2026-07-14
2026-04-27,sh.600151,航天机电,14.6,14.16,14.67,14.08,67131675,958307984.19,4.6806,-4.0,1434253621.0,20309031273.36,2026-07-14
2026-04-28,sh.600151,航天机电,14.16,13.7,14.26,13.56,59069349,813765316.15,4.1185,-3.2486,1434244239.0,19649146074.3,2026-07-14
2026-04-29,sh.600151,航天机电,13.35,13.87,14.15,13.35,38840259,540607403.27,2.708,1.2409,1434278397.0,19893441366.39,2026-07-14
2026-04-30,sh.600151,航天机电,13.9,14.51,15.18,13.88,60387247,879729148.37,4.2104,4.6143,1434240143.0,20810824474.93,2026-07-14
2026-05-06,sh.600151,航天机电,14.62,15.18,15.62,14.62,84468159,1282184832.91,5.8894,4.6175,1434240483.0,21771770531.94,2026-07-14
2026-05-07,sh.600151,航天机电,15.25,15.12,15.31,14.91,53009908,800273875.9,3.696,-0.3953,1434250758.0,21685871460.96,2026-07-14
2026-05-08,sh.600151,航天机电,15.12,15.39,15.5,14.96,71199875,1085787484.82,4.9643,1.7857,1434237959.0,22072922189.010002,2026-07-14
2026-05-11,sh.600151,航天机电,15.6,15.2,15.61,15.16,63565161,973283809.55,4.4319,-1.2346,1434264334.0,21800817876.8,2026-07-14
2026-05-12,sh.600151,航天机电,15.2,14.86,15.36,14.75,50408393,753845770.16,3.5146,-2.2368,1434256900.0,21313057534.0,2026-07-14
2026-05-13,sh.600151,航天机电,14.85,15.71,15.8,14.71,96211578,1477024879.03,6.7081,5.7201,1434259746.0,22532220609.66,2026-07-14
2026-05-14,sh.600151,航天机电,15.6,14.5,15.65,14.5,81005793,1207784309.28,5.6479,-7.7021,1434263939.0,20796827115.5,2026-07-14
2026-05-15,sh.600151,航天机电,14.51,14.08,14.65,13.94,49283325,696131476.05,3.4362,-2.8966,1434239130.0,20194086950.4,2026-07-14
2026-05-18,sh.600151,航天机电,13.96,14.99,15.48,13.94,100874906,1504753199.23,7.0333,6.4631,1434247167.0,21499365033.33,2026-07-14
2026-05-19,sh.600151,航天机电,15.11,15.72,15.96,14.85,100219782,1558967982.58,6.9876,4.8699,1434251846.0,22546439019.120003,2026-07-14
2026-05-20,sh.600151,航天机电,15.3,15.78,16.35,15.3,95328873,1523871659.15,6.6466,0.3817,1434250188.0,22632467966.64,2026-07-14
2026-05-21,sh.600151,航天机电,15.91,14.92,15.95,14.86,70721216,1087589121.37,4.9309,-5.4499,1434245594.0,21398944262.48,2026-07-14
2026-05-22,sh.600151,航天机电,15.23,15.19,15.81,14.9,60413034,923088832.89,4.2122,1.8097,1434239447.0,21786097199.93,2026-07-14
2026-05-25,sh.600151,航天机电,15.3,14.7,15.36,14.4,63728224,937791823.54,4.4433,-3.2258,1434254360.0,21083539092.0,2026-07-14
2026-05-26,sh.600151,航天机电,14.65,14.2,14.65,14.03,48502785,689163775.19,3.3817,-3.4014,1434272260.0,20366666092.0,2026-07-14
2026-05-27,sh.600151,航天机电,14.4,13.68,14.98,13.4,71847423,1013180948.93,5.0094,-3.662,1434252066.0,19620568262.88,2026-07-14
2026-05-28,sh.600151,航天机电,13.62,15.05,15.05,13.41,157254538,2319367433.31,10.9642,10.0146,1434254556.0,21585531067.8,2026-07-14
2026-05-29,sh.600151,航天机电,15.05,13.77,15.11,13.72,110675550,1583899744.59,7.7166,-8.505,1434252780.0,19749660780.6,2026-07-14
2026-06-01,sh.600151,航天机电,13.64,13.75,14.3,13.51,67129958,931558172.98,4.6805,-0.1452,1434247580.0,19720904225.0,2026-07-14
2026-06-02,sh.600151,航天机电,13.76,12.8,13.9,12.71,78270022,1019164964.99,5.4572,-6.9091,1434252400.0,18358430720.0,2026-07-14
2026-06-03,sh.600151,航天机电,12.7,12.55,13.06,12.45,56735726,717380748.85,3.9558,-1.9531,1434241519.0,17999731063.45,2026-07-14
2026-06-04,sh.600151,航天机电,12.43,12.6,13.26,12.3,37722779,478944257.28,2.6301,0.3984,1434271663.0,18071822953.8,2026-07-14
2026-06-05,sh.600151,航天机电,12.71,12.47,12.85,12.11,46804550,585880558.5,3.2633,-1.0317,1434270524.0,17885353434.280003,2026-07-14
2026-06-08,sh.600151,航天机电,12.03,12.09,12.69,11.98,35991120,441009849.32,2.5094,-3.0473,1434252012.0,17340106825.079998,2026-07-14
2026-06-09,sh.600151,航天机电,12.12,11.95,12.25,11.65,36406896,431085021.08,2.5384,-1.158,1434245824.0,17139237596.8,2026-07-14
2026-06-10,sh.600151,航天机电,11.8,11.38,11.93,11.17,38473234,439729096.63,2.6825,-4.7699,1434230531.0,16321543442.78,2026-07-14
2026-06-11,sh.600151,航天机电,11.3,11.22,11.38,11.08,28748200,321717269.0,2.0044,-1.406,1434254640.0,16092337060.800001,2026-07-14
2026-06-12,sh.600151,航天机电,11.4,11.66,12.24,11.38,56267452,666412759.73,3.9231,3.9216,1434259947.0,16723470982.02,2026-07-14
2026-06-15,sh.600151,航天机电,11.66,11.78,11.86,11.48,30493678,356248547.99,2.1261,1.0292,1434254174.0,16895514169.72,2026-07-14
2026-06-16,sh.600151,航天机电,11.9,11.78,12.0,11.66,28290601,334439399.54,1.9725,0.0,1434251001.0,16895476791.779999,2026-07-14
2026-06-17,sh.600151,航天机电,11.75,12.24,12.45,11.71,51752685,629369660.77,3.6083,3.9049,1434267799.0,17555437859.760002,2026-07-14
2026-06-18,sh.600151,航天机电,12.11,12.51,12.77,11.89,43617878,540950845.76,3.0412,2.2059,1434232474.0,17942248249.739998,2026-07-14
2026-06-22,sh.600151,航天机电,12.43,11.9,12.59,11.65,44598541,532094099.89,3.1095,-4.8761,1434267278.0,17067780608.2,2026-07-14
2026-06-23,sh.600151,航天机电,11.8,11.33,11.8,11.27,32403605,372280634.02,2.2593,-4.7899,1434232063.0,16249849273.79,2026-07-14
2026-06-24,sh.600151,航天机电,11.27,11.17,11.4,10.75,40136222,447527249.96,2.7984,-1.4122,1434256075.0,16020640357.75,2026-07-14
2026-06-25,sh.600151,航天机电,11.24,11.14,11.91,10.97,42229746,481491172.58,2.9444,-0.2686,1434239438.0,15977427339.320002,2026-07-14
2026-06-26,sh.600151,航天机电,11.1,11.44,11.76,10.69,57104494,641269269.07,3.9815,2.693,1434245737.0,16407771231.279999,2026-07-14
2026-06-29,sh.600151,航天机电,11.2,11.0,11.4,10.83,36021683,396052974.12,2.5115,-3.8462,1434269679.0,15776966469.0,2026-07-14
2026-06-30,sh.600151,航天机电,10.97,11.22,11.33,10.88,35107600,392037861.0,2.4478,2.0,1434251164.0,16092298060.080002,2026-07-14
2026-07-01,sh.600151,航天机电,11.22,11.3,11.56,11.01,41954400,477230866.0,2.9252,0.713,1434240394.0,16206916452.2,2026-07-14
2026-07-02,sh.600151,航天机电,11.24,10.87,11.39,10.81,39306773,434904148.27,2.7406,-3.8053,1434239692.0,15590185452.039999,2026-07-14
2026-07-03,sh.600151,航天机电,10.94,11.3,11.48,10.89,50556928,567254294.54,3.525,3.9558,1434239092.0,16206901739.6,2026-07-14
2026-07-06,sh.600151,航天机电,11.33,10.63,11.62,10.58,47902133,523512699.99,3.3399,-5.9292,1434238540.0,15245955680.2,2026-07-14
2026-07-07,sh.600151,航天机电,10.66,10.39,10.93,10.31,25631153,270272883.43,1.7871,-2.2578,1434231604.0,14901666365.560001,2026-07-14
2026-07-08,sh.600151,航天机电,10.3,10.09,10.42,10.05,25462037,259418165.32,1.7753,-2.8874,1434238551.0,14471466979.59,2026-07-14
2026-07-09,sh.600151,航天机电,10.09,10.44,10.48,9.83,35075913,354262656.68,2.4456,3.4688,1434245707.0,14973525181.08,2026-07-14
2026-07-10,sh.600151,航天机电,10.44,11.27,11.48,10.39,99749587,1115566638.92,6.9548,7.9502,1434255291.0,16164057129.57,2026-07-14
2026-07-13,sh.600151,航天机电,11.02,10.14,11.02,10.14,49662590,509853884.94,3.4626,-10.0266,1434257206.0,14543368068.84,2026-07-14
