日期,股票代码,股票名称,开盘,收盘,最高,最低,成交量,成交额,换手率,涨跌幅,流通股数,流通市值,数据日期
2012-01-04,sh.600129,太极集团,5.970693,5.80698045,6.0477342,5.77809,1304269,8020400.0,0.305525,-2.4272,426894362.0,2478967214.349223,2026-07-14
2012-01-05,sh.600129,太极集团,5.7395694,5.61437745,5.82624075,5.5469664,1203927,7085385.0,0.28202,-3.3167,426894192.0,2396745125.1007705,2026-07-14
2012-01-06,sh.600129,太极集团,5.6432679,5.71067895,5.72993925,5.53733625,1536754,8997339.0,0.359985,1.7153,426893898.0,2437853997.192047,2026-07-14
2012-01-09,sh.600129,太极集团,5.6817885,5.8936518,5.98032315,5.63363775,1893534,11485505.0,0.443561,3.204,426893708.0,2515962870.5628743,2026-07-14
2012-01-10,sh.600129,太极集团,5.8936518,6.0862548,6.1247754,5.80698045,2983272,18602261.0,0.698832,3.268,426894017.0,2598185760.0575314,2026-07-14
2012-01-11,sh.600129,太极集团,6.01884375,6.0669945,6.13440555,5.9899533,1974503,12423798.0,0.462528,-0.3165,426893723.0,2589961869.5255237,2026-07-14
2012-01-12,sh.600129,太极集团,6.0477342,6.0477342,6.15366585,5.9899533,2131875,13443639.0,0.499392,-0.3175,426894103.0,2581742066.4914227,2026-07-14
2012-01-13,sh.600129,太极集团,6.0477342,5.8936518,6.09588495,5.8743915,2047015,12703017.0,0.479514,-2.5478,426893688.0,2515962752.6898384,2026-07-14
2012-01-16,sh.600129,太极集团,5.92254225,5.7010488,5.92254225,5.6817885,1303891,7861097.0,0.305437,-3.268,426893598.0,2433741234.605582,2026-07-14
2012-01-17,sh.600129,太极集团,5.7010488,5.9514327,5.9899533,5.585487,1710662,10328761.0,0.400723,4.3919,426893889.0,2540630250.4247704,2026-07-14
2012-01-18,sh.600129,太极集团,5.96106285,5.8358709,6.0284739,5.8166106,1470645,9052386.0,0.344499,-1.9417,426893837.0,2491297320.7376432,2026-07-14
2012-01-19,sh.600129,太极集团,5.90328195,5.8551312,5.9321724,5.77809,1417029,8639802.0,0.331939,0.33,426894399.0,2499522714.690149,2026-07-14
2012-01-20,sh.600129,太极集团,5.8743915,6.13440555,6.2403372,5.8743915,2966058,18596457.0,0.6948,4.7697,426893782.0,2618739585.5612903,2026-07-14
2012-01-30,sh.600129,太极集团,6.11514525,6.0092136,6.163296,5.9899533,2586655,16274943.0,0.605924,-2.0408,426894297.0,2565299015.294839,2026-07-14
2012-01-31,sh.600129,太极集团,6.01884375,6.0284739,6.03810405,5.9514327,1089020,6783976.0,0.255103,0.3205,426894235.0,2573520753.7579665,2026-07-14
2012-02-01,sh.600129,太极集团,6.0092136,5.970693,6.0669945,5.9514327,1119543,6975988.0,0.262253,-0.9585,426894259.0,2548854563.951487,2026-07-14
2012-02-02,sh.600129,太极集团,5.970693,6.0669945,6.0669945,5.9514327,1838323,11453047.0,0.430628,1.6129,426893514.0,2589960601.523673,2026-07-14
2012-02-03,sh.600129,太极集团,6.1055151,6.1247754,6.15366585,6.0477342,3161678,20029825.0,0.740624,0.9524,426893808.0,2614628693.650723,2026-07-14
2012-02-06,sh.600129,太极集团,6.13440555,6.19218645,6.21144675,6.07662465,2314649,14749418.0,0.542207,1.1006,426893972.0,2643407069.0050797,2026-07-14
2012-02-07,sh.600129,太极集团,6.163296,6.09588495,6.163296,6.03810405,1857100,11722147.0,0.435026,-1.5552,426894025.0,2602296862.242424,2026-07-14
2012-02-08,sh.600129,太极集团,6.0862548,6.19218645,6.21144675,6.05736435,2040136,13026904.0,0.477902,1.5798,426894217.0,2643408586.0907598,2026-07-14
2012-02-09,sh.600129,太极集团,6.1825563,6.28848795,6.3751593,6.13440555,4523380,29496719.0,1.059603,1.5552,426893846.0,2684516806.500156,2026-07-14
2012-02-10,sh.600129,太极集团,6.2595975,6.34626885,6.4714608,6.23070705,5157066,33954771.0,1.208044,0.9188,426893888.0,2709183383.669789,2026-07-14
2012-02-13,sh.600129,太极集团,6.2981181,6.38478945,6.4714608,6.21144675,3194775,21175136.0,0.748377,0.607,426893798.0,2725627017.7408314,2026-07-14
2012-02-14,sh.600129,太极集团,6.44257035,6.34626885,6.4522005,6.32700855,1992668,13202409.0,0.466783,-0.6033,426893867.0,2709183250.3981433,2026-07-14
2012-02-15,sh.600129,太极集团,6.3366387,6.4136799,6.44257035,6.3173784,2325329,15420685.0,0.544709,1.0622,426893809.0,2737960242.217739,2026-07-14
2012-02-16,sh.600129,太极集团,6.40404975,6.55813215,6.88555725,6.3944196,6985836,48289790.0,1.636433,2.2523,426894104.0,2799627948.0878434,2026-07-14
2012-02-17,sh.600129,太极集团,6.5099814,6.4522005,6.548502,6.3944196,2656085,17845025.0,0.622188,-1.6153,426894283.0,2754407506.2197413,2026-07-14
2012-02-20,sh.600129,太极集团,6.51961155,6.4522005,6.55813215,6.4522005,2085109,14095404.0,0.488437,0.0,426894154.0,2754406673.885877,2026-07-14
2012-02-21,sh.600129,太极集团,6.46183065,6.50035125,6.5099814,6.34626885,2163245,14454507.0,0.506741,0.7463,426893620.0,2774958476.3840246,2026-07-14
2012-02-22,sh.600129,太极集团,6.46183065,6.59665275,6.6062829,6.46183065,3241726,22040196.0,0.759375,1.4815,426893959.0,2816071208.595737,2026-07-14
2012-02-23,sh.600129,太极集团,6.59665275,6.76999545,6.8181462,6.5099814,5448211,37761867.0,1.276244,2.6277,426894152.0,2890071466.6716084,2026-07-14
2012-02-24,sh.600129,太极集团,6.6833241,6.7218447,6.7796256,6.6448035,3635053,25362678.0,0.851512,-0.7112,426893925.0,2869514667.2234473,2026-07-14
2012-02-27,sh.600129,太极集团,6.78925575,6.67369395,6.8181462,6.65443365,4461275,31233592.0,1.045055,-0.7163,426893800.0,2848958570.35251,2026-07-14
2012-02-28,sh.600129,太极集团,6.6640638,6.57739245,6.6640638,6.53887185,3184772,21779154.0,0.746033,-1.443,426894253.0,2807851036.6305895,2026-07-14
2012-02-29,sh.600129,太极集团,6.55813215,6.5292417,6.5870226,6.4714608,2471602,16727530.0,0.578973,-0.7321,426894173.0,2787295235.838614,2026-07-14
2012-03-01,sh.600129,太极集团,6.51961155,6.548502,6.5677623,6.48109095,1791682,12159961.0,0.419702,0.295,426893844.0,2795515191.221688,2026-07-14
2012-03-02,sh.600129,太极集团,6.51961155,6.6062829,6.61591305,6.51961155,2697234,18424379.0,0.631828,0.8824,426893712.0,2820180629.703125,2026-07-14
2012-03-05,sh.600129,太极集团,6.6448035,6.61591305,6.7025844,6.5870226,2870795,19787150.0,0.672484,0.1458,426894171.0,2824294716.887831,2026-07-14
2012-03-06,sh.600129,太极集团,6.61591305,6.50035125,6.61591305,6.4522005,2064113,13974649.0,0.483519,-1.7467,426893876.0,2774960140.4739447,2026-07-14
2012-03-07,sh.600129,太极集团,6.4522005,6.46183065,6.51961155,6.4329402,2330512,15660918.0,0.545923,-0.5926,426893903.0,2758516106.703527,2026-07-14
2012-03-08,sh.600129,太极集团,6.46183065,6.7025844,6.7218447,6.46183065,4616303,31681454.0,1.08137,3.7258,426893940.0,2861292662.698536,2026-07-14
2012-03-09,sh.600129,太极集团,6.71221455,6.7218447,6.7603653,6.65443365,2710743,18856999.0,0.634992,0.2874,426894040.0,2869515440.235588,2026-07-14
2012-03-12,sh.600129,太极集团,6.75073515,6.7603653,6.80851605,6.71221455,3517297,24678226.0,0.823927,0.5731,426894252.0,2885961087.990256,2026-07-14
2012-03-13,sh.600129,太极集团,6.7603653,6.76999545,6.8374065,6.741105,2479255,17443252.0,0.580766,0.1425,426893964.0,2890070193.9124637,2026-07-14
2012-03-14,sh.600129,太极集团,6.78925575,6.5870226,6.86629695,6.50035125,7574315,52822548.0,1.774285,-2.7027,426893932.0,2811959977.886863,2026-07-14
2012-03-15,sh.600129,太极集团,6.5292417,6.55813215,6.6062829,6.40404975,3310447,22466604.0,0.775473,-0.4386,426893909.0,2799626669.2520742,2026-07-14
2012-03-16,sh.600129,太极集团,6.548502,6.7796256,6.7796256,6.548502,2429083,16778323.0,0.569013,3.3774,426894113.0,2894182256.9840927,2026-07-14
2012-03-19,sh.600129,太极集团,6.78925575,6.96259845,6.9914889,6.78925575,5388612,38663316.0,1.262283,2.6989,426894128.0,2972292393.9269013,2026-07-14
2012-03-20,sh.600129,太极集团,6.9529683,6.80851605,6.96259845,6.7796256,2872979,20467214.0,0.672996,-2.213,426893919.0,2906514099.1589,2026-07-14
2012-03-21,sh.600129,太极集团,6.82777635,6.88555725,6.8951874,6.69295425,3752333,26459777.0,0.878985,1.1315,426893861.0,2939402119.589042,2026-07-14
2012-03-22,sh.600129,太极集团,6.8566668,6.75073515,6.933708,6.7025844,2474838,17462238.0,0.579731,-1.958,426894197.0,2881849661.018924,2026-07-14
2012-03-23,sh.600129,太极集团,6.7025844,6.71221455,6.80851605,6.61591305,2063155,14371203.0,0.483294,-0.5706,426894396.0,2865406776.1446614,2026-07-14
2012-03-26,sh.600129,太极集团,6.75073515,6.71221455,6.7603653,6.6448035,1308718,9122508.0,0.306567,0.0,426894610.0,2865408212.558575,2026-07-14
2012-03-27,sh.600129,太极集团,6.73147485,6.65443365,6.76999545,6.6062829,1581856,11014181.0,0.37055,-0.8608,426894076.0,2840738304.3200574,2026-07-14
2012-03-28,sh.600129,太极集团,6.67369395,6.2981181,6.67369395,6.28848795,2936950,19597328.0,0.687981,-5.3546,426894057.0,2688629187.174132,2026-07-14
2012-03-29,sh.600129,太极集团,6.30774825,6.32700855,6.355899,6.11514525,1959976,12713700.0,0.459125,0.4587,426893765.0,2700960501.096691,2026-07-14
2012-03-30,sh.600129,太极集团,6.28848795,6.30774825,6.42331005,6.21144675,1672470,10995037.0,0.391776,-0.3044,426894450.0,2692742719.9222126,2026-07-14
2012-04-05,sh.600129,太极集团,6.32700855,6.42331005,6.44257035,6.2595975,1599940,10577519.0,0.374786,1.8321,426894281.0,2742074325.4348245,2026-07-14
2012-04-06,sh.600129,太极集团,6.40404975,6.42331005,6.4714608,6.3751593,1118007,7457207.0,0.261893,0.0,426894571.0,2742076188.194739,2026-07-14
2012-04-09,sh.600129,太极集团,6.44257035,6.4136799,6.4907211,6.355899,1396413,9306756.0,0.32711,-0.1499,426894011.0,2737961537.781079,2026-07-14
2012-04-10,sh.600129,太极集团,6.355899,6.4522005,6.4714608,6.2788578,1016542,6719171.0,0.238125,0.6006,426894278.0,2754407473.958739,2026-07-14
2012-04-11,sh.600129,太极集团,6.4329402,6.5870226,6.59665275,6.40404975,1962279,13251062.0,0.459664,2.0896,426894210.0,2811961809.079146,2026-07-14
2012-04-12,sh.600129,太极集团,6.5677623,6.86629695,6.90481755,6.0669945,4995840,35108103.0,1.170276,4.2398,426894169.0,2931182130.5774846,2026-07-14
2012-04-13,sh.600129,太极集团,6.7988859,6.8181462,6.86629695,6.71221455,2590720,18272713.0,0.606877,-0.7013,426893753.0,2910624019.8206887,2026-07-14
2012-04-16,sh.600129,太极集团,6.8181462,6.82777635,6.9144477,6.7603653,3073933,21896466.0,0.720069,0.1412,426894228.0,2914738313.889908,2026-07-14
2012-04-17,sh.600129,太极集团,6.82777635,6.90481755,6.9914889,6.7603653,5663003,40523551.0,1.32656,1.1283,426893846.0,2947624119.8477974,2026-07-14
2012-04-18,sh.600129,太极集团,6.88555725,6.90481755,6.94333815,6.7603653,5454785,38939051.0,1.277784,0.0,426894139.0,2947626142.959339,2026-07-14
2012-04-19,sh.600129,太极集团,6.933708,6.96259845,7.03963965,6.82777635,5029701,36440758.0,1.178208,0.8368,426894148.0,2972292533.1788707,2026-07-14
2012-04-20,sh.600129,太极集团,6.933708,6.8951874,6.9529683,6.8181462,2917303,20830687.0,0.683379,-0.9682,426893861.0,2943513171.5045514,2026-07-14
2012-04-23,sh.600129,太极集团,6.8566668,7.07816025,7.1070507,6.84703665,6744272,49141744.0,1.579847,2.6536,426893997.0,3021624120.5290194,2026-07-14
2012-04-24,sh.600129,太极集团,7.0300095,7.07816025,7.11668085,6.8374065,5619776,40867238.0,1.316434,0.0,426893866.0,3021623193.290026,2026-07-14
2012-04-25,sh.600129,太极集团,7.0877904,7.19372205,7.2611331,7.0492698,6345195,47292816.0,1.486363,1.6327,426894036.0,3070957039.7866936,2026-07-14
2012-04-26,sh.600129,太极集团,7.1840919,7.15520145,7.3574346,7.13594115,5763108,43412647.0,1.350009,-0.5355,426894043.0,3054512875.469962,2026-07-14
2012-04-27,sh.600129,太极集团,7.126311,7.126311,7.25150295,7.0877904,3275422,24393352.0,0.767268,-0.4038,426894123.0,3042180284.570253,2026-07-14
2012-05-02,sh.600129,太极集团,7.2033522,7.0300095,7.48262655,7.0107492,8202343,61424324.0,1.9214,-1.3514,426894088.0,3001069494.1338363,2026-07-14
2012-05-03,sh.600129,太极集团,6.933708,6.98185875,7.03963965,6.9144477,6526051,47189538.0,1.528729,-0.6849,426893910.0,2980512980.855212,2026-07-14
2012-05-04,sh.600129,太极集团,6.9722286,6.9529683,7.05889995,6.9144477,4829539,34955525.0,1.13132,-0.4138,426894159.0,2968181554.9821596,2026-07-14
2012-05-07,sh.600129,太极集团,6.98185875,7.03963965,7.03963965,6.9529683,4630818,33651696.0,1.08477,1.2465,426893996.0,3005179900.5885415,2026-07-14
2012-05-08,sh.600129,太极集团,7.03963965,7.0300095,7.07816025,6.9722286,2889261,21074205.0,0.67681,-0.1368,426893958.0,3001068580.232601,2026-07-14
2012-05-09,sh.600129,太极集团,7.00111905,6.84703665,7.00111905,6.84703665,2924900,20985470.0,0.685158,-2.6027,426894235.0,2922960472.718713,2026-07-14
2012-05-10,sh.600129,太极集团,6.8566668,6.96259845,7.03963965,6.8566668,3565344,25812093.0,0.835183,1.6878,426893747.0,2972289741.1768923,2026-07-14
2012-05-11,sh.600129,太极集团,6.933708,7.1840919,7.2803934,6.933708,8234881,60907654.0,1.929022,3.1812,426894095.0,3066846410.047331,2026-07-14
2012-05-14,sh.600129,太极集团,7.2226125,7.8389421,7.90635315,7.13594115,33187561,266129202.0,7.774192,9.1153,426894023.0,3346397529.133068,2026-07-14
2012-05-15,sh.600129,太极集团,7.65596925,7.4922567,7.6655994,7.40558535,15569665,121807988.0,3.647197,-4.4226,426893996.0,3198399401.720773,2026-07-14
2012-05-16,sh.600129,太极集团,7.4729964,7.63670895,7.79079135,7.4152155,14055876,111254812.0,3.292592,1.928,426893949.0,3260064841.029144,2026-07-14
2012-05-17,sh.600129,太极集团,7.55966775,7.511517,7.59818835,7.3381743,9832953,76137661.0,2.303371,-1.6393,426894018.0,3206621673.4053063,2026-07-14
2012-05-18,sh.600129,太极集团,7.46336625,7.1648316,7.4922567,7.15520145,8155995,61708395.0,1.910543,-4.6154,426894082.0,3058624208.5665913,2026-07-14
2012-05-21,sh.600129,太极集团,7.2226125,7.2226125,7.32854415,7.1070507,4886800,36624355.0,1.144734,0.8065,426893933.0,3083289456.6599627,2026-07-14
2012-05-22,sh.600129,太极集团,7.2803934,7.4537361,7.5500376,7.2418728,7401518,57218839.0,1.733807,3.2,426893997.0,3181955196.312192,2026-07-14
2012-05-23,sh.600129,太极集团,7.3766949,7.6078185,7.63670895,7.3574346,7919263,61621985.0,1.855089,2.0672,426893966.0,3247731812.0731707,2026-07-14
2012-05-24,sh.600129,太极集团,7.5500376,7.3766949,7.65596925,7.318914,5480580,42608414.0,1.283827,-3.038,426893966.0,3149066541.8329735,2026-07-14
2012-05-25,sh.600129,太极集团,7.3766949,7.3766949,7.3766949,7.3766949,0,0.0,0.0,0.0,426893966.0,3149066541.8329735,2026-07-14
2012-05-28,sh.600129,太极集团,7.23224265,7.1070507,7.23224265,6.8759271,7079503,51556289.0,1.658375,-3.6554,426893978.0,3033957145.170685,2026-07-14
2012-05-29,sh.600129,太极集团,7.0492698,7.15520145,7.1840919,7.0107492,5417830,39968681.0,1.269128,0.6775,426893899.0,3054511845.1209536,2026-07-14
2012-05-30,sh.600129,太极集团,7.126311,7.17446175,7.1840919,7.0685301,4133327,30575447.0,0.968233,0.2692,426893837.0,3062733504.8672347,2026-07-14
2012-05-31,sh.600129,太极集团,7.11668085,7.1648316,7.2418728,7.0877904,3496943,26039465.0,0.81916,-0.1342,426893769.0,3058621965.9743004,2026-07-14
2012-06-01,sh.600129,太极集团,7.1648316,7.1070507,7.23224265,7.1070507,3020869,22459819.0,0.707639,-0.8065,426894080.0,3033957870.089856,2026-07-14
2012-06-04,sh.600129,太极集团,7.0300095,6.92407785,7.1070507,6.92407785,2781746,20226552.0,0.651625,-2.5745,426893689.0,2955845136.3096886,2026-07-14
2012-06-05,sh.600129,太极集团,6.92407785,7.0300095,7.15520145,6.92407785,4208128,30755688.0,0.985755,1.5299,426893904.0,3001068200.612088,2026-07-14
2012-06-06,sh.600129,太极集团,7.0877904,6.86629695,7.09742055,6.84703665,2860400,20673820.0,0.670049,-2.3288,426894153.0,2931182020.7167335,2026-07-14
2012-06-07,sh.600129,太极集团,6.933708,6.8181462,7.00111905,6.741105,2657567,18951235.0,0.622536,-0.7013,426893706.0,2910623699.3678174,2026-07-14
2012-06-08,sh.600129,太极集团,6.8951874,6.8181462,6.94333815,6.78925575,2063148,14668843.0,0.483293,0.0,426893830.0,2910624544.817946,2026-07-14
2012-06-11,sh.600129,太极集团,6.8181462,6.9144477,6.9529683,6.8181462,1754477,12539251.0,0.410987,1.4124,426893551.0,2951733131.856783,2026-07-14
2012-06-12,sh.600129,太极集团,6.88555725,6.9144477,6.9722286,6.88555725,1553051,11168461.0,0.363802,0.0,426894575.0,2951740212.2512274,2026-07-14
2012-06-13,sh.600129,太极集团,6.94333815,7.07816025,7.09742055,6.8951874,3426053,25001009.0,0.802554,2.3677,426893767.0,3021622492.5521617,2026-07-14
2012-06-14,sh.600129,太极集团,7.0300095,7.00111905,7.11668085,6.9914889,2844858,20845419.0,0.666409,-1.0884,426893694.0,2988733573.3882704,2026-07-14
2012-06-15,sh.600129,太极集团,7.0492698,7.2033522,7.25150295,7.02037935,4588316,34170974.0,1.074814,2.8886,426893956.0,3075067517.119303,2026-07-14
2012-06-18,sh.600129,太极集团,7.21298235,7.32854415,7.40558535,7.2033522,6203188,47241441.0,1.453098,1.738,426893988.0,3128511438.4275703,2026-07-14
2012-06-19,sh.600129,太极集团,7.34780445,7.23224265,7.36706475,7.2033522,4106285,31122617.0,0.961898,-1.3141,426894016.0,3087401109.5449824,2026-07-14
2012-06-20,sh.600129,太极集团,7.25150295,7.03963965,7.2611331,7.0300095,3695382,27230280.0,0.865644,-2.6631,426893966.0,3005179689.3993516,2026-07-14
2012-06-21,sh.600129,太极集团,7.03963965,6.92407785,7.05889995,6.8759271,3036932,21899653.0,0.711402,-1.6416,426893936.0,2955846846.5569177,2026-07-14
2012-06-25,sh.600129,太极集团,6.9144477,6.84703665,6.9914889,6.8181462,2264351,16256419.0,0.530425,-1.1127,426893717.0,2922956925.9537277,2026-07-14
2012-06-26,sh.600129,太极集团,6.8374065,6.8181462,6.8759271,6.69295425,2301916,16240050.0,0.539224,-0.4219,426894204.0,2910627094.804625,2026-07-14
2012-06-27,sh.600129,太极集团,6.7988859,6.80851605,6.88555725,6.76999545,1585108,11261680.0,0.371312,-0.1412,426893825.0,2906513459.158391,2026-07-14
2012-06-28,sh.600129,太极集团,6.80851605,6.7796256,6.94333815,6.76999545,1798296,12801024.0,0.421251,-0.4243,426894179.0,2894182704.4393826,2026-07-14
2012-06-29,sh.600129,太极集团,6.741105,6.92407785,6.933708,6.741105,3138532,22375673.0,0.735202,2.1307,426893833.0,2955846133.376899,2026-07-14
2012-07-02,sh.600129,太极集团,6.933708,7.1648316,7.2418728,6.9144477,5227223,38761050.0,1.224478,3.4771,426893991.0,3058623556.5669155,2026-07-14
2012-07-03,sh.600129,太极集团,7.1840919,7.19372205,7.32854415,7.1070507,5290562,39636564.0,1.239315,0.4032,426894050.0,3070957140.4988027,2026-07-14
2012-07-04,sh.600129,太极集团,7.17446175,7.11668085,7.25150295,7.0877904,3593124,26734237.0,0.84169,-1.071,426893987.0,3038068262.2630486,2026-07-14
2012-07-05,sh.600129,太极集团,7.1070507,6.933708,7.1070507,6.8759271,3231574,23329383.0,0.756997,-2.571,426893898.0,2959957635.713784,2026-07-14
2012-07-06,sh.600129,太极集团,6.98185875,7.318914,7.4152155,6.9144477,10617880,79779440.0,2.48724,5.5556,426894067.0,3124400963.483238,2026-07-14
2012-07-09,sh.600129,太极集团,7.3381743,7.318914,7.67522955,7.29002355,15509924,121049451.0,3.633203,0.0,426893956.0,3124400151.083784,2026-07-14
2012-07-10,sh.600129,太极集团,7.17446175,7.5307773,7.65596925,7.0877904,12360225,95470120.0,2.895385,2.8947,426894005.0,3214843682.3600864,2026-07-14
2012-07-11,sh.600129,太极集团,7.52114715,7.63670895,7.63670895,7.36706475,10295339,80260524.0,2.411685,1.4066,426894018.0,3260065367.962061,2026-07-14
2012-07-12,sh.600129,太极集团,7.5885582,7.5885582,7.84857225,7.5307773,14450228,115808534.0,3.384969,-0.6305,426893954.0,3239509615.1571226,2026-07-14
2012-07-13,sh.600129,太极集团,7.5885582,8.0122848,8.089326,7.46336625,15975700,129434774.0,3.742311,5.5838,426893970.0,3420396067.042656,2026-07-14
2012-07-16,sh.600129,太极集团,7.9737642,7.73301045,8.1856275,7.65596925,19486373,160365490.0,4.564687,-3.4856,426893958.0,3301175438.2558613,2026-07-14
2012-07-17,sh.600129,太极集团,7.5885582,7.54040745,7.63670895,7.30928385,11243542,87170891.0,2.633802,-2.4907,426893973.0,3218954494.369299,2026-07-14
2012-07-18,sh.600129,太极集团,7.4152155,7.6655994,7.69448985,7.30928385,11034674,86031685.0,2.584874,1.6603,426894077.0,3272398980.514754,2026-07-14
2012-07-19,sh.600129,太极集团,7.55966775,7.52114715,7.75227075,7.4729964,9781802,77399437.0,2.291389,-1.8844,426893993.0,3210732538.80407,2026-07-14
2012-07-20,sh.600129,太极集团,7.46336625,7.50188685,7.69448985,7.46336625,5851296,45933806.0,1.370667,-0.2561,426894060.0,3202510935.057111,2026-07-14
2012-07-23,sh.600129,太极集团,7.4922567,7.36706475,7.63670895,7.2996537,6056261,46901896.0,1.41868,-1.7972,426894085.0,3144956365.5870037,2026-07-14
2012-07-24,sh.600129,太极集团,7.30928385,7.3959552,7.4537361,7.2033522,5563682,42313505.0,1.303294,0.3922,426893855.0,3157287826.7352962,2026-07-14
2012-07-25,sh.600129,太极集团,7.3381743,7.2418728,7.40558535,7.1840919,4916508,37172063.0,1.151693,-2.0833,426893973.0,3091511851.5526347,2026-07-14
2012-07-26,sh.600129,太极集团,7.2418728,7.23224265,7.38632505,7.2226125,3982038,30225865.0,0.932793,-0.133,426894070.0,3087401500.0860853,2026-07-14
2012-07-27,sh.600129,太极集团,7.2803934,6.9722286,7.34780445,6.90481755,6135780,45127402.0,1.437308,-3.5952,426893888.0,2976401775.078797,2026-07-14
2012-07-30,sh.600129,太极集团,6.9722286,6.7796256,7.02037935,6.75073515,4048572,28805075.0,0.948379,-2.7624,426893889.0,2894180738.3479586,2026-07-14
2012-07-31,sh.600129,太极集团,6.7796256,6.71221455,6.8374065,6.6448035,2886135,20137492.0,0.676078,-0.9943,426893790.0,2865402708.5426445,2026-07-14
2012-08-01,sh.600129,太极集团,6.7218447,6.8374065,6.90481755,6.7218447,2840860,20117567.0,0.665472,1.8651,426893994.0,2918847769.386561,2026-07-14
2012-08-02,sh.600129,太极集团,6.8566668,6.933708,7.03963965,6.82777635,4072834,29314175.0,0.954062,1.4085,426894059.0,2959958752.040772,2026-07-14
2012-08-03,sh.600129,太极集团,6.9722286,7.02037935,7.02037935,6.8759271,2969683,21397979.0,0.695649,1.25,426893879.0,2996956972.7729983,2026-07-14
2012-08-06,sh.600129,太极集团,6.9529683,7.13594115,7.17446175,6.9144477,4273281,31403511.0,1.001017,1.6461,426893949.0,3046290097.355101,2026-07-14
2012-08-07,sh.600129,太极集团,7.13594115,7.13594115,7.27076325,7.0877904,3141036,23327669.0,0.735788,0.0,426894160.0,3046291603.038684,2026-07-14
2012-08-08,sh.600129,太极集团,7.17446175,7.0492698,7.17446175,6.9914889,2547025,18709844.0,0.596641,-1.2146,426894062.0,3009291419.0559278,2026-07-14
2012-08-09,sh.600129,太极集团,7.0300095,7.4152155,7.44410595,6.92407785,6119717,45947804.0,1.433545,5.1913,426893959.0,3165510701.633165,2026-07-14
2012-08-10,sh.600129,太极集团,7.34780445,7.70412,7.71375015,7.34780445,7949203,62009097.0,1.862102,3.8961,426894069.0,3288843134.8642797,2026-07-14
2012-08-13,sh.600129,太极集团,7.9930245,7.4537361,7.9930245,7.4152155,12133997,96774613.0,2.842391,-3.25,426894013.0,3181955315.5719695,2026-07-14
2012-08-14,sh.600129,太极集团,7.40558535,7.7426406,7.7811612,7.3381743,8022791,63508451.0,1.87934,3.876,426894069.0,3305287350.5386014,2026-07-14
2012-08-15,sh.600129,太极集团,7.7426406,7.61744865,7.79079135,7.55966775,6020426,47986230.0,1.410286,-1.6169,426893978.0,3251842956.4092298,2026-07-14
2012-08-16,sh.600129,太极集团,7.55966775,7.4537361,7.67522955,7.3381743,4615422,35909384.0,1.081163,-2.1492,426894187.0,3181956612.522051,2026-07-14
2012-08-17,sh.600129,太极集团,7.4344758,7.40558535,7.5307773,7.2418728,4082370,31306670.0,0.956296,-0.646,426893974.0,3161399759.857681,2026-07-14
2012-08-20,sh.600129,太极集团,7.3766949,7.52114715,7.5885582,7.2033522,3493872,26902140.0,0.81844,1.5605,426894091.0,3210733275.8764906,2026-07-14
2012-08-21,sh.600129,太极集团,7.59818835,7.6463391,7.82931195,7.59818835,7352484,59056854.0,1.722321,1.6645,426893941.0,3264175832.6213927,2026-07-14
2012-08-22,sh.600129,太极集团,7.61744865,7.511517,7.6655994,7.42484565,3974104,31175926.0,0.930935,-1.7632,426893822.0,3206620201.147974,2026-07-14
2012-08-23,sh.600129,太极集团,7.54040745,7.6463391,7.67522955,7.42484565,3092928,24271116.0,0.724519,1.7949,426893981.0,3264176138.474957,2026-07-14
2012-08-24,sh.600129,太极集团,7.5692979,7.5500376,7.6463391,7.46336625,2970513,23242466.0,0.695843,-1.2594,426894141.0,3223066815.7697015,2026-07-14
2012-08-27,sh.600129,太极集团,7.32854415,7.0107492,7.34780445,7.0107492,4896863,36470430.0,1.147091,-7.1429,426894030.0,2992846979.3072762,2026-07-14
2012-08-28,sh.600129,太极集团,7.0107492,7.09742055,7.1648316,6.96259845,2622753,19206221.0,0.61438,1.2363,426894267.0,3029848143.2829866,2026-07-14
2012-08-29,sh.600129,太极集团,7.09742055,6.96259845,7.1455713,6.933708,2202480,16103919.0,0.515931,-1.8996,426894294.0,2972293549.718244,2026-07-14
2012-08-30,sh.600129,太极集团,6.96259845,7.02037935,7.0492698,6.80851605,3003444,21590948.0,0.703557,0.829875,426894196.0,2996959198.2332525,2026-07-14
2012-08-31,sh.600129,太极集团,7.00111905,7.11668085,7.17446175,6.98185875,1853052,13668711.0,0.434078,1.3717,426893784.0,3038066817.576836,2026-07-14
2012-09-03,sh.600129,太极集团,7.1070507,7.19372205,7.2226125,7.07816025,2495557,18552109.0,0.584585,1.0825,426893779.0,3070955191.000127,2026-07-14
2012-09-04,sh.600129,太极集团,7.1648316,7.23224265,7.2996537,7.11668085,3452311,25858097.0,0.808705,0.5355,426893738.0,3087399098.9815254,2026-07-14
2012-09-05,sh.600129,太极集团,7.17446175,7.5692979,7.59818835,7.15520145,6794143,52333639.0,1.591529,4.6605,426894075.0,3231288425.4199424,2026-07-14
2012-09-06,sh.600129,太极集团,7.5885582,7.54040745,7.6078185,7.46336625,3387696,26487001.0,0.793568,-0.3817,426894230.0,3218956432.2540135,2026-07-14
2012-09-07,sh.600129,太极集团,7.55966775,7.98339435,8.04117525,7.54040745,15214422,124106515.0,3.563981,5.8748,426894027.0,3408063363.2005477,2026-07-14
2012-09-10,sh.600129,太极集团,7.9545039,7.94487375,7.9737642,7.8004215,5993264,49109750.0,1.403923,-0.4825,426894068.0,3391619474.883915,2026-07-14
2012-09-11,sh.600129,太极集团,7.84857225,8.15673705,8.1663672,7.7811612,7664455,62993102.0,1.7954,2.6667,426894007.0,3482062163.3198595,2026-07-14
2012-09-12,sh.600129,太极集团,8.089326,7.98339435,8.17599735,7.94487375,5508338,45799222.0,1.290329,-2.1251,426894071.0,3408063714.4698987,2026-07-14
2012-09-13,sh.600129,太极集团,7.9545039,7.9545039,7.98339435,7.8196818,6037936,49446388.0,1.414388,-0.3619,426893893.0,3395729136.7546825,2026-07-14
2012-09-14,sh.600129,太极集团,7.9159833,8.19525765,8.2241481,7.8774627,10787459,90360193.0,2.526964,3.0266,426894052.0,3498506745.392498,2026-07-14
2012-09-17,sh.600129,太极集团,8.13747675,8.1085863,8.3589702,7.9545039,7726047,65484320.0,1.809828,-1.0576,426893992.0,3461506775.08351,2026-07-14
2012-09-18,sh.600129,太极集团,8.0122848,8.25303855,8.3011893,7.94487375,9489357,80618864.0,2.222884,1.7815,426893936.0,3523172110.5692325,2026-07-14
2012-09-19,sh.600129,太极集团,8.23377825,8.27229885,8.29155915,8.15673705,4461086,38118493.0,1.04501,0.2334,426894097.0,3531395547.6848884,2026-07-14
2012-09-20,sh.600129,太极集团,8.19525765,7.81005165,8.25303855,7.70412,8675102,71045103.0,2.032144,-5.5879,426894059.0,3334064649.8681474,2026-07-14
2012-09-21,sh.600129,太极集团,7.7811612,7.8004215,7.90635315,7.67522955,3300866,26755430.0,0.773228,-0.1233,426894267.0,3329955218.5335402,2026-07-14
2012-09-24,sh.600129,太极集团,7.77153105,7.82931195,7.86783255,7.7233803,2822666,22924005.0,0.66121,0.3704,426894028.0,3342286514.8040347,2026-07-14
2012-09-25,sh.600129,太极集团,7.8196818,7.6270788,7.92561345,7.5307773,4520487,36249919.0,1.058925,-2.583,426893973.0,3255953971.3160725,2026-07-14
2012-09-26,sh.600129,太极集团,7.65596925,7.4729964,7.65596925,7.34780445,4423758,34201290.0,1.036266,-2.0202,426894060.0,3190177773.561384,2026-07-14
2012-09-27,sh.600129,太极集团,7.42484565,7.7426406,7.75227075,7.42484565,4634929,36676152.0,1.085733,3.6082,426893997.0,3305286793.068478,2026-07-14
2012-09-28,sh.600129,太极集团,7.6848597,7.9352436,7.9737642,7.6463391,5080254,41090208.0,1.19005,2.4876,426894164.0,3387509182.7583504,2026-07-14
2012-10-08,sh.600129,太极集团,7.8582024,7.82931195,7.9737642,7.75227075,2963913,24120675.0,0.694297,-1.335,426894110.0,3342287156.8076143,2026-07-14
2012-10-09,sh.600129,太极集团,7.79079135,7.84857225,7.94487375,7.7811612,12546395,102126515.0,2.938995,0.246,426894057.0,3350508849.4601183,2026-07-14
2012-10-10,sh.600129,太极集团,7.8004215,7.7233803,7.8196818,7.6655994,7099068,56897674.0,1.662958,-1.5951,426894005.0,3297064748.4051013,2026-07-14
2012-10-11,sh.600129,太极集团,7.70412,7.57892805,7.71375015,7.54040745,5029381,39785895.0,1.178133,-1.8703,426894162.0,3235400138.763044,2026-07-14
2012-10-12,sh.600129,太极集团,7.5692979,7.6463391,7.69448985,7.52114715,3740273,29603386.0,0.87616,0.8895,426893832.0,3264174999.170431,2026-07-14
2012-10-15,sh.600129,太极集团,7.61744865,7.511517,7.67522955,7.4537361,4154543,32556887.0,0.973202,-1.7632,426894211.0,3206623123.128087,2026-07-14
2012-10-16,sh.600129,太极集团,7.5307773,7.6270788,7.7233803,7.50188685,8643134,68476054.0,2.024656,1.5385,426893951.0,3255953803.5203385,2026-07-14
2012-10-17,sh.600129,太极集团,7.61744865,7.6078185,7.65596925,7.5692979,3848702,30416424.0,0.901559,-0.2525,426894080.0,3247732679.36448,2026-07-14
2012-10-18,sh.600129,太极集团,7.6270788,7.73301045,7.7811612,7.6078185,7140988,57304062.0,1.672778,1.6456,426893945.0,3301175337.726725,2026-07-14
2012-10-19,sh.600129,太极集团,7.73301045,7.69448985,7.8196818,7.6655994,6899187,55542945.0,1.616136,-0.498132,426893962.0,3284731257.635286,2026-07-14
2012-10-22,sh.600129,太极集团,7.6078185,7.8004215,7.9352436,7.6078185,6753248,54693363.0,1.58195,1.3767,426893897.0,3329952332.3775854,2026-07-14
2012-10-23,sh.600129,太极集团,7.7619009,7.6078185,7.82931195,7.5692979,5793888,46210194.0,1.357219,-2.4691,426894112.0,3247732922.814672,2026-07-14
2012-10-24,sh.600129,太极集团,7.55966775,7.70412,7.7233803,7.54040745,4441506,35280599.0,1.040424,1.2658,426893843.0,3288841393.73316,2026-07-14
2012-10-25,sh.600129,太极集团,7.73301045,7.59818835,7.73301045,7.57892805,4703665,37372585.0,1.101834,-1.375,426894160.0,3243622233.195036,2026-07-14
2012-10-26,sh.600129,太极集团,7.59818835,7.52114715,7.69448985,7.4729964,3933434,30965924.0,0.921408,-1.0139,426893841.0,3210731395.589703,2026-07-14
2012-10-29,sh.600129,太极集团,7.52114715,7.34780445,7.55966775,7.318914,3481560,26680798.0,0.815556,-2.3047,426894045.0,3136733963.5295,2026-07-14
2012-10-30,sh.600129,太极集团,7.3381743,7.3766949,7.4344758,7.3381743,2012859,15419785.0,0.471513,0.3932,426893638.0,3149064122.277046,2026-07-14
2012-10-31,sh.600129,太极集团,7.2226125,7.34780445,7.40558535,7.15520145,3076391,23251153.0,0.720645,-0.3916,426894102.0,3136734382.354354,2026-07-14
2012-11-01,sh.600129,太极集团,7.32854415,7.46336625,7.4922567,7.32854415,3120645,24097758.0,0.731012,1.5727,426893813.0,3186064876.2780113,2026-07-14
2012-11-02,sh.600129,太极集团,7.4344758,7.4537361,7.4922567,7.40558535,2859618,22105699.0,0.669866,-0.129,426894036.0,3181955487.0078998,2026-07-14
2012-11-05,sh.600129,太极集团,7.4729964,7.54040745,7.5692979,7.4152155,3532525,27568749.0,0.827495,1.1628,426893818.0,3218953325.606144,2026-07-14
2012-11-06,sh.600129,太极集团,7.52114715,7.3574346,7.54040745,7.2996537,3707802,28486051.0,0.868553,-2.4266,426894156.0,3140845833.8921976,2026-07-14
2012-11-07,sh.600129,太极集团,7.3574346,7.3574346,7.3574346,7.3574346,0,0.0,0.0,0.0,426894156.0,3140845833.8921976,2026-07-14
2012-11-08,sh.600129,太极集团,7.3574346,7.3574346,7.3574346,7.3574346,0,0.0,0.0,0.0,426894156.0,3140845833.8921976,2026-07-14
2012-11-09,sh.600129,太极集团,7.3766949,7.0107492,7.4922567,6.96259845,5372601,40196071.0,1.258533,-4.712,426893931.0,2992846285.2431054,2026-07-14
2012-11-12,sh.600129,太极集团,7.0300095,7.0107492,7.0685301,6.9144477,2601991,18880091.0,0.609517,0.0,426893918.0,2992846194.103366,2026-07-14
2012-11-13,sh.600129,太极集团,7.0107492,6.8951874,7.11668085,6.88555725,2564074,18661189.0,0.600635,-1.6484,426893871.0,2943513240.4564257,2026-07-14
2012-11-14,sh.600129,太极集团,6.8951874,6.90481755,6.933708,6.78925575,2173926,15458781.0,0.509243,0.1397,426893644.0,2947622725.074652,2026-07-14
2012-11-15,sh.600129,太极集团,6.84703665,6.57739245,6.98185875,6.55813215,3483523,24493618.0,0.816016,-4.742,426893958.0,2807849096.299817,2026-07-14
2012-11-16,sh.600129,太极集团,6.53887185,6.5099814,6.548502,6.40404975,3423438,22971207.0,0.801941,-1.0249,426893998.0,2779071986.751637,2026-07-14
2012-11-19,sh.600129,太极集团,6.5292417,6.53887185,6.5870226,6.4329402,1916766,12933648.0,0.449003,0.4438,426893807.0,2791403897.531633,2026-07-14
2012-11-20,sh.600129,太极集团,6.5292417,6.5099814,6.59665275,6.4907211,1420604,9654139.0,0.332777,-0.4418,426893686.0,2779069955.63744,2026-07-14
2012-11-21,sh.600129,太极集团,6.548502,6.57739245,6.59665275,6.30774825,2292659,15334931.0,0.537056,1.0355,426893843.0,2807848339.8996854,2026-07-14
2012-11-22,sh.600129,太极集团,6.53887185,6.4714608,6.548502,6.355899,1138542,7661219.0,0.266704,-1.6105,426893485.0,2762624453.952888,2026-07-14
2012-11-23,sh.600129,太极集团,6.44257035,6.46183065,6.55813215,6.4329402,1434440,9691838.0,0.336018,-0.1488,426893797.0,2758515421.749478,2026-07-14
2012-11-26,sh.600129,太极集团,6.5292417,6.3751593,6.5292417,6.3366387,1312499,8753434.0,0.307453,-1.3413,426894192.0,2721518478.244786,2026-07-14
2012-11-27,sh.600129,太极集团,6.355899,6.1247754,6.355899,5.9514327,3238945,20600331.0,0.758723,-3.9275,426894268.0,2614631511.047407,2026-07-14
2012-11-28,sh.600129,太极集团,6.0669945,5.8936518,6.0669945,5.8551312,2291568,14143601.0,0.5368,-3.7736,426894188.0,2515965699.5157385,2026-07-14
2012-11-29,sh.600129,太极集团,5.82624075,5.82624075,5.94180255,5.77809,1718197,10437824.0,0.402488,-1.1438,426893970.0,2487187043.9432774,2026-07-14
2012-11-30,sh.600129,太极集团,5.8166106,5.8743915,5.92254225,5.72993925,1538699,9361754.0,0.360441,0.8264,426893444.0,2507739218.839326,2026-07-14
2012-12-03,sh.600129,太极集团,5.90328195,5.585487,5.90328195,5.585487,2360456,13975607.0,0.552937,-4.918,426894203.0,2384412021.2318606,2026-07-14
2012-12-04,sh.600129,太极集团,5.51807595,5.65289805,5.6817885,5.4891855,1808929,10462813.0,0.423742,1.2069,426893959.0,2413188028.38788,2026-07-14
2012-12-05,sh.600129,太极集团,5.6240076,5.8743915,5.9129121,5.6047473,3034579,18380315.0,0.710851,3.9182,426893822.0,2507741439.359313,2026-07-14
2012-12-06,sh.600129,太极集团,5.8551312,5.86476135,5.92254225,5.80698045,1494991,9089156.0,0.350202,-0.1639,426893907.0,2503630886.324095,2026-07-14
2012-12-07,sh.600129,太极集团,5.8743915,6.0669945,6.09588495,5.8166106,3544721,22027780.0,0.830352,3.4483,426893775.0,2589962185.0092373,2026-07-14
2012-12-10,sh.600129,太极集团,6.0669945,6.11514525,6.1247754,5.99958345,2995866,18856539.0,0.701782,0.7937,426894107.0,2610519470.6740417,2026-07-14
2012-12-11,sh.600129,太极集团,6.07662465,6.0092136,6.11514525,5.9899533,2181109,13708549.0,0.510925,-1.7323,426894163.0,2565298210.060217,2026-07-14
2012-12-12,sh.600129,太极集团,5.9899533,5.96106285,6.0669945,5.8936518,1966030,12205100.0,0.460543,-0.8013,426893906.0,2544741403.9479923,2026-07-14
2012-12-13,sh.600129,太极集团,5.970693,5.8551312,5.970693,5.8358709,1808215,11073208.0,0.423575,-1.7771,426893702.0,2499518633.6637025,2026-07-14
2012-12-14,sh.600129,太极集团,5.8551312,6.11514525,6.13440555,5.84550105,4029085,25253361.0,0.943814,4.4408,426893964.0,2610518596.208271,2026-07-14
2012-12-17,sh.600129,太极集团,6.1440357,6.19218645,6.2210769,6.03810405,4291006,27334456.0,1.005169,1.2598,426893985.0,2643407149.5035033,2026-07-14
2012-12-18,sh.600129,太极集团,6.19218645,6.2018166,6.3366387,6.13440555,4081662,26435866.0,0.95613,0.1555,426894042.0,2647518556.1166973,2026-07-14
2012-12-19,sh.600129,太极集团,6.2018166,6.2403372,6.30774825,6.1247754,3329818,21520909.0,0.78001,0.6211,426894271.0,2663964199.7881813,2026-07-14
2012-12-20,sh.600129,太极集团,6.2018166,6.2788578,6.3173784,6.1247754,2728512,17653909.0,0.639154,0.6173,426894301.0,2680408611.609398,2026-07-14
2012-12-21,sh.600129,太极集团,6.2403372,6.4136799,6.4329402,6.21144675,4239185,27848786.0,0.99303,2.1472,426893951.0,2737961152.9602847,2026-07-14
2012-12-24,sh.600129,太极集团,6.38478945,6.34626885,6.44257035,6.32700855,2869935,18977620.0,0.672283,-1.0511,426893882.0,2709183345.592176,2026-07-14
2012-12-25,sh.600129,太极集团,6.34626885,6.4522005,6.48109095,6.28848795,3996578,26651602.0,0.936199,1.6692,426894068.0,2754406118.996634,2026-07-14
2012-12-26,sh.600129,太极集团,6.4522005,6.48109095,6.5099814,6.4136799,2935844,19675151.0,0.687722,0.4478,426894007.0,2766738885.3769364,2026-07-14
2012-12-27,sh.600129,太极集团,6.46183065,6.34626885,6.4907211,6.3366387,2786122,18576980.0,0.65265,-2.0802,426893741.0,2709182450.768268,2026-07-14
2012-12-28,sh.600129,太极集团,6.355899,6.44257035,6.46183065,6.32700855,2957678,19652999.0,0.692837,1.5175,426893772.0,2750293158.08686,2026-07-14
2012-12-31,sh.600129,太极集团,6.4329402,6.548502,6.6640638,6.42331005,4308061,29284573.0,1.009164,1.6442,426894043.0,2795516494.373586,2026-07-14
2013-01-04,sh.600129,太极集团,6.63517335,6.46183065,6.63517335,6.3944196,3200668,21494975.0,0.749757,-1.3235,426894047.0,2758517037.2071404,2026-07-14
2013-01-07,sh.600129,太极集团,6.4907211,6.5677623,6.59665275,6.48109095,4540080,30852219.0,1.063515,1.6393,426893838.0,2803737255.3187075,2026-07-14
2013-01-08,sh.600129,太极集团,6.57739245,6.67369395,6.7218447,6.5292417,4885256,33678944.0,1.144372,1.6129,426894052.0,2848960252.1233854,2026-07-14
2013-01-09,sh.600129,太极集团,6.6448035,6.5677623,6.67369395,6.51961155,4736098,32401892.0,1.109432,-1.5873,426893942.0,2803737938.365987,2026-07-14
2013-01-10,sh.600129,太极集团,6.548502,6.65443365,6.65443365,6.51961155,4290855,29370729.0,1.005134,1.3196,426893827.0,2840736647.3660784,2026-07-14
2013-01-11,sh.600129,太极集团,6.63517335,6.57739245,6.7988859,6.53887185,4776784,33008986.0,1.118963,-1.1577,426893829.0,2807848247.8161907,2026-07-14
2013-01-14,sh.600129,太极集团,6.57739245,6.75073515,6.76999545,6.548502,6899461,47854070.0,1.6162,2.6354,426894011.0,2881848405.3821864,2026-07-14
2013-01-15,sh.600129,太极集团,6.75073515,6.8951874,6.9144477,6.6833241,8148724,57556601.0,1.90884,2.1398,426894030.0,2943514336.791222,2026-07-14
2013-01-16,sh.600129,太极集团,6.84703665,6.8374065,6.90481755,6.65443365,6789808,47929689.0,1.590514,-0.838,426893947.0,2918847448.0284557,2026-07-14
2013-01-17,sh.600129,太极集团,6.7988859,6.7796256,6.92407785,6.75073515,3791557,26858459.0,0.888173,-0.8451,426893972.0,2894181301.0568833,2026-07-14
2013-01-18,sh.600129,太极集团,6.7603653,6.92407785,6.9914889,6.7603653,6322998,45259152.0,1.481163,2.1307,426894137.0,2955848238.2965655,2026-07-14
2013-01-21,sh.600129,太极集团,6.9529683,7.0685301,7.126311,6.88555725,7855449,57241135.0,1.84014,2.0862,426894095.0,3017513760.0197597,2026-07-14
2013-01-22,sh.600129,太极集团,7.126311,6.88555725,7.21298235,6.8181462,5828130,42365247.0,1.365241,-2.5886,426893860.0,2939402112.703485,2026-07-14
2013-01-23,sh.600129,太极集团,6.933708,7.2033522,7.3959552,6.8566668,11030150,81742772.0,2.583815,4.6154,426893953.0,3075067495.509247,2026-07-14
2013-01-24,sh.600129,太极集团,7.27076325,7.55966775,7.79079135,7.19372205,25003219,195835750.0,5.857009,4.9465,426893983.0,3227176675.9541483,2026-07-14
2013-01-25,sh.600129,太极集团,7.4344758,7.2611331,7.5500376,7.1648316,11930758,90689160.0,2.794782,-3.949,426894048.0,3099734502.125789,2026-07-14
2013-01-28,sh.600129,太极集团,7.30928385,7.34780445,7.36706475,7.1070507,9766714,73388157.0,2.287855,1.1936,426893925.0,3136733081.7929664,2026-07-14
2013-01-29,sh.600129,太极集团,7.2803934,7.2033522,7.2996537,7.1455713,7570107,56730304.0,1.773299,-1.9659,426893998.0,3075067819.6600957,2026-07-14
2013-01-30,sh.600129,太极集团,7.2033522,7.13594115,7.2611331,7.03963965,6003553,44308078.0,1.406333,-0.9358,426894128.0,3046291374.688567,2026-07-14
2013-01-31,sh.600129,太极集团,7.0300095,6.82777635,7.1070507,6.73147485,12991432,92617498.0,3.043245,-4.3185,426894056.0,2914737139.5123754,2026-07-14
2013-02-01,sh.600129,太极集团,6.78925575,6.8759271,6.9722286,6.75073515,6232205,44483083.0,1.459895,0.7052,426894057.0,2935292415.3552446,2026-07-14
2013-02-04,sh.600129,太极集团,6.8374065,6.90481755,6.98185875,6.741105,4540776,32418804.0,1.063678,0.4202,426893853.0,2947624168.18152,2026-07-14
2013-02-05,sh.600129,太极集团,6.86629695,6.9144477,6.96259845,6.8374065,3609136,25830108.0,0.845441,0.1395,426893893.0,2951735496.597896,2026-07-14
2013-02-06,sh.600129,太极集团,6.8951874,7.00111905,7.0685301,6.8951874,4581375,33220000.0,1.073188,1.2535,426893983.0,2988735596.711676,2026-07-14
2013-02-07,sh.600129,太极集团,6.9914889,7.00111905,7.02037935,6.90481755,2408265,17417886.0,0.564137,0.0,426893645.0,2988733230.333437,2026-07-14
2013-02-08,sh.600129,太极集团,7.00111905,7.0685301,7.13594115,7.00111905,3494889,25688096.0,0.818678,0.9629,426894212.0,3017514587.0377812,2026-07-14
2013-02-18,sh.600129,太极集团,7.1070507,7.2033522,7.21298235,7.0300095,4070855,30156609.0,0.953599,1.9074,426893799.0,3075066386.193008,2026-07-14
2013-02-19,sh.600129,太极集团,7.17446175,7.1070507,7.2226125,7.05889995,3288579,24360012.0,0.77035,-1.3369,426894139.0,3033958289.4058475,2026-07-14
2013-02-20,sh.600129,太极集团,7.0877904,7.30928385,7.318914,7.03963965,6406937,48042826.0,1.500826,2.8455,426894057.0,3120289836.4910793,2026-07-14
2013-02-21,sh.600129,太极集团,7.27076325,7.1840919,7.3959552,7.126311,5643974,42502652.0,1.322102,-1.7128,426893992.0,3066845670.085865,2026-07-14
2013-02-22,sh.600129,太极集团,7.13594115,7.29002355,7.36706475,7.126311,5227949,39475260.0,1.224648,1.4745,426894014.0,3112067415.4140296,2026-07-14
2013-02-25,sh.600129,太极集团,7.3381743,7.2226125,7.3381743,7.1648316,3432865,25773757.0,0.804149,-0.9247,426894145.0,3083290987.8538127,2026-07-14
2013-02-26,sh.600129,太极集团,7.2033522,7.13594115,7.3574346,7.0877904,4266024,32022463.0,0.999317,-1.2,426893969.0,3046290240.073924,2026-07-14
2013-02-27,sh.600129,太极集团,7.11668085,6.92407785,7.17446175,6.90481755,5291468,38562892.0,1.239527,-2.969,426894130.0,2955848189.8280206,2026-07-14
2013-02-28,sh.600129,太极集团,6.933708,7.00111905,7.0107492,6.8374065,3054419,22010902.0,0.715498,1.1127,426894135.0,2988736660.8817716,2026-07-14
2013-03-01,sh.600129,太极集团,6.9914889,7.1455713,7.1455713,6.96259845,3141193,22989525.0,0.735825,2.0633,426894031.0,3050401736.0549107,2026-07-14
2013-03-04,sh.600129,太极集团,7.11668085,6.9914889,7.1455713,6.90481755,3259648,23744536.0,0.763573,-2.1563,426894089.0,2984625284.7191124,2026-07-14
2013-03-05,sh.600129,太极集团,7.00111905,7.19372205,7.2226125,6.92407785,4010330,29660637.0,0.939421,2.8926,426893799.0,3070955334.874568,2026-07-14
2013-03-06,sh.600129,太极集团,7.21298235,7.2611331,7.4729964,7.19372205,6588888,50191020.0,1.543448,0.9371,426894071.0,3099734669.1318502,2026-07-14
2013-03-07,sh.600129,太极集团,7.25150295,7.2033522,7.30928385,7.0877904,4340616,32462971.0,1.01679,-0.7958,426894049.0,3075068187.031058,2026-07-14
2013-03-08,sh.600129,太极集团,7.21298235,7.1455713,7.29002355,7.1455713,2115033,15854520.0,0.495447,-0.8021,426893896.0,3050400771.402785,2026-07-14
2013-03-11,sh.600129,太极集团,7.13594115,7.21298235,7.23224265,7.0492698,1969052,14666976.0,0.461251,0.9434,426893817.0,3079177567.34513,2026-07-14
2013-03-12,sh.600129,太极集团,7.21298235,6.9529683,7.2611331,6.84703665,3317081,24164148.0,0.777027,-3.6048,426893917.0,2968179872.363831,2026-07-14
2013-03-13,sh.600129,太极集团,6.9529683,6.94333815,6.9914889,6.8374065,1840079,13188147.0,0.431039,-0.1385,426893854.0,2964068382.47873,2026-07-14
2013-03-14,sh.600129,太极集团,6.933708,7.05889995,7.0685301,6.933708,2323201,16892507.0,0.54421,1.6644,426894214.0,3013403545.859889,2026-07-14
2013-03-15,sh.600129,太极集团,7.05889995,7.07816025,7.19372205,6.96259845,2863593,21162934.0,0.670797,0.2729,426894127.0,3021625040.6898518,2026-07-14
2013-03-18,sh.600129,太极集团,7.0685301,6.9914889,7.2611331,6.98185875,2335006,17276100.0,0.546976,-1.2245,426893685.0,2984622460.1575966,2026-07-14
2013-03-19,sh.600129,太极集团,6.98185875,6.9144477,7.0300095,6.69295425,3111891,22136990.0,0.728961,-1.1019,426894031.0,2951736450.791679,2026-07-14
2013-03-20,sh.600129,太极集团,6.9144477,7.0300095,7.0492698,6.8759271,3033434,21937712.0,0.710582,1.6713,426894292.0,3001070928.255774,2026-07-14
2013-03-21,sh.600129,太极集团,7.11668085,7.17446175,7.318914,7.0877904,7572235,56733500.0,1.773797,2.0548,426894115.0,3062735499.3676014,2026-07-14
2013-03-22,sh.600129,太极集团,7.1455713,7.2803934,7.38632505,7.126311,6173537,46764536.0,1.446152,1.4765,426894061.0,3107956704.2035975,2026-07-14
2013-03-25,sh.600129,太极集团,7.2226125,7.2226125,7.30928385,7.1840919,2798289,21044920.0,0.6555,-0.7937,426893822.0,3083288654.949975,2026-07-14
2013-03-26,sh.600129,太极集团,7.19372205,7.4152155,7.46336625,7.13594115,7989041,60752240.0,1.871434,2.6667,426894082.0,3165511613.7046714,2026-07-14
2013-03-27,sh.600129,太极集团,7.40558535,7.3766949,7.4922567,7.30928385,5852658,44916616.0,1.370986,-0.5195,426894075.0,3149067345.892718,2026-07-14
2013-03-28,sh.600129,太极集团,7.32854415,7.15520145,7.3381743,7.15520145,5179008,38964188.0,1.213184,-3.0026,426893859.0,3054511558.9128957,2026-07-14
2013-03-29,sh.600129,太极集团,7.1840919,7.44410595,7.511517,7.1840919,10364711,79658152.0,2.427936,4.0377,426893913.0,3177843517.7820826,2026-07-14
2013-04-01,sh.600129,太极集团,7.48262655,7.4537361,7.55966775,7.3381743,5568592,42920796.0,1.304444,0.1294,426893910.0,3181954547.837151,2026-07-14
2013-04-02,sh.600129,太极集团,7.4729964,7.13594115,7.511517,7.05889995,7193676,54540696.0,1.68512,-4.2636,426893990.0,3046290389.9286885,2026-07-14
2013-04-03,sh.600129,太极集团,7.13594115,7.15520145,7.34780445,7.07816025,5203461,38946776.0,1.218912,0.2699,426893902.0,3054511866.586558,2026-07-14
2013-04-08,sh.600129,太极集团,7.27076325,7.4729964,7.48262655,7.126311,10006301,75969392.0,2.343978,4.4415,426893981.0,3190177183.194669,2026-07-14
2013-04-09,sh.600129,太极集团,7.3959552,7.34780445,7.46336625,7.2996537,7424608,56804536.0,1.739216,-1.6753,426893957.0,3136733316.9227085,2026-07-14
2013-04-10,sh.600129,太极集团,7.318914,7.23224265,7.3381743,7.11668085,4197352,31519784.0,0.98323,-1.5727,426894216.0,3087402555.993512,2026-07-14
2013-04-11,sh.600129,太极集团,7.19372205,7.29002355,7.2996537,7.126311,3479631,26079332.0,0.815104,0.7989,426894114.0,3112068144.4163847,2026-07-14
2013-04-12,sh.600129,太极集团,7.2996537,6.933708,7.2996537,6.92407785,4477213,32746596.0,1.048788,-4.88772,426893996.0,2959958315.217168,2026-07-14
2013-04-15,sh.600129,太极集团,6.69295425,6.6062829,6.8181462,6.5677623,6082124,42099136.0,1.424739,-4.7222,426893908.0,2820181924.534573,2026-07-14
2013-04-16,sh.600129,太极集团,6.50035125,6.4522005,6.5292417,6.30774825,4282075,28596782.0,1.003077,-2.332366,426893947.0,2754405338.2803736,2026-07-14
2013-04-17,sh.600129,太极集团,6.48109095,6.4522005,6.50035125,6.36552915,2614132,17477040.0,0.612361,0.0,426893940.0,2754405293.11497,2026-07-14
2013-04-18,sh.600129,太极集团,6.4136799,6.3944196,6.46183065,6.32700855,2766695,18394768.0,0.648099,-0.8955,426893885.0,2729738625.3641458,2026-07-14
2013-04-19,sh.600129,太极集团,6.38478945,6.4907211,6.5292417,6.3751593,3205707,21574922.0,0.750937,1.506023,426894267.0,2770851626.2859335,2026-07-14
2013-04-22,sh.600129,太极集团,6.59665275,6.5677623,6.7025844,6.548502,4979120,34163532.0,1.16636,1.1869,426893926.0,2803737833.28179,2026-07-14
2013-04-23,sh.600129,太极集团,6.51961155,6.2981181,6.548502,6.2595975,4103169,27161494.0,0.961168,-4.1056,426894050.0,2688629143.087305,2026-07-14
2013-04-24,sh.600129,太极集团,6.3173784,6.34626885,6.40404975,6.30774825,2644811,17435338.0,0.619547,0.7645,426894328.0,2709186176.028083,2026-07-14
2013-04-25,sh.600129,太极集团,6.38478945,6.5099814,6.67369395,6.36552915,6415057,43699836.0,1.502728,2.5797,426894089.0,2779072579.1599445,2026-07-14
2013-04-26,sh.600129,太极集团,6.4714608,6.4522005,6.6255432,6.36552915,2949700,19934956.0,0.690968,-0.88758,426893865.0,2754404809.1999326,2026-07-14
2013-05-02,sh.600129,太极集团,6.42331005,6.28848795,6.42331005,6.26922765,2656235,17485080.0,0.622224,-2.5373,426893691.0,2684515831.7845235,2026-07-14
2013-05-03,sh.600129,太极集团,6.3366387,6.44257035,6.4714608,6.23070705,2711445,18003570.0,0.635157,2.450227,426893666.0,2750292475.1744027,2026-07-14
2013-05-06,sh.600129,太极集团,6.42331005,6.57739245,6.6062829,6.42331005,3184821,21696778.0,0.746045,2.0927,426893954.0,2807849069.9902472,2026-07-14
2013-05-07,sh.600129,太极集团,6.548502,6.59665275,6.6062829,6.50035125,2374384,16207131.0,0.5562,0.2928,426893923.0,2816070971.116238,2026-07-14
2013-05-08,sh.600129,太极集团,6.57739245,6.5870226,6.6255432,6.5292417,2305765,15751497.0,0.540126,-0.146,426893910.0,2811959832.972366,2026-07-14
2013-05-09,sh.600129,太极集团,6.5870226,6.5099814,6.6062829,6.4522005,2157673,14600868.0,0.505435,-1.1696,426894259.0,2779073685.8567824,2026-07-14
2013-05-10,sh.600129,太极集团,6.5099814,6.82777635,6.86629695,6.48109095,6091837,42649120.0,1.427014,4.8817,426893990.0,2914736688.8791366,2026-07-14
2013-05-13,sh.600129,太极集团,6.82777635,6.82777635,6.82777635,6.82777635,0,0.0,0.0,0.0,426893990.0,2914736688.8791366,2026-07-14
2013-05-14,sh.600129,太极集团,6.9914889,7.511517,7.511517,6.96259845,8479894,64984864.0,1.986417,10.0141,426893950.0,3206621162.6221504,2026-07-14
2013-05-15,sh.600129,太极集团,7.8196818,7.59818835,7.9930245,7.4922567,27214572,217744368.0,6.375019,1.1538,426893975.0,3243620827.5301914,2026-07-14
2013-05-16,sh.600129,太极集团,7.44410595,7.50188685,7.6463391,7.4152155,12586300,98199128.0,2.948343,-1.2674,426894021.0,3202510642.483524,2026-07-14
2013-05-17,sh.600129,太极集团,7.4537361,7.73301045,7.94487375,7.42484565,14559135,116563792.0,3.41048,3.0809,426894015.0,3301175879.037457,2026-07-14
2013-05-20,sh.600129,太极集团,7.7233803,7.6655994,7.7619009,7.511517,8514049,67521824.0,1.994418,-0.8717,426893911.0,3272397708.0252533,2026-07-14
2013-05-21,sh.600129,太极集团,7.6270788,7.70412,7.75227075,7.511517,7809964,61679272.0,1.829486,0.502512,426893893.0,3288841778.93916,2026-07-14
2013-05-22,sh.600129,太极集团,7.70412,7.7426406,7.896723,7.65596925,8661429,70165872.0,2.028941,0.5,426894079.0,3305287427.9650073,2026-07-14
2013-05-23,sh.600129,太极集团,7.69448985,7.73301045,7.8196818,7.6270788,5091479,40752048.0,1.19268,-0.1244,426893970.0,3301175531.0519867,2026-07-14
2013-05-24,sh.600129,太极集团,7.69448985,8.0508054,8.3204496,7.69448985,13210539,111021984.0,3.094571,4.1096,426894035.0,3436840802.205789,2026-07-14
2013-05-27,sh.600129,太极集团,7.98339435,8.23377825,8.33007975,7.98339435,9996296,85222848.0,2.341634,2.2727,426894041.0,3514950869.8404083,2026-07-14
2013-05-28,sh.600129,太极集团,8.19525765,8.1471069,8.2048878,7.9930245,7745718,65198404.0,1.814436,-1.0526,426893977.0,3477950865.5851417,2026-07-14
2013-05-29,sh.600129,太极集团,8.1663672,8.09895615,8.281929,8.0700657,5177253,43889904.0,1.212772,-0.591,426894173.0,3457397187.8175135,2026-07-14
2013-05-30,sh.600129,太极集团,8.09895615,8.34934005,8.44564155,8.02191495,9860756,84735736.0,2.309884,3.0916,426893991.0,3564283096.16064,2026-07-14
2013-05-31,sh.600129,太极集团,8.33007975,8.71528575,9.1871631,8.281929,18862195,172100720.0,4.418473,4.382931,426893974.0,3720502968.3630705,2026-07-14
2013-06-03,sh.600129,太极集团,8.7826968,9.2834646,9.4953279,8.7056556,19296663,183420752.0,4.520247,6.5193,426893995.0,3963055290.535077,2026-07-14
2013-06-04,sh.600129,太极集团,9.2834646,9.04271085,9.2834646,8.859738,12896467,121037728.0,3.021,-2.5934,426893976.0,3860278788.57484,2026-07-14
2013-06-05,sh.600129,太极集团,9.1101219,9.92868465,9.94794495,9.06197115,26988959,271956160.0,6.322169,9.7977,426893982.0,4238495726.260776,2026-07-14
2013-06-06,sh.600129,太极集团,9.7264515,9.7649721,10.0346163,9.63015,15793122,160245984.0,3.699542,-1.6489,426893978.0,4168607784.8280134,2026-07-14
2013-06-07,sh.600129,太极集团,9.73608165,9.02345055,9.8997942,8.8982586,18880453,182571712.0,4.42275,-7.5937,426893969.0,3852056619.3647327,2026-07-14
2013-06-13,sh.600129,太极集团,8.8404777,9.2064234,9.29309475,8.42638125,14900057,137207936.0,3.490341,2.0277,426894020.0,3930167095.048068,2026-07-14
2013-06-14,sh.600129,太极集团,9.1486425,9.06197115,9.52421835,8.9367792,16521394,158015648.0,3.87014,-1.569,426893962.0,3868500767.7531962,2026-07-14
2013-06-17,sh.600129,太极集团,9.00419025,9.3027249,9.38939625,8.77306665,12683209,119279984.0,2.971044,2.6567,426894014.0,3971277573.698748,2026-07-14
2013-06-18,sh.600129,太极集团,9.244944,9.3219852,9.42791685,9.0138204,7355400,70469168.0,1.723004,0.207,426893960.0,3979499177.089392,2026-07-14
2013-06-19,sh.600129,太极集团,9.244944,8.98492995,9.244944,8.8212174,7817405,72923712.0,1.831229,-3.6157,426893906.0,3835611841.4918847,2026-07-14
2013-06-20,sh.600129,太极集团,8.86936815,8.56120335,9.1101219,8.4937923,7829139,71675136.0,1.833977,-4.716,426894067.0,3654726916.4955244,2026-07-14
2013-06-21,sh.600129,太极集团,8.29155915,8.474532,8.667135,8.17599735,7432610,65144232.0,1.74109,-1.0124,426894072.0,3617727473.774304,2026-07-14
2013-06-24,sh.600129,太极集团,8.38786065,8.0315451,8.5900938,7.896723,8306853,71360248.0,1.945882,-5.2273,426893974.0,3428618205.099228,2026-07-14
2013-06-25,sh.600129,太极集团,8.0315451,8.15673705,8.281929,7.3381743,11316538,92980768.0,2.650901,1.5588,426894026.0,3482062318.2978635,2026-07-14
2013-06-26,sh.600129,太极集团,8.1471069,8.4552717,8.5130526,8.0122848,8045747,68977168.0,1.884718,3.66,426893944.0,3609504283.604585,2026-07-14
2013-06-27,sh.600129,太极集团,8.42638125,8.09895615,8.5900938,8.0700657,7056084,61357076.0,1.652889,-4.2141,426894002.0,3457395802.896012,2026-07-14
2013-06-28,sh.600129,太极集团,8.04117525,7.9737642,8.2434084,7.8196818,5846050,48482920.0,1.369438,-1.5458,426894098.0,3403952875.8236914,2026-07-14
2013-07-01,sh.600129,太极集团,7.896723,8.15673705,8.17599735,7.8196818,4058056,33723508.0,0.9506,2.2947,426894172.0,3482063509.181473,2026-07-14
2013-07-02,sh.600129,太极集团,8.1278466,8.3204496,8.4167511,8.0508054,5404361,46448876.0,1.265973,2.0071,426893860.0,3551948846.6794558,2026-07-14
2013-07-03,sh.600129,太极集团,8.2626687,8.2241481,8.281929,7.90635315,4883463,41248500.0,1.143952,-1.1574,426894048.0,3510839873.760509,2026-07-14
2013-07-04,sh.600129,太极集团,8.1663672,8.7056556,8.7441762,8.0508054,11723058,103871840.0,2.746129,5.8548,426893930.0,3716391532.3105083,2026-07-14
2013-07-05,sh.600129,太极集团,8.7056556,8.4937923,8.7634365,8.48416215,5209775,46666432.0,1.220391,-2.4336,426893922.0,3625948307.600401,2026-07-14
2013-07-08,sh.600129,太极集团,8.281929,8.1278466,8.42638125,8.0700657,4835508,41312568.0,1.132719,-4.3084,426893872.0,3469727906.096035,2026-07-14
2013-07-09,sh.600129,太极集团,8.1278466,8.1471069,8.3011893,8.06043555,2565348,21745384.0,0.600933,0.237,426894180.0,3477952519.447842,2026-07-14
2013-07-10,sh.600129,太极集团,8.089326,8.34934005,8.3589702,8.089326,3169316,27159316.0,0.742413,2.4823,426893926.0,3564282553.4535365,2026-07-14
2013-07-11,sh.600129,太极集团,8.33007975,8.52268275,8.73454605,8.281929,8422168,75027328.0,1.972894,2.0761,426894096.0,3638282948.0560436,2026-07-14
2013-07-12,sh.600129,太极集团,8.48416215,8.34934005,8.61898425,8.31081945,5877000,51699172.0,1.376688,-2.0339,426894111.0,3564284098.0814457,2026-07-14
2013-07-15,sh.600129,太极集团,8.4937923,8.7634365,8.9367792,8.4937923,9007798,81938928.0,2.110078,4.9596,426894077.0,3741059136.01561,2026-07-14
2013-07-16,sh.600129,太极集团,8.79232695,8.8982586,8.90788875,8.67676515,4985931,45638588.0,1.167955,1.5385,426894101.0,3798614105.512519,2026-07-14
2013-07-17,sh.600129,太极集团,8.859738,8.81158725,9.1101219,8.7826968,7556310,70088896.0,1.770067,-0.974,426894010.0,3761613815.6173725,2026-07-14
2013-07-18,sh.600129,太极集团,8.85010785,8.71528575,8.9367792,8.69602545,4379637,39883172.0,1.025931,-1.0929,426893914.0,3720502445.445925,2026-07-14
2013-07-19,sh.600129,太极集团,8.6863953,8.4552717,8.77306665,8.42638125,5781977,51385612.0,1.354429,-2.9834,426894064.0,3609505298.2371893,2026-07-14
2013-07-22,sh.600129,太极集团,8.33007975,8.5323129,8.5515732,8.281929,3053237,26802774.0,0.715221,0.9112,426894205.0,3642394932.256745,2026-07-14
2013-07-23,sh.600129,太极集团,8.52268275,8.79232695,8.79232695,8.474532,5199068,46827864.0,1.217883,3.0474,426893881.0,3753390574.706393,2026-07-14
2013-07-24,sh.600129,太极集团,8.7634365,8.7826968,8.8404777,8.56120335,4750311,42801780.0,1.112761,-0.1095,426894095.0,3749281402.095396,2026-07-14
2013-07-25,sh.600129,太极集团,8.7826968,8.73454605,8.94640935,8.65750485,6169105,56376940.0,1.445114,-0.5482,426894003.0,3728725327.6723385,2026-07-14
2013-07-26,sh.600129,太极集团,8.6863953,8.52268275,8.8212174,8.3782305,4345838,38763984.0,1.018013,-2.4256,426894156.0,3638283459.417009,2026-07-14
2013-07-29,sh.600129,太极集团,8.474532,8.15673705,8.474532,8.11821645,4722345,40558416.0,1.10621,-4.2938,426894080.0,3482062758.761664,2026-07-14
2013-07-30,sh.600129,太极集团,8.1856275,8.15673705,8.3011893,7.9930245,3351947,28324276.0,0.785194,0.0,426894118.0,3482063068.717672,2026-07-14
2013-07-31,sh.600129,太极集团,8.23377825,8.07969585,8.33007975,7.98339435,3939000,33217008.0,0.922711,-0.9445,426894228.0,3449175522.3605537,2026-07-14
2013-08-01,sh.600129,太极集团,8.089326,8.3782305,8.4167511,8.00265465,6977369,59422172.0,1.63445,3.6949,426894001.0,3576616339.445231,2026-07-14
2013-08-02,sh.600129,太极集团,8.3397099,8.31081945,8.40712095,8.25303855,4102112,35434608.0,0.960921,-0.8046,426893782.0,3547837146.52966,2026-07-14
2013-08-05,sh.600129,太极集团,8.3204496,8.69602545,8.7634365,8.25303855,8773978,78695840.0,2.055306,4.635,426894000.0,3712281088.4523,2026-07-14
2013-08-06,sh.600129,太极集团,8.667135,8.73454605,8.8019571,8.59972395,6520283,59081532.0,1.527378,0.443,426893866.0,3728724131.0395293,2026-07-14
2013-08-07,sh.600129,太极集团,8.73454605,8.7056556,8.88862845,8.5515732,7057094,63850504.0,1.653126,-0.3308,426893897.0,3716391245.0238733,2026-07-14
2013-08-08,sh.600129,太极集团,8.667135,8.65750485,8.75380635,8.52268275,6266125,56213116.0,1.467841,-0.5531,426893989.0,3695836780.2033467,2026-07-14
2013-08-09,sh.600129,太极集团,8.85010785,8.8212174,8.9367792,8.59972395,7193177,65559584.0,1.685003,1.891,426894017.0,3765724930.7162957,2026-07-14
2013-08-12,sh.600129,太极集团,8.85010785,8.83084755,8.859738,8.7056556,4872696,44395764.0,1.14143,0.1092,426893984.0,3769835692.716139,2026-07-14
2013-08-13,sh.600129,太极集团,8.83084755,8.9945601,9.10049175,8.7249159,8752734,81129824.0,2.05033,1.8539,426893915.0,3839722974.791791,2026-07-14
2013-08-14,sh.600129,太极集团,8.9945601,8.77306665,8.9945601,8.75380635,5825157,53596264.0,1.364544,-2.4625,426894039.0,3745169856.6346993,2026-07-14
2013-08-15,sh.600129,太极集团,8.7441762,8.63824455,8.8982586,8.63824455,5284742,47941632.0,1.237952,-1.5368,426893934.0,3687614198.8035593,2026-07-14
2013-08-16,sh.600129,太极集团,8.5708335,8.3204496,8.7634365,8.3011893,5967842,52814916.0,1.397968,-3.6789,426894035.0,3551950302.758136,2026-07-14
2013-08-19,sh.600129,太极集团,8.27229885,8.4167511,8.42638125,8.2434084,3306035,28607900.0,0.774439,1.1574,426894178.0,3593062042.265096,2026-07-14
2013-08-20,sh.600129,太极集团,8.42638125,8.36860035,8.5130526,8.3204496,3265147,28505320.0,0.764861,-0.5721,426894168.0,3572506683.7377586,2026-07-14
2013-08-21,sh.600129,太极集团,8.36860035,8.4360114,8.474532,8.281929,2836180,24628296.0,0.664376,0.8055,426893807.0,3601281022.4413996,2026-07-14
2013-08-22,sh.600129,太极集团,8.474532,8.474532,8.61898425,8.3782305,3619279,32030844.0,0.847817,0.4566,426893893.0,3617725956.833076,2026-07-14
2013-08-23,sh.600129,太极集团,8.474532,8.38786065,8.5708335,8.21451795,2911227,25327798.0,0.681955,-1.0227,426894297.0,3580729875.515713,2026-07-14
2013-08-26,sh.600129,太极集团,8.38786065,8.52268275,8.54194305,8.33007975,3604501,31570824.0,0.844355,1.6073,426894020.0,3638282300.3321548,2026-07-14
2013-08-27,sh.600129,太极集团,8.52268275,8.7634365,8.77306665,8.52268275,6137798,55376888.0,1.43778,2.8249,426894101.0,3741059346.338086,2026-07-14
2013-08-28,sh.600129,太极集团,8.67676515,8.50342245,8.73454605,8.40712095,6325620,56280488.0,1.481778,-2.967,426893907.0,3630059232.5520124,2026-07-14
2013-08-29,sh.600129,太极集团,8.5900938,8.59972395,8.73454605,8.50342245,4483596,40038296.0,1.050283,1.1325,426894085.0,3671171286.8878355,2026-07-14
2013-08-30,sh.600129,太极集团,8.5708335,8.2626687,8.6286144,8.1856275,7198033,62737956.0,1.686141,-3.9194,426893896.0,3527282832.7002554,2026-07-14
2013-09-02,sh.600129,太极集团,8.27229885,8.33007975,8.40712095,8.15673705,2863586,24630380.0,0.670796,0.8159,426893720.0,3556058732.37417,2026-07-14
2013-09-03,sh.600129,太极集团,8.33007975,8.48416215,8.4937923,8.3011893,2873003,25120368.0,0.673001,1.8497,426894314.0,3621840580.8890147,2026-07-14
2013-09-04,sh.600129,太极集团,8.50342245,8.5900938,8.65750485,8.4167511,3948963,35075928.0,0.925045,1.2486,426894151.0,3667060799.761364,2026-07-14
2013-09-05,sh.600129,太极集团,8.6093541,8.5130526,8.65750485,8.474532,3491190,30984838.0,0.817812,-0.8969,426893956.0,3634170702.0500855,2026-07-14
2013-09-06,sh.600129,太极集团,8.5130526,8.5130526,8.61898425,8.3974908,3626275,32180156.0,0.849456,0.0,426893800.0,3634169374.01388,2026-07-14
2013-09-09,sh.600129,太极集团,8.474532,8.42638125,8.5130526,8.3397099,6000384,52393680.0,1.405591,-1.0181,426894025.0,3597171807.997031,2026-07-14
2013-09-10,sh.600129,太极集团,8.4360114,8.54194305,8.5900938,8.3397099,5040750,44301716.0,1.180797,1.3714,426893869.0,3646503117.3921604,2026-07-14
2013-09-11,sh.600129,太极集团,8.54194305,8.83084755,8.86936815,8.3974908,12395624,111943698.0,2.903677,3.3822,426894038.0,3769836169.581907,2026-07-14
2013-09-12,sh.600129,太极集团,8.77306665,8.7441762,8.9367792,8.667135,7556184,69061736.0,1.770038,-0.9815,426893886.0,3732835357.886713,2026-07-14
2013-09-13,sh.600129,太极集团,8.7441762,8.75380635,8.8982586,8.59972395,7100049,64380819.0,1.663188,0.1101,426893953.0,3736946996.5480013,2026-07-14
2013-09-16,sh.600129,太极集团,8.7826968,9.40865655,9.50495805,8.77306665,17939688,171010589.0,4.202375,7.4807,426894030.0,4016499311.5153966,2026-07-14
2013-09-17,sh.600129,太极集团,9.52421835,9.244944,9.85164345,9.1486425,21535068,212434252.0,5.044594,-1.74,426893978.0,3946610920.547232,2026-07-14
2013-09-18,sh.600129,太极集团,9.38939625,9.06197115,9.40865655,9.0330807,8316499,79146845.0,1.948141,-1.9792,426894101.0,3868502027.367186,2026-07-14
2013-09-23,sh.600129,太极集团,9.0908616,9.10049175,9.1486425,8.9175189,8004511,74938801.0,1.875058,0.4251,426894048.0,3884945761.948104,2026-07-14
2013-09-24,sh.600129,太极集团,9.0908616,8.94640935,9.0908616,8.9367792,5399069,50409310.0,1.264733,-1.6931,426893977.0,3819168267.291485,2026-07-14
2013-09-25,sh.600129,太极集团,8.90788875,9.0330807,9.10049175,8.7826968,7295337,67905259.0,1.708934,0.9688,426894017.0,3856168105.9081717,2026-07-14
2013-09-26,sh.600129,太极集团,9.00419025,8.81158725,9.0716013,8.79232695,4844378,44773666.0,1.134796,-2.452,426894173.0,3761615251.9060946,2026-07-14
2013-09-27,sh.600129,太极集团,8.81158725,8.9367792,9.13901235,8.81158725,6653014,62324027.0,1.55847,1.4208,426893941.0,3815056892.534827,2026-07-14
2013-09-30,sh.600129,太极集团,9.00419025,9.02345055,9.10049175,8.8212174,4349813,40488900.0,1.018945,0.9698,426893797.0,3852055067.3312383,2026-07-14
2013-10-08,sh.600129,太极集团,9.04271085,9.1293822,9.13901235,8.86936815,5309079,49733899.0,1.243653,1.174,426893917.0,3897277727.1480775,2026-07-14
2013-10-09,sh.600129,太极集团,9.052341,9.1486425,9.1486425,9.0138204,5590020,52678253.0,1.309463,0.211,426894078.0,3905501304.9891148,2026-07-14
2013-10-10,sh.600129,太极集团,9.17753295,9.02345055,9.3027249,9.02345055,7065637,67044250.0,1.655127,-1.3684,426893948.0,3852056429.872271,2026-07-14
2013-10-11,sh.600129,太极集团,9.04271085,9.06197115,9.10049175,8.96566965,4281609,40188546.0,1.002968,0.4269,426893879.0,3868500015.6095905,2026-07-14
2013-10-14,sh.600129,太极集团,9.052341,8.9752998,9.0716013,8.8789983,5718938,53322326.0,1.339662,-0.9564,426894097.0,3831502503.4252806,2026-07-14
2013-10-15,sh.600129,太极集团,9.1486425,9.3797661,9.40865655,9.0716013,13485809,129771257.0,3.159053,4.5064,426894041.0,4004166254.06381,2026-07-14
2013-10-16,sh.600129,太极集团,9.2642043,8.88862845,9.3027249,8.86936815,8281432,77566628.0,1.939927,-5.2361,426894002.0,3794502171.3115573,2026-07-14
2013-10-17,sh.600129,太极集团,8.9560395,8.7826968,9.06197115,8.77306665,5084884,47168854.0,1.191135,-1.1918,426894013.0,3749280681.9142585,2026-07-14
2013-10-18,sh.600129,太极集团,8.79232695,8.79232695,8.90788875,8.77306665,2942606,26952021.0,0.689306,0.1096,426894006.0,3753391673.7472615,2026-07-14
2013-10-21,sh.600129,太极集团,8.8019571,8.94640935,8.9560395,8.8019571,4000934,36979928.0,0.93722,1.7525,426893792.0,3819166612.205755,2026-07-14
2013-10-22,sh.600129,太极集团,8.9560395,8.8789983,9.0716013,8.8212174,4188395,38829147.0,0.981132,-0.7535,426894139.0,3790392334.4609632,2026-07-14
2013-10-23,sh.600129,太极集团,8.9175189,8.56120335,8.9945601,8.54194305,5645850,50952159.0,1.322541,-3.5792,426894138.0,3654727524.340962,2026-07-14
2013-10-24,sh.600129,太极集团,8.5515732,8.4360114,8.6093541,8.4167511,3066484,27120498.0,0.718324,-1.4623,426894271.0,3601284936.7506895,2026-07-14
2013-10-25,sh.600129,太极集团,8.4167511,8.11821645,8.5708335,8.089326,4460477,38428437.0,1.044868,-3.7671,426893828.0,3465616496.8730707,2026-07-14
2013-10-28,sh.600129,太极集团,8.11821645,8.23377825,8.2626687,8.07969585,2487188,21113918.0,0.582624,1.4235,426894189.0,3514952088.4395895,2026-07-14
2013-10-29,sh.600129,太极集团,8.281929,7.9352436,8.3204496,7.75227075,4119891,34167758.0,0.965085,-3.6257,426894108.0,3387508738.384709,2026-07-14
2013-10-30,sh.600129,太极集团,7.896723,8.06043555,8.0700657,7.8582024,2158488,17856404.0,0.505626,1.5777,426894187.0,3440953080.9831476,2026-07-14
2013-10-31,sh.600129,太极集团,8.06043555,8.0122848,8.1856275,7.9159833,2418041,20160538.0,0.566427,-0.5974,426893669.0,3420393655.344931,2026-07-14
2013-11-01,sh.600129,太极集团,8.0122848,8.04117525,8.089326,7.96413405,1238071,10320197.0,0.290018,0.3606,426894538.0,3432733793.3257847,2026-07-14
2013-11-04,sh.600129,太极集团,8.04117525,8.089326,8.13747675,8.0122848,1253161,10513755.0,0.293553,0.5988,426894292.0,3453287095.527192,2026-07-14
2013-11-05,sh.600129,太极集团,8.0700657,8.07969585,8.07969585,7.88709285,2186417,18123438.0,0.512169,-0.119,426893662.0,3449170949.2527027,2026-07-14
2013-11-06,sh.600129,太极集团,8.0700657,8.02191495,8.13747675,7.9930245,2095019,17499764.0,0.490759,-0.7151,426893648.0,3424504536.951237,2026-07-14
2013-11-07,sh.600129,太极集团,8.04117525,7.86783255,8.06043555,7.8582024,1485429,12279005.0,0.347962,-1.9208,426894029.0,3358730736.766844,2026-07-14
2013-11-08,sh.600129,太极集团,7.84857225,7.73301045,7.9352436,7.65596925,2448733,19713839.0,0.573616,-1.7136,426894124.0,3301176721.935596,2026-07-14
2013-11-11,sh.600129,太极集团,7.7426406,7.79079135,7.8196818,7.6078185,1458424,11688999.0,0.341636,0.7472,426894121.0,3325843025.2526536,2026-07-14
2013-11-12,sh.600129,太极集团,7.81005165,7.896723,7.94487375,7.75227075,2107864,17134390.0,0.493768,1.3597,426893602.0,3371060525.4662457,2026-07-14
2013-11-13,sh.600129,太极集团,7.88709285,7.71375015,7.88709285,7.70412,1706105,13744002.0,0.399655,-2.3171,426894446.0,3292957096.866667,2026-07-14
2013-11-14,sh.600129,太极集团,7.70412,7.73301045,7.7619009,7.57892805,2013148,16036393.0,0.47158,0.2497,426894270.0,3301177850.9551215,2026-07-14
2013-11-15,sh.600129,太极集团,7.75227075,7.896723,7.9930245,7.71375015,3012130,24734397.0,0.705592,2.1171,426894012.0,3371063763.122676,2026-07-14
2013-11-18,sh.600129,太极集团,7.94487375,8.1085863,8.13747675,7.86783255,3336847,27892776.0,0.781657,2.6829,426894021.0,3461507010.2325125,2026-07-14
2013-11-19,sh.600129,太极集团,8.13747675,8.06043555,8.13747675,8.0122848,1851324,15524797.0,0.433673,-0.5938,426893996.0,3440951541.4399576,2026-07-14
2013-11-20,sh.600129,太极集团,8.06043555,8.11821645,8.1856275,8.06043555,1699767,14311616.0,0.398171,0.7168,426893722.0,3465615636.342127,2026-07-14
2013-11-21,sh.600129,太极集团,8.1085863,8.15673705,8.1663672,8.0315451,2103562,17681390.0,0.49276,0.4745,426893823.0,3482060662.4802423,2026-07-14
2013-11-22,sh.600129,太极集团,8.17599735,8.21451795,8.3204496,8.13747675,3525438,30154507.0,0.825835,0.7084,426893750.0,3506726372.117812,2026-07-14
2013-11-25,sh.600129,太极集团,8.2048878,8.13747675,8.23377825,8.00265465,1694309,14295283.0,0.396892,-0.9379,426894218.0,3473841773.684431,2026-07-14
2013-11-26,sh.600129,太极集团,8.1471069,8.1856275,8.21451795,8.09895615,1862183,15759934.0,0.436217,0.5917,426893725.0,3494393014.937438,2026-07-14
2013-11-27,sh.600129,太极集团,8.21451795,8.27229885,8.3011893,8.11821645,2550006,21786720.0,0.597339,1.0588,426894276.0,3531397028.4263825,2026-07-14
2013-11-28,sh.600129,太极集团,8.281929,8.29155915,8.36860035,8.23377825,2164541,18668026.0,0.507044,0.2328,426894116.0,3539617813.600961,2026-07-14
2013-11-29,sh.600129,太极集团,8.3397099,8.6093541,8.65750485,8.2434084,7382345,65125794.0,1.729316,3.8328,426893928.0,3675280989.2919044,2026-07-14
2013-12-02,sh.600129,太极集团,8.4360114,8.13747675,8.54194305,8.089326,5906270,51157948.0,1.383545,-5.481,426893957.0,3473839649.8029995,2026-07-14
2013-12-03,sh.600129,太极集团,8.089326,8.3397099,8.3974908,8.089326,3400149,29103619.0,0.796486,2.4852,426893756.0,3560170083.1613846,2026-07-14
2013-12-04,sh.600129,太极集团,8.3397099,8.50342245,8.5900938,8.2048878,4529668,39903556.0,1.061076,1.963,426893832.0,3630058594.7953286,2026-07-14
2013-12-05,sh.600129,太极集团,8.59972395,8.56120335,8.7056556,8.474532,3493554,31147741.0,0.818366,0.6795,426893835.0,3654724930.296347,2026-07-14
2013-12-06,sh.600129,太极集团,8.6286144,8.5900938,8.6478747,8.474532,2322314,20625119.0,0.544002,0.3375,426894386.0,3667062818.433407,2026-07-14
2013-12-09,sh.600129,太极集团,8.61898425,8.75380635,8.81158725,8.52268275,3970804,35840801.0,0.930162,1.9058,426893810.0,3736945744.753693,2026-07-14
2013-12-10,sh.600129,太极集团,8.77306665,8.92714905,8.9752998,8.69602545,7396743,68173791.0,1.732688,1.9802,426894109.0,3810947339.6099467,2026-07-14
2013-12-11,sh.600129,太极集团,8.86936815,8.85010785,9.052341,8.7634365,5911438,54688571.0,1.384755,-0.863,426894144.0,3778059214.9334307,2026-07-14
2013-12-12,sh.600129,太极集团,8.81158725,9.02345055,9.11975205,8.77306665,6443938,60377050.0,1.509494,1.9587,426893913.0,3852056114.051502,2026-07-14
2013-12-13,sh.600129,太极集团,8.9945601,9.0138204,9.10049175,8.9367792,3734622,34988670.0,0.874836,-0.1067,426893955.0,3847945440.215682,2026-07-14
2013-12-16,sh.600129,太极集团,8.9752998,8.6478747,9.02345055,8.61898425,5503926,50068045.0,1.289296,-4.0598,426893902.0,3691724974.690079,2026-07-14
2013-12-17,sh.600129,太极集团,8.61898425,8.61898425,8.8019571,8.5708335,3299530,29774575.0,0.772916,-0.3341,426893737.0,3679390395.626642,2026-07-14
2013-12-18,sh.600129,太极集团,8.56120335,8.5323129,8.69602545,8.52268275,1569617,14015763.0,0.367683,-1.0056,426894091.0,3642393959.5730743,2026-07-14
2013-12-19,sh.600129,太极集团,8.5708335,8.3204496,8.61898425,8.281929,2723670,23853799.0,0.63802,-2.4831,426894141.0,3551951184.7257934,2026-07-14
2013-12-20,sh.600129,太极集团,8.31081945,8.27229885,8.42638125,8.23377825,1917597,16504212.0,0.449197,-0.5787,426894436.0,3531398351.994199,2026-07-14
2013-12-23,sh.600129,太极集团,8.3011893,8.3397099,8.44564155,8.17599735,2028394,17515881.0,0.475152,0.8149,426893710.0,3560169699.5347295,2026-07-14
2013-12-24,sh.600129,太极集团,8.3589702,8.29155915,8.36860035,8.21451795,2776809,23912076.0,0.650468,-0.5774,426894021.0,3539617025.902842,2026-07-14
2013-12-25,sh.600129,太极集团,8.31081945,8.31081945,8.31081945,8.1856275,1610197,13783737.0,0.377189,0.2323,426893944.0,3547838492.882411,2026-07-14
2013-12-26,sh.600129,太极集团,8.31081945,8.0508054,8.31081945,7.9159833,2222117,18756307.0,0.520531,-3.1286,426894268.0,3436842678.043447,2026-07-14
2013-12-27,sh.600129,太极集团,8.1085863,8.1471069,8.23377825,8.04117525,1953207,16519383.0,0.457539,1.1962,426894101.0,3477951875.8263974,2026-07-14
2013-12-30,sh.600129,太极集团,8.11821645,8.21451795,8.3204496,8.089326,1699108,14513740.0,0.398016,0.8274,426894396.0,3506731678.696408,2026-07-14
2013-12-31,sh.600129,太极集团,8.11821645,8.29155915,8.33007975,8.089326,1579141,13556176.0,0.369914,0.9379,426894089.0,3539617589.728864,2026-07-14
2014-01-02,sh.600129,太极集团,8.27229885,8.23377825,8.33007975,8.1663672,1833328,15662347.0,0.429457,-0.6969,426894427.0,3514954048.078813,2026-07-14
2014-01-03,sh.600129,太极集团,8.19525765,8.04117525,8.23377825,7.96413405,2150723,18030709.0,0.503807,-2.3392,426894227.0,3432731292.520282,2026-07-14
2014-01-06,sh.600129,太极集团,8.04117525,7.70412,8.04117525,7.70412,3561633,29021022.0,0.834313,-4.1916,426894103.0,3288843396.80436,2026-07-14
2014-01-07,sh.600129,太极集团,7.70412,7.81005165,7.82931195,7.61744865,956526,7711752.0,0.224066,1.375,426894754.0,3334070077.854044,2026-07-14
2014-01-08,sh.600129,太极集团,7.86783255,7.73301045,7.9159833,7.70412,2062326,16685336.0,0.4831,-0.9864,426894225.0,3301177502.969651,2026-07-14
2014-01-09,sh.600129,太极集团,7.7426406,7.6078185,7.79079135,7.6078185,1784689,14288543.0,0.418064,-1.6189,426893729.0,3247730009.0201864,2026-07-14
2014-01-10,sh.600129,太极集团,7.6270788,7.3766949,7.6270788,7.30928385,2029327,15757998.0,0.47537,-3.038,426894209.0,3149068334.3698344,2026-07-14
2014-01-13,sh.600129,太极集团,7.36706475,7.3766949,7.40558535,7.2611331,1242829,9466750.0,0.291133,0.0,426893894.0,3149066010.710941,2026-07-14
2014-01-14,sh.600129,太极集团,7.3959552,7.55966775,7.55966775,7.34780445,1091765,8494990.0,0.255746,2.4804,426894262.0,3227178785.1014504,2026-07-14
2014-01-15,sh.600129,太极集团,7.5307773,7.511517,7.57892805,7.4537361,985106,7668821.0,0.230761,-0.6369,426894493.0,3206625241.375881,2026-07-14
2014-01-16,sh.600129,太极集团,7.55966775,7.511517,7.55966775,7.44410595,949092,7407373.0,0.222325,0.0,426893962.0,3206621252.760354,2026-07-14
2014-01-17,sh.600129,太极集团,7.46336625,7.6078185,7.63670895,7.32854415,2142153,16568801.0,0.5018,1.2821,426893782.0,3247730412.2345667,2026-07-14
2014-01-20,sh.600129,太极集团,7.50188685,7.48262655,7.511517,7.3766949,1820477,14045820.0,0.426447,-1.6456,426894081.0,3194288984.5284505,2026-07-14
2014-01-21,sh.600129,太极集团,7.48262655,7.4922567,7.52114715,7.42484565,1518549,11794322.0,0.35572,0.1287,426894468.0,3198402938.0659356,2026-07-14
2014-01-22,sh.600129,太极集团,7.4922567,7.65596925,7.79079135,7.4729964,2123531,16804010.0,0.497438,2.1851,426893603.0,3268284297.589708,2026-07-14
2014-01-23,sh.600129,太极集团,7.6655994,7.65596925,7.7426406,7.63670895,1574009,12546115.0,0.368712,0.0,426893890.0,3268286494.8528824,2026-07-14
2014-01-24,sh.600129,太极集团,7.6655994,7.86783255,7.9159833,7.61744865,2071867,16636422.0,0.485335,2.7673,426894207.0,3358732137.241038,2026-07-14
2014-01-27,sh.600129,太极集团,7.8389421,7.7426406,7.8774627,7.7233803,1638699,13213841.0,0.383866,-1.5912,426893499.0,3305282937.2334595,2026-07-14
2014-01-28,sh.600129,太极集团,7.71375015,7.73301045,7.8774627,7.65596925,1627129,13124866.0,0.381155,-0.1244,426894308.0,3301178144.809519,2026-07-14
2014-01-29,sh.600129,太极集团,7.7426406,7.79079135,7.84857225,7.7426406,1175811,9509635.0,0.275434,0.7472,426893920.0,3325841459.303592,2026-07-14
2014-01-30,sh.600129,太极集团,7.84857225,7.6655994,7.84857225,7.6270788,1016556,8130992.0,0.238128,-1.6069,426894779.0,3272404361.7655325,2026-07-14
2014-02-07,sh.600129,太极集团,7.6078185,7.5885582,7.6655994,7.4152155,3957399,30764225.0,0.927021,-1.005,426894213.0,3239511580.5936966,2026-07-14
2014-02-10,sh.600129,太极集团,7.57892805,8.02191495,8.17599735,7.57892805,5575077,45668971.0,1.305963,5.7107,426893947.0,3424506935.5038075,2026-07-14
2014-02-11,sh.600129,太极集团,7.9930245,8.04117525,8.089326,7.9352436,2956531,24600554.0,0.692568,0.2401,426893966.0,3432729193.7735415,2026-07-14
2014-02-12,sh.600129,太极集团,8.04117525,8.09895615,8.1471069,8.04117525,2660463,22330011.0,0.623214,0.7186,426893972.0,3457395559.9273276,2026-07-14
2014-02-13,sh.600129,太极集团,8.089326,7.9930245,8.1471069,7.9737642,2669481,22291713.0,0.625326,-1.308,426894292.0,3412176534.8661537,2026-07-14
2014-02-14,sh.600129,太极集团,8.02191495,8.0315451,8.11821645,7.98339435,2673918,22284085.0,0.626366,0.4819,426893861.0,3428617297.5346313,2026-07-14
2014-02-17,sh.600129,太极集团,8.0508054,8.21451795,8.33007975,7.9930245,6031233,51042347.0,1.412817,2.2782,426894141.0,3506729583.994331,2026-07-14
2014-02-18,sh.600129,太极集团,8.1856275,8.3204496,8.33007975,8.04117525,6003792,51128154.0,1.406389,1.2896,426894124.0,3551951043.2781506,2026-07-14
2014-02-19,sh.600129,太极集团,8.3397099,8.56120335,8.63824455,8.23377825,6355642,55562619.0,1.48881,2.8935,426894097.0,3654727173.331625,2026-07-14
2014-02-20,sh.600129,太极集团,8.5130526,8.65750485,8.96566965,8.4552717,14250248,129175569.0,3.338123,1.1249,426894036.0,3695837187.106075,2026-07-14
2014-02-21,sh.600129,太极集团,8.63824455,8.61898425,8.6863953,8.3974908,6409926,56763409.0,1.501526,-0.4449,426894106.0,3679393576.031831,2026-07-14
2014-02-24,sh.600129,太极集团,8.5323129,8.71528575,8.7634365,8.3589702,5424673,48162407.0,1.270731,1.1173,426893890.0,3720502236.2790675,2026-07-14
2014-02-25,sh.600129,太极集团,8.71528575,8.54194305,8.8982586,8.42638125,13197252,119854519.0,3.091459,-1.989,426893968.0,3646503963.044523,2026-07-14
2014-02-26,sh.600129,太极集团,8.38786065,8.48416215,8.52268275,8.00265465,5935615,51116856.0,1.390419,-0.6764,426893979.0,3621837738.6946945,2026-07-14
2014-02-27,sh.600129,太极集团,8.474532,8.79232695,8.81158725,8.3589702,7546680,67020082.0,1.767811,3.6322,426894051.0,3753392069.401974,2026-07-14
2014-02-28,sh.600129,太极集团,8.79232695,8.94640935,8.9560395,8.667135,15314535,140492014.0,3.587433,1.7525,426893966.0,3819168168.880982,2026-07-14
2014-03-03,sh.600129,太极集团,8.7634365,8.86936815,9.0330807,8.69602545,10315887,94722118.0,2.416498,-0.8611,426894084.0,3786280792.0530243,2026-07-14
2014-03-04,sh.600129,太极集团,8.81158725,8.59972395,8.81158725,8.4552717,7042298,62847895.0,1.64966,-3.0402,426893905.0,3671169738.937525,2026-07-14
2014-03-05,sh.600129,太极集团,8.61898425,8.474532,8.6863953,8.46490185,3065265,27287195.0,0.718039,-1.4558,426893943.0,3617726380.559676,2026-07-14
2014-03-06,sh.600129,太极集团,8.474532,8.48416215,8.5708335,8.3011893,3770699,32982313.0,0.883287,0.1136,426893977.0,3621837721.7263703,2026-07-14
2014-03-07,sh.600129,太极集团,8.474532,8.36860035,8.5323129,8.3589702,3116228,27303956.0,0.729977,-1.3621,426893998.0,3572505261.075699,2026-07-14
2014-03-10,sh.600129,太极集团,8.3204496,8.19525765,8.56120335,8.09895615,4260426,36783113.0,0.998006,-2.0713,426893826.0,3498504893.264269,2026-07-14
2014-03-11,sh.600129,太极集团,8.17599735,8.17599735,8.23377825,7.9930245,4024435,33906955.0,0.942725,-0.235,426893845.0,3490282945.4513106,2026-07-14
2014-03-12,sh.600129,太极集团,8.1856275,8.3782305,8.38786065,8.1085863,3958966,33903266.0,0.927389,2.4735,426893785.0,3576614529.7474427,2026-07-14
2014-03-13,sh.600129,太极集团,8.36860035,8.50342245,8.56120335,8.34934005,7506843,65861225.0,1.758479,1.4943,426894094.0,3630060822.6920104,2026-07-14
2014-03-14,sh.600129,太极集团,8.38786065,8.38786065,8.4552717,8.17599735,5413971,46914829.0,1.268224,-1.359,426893908.0,3580726612.6379204,2026-07-14
2014-03-17,sh.600129,太极集团,8.34934005,8.42638125,8.44564155,8.1856275,2201104,19094579.0,0.515609,0.4592,426894022.0,3597171782.717888,2026-07-14
2014-03-18,sh.600129,太极集团,8.3974908,8.42638125,8.48416215,8.3589702,3152622,27585037.0,0.738502,0.0,426894172.0,3597173046.675075,2026-07-14
2014-03-19,sh.600129,太极集团,8.42638125,8.2626687,8.42638125,8.19525765,2910106,24947394.0,0.681693,-1.9429,426893924.0,3527283064.0549793,2026-07-14
2014-03-20,sh.600129,太极集团,8.2626687,7.9545039,8.3011893,7.896723,3830034,32474561.0,0.897186,-3.7296,426894089.0,3395730695.837447,2026-07-14
2014-03-21,sh.600129,太极集团,7.896723,8.07969585,8.13747675,7.82931195,2972629,24575397.0,0.696339,1.5739,426893941.0,3449173203.487845,2026-07-14
2014-03-24,sh.600129,太极集团,8.02191495,8.0122848,8.1663672,8.00265465,3142928,26303724.0,0.736231,-0.8343,426894276.0,3420398518.8018045,2026-07-14
2014-03-25,sh.600129,太极集团,8.00265465,8.04117525,8.15673705,7.9159833,2345429,19654714.0,0.549417,0.3606,426894144.0,3432730625.102736,2026-07-14
2014-03-26,sh.600129,太极集团,8.089326,8.1663672,8.19525765,8.04117525,3094659,26188794.0,0.724924,1.5569,426894268.0,3486175348.0632095,2026-07-14
2014-03-27,sh.600129,太极集团,8.15673705,7.9930245,8.17599735,7.94487375,3078306,25695967.0,0.721094,-2.1226,426893858.0,3412173065.893521,2026-07-14
2014-03-28,sh.600129,太极集团,7.96413405,7.88709285,7.9930245,7.82931195,2604332,21372209.0,0.610065,-1.3253,426894183.0,3366954058.4458914,2026-07-14
2014-03-31,sh.600129,太极集团,7.88709285,7.81005165,7.9352436,7.79079135,1718248,14021253.0,0.4025,-0.9768,426893913.0,3334063509.6006064,2026-07-14
2014-04-01,sh.600129,太极集团,7.82931195,7.94487375,7.9545039,7.8004215,1197767,9819481.0,0.280577,1.7263,426894222.0,3391620698.3944726,2026-07-14
2014-04-02,sh.600129,太极集团,7.94487375,7.9545039,8.0122848,7.8774627,1772211,14576747.0,0.415141,0.1212,426893754.0,3395728031.0786405,2026-07-14
2014-04-03,sh.600129,太极集团,7.94487375,8.07969585,8.1471069,7.9159833,3623094,30299301.0,0.84871,1.5739,426894228.0,3449175522.3605537,2026-07-14
2014-04-04,sh.600129,太极集团,8.07969585,8.25303855,8.281929,8.07969585,4566266,38878347.0,1.069649,2.1454,426893869.0,3523171557.6156497,2026-07-14
2014-04-08,sh.600129,太极集团,8.1856275,8.2241481,8.2626687,8.089326,2961232,25118876.0,0.693669,-0.3501,426894095.0,3510840260.2954698,2026-07-14
2014-04-09,sh.600129,太极集团,8.19525765,8.2048878,8.25303855,8.11821645,1890009,16055405.0,0.442735,-0.2342,426893966.0,3502617093.5270147,2026-07-14
2014-04-10,sh.600129,太极集团,8.2241481,8.19525765,8.23377825,8.17599735,1970550,16785211.0,0.461602,-0.1174,426893731.0,3498504114.7147923,2026-07-14
2014-04-11,sh.600129,太极集团,8.1856275,8.1085863,8.19525765,8.0700657,2513417,21165032.0,0.588768,-1.0576,426894295.0,3461509231.985159,2026-07-14
2014-04-14,sh.600129,太极集团,8.15673705,8.3782305,8.4167511,8.11821645,5541227,47811128.0,1.298033,3.3254,426894154.0,3576617621.3144975,2026-07-14
2014-04-15,sh.600129,太极集团,8.3782305,8.3204496,8.38786065,8.25303855,2488873,21493601.0,0.583019,-0.6896,426893978.0,3551949828.492509,2026-07-14
2014-04-16,sh.600129,太极集团,8.3011893,8.3589702,8.5515732,8.29155915,4566601,39954706.0,1.069727,0.463,426894058.0,3568394709.3790717,2026-07-14
2014-04-17,sh.600129,太极集团,8.40712095,8.2048878,8.4360114,8.19525765,2792678,24112886.0,0.654185,-1.8433,426894227.0,3502619235.0027304,2026-07-14
2014-04-18,sh.600129,太极集团,8.17599735,8.3204496,8.3204496,8.09895615,2210333,18947111.0,0.517771,1.4084,426893936.0,3551949479.0336256,2026-07-14
2014-04-21,sh.600129,太极集团,8.29155915,8.1856275,8.40712095,8.1278466,2177770,18747371.0,0.510143,-1.6204,426894028.0,3494395495.1825705,2026-07-14
2014-04-22,sh.600129,太极集团,8.15673705,8.02191495,8.19525765,7.9737642,2801236,23432492.0,0.65619,-2.0,426894040.0,3424507681.541898,2026-07-14
2014-04-23,sh.600129,太极集团,8.04117525,8.09895615,8.19525765,8.00265465,1892610,15908312.0,0.443344,0.9604,426894240.0,3457397730.4475756,2026-07-14
2014-04-24,sh.600129,太极集团,8.0700657,8.0122848,8.15673705,8.00265465,1351797,11333169.0,0.316659,-1.0702,426893598.0,3420393086.47271,2026-07-14
2014-04-25,sh.600129,太极集团,8.0122848,8.0122848,8.0122848,8.0122848,0,0.0,0.0,0.0,426893598.0,3420393086.47271,2026-07-14
2014-04-28,sh.600129,太极集团,8.0122848,8.0122848,8.0122848,8.0122848,0,0.0,0.0,0.0,426893598.0,3420393086.47271,2026-07-14
2014-04-29,sh.600129,太极集团,8.0122848,8.0122848,8.0122848,8.0122848,0,0.0,0.0,0.0,426893598.0,3420393086.47271,2026-07-14
2014-04-30,sh.600129,太极集团,8.0122848,8.0122848,8.0122848,8.0122848,0,0.0,0.0,0.0,426893598.0,3420393086.47271,2026-07-14
2014-05-05,sh.600129,太极集团,8.0122848,8.0122848,8.0122848,8.0122848,0,0.0,0.0,0.0,426893598.0,3420393086.47271,2026-07-14
2014-05-06,sh.600129,太极集团,8.0122848,8.0122848,8.0122848,8.0122848,0,0.0,0.0,0.0,426893598.0,3420393086.47271,2026-07-14
2014-05-07,sh.600129,太极集团,8.0122848,8.0122848,8.0122848,8.0122848,0,0.0,0.0,0.0,426893598.0,3420393086.47271,2026-07-14
2014-05-08,sh.600129,太极集团,8.0122848,8.0122848,8.0122848,8.0122848,0,0.0,0.0,0.0,426893598.0,3420393086.47271,2026-07-14
2014-05-09,sh.600129,太极集团,8.0122848,8.0122848,8.0122848,8.0122848,0,0.0,0.0,0.0,426893598.0,3420393086.47271,2026-07-14
2014-05-12,sh.600129,太极集团,8.0122848,8.0122848,8.0122848,8.0122848,0,0.0,0.0,0.0,426893598.0,3420393086.47271,2026-07-14
2014-05-13,sh.600129,太极集团,8.281929,8.3204496,8.667135,8.1856275,10187002,89244350.0,2.386307,3.8462,426894025.0,3551950219.55364,2026-07-14
2014-05-14,sh.600129,太极集团,8.2241481,8.4167511,8.50342245,8.2048878,5107584,44525918.0,1.196453,1.1574,426893827.0,3593059087.9854603,2026-07-14
2014-05-15,sh.600129,太极集团,8.474532,8.46490185,8.83084755,8.42638125,9971682,89539194.0,2.335868,0.5721,426894071.0,3613616411.3619313,2026-07-14
2014-05-16,sh.600129,太极集团,8.4167511,8.1856275,8.4167511,8.0508054,5794723,49530136.0,1.357415,-3.2992,426893986.0,3494395151.386215,2026-07-14
2014-05-19,sh.600129,太极集团,8.23377825,8.281929,8.34934005,8.1663672,2231161,19140983.0,0.52265,1.1765,426893906.0,3535505020.024674,2026-07-14
2014-05-20,sh.600129,太极集团,8.281929,7.9545039,8.34934005,7.9352436,5012119,42109403.0,1.17409,-3.9535,426893935.0,3395729470.8438463,2026-07-14
2014-05-21,sh.600129,太极集团,7.896723,7.98339435,8.0700657,7.79079135,4001201,32803812.0,0.937282,0.3632,426894040.0,3408063466.984674,2026-07-14
2014-05-22,sh.600129,太极集团,7.9737642,7.896723,8.09895615,7.8774627,2490284,20721317.0,0.583349,-1.0856,426894363.0,3371066534.872449,2026-07-14
2014-05-23,sh.600129,太极集团,7.90635315,8.0122848,8.02191495,7.90635315,1451789,12016483.0,0.340082,1.4634,426893808.0,3420394769.0525184,2026-07-14
2014-05-26,sh.600129,太极集团,8.02191495,8.1085863,8.21451795,7.9930245,2363549,19892749.0,0.553662,1.2019,426893845.0,3461505583.1213236,2026-07-14
2014-05-27,sh.600129,太极集团,8.13747675,8.0508054,8.17599735,8.04117525,2131828,17916535.0,0.499381,-0.7126,426894095.0,3436841285.2541127,2026-07-14
2014-05-28,sh.600129,太极集团,8.0508054,8.23377825,8.2434084,8.04117525,2673064,22637700.0,0.626166,2.2727,426893827.0,3514949107.811863,2026-07-14
2014-05-29,sh.600129,太极集团,8.23377825,8.1856275,8.33007975,8.13747675,3175776,27121530.0,0.743926,-0.5848,426894073.0,3494395863.5358076,2026-07-14
2014-05-30,sh.600129,太极集团,8.1856275,8.56120335,8.5708335,8.1856275,8612666,75423087.0,2.017519,4.5882,426893923.0,3654725683.682242,2026-07-14
2014-06-03,sh.600129,太极集团,8.4937923,8.48416215,8.6286144,8.3782305,4163703,36659643.0,0.975348,-0.8999,426894093.0,3621838705.8891797,2026-07-14
2014-06-04,sh.600129,太极集团,8.50342245,8.3782305,8.50342245,8.1856275,3691498,31811433.0,0.864734,-1.2486,426894051.0,3576616758.3567557,2026-07-14
2014-06-05,sh.600129,太极集团,8.3782305,8.65750485,8.69602545,8.3204496,6866273,60959985.0,1.608426,3.3333,426893932.0,3695836286.72557,2026-07-14
2014-06-06,sh.600129,太极集团,8.59972395,8.5900938,8.6863953,8.50342245,3083444,27574857.0,0.722297,-0.7786,426894200.0,3667061220.67596,2026-07-14
2014-06-09,sh.600129,太极集团,8.5708335,8.42638125,8.79232695,8.40712095,5197139,46308704.0,1.217431,-1.9058,426893927.0,3597170982.211669,2026-07-14
2014-06-10,sh.600129,太极集团,8.3974908,8.46490185,8.50342245,8.34934005,2800688,24553956.0,0.656062,0.4571,426893800.0,3613614117.3735304,2026-07-14
2014-06-11,sh.600129,太极集团,8.40712095,8.4552717,8.52268275,8.3397099,3632165,31741826.0,0.850835,-0.1138,426894169.0,3609506186.0407176,2026-07-14
2014-06-12,sh.600129,太极集团,8.42638125,8.3589702,8.46490185,8.31081945,2106662,18320067.0,0.493486,-1.1389,426893975.0,3568394015.584545,2026-07-14
2014-06-13,sh.600129,太极集团,8.40712095,8.5708335,8.59972395,8.38786065,4541893,40198679.0,1.063939,2.5346,426894117.0,3658838398.93652,2026-07-14
2014-06-16,sh.600129,太极集团,8.54194305,8.61898425,8.6286144,8.474532,3194149,28426138.0,0.74823,0.5618,426894003.0,3679392688.276453,2026-07-14
2014-06-17,sh.600129,太极集团,8.5515732,8.5130526,8.61898425,8.4552717,2709822,23966147.0,0.634776,-1.229,426894212.0,3634172881.391551,2026-07-14
2014-06-18,sh.600129,太极集团,8.5323129,8.3589702,8.5323129,8.33007975,2428535,21187266.0,0.568885,-1.81,426893836.0,3568392853.6876874,2026-07-14
2014-06-19,sh.600129,太极集团,8.38786065,8.09895615,8.3974908,8.0700657,3611979,30855468.0,0.846107,-3.1106,426893880.0,3457394814.823362,2026-07-14
2014-06-20,sh.600129,太极集团,8.1085863,8.21451795,8.23377825,8.04117525,1602027,13540921.0,0.375275,1.4269,426894144.0,3506729608.6378846,2026-07-14
2014-06-23,sh.600129,太极集团,8.25303855,8.2434084,8.33007975,8.17599735,1403485,12041267.0,0.328767,0.3517,426893514.0,3519057579.2131176,2026-07-14
2014-06-24,sh.600129,太极集团,8.2434084,8.2434084,8.2434084,8.2434084,0,0.0,0.0,0.0,426893514.0,3519057579.2131176,2026-07-14
2014-06-25,sh.600129,太极集团,8.2434084,8.2434084,8.2434084,8.2434084,0,0.0,0.0,0.0,426893514.0,3519057579.2131176,2026-07-14
2014-06-26,sh.600129,太极集团,8.2434084,8.2434084,8.2434084,8.2434084,0,0.0,0.0,0.0,426893514.0,3519057579.2131176,2026-07-14
2014-06-27,sh.600129,太极集团,8.2434084,8.2434084,8.2434084,8.2434084,0,0.0,0.0,0.0,426893514.0,3519057579.2131176,2026-07-14
2014-06-30,sh.600129,太极集团,8.2434084,8.2434084,8.2434084,8.2434084,0,0.0,0.0,0.0,426893514.0,3519057579.2131176,2026-07-14
2014-07-01,sh.600129,太极集团,8.2434084,8.2434084,8.2434084,8.2434084,0,0.0,0.0,0.0,426893514.0,3519057579.2131176,2026-07-14
2014-07-02,sh.600129,太极集团,8.2434084,8.2434084,8.2434084,8.2434084,0,0.0,0.0,0.0,426893514.0,3519057579.2131176,2026-07-14
2014-07-03,sh.600129,太极集团,8.2434084,8.2434084,8.2434084,8.2434084,0,0.0,0.0,0.0,426893514.0,3519057579.2131176,2026-07-14
2014-07-04,sh.600129,太极集团,8.2434084,8.2434084,8.2434084,8.2434084,0,0.0,0.0,0.0,426893514.0,3519057579.2131176,2026-07-14
2014-07-07,sh.600129,太极集团,8.2434084,8.2434084,8.2434084,8.2434084,0,0.0,0.0,0.0,426893514.0,3519057579.2131176,2026-07-14
2014-07-08,sh.600129,太极集团,8.2434084,8.2434084,8.2434084,8.2434084,0,0.0,0.0,0.0,426893514.0,3519057579.2131176,2026-07-14
2014-07-09,sh.600129,太极集团,8.2434084,8.2434084,8.2434084,8.2434084,0,0.0,0.0,0.0,426893514.0,3519057579.2131176,2026-07-14
2014-07-10,sh.600129,太极集团,8.2434084,8.2434084,8.2434084,8.2434084,0,0.0,0.0,0.0,426893514.0,3519057579.2131176,2026-07-14
2014-07-11,sh.600129,太极集团,8.2434084,8.2434084,8.2434084,8.2434084,0,0.0,0.0,0.0,426893514.0,3519057579.2131176,2026-07-14
2014-07-14,sh.600129,太极集团,8.2434084,8.2434084,8.2434084,8.2434084,0,0.0,0.0,0.0,426893514.0,3519057579.2131176,2026-07-14
2014-07-15,sh.600129,太极集团,8.2434084,8.2434084,8.2434084,8.2434084,0,0.0,0.0,0.0,426893514.0,3519057579.2131176,2026-07-14
2014-07-16,sh.600129,太极集团,8.2434084,8.2434084,8.2434084,8.2434084,0,0.0,0.0,0.0,426893514.0,3519057579.2131176,2026-07-14
2014-07-17,sh.600129,太极集团,8.2434084,8.2434084,8.2434084,8.2434084,0,0.0,0.0,0.0,426893514.0,3519057579.2131176,2026-07-14
2014-07-18,sh.600129,太极集团,8.2434084,8.2434084,8.2434084,8.2434084,0,0.0,0.0,0.0,426893514.0,3519057579.2131176,2026-07-14
2014-07-21,sh.600129,太极集团,8.281929,7.96413405,8.281929,7.896723,7726021,64398806.0,1.809822,-3.3878,426893971.0,3399840810.180813,2026-07-14
2014-07-22,sh.600129,太极集团,7.9159833,8.29155915,8.3011893,7.9159833,5356228,44944595.0,1.254697,4.1112,426894143.0,3539618037.473058,2026-07-14
2014-07-23,sh.600129,太极集团,8.281929,8.36860035,8.44564155,8.1856275,4721462,40743509.0,1.106003,0.9292,426894140.0,3572506449.416949,2026-07-14
2014-07-24,sh.600129,太极集团,8.3782305,8.44564155,8.59972395,8.29155915,8984843,78891594.0,2.104701,0.9206,426894034.0,3605393990.9975123,2026-07-14
2014-07-25,sh.600129,太极集团,8.474532,8.4937923,8.52268275,8.33007975,4077467,35683416.0,0.955147,0.5701,426894185.0,3625950541.467776,2026-07-14
2014-07-28,sh.600129,太极集团,8.4937923,8.5900938,8.59972395,8.4360114,5502801,48723072.0,1.289032,1.1338,426894057.0,3667059992.2925467,2026-07-14
2014-07-29,sh.600129,太极集团,8.5900938,8.69602545,8.71528575,8.52268275,5648625,50586192.0,1.323191,1.2332,426894152.0,3712282410.2481685,2026-07-14
2014-07-30,sh.600129,太极集团,8.65750485,8.69602545,8.7249159,8.5708335,4657863,41884133.0,1.091105,0.0,426894112.0,3712282062.4071507,2026-07-14
2014-07-31,sh.600129,太极集团,8.69602545,8.7826968,8.83084755,8.6286144,6481482,59064188.0,1.518288,0.9967,426894107.0,3749281507.4877577,2026-07-14
2014-08-01,sh.600129,太极集团,8.79232695,8.6286144,8.859738,8.61898425,5735982,52086937.0,1.343655,-1.7544,426893957.0,3683503344.643181,2026-07-14
2014-08-04,sh.600129,太极集团,8.65750485,8.90788875,8.92714905,8.6093541,7801925,71370418.0,1.827602,3.2366,426894094.0,3802725097.3840423,2026-07-14
2014-08-05,sh.600129,太极集团,8.92714905,8.9175189,9.00419025,8.8019571,4872421,45132402.0,1.141366,0.1081,426893827.0,3806833770.5658298,2026-07-14
2014-08-06,sh.600129,太极集团,8.9175189,9.052341,9.31235505,8.859738,7997086,75593430.0,1.873319,1.5119,426893978.0,3864389859.702498,2026-07-14
2014-08-07,sh.600129,太极集团,9.11975205,9.244944,9.29309475,9.00419025,8994600,85700654.0,2.106987,2.1277,426893949.0,3946610652.4438562,2026-07-14
2014-08-08,sh.600129,太极集团,9.35087565,10.00572585,10.1694384,9.33161535,20074803,204851228.0,4.702526,8.2292,426894035.0,4271384681.2103043,2026-07-14
2014-08-11,sh.600129,太极集团,9.94794495,10.06350675,10.0731369,9.73608165,12762372,131232675.0,2.989588,0.5775,426894007.0,4296050720.979048,2026-07-14
2014-08-12,sh.600129,太极集团,10.015356,9.83238315,10.015356,9.62051985,21882704,222442222.0,5.126028,-2.2966,426893962.0,4197384998.8055406,2026-07-14
2014-08-13,sh.600129,太极集团,9.9768354,10.54501425,10.81465845,9.8034927,26853579,287115120.0,6.290456,7.2478,426893996.0,4501603271.0594425,2026-07-14
2014-08-14,sh.600129,太极集团,10.4968635,10.3813017,10.9398504,10.27537005,23930433,263444057.0,5.605708,-1.5525,426894034.0,4431715760.884058,2026-07-14
2014-08-15,sh.600129,太极集团,10.400562,10.1501781,10.46797305,10.0346163,12865802,136703777.0,3.013817,-2.2263,426893935.0,4333049470.059823,2026-07-14
2014-08-18,sh.600129,太极集团,10.1501781,10.1501781,10.5353841,9.9960957,12206362,129771733.0,2.859343,0.0,426893940.0,4333049520.810714,2026-07-14
2014-08-19,sh.600129,太极集团,10.14054795,10.31389065,10.39093185,10.02498615,9327705,99115219.0,2.185017,1.6129,426893933.0,4402937344.110426,2026-07-14
2014-08-20,sh.600129,太极集团,10.2464796,10.3042605,10.4198223,10.15980825,6150483,65741931.0,1.440752,-0.0934,426893941.0,4398826373.935631,2026-07-14
2014-08-21,sh.600129,太极集团,10.3042605,10.4198223,10.7087268,10.3042605,13523789,147880959.0,3.16795,1.1215,426894017.0,4448159798.073179,2026-07-14
2014-08-22,sh.600129,太极集团,10.4198223,10.46797305,10.64131575,10.207959,7740011,83603057.0,1.813099,0.4621,426894009.0,4468714981.418457,2026-07-14
2014-08-25,sh.600129,太极集团,10.400562,10.6702062,10.978371,10.400562,10697016,119912764.0,2.505778,1.9319,426894003.0,4555047037.553419,2026-07-14
2014-08-26,sh.600129,太极集团,10.64131575,10.98800115,11.2287549,10.64131575,14320717,162902695.0,3.354631,2.9783,426893956.0,4690711279.45605,2026-07-14
2014-08-27,sh.600129,太极集团,10.98800115,11.1517137,11.21912475,10.6894665,15052126,171420347.0,3.525963,1.4899,426894043.0,4760600147.771489,2026-07-14
2014-08-28,sh.600129,太极集团,11.1517137,10.8628092,11.31542625,10.85317905,6755438,77674715.0,1.582463,-2.5907,426893899.0,4637266973.4810705,2026-07-14
2014-08-29,sh.600129,太极集团,10.73761725,10.71835695,10.8435489,10.52575395,6230010,69080183.0,1.459381,-1.3298,426894005.0,4575602325.405085,2026-07-14
2014-09-01,sh.600129,太极集团,10.7472474,11.00726145,11.1517137,10.71835695,6797750,77290261.0,1.592374,2.6954,426894059.0,4698934518.864725,2026-07-14
2014-09-02,sh.600129,太极集团,11.0554122,10.89169965,11.0746725,10.73761725,7701939,86775686.0,1.804181,-1.0499,426893920.0,4649600359.051127,2026-07-14
2014-09-03,sh.600129,太极集团,10.91095995,10.96874085,11.25764535,10.89169965,10488151,120780284.0,2.456851,0.7073,426894061.0,4682490325.513092,2026-07-14
2014-09-04,sh.600129,太极集团,11.0746725,11.77767345,11.81619405,11.0746725,15854441,190593203.0,3.713906,7.3749,426893976.0,5027817847.100137,2026-07-14
2014-09-05,sh.600129,太极集团,11.7295227,12.54808545,12.60586635,11.58507045,15503521,198075632.0,3.631703,6.5413,426893967.0,5356701976.00548,2026-07-14
2014-09-09,sh.600129,太极集团,12.62512665,13.02959295,13.3473879,12.50956485,16538969,220704969.0,3.874257,3.8373,426893957.0,5562254492.524803,2026-07-14
2014-09-10,sh.600129,太极集团,13.0007025,13.22219595,13.26071655,12.6347568,9710637,131674081.0,2.274719,1.4782,426893915.0,5644474993.992644,2026-07-14
2014-09-11,sh.600129,太极集团,13.08737385,12.9429216,13.3666482,12.83698995,8242685,112134082.0,1.930851,-2.1122,426893893.0,5525254188.617789,2026-07-14
2014-09-12,sh.600129,太极集团,13.02959295,13.89630645,14.060019,13.02959295,10748218,152234843.0,2.517772,7.3661,426894016.0,5932250068.007203,2026-07-14
2014-09-15,sh.600129,太极集团,14.060019,13.9251969,14.2141014,13.6362924,9260960,133296359.0,2.169382,0.2079,426893926.0,5944581974.964029,2026-07-14
2014-09-16,sh.600129,太极集团,13.867416,12.93329145,13.9829778,12.89477085,12363036,172271120.0,2.896044,-7.1231,426893928.0,5521143589.059316,2026-07-14
2014-09-17,sh.600129,太极集团,12.9621819,13.39553865,13.4436894,12.8080995,9028796,123283045.0,2.114997,3.5741,426894033.0,5718475518.505876,2026-07-14
2014-09-18,sh.600129,太极集团,13.3473879,13.6555527,13.867416,13.1933055,6631870,93508497.0,1.553517,1.9411,426893945.0,5829472763.258401,2026-07-14
2014-09-19,sh.600129,太极集团,13.5785115,13.76148435,13.8481557,13.31849745,5815323,81891016.0,1.362241,0.7757,426893846.0,5874692980.84031,2026-07-14
2014-09-22,sh.600129,太极集团,13.7711145,13.47257985,13.7711145,13.289607,5028603,70604008.0,1.177951,-2.0994,426894073.0,5751364485.984229,2026-07-14
2014-09-23,sh.600129,太极集团,13.4629497,13.22219595,13.62666225,12.97181205,9635794,131621122.0,2.257187,-1.8585,426893917.0,5644475020.437036,2026-07-14
2014-09-24,sh.600129,太极集团,13.097004,13.22219595,13.2510864,12.519195,8028756,109147826.0,1.880738,0.0,426893911.0,5644474941.10386,2026-07-14
2014-09-25,sh.600129,太极集团,13.24145625,13.04885325,13.4051688,13.0007025,4957881,67869307.0,1.161385,-1.311,426893838.0,5570475045.3912735,2026-07-14
2014-09-26,sh.600129,太极集团,13.0007025,13.27997685,13.3859085,12.904401,5235746,71936856.0,1.226474,1.7712,426894170.0,5669144694.999965,2026-07-14
2014-09-29,sh.600129,太极集团,13.27997685,13.2703467,13.4629497,13.1162643,4179779,57638193.0,0.979114,-0.0725,426894008.0,5665031490.312573,2026-07-14
2014-09-30,sh.600129,太极集团,13.3666482,13.9251969,14.252622,13.24145625,9255606,133277875.0,2.168127,4.9347,426894089.0,5944584244.771124,2026-07-14
2014-10-08,sh.600129,太极集团,13.7711145,14.6570883,14.7341295,13.5977718,12132108,179596545.0,2.841949,5.2559,426893938.0,6257022144.000726,2026-07-14
2014-10-09,sh.600129,太极集团,14.64745815,14.62819785,14.66671845,14.1755808,6215072,93001679.0,1.455882,-0.1971,426893938.0,6244688986.029633,2026-07-14
2014-10-10,sh.600129,太极集团,14.5415265,15.1193355,15.49491135,14.3489235,9380539,147066316.0,2.197393,3.3575,426894006.0,6454353699.653013,2026-07-14
2014-10-13,sh.600129,太极集团,15.12896565,15.1000752,15.3504591,14.74375965,4905084,76767578.0,1.149017,-0.1274,426893945.0,6446130671.924664,2026-07-14
2014-10-14,sh.600129,太极集团,15.1000752,15.53343195,15.8704872,15.03266415,7435021,120506341.0,1.741655,2.8699,426894017.0,6631129162.9316435,2026-07-14
2014-10-15,sh.600129,太极集团,16.178652,15.8512269,17.0838861,15.84159675,13996321,237497017.0,3.278641,2.0459,426893978.0,6766793307.521608,2026-07-14
2014-10-16,sh.600129,太极集团,15.84159675,15.30230835,16.40014545,15.1193355,10290834,168481436.0,2.41063,-3.4629,426893965.0,6532463085.184108,2026-07-14
2014-10-17,sh.600129,太极集团,15.34082895,15.3504591,15.793446,15.03266415,9801250,157028585.0,2.295945,0.3147,426893937.0,6553017919.956477,2026-07-14
2014-10-20,sh.600129,太极集团,15.3889797,16.8720228,16.88165295,15.3889797,14776586,250982352.0,3.461418,9.9122,426894007.0,7202565419.287359,2026-07-14
2014-10-21,sh.600129,太极集团,17.141667,17.1609273,17.90244885,16.6216389,11877287,213756694.0,2.782257,1.7123,426893957.0,7325896160.886327,2026-07-14
2014-10-22,sh.600129,太极集团,17.30537955,16.53496755,17.32463985,16.4290359,9730768,170111585.0,2.279434,-3.6476,426894045.0,7058679181.36324,2026-07-14
2014-10-23,sh.600129,太极集团,16.371255,16.66978965,16.82387205,15.986049,8414034,142702953.0,1.970989,0.8154,426894011.0,7116233366.214786,2026-07-14
2014-10-24,sh.600129,太极集团,16.70831025,17.0453655,17.18981775,16.4290359,5589943,98132820.0,1.309445,2.253,426894066.0,7276565384.751122,2026-07-14
2014-10-27,sh.600129,太极集团,17.03573535,17.07425595,17.4305715,16.4675565,7720966,135716590.0,1.808638,0.1695,426893939.0,7288896377.989688,2026-07-14
2014-10-28,sh.600129,太极集团,17.0838861,17.18981775,17.42094135,16.8527625,7562919,135296040.0,1.771615,0.6768,426894049.0,7338230900.86957,2026-07-14
2014-10-29,sh.600129,太极集团,17.1994479,17.1224067,17.32463985,16.8720228,5456675,96962966.0,1.278227,-0.3922,426894049.0,7309453524.787728,2026-07-14
2014-10-30,sh.600129,太极集团,17.05499565,16.6408992,17.24759865,16.38088515,8709260,151647471.0,2.040146,-2.8121,426893958.0,7103899324.167033,2026-07-14
2014-10-31,sh.600129,太极集团,16.4868168,16.51570725,16.8142419,15.99567915,7160306,121615384.0,1.677303,-0.7523,426894008.0,7050456462.907157,2026-07-14
2014-11-03,sh.600129,太极集团,16.2749535,16.16902185,16.371255,15.70677465,7779571,129556781.0,1.822366,-2.0991,426893994.0,6902458316.619769,2026-07-14
2014-11-04,sh.600129,太极集团,16.09198065,15.80307615,16.13050125,15.70677465,8241464,135801339.0,1.930564,-2.2633,426894110.0,6746240128.316477,2026-07-14
2014-11-05,sh.600129,太极集团,15.80307615,15.8897475,16.0630902,15.74529525,5679963,93869107.0,1.330532,0.5484,426894130.0,6783239934.932175,2026-07-14
2014-11-06,sh.600129,太极集团,16.0630902,16.0823505,16.3327344,16.0053093,6509156,109243391.0,1.524771,1.2121,426894006.0,6865459030.841104,2026-07-14
2014-11-07,sh.600129,太极集团,16.09198065,15.793446,16.3519947,15.78381585,6490580,108328224.0,1.52042,-1.7964,426893885.0,6742125520.47771,2026-07-14
2014-11-10,sh.600129,太极集团,15.7549254,15.0615546,15.7741857,14.4644853,16082896,250586535.0,3.767421,-4.6341,426894048.0,6429688012.367021,2026-07-14
2014-11-11,sh.600129,太极集团,15.0615546,14.2911426,15.07118475,14.252622,10281898,154061358.0,2.408537,-5.1151,426893919.0,6100801871.501849,2026-07-14
2014-11-12,sh.600129,太极集团,14.2718823,15.24452745,15.2734179,14.252622,8094574,124535092.0,1.896155,6.6712,426894109.0,6507798962.893792,2026-07-14
2014-11-13,sh.600129,太极集团,15.215637,15.3311988,15.59121285,14.80154055,5859846,92431532.0,1.37267,0.5685,426894009.0,6544796918.507989,2026-07-14
2014-11-14,sh.600129,太极集团,15.45639075,15.22526715,15.59121285,14.97488325,5331906,84222397.0,1.249,-0.691,426893995.0,6499575118.605764,2026-07-14
2014-11-17,sh.600129,太极集团,15.0422943,15.1193355,15.3697194,14.84006115,3188936,50277999.0,0.747009,-0.6958,426893920.0,6454352399.39016,2026-07-14
2014-11-18,sh.600129,太极集团,15.1193355,15.3119385,15.5045415,14.84006115,4517120,71758501.0,1.058136,1.2739,426894085.0,6536575975.533772,2026-07-14
2014-11-19,sh.600129,太极集团,15.3119385,16.11124095,16.2556932,15.3119385,7838611,130316799.0,1.836196,5.2201,426894024.0,6877792480.779082,2026-07-14
2014-11-20,sh.600129,太极集团,16.1593917,16.178652,16.36162485,15.793446,4097212,68564110.0,0.959773,0.4184,426893859.0,6906567185.698068,2026-07-14
2014-11-21,sh.600129,太极集团,16.1593917,16.1401314,16.2749535,15.91863795,3427651,57448521.0,0.802928,-0.2381,426893943.0,6890124333.88411,2026-07-14
2014-11-24,sh.600129,太极集团,16.14976155,15.93789825,16.36162485,15.84159675,5197582,86319419.0,1.217535,-1.253,426893847.0,6803790697.037067,2026-07-14
2014-11-25,sh.600129,太极集团,16.05346005,15.9475284,16.0823505,15.78381585,4107789,67850456.0,0.96225,0.0604,426894154.0,6807906644.708973,2026-07-14
2014-11-26,sh.600129,太极集团,16.03419975,16.5445977,16.9105434,15.9667887,8211376,140432664.0,1.923516,3.744,426894084.0,7062790880.290007,2026-07-14
2014-11-27,sh.600129,太极集团,16.563858,16.2556932,16.8142419,16.09198065,5749208,98043439.0,1.346753,-1.7462,426894018.0,6939458185.523277,2026-07-14
2014-11-28,sh.600129,太极集团,16.178652,15.55269225,16.24606305,15.3697194,11809075,191408757.0,2.766278,-4.3246,426894007.0,6639351114.240346,2026-07-14
2014-12-01,sh.600129,太极集团,15.5430621,14.89784205,15.5430621,14.5993074,10795748,166493689.0,2.528906,-4.2105,426894001.0,6359799398.990541,2026-07-14
2014-12-02,sh.600129,太极集团,14.91710235,15.34082895,15.3504591,14.91710235,4787393,75296198.0,1.121448,2.9735,426893891.0,6548906161.630944,2026-07-14
2014-12-03,sh.600129,太极集团,15.34082895,14.9845134,15.41787015,14.252622,10845373,166070483.0,2.540531,-2.3227,426893945.0,6396798039.231363,2026-07-14
2014-12-04,sh.600129,太极集团,14.8496913,15.14822595,15.3311988,14.7341295,7477446,116485429.0,1.751593,1.0925,426894033.0,6466687268.590756,2026-07-14
2014-12-05,sh.600129,太极集团,15.10970535,15.39860985,15.5623224,14.64745815,12171073,193087903.0,2.851076,1.6529,426894022.0,6573574492.075316,2026-07-14
2014-12-08,sh.600129,太极集团,15.40824,15.32156865,15.43713045,14.445225,8556965,135051320.0,2.004471,-0.5003,426893929.0,6540684639.441726,2026-07-14
2014-12-09,sh.600129,太极集团,15.2348973,15.6971445,16.756461,14.95562295,19470962,321769888.0,4.561077,2.4513,426893955.0,6701016097.811498,2026-07-14
2014-12-10,sh.600129,太极集团,15.793446,16.563858,16.6986801,15.793446,14441595,246192706.0,3.382946,5.5215,426894044.0,7071012325.861752,2026-07-14
2014-12-11,sh.600129,太极集团,16.6986801,16.6023786,16.70831025,16.178652,9875479,169145013.0,2.313333,0.2326,426893966.0,7087455245.587528,2026-07-14
2014-12-12,sh.600129,太极集团,16.55422785,16.4290359,16.55422785,15.99567915,7716499,130128897.0,1.807591,-1.0441,426894082.0,7013458198.675543,2026-07-14
2014-12-15,sh.600129,太极集团,16.38088515,16.563858,16.57348815,15.986049,7136904,121821465.0,1.671821,0.8206,426894028.0,7071012060.840024,2026-07-14
2014-12-16,sh.600129,太极集团,16.57348815,16.3519947,16.8527625,16.32310425,8397047,144483413.0,1.96701,-1.2791,426893966.0,6980567869.493979,2026-07-14
2014-12-17,sh.600129,太极集团,16.3519947,16.3519947,16.3519947,16.3519947,0,0.0,0.0,0.0,426893966.0,6980567869.493979,2026-07-14
2014-12-18,sh.600129,太极集团,16.3519947,16.3519947,16.3519947,16.3519947,0,0.0,0.0,0.0,426893966.0,6980567869.493979,2026-07-14
2014-12-19,sh.600129,太极集团,16.3519947,16.3519947,16.3519947,16.3519947,0,0.0,0.0,0.0,426893966.0,6980567869.493979,2026-07-14
2014-12-22,sh.600129,太极集团,16.3519947,16.3519947,16.3519947,16.3519947,0,0.0,0.0,0.0,426893966.0,6980567869.493979,2026-07-14
2014-12-23,sh.600129,太极集团,16.3519947,16.3519947,16.3519947,16.3519947,0,0.0,0.0,0.0,426893966.0,6980567869.493979,2026-07-14
2014-12-24,sh.600129,太极集团,16.3519947,16.3519947,16.3519947,16.3519947,0,0.0,0.0,0.0,426893966.0,6980567869.493979,2026-07-14
2014-12-25,sh.600129,太极集团,16.3519947,16.3519947,16.3519947,16.3519947,0,0.0,0.0,0.0,426893966.0,6980567869.493979,2026-07-14
2014-12-26,sh.600129,太极集团,16.3519947,16.3519947,16.3519947,16.3519947,0,0.0,0.0,0.0,426893966.0,6980567869.493979,2026-07-14
2014-12-29,sh.600129,太极集团,16.3519947,16.3519947,16.3519947,16.3519947,0,0.0,0.0,0.0,426893966.0,6980567869.493979,2026-07-14
2014-12-30,sh.600129,太极集团,16.3519947,16.3519947,16.3519947,16.3519947,0,0.0,0.0,0.0,426893966.0,6980567869.493979,2026-07-14
2014-12-31,sh.600129,太极集团,16.3519947,16.3519947,16.3519947,16.3519947,0,0.0,0.0,0.0,426893966.0,6980567869.493979,2026-07-14
2015-01-05,sh.600129,太极集团,16.3519947,16.3519947,16.3519947,16.3519947,0,0.0,0.0,0.0,426893966.0,6980567869.493979,2026-07-14
2015-01-06,sh.600129,太极集团,16.3519947,16.3519947,16.3519947,16.3519947,0,0.0,0.0,0.0,426893966.0,6980567869.493979,2026-07-14
2015-01-07,sh.600129,太极集团,16.3519947,16.3519947,16.3519947,16.3519947,0,0.0,0.0,0.0,426893966.0,6980567869.493979,2026-07-14
2015-01-08,sh.600129,太极集团,16.3519947,16.3519947,16.3519947,16.3519947,0,0.0,0.0,0.0,426893966.0,6980567869.493979,2026-07-14
2015-01-09,sh.600129,太极集团,16.3519947,16.3519947,16.3519947,16.3519947,0,0.0,0.0,0.0,426893966.0,6980567869.493979,2026-07-14
2015-01-12,sh.600129,太极集团,16.3519947,16.3519947,16.3519947,16.3519947,0,0.0,0.0,0.0,426893966.0,6980567869.493979,2026-07-14
2015-01-13,sh.600129,太极集团,16.3519947,16.3519947,16.3519947,16.3519947,0,0.0,0.0,0.0,426893966.0,6980567869.493979,2026-07-14
2015-01-14,sh.600129,太极集团,16.3519947,16.3519947,16.3519947,16.3519947,0,0.0,0.0,0.0,426893966.0,6980567869.493979,2026-07-14
2015-01-15,sh.600129,太极集团,16.3519947,16.3519947,16.3519947,16.3519947,0,0.0,0.0,0.0,426893966.0,6980567869.493979,2026-07-14
2015-01-16,sh.600129,太极集团,16.3519947,16.3519947,16.3519947,16.3519947,0,0.0,0.0,0.0,426893966.0,6980567869.493979,2026-07-14
2015-01-19,sh.600129,太极集团,16.3519947,16.3519947,16.3519947,16.3519947,0,0.0,0.0,0.0,426893966.0,6980567869.493979,2026-07-14
2015-01-20,sh.600129,太极集团,16.3519947,16.3519947,16.3519947,16.3519947,0,0.0,0.0,0.0,426893966.0,6980567869.493979,2026-07-14
2015-01-21,sh.600129,太极集团,16.3519947,16.3519947,16.3519947,16.3519947,0,0.0,0.0,0.0,426893966.0,6980567869.493979,2026-07-14
2015-01-22,sh.600129,太极集团,16.3519947,16.3519947,16.3519947,16.3519947,0,0.0,0.0,0.0,426893966.0,6980567869.493979,2026-07-14
2015-01-23,sh.600129,太极集团,16.3519947,16.3519947,16.3519947,16.3519947,0,0.0,0.0,0.0,426893966.0,6980567869.493979,2026-07-14
2015-01-26,sh.600129,太极集团,16.3519947,16.3519947,16.3519947,16.3519947,0,0.0,0.0,0.0,426893966.0,6980567869.493979,2026-07-14
2015-01-27,sh.600129,太极集团,16.3519947,16.3519947,16.3519947,16.3519947,0,0.0,0.0,0.0,426893966.0,6980567869.493979,2026-07-14
2015-01-28,sh.600129,太极集团,16.3519947,16.3519947,16.3519947,16.3519947,0,0.0,0.0,0.0,426893966.0,6980567869.493979,2026-07-14
2015-01-29,sh.600129,太极集团,16.3519947,16.3519947,16.3519947,16.3519947,0,0.0,0.0,0.0,426893966.0,6980567869.493979,2026-07-14
2015-01-30,sh.600129,太极集团,16.3519947,16.3519947,16.3519947,16.3519947,0,0.0,0.0,0.0,426893966.0,6980567869.493979,2026-07-14
2015-02-02,sh.600129,太极集团,16.3519947,16.3519947,16.3519947,16.3519947,0,0.0,0.0,0.0,426893966.0,6980567869.493979,2026-07-14
2015-02-03,sh.600129,太极集团,16.3519947,16.3519947,16.3519947,16.3519947,0,0.0,0.0,0.0,426893966.0,6980567869.493979,2026-07-14
2015-02-04,sh.600129,太极集团,16.3519947,16.3519947,16.3519947,16.3519947,0,0.0,0.0,0.0,426893966.0,6980567869.493979,2026-07-14
2015-02-05,sh.600129,太极集团,16.3519947,16.3519947,16.3519947,16.3519947,0,0.0,0.0,0.0,426893966.0,6980567869.493979,2026-07-14
2015-02-06,sh.600129,太极集团,16.3519947,16.3519947,16.3519947,16.3519947,0,0.0,0.0,0.0,426893966.0,6980567869.493979,2026-07-14
2015-02-09,sh.600129,太极集团,16.3519947,16.3519947,16.3519947,16.3519947,0,0.0,0.0,0.0,426893966.0,6980567869.493979,2026-07-14
2015-02-10,sh.600129,太极集团,16.3519947,16.3519947,16.3519947,16.3519947,0,0.0,0.0,0.0,426893966.0,6980567869.493979,2026-07-14
2015-02-11,sh.600129,太极集团,16.3519947,16.3519947,16.3519947,16.3519947,0,0.0,0.0,0.0,426893966.0,6980567869.493979,2026-07-14
2015-02-12,sh.600129,太极集团,16.3519947,16.3519947,16.3519947,16.3519947,0,0.0,0.0,0.0,426893966.0,6980567869.493979,2026-07-14
2015-02-13,sh.600129,太极集团,16.3519947,16.3519947,16.3519947,16.3519947,0,0.0,0.0,0.0,426893966.0,6980567869.493979,2026-07-14
2015-02-16,sh.600129,太极集团,16.3519947,16.3519947,16.3519947,16.3519947,0,0.0,0.0,0.0,426893966.0,6980567869.493979,2026-07-14
2015-02-17,sh.600129,太极集团,16.3519947,16.3519947,16.3519947,16.3519947,0,0.0,0.0,0.0,426893966.0,6980567869.493979,2026-07-14
2015-02-25,sh.600129,太极集团,16.3519947,16.3519947,16.3519947,16.3519947,0,0.0,0.0,0.0,426893966.0,6980567869.493979,2026-07-14
2015-02-26,sh.600129,太极集团,16.3519947,16.3519947,16.3519947,16.3519947,0,0.0,0.0,0.0,426893966.0,6980567869.493979,2026-07-14
2015-02-27,sh.600129,太极集团,16.3519947,16.3519947,16.3519947,16.3519947,0,0.0,0.0,0.0,426893966.0,6980567869.493979,2026-07-14
2015-03-02,sh.600129,太极集团,16.3519947,16.3519947,16.3519947,16.3519947,0,0.0,0.0,0.0,426893966.0,6980567869.493979,2026-07-14
2015-03-03,sh.600129,太极集团,16.3519947,16.3519947,16.3519947,16.3519947,0,0.0,0.0,0.0,426893966.0,6980567869.493979,2026-07-14
2015-03-04,sh.600129,太极集团,16.3519947,16.3519947,16.3519947,16.3519947,0,0.0,0.0,0.0,426893966.0,6980567869.493979,2026-07-14
2015-03-05,sh.600129,太极集团,16.3519947,16.3519947,16.3519947,16.3519947,0,0.0,0.0,0.0,426893966.0,6980567869.493979,2026-07-14
2015-03-06,sh.600129,太极集团,16.3519947,16.3519947,16.3519947,16.3519947,0,0.0,0.0,0.0,426893966.0,6980567869.493979,2026-07-14
2015-03-09,sh.600129,太极集团,16.3519947,16.3519947,16.3519947,16.3519947,0,0.0,0.0,0.0,426893966.0,6980567869.493979,2026-07-14
2015-03-10,sh.600129,太极集团,16.3519947,16.3519947,16.3519947,16.3519947,0,0.0,0.0,0.0,426893966.0,6980567869.493979,2026-07-14
2015-03-11,sh.600129,太极集团,16.3519947,16.3519947,16.3519947,16.3519947,0,0.0,0.0,0.0,426893966.0,6980567869.493979,2026-07-14
2015-03-12,sh.600129,太极集团,16.3519947,16.3519947,16.3519947,16.3519947,0,0.0,0.0,0.0,426893966.0,6980567869.493979,2026-07-14
2015-03-13,sh.600129,太极集团,16.3519947,16.3519947,16.3519947,16.3519947,0,0.0,0.0,0.0,426893966.0,6980567869.493979,2026-07-14
2015-03-16,sh.600129,太极集团,16.3519947,16.3519947,16.3519947,16.3519947,0,0.0,0.0,0.0,426893966.0,6980567869.493979,2026-07-14
2015-03-17,sh.600129,太极集团,16.3519947,16.3519947,16.3519947,16.3519947,0,0.0,0.0,0.0,426893966.0,6980567869.493979,2026-07-14
2015-03-18,sh.600129,太极集团,16.3519947,16.3519947,16.3519947,16.3519947,0,0.0,0.0,0.0,426893966.0,6980567869.493979,2026-07-14
2015-03-19,sh.600129,太极集团,16.3519947,16.3519947,16.3519947,16.3519947,0,0.0,0.0,0.0,426893966.0,6980567869.493979,2026-07-14
2015-03-20,sh.600129,太极集团,16.3519947,16.3519947,16.3519947,16.3519947,0,0.0,0.0,0.0,426893966.0,6980567869.493979,2026-07-14
2015-03-23,sh.600129,太极集团,16.3519947,16.3519947,16.3519947,16.3519947,0,0.0,0.0,0.0,426893966.0,6980567869.493979,2026-07-14
2015-03-24,sh.600129,太极集团,16.3519947,16.3519947,16.3519947,16.3519947,0,0.0,0.0,0.0,426893966.0,6980567869.493979,2026-07-14
2015-03-25,sh.600129,太极集团,16.3519947,16.3519947,16.3519947,16.3519947,0,0.0,0.0,0.0,426893966.0,6980567869.493979,2026-07-14
2015-03-26,sh.600129,太极集团,16.3519947,16.3519947,16.3519947,16.3519947,0,0.0,0.0,0.0,426893966.0,6980567869.493979,2026-07-14
2015-03-27,sh.600129,太极集团,16.3519947,16.3519947,16.3519947,16.3519947,0,0.0,0.0,0.0,426893966.0,6980567869.493979,2026-07-14
2015-03-30,sh.600129,太极集团,16.3519947,16.3519947,16.3519947,16.3519947,0,0.0,0.0,0.0,426893966.0,6980567869.493979,2026-07-14
2015-03-31,sh.600129,太极集团,16.3519947,16.3519947,16.3519947,16.3519947,0,0.0,0.0,0.0,426893966.0,6980567869.493979,2026-07-14
2015-04-01,sh.600129,太极集团,16.3519947,16.3519947,16.3519947,16.3519947,0,0.0,0.0,0.0,426893966.0,6980567869.493979,2026-07-14
2015-04-02,sh.600129,太极集团,16.3519947,16.3519947,16.3519947,16.3519947,0,0.0,0.0,0.0,426893966.0,6980567869.493979,2026-07-14
2015-04-03,sh.600129,太极集团,16.3519947,16.3519947,16.3519947,16.3519947,0,0.0,0.0,0.0,426893966.0,6980567869.493979,2026-07-14
2015-04-07,sh.600129,太极集团,16.3519947,16.3519947,16.3519947,16.3519947,0,0.0,0.0,0.0,426893966.0,6980567869.493979,2026-07-14
2015-04-08,sh.600129,太极集团,16.3519947,16.3519947,16.3519947,16.3519947,0,0.0,0.0,0.0,426893966.0,6980567869.493979,2026-07-14
2015-04-09,sh.600129,太极集团,16.3519947,16.3519947,16.3519947,16.3519947,0,0.0,0.0,0.0,426893966.0,6980567869.493979,2026-07-14
2015-04-10,sh.600129,太极集团,16.3519947,16.3519947,16.3519947,16.3519947,0,0.0,0.0,0.0,426893966.0,6980567869.493979,2026-07-14
2015-04-13,sh.600129,太极集团,16.3519947,16.3519947,16.3519947,16.3519947,0,0.0,0.0,0.0,426893966.0,6980567869.493979,2026-07-14
2015-04-14,sh.600129,太极集团,16.3519947,16.3519947,16.3519947,16.3519947,0,0.0,0.0,0.0,426893966.0,6980567869.493979,2026-07-14
2015-04-15,sh.600129,太极集团,16.3519947,16.3519947,16.3519947,16.3519947,0,0.0,0.0,0.0,426893966.0,6980567869.493979,2026-07-14
2015-04-16,sh.600129,太极集团,16.3519947,16.3519947,16.3519947,16.3519947,0,0.0,0.0,0.0,426893966.0,6980567869.493979,2026-07-14
2015-04-17,sh.600129,太极集团,16.3519947,16.3519947,16.3519947,16.3519947,0,0.0,0.0,0.0,426893966.0,6980567869.493979,2026-07-14
2015-04-20,sh.600129,太极集团,16.3519947,16.3519947,16.3519947,16.3519947,0,0.0,0.0,0.0,426893966.0,6980567869.493979,2026-07-14
2015-04-21,sh.600129,太极集团,16.3519947,16.3519947,16.3519947,16.3519947,0,0.0,0.0,0.0,426893966.0,6980567869.493979,2026-07-14
2015-04-22,sh.600129,太极集团,16.3519947,16.3519947,16.3519947,16.3519947,0,0.0,0.0,0.0,426893966.0,6980567869.493979,2026-07-14
2015-04-23,sh.600129,太极集团,16.3519947,16.3519947,16.3519947,16.3519947,0,0.0,0.0,0.0,426893966.0,6980567869.493979,2026-07-14
2015-04-24,sh.600129,太极集团,16.3519947,16.3519947,16.3519947,16.3519947,0,0.0,0.0,0.0,426893966.0,6980567869.493979,2026-07-14
2015-04-27,sh.600129,太极集团,16.3519947,16.3519947,16.3519947,16.3519947,0,0.0,0.0,0.0,426893966.0,6980567869.493979,2026-07-14
2015-04-28,sh.600129,太极集团,16.3519947,16.3519947,16.3519947,16.3519947,0,0.0,0.0,0.0,426893966.0,6980567869.493979,2026-07-14
2015-04-29,sh.600129,太极集团,17.9891202,17.9891202,17.9891202,17.9891202,191491,3577052.0,0.044857,10.0118,426892124.0,7679413731.069304,2026-07-14
2015-04-30,sh.600129,太极集团,19.78995825,19.78995825,19.78995825,19.78995825,1025007,21063894.0,0.240108,10.0107,426894148.0,8448217366.089322,2026-07-14
2015-05-04,sh.600129,太极集团,21.77376915,21.77376915,21.77376915,21.77376915,74650,1687837.0,0.017487,10.0243,426888546.0,9294972653.383156,2026-07-14
2015-05-05,sh.600129,太极集团,23.95018305,23.95018305,23.95018305,21.8219199,24874356,617003056.0,5.826823,9.9956,426893969.0,10224188700.491026,2026-07-14
2015-05-06,sh.600129,太极集团,23.4012645,22.31305755,24.21982725,22.0337832,25498654,611942976.0,5.973065,-6.8355,426893965.0,9525309608.792686,2026-07-14
2015-05-07,sh.600129,太极集团,21.90859125,22.12045455,22.9967982,21.7448787,13663169,318100944.0,3.2006,-0.8632,426893989.0,9443089081.342701,2026-07-14
2015-05-08,sh.600129,太极集团,22.3612083,21.7256184,23.29533285,21.0322476,23468855,534466096.0,5.497584,-1.7849,426893977.0,9274535641.560375,2026-07-14
2015-05-11,sh.600129,太极集团,21.71598825,22.69826355,23.11236,21.58116615,14890219,346969248.0,3.488037,4.477,426893952.0,9689751430.397049,2026-07-14
2015-05-12,sh.600129,太极集团,23.06420925,24.97097895,24.97097895,22.96790775,16318886,407260704.0,3.822702,10.0127,426894014.0,10659961437.475004,2026-07-14
2015-05-13,sh.600129,太极集团,26.0977065,27.3111054,27.4651878,25.66434975,21809117,612162512.0,5.10879,9.3714,426893981.0,11658946509.716597,2026-07-14
2015-05-14,sh.600129,太极集团,26.7910773,28.39931235,28.697847,26.14585725,21177884,606746544.0,4.960923,3.9845,426894028.0,12123496841.521645,2026-07-14
2015-05-15,sh.600129,太极集团,28.120038,27.6192702,28.697847,26.8103376,13161856,377022192.0,3.083167,-2.7467,426894035.0,11790501699.433256,2026-07-14
2015-05-18,sh.600129,太极集团,27.6192702,30.38312325,30.38312325,27.157023,15544979,480690688.0,3.641414,10.007,426894031.0,12970373958.56232,2026-07-14
2015-05-19,sh.600129,太极集团,30.3734931,33.42625065,33.42625065,30.3157122,13933021,473659952.0,3.263813,10.0158,426893973.0,14269464942.472332,2026-07-14
2015-05-20,sh.600129,太极集团,35.14041735,33.71515515,36.7679127,32.84844165,20473466,754288240.0,4.795913,0.8643,426894024.0,14392798251.767824,2026-07-14
2015-05-21,sh.600129,太极集团,33.8210868,37.08570765,37.08570765,33.0314145,12895735,473051456.0,3.020828,9.9971,426894050.0,15831667935.824484,2026-07-14
2015-05-22,sh.600129,太极集团,37.77907845,36.9605157,38.327997,35.3041299,16321807,616845120.0,3.823386,-0.3376,426894041.0,15778223904.616945,2026-07-14
2015-05-25,sh.600129,太极集团,36.60420015,37.172379,38.22206535,35.3426505,13711780,525307360.0,3.211987,0.5732,426894007.0,15868665821.032652,2026-07-14
2015-05-26,sh.600129,太极集团,36.87384435,36.8642142,37.1338584,35.64118515,11996431,456352016.0,2.810166,-0.829,426894034.0,15737113110.078083,2026-07-14
2015-05-27,sh.600129,太极集团,36.8642142,38.2702161,38.79987435,36.8642142,12051708,475651344.0,2.823115,3.814,426893981.0,16337324904.659294,2026-07-14
2015-05-28,sh.600129,太极集团,38.31836685,34.44704655,38.47244925,34.44704655,13846237,520046992.0,3.243484,-9.9899,426893951.0,14705235802.01042,2026-07-14
2015-05-29,sh.600129,太极集团,33.71515515,35.17893795,36.209364,32.27063265,11448009,414665776.0,2.681698,2.1247,426894043.0,15017679049.92163,2026-07-14
2015-06-01,sh.600129,太极集团,35.19819825,37.0953378,37.8464895,35.19819825,8265484,318045280.0,1.936191,5.4476,426894041.0,15835778655.702051,2026-07-14
2015-06-02,sh.600129,太极集团,37.1531187,38.4628191,39.45472455,36.59457,9027896,355043056.0,2.114786,3.6864,426894069.0,16419549350.809917,2026-07-14
2015-06-03,sh.600129,太极集团,38.3087367,37.4420232,38.3087367,36.59457,8164971,317599840.0,1.912646,-2.654,426893999.0,15983775014.498777,2026-07-14
2015-06-04,sh.600129,太极集团,37.172379,36.89310465,37.99094175,33.7825662,8485877,317265568.0,1.987818,-1.466,426894062.0,15749447303.829588,2026-07-14
2015-06-05,sh.600129,太极集团,37.4612835,38.6746824,40.3503285,37.4612835,10003457,403849680.0,2.343312,4.829,426893943.0,16509987664.008703,2026-07-14
2015-06-08,sh.600129,太极集团,38.135394,41.28445305,42.37266,37.66351665,9674463,414117024.0,2.266245,6.748,426893959.0,17624083607.664127,2026-07-14
2015-06-09,sh.600129,太极集团,41.5059465,40.57182195,43.335675,40.0806843,8129214,349751536.0,1.90427,-1.7261,426893980.0,17319866548.08686,2026-07-14
2015-06-10,sh.600129,太极集团,40.57182195,39.8110401,41.22667215,38.0390925,10165442,415865904.0,2.381257,-1.8752,426893947.0,16995092042.464275,2026-07-14
2015-06-11,sh.600129,太极集团,39.82067025,39.4258341,40.91850735,38.6169015,8027341,328265552.0,1.880406,-0.9676,426894032.0,16830653283.912092,2026-07-14
2015-06-12,sh.600129,太极集团,39.483615,39.1561899,40.12883505,38.5398603,7946561,322438288.0,1.861483,-0.6839,426894095.0,16715546251.00864,2026-07-14
2015-06-15,sh.600129,太极集团,39.1176693,37.64425635,39.1369296,37.0760775,5840152,231319187.0,1.368057,-3.8613,426893909.0,16070103744.649572,2026-07-14
2015-06-16,sh.600129,太极集团,37.172379,34.35074505,37.172379,34.090731,9832395,357338272.0,2.30324,-8.749,426894071.0,14664129396.2776,2026-07-14
2015-06-17,sh.600129,太极集团,34.71669075,35.48710275,36.1130625,34.0136898,6758973,247483026.0,1.583291,3.3081,426893919.0,15149228366.903177,2026-07-14
2015-06-18,sh.600129,太极集团,35.48710275,33.77293605,36.14195295,33.705525,5300285,192126821.0,1.241593,-4.8304,426893918.0,14417460992.747944,2026-07-14
2015-06-19,sh.600129,太极集团,33.705525,31.1824257,33.705525,30.7201785,7695928,253639158.0,1.802773,-7.6704,426893902.0,13311587380.89808,2026-07-14
2015-06-23,sh.600129,太极集团,31.24983675,31.17279555,31.8565362,28.0622571,7117225,224618923.0,1.667211,-0.0309,426894076.0,13307481752.654161,2026-07-14
2015-06-24,sh.600129,太极集团,31.24983675,31.7409744,32.2417422,30.65276745,5556095,181824886.0,1.301516,1.8227,426894099.0,13550034667.870066,2026-07-14
2015-06-25,sh.600129,太极集团,31.6831935,30.76832925,31.779495,29.97865695,7458903,240645417.0,1.747249,-3.0643,426894106.0,13134818408.2924,2026-07-14
2015-06-26,sh.600129,太极集团,29.57419065,27.6963114,29.57419065,27.6963114,6831728,200881484.0,1.600334,-9.9844,426893886.0,11823386001.4121,2026-07-14
2015-06-29,sh.600129,太极集团,28.39931235,24.9228282,28.505244,24.9228282,11076678,293256400.0,2.594714,-10.0139,426893985.0,10639405447.768377,2026-07-14
2015-06-30,sh.600129,太极集团,23.6709087,26.2132683,27.1377627,22.42861935,12185858,303266816.0,2.85454,5.1777,426893930.0,11190285122.731419,2026-07-14
2015-07-01,sh.600129,太极集团,26.0977065,24.18130665,27.157023,23.8057308,9913369,270574112.0,2.322209,-7.7516,426893919.0,10322852762.35926,2026-07-14
2015-07-02,sh.600129,太极集团,23.7864705,21.764139,24.4413207,21.764139,13033817,304539024.0,3.053174,-9.996,426894013.0,9290980637.199806,2026-07-14
2015-07-03,sh.600129,太极集团,20.56037025,19.5877251,22.31305755,19.5877251,13741034,289862848.0,3.21884,-10.0,426893974.0,8361881809.558547,2026-07-14
2015-07-06,sh.600129,太极集团,21.54264555,17.63280465,21.54264555,17.63280465,12376962,245849097.0,2.899306,-9.9803,426893953.0,7527337679.515282,2026-07-14
2015-07-07,sh.600129,太极集团,16.22680275,15.8704872,16.2942138,15.8704872,12698399,210623106.0,2.974602,-9.9945,426894052.0,6775016588.022134,2026-07-14
2015-07-08,sh.600129,太极集团,14.28151245,14.28151245,14.28151245,14.28151245,1172000,17380760.0,0.274541,-10.0121,426894344.0,6096696888.670583,2026-07-14
2015-07-09,sh.600129,太极集团,12.85625025,15.70677465,15.70677465,12.85625025,28046776,416656176.0,6.569963,9.9798,426893972.0,6705127417.647409,2026-07-14
2015-07-10,sh.600129,太极集团,17.2764891,17.2764891,17.2764891,17.2764891,4288030,76927258.0,1.004472,9.9939,426893930.0,7375228328.501163,2026-07-14
2015-07-13,sh.600129,太极集团,19.00028595,19.00028595,19.00028595,19.00028595,773707,15265239.0,0.181241,9.9777,426894025.0,8111108545.346448,2026-07-14
2015-07-14,sh.600129,太极集团,20.8974255,20.8974255,20.8974255,20.8974255,593209,12872635.0,0.138959,9.9848,426894983.0,8921006103.566267,2026-07-14
2015-07-15,sh.600129,太极集团,22.98716805,19.03880655,22.98716805,18.80768295,37797774,807363056.0,8.854136,-8.894,426893985.0,8127551997.773602,2026-07-14
2015-07-16,sh.600129,太极集团,17.34390015,20.3388768,20.69519235,17.1609273,15401047,307070304.0,3.607698,6.8285,426894019.0,8682544859.09786,2026-07-14
2015-07-17,sh.600129,太极集团,20.29072605,22.33231785,22.37083845,19.838109,11889602,267060961.0,2.785142,9.8011,426893925.0,9533530821.33406,2026-07-14
2015-07-20,sh.600129,太极集团,22.341948,24.52799205,24.56651265,21.7448787,16176314,395736768.0,3.789305,9.8318,426893955.0,10470851534.433058,2026-07-14
2015-07-21,sh.600129,太极集团,24.460581,25.7702814,26.2710492,23.11236,13087239,344280112.0,3.065688,5.0648,426894028.0,11001179229.539478,2026-07-14
2015-07-22,sh.600129,太极集团,25.04802015,24.97097895,26.001405,23.882772,14094527,365950704.0,3.301646,-3.1016,426893949.0,10659959814.361374,2026-07-14
2015-07-23,sh.600129,太极集团,24.95171865,25.2502533,25.66434975,24.267978,10998022,285986272.0,2.576289,1.1184,426893955.0,10779180495.988802,2026-07-14
2015-07-24,sh.600129,太极集团,25.04802015,24.62429355,25.29840405,24.21982725,10022816,258051486.0,2.347847,-2.479,426893916.0,10511961102.293041,2026-07-14
2015-07-27,sh.600129,太极集团,23.12199015,22.15897515,24.5183619,22.15897515,10940968,263419320.0,2.562924,-10.0117,426893970.0,9459532872.914845,2026-07-14
2015-07-28,sh.600129,太极集团,20.17516425,19.94404065,22.0915641,19.94404065,21400964,452143472.0,5.01318,-9.9957,426893987.0,8513991029.968573,2026-07-14
2015-07-29,sh.600129,太极集团,20.07886275,20.6855622,20.86853505,18.489888,18124810,370753824.0,4.24574,3.718,426894016.0,8830542720.775795,2026-07-14
2015-07-30,sh.600129,太极集团,20.3196165,19.61661555,20.7048225,19.2410397,16235803,338398016.0,3.80324,-5.1676,426893990.0,8374215282.435544,2026-07-14
2015-07-31,sh.600129,太极集团,18.9713955,18.2009835,19.40475225,17.9313393,11782429,228318089.0,2.760036,-7.2165,426894033.0,7769891250.881455,2026-07-14
2015-08-03,sh.600129,太极集团,17.5076127,16.5445977,18.2009835,16.38088515,18781177,331387040.0,4.399494,-9.1005,426894025.0,7062789904.158743,2026-07-14
2015-08-04,sh.600129,太极集团,16.7179404,18.2009835,18.2009835,16.7179404,10978812,199457553.0,2.571789,10.0116,426893964.0,7769889995.013594,2026-07-14
2015-08-05,sh.600129,太极集团,19.3566015,20.02108185,20.02108185,18.875094,25639554,526324720.0,6.00607,10.0,426894026.0,8546880235.822029,2026-07-14
2015-08-06,sh.600129,太极集团,18.9713955,19.48179345,19.90552005,18.7787925,17543546,353673408.0,4.109579,-2.6936,426893996.0,8316660655.117126,2026-07-14
2015-08-07,sh.600129,太极集团,19.7995884,21.1092888,21.378933,19.7995884,16384287,351368992.0,3.838022,8.3539,426894036.0,9011429492.921598,2026-07-14
2015-08-10,sh.600129,太极集团,21.4559742,22.64048265,23.11236,21.42708375,14949978,343559376.0,3.502035,7.2537,426894020.0,9665086653.198753,2026-07-14
2015-08-11,sh.600129,太极集团,22.534551,22.69826355,23.882772,22.2649068,18092633,432898272.0,4.238203,0.2552,426893969.0,9689751816.26753,2026-07-14
2015-08-12,sh.600129,太极集团,22.341948,21.6678375,22.58270175,21.5330154,12651674,289407440.0,2.963657,-4.5397,426894003.0,9249869886.728514,2026-07-14
2015-08-13,sh.600129,太极集团,21.378933,22.54418115,22.8234555,21.06113805,12943636,292810080.0,3.032049,4.0444,426894024.0,9623976208.908447,2026-07-14
2015-08-14,sh.600129,太极集团,22.8041952,24.7494855,24.77837595,22.5923319,20455523,505810352.0,4.79171,9.7821,426894011.0,10565407135.28134,2026-07-14
2015-08-17,sh.600129,太极集团,24.7494855,24.9228282,25.5584181,23.89240215,17157558,443178384.0,4.019161,0.7004,426894021.0,10639406344.990192,2026-07-14
2015-08-18,sh.600129,太极集团,24.9228282,22.42861935,24.9228282,22.42861935,18757401,452718288.0,4.393925,-10.0077,426893973.0,9574642423.22618,2026-07-14
2015-08-19,sh.600129,太极集团,20.73371295,22.4382495,23.10272985,20.1847944,15099164,336172384.0,3.536982,0.0429,426894002.0,9578754126.929499,2026-07-14
2015-08-20,sh.600129,太极集团,21.96637215,20.2425753,22.04341335,20.223315,15128391,331574320.0,3.543828,-9.7854,426894054.0,8641435033.217266,2026-07-14
2015-08-21,sh.600129,太极集团,19.4143824,18.49951815,20.1270135,18.2780247,14232828,282271280.0,3.334043,-8.6109,426893954.0,7897332450.148265,2026-07-14
2015-08-24,sh.600129,太极集团,17.57502375,16.65052935,17.57502375,16.65052935,10057204,175537937.0,2.355902,-9.9948,426893988.0,7108010876.532548,2026-07-14
2015-08-25,sh.600129,太极集团,15.0037737,14.9845134,16.34236455,14.9845134,12692351,203581424.0,2.973186,-10.0058,426893945.0,6396798039.231363,2026-07-14
2015-08-26,sh.600129,太极集团,15.39860985,15.5815827,16.4868168,14.445225,21741364,352581360.0,5.092919,3.9846,426893968.0,6651683666.523153,2026-07-14
2015-08-27,sh.600129,太极集团,16.07272035,16.8335022,16.949064,15.0422943,13858940,231332690.0,3.246459,8.0346,426894041.0,7186121778.340391,2026-07-14
2015-08-28,sh.600129,太极集团,16.9298037,18.51877845,18.51877845,16.9105434,17150117,315269680.0,4.017418,10.0114,426894015.0,7905555685.415977,2026-07-14
2015-08-31,sh.600129,太极集团,18.2780247,16.66978965,18.2780247,16.66978965,23379277,417998272.0,5.4766,-9.9844,426894004.0,7116233249.5262575,2026-07-14
2015-09-01,sh.600129,太极集团,16.0245696,15.0037737,16.2749535,15.0037737,13873010,221180838.0,3.249755,-9.9942,426894027.0,6405021374.98969,2026-07-14
2015-09-02,sh.600129,太极集团,13.867416,13.85778585,15.6971445,13.7518542,13708408,206830956.0,3.211197,-7.638,426894021.0,5915805923.6634035,2026-07-14
2015-09-07,sh.600129,太极集团,14.30077275,14.53189635,14.9267325,14.26225215,13559183,205253321.0,3.176241,4.8645,426894023.0,6203579694.670516,2026-07-14
2015-09-08,sh.600129,太极集团,14.2718823,15.82233645,15.95715855,14.26225215,10313288,160216666.0,2.41589,8.8801,426893940.0,6754459547.146113,2026-07-14
2015-09-09,sh.600129,太极集团,15.84159675,16.49644695,16.99721475,15.84159675,14925421,256098142.0,3.496283,4.2605,426893961.0,7042233580.911869,2026-07-14
2015-09-10,sh.600129,太极集团,16.18828215,15.99567915,16.6601595,15.8897475,10781747,182569935.0,2.525626,-3.0356,426894045.0,6828460174.865663,2026-07-14
2015-09-11,sh.600129,太极集团,16.20754245,16.24606305,16.45792635,15.7549254,10726584,179500094.0,2.512704,1.5653,426894055.0,6935347733.200168,2026-07-14
2015-09-14,sh.600129,太极集团,16.563858,14.62819785,17.0453655,14.6185677,16678871,275703872.0,3.907029,-9.9585,426893965.0,6244689380.990975,2026-07-14
2015-09-15,sh.600129,太极集团,14.252622,13.62666225,14.64745815,13.3666482,10090064,146048530.0,2.363599,-6.8466,426894071.0,5817141322.04452,2026-07-14
2015-09-16,sh.600129,太极集团,14.20447125,14.99414355,14.99414355,13.83852555,10919309,162675725.0,2.55785,10.0353,426894032.0,6400910396.446294,2026-07-14
2015-09-17,sh.600129,太极集团,15.215637,14.74375965,15.95715855,14.6570883,13527338,217064331.0,3.168781,-1.6699,426894064.0,6294023475.627717,2026-07-14
2015-09-18,sh.600129,太极集团,14.97488325,15.39860985,15.6393636,14.60893755,10106338,159159794.0,2.367412,4.4415,426893925.0,6573572998.410161,2026-07-14
2015-09-21,sh.600129,太极集团,15.0808149,16.26532335,16.2749535,15.0808149,12753233,209956600.0,2.987447,5.6285,426894034.0,6943569499.195893,2026-07-14
2015-09-22,sh.600129,太极集团,16.36162485,16.4290359,17.0453655,16.18828215,14333084,246955107.0,3.357528,1.0065,426893953.0,7013456079.329912,2026-07-14
2015-09-23,sh.600129,太极集团,16.13050125,15.88011735,16.2942138,15.55269225,10159200,167864438.0,2.379795,-3.3411,426893913.0,6779125434.440691,2026-07-14
2015-09-24,sh.600129,太极集团,16.0053093,16.1593917,16.32310425,15.74529525,9472097,157550358.0,2.218841,1.7586,426893905.0,6898345825.237589,2026-07-14
2015-09-25,sh.600129,太极集团,16.14976155,15.64899375,16.7949816,15.40824,10966994,182792013.0,2.56902,-3.1585,426894069.0,6680462617.693069,2026-07-14
2015-09-28,sh.600129,太极集团,15.5815827,16.0053093,16.07272035,14.87858175,6531323,105184908.0,1.529964,2.2769,426893901.0,6832568923.78858,2026-07-14
2015-09-29,sh.600129,太极集团,15.4275003,15.37934955,15.64899375,15.26378775,4731461,76008171.0,1.108346,-3.911,426893858.0,6565349862.930064,2026-07-14
2015-09-30,sh.600129,太极集团,15.43713045,15.2348973,15.62973345,15.1963767,5362680,85507815.0,1.256209,-0.9393,426893932.0,6503685212.013184,2026-07-14
2015-10-08,sh.600129,太极集团,15.97641885,16.2171726,16.4868168,15.793446,16350996,272518576.0,3.830224,6.4475,426893988.0,6923013485.298329,2026-07-14
2015-10-09,sh.600129,太极集团,16.20754245,16.14976155,16.3134741,15.88011735,11585113,193470072.0,2.713815,-0.4157,426893985.0,6894236064.879277,2026-07-14
2015-10-12,sh.600129,太极集团,16.2749535,17.61354435,17.76762675,16.18828215,22745928,403089616.0,5.328238,9.0638,426893994.0,7519116296.067635,2026-07-14
2015-10-13,sh.600129,太极集团,17.76762675,18.74990205,18.94250505,17.6809554,29988494,567137040.0,7.02481,6.4516,426894023.0,8004221116.980447,2026-07-14
2015-10-14,sh.600129,太极集团,18.297285,17.9891202,18.63434025,17.82540765,17225939,325268400.0,4.035179,-4.0575,426894049.0,7679448360.1256895,2026-07-14
2015-10-15,sh.600129,太极集团,17.7965172,18.5476689,18.61507995,17.72910615,18349935,349147536.0,4.298476,3.1049,426893974.0,7917888085.157209,2026-07-14
2015-10-16,sh.600129,太极集团,18.6439704,19.1062176,19.71291705,18.6439704,20261888,401008400.0,4.746351,3.0114,426894008.0,8156329808.984141,2026-07-14
2015-10-19,sh.600129,太极集团,19.1062176,18.48025785,19.23140955,18.24913425,16096555,312513056.0,3.770621,-3.2762,426894005.0,7889111287.01919,2026-07-14
2015-10-20,sh.600129,太极集团,18.3165453,19.01954625,19.1447382,18.2009835,13209158,256458339.0,3.094248,2.9182,426893966.0,8119329530.182928,2026-07-14
2015-10-21,sh.600129,太极集团,19.15436835,17.141667,19.34697135,17.1224067,21765006,409598112.0,5.098457,-9.8734,426893980.0,7317674449.464661,2026-07-14
2015-10-22,sh.600129,太极集团,17.2379685,18.21061365,18.2587644,17.18981775,15386279,282593568.0,3.604239,6.236,426893971.0,7774001175.395304,2026-07-14
2015-10-23,sh.600129,太极集团,18.489888,20.030712,20.030712,18.489888,28339554,574294208.0,6.638546,9.9947,426893992.0,8550990608.282305,2026-07-14
2015-10-26,sh.600129,太极集团,20.993727,19.9729311,20.993727,19.4721633,28831959,602663664.0,6.753892,-0.2885,426893989.0,8526324229.301158,2026-07-14
2015-10-27,sh.600129,太极集团,19.7418075,19.9344105,20.07886275,18.53803875,16989844,342322992.0,3.979874,-0.1929,426894017.0,8509880574.871978,2026-07-14
2015-10-28,sh.600129,太极集团,19.53957435,19.00028595,20.09812305,18.88472415,13233096,267619637.0,3.099855,-4.686,426894032.0,8111108678.34845,2026-07-14
2015-10-29,sh.600129,太极集团,19.25066985,19.067697,19.5684648,18.7787925,10239514,203654683.0,2.398608,0.3548,426894015.0,8139885729.133454,2026-07-14
2015-10-30,sh.600129,太极集团,18.9713955,19.1447382,19.38549195,18.78842265,8809972,174766721.0,2.063738,0.404,426893918.0,8172772299.282268,2026-07-14
2015-11-02,sh.600129,太极集团,18.5669292,18.8173131,19.5684648,18.297285,12080083,238290126.0,2.829762,-1.7103,426893958.0,8032997268.18425,2026-07-14
2015-11-03,sh.600129,太极集团,18.6632307,19.98256125,20.3966577,18.6632307,25761867,525515712.0,6.034722,6.1924,426894014.0,8530435782.013357,2026-07-14
2015-11-04,sh.600129,太极集团,20.17516425,21.98563245,21.98563245,20.17516425,41172937,915428608.0,9.644768,10.0241,426894011.0,9385534820.952257,2026-07-14
2015-11-05,sh.600129,太极集团,22.48640025,22.46713995,24.1331559,22.0337832,31393765,747899520.0,7.353995,2.1901,426894022.0,9591087736.092379,2026-07-14
2015-11-06,sh.600129,太极集团,22.64048265,22.71752385,23.54571675,22.10119425,17390386,411153264.0,4.073701,1.1144,426894021.0,9697975103.4899,2026-07-14
2015-11-09,sh.600129,太极集团,23.0930997,23.71905945,24.3642795,22.7849349,20136918,492393296.0,4.717077,4.4086,426893985.0,10125523809.062408,2026-07-14
2015-11-10,sh.600129,太极集团,23.71905945,22.9004967,23.7286896,22.534551,18059808,430453008.0,4.230513,-3.4511,426894043.0,9776085622.971159,2026-07-14
2015-11-11,sh.600129,太极集团,22.6308525,22.9967982,23.2086615,21.956742,18630743,432413120.0,4.364255,0.4205,426894006.0,9817195308.77159,2026-07-14
2015-11-12,sh.600129,太极集团,23.11236,22.71752385,23.2086615,22.1878656,12721536,298850384.0,2.980022,-1.2144,426894030.0,9697975307.947615,2026-07-14
2015-11-13,sh.600129,太极集团,22.6308525,22.40935905,22.91012685,21.6678375,15203417,350905792.0,3.561403,-1.3565,426894036.0,9566421729.027626,2026-07-14
2015-11-16,sh.600129,太极集团,21.73524855,23.48793585,23.5938675,21.571536,16564418,393293152.0,3.880218,4.8131,426894004.0,10026858980.701643,2026-07-14
2015-11-17,sh.600129,太极集团,23.93092275,22.69826355,23.95018305,22.65974295,15753373,379435232.0,3.690231,-3.362,426893953.0,9689751453.095314,2026-07-14
2015-11-18,sh.600129,太极集团,22.4189892,21.94711185,22.919757,21.83155005,9704320,225747485.0,2.273239,-3.3093,426893961.0,9369089510.156538,2026-07-14
2015-11-19,sh.600129,太极集团,21.94711185,21.94711185,21.94711185,21.94711185,0,0.0,0.0,0.0,426893961.0,9369089510.156538,2026-07-14
2015-11-20,sh.600129,太极集团,21.94711185,21.94711185,21.94711185,21.94711185,0,0.0,0.0,0.0,426893961.0,9369089510.156538,2026-07-14
2015-11-23,sh.600129,太极集团,21.94711185,21.94711185,21.94711185,21.94711185,0,0.0,0.0,0.0,426893961.0,9369089510.156538,2026-07-14
2015-11-24,sh.600129,太极集团,21.94711185,21.94711185,21.94711185,21.94711185,0,0.0,0.0,0.0,426893961.0,9369089510.156538,2026-07-14
2015-11-25,sh.600129,太极集团,21.94711185,21.94711185,21.94711185,21.94711185,0,0.0,0.0,0.0,426893961.0,9369089510.156538,2026-07-14
2015-11-26,sh.600129,太极集团,21.94711185,21.94711185,21.94711185,21.94711185,0,0.0,0.0,0.0,426893961.0,9369089510.156538,2026-07-14
2015-11-27,sh.600129,太极集团,21.94711185,21.94711185,21.94711185,21.94711185,0,0.0,0.0,0.0,426893961.0,9369089510.156538,2026-07-14
2015-11-30,sh.600129,太极集团,22.0530435,20.67593205,22.0530435,19.7610678,13271928,284640496.0,3.108952,-5.792,426893950.0,8826430302.756098,2026-07-14
2015-12-01,sh.600129,太极集团,20.5122195,20.7626034,21.27300135,19.77069795,8926850,190228153.0,2.091116,0.4192,426894060.0,8863432061.595804,2026-07-14
2015-12-02,sh.600129,太极集团,20.608521,20.8781652,21.18633,20.00182155,5881429,126691482.0,1.377726,0.5566,426893954.0,8912762494.493202,2026-07-14
2015-12-03,sh.600129,太极集团,20.86853505,21.0515079,21.0900285,20.608521,6762014,146290791.0,1.584003,0.8303,426894015.0,8986762729.235218,2026-07-14
2015-12-04,sh.600129,太极集团,21.0322476,20.3773974,21.0322476,20.3003562,7831933,167736872.0,1.834632,-3.2022,426893949.0,8698987646.428333,2026-07-14
2015-12-07,sh.600129,太极集团,20.3773974,20.2425753,20.88779535,19.9536708,9020751,190621611.0,2.113113,-0.6616,426893924.0,8641432401.682476,2026-07-14
2015-12-08,sh.600129,太极集团,20.030712,19.44327285,20.223315,19.4143824,7627228,156165538.0,1.78668,-3.9486,426893904.0,8300214653.473706,2026-07-14
2015-12-09,sh.600129,太极集团,19.48179345,19.2603,19.7225472,19.15436835,6396505,128702612.0,1.498383,-0.9411,426893858.0,8222103773.2374,2026-07-14
2015-12-10,sh.600129,太极集团,19.28919045,19.5877251,19.7225472,19.2603,5975853,121354869.0,1.399845,1.7,426893906.0,8361880477.593241,2026-07-14
2015-12-11,sh.600129,太极集团,19.452903,19.1062176,19.5492045,18.67286085,6462973,127933939.0,1.513953,-2.4582,426893900.0,8156327745.51264,2026-07-14
2015-12-14,sh.600129,太极集团,18.71138145,20.02108185,20.04034215,18.71138145,7577991,153854426.0,1.775146,4.7883,426893957.0,8546878854.367381,2026-07-14
2015-12-15,sh.600129,太极集团,20.0114517,20.1655341,20.59889085,19.88625975,7650008,160594422.0,1.792016,0.7215,426893956.0,8608544626.801899,2026-07-14
2015-12-16,sh.600129,太极集团,20.34850695,19.98256125,20.34850695,19.92478035,5496010,114664724.0,1.287441,-0.9074,426894126.0,8530438020.060218,2026-07-14
2015-12-17,sh.600129,太极集团,20.1270135,20.56037025,20.6855622,20.030712,7489186,158542299.0,1.754343,2.8916,426894057.0,8777099869.444603,2026-07-14
2015-12-18,sh.600129,太极集团,20.57963055,20.5122195,20.8396446,20.07886275,8798779,186338703.0,2.061116,-0.2342,426893925.0,8756541892.816538,2026-07-14
2015-12-21,sh.600129,太极集团,21.2826315,22.1108244,22.4960304,20.8781652,18419473,416336048.0,4.314765,7.7934,426894002.0,9438978315.635248,2026-07-14
2015-12-22,sh.600129,太极集团,21.6678375,22.1300847,22.37083845,21.6100566,12390713,284040928.0,2.902527,0.0871,426893979.0,9447199913.190022,2026-07-14
2015-12-23,sh.600129,太极集团,22.54418115,21.8604405,23.21829165,21.6678375,12209920,285984704.0,2.860176,-1.2184,426894009.0,9332091083.550964,2026-07-14
2015-12-24,sh.600129,太极集团,21.38856315,21.2826315,21.85081035,20.83001445,8638961,189654784.0,2.023678,-2.6432,426894051.0,9085428776.975206,2026-07-14
2015-12-25,sh.600129,太极集团,21.3404124,21.6678375,21.7063581,21.2055903,5163073,114688433.0,1.209451,1.81,426893938.0,9249868478.319075,2026-07-14
2015-12-28,sh.600129,太极集团,21.94711185,20.9744667,22.29379725,20.90705565,9048931,203570881.0,2.119714,-3.2,426893958.0,8953873106.5022,2026-07-14
2015-12-29,sh.600129,太极集团,20.77223355,20.608521,21.06113805,20.030712,7488501,159894561.0,1.754183,-1.7447,426893944.0,8797652809.696823,2026-07-14
2015-12-30,sh.600129,太极集团,20.65667175,20.84927475,20.98409685,20.5700004,4930736,106185267.0,1.155026,1.1682,426893940.0,8900429044.170015,2026-07-14
2015-12-31,sh.600129,太极集团,20.9744667,20.54110995,20.9744667,20.4351783,4451193,95720153.0,1.042693,-1.4781,426893918.0,8768874906.624283,2026-07-14
2016-01-04,sh.600129,太极集团,20.54110995,18.489888,20.7048225,18.489888,6177412,124901289.0,1.44706,-9.9859,426893978.0,7893221841.094464,2026-07-14
2016-01-05,sh.600129,太极集团,17.4113112,17.74836645,18.4128468,16.90091325,10266021,188827997.0,2.404817,-4.0104,426894063.0,7576672265.453386,2026-07-14
2016-01-06,sh.600129,太极集团,17.9505996,18.44173725,18.53803875,17.6231745,7716127,144653793.0,1.807504,3.9067,426894048.0,7872667866.804888,2026-07-14
2016-01-07,sh.600129,太极集团,18.0083805,16.6023786,18.0083805,16.6023786,1270710,22749977.0,0.297664,-9.9739,426894082.0,7087457171.463446,2026-07-14
2016-01-08,sh.600129,太极集团,16.95869415,16.6601595,17.3150097,15.215637,7157274,124130454.0,1.676593,0.348,426893945.0,7112121213.284227,2026-07-14
2016-01-11,sh.600129,太极集团,16.34236455,15.7741857,16.34236455,15.26378775,10307526,168260900.0,2.41454,-5.3179,426893984.0,6733904977.828829,2026-07-14
2016-01-12,sh.600129,太极集团,15.8704872,15.7549254,16.01493945,15.41787015,7760396,127533027.0,1.817874,-0.1221,426894053.0,6725683958.718646,2026-07-14
2016-01-13,sh.600129,太极集团,15.9090078,15.1771164,16.07272035,15.1193355,6007274,98377170.0,1.407205,-3.6675,426894020.0,6479020232.003927,2026-07-14
2016-01-14,sh.600129,太极集团,14.830431,15.66825405,15.74529525,14.1370602,6681150,103816645.0,1.565061,3.236,426893904.0,6688682140.2683115,2026-07-14
2016-01-15,sh.600129,太极集团,15.5623224,14.74375965,15.62973345,14.62819785,5603312,88050508.0,1.312577,-5.9004,426893965.0,6294022015.995512,2026-07-14
2016-01-18,sh.600129,太极集团,14.445225,14.91710235,15.1963767,14.3296632,4679495,71831127.0,1.096173,1.1757,426893839.0,6368019088.947422,2026-07-14
2016-01-19,sh.600129,太极集团,14.9652531,15.4275003,15.6586239,14.74375965,7006682,111163937.0,1.641317,3.4216,426893891.0,6585905631.470668,2026-07-14
2016-01-20,sh.600129,太极集团,15.40824,15.1385958,15.43713045,14.9267325,8324922,131611914.0,1.950115,-1.8727,426893901.0,6462574216.7242155,2026-07-14
2016-01-21,sh.600129,太极集团,14.89784205,13.89630645,15.28304805,13.8288954,10868897,164975096.0,2.546041,-8.2061,426894029.0,5932250248.659187,2026-07-14
2016-01-22,sh.600129,太极集团,14.1370602,14.22373155,14.30077275,13.62666225,6617489,96526533.0,1.550148,2.3562,426894013.0,6072025841.2142105,2026-07-14
2016-01-25,sh.600129,太极集团,14.30077275,14.4837456,14.6956089,14.2333617,6564132,98640818.0,1.537649,1.828,426894044.0,6183024731.451206,2026-07-14
2016-01-26,sh.600129,太极集团,14.2718823,13.2703467,14.2718823,13.1933055,6250923,89266825.0,1.46428,-8.3777,426893968.0,5665030959.498705,2026-07-14
2016-01-27,sh.600129,太极集团,13.289607,13.0392231,13.72296375,12.52882515,5858736,78386687.0,1.37241,-1.7417,426894004.0,5566366158.208292,2026-07-14
2016-01-28,sh.600129,太极集团,13.0007025,12.6732774,13.3088673,12.52882515,4349523,58627163.0,1.018877,-2.8065,426893825.0,5410143864.572055,2026-07-14
2016-01-29,sh.600129,太极集团,12.64438695,13.1547849,13.33775775,12.56734575,4227461,57156978.0,0.990284,3.7994,426893800.0,5615696114.14362,2026-07-14
2016-02-01,sh.600129,太极集团,13.2125658,13.02959295,13.31849745,12.8080995,3539383,47881981.0,0.829101,-0.9517,426894070.0,5562255964.868806,2026-07-14
2016-02-02,sh.600129,太极集团,13.01033265,13.49184015,13.72296375,12.91403115,4531520,63226073.0,1.061509,3.5477,426894167.0,5759587862.131405,2026-07-14
2016-02-03,sh.600129,太极集团,13.3088673,13.48221,13.5785115,13.0777437,3303002,45532552.0,0.773729,-0.0714,426893912.0,5755473369.30552,2026-07-14
2016-02-04,sh.600129,太极集团,13.5399909,13.72296375,13.85778585,13.48221,3484045,49695349.0,0.816138,1.7857,426894104.0,5858252314.28073,2026-07-14
2016-02-05,sh.600129,太极集团,13.8288954,13.6555527,13.9444572,13.5592512,2742393,39181745.0,0.642406,-0.4912,426894051.0,5829474210.746987,2026-07-14
2016-02-15,sh.600129,太极集团,13.1933055,13.56888135,13.66518285,12.519195,4065798,55926437.0,0.952414,-0.6347,426893977.0,5792473722.942629,2026-07-14
2016-02-16,sh.600129,太极集团,13.7133336,14.53189635,14.62819785,13.66518285,8728460,129678754.0,2.044643,7.0972,426894084.0,6203580581.116194,2026-07-14
2016-02-17,sh.600129,太极集团,14.445225,14.5993074,14.7341295,14.252622,6367814,96416568.0,1.491662,0.4639,426893894.0,6232355185.689016,2026-07-14
2016-02-18,sh.600129,太极集团,14.9652531,14.57041695,15.03266415,14.39707425,6281151,95800036.0,1.471361,-0.1979,426893944.0,6220022757.509951,2026-07-14
2016-02-19,sh.600129,太极集团,14.3681838,14.41633455,14.58967725,14.3489235,5023772,75311786.0,1.17682,-1.0575,426893833.0,6154244313.85983,2026-07-14
2016-02-22,sh.600129,太极集团,14.6956089,14.8111707,14.8496913,14.45485515,8182556,124584247.0,1.916765,2.7388,426894064.0,6322800852.720725,2026-07-14
2016-02-23,sh.600129,太极集团,14.9074722,14.5030059,14.93636265,14.252622,7240374,109191871.0,1.696059,-2.0806,426893994.0,6191246113.656565,2026-07-14
2016-02-24,sh.600129,太极集团,14.4837456,14.43559485,14.6185677,14.060019,6310012,93959516.0,1.478122,-0.4648,426893856.0,6162466749.170241,2026-07-14
2016-02-25,sh.600129,太极集团,14.445225,13.74222405,14.7533898,13.48221,10260379,151505610.0,2.403496,-4.8032,426893949.0,5866472292.747273,2026-07-14
2016-02-26,sh.600129,太极集团,13.81926525,13.58814165,14.0407587,13.18367535,4791936,67433935.0,1.122512,-1.1212,426893966.0,5800695679.538284,2026-07-14
2016-02-29,sh.600129,太极集团,13.64592255,12.79846935,13.66518285,12.52882515,6066016,81439152.0,1.420965,-5.8115,426894118.0,5463591284.918283,2026-07-14
2016-03-01,sh.600129,太极集团,12.97181205,12.904401,13.097004,12.326592,5782684,76421378.0,1.354595,0.8277,426893942.0,5508810612.038742,2026-07-14
2016-03-02,sh.600129,太极集团,12.904401,13.60740195,13.68444315,12.81772965,7484899,103072744.0,1.753339,5.4478,426894001.0,5808918261.6507015,2026-07-14
2016-03-03,sh.600129,太极集团,13.62666225,13.58814165,13.9637175,13.49184015,6559738,93090623.0,1.53662,-0.1415,426893962.0,5800695625.185718,2026-07-14
2016-03-04,sh.600129,太极集团,13.51110045,13.18367535,13.6555527,12.83698995,6234087,85878979.0,1.460336,-2.9766,426894016.0,5628032115.801705,2026-07-14
2016-03-07,sh.600129,太极集团,13.20293565,13.3473879,13.6940733,13.20293565,5755899,79935156.0,1.34832,1.2418,426894135.0,5697921612.079967,2026-07-14
2016-03-08,sh.600129,太极集团,13.3859085,13.33775775,13.41479895,12.5384553,5025476,68251552.0,1.177219,-0.0721,426893891.0,5693807303.1129055,2026-07-14
2016-03-09,sh.600129,太极集团,13.0007025,13.5207306,13.54962105,12.91403115,8515061,118371028.0,1.994655,1.3718,426893924.0,5771917741.180875,2026-07-14
2016-03-10,sh.600129,太极集团,13.53036075,13.4629497,14.060019,13.43405925,15400469,219220690.0,3.607563,-0.4274,426893972.0,5747252072.269208,2026-07-14
2016-03-11,sh.600129,太极集团,13.01033265,13.02959295,13.22219595,12.62512665,8037587,108156960.0,1.882806,-3.2189,426894061.0,5562255847.602469,2026-07-14
2016-03-14,sh.600129,太极集团,13.27997685,13.41479895,13.6555527,13.10663415,10777598,150278408.0,2.524654,2.9564,426894062.0,5726698014.678835,2026-07-14
2016-03-15,sh.600129,太极集团,13.3473879,13.18367535,13.4244291,13.1162643,5022884,69108620.0,1.176612,-1.7229,426893827.0,5628029624.087065,2026-07-14
2016-03-16,sh.600129,太极集团,13.2125658,12.95255175,13.35701805,12.85625025,4775360,64753863.0,1.118629,-1.7531,426893993.0,5529366536.096638,2026-07-14
2016-03-17,sh.600129,太极集团,13.02959295,13.3473879,13.43405925,12.9429216,7597835,104367691.0,1.779794,3.0483,426894068.0,5697920717.804976,2026-07-14
2016-03-18,sh.600129,太极集团,13.3859085,13.80000495,13.9251969,13.3859085,15727044,223923503.0,3.684063,3.3911,426894003.0,5891139354.525315,2026-07-14
2016-03-21,sh.600129,太极集团,14.060019,14.5030059,14.8111707,14.060019,18816894,280504864.0,4.407861,5.0942,426893997.0,6191246157.165583,2026-07-14
2016-03-22,sh.600129,太极集团,14.45485515,14.4837456,14.78228025,14.2141014,13323794,201448369.0,3.121101,-0.1328,426894035.0,6183024601.097496,2026-07-14
2016-03-23,sh.600129,太极集团,14.4644853,14.5415265,14.62819785,14.2718823,7379309,110530901.0,1.728605,0.3989,426893883.0,6207688712.332399,2026-07-14
2016-03-24,sh.600129,太极集团,14.39707425,14.252622,14.4644853,14.2141014,6459411,95970416.0,1.513118,-1.9868,426894069.0,6084359799.498919,2026-07-14
2016-03-25,sh.600129,太极集团,14.30077275,15.30230835,15.5815827,14.1370602,18973193,293780672.0,4.444474,7.3649,426894004.0,6532463681.9741335,2026-07-14
2016-03-28,sh.600129,太极集团,15.40824,15.4852812,16.2364329,15.24452745,18556783,301872336.0,4.34693,1.1957,426893992.0,6610573508.71055,2026-07-14
2016-03-29,sh.600129,太极集团,15.4852812,15.0808149,15.600843,15.01340385,10357343,163949939.0,2.42621,-2.6119,426893921.0,6437908204.536222,2026-07-14
2016-03-30,sh.600129,太极集团,15.2926782,15.8512269,15.99567915,15.1000752,8909199,144129188.0,2.086982,5.1086,426893907.0,6766792182.084498,2026-07-14
2016-03-31,sh.600129,太极集团,16.0438299,16.13050125,16.563858,15.99567915,11119636,188017706.0,2.604777,1.7619,426893972.0,6886013748.963464,2026-07-14
2016-04-01,sh.600129,太极集团,15.986049,16.14976155,16.3905153,15.70677465,7157457,119509220.0,1.676636,0.1194,426893911.0,6894234869.796923,2026-07-14
2016-04-05,sh.600129,太极集团,16.1593917,17.0453655,17.09351625,15.89937765,10715270,186873894.0,2.510054,5.5456,426894003.0,7276564310.893096,2026-07-14
2016-04-06,sh.600129,太极集团,16.8527625,16.6794198,17.33427,16.5831183,9358022,163978675.0,2.192118,-2.1469,426894081.0,7120345587.134205,2026-07-14
2016-04-07,sh.600129,太极集团,16.78535145,16.70831025,16.949064,16.1016108,10912772,186630614.0,2.556319,0.1732,426893983.0,7132677111.822226,2026-07-14
2016-04-08,sh.600129,太极集团,16.3905153,16.2171726,16.4675565,15.9667887,6657454,112064046.0,1.55951,-2.9395,426893960.0,6923013031.217497,2026-07-14
2016-04-11,sh.600129,太极集团,16.371255,16.6986801,16.8720228,16.371255,6035936,104574457.0,1.413919,2.9691,426894044.0,7128567077.351325,2026-07-14
2016-04-12,sh.600129,太极集团,16.7372007,16.41940575,16.8912831,16.34236455,4777360,82431314.0,1.119097,-1.6724,426894183.0,7009348802.991752,2026-07-14
2016-04-13,sh.600129,太极集团,18.0661614,18.0661614,18.0661614,18.0661614,2812802,52768166.0,0.658899,10.0293,426894258.0,7712340565.761241,2026-07-14
2016-04-14,sh.600129,太极集团,18.76916235,18.104682,18.875094,17.86392825,41513291,790645648.0,9.724496,0.2132,426894011.0,7728780316.859502,2026-07-14
2016-04-15,sh.600129,太极集团,17.8928187,17.99875035,18.46099755,17.55576345,18086771,338721536.0,4.23683,-0.5851,426893951.0,7683557649.9741335,2026-07-14
2016-04-18,sh.600129,太极集团,17.6424348,17.3150097,17.67132525,17.1224067,17170676,308352224.0,4.022234,-3.7988,426894010.0,7391673924.021897,2026-07-14
2016-04-19,sh.600129,太极集团,17.38242075,17.2572288,17.6039142,16.949064,8096499,145112430.0,1.896606,-0.3337,426894094.0,7367009053.526708,2026-07-14
2016-04-20,sh.600129,太极集团,17.2957494,16.20754245,17.40168105,15.8897475,13210088,227478337.0,3.094466,-6.0826,426893946.0,6918901751.4430065,2026-07-14
2016-04-21,sh.600129,太极集团,16.1401314,15.9090078,16.3327344,15.89937765,7486455,125347782.0,1.753703,-1.8419,426894121.0,6791461900.763144,2026-07-14
2016-04-22,sh.600129,太极集团,15.80307615,16.0630902,16.178652,15.61047315,5973263,99199272.0,1.399238,0.9685,426893995.0,6857236747.52335,2026-07-14
2016-04-25,sh.600129,太极集团,16.0630902,16.0630902,16.0630902,16.0630902,0,0.0,0.0,0.0,426893995.0,6857236747.52335,2026-07-14
2016-04-26,sh.600129,太极集团,16.0630902,16.0630902,16.0630902,16.0630902,0,0.0,0.0,0.0,426893995.0,6857236747.52335,2026-07-14
2016-04-27,sh.600129,太极集团,16.0630902,16.0630902,16.0630902,16.0630902,0,0.0,0.0,0.0,426893995.0,6857236747.52335,2026-07-14
2016-04-28,sh.600129,太极集团,16.0630902,16.0630902,16.0630902,16.0630902,0,0.0,0.0,0.0,426893995.0,6857236747.52335,2026-07-14
2016-04-29,sh.600129,太极集团,16.0630902,16.0630902,16.0630902,16.0630902,0,0.0,0.0,0.0,426893995.0,6857236747.52335,2026-07-14
2016-05-03,sh.600129,太极集团,16.0630902,16.0630902,16.0630902,16.0630902,0,0.0,0.0,0.0,426893995.0,6857236747.52335,2026-07-14
2016-05-04,sh.600129,太极集团,16.0630902,16.0630902,16.0630902,16.0630902,0,0.0,0.0,0.0,426893995.0,6857236747.52335,2026-07-14
2016-05-05,sh.600129,太极集团,16.0630902,16.0630902,16.0630902,16.0630902,0,0.0,0.0,0.0,426893995.0,6857236747.52335,2026-07-14
2016-05-06,sh.600129,太极集团,16.0630902,16.0630902,16.0630902,16.0630902,0,0.0,0.0,0.0,426893995.0,6857236747.52335,2026-07-14
2016-05-09,sh.600129,太极集团,16.0630902,16.0630902,16.0630902,16.0630902,0,0.0,0.0,0.0,426893995.0,6857236747.52335,2026-07-14
2016-05-10,sh.600129,太极集团,16.0630902,16.0630902,16.0630902,16.0630902,0,0.0,0.0,0.0,426893995.0,6857236747.52335,2026-07-14
2016-05-11,sh.600129,太极集团,16.0630902,16.0630902,16.0630902,16.0630902,0,0.0,0.0,0.0,426893995.0,6857236747.52335,2026-07-14
2016-05-12,sh.600129,太极集团,16.0630902,16.0630902,16.0630902,16.0630902,0,0.0,0.0,0.0,426893995.0,6857236747.52335,2026-07-14
2016-05-13,sh.600129,太极集团,16.0630902,16.0630902,16.0630902,16.0630902,0,0.0,0.0,0.0,426893995.0,6857236747.52335,2026-07-14
2016-05-16,sh.600129,太极集团,16.178652,15.80307615,16.371255,15.2348973,26086425,430590768.0,6.11075,-1.6187,426893998.0,6746238358.371948,2026-07-14
2016-05-17,sh.600129,太极集团,15.78381585,15.66825405,15.8704872,15.43713045,13215783,214506952.0,3.0958,-0.8531,426893953.0,6688682908.012759,2026-07-14
2016-05-18,sh.600129,太极集团,15.53343195,14.80154055,15.53343195,14.5222662,11366013,177357307.0,2.662491,-5.5317,426893950.0,6318688111.474672,2026-07-14
2016-05-19,sh.600129,太极集团,14.80154055,14.91710235,15.2734179,14.80154055,9955118,155381779.0,2.331988,0.7807,426894049.0,6368022221.538916,2026-07-14
2016-05-20,sh.600129,太极集团,14.9074722,15.78381585,15.84159675,14.41633455,13029050,206145881.0,3.052057,5.8102,426894059.0,6738017214.715035,2026-07-14
2016-05-23,sh.600129,太极集团,15.8897475,15.8127063,16.1401314,15.600843,12330925,203216462.0,2.888522,0.183,426893927.0,6750348288.90464,2026-07-14
2016-05-24,sh.600129,太极集团,15.8897475,15.5623224,15.9090078,15.41787015,6746649,109166453.0,1.580404,-1.5834,426893946.0,6643461218.26019,2026-07-14
2016-05-25,sh.600129,太极集团,15.6971445,15.5430621,15.84159675,15.4660209,7500860,121877701.0,1.757078,-0.1238,426893968.0,6635239454.739413,2026-07-14
2016-05-26,sh.600129,太极集团,15.49491135,15.4852812,15.5815827,14.91710235,7322647,115633444.0,1.715331,-0.3717,426894110.0,6610575335.973732,2026-07-14
2016-05-27,sh.600129,太极集团,15.4660209,15.3311988,15.49491135,15.20600685,4563671,72804965.0,1.069041,-0.995,426893917.0,6544795508.0377,2026-07-14
2016-05-30,sh.600129,太极集团,15.1771164,15.3889797,15.7356651,14.9845134,6711421,107290403.0,1.572152,0.3769,426893901.0,6569461576.5428095,2026-07-14
2016-05-31,sh.600129,太极集团,15.28304805,15.93789825,16.07272035,15.28304805,16516453,271284816.0,3.868982,3.567,426894025.0,6803793533.982956,2026-07-14
2016-06-01,sh.600129,太极集团,16.03419975,16.4290359,16.55422785,15.8512269,16311831,273208384.0,3.821049,3.0816,426894054.0,7013457738.662539,2026-07-14
2016-06-02,sh.600129,太极集团,16.3327344,16.3905153,16.40014545,16.1208711,9828929,166036938.0,2.302428,-0.2345,426894087.0,6997014064.453032,2026-07-14
2016-06-03,sh.600129,太极集团,16.4097756,16.2942138,16.4868168,16.1208711,9240928,156544184.0,2.164689,-0.5875,426894025.0,6955902513.292545,2026-07-14
2016-06-06,sh.600129,太极集团,16.4290359,16.2942138,16.51570725,16.09198065,8862876,149964989.0,2.07613,0.0,426894077.0,6955903360.591663,2026-07-14
2016-06-07,sh.600129,太极集团,16.24606305,16.1401314,16.3134741,15.9667887,7013731,117276760.0,1.642968,-0.9456,426893950.0,6890124446.86503,2026-07-14
2016-06-08,sh.600129,太极集团,16.14976155,15.99567915,16.18828215,15.8127063,6755565,111985745.0,1.582492,-0.895,426894101.0,6828461070.623694,2026-07-14
2016-06-13,sh.600129,太极集团,15.793446,15.1578561,15.793446,15.12896565,7895375,127704072.0,1.849493,-5.2378,426894019.0,6470798109.952666,2026-07-14
2016-06-14,sh.600129,太极集团,15.0615546,15.5623224,15.6201033,14.8111707,9198627,144554403.0,2.15478,2.6684,426894022.0,6643462400.996693,2026-07-14
2016-06-15,sh.600129,太极集团,15.2541576,15.986049,16.11124095,15.16748625,13168567,216572745.0,3.084739,2.7228,426894042.0,6824349073.2200575,2026-07-14
2016-06-16,sh.600129,太极集团,16.178652,16.55422785,16.76609115,15.9090078,16483359,279538576.0,3.86123,3.5542,426893995.0,7066900461.026761,2026-07-14
2016-06-17,sh.600129,太极集团,16.5831183,16.34236455,16.7372007,16.2171726,11139740,190972893.0,2.609486,-1.2798,426894032.0,6976457895.163365,2026-07-14
2016-06-20,sh.600129,太极集团,16.3519947,16.5831183,16.63126905,16.2171726,8313741,142335060.0,1.947495,1.4732,426894087.0,7079235146.2914915,2026-07-14
2016-06-21,sh.600129,太极集团,16.5831183,16.30384395,16.70831025,16.20754245,8946664,152872797.0,2.095758,-1.6841,426893945.0,6960012262.479883,2026-07-14
2016-06-22,sh.600129,太极集团,16.1979123,16.4868168,16.51570725,16.178652,6738008,114213283.0,1.57838,1.1223,426893904.0,7038121588.284787,2026-07-14
2016-06-23,sh.600129,太极集团,16.49644695,16.2749535,16.5445977,16.09198065,5058477,85598303.0,1.184949,-1.2851,426894069.0,6947681122.400791,2026-07-14
2016-06-24,sh.600129,太极集团,16.3327344,15.82233645,16.4097756,15.40824,8881113,147382778.0,2.080402,-2.7811,426894081.0,6754461778.095552,2026-07-14
2016-06-27,sh.600129,太极集团,15.82233645,16.1593917,16.20754245,15.74529525,7842931,130759759.0,1.837208,2.1303,426894015.0,6898347602.770676,2026-07-14
2016-06-28,sh.600129,太极集团,16.0245696,16.9683243,16.97795445,16.0245696,18358885,317150048.0,4.300572,5.006,426894027.0,7243676291.868956,2026-07-14
2016-06-29,sh.600129,太极集团,17.18981775,16.8142419,17.26685895,16.6601595,11868259,207840194.0,2.780142,-0.9081,426893986.0,7177898746.2592125,2026-07-14
2016-06-30,sh.600129,太极集团,16.93943385,17.05499565,17.2187082,16.8142419,12873922,228385547.0,3.015719,1.4318,426893951.0,7280674477.316313,2026-07-14
2016-07-01,sh.600129,太极集团,17.141667,16.9298037,17.18981775,16.78535145,8459452,149004663.0,1.981628,-0.734,426894049.0,7227232450.268182,2026-07-14
2016-07-04,sh.600129,太极集团,16.80461175,17.32463985,17.4690921,16.6794198,10781030,192326045.0,2.525458,2.3322,426894052.0,7395785705.007173,2026-07-14
2016-07-05,sh.600129,太极集团,17.3920509,17.24759865,17.3920509,17.15129715,7205144,129108617.0,1.687806,-0.4447,426894086.0,7362897861.386584,2026-07-14
2016-07-06,sh.600129,太极集团,17.2572288,17.59428405,17.6616951,17.141667,11161289,202047766.0,2.614534,2.0101,426894009.0,7510894453.589256,2026-07-14
2016-07-07,sh.600129,太极集团,17.59428405,17.7002157,18.24913425,17.45946195,14502397,269433840.0,3.397189,0.6021,426894029.0,7556116394.342055,2026-07-14
2016-07-08,sh.600129,太极集团,17.63280465,17.47872225,17.80614735,17.47872225,8892555,162733102.0,2.083083,-1.2514,426893936.0,7461560537.553276,2026-07-14
2016-07-11,sh.600129,太极集团,17.6231745,17.53650315,17.78688705,17.4113112,8405899,153654689.0,1.969083,0.3306,426894092.0,7486229589.07439,2026-07-14
2016-07-12,sh.600129,太极集团,17.57502375,17.8542981,17.86392825,17.3535303,11458138,209986178.0,2.684071,1.8122,426893998.0,7621892697.392804,2026-07-14
2016-07-13,sh.600129,太极集团,17.8928187,17.86392825,18.0854217,17.76762675,9142481,169885317.0,2.141628,0.0539,426893980.0,7626003429.076936,2026-07-14
2016-07-14,sh.600129,太极集团,17.7772569,17.7579966,17.912079,17.63280465,6848679,126074860.0,1.604304,-0.593,426894092.0,7580783834.296086,2026-07-14
2016-07-15,sh.600129,太极集团,17.6809554,17.84466795,17.9891202,17.6809554,7770067,144074421.0,1.82014,0.4881,426893920.0,7617780252.273865,2026-07-14
2016-07-18,sh.600129,太极集团,17.7772569,17.44020165,17.7965172,17.33427,8969954,162740221.0,2.101213,-2.2666,426894085.0,7445118925.592239,2026-07-14
2016-07-19,sh.600129,太极集团,17.38242075,17.4113112,17.6809554,17.1994479,6402608,115280455.0,1.499812,-0.1657,426894037.0,7432784927.631314,2026-07-14
2016-07-20,sh.600129,太极集团,17.526873,17.42094135,17.5461333,17.4113112,5165039,93741524.0,1.209911,0.0553,426894127.0,7436897549.1264515,2026-07-14
2016-07-21,sh.600129,太极集团,17.5076127,17.63280465,17.912079,17.4305715,8795269,161494068.0,2.060293,1.2161,426894087.0,7527340042.311105,2026-07-14
2016-07-22,sh.600129,太极集团,17.80614735,17.5653936,17.80614735,17.5076127,5555654,101783542.0,1.301413,-0.3823,426893999.0,7498561117.913007,2026-07-14
2016-07-25,sh.600129,太极集团,17.67132525,17.86392825,18.09505185,17.526873,7503757,139189224.0,1.757756,1.6996,426894120.0,7626005930.026891,2026-07-14
2016-07-26,sh.600129,太极集团,18.3743262,19.0869573,19.5684648,18.36469605,32077057,631861488.0,7.514057,6.8464,426893980.0,8148107167.887054,2026-07-14
2016-07-27,sh.600129,太极集团,18.82694325,20.52184965,20.7048225,18.7787925,49329772,1012910832.0,11.555508,7.5177,426894015.0,8760654792.314844,2026-07-14
2016-07-28,sh.600129,太极集团,20.05960245,20.7818637,21.9374817,19.52031405,42196367,911261600.0,9.884507,1.267,426893997.0,8871652860.002209,2026-07-14
2016-07-29,sh.600129,太极集团,20.6663019,20.3003562,21.3596727,19.9536708,26948975,577407872.0,6.312802,-2.317,426894032.0,8666100909.254198,2026-07-14
2016-08-01,sh.600129,太极集团,20.27146575,19.65513615,20.27146575,19.38549195,18992030,389275488.0,4.448887,-3.1784,426893962.0,8390658944.722926,2026-07-14
2016-08-02,sh.600129,太极集团,19.7225472,21.61968675,21.61968675,19.17362865,32980526,693686208.0,7.725694,9.9951,426894024.0,9229315074.326982,2026-07-14
2016-08-03,sh.600129,太极集团,21.18633,21.33078225,22.4382495,20.993727,38807026,868677872.0,9.090553,-1.3363,426894007.0,9105983107.146975,2026-07-14
2016-08-04,sh.600129,太极集团,21.3018918,21.60042645,21.8411802,20.993727,25644029,573370592.0,6.007119,1.2641,426893974.0,9221091887.335213,2026-07-14
2016-08-05,sh.600129,太极集团,21.4944948,21.2441109,22.27453695,21.23448075,23947588,540314704.0,5.609727,-1.6496,426894000.0,9068983478.5446,2026-07-14
2016-08-08,sh.600129,太极集团,20.92631595,21.1092888,21.13817925,20.5700004,20305793,440001264.0,4.756636,-0.6346,426893986.0,9011428437.457157,2026-07-14
2016-08-09,sh.600129,太极集团,20.9552064,20.8974255,20.993727,20.52184965,16227154,350308976.0,3.801214,-1.0036,426893987.0,8920985289.730469,2026-07-14
2016-08-10,sh.600129,太极集团,20.9552064,20.9744667,21.73524855,20.84927475,21105814,466355472.0,4.944041,0.3687,426893992.0,8953873819.634068,2026-07-14
2016-08-11,sh.600129,太极集团,20.61815115,20.09812305,20.8203843,20.030712,21469370,454597888.0,5.029204,-4.1781,426893998.0,8579768101.110455,2026-07-14
2016-08-12,sh.600129,太极集团,20.1847944,20.3196165,20.54110995,19.838109,14976371,314578960.0,3.508218,1.1021,426893967.0,8674321695.603655,2026-07-14
2016-08-15,sh.600129,太极集团,20.30998635,20.75297325,20.96483655,20.04034215,18000812,384735424.0,4.216694,2.1327,426893960.0,8859318932.46657,2026-07-14
2016-08-16,sh.600129,太极集团,20.79149385,21.18633,21.63894705,20.5892607,22444570,490683648.0,5.257645,2.0882,426893980.0,9044316735.2934,2026-07-14
2016-08-17,sh.600129,太极集团,21.18633,21.4559742,21.8411802,21.0322476,20203630,449232576.0,4.732704,1.2727,426894012.0,9159426907.606491,2026-07-14
2016-08-18,sh.600129,太极集团,21.46560435,21.3596727,21.60042645,21.08039835,14017390,309189104.0,3.283576,-0.4488,426894033.0,9118316822.463,2026-07-14
2016-08-19,sh.600129,太极集团,21.3981933,20.9359461,21.46560435,20.90705565,11576565,253024033.0,2.711813,-1.9838,426893927.0,8937428246.089334,2026-07-14
2016-08-22,sh.600129,太极集团,21.13817925,20.1077532,21.15743955,20.030712,16512240,355433808.0,3.867995,-3.9558,426894037.0,8583879938.547668,2026-07-14
2016-08-23,sh.600129,太极集团,20.1077532,20.0499723,20.17516425,19.82847885,10454286,217244493.0,2.448918,-0.2874,426894081.0,8559214499.083957,2026-07-14
2016-08-24,sh.600129,太极集团,20.07886275,20.0114517,20.1077532,19.9344105,6961252,144700764.0,1.630675,-0.1921,426893894.0,8542766540.805919,2026-07-14
2016-08-25,sh.600129,太极集团,19.90552005,19.48179345,19.90552005,19.2217794,12607805,253958808.0,2.953381,-2.6468,426893956.0,8316659875.845388,2026-07-14
2016-08-26,sh.600129,太极集团,19.50105375,19.55883465,19.838109,19.48179345,8201824,167227494.0,1.921279,0.3955,426893960.0,8349548376.723715,2026-07-14
2016-08-29,sh.600129,太极集团,19.452903,19.6069854,19.73217735,19.38549195,5981758,121745244.0,1.401228,0.2462,426893982.0,8370104072.421863,2026-07-14
2016-08-30,sh.600129,太极集团,19.61661555,19.6262457,19.77069795,19.5299442,5022270,102403194.0,1.176468,0.0982,426893889.0,8378324353.342526,2026-07-14
2016-08-31,sh.600129,太极集团,19.645506,19.6840266,19.7610678,19.55883465,5557073,113428619.0,1.301745,0.2944,426894131.0,8402995429.9878845,2026-07-14
2016-09-01,sh.600129,太极集团,19.7225472,19.86699945,20.19442455,19.65513615,10355040,214988568.0,2.42567,0.9295,426894013.0,8481103121.479294,2026-07-14
2016-09-02,sh.600129,太极集团,19.73217735,19.645506,19.98256125,19.4336427,7018227,143721074.0,1.644021,-1.1149,426894000.0,8386548638.364,2026-07-14
2016-09-05,sh.600129,太极集团,19.65513615,19.44327285,19.8573693,19.3566015,6229600,126215197.0,1.459285,-1.029407,426893993.0,8300216383.92499,2026-07-14
2016-09-06,sh.600129,太极集团,19.4143824,19.5299442,19.5492045,19.0484367,8223216,164602293.0,1.92629,0.445766,426893978.0,8337215569.656027,2026-07-14
2016-09-07,sh.600129,太极集团,19.57809495,19.3566015,19.6262457,19.26993015,7729593,156303643.0,1.810659,-0.887575,426893910.0,8263215298.646865,2026-07-14
2016-09-08,sh.600129,太极集团,19.36623165,19.2988206,19.42401255,19.2410397,4436994,88946658.0,1.039367,-0.298505,426893869.0,8238548193.070901,2026-07-14
2016-09-09,sh.600129,太极集团,19.2988206,19.7418075,20.02108185,19.2988206,13856555,283954480.0,3.245901,2.295404,426893950.0,8427658183.814625,2026-07-14
2016-09-12,sh.600129,太极集团,19.4336427,19.09658745,19.4336427,19.067697,8722305,174075944.0,2.043202,-3.268293,426893915.0,8152216979.670367,2026-07-14
2016-09-13,sh.600129,太极集团,19.11584775,19.2795603,19.3566015,19.11584775,4203416,83974105.0,0.984651,0.958147,426893996.0,8230328537.589959,2026-07-14
2016-09-14,sh.600129,太极集团,19.11584775,18.4706277,19.1639985,18.4513674,11778112,228936457.0,2.759025,-4.195805,426893993.0,7885000012.0694065,2026-07-14
2016-09-19,sh.600129,太极集团,18.489888,18.6247101,18.65360055,18.489888,4320233,83445430.0,1.012015,0.834202,426894167.0,7950780103.755987,2026-07-14
2016-09-20,sh.600129,太极集团,18.67286085,18.51877845,18.7017513,18.4513674,3927794,75555379.0,0.920086,-0.568773,426894225.0,7905559574.359451,2026-07-14
2016-09-21,sh.600129,太极集团,18.5091483,18.44173725,18.6632307,18.42247695,4736463,91034467.0,1.109517,-0.416016,426894135.0,7872669471.236029,2026-07-14
2016-09-22,sh.600129,太极集团,18.6247101,18.55729905,18.63434025,18.5091483,4693387,90521574.0,1.099427,0.626636,426893918.0,7921998098.952178,2026-07-14
2016-09-23,sh.600129,太极集团,18.55729905,18.57655935,18.6632307,18.46099755,3962870,76326187.0,0.928303,0.103791,426894021.0,7930222117.266646,2026-07-14
2016-09-26,sh.600129,太极集团,18.6054498,18.01801065,18.6054498,17.92170915,5098348,97082175.0,1.194289,-3.006749,426893993.0,7691780512.295026,2026-07-14
2016-09-27,sh.600129,太极集团,17.912079,18.13357245,18.1624629,17.84466795,4129150,77319436.0,0.967254,0.641373,426894073.0,7741114601.221088,2026-07-14
2016-09-28,sh.600129,太极集团,18.104682,18.07579155,18.1432026,18.0083805,2743149,51532060.0,0.642583,-0.318638,426894113.0,7716449000.510146,2026-07-14
2016-09-29,sh.600129,太极集团,18.104682,18.104682,18.2587644,18.03727095,3971157,74813919.0,0.930244,0.159823,426894127.0,7728782417.002614,2026-07-14
2016-09-30,sh.600129,太极集团,18.05653125,18.1817232,18.2395041,17.96022975,3729994,70260351.0,0.873752,0.425532,426893901.0,7761666743.750203,2026-07-14
2016-10-10,sh.600129,太极集团,18.34543575,18.7595322,18.7595322,18.34543575,6753411,130487717.0,1.581988,3.177969,426893946.0,8008330725.972061,2026-07-14
2016-10-11,sh.600129,太极集团,18.82694325,18.69212115,18.82694325,18.5669292,4989187,96641411.0,1.168718,-0.359341,426893998.0,7979554328.823857,2026-07-14
2016-10-12,sh.600129,太极集团,18.59581965,18.57655935,18.67286085,18.49951815,4296528,82896802.0,1.006462,-0.618232,426894210.0,7930225628.236363,2026-07-14
2016-10-13,sh.600129,太极集团,18.63434025,18.55729905,18.6632307,18.53803875,3559724,68671878.0,0.833866,-0.103683,426894009.0,7921999787.666392,2026-07-14
2016-10-14,sh.600129,太极集团,18.53803875,18.44173725,18.55729905,18.2395041,4349005,82903223.0,1.018755,-0.622734,426894101.0,7872668844.216962,2026-07-14
2016-10-17,sh.600129,太极集团,18.46099755,18.22987395,18.489888,18.19135335,3675604,70031230.0,0.861011,-1.148821,426893965.0,7782223171.965713,2026-07-14
2016-10-18,sh.600129,太极集团,18.15283275,18.5284086,18.5669292,18.15283275,4712212,90034437.0,1.103837,1.637609,426893826.0,7909663236.945303,2026-07-14
2016-10-19,sh.600129,太极集团,18.71138145,18.5861895,18.76916235,18.5091483,6842295,132360293.0,1.602809,0.311847,426893972.0,7934332259.999694,2026-07-14
2016-10-20,sh.600129,太极集团,18.67286085,18.57655935,18.682491,18.46099755,4786358,92150137.0,1.121205,-0.051805,426894101.0,7930223603.391395,2026-07-14
2016-10-21,sh.600129,太极集团,18.5669292,18.44173725,18.65360055,18.36469605,4701567,90380488.0,1.101343,-0.725771,426893983.0,7872666668.091967,2026-07-14
2016-10-24,sh.600129,太极集团,18.4321071,18.59581965,18.6439704,18.34543575,5486579,105725004.0,1.285232,0.835508,426894055.0,7938444856.4371805,2026-07-14
2016-10-25,sh.600129,太极集团,18.59581965,18.73064175,18.73064175,18.53803875,5993366,115916283.0,1.403947,0.72502,426894035.0,7995999234.796962,2026-07-14
2016-10-26,sh.600129,太极集团,18.76916235,19.34697135,19.57809495,18.63434025,17760866,353110048.0,4.160486,3.290485,426894022.0,8259106413.12027,2026-07-14
2016-10-27,sh.600129,太极集团,19.2603,19.0869573,19.3566015,19.067697,8408533,167275533.0,1.9697,-1.343954,426894096.0,8148109381.974101,2026-07-14
2016-10-28,sh.600129,太极集团,19.11584775,18.9713955,19.30845075,18.9328749,6781218,134313331.0,1.588502,-0.605444,426893891.0,8098772842.69489,2026-07-14
2016-10-31,sh.600129,太极集团,18.9521352,19.09658745,19.13510805,18.65360055,6934618,136371910.0,1.624436,0.659894,426893888.0,8152216464.062506,2026-07-14
2016-11-01,sh.600129,太极集团,19.11584775,19.11584775,19.1639985,18.9906558,5411042,107140665.0,1.267538,0.10086,426893868.0,8160438186.096597,2026-07-14
2016-11-02,sh.600129,太极集团,19.11584775,18.84620355,19.15436835,18.8365734,5309481,104546919.0,1.243747,-1.410583,426893974.0,8045330728.272407,2026-07-14
2016-11-03,sh.600129,太极集团,18.7787925,18.80768295,18.96176535,18.682491,6093995,119107083.0,1.427519,-0.204389,426894143.0,8028889694.755962,2026-07-14
2016-11-04,sh.600129,太极集团,18.7980528,18.8365734,18.9136146,18.73064175,3949247,77179078.0,0.925112,0.153604,426893933.0,8041218902.969182,2026-07-14
2016-11-07,sh.600129,太极集团,18.875094,18.73064175,18.8943543,18.682491,3845440,74962716.0,0.900795,-0.562366,426894021.0,7995998972.567977,2026-07-14
2016-11-08,sh.600129,太极集团,18.7980528,18.80768295,18.90398445,18.7210116,4301640,84016082.0,1.00766,0.411311,426893992.0,8028886854.795836,2026-07-14
2016-11-09,sh.600129,太极集团,18.82694325,18.48025785,18.86546385,18.30691515,8124218,156387256.0,1.9031,-1.740912,426893910.0,7889109531.394694,2026-07-14
2016-11-10,sh.600129,太极集团,18.6054498,18.63434025,18.682491,18.5476689,4983289,96320916.0,1.167336,0.833767,426894142.0,7954890692.759816,2026-07-14
2016-11-11,sh.600129,太极集团,18.6632307,18.63434025,18.67286085,18.489888,5406077,104288497.0,1.266375,0.0,426893851.0,7954885270.166803,2026-07-14
2016-11-14,sh.600129,太极集团,18.5861895,18.6632307,18.74990205,18.49951815,4956950,96014892.0,1.161166,0.155032,426894174.0,7967224453.847941,2026-07-14
2016-11-15,sh.600129,太极集团,18.6632307,19.1062176,19.1062176,18.6054498,11502712,225939808.0,2.694512,2.373586,426894072.0,8156331031.782067,2026-07-14
2016-11-16,sh.600129,太极集团,19.1832588,19.1062176,19.44327285,19.07732715,12210511,244144854.0,2.860315,0.0,426893926.0,8156328242.274298,2026-07-14
2016-11-17,sh.600129,太极集团,19.1062176,18.98102565,19.11584775,18.875094,5389621,106008372.0,1.26252,-0.655247,426893911.0,8102884274.519817,2026-07-14
2016-11-18,sh.600129,太极集团,19.0484367,19.0099161,19.23140955,18.98102565,5782484,114623562.0,1.354548,0.15221,426893990.0,8115218933.49424,2026-07-14
2016-11-21,sh.600129,太极集团,19.067697,19.067697,19.1447382,18.9713955,5636485,111555635.0,1.320348,0.303949,426893895.0,8139883441.009814,2026-07-14
2016-11-22,sh.600129,太极集团,19.0869573,19.2025191,19.23140955,19.0484367,7244143,144214012.0,1.696942,0.707077,426893966.0,8197439535.789751,2026-07-14
2016-11-23,sh.600129,太极集团,19.2603,18.9136146,19.26993015,18.88472415,7302194,144608672.0,1.71054,-1.504519,426894080.0,8074110104.141567,2026-07-14
2016-11-24,sh.600129,太极集团,18.90398445,18.67286085,18.9906558,18.65360055,6250550,121916670.0,1.464193,-1.272913,426893859.0,7971329626.82652,2026-07-14
2016-11-25,sh.600129,太极集团,18.67286085,18.96176535,18.98102565,18.38395635,6885991,134190648.0,1.613045,1.547195,426893918.0,8094662302.458141,2026-07-14
2016-11-28,sh.600129,太极集团,18.92324475,18.9906558,19.07732715,18.8365734,6172388,121668472.0,1.445883,0.152355,426894016.0,8106997320.935693,2026-07-14
2016-11-29,sh.600129,太极集团,18.88472415,19.7418075,20.7048225,18.7787925,24254385,498645968.0,5.681594,3.955379,426894020.0,8427659565.74115,2026-07-14
2016-11-30,sh.600129,太极集团,19.645506,19.8188487,20.3388768,19.5492045,18157240,375658096.0,4.253337,0.390244,426893989.0,8460547378.930465,2026-07-14
2016-12-01,sh.600129,太极集团,19.7418075,19.50105375,19.82847885,19.44327285,11439805,232313956.0,2.679776,-1.603498,426894076.0,8324884321.632586,2026-07-14
2016-12-02,sh.600129,太极集团,19.452903,19.03880655,19.452903,18.80768295,12103918,239736709.0,2.835345,-2.370368,426894011.0,8127552492.782572,2026-07-14
2016-12-05,sh.600129,太极集团,18.7787925,18.2009835,18.7787925,18.104682,11436268,218724903.0,2.678948,-4.400611,426893990.0,7769890468.239164,2026-07-14
2016-12-06,sh.600129,太极集团,18.09505185,18.0469011,18.2780247,17.912079,7669482,144077843.0,1.796578,-0.84656,426893906.0,7704112101.774696,2026-07-14
2016-12-07,sh.600129,太极集团,18.01801065,18.24913425,18.28765485,18.01801065,4773709,90207984.0,1.118242,1.120603,426894089.0,7790447540.692449,2026-07-14
2016-12-08,sh.600129,太极集团,18.24913425,18.2202438,18.34543575,18.09505185,4329782,81879518.0,1.014252,-0.158315,426894105.0,7778114669.882798,2026-07-14
2016-12-09,sh.600129,太极集团,18.104682,18.1432026,18.2780247,18.0661614,3621945,68401366.0,0.848441,-0.422833,426894151.0,7745227070.347992,2026-07-14
2016-12-12,sh.600129,太极集团,18.1432026,16.88165295,18.1432026,16.8335022,9530960,171527807.0,2.232629,-6.953288,426894034.0,7206676928.4135,2026-07-14
2016-12-13,sh.600129,太极集团,16.70831025,16.70831025,16.99721475,16.30384395,6516826,112197273.0,1.526568,-1.026813,426893922.0,7132676092.6153,2026-07-14
2016-12-14,sh.600129,太极集团,16.70831025,16.47718665,16.80461175,16.4290359,3803776,65687046.0,0.891035,-1.383284,426894118.0,7034014062.073125,2026-07-14
2016-12-15,sh.600129,太极集团,16.3905153,16.6601595,16.76609115,16.3905153,3055786,52688969.0,0.715818,1.110454,426894266.0,7112126561.195427,2026-07-14
2016-12-16,sh.600129,太极集团,16.5253374,16.80461175,16.8335022,16.5060771,2932389,50954134.0,0.686913,0.867061,426893799.0,7173784550.677538,2026-07-14
2016-12-19,sh.600129,太极集团,16.8142419,16.6601595,16.8527625,16.6023786,2245303,38924234.0,0.525963,-0.859608,426893717.0,7112117414.767861,2026-07-14
2016-12-20,sh.600129,太极集团,16.6408992,16.5253374,16.6601595,16.4290359,3426088,58688908.0,0.802562,-0.809245,426893872.0,7054565268.792414,2026-07-14
2016-12-21,sh.600129,太极集团,16.55422785,16.7757213,16.78535145,16.5445977,3449390,59815229.0,0.80802,1.515153,426894136.0,7161457050.140297,2026-07-14
2016-12-22,sh.600129,太极集团,16.80461175,16.70831025,16.8142419,16.61200875,2367056,41030465.0,0.554483,-0.401835,426894242.0,7132681439.274581,2026-07-14
2016-12-23,sh.600129,太极集团,16.7372007,16.6408992,16.7757213,16.563858,2731212,47275052.0,0.639787,-0.403456,426893951.0,7103899207.680739,2026-07-14
2016-12-26,sh.600129,太极集团,16.43866605,16.6023786,16.61200875,16.2364329,2742293,46693343.0,0.642383,-0.231487,426893769.0,7087451974.918944,2026-07-14
2016-12-27,sh.600129,太极集团,16.6023786,16.53496755,16.6601595,16.4675565,2273420,39081791.0,0.532549,-0.406031,426894051.0,7058679280.573046,2026-07-14
2016-12-28,sh.600129,太极集团,16.53496755,16.51570725,16.63126905,16.41940575,2268321,38798822.0,0.531355,-0.116485,426893696.0,7050451310.006495,2026-07-14
2016-12-29,sh.600129,太极集团,16.51570725,16.4290359,16.53496755,16.371255,2130410,36364846.0,0.499049,-0.524782,426893952.0,7013456062.900876,2026-07-14
2016-12-30,sh.600129,太极集团,16.41940575,16.51570725,16.53496755,16.41940575,1993494,34128063.0,0.466976,0.527551,426894316.0,7050461549.74499,2026-07-14
2017-01-03,sh.600129,太极集团,16.563858,16.90091325,16.9298037,16.47718665,4637346,80808791.0,1.086299,2.332359,426894069.0,7214899627.108514,2026-07-14
2017-01-04,sh.600129,太极集团,16.90091325,16.99721475,17.0261052,16.756461,4337101,76160890.0,1.015967,0.569803,426893885.0,7256007038.806805,2026-07-14
2017-01-05,sh.600129,太极集团,16.9875846,17.0838861,17.09351625,16.86239265,4085085,72167595.0,0.956932,0.509916,426893969.0,7293007943.172932,2026-07-14
2017-01-06,sh.600129,太极集团,17.09351625,16.9683243,17.1224067,16.949064,3074131,54333786.0,0.720116,-0.676431,426893862.0,7243673492.095447,2026-07-14
2017-01-09,sh.600129,太极集团,16.78535145,17.0261052,17.0838861,16.7372007,2944872,51796929.0,0.689837,0.340519,426893889.0,7268340263.351123,2026-07-14
2017-01-10,sh.600129,太极集团,17.05499565,16.93943385,17.11277655,16.90091325,2438336,43085492.0,0.571181,-0.509051,426893752.0,7231338472.982306,2026-07-14
2017-01-11,sh.600129,太极集团,16.80461175,16.68904995,16.93943385,16.6794198,2618283,45624971.0,0.613333,-1.478114,426894199.0,7124458610.47624,2026-07-14
2017-01-12,sh.600129,太极集团,16.66978965,16.6216389,16.76609115,16.59274845,2653907,45961483.0,0.621678,-0.403922,426894148.0,7095680376.579158,2026-07-14
2017-01-13,sh.600129,太极集团,16.68904995,16.41940575,16.72757055,16.40014545,2342391,40128251.0,0.548706,-1.216692,426893637.0,7009339837.996212,2026-07-14
2017-01-16,sh.600129,太极集团,16.28458365,15.7741857,16.3519947,15.1963767,5028342,82402134.0,1.17789,-3.92962,426894022.0,6733905577.247886,2026-07-14
2017-01-17,sh.600129,太极集团,15.72603495,15.8897475,15.93789825,15.5815827,2577797,42314832.0,0.603849,0.732606,426894306.0,6783242731.527735,2026-07-14
2017-01-18,sh.600129,太极集团,15.93789825,15.9090078,16.03419975,15.7549254,1825446,30178476.0,0.427611,0.121215,426894070.0,6791461089.403746,2026-07-14
2017-01-19,sh.600129,太极集团,15.9282681,15.86085705,15.9282681,15.74529525,2178360,35789241.0,0.510281,-0.30267,426894201.0,6770907897.534967,2026-07-14
2017-01-20,sh.600129,太极集团,15.84159675,16.178652,16.2942138,15.84159675,3173072,53257560.0,0.743293,2.003643,426893836.0,6906566813.589072,2026-07-14
2017-01-23,sh.600129,太极集团,16.178652,16.3327344,16.49644695,16.178652,2004658,34031886.0,0.469592,0.95238,426893559.0,6972339116.21773,2026-07-14
2017-01-24,sh.600129,太极集团,16.2749535,16.2749535,16.47718665,16.24606305,1880717,31921988.0,0.440558,-0.35377,426894302.0,6947684914.464956,2026-07-14
2017-01-25,sh.600129,太极集团,16.371255,16.41940575,16.4675565,16.3327344,1794710,30582794.0,0.420411,0.887572,426894158.0,7009348392.506608,2026-07-14
2017-01-26,sh.600129,太极集团,16.4868168,16.5445977,16.5445977,16.3519947,1589434,27208858.0,0.372325,0.76247,426894246.0,7062793560.514834,2026-07-14
2017-02-03,sh.600129,太极集团,16.563858,16.5060771,16.59274845,16.38088515,1595976,27315206.0,0.373858,-0.232834,426893633.0,7046339219.797104,2026-07-14
2017-02-06,sh.600129,太极集团,16.5060771,16.5831183,16.59274845,16.4290359,2089625,35866344.0,0.489495,0.466744,426894044.0,7079234433.217404,2026-07-14
2017-02-07,sh.600129,太极集团,16.5831183,16.49644695,16.6023786,16.38088515,2288080,39144017.0,0.535983,-0.522649,426894137.0,7042236484.286531,2026-07-14
2017-02-08,sh.600129,太极集团,16.4675565,16.5253374,16.53496755,16.3327344,2180588,37210077.0,0.510803,0.175135,426894126.0,7054569466.228113,2026-07-14
2017-02-09,sh.600129,太极集团,16.5253374,16.756461,16.82387205,16.43866605,4197476,72437987.0,0.98326,1.3986,426893802.0,7153229344.354723,2026-07-14
2017-02-10,sh.600129,太极集团,16.8527625,17.13203685,18.3935865,16.756461,12205631,220515058.0,2.859171,2.241387,426894054.0,7313564664.173889,2026-07-14
2017-02-13,sh.600129,太极集团,17.1224067,17.22833835,17.30537955,16.97795445,5220560,93142032.0,1.222917,0.562105,426894057.0,7354675253.600186,2026-07-14
2017-02-14,sh.600129,太极集团,17.2572288,17.09351625,17.2764891,17.0068449,3795358,67303690.0,0.889063,-0.782557,426894157.0,7297122209.709552,2026-07-14
2017-02-15,sh.600129,太极集团,17.1609273,16.8335022,17.17055745,16.80461175,4036825,71090436.0,0.945627,-1.521129,426894008.0,7186121222.834818,2026-07-14
2017-02-16,sh.600129,太极集团,16.76609115,16.93943385,16.99721475,16.756461,2754588,48303359.0,0.645263,0.629294,426893840.0,7231339963.652484,2026-07-14
2017-02-17,sh.600129,太极集团,16.9105434,16.99721475,17.1224067,16.8527625,3709677,65438958.0,0.868993,0.3411,426893772.0,7256005118.121537,2026-07-14
2017-02-20,sh.600129,太极集团,17.09351625,17.1224067,17.1224067,16.90091325,3543674,62670074.0,0.830106,0.73655,426894156.0,7309455356.885244,2026-07-14
2017-02-21,sh.600129,太极集团,17.141667,17.47872225,17.5653936,17.1031464,7357325,132658070.0,1.723455,2.080984,426893943.0,7461560659.904332,2026-07-14
2017-02-22,sh.600129,太极集团,17.3727906,17.4305715,17.6039142,17.33427,6012849,109029382.0,1.408511,-0.275478,426894004.0,7441006459.643286,2026-07-14
2017-02-23,sh.600129,太极集团,17.5076127,17.82540765,17.96022975,17.28611925,11332743,207691378.0,2.654697,2.265193,426894030.0,7609560108.101329,2026-07-14
2017-02-24,sh.600129,太极集团,17.8350378,17.6424348,17.8542981,17.55576345,5549316,101745654.0,1.299928,-1.026475,426894105.0,7531451413.966854,2026-07-14
2017-02-27,sh.600129,太极集团,17.57502375,17.28611925,17.61354435,17.26685895,5107201,92216687.0,1.196363,-2.019645,426893928.0,7379339346.508913,2026-07-14
2017-02-28,sh.600129,太极集团,17.2379685,17.34390015,17.42094135,17.2379685,2672712,48061604.0,0.626083,0.334259,426894198.0,7404010344.72633,2026-07-14
2017-03-01,sh.600129,太极集团,17.51724285,17.84466795,18.0661614,17.51724285,13507223,250731655.0,3.16407,2.887287,426893937.0,7617780555.63322,2026-07-14
2017-03-02,sh.600129,太极集团,17.88318855,17.59428405,17.88318855,17.53650315,5459175,100048254.0,1.278813,-1.403131,426893924.0,7510892958.075111,2026-07-14
2017-03-03,sh.600129,太极集团,17.51724285,17.51724285,17.6039142,17.3535303,3573810,64834517.0,0.837166,-0.437876,426893830.0,7478002891.276615,2026-07-14
2017-03-06,sh.600129,太极集团,17.44020165,17.70984585,17.72910615,17.3920509,3894859,71220219.0,0.912371,1.099499,426894213.0,7560230706.487066,2026-07-14
2017-03-07,sh.600129,太极集团,17.719476,17.59428405,17.76762675,17.47872225,3980866,72718657.0,0.932519,-0.652523,426893822.0,7510891163.458138,2026-07-14
2017-03-08,sh.600129,太极集团,17.53650315,17.42094135,17.5846539,17.40168105,3382434,61330227.0,0.792336,-0.985223,426893893.0,7436893472.626176,2026-07-14
2017-03-09,sh.600129,太极集团,17.45946195,17.07425595,17.47872225,17.05499565,5346393,95356246.0,1.252394,-1.990053,426893853.0,7288894909.603676,2026-07-14
2017-03-10,sh.600129,太极集团,17.07425595,17.09351625,17.18981775,17.07425595,2309801,41082090.0,0.541071,0.112806,426894252.0,7297123833.5935955,2026-07-14
2017-03-13,sh.600129,太极集团,17.09351625,17.2187082,17.22833835,16.8720228,3205610,56970702.0,0.750915,0.73239,426893856.0,7350560738.836819,2026-07-14
2017-03-14,sh.600129,太极集团,17.2379685,17.141667,17.26685895,17.09351625,2528520,45124110.0,0.592306,-0.447427,426894207.0,7317678340.62307,2026-07-14
2017-03-15,sh.600129,太极集团,17.15129715,17.141667,17.2379685,17.0646258,2264063,40310816.0,0.530357,0.0,426894149.0,7317677346.4063835,2026-07-14
2017-03-16,sh.600129,太极集团,17.15129715,17.45946195,17.47872225,17.15129715,4661427,84087172.0,1.09194,1.853932,426894060.0,7453340597.251018,2026-07-14
2017-03-17,sh.600129,太极集团,17.49798255,17.18981775,17.5076127,17.18981775,4164065,75087324.0,0.975433,-1.544395,426894005.0,7338230144.517589,2026-07-14
2017-03-20,sh.600129,太极集团,17.1994479,17.2572288,17.2764891,17.05499565,2923930,52010092.0,0.684931,0.392155,426894096.0,7367009088.041164,2026-07-14
2017-03-21,sh.600129,太极集团,17.2764891,17.63280465,17.7002157,17.17055745,7927874,144440162.0,1.857106,2.176336,426893995.0,7527338420.093077,2026-07-14
2017-03-22,sh.600129,太极集团,17.5461333,17.8157775,17.90244885,17.4690921,11633964,214329756.0,2.725258,1.037687,426894041.0,7605449250.5318775,2026-07-14
2017-03-23,sh.600129,太极集团,17.96022975,17.69058555,17.9891202,17.4305715,8607053,158205575.0,2.016204,-0.702698,426893955.0,7552004031.705351,2026-07-14
2017-03-24,sh.600129,太极集团,17.6231745,17.8542981,17.97949005,17.61354435,8452975,156590751.0,1.980111,0.925422,426893997.0,7621892679.5385065,2026-07-14
2017-03-27,sh.600129,太极集团,17.912079,17.67132525,17.96022975,17.6616951,5337846,98620600.0,1.250391,-1.024814,426894148.0,7543785336.629637,2026-07-14
2017-03-28,sh.600129,太极集团,17.6231745,17.5846539,17.8735584,17.57502375,3709487,68151720.0,0.868948,-0.490464,426894014.0,7506783488.171754,2026-07-14
2017-03-29,sh.600129,太极集团,17.65206495,17.2764891,17.7002157,17.2764891,5046764,91273858.0,1.182205,-1.752463,426894151.0,7375232146.605254,2026-07-14
2017-03-30,sh.600129,太极集团,17.18981775,16.949064,17.2764891,16.93943385,4963580,87889346.0,1.16272,-1.895207,426893835.0,7235450930.62044,2026-07-14
2017-03-31,sh.600129,太极集团,16.93943385,17.07425595,17.1224067,16.93943385,2736003,48450748.0,0.640909,0.738631,426894146.0,7288899912.360669,2026-07-14
2017-04-05,sh.600129,太极集团,17.07425595,17.3727906,17.4113112,17.05499565,3329363,59790605.0,0.779904,1.748457,426893951.0,7416339219.12966,2026-07-14
2017-04-06,sh.600129,太极集团,17.26685895,17.33427,17.4305715,17.26685895,2732171,49177215.0,0.640012,-0.221735,426893714.0,7399890899.77878,2026-07-14
2017-04-07,sh.600129,太极集团,17.26685895,17.3920509,17.49798255,17.24759865,3613348,65199350.0,0.846427,0.33333,426894227.0,7424566124.900155,2026-07-14
2017-04-10,sh.600129,太极集团,17.38242075,17.11277655,17.38242075,17.09351625,3832858,68508336.0,0.897848,-1.605753,426893862.0,7305339270.972536,2026-07-14
2017-04-11,sh.600129,太极集团,17.09351625,17.3727906,17.3920509,17.09351625,3884231,69465505.0,0.909882,1.519417,426893927.0,7416338802.182686,2026-07-14
2017-04-12,sh.600129,太极集团,17.36316045,17.15129715,17.3727906,17.141667,2738341,48908174.0,0.641457,-1.274953,426893931.0,7321784662.112597,2026-07-14
2017-04-13,sh.600129,太极集团,17.141667,17.30537955,17.4113112,17.05499565,2993459,53663086.0,0.701218,0.898371,426894204.0,7387566227.915129,2026-07-14
2017-04-14,sh.600129,太极集团,17.30537955,17.07425595,17.30537955,17.0453655,3482442,61900483.0,0.815763,-1.335558,426893840.0,7288894687.638349,2026-07-14
2017-04-17,sh.600129,太极集团,16.72757055,15.6971445,16.7372007,15.41787015,10509688,172192771.0,2.461896,-8.065428,426894069.0,6701017887.285971,2026-07-14
2017-04-18,sh.600129,太极集团,15.70677465,15.6971445,15.8512269,15.4275003,5247046,85142589.0,1.229122,0.0,426893832.0,6701014167.062724,2026-07-14
2017-04-19,sh.600129,太极集团,15.600843,15.8127063,15.986049,15.51417165,4430298,72633474.0,1.037798,0.736201,426894058.0,6750350360.369165,2026-07-14
2017-04-20,sh.600129,太极集团,15.93789825,16.0245696,16.13050125,15.64899375,5667927,93886549.0,1.327713,1.339825,426893990.0,6840792454.576704,2026-07-14
2017-04-21,sh.600129,太极集团,15.9475284,15.80307615,16.0630902,15.7356651,3532575,58164340.0,0.827506,-1.382209,426894186.0,6746241329.350265,2026-07-14
2017-04-24,sh.600129,太极集团,15.793446,15.6586239,15.793446,15.40824,3553019,57401415.0,0.832295,-0.914075,426894190.0,6684575566.305141,2026-07-14
2017-04-25,sh.600129,太极集团,15.64899375,15.61047315,15.78381585,15.5238018,1730957,28164654.0,0.405477,-0.30751,426894004.0,6664017387.337993,2026-07-14
2017-04-26,sh.600129,太极集团,15.6393636,15.6778842,15.793446,15.55269225,1653633,26856430.0,0.387364,0.431842,426893826.0,6692791969.722949,2026-07-14
2017-04-27,sh.600129,太极集团,15.6971445,15.59121285,15.6971445,15.2541576,3032640,48716927.0,0.710396,-0.552826,426894296.0,6655799833.386904,2026-07-14
2017-04-28,sh.600129,太极集团,15.5623224,15.64899375,15.68751435,15.5238018,1446079,23456736.0,0.338744,0.370596,426894351.0,6680467030.709307,2026-07-14
2017-05-02,sh.600129,太极集团,15.5045415,15.18674655,15.5045415,14.1948411,9352343,144550296.0,2.190788,-2.953843,426894022.0,6483131315.824124,2026-07-14
2017-05-03,sh.600129,太极集团,14.7341295,15.41787015,15.5430621,14.72449935,4951531,78730276.0,1.159897,1.521876,426894026.0,6581796660.678724,2026-07-14
2017-05-04,sh.600129,太极集团,15.36008925,15.1963767,15.4660209,15.16748625,2296715,36572533.0,0.538006,-1.436605,426893938.0,6487241092.794445,2026-07-14
2017-05-05,sh.600129,太极集团,15.16748625,14.84006115,15.36008925,14.830431,2661890,41711090.0,0.623548,-2.344739,426894161.0,6335135453.8179455,2026-07-14
2017-05-08,sh.600129,太极集团,14.8496913,14.93636265,15.12896565,14.45485515,3092489,47532401.0,0.724416,0.648932,426894077.0,6376244747.209023,2026-07-14
2017-05-09,sh.600129,太极集团,14.9267325,15.2541576,15.30230835,14.84006115,2554045,40084163.0,0.598286,2.127659,426893660.0,6511903168.080815,2026-07-14
2017-05-10,sh.600129,太极集团,15.215637,14.87858175,15.3119385,14.830431,1732302,27061742.0,0.405792,-2.462123,426894074.0,6351578378.599549,2026-07-14
2017-05-11,sh.600129,太极集团,14.87858175,13.48221,14.87858175,13.39553865,10082399,143233329.0,2.361804,-9.385112,426893976.0,5755474232.16696,2026-07-14
2017-05-12,sh.600129,太极集团,13.47257985,13.20293565,13.5785115,12.74068845,6715664,92232197.0,1.573146,-2.071428,426893880.0,5636252427.018823,2026-07-14
2017-05-15,sh.600129,太极集团,13.2125658,12.95255175,13.3666482,12.9236613,2494792,33895487.0,0.584405,-1.896428,426894363.0,5529371328.540785,2026-07-14
2017-05-16,sh.600129,太极集团,12.95255175,12.95255175,12.95255175,12.95255175,0,0.0,0.0,0.0,426894363.0,5529371328.540785,2026-07-14
2017-05-17,sh.600129,太极集团,12.95255175,12.95255175,12.95255175,12.95255175,0,0.0,0.0,0.0,426894363.0,5529371328.540785,2026-07-14
2017-05-18,sh.600129,太极集团,12.95255175,12.95255175,12.95255175,12.95255175,0,0.0,0.0,0.0,426894363.0,5529371328.540785,2026-07-14
2017-05-19,sh.600129,太极集团,14.12743005,13.35701805,14.12743005,13.33775775,5188715,73325113.0,1.215457,3.122677,426894164.0,5702033053.98766,2026-07-14
2017-05-22,sh.600129,太极集团,13.29923715,13.0392231,13.31849745,12.904401,3375615,46030395.0,0.790738,-2.379235,426894243.0,5566369274.582613,2026-07-14
2017-05-23,sh.600129,太极集团,12.85625025,12.60586635,12.85625025,12.5384553,2787354,36642402.0,0.652938,-3.323485,426894131.0,5381370360.985392,2026-07-14
2017-05-24,sh.600129,太极集团,12.50956485,12.39400305,12.50956485,12.0376875,3057962,38897319.0,0.716328,-1.680674,426894104.0,5290926827.003017,2026-07-14
2017-05-25,sh.600129,太极集团,12.39400305,12.5962362,12.8851407,12.1917699,2489816,32475945.0,0.58324,1.631702,426893903.0,5377256434.527888,2026-07-14
2017-05-26,sh.600129,太极集团,12.7888392,12.64438695,12.85625025,12.4999347,1407522,18458347.0,0.329712,0.382264,426894381.0,5397817740.144728,2026-07-14
2017-05-31,sh.600129,太极集团,12.7503186,12.64438695,12.89477085,12.6347568,1359093,18000324.0,0.318368,0.0,426893720.0,5397809382.204954,2026-07-14
2017-06-01,sh.600129,太极集团,12.56734575,12.33622215,12.70216785,12.3073317,1497011,19424577.0,0.350675,-2.437165,426894133.0,5266260859.2196455,2026-07-14
2017-06-02,sh.600129,太极集团,12.3458523,12.47104425,12.49030455,12.23992065,1265752,16258011.0,0.296503,1.092891,426893488.0,5323807578.884844,2026-07-14
2017-06-05,sh.600129,太极集团,12.5577156,12.519195,12.58660605,12.37474275,1179928,15323005.0,0.276398,0.386102,426894551.0,5344376128.406445,2026-07-14
2017-06-06,sh.600129,太极集团,12.519195,12.6347568,12.6347568,12.4228935,1001179,13055702.0,0.234526,0.923076,426894673.0,5393710372.570526,2026-07-14
2017-06-07,sh.600129,太极集团,12.6925377,12.85625025,12.904401,12.56734575,2165635,28813606.0,0.5073,1.753052,426894343.0,5488260503.9173355,2026-07-14
2017-06-08,sh.600129,太极集团,12.85625025,12.8080995,12.87551055,12.7310583,1488733,19790149.0,0.348736,-0.374533,426893983.0,5467700610.215309,2026-07-14
2017-06-09,sh.600129,太极集团,12.8273598,12.77920905,12.85625025,12.70216785,1454268,19254026.0,0.340663,-0.225562,426893440.0,5455360511.833632,2026-07-14
2017-06-12,sh.600129,太极集团,12.6347568,12.519195,12.75994875,12.4999347,1296099,16933059.0,0.303611,-2.034668,426894612.0,5344376892.07734,2026-07-14
2017-06-13,sh.600129,太极集团,12.4421538,12.7503186,12.7695789,12.43252365,1575828,20741496.0,0.369138,1.846152,426894007.0,5443034597.68063,2026-07-14
2017-06-14,sh.600129,太极集团,12.75994875,12.8080995,12.83698995,12.6732774,1479644,19652835.0,0.346607,0.453175,426893860.0,5467699034.819071,2026-07-14
2017-06-15,sh.600129,太极集团,12.8658804,12.89477085,12.904401,12.711798,2048374,27311676.0,0.479832,0.676693,426893996.0,5504700255.660817,2026-07-14
2017-06-16,sh.600129,太极集团,12.904401,12.83698995,12.9814422,12.77920905,1188960,15836575.0,0.278514,-0.448099,426894160.0,5480036041.633692,2026-07-14
2017-06-19,sh.600129,太极集团,12.8080995,12.93329145,12.9814422,12.74068845,1821688,24402761.0,0.426731,0.75019,426893757.0,5521141377.466477,2026-07-14
2017-06-20,sh.600129,太极集团,12.95255175,13.04885325,13.14515475,12.904401,2683019,36389484.0,0.628498,0.893521,426893801.0,5570474562.583703,2026-07-14
2017-06-21,sh.600129,太极集团,13.12589445,13.0199628,13.12589445,12.904401,1238014,16680477.0,0.290005,-0.2214,426894019.0,5558144246.922493,2026-07-14
2017-06-22,sh.600129,太极集团,13.0199628,12.75994875,13.08737385,12.7310583,2026358,27248649.0,0.474675,-1.997045,426893769.0,5447142614.134338,2026-07-14
2017-06-23,sh.600129,太极集团,12.75994875,12.66364725,12.75994875,12.5384553,1646006,21582287.0,0.385577,-0.75472,426894239.0,5406038055.753193,2026-07-14
2017-06-26,sh.600129,太极集团,12.66364725,12.8658804,12.87551055,12.6154965,1578543,20919681.0,0.369774,1.596959,426893995.0,5492367083.148198,2026-07-14
2017-06-27,sh.600129,太极集团,12.8658804,13.0777437,13.0777437,12.8080995,2406405,32404381.0,0.563701,1.646709,426893867.0,5582808579.727887,2026-07-14
2017-06-28,sh.600129,太极集团,13.01033265,12.9814422,13.0584834,12.89477085,1394855,18794582.0,0.326745,-0.73638,426894061.0,5541700578.394774,2026-07-14
2017-06-29,sh.600129,太极集团,12.93329145,12.9814422,13.06811355,12.93329145,1237167,16700838.0,0.289807,0.0,426893415.0,5541692192.383113,2026-07-14
2017-06-30,sh.600129,太极集团,12.9236613,12.97181205,13.0007025,12.8851407,1011812,13618638.0,0.237017,-0.074179,426894273.0,5537592274.57739,2026-07-14
2017-07-03,sh.600129,太极集团,12.95255175,13.0777437,13.12589445,12.8851407,1747646,23603681.0,0.409386,0.816627,426894422.0,5582815837.875641,2026-07-14
2017-07-04,sh.600129,太极集团,13.0777437,13.01033265,13.14515475,12.9814422,1185910,16066094.0,0.2778,-0.515462,426893449.0,5554025777.59581,2026-07-14
2017-07-05,sh.600129,太极集团,12.9814422,13.0584834,13.1547849,12.97181205,1264264,17137715.0,0.296154,0.370098,426894116.0,5574589727.343675,2026-07-14
2017-07-06,sh.600129,太极集团,13.0007025,13.06811355,13.097004,12.93329145,2464742,33311641.0,0.577366,0.073741,426894206.0,5578701957.845091,2026-07-14
2017-07-07,sh.600129,太极集团,13.0007025,12.99107235,13.0777437,12.904401,2324141,31290553.0,0.54443,-0.589535,426894367.0,5545815607.504453,2026-07-14
2017-07-10,sh.600129,太极集团,12.99107235,13.74222405,14.1370602,12.9814422,11981082,171058676.0,2.806571,5.782066,426893957.0,5866472402.685066,2026-07-14
2017-07-11,sh.600129,太极集团,13.7133336,14.3874441,14.6185677,13.60740195,11433692,169590842.0,2.678345,4.695158,426893921.0,6141912425.017316,2026-07-14
2017-07-12,sh.600129,太极集团,14.26225215,14.47411545,14.80154055,14.01186825,6698422,100027447.0,1.569107,0.602411,426893896.0,6178911535.604293,2026-07-14
2017-07-13,sh.600129,太极集团,14.35855365,14.252622,14.35855365,14.060019,4618651,68186425.0,1.08192,-1.53027,426893948.0,6084358074.931656,2026-07-14
2017-07-14,sh.600129,太极集团,14.24278611,13.89875746,14.24278611,13.59404637,5333719,75043035.0,1.249425,-2.482756,426893891.0,5933294652.164677,2026-07-14
2017-07-17,sh.600129,太极集团,13.78080478,13.02394175,13.78080478,12.69957188,5288116,70544447.0,1.238742,-6.294203,426894059.0,5559843357.837064,2026-07-14
2017-07-18,sh.600129,太极集团,12.85684212,12.94530663,13.21070016,12.6799131,4933478,65019060.0,1.155668,-0.603773,426894056.0,5526274453.444391,2026-07-14
2017-07-19,sh.600129,太极集团,12.90598907,12.96496541,13.10257687,12.68974249,4465938,58364684.0,1.046147,0.151857,426893926.0,5534664984.3291,2026-07-14
2017-07-20,sh.600129,太极集团,12.92564785,13.2696765,13.2696765,12.8765009,3896866,52220782.0,0.912842,2.350269,426893811.0,5664742771.822141,2026-07-14
2017-07-21,sh.600129,太极集团,13.28933528,13.63336393,13.89875746,13.28933528,5243171,73009621.0,1.228214,2.74074,426893929.0,5820000293.564581,2026-07-14
2017-07-24,sh.600129,太极集团,13.53507003,13.84961051,13.88892807,13.27950589,4527344,62550277.0,1.060531,1.586159,426894075.0,5912316667.776728,2026-07-14
2017-07-25,sh.600129,太极集团,13.73165783,14.13466282,14.31159184,13.68251088,6569432,94200219.0,1.538891,2.058197,426893913.0,6034001520.165415,2026-07-14
2017-07-26,sh.600129,太极集团,13.9577338,14.14449221,14.32142123,13.9577338,4837225,69518964.0,1.133121,0.069543,426893950.0,6038198150.27113,2026-07-14
2017-07-27,sh.600129,太极集团,14.12483343,14.16415099,14.2526155,13.8594399,3711561,53170195.0,0.869434,0.138982,426893933.0,6046590123.726943,2026-07-14
2017-07-28,sh.600129,太极集团,14.32142123,14.14449221,14.32142123,14.0560277,2757952,39815435.0,0.646051,-0.138789,426893852.0,6038196764.110892,2026-07-14
2017-07-31,sh.600129,太极集团,14.12483343,14.00688075,14.13466282,13.90858685,2555787,36437137.0,0.598694,-0.9729,426893705.0,5979449218.860679,2026-07-14
2017-08-01,sh.600129,太极集团,14.01671014,13.98722197,14.07568648,13.87909868,2400770,34109021.0,0.562381,-0.140354,426893867.0,5971059275.360658,2026-07-14
2017-08-02,sh.600129,太极集团,13.90858685,14.48852086,14.53766781,13.90858685,5409346,78412127.0,1.26714,3.583979,426894108.0,6185064188.769093,2026-07-14
2017-08-03,sh.600129,太极集团,14.3509094,14.40005635,14.70476744,14.3509094,2576082,37914491.0,0.603448,-0.610584,426893784.0,6147294545.064729,2026-07-14
2017-08-04,sh.600129,太极集团,14.40005635,14.24278611,14.69493805,14.21329794,2308753,33917958.0,0.540826,-1.092149,426893862.0,6080157968.137857,2026-07-14
2017-08-07,sh.600129,太极集团,14.11500404,14.42954452,14.4492033,14.07568648,1560197,22788040.0,0.365476,1.311253,426894516.0,6159893423.965853,2026-07-14
2017-08-08,sh.600129,太极集团,14.60647354,14.82272012,15.07828426,14.42954452,5323615,80208668.0,1.247058,2.724793,426893938.0,6327729363.898632,2026-07-14
2017-08-09,sh.600129,太极集团,14.86203768,14.79323195,14.99964914,14.744085,3333175,50267831.0,0.780797,-0.198937,426893930.0,6315140924.537064,2026-07-14
2017-08-10,sh.600129,太极集团,14.79323195,14.98981975,15.06845487,14.6457911,4352826,66080776.0,1.01965,1.328902,426894130.0,6399066061.033068,2026-07-14
2017-08-11,sh.600129,太极集团,14.99964914,14.57698537,14.99964914,14.55732659,3837300,57631879.0,0.898888,-2.754099,426894118.0,6222829312.625053,2026-07-14
2017-08-14,sh.600129,太极集团,14.56715598,15.18640755,15.19623694,14.56715598,4334753,66190937.0,1.015417,4.180714,426893877.0,6482984396.721571,2026-07-14
2017-08-15,sh.600129,太极集团,15.21589572,15.0389667,15.31418962,15.0389667,3576922,55158569.0,0.837895,-0.970871,426893823.0,6420041988.532694,2026-07-14
2017-08-16,sh.600129,太极集团,15.0389667,15.32401901,15.36333657,14.77357317,4761098,72963620.0,1.115288,1.895424,426894040.0,6541732384.215701,2026-07-14
2017-08-17,sh.600129,太极集团,15.24538389,15.66804766,15.67787705,15.22572511,4592831,72528180.0,1.075872,2.245025,426893813.0,6688592607.843127,2026-07-14
2017-08-18,sh.600129,太极集团,15.66804766,15.79582973,15.90395302,15.41248352,4092064,65502141.0,0.958567,0.815559,426893895.0,6743143278.196498,2026-07-14
2017-08-21,sh.600129,太极集团,15.79582973,15.65821827,16.25781106,15.64838888,5325095,86574613.0,1.247405,-0.871185,426893832.0,6684396799.572711,2026-07-14
2017-08-22,sh.600129,太极集团,15.73685339,15.8253179,15.87446485,15.41248352,4776213,75937750.0,1.118829,1.067169,426893922.0,6755732025.227804,2026-07-14
2017-08-23,sh.600129,太极集团,15.75651217,15.46163047,15.86463546,15.4321423,3268280,51969997.0,0.765595,-2.298142,426894115.0,6600479055.947683,2026-07-14
2017-08-24,sh.600129,太极集团,15.48128925,15.52060681,15.68770644,15.45180108,2379598,37638983.0,0.557421,0.381439,426894215.0,6625657260.478604,2026-07-14
2017-08-25,sh.600129,太极集团,15.50094803,15.59924193,15.69753583,15.38299535,2896298,45711584.0,0.678458,0.506649,426894222.0,6659226247.4971285,2026-07-14
2017-08-28,sh.600129,太极集团,15.6287301,15.65821827,15.90395302,15.60907132,3207518,51353831.0,0.751362,0.378074,426893827.0,6684396721.28162,2026-07-14
2017-08-29,sh.600129,太极集团,15.68770644,15.59924193,15.71719461,15.5304362,1994854,31605824.0,0.467295,-0.37665,426893932.0,6659221723.716969,2026-07-14
2017-08-30,sh.600129,太极集团,15.59924193,15.34367779,15.59924193,15.32401901,2676502,41913430.0,0.626971,-1.638313,426894067.0,6550125014.510672,2026-07-14
2017-08-31,sh.600129,太极集团,15.3338484,15.52060681,15.6287301,15.31418962,1857700,29310323.0,0.435167,1.153109,426893583.0,6625647451.4551,2026-07-14
2017-09-01,sh.600129,太极集团,15.5304362,15.42231291,15.60907132,15.36333657,1967712,30909063.0,0.460937,-0.633315,426893914.0,6583691521.08263,2026-07-14
2017-09-04,sh.600129,太极集团,15.38299535,15.65821827,15.67787705,15.35350718,2656035,41814999.0,0.622177,1.529641,426893794.0,6684396204.560417,2026-07-14
2017-09-05,sh.600129,太极集团,15.65821827,15.6287301,15.80565912,15.50094803,2327781,37117969.0,0.545283,-0.188328,426894108.0,6671812795.212251,2026-07-14
2017-09-06,sh.600129,太极集团,15.57958315,15.55009498,15.65821827,15.47145986,1525900,24129095.0,0.357442,-0.503144,426894433.0,6638248979.583246,2026-07-14
2017-09-07,sh.600129,太极集团,15.55009498,15.47145986,15.6287301,15.3338484,2211158,34807051.0,0.517964,-0.505688,426894147.0,6604675659.779439,2026-07-14
2017-09-08,sh.600129,太极集团,15.47145986,15.38299535,15.54026559,15.32401901,1537585,24076769.0,0.36018,-0.571793,426893498.0,6566900694.6792345,2026-07-14
2017-09-11,sh.600129,太极集团,15.4321423,15.2355545,15.46163047,14.99964914,3360187,51982054.0,0.787124,-0.958464,426894238.0,6503970428.78497,2026-07-14
2017-09-12,sh.600129,太极集团,15.2355545,15.27487206,15.32401901,14.99964914,2741290,42165176.0,0.642148,0.258064,426893800.0,6520748178.207228,2026-07-14
2017-09-13,sh.600129,太极集团,15.27487206,15.08811365,15.27487206,15.00947853,2371600,36401114.0,0.555548,-1.222649,426893806.0,6441022261.409052,2026-07-14
2017-09-14,sh.600129,太极集团,15.08811365,14.95050219,15.08811365,14.9406728,1845177,28121653.0,0.432233,-0.912054,426894059.0,6382280563.977489,2026-07-14
2017-09-15,sh.600129,太极集团,14.98981975,15.00947853,15.08811365,14.95050219,958902,14651691.0,0.224623,0.39448,426893951.0,6407455592.121372,2026-07-14
2017-09-18,sh.600129,太极集团,15.1372606,15.28470145,15.29453084,14.95050219,1756233,27062058.0,0.411398,1.833659,426893908.0,6524945934.603766,2026-07-14
2017-09-19,sh.600129,太极集团,15.36333657,15.18640755,15.38299535,15.11760182,1316102,20414258.0,0.308297,-0.643089,426894196.0,6482989241.18558,2026-07-14
2017-09-20,sh.600129,太极集团,15.11760182,15.0389667,15.19623694,14.99964914,1279180,19604810.0,0.299648,-0.970871,426894223.0,6420048004.119374,2026-07-14
2017-09-21,sh.600129,太极集团,15.0389667,14.90135524,15.06845487,14.88169646,1219300,18601553.0,0.285621,-0.915035,426894381.0,6361304821.240906,2026-07-14
2017-09-22,sh.600129,太极集团,14.89152585,14.90135524,14.96033158,14.70476744,1360151,20540060.0,0.318616,0.0,426893502.0,6361291722.94965,2026-07-14
2017-09-25,sh.600129,太极集团,14.89152585,14.82272012,15.14708999,14.78340256,1222711,18632869.0,0.28642,-0.527704,426894421.0,6327736523.27245,2026-07-14
2017-09-26,sh.600129,太极集团,14.82272012,14.68510866,14.82272012,14.62613232,1674889,25068412.0,0.392343,-0.928384,426894070.0,6268985804.259645,2026-07-14
2017-09-27,sh.600129,太极集团,14.73425561,14.49835025,14.73425561,14.32142123,2527254,37145829.0,0.59201,-1.271751,426893802.0,6189255860.9501505,2026-07-14
2017-09-28,sh.600129,太极集团,14.48852086,14.26244489,14.48852086,14.19363916,1952769,28393295.0,0.457437,-1.627117,426893539.0,6088545573.884565,2026-07-14
2017-09-29,sh.600129,太极集团,14.2526155,14.40005635,14.42954452,14.23295672,1265400,18485444.0,0.29642,0.964848,426894272.0,6147301572.292227,2026-07-14
2017-10-09,sh.600129,太极集团,14.52783842,14.41971513,14.59664415,14.40005635,1079800,15888213.0,0.252943,0.136522,426894597.0,6155698479.276153,2026-07-14
2017-10-10,sh.600129,太极集团,14.41971513,15.10777243,15.15691938,14.41971513,3441094,52165995.0,0.806077,4.771642,426893957.0,6449416754.098206,2026-07-14
2017-10-11,sh.600129,太极集团,15.14708999,15.07828426,15.18640755,14.9406728,1890811,28926101.0,0.442923,-0.195184,426893839.0,6436826653.284675,2026-07-14
2017-10-12,sh.600129,太极集团,15.06845487,15.29453084,15.41248352,14.9406728,3408077,52751428.0,0.798343,1.434161,426893829.0,6529140833.046186,2026-07-14
2017-10-13,sh.600129,太极集团,15.19623694,15.30436023,15.49111864,15.08811365,2193481,34214234.0,0.513823,0.064263,426894281.0,6533343856.550845,2026-07-14
2017-10-16,sh.600129,太极集团,15.3338484,15.24538389,15.47145986,15.01930792,2701572,41956256.0,0.632844,-0.385353,426893832.0,6508160349.113166,2026-07-14
2017-10-17,sh.600129,太极集团,15.29453084,15.40265413,15.50094803,15.04879609,2545034,39583465.0,0.596175,1.031592,426893781.0,6575297258.990966,2026-07-14
2017-10-18,sh.600129,太极集团,15.34367779,15.34367779,15.47145986,15.28470145,1581597,24773567.0,0.370489,-0.3829,426894456.0,6550130983.201332,2026-07-14
2017-10-19,sh.600129,太极集团,15.38299535,15.25521328,15.38299535,15.05862548,1945922,30084759.0,0.455833,-0.576548,426893621.0,6512353236.226487,2026-07-14
2017-10-20,sh.600129,太极集团,15.28470145,15.26504267,15.3338484,15.09794304,1308369,20271044.0,0.306486,0.064428,426893561.0,6516548424.213247,2026-07-14
2017-10-23,sh.600129,太极集团,15.28470145,15.40265413,15.41248352,15.15691938,2298014,35835429.0,0.53831,0.901483,426894169.0,6575303235.220768,2026-07-14
2017-10-24,sh.600129,太极集团,15.38299535,15.61890071,15.77617095,15.19623694,4281712,67884240.0,1.002992,1.403958,426893933.0,6667613953.228393,2026-07-14
2017-10-25,sh.600129,太极集团,15.5304362,15.68770644,15.74668278,15.49111864,1723164,27464319.0,0.403651,0.440527,426894520.0,6696995910.604709,2026-07-14
2017-10-26,sh.600129,太极集团,15.71719461,16.03173509,16.16934655,15.56975376,4264820,69176554.0,0.999035,2.192979,426893953.0,6843850766.018911,2026-07-14
2017-10-27,sh.600129,太极集团,15.95309997,16.10054082,16.15951716,15.88429424,4026492,65778546.0,0.943207,0.429183,426893778.0,6873220698.493017,2026-07-14
2017-10-30,sh.600129,太极集团,16.08088204,15.64838888,16.16934655,15.51077742,3476580,55728620.0,0.81439,-2.808297,426893749.0,6680199394.793112,2026-07-14
2017-10-31,sh.600129,太极集团,15.57958315,15.55992437,15.84497668,15.47145986,2266752,35996162.0,0.530987,-0.565328,426894067.0,6642439396.521712,2026-07-14
2017-11-01,sh.600129,太极集团,15.55009498,15.70736522,15.80565912,15.41248352,2210039,35189568.0,0.517702,0.947565,426894043.0,6705380643.643384,2026-07-14
2017-11-02,sh.600129,太极集团,15.60907132,15.74668278,15.93344119,15.57958315,1938031,31111378.0,0.453984,0.250319,426894120.0,6722166288.287253,2026-07-14
2017-11-03,sh.600129,太极集团,15.74668278,15.20606633,15.74668278,15.1372606,2392855,37545879.0,0.560527,-3.43321,426893798.0,6491375408.253621,2026-07-14
2017-11-06,sh.600129,太极集团,15.11760182,16.72962178,16.72962178,15.06845487,12087469,202350709.0,2.831492,10.01939,426893984.0,7141774892.477371,2026-07-14
2017-11-07,sh.600129,太极集团,17.25057945,17.04416226,17.2997264,16.65098666,16321750,281891415.0,3.823373,1.880139,426894002.0,7276050637.908765,2026-07-14
2017-11-08,sh.600129,太极集团,16.89672141,16.93603897,17.2014325,16.8082569,7037693,121515659.0,1.648581,-0.634375,426893977.0,7229893030.530283,2026-07-14
2017-11-09,sh.600129,太极集团,16.82791568,16.78859812,17.2014325,16.75910995,4492200,77161940.0,1.052299,-0.870572,426893877.0,7166949740.841711,2026-07-14
2017-11-10,sh.600129,太极集团,16.87706263,16.77876873,16.97535653,16.46422825,4220155,71782662.0,0.988572,-0.058549,426894045.0,7162756453.269213,2026-07-14
2017-11-13,sh.600129,太极集团,16.709963,16.47405764,16.709963,16.34627557,3498823,58644244.0,0.8196,-1.816049,426893973.0,7032675917.3706045,2026-07-14
2017-11-14,sh.600129,太极集团,16.32661679,16.45439886,16.67064544,16.27746984,2994390,50174205.0,0.701436,-0.119334,426894257.0,7024288375.721348,2026-07-14
2017-11-15,sh.600129,太极集团,16.60183971,16.1201996,16.6116691,16.04156448,2425854,40112717.0,0.568257,-2.031064,426893817.0,6881613538.045873,2026-07-14
2017-11-16,sh.600129,太极集团,16.17917594,16.11037021,16.5133752,15.89412363,2595514,42893117.0,0.608,-0.060977,426893750.0,6877416352.835187,2026-07-14
2017-11-17,sh.600129,太极集团,16.18900533,15.28470145,16.45439886,15.1372606,4221944,67407317.0,0.988991,-5.125072,426894077.0,6524948517.718311,2026-07-14
2017-11-20,sh.600129,太极集团,15.21589572,15.71719461,15.76634156,15.04879609,3177256,49853700.0,0.744273,2.829579,426893895.0,6709574425.535906,2026-07-14
2017-11-21,sh.600129,太极集团,15.88429424,16.67064544,16.69030422,15.73685339,6563469,108635643.0,1.537494,6.066288,426893959.0,7116597830.966898,2026-07-14
2017-11-22,sh.600129,太极集团,16.60183971,16.63132788,16.69030422,16.32661679,3147069,52968495.0,0.737202,-0.235843,426893714.0,7099809327.444946,2026-07-14
2017-11-23,sh.600129,太极集团,16.60183971,16.22832289,16.70013361,16.17917594,2655678,44354340.0,0.622093,-2.423167,426894050.0,6927774483.219805,2026-07-14
2017-11-24,sh.600129,太极集团,16.05139387,16.22832289,16.47405764,16.05139387,1876125,31060106.0,0.439483,0.0,426893645.0,6927767910.749035,2026-07-14
2017-11-27,sh.600129,太极集团,16.22832289,15.58941254,16.29712862,15.44197169,1944558,31212210.0,0.455513,-3.937011,426894073.0,6655027814.877875,2026-07-14
2017-11-28,sh.600129,太极集团,15.55992437,15.95309997,15.99241753,15.55992437,1698772,27467713.0,0.397938,2.332912,426893637.0,6810276867.617891,2026-07-14
2017-11-29,sh.600129,太极集团,15.95309997,15.83514729,16.01207631,15.60907132,1291690,20743920.0,0.302579,-0.739365,426893472.0,6759921006.259491,2026-07-14
2017-11-30,sh.600129,太极集团,15.8253179,16.16934655,16.23815228,15.6287301,1791299,28934017.0,0.419612,2.110491,426894131.0,6902599144.300098,2026-07-14
2017-12-01,sh.600129,太极集团,16.09071143,15.8253179,16.2184935,15.74668278,1396330,22603394.0,0.327091,-2.127662,426893433.0,6755724286.64735,2026-07-14
2017-12-04,sh.600129,太极集团,15.8253179,15.60907132,16.10054082,15.57958315,1381900,22260679.0,0.32371,-1.366461,426894443.0,6663425806.898675,2026-07-14
2017-12-05,sh.600129,太极集团,15.60907132,15.0389667,15.60907132,14.9406728,2728806,42249824.0,0.639223,-3.652392,426894214.0,6420047868.768674,2026-07-14
2017-12-06,sh.600129,太极集团,15.05862548,15.30436023,15.31418962,14.97016097,1819484,28157786.0,0.426214,1.764703,426894471.0,6533346764.379289,2026-07-14
2017-12-07,sh.600129,太极集团,15.30436023,15.17657816,15.38299535,15.12743121,884900,13673256.0,0.207288,-0.83494,426893983.0,6478789899.033212,2026-07-14
2017-12-08,sh.600129,太极集团,15.16674877,15.06845487,15.21589572,14.99964914,1896041,29077358.0,0.444148,-0.712433,426893963.0,6432632415.74095,2026-07-14
2017-12-11,sh.600129,太极集团,15.11760182,15.89412363,15.9236118,15.11760182,4829007,76565641.0,1.131196,5.479453,426893925.0,6785104820.845947,2026-07-14
2017-12-12,sh.600129,太极集团,15.73685339,15.68770644,15.8253179,15.67787705,1782868,28519009.0,0.417637,-1.298702,426894169.0,6696990404.2197485,2026-07-14
2017-12-13,sh.600129,太极集团,15.76634156,15.8253179,16.26764045,15.73685339,1073200,17277769.0,0.251397,0.877195,426894513.0,6755741377.990683,2026-07-14
2017-12-14,sh.600129,太极集团,15.84497668,15.91378241,16.0219057,15.8253179,1461136,23677739.0,0.342271,0.559007,426894478.0,6793505834.922532,2026-07-14
2017-12-15,sh.600129,太极集团,15.9236118,16.26764045,16.29712862,15.75651217,4193795,68952868.0,0.982397,2.223587,426894117.0,6944560005.576232,2026-07-14
2017-12-18,sh.600129,太极集团,16.3167874,16.26764045,16.4150813,16.04156448,2225697,36693621.0,0.52137,0.0,426893952.0,6944557321.415558,2026-07-14
2017-12-19,sh.600129,太极集团,16.24798167,16.15951716,16.28729923,15.95309997,1676621,27494251.0,0.392749,-0.664645,426893767.0,6898397153.333542,2026-07-14
2017-12-20,sh.600129,太极集团,16.16934655,16.09071143,16.26764045,15.9236118,1309606,21382191.0,0.306775,-0.425789,426894630.0,6869038302.346621,2026-07-14
2017-12-21,sh.600129,太极集团,16.09071143,16.06122326,16.2184935,15.96292936,1897392,31005436.0,0.444464,-0.183266,426894417.0,6856446539.884539,2026-07-14
2017-12-22,sh.600129,太极集团,16.10054082,15.90395302,16.16934655,15.78600034,2209469,35854172.0,0.517569,-0.979191,426893612.0,6789295949.786108,2026-07-14
2017-12-25,sh.600129,太极集团,15.9236118,15.90395302,16.05139387,15.63855949,2003602,32229863.0,0.469344,0.0,426894133.0,6789304235.745631,2026-07-14
2017-12-26,sh.600129,太极集团,15.90395302,15.64838888,15.90395302,15.39282474,1344857,21345165.0,0.315033,-1.606924,426894008.0,6680203447.725831,2026-07-14
2017-12-27,sh.600129,太极集团,15.78600034,15.34367779,15.78600034,15.30436023,1972743,30980980.0,0.462115,-1.947239,426894388.0,6550129939.831243,2026-07-14
2017-12-28,sh.600129,太极集团,15.35350718,15.3338484,15.55992437,15.22572511,1852835,28894717.0,0.434027,-0.064057,426893949.0,6545927096.843332,2026-07-14
2017-12-29,sh.600129,太极集团,15.4321423,16.07105265,16.08088204,15.36333657,4842327,77897944.0,1.134316,4.807692,426894005.0,6860636030.324363,2026-07-14
2018-01-02,sh.600129,太极集团,16.13002899,16.01207631,16.17917594,15.90395302,2186924,35612955.0,0.512287,-0.366969,426894299.0,6835464091.891957,2026-07-14
2018-01-03,sh.600129,太极集团,15.97275875,16.06122326,16.13002899,15.9236118,2939025,48045463.0,0.688467,0.306932,426894099.0,6856441432.415542,2026-07-14
2018-01-04,sh.600129,太极集团,16.11037021,15.78600034,16.16934655,15.63855949,2400438,38879772.0,0.562303,-1.713591,426894041.0,6738949476.369973,2026-07-14
2018-01-05,sh.600129,太极集团,15.77617095,15.69753583,15.77617095,15.48128925,2566934,40802524.0,0.601305,-0.560394,426893839.0,6701181333.308751,2026-07-14
2018-01-08,sh.600129,太极集团,15.60907132,15.45180108,15.67787705,15.37316596,2398761,37721880.0,0.56191,-1.565435,426894165.0,6596283719.792698,2026-07-14
2018-01-09,sh.600129,太极集团,15.57958315,15.58941254,15.67787705,15.4321423,2954367,46727602.0,0.692061,0.890581,426894017.0,6655026941.870773,2026-07-14
2018-01-10,sh.600129,太极集团,15.58941254,15.79582973,15.84497668,15.58941254,4592965,73638262.0,1.075903,1.324086,426893967.0,6743144415.496239,2026-07-14
2018-01-11,sh.600129,太极集团,15.80565912,16.63132788,16.9065508,15.80565912,11021488,184285840.0,2.581786,5.289361,426893941.0,7099813102.756375,2026-07-14
2018-01-12,sh.600129,太极集团,16.6116691,16.60183971,16.709963,16.43474008,3643447,61376888.0,0.853478,-0.177309,426894073.0,7087226973.095038,2026-07-14
2018-01-15,sh.600129,太极集团,16.57235154,16.15951716,16.57235154,16.08088204,3754996,62104927.0,0.879609,-2.664292,426893768.0,6898397169.493059,2026-07-14
2018-01-16,sh.600129,太极集团,16.03173509,16.86723324,16.93603897,16.03173509,6613338,112382105.0,1.549176,4.379558,426893910.0,7200519148.705568,2026-07-14
2018-01-17,sh.600129,太极集团,16.83774507,16.74928056,16.87706263,16.56252215,3848007,65423073.0,0.901396,-0.699295,426894173.0,7150170273.006176,2026-07-14
2018-01-18,sh.600129,太极集团,16.57235154,16.9065508,17.0048447,16.5133752,3448386,58933400.0,0.807785,0.938966,426894037.0,7217305722.75758,2026-07-14
2018-01-19,sh.600129,太极集团,16.92620958,16.58218093,17.06382104,16.43474008,2958932,50426457.0,0.69313,-1.918604,426894233.0,7078837409.5795765,2026-07-14
2018-01-22,sh.600129,太极集团,16.64115727,16.76893934,17.0048447,16.46422825,2575922,43948261.0,0.60341,1.126251,426894152.0,7158562139.488739,2026-07-14
2018-01-23,sh.600129,太极集团,16.95569775,16.709963,16.99501531,16.66081605,3725507,63698021.0,0.872701,-0.351697,426893862.0,7133380638.947105,2026-07-14
2018-01-24,sh.600129,太极集团,16.73945117,16.60183971,16.88689202,16.50354581,3197741,54144304.0,0.749071,-0.647062,426894246.0,7087229845.213308,2026-07-14
2018-01-25,sh.600129,太极集团,16.56252215,17.11296799,17.28989701,16.54286337,5691296,98594758.0,1.333187,3.078748,426894052.0,7305424246.997396,2026-07-14
2018-01-26,sh.600129,太极集团,17.12279738,17.11296799,17.2997264,17.02450348,4009269,69966118.0,0.939172,0.0,426894009.0,7305423511.139772,2026-07-14
2018-01-29,sh.600129,太极集团,17.11296799,17.24075006,17.63392566,17.09330921,5782111,102173620.0,1.354461,0.746703,426893871.0,7359970532.056882,2026-07-14
2018-01-30,sh.600129,太极集团,17.27023823,16.8082569,17.2997264,16.77876873,2676951,46251186.0,0.627076,-2.508555,426894188.0,7175347181.020897,2026-07-14
2018-01-31,sh.600129,太极集团,16.56252215,16.57235154,16.79842751,16.2184935,3183438,53500073.0,0.745721,-1.403507,426893972.0,7074636974.290916,2026-07-14
2018-02-01,sh.600129,太极集团,16.5133752,16.22832289,16.85740385,16.1201996,2609739,43589189.0,0.611332,-2.075922,426893897.0,6927772000.286403,2026-07-14
2018-02-02,sh.600129,太极集团,15.70736522,16.37576374,16.42491069,15.60907132,1709412,27909489.0,0.40043,0.908538,426894089.0,6990716743.466533,2026-07-14
2018-02-05,sh.600129,太极集团,16.30695801,16.38559313,16.57235154,15.97275875,1838491,30405588.0,0.430667,0.060025,426893865.0,6994909181.583147,2026-07-14
2018-02-06,sh.600129,太极集团,16.03173509,15.46163047,16.27746984,15.2355545,3132389,50073681.0,0.733763,-5.638875,426893834.0,6600474711.229522,2026-07-14
2018-02-07,sh.600129,太极集团,15.69753583,15.5304362,15.86463546,15.22572511,1589584,25240189.0,0.37236,0.445014,426894403.0,6629856289.928589,2026-07-14
2018-02-08,sh.600129,太极集团,15.56975376,15.5304362,15.8253179,15.50094803,985558,15695705.0,0.230867,0.0,426894272.0,6629854255.441446,2026-07-14
2018-02-09,sh.600129,太极集团,14.95050219,13.97739258,15.22572511,13.97739258,4206046,61813818.0,0.985267,-9.999999,426894030.0,5966865447.368298,2026-07-14
2018-02-12,sh.600129,太极集团,13.96756319,13.89875746,14.37056818,13.87909868,2892581,41487873.0,0.677588,-0.562587,426893776.0,5933293053.8075695,2026-07-14
2018-02-13,sh.600129,太极集团,14.06585709,14.11500404,14.40988574,13.97739258,2066167,29767305.0,0.484,1.555865,426894008.0,6025610647.571793,2026-07-14
2018-02-14,sh.600129,太极集团,14.11500404,14.0560277,14.23295672,13.65302271,1230496,17432373.0,0.288244,-0.417824,426893882.0,6000432230.352531,2026-07-14
2018-02-22,sh.600129,太极集团,14.2526155,14.3509094,14.40988574,14.11500404,1281692,18650080.0,0.300237,2.097903,426893421.0,6126308808.227057,2026-07-14
2018-02-23,sh.600129,太极集团,14.38039757,14.42954452,14.4492033,14.20346855,1099579,16063433.0,0.257577,0.547945,426893317.0,6159876122.941973,2026-07-14
2018-02-26,sh.600129,太极集团,14.42954452,14.52783842,14.68510866,14.34108001,3306323,48587911.0,0.774507,0.681195,426893882.0,6201845340.182547,2026-07-14
2018-02-27,sh.600129,太极集团,14.63596171,14.27227428,14.6457911,14.2526155,1760970,25685068.0,0.412508,-1.759129,426893539.0,6092741676.967876,2026-07-14
2018-02-28,sh.600129,太极集团,14.19363916,14.46886208,14.58681476,13.92824563,2115799,30691980.0,0.495626,1.377409,426894271.0,6176674329.841144,2026-07-14
2018-03-01,sh.600129,太极集团,14.30176245,15.18640755,15.31418962,14.30176245,3746028,57055352.0,0.877508,4.959236,426893886.0,6482984533.39924,2026-07-14
2018-03-02,sh.600129,太极集团,15.16674877,14.97999036,15.17657816,14.85220829,845985,12919126.0,0.198172,-1.359224,426894314.0,6394872708.458814,2026-07-14
2018-03-05,sh.600129,太极集团,15.2355545,15.05862548,15.2355545,14.96033158,779900,11958142.0,0.182692,0.524934,426893351.0,6428427092.611183,2026-07-14
2018-03-06,sh.600129,太极集团,15.05862548,15.49111864,15.58941254,14.9406728,1922997,29950407.0,0.450462,2.872066,426894388.0,6613071611.258192,2026-07-14
2018-03-07,sh.600129,太极集团,15.4321423,15.34367779,15.727024,15.31418962,1468916,23240642.0,0.344094,-0.95178,426893814.0,6550121132.560191,2026-07-14
2018-03-08,sh.600129,太极集团,15.34367779,15.32401901,15.60907132,14.744085,2483579,38479732.0,0.581779,-0.12812,426893889.0,6541730070.28883,2026-07-14
2018-03-09,sh.600129,太极集团,15.17657816,15.31418962,15.37316596,15.14708999,1136743,17695830.0,0.266282,-0.064145,426894420.0,6537542095.59992,2026-07-14
2018-03-12,sh.600129,太极集团,15.4321423,15.57958315,15.71719461,15.34367779,1259040,19942015.0,0.29493,1.732994,426894517.0,6650838623.880589,2026-07-14
2018-03-13,sh.600129,太极集团,15.57958315,15.45180108,15.65821827,15.41248352,934959,14760731.0,0.219014,-0.82019,426894628.0,6596290873.976598,2026-07-14
2018-03-14,sh.600129,太极集团,15.4321423,15.31418962,15.47145986,15.19623694,1527474,23792982.0,0.357811,-0.890587,426894087.0,6537536995.974777,2026-07-14
2018-03-15,sh.600129,太极集团,15.28470145,15.07828426,15.32401901,14.96033158,1415669,21761285.0,0.331621,-1.540435,426893653.0,6436823848.723802,2026-07-14
2018-03-16,sh.600129,太极集团,15.06845487,15.12743121,15.26504267,15.0389667,607410,9367105.0,0.142286,0.325946,426893721.0,6457805398.408432,2026-07-14
2018-03-19,sh.600129,太极集团,15.12743121,15.25521328,15.28470145,15.06845487,874764,13526879.0,0.204914,0.844705,426893233.0,6512347317.203734,2026-07-14
2018-03-20,sh.600129,太极集团,15.22572511,15.55992437,15.6287301,15.0389667,1809400,28588820.0,0.423852,1.997419,426894293.0,6642442913.06462,2026-07-14
2018-03-21,sh.600129,太极集团,15.5304362,15.67787705,15.74668278,15.45180108,1876736,29824599.0,0.439626,0.758054,426893769.0,6692788023.793101,2026-07-14
2018-03-22,sh.600129,太极集团,15.64838888,15.46163047,15.75651217,15.39282474,1483111,23443939.0,0.347419,-1.379312,426894039.0,6600477880.863768,2026-07-14
2018-03-23,sh.600129,太极集团,15.18640755,14.65562049,15.31418962,14.5474972,2032133,30758978.0,0.476028,-5.212967,426893586.0,6256390386.0311775,2026-07-14
2018-03-26,sh.600129,太极集团,14.66544988,15.1372606,15.17657816,14.41971513,1366620,20643888.0,0.320131,3.286383,426893990.0,6462005575.203794,2026-07-14
2018-03-27,sh.600129,太极集团,15.32401901,15.73685339,16.18900533,15.16674877,3543220,56787892.0,0.83,3.961043,426893976.0,6717967913.386179,2026-07-14
2018-03-28,sh.600129,太极集团,15.90395302,15.69753583,16.10054082,15.45180108,1826671,29249917.0,0.427898,-0.249844,426894026.0,6701184268.7479515,2026-07-14
2018-03-29,sh.600129,太极集团,15.58941254,15.55992437,15.90395302,15.4321423,2003519,31832554.0,0.469325,-0.876646,426893730.0,6642434152.8272,2026-07-14
2018-03-30,sh.600129,太极集团,15.55992437,15.91378241,15.98258814,15.55009498,1915899,30856859.0,0.4488,2.274167,426893717.0,6793493724.534118,2026-07-14
2018-04-02,sh.600129,太极集团,16.03173509,15.90395302,16.08088204,15.6287301,1685157,27165098.0,0.394748,-0.061768,426894373.0,6789308052.694356,2026-07-14
2018-04-03,sh.600129,太极集团,15.77617095,15.91378241,16.10054082,15.59924193,2551328,41425538.0,0.597649,0.061806,426894047.0,6793498976.082314,2026-07-14
2018-04-04,sh.600129,太极集团,15.95309997,15.74668278,16.20866411,15.73685339,2460245,39925434.0,0.576313,-1.050031,426893893.0,6722162713.790263,2026-07-14
2018-04-09,sh.600129,太极集团,15.74668278,15.61890071,15.77617095,15.34367779,1867737,29639306.0,0.437518,-0.811486,426893751.0,6667611110.588463,2026-07-14
2018-04-10,sh.600129,太极集团,15.61890071,15.58941254,15.74668278,15.44197169,1633216,25853038.0,0.382581,-0.188802,426894174.0,6655029389.408542,2026-07-14
2018-04-11,sh.600129,太极集团,15.5304362,15.55992437,15.727024,15.5304362,1381643,21961007.0,0.32365,-0.189153,426894176.0,6642441092.553469,2026-07-14
2018-04-12,sh.600129,太极集团,15.69753583,15.28470145,15.727024,15.18640755,2552154,39965871.0,0.597843,-1.768792,426893683.0,6524942495.54594,2026-07-14
2018-04-13,sh.600129,太极集团,15.35350718,15.14708999,15.47145986,15.11760182,1839312,28612658.0,0.430859,-0.900324,426894181.0,6466204575.814348,2026-07-14
2018-04-16,sh.600129,太极集团,15.3338484,14.96033158,15.39282474,14.90135524,2528328,38834483.0,0.592261,-1.232963,426894224.0,6386479140.626794,2026-07-14
2018-04-17,sh.600129,太极集团,15.0389667,14.3509094,15.10777243,14.29193306,3354896,50013002.0,0.785885,-4.073586,426894011.0,6126317275.263604,2026-07-14
2018-04-18,sh.600129,太极集团,14.5474972,14.40988574,14.5474972,14.1543216,1860305,27199530.0,0.435777,0.410955,426893801.0,6151490895.524298,2026-07-14
2018-04-19,sh.600129,太极集团,14.3509094,14.55732659,14.65562049,14.33125062,1583973,23409322.0,0.371046,1.023196,426893970.0,6214434940.591662,2026-07-14
2018-04-20,sh.600129,太极集团,14.57698537,14.40988574,14.62613232,14.2526155,1348827,19869139.0,0.315963,-1.012833,426893972.0,6151493359.614759,2026-07-14
2018-04-23,sh.600129,太极集团,14.30176245,14.07568648,14.47869147,13.92824563,1738995,25025373.0,0.40736,-2.319237,426893902.0,6008824724.775845,2026-07-14
2018-04-24,sh.600129,太极集团,14.10517465,14.60647354,14.68510866,14.10517465,2268198,33576308.0,0.531326,3.77095,426893847.0,6235413680.594308,2026-07-14
2018-04-25,sh.600129,太极集团,14.68510866,14.56715598,14.89152585,14.52783842,1874974,27989131.0,0.439213,-0.269179,426894013.0,6218631674.299148,2026-07-14
2018-04-26,sh.600129,太极集团,14.57698537,14.3509094,14.744085,14.33125062,1405516,20780199.0,0.329242,-1.484476,426894503.0,6126324335.911029,2026-07-14
2018-04-27,sh.600129,太极集团,14.5474972,14.70476744,14.76374378,14.40988574,2042880,30403618.0,0.478545,2.465751,426894023.0,6277377329.741011,2026-07-14
2018-05-02,sh.600129,太极集团,14.76374378,14.93084341,15.56975376,14.76374378,4672087,71952284.0,1.094437,1.53743,426894102.0,6373888989.614568,2026-07-14
2018-05-03,sh.600129,太极集团,14.8423789,14.72442622,14.99964914,14.49835025,4031254,60157292.0,0.944322,-1.382489,426894004.0,6285769265.658384,2026-07-14
2018-05-04,sh.600129,太极集团,14.744085,14.89152585,14.96033158,14.62613232,2834264,42853643.0,0.663927,1.134847,426893921.0,6357101859.779358,2026-07-14
2018-05-07,sh.600129,太极集团,14.9406728,15.07828426,15.24538389,14.9406728,2781925,42765516.0,0.651666,1.254129,426894299.0,6436833589.295434,2026-07-14
2018-05-08,sh.600129,太极集团,15.08811365,15.28470145,15.42231291,15.01930792,3843590,59823454.0,0.900362,1.36897,426893849.0,6524945032.806381,2026-07-14
2018-05-09,sh.600129,太极集团,15.2355545,15.12743121,15.32401901,14.9406728,2393578,36724438.0,0.560696,-1.028938,426894075.0,6457810753.51908,2026-07-14
2018-05-10,sh.600129,太极集团,15.22572511,15.21589572,15.28470145,15.0389667,2398651,37046998.0,0.561884,0.58479,426894341.0,6495579776.1141205,2026-07-14
2018-05-11,sh.600129,太极集团,15.2355545,15.00947853,15.31418962,14.99964914,1820258,28088898.0,0.426396,-1.356583,426893779.0,6407453010.491065,2026-07-14
2018-05-14,sh.600129,太极集团,15.00947853,15.00947853,15.08811365,14.86203768,1611367,24562982.0,0.377463,0.0,426894027.0,6407456732.841741,2026-07-14
2018-05-15,sh.600129,太极集团,15.12743121,15.19623694,15.27487206,14.86203768,2756122,42291977.0,0.645622,1.244267,426894065.0,6487183360.019761,2026-07-14
2018-05-16,sh.600129,太极集团,15.21589572,15.39282474,15.5304362,15.08811365,4830185,75511838.0,1.131472,1.29366,426893905.0,6571103062.23921,2026-07-14
2018-05-17,sh.600129,太极集团,15.38299535,15.05862548,15.48128925,15.02913731,3383212,52490783.0,0.792518,-2.171138,426894026.0,6428437257.183382,2026-07-14
2018-05-18,sh.600129,太极集团,14.9406728,15.4321423,15.45180108,14.9406728,3223630,49872090.0,0.755136,2.480419,426893963.0,6587888384.026936,2026-07-14
2018-05-21,sh.600129,太极集团,15.52060681,15.39282474,15.77617095,15.31418962,3558048,56384412.0,0.833473,-0.254777,426894213.0,6571107803.22923,2026-07-14
2018-05-22,sh.600129,太极集团,15.34367779,15.44197169,15.64838888,15.2355545,2360526,37087352.0,0.552954,0.319286,426893738.0,6592081016.834277,2026-07-14
2018-05-23,sh.600129,太极集团,15.26504267,15.97275875,16.07105265,15.26504267,8425853,135711093.0,1.973758,3.437301,426893925.0,6818673675.865594,2026-07-14
2018-05-24,sh.600129,太极集团,15.97275875,16.84757446,17.13262677,15.84497668,13161210,222318437.0,3.083016,5.476919,426893990.0,7192128283.051496,2026-07-14
2018-05-25,sh.600129,太极集团,16.75910995,16.91638019,17.1031386,16.66081605,6740419,115735038.0,1.578944,0.4084,426894114.0,7221503133.297202,2026-07-14
2018-05-28,sh.600129,太极集团,16.92620958,17.06382104,17.16211494,16.52320459,5213001,89291972.0,1.221146,0.871595,426894163.0,7284445600.45259,2026-07-14
2018-05-29,sh.600129,太极集团,16.91638019,16.47405764,17.33904396,16.26764045,6481351,111158559.0,1.518258,-3.456223,426893914.0,7032674945.401204,2026-07-14
2018-05-30,sh.600129,太极集团,16.0219057,15.99241753,16.36593435,15.93344119,3883422,63867966.0,0.909692,-2.923626,426894158.0,6827069615.85379,2026-07-14
2018-05-31,sh.600129,太极集团,16.19883472,16.38559313,16.55269276,16.1201996,3389014,56373734.0,0.793877,2.45851,426894091.0,6994912884.727195,2026-07-14
2018-06-01,sh.600129,太极集团,16.37576374,16.42491069,16.98518592,16.2184935,5668766,95465389.0,1.32791,0.239946,426893841.0,7011693212.53606,2026-07-14
2018-06-04,sh.600129,太极集团,16.32661679,16.60183971,16.94586836,16.32661679,3133570,53262441.0,0.734039,1.077201,426894211.0,7087229264.148919,2026-07-14
2018-06-05,sh.600129,太极集团,16.73945117,17.06382104,17.1031386,16.60183971,5378135,92368643.0,1.259829,2.782719,426894047.0,7284443621.049349,2026-07-14
2018-06-06,sh.600129,太极集团,17.67324322,16.93603897,17.67324322,16.87706263,6303741,110304629.0,1.476653,-0.748854,426893861.0,7229891065.949762,2026-07-14
2018-06-07,sh.600129,太极集团,16.82791568,16.66081605,17.15228555,16.6116691,3813578,65309494.0,0.893331,-1.625066,426894175.0,7112405322.491509,2026-07-14
2018-06-08,sh.600129,太极集团,16.62149849,16.35610496,16.73945117,15.87446485,5449940,89687959.0,1.276649,-1.828917,426894158.0,6982325655.058824,2026-07-14
2018-06-11,sh.600129,太极集团,16.25781106,16.01207631,16.38559313,15.93344119,2450737,40336682.0,0.574086,-2.103356,426893706.0,6835454596.730705,2026-07-14
2018-06-12,sh.600129,太极集团,16.0219057,16.34627557,16.39542252,15.93344119,1935593,31930761.0,0.453413,2.087159,426894024.0,6978127355.490193,2026-07-14
2018-06-13,sh.600129,太极集团,16.34627557,16.66081605,16.95569775,16.27746984,4185029,71152720.0,0.980344,1.924243,426893927.0,7112401190.609129,2026-07-14
2018-06-14,sh.600129,太极集团,16.79842751,16.01207631,16.8082569,15.90395302,3665978,60481338.0,0.858756,-3.893804,426894019.0,6835459608.510591,2026-07-14
2018-06-15,sh.600129,太极集团,16.05139387,15.52060681,16.17917594,15.46163047,2854177,45560395.0,0.668592,-3.069373,426893681.0,6625648972.474567,2026-07-14
2018-06-19,sh.600129,太极集团,15.46163047,14.13466282,15.46163047,13.96756319,5420758,80161144.0,1.269814,-8.929701,426893860.0,6034000771.028286,2026-07-14
2018-06-20,sh.600129,太极集团,14.14449221,14.47869147,14.5474972,13.8594399,3054382,44340679.0,0.71549,2.433932,426893737.0,6180862708.498323,2026-07-14
2018-06-21,sh.600129,太极集团,14.59664415,14.06585709,14.82272012,13.9577338,2750117,40062771.0,0.644215,-2.851318,426894282.0,6004633963.150159,2026-07-14
2018-06-22,sh.600129,太极集团,13.94790441,14.20346855,14.34108001,13.8594399,1465088,21124909.0,0.343197,0.978333,426894174.0,6063377974.587228,2026-07-14
2018-06-25,sh.600129,太极集团,14.36073879,14.14449221,14.59664415,14.07568648,1452409,21127404.0,0.340227,-0.415221,426894103.0,6038200314.378437,2026-07-14
2018-06-26,sh.600129,太极集团,14.09534526,14.30176245,14.33125062,13.93807502,1481960,21392386.0,0.347149,1.111882,426894504.0,6105343787.418574,2026-07-14
2018-06-27,sh.600129,太极集团,14.3509094,14.03636892,14.45903269,13.9577338,2246274,32401707.0,0.52619,-1.855673,426894088.0,5992042908.934945,2026-07-14
2018-06-28,sh.600129,太极集团,14.04619831,13.8594399,14.19363916,13.82012234,1400174,19835395.0,0.327991,-1.2605,426894031.0,5916512166.313237,2026-07-14
2018-06-29,sh.600129,太极集团,13.94790441,13.37779979,13.96756319,12.47349591,11007156,144506478.0,2.578428,-3.475183,426894061.0,5710903279.598047,2026-07-14
2018-07-02,sh.600129,太极集团,12.99445358,12.85684212,13.45643491,12.75854822,4230975,56235385.0,0.991107,-3.894193,426893867.0,5488507050.015278,2026-07-14
2018-07-03,sh.600129,太极集团,12.93547724,12.69957188,12.96496541,12.29656689,3905844,50086641.0,0.914945,-1.22324,426893857.0,5421369222.101941,2026-07-14
2018-07-04,sh.600129,太极集团,12.69957188,12.44400774,12.75854822,12.35554323,2588850,33044226.0,0.606439,-2.012386,426893719.0,5312268743.393385,2026-07-14
2018-07-05,sh.600129,太极集团,12.45383713,11.53970386,12.56196042,11.31362789,5502983,65997224.0,1.289075,-7.266984,426893936.0,4926229601.069793,2026-07-14
2018-07-06,sh.600129,太极集团,11.61833898,11.49055691,11.795268,11.3037985,3468093,40734801.0,0.812401,-0.425896,426894231.0,4905252455.856187,2026-07-14
2018-07-09,sh.600129,太极集团,11.72646227,12.1884436,12.23759055,11.52987447,3186566,38636020.0,0.746454,6.073568,426893821.0,5203171260.446996,2026-07-14
2018-07-10,sh.600129,太极集团,12.1884436,12.24741994,12.34571384,11.9918558,2501595,31023053.0,0.585999,0.483874,426894073.0,5228350981.928016,2026-07-14
2018-07-11,sh.600129,太极集团,12.02134397,11.9918558,12.2867375,11.74612105,2054279,25024445.0,0.481215,-2.086679,426894216.0,5119253880.126053,2026-07-14
2018-07-12,sh.600129,太极集团,12.08032031,12.50298408,12.62093676,12.06066153,3158058,39964666.0,0.739776,4.262299,426893817.0,5337446597.801433,2026-07-14
2018-07-13,sh.600129,太极集团,12.93547724,12.71923066,12.93547724,12.55213103,2440380,31577984.0,0.571659,1.729554,426894355.0,5429767768.696924,2026-07-14
2018-07-16,sh.600129,太极集团,12.75854822,13.60387576,13.89875746,12.54230164,6056505,81586973.0,1.418737,6.955183,426894132.0,5807414734.40104,2026-07-14
2018-07-17,sh.600129,太极集团,13.9577338,14.20346855,14.5474972,13.86926929,9660362,139882626.0,2.262942,4.407512,426893928.0,6063374480.533964,2026-07-14
2018-07-18,sh.600129,太极集团,14.13466282,13.88892807,14.20346855,12.93547724,4781945,67549339.0,1.120172,-2.214531,426893816.0,5929097503.951816,2026-07-14
2018-07-19,sh.600129,太极集团,13.81029295,13.31882345,13.84961051,13.15172382,4096064,55835461.0,0.959504,-4.104741,426893895.0,5685724419.387837,2026-07-14
2018-07-20,sh.600129,太极集团,13.25001772,13.24018833,13.74148722,13.10257687,3819462,51688018.0,0.89471,-0.590405,426893854.0,5652155023.879524,2026-07-14
2018-07-23,sh.600129,太极集团,13.01411236,12.81752456,13.01411236,12.5816192,3980752,51806283.0,0.932492,-3.192281,426893957.0,5471723778.363084,2026-07-14
2018-07-24,sh.600129,太极集团,12.83718334,13.08291809,13.16155321,12.83718334,2507158,33215341.0,0.587302,2.070556,426894170.0,5585021459.208535,2026-07-14
2018-07-25,sh.600129,太极集团,13.08291809,13.06325931,13.16155321,12.8765009,1920155,25410739.0,0.449797,-0.150266,426893688.0,5576622944.146235,2026-07-14
2018-07-26,sh.600129,太极集团,13.06325931,12.95513602,13.14189443,12.90598907,1474320,19525795.0,0.34536,-0.827687,426893676.0,5530465638.657809,2026-07-14
2018-07-27,sh.600129,太极集团,12.95513602,12.85684212,13.00428297,12.72906005,1697650,22170318.0,0.397675,-0.758728,426893820.0,5488506445.743698,2026-07-14
2018-07-30,sh.600129,太极集团,12.93547724,12.5816192,12.96496541,12.49315469,1999857,25764661.0,0.468467,-2.140671,426893890.0,5371016362.786688,2026-07-14
2018-07-31,sh.600129,太极集团,12.53247225,12.59144859,12.65042493,11.80509739,2246671,28481390.0,0.526283,0.078127,426894086.0,5375214937.244039,2026-07-14
2018-08-01,sh.600129,太极集团,12.42434896,12.26707872,12.63076615,12.25724933,1977493,24986079.0,0.463228,-2.576119,426894100.0,5236743529.803553,2026-07-14
2018-08-02,sh.600129,太极集团,12.19827299,12.01151458,12.20810238,11.84441495,1845584,22532143.0,0.432328,-2.083328,426894395.0,5127648249.662779,2026-07-14
2018-08-03,sh.600129,太极集团,12.1884436,11.92305007,12.1884436,11.90339129,1022800,12498395.0,0.239591,-0.736499,426894165.0,5089880503.885841,2026-07-14
2018-08-06,sh.600129,太极集团,11.83458556,11.62816837,11.90339129,11.49055691,1968900,23316914.0,0.461215,-2.473208,426894182.0,4963997424.469423,2026-07-14
2018-08-07,sh.600129,太极集团,11.63799776,11.95253824,11.95253824,11.61833898,1126270,13514930.0,0.263829,2.789517,426893935.0,5102466082.511575,2026-07-14
2018-08-08,sh.600129,太极集团,11.84441495,11.8935619,12.04100275,11.84441495,935460,11361640.0,0.219132,-0.493417,426893379.0,5077282827.83666,2026-07-14
2018-08-09,sh.600129,太极集团,11.97219702,12.12946726,12.16878482,11.87390312,1566110,19220562.0,0.366862,1.983469,426893491.0,5177990622.591605,2026-07-14
2018-08-10,sh.600129,太极集团,12.16878482,12.25724933,12.50298408,12.00168519,1346325,16866629.0,0.315377,1.053486,426893845.0,5232544295.607374,2026-07-14
2018-08-13,sh.600129,太极集团,12.1884436,12.45383713,12.4833253,11.9918558,1281835,15992101.0,0.30027,1.603848,426894129.0,5316469954.31921,2026-07-14
2018-08-14,sh.600129,太极集团,12.45383713,12.36537262,12.4833253,12.2867375,650900,8189362.0,0.152473,-0.710341,426895254.0,5278718885.419546,2026-07-14
2018-08-15,sh.600129,太极集团,12.43417835,12.02134397,12.44400774,11.90339129,1255710,15463647.0,0.29415,-2.782197,426894442.0,5131844926.163215,2026-07-14
2018-08-16,sh.600129,太极集团,11.795268,12.04100275,12.10980848,11.795268,786101,9569166.0,0.184144,0.163536,426894713.0,5140240413.193461,2026-07-14
2018-08-17,sh.600129,太极集团,12.13929665,12.01151458,12.23759055,11.9918558,1085935,13377977.0,0.25438,-0.244896,426894803.0,5127653150.360727,2026-07-14
2018-08-20,sh.600129,太极集团,12.00168519,12.08032031,12.15895543,11.8935619,1017300,12431761.0,0.238303,0.572829,426893493.0,5157010133.694742,2026-07-14
2018-08-21,sh.600129,太极集团,11.94270885,12.30639628,12.31622567,11.94270885,1442401,17949190.0,0.337883,1.871444,426893629.0,5253522167.8813,2026-07-14
2018-08-22,sh.600129,太极集团,12.30639628,12.19827299,12.36537262,12.1884436,879301,10979998.0,0.205976,-0.878599,426894881.0,5207380296.471564,2026-07-14
2018-08-23,sh.600129,太极集团,12.2867375,12.33588445,12.35554323,12.20810238,645544,8075047.0,0.151219,1.128125,426893446.0,5266108222.318315,2026-07-14
2018-08-24,sh.600129,太极集团,12.33588445,12.16878482,12.33588445,12.10980848,845666,10492168.0,0.198097,-1.354582,426894905.0,5194792239.699343,2026-07-14
2018-08-27,sh.600129,太极集团,12.13929665,12.4833253,12.50298408,12.13929665,1783441,22525697.0,0.417771,2.584812,426894399.0,5329061651.464995,2026-07-14
2018-08-28,sh.600129,太极集团,12.44400774,12.85684212,13.09274748,12.44400774,2767414,36139646.0,0.648267,2.992127,426894166.0,5488510894.211072,2026-07-14
2018-08-29,sh.600129,太极集团,12.6799131,12.72906005,12.98462419,12.5816192,1918887,24896033.0,0.4495,-0.993885,426893660.0,5433955033.104282,2026-07-14
2018-08-30,sh.600129,太极集团,12.71923066,12.64059554,12.89615968,12.63076615,1213201,15767635.0,0.284193,-0.694982,426893344.0,5396186100.222086,2026-07-14
2018-08-31,sh.600129,太极集团,12.64059554,12.4833253,12.68974249,12.4833253,1003010,12850601.0,0.234955,-1.244167,426894512.0,5329063062.080754,2026-07-14
2018-09-03,sh.600129,太极集团,12.49315469,12.778207,12.778207,12.47349591,1936819,24883992.0,0.4537,2.362206,426894203.0,5454942493.034021,2026-07-14
2018-09-04,sh.600129,太极集团,12.76837761,12.85684212,12.9747948,12.65042493,2070315,27055273.0,0.484972,0.615384,426893718.0,5488505134.345802,2026-07-14
2018-09-05,sh.600129,太极集团,12.85684212,12.84701273,13.00428297,12.68974249,1586864,20713354.0,0.371723,-0.076454,426894220.0,5484315478.703421,2026-07-14
2018-09-06,sh.600129,太极集团,12.64059554,12.79786578,12.9747948,12.64059554,1183750,15469022.0,0.277294,-0.38255,426893478.0,5463325433.801383,2026-07-14
2018-09-07,sh.600129,太极集团,12.79786578,12.72906005,13.00428297,12.6799131,1003330,13090331.0,0.23503,-0.537639,426894439.0,5433964949.042062,2026-07-14
2018-09-10,sh.600129,太极集团,12.82735395,12.50298408,12.92564785,12.50298408,1165478,15043481.0,0.273013,-1.776058,426894690.0,5337457512.906535,2026-07-14
2018-09-11,sh.600129,太极集团,12.36537262,12.50298408,12.66025432,12.30639628,910767,11534699.0,0.213347,0.0,426894683.0,5337457425.385646,2026-07-14
2018-09-12,sh.600129,太极集团,12.4833253,12.33588445,12.56196042,12.2867375,919200,11595917.0,0.215323,-1.336479,426893551.0,5266109517.586182,2026-07-14
2018-09-13,sh.600129,太极集团,12.49315469,12.34571384,12.62093676,11.9918558,1453700,18093851.0,0.340529,0.079683,426894626.0,5270318892.429824,2026-07-14
2018-09-14,sh.600129,太极集团,12.30639628,12.06066153,12.30639628,12.02134397,1018230,12613592.0,0.238521,-2.308917,426893230.0,5148614756.478442,2026-07-14
2018-09-17,sh.600129,太极集团,12.10980848,11.86407373,12.12946726,11.82475617,967000,11720351.0,0.22652,-1.629998,426893873.0,5064700384.157256,2026-07-14
2018-09-18,sh.600129,太极集团,11.82475617,12.06066153,12.0901497,11.6969741,813364,9887677.0,0.190531,1.657007,426893261.0,5148615130.35895,2026-07-14
2018-09-19,sh.600129,太极集团,11.9918558,12.14912604,12.20810238,11.9918558,884200,10907013.0,0.207124,0.73349,426894034.0,5186389424.790046,2026-07-14
2018-09-20,sh.600129,太极集团,12.16878482,12.00168519,12.25724933,12.00168519,758571,9362651.0,0.177695,-1.213589,426894960.0,5123458919.117642,2026-07-14
2018-09-21,sh.600129,太极集团,12.10980848,12.19827299,12.22776116,11.9918558,1087201,13393125.0,0.254677,1.638,426894066.0,5207370354.879077,2026-07-14
2018-09-25,sh.600129,太极集团,12.19827299,12.16878482,12.19827299,12.07049092,641091,7907683.0,0.150176,-0.241738,426893112.0,5194770421.06816,2026-07-14
2018-09-26,sh.600129,太极集团,12.1884436,12.23759055,12.35554323,12.11963787,1031676,12842427.0,0.24167,0.565426,426894526.0,5224160417.224329,2026-07-14
2018-09-27,sh.600129,太极集团,12.23759055,12.08032031,12.36537262,11.9918558,899169,11096180.0,0.210631,-1.285139,426893002.0,5157004202.25747,2026-07-14
2018-09-28,sh.600129,太极集团,12.17861421,12.13929665,12.17861421,12.04100275,597800,7360127.0,0.140035,0.488205,426893277.0,5182184127.393622,2026-07-14
2018-10-08,sh.600129,太极集团,12.00168519,11.795268,12.01151458,11.74612105,1379827,16618869.0,0.323225,-2.834011,426893650.0,5035325009.2482,2026-07-14
2018-10-09,sh.600129,太极集团,11.795268,11.85424434,11.8935619,11.77560922,354800,4272499.0,0.083112,0.500004,426893830.0,5060503768.058422,2026-07-14
2018-10-10,sh.600129,太极集团,11.85424434,11.84441495,11.94270885,11.80509739,487649,5878714.0,0.114232,-0.082921,426893515.0,5056303931.124049,2026-07-14
2018-10-11,sh.600129,太极集团,11.73629166,10.79267022,11.73629166,10.69437632,2355600,26742906.0,0.5518,-8.879673,426893802.0,4607324023.947976,2026-07-14
2018-10-12,sh.600129,太极集团,10.49778852,10.69437632,10.85164656,10.2225656,1971500,21180986.0,0.461824,-0.910742,426894228.0,4565367523.067881,2026-07-14
2018-10-15,sh.600129,太极集团,10.80249961,10.39949462,10.80249961,10.35034767,1612600,17373741.0,0.377752,-2.757355,426893835.0,4439480140.393668,2026-07-14
2018-10-16,sh.600129,太极集团,10.2225656,10.17341865,10.37000645,9.80973122,1939602,19808457.0,0.454352,-2.173909,426894126.0,4342972663.02385,2026-07-14
2018-10-17,sh.600129,太极集团,10.15375987,10.14393048,10.3208595,10.0259778,878978,9089767.0,0.205901,-0.289862,426893507.0,4330378057.371393,2026-07-14
2018-10-18,sh.600129,太极集团,10.14393048,9.85887817,10.14393048,9.82939,783578,7895409.0,0.183553,-2.810077,426894684.0,4208702680.9766483,2026-07-14
2018-10-19,sh.600129,太极集团,9.82939,10.05546597,10.07512475,9.60331403,1229718,12302051.0,0.288062,1.994016,426893516.0,4292613222.9516506,2026-07-14
2018-10-22,sh.600129,太极集团,10.18324804,10.46830035,10.53710608,10.18324804,1524600,16170870.0,0.357138,4.105573,426893806.0,4468852578.762632,2026-07-14
2018-10-23,sh.600129,太极集团,10.5174473,10.26188316,10.5174473,10.2225656,894480,9411689.0,0.209532,-1.971831,426894221.0,4380738617.581219,2026-07-14
2018-10-24,sh.600129,太极集团,10.2225656,10.2225656,10.37000645,10.04563658,790900,8211998.0,0.185268,-0.383141,426895093.0,4363963092.5106,2026-07-14
2018-10-25,sh.600129,太极集团,9.77041366,10.15375987,10.18324804,9.75075488,988043,10014200.0,0.231449,-0.673074,426894478.0,4334584019.440998,2026-07-14
2018-10-26,sh.600129,太极集团,10.17341865,10.27171255,10.45847096,10.17341865,980300,10299809.0,0.229635,1.161664,426894855.0,4384941239.63393,2026-07-14
2018-10-29,sh.600129,太极集团,10.34051828,10.1242717,10.36017706,10.08495414,866700,9007599.0,0.203025,-1.435403,426893240.0,4321983148.653308,2026-07-14
2018-10-30,sh.600129,太极集团,10.1242717,10.30120072,10.37000645,10.1242717,675303,7055933.0,0.15819,1.747566,426893609.0,4397516752.394198,2026-07-14
2018-10-31,sh.600129,太极集团,10.37000645,10.48795913,10.66488815,10.35034767,1273627,13660288.0,0.298347,1.812982,426894522.0,4477252299.556886,2026-07-14
2018-11-01,sh.600129,太极集团,10.54693547,10.59608242,10.64522937,10.47812974,1906083,20486893.0,0.4465,1.030925,426894289.0,4523407070.8713,2026-07-14
2018-11-02,sh.600129,太极集团,11.17601643,10.99908741,11.17601643,10.82215839,2832184,31560665.0,0.66344,3.803338,426893766.0,4695441847.0180855,2026-07-14
2018-11-05,sh.600129,太极集团,10.99908741,10.812329,10.99908741,10.6157412,2059700,22639858.0,0.482485,-1.697941,426894100.0,4615719457.3589,2026-07-14
2018-11-06,sh.600129,太极集团,10.7140351,10.76318205,10.86147595,10.62557059,1029484,11210257.0,0.241157,-0.454547,426893683.0,4594734426.12399,2026-07-14
2018-11-07,sh.600129,太极集团,10.76318205,10.78284083,10.92045229,10.69437632,1709205,18760695.0,0.400382,0.182653,426893567.0,4603125384.31194,2026-07-14
2018-11-08,sh.600129,太极集团,10.79267022,10.65505876,10.89096412,10.49778852,1543452,16725675.0,0.361554,-1.185051,426893908.0,4548579674.026033,2026-07-14
2018-11-09,sh.600129,太极集团,10.63539998,10.49778852,10.65505876,10.48795913,1066700,11465738.0,0.249875,-1.476013,426893447.0,4481437127.179829,2026-07-14
2018-11-12,sh.600129,太极集团,10.46830035,10.88113473,10.88113473,10.42898279,2860453,31125838.0,0.670062,3.65168,426893780.0,4645088735.5789795,2026-07-14
2018-11-13,sh.600129,太极集团,10.7140351,10.82215839,10.90079351,10.67471754,2934411,32228559.0,0.687386,-0.542001,426894205.0,4619916702.28313,2026-07-14
2018-11-14,sh.600129,太极集团,10.812329,10.75335266,10.86147595,10.72386449,2074900,22783800.0,0.486046,-0.635791,426893751.0,4590539052.853228,2026-07-14
2018-11-15,sh.600129,太极集团,10.75335266,10.85164656,10.87130534,10.7140351,4086771,44980560.0,0.957327,0.91408,426893945.0,4632502209.74408,2026-07-14
2018-11-16,sh.600129,太极集团,10.85164656,10.83198778,10.92045229,10.77301144,3452197,38102504.0,0.808678,-0.181155,426893893.0,4624109432.332627,2026-07-14
2018-11-19,sh.600129,太极集团,10.84181717,10.65505876,10.84181717,10.52727669,4297857,46475009.0,1.006774,-1.633397,426893921.0,4548579812.541798,2026-07-14
2018-11-20,sh.600129,太极集团,10.60591181,10.37983584,10.6157412,10.37000645,3120110,33222329.0,0.730886,-2.583023,426894208.0,4431091800.086815,2026-07-14
2018-11-21,sh.600129,太极集团,10.3208595,10.3208595,10.3208595,10.08495414,2445500,25363966.0,0.572859,-0.568186,426893878.0,4405911736.24814,2026-07-14
2018-11-22,sh.600129,太极集团,10.35034767,10.35034767,10.36017706,10.26188316,1957700,20552069.0,0.458592,0.285712,426893622.0,4418497405.805561,2026-07-14
2018-11-23,sh.600129,太极集团,10.37000645,9.90802512,10.37000645,9.82939,4410427,44727768.0,1.033143,-4.273502,426894147.0,4229677932.0569725,2026-07-14
2018-11-26,sh.600129,太极集团,9.87853695,9.77041366,9.93751329,9.69177854,2543803,25330276.0,0.595886,-1.388892,426894238.0,4170933294.3304906,2026-07-14
2018-11-27,sh.600129,太极集团,9.78024305,9.87853695,9.96700146,9.78024305,2393674,24063721.0,0.560719,1.106646,426893685.0,4217085040.994161,2026-07-14
2018-11-28,sh.600129,太极集团,9.87853695,10.04563658,10.10461292,9.81956061,2978701,30258201.0,0.697761,1.691543,426894166.0,4288423649.758192,2026-07-14
2018-11-29,sh.600129,太极集团,10.09478353,9.83921939,10.1242717,9.82939,2554900,25980654.0,0.598486,-2.054795,426893862.0,4200302364.462384,2026-07-14
2018-11-30,sh.600129,太极集团,9.90802512,9.90802512,9.91785451,9.77041366,2266200,22683646.0,0.530858,0.699298,426893821.0,4229674702.0407834,2026-07-14
2018-12-03,sh.600129,太极集团,10.18324804,10.01614841,10.2225656,9.98666024,5816874,59611717.0,1.362604,1.091266,426893947.0,4275833128.482674,2026-07-14
2018-12-04,sh.600129,太极集团,10.01614841,10.0259778,10.07512475,9.94734268,2952100,30041685.0,0.69153,0.098138,426893989.0,4280029656.667444,2026-07-14
2018-12-05,sh.600129,太极集团,9.86870756,9.89819573,9.96700146,9.81956061,2682844,26973760.0,0.628457,-1.274511,426893805.0,4225478437.814452,2026-07-14
2018-12-06,sh.600129,太极集团,9.82939,9.69177854,9.89819573,9.6328022,3802200,37796223.0,0.890666,-2.085402,426894032.0,4137362418.1916733,2026-07-14
2018-12-07,sh.600129,太极集团,9.70160793,9.39689684,9.7310961,9.37723806,5590600,53967381.0,1.309599,-3.042589,426894034.0,4011479199.1094527,2026-07-14
2018-12-10,sh.600129,太极集团,9.3379205,9.00372124,9.3379205,8.95457429,5956510,54937500.0,1.395314,-4.184106,426893875.0,3843633449.5634055,2026-07-14
2018-12-11,sh.600129,太极集团,9.00372124,9.10201514,9.10201514,8.96440368,3136900,28813994.0,0.734819,1.091707,426894242.0,3885597853.862824,2026-07-14
2018-12-12,sh.600129,太极集团,9.10201514,8.97423307,9.11184453,8.95457429,2558800,23478021.0,0.599399,-1.403889,426894272.0,3831048693.1759753,2026-07-14
2018-12-13,sh.600129,太极集团,9.0430388,9.05286819,9.16099148,8.95457429,4049350,37334030.0,0.948561,0.876231,426894000.0,3864615113.10186,2026-07-14
2018-12-14,sh.600129,太极集团,9.03320941,8.87593917,9.07252697,8.75798649,4018252,36599515.0,0.941276,-1.954401,426894131.0,3789086338.7860117,2026-07-14
2018-12-17,sh.600129,太极集团,8.76781588,8.88576856,8.88576856,8.66952198,2588538,23116257.0,0.606366,0.110744,426893658.0,3793278244.719793,2026-07-14
2018-12-18,sh.600129,太极集团,8.846451,8.846451,8.88576856,8.69901015,2114500,18921533.0,0.495322,-0.442478,426894020.0,3776497030.12302,2026-07-14
2018-12-19,sh.600129,太极集团,8.85628039,8.7481571,8.86610978,8.71866893,1596181,14271976.0,0.373906,-1.111115,426893658.0,3734532785.177672,2026-07-14
2018-12-20,sh.600129,太极集团,8.71866893,8.89559795,8.92508612,8.46310479,3392080,29887804.0,0.794595,1.6854,426894204.0,3797479205.969282,2026-07-14
2018-12-21,sh.600129,太极集团,8.78747466,8.72849832,8.83662161,8.6498632,2672900,23791347.0,0.626127,-1.878454,426894224.0,3726145517.0017037,2026-07-14
2018-12-24,sh.600129,太极集团,8.72849832,8.77764527,8.83662161,8.70883954,1682519,15029536.0,0.39413,0.563065,426894426.0,3747127839.1682653,2026-07-14
2018-12-25,sh.600129,太极集团,8.78747466,8.58105747,8.78747466,8.37464028,3554935,30883579.0,0.832744,-2.23965,426894100.0,3663202805.7039266,2026-07-14
2018-12-26,sh.600129,太极集团,8.61054564,8.47293418,8.63020442,8.44344601,1787003,15492340.0,0.418606,-1.260019,426893786.0,3617042950.629005,2026-07-14
2018-12-27,sh.600129,太极集团,8.56139869,8.37464028,8.63020442,8.37464028,2455610,21195879.0,0.575227,-1.160086,426894078.0,3575084340.9122615,2026-07-14
2018-12-28,sh.600129,太极集团,8.37464028,8.20754065,8.41395784,8.16822309,2849897,23935959.0,0.667589,-1.995306,426893942.0,3503749382.2037425,2026-07-14
2019-01-02,sh.600129,太极集团,8.21737004,8.19771126,8.31566394,8.16822309,1753351,14678485.0,0.410723,-0.119763,426893795.0,3499552070.0956316,2026-07-14
2019-01-03,sh.600129,太极集团,8.17805248,8.19771126,8.26651699,8.13873492,1330060,11109519.0,0.311567,0.0,426893734.0,3499551570.035245,2026-07-14
2019-01-04,sh.600129,太极集团,8.08958797,8.47293418,8.51225174,8.04044102,4063695,34510088.0,0.951921,3.357311,426894144.0,3617045983.9394417,2026-07-14
2019-01-07,sh.600129,太极集团,8.49259296,8.53191052,8.58105747,8.4532754,2904503,25178901.0,0.68038,0.696061,426894236.0,3642223423.055763,2026-07-14
2019-01-08,sh.600129,太极集团,8.53191052,8.57122808,8.60071625,8.48276357,2131047,18532615.0,0.499198,0.460829,426894138.0,3659007022.8129945,2026-07-14
2019-01-09,sh.600129,太极集团,8.5515693,8.56139869,8.73832771,8.53191052,2781274,24480423.0,0.651514,-0.114682,426893973.0,3654809501.211096,2026-07-14
2019-01-10,sh.600129,太极集团,8.60071625,8.58105747,8.65969259,8.5515693,1494300,13076261.0,0.35004,0.229615,426894069.0,3663202539.691145,2026-07-14
2019-01-11,sh.600129,太极集团,8.59088686,8.57122808,8.61054564,8.53191052,1485799,12968609.0,0.348049,-0.114539,426893627.0,3659002642.915446,2026-07-14
2019-01-14,sh.600129,太极集团,8.54173991,8.63020442,8.70883954,8.54173991,1916426,16845527.0,0.448923,0.688067,426894144.0,3684183728.4209166,2026-07-14
2019-01-15,sh.600129,太极集团,8.66952198,8.63020442,8.67935137,8.57122808,1593303,13985969.0,0.373232,0.0,426893460.0,3684177825.361093,2026-07-14
2019-01-16,sh.600129,太极集团,8.63020442,8.67935137,8.75798649,8.61054564,2104802,18630406.0,0.49305,0.569478,426894230.0,3705165019.9955945,2026-07-14
2019-01-17,sh.600129,太极集团,8.63020442,8.62037503,8.70883954,8.61054564,1595700,14027818.0,0.373793,-0.679496,426894030.0,3679986636.668071,2026-07-14
2019-01-18,sh.600129,太极集团,8.58105747,8.7481571,8.80713344,8.58105747,3567850,31748775.0,0.655986,1.482316,543891181.0,4758045496.692535,2026-07-14
2019-01-21,sh.600129,太极集团,8.79730405,8.71866893,8.98406246,8.68918076,4419129,39740170.0,0.812503,-0.337076,543890792.0,4742003749.523493,2026-07-14
2019-01-22,sh.600129,太极集团,8.71866893,8.57122808,8.82679222,8.5515693,2333300,20606463.0,0.429001,-1.691089,543891506.0,4661818148.700688,2026-07-14
2019-01-23,sh.600129,太极集团,8.52208113,8.50242235,8.61054564,8.4532754,1959300,16986345.0,0.360238,-0.80276,543890428.0,4624386130.978266,2026-07-14
2019-01-24,sh.600129,太极集团,8.50242235,8.47293418,8.52208113,8.39429906,1727942,14870893.0,0.3177,-0.346818,543891092.0,4608353423.604324,2026-07-14
2019-01-25,sh.600129,太极集团,8.46310479,8.54173991,8.61054564,8.43361662,2361739,20544493.0,0.43423,0.812061,543891256.0,4645777648.075227,2026-07-14
2019-01-28,sh.600129,太极集团,8.59088686,8.51225174,8.62037503,8.46310479,1719228,14931240.0,0.316098,-0.345221,543890819.0,4629735570.402775,2026-07-14
2019-01-29,sh.600129,太极集团,8.53191052,8.2566876,8.53191052,8.19771126,1733307,14640415.0,0.318686,-3.002312,543891793.0,4490744623.004867,2026-07-14
2019-01-30,sh.600129,太极集团,8.23702882,8.1583937,8.28617577,8.12890553,1992302,16606779.0,0.366305,-1.190469,543891566.0,4437281525.537534,2026-07-14
2019-01-31,sh.600129,太极集团,8.16822309,7.81436505,8.19771126,7.67675359,4175056,33688650.0,0.767627,-4.216872,543891239.0,4250164689.042797,2026-07-14
2019-02-01,sh.600129,太极集团,7.92248834,8.2566876,8.27634638,7.82419444,3281000,27061581.0,0.603246,5.660375,543890884.0,4490737117.675838,2026-07-14
2019-02-11,sh.600129,太极集团,8.22719943,8.62037503,8.63020442,8.22719943,3017634,26115742.0,0.554823,4.404772,543891295.0,4688546938.452364,2026-07-14
2019-02-12,sh.600129,太极集团,8.62037503,8.70883954,8.81696283,8.58105747,3419409,30384440.0,0.628694,1.026217,543890828.0,4736657948.329739,2026-07-14
2019-02-13,sh.600129,太极集团,8.73832771,8.85628039,8.92508612,8.71866893,4114291,37021464.0,0.756455,1.693009,543891044.0,4816851587.273828,2026-07-14
2019-02-14,sh.600129,太极集团,8.89559795,9.07252697,9.09218575,8.89559795,5572236,50983665.0,1.024513,2.441724,543891195.0,4934467535.383029,2026-07-14
2019-02-15,sh.600129,太极集团,9.01355063,8.85628039,9.0430388,8.83662161,4865492,44144504.0,0.894571,-2.383525,543891094.0,4816852030.087847,2026-07-14
2019-02-18,sh.600129,太极集团,8.9447449,9.49519074,9.59348464,8.93491551,8165483,77383080.0,1.501309,7.214202,543890898.0,5164347818.259885,2026-07-14
2019-02-19,sh.600129,太极集团,9.44604379,9.60331403,9.81956061,9.41655562,7045109,69017031.0,1.295316,1.138723,543891143.0,5223157444.364636,2026-07-14
2019-02-20,sh.600129,太极集团,9.55416708,9.61314342,9.70160793,9.50502013,4342541,42417060.0,0.798421,0.102347,543891130.0,5228503437.555864,2026-07-14
2019-02-21,sh.600129,太极集团,9.98666024,9.85887817,10.46830035,9.83921939,11376052,116902757.0,2.091605,2.556237,543891031.0,5362155412.384693,2026-07-14
2019-02-22,sh.600129,太极集团,9.87853695,9.97683085,9.99648963,9.65246098,5988875,59801195.0,1.101117,1.19641,543890885.0,5426307360.501802,2026-07-14
2019-02-25,sh.600129,太极集团,10.0259778,10.31103011,10.40932401,9.99648963,9909950,102624398.0,1.822047,3.349755,543891019.0,5608076673.467583,2026-07-14
2019-02-26,sh.600129,太极集团,10.37000645,10.34051828,10.69437632,10.16358926,9651871,102497470.0,1.774596,0.285993,543891173.0,5624116616.737143,2026-07-14
2019-02-27,sh.600129,太极集团,10.3208595,10.16358926,10.43881218,10.13410109,6077888,63668772.0,1.117483,-1.711029,543890869.0,5527883394.780467,2026-07-14
2019-02-28,sh.600129,太极集团,10.16358926,10.5174473,10.58625303,10.13410109,7571584,80699082.0,1.392114,3.481621,543891089.0,5720345865.49711,2026-07-14
2019-03-01,sh.600129,太极集团,10.46830035,10.44864157,10.55676486,10.39949462,3514375,37404386.0,0.646154,-0.654203,543891240.0,5682924619.822846,2026-07-14
2019-03-04,sh.600129,太极集团,10.55676486,10.65505876,10.98925802,10.49778852,6608251,72134739.0,1.214995,1.975541,543891209.0,5795192790.94244,2026-07-14
2019-03-05,sh.600129,太极集团,10.69437632,10.80249961,10.812329,10.64522937,4643655,50682088.0,0.853784,1.38376,543891078.0,5875383157.97748,2026-07-14
2019-03-06,sh.600129,太极集团,10.82215839,10.83198778,10.94994046,10.65505876,5137234,56267273.0,0.944534,0.272982,543890850.0,5891419040.853813,2026-07-14
2019-03-07,sh.600129,太极集团,10.77301144,11.01874619,11.15635765,10.73369388,5802621,64651286.0,1.066872,1.724134,543891020.0,5992997104.400214,2026-07-14
2019-03-08,sh.600129,太极集团,10.812329,10.45847096,11.05806375,10.4191534,6987462,76328128.0,1.284717,-5.084743,543891145.0,5688269745.383649,2026-07-14
2019-03-11,sh.600129,太极集团,10.44864157,10.84181717,10.85164656,10.34051828,4814208,52670154.0,0.885142,3.665408,543891037.0,5896767183.555706,2026-07-14
2019-03-12,sh.600129,太极集团,10.86147595,11.02857558,11.27431033,10.86147595,7064830,79708298.0,1.298942,1.72258,543891105.0,5998344158.782216,2026-07-14
2019-03-13,sh.600129,太极集团,11.04823436,10.76318205,11.17601643,10.70420571,5084429,56575221.0,0.934825,-2.406421,543890996.0,5853997805.303822,2026-07-14
2019-03-14,sh.600129,太极集团,10.76318205,10.57642364,10.89096412,10.3208595,5160113,55404309.0,0.94874,-1.735156,543891161.0,5752423332.787446,2026-07-14
2019-03-15,sh.600129,太极集团,10.53710608,10.85164656,10.93028168,10.53710608,4834428,53143252.0,0.88886,2.602228,543890826.0,5902111010.978459,2026-07-14
2019-03-18,sh.600129,太极集团,10.88113473,11.1072107,11.15635765,10.76318205,6031569,67449983.0,1.108966,2.355074,543891246.0,6041114667.207532,2026-07-14
2019-03-19,sh.600129,太极集团,11.06789314,11.12686948,11.24482216,10.97942863,4363117,49333490.0,0.802204,0.176987,543891205.0,6051806449.354923,2026-07-14
2019-03-20,sh.600129,太极集团,11.12686948,11.53970386,11.73629166,11.08755192,8435834,98405260.0,1.551015,3.710248,543891194.0,6276343310.821809,2026-07-14
2019-03-21,sh.600129,太极集团,11.5003863,11.52004508,11.67731532,11.36277484,4986864,58230440.0,0.916887,-0.170353,543890796.0,6265646488.517083,2026-07-14
2019-03-22,sh.600129,太极集团,11.52987447,11.44140996,11.61833898,11.2055046,4726825,54671464.0,0.869076,-0.682593,543890868.0,6222878394.288245,2026-07-14
2019-03-25,sh.600129,太极集团,11.09738131,11.11704009,11.43158057,11.02857558,4290735,49191190.0,0.788896,-2.835051,543891083.0,6046458974.304518,2026-07-14
2019-03-26,sh.600129,太极集团,11.2055046,10.67471754,11.31362789,10.65505876,4900200,54438735.0,0.900952,-3.978787,543891350.0,5805886533.699279,2026-07-14
2019-03-27,sh.600129,太极集团,10.68454693,10.812329,10.90079351,10.55676486,4352109,47537235.0,0.80018,1.289138,543891249.0,5880731124.408921,2026-07-14
2019-03-28,sh.600129,太极集团,10.80249961,10.7140351,10.96959924,10.67471754,3312603,36431577.0,0.609056,-0.909094,543891366.0,5827271185.910947,2026-07-14
2019-03-29,sh.600129,太极集团,10.67471754,10.92045229,10.96959924,10.5174473,5329490,58452149.0,0.979882,1.926606,543890999.0,5939535705.539938,2026-07-14
2019-04-01,sh.600129,太极集团,11.06789314,11.23499277,11.35294545,10.96959924,4873546,55475413.0,0.896052,2.880294,543890980.0,6110611227.968215,2026-07-14
2019-04-02,sh.600129,太极集团,11.28413972,12.35554323,12.35554323,11.25465155,15054969,186599825.0,2.768012,9.973748,543891031.0,6720069145.92977,2026-07-14
2019-04-03,sh.600129,太极集团,12.3850314,12.09997909,12.41451957,11.90339129,12198361,150632223.0,2.242795,-2.068411,543891038.0,6581070187.038395,2026-07-14
2019-04-04,sh.600129,太极集团,12.46366652,12.36537262,12.73888944,12.1884436,13073555,165610708.0,2.403708,2.193335,543891147.0,6725416697.374195,2026-07-14
2019-04-08,sh.600129,太极集团,12.34571384,13.0730887,13.15172382,12.21793177,15650228,203157062.0,2.877456,5.723372,543891132.0,7110337011.779408,2026-07-14
2019-04-09,sh.600129,太极集团,12.92564785,13.0730887,13.25984711,12.6799131,10958103,145021501.0,2.014761,0.0,543890963.0,7110334802.427418,2026-07-14
2019-04-10,sh.600129,太极集团,12.9747948,13.02394175,13.5645582,12.73888944,8928900,119663278.0,1.641671,-0.375941,543890950.0,7083604051.152163,2026-07-14
2019-04-11,sh.600129,太极集团,13.02394175,12.82735395,13.25984711,12.72906005,6606548,87247628.0,1.214682,-1.509433,543891158.0,6976684393.941374,2026-07-14
2019-04-12,sh.600129,太极集团,12.9747948,12.60127798,12.98462419,12.40469018,5713747,73356916.0,1.050531,-1.762456,543891327.0,6853725802.43808,2026-07-14
2019-04-15,sh.600129,太极集团,12.9747948,12.43417835,13.02394175,12.40469018,4874750,63088416.0,0.896273,-1.326054,543891203.0,6762840221.098055,2026-07-14
2019-04-16,sh.600129,太极集团,11.83458556,12.43417835,12.56196042,11.83458556,7107299,88356766.0,1.30675,0.0,543891257.0,6762840892.543686,2026-07-14
2019-04-17,sh.600129,太极集团,12.55213103,12.26707872,12.63076615,12.1884436,4669241,58558729.0,0.858488,-1.343874,543891237.0,6671956619.397177,2026-07-14
2019-04-18,sh.600129,太极集团,12.43417835,12.06066153,12.43417835,12.04100275,3571654,44114574.0,0.656686,-1.682685,543890687.0,6559681485.2261715,2026-07-14
2019-04-19,sh.600129,太极集团,12.0901497,12.07049092,12.14912604,11.85424434,3687991,44982692.0,0.678075,0.081494,543891310.0,6565035118.821905,2026-07-14
2019-04-22,sh.600129,太极集团,12.09997909,11.83458556,12.17861421,11.75595044,4380942,52965204.0,0.805482,-1.954396,543890739.0,6436721485.987129,2026-07-14
2019-04-23,sh.600129,太极集团,11.97219702,12.12946726,12.25724933,11.87390312,5770833,70984855.0,1.061027,2.491696,543891249.0,6597111097.746008,2026-07-14
2019-04-24,sh.600129,太极集团,12.08032031,12.02134397,12.22776116,11.82475617,2775069,33745655.0,0.510225,-0.891415,543891224.0,6538303485.968319,2026-07-14
2019-04-25,sh.600129,太极集团,11.9918558,11.66748593,12.05083214,11.66748593,3089957,37225728.0,0.568121,-2.943579,543890650.0,6345836506.333554,2026-07-14
2019-04-26,sh.600129,太极集团,11.63799776,11.07772253,11.83458556,10.82215839,8179078,93707582.0,1.503808,-5.054755,543891108.0,6025074780.958263,2026-07-14
2019-04-29,sh.600129,太极集团,11.09738131,10.9106229,11.19567521,10.52727669,5815403,64465239.0,1.069222,-1.50843,543891072.0,5934190385.268748,2026-07-14
2019-04-30,sh.600129,太极集团,10.89096412,11.15635765,11.31362789,10.87130534,4087746,46423063.0,0.751574,2.252252,543891353.0,6067846456.810401,2026-07-14
2019-05-06,sh.600129,太极集团,10.4191534,10.17341865,10.89096412,10.17341865,7946585,85272258.0,1.461062,-8.810573,543891019.0,5533231036.262105,2026-07-14
2019-05-07,sh.600129,太极集团,10.23239499,10.98925802,11.0089168,10.23239499,7991235,86167486.0,1.469271,8.019323,543891154.0,5976960226.101555,2026-07-14
2019-05-08,sh.600129,太极集团,10.7140351,10.85164656,11.35294545,10.59608242,7272401,81598453.0,1.337106,-1.252239,543891135.0,5902114364.137246,2026-07-14
2019-05-09,sh.600129,太极集团,10.68454693,10.42898279,11.04823436,10.39949462,3811780,41399614.0,0.700835,-3.89493,543891215.0,5672232120.867189,2026-07-14
2019-05-10,sh.600129,太极集团,10.64522937,11.11704009,11.34311606,10.58625303,8097014,90366059.0,1.48872,6.597557,543890994.0,6046457984.887949,2026-07-14
2019-05-13,sh.600129,太极集团,10.93028168,11.01874619,11.24482216,10.9106229,5669946,63621797.0,1.042478,-0.884177,543891190.0,5992998977.587066,2026-07-14
2019-05-14,sh.600129,太极集团,10.82215839,11.02857558,11.25465155,10.74352327,3517900,39573911.0,0.646802,0.089208,543891330.0,5998346640.211721,2026-07-14
2019-05-15,sh.600129,太极集团,11.1072107,11.21533399,11.24482216,11.05806375,3029900,34415425.0,0.557078,1.693401,543891520.0,6099925051.128764,2026-07-14
2019-05-16,sh.600129,太极集团,11.2055046,11.29396911,11.37260423,11.13669887,3223601,36960057.0,0.592692,0.701139,543891431.0,6142693020.907697,2026-07-14
2019-05-17,sh.600129,太极集团,11.37260423,11.08755192,11.53970386,10.94994046,4937826,56547236.0,0.90787,-1.827677,543891306.0,6030423094.111608,2026-07-14
2019-05-20,sh.600129,太极集团,11.0089168,10.812329,11.0089168,10.70420571,3308190,36381646.0,0.608245,-2.482267,543891031.0,5880728767.321199,2026-07-14
2019-05-21,sh.600129,太极集团,10.88113473,10.94994046,11.15635765,10.812329,3074000,34388954.0,0.565187,1.27273,543890783.0,5955571690.59278,2026-07-14
2019-05-22,sh.600129,太极集团,10.97942863,10.65505876,11.01874619,10.59608242,3596981,39345167.0,0.661342,-2.693,543891209.0,5795192790.94244,2026-07-14
2019-05-23,sh.600129,太极集团,10.7140351,10.57642364,10.812329,10.5174473,3167585,34374786.0,0.582393,-0.738007,543891324.0,5752425056.744499,2026-07-14
2019-05-24,sh.600129,太极集团,10.49778852,10.35034767,10.68454693,10.31103011,2733949,29001565.0,0.502665,-2.137551,543890862.0,5629459516.2359915,2026-07-14
2019-05-27,sh.600129,太极集团,10.48795913,10.6157412,10.69437632,10.33068889,2207382,23623222.0,0.40585,2.564107,543891093.0,5773807084.273131,2026-07-14
2019-05-28,sh.600129,太极集团,10.59608242,10.83198778,10.96959924,10.59608242,3189600,35130667.0,0.586441,2.037039,543891031.0,5891421001.443602,2026-07-14
2019-05-29,sh.600129,太极集团,10.9106229,10.812329,10.9106229,10.73369388,2051901,22587738.0,0.377263,-0.181492,543891397.0,5880732724.633613,2026-07-14
2019-05-30,sh.600129,太极集团,10.80249961,10.69437632,10.812329,10.6157412,2141335,23319067.0,0.393707,-1.090908,543890507.0,5816569758.733594,2026-07-14
2019-05-31,sh.600129,太极集团,10.67471754,10.78284083,10.87130534,10.64522937,2049767,22496114.0,0.376871,0.827207,543890880.0,5864688787.92863,2026-07-14
2019-06-03,sh.600129,太极集团,10.78284083,10.43881218,10.83198778,10.31103011,2661202,28545391.0,0.48929,-3.190523,543890535.0,5677571141.344716,2026-07-14
2019-06-04,sh.600129,太极集团,10.5174473,10.36017706,10.5174473,10.24222438,1726203,18198664.0,0.31738,-0.753295,543891550.0,5634812759.437843,2026-07-14
2019-06-05,sh.600129,太极集团,10.40932401,10.1242717,10.50761791,10.08495414,3038591,31507849.0,0.558676,-2.277038,543891451.0,5506504825.231236,2026-07-14
2019-06-06,sh.600129,太极集团,10.1242717,9.69177854,10.21273621,9.59348464,3547600,35186831.0,0.652263,-4.27185,543891038.0,5271271490.186725,2026-07-14
2019-06-10,sh.600129,太极集团,9.75075488,10.09478353,10.18324804,9.6328022,3460487,35014597.0,0.636246,4.158224,543891356.0,5490465502.658167,2026-07-14
2019-06-11,sh.600129,太极集团,10.1242717,10.44864157,10.55676486,10.03580719,3404202,35971833.0,0.625898,3.505352,543890858.0,5682920628.441767,2026-07-14
2019-06-12,sh.600129,太极集团,10.53710608,10.56659425,10.65505876,10.44864157,2717467,29165655.0,0.499634,1.128879,543891529.0,5747081102.955108,2026-07-14
2019-06-13,sh.600129,太极集团,10.53710608,10.5174473,10.58625303,10.40932401,2161108,23120186.0,0.397342,-0.465118,543891157.0,5720346580.683526,2026-07-14
2019-06-14,sh.600129,太极集团,10.47812974,10.3208595,10.73369388,10.26188316,2547165,27146379.0,0.468323,-1.869157,543890648.0,5613418961.371956,2026-07-14
2019-06-17,sh.600129,太极集团,10.35034767,10.44864157,10.66488815,10.34051828,3012591,32151880.0,0.553896,1.238096,543891091.0,5682923062.975252,2026-07-14
2019-06-18,sh.600129,太极集团,10.39949462,10.74352327,10.97942863,10.31103011,6111921,66693009.0,1.12374,2.822203,543891025.0,5843305883.431652,2026-07-14
2019-06-19,sh.600129,太极集团,10.99908741,10.68454693,10.99908741,10.62557059,4785732,52529370.0,0.879906,-0.548952,543891279.0,5811231895.293223,2026-07-14
2019-06-20,sh.600129,太极集团,10.66488815,10.76318205,10.84181717,10.52727669,4803798,52524616.0,0.883228,0.73597,543891045.0,5853998332.699742,2026-07-14
2019-06-21,sh.600129,太极集团,10.76318205,10.73369388,10.90079351,10.69437632,4549192,49766633.0,0.836416,-0.27397,543891078.0,5837960335.315203,2026-07-14
2019-06-24,sh.600129,太极集团,10.73369388,10.60591181,10.77301144,10.43881218,3402811,36651033.0,0.625642,-1.190477,543891075.0,5768460775.696095,2026-07-14
2019-06-25,sh.600129,太极集团,10.66488815,10.49778852,10.69437632,10.43881218,3160611,33951070.0,0.581111,-1.019459,543891098.0,5709653724.714595,2026-07-14
2019-06-26,sh.600129,太极集团,10.49778852,10.7140351,10.90079351,10.42898279,3728989,40452981.0,0.685613,2.059919,543891233.0,5827269760.944279,2026-07-14
2019-06-27,sh.600129,太极集团,10.6545096,10.614828,10.813236,10.5354648,3634245,38853260.0,0.668194,-0.925929,543890696.0,5773306188.840287,2026-07-14
2019-06-28,sh.600129,太极集团,10.6049076,10.4461812,10.6346688,10.366818,2523810,26634324.0,0.464029,-1.588786,543890576.0,5681579509.868371,2026-07-14
2019-07-01,sh.600129,太极集团,10.614828,10.6743504,10.7537136,10.5255444,6500843,69492768.0,1.195247,2.18424,543891179.0,5805685024.115122,2026-07-14
2019-07-02,sh.600129,太极集团,10.6247484,10.515624,10.66443,10.4759424,5034671,53575451.0,0.925676,-1.486987,543891275.0,5719356144.780601,2026-07-14
2019-07-03,sh.600129,太极集团,10.466022,10.5354648,10.5553056,10.4461812,3063015,32427855.0,0.563167,0.188675,543891066.0,5730145180.877477,2026-07-14
2019-07-04,sh.600129,太极集团,10.5354648,10.4362608,10.5949872,10.41642,2642190,27955586.0,0.485794,-0.941614,543891032.0,5676188656.733146,2026-07-14
2019-07-05,sh.600129,太极集团,10.4362608,10.5354648,10.5354648,10.4263404,2826045,29874592.0,0.519598,0.950565,543890662.0,5730140924.549698,2026-07-14
2019-07-08,sh.600129,太极集团,10.515624,10.2973752,10.5354648,10.0791264,3926266,40564127.0,0.721885,-2.259885,543890786.0,5600647491.264907,2026-07-14
2019-07-09,sh.600129,太极集团,10.317216,10.5354648,10.5453852,10.2775344,3259811,34321024.0,0.59935,2.312136,543891049.0,5730145001.774575,2026-07-14
2019-07-10,sh.600129,太极集团,10.5255444,10.366818,10.5255444,10.3370568,1822932,19159490.0,0.335165,-1.600754,543890919.0,5638418169.125742,2026-07-14
2019-07-11,sh.600129,太极集团,10.3965792,10.3370568,10.4759424,10.317216,1123400,11758094.0,0.206549,-0.287079,543890312.0,5622225048.113721,2026-07-14
2019-07-12,sh.600129,太极集团,10.3271364,10.4263404,10.466022,10.267614,1507401,15806243.0,0.277151,0.863725,543891597.0,5670798931.021619,2026-07-14
2019-07-15,sh.600129,太极集团,10.3965792,10.5850668,10.5949872,10.3072956,2467319,26065435.0,0.453642,1.522358,543891218.0,5757124874.463363,2026-07-14
2019-07-16,sh.600129,太极集团,10.5850668,10.6049076,10.8033156,10.5354648,3357340,36112853.0,0.617282,0.187437,543890799.0,5767911667.885173,2026-07-14
2019-07-17,sh.600129,太极集团,10.6545096,10.6445892,10.7239524,10.565226,3177911,34089525.0,0.584292,0.374181,543890897.0,5789495168.184513,2026-07-14
2019-07-18,sh.600129,太极集团,10.6346688,10.4759424,10.6346688,10.4362608,2138500,22694000.0,0.393185,-1.584335,543891552.0,5697776570.598604,2026-07-14
2019-07-19,sh.600129,太极集团,10.4957832,10.5453852,10.6049076,10.4858628,2012300,21386412.0,0.369982,0.662876,543891324.0,5735543518.518004,2026-07-14
2019-07-22,sh.600129,太极集团,10.5453852,10.4064996,10.565226,10.3568976,1826174,19215224.0,0.335761,-1.31703,543891042.0,5660001911.016583,2026-07-14
2019-07-23,sh.600129,太极集团,10.317216,10.317216,10.4759424,10.2576936,1969853,20517365.0,0.362178,-0.857962,543890849.0,5611439369.556384,2026-07-14
2019-07-24,sh.600129,太极集团,10.4362608,10.069206,10.4759424,10.0295244,4559394,47059892.0,0.838292,-2.403846,543890912.0,5476549634.455872,2026-07-14
2019-07-25,sh.600129,太极集团,10.1088876,10.0890468,10.218012,9.970002,3876401,39377853.0,0.712716,0.197049,543891396.0,5487345748.361333,2026-07-14
2019-07-26,sh.600129,太极集团,10.0592856,10.0791264,10.0989672,9.9005592,3470251,34915969.0,0.638,-0.0983,543926489.0,5482303834.93921,2026-07-14
2019-07-29,sh.600129,太极集团,9.9799224,10.0295244,10.069206,9.9501612,1811501,18283670.0,0.333063,-0.492128,543891396.0,5454972027.132062,2026-07-14
2019-07-30,sh.600129,太极集团,10.0096836,10.0592856,10.1584896,9.9997632,2022201,20586167.0,0.3718,0.2967,543894836.0,5471193491.689162,2026-07-14
2019-07-31,sh.600129,太极集团,10.1485692,10.0890468,10.1485692,10.0394448,1376800,13996039.0,0.2531,0.2959,543974714.0,5488186347.562615,2026-07-14
2019-08-01,sh.600129,太极集团,10.0791264,9.9303204,10.0791264,9.9104796,1634626,16411478.0,0.3005,-1.5733,543968719.0,5401783667.247567,2026-07-14
2019-08-02,sh.600129,太极集团,9.870798,9.8608776,9.870798,9.6922308,3057301,30107074.0,0.5621,-0.6993,543906956.0,5363399918.904586,2026-07-14
2019-08-05,sh.600129,太极集团,9.8311164,9.721992,9.8311164,9.721992,1773165,17452744.0,0.326,-1.4084,543915644.0,5287943539.642848,2026-07-14
2019-08-06,sh.600129,太极集团,9.5831064,9.3648576,9.6029472,9.0077232,3102007,29316632.0,0.5703,-3.6735,543925478.0,5093784646.481933,2026-07-14
2019-08-07,sh.600129,太极集团,9.42438,9.3946188,9.5037432,9.3152556,1418500,13433102.0,0.2608,0.3178,543903374.0,5109764862.763831,2026-07-14
2019-08-08,sh.600129,太极集团,9.3350964,9.4442208,9.5037432,9.3350964,1447166,13775138.0,0.2661,0.528,543842916.0,5136172579.219852,2026-07-14
2019-08-09,sh.600129,太极集团,9.4938228,9.4938228,9.5632656,9.3152556,1588394,15139962.0,0.292,0.5252,543970548.0,5164359991.130895,2026-07-14
2019-08-12,sh.600129,太极集团,9.4541412,9.5037432,9.573186,9.2358924,1513056,14383901.0,0.2782,0.1045,543873472.0,5168833811.18039,2026-07-14
2019-08-13,sh.600129,太极集团,9.4839024,9.4839024,9.5037432,9.3946188,897727,8560281.0,0.1651,-0.2088,543747426.0,5156847518.435223,2026-07-14
2019-08-14,sh.600129,太极集团,9.5831064,9.6624696,9.7517532,9.5037432,1937100,18876061.0,0.3562,1.8828,543823695.0,5254679920.697172,2026-07-14
2019-08-15,sh.600129,太极集团,9.4442208,9.8906388,9.8906388,9.3450168,1851000,18044397.0,0.3403,2.3614,543931825.0,5379833212.89981,2026-07-14
2019-08-16,sh.600129,太极集团,9.8906388,9.9005592,9.9501612,9.6922308,4385260,43337311.0,0.8063,0.1003,543874488.0,5384661565.813689,2026-07-14
2019-08-19,sh.600129,太极集团,9.9104796,9.9799224,10.019604,9.7616736,4513561,45027894.0,0.8299,0.8016,543868056.0,5427760994.718854,2026-07-14
2019-08-20,sh.600129,太极集团,9.9600816,9.8410368,9.9799224,9.821196,2251441,22472844.0,0.414,-1.3917,543826329.0,5351814916.497907,2026-07-14
2019-08-21,sh.600129,太极集团,9.8410368,9.9501612,10.019604,9.8410368,2195954,21989406.0,0.4037,1.1089,543956899.0,5412458830.902119,2026-07-14
2019-08-22,sh.600129,太极集团,9.9898428,10.069206,10.0791264,9.9005592,2740188,27585067.0,0.5038,1.1964,543903930.0,5476680715.37958,2026-07-14
2019-08-23,sh.600129,太极集团,10.069206,10.118808,10.1882508,9.9898428,2936103,29920811.0,0.5398,0.4926,543924231.0,5503864860.036648,2026-07-14
2019-08-26,sh.600129,太极集团,9.9005592,10.069206,10.267614,9.870798,3524410,35804724.0,0.648,-0.4902,543890432.0,5476544801.236992,2026-07-14
2019-08-27,sh.600129,太极集团,10.1584896,10.3965792,10.4957832,10.0890468,4181800,43598674.0,0.7689,3.2512,543867863.0,5654365312.01425,2026-07-14
2019-08-28,sh.600129,太极集团,10.3866588,10.3370568,10.515624,10.2973752,2359200,24643135.0,0.4338,-0.5725,543845090.0,5621757585.731112,2026-07-14
2019-08-29,sh.600129,太极集团,10.3866588,10.3072956,10.41642,10.1287284,2174102,22528500.0,0.3997,-0.2879,543933450.0,5606482855.87782,2026-07-14
2019-08-30,sh.600129,太极集团,10.3072956,10.118808,10.3866588,10.019604,2824488,28947178.0,0.5193,-1.8287,543902946.0,5503649481.208367,2026-07-14
2019-09-02,sh.600129,太极集团,10.118808,10.2080916,10.2576936,10.0394448,3434200,35152149.0,0.6314,0.8824,543902439.0,5552205918.775413,2026-07-14
2019-09-03,sh.600129,太极集团,10.2080916,10.0493652,10.2080916,9.9600816,4392914,44538433.0,0.8077,-1.5549,543879411.0,5465642825.899898,2026-07-14
2019-09-04,sh.600129,太极集团,10.019604,10.069206,10.0791264,9.9501612,3169102,31954127.0,0.5827,0.1974,543865111.0,5476289838.871865,2026-07-14
2019-09-05,sh.600129,太极集团,10.0890468,10.1386488,10.2874548,10.0890468,4023500,41393549.0,0.7398,0.6897,543863206.0,5514038040.876053,2026-07-14
2019-09-06,sh.600129,太极集团,10.2080916,10.2279324,10.2279324,10.0493652,2711296,27686621.0,0.4985,0.8806,543890873.0,5562879082.020986,2026-07-14
2019-09-09,sh.600129,太极集团,10.2378528,11.2398132,11.2497336,10.2378528,14414638,156579055.0,2.6503,9.8933,543887032.0,6113188641.582422,2026-07-14
2019-09-10,sh.600129,太极集团,11.2398132,11.65647,11.6961516,11.0414052,15844212,182729542.0,2.9131,3.707,543895232.0,6339898454.95104,2026-07-14
2019-09-11,sh.600129,太极集团,11.6663904,11.6862312,11.805276,11.458062,10130691,118583584.0,1.8626,0.2553,543900515.0,6356147168.089068,2026-07-14
2019-09-12,sh.600129,太极集团,11.7259128,11.6465496,11.755674,11.4878232,5353873,62658328.0,0.9844,-0.3396,543871698.0,6334228706.7932205,2026-07-14
2019-09-16,sh.600129,太极集团,11.6366292,11.6267088,11.8350372,11.5175844,3578000,42107366.0,0.6579,-0.1704,543851649.0,6323204753.322811,2026-07-14
2019-09-17,sh.600129,太极集团,11.706072,11.507664,11.90448,11.4878232,7936257,93794582.0,1.4592,-1.0239,543877262.0,6258756788.335968,2026-07-14
2019-09-18,sh.600129,太极集团,11.6862312,11.9640024,12.0929676,11.6862312,10277730,123583854.0,1.8897,3.9655,543881569.0,6507000396.831765,2026-07-14
2019-09-19,sh.600129,太极集团,12.0136044,11.7358332,12.0136044,11.6366292,5805852,68698506.0,1.0675,-1.9071,543873724.0,6382811306.726837,2026-07-14
2019-09-20,sh.600129,太极集团,11.7159924,11.6862312,11.7953556,11.5870272,3380763,39808606.0,0.6216,-0.4227,543880792.0,6355916680.55111,2026-07-14
2019-09-23,sh.600129,太极集团,11.6763108,11.6961516,11.7755148,11.458062,3380184,39628187.0,0.6215,0.0849,543875141.0,6361246100.607376,2026-07-14
2019-09-24,sh.600129,太极集团,11.7259128,11.8151964,11.9937636,11.7159924,3983450,47680496.0,0.7324,1.0178,543889951.0,6426166591.051376,2026-07-14
2019-09-25,sh.600129,太极集团,11.7259128,11.507664,11.8945596,11.4878232,4077687,47709591.0,0.7497,-2.6029,543909164.0,6259123905.832896,2026-07-14
2019-09-26,sh.600129,太极集团,11.606868,11.358858,11.755674,11.3290968,3457511,39919374.0,0.6357,-1.2931,543890357.0,6177973332.732306,2026-07-14
2019-09-27,sh.600129,太极集团,11.3290968,11.358858,11.4779028,11.210052,2435988,27950078.0,0.4479,0.0,543868721.0,6177727572.480618,2026-07-14
2019-09-30,sh.600129,太极集团,11.4183804,11.3390172,11.4878232,11.110848,2658600,30213727.0,0.4888,-0.1747,543903437.0,6167330427.282117,2026-07-14
2019-10-08,sh.600129,太极集团,11.358858,11.6465496,11.6663904,11.3390172,3582759,41730317.0,0.6587,2.7122,543913618.0,6334716930.152452,2026-07-14
2019-10-09,sh.600129,太极集团,11.557266,11.4382212,11.65647,11.40846,2892431,33482424.0,0.5318,-1.7888,543894509.0,6221185703.407391,2026-07-14
2019-10-10,sh.600129,太极集团,11.458062,11.90448,11.9243208,11.309256,6065000,71550357.0,1.1151,4.0763,543897408.0,6474815815.58784,2026-07-14
2019-10-11,sh.600129,太极集团,11.8449576,12.0235248,12.0830472,11.755674,5183620,62393486.0,0.9531,1.0,543869479.0,6539228168.71958,2026-07-14
2019-10-14,sh.600129,太极集团,12.053286,12.5096244,12.7576344,12.0235248,7569089,94878730.0,1.3917,4.0429,543873608.0,6803654557.152835,2026-07-14
2019-10-15,sh.600129,太极集团,12.5592264,12.6881916,12.8568384,12.5096244,7229353,92677909.0,1.3292,1.4274,543887526.0,6900949138.737982,2026-07-14
2019-10-16,sh.600129,太极集团,12.698112,13.0254852,13.0552464,12.6683508,5811758,75173291.0,1.0686,2.6583,543866554.0,7084125749.902001,2026-07-14
2019-10-17,sh.600129,太极集团,12.9064404,12.747714,13.14453,12.64851,7003077,90387212.0,1.2876,-2.1325,543886067.0,6933304030.700838,2026-07-14
2019-10-18,sh.600129,太极集团,12.89652,12.5096244,12.89652,12.4005,6864974,87494451.0,1.2622,-1.8677,543889558.0,6803854085.662015,2026-07-14
2019-10-21,sh.600129,太极集团,12.5592264,12.549306,12.747714,12.3310572,3604068,45704015.0,0.6626,0.3172,543928162.0,6825920946.955572,2026-07-14
2019-10-22,sh.600129,太极集团,12.5592264,12.7179528,13.094928,12.549306,3936817,50738707.0,0.7238,1.3439,543909505.0,6917415412.061364,2026-07-14
2019-10-23,sh.600129,太极集团,12.64851,12.747714,12.8766792,12.4600224,3829647,49050596.0,0.7041,0.234,543906689.0,6933566914.058946,2026-07-14
2019-10-24,sh.600129,太极集团,12.6683508,12.5889876,12.7675548,12.4005,3676100,46520006.0,0.6759,-1.2451,543882231.0,6846926661.919335,2026-07-14
2019-10-25,sh.600129,太极集团,12.4699428,12.8667588,12.9362016,12.4401816,3868149,49768057.0,0.7112,2.2065,543890467.0,6998107452.508359,2026-07-14
2019-10-28,sh.600129,太极集团,12.89652,12.5294652,12.946122,12.4600224,4930804,62520734.0,0.9066,-2.6214,543878668.0,6814508843.7283535,2026-07-14
2019-10-29,sh.600129,太极集团,12.5294652,12.5294652,12.7377936,12.4699428,2536083,32230749.0,0.4663,0.0,543873686.0,6814446421.932728,2026-07-14
2019-10-30,sh.600129,太极集团,12.4600224,12.5393856,12.549306,12.350898,2204484,27641681.0,0.4053,0.0792,543914138.0,6820349109.673613,2026-07-14
2019-10-31,sh.600129,太极集团,12.5393856,12.4203408,12.6286692,12.3608184,2087601,26197500.0,0.3838,-0.9494,543929390.0,6755788394.936112,2026-07-14
2019-11-01,sh.600129,太极集团,12.3112164,12.7576344,12.8270772,12.2417736,3714014,47224172.0,0.6829,2.7156,543859130.0,6938355945.642073,2026-07-14
2019-11-04,sh.600129,太极集团,12.7377936,13.0155648,13.1246892,12.7377936,3508430,45904224.0,0.6451,2.0218,543858317.0,7078623166.932442,2026-07-14
2019-11-05,sh.600129,太极集团,12.946122,12.8568384,13.1147688,12.7576344,2566995,33396488.0,0.472,-1.2195,543854873.0,6992254215.213523,2026-07-14
2019-11-06,sh.600129,太极集团,12.8072364,12.7080324,12.9163608,12.6385896,1830701,23454491.0,0.3366,-1.1574,543880273.0,6911648131.004846,2026-07-14
2019-11-07,sh.600129,太极集团,12.7179528,12.7576344,12.8766792,12.6782712,1668413,21462835.0,0.3068,0.3903,543811278.0,6937745467.320764,2026-07-14
2019-11-08,sh.600129,太极集团,12.7576344,13.1147688,13.2635748,12.747714,4295800,56487142.0,0.7898,2.7994,543909851.0,7133251943.907449,2026-07-14
2019-11-11,sh.600129,太极集团,13.094928,11.805276,13.094928,11.805276,8157501,100480901.0,1.4998,-9.9849,543905921.0,6420959515.439196,2026-07-14
2019-11-12,sh.600129,太极集团,11.458062,11.4779028,11.6862312,11.2298928,6447890,74545415.0,1.1855,-2.7731,543896246.0,6242788244.8728895,2026-07-14
2019-11-13,sh.600129,太极集团,11.4977436,11.557266,11.6267088,11.259654,2471500,28457066.0,0.4544,0.6914,543904049.0,6286043772.770034,2026-07-14
2019-11-14,sh.600129,太极集团,11.5275048,11.507664,11.65647,11.3687784,2299790,26821446.0,0.4228,-0.4292,543942763.0,6259510551.835632,2026-07-14
2019-11-15,sh.600129,太极集团,11.4481416,11.3786988,11.6167884,11.2993356,2342500,27016036.0,0.4307,-1.1207,543882052.0,6188670052.433938,2026-07-14
2019-11-18,sh.600129,太极集团,11.358858,11.4183804,11.4679824,11.16045,2443401,27856713.0,0.4492,0.3487,543945013.0,6210971075.116945,2026-07-14
2019-11-19,sh.600129,太极集团,11.358858,11.606868,11.6167884,11.3489376,1975858,22998077.0,0.3633,1.6507,543864024.0,6312557936.516832,2026-07-14
2019-11-20,sh.600129,太极集团,11.6465496,11.3191764,11.6465496,11.309256,2684110,30838416.0,0.4935,-2.4786,543892604.0,6156416327.331346,2026-07-14
2019-11-21,sh.600129,太极集团,11.3290968,11.3290968,11.4977436,11.259654,1309300,14993978.0,0.2407,0.0876,543955131.0,6162520333.955681,2026-07-14
2019-11-22,sh.600129,太极集团,11.259654,11.0513256,11.3985396,10.813236,2609020,29184337.0,0.4797,-2.4518,543885762.0,6010658645.066108,2026-07-14
2019-11-25,sh.600129,太极集团,11.110848,11.1505296,11.1902112,10.91244,1723898,19290546.0,0.317,0.8977,543816404.0,6063840909.767559,2026-07-14
2019-11-26,sh.600129,太极集团,11.0513256,11.4878232,11.557266,11.0513256,1872687,21458925.0,0.3443,3.0249,543911414.0,6248358160.494004,2026-07-14
2019-11-27,sh.600129,太极集团,11.4878232,11.4878232,11.65647,11.3985396,2195676,25563265.0,0.4037,0.0,543888036.0,6248089598.163235,2026-07-14
2019-11-28,sh.600129,太极集团,11.4878232,11.4977436,11.65647,11.4283008,1503260,17494792.0,0.2764,0.0864,543871201.0,6253291620.522063,2026-07-14
2019-11-29,sh.600129,太极集团,11.606868,11.507664,11.6167884,11.309256,1457353,16767785.0,0.2679,0.0863,543991415.0,6260070422.70456,2026-07-14
2019-12-02,sh.600129,太极集团,11.4382212,11.358858,11.507664,11.3290968,1299656,14961877.0,0.239,-1.2931,543789121.0,6176823407.383818,2026-07-14
2019-12-03,sh.600129,太极集团,11.5870272,11.4779028,11.6465496,11.358858,1241017,14315403.0,0.2282,1.048,543828659.0,6242012487.856345,2026-07-14
2019-12-04,sh.600129,太极集团,11.4183804,11.4283008,11.4878232,11.2794948,1446834,16572960.0,0.266,-0.4321,543922556.0,6216110581.872845,2026-07-14
2019-12-05,sh.600129,太极集团,11.40846,11.458062,11.458062,11.3390172,1206400,13871080.0,0.2218,0.2604,543913436.0,6232193872.321032,2026-07-14
2019-12-06,sh.600129,太极集团,11.458062,11.3489376,11.4679824,11.110848,2316367,26276313.0,0.4259,-0.9524,543875792.0,6172412425.5585785,2026-07-14
2019-12-09,sh.600129,太极集团,11.358858,11.3489376,11.5175844,11.2298928,1741301,19908397.0,0.3202,0.0,543816677.0,6171741533.112355,2026-07-14
2019-12-10,sh.600129,太极集团,11.259654,11.1902112,11.2993356,11.1703704,1570600,17754824.0,0.2888,-1.3986,543836565.0,6085646020.632528,2026-07-14
2019-12-11,sh.600129,太极集团,11.2001316,11.1009276,11.210052,11.061246,1333418,14937118.0,0.2452,-0.7979,543808320.0,6036776788.597632,2026-07-14
2019-12-12,sh.600129,太极集团,11.1009276,11.0513256,11.16045,11.0314848,1191876,13296683.0,0.2191,-0.4468,543987220.0,6011779890.458832,2026-07-14
2019-12-13,sh.600129,太极集团,11.0910072,11.16045,11.2001316,11.0910072,1479187,16633758.0,0.272,0.9874,543818750.0,6069261968.4375,2026-07-14
2019-12-16,sh.600129,太极集团,11.259654,11.309256,11.309256,10.9521216,1624752,18351533.0,0.2987,1.3333,543941078.0,6151568900.017968,2026-07-14
2019-12-17,sh.600129,太极集团,11.2894152,11.3687784,11.5374252,11.2894152,2683535,30870570.0,0.4934,0.5263,543886299.0,6183322808.127142,2026-07-14
2019-12-18,sh.600129,太极集团,11.4679824,11.2199724,11.4679824,10.962042,5341546,60090574.0,0.9821,-1.3089,543890235.0,6102433425.329514,2026-07-14
2019-12-19,sh.600129,太极集团,11.1802908,11.1207684,11.2497336,11.011644,3430299,38422770.0,0.6307,-0.8842,543887585.0,6048447868.420314,2026-07-14
2019-12-20,sh.600129,太极集团,11.1306888,10.91244,11.1902112,10.8529176,3827138,42411599.0,0.7037,-1.8733,543859315.0,5934832143.3786,2026-07-14
2019-12-23,sh.600129,太极集团,10.9918032,10.8529176,10.9918032,10.8330768,2659242,29250786.0,0.4889,-0.5455,543923502.0,5903156947.909435,2026-07-14
2019-12-24,sh.600129,太极集团,10.862838,10.8925992,10.9422012,10.8231564,2012851,22086444.0,0.3701,0.3656,543866793.0,5924122994.338366,2026-07-14
2019-12-25,sh.600129,太极集团,10.9025196,10.9918032,11.0017236,10.8727584,1651173,18210528.0,0.3036,0.9108,543864625.0,5978052925.4418,2026-07-14
2019-12-26,sh.600129,太极集团,10.9918032,11.0215644,11.061246,10.9223604,1646846,18245850.0,0.3028,0.2708,543872523.0,5994326037.634982,2026-07-14
2019-12-27,sh.600129,太极集团,11.0513256,11.061246,11.0910072,11.0017236,2566873,28598071.0,0.4719,0.36,543944268.0,6016701358.637928,2026-07-14
2019-12-30,sh.600129,太极集团,10.9918032,10.91244,10.9918032,10.813236,2806666,30924573.0,0.516,-1.3453,543927519.0,5935576415.43636,2026-07-14
2019-12-31,sh.600129,太极集团,10.9521216,11.2794948,11.2993356,10.91244,5383831,60605534.0,0.9899,3.3636,543876250.0,6134649333.7185,2026-07-14
2020-01-02,sh.600129,太极集团,11.3191764,11.3191764,11.358858,11.1902112,4651398,52816241.0,0.8552,0.3518,543895931.0,6156453986.231229,2026-07-14
2020-01-03,sh.600129,太极集团,11.3191764,11.3290968,11.3687784,11.2497336,2508312,28586305.0,0.4612,0.0876,543866435.0,6161515488.385908,2026-07-14
2020-01-06,sh.600129,太极集团,11.3786988,11.3985396,11.6961516,11.2894152,4462621,51636610.0,0.8205,0.613,543890433.0,6199556638.611647,2026-07-14
2020-01-07,sh.600129,太极集团,11.4481416,11.4977436,11.5175844,11.358858,3010997,34709196.0,0.5536,0.8703,543893967.0,6253553378.152861,2026-07-14
2020-01-08,sh.600129,太极集团,11.5969476,11.507664,11.6267088,11.4779028,4586894,53351447.0,0.8433,0.0863,543921973.0,6259271307.501072,2026-07-14
2020-01-09,sh.600129,太极集团,11.557266,12.6584304,12.6584304,11.557266,12603968,156775335.0,2.3174,10.0,543884008.0,6884717860.941043,2026-07-14
2020-01-10,sh.600129,太极集团,12.598908,12.4897836,12.7774752,11.8846392,7142262,89915609.0,1.3132,-1.3323,543882272.0,6792971881.15634,2026-07-14
2020-01-13,sh.600129,太极集团,12.450102,13.2238932,13.491744,12.3608184,10494897,138223750.0,1.9296,5.8777,543889770.0,7192340231.052564,2026-07-14
2020-01-14,sh.600129,太极集团,13.2139728,12.89652,13.2834156,12.8072364,6811236,88886571.0,1.2523,-2.4756,543898107.0,7014392814.88764,2026-07-14
2020-01-15,sh.600129,太极集团,12.9560424,12.6385896,13.0552464,12.549306,5235014,67185453.0,0.9625,-2.0,543897558.0,6874098020.004196,2026-07-14
2020-01-16,sh.600129,太极集团,12.797316,12.5393856,12.797316,12.4699428,4127066,52326198.0,0.7588,-0.7849,543893780.0,6820093832.8615675,2026-07-14
2020-01-17,sh.600129,太极集团,12.5592264,12.7377936,12.7774752,12.5096244,3798560,48450388.0,0.6984,1.5823,543894616.0,6928017358.759257,2026-07-14
2020-01-20,sh.600129,太极集团,13.1246892,12.89652,13.243734,12.7179528,6007067,78054103.0,1.1045,1.2461,543872069.0,7014057015.29988,2026-07-14
2020-01-21,sh.600129,太极集团,12.350898,12.5790672,12.698112,11.9144004,12773639,159453473.0,2.3486,-2.4615,543883122.0,6841542340.583798,2026-07-14
2020-01-22,sh.600129,太极集团,12.5195448,11.6267088,12.6088284,11.5374252,13330884,160392681.0,2.451,-7.571,543895716.0,6323717107.4995,2026-07-14
2020-01-23,sh.600129,太极集团,11.4481416,11.2695744,11.5473456,10.962042,11951921,134667376.0,2.1975,-3.0717,543887190.0,6129377152.911936,2026-07-14
2020-02-03,sh.600129,太极集团,12.3905796,12.2417736,12.4005,10.91244,28639366,344735460.0,5.2656,8.6268,543895586.0,6658246625.85133,2026-07-14
2020-02-04,sh.600129,太极集团,12.2417736,12.1326492,12.5393856,11.6961516,18800047,228308219.0,3.4566,-0.8914,543888416.0,6598807355.271667,2026-07-14
2020-02-05,sh.600129,太极集团,12.3905796,12.995724,13.293336,12.0830472,22828523,288805384.0,4.1973,7.1137,543885903.0,7068191082.878772,2026-07-14
2020-02-06,sh.600129,太极集团,13.3627788,13.4818236,14.1564108,13.0254852,26419233,363186813.0,4.8574,3.7405,543896591.0,7332717896.503347,2026-07-14
2020-02-07,sh.600129,太极集团,13.491744,13.0651668,14.037366,12.89652,20783626,280124414.0,3.8213,-3.0905,543888886.0,7105999016.256185,2026-07-14
2020-02-10,sh.600129,太极集团,13.3627788,13.5810276,13.7695152,12.4005,19937265,260819389.0,3.6657,3.9484,543886979.0,7386544073.07962,2026-07-14
2020-02-11,sh.600129,太极集团,13.1147688,13.0552464,13.3826196,12.89652,10198762,134826353.0,1.8751,-3.8714,543904965.0,7100813336.258376,2026-07-14
2020-02-12,sh.600129,太极集团,12.9758832,12.9262812,13.2238932,12.7873956,7407620,96898645.0,1.362,-0.9878,543878120.0,7030321517.647344,2026-07-14
2020-02-13,sh.600129,太极集团,13.0552464,12.6088284,13.0552464,12.5195448,7138029,91773330.0,1.3124,-2.4559,543891268.0,6857831666.470411,2026-07-14
2020-02-14,sh.600129,太极集团,12.6088284,12.4600224,12.6881916,12.4104204,6249725,78951478.0,1.1491,-1.1802,543879993.0,6776756895.691843,2026-07-14
2020-02-17,sh.600129,太极集团,12.4104204,12.549306,12.6187488,12.4104204,6958538,87877049.0,1.2794,0.7166,543890730.0,6825451201.33338,2026-07-14
2020-02-18,sh.600129,太极集团,12.5790672,12.8072364,12.9659628,12.5790672,7927489,102195944.0,1.4576,2.0553,543872736.0,6965506701.466791,2026-07-14
2020-02-19,sh.600129,太极集团,12.5889876,12.350898,12.7377936,12.3310572,7449049,93718752.0,1.3696,-3.5631,543885003.0,6717468195.782695,2026-07-14
2020-02-20,sh.600129,太极集团,12.3409776,12.2318532,12.450102,11.9640024,6757121,83053712.0,1.2424,-0.9639,543876449.0,6652616883.105287,2026-07-14
2020-02-21,sh.600129,太极集团,12.301296,12.3409776,12.4104204,12.2120124,5371586,66635160.0,0.9876,0.8921,543902997.0,6712294702.549868,2026-07-14
2020-02-24,sh.600129,太极集团,12.2913756,12.4897836,12.6782712,12.2913756,6205170,78176709.0,1.1409,1.2058,543883776.0,6792990665.7908745,2026-07-14
2020-02-25,sh.600129,太极集团,12.3608184,12.698112,12.7377936,12.202092,9801944,123941918.0,1.8022,1.668,543887693.0,6906346841.135616,2026-07-14
2020-02-26,sh.600129,太极集团,12.698112,12.2616144,12.698112,12.2616144,6328676,79577312.0,1.1636,-3.4375,543887590.0,6668939905.525295,2026-07-14
2020-02-27,sh.600129,太极集团,12.301296,12.3310572,12.499704,12.2120124,3511537,43563096.0,0.6456,0.5663,543918371.0,6707088544.931821,2026-07-14
2020-02-28,sh.600129,太极集团,12.102888,11.8945596,12.4401816,11.8945596,5695859,69457542.0,1.0472,-3.5398,543913197.0,6469607938.943041,2026-07-14
2020-03-02,sh.600129,太极集团,12.1921716,12.2814552,12.4897836,12.1921716,4463477,55372363.0,0.8207,3.2527,543862191.0,6679419133.740343,2026-07-14
2020-03-03,sh.600129,太极集团,12.3310572,12.4104204,12.6187488,12.2120124,6036186,75723181.0,1.1098,1.0501,543898540.0,6750009536.346216,2026-07-14
2020-03-04,sh.600129,太极集团,12.3112164,12.3608184,12.4699428,12.2318532,5240320,65214290.0,0.9635,-0.3997,543883757.0,6722848350.986729,2026-07-14
2020-03-05,sh.600129,太极集团,12.450102,12.5592264,12.5889876,12.3409776,7448109,93412181.0,1.3694,1.6051,543895794.0,6830910414.853762,2026-07-14
2020-03-06,sh.600129,太极集团,12.4104204,12.6782712,12.9262812,12.4104204,7714941,99003298.0,1.4185,0.9479,543880226.0,6895461005.545291,2026-07-14
2020-03-09,sh.600129,太极集团,12.64851,12.946122,13.094928,12.5691468,11043821,143589209.0,2.0305,2.1127,543896626.0,7041352075.5843725,2026-07-14
2020-03-10,sh.600129,太极集团,12.6881916,12.6782712,12.8766792,12.0830472,8358924,105256959.0,1.5369,-2.069,543882100.0,6895484764.62552,2026-07-14
2020-03-11,sh.600129,太极集团,12.7278732,12.4302612,12.747714,12.4302612,4742856,60010507.0,0.872,-1.9562,543905505.0,6760887495.267906,2026-07-14
2020-03-12,sh.600129,太极集团,12.4401816,12.1723308,12.450102,12.102888,4545118,56034780.0,0.8357,-2.075,543869570.0,6620160318.093756,2026-07-14
2020-03-13,sh.600129,太极集团,11.606868,12.1326492,12.15249,11.4382212,4773656,56995530.0,0.8777,-0.326,543882420.0,6598734607.9070635,2026-07-14
2020-03-16,sh.600129,太极集团,12.3310572,12.2219328,12.6683508,12.0632064,6939036,86857345.0,1.2758,0.7359,543896849.0,6647470738.609747,2026-07-14
2020-03-17,sh.600129,太极集团,12.202092,11.8449576,12.3707388,11.557266,5677981,67577512.0,1.044,-3.0844,543867912.0,6442092357.640532,2026-07-14
2020-03-18,sh.600129,太极集团,11.9739228,11.7457536,12.003684,11.706072,3052294,36572614.0,0.5612,-0.8375,543887028.0,6388363017.124301,2026-07-14
2020-03-19,sh.600129,太极集团,11.7953556,11.6862312,11.8647984,11.507664,3755016,44279662.0,0.6904,-0.5068,543889919.0,6356023340.783273,2026-07-14
2020-03-20,sh.600129,太极集团,11.7953556,11.7457536,11.954082,11.557266,4796202,56547571.0,0.8818,0.5093,543910411.0,6388637668.0807295,2026-07-14
2020-03-23,sh.600129,太极集团,11.5969476,11.16045,11.5969476,11.1009276,4079415,46421847.0,0.75,-4.9831,543922000.0,6070414284.900001,2026-07-14
2020-03-24,sh.600129,太极集团,11.2794948,11.0910072,11.3191764,10.8727584,3702901,41416276.0,0.6808,-0.6222,543904377.0,6032447361.418514,2026-07-14
2020-03-25,sh.600129,太极集团,11.2497336,11.2794948,11.358858,11.110848,3679632,41714476.0,0.6765,1.6995,543921951.0,6135164817.910355,2026-07-14
2020-03-26,sh.600129,太极集团,11.2794948,11.557266,11.6267088,11.2199724,4966049,57596464.0,0.9131,2.4626,543866937.0,6285614859.514242,2026-07-14
2020-03-27,sh.600129,太极集团,11.5870272,11.4679824,11.7854352,11.3985396,3279956,38189114.0,0.6031,-0.7725,543849445.0,6236855863.5097685,2026-07-14
2020-03-30,sh.600129,太极集团,11.309256,11.2199724,11.5771068,11.1802908,2732300,31158750.0,0.5024,-2.1626,543849522.0,6101976626.593193,2026-07-14
2020-03-31,sh.600129,太极集团,11.210052,11.1902112,11.3687784,11.1902112,1858350,21076955.0,0.3417,-0.2653,543854258.0,6085844009.039289,2026-07-14
2020-04-01,sh.600129,太极集团,11.1207684,11.0314848,11.259654,10.91244,1927086,21594911.0,0.3543,-1.4184,543913633.0,6000174974.952278,2026-07-14
2020-04-02,sh.600129,太极集团,11.1802908,11.1009276,11.1802908,10.9322808,2083316,23166077.0,0.383,0.6295,543946736.0,6038313334.592314,2026-07-14
2020-04-03,sh.600129,太极集团,11.1009276,11.011644,11.1902112,11.0017236,2055647,22969361.0,0.378,-0.8043,543821958.0,5988373800.878952,2026-07-14
2020-04-07,sh.600129,太极集团,11.3290968,11.4283008,11.606868,11.3290968,4774040,55129999.0,0.8778,3.7838,543864206.0,6215443740.521165,2026-07-14
2020-04-08,sh.600129,太极集团,11.4283008,12.0334452,12.4005,11.3786988,7735356,93582007.0,1.4222,5.2951,543900717.0,6544999472.260208,2026-07-14
2020-04-09,sh.600129,太极集团,12.0235248,12.0830472,12.202092,11.8945596,5222640,63462716.0,0.9602,0.4122,543911685.0,6572110562.486531,2026-07-14
2020-04-10,sh.600129,太极集团,12.0830472,12.4203408,12.6584304,12.0731268,10328064,129453002.0,1.8989,2.7915,543897204.0,6755388633.847123,2026-07-14
2020-04-13,sh.600129,太极集团,12.3409776,12.6881916,13.0651668,12.3112164,10291099,132364797.0,1.8921,2.1565,543898261.0,6901085346.474808,2026-07-14
2020-04-14,sh.600129,太极集团,12.6088284,12.9758832,13.14453,12.3211368,9435140,122304512.0,1.7347,2.2674,543906151.0,7057662687.137564,2026-07-14
2020-04-15,sh.600129,太极集团,12.9758832,13.0254852,13.3826196,12.9064404,10234440,135541110.0,1.8817,0.3823,543893288.0,7084473973.223338,2026-07-14
2020-04-16,sh.600129,太极集团,13.0155648,12.946122,13.1643708,12.797316,8188180,106975576.0,1.5055,-0.6093,543884424.0,7041194107.003729,2026-07-14
2020-04-17,sh.600129,太极集团,13.0850076,12.7873956,13.1346096,12.6782712,7639693,99141717.0,1.4046,-1.2261,543905240.0,6955131472.792944,2026-07-14
2020-04-20,sh.600129,太极集团,12.846918,13.194132,13.4719032,12.7774752,9046995,120704662.0,1.6634,3.1808,543885716.0,7176099929.818512,2026-07-14
2020-04-21,sh.600129,太极集团,13.39254,13.14453,13.39254,13.0552464,5238970,69624839.0,0.9632,-0.3759,543912998.0,7149480719.60094,2026-07-14
2020-04-22,sh.600129,太极集团,13.1742912,13.3131768,13.3726992,12.89652,4753251,63209338.0,0.8739,1.283,543912461.0,7241202757.016106,2026-07-14
2020-04-23,sh.600129,太极集团,13.342938,13.14453,13.590948,13.0651668,4668237,62529693.0,0.8583,-1.2668,543893394.0,7149223034.234819,2026-07-14
2020-04-24,sh.600129,太极集团,13.0750872,12.8865996,13.194132,12.7377936,4569242,59575118.0,0.8401,-1.9623,543892632.0,7008926573.974148,2026-07-14
2020-04-27,sh.600129,太极集团,12.9362016,12.9262812,13.1842116,12.3112164,3706538,48255494.0,0.6815,0.3079,543879384.0,7030337856.466781,2026-07-14
2020-04-28,sh.600129,太极集团,12.3608184,12.5096244,12.8568384,12.202092,7815804,98450549.0,1.437,-3.2233,543897286.0,6803950760.039378,2026-07-14
2020-04-29,sh.600129,太极集团,12.5691468,12.202092,12.64851,12.202092,3643298,45500645.0,0.6699,-2.4584,543856994.0,6636193075.631448,2026-07-14
2020-04-30,sh.600129,太极集团,12.2616144,12.2417736,12.3608184,12.202092,3242644,40135247.0,0.5962,0.3252,543885273.0,6658120376.440193,2026-07-14
2020-05-06,sh.600129,太极集团,12.2417736,12.4203408,12.450102,12.1326492,2385476,29706196.0,0.4386,1.4587,543884177.0,6755226834.067522,2026-07-14
2020-05-07,sh.600129,太极集团,12.4302612,12.2715348,12.5294652,12.2318532,3173900,39407968.0,0.5836,-1.1981,543848526.0,6673856112.737704,2026-07-14
2020-05-08,sh.600129,太极集团,12.301296,12.8568384,12.9858036,12.301296,5834239,74189207.0,1.0727,4.7696,543883565.0,6992623103.620895,2026-07-14
2020-05-11,sh.600129,太极集团,12.946122,12.6088284,13.194132,12.5294652,4742590,60811067.0,0.872,-1.929,543875000.0,6857626546.05,2026-07-14
2020-05-12,sh.600129,太极集团,12.5294652,12.6286692,12.8369976,12.499704,2946300,37567115.0,0.5417,0.1574,543898837.0,6868718490.73772,2026-07-14
2020-05-13,sh.600129,太极集团,12.5691468,12.4600224,12.6683508,12.4104204,2861164,36103602.0,0.5261,-1.3354,543844136.0,6776310116.668646,2026-07-14
2020-05-14,sh.600129,太极集团,12.4005,12.2814552,12.499704,12.2120124,2893408,36038595.0,0.532,-1.4331,543873684.0,6679560284.504957,2026-07-14
2020-05-15,sh.600129,太极集团,12.301296,12.2616144,12.3905796,12.1326492,3132090,38635010.0,0.5759,-0.1616,543860045.0,6668602159.3566475,2026-07-14
2020-05-18,sh.600129,太极集团,12.2616144,12.2715348,12.5195448,12.202092,3459430,42945534.0,0.6361,0.0809,543850024.0,6673874495.496835,2026-07-14
2020-05-19,sh.600129,太极集团,12.2814552,12.2715348,12.4005,12.2318532,2281873,28256487.0,0.4195,0.0,543950656.0,6675109404.586828,2026-07-14
2020-05-20,sh.600129,太极集团,12.2715348,11.9937636,12.2715348,11.8449576,3511811,42542972.0,0.6457,-2.2635,543876568.0,6523126984.171325,2026-07-14
2020-05-21,sh.600129,太极集团,11.9937636,11.954082,12.1921716,11.90448,2061310,24964081.0,0.379,-0.3309,543881266.0,6501601252.027812,2026-07-14
2020-05-22,sh.600129,太极集团,11.9640024,11.6961516,12.003684,11.557266,2411778,28537970.0,0.4434,-2.1577,543928281.0,6361867634.1034,2026-07-14
2020-05-25,sh.600129,太极集团,11.6366292,11.6366292,11.7755148,11.5175844,1771824,20751174.0,0.3258,-0.5089,543837937.0,6328440417.76196,2026-07-14
2020-05-26,sh.600129,太极集团,11.6465496,12.053286,12.102888,11.5870272,2104524,25251575.0,0.3869,3.5806,543945205.0,6556327124.19363,2026-07-14
2020-05-27,sh.600129,太极集团,12.102888,11.9243208,12.1425696,11.90448,1176342,14198417.0,0.2163,-1.07,543847434.0,6485011269.272827,2026-07-14
2020-05-28,sh.600129,太极集团,11.9243208,11.8945596,12.0632064,11.706072,1339739,15979525.0,0.2463,-0.2496,543946001.0,6469998128.0761595,2026-07-14
2020-05-29,sh.600129,太极集团,11.8151964,11.9838432,12.1624104,11.7655944,1638430,19844452.0,0.3012,0.7506,543967463.0,6518820782.493802,2026-07-14
2020-06-01,sh.600129,太极集团,11.9838432,12.4302612,12.4302612,11.9838432,2924903,36208839.0,0.5378,3.7252,543864448.0,6760377146.033818,2026-07-14
2020-06-02,sh.600129,太极集团,12.3608184,12.5393856,12.64851,12.2814552,4077800,51377339.0,0.7497,0.8779,543924236.0,6820475732.389401,2026-07-14
2020-06-03,sh.600129,太极集团,12.6286692,12.9659628,13.2040524,12.4203408,7847152,101794576.0,1.4428,3.4019,543883560.0,7051974006.491568,2026-07-14
2020-06-04,sh.600129,太极集团,12.9858036,13.1246892,13.39254,12.8072364,6055320,79619602.0,1.1133,1.2242,543907303.0,7138614305.485228,2026-07-14
2020-06-05,sh.600129,太极集团,13.1048484,13.0750872,13.1147688,12.8369976,3208364,41918338.0,0.5899,-0.3779,543882692.0,7111313624.470742,2026-07-14
2020-06-08,sh.600129,太极集团,13.094928,12.846918,13.194132,12.846918,3204817,41915509.0,0.5892,-1.7451,543926850.0,6987783639.9483,2026-07-14
2020-06-09,sh.600129,太极集团,12.89652,14.13657,14.13657,12.797316,19707749,274191519.0,3.6235,10.0386,543887098.0,7688698032.973861,2026-07-14
2020-06-10,sh.600129,太极集团,14.086968,14.13657,14.5730676,13.938162,13076603,187338891.0,2.4043,0.0,543884000.0,7688654237.88,2026-07-14
2020-06-11,sh.600129,太极集团,14.186172,13.8587988,14.3647392,13.7695152,7400777,104399995.0,1.3607,-1.9649,543894834.0,7537729072.7654,2026-07-14
2020-06-12,sh.600129,太极集团,13.6008684,13.838958,14.2556148,13.5314256,8524350,119168269.0,1.5673,-0.1432,543887577.0,7526837334.824766,2026-07-14
2020-06-15,sh.600129,太极集团,13.8587988,13.7992764,14.186172,13.6306296,5316319,74040527.0,0.9775,-0.2867,543868951.0,7504997980.2270565,2026-07-14
2020-06-16,sh.600129,太极集团,13.8687192,13.8191172,13.88856,13.590948,5806477,80228493.0,1.0676,0.1438,543881323.0,7515959745.428056,2026-07-14
2020-06-17,sh.600129,太极集团,13.7992764,13.690152,14.186172,13.5215052,11173342,156191342.0,2.0543,-0.9332,543900209.0,7446076534.041768,2026-07-14
2020-06-18,sh.600129,太极集团,13.64055,13.2734952,13.6703112,13.0750872,9163993,122731078.0,1.6849,-3.0435,543889430.0,7219313738.435736,2026-07-14
2020-06-19,sh.600129,太极集团,13.243734,13.3032564,13.442142,13.0651668,4646514,62031638.0,0.8543,0.2242,543897226.0,7235604252.726747,2026-07-14
2020-06-22,sh.600129,太极集团,13.4719032,13.4818236,13.5611868,13.2635748,5540485,75163464.0,1.0187,1.3423,543877982.0,7332467013.247975,2026-07-14
2020-06-23,sh.600129,太极集团,13.39254,14.781396,14.830998,13.3032564,21826433,321563125.0,4.013,9.6394,543893172.0,8039500357.028112,2026-07-14
2020-06-24,sh.600129,太极集团,14.4143412,13.9480824,14.5433064,13.8488784,15024195,214829310.0,2.7624,-5.6376,543881950.0,7586110254.47268,2026-07-14
2020-06-29,sh.600129,太极集团,14.0274456,13.5512664,14.3151372,13.541346,8096650,113007361.0,1.4887,-2.845,543873850.0,7370179429.343639,2026-07-14
2020-06-30,sh.600129,太极集团,13.6306296,14.0274456,14.0671272,13.5711072,7470919,104077868.0,1.3736,3.5139,543893346.0,7629434323.216978,2026-07-14
2020-07-01,sh.600129,太极集团,14.5929084,15.178212,15.426222,14.533386,32906488,508400963.0,6.0502,8.2037,543890913.0,8255291582.387556,2026-07-14
2020-07-02,sh.600129,太极集团,15.277416,15.5651076,16.517466,14.8806,30143357,476328071.0,5.5422,2.549,543887933.0,8465674199.48659,2026-07-14
2020-07-03,sh.600129,太极集团,16.2595356,17.1226104,17.1226104,16.2595356,21229243,363373862.0,3.9032,10.0064,543893293.0,9312872955.212048,2026-07-14
2020-07-06,sh.600129,太极集团,18.0848892,17.7773568,18.1940136,17.063088,32372786,577191055.0,5.9521,3.8239,543888476.0,9668899497.260237,2026-07-14
2020-07-07,sh.600129,太极集团,17.7178344,17.2416552,17.7376752,16.8746004,26063151,453907850.0,4.792,-3.0134,543888794.0,9377543053.291828,2026-07-14
2020-07-08,sh.600129,太极集团,17.2912572,17.1722124,17.60871,16.7059536,15981973,274180175.0,2.9385,-0.4028,543882015.0,9339657482.119986,2026-07-14
2020-07-09,sh.600129,太极集团,17.1424512,17.4202224,17.6781528,16.9738044,15453058,270539031.0,2.8412,1.4443,543891947.0,9474718678.309013,2026-07-14
2020-07-10,sh.600129,太极集团,17.459904,17.261496,17.9856852,17.0333268,11799592,208100493.0,2.1695,-0.9112,543885319.0,9388274258.377224,2026-07-14
2020-07-13,sh.600129,太极集团,17.410302,17.8864812,18.10473,17.261496,13920149,249675721.0,2.5594,3.6207,543883293.0,9728158295.23859,2026-07-14
2020-07-14,sh.600129,太极集团,17.8864812,17.11269,18.005526,16.86468,14578751,254868424.0,2.6805,-4.3261,543881776.0,9307280229.33744,2026-07-14
2020-07-15,sh.600129,太极集团,17.0730084,16.963884,17.757516,16.8746004,12717876,220781600.0,2.3383,-0.8696,543894111.0,9226556607.287125,2026-07-14
2020-07-16,sh.600129,太极集团,17.0432472,15.674232,17.11269,15.6444708,12568283,206401226.0,2.3108,-7.6023,543893154.0,8525107479.007728,2026-07-14
2020-07-17,sh.600129,太极集团,15.6444708,15.3964608,15.9916848,15.277416,8783030,137897066.0,1.6149,-1.7722,543874543.0,8373743081.417415,2026-07-14
2020-07-20,sh.600129,太极集团,15.4460628,15.7833564,15.9321624,14.9103612,11523302,179776690.0,2.1187,2.5129,543885496.0,8584338624.158774,2026-07-14
2020-07-21,sh.600129,太极集团,16.071048,15.8031972,16.1008092,15.426222,6138700,97295098.75,1.1287,0.1257,543873483.0,8594939903.699848,2026-07-14
2020-07-22,sh.600129,太极集团,15.8825604,15.971844,16.3091376,15.6841524,7156911,115981265.45,1.3159,1.0672,543879550.0,8686759327.3902,2026-07-14
2020-07-23,sh.600129,太极集团,15.9024012,16.2297744,16.418262,15.7436748,8543201,139171866.62,1.5708,1.6149,543875796.0,8826981470.700422,2026-07-14
2020-07-24,sh.600129,太极集团,16.269456,15.277416,16.5273864,15.1484508,10080969,159442951.21,1.8535,-5.868,543888265.0,8309207281.923241,2026-07-14
2020-07-27,sh.600129,太极集团,15.37662,16.1305704,16.36866,15.079008,10952704,174916361.97,2.0138,5.5844,543882411.0,8773133519.957233,2026-07-14
2020-07-28,sh.600129,太极集团,16.3388988,17.0730084,17.0928492,15.922242,11291517,188315100.06,2.0761,5.8426,543881171.0,9285687801.084835,2026-07-14
2020-07-29,sh.600129,太极集团,16.815078,17.3607,17.509506,16.765476,10889121,189360991.8,2.0021,1.6851,543884971.0,9442223816.039701,2026-07-14
2020-07-30,sh.600129,太极集团,17.410302,17.1920532,17.5690284,17.063088,7868647,136937663.47,1.4467,-0.9714,543903159.0,9350812045.17606,2026-07-14
2020-07-31,sh.600129,太极集团,17.162292,17.311098,17.3607,16.8448392,6261241,108087242.25,1.1512,0.6924,543888204.0,9415302000.487993,2026-07-14
2020-08-03,sh.600129,太极集团,17.3607,17.1424512,17.509506,16.9242024,9487766,164219333.92,1.7444,-0.9742,543898532.0,9323754042.561638,2026-07-14
2020-08-04,sh.600129,太极集团,17.0928492,16.9837248,17.3805408,16.7753964,5936116,101920830.21,1.0914,-0.9259,543899212.0,9237434535.544859,2026-07-14
2020-08-05,sh.600129,太极集团,17.1424512,17.0333268,17.3408592,16.418262,9549832,162579145.99,1.7558,0.2921,543902039.0,9264461177.473347,2026-07-14
2020-08-06,sh.600129,太极集团,17.0333268,16.7456352,17.0928492,16.467864,6925144,116650127.24,1.2733,-1.689,543873714.0,9107510809.513132,2026-07-14
2020-08-07,sh.600129,太极集团,16.8249984,16.6265904,17.0432472,16.0412868,6293060,104462797.15,1.157,-0.7109,543911841.0,9043399394.016928,2026-07-14
2020-08-10,sh.600129,太极集团,16.666272,16.7555556,16.9440432,16.4480232,5314994,89636648.71,0.9772,0.7757,543900327.0,9113352169.906681,2026-07-14
2020-08-11,sh.600129,太极集团,16.9043616,16.4381028,16.9341228,16.3488192,5421828,91059620.56,0.9969,-1.8946,543868793.0,8940171129.04592,2026-07-14
2020-08-12,sh.600129,太极集团,16.4281824,16.1107296,16.4976252,15.6444708,6346047,102302237.05,1.1668,-1.9916,543884727.0,8762379770.266819,2026-07-14
2020-08-13,sh.600129,太极集团,16.170252,16.2099336,16.4777844,16.071048,3880219,63626647.86,0.7134,0.6158,543905102.0,8816665588.121227,2026-07-14
2020-08-14,sh.600129,太极集团,16.2297744,16.319058,16.3785804,15.87264,3206210,52222043.9,0.5895,0.6732,543886344.0,8875712793.143951,2026-07-14
2020-08-17,sh.600129,太极集团,16.3587396,16.7952372,16.8249984,15.971844,4945231,82690518.55,0.9092,2.9179,543910141.0,9135099833.580444,2026-07-14
2020-08-18,sh.600129,太极集团,16.5968292,17.063088,17.1325308,16.4381028,6189886,105468594.95,1.1381,1.5948,543878921.0,9280253890.368048,2026-07-14
2020-08-19,sh.600129,太极集团,17.1920532,16.5075456,17.1920532,16.3091376,5590525,93797886.97,1.0279,-3.2558,543878296.0,8978095772.070297,2026-07-14
2020-08-20,sh.600129,太极集团,16.5075456,16.517466,16.8249984,16.1008092,4059036,67593733.99,0.7463,0.0601,543887981.0,8983651233.976145,2026-07-14
2020-08-21,sh.600129,太极集团,16.5075456,16.1504112,16.6464312,16.0809684,4680368,76937301.57,0.8605,-2.2222,543912609.0,8784412292.21482,2026-07-14
2020-08-24,sh.600129,太极集团,16.4976252,16.2496152,16.4976252,15.723834,4692608,75700964.25,0.8628,0.6143,543881317.0,8837862115.71922,2026-07-14
2020-08-25,sh.600129,太极集团,16.2000132,16.86468,17.410302,16.1504112,8920270,153032564.63,1.6401,3.7851,543885739.0,9172458944.79852,2026-07-14
2020-08-26,sh.600129,太极集团,16.5869088,17.013486,17.2416552,16.5769884,7491173,127798786.97,1.3773,0.8824,543902781.0,9253682349.904566,2026-07-14
2020-08-27,sh.600129,太极集团,16.8845208,17.1722124,17.2317348,16.7555556,4984014,85413577.65,0.9164,0.9329,543868835.0,9339431152.360554,2026-07-14
2020-08-28,sh.600129,太极集团,17.1722124,17.85672,18.1245708,17.1027696,13980194,250228966.08,2.5704,3.9861,543891768.0,9712123011.480959,2026-07-14
2020-08-31,sh.600129,太极集团,17.8964016,17.410302,18.3130584,17.311098,10001707,180200913.3,1.8389,-2.5,543896188.0,9469396889.728777,2026-07-14
2020-09-01,sh.600129,太极集团,17.5293468,17.211894,17.6979936,16.8845208,6308862,109518640.57,1.1599,-1.1396,543914303.0,9361795328.319883,2026-07-14
2020-09-02,sh.600129,太极集团,17.509506,17.8467996,18.005526,17.1722124,6867098,122168908.43,1.2626,3.6888,543885474.0,9706615059.82901,2026-07-14
2020-09-03,sh.600129,太极集团,18.005526,17.757516,18.005526,17.6186304,5478519,98382742.01,1.0073,-0.5003,543881565.0,9657985592.592539,2026-07-14
2020-09-04,sh.600129,太极集团,17.60871,17.5392672,17.60871,17.1226104,4533657,79143060.75,0.8336,-1.2291,543864803.0,9538990100.492363,2026-07-14
2020-09-07,sh.600129,太极集团,17.459904,17.3904612,18.1840932,17.2714164,7134062,127564623.92,1.3117,-0.8484,543879088.0,9458308177.355387,2026-07-14
2020-09-08,sh.600129,太极集团,17.6186304,16.815078,17.6186304,16.765476,5953921,102502163.12,1.0947,-3.3086,543886088.0,9145486992.834864,2026-07-14
2020-09-09,sh.600129,太极集团,16.7456352,16.12065,16.7456352,16.1107296,6049090,99630560.73,1.1122,-4.1298,543885093.0,8767781224.470451,2026-07-14
2020-09-10,sh.600129,太极集团,16.2595356,16.3587396,17.0432472,16.2000132,5838710,97600859.35,1.0735,1.4769,543894737.0,8897432372.393486,2026-07-14
2020-09-11,sh.600129,太极集团,16.3587396,16.9043616,17.0333268,16.170252,4713100,79602266.0,0.8666,3.3354,543861066.0,9193624119.825466,2026-07-14
2020-09-14,sh.600129,太极集团,16.9539636,16.9043616,17.211894,16.765476,3149469,53649982.76,0.5791,0.0,543855811.0,9193535287.405258,2026-07-14
2020-09-15,sh.600129,太极集团,16.8944412,17.2218144,17.311098,16.666272,3509891,59723236.84,0.6453,1.8779,543916163.0,9367223208.346148,2026-07-14
2020-09-16,sh.600129,太极集团,17.1226104,16.86468,17.509506,16.765476,4388355,75675089.78,0.8068,-2.0737,543921046.0,9173054386.05528,2026-07-14
2020-09-17,sh.600129,太极集团,16.7952372,16.5571476,16.8547596,16.1900928,6775604,111950333.95,1.2458,-1.8235,543875742.0,9005030936.35352,2026-07-14
2020-09-18,sh.600129,太极集团,16.5869088,16.9440432,16.963884,16.3785804,3132714,52867158.95,0.576,2.3367,543873958.0,9215423839.706985,2026-07-14
2020-09-21,sh.600129,太极集团,17.0531676,16.9936452,17.5293468,15.8329584,6136600,106053168.0,1.1283,0.2927,543880174.0,9242506708.270264,2026-07-14
2020-09-22,sh.600129,太极集团,16.9539636,16.7456352,17.0035656,16.567068,2857548,48218214.72,0.5254,-1.4594,543880472.0,9107623976.515814,2026-07-14
2020-09-23,sh.600129,太极集团,16.8845208,17.2218144,17.2218144,16.5075456,4694266,79995200.03,0.8631,2.8436,543884370.0,9366675675.200928,2026-07-14
2020-09-24,sh.600129,太极集团,17.0531676,17.3507796,17.807118,16.9539636,8050905,140940653.49,1.4802,0.7488,543906567.0,9437202967.009632,2026-07-14
2020-09-25,sh.600129,太极集团,17.3309388,17.4797448,18.005526,17.2714164,9355635,166767926.47,1.7201,0.7433,543900645.0,9507244471.155396,2026-07-14
2020-09-28,sh.600129,太极集团,17.4896652,17.5491876,17.8269588,17.3805408,5259926,93473789.66,0.9671,0.3973,543886465.0,9544765607.385834,2026-07-14
2020-09-29,sh.600129,太极集团,17.7971976,15.7932768,18.0253668,15.7932768,13245500,216940760.06,2.4353,-10.0057,543896029.0,8589900536.417827,2026-07-14
2020-09-30,sh.600129,太极集团,15.9123216,15.4460628,15.9123216,14.781396,13496773,205466127.85,2.4815,-2.1985,543895749.0,8401047895.707037,2026-07-14
2020-10-09,sh.600129,太极集团,15.87264,16.4777844,16.9936452,15.773436,13863085,232392307.58,2.5489,6.6795,543885009.0,8962019916.69406,2026-07-14
2020-10-12,sh.600129,太极集团,16.467864,16.1107296,16.4777844,15.9916848,12302923,199911215.14,2.262,-2.2276,543895800.0,8762558164.375679,2026-07-14
2020-10-13,sh.600129,太极集团,16.1404908,15.8131176,16.1404908,15.4857444,8465404,134238766.15,1.5565,-1.8473,543874333.0,8600348787.350561,2026-07-14
2020-10-14,sh.600129,太极集团,15.723834,15.6047892,15.8527992,15.5055852,5638250,88708349.31,1.0367,-1.3174,543865149.0,8486901003.371592,2026-07-14
2020-10-15,sh.600129,太极集团,15.723834,15.6940728,15.8527992,15.4361424,3373087,53175185.92,0.6202,0.5722,543870848.0,8535548682.309734,2026-07-14
2020-10-16,sh.600129,太极集团,15.6940728,15.8924808,15.9817644,15.525426,3624691,57660279.15,0.6664,1.2642,543921218.0,8644257513.777615,2026-07-14
2020-10-19,sh.600129,太极集团,16.418262,15.4659036,16.5472272,15.4659036,7478963,118393506.02,1.3751,-2.6841,543885027.0,8411673397.065397,2026-07-14
2020-10-20,sh.600129,太极集团,15.674232,16.418262,16.765476,15.12861,14305314,231735967.37,2.6302,6.1578,543886929.0,8929678098.697397,2026-07-14
2020-10-21,sh.600129,太极集团,16.4579436,15.971844,16.467864,15.9420828,4541400,73761416.16,0.835,-2.719,543880240.0,8686770347.96256,2026-07-14
2020-10-22,sh.600129,太极集团,15.7337544,15.5452668,15.87264,15.37662,4279426,67155982.42,0.7868,-2.6708,543902644.0,8455111714.20542,2026-07-14
2020-10-23,sh.600129,太极集团,15.5055852,15.3468588,15.5452668,15.178212,4022942,62207778.76,0.7397,-1.2763,543861295.0,8346562501.150146,2026-07-14
2020-10-26,sh.600129,太极集团,15.2476548,15.3170976,15.4361424,14.682192,3647253,55521058.36,0.6706,-0.1939,543879064.0,8330648705.884646,2026-07-14
2020-10-27,sh.600129,太极集团,15.575028,15.3865404,16.0115256,15.0889284,6068828,95313175.76,1.1158,0.4534,543899265.0,8368728014.4528055,2026-07-14
2020-10-28,sh.600129,太极集团,15.674232,14.7020328,15.7635156,14.13657,12165836,180499022.06,2.2368,-4.4487,543894671.0,7996357292.787209,2026-07-14
2020-10-29,sh.600129,太极集团,14.5730676,14.4540228,14.7516348,14.285376,4100874,60177570.28,0.754,-1.6869,543882493.0,7861289954.342841,2026-07-14
2020-10-30,sh.600129,太极集团,14.3746596,14.1663312,14.63259,14.1663312,3438100,49668512.0,0.6321,-1.9904,543917102.0,7705309812.276182,2026-07-14
2020-11-02,sh.600129,太极集团,14.285376,13.4520624,14.3151372,13.293336,7493213,103061295.74,1.3777,-5.042,543892938.0,7316481740.895331,2026-07-14
2020-11-03,sh.600129,太极集团,13.5711072,13.8984804,13.938162,13.442142,4043520,55897150.6,0.7434,3.3186,543922518.0,7559696455.541647,2026-07-14
2020-11-04,sh.600129,太极集团,13.8984804,13.6603908,13.987764,13.5512664,2648800,36625327.62,0.487,-1.7131,543901437.0,7429906186.10158,2026-07-14
2020-11-05,sh.600129,太极集团,13.6603908,13.8091968,13.8488784,13.6603908,2350764,32627267.42,0.4322,1.0893,543906525.0,7510912244.52912,2026-07-14
2020-11-06,sh.600129,太极集团,13.8191172,13.5115848,13.8488784,13.491744,3558271,48581189.07,0.6542,-2.1552,543911801.0,7349110422.932224,2026-07-14
2020-11-09,sh.600129,太极集团,13.5711072,13.7695152,13.8587988,13.5512664,3592864,49708478.46,0.6606,1.909,543878898.0,7488948752.97025,2026-07-14
2020-11-10,sh.600129,太极集团,13.9084008,14.086968,14.2952964,13.7794356,4904897,69581291.03,0.9018,2.3055,543900754.0,7661912516.773872,2026-07-14
2020-11-11,sh.600129,太极集团,14.1663312,13.789356,14.1663312,13.7794356,2523400,35389510.95,0.464,-2.1127,543836207.0,7499151064.0126915,2026-07-14
2020-11-12,sh.600129,太极集团,13.8091968,13.8984804,14.0572068,13.789356,1788001,25106560.0,0.3287,0.7914,543961363.0,7560236342.012785,2026-07-14
2020-11-13,sh.600129,太极集团,13.8984804,13.9778436,14.1068088,13.7199132,1540084,21527859.59,0.2832,0.571,543814972.0,7601360625.954379,2026-07-14
2020-11-16,sh.600129,太极集团,13.987764,13.987764,14.037366,13.9282416,1486919,20978069.52,0.2734,0.071,543862107.0,7607414801.258748,2026-07-14
2020-11-17,sh.600129,太极集团,13.9976844,14.3052168,14.434182,13.7099928,4235115,60340217.37,0.7787,2.2695,543869911.0,7780176987.851705,2026-07-14
2020-11-18,sh.600129,太极集团,14.483784,14.2952964,14.8111572,14.2952964,4317245,62965469.19,0.7938,-0.0693,543870622.0,7774791744.742361,2026-07-14
2020-11-19,sh.600129,太极集团,14.285376,14.434182,14.63259,14.2258536,2277368,33123541.48,0.4187,0.9715,543914020.0,7850953957.03164,2026-07-14
2020-11-20,sh.600129,太极集团,14.4441024,14.9103612,15.1186896,14.434182,5001963,75039938.14,0.9197,3.299,543868979.0,8109282922.365215,2026-07-14
2020-11-23,sh.600129,太极集团,14.8806,14.8012368,15.0194856,14.731794,3322192,49691684.55,0.6108,-0.7319,543908317.0,8050515797.406466,2026-07-14
2020-11-24,sh.600129,太极集团,14.8111572,14.38458,14.8607592,14.285376,3492600,51047684.0,0.6422,-2.815,543849268.0,7823043303.48744,2026-07-14
2020-11-25,sh.600129,太极集团,14.4738636,14.4937044,14.6226696,14.1663312,2271301,32923613.45,0.4176,0.7586,543893918.0,7883037672.44984,2026-07-14
2020-11-26,sh.600129,太极集团,14.3945004,14.2556148,14.5730676,14.13657,2481130,35616916.7,0.4562,-1.6427,543868917.0,7753185782.445171,2026-07-14
2020-11-27,sh.600129,太极集团,14.2556148,14.285376,14.38458,14.0175252,1576400,22542163.0,0.2898,0.2088,543961353.0,7770692457.073728,2026-07-14
2020-11-30,sh.600129,太极集团,14.1762516,14.2456944,14.3647392,14.1464904,2156101,31053687.4,0.3964,-0.2778,543920535.0,7748525719.494504,2026-07-14
2020-12-01,sh.600129,太极集团,14.2060128,14.4639432,14.6623512,14.2060128,2606200,38062400.0,0.4792,1.532,543864775.0,7866429214.08078,2026-07-14
2020-12-02,sh.600129,太极集团,14.6226696,14.7218736,14.7714756,14.4044208,3764038,55504027.55,0.6921,1.7833,543857535.0,8006601886.677576,2026-07-14
2020-12-03,sh.600129,太极集团,14.582988,14.7119532,14.930202,14.582988,3321689,49533569.94,0.6107,-0.0674,543915016.0,8002052260.169251,2026-07-14
2020-12-04,sh.600129,太极集团,14.7119532,14.582988,14.7615552,14.5234656,1334900,19663449.0,0.2454,-0.8766,543969030.0,7932693836.86164,2026-07-14
2020-12-07,sh.600129,太极集团,14.5929084,14.830998,14.930202,14.3945004,2603220,38509753.6,0.4786,1.7007,543923945.0,8066934940.447109,2026-07-14
2020-12-08,sh.600129,太极集团,14.6722716,14.6226696,14.830998,14.582988,1578998,23427696.14,0.2903,-1.4047,543919394.0,7953553587.494223,2026-07-14
2020-12-09,sh.600129,太极集团,14.6226696,14.434182,14.7714756,14.38458,2000747,29228326.6,0.3679,-1.289,543829030.0,7849727195.90346,2026-07-14
2020-12-10,sh.600129,太极集团,14.533386,14.4441024,14.682192,14.2556148,1454753,21121390.75,0.2675,0.0687,543832897.0,7855178052.756653,2026-07-14
2020-12-11,sh.600129,太极集团,14.5433064,14.3746596,14.582988,14.1068088,2107385,30351632.68,0.3875,-0.4808,543841290.0,7817533420.174884,2026-07-14
2020-12-14,sh.600129,太极集团,14.3746596,13.9679232,14.3746596,13.8786396,3151627,44555179.34,0.5795,-2.8295,543852804.0,7596494198.376653,2026-07-14
2020-12-15,sh.600129,太极集团,14.186172,14.0472864,14.186172,13.88856,1407001,19900729.1,0.2587,0.5682,543873599.0,7639948210.551754,2026-07-14
2020-12-16,sh.600129,太极集团,14.0472864,14.0671272,14.2258536,13.8984804,1128082,15970389.43,0.2074,0.1412,543916104.0,7651337021.096429,2026-07-14
2020-12-17,sh.600129,太极集团,13.9976844,14.086968,14.2159332,13.9976844,1731203,24588355.2,0.3183,0.141,543890355.0,7661766026.3936405,2026-07-14
2020-12-18,sh.600129,太极集团,13.9679232,14.0274456,14.186172,13.9282416,1867404,26403672.59,0.3433,-0.4225,543956889.0,7630325669.192739,2026-07-14
2020-12-21,sh.600129,太极集团,13.9679232,13.9580028,14.0968884,13.9480824,2472163,34911652.71,0.4545,-0.495,543930253.0,7592179994.378708,2026-07-14
2020-12-22,sh.600129,太极集团,13.9282416,13.5810276,14.0076048,13.541346,2840541,39463331.24,0.5223,-2.7008,543852384.0,7386074237.429799,2026-07-14
2020-12-23,sh.600129,太极集团,13.5512664,13.3230972,13.5810276,13.2040524,3085400,41540533.0,0.5673,-1.8992,543874493.0,7246092734.839719,2026-07-14
2020-12-24,sh.600129,太极集团,13.3230972,12.8865996,13.4123808,12.8667588,3424333,44903952.13,0.6296,-3.2762,543890248.0,7008895852.320701,2026-07-14
2020-12-25,sh.600129,太极集团,12.846918,13.7695152,13.8786396,12.846918,5375688,73215682.68,0.9884,6.8514,543877782.0,7488933386.191287,2026-07-14
2020-12-28,sh.600129,太极集团,13.7794356,13.5215052,13.838958,13.4520624,2729638,37394251.24,0.5019,-1.8012,543860928.0,7353818366.028826,2026-07-14
2020-12-29,sh.600129,太极集团,13.5215052,13.2238932,13.6603908,13.2040524,1639032,22156746.77,0.3014,-2.201,543806238.0,7191235612.805781,2026-07-14
2020-12-30,sh.600129,太极集团,13.1544504,13.2238932,13.39254,13.0056444,1589955,21140486.11,0.2923,0.0,543946288.0,7193087619.048441,2026-07-14
2020-12-31,sh.600129,太极集团,13.1742912,13.2238932,13.39254,13.094928,3285154,43642460.13,0.604,0.0,543899669.0,7192471134.37135,2026-07-14
2021-01-04,sh.600129,太极集团,13.1544504,13.0552464,13.2536544,12.9362016,3631954,47748210.67,0.6678,-1.2753,543868524.0,7100337590.024313,2026-07-14
2021-01-05,sh.600129,太极集团,13.1147688,13.1346096,13.442142,13.0056444,3218822,42825755.75,0.5918,0.6079,543903684.0,7143962549.341766,2026-07-14
2021-01-06,sh.600129,太极集团,13.1346096,13.2734952,13.3330176,12.995724,3803766,50525023.52,0.6994,1.0574,543861310.0,7218940487.750711,2026-07-14
2021-01-07,sh.600129,太极集团,13.293336,12.9560424,13.293336,12.8568384,4047148,52802125.4,0.7441,-2.3916,543898401.0,7046770744.648202,2026-07-14
2021-01-08,sh.600129,太极集团,12.89652,12.8568384,12.9560424,12.6088284,3645339,46888898.7,0.6702,-0.7657,543918084.0,6993066908.825625,2026-07-14
2021-01-11,sh.600129,太极集团,12.8568384,12.747714,12.8568384,12.4401816,2743450,34871801.36,0.5044,-0.8488,543903648.0,6933528148.260673,2026-07-14
2021-01-12,sh.600129,太极集团,12.7377936,12.499704,12.747714,12.3905796,2643617,33319935.37,0.4861,-1.9455,543842214.0,6797866697.704656,2026-07-14
2021-01-13,sh.600129,太极集团,12.3112164,12.0632064,12.598908,11.90448,3359286,40956744.33,0.6176,-3.4921,543925842.0,6561489698.339789,2026-07-14
2021-01-14,sh.600129,太极集团,12.0632064,12.5195448,12.7080324,11.805276,3750537,46778523.31,0.6896,3.7829,543871375.0,6809022044.7501,2026-07-14
2021-01-15,sh.600129,太极集团,12.5195448,12.64851,12.7179528,12.2616144,2429456,30522497.5,0.4467,1.0301,543867473.0,6879113170.91523,2026-07-14
2021-01-18,sh.600129,太极集团,12.64851,12.8072364,12.9858036,12.4798632,2478225,31985039.25,0.445,1.2549,556904494.0,7132407506.880382,2026-07-14
2021-01-19,sh.600129,太极集团,12.8171568,13.0750872,13.1346096,12.5889876,3037712,39675275.04,0.5455,2.0914,556867461.0,7281090611.4176,2026-07-14
2021-01-20,sh.600129,太极集团,13.094928,12.9262812,13.243734,12.8865996,2198640,28857507.28,0.3948,-1.1381,556899696.0,7198642070.6905155,2026-07-14
2021-01-21,sh.600129,太极集团,12.9262812,13.4818236,13.590948,12.9262812,4289195,57589064.24,0.7702,4.2978,556893664.0,7507942142.005671,2026-07-14
2021-01-22,sh.600129,太极集团,13.4818236,13.5016644,13.7695152,13.2834156,2306177,31481171.29,0.4141,0.1472,556913064.0,7519253290.103722,2026-07-14
2021-01-25,sh.600129,太极集团,12.9560424,13.194132,13.6703112,12.9362016,2452071,32855246.94,0.4403,-2.2777,556909153.0,7347932876.690196,2026-07-14
2021-01-26,sh.600129,太极集团,13.14453,13.14453,13.1742912,12.9064404,2105914,27657115.41,0.3782,-0.3759,556825489.0,7319209344.92517,2026-07-14
2021-01-27,sh.600129,太极集团,13.14453,14.4639432,14.4639432,12.64851,5540954,76584408.87,0.995,10.0377,556879799.0,8054677781.963416,2026-07-14
2021-01-28,sh.600129,太极集团,14.8806,14.5135452,15.87264,14.4639432,11985524,182495495.87,2.1522,0.3429,556896385.0,8082540855.414102,2026-07-14
2021-01-29,sh.600129,太极集团,14.5135452,14.9004408,15.3567792,13.8587988,7350745,107570219.31,1.32,2.6658,556874621.0,8297677323.232937,2026-07-14
2021-02-01,sh.600129,太极集团,14.8012368,13.8290376,14.8607592,13.7595948,5325658,76367127.81,0.9563,-7.1904,556902436.0,7701424726.975594,2026-07-14
2021-02-02,sh.600129,太极集团,13.9282416,13.7298336,13.9282416,13.3230972,3408777,46450667.57,0.6121,-0.7174,556898709.0,7646126606.624822,2026-07-14
2021-02-03,sh.600129,太极集团,13.5016644,13.5512664,13.7794356,13.4619828,2060984,28322235.13,0.3701,-1.3006,556872197.0,7546323492.300281,2026-07-14
2021-02-04,sh.600129,太极集团,13.6306296,13.1742912,13.6306296,13.14453,2073045,27790374.9,0.3723,-2.7818,556821112.0,7335723475.7958145,2026-07-14
2021-02-05,sh.600129,太极集团,13.194132,12.5790672,13.3131768,12.5592264,3181499,41253203.25,0.5713,-4.5181,556887625.0,7005126857.7234,2026-07-14
2021-02-08,sh.600129,太极集团,12.598908,12.8369976,13.2734952,12.598908,2378849,31080823.68,0.4272,2.0505,556846676.0,7148239443.379977,2026-07-14
2021-02-09,sh.600129,太极集团,12.8568384,13.2834156,13.342938,12.8568384,1884550,24898719.52,0.3384,3.4776,556900118.0,7397535715.08304,2026-07-14
2021-02-10,sh.600129,太极集团,13.88856,14.0671272,14.5631472,13.4223012,5606334,79415036.06,1.0067,5.8999,556902156.0,7834013466.406243,2026-07-14
2021-02-18,sh.600129,太极集团,14.0572068,14.13657,14.334978,13.8091968,4172631,59177259.03,0.7493,0.4937,556870546.0,7872239454.46722,2026-07-14
2021-02-19,sh.600129,太极集团,13.9084008,14.1762516,14.3151372,13.8687192,2413580,34402811.7,0.4334,0.2807,556894324.0,7894674051.635919,2026-07-14
2021-02-22,sh.600129,太极集团,14.1663312,14.1167292,14.483784,14.0175252,3038385,43631781.38,0.5456,-0.4199,556888746.0,7861447621.809584,2026-07-14
2021-02-23,sh.600129,太极集团,14.235774,14.1266496,14.3052168,13.7992764,2433899,34441643.4,0.4371,0.0703,556828872.0,7866126361.907251,2026-07-14
2021-02-24,sh.600129,太极集团,14.1167292,14.13657,14.1960924,13.88856,1950724,27605727.36,0.3503,0.0702,556872395.0,7872265592.98515,2026-07-14
2021-02-25,sh.600129,太极集团,14.483784,14.235774,14.7714756,14.2159332,3185030,46443517.07,0.5719,0.7018,556920790.0,7928198502.341459,2026-07-14
2021-02-26,sh.600129,太极集团,13.88856,14.582988,14.781396,13.8488784,4479276,65529062.82,0.8043,2.439,556916076.0,8121500453.315088,2026-07-14
2021-03-01,sh.600129,太极集团,14.38458,14.8508388,15.0889284,14.3647392,3928455,58628977.75,0.7054,1.8367,556911681.0,8270605600.368023,2026-07-14
2021-03-02,sh.600129,太极集团,14.7218736,14.63259,15.0194856,14.4441024,3060110,45422187.6,0.5495,-1.4696,556889900.0,8148741581.841001,2026-07-14
2021-03-03,sh.600129,太极集团,14.4639432,14.4540228,14.6226696,14.3052168,1917665,27883024.55,0.3444,-1.2203,556813298.0,8048192104.635195,2026-07-14
2021-03-04,sh.600129,太极集团,14.38458,14.13657,14.5532268,13.9976844,2446982,35006074.48,0.4394,-2.1963,556891670.0,7872538075.371901,2026-07-14
2021-03-05,sh.600129,太极集团,14.037366,14.13657,14.2258536,13.9580028,1865477,26512262.93,0.335,0.0,556858806.0,7872073491.135421,2026-07-14
2021-03-08,sh.600129,太极集团,14.13657,13.7595948,14.4242616,13.690152,2588100,36296110.0,0.4647,-2.6667,556939961.0,7663268191.287803,2026-07-14
2021-03-09,sh.600129,太极集团,13.690152,13.4223012,13.789356,12.89652,2658607,35942688.4,0.4774,-2.4513,556892962.0,7474785072.124154,2026-07-14
2021-03-10,sh.600129,太极集团,13.5810276,13.1048484,13.6008684,13.094928,1815341,24360641.79,0.326,-2.3651,556853067.0,7297475024.110043,2026-07-14
2021-03-11,sh.600129,太极集团,13.1346096,13.1742912,13.3528584,13.094928,1717369,22889892.6,0.3084,0.5299,556864137.0,7336290299.674695,2026-07-14
2021-03-12,sh.600129,太极集团,13.1842116,13.2338136,13.3330176,13.0354056,1546738,20565049.12,0.2777,0.4518,556981635.0,7370991136.213236,2026-07-14
2021-03-15,sh.600129,太极集团,13.293336,12.9362016,13.3131768,12.89652,2383571,31344131.68,0.428,-2.2489,556909112.0,7204288545.70898,2026-07-14
2021-03-16,sh.600129,太极集团,12.946122,13.1643708,13.2635748,12.8766792,2002271,26434936.07,0.3595,1.7638,556959944.0,7332027223.563235,2026-07-14
2021-03-17,sh.600129,太极集团,13.243734,13.3826196,13.442142,13.1048484,1176291,15763751.58,0.2112,1.6579,556955966.0,7453529826.928534,2026-07-14
2021-03-18,sh.600129,太极集团,13.4024604,13.5016644,13.6107888,13.2834156,1667801,22681292.63,0.2995,0.8895,556861770.0,7518560735.729987,2026-07-14
2021-03-19,sh.600129,太极集团,13.491744,13.2238932,13.491744,13.1842116,1562970,20919119.69,0.2807,-2.0573,556811543.0,7363216377.159207,2026-07-14
2021-03-22,sh.600129,太极集团,13.491744,13.442142,13.5512664,13.1048484,1633000,21956756.0,0.2932,1.6504,556957708.0,7486704598.930536,2026-07-14
2021-03-23,sh.600129,太极集团,13.4719032,13.3230972,13.5314256,13.194132,1371800,18397554.0,0.2463,-0.8856,556963053.0,7420472891.927752,2026-07-14
2021-03-24,sh.600129,太极集团,13.293336,13.2139728,13.3627788,13.045326,2248717,29850430.1,0.4038,-0.8191,556888806.0,7358713535.108477,2026-07-14
2021-03-25,sh.600129,太极集团,13.2338136,13.194132,13.3230972,13.0651668,1103900,14700604.0,0.1982,-0.1502,556962664.0,7348638907.887648,2026-07-14
2021-03-26,sh.600129,太极集团,13.1742912,13.3528584,13.4223012,13.14453,1537700,20644995.9,0.2761,1.203,556935893.0,7436686117.106551,2026-07-14
2021-03-29,sh.600129,太极集团,13.442142,13.3330176,13.5016644,13.3230972,1251719,16907949.15,0.2248,-0.1486,556814502.0,7424017555.101235,2026-07-14
2021-03-30,sh.600129,太极集团,13.5016644,13.590948,13.6504704,13.3826196,2122638,28909936.77,0.3812,1.9345,556830535.0,7567854845.99718,2026-07-14
2021-03-31,sh.600129,太极集团,13.590948,13.7496744,14.13657,13.5016644,2753154,38294586.95,0.4944,1.1679,556867718.0,7656749806.371019,2026-07-14
2021-04-01,sh.600129,太极集团,13.7000724,14.0274456,14.186172,13.7000724,2516201,35598340.52,0.4518,2.0202,556928066.0,7812278148.928209,2026-07-14
2021-04-02,sh.600129,太极集团,14.037366,14.0076048,14.1266496,13.9084008,1439052,20346861.16,0.2584,-0.1414,556908669.0,7800956545.046011,2026-07-14
2021-04-06,sh.600129,太极集团,14.0175252,14.0472864,14.0770476,13.8587988,1173500,16556878.0,0.2107,0.2833,556953014.0,7823678499.00121,2026-07-14
2021-04-07,sh.600129,太极集团,13.9580028,14.1068088,14.334978,13.9183212,2086600,29741894.0,0.3747,0.4237,556872164.0,7855689143.590243,2026-07-14
2021-04-08,sh.600129,太极集团,14.13657,14.0175252,14.1762516,13.9778436,1993130,28250209.6,0.3579,-0.6329,556895781.0,7806300643.941181,2026-07-14
2021-04-09,sh.600129,太极集团,13.987764,14.1266496,14.285376,13.7992764,2659755,37743330.86,0.4776,0.7785,556900126.0,7867132942.19785,2026-07-14
2021-04-12,sh.600129,太极集团,13.987764,14.086968,14.2060128,13.88856,1539200,21757034.0,0.2764,-0.2809,556874096.0,7844667570.380928,2026-07-14
2021-04-13,sh.600129,太极集团,13.9084008,14.434182,14.6722716,13.9084008,3829302,55310531.79,0.6876,2.4648,556908377.0,8038516870.942614,2026-07-14
2021-04-14,sh.600129,太极集团,14.4242616,14.434182,14.4937044,14.1960924,2724411,39378179.96,0.4892,0.0,556911488.0,8038561775.682816,2026-07-14
2021-04-15,sh.600129,太极集团,14.4441024,14.5036248,14.6028288,14.3151372,2179449,31746565.28,0.3914,0.4811,556834185.0,8076114095.053788,2026-07-14
2021-04-16,sh.600129,太极集团,14.5135452,14.8111572,14.9401224,14.4738636,4309843,64164352.65,0.7739,2.1204,556899212.0,8248321773.488127,2026-07-14
2021-04-19,sh.600129,太极集团,14.8111572,14.7913164,14.9500428,14.6921124,2331528,34750182.04,0.4187,-0.134,556849295.0,8236534109.461938,2026-07-14
2021-04-20,sh.600129,太极集团,14.8012368,14.5532268,14.9103612,14.5433064,2191060,32524422.54,0.3934,-1.6097,556954753.0,8105488837.74698,2026-07-14
2021-04-21,sh.600129,太极集团,14.781396,14.7417144,14.9103612,14.6127492,2436070,36336548.32,0.4374,1.2952,556943301.0,8210299080.335234,2026-07-14
2021-04-22,sh.600129,太极集团,14.8409184,15.1583712,15.575028,14.731794,5799125,88381813.12,1.0413,2.8264,556912033.0,8441879321.9606495,2026-07-14
2021-04-23,sh.600129,太极集团,14.8905204,14.5929084,14.9500428,14.5036248,4766280,70637083.81,0.8559,-3.7304,556873467.0,8126403494.321424,2026-07-14
2021-04-26,sh.600129,太极集团,14.7218736,14.8012368,15.1682916,14.5532268,3113681,46584264.16,0.5591,1.4276,556909497.0,8242949341.265889,2026-07-14
2021-04-27,sh.600129,太极集团,14.8012368,14.8806,15.029406,14.6425104,2606463,38920146.11,0.468,0.5362,556936538.0,8287549847.3628,2026-07-14
2021-04-28,sh.600129,太极集团,14.8905204,14.9004408,15.0194856,14.6425104,2304451,34503102.49,0.4138,0.1333,556899710.0,8298051160.392168,2026-07-14
2021-04-29,sh.600129,太极集团,14.930202,14.8607592,15.0492468,14.7714756,2886200,43351563.0,0.5183,-0.2663,556858962.0,8275346942.64395,2026-07-14
2021-04-30,sh.600129,太极集团,14.9599632,14.8409184,15.0393264,14.731794,2586610,38853458.9,0.4645,-0.1335,556858988.0,8264298801.214579,2026-07-14
2021-05-06,sh.600129,太极集团,14.9103612,15.0591672,15.2575752,14.8409184,3707049,56184183.92,0.6657,1.4706,556864804.0,8385920191.231229,2026-07-14
2021-05-07,sh.600129,太极集团,15.0393264,14.6127492,15.1385304,14.6127492,3397317,50748360.7,0.6101,-2.9644,556845927.0,8137049874.292508,2026-07-14
2021-05-10,sh.600129,太极集团,14.8607592,14.781396,15.1881324,14.682192,4442385,66923852.56,0.7977,1.1541,556899210.0,8231747755.09716,2026-07-14
2021-05-11,sh.600129,太极集团,14.781396,14.781396,14.8706796,14.4937044,2436246,36017737.64,0.4375,0.0,556856229.0,8231112435.915685,2026-07-14
2021-05-12,sh.600129,太极集团,14.6921124,15.1087692,15.1087692,14.6623512,4243800,64153928.47,0.7621,2.2148,556856056.0,8413409627.7262745,2026-07-14
2021-05-13,sh.600129,太极集团,15.12861,15.12861,15.7337544,15.0194856,9300896,143679966.59,1.6701,0.1313,556906533.0,8425221744.20913,2026-07-14
2021-05-14,sh.600129,太极集团,15.178212,14.8210776,15.3567792,14.8012368,8008267,121650697.71,1.438,-2.0328,556903129.0,8253904490.591811,2026-07-14
2021-05-17,sh.600129,太极集团,14.7516348,14.7417144,15.029406,14.682192,4945192,73902355.54,0.888,-0.5355,556890991.0,8209527941.25497,2026-07-14
2021-05-18,sh.600129,太极集团,14.682192,14.6226696,14.7119532,14.186172,5061757,73584129.51,0.9089,-0.8075,556910221.0,8143514158.545981,2026-07-14
2021-05-19,sh.600129,太极集团,14.5730676,14.930202,15.178212,14.3945004,7386575,111006933.09,1.3264,2.1031,556888948.0,8314464485.207496,2026-07-14
2021-05-20,sh.600129,太极集团,15.12861,16.0412868,16.4281824,15.079008,26660060,431709036.71,4.7873,7.4419,556891358.0,8933253990.119476,2026-07-14
2021-05-21,sh.600129,太极集团,15.37662,15.773436,16.1404908,15.2972568,16421565,261401552.5,2.9488,-1.6698,556889752.0,8784064862.227873,2026-07-14
2021-05-24,sh.600129,太极集团,15.8131176,16.7555556,16.7555556,15.575028,16047132,264042210.86,2.8816,6.2264,556882704.0,9330879109.550343,2026-07-14
2021-05-25,sh.600129,太极集团,16.7555556,16.914282,17.4499836,16.666272,16184969,279324725.54,2.9063,0.9473,556892578.0,9419438107.998997,2026-07-14
2021-05-26,sh.600129,太极集团,16.9539636,17.707914,17.85672,16.815078,17792580,315057359.34,3.195,4.6921,556888263.0,9861329468.813381,2026-07-14
2021-05-27,sh.600129,太极集团,17.559108,17.7475956,17.9360832,17.3309388,12253763,218612751.38,2.2004,0.2241,556887975.0,9883422574.80291,2026-07-14
2021-05-28,sh.600129,太极集团,17.8467996,18.451944,18.4618644,17.6483916,15699929,287994256.1,2.8192,3.9687,556893055.0,10275759464.84892,2026-07-14
2021-05-31,sh.600129,太极集团,18.6801132,18.1444116,18.9678048,17.9757648,14633927,270763178.0,2.6278,-1.6667,556888918.0,10104421743.67065,2026-07-14
2021-06-01,sh.600129,太极集团,18.1146504,18.2237748,18.4717848,17.955924,10114070,185718655.82,1.8162,0.4374,556880850.0,10148471200.83258,2026-07-14
2021-06-02,sh.600129,太极集团,18.0848892,18.1642524,18.60075,18.0253668,11909513,219885354.66,2.1386,-0.3266,556883615.0,10115374540.284426,2026-07-14
2021-06-03,sh.600129,太极集团,18.1642524,17.7475956,18.303138,17.7178344,8733891,157633894.76,1.5683,-2.2938,556901805.0,9883668024.050058,2026-07-14
2021-06-04,sh.600129,太极集团,17.6682324,17.7178344,17.9162424,17.60871,4828101,86343661.91,0.867,-0.1677,556874394.0,9866608294.492353,2026-07-14
2021-06-07,sh.600129,太极集团,17.5987896,18.7693968,18.8686008,17.5987896,12640227,234102210.36,2.2698,5.9351,556887259.0,10452437937.03537,2026-07-14
2021-06-08,sh.600129,太极集团,18.6404316,17.9856852,19.8408,17.8467996,15889691,299625752.53,2.8533,-4.1755,556888200.0,10016015856.79464,2026-07-14
2021-06-09,sh.600129,太极集团,18.0154464,18.303138,18.35274,17.6483916,6822060,124221746.51,1.225,1.765,556902857.0,10193069844.265266,2026-07-14
2021-06-10,sh.600129,太极集团,18.2436156,18.402342,18.60075,17.7872772,9210060,168617102.73,1.6538,0.542,556902890.0,10248317442.56838,2026-07-14
2021-06-11,sh.600129,太极集团,18.4321032,20.2475364,20.2475364,18.253536,27549747,551081066.84,4.9471,10.027,556886802.0,11275585794.174593,2026-07-14
2021-06-15,sh.600129,太极集团,20.5649892,21.1998948,21.32886,19.8408,28433018,593904844.5,5.1057,4.7036,556887753.0,11805961779.008385,2026-07-14
2021-06-16,sh.600129,太极集团,20.8526808,19.0769292,20.9122032,19.0769292,20813472,412699793.7,3.7374,-10.014,556897094.0,10623886433.923744,2026-07-14
2021-06-17,sh.600129,太极集团,18.3626604,18.005526,18.7197948,17.5293468,32451865,589508452.82,5.8273,-5.6162,556893673.0,10027163508.436998,2026-07-14
2021-06-18,sh.600129,太极集团,18.055128,18.005526,18.650352,17.7178344,11504920,211378996.0,2.0659,0.0,556896268.0,10027210232.776968,2026-07-14
2021-06-21,sh.600129,太极集团,17.85672,17.6483916,18.2336952,17.5789488,13552235,244679191.39,2.4336,-1.9835,556880136.0,9828038714.389257,2026-07-14
2021-06-22,sh.600129,太极集团,17.6483916,19.4142228,19.4142228,17.459904,16931630,321463218.5,3.0404,10.0056,556888238.0,10811552327.231426,2026-07-14
2021-06-23,sh.600129,太极集团,19.5332676,19.8209592,20.08881,19.1265312,18999410,374801326.3,3.4117,2.095,556889820.0,11038090401.115345,2026-07-14
2021-06-24,sh.600129,太极集团,19.8209592,19.1066904,19.8408,19.047168,10783810,209974194.25,1.9364,-3.6036,556899917.0,10640514297.904697,2026-07-14
2021-06-25,sh.600129,太极集团,19.1066904,18.4420236,19.1066904,18.4321032,11820702,222127647.63,2.1226,-3.4787,556897296.0,10270313075.608185,2026-07-14
2021-06-28,sh.600129,太极集团,18.4420236,18.749556,18.799158,18.055128,12560774,234187739.14,2.2555,1.6676,556895323.0,10441540044.726587,2026-07-14
2021-06-29,sh.600129,太极集团,18.7098744,20.6245116,20.6245116,18.5908296,26014265,534018279.91,4.6713,10.0,556895618.0,11485700133.43017,2026-07-14
2021-06-30,sh.600129,太极集团,20.6741136,20.6046708,21.1106112,19.642392,29484802,608603248.33,5.2945,-0.0962,556894929.0,11474636682.234373,2026-07-14
2021-07-01,sh.600129,太极集团,20.7038748,21.8844024,22.6383528,20.3566608,34196820,744424029.39,6.1407,6.2109,556887977.0,12187160580.389944,2026-07-14
2021-07-02,sh.600129,太极集团,21.7951188,21.0709296,21.7951188,20.5550688,21777254,462430372.42,3.9105,-3.7171,556891804.0,11734227996.900997,2026-07-14
2021-07-05,sh.600129,太极集团,20.436024,20.2673772,20.83284,19.8606408,14663416,297167405.52,2.6331,-3.8136,556887927.0,11286657674.635063,2026-07-14
2021-07-06,sh.600129,太极集团,20.287218,19.940004,20.6443524,19.5828696,16866540,341768998.6,3.0287,-1.6153,556890415.0,11104397102.66166,2026-07-14
2021-07-07,sh.600129,太极集团,19.6622328,21.0213276,21.6066312,19.6027104,14757907,309788849.78,2.6501,5.4229,556881137.0,11706380815.137482,2026-07-14
2021-07-08,sh.600129,太极集团,20.4062628,20.3765016,21.2395764,20.237616,11709879,242889021.35,2.1027,-3.0675,556897275.0,11347618215.073141,2026-07-14
2021-07-09,sh.600129,太极集团,20.1284916,20.3765016,20.58483,19.8606408,7118769,145015424.29,1.2783,0.0,556893452.0,11347540315.707523,2026-07-14
2021-07-12,sh.600129,太极集团,20.3665812,19.8705612,20.386422,19.5531084,11828536,237168032.0,2.124,-2.483,556899058.0,11065896814.21135,2026-07-14
2021-07-13,sh.600129,太极集团,19.8705612,19.7812776,20.33682,19.443984,8507298,169014876.52,1.5276,-0.4493,556906127.0,11016314695.327854,2026-07-14
2021-07-14,sh.600129,太极集团,19.642392,19.6225512,19.9300836,19.047168,9707477,190416760.12,1.7432,-0.8024,556876836.0,10927344226.504004,2026-07-14
2021-07-15,sh.600129,太极集团,19.394382,18.8388396,19.543188,18.650352,9479785,181097459.56,1.7023,-3.9939,556880985.0,10490991552.705006,2026-07-14
2021-07-16,sh.600129,太极集团,18.749556,18.799158,19.0570884,18.699954,5233807,99583952.6,0.9398,-0.2106,556906469.0,10469372701.9531,2026-07-14
2021-07-19,sh.600129,太极集团,19.0273272,19.5233472,19.6721532,18.84876,7709968,150192899.35,1.3845,3.8522,556877429.0,10872111394.210348,2026-07-14
2021-07-20,sh.600129,太极集团,19.2554964,18.9678048,19.443984,18.8586804,6164557,118563915.41,1.107,-2.8455,556870551.0,10562611910.236444,2026-07-14
2021-07-21,sh.600129,太极集团,18.947964,19.4241432,19.7614368,18.84876,7109082,139601368.33,1.2766,2.4059,556876234.0,10816843713.892708,2026-07-14
2021-07-22,sh.600129,太极集团,19.443984,20.2475364,20.3665812,18.8388396,11701866,231313779.3,2.1013,4.239,556886975.0,11275589296.99839,2026-07-14
2021-07-23,sh.600129,太极集团,20.8427604,19.8408,21.0114072,19.7019144,10208874,206740787.88,1.8332,-2.0088,556888174.0,11049106882.699202,2026-07-14
2021-07-26,sh.600129,太极集团,19.59279,18.7197948,19.7217552,18.7197948,8113277,156244976.15,1.4569,-5.65,556886334.0,10424797899.404263,2026-07-14
2021-07-27,sh.600129,太极集团,18.6305112,18.154332,18.9281232,18.0749688,8164174,151033905.98,1.466,-3.0207,556901364.0,10110172253.308847,2026-07-14
2021-07-28,sh.600129,太极集团,18.1344912,17.5491876,18.303138,17.1920532,8369884,148634133.95,1.503,-3.3333,556878510.0,9772765442.398476,2026-07-14
2021-07-29,sh.600129,太极集团,17.85672,18.947964,19.3050984,17.85672,12003341,228247866.4,2.1554,7.9706,556896214.0,10552049414.608295,2026-07-14
2021-07-30,sh.600129,太极集团,18.947964,18.898362,19.4142228,18.3924216,6258424,119508934.87,1.1238,-0.2618,556898380.0,10524467182.45356,2026-07-14
2021-08-02,sh.600129,太极集团,18.9380436,19.2356556,19.34478,18.9380436,8219322,159083816.03,1.4759,1.7848,556902365.0,10712382095.965494,2026-07-14
2021-08-03,sh.600129,太极集团,19.195974,19.0670088,19.394382,18.9876456,3959529,76540142.8,0.711,-0.8767,556895781.0,10618336757.009872,2026-07-14
2021-08-04,sh.600129,太极集团,19.0670088,18.8884416,19.2058944,18.749556,4771995,90957950.9,0.8569,-0.9365,556890536.0,10518794366.828697,2026-07-14
2021-08-05,sh.600129,太极集团,18.7594764,18.650352,19.5729492,18.650352,5334507,102084091.53,0.9579,-1.2605,556896023.0,10386306856.350098,2026-07-14
2021-08-06,sh.600129,太极集团,18.451944,18.4717848,18.7098744,18.1146504,6027410,111279454.77,1.0823,-0.9574,556907512.0,10287075715.167418,2026-07-14
2021-08-09,sh.600129,太极集团,18.2634564,18.7594764,18.898362,18.1940136,4703639,88437338.51,0.8446,1.5575,556907293.0,10447289220.021385,2026-07-14
2021-08-10,sh.600129,太极集团,18.799158,18.60075,18.8884416,18.402342,3621332,67902067.09,0.6503,-0.8461,556870983.0,10358217937.03725,2026-07-14
2021-08-11,sh.600129,太极集团,19.3348596,17.707914,20.4558648,16.7456352,35684604,666562227.72,6.4078,-4.8,556893224.0,9861417317.774734,2026-07-14
2021-08-12,sh.600129,太极集团,17.162292,16.4976252,17.162292,16.1900928,25237100,423082424.55,4.5318,-6.8347,556889095.0,9187347567.277195,2026-07-14
2021-08-13,sh.600129,太极集团,16.3984212,16.3984212,16.4877048,15.9123216,10865031,177843092.59,1.951,-0.6013,556895489.0,9132206793.001968,2026-07-14
2021-08-16,sh.600129,太极集团,16.319058,16.4480232,16.715874,16.2297744,7149000,119113698.34,1.2837,0.3025,556905819.0,9159999831.127,2026-07-14
2021-08-17,sh.600129,太极集团,16.3984212,16.0512072,16.5373068,15.9817644,6199340,101332336.1,1.1132,-2.4125,556893640.0,8938815204.002209,2026-07-14
2021-08-18,sh.600129,太极集团,16.0512072,16.071048,16.2892968,15.9817644,4667536,75741805.04,0.8381,0.1236,556918745.0,8950267882.99476,2026-07-14
2021-08-19,sh.600129,太极集团,16.1107296,15.9619236,16.1305704,15.8825604,3725681,59936827.38,0.669,-0.679,556902990.0,8889242978.991564,2026-07-14
2021-08-20,sh.600129,太极集团,15.9916848,15.3666996,16.0313664,14.8806,14115450,216917104.5,2.5347,-3.729,556888389.0,8557536584.490945,2026-07-14
2021-08-23,sh.600129,太极集团,15.3369384,15.5353464,15.6643116,15.2575752,6828385,106710216.35,1.2262,1.0975,556873675.0,8651225442.16602,2026-07-14
2021-08-24,sh.600129,太极集团,15.5948688,15.5155056,15.62463,15.3865404,4774732,74526151.73,0.8574,-0.1277,556885001.0,8640352351.571505,2026-07-14
2021-08-25,sh.600129,太极集团,15.5155056,15.4361424,15.5948688,15.227814,4888499,75917671.02,0.8778,-0.5115,556903509.0,8596441867.98368,2026-07-14
2021-08-26,sh.600129,太极集团,15.475824,15.12861,15.475824,15.0889284,5055965,77484432.97,0.9079,-1.9923,556885670.0,8424906116.0187,2026-07-14
2021-08-27,sh.600129,太极集团,15.1186896,14.830998,15.1186896,14.7516348,6557629,98404960.16,1.1775,-1.9672,556911168.0,8259548418.785664,2026-07-14
2021-08-30,sh.600129,太极集团,14.781396,14.5135452,14.979804,14.4738636,6901200,102097947.06,1.2392,-2.1405,556907682.0,8082704814.934226,2026-07-14
2021-08-31,sh.600129,太极集团,14.582988,14.6722716,14.8508388,14.4738636,7170302,105700240.39,1.2876,1.0936,556873408.0,8170597888.993613,2026-07-14
2021-09-01,sh.600129,太极集团,14.731794,14.6722716,14.8111572,14.3052168,7002579,102909031.22,1.2574,0.0,556909416.0,8171126208.149385,2026-07-14
2021-09-02,sh.600129,太极集团,14.682192,14.5433064,14.7119532,14.5135452,4903068,72060676.17,0.8804,-0.879,556913676.0,8099366228.418326,2026-07-14
2021-09-03,sh.600129,太极集团,14.4540228,14.5532268,14.8012368,14.3945004,7548303,110732186.57,1.3554,0.0682,556905932.0,8104778334.661377,2026-07-14
2021-09-06,sh.600129,太极集团,14.5036248,15.1087692,15.1881324,14.5036248,11063844,166556389.74,1.9867,3.8173,556895555.0,8414006409.000906,2026-07-14
2021-09-07,sh.600129,太极集团,15.1484508,15.0095652,15.1583712,14.9004408,5896636,89172361.89,1.0588,-0.6566,556916887.0,8359080326.407533,2026-07-14
2021-09-08,sh.600129,太极集团,14.9698836,14.9897244,15.0988488,14.9599632,4912417,74304269.37,0.8821,-0.1322,556900238.0,8347781085.914407,2026-07-14
2021-09-09,sh.600129,太极集团,14.930202,14.9996448,15.0690876,14.9004408,4314018,65198648.66,0.7747,0.0662,556863044.0,8352747862.246772,2026-07-14
2021-09-10,sh.600129,太极集团,15.079008,14.8409184,15.079008,14.781396,4963193,74569159.59,0.8912,-1.0582,556911243.0,8265074313.405571,2026-07-14
2021-09-13,sh.600129,太极集团,14.830998,14.9202816,15.0591672,14.830998,5035531,75750459.95,0.9042,0.5348,556904557.0,8309172814.76325,2026-07-14
2021-09-14,sh.600129,太极集团,14.9401224,14.781396,15.178212,14.6722716,6262426,94346448.2,1.1245,-0.9309,556907603.0,8231871815.353788,2026-07-14
2021-09-15,sh.600129,太极集团,14.7417144,14.582988,14.7417144,14.38458,5095401,74641443.68,0.915,-1.3423,556874426.0,8120893071.864888,2026-07-14
2021-09-16,sh.600129,太极集团,14.582988,14.533386,14.781396,14.5234656,4871965,71832677.25,0.8749,-0.3401,556859641.0,8093056110.474426,2026-07-14
2021-09-17,sh.600129,太极集团,14.63259,14.4044208,14.63259,14.2258536,4454272,64480717.65,0.7998,-0.8874,556923231.0,8022156572.619605,2026-07-14
2021-09-22,sh.600129,太极集团,14.38458,14.3250576,14.533386,14.2655352,2817900,40777957.0,0.506,-0.551,556897233.0,7977584940.00562,2026-07-14
2021-09-23,sh.600129,太极集团,14.3548188,14.434182,14.5234656,14.3448984,2959201,43058313.56,0.5314,0.7618,556868837.0,8037946143.386333,2026-07-14
2021-09-24,sh.600129,太极集团,14.4441024,14.3250576,14.4937044,14.285376,2547018,36845534.4,0.4574,-0.756,556846961.0,7976864790.709953,2026-07-14
2021-09-27,sh.600129,太极集团,14.285376,14.38458,14.8806,14.1266496,8429322,123587438.11,1.5136,0.4155,556905523.0,8010852048.03534,2026-07-14
2021-09-28,sh.600129,太极集团,14.4540228,14.5135452,14.5929084,14.13657,4598685,66800900.9,0.8258,0.8966,556876362.0,8082250250.698562,2026-07-14
2021-09-29,sh.600129,太极集团,14.5135452,14.186172,14.5730676,14.1464904,4191437,60284776.17,0.7526,-2.2556,556927584.0,7900670498.1684475,2026-07-14
2021-09-30,sh.600129,太极集团,14.1960924,14.7020328,14.8012368,14.1960924,6260900,92027668.3,1.1243,3.6364,556870942.0,8187134854.650897,2026-07-14
2021-10-08,sh.600129,太极集团,14.7615552,14.9500428,15.178212,14.731794,7241765,109341030.34,1.3004,1.6869,556887496.0,8325491899.984829,2026-07-14
2021-10-11,sh.600129,太极集团,14.9401224,15.277416,15.4361424,14.930202,7835257,120809785.95,1.407,2.1898,556876830.0,8507638992.67128,2026-07-14
2021-10-12,sh.600129,太极集团,15.2674956,15.1881324,15.426222,15.0690876,6049232,92971350.4,1.0863,-0.5844,556865691.0,8457749843.925488,2026-07-14
2021-10-13,sh.600129,太极集团,15.1881324,15.2972568,15.6147096,15.12861,7124958,110247140.72,1.2794,0.7185,556898390.0,8519017683.336552,2026-07-14
2021-10-14,sh.600129,太极集团,15.2972568,15.12861,15.5155056,15.0988488,5950669,91690894.28,1.0686,-1.1025,556865899.0,8424607008.2703905,2026-07-14
2021-10-15,sh.600129,太极集团,15.12861,15.0591672,15.227814,14.930202,4017301,60949747.25,0.7214,-0.459,556875658.0,8386083643.432017,2026-07-14
2021-10-18,sh.600129,太极集团,15.0988488,15.1881324,15.2476548,15.029406,3665964,55972402.15,0.6583,0.8564,556883488.0,8458020147.117811,2026-07-14
2021-10-19,sh.600129,太极集团,15.178212,15.1484508,15.2972568,15.0988488,3428848,52439073.68,0.6157,-0.2613,556902388.0,8436208425.020511,2026-07-14
2021-10-20,sh.600129,太极集团,15.1484508,15.227814,15.2674956,15.079008,3740001,57329008.87,0.6716,0.5239,556879244.0,8480053548.092616,2026-07-14
2021-10-21,sh.600129,太极集团,15.277416,15.227814,15.2873364,15.1484508,3249315,49770459.8,0.5835,0.0,556866324.0,8479856804.735736,2026-07-14
2021-10-22,sh.600129,太极集团,15.178212,15.3170976,15.4659036,15.0889284,5863603,90340696.59,1.0529,0.5863,556900275.0,8530095865.64184,2026-07-14
2021-10-25,sh.600129,太极集团,15.3468588,16.0908888,16.2297744,15.1087692,18321725,291285279.96,3.29,5.0518,556891337.0,8960876577.350325,2026-07-14
2021-10-26,sh.600129,太极集团,15.87264,15.3964608,15.9619236,15.2873364,10987700,172365074.0,1.973,-4.3157,556903193.0,8574338180.419334,2026-07-14
2021-10-27,sh.600129,太极集团,15.227814,14.8607592,15.2873364,14.7516348,8137436,122903602.36,1.4612,-3.4794,556900903.0,8275970217.745558,2026-07-14
2021-10-28,sh.600129,太极集团,14.6623512,14.9103612,15.0492468,14.6425104,4481525,67135282.5,0.8047,0.3338,556918727.0,8303859378.614193,2026-07-14
2021-10-29,sh.600129,太极集团,14.8806,14.8409184,14.9599632,14.5929084,5121236,76290635.3,0.9196,-0.4657,556898217.0,8264880995.602492,2026-07-14
2021-11-01,sh.600129,太极集团,14.8409184,15.5353464,15.87264,14.731794,11345214,177573862.45,2.0372,4.6791,556902317.0,8651670405.55761,2026-07-14
2021-11-02,sh.600129,太极集团,15.5948688,15.12861,15.5948688,15.029406,6775900,104032209.0,1.2167,-2.6181,556908030.0,8425244391.7383,2026-07-14
2021-11-03,sh.600129,太极集团,15.12861,15.2476548,15.5155056,15.0988488,3632700,55813220.0,0.6523,0.7869,556906331.0,8491515491.022538,2026-07-14
2021-11-04,sh.600129,太极集团,15.2575752,15.5155056,15.5651076,15.1682916,5547386,86150465.04,0.9961,1.7567,556910551.0,8640748772.739586,2026-07-14
2021-11-05,sh.600129,太极集团,15.5055852,15.2674956,15.6147096,15.2575752,4825700,74809407.25,0.8665,-1.5985,556918638.0,8502752855.222993,2026-07-14
2021-11-08,sh.600129,太极集团,15.3468588,15.1087692,15.3666996,14.9103612,4468406,67787601.2,0.8024,-1.0396,556880110.0,8413773054.060612,2026-07-14
2021-11-09,sh.600129,太极集团,15.1583712,15.0690876,15.1980528,15.0194856,2840660,43159444.4,0.5101,-0.2626,556882964.0,8391718167.463646,2026-07-14
2021-11-10,sh.600129,太极集团,15.0492468,15.079008,15.1980528,14.930202,3127875,47464675.75,0.5617,0.0658,556858643.0,8396875932.666144,2026-07-14
2021-11-11,sh.600129,太极集团,14.9897244,15.0889284,15.178212,14.9897244,3218300,48891300.25,0.5779,0.0658,556895657.0,8402958694.743959,2026-07-14
2021-11-12,sh.600129,太极集团,15.12861,14.9698836,15.1484508,14.9599632,3780900,57240291.0,0.6789,-0.789,556915599.0,8336961692.054276,2026-07-14
2021-11-15,sh.600129,太极集团,14.979804,15.1484508,15.1980528,14.9103612,4128800,62750089.0,0.7414,1.1928,556892366.0,8436056607.246593,2026-07-14
2021-11-16,sh.600129,太极集团,15.1980528,15.62463,15.7139136,15.1583712,9324741,146155521.64,1.6744,3.1434,556900442.0,8701363353.08646,2026-07-14
2021-11-17,sh.600129,太极集团,15.6643116,15.6345504,15.773436,15.3468588,6661691,104365093.72,1.1962,0.0635,556904447.0,8706950644.605629,2026-07-14
2021-11-18,sh.600129,太极集团,15.6147096,15.5055852,15.6147096,15.4163016,4348482,67885586.11,0.7809,-0.8249,556855167.0,8634365235.97873,2026-07-14
2021-11-19,sh.600129,太极集团,15.4063812,15.475824,15.5055852,15.277416,3668809,56982481.23,0.6588,-0.1919,556892684.0,8618373164.471615,2026-07-14
2021-11-22,sh.600129,太极集团,15.4956648,15.1583712,15.4956648,15.079008,5764989,88342844.6,1.0352,-2.0513,556896155.0,8441638637.342735,2026-07-14
2021-11-23,sh.600129,太极集团,15.1583712,15.1682916,15.2674956,15.0194856,3633124,55378684.67,0.6524,0.0654,556885960.0,8447008629.225936,2026-07-14
2021-11-24,sh.600129,太极集团,15.178212,15.1682916,15.277416,15.029406,3703709,56549447.64,0.6651,0.0,556864983.0,8446690443.9730425,2026-07-14
2021-11-25,sh.600129,太极集团,15.4857444,15.87264,16.3289784,15.4857444,18607927,298546815.02,3.3414,4.6436,556890136.0,8839316648.27904,2026-07-14
2021-11-26,sh.600129,太极集团,15.7436748,15.6543912,16.2892968,15.62463,10773069,171788766.39,1.9345,-1.375,556891652.0,8717799776.422262,2026-07-14
2021-11-29,sh.600129,太极集团,15.87264,15.525426,15.9520032,15.3865404,7788840,122503170.34,1.3986,-0.8238,556902617.0,8646150369.439842,2026-07-14
2021-11-30,sh.600129,太极集团,15.475824,15.6940728,15.7635156,15.4063812,6137907,96290094.2,1.1022,1.0863,556877790.0,8739680576.963112,2026-07-14
2021-12-01,sh.600129,太极集团,15.6940728,15.5948688,15.7337544,15.3964608,5408632,84539807.16,0.9712,-0.6321,556901977.0,8684813265.775618,2026-07-14
2021-12-02,sh.600129,太极集团,15.5353464,15.3865404,15.674232,15.37662,5085123,79355388.25,0.9131,-1.3359,556907568.0,8568880794.097747,2026-07-14
2021-12-03,sh.600129,太极集团,15.3567792,15.475824,15.525426,15.1682916,6988900,108110699.0,1.255,0.5803,556884462.0,8618245922.246687,2026-07-14
2021-12-06,sh.600129,太极集团,15.475824,15.4956648,15.7139136,15.2972568,5814577,91012404.78,1.0441,0.1282,556898477.0,8629512127.22251,2026-07-14
2021-12-07,sh.600129,太极集团,15.4956648,15.2873364,15.6345504,15.1980528,5059347,78390684.27,0.9085,-1.3444,556890149.0,8513367045.609123,2026-07-14
2021-12-08,sh.600129,太极集团,15.277416,15.3369384,15.3865404,15.227814,2751512,42516108.56,0.4941,0.3245,556873507.0,8540734673.450969,2026-07-14
2021-12-09,sh.600129,太极集团,15.4063812,15.4163016,15.7337544,15.37662,6495259,101794598.5,1.1663,0.5175,556911515.0,8585515879.752924,2026-07-14
2021-12-10,sh.600129,太极集团,15.4361424,15.6147096,15.87264,15.3964608,6593774,103887157.14,1.184,1.287,556906588.0,8695934645.946844,2026-07-14
2021-12-13,sh.600129,太极集团,15.6543912,15.5849484,15.823038,15.525426,6012823,94922760.17,1.0797,-0.1906,556897564.0,8679219799.025698,2026-07-14
2021-12-14,sh.600129,太极集团,15.5651076,15.6345504,15.6940728,15.525426,4175092,65649966.0,0.7497,0.3183,556901694.0,8706907602.688377,2026-07-14
2021-12-15,sh.600129,太极集团,15.6940728,15.5849484,15.7337544,15.4857444,5517212,86851208.2,0.9907,-0.3173,556900373.0,8679263577.145754,2026-07-14
2021-12-16,sh.600129,太极集团,15.5948688,15.6444708,15.8131176,15.5551872,5343900,84441062.99,0.9596,0.3819,556888287.0,8712222544.833519,2026-07-14
2021-12-17,sh.600129,太极集团,15.674232,16.0512072,16.319058,15.5651076,14888461,240166128.91,2.6735,2.5999,556890256.0,8938760886.717043,2026-07-14
2021-12-20,sh.600129,太极集团,16.3289784,17.211894,17.658312,16.2892968,41479964,717455173.49,7.4485,7.2311,556890166.0,9585134506.834404,2026-07-14
2021-12-21,sh.600129,太极集团,17.013486,16.8349188,17.4301428,16.7555556,22006134,377071981.19,3.9516,-2.1902,556891740.0,9375227223.290712,2026-07-14
2021-12-22,sh.600129,太极集团,17.3607,17.9460036,18.3328992,17.261496,26724540,480053391.8,4.7989,6.5999,556888870.0,9993929665.819933,2026-07-14
2021-12-23,sh.600129,太极集团,18.2138544,18.7594764,19.34478,17.9460036,33984567,641462475.01,6.1026,4.5329,556886688.0,10446902681.010164,2026-07-14
2021-12-24,sh.600129,太极集团,18.7098744,19.791198,20.0193672,18.3725808,38242923,750855964.09,6.8672,5.4997,556892518.0,11021570088.456564,2026-07-14
2021-12-27,sh.600129,太极集团,19.9499244,21.57687,21.775278,19.8705612,50331026,1072498894.4,9.0379,9.0226,556888503.0,12015910833.725609,2026-07-14
2021-12-28,sh.600129,太极集团,21.130452,20.9915664,22.1919348,20.684034,42546959,912429230.5,7.6401,-2.7126,556890080.0,11689995091.821312,2026-07-14
2021-12-29,sh.600129,太极集团,20.981646,19.4241432,20.981646,19.34478,33274559,668385213.76,5.9751,-7.4669,556887065.0,10817054096.787708,2026-07-14
2021-12-30,sh.600129,太极集团,19.4638248,20.2574568,20.5253076,18.8090784,27805840,554973712.57,4.9931,4.2901,556885302.0,11281079947.819954,2026-07-14
2021-12-31,sh.600129,太极集团,21.0709296,22.2812184,22.2812184,21.0709296,29339711,656105984.1,5.2685,9.9902,556889266.0,12408171360.361694,2026-07-14
2022-01-04,sh.600129,太极集团,24.5133084,24.5133084,24.5133084,24.0768108,20705966,511445919.41,3.7181,10.0178,556896426.0,13651373837.395779,2026-07-14
2022-01-05,sh.600129,太极集团,25.743438,24.801,26.9636472,23.80896,116526674,2971660577.86,20.9245,1.1736,556891080.0,13811455675.08,2026-07-14
2022-01-06,sh.600129,太极集团,23.7891192,26.3485824,26.6461944,23.6006316,78244735,1997283501.81,14.0503,6.24,556890138.0,14673265688.840372,2026-07-14
2022-01-07,sh.600129,太极集团,25.7533584,24.0966516,26.487468,23.9974476,57168084,1447340925.18,10.2656,-8.5467,556889846.0,13419180598.639654,2026-07-14
2022-01-10,sh.600129,太极集团,24.1164924,23.9875272,25.1184528,23.610552,40379450,989738146.31,7.2509,-0.4529,556888800.0,13358385237.375359,2026-07-14
2022-01-11,sh.600129,太极集团,24.30498,23.114532,25.04901,23.06493,38802856,940933706.02,6.9678,-3.6394,556888200.0,12872210119.322401,2026-07-14
2022-01-12,sh.600129,太极集团,23.2930992,22.7474772,24.0668904,22.271298,38871779,896504123.63,6.9801,-1.588,556894300.0,12667940392.05996,2026-07-14
2022-01-13,sh.600129,太极集团,22.3506612,21.2395764,22.7772384,21.0510888,40563604,889361374.27,7.2839,-6.6289,556894027.0,11828193233.170164,2026-07-14
2022-01-14,sh.600129,太极集团,21.2990988,22.767318,23.362542,21.1502928,38248503,871045957.03,6.8682,7.1929,556892679.0,12678952714.66492,2026-07-14
2022-01-17,sh.600129,太极集团,22.7077956,22.6085916,23.213736,21.82488,37497621,847994674.97,6.7334,-0.6972,556889848.0,12590495139.618076,2026-07-14
2022-01-18,sh.600129,太极集团,22.6085916,22.4300244,23.263338,21.924084,24027876,549510446.22,4.3146,-0.7898,556896955.0,12491212288.935703,2026-07-14
2022-01-19,sh.600129,太极集团,22.1324124,21.3883824,22.6978752,21.0510888,25783674,561471684.75,4.6299,-4.644,556894836.0,11911079708.953287,2026-07-14
2022-01-20,sh.600129,太极集团,21.3883824,22.1522532,22.8764424,21.3883824,24447029,544690901.18,4.3899,3.5714,556892617.0,12336426256.994625,2026-07-14
2022-01-21,sh.600129,太极集团,21.9042432,21.8149596,23.1343728,21.527268,20927798,470173855.05,3.758,-1.5226,556886589.0,12148458440.816805,2026-07-14
2022-01-24,sh.600129,太极集团,21.378462,20.4757056,21.7554372,20.1979344,34241947,715809502.84,6.1488,-6.1392,556888287.0,11402680616.700308,2026-07-14
2022-01-25,sh.600129,太极集团,20.4757056,20.485626,21.229656,20.2574568,19063244,398475984.03,3.4232,0.0484,556883735.0,11408111920.69311,2026-07-14
2022-01-26,sh.600129,太极集团,20.4657852,20.386422,21.130452,20.237616,13401255,278791223.38,2.4064,-0.4843,556900557.0,11353209767.037054,2026-07-14
2022-01-27,sh.600129,太极集团,20.5749096,19.741596,20.8725216,19.642392,15120710,304129171.29,2.7152,-3.163,556891205.0,10993921185.06318,2026-07-14
2022-01-28,sh.600129,太极集团,19.741596,18.7098744,20.2276956,18.4717848,19830100,382680370.51,3.5609,-5.2261,556884495.0,10419238956.75743,2026-07-14
2022-02-07,sh.600129,太极集团,17.85672,17.7376752,18.699954,17.559108,28416337,511103775.43,5.1027,-5.1962,556888255.0,9877902989.884777,2026-07-14
2022-02-08,sh.600129,太极集团,17.559108,17.2912572,17.8170384,16.9936452,18915073,329506194.07,3.3966,-2.5168,556882559.0,9629199557.863174,2026-07-14
2022-02-09,sh.600129,太极集团,17.4400632,19.0174068,19.0174068,17.063088,23897382,436640298.48,4.2912,9.9828,556892757.0,10590656103.842548,2026-07-14
2022-02-10,sh.600129,太极集团,19.047168,19.6820736,20.6741136,18.7693968,36849705,739720491.06,6.617,3.495,556894439.0,10960837335.82871,2026-07-14
2022-02-11,sh.600129,太极集团,20.1483324,17.7277548,20.1780936,17.7178344,32019181,596806793.71,5.7496,-9.9294,556894062.0,9872481380.711998,2026-07-14
2022-02-14,sh.600129,太极集团,17.2714164,18.154332,18.7793172,17.1325308,26424915,484122617.82,4.7451,2.4063,556888474.0,10109938243.969368,2026-07-14
2022-02-15,sh.600129,太极集团,18.3428196,19.047168,19.394382,17.8864812,23838855,452419103.56,4.2807,4.918,556891513.0,10607206205.885183,2026-07-14
2022-02-16,sh.600129,太极集团,19.195974,18.5213868,19.2356556,18.4122624,18232607,342972488.28,3.274,-2.7604,556890867.0,10314391153.094355,2026-07-14
2022-02-17,sh.600129,太极集团,18.451944,18.6701928,18.898362,18.203934,11681696,218348042.64,2.0977,0.8034,556881156.0,10397078549.206877,2026-07-14
2022-02-18,sh.600129,太极集团,18.5709888,18.8586804,19.642392,18.3428196,13678509,262683777.15,2.4562,1.0096,556897199.0,10502346291.5962,2026-07-14
2022-02-21,sh.600129,太极集团,18.7693968,19.5035064,19.6622328,18.6801132,15736407,304806098.46,2.8258,3.4193,556883254.0,10861176108.441826,2026-07-14
2022-02-22,sh.600129,太极集团,19.6126308,19.3050984,19.741596,18.749556,16613036,322173370.86,2.9832,-1.0173,556886431.0,10750747348.07981,2026-07-14
2022-02-23,sh.600129,太极集团,19.245576,19.7812776,20.0788896,19.245576,13187345,262768475.46,2.368,2.4666,556898015.0,11016154229.603964,2026-07-14
2022-02-24,sh.600129,太极集团,19.59279,19.7515164,21.1998948,19.4142228,23910969,486862594.86,4.2937,-0.1505,556884948.0,10999322183.335148,2026-07-14
2022-02-25,sh.600129,太极集团,20.4757056,20.0590488,20.9122032,19.7515164,19669365,400530213.32,3.532,1.557,556890289.0,11170689483.297102,2026-07-14
2022-02-28,sh.600129,太极集团,19.940004,19.940004,20.2971384,19.34478,13351669,267023898.0,2.3975,-0.5935,556899645.0,11104581148.898579,2026-07-14
2022-03-01,sh.600129,太极集团,19.8408,19.6027104,19.940004,19.4043024,10520889,208055504.0,1.8892,-1.6915,556896517.0,10916681145.519676,2026-07-14
2022-03-02,sh.600129,太极集团,19.6820736,20.5749096,20.8923624,19.4043024,19194963,391675264.0,3.4468,4.9595,556892277.0,11458008256.21316,2026-07-14
2022-03-03,sh.600129,太极集团,20.4161832,20.485626,20.9618052,20.08881,18821901,388207824.0,3.3798,-0.4339,556893929.0,11408320751.164555,2026-07-14
2022-03-04,sh.600129,太极集团,20.4955464,20.4955464,21.3883824,20.3070588,16662934,349512176.0,2.9921,0.0484,556897630.0,11413921215.71503,2026-07-14
2022-03-07,sh.600129,太极集团,20.33682,19.1562924,20.4261036,18.9876456,17790463,351094944.0,3.1946,-6.5344,556891724.0,10667980700.084099,2026-07-14
2022-03-08,sh.600129,太极集团,19.3646208,18.0749688,19.3646208,18.055128,16463509,304673312.0,2.9563,-5.6447,556895748.0,10065873269.952663,2026-07-14
2022-03-09,sh.600129,太极集团,18.10473,17.7277548,18.6602724,16.815078,17942836,322488592.0,3.222,-1.921,556885040.0,9872321440.908192,2026-07-14
2022-03-10,sh.600129,太极集团,18.2733768,18.7297152,18.898362,18.0848892,14351866,268730448.0,2.5771,5.6519,556899849.0,10430575566.693005,2026-07-14
2022-03-11,sh.600129,太极集团,18.3428196,19.5233472,19.6126308,18.253536,15055029,288266128.0,2.7034,4.2373,556892395.0,10872403580.624544,2026-07-14
2022-03-14,sh.600129,太极集团,19.5233472,19.2257352,20.138412,19.2058944,14465220,286135824.0,2.5975,-1.5244,556890087.0,10706621348.166962,2026-07-14
2022-03-15,sh.600129,太极集团,19.146372,18.0352872,19.3547004,17.9856852,13442549,254772836.0,2.4139,-6.192,556880940.0,10043507689.105967,2026-07-14
2022-03-16,sh.600129,太极集团,18.4717848,18.451944,18.84876,17.6285508,12838035,235661102.0,2.3053,2.3102,556892162.0,10275742987.262928,2026-07-14
2022-03-17,sh.600129,太极集团,18.8090784,20.039208,20.2971384,18.6205908,31600199,633187024.0,5.6744,8.6022,556890579.0,11159646145.821432,2026-07-14
2022-03-18,sh.600129,太极集团,21.0213276,20.733636,21.4082232,20.0590488,47551610,994442810.14,8.5388,3.4653,556888673.0,11546327038.505028,2026-07-14
2022-03-21,sh.600129,太极集团,20.535228,20.386422,20.9221236,20.0491284,30608584,628129260.37,5.4963,-1.6746,556894347.0,11353083167.356434,2026-07-14
2022-03-22,sh.600129,太极集团,20.1582528,19.3646208,20.188014,19.2158148,23707678,466720157.22,4.2572,-5.0122,556884290.0,10783853105.327232,2026-07-14
2022-03-23,sh.600129,太极集团,19.195974,20.0788896,20.783238,18.997566,29119230,589414615.26,5.2289,3.6885,556890168.0,11181736202.597452,2026-07-14
2022-03-24,sh.600129,太极集团,19.5035064,20.2673772,20.485626,19.443984,23937629,481896762.04,4.2984,0.9387,556896264.0,11286826643.75878,2026-07-14
2022-03-25,sh.600129,太极集团,20.2276956,19.8209592,21.279258,19.741596,27418581,568525922.66,4.9235,-2.2026,556892069.0,11038134978.452585,2026-07-14
2022-03-28,sh.600129,太极集团,19.8606408,19.543188,20.138412,18.9876456,17873830,350519035.86,3.2096,-1.4014,556886528.0,10883338111.371264,2026-07-14
2022-03-29,sh.600129,太极集团,19.6126308,21.4975068,21.4975068,19.047168,28917746,601552650.28,5.1927,10.0,556892291.0,11971795812.64008,2026-07-14
2022-03-30,sh.600129,太极集团,21.8348004,21.6562332,22.5788304,19.8507204,60245490,1289309211.24,10.8182,0.7383,556890148.0,12060142911.870514,2026-07-14
2022-03-31,sh.600129,太极集团,21.0709296,22.3407408,23.709756,20.8923624,48873234,1095537943.5,8.7761,3.1608,556890122.0,12441337869.682377,2026-07-14
2022-04-01,sh.600129,太极集团,21.6363924,21.1502928,22.1820144,21.1205316,26969063,588207434.26,4.8428,-5.3286,556889878.0,11778383977.056278,2026-07-14
2022-04-06,sh.600129,太极集团,21.82488,21.32886,22.3308204,20.9717256,27114177,593376252.67,4.8689,0.8443,556885066.0,11877723608.80476,2026-07-14
2022-04-07,sh.600129,太极集团,21.1106112,21.924084,22.4101836,20.932044,27719294,609295942.23,4.9775,2.7907,556891894.0,12209344662.975096,2026-07-14
2022-04-08,sh.600129,太极集团,21.4875864,20.0689692,21.5570292,19.7316756,32979563,673574442.36,5.9221,-8.4615,556889668.0,11176201594.890226,2026-07-14
2022-04-11,sh.600129,太极集团,19.59279,19.394382,20.0193672,19.3249392,18085064,358454356.94,3.2475,-3.3613,556891886.0,10800573969.784452,2026-07-14
2022-04-12,sh.600129,太极集团,19.4043024,20.1185712,20.287218,19.047168,14553575,289288873.99,2.6134,3.734,556882796.0,11203686181.381077,2026-07-14
2022-04-13,sh.600129,太极集团,20.039208,19.1761332,20.3467404,19.0372476,14559407,286593836.18,2.6144,-4.6844,556892863.0,10679051719.017351,2026-07-14
2022-04-14,sh.600129,太极集团,19.2158148,19.3547004,19.791198,18.8686008,9715209,189987656.14,1.7445,0.9312,556905073.0,10778730839.155128,2026-07-14
2022-04-15,sh.600129,太极集团,19.34478,19.146372,19.6225512,18.7396356,11062153,213323016.42,1.9864,-1.0764,556894533.0,10662509893.584276,2026-07-14
2022-04-18,sh.600129,太极集团,19.146372,18.551148,19.146372,17.9956056,10266658,190015198.62,1.8436,-3.1088,556880994.0,10330781738.081112,2026-07-14
2022-04-19,sh.600129,太极集团,18.4420236,18.6305112,18.9876456,18.3130584,7176180,135356809.27,1.2886,0.4278,556897408.0,10375283396.99497,2026-07-14
2022-04-20,sh.600129,太极集团,18.5313072,18.6900336,19.047168,18.3825012,7737364,146125005.88,1.3894,0.3195,556885274.0,10408204482.405207,2026-07-14
2022-04-21,sh.600129,太极集团,18.5610684,17.3607,18.650352,17.261496,13912435,248778022.37,2.4982,-7.1125,556898367.0,9668145479.9769,2026-07-14
2022-04-22,sh.600129,太极集团,17.1325308,16.5075456,17.1424512,15.87264,22580536,373122510.46,4.0548,-4.9143,556884088.0,9192789476.574413,2026-07-14
2022-04-25,sh.600129,太极集团,15.7635156,15.9916848,17.0432472,15.6643116,13807488,228605592.51,2.4794,-3.125,556888279.0,8905581826.582458,2026-07-14
2022-04-26,sh.600129,太极集团,15.9916848,15.5055852,16.3091376,15.3369384,9440243,150887324.43,1.6952,-3.0397,556880781.0,8634762396.038042,2026-07-14
2022-04-27,sh.600129,太极集团,15.277416,15.4956648,15.575028,14.6127492,11702914,177966914.27,2.1015,-0.064,556883845.0,8629285394.655155,2026-07-14
2022-04-28,sh.600129,太极集团,15.5055852,15.277416,15.6543912,14.483784,12261813,186019737.83,2.2018,-1.4085,556899491.0,8507985194.195256,2026-07-14
2022-04-29,sh.600129,太极集团,15.0690876,15.7535952,16.071048,15.0194856,13659494,215792645.26,2.4528,3.1169,556893917.0,8773081337.760399,2026-07-14
2022-05-05,sh.600129,太极集团,15.87264,16.5968292,16.815078,15.674232,10335048,171055229.74,1.8558,5.3526,556905270.0,9242861646.769882,2026-07-14
2022-05-06,sh.600129,太极集团,16.2000132,17.410302,17.9658444,16.0512072,13514505,235105943.53,2.4268,4.9014,556885817.0,9695550253.486734,2026-07-14
2022-05-09,sh.600129,太极集团,17.4301428,17.4797448,17.7376752,17.0829288,10533812,184648087.51,1.8915,0.3989,556902564.0,9734514697.185667,2026-07-14
2022-05-10,sh.600129,太极集团,17.2912572,18.4122624,18.650352,17.162292,12102803,220672463.31,2.1733,5.3348,556885980.0,10253530790.641151,2026-07-14
2022-05-11,sh.600129,太极集团,18.60075,18.4221828,19.5332676,18.402342,15677759,299199033.15,2.8152,0.0539,556896810.0,10259254834.55687,2026-07-14
2022-05-12,sh.600129,太极集团,18.2733768,18.3825012,18.9082824,18.203934,10371420,193341291.35,1.8624,-0.2154,556884665.0,10236933022.624098,2026-07-14
2022-05-13,sh.600129,太极集团,18.3725808,18.7297152,18.799158,18.3725808,7111870,133417624.62,1.2771,1.8888,556876517.0,10430138564.977959,2026-07-14
2022-05-16,sh.600129,太极集团,18.84876,19.0273272,19.245576,18.5809092,6407961,121540897.29,1.1507,1.589,556875033.0,10595843462.401796,2026-07-14
2022-05-17,sh.600129,太极集团,18.650352,18.451944,19.09677,18.1146504,10349289,191518458.56,1.8584,-3.024,556892434.0,10275748006.191696,2026-07-14
2022-05-18,sh.600129,太极集团,18.5709888,18.3328992,18.5709888,18.253536,3996368,74102177.94,0.7176,-0.6452,556907469.0,10209728492.904125,2026-07-14
2022-05-19,sh.600129,太极集团,18.055128,18.1940136,18.5213868,17.9261628,5287052,96963491.88,0.9494,-0.7576,556883505.0,10131946063.585669,2026-07-14
2022-05-20,sh.600129,太极集团,18.1344912,18.3328992,18.5313072,18.0154464,4654327,85948893.88,0.8358,0.7634,556870902.0,10209058113.779078,2026-07-14
2022-05-23,sh.600129,太极集团,18.4717848,18.8090784,18.9678048,18.3229788,6152733,116402963.07,1.1048,2.5974,556909214.0,10474949067.808378,2026-07-14
2022-05-24,sh.600129,太极集团,18.947964,17.7971976,18.947964,17.7674364,9579063,174553602.52,1.7201,-5.3797,556889890.0,9911079413.772264,2026-07-14
2022-05-25,sh.600129,太极集团,17.757516,18.4221828,18.699954,17.658312,5888508,108498429.8,1.0574,3.5117,556885568.0,10259047732.37783,2026-07-14
2022-05-26,sh.600129,太极集团,18.4221828,18.6305112,18.8388396,17.9360832,5827564,108537646.62,1.0464,1.1309,556915520.0,10375620832.813824,2026-07-14
2022-05-27,sh.600129,太极集团,18.6404316,18.551148,18.9182028,18.4321032,4291348,80911855.55,0.7706,-0.426,556883987.0,10330837261.667076,2026-07-14
2022-05-30,sh.600129,太极集团,18.5114664,18.7396356,18.84876,18.2832972,4669432,87736304.92,0.8385,1.016,556879189.0,10435713075.083529,2026-07-14
2022-05-31,sh.600129,太极集团,18.8686008,19.8606408,20.138412,18.5709888,11701149,230265427.8,2.1012,5.982,556879355.0,11059980838.590683,2026-07-14
2022-06-01,sh.600129,太极集团,19.8507204,20.0193672,20.733636,19.7515164,9445721,192732355.72,1.6962,0.7992,556875427.0,11148293657.769794,2026-07-14
2022-06-02,sh.600129,太极集团,20.0292876,19.8507204,20.3268996,19.59279,5415586,108304987.45,0.9725,-0.8424,556872596.0,11054322201.618158,2026-07-14
2022-06-06,sh.600129,太极集团,19.8209592,20.3665812,20.6542728,19.6721532,7245528,148018718.41,1.3011,2.5987,556877104.0,11341682757.036844,2026-07-14
2022-06-07,sh.600129,太极集团,20.4261036,21.8050392,21.9935268,20.4261036,13509417,293426761.68,2.4259,7.0628,556882683.0,12142848732.616173,2026-07-14
2022-06-08,sh.600129,太极集团,21.4975068,21.725676,22.0828104,21.2494968,11131105,243936913.2,1.9988,-0.364,556889384.0,12098798324.623585,2026-07-14
2022-06-09,sh.600129,太极集团,21.6165516,21.5570292,21.9340044,21.229656,5983815,129993459.78,1.0745,-0.7763,556892973.0,12004958080.235811,2026-07-14
2022-06-10,sh.600129,太极集团,21.5570292,22.7474772,23.164134,21.4677456,12881005,293996435.86,2.313,5.5223,556896022.0,12667979563.215698,2026-07-14
2022-06-13,sh.600129,太极集团,22.5292284,23.3327808,23.4419052,22.370502,12133426,282154794.71,2.1788,2.573,556885717.0,12993692365.411833,2026-07-14
2022-06-14,sh.600129,太极集团,22.9359648,23.0252484,23.7494376,22.5292284,11707544,272835650.88,2.1023,-1.318,556892166.0,12822580454.164034,2026-07-14
2022-06-15,sh.600129,太极集团,23.0252484,22.81692,23.2930992,22.4300244,10233058,235819035.24,1.8375,-0.9048,556901116.0,12706768211.68272,2026-07-14
2022-06-16,sh.600129,太极集团,22.8069996,23.1839748,23.9379252,22.7573976,9405416,221718302.56,1.6889,1.6087,556895968.0,12911062088.333607,2026-07-14
2022-06-17,sh.600129,太极集团,22.9954872,23.5311888,23.759358,22.9954872,6683928,157727133.65,1.2002,1.4976,556901183.0,13104546880.11635,2026-07-14
2022-06-20,sh.600129,太极集团,23.5311888,23.5510296,23.709756,23.1244524,8224464,194219066.25,1.4769,0.0843,556873451.0,13114943127.955149,2026-07-14
2022-06-21,sh.600129,太极集团,23.5510296,23.2534176,24.0668904,22.9359648,9584616,225795871.85,1.7211,-1.2637,556888966.0,12949571683.230202,2026-07-14
2022-06-22,sh.600129,太极集团,22.9359648,22.5887508,23.4716664,22.5490692,8236553,190525555.89,1.479,-2.8584,556900135.0,12579678370.001358,2026-07-14
2022-06-23,sh.600129,太极集团,22.618512,22.2514572,22.7276364,21.7554372,13230532,294811414.85,2.3758,-1.4932,556887448.0,12391557214.389227,2026-07-14
2022-06-24,sh.600129,太极集团,22.3308204,22.9756464,23.3823828,21.9141636,11542588,267663198.5,2.0727,3.2546,556886573.0,12794828986.155787,2026-07-14
2022-06-27,sh.600129,太极集团,23.2534176,22.618512,23.6502336,22.5490692,6850448,158268869.69,1.2301,-1.5544,556901715.0,12596288123.548079,2026-07-14
2022-06-28,sh.600129,太极集团,22.4796264,21.924084,22.8069996,21.7851984,8528159,189537907.34,1.5314,-3.0702,556886444.0,12209225176.717297,2026-07-14
2022-06-29,sh.600129,太极集团,21.8348004,21.4677456,22.0431288,21.279258,7746034,168720479.69,1.3909,-2.0814,556908045.0,11955560232.653353,2026-07-14
2022-06-30,sh.600129,太极集团,21.4677456,21.7951188,22.3506612,21.4677456,5737473,127329715.44,1.0303,1.525,556874017.0,12137135357.14822,2026-07-14
2022-07-01,sh.600129,太极集团,21.7554372,21.08085,21.9935268,20.8923624,9045692,193120457.64,1.6243,-3.2772,556897864.0,11739880336.304401,2026-07-14
2022-07-04,sh.600129,太极集团,21.2197356,23.1938952,23.1938952,21.180054,11279329,256727527.12,2.0254,10.0235,556893898.0,12916538707.73149,2026-07-14
2022-07-05,sh.600129,太极集团,23.1938952,24.2454576,25.197816,22.4399448,26447269,630947550.25,4.7491,4.5338,556890127.0,13502055962.037117,2026-07-14
2022-07-06,sh.600129,太极集团,23.9478456,23.8387212,24.4835472,23.5807908,12289053,297117410.6,2.2067,-1.6776,556897313.0,13275719781.636135,2026-07-14
2022-07-07,sh.600129,太极集团,24.0272088,23.957766,24.0867312,23.0946912,11008040,263162803.74,1.9767,0.4994,556889766.0,13341834701.622755,2026-07-14
2022-07-08,sh.600129,太极集团,23.9676864,25.04901,25.2275772,23.7196764,10840388,270251910.88,1.9466,4.5549,556888318.0,13949501046.46518,2026-07-14
2022-07-11,sh.600129,太极集团,24.900204,23.8188804,25.0291692,23.2038156,15028836,361621155.16,2.6987,-4.9109,556891689.0,13264536536.044996,2026-07-14
2022-07-12,sh.600129,太极集团,24.0371292,22.9458852,24.106572,22.469706,10800236,251211335.37,1.9394,-3.6651,556885428.0,12778229100.440865,2026-07-14
2022-07-13,sh.600129,太极集团,22.9458852,22.4895468,23.015328,22.0629696,9578705,216788674.29,1.72,-1.9888,556901453.0,12524461290.2315,2026-07-14
2022-07-14,sh.600129,太极集团,22.6581936,23.5510296,23.759358,22.6383528,10471343,246813969.03,1.8803,4.7199,556897463.0,13115508635.277905,2026-07-14
2022-07-15,sh.600129,太极集团,23.1938952,23.7990396,24.5629104,23.0946912,10578116,255679430.31,1.8995,1.0531,556889497.0,13253435191.927082,2026-07-14
2022-07-18,sh.600129,太极集团,23.4319848,23.5411092,23.9676864,22.866522,6859300,162307723.93,1.2317,-1.0838,556896972.0,13109972431.001343,2026-07-14
2022-07-19,sh.600129,太极集团,23.5708704,23.6204724,24.106572,23.31294,5000417,119136832.44,0.8979,0.3371,556901325.0,13154272376.68593,2026-07-14
2022-07-20,sh.600129,太极集团,23.6502336,24.9200448,25.2771792,23.4716664,10637374,263899845.94,1.9101,5.5019,556901419.0,13878008310.66357,2026-07-14
2022-07-21,sh.600129,太极集团,24.7811592,24.9101244,25.495428,24.503388,7870817,198750052.79,1.4134,-0.0398,556871162.0,13871729920.192553,2026-07-14
2022-07-22,sh.600129,太极集团,25.1680548,24.205776,25.1680548,24.1859352,7793683,192350893.61,1.3995,-2.8276,556890532.0,13479967474.112833,2026-07-14
2022-07-25,sh.600129,太极集团,24.2752188,26.6263536,26.6263536,24.2752188,16892487,444460306.47,3.0334,10.0,556882937.0,14827761994.368525,2026-07-14
2022-07-26,sh.600129,太极集团,26.090652,26.8545228,27.1124532,25.3168608,16950027,450561554.71,3.0437,0.8569,556888885.0,14954985259.299078,2026-07-14
2022-07-27,sh.600129,太极集团,26.8247616,26.5767516,27.132294,26.3783436,8577384,230715167.95,1.5402,-1.0344,556900662.0,14800610559.84956,2026-07-14
2022-07-28,sh.600129,太极集团,26.5172292,26.685876,26.78508,25.9815276,8582088,228587449.26,1.5411,0.4106,556880670.0,14860848506.41692,2026-07-14
2022-07-29,sh.600129,太极集团,26.5569108,26.3287416,27.4199856,25.9815276,8543883,229972443.18,1.5342,-1.3383,556894994.0,14662344395.35955,2026-07-14
2022-08-01,sh.600129,太极集团,25.7037564,26.8049208,26.933886,25.445826,8321876,220203314.86,1.4943,1.8086,556907984.0,14927874404.007668,2026-07-14
2022-08-02,sh.600129,太极集团,25.6243932,26.388264,27.0628512,25.4656668,9053405,238674527.37,1.6257,-1.5544,556892723.0,14695432194.202871,2026-07-14
2022-08-03,sh.600129,太极集团,25.9815276,26.6561148,27.578712,25.9716072,10590352,289066795.71,1.9017,1.015,556888679.0,14844488558.24435,2026-07-14
2022-08-04,sh.600129,太极集团,26.9735676,28.0548912,28.1441748,26.7057168,12180813,338794015.0,2.1873,5.2475,556888081.0,15623434523.031788,2026-07-14
2022-08-05,sh.600129,太极集团,27.6580752,27.7671996,28.1342544,27.380304,6224124,173548491.0,1.1177,-1.0255,556868927.0,15462690647.04683,2026-07-14
2022-08-08,sh.600129,太极集团,27.4894284,26.685876,27.628314,26.5271496,8609759,234308585.0,1.546,-3.8942,556905498.0,14861511063.346249,2026-07-14
2022-08-09,sh.600129,太极集团,26.4477864,26.983488,27.082692,25.9517664,5012270,134617622.0,0.9,1.1152,556918889.0,15027614158.304832,2026-07-14
2022-08-10,sh.600129,太极集团,26.6957964,26.189856,26.9537268,26.0013684,4744592,125609472.0,0.852,-2.9412,556876995.0,14584528308.76272,2026-07-14
2022-08-11,sh.600129,太极集团,26.0807316,27.2017368,27.4100652,26.0013684,5706003,155136746.0,1.0246,3.8636,556900547.0,15148662103.27003,2026-07-14
2022-08-12,sh.600129,太极集团,27.2414184,27.429906,27.479508,26.586672,4128801,113319368.0,0.7414,0.8388,556892501.0,15275508954.534906,2026-07-14
2022-08-15,sh.600129,太极集团,27.1620552,26.9735676,27.7374384,26.6065128,5234987,142325984.27,0.94,-1.6637,556913511.0,15021944236.311844,2026-07-14
2022-08-16,sh.600129,太极集团,26.9735676,27.2215776,27.2811,26.685876,3438182,93836641.43,0.6174,0.9195,556880790.0,15159173638.934303,2026-07-14
2022-08-17,sh.600129,太极集团,27.2513388,25.3664628,27.429906,25.197816,9656557,253226471.55,1.734,-6.8149,556894867.0,14126452927.266447,2026-07-14
2022-08-18,sh.600129,太极集团,25.3664628,26.0112888,27.2811,25.2275772,10650627,283164013.59,1.9125,2.542,556895529.0,14485570436.247774,2026-07-14
2022-08-19,sh.600129,太极集团,26.0112888,25.3664628,26.338662,25.2771792,7567000,195830385.72,1.3588,-2.479,556888431.0,14126289668.711866,2026-07-14
2022-08-22,sh.600129,太极集团,25.04901,26.3585028,26.586672,24.404184,8373078,218463549.31,1.5035,3.9108,556905753.0,14679201849.786608,2026-07-14
2022-08-23,sh.600129,太极集团,26.388264,26.4180252,26.6164332,26.0807316,3722499,99017045.81,0.6684,0.2258,556926840.0,14712907293.676367,2026-07-14
2022-08-24,sh.600129,太极集团,26.5469904,25.8624828,26.586672,25.7235972,5200747,136883727.57,0.9339,-2.1029,556884784.0,14402423147.781715,2026-07-14
2022-08-25,sh.600129,太极集团,25.9120848,25.4557464,26.2592988,24.9398856,5618108,143713092.06,1.0088,-1.5727,556909992.0,14176559523.978027,2026-07-14
2022-08-26,sh.600129,太极集团,25.6839156,26.140254,27.4993488,25.6839156,7780171,209712019.79,1.3971,2.689,556880037.0,14556985614.709396,2026-07-14
2022-08-29,sh.600129,太极集团,25.9616868,26.7453984,26.9140452,25.644234,4772034,126436854.21,0.8569,2.315,556895087.0,14894380968.81766,2026-07-14
2022-08-30,sh.600129,太极集团,26.388264,26.6164332,26.7453984,26.1600948,2942890,78559499.36,0.5285,-0.4822,556838221.0,14821047312.453337,2026-07-14
2022-08-31,sh.600129,太极集团,26.487468,25.8624828,26.735478,25.79304,3657421,96553235.98,0.6568,-2.8327,556854598.0,14401642462.875914,2026-07-14
2022-09-01,sh.600129,太极集团,26.090652,26.4081048,26.9438064,25.8029604,4288439,114438870.93,0.7701,2.1097,556867809.0,14705823459.818384,2026-07-14
2022-09-02,sh.600129,太极集团,26.5668312,26.2989804,27.2811,26.0013684,4087571,109446712.43,0.734,-0.4132,556889782.0,14645633461.778273,2026-07-14
2022-09-05,sh.600129,太极集团,26.140254,25.693836,26.3188212,24.4339452,9168963,232670418.58,1.6465,-2.301,556875979.0,14308280076.765444,2026-07-14
2022-09-06,sh.600129,太极集团,25.7037564,25.941846,26.0509704,25.2573384,3504167,90842060.98,0.6292,0.9653,556924189.0,14447641544.712894,2026-07-14
2022-09-07,sh.600129,太极集团,25.941846,25.54503,26.0608908,25.1283732,3463992,89020509.56,0.622,-1.5296,556911897.0,14226331116.22191,2026-07-14
2022-09-08,sh.600129,太极集团,25.5053484,25.346622,25.7831196,25.2176568,1749073,44974171.63,0.3141,-0.7767,556852276.0,14114324149.611671,2026-07-14
2022-09-09,sh.600129,太极集团,25.346622,25.4061444,25.991448,25.3168608,2072900,53409909.0,0.3722,0.2348,556931757.0,14149488639.28771,2026-07-14
2022-09-13,sh.600129,太极集团,25.4160648,24.9894876,25.54503,24.850602,3182073,80699281.14,0.5714,-1.64,556890620.0,13916411243.046312,2026-07-14
2022-09-14,sh.600129,太极集团,24.6224328,24.4339452,24.7216368,24.106572,4832347,118801163.12,0.8677,-2.2231,556914487.0,13607618056.444113,2026-07-14
2022-09-15,sh.600129,太极集团,24.453786,23.5708704,24.8605224,23.2930992,4587156,110071830.42,0.8237,-3.5323,556896443.0,13126533884.173988,2026-07-14
2022-09-16,sh.600129,太极集团,23.3327808,23.511348,24.1164924,23.3030196,3572821,85316600.85,0.6416,-0.2525,556861128.0,13092555768.080545,2026-07-14
2022-09-19,sh.600129,太极集团,23.5212684,23.3030196,23.8684824,23.213736,3449062,81898383.18,0.6193,-0.8861,556929114.0,12978130059.352634,2026-07-14
2022-09-20,sh.600129,太极集团,23.56095,23.9776068,24.1264128,23.2732584,3266562,78553608.98,0.5866,2.8948,556863621.0,13352256945.562223,2026-07-14
2022-09-21,sh.600129,太极集团,23.8883232,23.6502336,24.0966516,23.5807908,2208788,52931327.49,0.3966,-1.3653,556930913.0,13171546191.511276,2026-07-14
2022-09-22,sh.600129,太极集团,23.461746,22.8268404,23.6899152,22.6780344,3273900,76144132.0,0.5879,-3.4815,556880422.0,12711820514.878649,2026-07-14
2022-09-23,sh.600129,太极集团,22.8962832,22.3804224,23.0847708,22.0431288,3833500,86738970.0,0.6884,-1.9557,556871005.0,12463008314.212513,2026-07-14
2022-09-26,sh.600129,太极集团,22.2911388,22.3010592,22.7474772,21.9439248,4684550,105457685.47,0.8412,-0.3546,556888968.0,12419213843.194906,2026-07-14
2022-09-27,sh.600129,太极集团,22.3209,23.4319848,23.5510296,22.3209,4624731,107239367.59,0.8305,5.0712,556861048.0,13048359612.44807,2026-07-14
2022-09-28,sh.600129,太极集团,23.3427012,23.6403132,24.2256168,23.2038156,4411459,105891860.96,0.7922,0.8891,556861777.0,13164386817.388557,2026-07-14
2022-09-29,sh.600129,太极集团,23.759358,23.7891192,24.3744228,23.6006316,4309781,104271660.62,0.7739,0.6295,556891200.0,13247951138.23104,2026-07-14
2022-09-30,sh.600129,太极集团,23.8486416,23.9478456,24.354582,23.6204724,5119323,123684576.93,0.9193,0.6672,556871859.0,13335881298.31697,2026-07-14
2022-10-10,sh.600129,太极集团,24.1660944,24.4934676,24.7712388,24.05697,5882098,145236559.38,1.0562,2.2784,556911380.0,13640690842.101288,2026-07-14
2022-10-11,sh.600129,太极集团,24.2156964,24.6621144,24.7315572,24.0470496,3731487,92107577.21,0.6701,0.6885,556855245.0,13733227756.430029,2026-07-14
2022-10-12,sh.600129,太极集团,24.701796,25.6343136,25.644234,24.3645024,4965314,125600480.89,0.8916,3.9421,556899282.0,14275730838.402834,2026-07-14
2022-10-13,sh.600129,太极集团,25.6640748,26.338662,26.4676272,25.3763832,4571226,120178604.46,0.8208,2.7477,556923246.0,14668613136.336851,2026-07-14
2022-10-14,sh.600129,太极集团,26.3188212,27.1422144,27.578712,26.2493784,8606797,235560833.4,1.5455,3.0508,556894015.0,15115336753.206816,2026-07-14
2022-10-17,sh.600129,太极集团,27.1422144,27.925926,29.562792,26.9438064,13530140,386560350.68,2.4296,2.8874,556887554.0,15551600623.325005,2026-07-14
2022-10-18,sh.600129,太极集团,27.925926,29.6223144,29.7612,27.4100652,13784286,405213477.46,2.4752,6.0746,556895847.0,16496543867.888296,2026-07-14
2022-10-19,sh.600129,太极集团,29.0469312,29.1362148,29.413986,28.669956,7869505,229926309.8,1.4131,-1.641,556896540.0,16225857210.816793,2026-07-14
2022-10-20,sh.600129,太极集团,28.9378068,29.7215184,30.25722,28.6302744,9225720,275059535.96,1.6566,2.0089,556906918.0,16552119210.424292,2026-07-14
2022-10-21,sh.600129,太极集团,29.1957372,31.0806132,31.24926,29.1957372,9496958,291763935.91,1.7054,4.5728,556875689.0,17308037890.292496,2026-07-14
2022-10-24,sh.600129,太极集团,30.8326032,32.588514,32.7174792,30.6341952,11803353,377815799.5,2.1195,4.8516,556893277.0,18148324354.02038,2026-07-14
2022-10-25,sh.600129,太极集团,32.042892,30.852444,32.48931,30.3663444,11001936,344653504.24,1.9756,-5.3272,556890869.0,17181444349.933834,2026-07-14
2022-10-26,sh.600129,太极集团,30.951648,33.4615092,33.7095192,30.951648,10478556,346376549.58,1.8816,8.4566,556896046.0,18634582166.672623,2026-07-14
2022-10-27,sh.600129,太极集团,32.9158872,35.366226,35.5051116,32.6083548,12743697,436421290.42,2.2884,5.6923,556882407.0,19694829061.385983,2026-07-14
2022-10-28,sh.600129,太极集团,33.72936,32.2313796,34.6916388,32.042892,15325811,511337854.8,2.752,-8.864,556897202.0,17949565115.839878,2026-07-14
2022-10-31,sh.600129,太极集团,31.7353596,32.4793896,33.2234196,31.2591804,10208238,331779534.31,1.8331,0.7695,556883858.0,18087247785.933075,2026-07-14
2022-11-01,sh.600129,太极集团,32.5686732,32.142096,33.183738,31.4575884,8388898,272093139.14,1.5064,-1.0385,556883829.0,17899413492.565586,2026-07-14
2022-11-02,sh.600129,太极集团,32.0627328,34.175778,35.068614,31.7651208,12991290,446147947.93,2.3328,6.3272,556896862.0,19032383524.608635,2026-07-14
2022-11-03,sh.600129,太极集团,33.72936,33.630156,34.4039472,32.73732,6974472,235771677.79,1.2524,-1.5965,556888534.0,18728248273.031303,2026-07-14
2022-11-04,sh.600129,太极集团,33.630156,33.2631012,33.97737,32.5289916,8499535,283778370.25,1.5262,-1.0914,556908334.0,18524498272.9654,2026-07-14
2022-11-07,sh.600129,太极集团,33.382146,32.8266036,34.1559372,32.7273996,5396047,179938681.89,0.969,-1.3123,556867595.0,18280071798.75034,2026-07-14
2022-11-08,sh.600129,太极集团,32.886126,33.7095192,34.0666536,32.1222552,6221393,209782782.36,1.1172,2.6896,556873702.0,18771944749.54408,2026-07-14
2022-11-09,sh.600129,太极集团,33.580554,34.5527532,35.019012,33.5607132,5376402,186773316.36,0.9654,2.5015,556909260.0,19242748215.57463,2026-07-14
2022-11-10,sh.600129,太极集团,34.5626736,33.4218276,34.9991712,33.2928624,5675195,194243988.43,1.0191,-3.273,556883034.0,18612048755.71294,2026-07-14
2022-11-11,sh.600129,太极集团,33.6599172,33.8087232,36.011052,32.9258076,10994664,385168559.93,1.9743,1.1576,556889227.0,18827713728.704967,2026-07-14
2022-11-14,sh.600129,太极集团,33.7392804,37.003092,37.1717388,33.580554,16257356,593064278.89,2.9193,9.4484,556892269.0,20606735863.89575,2026-07-14
2022-11-15,sh.600129,太极集团,36.70548,36.407868,36.70548,34.7214,12951534,463656556.64,2.3257,-1.6086,556887561.0,20275088811.72995,2026-07-14
2022-11-16,sh.600129,太极集团,35.71344,34.4932308,35.8027236,34.0567332,8722584,304183779.3,1.5663,-5.2589,556891017.0,19208970379.827724,2026-07-14
2022-11-17,sh.600129,太极集团,34.7511612,35.9416092,36.8840472,34.7412408,11688309,423937816.77,2.0989,4.199,556877841.0,20015085733.36174,2026-07-14
2022-11-18,sh.600129,太极集团,36.2888232,35.4059076,36.804684,35.21742,7119442,257009854.5,1.2784,-1.4905,556902534.0,19717639661.009857,2026-07-14
2022-11-21,sh.600129,太极集团,36.2392212,35.9912112,37.003092,35.415828,9699247,354413705.06,1.7417,1.6531,556883907.0,20042926310.71816,2026-07-14
2022-11-22,sh.600129,太极集团,35.21742,34.3047432,36.4376292,33.828564,9505664,333852416.85,1.7069,-4.6858,556896362.0,19104186687.424236,2026-07-14
2022-11-23,sh.600129,太极集团,33.72936,33.3920664,34.7015592,32.0528124,12511122,415659509.42,2.2466,-2.6605,556891391.0,18595754305.86036,2026-07-14
2022-11-24,sh.600129,太极集团,33.72936,34.7610816,35.167818,33.2432604,8937610,308378879.38,1.6049,4.0998,556895134.0,19358277195.616932,2026-07-14
2022-11-25,sh.600129,太极集团,34.5031512,33.6103152,34.5031512,33.034932,4762774,161018885.44,0.8552,-3.3105,556919317.0,18718233785.33872,2026-07-14
2022-11-28,sh.600129,太极集团,32.8067628,34.374186,35.1777384,32.8067628,6519275,225825015.71,1.1707,2.2727,556869821.0,19141946804.840706,2026-07-14
2022-11-29,sh.600129,太极集团,34.5130716,34.6122756,34.8503652,33.5607132,6340256,220409076.06,1.1385,0.6926,556895564.0,19275422741.585438,2026-07-14
2022-11-30,sh.600129,太极集团,34.919808,34.3543452,35.366226,33.8384844,5511127,191830700.6,0.9896,-0.7452,556904507.0,19132089676.913815,2026-07-14
2022-12-01,sh.600129,太极集团,34.919808,31.4873496,35.0586936,31.3286232,19895082,648233243.84,3.5725,-8.3454,556895227.0,17535154703.12036,2026-07-14
2022-12-02,sh.600129,太极集团,31.49727,31.4774292,32.1520164,31.24926,11056934,353481685.85,1.9855,-0.0315,556884110.0,17529280145.130013,2026-07-14
2022-12-05,sh.600129,太极集团,31.7353596,31.7254392,32.4992304,31.1202948,9316639,298989946.0,1.673,0.7879,556882188.0,17667331996.95697,2026-07-14
2022-12-06,sh.600129,太极集团,31.546872,30.5250708,32.1024144,30.2770608,10344228,322316724.15,1.8575,-3.7836,556889798.0,16999100511.7477,2026-07-14
2022-12-07,sh.600129,太极集团,30.50523,31.8544044,32.0131308,29.7612,9707887,305795682.55,1.7432,4.3549,556900356.0,17739729150.527966,2026-07-14
2022-12-08,sh.600129,太极集团,33.034932,32.0627328,33.9376884,31.348464,16726694,546648532.91,3.0036,0.654,556888201.0,17855357588.135693,2026-07-14
2022-12-09,sh.600129,太极集团,31.9337676,31.3286232,32.2313796,31.00125,8333053,264593850.46,1.4964,-2.2896,556873363.0,17446075759.54382,2026-07-14
2022-12-12,sh.600129,太极集团,31.844484,32.4496284,32.4595488,30.9814092,11980142,388157916.56,2.1513,3.5782,556879189.0,18070522746.74337,2026-07-14
2022-12-13,sh.600129,太极集团,32.4595488,31.150056,32.5488324,30.554832,9623909,302256966.85,1.7282,-4.0049,556874725.0,17346678868.7346,2026-07-14
2022-12-14,sh.600129,太极集团,30.8127624,30.4754688,31.0706928,29.9794488,7927202,242953785.0,1.4235,-2.1656,556881068.0,16971211613.14468,2026-07-14
2022-12-15,sh.600129,太极集团,30.25722,30.108414,30.5647524,29.4933492,8935475,268713179.5,1.6045,-1.2044,556900904.0,16767402974.606256,2026-07-14
2022-12-16,sh.600129,太极集团,29.8207224,29.6421552,30.0191304,29.116374,8659348,257640283.86,1.5549,-1.5486,556907068.0,16507925741.632954,2026-07-14
2022-12-19,sh.600129,太极集团,30.00921,28.9278864,30.604434,28.76916,8514603,251486373.22,1.529,-2.4096,556873970.0,16109186943.277008,2026-07-14
2022-12-20,sh.600129,太极集团,28.6997172,28.0350504,28.8882048,27.7671996,10362583,293525269.78,1.8608,-3.0864,556888596.0,15612399856.045238,2026-07-14
2022-12-21,sh.600129,太极集团,28.1937768,28.5608316,28.6401948,27.7870404,6395698,182282762.46,1.1485,1.8754,556874010.0,15904784822.026716,2026-07-14
2022-12-22,sh.600129,太极集团,28.5608316,27.9457668,28.8386028,27.8168016,4986100,142318739.0,0.8953,-2.1535,556919468.0,15563541579.108063,2026-07-14
2022-12-23,sh.600129,太极集团,27.8961648,27.2612592,28.2532992,26.9140452,6002078,165336077.66,1.0778,-2.4494,556882353.0,15181314169.038898,2026-07-14
2022-12-26,sh.600129,太极集团,27.4100652,26.9636472,27.727518,26.7751596,7256368,198391058.38,1.303,-1.0917,556897007.0,15015974423.48393,2026-07-14
2022-12-27,sh.600129,太极集团,27.1620552,27.5191896,27.9060852,26.4577068,7867477,215895977.69,1.4128,2.0603,556871249.0,15324645484.019812,2026-07-14
2022-12-28,sh.600129,太极集团,27.479508,27.4199856,27.7374384,26.8446024,6885035,189424433.54,1.2363,-0.3605,556906495.0,15270368073.446472,2026-07-14
2022-12-29,sh.600129,太极集团,27.4497468,29.7711204,29.959608,27.380304,14302392,421796883.38,2.5683,8.5745,556881673.0,16578991335.43643,2026-07-14
2022-12-30,sh.600129,太极集团,29.3842248,29.8207224,29.9397672,28.9576476,9456349,282042923.93,1.6981,0.1666,556878217.0,16606510719.763962,2026-07-14
2023-01-03,sh.600129,太极集团,29.9397672,31.1698968,31.6063944,29.8207224,11263653,351843136.78,2.0226,4.5243,556889795.0,17358197439.123158,2026-07-14
2023-01-04,sh.600129,太极集团,30.9615684,31.3286232,31.646076,30.6837972,6216335,195386736.75,1.1163,0.5092,556869569.0,17445956898.747402,2026-07-14
2023-01-05,sh.600129,太极集团,31.2790212,31.3881456,32.142096,30.9714888,5633267,179219067.05,1.0116,0.19,556867042.0,17479023794.137318,2026-07-14
2023-01-06,sh.600129,太极集团,31.2194988,30.6143544,31.3385436,30.207618,5565103,172051428.3,0.9993,-2.4652,556900130.0,17049137945.226072,2026-07-14
2023-01-09,sh.600129,太极集团,30.6242748,30.3266628,31.100454,30.2869812,4298471,132345117.38,0.7719,-0.9397,556868895.0,16887975202.473606,2026-07-14
2023-01-10,sh.600129,太极集团,30.2671404,30.703638,30.9119664,29.8306428,5246887,161385912.0,0.9422,1.243,556876141.0,17098123444.10096,2026-07-14
2023-01-11,sh.600129,太极集团,30.5647524,31.4675088,32.0627328,30.4159464,6089968,193209384.7,1.0936,2.4879,556873446.0,17523420062.491325,2026-07-14
2023-01-12,sh.600129,太极集团,31.4278272,31.348464,31.894086,30.8226828,4498971,142104382.79,0.8079,-0.3783,556872261.0,17457090026.557102,2026-07-14
2023-01-13,sh.600129,太极集团,30.6441156,31.4575884,31.695678,30.2969016,5790390,181087401.1,1.0398,0.3481,556875361.0,17517955896.43941,2026-07-14
2023-01-16,sh.600129,太极集团,31.24926,30.951648,32.935728,30.852444,8872880,284983601.56,1.5933,-1.6083,556886964.0,17236569285.51667,2026-07-14
2023-01-17,sh.600129,太极集团,30.9714888,30.6639564,31.8147228,30.4457076,6629012,207713983.85,1.1904,-0.9295,556872648.0,17075918598.624548,2026-07-14
2023-01-18,sh.600129,太极集团,30.554832,32.2809816,32.8662852,30.554832,9777410,316811957.31,1.7557,5.2734,556895255.0,17977125479.782307,2026-07-14
2023-01-19,sh.600129,太极集团,32.290902,33.0547728,33.6499968,31.7651208,9346765,311168162.91,1.6784,2.397,556885427.0,18407721265.115986,2026-07-14
2023-01-20,sh.600129,太极集团,32.9754096,33.1142952,33.97737,32.786922,5518777,184747485.42,0.991,0.1801,556889707.0,18441010151.439507,2026-07-14
2023-01-30,sh.600129,太极集团,33.134136,31.844484,33.4119072,31.5766332,7785793,251711319.55,1.3981,-3.8346,556883842.0,17733678596.42753,2026-07-14
2023-01-31,sh.600129,太极集团,31.8147228,32.3305836,32.6579568,31.5766332,5442870,176786205.9,0.9774,1.5265,556872314.0,18004006902.30245,2026-07-14
2023-02-01,sh.600129,太极集团,32.2115388,32.4297876,32.638116,32.092494,3852599,125731306.57,0.6918,0.3068,556894912.0,18059983711.68069,2026-07-14
2023-02-02,sh.600129,太极集团,32.638116,32.9158872,33.7988028,32.3504244,4909961,164541394.49,0.8817,1.4989,556874334.0,18330012762.519123,2026-07-14
2023-02-03,sh.600129,太极集团,32.9158872,33.3127032,33.580554,32.6480364,4814557,160744025.46,0.8645,1.2055,556918103.0,18552447471.94603,2026-07-14
2023-02-06,sh.600129,太极集团,33.0448524,32.7770016,33.8484048,32.3702652,4682956,155674016.45,0.8409,-1.6081,556898085.0,18253449423.081936,2026-07-14
2023-02-07,sh.600129,太极集团,33.0250116,32.439708,33.2631012,32.3504244,3252922,106966301.26,0.5841,-1.0291,556911830.0,18066057146.94564,2026-07-14
2023-02-08,sh.600129,太极集团,32.340504,32.73732,32.935728,32.1817776,2845951,93448342.48,0.511,0.9174,556937573.0,18232643547.32436,2026-07-14
2023-02-09,sh.600129,太极集团,32.73732,32.5587528,32.98533,32.0528124,3934641,128833266.78,0.7065,-0.5455,556920170.0,18132626144.363976,2026-07-14
2023-02-10,sh.600129,太极集团,32.638116,32.5190712,32.638116,32.0329716,3513908,114527538.84,0.631,-0.1219,556879239.0,18109195622.842815,2026-07-14
2023-02-13,sh.600129,太极集团,32.4198672,33.5607132,33.97737,32.142096,6690585,226336425.28,1.2014,3.2032,556899034.0,18689928761.43105,2026-07-14
2023-02-14,sh.600129,太极集团,33.8880864,34.7214,34.870206,33.6400764,5576923,192796203.15,1.0014,3.4585,556912622.0,19336785913.510803,2026-07-14
2023-02-15,sh.600129,太极集团,34.7610816,34.175778,35.5745544,34.0071312,6124945,213957185.95,1.0998,-1.5714,556914439.0,19032984232.25854,2026-07-14
2023-02-16,sh.600129,太极集团,34.2154596,34.5825144,35.415828,34.2154596,6357464,223635043.53,1.1416,1.1901,556890680.0,19258679960.325794,2026-07-14
2023-02-17,sh.600129,太极集团,34.3345044,34.0468128,35.1479772,33.7988028,6547379,227240728.61,1.1757,-1.5491,556891979.0,18960396958.83453,2026-07-14
2023-02-20,sh.600129,太极集团,34.0468128,33.7888824,34.4932308,33.282942,5386301,182903937.05,0.9672,-0.7576,556896299.0,18816903555.90624,2026-07-14
2023-02-21,sh.600129,太极集团,33.97737,34.324584,34.572594,33.4714296,4465700,153249057.8,0.8019,1.5854,556889887.0,19115013705.08201,2026-07-14
2023-02-22,sh.600129,太极集团,34.0666536,33.7492008,34.2353004,33.4019868,3805210,129238917.1,0.6833,-1.6763,556887165.0,18794496754.52773,2026-07-14
2023-02-23,sh.600129,太极集团,33.6103152,33.4218276,33.878166,33.084534,4477900,150641100.02,0.8041,-0.97,556883472.0,18612063394.473427,2026-07-14
2023-02-24,sh.600129,太极集团,33.23334,33.2035788,33.878166,32.886126,2764200,92635730.0,0.4964,-0.653,556849315.0,18489390110.32852,2026-07-14
2023-02-27,sh.600129,太极集团,33.3623052,33.1738176,34.076574,32.935728,3215591,107786118.79,0.5774,-0.0896,556908729.0,18474788595.69383,2026-07-14
2023-02-28,sh.600129,太极集团,33.1738176,34.5031512,34.6618776,32.9555688,5657014,195274618.8,1.0158,4.0072,556902343.0,19214885744.16326,2026-07-14
2023-03-01,sh.600129,太极集团,34.7214,34.5130716,34.7214,33.2631012,5319133,183013610.54,0.9551,0.0288,556918961.0,19220983976.39061,2026-07-14
2023-03-02,sh.600129,太极集团,34.5031512,33.5210316,34.5825144,33.332544,5595592,190227190.24,1.0048,-2.8744,556886146.0,18667398097.668213,2026-07-14
2023-03-03,sh.600129,太极集团,33.5507928,33.9178476,34.026972,33.0150912,4419445,149637233.35,0.7936,1.1838,556885711.0,18888364676.315643,2026-07-14
2023-03-06,sh.600129,太极集团,33.9376884,36.1697784,36.804684,33.8484048,9291165,334847020.29,1.6684,6.6394,556890734.0,20142614441.793346,2026-07-14
2023-03-07,sh.600129,太极集团,36.1499376,35.8225644,36.6657984,35.7531216,4327240,157070105.78,0.777,-0.96,556916345.0,19950171634.175117,2026-07-14
2023-03-08,sh.600129,太极集团,35.6836788,35.2571016,36.011052,35.0586936,3264314,116258972.48,0.5862,-1.5785,556860116.0,19633273686.799786,2026-07-14
2023-03-09,sh.600129,太极集团,35.3067036,35.2571016,35.614236,34.6519572,3535420,125149731.6,0.6348,0.0,556934468.0,19635895122.817947,2026-07-14
2023-03-10,sh.600129,太极集团,35.3265444,34.8801264,35.614236,34.7412408,2485561,87692762.58,0.4463,-1.0692,556926059.0,19425651333.37386,2026-07-14
2023-03-13,sh.600129,太极集团,34.7214,36.804684,37.350306,34.671798,9621418,354917923.21,1.7277,5.5176,556891706.0,20496223261.550903,2026-07-14
2023-03-14,sh.600129,太极集团,36.9237288,35.7432012,37.499112,35.614236,5316000,194873124.0,0.9546,-2.8841,556882464.0,19904761955.503757,2026-07-14
2023-03-15,sh.600129,太极集团,36.011052,38.0050524,38.292744,35.7928032,9589045,363521145.42,1.7219,6.3281,556887450.0,21164536718.152378,2026-07-14
2023-03-16,sh.600129,太极集团,37.6578384,38.5308336,39.5228736,37.2808632,10669338,414873001.44,1.9159,1.3835,556883867.0,21457199613.90153,2026-07-14
2023-03-17,sh.600129,太极集团,38.3125848,37.598316,38.6300376,37.1915796,6967678,265423029.72,1.2512,-2.4202,556879636.0,20937736528.292973,2026-07-14
2023-03-20,sh.600129,太极集团,37.0824552,37.1122164,37.9356096,36.4773108,7760101,289722737.25,1.3935,-1.2929,556878436.0,20666993025.32555,2026-07-14
2023-03-21,sh.600129,太极集团,37.2114204,35.9515296,37.3403856,35.6043156,6468206,236151472.22,1.1615,-3.1275,556883857.0,20020826468.697666,2026-07-14
2023-03-22,sh.600129,太极集团,36.1796988,36.1003356,36.3483456,35.7928032,4463111,162309834.4,0.8014,0.4139,556914275.0,20104792227.93069,2026-07-14
2023-03-23,sh.600129,太极集团,35.911848,36.507072,36.9832512,35.6043156,4770366,175441753.25,0.8566,1.1267,556895400.0,20330620464.2688,2026-07-14
2023-03-24,sh.600129,太极集团,36.5368332,34.4337084,36.8741268,34.2849024,10541053,372119535.61,1.8928,-5.6793,556902631.0,19176222803.046803,2026-07-14
2023-03-27,sh.600129,太极集团,34.274982,35.1777384,35.5745544,34.0964148,5813300,205363608.33,1.0439,2.1608,556882843.0,19589878970.502274,2026-07-14
2023-03-28,sh.600129,太极集团,35.7035196,37.3800672,37.6280772,35.118216,8694733,322829257.92,1.5613,6.2606,556890604.0,20816608200.56859,2026-07-14
2023-03-29,sh.600129,太极集团,37.151898,38.887968,39.6816,36.804684,8517298,331427585.26,1.5294,4.034,556904538.0,21656885852.798786,2026-07-14
2023-03-30,sh.600129,太极集团,38.6498784,38.6796396,39.1756596,37.9058484,5476056,212811982.08,0.9833,-0.5357,556905929.0,21540920624.82319,2026-07-14
2023-03-31,sh.600129,太极集团,38.9177292,42.5485956,42.5485956,38.9177292,17969653,755826759.2,3.2268,10.0026,556887722.0,23694790477.983223,2026-07-14
2023-04-03,sh.600129,太极集团,42.6676404,42.7172424,43.3918296,42.0426552,12213958,524578837.01,2.1932,0.3964,556901240.0,23789285261.94058,2026-07-14
2023-04-04,sh.600129,太极集团,42.3898692,44.14578,44.344188,42.0724164,9353895,411708061.47,1.6797,3.3442,556878907.0,24583853715.06246,2026-07-14
2023-04-06,sh.600129,太极集团,43.8779292,44.1060984,44.939412,43.302546,7508767,333912321.23,1.3483,-0.0899,556906252.0,24562961950.287197,2026-07-14
2023-04-07,sh.600129,太极集团,44.1060984,43.6696008,44.244984,43.0644564,4491648,197436977.12,0.8066,-0.9897,556861889.0,24317936393.36391,2026-07-14
2023-04-10,sh.600129,太极集团,43.9870536,43.1438196,43.9870536,42.260904,7154989,309778837.09,1.2848,-1.204,556895159.0,24026584276.009315,2026-07-14
2023-04-11,sh.600129,太极集团,43.1438196,42.5783568,43.4315112,41.66568,5882149,251165158.28,1.0562,-1.3106,556916209.0,23712577054.50537,2026-07-14
2023-04-12,sh.600129,太极集团,42.65772,42.8958096,44.14578,42.4890732,4346502,189538987.27,0.7805,0.7456,556886867.0,23888113015.57252,2026-07-14
2023-04-13,sh.600129,太极集团,42.7866852,44.4731532,44.8203672,42.3799488,7963240,353534102.35,1.4299,3.6772,556908875.0,24767493716.314648,2026-07-14
2023-04-14,sh.600129,太极集团,44.2350636,43.0842972,44.6418,42.6676404,7219428,314891028.43,1.2964,-3.1229,556882752.0,23992901992.721897,2026-07-14
2023-04-17,sh.600129,太极集团,42.9950136,42.9454116,43.352148,42.1617,7780288,334184022.65,1.3971,-0.3224,556888412.0,23915802068.61038,2026-07-14
2023-04-18,sh.600129,太极集团,42.9454116,42.40971,43.0446156,42.1716204,3691536,158191999.92,0.6629,-1.2474,556876754.0,23616981642.88134,2026-07-14
2023-04-19,sh.600129,太极集团,42.3204264,42.6279588,43.2430236,42.0525756,4233967,181637994.83,0.7603,0.5146,556881100.0,23738704587.29868,2026-07-14
2023-04-20,sh.600129,太极集团,42.6378792,41.9831328,42.8660484,41.368068,6741133,284381460.38,1.2105,-1.5127,556888311.0,23379915915.4807,2026-07-14
2023-04-21,sh.600129,太极集团,42.2013816,42.1517796,43.550556,41.66568,5867372,251321612.38,1.0536,0.4017,556888003.0,23473820364.340137,2026-07-14
2023-04-24,sh.600129,太极集团,41.7252024,42.7866852,43.252944,41.7252024,4880583,210161107.19,0.8764,1.5062,556889890.0,23827472414.49263,2026-07-14
2023-04-25,sh.600129,太极集团,43.0148544,43.1735808,44.1060984,41.9236104,7017384,304202667.56,1.2601,0.9042,556891040.0,24042980312.236034,2026-07-14
2023-04-26,sh.600129,太极集团,43.1438196,42.9454116,43.64976,41.8740084,4740284,204753792.56,0.8512,-0.5285,556894267.0,23916053513.995296,2026-07-14
2023-04-27,sh.600129,太极集团,42.9255708,44.542596,44.88981,42.65772,7162109,319036473.37,1.2861,3.7191,556885856.0,24805141701.922176,2026-07-14
2023-04-28,sh.600129,太极集团,47.5881588,48.9968556,48.9968556,47.5583976,11519398,567634644.88,2.0685,10.0,556896205.0,27286162940.572998,2026-07-14
2023-05-04,sh.600129,太极集团,49.5920796,53.8975332,53.8975332,48.60996,15579224,813654971.22,2.7975,10.002,556898088.0,30015433186.99652,2026-07-14
2023-05-05,sh.600129,太极集团,54.5622,54.4233144,55.6336032,52.9550952,12569712,683984152.1,2.2571,0.9755,556896549.0,30308155974.502007,2026-07-14
2023-05-08,sh.600129,太极集团,53.8975332,51.189264,54.859812,49.9690548,17386456,900177171.0,3.1221,-5.9424,556883380.0,28506450356.032322,2026-07-14
2023-05-09,sh.600129,太极集团,49.453194,49.5920796,51.7745676,47.717124,14654162,733112870.77,2.6314,-3.1202,556896025.0,27617632000.72359,2026-07-14
2023-05-10,sh.600129,太极集团,49.006776,48.9472536,49.5821592,47.4790344,8697510,424302862.81,1.5618,-1.3003,556890127.0,27258242273.60521,2026-07-14
2023-05-11,sh.600129,太极集团,48.560358,47.61792,48.808368,46.3381884,10554818,505580260.27,1.8953,-2.7158,556894318.0,26518149082.978558,2026-07-14
2023-05-12,sh.600129,太极集团,47.8361688,49.0464576,49.899612,47.3996712,10338791,511400875.24,1.8565,3.0,556896903.0,27313820340.56081,2026-07-14
2023-05-15,sh.600129,太极集团,50.2666668,50.1178608,50.891652,48.6992436,9078938,455545217.26,1.6303,2.1845,556887567.0,27910013564.156673,2026-07-14
2023-05-16,sh.600129,太极集团,49.701204,51.0305376,52.478916,49.254786,8902396,458174078.31,1.5986,1.8211,556887026.0,28418244319.24518,2026-07-14
2023-05-17,sh.600129,太极集团,51.040458,56.1296232,56.1296232,49.9591344,11054668,593874269.63,1.9851,9.9922,556882172.0,31257586481.15759,2026-07-14
2023-05-18,sh.600129,太极集团,56.3577924,57.8260116,57.8458524,55.1971056,10756357,611961801.96,1.9315,3.0223,556891380.0,32202807399.820007,2026-07-14
2023-05-19,sh.600129,太极集团,56.1395436,60.712848,63.6096048,55.1772648,12075513,722998253.55,2.1684,4.9923,556885861.0,33810126632.24213,2026-07-14
2023-05-22,sh.600129,太极集团,62.7564504,62.4885996,65.9111376,58.629564,16119249,1001970776.62,2.8945,2.9248,556892348.0,34799422954.47586,2026-07-14
2023-05-23,sh.600129,太极集团,59.9985792,63.2822316,66.665088,57.8557728,15376091,957558054.81,2.7611,1.27,556882800.0,35240786323.65648,2026-07-14
2023-05-24,sh.600129,太极集团,61.109664,59.9787384,62.4885996,59.6315244,9664177,590039026.12,1.7354,-5.2203,556884695.0,33401241440.368786,2026-07-14
2023-05-25,sh.600129,太极集团,58.53036,60.6830868,61.6850472,57.736728,8402158,508989605.08,1.5088,1.1743,556876856.0,33793006589.5591,2026-07-14
2023-05-26,sh.600129,太极集团,60.6930072,66.7543716,66.7543716,60.51444,17400541,1140920869.64,3.1246,10.0049,556888594.0,37174748143.67753,2026-07-14
2023-05-29,sh.600129,太极集团,65.47464,63.8476944,66.8833368,62.3794752,17690941,1144957085.54,3.1767,-4.3543,556896811.0,35556577401.06256,2026-07-14
2023-05-30,sh.600129,太极集团,63.4607988,65.0183016,65.871456,62.74653,8095918,526720217.08,1.4538,1.8334,556879763.0,36207376385.670525,2026-07-14
2023-05-31,sh.600129,太极集团,64.879416,65.2464708,67.8952176,64.383396,7962775,529652534.16,1.4299,0.3509,556876355.0,36334216835.71793,2026-07-14
2023-06-01,sh.600129,太极集团,64.9190976,63.0342216,65.4051972,62.4092364,9951422,635181209.23,1.787,-3.3906,556878679.0,35102414056.40127,2026-07-14
2023-06-02,sh.600129,太极集团,62.9846196,63.292152,63.98658,62.696928,5948064,378858015.54,1.0681,0.4092,556882689.0,35246303798.35673,2026-07-14
2023-06-05,sh.600129,太极集团,63.3715152,64.5222816,65.077824,62.8258932,6199679,400516586.72,1.1133,1.9436,556874068.0,35930785431.23355,2026-07-14
2023-06-06,sh.600129,太极集团,64.085784,62.99454,64.5718836,62.2604304,7364485,468949686.5,1.3224,-2.3678,556902979.0,35081846986.73466,2026-07-14
2023-06-07,sh.600129,太极集团,63.4508784,64.23459,66.1095456,62.5084404,7233433,472081882.89,1.2989,1.9685,556889137.0,35771545390.64883,2026-07-14
2023-06-08,sh.600129,太极集团,64.4826,63.4707192,64.8198936,62.8754952,5374883,345618540.1,0.9652,-1.1892,556867281.0,35344766824.01849,2026-07-14
2023-06-09,sh.600129,太极集团,62.895336,60.1771464,64.284192,60.117624,14839246,915363064.82,2.6647,-5.1891,556882426.0,33511595276.989166,2026-07-14
2023-06-12,sh.600129,太极集团,59.8993752,60.0581016,61.0699824,58.9866984,10864366,657800689.68,1.9509,-0.1978,556889948.0,33445753077.002716,2026-07-14
2023-06-13,sh.600129,太极集团,60.0581016,58.1930664,60.51444,57.3200712,12283688,720192134.43,2.2058,-3.1054,556881313.0,32406631224.328182,2026-07-14
2023-06-14,sh.600129,太极集团,58.2228276,58.480758,59.6910468,57.8160912,5933654,350874332.86,1.0655,0.4944,556889160.0,32567300198.78328,2026-07-14
2023-06-15,sh.600129,太极集团,58.2724296,59.0462208,60.9806988,58.1434644,7229419,433743496.7,1.2982,0.9669,556880219.0,32881672370.226357,2026-07-14
2023-06-16,sh.600129,太极集团,59.4331164,58.7684496,60.1771464,58.133544,5121745,303924794.44,0.9197,-0.4704,556893009.0,32727738732.008846,2026-07-14
2023-06-19,sh.600129,太极集团,58.4113152,59.9588976,61.3179924,58.28235,8875748,539241449.47,1.5938,2.0257,556892207.0,33390642813.751003,2026-07-14
2023-06-20,sh.600129,太极集团,60.4549176,60.0779424,61.804092,59.6414448,5657158,345010858.74,1.0158,0.1985,556916519.0,33458398550.090504,2026-07-14
2023-06-21,sh.600129,太极集团,59.8993752,60.1870668,61.308072,59.323992,5235514,318411493.93,0.9401,0.1816,556910329.0,33518799173.132977,2026-07-14
2023-06-26,sh.600129,太极集团,59.5224,58.7982108,60.316032,57.78633,7565704,449976498.39,1.3586,-2.3076,556875018.0,32743254697.617794,2026-07-14
2023-06-27,sh.600129,太极集团,58.53036,59.77041,60.6930072,58.53036,6564725,395591302.38,1.1788,1.6535,556898965.0,33286079466.62565,2026-07-14
2023-06-28,sh.600129,太极集团,60.51444,59.3339124,60.5342808,58.8478128,4640387,278107872.32,0.8333,-0.7303,556868715.0,33041199554.11057,2026-07-14
2023-06-29,sh.600129,太极集团,59.5224,60.4251564,61.109664,58.9172556,5315048,322249877.5,0.9544,1.8392,556899413.0,33650734129.593193,2026-07-14
2023-06-30,sh.600129,太极集团,60.3755544,59.0164596,61.8338532,58.5105192,7773669,468851809.55,1.3959,-2.3313,556892972.0,32865851583.56193,2026-07-14
2023-07-03,sh.600129,太极集团,58.6394844,53.1138216,58.827972,53.1138216,11750096,639628530.87,2.1099,-10.0017,556902981.0,29579245581.34219,2026-07-14
2023-07-04,sh.600129,太极集团,52.2209856,55.55424,56.4272352,52.181304,18659881,1027173117.69,3.3507,4.5947,556895007.0,30937878873.67968,2026-07-14
2023-07-05,sh.600129,太极集团,55.2367872,54.1455432,56.1395436,53.1931848,8796630,480836765.6,1.5796,-2.5357,556889719.0,30153096337.75036,2026-07-14
2023-07-06,sh.600129,太极集团,54.2844288,53.2427868,54.959016,52.677324,8738638,471987964.75,1.5692,-1.6673,556884910.0,29650104535.267185,2026-07-14
2023-07-07,sh.600129,太极集团,53.4808764,53.3023092,53.9570556,52.5483588,6205761,333673595.35,1.1144,0.1118,556870154.0,29682465132.759617,2026-07-14
2023-07-10,sh.600129,太极集团,55.5443196,53.619762,56.1097824,49.7111244,20154596,1067544014.42,3.6191,0.5956,556895250.0,29860590763.9305,2026-07-14
2023-07-11,sh.600129,太极集团,53.5304784,52.82613,53.966976,51.6257616,12868076,683041592.2,2.3107,-1.4801,556890812.0,29418386430.51756,2026-07-14
2023-07-12,sh.600129,太极集团,52.33011,50.5345176,52.3499508,50.3658708,9129874,471219189.23,1.6394,-4.338,556903379.0,28142843607.57497,2026-07-14
2023-07-13,sh.600129,太极集团,50.5841196,50.0087364,51.33807,49.4829552,8616587,435850763.46,1.5473,-1.0404,556878886.0,27848809416.69965,2026-07-14
2023-07-14,sh.600129,太极集团,50.2269852,49.6714428,50.494836,49.304388,5031530,252375139.9,0.9035,-0.6745,556893193.0,27661688381.80886,2026-07-14
2023-07-17,sh.600129,太极集团,49.6813632,53.173344,53.7388068,49.205184,11767094,618216340.58,2.113,7.0501,556890393.0,29611724437.28419,2026-07-14
2023-07-18,sh.600129,太极集团,52.7070852,51.9432144,53.07414,51.635682,6667676,351127788.56,1.1973,-2.3134,556892675.0,28926795615.31452,2026-07-14
2023-07-19,sh.600129,太极集团,51.3579108,51.3479904,52.5681996,51.09006,3880517,201698673.22,0.6968,-1.1459,556905425.0,28595974416.60792,2026-07-14
2023-07-20,sh.600129,太极集团,51.4670352,50.5345176,51.7646472,50.445234,3027507,155730439.81,0.5436,-1.5842,556936534.0,28144519079.506,2026-07-14
2023-07-21,sh.600129,太极集团,50.5146768,50.2765872,50.7825276,49.800408,3679901,186491221.73,0.6608,-0.5104,556885745.0,27998314718.929466,2026-07-14
2023-07-24,sh.600129,太极集团,50.2666668,52.0622592,53.371752,50.0285772,7851471,412501446.35,1.4099,3.5517,556881410.0,28992504311.08147,2026-07-14
2023-07-25,sh.600129,太极集团,52.0622592,50.0087364,52.280508,49.10598,12433022,625967223.47,2.2326,-3.9444,556885335.0,27849131923.04069,2026-07-14
2023-07-26,sh.600129,太极集团,49.7607264,49.2647064,50.3857116,48.8282088,6288869,313918331.88,1.1293,-1.4878,556882051.0,27434630741.944828,2026-07-14
2023-07-27,sh.600129,太极集团,49.2647064,49.1853432,49.4432736,48.2726664,5271595,260231404.68,0.9466,-0.1611,556897845.0,27391211633.6654,2026-07-14
2023-07-28,sh.600129,太极集团,49.1655024,49.1952636,49.701204,48.36195,4184880,206970291.77,0.7515,0.0202,556870259.0,27395379182.505272,2026-07-14
2023-07-31,sh.600129,太极集团,49.1952636,47.816328,49.3440696,47.1219,7001839,338267604.31,1.2573,-2.803,556894854.0,26628667000.37611,2026-07-14
2023-08-01,sh.600129,太极集团,48.0544176,48.1833828,48.808368,47.5087956,5155492,250456535.96,0.9258,0.7676,556868870.0,26831825932.613434,2026-07-14
2023-08-02,sh.600129,太极集团,48.1833828,48.312348,48.461154,47.5484772,4036727,195856348.7,0.7249,0.2677,556866740.0,26903539732.50552,2026-07-14
2023-08-03,sh.600129,太极集团,48.3024276,50.09802,51.0702192,47.9353728,9775665,491462028.85,1.7554,3.6961,556891022.0,27899137557.97644,2026-07-14
2023-08-04,sh.600129,太极集团,49.6317612,50.6634828,51.7150452,49.3738308,7582200,388539337.87,1.3615,1.1287,556900477.0,28214517737.801292,2026-07-14
2023-08-07,sh.600129,太极集团,50.296428,49.8797712,52.8558912,49.403592,7022573,356950207.04,1.261,-1.5469,556905075.0,27778297721.11884,2026-07-14
2023-08-08,sh.600129,太极集团,50.1873036,53.4015132,54.06618,49.5226368,14549510,772577272.36,2.6126,7.0605,556897726.0,29739181266.038982,2026-07-14
2023-08-09,sh.600129,太极集团,52.4193936,49.9690548,52.57812,48.7290048,17048849,861445786.72,3.0614,-6.4276,556897139.0,27827623656.654217,2026-07-14
2023-08-10,sh.600129,太极集团,49.4234328,48.7885272,49.5821592,48.3222684,7860257,387066161.13,1.4115,-2.3625,556872618.0,27168994870.228207,2026-07-14
2023-08-11,sh.600129,太极集团,48.60996,47.3599896,49.2647064,47.320308,8176150,397224081.64,1.4682,-2.928,556882577.0,26373953055.141197,2026-07-14
2023-08-14,sh.600129,太极集团,46.6457208,50.1873036,50.5841196,46.62588,12047304,594939000.85,2.1633,5.9698,556894744.0,27949045590.37228,2026-07-14
2023-08-15,sh.600129,太极集团,50.643642,51.4670352,51.933294,49.602,8524472,438617295.47,1.5307,2.5499,556900242.0,28662004357.902515,2026-07-14
2023-08-16,sh.600129,太极集团,51.9630552,47.518716,51.9630552,47.4393528,11971856,593896070.99,2.1498,-7.6715,556882315.0,26462332571.90754,2026-07-14
2023-08-17,sh.600129,太极集团,47.6377608,48.85797,49.006776,47.518716,10410300,507540271.0,1.8694,2.8184,556879213.0,27207987882.37761,2026-07-14
2023-08-18,sh.600129,太极集团,49.0861392,45.8124072,49.0861392,45.8124072,13518455,632613049.13,2.4275,-6.2335,556887951.0,25512377575.98565,2026-07-14
2023-08-21,sh.600129,太极集团,45.63384,45.584238,46.725084,45.3064668,6375725,294829477.24,1.1449,-0.4981,556880514.0,25384973887.73833,2026-07-14
2023-08-22,sh.600129,太极集团,45.6933624,45.88185,46.1596212,44.8699692,5491150,252412004.0,0.986,0.6529,556911765.0,25552142064.96525,2026-07-14
2023-08-23,sh.600129,太极集团,45.63384,45.3759096,46.923492,45.1477404,5463166,253196467.57,0.981,-1.1027,556897655.0,25269737649.731987,2026-07-14
2023-08-24,sh.600129,太极集团,45.0683772,45.6139992,46.3679496,44.741004,4437612,203934389.82,0.7969,0.5247,556859330.0,25400581033.132538,2026-07-14
2023-08-25,sh.600129,太极集团,45.6040788,44.2846656,45.6040788,43.3323072,7660558,342979103.67,1.3756,-2.9143,556888485.0,24661620334.715614,2026-07-14
2023-08-28,sh.600129,太极集团,46.1497008,44.3045064,46.278666,42.90573,11372440,508896059.94,2.0421,0.0448,556899270.0,24673147271.870327,2026-07-14
2023-08-29,sh.600129,太极集团,43.9672128,43.9572924,44.7013224,43.550556,8733488,388084464.31,1.5683,-0.7837,556876108.0,24478765909.929977,2026-07-14
2023-08-30,sh.600129,太极集团,44.4533124,43.4315112,44.4533124,42.9850932,8438542,370750938.12,1.5153,-1.1961,556889197.0,24186539396.66451,2026-07-14
2023-08-31,sh.600129,太极集团,43.15374,42.9156504,43.748964,42.9156504,9400109,408723770.15,1.688,-1.1878,556878495.0,23898802806.698147,2026-07-14
2023-09-01,sh.600129,太极集团,42.6676404,40.92165,42.8858892,40.67364,13612994,568534979.45,2.4445,-4.6463,556882553.0,22788552924.97245,2026-07-14
2023-09-04,sh.600129,太极集团,41.5267944,41.16966,41.8442472,40.9811724,11015032,459489139.27,1.978,0.6061,556877250.0,22926447044.235,2026-07-14
2023-09-05,sh.600129,太极集团,40.9910928,40.8125256,42.3997896,40.6141176,10046358,418538092.67,1.804,-0.8675,556893459.0,22728228551.91005,2026-07-14
2023-09-06,sh.600129,太极集团,40.5545952,39.4435104,40.7827644,39.3939084,13229966,530591808.16,2.3757,-3.3544,556887065.0,21965580739.952976,2026-07-14
2023-09-07,sh.600129,太极集团,39.3443064,38.4613908,39.6816,38.0645748,13659390,533431929.68,2.4528,-2.4899,556889677.0,21418751499.58277,2026-07-14
2023-09-08,sh.600129,太极集团,38.4316296,37.2312612,38.4316296,37.1419776,9416482,356575433.88,1.6909,-3.1983,556891714.0,20733780864.049698,2026-07-14
2023-09-11,sh.600129,太极集团,37.499112,39.8601672,40.1875404,37.499112,19852996,790085818.55,3.565,7.061,556886283.0,22197580351.766518,2026-07-14
2023-09-12,sh.600129,太极集团,39.631998,40.9117296,41.764884,39.5129532,15931304,660167750.05,2.8608,2.6381,556882830.0,22783039759.84277,2026-07-14
2023-09-13,sh.600129,太极集团,40.9117296,41.3482272,41.864088,40.6835604,10507996,436239051.2,1.8869,1.0669,556892045.0,23026498802.532623,2026-07-14
2023-09-14,sh.600129,太极集团,41.3978292,41.6954412,43.15374,41.16966,15416413,654622554.82,2.7683,0.8397,556890980.0,23219815111.400375,2026-07-14
2023-09-15,sh.600129,太极集团,41.7351228,42.4890732,42.508914,41.467272,12069466,513112740.3,2.1673,1.9034,556889494.0,23661718474.87696,2026-07-14
2023-09-18,sh.600129,太极集团,42.360108,44.1854616,44.443392,42.0724164,13995910,616935413.25,2.5132,3.9925,556895989.0,24606706337.15352,2026-07-14
2023-09-19,sh.600129,太极集团,44.4235512,43.302546,44.5227552,43.0247748,8760001,383932074.76,1.573,-1.9982,556897711.0,24115088747.872208,2026-07-14
2023-09-20,sh.600129,太极集团,43.3719888,42.508914,43.64976,42.3204264,8436749,363280785.39,1.515,-1.8328,556881122.0,23672411723.321507,2026-07-14
2023-09-21,sh.600129,太极集团,42.4394712,42.5386752,42.6378792,41.8442472,8505727,362699292.01,1.5274,0.07,556876195.0,23688775585.716866,2026-07-14
2023-09-22,sh.600129,太极集团,42.6378792,43.0644564,43.104138,41.7549636,5979013,256517140.53,1.0736,1.236,556912537.0,23983135668.249886,2026-07-14
2023-09-25,sh.600129,太极集团,43.0644564,45.1179792,45.733044,42.9652524,12783201,575088587.55,2.2955,4.7685,556880897.0,25125340727.723343,2026-07-14
2023-09-26,sh.600129,太极集团,45.5643972,44.5624368,46.8044472,44.443392,14640417,671913566.01,2.629,-1.2313,556881590.0,24816000659.45851,2026-07-14
2023-09-27,sh.600129,太极集团,44.7112428,46.0207356,47.1119796,44.344188,18497539,851233352.12,3.3216,3.2725,556886410.0,25628322233.843197,2026-07-14
2023-09-28,sh.600129,太极集团,46.3084272,46.2885864,48.11394,46.0207356,16303973,770937412.01,2.9277,0.582,556886737.0,25777499840.638577,2026-07-14
2023-10-09,sh.600129,太极集团,46.1397804,42.9156504,46.278666,42.360108,24876826,1102855838.1,4.4671,-7.2868,556889839.0,23899289641.836285,2026-07-14
2023-10-10,sh.600129,太极集团,42.955332,42.211302,43.3819092,42.1021776,13923431,598084888.88,2.5002,-1.6412,556892689.0,23507165476.97108,2026-07-14
2023-10-11,sh.600129,太极集团,42.2807448,41.020854,42.4791528,40.8125256,16150230,676487571.79,2.9001,-2.8202,556885280.0,22843909765.62912,2026-07-14
2023-10-12,sh.600129,太极集团,41.1498192,40.723242,42.1319388,40.6339584,9788100,406478156.96,1.7576,-0.7255,556901457.0,22678832803.563595,2026-07-14
2023-10-13,sh.600129,太极集团,40.723242,41.070456,42.062496,40.2867444,11142105,463915609.51,2.0008,0.8526,556882497.0,22871418090.208633,2026-07-14
2023-10-16,sh.600129,太极集团,40.9514112,40.1081772,41.268864,39.5129532,11072500,447764839.0,1.9883,-2.343,556882764.0,22335552578.13778,2026-07-14
2023-10-17,sh.600129,太极集团,40.0982568,39.2451024,40.1081772,38.391948,13647112,534838517.19,2.4506,-2.1519,556888599.0,21855150093.147537,2026-07-14
2023-10-18,sh.600129,太极集团,39.334386,38.2729032,39.3443064,37.9157688,8205943,317921035.7,1.4735,-2.4772,556901459.0,21314235632.24577,2026-07-14
2023-10-19,sh.600129,太极集团,38.3225052,37.2015,38.5109928,36.755082,11668360,439838681.45,2.0953,-2.7994,556882547.0,20716866072.2205,2026-07-14
2023-10-20,sh.600129,太极集团,37.2015,36.6261168,37.44951,36.1896192,10389984,382795304.23,1.8657,-1.5467,556894678.0,20396889521.72639,2026-07-14
2023-10-23,sh.600129,太极集团,36.755082,35.6241564,36.755082,35.316624,9258100,333698182.64,1.6625,-2.7356,556878195.0,19838315914.429695,2026-07-14
2023-10-24,sh.600129,太极集团,35.7233604,36.95349,37.300704,35.7233604,10551136,391831162.15,1.8947,3.7316,556876339.0,20578524224.47311,2026-07-14
2023-10-25,sh.600129,太极集团,37.151898,37.3205448,38.491152,36.8146044,11426718,431576811.2,2.0519,0.9933,556884741.0,20783241924.926895,2026-07-14
2023-10-26,sh.600129,太极集团,37.102296,37.6578384,37.6578384,36.259062,8302597,311494820.58,1.4909,0.9038,556884902.0,20971081646.91584,2026-07-14
2023-10-27,sh.600129,太极集团,37.1221368,41.4275904,41.4275904,36.3384252,24900748,984580716.12,4.4714,10.0105,556889296.0,23070581652.83236,2026-07-14
2023-10-30,sh.600129,太极集团,41.5466352,42.65772,43.5108744,40.9514112,26020408,1111397246.98,4.6724,2.9693,556895985.0,23755912997.2542,2026-07-14
2023-10-31,sh.600129,太极集团,42.4196304,41.2787844,42.558516,41.0506152,11905608,500868021.43,2.1379,-3.2326,556883297.0,22987465552.824165,2026-07-14
2023-11-01,sh.600129,太极集团,41.2490232,41.120058,42.0327348,40.624038,9946452,413588042.39,1.7861,-0.3845,556881026.0,22898980088.21951,2026-07-14
2023-11-02,sh.600129,太极集团,41.2589436,40.9414908,41.764884,40.9117296,6472742,269046136.88,1.1623,-0.4343,556890820.0,22799940383.634453,2026-07-14
2023-11-03,sh.600129,太极集团,41.764884,42.360108,43.500954,41.2589436,13166429,565666988.97,2.3643,3.465,556884871.0,23589703279.126064,2026-07-14
2023-11-06,sh.600129,太极集团,42.459312,44.1557004,44.8104468,42.211302,15268228,673819385.78,2.7417,4.2389,556889083.0,24589827504.978733,2026-07-14
2023-11-07,sh.600129,太极集团,44.096178,44.840208,45.8520888,43.5207948,11420718,516413223.19,2.0508,1.5502,556890872.0,24971102533.781376,2026-07-14
2023-11-08,sh.600129,太极集团,44.9592528,44.5624368,46.4572332,44.0564964,10692057,486054820.69,1.92,-0.6195,556877969.0,24815839298.87486,2026-07-14
2023-11-09,sh.600129,太极集团,44.4136308,43.89777,44.691402,43.600158,6079132,270190697.72,1.0916,-1.4915,556901063.0,24446714776.32951,2026-07-14
2023-11-10,sh.600129,太极集团,43.5307152,44.5525164,44.939412,43.203342,6578162,294047458.8,1.1812,1.4915,556905012.0,24811519680.372196,2026-07-14
2023-11-13,sh.600129,太极集团,44.344188,43.4315112,44.840208,43.302546,8195576,361382659.79,1.4717,-2.5161,556878168.0,24186060390.527485,2026-07-14
2023-11-14,sh.600129,太极集团,43.203342,42.260904,43.6398396,42.112098,10675837,458836102.03,1.917,-2.6953,556903339.0,23535238546.758453,2026-07-14
2023-11-15,sh.600129,太极集团,42.6477996,40.624038,42.6477996,38.987172,27710357,1127501216.57,4.9759,-3.8732,556891356.0,22623175608.015526,2026-07-14
2023-11-16,sh.600129,太极集团,40.028814,40.1875404,40.376028,39.582396,12053917,485258509.76,2.1645,-1.0745,556891522.0,22380100538.792492,2026-07-14
2023-11-17,sh.600129,太极集团,40.0387344,41.3383068,41.764884,39.7907244,15463996,635620242.32,2.7768,2.8635,556899885.0,23021298303.014717,2026-07-14
2023-11-20,sh.600129,太极集团,41.66568,44.1259392,44.5029144,41.66568,20094701,882995782.05,3.6084,6.7435,556886737.0,24573150298.148388,2026-07-14
2023-11-21,sh.600129,太极集团,43.748964,44.4136308,44.7310836,43.2628644,14012147,622920908.85,2.5161,0.652,556899448.0,24733926476.195797,2026-07-14
2023-11-22,sh.600129,太极集团,44.2152228,43.9771332,45.1576608,43.699362,10750823,480600712.55,1.9305,-0.9828,556893188.0,24490565906.84864,2026-07-14
2023-11-23,sh.600129,太极集团,44.5227552,43.8382476,44.6616408,43.2727848,9556132,422171405.92,1.716,-0.3158,556884149.0,24412825208.377293,2026-07-14
2023-11-24,sh.600129,太极集团,44.14578,44.6021184,45.5247156,43.6696008,13878758,622387307.48,2.4922,1.7425,556887810.0,24838376037.136703,2026-07-14
2023-11-27,sh.600129,太极集团,44.8997304,45.63384,45.8520888,43.8878496,15969824,727827115.75,2.8677,2.3132,556886146.0,25412853284.78064,2026-07-14
2023-11-28,sh.600129,太极集团,45.63384,48.560358,48.9670944,44.939412,19216354,920602875.87,3.4507,6.413,556882777.0,27042427015.154167,2026-07-14
2023-11-29,sh.600129,太极集团,48.0048156,47.7568056,49.3639104,47.0921388,13427789,649183252.45,2.4112,-1.6547,556892377.0,26595400988.51091,2026-07-14
2023-11-30,sh.600129,太极集团,47.7270444,51.1694232,51.685284,47.1219,16297921,813724866.91,2.9266,7.1458,556889257.0,28495702066.96656,2026-07-14
2023-12-01,sh.600129,太极集团,49.800408,50.445234,50.941254,49.502796,9996377,504951754.53,1.795,-1.4153,556901226.0,28093012660.456882,2026-07-14
2023-12-04,sh.600129,太极集团,49.8103284,49.0266168,50.643642,48.312348,12553942,622235937.73,2.2543,-2.8122,556888702.0,27302368993.203392,2026-07-14
2023-12-05,sh.600129,太极集团,49.0960596,49.6813632,50.5543584,48.3321888,9465706,472713599.86,1.6997,1.3355,556904513.0,27667775378.07212,2026-07-14
2023-12-06,sh.600129,太极集团,49.205184,48.3024276,49.800408,47.9750544,10540977,515301731.71,1.8928,-2.7756,556898616.0,26899555079.880203,2026-07-14
2023-12-07,sh.600129,太极集团,47.61792,47.965134,48.6794028,47.3302284,7145782,345469571.58,1.2832,-0.6983,556872039.0,26710441971.488224,2026-07-14
2023-12-08,sh.600129,太极集团,47.816328,48.4313928,49.1853432,47.469114,10774829,522933345.2,1.9348,0.9721,556896268.0,26971261904.36207,2026-07-14
2023-12-11,sh.600129,太极集团,48.312348,48.014736,48.7885272,46.824288,7528668,362387446.02,1.3519,-0.8603,556895332.0,26739182345.61235,2026-07-14
2023-12-12,sh.600129,太极集团,48.1337808,47.7270444,48.7190844,47.469114,5680384,275013216.8,1.02,-0.5992,556900392.0,26579209735.361404,2026-07-14
2023-12-13,sh.600129,太极集团,47.816328,49.651602,50.048418,47.61792,12220040,605253514.38,2.1943,4.0324,556899239.0,27650939368.930878,2026-07-14
2023-12-14,sh.600129,太极集团,49.602,47.3401488,49.602,47.221104,8884563,430341927.68,1.5954,-4.6553,556886235.0,26363077229.57177,2026-07-14
2023-12-15,sh.600129,太极集团,46.675482,47.2508652,47.3401488,46.1596212,6475396,304769847.41,1.1628,-0.1886,556879601.0,26313042959.480785,2026-07-14
2023-12-18,sh.600129,太极集团,47.221104,47.8361688,49.1853432,46.87389,8031687,389982138.38,1.4422,1.2387,556905214.0,26640211822.504124,2026-07-14
2023-12-19,sh.600129,太极集团,47.8361688,46.12986,47.915532,45.832248,5871857,274857798.41,1.0544,-3.567,556890838.0,25689296392.22268,2026-07-14
2023-12-20,sh.600129,太极集团,46.229064,45.7528848,46.7052432,45.534636,5659727,262482471.48,1.0163,-0.8172,556895307.0,25479566826.83163,2026-07-14
2023-12-21,sh.600129,太极集团,45.3759096,45.336228,45.782646,44.8203672,6357985,290742762.58,1.1417,-0.9107,556887536.0,25247180302.45421,2026-07-14
2023-12-22,sh.600129,太极集团,45.3461484,44.939412,46.4969148,44.6418,7560190,344677880.84,1.3576,-0.8753,556879051.0,25025817107.05801,2026-07-14
2023-12-25,sh.600129,太极集团,45.038616,44.7013224,45.336228,43.996974,5400968,242211233.67,0.9698,-0.5298,556915653.0,24894866154.359528,2026-07-14
2023-12-26,sh.600129,太极集团,44.6814816,44.8302876,45.237024,44.1259392,5216803,234539906.3,0.9368,0.2885,556874787.0,24964856858.39874,2026-07-14
2023-12-27,sh.600129,太极集团,45.0286956,45.8124072,46.080258,44.5723572,6487678,297342238.71,1.165,2.1908,556882232.0,25512115574.828873,2026-07-14
2023-12-28,sh.600129,太极集团,45.6040788,44.4533124,45.8421684,43.4910336,10866855,485069124.73,1.9513,-2.9667,556903346.0,24756198416.343292,2026-07-14
2023-12-29,sh.600129,太极集团,44.4235512,46.0901784,46.2588252,44.1557004,8733864,400413188.58,1.5683,3.6822,556900083.0,25667624176.444805,2026-07-14
2024-01-02,sh.600129,太极集团,45.6636012,47.3996712,47.61792,45.5247156,8790254,415375088.07,1.5785,2.8412,556873868.0,26395638243.0722,2026-07-14
2024-01-03,sh.600129,太极集团,47.61792,48.6198804,49.9293732,47.4294324,11780160,577351650.68,2.1153,2.5743,556902567.0,27076536201.992985,2026-07-14
2024-01-04,sh.600129,太极集团,47.5980792,47.221104,48.0048156,46.2588252,8320478,393667473.1,1.4941,-2.877,556888963.0,26296911638.27515,2026-07-14
2024-01-05,sh.600129,太极集团,46.6457208,45.6139992,47.1219,45.3163872,7770235,360728149.01,1.3953,-3.4034,556886333.0,25401812747.952934,2026-07-14
2024-01-08,sh.600129,太极集团,45.5643972,42.8660484,45.6536808,42.6676404,11154872,491761659.51,2.0031,-6.0244,556880435.0,23871263679.723053,2026-07-14
2024-01-09,sh.600129,太极集团,43.0148544,43.6199988,43.64976,41.5863168,10682213,460976156.78,1.9182,1.7589,556887342.0,24291425189.77519,2026-07-14
2024-01-10,sh.600129,太极集团,43.2430236,42.2509836,43.6199988,41.764884,8944412,382727180.23,1.6061,-3.1385,556902559.0,23529680887.107033,2026-07-14
2024-01-11,sh.600129,太极集团,42.2906652,40.8819684,42.4394712,39.383988,14970136,613595530.89,2.6882,-3.2402,556883268.0,22766484164.86473,2026-07-14
2024-01-12,sh.600129,太极集团,40.67364,38.8978884,40.8918888,38.68956,15874670,630810436.08,2.8506,-4.8532,556888725.0,21661795476.26829,2026-07-14
2024-01-15,sh.600129,太极集团,38.342346,40.0585752,40.7133216,38.1637788,11583264,466544820.16,2.08,2.9839,556887692.0,22308127487.93644,2026-07-14
2024-01-16,sh.600129,太极集团,40.0585752,39.8700876,40.822446,39.383988,7146037,287828932.82,1.2832,-0.4705,556891911.0,22203329275.301403,2026-07-14
2024-01-17,sh.600129,太极集团,39.8998488,39.383988,40.8522072,39.334386,5964157,240532446.33,1.071,-1.2192,556877404.0,21932052996.607155,2026-07-14
2024-01-18,sh.600129,太极集团,38.93757,39.6518388,39.9097692,37.7768832,8618063,335311311.75,1.5475,0.6801,556902294.0,22082199989.038208,2026-07-14
2024-01-19,sh.600129,太极集团,39.6617592,38.9772516,39.8105652,38.8482864,5364534,212116645.18,0.9633,-1.7013,556891311.0,21706092742.700848,2026-07-14
2024-01-22,sh.600129,太极集团,38.9772516,35.9713704,39.1756596,35.5547136,15744549,589707661.24,2.8272,-7.7119,556895480.0,20032293585.16579,2026-07-14
2024-01-23,sh.600129,太极集团,35.9515296,36.606276,36.7253208,35.4753504,14060545,513212339.42,2.5248,1.765,556897378.0,20385939122.744328,2026-07-14
2024-01-24,sh.600129,太极集团,36.903888,37.1419776,37.4296692,35.911848,8695082,321644174.96,1.5614,1.4634,556877290.0,20683523831.128704,2026-07-14
2024-01-25,sh.600129,太极集团,35.71344,35.614236,36.1400172,33.431748,37113810,1299744345.98,6.6645,-4.1132,556888139.0,19833145607.946804,2026-07-14
2024-01-26,sh.600129,太极集团,35.118216,35.7035196,36.7848432,35.019012,18989380,689622478.56,3.4099,0.2507,556889645.0,19882920355.29454,2026-07-14
2024-01-29,sh.600129,太极集团,35.6935992,36.358266,37.0824552,35.267022,18860747,691902908.06,3.3868,1.8338,556889896.0,20247550971.480335,2026-07-14
2024-01-30,sh.600129,太极集团,36.2987436,35.2769424,36.3681864,35.0983752,11545375,415177104.8,2.0732,-2.9741,556886697.0,19645259933.395256,2026-07-14
2024-01-31,sh.600129,太极集团,35.0289324,33.2531808,35.3364648,33.2531808,12279311,421969649.84,2.205,-5.7368,556884853.0,18518192701.590424,2026-07-14
2024-02-01,sh.600129,太极集团,33.23334,33.0150912,33.828564,32.439708,10454251,349678294.86,1.8773,-0.716,556876951.0,18385343324.442932,2026-07-14
2024-02-02,sh.600129,太极集团,33.1142952,31.8246432,33.5507928,30.7433196,13260954,430836309.97,2.3812,-3.6058,556902150.0,17723212221.06288,2026-07-14
2024-02-05,sh.600129,太极集团,31.447668,31.49727,32.73732,29.51319,16223651,510120219.1,2.9133,-1.0287,556882264.0,17540271027.41928,2026-07-14
2024-02-06,sh.600129,太极集团,31.348464,34.6519572,34.6519572,30.25722,12975883,438522976.47,2.3301,10.0157,556880949.0,19297014810.24338,2026-07-14
2024-02-07,sh.600129,太极集团,35.71344,36.903888,36.9832512,35.21742,22111302,810435587.32,3.9705,6.4987,556889611.0,20551391832.70757,2026-07-14
2024-02-08,sh.600129,太极集团,36.9138084,39.7609632,40.5545952,36.903888,22293350,881326582.25,4.0032,7.7419,556888239.0,22142412777.391804,2026-07-14
2024-02-19,sh.600129,太极集团,40.524834,39.8403264,40.7430828,37.7272812,17619611,699955331.99,3.1639,0.1996,556895319.0,22186891279.59212,2026-07-14
2024-02-20,sh.600129,太极集团,38.788764,40.4653116,40.872048,38.788764,12083078,490164229.25,2.1697,1.5687,556900862.0,22535166911.1386,2026-07-14
2024-02-21,sh.600129,太极集团,40.2173016,41.5466352,42.9255708,39.9196896,15058369,631853923.84,2.704,2.6722,556892345.0,23137003103.387543,2026-07-14
2024-02-22,sh.600129,太极集团,42.65772,40.7827644,43.798566,39.6816,29692341,1227635338.16,5.3318,-1.8386,556891500.0,22711574840.8626,2026-07-14
2024-02-23,sh.600129,太极集团,40.17762,39.3443064,40.3363464,38.788764,21317830,845332880.7,3.828,-3.5271,556892111.0,21910533846.92681,2026-07-14
2024-02-26,sh.600129,太极集团,39.0169332,39.3244656,39.830406,38.8185252,11408977,452267544.01,2.0487,-0.0504,556888612.0,21899347065.625748,2026-07-14
2024-02-27,sh.600129,太极集团,39.086376,39.086376,39.3542268,38.590356,13058018,511087505.69,2.3448,-0.6054,556892613.0,21766914063.34049,2026-07-14
2024-02-28,sh.600129,太极集团,39.0466944,37.2114204,39.532794,37.1122164,18566758,721692745.7,3.334,-4.797,556891362.0,20722718588.510586,2026-07-14
2024-02-29,sh.600129,太极集团,36.7947636,37.6379976,37.647918,36.7253208,14342525,537182526.83,2.5755,1.1464,556883129.0,20959965872.78249,2026-07-14
2024-03-01,sh.600129,太极集团,37.499112,37.5090324,37.6379976,36.8146044,13922637,521987110.18,2.5001,-0.3426,556883205.0,20888150179.360844,2026-07-14
2024-03-04,sh.600129,太极集团,37.3602264,39.135978,39.135978,37.1915796,21153121,821852802.76,3.7984,4.3375,556895561.0,21794652423.59366,2026-07-14
2024-03-05,sh.600129,太极集团,38.7788436,37.7372016,38.7788436,37.4098284,14976023,572594824.2,2.6892,-3.5741,556895099.0,21015662621.014957,2026-07-14
2024-03-06,sh.600129,太极集团,37.598316,36.7650024,37.7173608,35.8721664,15574986,574835775.86,2.7968,-2.5762,556885941.0,20473912957.39126,2026-07-14
2024-03-07,sh.600129,太极集团,36.507072,35.415828,36.507072,35.415828,13819811,501057014.32,2.4816,-3.6697,556891159.0,19722761501.86465,2026-07-14
2024-03-08,sh.600129,太极集团,35.2769424,36.4475496,36.95349,35.2769424,12173867,447109733.02,2.186,2.9132,556901510.0,20297695408.039898,2026-07-14
2024-03-11,sh.600129,太极集团,36.6657984,37.0427736,37.1816592,36.0904152,9657505,356819876.64,1.7342,1.6331,556885307.0,20628576348.367493,2026-07-14
2024-03-12,sh.600129,太极集团,38.44155,38.9574108,39.6121572,38.19354,22701066,888449216.69,4.0764,5.1687,556890050.0,21694994448.28254,2026-07-14
2024-03-13,sh.600129,太极集团,38.6300376,38.7292416,39.0268536,37.5288732,13239758,513114906.69,2.3774,-0.5857,556900732.0,21568342996.844852,2026-07-14
2024-03-14,sh.600129,太极集团,39.0268536,37.796724,39.4732716,37.598316,13993445,540001958.32,2.5128,-2.4078,556886541.0,21048486889.491684,2026-07-14
2024-03-15,sh.600129,太极集团,37.8066444,37.9653708,38.3324256,37.0824552,8714666,331477817.24,1.5649,0.4462,556883251.0,21142279116.52447,2026-07-14
2024-03-18,sh.600129,太极集团,37.9653708,37.9852116,38.2530624,37.399908,11493911,437271294.87,2.0639,0.0523,556902515.0,21154059872.847176,2026-07-14
2024-03-19,sh.600129,太极集团,37.9852116,36.1003356,37.9852116,35.911848,23708307,876413095.15,4.2573,-4.9621,556885984.0,20103770913.33623,2026-07-14
2024-03-20,sh.600129,太极集团,36.110256,35.0388528,36.110256,34.7412408,22126208,783267176.54,3.9732,-2.9404,556886338.0,19512658423.513046,2026-07-14
2024-03-21,sh.600129,太极集团,34.8900468,34.2452208,35.2074996,34.22538,18181381,633200034.09,3.2648,-2.265,556891111.0,19070859057.752308,2026-07-14
2024-03-22,sh.600129,太极集团,34.2650616,33.530952,34.274982,32.8166832,17994947,605255951.43,3.2313,-2.0857,556894965.0,18673218340.45668,2026-07-14
2024-03-25,sh.600129,太极集团,33.431748,34.0170516,35.1777384,33.2432604,22840348,791997345.11,4.1014,1.4497,556891500.0,18943806891.101402,2026-07-14
2024-03-26,sh.600129,太极集团,34.0170516,33.1936584,34.1063352,32.98533,12571300,423455146.0,2.2574,-2.4205,556892886.0,18485312223.27414,2026-07-14
2024-03-27,sh.600129,太极集团,33.2035788,33.9575292,34.6817184,33.2035788,19092280,657525724.49,3.4284,2.3013,556886011.0,18910472979.604023,2026-07-14
2024-03-28,sh.600129,太极集团,33.8384844,33.6103152,33.97737,33.1440564,16651295,563138198.07,2.99,-1.0225,556899498.0,18717567662.50177,2026-07-14
2024-03-29,sh.600129,太极集团,33.530952,32.98533,33.6896784,32.1222552,16461911,543641610.24,2.956,-1.8595,556898207.0,18369471134.30331,2026-07-14
2024-04-01,sh.600129,太极集团,33.034932,33.332544,33.6202356,32.836524,12798952,428173811.15,2.2983,1.0526,556887787.0,18562486663.240128,2026-07-14
2024-04-02,sh.600129,太极集团,33.4714296,32.8067628,34.0468128,32.638116,16582179,558488558.31,2.9776,-1.5774,556897468.0,18270003136.596592,2026-07-14
2024-04-03,sh.600129,太极集团,32.7174792,32.1123348,32.7174792,31.9833696,12340565,401364356.41,2.216,-2.1167,556884702.0,17882867995.62223,2026-07-14
2024-04-08,sh.600129,太极集团,32.042892,31.398066,32.1024144,31.3087824,15329149,487896535.89,2.7526,-2.2243,556897079.0,17485491241.649216,2026-07-14
2024-04-09,sh.600129,太极集团,31.4079864,33.4912704,33.5210316,31.050852,23385285,764956067.85,4.1993,6.6667,556885314.0,18650796632.962906,2026-07-14
2024-04-10,sh.600129,太极集团,33.23334,33.282942,33.8880864,32.73732,17573844,591062468.76,3.1557,-0.622,556892100.0,18535007464.5582,2026-07-14
2024-04-11,sh.600129,太极集团,32.9158872,32.7770016,33.9079272,32.538912,16576530,552122936.3,2.9766,-1.5201,556894779.0,18253341062.314644,2026-07-14
2024-04-12,sh.600129,太极集团,32.5785936,32.0131308,33.0150912,31.894086,10719819,348181120.36,1.9249,-2.3305,556902644.0,17828197185.237835,2026-07-14
2024-04-15,sh.600129,太极集团,31.7849616,32.7968424,33.282942,31.4575884,16021226,524956335.99,2.8769,2.4481,556892002.0,18264299223.414486,2026-07-14
2024-04-16,sh.600129,太极集团,32.5091508,31.6063944,33.034932,31.5865536,12321312,400017207.75,2.2125,-3.6298,556895458.0,17601457485.116634,2026-07-14
2024-04-17,sh.600129,太极集团,31.74528,32.886126,33.0646932,31.6163148,14343591,469608648.18,2.5757,4.049,556881275.0,18313667776.690647,2026-07-14
2024-04-18,sh.600129,太极集团,32.6976384,32.1222552,32.935728,32.0627328,11747697,384856698.32,2.1095,-2.3228,556894857.0,17888718716.121506,2026-07-14
2024-04-19,sh.600129,太极集团,31.7849616,32.638116,32.9555688,31.646076,13843781,450235082.82,2.4859,1.6059,556892112.0,18175909350.94099,2026-07-14
2024-04-22,sh.600129,太极集团,32.836524,33.630156,34.9991712,32.8166832,25350416,868910744.21,4.5521,3.0395,556894972.0,18728464783.97563,2026-07-14
2024-04-23,sh.600129,太极集团,33.2928624,32.4595488,33.8980068,31.9238472,19665206,645845723.23,3.5313,-3.4808,556882904.0,18076167798.273716,2026-07-14
2024-04-24,sh.600129,太极集团,32.4297876,31.9536084,32.4297876,31.5171108,11841500,380300700.46,2.1264,-1.5587,556880173.0,17794330973.766254,2026-07-14
2024-04-25,sh.600129,太极集团,31.74528,33.4615092,34.0071312,31.74528,24426326,817754518.49,4.3862,4.719,556890383.0,18634392674.146023,2026-07-14
2024-04-26,sh.600129,太极集团,33.1242156,34.6420368,35.21742,33.084534,27394227,956033277.91,4.9191,3.528,556895103.0,19291980651.86579,2026-07-14
2024-04-29,sh.600129,太极集团,34.6321164,34.9495692,35.267022,34.126176,16166001,568284986.99,2.9029,0.8877,556891419.0,19463115185.226696,2026-07-14
2024-04-30,sh.600129,太极集团,34.6420368,36.011052,36.2987436,34.622196,18951943,683766433.83,3.4032,3.0372,556885960.0,20054049263.62992,2026-07-14
2024-05-06,sh.600129,太极集团,36.308664,37.9554504,38.1736992,35.5348728,22993517,866040678.57,4.1289,5.3994,556892078.0,21137089644.68193,2026-07-14
2024-05-07,sh.600129,太极集团,37.69752,37.4792712,38.4217092,37.2808632,13398557,507817843.79,2.406,-1.2546,556881006.0,20871494250.002827,2026-07-14
2024-05-08,sh.600129,太极集团,37.300704,37.3106244,37.598316,36.6161964,9431179,352994818.82,1.6935,-0.45,556904576.0,20778457461.777256,2026-07-14
2024-05-09,sh.600129,太极集团,37.2015,38.2233012,38.68956,36.7749228,11485394,441305714.94,2.0624,2.4462,556894589.0,21286349611.997208,2026-07-14
2024-05-10,sh.600129,太极集团,38.094336,37.4296692,38.143938,36.8939676,9083841,342608597.31,1.6312,-2.0763,556880885.0,20843867309.35324,2026-07-14
2024-05-13,sh.600129,太极集团,37.102296,38.0149728,38.6994804,36.8741268,12575872,481686439.48,2.2582,1.5637,556898060.0,21170464603.27277,2026-07-14
2024-05-14,sh.600129,太极集团,38.0149728,41.070456,41.3383068,37.7868036,27836555,1120930771.43,4.9986,8.0376,556887028.0,22871604180.444767,2026-07-14
2024-05-15,sh.600129,太极集团,40.67364,40.4553912,41.4970332,40.326426,12822150,527684900.3,2.3025,-1.4976,556879479.0,22528777174.197186,2026-07-14
2024-05-16,sh.600129,太极集团,40.6141176,40.4355504,41.219262,39.9593712,8856628,361616325.99,1.5904,-0.049,556880533.0,22517770858.90036,2026-07-14
2024-05-17,sh.600129,太极集团,40.2867444,38.391948,40.872048,37.7868036,20021336,779070994.55,3.5952,-5.054,556890743.0,21380120446.937363,2026-07-14
2024-05-20,sh.600129,太极集团,37.895928,38.3225052,39.284784,37.8860076,12000249,466543648.95,2.1549,-0.1809,556881943.0,21341111156.403606,2026-07-14
2024-05-21,sh.600129,太极集团,38.3225052,37.598316,38.5308336,37.4197488,10538978,402331985.54,1.8925,-1.8897,556881268.0,20937797888.744686,2026-07-14
2024-05-22,sh.600129,太极集团,37.598316,37.0626144,37.7372016,36.8840472,11272482,421320325.1,2.0242,-1.4248,556885782.0,20639643003.108463,2026-07-14
2024-05-23,sh.600129,太极集团,37.0626144,36.3285048,37.1419776,36.0705744,7732500,284358667.0,1.3885,-1.9807,556895931.0,20231196502.433968,2026-07-14
2024-05-24,sh.600129,太极集团,36.1201764,36.1896192,36.8344452,36.0209724,5811987,213034439.5,1.0436,-0.3823,556917114.0,20154618281.62299,2026-07-14
2024-05-27,sh.600129,太极集团,36.20946,37.4792712,38.2332216,36.110256,13985264,524544623.58,2.5113,3.5636,556893402.0,20871958843.048622,2026-07-14
2024-05-28,sh.600129,太极集团,37.2411816,36.8146044,37.4197488,36.5368332,7196602,268167592.18,1.2923,-1.7734,556883231.0,20501435846.258816,2026-07-14
2024-05-29,sh.600129,太极集团,36.7848432,36.7749228,37.1816592,36.2392212,5834002,215867523.62,1.0476,-0.1078,556892134.0,20479665235.777256,2026-07-14
2024-05-30,sh.600129,太极集团,36.6360372,35.9316888,36.6360372,35.5348728,8916012,323556556.52,1.601,-2.293,556902686.0,20010454005.23612,2026-07-14
2024-05-31,sh.600129,太极集团,36.011052,35.3761464,36.5963556,35.3761464,10489522,377435833.18,1.8836,-1.5461,556886919.0,19700513174.788944,2026-07-14
2024-06-03,sh.600129,太极集团,35.4852708,36.0011316,36.8840472,35.316624,7421300,270572735.0,1.3326,1.7667,556903797.0,20049166884.336685,2026-07-14
2024-06-04,sh.600129,太极集团,36.2789028,37.7669628,38.3225052,35.763042,13072805,493614404.2,2.3475,4.9049,556882002.0,21031741853.523525,2026-07-14
2024-06-05,sh.600129,太极集团,37.69752,36.8741268,38.1240972,36.7749228,7608200,287069670.84,1.3662,-2.3641,556887718.0,20534748326.89464,2026-07-14
2024-06-06,sh.600129,太极集团,36.9634104,37.3899876,38.2629828,36.804684,10563816,402107036.26,1.8969,1.399,556898940.0,20822444461.053143,2026-07-14
2024-06-07,sh.600129,太极集团,37.72,37.64,38.55,37.11,7529962,285243902.82,1.3521,0.6686,556908661.0,20962042000.04,2026-07-14
2024-06-11,sh.600129,太极集团,37.6,38.27,38.53,36.62,7518644,283246691.94,1.3501,1.6738,556895341.0,21312384700.070004,2026-07-14
2024-06-12,sh.600129,太极集团,37.96,37.83,38.17,37.31,6012468,226797705.79,1.0796,-1.1497,556916265.0,21068142304.95,2026-07-14
2024-06-13,sh.600129,太极集团,37.79,36.2,37.79,35.73,13984190,508478092.08,2.5111,-4.3087,556894986.0,20159598493.2,2026-07-14
2024-06-14,sh.600129,太极集团,35.87,35.56,36.04,34.9,9849537,350428975.28,1.7687,-1.768,556880025.0,19802653689.0,2026-07-14
2024-06-17,sh.600129,太极集团,35.43,36.02,36.98,35.22,8349250,302549214.15,1.4993,1.2936,556876542.0,20058693042.84,2026-07-14
2024-06-18,sh.600129,太极集团,36.02,35.25,36.19,35.0,10114838,357063356.37,1.8163,-2.1377,556892474.0,19630459708.5,2026-07-14
2024-06-19,sh.600129,太极集团,35.1,33.76,35.17,33.57,12317200,420683427.0,2.2118,-4.227,556885794.0,18800464405.44,2026-07-14
2024-06-20,sh.600129,太极集团,33.75,32.28,33.75,32.01,16357830,531655514.8,2.9373,-4.3839,556900214.0,17976738907.920002,2026-07-14
2024-06-21,sh.600129,太极集团,32.01,32.58,32.9,31.78,7421674,241285024.12,1.3327,0.9294,556890073.0,18143478578.34,2026-07-14
2024-06-24,sh.600129,太极集团,32.23,31.3,32.29,31.27,11451823,361844671.2,2.0564,-3.9288,556886938.0,17430561159.4,2026-07-14
2024-06-25,sh.600129,太极集团,31.31,31.17,31.69,30.79,6991170,217987681.76,1.2554,-0.4153,556887845.0,17358194128.65,2026-07-14
2024-06-26,sh.600129,太极集团,31.17,30.01,31.17,29.5,23406830,700819688.42,4.2031,-3.7215,556894435.0,16712401994.35,2026-07-14
2024-06-27,sh.600129,太极集团,29.75,28.98,29.75,28.36,19048965,549516149.04,3.4206,-3.4322,556889581.0,16138660057.380001,2026-07-14
2024-06-28,sh.600129,太极集团,29.09,28.92,29.6,28.86,13144197,382862874.44,2.3603,-0.207,556886709.0,16105163624.28,2026-07-14
2024-07-01,sh.600129,太极集团,28.89,29.74,30.0,28.68,13328258,393219399.24,2.3933,2.8354,556898759.0,16562169092.66,2026-07-14
2024-07-02,sh.600129,太极集团,29.67,29.52,30.03,29.27,6886183,204115575.69,1.2365,-0.7397,556909260.0,16439961355.199999,2026-07-14
2024-07-03,sh.600129,太极集团,29.35,28.89,29.61,28.85,5991935,174139075.0,1.076,-2.1341,556871283.0,16088011365.87,2026-07-14
2024-07-04,sh.600129,太极集团,28.91,27.89,28.99,27.78,9238183,259755232.92,1.6589,-3.4614,556886069.0,15531552464.41,2026-07-14
2024-07-05,sh.600129,太极集团,27.73,28.38,28.7,27.48,8802972,247129878.78,1.5807,1.7569,556903397.0,15804918406.859999,2026-07-14
2024-07-08,sh.600129,太极集团,28.28,27.71,28.28,27.59,5831157,162345347.86,1.0471,-2.3608,556886353.0,15431320841.630001,2026-07-14
2024-07-09,sh.600129,太极集团,27.6,27.93,28.08,26.95,9460278,260296128.56,1.6988,0.7939,556880033.0,15553659321.69,2026-07-14
2024-07-10,sh.600129,太极集团,27.94,27.92,28.6,27.55,6319092,177815358.76,1.1347,-0.0358,556895391.0,15548519316.720001,2026-07-14
2024-07-11,sh.600129,太极集团,28.28,28.6,28.99,27.98,9919821,283187819.83,1.7813,2.4355,556886600.0,15926956760.0,2026-07-14
2024-07-12,sh.600129,太极集团,28.6,28.1,28.96,28.0,7665529,217559213.8,1.3765,-1.7483,556885507.0,15648482746.7,2026-07-14
2024-07-15,sh.600129,太极集团,27.92,27.75,28.09,27.57,5147126,142968106.86,0.9243,-1.2456,556867467.0,15453072209.25,2026-07-14
2024-07-16,sh.600129,太极集团,27.67,27.02,27.74,26.97,9101148,247705985.95,1.6343,-2.6306,556883559.0,15046993764.18,2026-07-14
2024-07-17,sh.600129,太极集团,27.0,26.6,27.08,26.23,13424935,355779272.08,2.4107,-1.5544,556889493.0,14813260513.800001,2026-07-14
2024-07-18,sh.600129,太极集团,26.54,27.7,27.76,26.1,12856414,349499330.03,2.3086,4.1353,556892229.0,15425914743.3,2026-07-14
2024-07-19,sh.600129,太极集团,27.59,28.07,28.1,27.2,9271278,257978300.05,1.6648,1.3357,556900408.0,15632194452.56,2026-07-14
2024-07-22,sh.600129,太极集团,28.05,28.57,28.7,27.64,8606744,243915861.35,1.5455,1.7813,556890586.0,15910364042.02,2026-07-14
2024-07-23,sh.600129,太极集团,28.44,27.24,28.63,27.24,9261212,256516564.76,1.663,-4.6552,556897895.0,15169898659.8,2026-07-14
2024-07-24,sh.600129,太极集团,27.12,26.19,27.21,26.1,9388190,249620661.0,1.6858,-3.8546,556898209.0,14585164093.710001,2026-07-14
2024-07-25,sh.600129,太极集团,26.0,26.09,26.58,25.61,7530283,196671317.99,1.3522,-0.3818,556891214.0,14529291773.26,2026-07-14
2024-07-26,sh.600129,太极集团,26.1,25.95,26.58,25.65,8434760,219415178.89,1.5146,-0.5366,556896870.0,14451473776.5,2026-07-14
2024-07-29,sh.600129,太极集团,25.99,24.58,26.03,24.32,15541967,386290304.68,2.7908,-5.2794,556900064.0,13688603573.119999,2026-07-14
2024-07-30,sh.600129,太极集团,24.6,24.76,24.9,23.83,11789677,287462798.32,2.1171,0.7323,556878608.0,13788314334.08,2026-07-14
2024-07-31,sh.600129,太极集团,24.63,25.36,25.62,24.3,15991300,402202855.19,2.8715,2.4233,556897092.0,14122910253.119999,2026-07-14
2024-08-01,sh.600129,太极集团,25.35,24.17,26.09,24.09,23012944,569317513.88,4.1324,-4.6924,556890524.0,13460043965.080002,2026-07-14
2024-08-02,sh.600129,太极集团,23.98,24.25,25.46,23.83,21222586,522297927.44,3.8109,0.331,556891705.0,13504623846.25,2026-07-14
2024-08-05,sh.600129,太极集团,24.1,24.45,25.36,23.98,19570884,483906649.3,3.5143,0.8247,556892809.0,13616029180.05,2026-07-14
2024-08-06,sh.600129,太极集团,24.6,24.8,25.25,24.35,17466629,430163837.9,3.1365,1.4315,556882799.0,13810693415.2,2026-07-14
2024-08-07,sh.600129,太极集团,24.63,24.23,24.64,24.0,15997803,387277065.43,2.8727,-2.2984,556890834.0,13493464907.82,2026-07-14
2024-08-08,sh.600129,太极集团,24.12,24.32,24.59,24.03,13481846,328208296.36,2.4209,0.3714,556893965.0,13543661228.8,2026-07-14
2024-08-09,sh.600129,太极集团,24.31,23.59,24.52,23.51,16052302,382806472.73,2.8825,-3.0016,556888187.0,13136992331.33,2026-07-14
2024-08-12,sh.600129,太极集团,23.62,25.01,25.42,23.57,39750031,984383327.86,7.1379,6.0195,556886914.0,13927741719.140001,2026-07-14
2024-08-13,sh.600129,太极集团,24.61,24.2,24.72,23.87,21480864,518906344.84,3.8573,-3.2387,556888601.0,13476704144.199999,2026-07-14
2024-08-14,sh.600129,太极集团,24.22,23.8,24.23,23.63,12067583,287563820.61,2.167,-1.6529,556879695.0,13253736741.0,2026-07-14
2024-08-15,sh.600129,太极集团,23.9,23.75,24.09,23.27,15857960,375918460.2,2.8476,-0.2101,556888608.0,13226104440.0,2026-07-14
2024-08-16,sh.600129,太极集团,23.77,24.16,24.38,23.44,16064082,385759096.06,2.8846,1.7263,556891146.0,13454490087.36,2026-07-14
2024-08-19,sh.600129,太极集团,24.2,23.57,24.2,23.55,12161900,288577368.0,2.1839,-2.4421,556889052.0,13125874955.64,2026-07-14
2024-08-20,sh.600129,太极集团,23.6,22.64,23.6,22.59,17290068,395840950.98,3.1048,-3.9457,556881860.0,12607805310.4,2026-07-14
2024-08-21,sh.600129,太极集团,22.57,22.21,22.8,22.15,9782810,218960682.1,1.7567,-1.8993,556885638.0,12368430019.98,2026-07-14
2024-08-22,sh.600129,太极集团,22.16,21.55,22.4,21.46,15835876,344542628.1,2.8436,-2.9716,556895344.0,12001094663.2,2026-07-14
2024-08-23,sh.600129,太极集团,21.65,22.09,22.58,21.65,18108830,402181935.2,3.2518,2.5058,556886340.0,12301619250.6,2026-07-14
2024-08-26,sh.600129,太极集团,22.08,21.64,22.11,21.52,12226739,265598233.46,2.1955,-2.0371,556899977.0,12051315502.28,2026-07-14
2024-08-27,sh.600129,太极集团,21.61,21.3,21.68,21.28,8480345,181995134.95,1.5228,-1.5712,556891581.0,11861790675.300001,2026-07-14
2024-08-28,sh.600129,太极集团,21.23,21.3,21.39,21.04,8338398,176887256.66,1.4973,0.0,556895612.0,11861876535.6,2026-07-14
2024-08-29,sh.600129,太极集团,21.3,22.2,22.3,21.05,15499089,339703960.18,2.7831,4.2254,556900183.0,12363184062.6,2026-07-14
2024-08-30,sh.600129,太极集团,22.25,22.63,23.03,22.1,15258284,343715129.04,2.7399,1.9369,556892003.0,12602466027.89,2026-07-14
2024-09-02,sh.600129,太极集团,22.49,21.73,22.58,21.72,9814222,216473137.68,1.7623,-3.977,556898485.0,12101404079.050001,2026-07-14
2024-09-03,sh.600129,太极集团,21.73,22.3,22.86,21.56,14498900,325451238.0,2.6035,2.6231,556900326.0,12418877269.800001,2026-07-14
2024-09-04,sh.600129,太极集团,22.46,22.8,23.1,22.27,18049910,410404381.2,3.2412,2.2422,556889732.0,12697085889.6,2026-07-14
2024-09-05,sh.600129,太极集团,22.66,23.01,23.46,22.62,12521506,288430592.76,2.2485,0.9211,556882633.0,12813869385.33,2026-07-14
2024-09-06,sh.600129,太极集团,22.85,22.4,23.1,22.34,7826886,177113193.24,1.4055,-2.651,556875560.0,12474012544.0,2026-07-14
2024-09-09,sh.600129,太极集团,22.3,22.0,22.39,21.87,7927705,175220902.07,1.4236,-1.7857,556877283.0,12251300226.0,2026-07-14
2024-09-10,sh.600129,太极集团,22.04,21.17,22.15,21.08,14649488,312061783.12,2.6306,-3.7727,556887706.0,11789312736.02,2026-07-14
2024-09-11,sh.600129,太极集团,21.1,21.19,21.33,20.63,9931166,209171785.02,1.7833,0.0945,556898222.0,11800673324.18,2026-07-14
2024-09-12,sh.600129,太极集团,21.18,20.56,21.35,20.55,10754268,224747732.12,1.9311,-2.9731,556898555.0,11449834290.8,2026-07-14
2024-09-13,sh.600129,太极集团,20.59,20.13,20.66,20.13,10028209,204257670.55,1.8007,-2.0914,556906148.0,11210520759.24,2026-07-14
2024-09-18,sh.600129,太极集团,20.12,20.24,20.4,19.98,9995687,201504318.28,1.7949,0.5464,556893810.0,11271530714.4,2026-07-14
2024-09-19,sh.600129,太极集团,20.32,20.77,21.1,20.11,12057468,249151181.66,2.1651,2.6186,556901205.0,11566838027.85,2026-07-14
2024-09-20,sh.600129,太极集团,20.77,21.1,21.16,20.41,13590168,283508853.38,2.4404,1.5888,556882806.0,11750227206.6,2026-07-14
2024-09-23,sh.600129,太极集团,21.1,21.03,21.79,20.95,11913902,254353669.2,2.1394,-0.3318,556880527.0,11711197482.810001,2026-07-14
2024-09-24,sh.600129,太极集团,21.32,22.02,22.03,20.86,15224216,328001441.73,2.7338,4.7076,556888434.0,12262683316.68,2026-07-14
2024-09-25,sh.600129,太极集团,22.35,22.38,23.4,22.29,21856797,498074105.66,3.9248,1.6349,556889447.0,12463185823.859999,2026-07-14
2024-09-26,sh.600129,太极集团,22.21,23.65,23.68,22.17,18489200,424580392.7,3.3201,5.6747,556886841.0,13170373789.65,2026-07-14
2024-09-27,sh.600129,太极集团,24.05,25.68,25.71,24.04,18155647,449084955.31,3.2602,8.5835,556887522.0,14300871564.96,2026-07-14
2024-09-30,sh.600129,太极集团,27.73,28.06,28.2,26.42,36199426,994846408.86,6.5003,9.2679,556888544.0,15626292544.64,2026-07-14
2024-10-08,sh.600129,太极集团,30.85,28.76,30.86,27.18,42396790,1231870750.11,7.6131,2.4947,556892593.0,16016230974.68,2026-07-14
2024-10-09,sh.600129,太极集团,28.07,25.88,28.07,25.88,36522910,970794476.7,6.5584,-10.0139,556887503.0,14412248577.64,2026-07-14
2024-10-10,sh.600129,太极集团,25.44,25.78,26.82,25.43,23614806,616654387.78,4.2405,-0.3864,556887301.0,14356554619.78,2026-07-14
2024-10-11,sh.600129,太极集团,25.63,24.4,25.68,24.07,17248974,427634200.75,3.0974,-5.353,556885581.0,13588008176.4,2026-07-14
2024-10-14,sh.600129,太极集团,24.2,24.91,25.06,23.74,17497095,427003878.23,3.1419,2.0902,556895350.0,13872263168.5,2026-07-14
2024-10-15,sh.600129,太极集团,24.87,24.12,25.08,24.12,12840631,315443891.35,2.3058,-3.1714,556883988.0,13432041790.560001,2026-07-14
2024-10-16,sh.600129,太极集团,23.67,24.02,24.49,23.65,14049184,337132963.63,2.5228,-0.4146,556888537.0,13376462658.74,2026-07-14
2024-10-17,sh.600129,太极集团,24.1,23.61,24.41,23.59,14119064,338739462.32,2.5353,-1.7069,556899144.0,13148388789.84,2026-07-14
2024-10-18,sh.600129,太极集团,23.61,23.94,24.47,23.18,25507335,607117560.73,4.5803,1.3977,556892234.0,13332000081.960001,2026-07-14
2024-10-21,sh.600129,太极集团,24.11,24.97,25.1,23.34,39366693,955186828.94,7.069,4.3024,556891965.0,13905592366.05,2026-07-14
2024-10-22,sh.600129,太极集团,24.73,25.88,26.14,24.54,35496769,904554398.49,6.3741,3.6444,556890683.0,14412330876.039999,2026-07-14
2024-10-23,sh.600129,太极集团,25.88,25.47,26.0,25.34,22789972,583804370.02,4.0924,-1.5842,556885251.0,14183867342.97,2026-07-14
2024-10-24,sh.600129,太极集团,25.4,25.12,26.08,24.99,20443700,522802190.0,3.671,-1.3742,556897303.0,13989260251.36,2026-07-14
2024-10-25,sh.600129,太极集团,24.0,24.37,24.65,23.74,32303686,784647192.78,5.8007,-2.9857,556892892.0,13571479778.04,2026-07-14
2024-10-28,sh.600129,太极集团,24.37,26.03,26.46,24.24,40590214,1046509135.89,7.2887,6.8117,556892368.0,14495908339.04,2026-07-14
2024-10-29,sh.600129,太极集团,26.22,25.86,26.22,25.37,26839000,691541554.99,4.8194,-0.6531,556895049.0,14401305967.14,2026-07-14
2024-10-30,sh.600129,太极集团,25.52,26.11,26.61,25.28,26522507,686596486.62,4.7626,0.9667,556891341.0,14540432913.51,2026-07-14
2024-10-31,sh.600129,太极集团,25.88,25.7,26.15,25.58,18846450,486867726.34,3.3842,-1.5703,556895278.0,14312208644.6,2026-07-14
2024-11-01,sh.600129,太极集团,25.64,26.1,26.75,24.73,29655422,764389966.11,5.3252,1.5564,556888417.0,14534787683.7,2026-07-14
2024-11-04,sh.600129,太极集团,26.11,26.57,26.87,25.9,22585213,596404436.11,4.0556,1.8008,556889560.0,14796555609.2,2026-07-14
2024-11-05,sh.600129,太极集团,26.61,26.64,26.85,26.05,23783810,630098231.04,4.2708,0.2635,556893556.0,14835644331.84,2026-07-14
2024-11-06,sh.600129,太极集团,26.66,27.09,27.72,26.48,27101616,735994676.12,4.8666,1.6892,556890149.0,15086154136.41,2026-07-14
2024-11-07,sh.600129,太极集团,26.7,28.7,29.14,26.68,34770128,983485724.52,6.2436,5.9432,556892306.0,15982809182.199999,2026-07-14
2024-11-08,sh.600129,太极集团,29.06,28.0,29.2,28.0,27739716,789153629.78,4.9812,-2.439,556888220.0,15592870160.0,2026-07-14
2024-11-11,sh.600129,太极集团,27.8,28.56,28.63,27.55,21312421,598805628.39,3.827,2.0,556896290.0,15904958042.4,2026-07-14
2024-11-12,sh.600129,太极集团,28.56,28.52,29.49,28.22,25274100,732435113.32,4.5384,-0.1401,556894500.0,15882631140.0,2026-07-14
2024-11-13,sh.600129,太极集团,28.61,27.85,28.63,27.45,17109058,476651783.21,3.0722,-2.3492,556899225.0,15509643416.25,2026-07-14
2024-11-14,sh.600129,太极集团,27.7,27.01,27.97,26.92,12353981,338811107.45,2.2184,-3.0162,556886991.0,15041517626.910002,2026-07-14
2024-11-15,sh.600129,太极集团,26.74,26.29,27.2,26.26,12529675,334427575.71,2.2499,-2.6657,556899196.0,14640879862.84,2026-07-14
2024-11-18,sh.600129,太极集团,26.11,25.56,26.39,25.38,15241418,394305168.08,2.7369,-2.7767,556886185.0,14234010888.599998,2026-07-14
2024-11-19,sh.600129,太极集团,25.6,25.83,25.86,25.03,11081953,283306434.69,1.99,1.0563,556882060.0,14384263609.8,2026-07-14
2024-11-20,sh.600129,太极集团,25.62,26.14,26.5,25.6,13816175,361706923.92,2.4809,1.2002,556901729.0,14557411196.06,2026-07-14
2024-11-21,sh.600129,太极集团,26.02,25.76,26.13,25.53,9065558,233707348.57,1.6279,-1.4537,556886664.0,14345400464.640001,2026-07-14
2024-11-22,sh.600129,太极集团,25.76,24.6,25.76,24.6,11806600,297177878.62,2.1201,-4.5031,556888826.0,13699465119.6,2026-07-14
2024-11-25,sh.600129,太极集团,24.66,24.93,25.08,24.46,9131684,225791280.96,1.6398,1.3415,556877912.0,13882966346.16,2026-07-14
2024-11-26,sh.600129,太极集团,24.82,24.73,25.12,24.66,8406600,208881591.0,1.5096,-0.8022,556875994.0,13771543331.62,2026-07-14
2024-11-27,sh.600129,太极集团,24.65,25.06,25.06,24.28,9056575,223499479.45,1.6263,1.3344,556882187.0,13955467606.22,2026-07-14
2024-11-28,sh.600129,太极集团,25.04,25.56,25.78,24.66,15134974,383394541.16,2.7178,1.9952,556883288.0,14233936841.279999,2026-07-14
2024-11-29,sh.600129,太极集团,25.4,25.62,25.88,25.3,9913400,253642296.0,1.7801,0.2347,556901298.0,14267811254.76,2026-07-14
2024-12-02,sh.600129,太极集团,25.6,26.08,26.25,25.5,10432700,270731312.0,1.8734,1.7955,556885876.0,14523583646.08,2026-07-14
2024-12-03,sh.600129,太极集团,26.08,26.41,26.47,25.7,10242140,266588986.41,1.8392,1.2653,556880165.0,14707205157.65,2026-07-14
2024-12-04,sh.600129,太极集团,26.45,26.32,27.05,26.15,12476501,331746264.35,2.2404,-0.3408,556887208.0,14657271314.56,2026-07-14
2024-12-05,sh.600129,太极集团,26.06,25.8,26.19,25.54,9477804,244575094.92,1.7019,-1.9757,556895470.0,14367903126.0,2026-07-14
2024-12-06,sh.600129,太极集团,25.82,26.41,26.71,25.67,12447541,327489331.01,2.2352,2.3643,556887124.0,14707388944.84,2026-07-14
2024-12-09,sh.600129,太极集团,26.43,25.98,26.62,25.84,7590300,198477476.66,1.363,-1.6282,556881878.0,14467791190.44,2026-07-14
2024-12-10,sh.600129,太极集团,26.44,26.76,26.98,26.19,16473502,438634680.29,2.9581,3.0023,556894696.0,14902502064.960001,2026-07-14
2024-12-11,sh.600129,太极集团,26.75,27.42,27.51,26.52,14382400,388174476.86,2.5826,2.4664,556896151.0,15270092460.42,2026-07-14
2024-12-12,sh.600129,太极集团,27.4,27.3,28.06,27.12,14779671,406475500.05,2.654,-0.4376,556882856.0,15202901968.800001,2026-07-14
2024-12-13,sh.600129,太极集团,27.15,26.39,27.15,26.32,12076280,322472213.76,2.1685,-3.3333,556895550.0,14696473564.5,2026-07-14
2024-12-16,sh.600129,太极集团,26.31,26.0,26.57,25.81,8088181,210962822.52,1.4524,-1.4778,556883847.0,14478980022.0,2026-07-14
2024-12-17,sh.600129,太极集团,26.05,25.66,26.18,25.56,6739672,174123103.98,1.2102,-1.3077,556905635.0,14290198594.1,2026-07-14
2024-12-18,sh.600129,太极集团,25.74,25.71,26.03,25.66,4900080,126530892.49,0.8799,0.1949,556890556.0,14317656194.76,2026-07-14
2024-12-19,sh.600129,太极集团,25.52,25.75,25.83,25.31,5354819,137148110.85,0.9616,0.1556,556865537.0,14339287577.75,2026-07-14
2024-12-20,sh.600129,太极集团,25.76,26.74,26.99,25.65,14413571,382159488.2,2.5882,3.8447,556895564.0,14891387381.359999,2026-07-14
2024-12-23,sh.600129,太极集团,26.51,26.12,26.85,25.83,10377988,272156243.56,1.8636,-2.3186,556878515.0,14545666811.800001,2026-07-14
2024-12-24,sh.600129,太极集团,25.91,26.21,26.41,25.81,6443216,168269084.24,1.157,0.3446,556889888.0,14596083964.48,2026-07-14
2024-12-25,sh.600129,太极集团,26.2,25.71,26.25,25.55,6858592,176929884.54,1.2316,-1.9077,556884703.0,14317505714.130001,2026-07-14
2024-12-26,sh.600129,太极集团,25.55,25.56,25.82,25.55,5544608,142137009.86,0.9956,-0.5834,556911209.0,14234650502.039999,2026-07-14
2024-12-27,sh.600129,太极集团,25.54,25.93,26.43,25.37,10232943,266585964.91,1.8375,1.4476,556894857.0,14440283642.01,2026-07-14
2024-12-30,sh.600129,太极集团,25.81,25.86,26.46,25.71,10400015,270332110.89,1.8675,-0.27,556895047.0,14401305915.42,2026-07-14
2024-12-31,sh.600129,太极集团,25.75,24.72,25.78,24.54,12730036,318557460.81,2.2859,-4.4084,556893827.0,13766415403.439999,2026-07-14
2025-01-02,sh.600129,太极集团,24.75,23.69,24.8,23.45,8967533,216301724.5,1.6103,-4.1667,556885860.0,13192626023.400002,2026-07-14
2025-01-03,sh.600129,太极集团,23.74,23.45,24.02,23.41,7417147,175955458.74,1.3319,-1.0131,556884676.0,13058945652.199999,2026-07-14
2025-01-06,sh.600129,太极集团,23.61,24.5,24.82,23.5,13550022,328383096.27,2.4332,4.4776,556880733.0,13643577958.5,2026-07-14
2025-01-07,sh.600129,太极集团,24.51,23.79,24.54,23.42,10185364,241368539.67,1.829,-2.898,556881575.0,13248212669.25,2026-07-14
2025-01-08,sh.600129,太极集团,23.63,23.08,23.78,22.79,9362489,217141870.75,1.6812,-2.9844,556893231.0,12853095771.48,2026-07-14
2025-01-09,sh.600129,太极集团,22.89,23.08,23.1,22.61,6232318,142640232.26,1.1191,0.0,556904477.0,12853355329.16,2026-07-14
2025-01-10,sh.600129,太极集团,22.95,22.41,23.05,22.41,6635715,150440920.95,1.1916,-2.9029,556874371.0,12479554654.11,2026-07-14
2025-01-13,sh.600129,太极集团,22.17,21.82,22.57,21.63,8771965,193635095.37,1.5752,-2.6328,556879444.0,12151109468.08,2026-07-14
2025-01-14,sh.600129,太极集团,21.88,21.98,22.21,21.44,18303201,401769631.1,3.2867,0.7333,556886877.0,12240373556.460001,2026-07-14
2025-01-15,sh.600129,太极集团,21.98,21.06,21.98,20.88,23784840,504986087.07,4.271,-4.1856,556891594.0,11728136969.64,2026-07-14
2025-01-16,sh.600129,太极集团,21.0,21.15,21.5,20.97,13796315,292715178.97,2.4774,0.4274,556886857.0,11778157025.55,2026-07-14
2025-01-17,sh.600129,太极集团,20.96,20.8,21.03,20.72,15814000,329779183.0,2.8397,-1.6548,556889812.0,11583308089.6,2026-07-14
2025-01-20,sh.600129,太极集团,20.9,20.7,21.13,20.62,15916469,331824207.66,2.8581,-0.4808,556889857.0,11527620039.9,2026-07-14
2025-01-21,sh.600129,太极集团,20.75,20.35,20.78,20.27,16789700,342852336.0,3.0149,-1.6908,556890776.0,11332727291.6,2026-07-14
2025-01-22,sh.600129,太极集团,20.26,20.34,20.41,20.15,9647034,195729481.18,1.7323,-0.0491,556891647.0,11327176099.98,2026-07-14
2025-01-23,sh.600129,太极集团,20.48,20.34,20.8,20.34,14150368,290542238.68,2.541,0.0,556881858.0,11326976991.72,2026-07-14
2025-01-24,sh.600129,太极集团,18.99,19.18,19.45,18.78,30272706,577238455.85,5.436,-5.703,556893046.0,10681208622.28,2026-07-14
2025-01-27,sh.600129,太极集团,19.18,18.77,19.34,18.77,15239000,289823644.0,2.7364,-2.1376,556899576.0,10453005041.52,2026-07-14
2025-02-05,sh.600129,太极集团,18.83,19.16,19.18,18.7,13204102,251061166.52,2.371,2.0778,556900127.0,10670206433.32,2026-07-14
2025-02-06,sh.600129,太极集团,19.16,19.26,19.26,18.93,11936487,228577935.0,2.1434,0.5219,556894980.0,10725797314.800001,2026-07-14
2025-02-07,sh.600129,太极集团,19.27,19.7,19.86,19.15,18551314,363692586.24,3.3312,2.2845,556895833.0,10970847910.1,2026-07-14
2025-02-10,sh.600129,太极集团,19.76,20.22,20.23,19.75,15636706,313162602.56,2.8079,2.6396,556882581.0,11260165787.82,2026-07-14
2025-02-11,sh.600129,太极集团,20.34,19.86,20.34,19.85,12344500,246338792.0,2.2167,-1.7804,556886363.0,11059763169.18,2026-07-14
2025-02-12,sh.600129,太极集团,19.76,20.12,20.13,19.75,10882700,216388151.0,1.9542,1.3092,556887729.0,11204581107.480001,2026-07-14
2025-02-13,sh.600129,太极集团,20.11,20.14,20.34,20.03,12975100,262274037.0,2.3299,0.0994,556895146.0,11215868240.44,2026-07-14
2025-02-14,sh.600129,太极集团,20.17,20.28,20.66,20.17,12968839,263941827.53,2.3288,0.6951,556889342.0,11293715855.76,2026-07-14
2025-02-17,sh.600129,太极集团,20.25,20.25,20.67,20.15,16075829,328094731.62,2.8867,-0.1479,556892957.0,11277082379.25,2026-07-14
2025-02-18,sh.600129,太极集团,20.25,19.65,20.26,19.59,13756619,274022925.96,2.4703,-2.963,556880500.0,10942701825.0,2026-07-14
2025-02-19,sh.600129,太极集团,19.66,19.7,19.73,19.4,12244920,239723365.59,2.1988,0.2545,556891031.0,10970753310.699999,2026-07-14
2025-02-20,sh.600129,太极集团,19.71,19.78,20.08,19.63,10945269,216834808.78,1.9654,0.4061,556897782.0,11015438127.960001,2026-07-14
2025-02-21,sh.600129,太极集团,19.77,19.79,20.06,19.52,13092568,258052019.65,2.351,0.0506,556893577.0,11020923888.83,2026-07-14
2025-02-24,sh.600129,太极集团,19.79,19.61,19.98,19.51,14510639,286024268.29,2.6057,-0.9096,556880646.0,10920429468.06,2026-07-14
2025-02-25,sh.600129,太极集团,19.5,19.32,19.57,19.25,11122787,215972440.3,1.9973,-1.4788,556891153.0,10759137075.960001,2026-07-14
2025-02-26,sh.600129,太极集团,19.3,19.57,19.57,19.22,12116330,235240443.0,2.1757,1.294,556893414.0,10898404111.98,2026-07-14
2025-02-27,sh.600129,太极集团,19.5,19.8,19.83,19.34,13662423,267343133.71,2.4533,1.1753,556899808.0,11026616198.4,2026-07-14
2025-02-28,sh.600129,太极集团,19.8,20.2,20.87,19.75,36665363,748660881.97,6.5839,2.0202,556894288.0,11249264617.6,2026-07-14
2025-03-03,sh.600129,太极集团,20.51,22.22,22.22,20.51,64931755,1411974339.96,11.6597,10.0,556890443.0,12374105643.46,2026-07-14
2025-03-04,sh.600129,太极集团,22.16,21.85,22.44,21.69,40812893,895843517.67,7.3287,-1.6652,556891304.0,12168074992.400002,2026-07-14
2025-03-05,sh.600129,太极集团,21.66,22.2,22.66,21.16,43620354,953399989.16,7.8328,1.6018,556893499.0,12363035677.8,2026-07-14
2025-03-06,sh.600129,太极集团,22.22,22.15,22.53,21.78,30315731,671895595.28,5.4437,-0.2252,556895696.0,12335239666.4,2026-07-14
2025-03-07,sh.600129,太极集团,21.9,21.61,22.17,21.52,21088201,459714086.15,3.7868,-2.4379,556887108.0,12034330403.88,2026-07-14
2025-03-10,sh.600129,太极集团,21.88,21.69,21.96,21.53,15095131,327461060.83,2.7106,0.3702,556892607.0,12079000645.83,2026-07-14
2025-03-11,sh.600129,太极集团,21.33,21.58,21.6,21.31,11532193,247473538.01,2.0708,-0.5071,556895548.0,12017805925.839998,2026-07-14
2025-03-12,sh.600129,太极集团,21.59,21.32,21.78,21.32,14603300,314702659.0,2.6223,-1.2048,556888991.0,11872873288.12,2026-07-14
2025-03-13,sh.600129,太极集团,21.28,21.21,21.43,21.0,13550550,287094042.99,2.4333,-0.5159,556879546.0,11811415170.66,2026-07-14
2025-03-14,sh.600129,太极集团,21.16,21.81,22.1,21.14,20883702,451766639.29,3.7501,2.8289,556883870.0,12145637204.699999,2026-07-14
2025-03-17,sh.600129,太极集团,21.95,22.13,22.57,21.9,21906964,487630357.77,3.9338,1.4672,556890640.0,12323989863.199999,2026-07-14
2025-03-18,sh.600129,太极集团,21.94,22.17,22.34,21.71,15301400,336787443.0,2.7476,0.1808,556900568.0,12346485592.560001,2026-07-14
2025-03-19,sh.600129,太极集团,21.81,22.53,22.86,21.78,23671963,527808462.8,4.2507,1.6238,556895641.0,12546858791.730001,2026-07-14
2025-03-20,sh.600129,太极集团,22.39,21.91,22.91,21.89,24693500,551891996.88,4.4342,-2.7519,556887375.0,12201402386.25,2026-07-14
2025-03-21,sh.600129,太极集团,22.5,22.05,22.69,21.83,22891574,508262080.7,4.1106,0.639,556891305.0,12279453275.25,2026-07-14
2025-03-24,sh.600129,太极集团,21.79,21.38,21.87,21.04,18397990,394768217.13,3.3037,-3.0385,556890456.0,11906317949.279999,2026-07-14
2025-03-25,sh.600129,太极集团,21.3,21.36,21.45,20.97,11585910,245303942.04,2.0805,-0.0935,556881038.0,11894978971.68,2026-07-14
2025-03-26,sh.600129,太极集团,21.2,21.11,21.3,21.1,10963133,232121719.55,1.9686,-1.1704,556899980.0,11756158577.8,2026-07-14
2025-03-27,sh.600129,太极集团,19.99,20.88,21.09,19.99,21153417,437205018.4,3.7985,-1.0895,556888693.0,11627835909.84,2026-07-14
2025-03-28,sh.600129,太极集团,20.85,20.18,21.21,20.18,14606228,301750989.54,2.6228,-3.3525,556894464.0,11238130283.52,2026-07-14
2025-03-31,sh.600129,太极集团,19.9,20.96,21.07,19.9,17915833,368070715.99,3.2171,3.8652,556893880.0,11672495724.800001,2026-07-14
2025-04-01,sh.600129,太极集团,20.96,21.28,21.66,20.8,13745604,293437125.0,2.4683,1.5267,556885468.0,11850522759.04,2026-07-14
2025-04-02,sh.600129,太极集团,21.07,21.78,22.15,21.06,19323383,420599732.78,3.4699,2.3496,556885876.0,12128974379.28,2026-07-14
2025-04-03,sh.600129,太极集团,21.6,22.15,22.48,21.6,19459809,431020173.0,3.4944,1.6988,556885560.0,12335015154.0,2026-07-14
2025-04-07,sh.600129,太极集团,21.05,19.96,22.0,19.94,21940530,455072519.98,3.9398,-9.8871,556894512.0,11115614459.52,2026-07-14
2025-04-08,sh.600129,太极集团,19.99,20.83,20.98,19.99,18988725,389653408.58,3.4098,4.3587,556886768.0,11599951377.439999,2026-07-14
2025-04-09,sh.600129,太极集团,20.59,21.21,21.45,19.71,17250800,355511760.0,3.0977,1.8243,556890596.0,11811649541.16,2026-07-14
2025-04-10,sh.600129,太极集团,21.21,21.7,22.0,21.1,16411594,355345180.32,2.947,2.3102,556891551.0,12084546656.699999,2026-07-14
2025-04-11,sh.600129,太极集团,21.6,21.78,21.95,21.06,14433069,310536169.41,2.5917,0.3687,556895821.0,12129190981.380001,2026-07-14
2025-04-14,sh.600129,太极集团,21.78,21.44,21.88,21.35,11601756,250267481.52,2.0833,-1.5611,556893198.0,11939790165.12,2026-07-14
2025-04-15,sh.600129,太极集团,21.4,22.37,22.6,20.91,25973720,572228561.3,4.6641,4.3377,556886002.0,12457539864.74,2026-07-14
2025-04-16,sh.600129,太极集团,22.2,22.33,22.65,21.94,18104200,404657806.0,3.2509,-0.1788,556898090.0,12435534349.699999,2026-07-14
2025-04-17,sh.600129,太极集团,22.06,21.79,22.35,21.79,10983900,241968558.99,1.9724,-2.4183,556879943.0,12134413957.97,2026-07-14
2025-04-18,sh.600129,太极集团,21.79,21.12,21.92,20.87,14514224,308554698.68,2.6063,-3.0748,556889997.0,11761516736.640001,2026-07-14
2025-04-21,sh.600129,太极集团,20.9,20.95,21.12,20.82,10066800,210859366.0,1.8077,-0.8049,556884439.0,11666728997.05,2026-07-14
2025-04-22,sh.600129,太极集团,20.89,20.56,21.15,20.49,13955312,289729279.66,2.5059,-1.8616,556898200.0,11449826992.0,2026-07-14
2025-04-23,sh.600129,太极集团,20.62,20.38,20.9,20.3,11021561,226274033.96,1.9791,-0.8755,556897630.0,11349573699.4,2026-07-14
2025-04-24,sh.600129,太极集团,20.31,21.02,21.74,20.31,20273388,426084636.19,3.6405,3.1403,556884714.0,11705716688.28,2026-07-14
2025-04-25,sh.600129,太极集团,20.76,21.1,21.37,20.76,11307369,237678259.69,2.0304,0.3806,556903517.0,11750664208.7,2026-07-14
2025-04-28,sh.600129,太极集团,21.1,20.46,21.1,20.33,10691100,219565376.0,1.9198,-3.0332,556886134.0,11393890301.640001,2026-07-14
2025-04-29,sh.600129,太极集团,20.35,20.58,20.7,20.22,7346478,150947359.56,1.3192,0.5865,556888872.0,11460772985.759998,2026-07-14
2025-04-30,sh.600129,太极集团,20.5,20.59,21.11,20.46,9759201,202552473.57,1.7524,0.0486,556904873.0,11466671335.07,2026-07-14
2025-05-06,sh.600129,太极集团,20.59,21.28,21.3,20.52,14100079,296755583.02,2.5319,3.3511,556897152.0,11850771394.560001,2026-07-14
2025-05-07,sh.600129,太极集团,21.42,21.3,21.54,21.01,10929982,231949869.6,1.9627,0.094,556885005.0,11861650606.5,2026-07-14
2025-05-08,sh.600129,太极集团,21.22,21.25,21.35,21.03,9531700,201522861.0,1.7116,-0.2347,556888292.0,11833876205.0,2026-07-14
2025-05-09,sh.600129,太极集团,21.25,20.85,21.59,20.81,11963536,252744817.94,2.1483,-1.8824,556883862.0,11611028522.7,2026-07-14
2025-05-12,sh.600129,太极集团,20.85,20.96,21.04,20.74,8670636,181162650.56,1.557,0.5276,556880925.0,11672224188.0,2026-07-14
2025-05-13,sh.600129,太极集团,21.0,20.91,21.15,20.84,7555200,158515877.0,1.3567,-0.2385,556880666.0,11644374726.06,2026-07-14
2025-05-14,sh.600129,太极集团,20.81,20.92,20.94,20.53,8865494,183584470.58,1.592,0.0478,556877764.0,11649882822.880001,2026-07-14
2025-05-15,sh.600129,太极集团,20.81,20.99,21.21,20.66,8556882,179312012.18,1.5365,0.3346,556907387.0,11689486053.13,2026-07-14
2025-05-16,sh.600129,太极集团,20.99,21.27,21.39,20.94,11865097,251882946.28,2.1306,1.334,556889937.0,11845048959.99,2026-07-14
2025-05-19,sh.600129,太极集团,21.4,21.18,21.74,21.11,11171000,238954372.0,2.006,-0.4231,556879362.0,11794704887.16,2026-07-14
2025-05-20,sh.600129,太极集团,21.09,21.9,22.0,21.09,22424047,488003158.52,4.0267,3.3994,556883974.0,12195759030.599998,2026-07-14
2025-05-21,sh.600129,太极集团,21.8,21.57,22.07,21.5,10136300,220064733.03,1.8202,-1.5068,556878365.0,12011866333.05,2026-07-14
2025-05-22,sh.600129,太极集团,21.6,21.75,21.9,21.29,11732927,253160198.24,2.1069,0.8345,556881057.0,12112162989.75,2026-07-14
2025-05-23,sh.600129,太极集团,22.03,21.41,22.22,21.38,14848400,324538606.0,2.6663,-1.5632,556891573.0,11923048577.93,2026-07-14
2025-05-26,sh.600129,太极集团,21.3,21.09,21.43,21.04,9584300,203074297.0,1.721,-1.4946,556902963.0,11745083489.67,2026-07-14
2025-05-27,sh.600129,太极集团,21.03,21.16,21.27,20.96,6430126,135656887.68,1.1546,0.3319,556913736.0,11784294653.76,2026-07-14
2025-05-28,sh.600129,太极集团,21.09,20.77,21.12,20.67,7850600,163608056.0,1.4097,-1.8431,556898631.0,11566784565.869999,2026-07-14
2025-05-29,sh.600129,太极集团,20.68,20.88,20.96,20.63,6995274,145813748.13,1.2561,0.5296,556904227.0,11628160259.76,2026-07-14
2025-05-30,sh.600129,太极集团,20.84,21.23,21.33,20.75,11447001,240799860.82,2.0555,1.6762,556896181.0,11822905922.630001,2026-07-14
2025-06-03,sh.600129,太极集团,21.05,21.38,21.44,21.0,9694945,205827171.3,1.7409,0.7065,556892699.0,11906365904.619999,2026-07-14
2025-06-04,sh.600129,太极集团,21.4,21.36,21.58,21.12,6983451,149153701.34,1.254,-0.0935,556894019.0,11895256245.84,2026-07-14
2025-06-05,sh.600129,太极集团,21.32,21.01,21.36,20.93,9700500,204358193.0,1.7419,-1.6386,556891900.0,11700298819.0,2026-07-14
2025-06-06,sh.600129,太极集团,21.01,20.85,21.07,20.75,9030251,187967040.25,1.6215,-0.7615,556907246.0,11611516079.1,2026-07-14
2025-06-09,sh.600129,太极集团,20.85,21.73,22.0,20.83,25329158,549206846.85,4.5483,4.2206,556892861.0,12101281869.53,2026-07-14
2025-06-10,sh.600129,太极集团,21.69,21.45,21.95,21.31,11271055,242405377.1,2.0239,-1.2885,556897821.0,11945458260.449999,2026-07-14
2025-06-11,sh.600129,太极集团,21.46,22.2,22.57,21.45,24215829,535257355.43,4.3484,3.4965,556890557.0,12362970365.4,2026-07-14
2025-06-12,sh.600129,太极集团,22.2,22.25,22.34,21.94,13333500,295152460.56,2.3943,0.2252,556885102.0,12390693519.5,2026-07-14
2025-06-13,sh.600129,太极集团,22.15,21.96,22.5,21.81,19815301,437418731.34,3.5582,-1.3034,556891153.0,12229329719.880001,2026-07-14
2025-06-16,sh.600129,太极集团,21.86,21.6,22.0,21.51,13150301,285360900.77,2.3614,-1.6393,556885788.0,12028733020.800001,2026-07-14
2025-06-17,sh.600129,太极集团,21.62,21.41,21.75,21.25,10310101,221004084.31,1.8514,-0.8796,556881333.0,11922829339.53,2026-07-14
2025-06-18,sh.600129,太极集团,21.3,21.35,21.38,21.13,7563013,160744465.27,1.3581,-0.2802,556881894.0,11889428436.900002,2026-07-14
2025-06-19,sh.600129,太极集团,21.3,21.04,21.35,20.93,8489133,179149092.4,1.5244,-1.452,556883561.0,11716830123.439999,2026-07-14
2025-06-20,sh.600129,太极集团,20.95,21.08,21.19,20.95,5715033,120411075.68,1.0262,0.1901,556912200.0,11739709176.0,2026-07-14
2025-06-23,sh.600129,太极集团,20.99,21.3,21.3,20.76,7286112,153941153.65,1.3084,1.0436,556871905.0,11861371576.5,2026-07-14
2025-06-24,sh.600129,太极集团,21.3,21.54,21.57,21.23,8440402,180912062.6,1.5156,1.1268,556901689.0,11995662381.06,2026-07-14
2025-06-25,sh.600129,太极集团,21.5,21.41,21.5,21.18,10134100,215844955.0,1.8198,-0.6035,556879877.0,11922798166.57,2026-07-14
2025-06-26,sh.600129,太极集团,21.26,21.33,21.41,21.17,8135354,173035007.2,1.4609,-0.3737,556872750.0,11878095757.5,2026-07-14
2025-06-27,sh.600129,太极集团,21.34,21.22,21.39,21.16,8310201,176812377.42,1.4922,-0.5157,556909329.0,11817615961.38,2026-07-14
2025-06-30,sh.600129,太极集团,21.23,21.31,21.32,21.07,7479504,158671306.38,1.3431,0.4241,556883627.0,11867190091.369999,2026-07-14
2025-07-01,sh.600129,太极集团,21.31,21.3,21.36,21.04,8040300,170799718.0,1.4438,-0.0469,556884610.0,11861642193.0,2026-07-14
2025-07-02,sh.600129,太极集团,21.31,21.38,21.44,21.15,7072718,150626082.57,1.27,0.3756,556906929.0,11906670142.019999,2026-07-14
2025-07-03,sh.600129,太极集团,21.3,21.48,21.66,21.3,11454422,246545142.93,2.0569,0.4677,556877923.0,11961737786.04,2026-07-14
2025-07-04,sh.600129,太极集团,21.49,21.91,22.28,21.19,19707891,425947590.36,3.5389,2.0019,556893131.0,12201528500.210001,2026-07-14
2025-07-07,sh.600129,太极集团,21.9,21.79,21.91,21.61,14741242,320624904.22,2.6471,-0.5477,556882702.0,12134474076.58,2026-07-14
2025-07-08,sh.600129,太极集团,21.89,21.87,21.99,21.72,11174500,244140741.0,2.0066,0.3671,556887272.0,12179124638.640001,2026-07-14
2025-07-09,sh.600129,太极集团,21.89,21.51,21.91,21.43,12578816,272405950.48,2.2588,-1.6461,556880468.0,11978498866.68,2026-07-14
2025-07-10,sh.600129,太极集团,21.4,21.61,21.72,21.39,7949600,171559058.99,1.4275,0.4649,556889667.0,12034385703.869999,2026-07-14
2025-07-11,sh.600129,太极集团,21.6,21.58,21.75,21.48,9168650,198508699.5,1.6464,-0.1388,556890792.0,12017703291.359999,2026-07-14
2025-07-14,sh.600129,太极集团,21.67,21.66,21.93,21.54,10107230,219745903.65,1.8149,0.3707,556902860.0,12062515947.6,2026-07-14
2025-07-15,sh.600129,太极集团,21.5,21.26,21.5,21.02,15328133,325568429.3,2.7524,-1.8467,556900632.0,11839707436.320002,2026-07-14
2025-07-16,sh.600129,太极集团,21.26,21.76,21.79,21.26,14606783,314700544.09,2.6229,2.3518,556894392.0,12118021969.92,2026-07-14
2025-07-17,sh.600129,太极集团,21.87,21.99,22.3,21.81,15636383,343760975.96,2.8078,1.057,556890911.0,12246031132.89,2026-07-14
2025-07-18,sh.600129,太极集团,21.82,21.93,22.0,21.64,10119336,220365214.82,1.8171,-0.2729,556894832.0,12212703665.76,2026-07-14
2025-07-21,sh.600129,太极集团,21.9,21.93,22.05,21.8,8034318,176129435.18,1.4427,0.0,556894573.0,12212697985.89,2026-07-14
2025-07-22,sh.600129,太极集团,21.93,22.23,22.56,21.77,18189405,402164862.94,3.2662,1.368,556898077.0,12379844251.710001,2026-07-14
2025-07-23,sh.600129,太极集团,22.25,22.61,23.38,22.02,34127331,777310664.29,6.1282,1.7094,556889968.0,12591282176.48,2026-07-14
2025-07-24,sh.600129,太极集团,22.62,23.0,23.07,22.53,23563933,538342411.57,4.2313,1.7249,556895824.0,12808603952.0,2026-07-14
2025-07-25,sh.600129,太极集团,23.01,22.7,23.39,22.63,21919863,503520060.09,3.9361,-1.3043,556892940.0,12641469738.0,2026-07-14
2025-07-28,sh.600129,太极集团,22.7,23.39,23.68,22.7,27780756,647794501.48,4.9885,3.0396,556895981.0,13025796995.59,2026-07-14
2025-07-29,sh.600129,太极集团,23.4,24.12,24.18,23.04,32899152,777160637.98,5.9076,3.121,556895389.0,13432316782.68,2026-07-14
2025-07-30,sh.600129,太极集团,23.99,24.01,25.51,23.8,44907605,1102061540.23,8.064,-0.4561,556889943.0,13370927531.43,2026-07-14
2025-07-31,sh.600129,太极集团,24.01,24.19,24.55,23.64,27308098,657820924.43,4.9037,0.7497,556887615.0,13471111406.85,2026-07-14
2025-08-01,sh.600129,太极集团,23.96,25.18,25.47,23.71,39699086,983939451.07,7.1287,4.0926,556890962.0,14022514423.16,2026-07-14
2025-08-04,sh.600129,太极集团,25.18,24.84,25.27,24.53,27158584,674019244.48,4.8768,-1.3503,556893537.0,13833235459.08,2026-07-14
2025-08-05,sh.600129,太极集团,24.65,24.15,24.78,23.98,24327488,589382632.66,4.3684,-2.7778,556896987.0,13449062236.05,2026-07-14
2025-08-06,sh.600129,太极集团,23.92,23.81,24.25,23.55,23291735,553971745.01,4.1825,-1.4079,556885475.0,13259443159.75,2026-07-14
2025-08-07,sh.600129,太极集团,23.67,23.7,23.93,23.56,14255269,338085005.66,2.5598,-0.462,556889952.0,13198291862.4,2026-07-14
2025-08-08,sh.600129,太极集团,23.64,23.8,24.0,23.24,17108320,405493268.97,3.0721,0.4219,556893330.0,13254061254.0,2026-07-14
2025-08-11,sh.600129,太极集团,23.78,24.02,24.09,23.62,14379918,343483309.06,2.5822,0.9244,556886299.0,13376408901.98,2026-07-14
2025-08-12,sh.600129,太极集团,24.05,23.72,24.16,23.69,11828317,282166419.26,2.124,-1.249,556888748.0,13209401102.56,2026-07-14
2025-08-13,sh.600129,太极集团,23.76,24.25,24.46,23.57,18995951,456629281.57,3.4111,2.2344,556886371.0,13504494496.75,2026-07-14
2025-08-14,sh.600129,太极集团,24.27,23.65,24.37,23.61,16854174,403347396.4,3.0265,-2.4742,556886635.0,13170368917.75,2026-07-14
2025-08-15,sh.600129,太极集团,23.69,23.62,23.83,23.46,14546685,343404555.59,2.6121,-0.1268,556896175.0,13153887653.5,2026-07-14
2025-08-18,sh.600129,太极集团,23.57,23.54,23.74,23.47,17755258,418656722.06,3.1883,-0.3387,556887934.0,13109141966.359999,2026-07-14
2025-08-19,sh.600129,太极集团,23.44,23.35,24.06,23.27,21136812,499635775.6,3.7955,-0.8071,556891371.0,13003413512.85,2026-07-14
2025-08-20,sh.600129,太极集团,23.33,23.46,23.48,22.97,14720030,341359250.32,2.6433,0.4711,556880793.0,13064423403.78,2026-07-14
2025-08-21,sh.600129,太极集团,23.46,23.21,23.58,23.11,13655128,318590618.98,2.452,-1.0656,556897553.0,12925592205.130001,2026-07-14
2025-08-22,sh.600129,太极集团,23.16,23.37,23.39,23.05,13336508,309977903.4,2.3948,0.6894,556894438.0,13014623016.060001,2026-07-14
2025-08-25,sh.600129,太极集团,23.35,23.71,23.98,23.35,18612501,440461631.68,3.3422,1.4549,556893693.0,13203949461.03,2026-07-14
2025-08-26,sh.600129,太极集团,23.67,23.72,23.86,23.47,14324886,339149041.14,2.5723,0.0422,556890176.0,13209434974.72,2026-07-14
2025-08-27,sh.600129,太极集团,23.68,22.88,23.7,22.85,18913009,440686759.14,3.3962,-3.5413,556887374.0,12741583117.119999,2026-07-14
2025-08-28,sh.600129,太极集团,22.87,22.49,22.99,22.04,20005505,450402740.73,3.5924,-1.7045,556884116.0,12524323768.839998,2026-07-14
2025-08-29,sh.600129,太极集团,22.41,22.28,22.64,22.26,12509888,280545209.08,2.2464,-0.9337,556886040.0,12407420971.2,2026-07-14
2025-09-01,sh.600129,太极集团,22.28,22.72,22.73,22.28,12804917,288841611.78,2.2994,1.9749,556880795.0,12652331662.4,2026-07-14
2025-09-02,sh.600129,太极集团,22.68,22.18,22.8,22.11,12469202,279755743.57,2.2391,-2.3768,556884552.0,12351699363.36,2026-07-14
2025-09-03,sh.600129,太极集团,22.13,22.11,22.35,21.93,13663501,302144492.33,2.4535,-0.3156,556898349.0,12313022496.39,2026-07-14
2025-09-04,sh.600129,太极集团,22.19,22.26,22.43,21.96,12253457,272263599.68,2.2003,0.6784,556899377.0,12396580132.02,2026-07-14
2025-09-05,sh.600129,太极集团,22.26,22.39,22.39,21.98,9211773,204557661.51,1.6541,0.584,556905447.0,12469112958.33,2026-07-14
2025-09-08,sh.600129,太极集团,22.33,22.29,22.5,22.08,18027165,401693240.53,3.2371,-0.4466,556892435.0,12413132376.15,2026-07-14
2025-09-09,sh.600129,太极集团,22.28,21.98,22.28,21.75,13844006,304419484.05,2.4859,-1.3908,556901163.0,12240687562.74,2026-07-14
2025-09-10,sh.600129,太极集团,22.26,22.18,22.44,22.1,10645125,236796783.24,1.9115,0.9099,556899032.0,12352020529.76,2026-07-14
2025-09-11,sh.600129,太极集团,22.1,22.2,22.21,21.8,11725061,257700448.32,2.1055,0.0902,556877749.0,12362686027.8,2026-07-14
2025-09-12,sh.600129,太极集团,22.2,22.0,22.28,21.98,12910148,285044210.91,2.3183,-0.9009,556879955.0,12251359010.0,2026-07-14
2025-09-15,sh.600129,太极集团,21.92,21.62,21.92,21.61,15308480,332662066.2,2.7489,-1.7273,556894758.0,12040064667.960001,2026-07-14
2025-09-16,sh.600129,太极集团,21.61,21.71,21.78,21.44,9677239,209319413.3,1.7377,0.4163,556899292.0,12090283629.32,2026-07-14
2025-09-17,sh.600129,太极集团,21.7,21.73,21.87,21.67,8392765,182641945.77,1.5071,0.0921,556881760.0,12101040644.800001,2026-07-14
2025-09-18,sh.600129,太极集团,21.79,22.0,22.3,21.62,15132633,331568004.94,2.7173,1.2425,556899606.0,12251791332.0,2026-07-14
2025-09-19,sh.600129,太极集团,21.95,21.67,21.95,21.59,7786841,168935787.35,1.3983,-1.5,556879139.0,12067570942.130001,2026-07-14
2025-09-22,sh.600129,太极集团,21.71,21.3,21.78,21.21,8861119,189925828.85,1.5912,-1.7074,556882793.0,11861603490.9,2026-07-14
2025-09-23,sh.600129,太极集团,21.28,20.92,21.28,20.72,9450903,197694751.64,1.6971,-1.784,556885452.0,11650043655.84,2026-07-14
2025-09-24,sh.600129,太极集团,20.88,21.75,21.8,20.85,16500756,353551924.0,2.9924,3.9675,551422136.0,11993431458.0,2026-07-14
2025-09-25,sh.600129,太极集团,21.69,21.8,21.92,21.36,13405303,290253778.19,2.4311,0.2299,551408951.0,12020715131.800001,2026-07-14
2025-09-26,sh.600129,太极集团,21.79,21.98,21.99,21.58,9471379,206277249.64,1.7176,0.8257,551431008.0,12120453555.84,2026-07-14
2025-09-29,sh.600129,太极集团,21.86,21.89,21.98,21.64,7919096,172705645.92,1.4361,-0.4095,551430680.0,12070817585.2,2026-07-14
2025-09-30,sh.600129,太极集团,21.85,21.88,21.97,21.78,5501944,120498869.88,0.9978,-0.0457,551407496.0,12064796012.48,2026-07-14
2025-10-09,sh.600129,太极集团,21.88,21.92,22.08,21.52,10108054,220334712.12,1.8331,0.1828,551418581.0,12087095295.52,2026-07-14
2025-10-10,sh.600129,太极集团,21.87,22.09,22.12,21.82,9010551,198623357.68,1.6341,0.7755,551407564.0,12180593088.76,2026-07-14
2025-10-13,sh.600129,太极集团,21.58,22.1,22.19,21.42,8996711,197054415.45,1.6316,0.0453,551404204.0,12186032908.400002,2026-07-14
2025-10-14,sh.600129,太极集团,22.1,22.38,22.77,22.1,19332042,434808366.52,3.5059,1.267,551414530.0,12340657181.4,2026-07-14
2025-10-15,sh.600129,太极集团,22.41,22.31,22.49,22.15,9255249,205925597.48,1.6784,-0.3128,551432853.0,12302466950.429998,2026-07-14
2025-10-16,sh.600129,太极集团,22.24,22.25,22.34,22.1,7687109,170880450.67,1.3941,-0.2689,551402984.0,12268716394.0,2026-07-14
2025-10-17,sh.600129,太极集团,22.24,21.67,22.44,21.65,10543400,232352277.51,1.9121,-2.6067,551404215.0,11948929339.050001,2026-07-14
2025-10-20,sh.600129,太极集团,21.79,21.61,22.04,21.52,7039754,153011138.52,1.2767,-0.2769,551402365.0,11915805107.65,2026-07-14
2025-10-21,sh.600129,太极集团,21.62,21.9,21.98,21.37,9318434,201826092.4,1.6899,1.342,551419256.0,12076081706.4,2026-07-14
2025-10-22,sh.600129,太极集团,21.78,21.98,22.26,21.75,9500800,209050708.75,1.723,0.3653,551410331.0,12119999075.380001,2026-07-14
2025-10-23,sh.600129,太极集团,21.98,21.87,22.06,21.55,6465470,140664138.86,1.1725,-0.5005,551426013.0,12059686904.310001,2026-07-14
2025-10-24,sh.600129,太极集团,21.79,21.84,21.98,21.72,5766549,125962437.91,1.0458,-0.1372,551400746.0,12042592292.64,2026-07-14
2025-10-27,sh.600129,太极集团,21.51,21.14,21.52,21.1,17157908,364183985.33,3.1116,-3.2051,551417534.0,11656966668.76,2026-07-14
2025-10-28,sh.600129,太极集团,21.13,20.98,21.13,20.94,8184157,171927578.43,1.4842,-0.7569,551418744.0,11568765249.12,2026-07-14
2025-10-29,sh.600129,太极集团,21.04,21.01,21.05,20.76,6814400,142244262.0,1.2358,0.143,551416087.0,11585251987.87,2026-07-14
2025-10-30,sh.600129,太极集团,21.02,20.76,21.03,20.75,6293999,131165617.08,1.1414,-1.1899,551427983.0,11447644927.08,2026-07-14
2025-10-31,sh.600129,太极集团,20.75,21.0,21.12,20.72,6884972,144170152.89,1.2486,1.1561,551415345.0,11579722245.0,2026-07-14
2025-11-03,sh.600129,太极集团,21.06,21.01,21.12,20.88,5277770,110802386.25,0.9571,0.0476,551433497.0,11585617771.970001,2026-07-14
2025-11-04,sh.600129,太极集团,20.97,20.78,20.97,20.72,6216656,129355035.65,1.1274,-1.0947,551415292.0,11458409767.76,2026-07-14
2025-11-05,sh.600129,太极集团,20.69,20.66,20.87,20.55,4861261,100802241.2,0.8816,-0.5775,551413453.0,11392201938.98,2026-07-14
2025-11-06,sh.600129,太极集团,20.7,20.32,20.71,20.28,10937900,223714027.0,1.9836,-1.6457,551416616.0,11204785637.12,2026-07-14
2025-11-07,sh.600129,太极集团,20.33,20.24,20.43,20.21,8206077,166866271.02,1.4882,-0.3937,551409555.0,11160529393.199999,2026-07-14
2025-11-10,sh.600129,太极集团,20.26,20.49,20.52,20.19,9999930,204295262.24,1.8135,1.2352,551416046.0,11298514782.539999,2026-07-14
2025-11-11,sh.600129,太极集团,20.5,20.57,20.64,20.31,7639796,156545529.6,1.3855,0.3904,551410754.0,11342519209.78,2026-07-14
2025-11-12,sh.600129,太极集团,20.6,20.52,20.68,20.43,6830540,140452962.64,1.2387,-0.2431,551428110.0,11315304817.199999,2026-07-14
2025-11-13,sh.600129,太极集团,20.54,20.57,20.59,20.37,6059700,124137038.0,1.0989,0.2437,551433251.0,11342981973.07,2026-07-14
2025-11-14,sh.600129,太极集团,20.55,20.66,20.94,20.49,9816962,203809365.72,1.7803,0.4375,551421783.0,11392374036.78,2026-07-14
2025-11-17,sh.600129,太极集团,20.61,20.46,20.62,20.38,6852491,140120580.44,1.2427,-0.9681,551419570.0,11282044402.2,2026-07-14
2025-11-18,sh.600129,太极集团,20.49,20.31,20.49,20.24,5299861,107750921.18,0.9611,-0.7331,551436999.0,11199685449.689999,2026-07-14
2025-11-19,sh.600129,太极集团,20.32,20.19,20.35,20.19,4500300,91173695.0,0.8161,-0.5908,551439775.0,11133569057.25,2026-07-14
2025-11-20,sh.600129,太极集团,20.2,19.96,20.35,19.96,5681398,114394646.04,1.0303,-1.1392,551431428.0,11006571302.880001,2026-07-14
2025-11-21,sh.600129,太极集团,19.87,19.31,20.05,19.29,8561528,167532401.71,1.5526,-3.2565,551431663.0,10648145412.529999,2026-07-14
2025-11-24,sh.600129,太极集团,19.39,19.34,19.49,19.18,5057560,97656943.48,0.9172,0.1554,551412996.0,10664327342.64,2026-07-14
2025-11-25,sh.600129,太极集团,19.39,19.49,19.62,19.28,6026289,117046950.37,1.0929,0.7756,551403514.0,10746854487.859999,2026-07-14
2025-11-26,sh.600129,太极集团,19.45,19.32,19.59,19.31,5955460,115749180.99,1.08,-0.8722,551431481.0,10653656212.92,2026-07-14
2025-11-27,sh.600129,太极集团,19.37,19.21,19.39,19.2,4974321,95821813.67,0.9021,-0.5694,551415697.0,10592695539.37,2026-07-14
2025-11-28,sh.600129,太极集团,19.2,19.24,19.25,19.03,4996086,95476560.97,0.906,0.1562,551444371.0,10609789698.039999,2026-07-14
2025-12-01,sh.600129,太极集团,19.26,19.37,19.45,19.24,4523700,87555867.0,0.8204,0.6757,551401755.0,10680651994.35,2026-07-14
2025-12-02,sh.600129,太极集团,19.3,19.19,19.34,19.14,3924823,75326103.91,0.7118,-0.9293,551394071.0,10581252222.49,2026-07-14
2025-12-03,sh.600129,太极集团,19.25,19.14,19.26,19.06,3629000,69522270.0,0.6581,-0.2606,551435952.0,10554484121.28,2026-07-14
2025-12-04,sh.600129,太极集团,19.2,19.08,19.44,19.0,8605861,165444151.0,1.5607,-0.3135,551410329.0,10520909077.32,2026-07-14
2025-12-05,sh.600129,太极集团,19.01,19.15,19.15,18.72,7256438,137284441.14,1.316,0.3669,551401064.0,10559330375.599998,2026-07-14
2025-12-08,sh.600129,太极集团,19.17,19.12,19.23,19.07,4620460,88406150.0,0.8379,-0.1567,551433345.0,10543405556.4,2026-07-14
2025-12-09,sh.600129,太极集团,19.1,18.87,19.16,18.86,5455943,103396207.4,0.9894,-1.3075,551439559.0,10405664478.33,2026-07-14
2025-12-10,sh.600129,太极集团,18.83,18.53,18.85,18.46,6927495,128472305.48,1.2563,-1.8018,551420441.0,10217820771.730001,2026-07-14
2025-12-11,sh.600129,太极集团,18.51,18.24,18.53,17.87,12609435,228967132.85,2.2867,-1.565,551424979.0,10057991616.96,2026-07-14
2025-12-12,sh.600129,太极集团,18.13,18.0,18.15,17.89,10307815,185161241.44,1.8693,-1.3158,551426470.0,9925676460.0,2026-07-14
2025-12-15,sh.600129,太极集团,17.92,17.97,18.12,17.75,6989047,125113619.33,1.2675,-0.1667,551404103.0,9908731730.91,2026-07-14
2025-12-16,sh.600129,太极集团,17.95,17.53,17.97,17.51,7100379,125672248.36,1.2877,-2.4485,551400093.0,9666043630.29,2026-07-14
2025-12-17,sh.600129,太极集团,17.53,17.63,17.74,17.37,6421285,112875111.8,1.1645,0.5705,551419923.0,9721533242.49,2026-07-14
2025-12-18,sh.600129,太极集团,17.56,17.91,18.0,17.52,7749305,138387004.5,1.4053,1.5882,551434213.0,9876186754.83,2026-07-14
2025-12-19,sh.600129,太极集团,17.91,18.06,18.15,17.82,7098741,127665103.16,1.2874,0.8375,551401352.0,9958308417.119999,2026-07-14
2025-12-22,sh.600129,太极集团,18.06,18.1,18.16,17.91,5511302,99349466.93,0.9995,0.2215,551405903.0,9980446844.300001,2026-07-14
2025-12-23,sh.600129,太极集团,18.08,18.19,18.23,17.91,6588322,119046017.27,1.1948,0.4972,551416304.0,10030262569.76,2026-07-14
2025-12-24,sh.600129,太极集团,18.2,18.25,18.45,18.08,6737829,122719062.6,1.2219,0.3299,551422293.0,10063456847.25,2026-07-14
2025-12-25,sh.600129,太极集团,18.25,18.21,18.3,18.12,4513385,82199650.52,0.8185,-0.2192,551421503.0,10041385569.630001,2026-07-14
2025-12-26,sh.600129,太极集团,18.18,18.15,18.26,18.02,4145500,75213532.95,0.7518,-0.3295,551409949.0,10008090574.349998,2026-07-14
2025-12-29,sh.600129,太极集团,18.14,17.88,18.18,17.88,4631002,83399508.22,0.8398,-1.4876,551441057.0,9859766099.16,2026-07-14
2025-12-30,sh.600129,太极集团,17.83,18.25,18.4,17.79,8724458,158869261.72,1.5822,2.0694,551413096.0,10063289002.0,2026-07-14
2025-12-31,sh.600129,太极集团,18.25,18.05,18.33,18.03,3899110,70547485.5,0.7071,-1.0959,551422712.0,9953179951.6,2026-07-14
2026-01-05,sh.600129,太极集团,18.05,18.4,18.52,18.0,8887566,162665313.71,1.6118,1.9391,551406254.0,10145875073.599998,2026-07-14
2026-01-06,sh.600129,太极集团,18.39,18.6,18.66,18.32,9307471,172256637.95,1.6879,1.087,551423129.0,10256470199.400002,2026-07-14
2026-01-07,sh.600129,太极集团,18.56,18.3,18.58,18.29,7728988,142215246.4,1.4017,-1.6129,551401013.0,10090638537.9,2026-07-14
2026-01-08,sh.600129,太极集团,18.24,18.5,18.57,18.22,6968799,128579688.51,1.2638,1.0929,551416284.0,10201201254.0,2026-07-14
2026-01-09,sh.600129,太极集团,18.5,18.64,18.66,18.37,9278229,172121505.34,1.6826,0.7568,551422144.0,10278508764.16,2026-07-14
2026-01-12,sh.600129,太极集团,18.66,19.16,19.27,18.62,14660206,278424433.64,2.6586,2.7897,551425788.0,10565318098.08,2026-07-14
2026-01-13,sh.600129,太极集团,19.16,18.95,19.27,18.9,10323747,197049764.32,1.8722,-1.096,551423299.0,10449471516.05,2026-07-14
2026-01-14,sh.600129,太极集团,18.94,18.8,19.2,18.65,12633493,239747876.54,2.2911,-0.7916,551416045.0,10366621646.0,2026-07-14
2026-01-15,sh.600129,太极集团,18.8,18.62,18.96,18.52,7651273,143042186.01,1.3876,-0.9574,551403358.0,10267130525.960001,2026-07-14
2026-01-16,sh.600129,太极集团,18.6,18.37,18.68,18.26,7286269,134192475.39,1.3214,-1.3426,551405252.0,10129314479.24,2026-07-14
2026-01-19,sh.600129,太极集团,18.26,18.46,18.5,18.26,4430109,81640353.14,0.8034,0.4899,551420090.0,10179214861.4,2026-07-14
2026-01-20,sh.600129,太极集团,18.47,18.28,18.55,18.21,7515957,138016412.55,1.363,-0.9751,551427513.0,10080094937.640001,2026-07-14
2026-01-21,sh.600129,太极集团,18.21,18.28,18.34,18.1,6600059,120507204.62,1.1969,0.0,551429443.0,10080130218.04,2026-07-14
2026-01-22,sh.600129,太极集团,18.28,18.29,18.42,18.22,5637714,103166903.5,1.0224,0.0547,551419601.0,10085464502.289999,2026-07-14
2026-01-23,sh.600129,太极集团,18.29,18.6,18.67,18.29,8458418,157105495.01,1.5339,1.6949,551432166.0,10256638287.6,2026-07-14
2026-01-26,sh.600129,太极集团,18.63,18.75,18.84,18.43,11126936,207466778.42,2.0179,0.8065,551411666.0,10338968737.5,2026-07-14
2026-01-27,sh.600129,太极集团,18.79,18.03,18.8,17.96,15903952,289299757.56,2.8842,-3.84,551416407.0,9942037818.210001,2026-07-14
2026-01-28,sh.600129,太极集团,17.98,17.65,18.07,17.55,12039817,213679638.84,2.1834,-2.1076,551425163.0,9732654126.949999,2026-07-14
2026-01-29,sh.600129,太极集团,17.65,17.84,17.86,17.41,7553714,133771057.83,1.3699,1.0765,551406234.0,9837087214.56,2026-07-14
2026-01-30,sh.600129,太极集团,17.83,17.54,17.91,17.53,6570015,116180074.25,1.1915,-1.6816,551407050.0,9671679657.0,2026-07-14
2026-02-02,sh.600129,太极集团,17.69,17.66,18.18,17.5,17396669,311943517.66,3.1549,0.6842,551417446.0,9738032096.36,2026-07-14
2026-02-03,sh.600129,太极集团,17.75,17.81,17.91,17.64,7046678,125169362.44,1.2779,0.8494,551426403.0,9820904237.429998,2026-07-14
2026-02-04,sh.600129,太极集团,17.76,18.1,18.11,17.62,9731329,174812991.3,1.7648,1.6283,551412568.0,9980567480.800001,2026-07-14
2026-02-05,sh.600129,太极集团,18.05,18.17,18.38,18.0,8623637,156891908.54,1.5639,0.3867,551418697.0,10019277724.490002,2026-07-14
2026-02-06,sh.600129,太极集团,18.64,18.3,18.94,18.27,23526857,438513498.54,4.2666,0.7155,551419327.0,10090973684.1,2026-07-14
2026-02-09,sh.600129,太极集团,18.11,18.11,18.35,17.98,17566488,318102014.79,3.1857,-1.0383,551416894.0,9986159950.34,2026-07-14
2026-02-10,sh.600129,太极集团,18.05,17.95,18.11,17.95,7887309,142020464.27,1.4304,-0.8835,551405831.0,9897734666.449999,2026-07-14
2026-02-11,sh.600129,太极集团,17.93,17.87,17.98,17.83,5619980,100586707.88,1.0192,-0.4457,551410911.0,9853712979.57,2026-07-14
2026-02-12,sh.600129,太极集团,17.89,17.73,17.91,17.66,6562000,116504929.01,1.19,-0.7834,551428571.0,9776828563.83,2026-07-14
2026-02-13,sh.600129,太极集团,17.72,17.57,17.82,17.57,5972718,105731038.97,1.0832,-0.9024,551395679.0,9688022080.03,2026-07-14
2026-02-24,sh.600129,太极集团,17.7,17.69,17.74,17.59,4255110,75258605.36,0.7717,0.683,551394324.0,9754165591.560001,2026-07-14
2026-02-25,sh.600129,太极集团,17.74,17.83,17.92,17.71,6088100,108594181.91,1.1041,0.7914,551408387.0,9831611540.21,2026-07-14
2026-02-26,sh.600129,太极集团,17.84,17.61,17.86,17.58,6857918,121177182.79,1.2437,-1.2339,551412559.0,9710375163.99,2026-07-14
2026-02-27,sh.600129,太极集团,17.6,17.68,17.7,17.55,4122653,72771467.84,0.7476,0.3975,551451712.0,9749666268.16,2026-07-14
2026-03-02,sh.600129,太极集团,17.55,17.29,17.55,17.11,9555365,165224462.85,1.7329,-2.2059,551408910.0,9533860053.9,2026-07-14
2026-03-03,sh.600129,太极集团,17.26,16.89,17.44,16.88,8836700,151175171.0,1.6025,-2.3135,551432137.0,9313688793.93,2026-07-14
2026-03-04,sh.600129,太极集团,16.78,16.46,16.89,16.4,7119982,118270353.62,1.2912,-2.5459,551423637.0,9076433065.02,2026-07-14
2026-03-05,sh.600129,太极集团,16.6,16.51,16.71,16.46,4844600,80137924.0,0.8786,0.3038,551399954.0,9103613240.54,2026-07-14
2026-03-06,sh.600129,太极集团,16.44,16.86,16.88,16.42,5565079,92953728.93,1.0092,2.1199,551434701.0,9297189058.86,2026-07-14
2026-03-09,sh.600129,太极集团,16.7,16.79,16.83,16.66,5508300,92183076.0,0.9989,-0.4152,551436580.0,9258620178.199999,2026-07-14
2026-03-10,sh.600129,太极集团,16.85,16.96,17.03,16.84,5129739,86854849.59,0.9303,1.0125,551406965.0,9351862126.4,2026-07-14
2026-03-11,sh.600129,太极集团,16.99,16.88,17.0,16.81,3802000,64140129.0,0.6895,-0.4717,551414068.0,9307869467.84,2026-07-14
2026-03-12,sh.600129,太极集团,16.91,16.72,16.92,16.64,4423778,74073871.82,0.8023,-0.9479,551387012.0,9219190840.64,2026-07-14
2026-03-13,sh.600129,太极集团,16.72,16.79,16.87,16.6,3846872,64635302.3,0.6976,0.4187,551443807.0,9258741519.529999,2026-07-14
2026-03-16,sh.600129,太极集团,16.8,16.87,16.93,16.75,3558700,59954585.0,0.6454,0.4765,551394484.0,9302024945.08,2026-07-14
2026-03-17,sh.600129,太极集团,16.88,16.91,17.14,16.88,6152568,104613759.01,1.1158,0.2371,551404194.0,9324244920.54,2026-07-14
2026-03-18,sh.600129,太极集团,16.88,16.72,16.94,16.63,5219135,87270495.55,0.9465,-1.1236,551414157.0,9219644705.039999,2026-07-14
2026-03-19,sh.600129,太极集团,16.6,16.29,16.7,16.27,7373600,121072574.58,1.3372,-2.5718,551420879.0,8982646118.91,2026-07-14
2026-03-20,sh.600129,太极集团,16.3,16.09,16.45,16.09,5039612,81847424.24,0.9139,-1.2277,551440201.0,8872672834.09,2026-07-14
2026-03-23,sh.600129,太极集团,15.81,15.23,15.91,15.09,9701448,149779017.94,1.7594,-5.3449,551406616.0,8397922761.68,2026-07-14
2026-03-24,sh.600129,太极集团,15.45,15.47,15.48,15.21,5478348,84108767.76,0.9935,1.5758,551419024.0,8530452301.280001,2026-07-14
2026-03-25,sh.600129,太极集团,15.5,15.82,15.83,15.5,4923980,77155227.06,0.893,2.2624,551397536.0,8723109019.52,2026-07-14
2026-03-26,sh.600129,太极集团,15.78,15.73,16.05,15.66,5249097,83102375.75,0.9519,-0.5689,551433659.0,8674051456.07,2026-07-14
2026-03-27,sh.600129,太极集团,15.63,16.12,16.15,15.6,7590600,121563409.0,1.3766,2.4793,551402005.0,8888600320.6,2026-07-14
2026-03-30,sh.600129,太极集团,16.11,16.82,16.85,16.06,16321132,271767079.33,2.9598,4.3424,551426853.0,9274999667.460001,2026-07-14
2026-03-31,sh.600129,太极集团,16.69,16.68,16.93,16.65,10748753,180575994.72,1.9493,-0.8323,551416047.0,9197619663.96,2026-07-14
2026-04-01,sh.600129,太极集团,16.73,16.85,16.86,16.45,9246049,154614172.55,1.6768,1.0192,551410365.0,9291264650.25,2026-07-14
2026-04-02,sh.600129,太极集团,16.81,16.88,17.05,16.8,10403627,175973043.21,1.8867,0.178,551419251.0,9307956956.88,2026-07-14
2026-04-03,sh.600129,太极集团,16.84,16.47,16.84,16.46,7168900,118941411.0,1.3001,-2.4289,551411430.0,9081746252.099998,2026-07-14
2026-04-07,sh.600129,太极集团,16.44,16.72,16.87,16.17,8178400,135952183.0,1.4832,1.5179,551402373.0,9219447676.56,2026-07-14
2026-04-08,sh.600129,太极集团,16.81,16.75,16.95,16.64,9896600,165725735.0,1.7948,0.1794,551404056.0,9236017938.0,2026-07-14
2026-04-09,sh.600129,太极集团,16.7,16.48,17.09,16.46,11211500,187696447.03,2.0332,-1.6119,551421405.0,9087424754.4,2026-07-14
2026-04-10,sh.600129,太极集团,16.44,16.47,16.69,16.4,6321100,104402830.0,1.1463,-0.0607,551435052.0,9082135306.439999,2026-07-14
2026-04-13,sh.600129,太极集团,16.45,16.18,16.45,16.09,7106200,115230393.0,1.2887,-1.7608,551423916.0,8922038960.88,2026-07-14
2026-04-14,sh.600129,太极集团,16.19,16.31,16.33,16.0,6091029,98328845.99,1.1046,0.8035,551423954.0,8993724689.74,2026-07-14
2026-04-15,sh.600129,太极集团,16.35,16.64,16.72,16.23,10035529,166002469.73,1.8199,2.0233,551432991.0,9175844970.24,2026-07-14
2026-04-16,sh.600129,太极集团,16.63,16.57,16.65,16.45,5273415,87152193.8,0.9563,-0.4207,551439402.0,9137350891.14,2026-07-14
2026-04-17,sh.600129,太极集团,16.55,16.25,16.55,16.16,6502994,105804901.68,1.1793,-1.9312,551428305.0,8960709956.25,2026-07-14
2026-04-20,sh.600129,太极集团,16.11,16.18,16.26,16.08,4373594,70754335.92,0.7932,-0.4308,551386031.0,8921425981.58,2026-07-14
2026-04-21,sh.600129,太极集团,16.25,16.11,16.37,16.03,4929400,79521476.0,0.8939,-0.4326,551448708.0,8883838685.88,2026-07-14
2026-04-22,sh.600129,太极集团,16.09,16.05,16.09,15.96,4174363,66894430.95,0.757,-0.3724,551435007.0,8850531862.35,2026-07-14
2026-04-23,sh.600129,太极集团,16.06,15.96,16.1,15.85,4842300,77261615.06,0.8782,-0.5607,551389205.0,8800171711.800001,2026-07-14
2026-04-24,sh.600129,太极集团,15.84,15.85,15.96,15.72,4593875,72736261.75,0.8331,-0.6892,551419397.0,8739997442.449999,2026-07-14
2026-04-27,sh.600129,太极集团,15.71,15.63,15.84,15.61,5168288,80965701.84,0.9373,-1.388,551401686.0,8618408352.18,2026-07-14
2026-04-28,sh.600129,太极集团,15.63,15.51,15.88,15.42,6710200,105017340.17,1.2169,-0.7678,551417536.0,8552485983.36,2026-07-14
2026-04-29,sh.600129,太极集团,15.51,15.56,15.62,15.4,4314700,67097493.0,0.7825,0.3224,551399361.0,8579774057.16,2026-07-14
2026-04-30,sh.600129,太极集团,15.45,15.56,15.85,15.43,8221847,128446456.68,1.491,0.0,551431724.0,8580277625.440001,2026-07-14
2026-05-06,sh.600129,太极集团,15.56,15.52,15.7,15.5,7005884,109162339.95,1.2705,-0.2571,551427312.0,8558151882.24,2026-07-14
2026-05-07,sh.600129,太极集团,15.52,15.57,15.6,15.46,4804700,74517180.0,0.8713,0.3222,551440376.0,8585926654.32,2026-07-14
2026-05-08,sh.600129,太极集团,15.58,15.69,15.74,15.57,6339233,99421012.91,1.1496,0.7707,551429454.0,8651928133.26,2026-07-14
2026-05-11,sh.600129,太极集团,15.71,15.89,15.92,15.56,7901673,124504227.01,1.433,1.2747,551407746.0,8761869083.94,2026-07-14
2026-05-12,sh.600129,太极集团,15.9,15.52,15.91,15.52,7317900,114399806.0,1.3271,-2.3285,551420390.0,8558044452.8,2026-07-14
2026-05-13,sh.600129,太极集团,15.55,15.39,15.6,15.35,6478230,99739451.8,1.1748,-0.8376,551432584.0,8486547467.76,2026-07-14
2026-05-14,sh.600129,太极集团,15.39,15.18,15.42,15.13,5609740,85488964.16,1.0173,-1.3645,551434189.0,8370770989.0199995,2026-07-14
2026-05-15,sh.600129,太极集团,15.18,14.93,15.26,14.85,6384200,96182809.0,1.1578,-1.6469,551407842.0,8232519081.059999,2026-07-14
2026-05-18,sh.600129,太极集团,14.88,14.57,14.88,14.48,6645100,96975500.0,1.2051,-2.4113,551414820.0,8034113927.400001,2026-07-14
2026-05-19,sh.600129,太极集团,14.47,14.61,14.7,14.47,4887800,71322032.0,0.8864,0.2745,551421480.0,8056267822.799999,2026-07-14
2026-05-20,sh.600129,太极集团,14.52,14.91,14.91,14.19,10047800,146643328.86,1.8222,2.0534,551410383.0,8221528810.53,2026-07-14
2026-05-21,sh.600129,太极集团,14.82,14.5,14.96,14.48,7311260,107651926.6,1.3259,-2.7498,551418659.0,7995570555.5,2026-07-14
2026-05-22,sh.600129,太极集团,14.53,14.29,14.59,14.29,5401501,77658515.33,0.9796,-1.4483,551398632.0,7879486451.28,2026-07-14
2026-05-25,sh.600129,太极集团,14.3,14.44,14.62,14.13,7263100,104244828.62,1.3172,1.0497,551404494.0,7962280893.36,2026-07-14
2026-05-26,sh.600129,太极集团,14.4,14.32,14.56,14.17,6039343,86708085.29,1.0952,-0.831,551437454.0,7896584341.28,2026-07-14
2026-05-27,sh.600129,太极集团,14.28,14.21,14.38,13.97,7280500,102993185.0,1.3203,-0.7682,551427706.0,7835787702.26,2026-07-14
2026-05-28,sh.600129,太极集团,14.11,13.95,14.26,13.92,4795274,67463074.11,0.8696,-1.8297,551434453.0,7692510619.349999,2026-07-14
2026-05-29,sh.600129,太极集团,13.9,14.33,14.43,13.9,8412180,119664140.22,1.5256,2.724,551401416.0,7901582291.28,2026-07-14
2026-06-01,sh.600129,太极集团,14.28,14.52,14.57,14.25,6763157,97580691.67,1.2265,1.3259,551419242.0,8006607393.84,2026-07-14
2026-06-02,sh.600129,太极集团,14.49,14.59,14.85,14.47,8428400,123659860.0,1.5285,0.4821,551416421.0,8045165582.39,2026-07-14
2026-06-03,sh.600129,太极集团,14.55,14.3,14.59,14.18,6931020,99085682.4,1.2569,-1.9877,551437664.0,7885558595.200001,2026-07-14
2026-06-04,sh.600129,太极集团,14.2,13.79,14.34,13.78,6125494,85617124.26,1.1109,-3.5664,551399226.0,7603795326.54,2026-07-14
2026-06-05,sh.600129,太极集团,13.8,13.76,14.13,13.74,5529986,76673201.1,1.0029,-0.2175,551399541.0,7587257684.16,2026-07-14
2026-06-08,sh.600129,太极集团,13.6,13.39,13.76,13.25,7126857,95906331.77,1.2925,-2.689,551400928.0,7383258425.92,2026-07-14
2026-06-09,sh.600129,太极集团,13.39,13.28,13.49,13.17,4977065,66311023.2,0.9026,-0.8215,551414248.0,7322781213.44,2026-07-14
2026-06-10,sh.600129,太极集团,13.28,13.32,13.38,13.12,4924667,65177229.78,0.8931,0.3012,551412720.0,7344817430.400001,2026-07-14
2026-06-11,sh.600129,太极集团,13.29,13.02,13.36,12.88,6902086,89975798.14,1.2517,-2.2523,551416953.0,7179448728.059999,2026-07-14
2026-06-12,sh.600129,太极集团,13.02,13.39,13.4,12.95,8108300,107035185.0,1.4704,2.8418,551434984.0,7383714435.76,2026-07-14
2026-06-15,sh.600129,太极集团,13.36,13.49,13.58,13.32,6575100,88339182.0,1.1924,0.7468,551417310.0,7438619511.900001,2026-07-14
2026-06-16,sh.600129,太极集团,13.45,13.21,13.45,13.12,5394800,71417502.0,0.9784,-2.0756,551390025.0,7283862230.25,2026-07-14
2026-06-17,sh.600129,太极集团,13.18,12.92,13.18,12.88,6149147,79831514.22,1.1152,-2.1953,551394100.0,7124011772.0,2026-07-14
2026-06-18,sh.600129,太极集团,12.9,12.8,13.08,12.67,6047745,77871154.32,1.0968,-0.9288,551399070.0,7057908096.0,2026-07-14
2026-06-22,sh.600129,太极集团,12.74,12.7,12.79,12.25,9324422,115931609.4,1.691,-0.7813,551414666.0,7002966258.2,2026-07-14
2026-06-23,sh.600129,太极集团,12.58,13.01,13.29,12.58,10202500,132976942.0,1.8502,2.4409,551426873.0,7174063617.73,2026-07-14
2026-06-24,sh.600129,太极集团,13.15,12.58,13.15,12.56,7719346,98611297.72,1.3999,-3.3051,551421244.0,6936879249.52,2026-07-14
2026-06-25,sh.600129,太极集团,12.45,12.32,12.55,12.13,8878585,109500315.0,1.6101,-2.0668,551430656.0,6793625681.92,2026-07-14
2026-06-26,sh.600129,太极集团,12.31,11.86,12.42,11.84,8546638,102636975.72,1.5499,-3.7338,551431576.0,6539978491.36,2026-07-14
2026-06-29,sh.600129,太极集团,11.78,13.05,13.05,11.56,17236372,216100042.67,3.1258,10.0337,551422740.0,7196066757.0,2026-07-14
2026-06-30,sh.600129,太极集团,13.05,13.57,13.7,12.95,27427118,366282552.12,4.9739,3.9847,551420776.0,7482779930.32,2026-07-14
2026-07-01,sh.600129,太极集团,13.51,13.7,13.87,13.1,21684141,291665483.73,3.9324,0.958,551422566.0,7554489154.2,2026-07-14
2026-07-02,sh.600129,太极集团,13.52,13.6,14.07,13.36,19106521,261543764.9,3.465,-0.7299,551414747.0,7499240559.2,2026-07-14
2026-07-03,sh.600129,太极集团,13.66,14.09,14.16,13.66,20830285,289410979.69,3.7776,3.6029,551415846.0,7769449270.14,2026-07-14
2026-07-06,sh.600129,太极集团,13.93,14.32,14.53,13.78,23670239,334350016.29,4.2926,1.6324,551419629.0,7896329087.28,2026-07-14
2026-07-07,sh.600129,太极集团,14.09,13.6,14.09,13.55,15439457,212289181.65,2.8,-5.0279,551409179.0,7499164834.4,2026-07-14
2026-07-08,sh.600129,太极集团,13.63,14.96,14.96,13.42,22555068,332982966.32,4.0904,10.0,551414727.0,8249164315.92,2026-07-14
2026-07-09,sh.600129,太极集团,14.96,15.39,16.46,14.78,55293956,857826044.24,10.0276,2.8743,551417647.0,8486317587.33,2026-07-14
2026-07-10,sh.600129,太极集团,15.0,16.58,16.6,14.57,52807665,826850323.36,9.5767,7.7323,551418182.0,9142513457.56,2026-07-14
2026-07-13,sh.600129,太极集团,16.42,17.94,17.95,15.9,74079902,1279822759.65,13.4344,8.2027,551419505.0,9892465919.7,2026-07-14
