日期,股票代码,股票名称,开盘,收盘,最高,最低,成交量,成交额,换手率,涨跌幅,流通股数,流通市值,数据日期
2012-01-04,sh.600399,抚顺特钢,1.56738668,1.52083064,1.58678503,1.52083064,1802964.0,7215082.0,0.399019,-2.7295,451849160.0,687186047.1862624,2026-07-14
2012-01-05,sh.600399,抚顺特钢,1.5130713,1.43935757,1.5130713,1.43159823,2454781.0,9325651.0,0.543274,-5.3571,451849527.0,650373037.1883694,2026-07-14
2012-01-06,sh.600399,抚顺特钢,1.4354779,1.45875592,1.46651526,1.41607955,1994903.0,7389696.0,0.441498,1.3477,451848706.0,659136974.8218396,2026-07-14
2012-01-09,sh.600399,抚顺特钢,1.45875592,1.52858998,1.52858998,1.4354779,2782459.0,10690366.0,0.615794,4.7872,451848995.0,690691846.2300701,2026-07-14
2012-01-10,sh.600399,抚顺特钢,1.53634932,1.60618338,1.61782239,1.52858998,5585620.0,22746556.0,1.236169,5.0761,451849221.0,725752709.036147,2026-07-14
2012-01-11,sh.600399,抚顺特钢,1.60618338,1.76524985,1.76524985,1.59454437,8714627.0,39212317.0,1.928659,9.9034,451849031.0,797626434.1953954,2026-07-14
2012-01-12,sh.600399,抚顺特钢,1.7846482,1.73809216,1.78852787,1.69541579,11390292.0,51118019.0,2.520818,-1.5385,451849043.0,785355279.1418029,2026-07-14
2012-01-13,sh.600399,抚顺特钢,1.72645315,1.74973117,1.76137018,1.67989711,9160929.0,40556143.0,2.027431,0.6696,451849113.0,790614477.1529522,2026-07-14
2012-01-16,sh.600399,抚顺特钢,1.7070548,1.65661909,1.73033282,1.6294614,4425879.0,19255523.0,0.979504,-5.3215,451848997.0,748541674.2275528,2026-07-14
2012-01-17,sh.600399,抚顺特钢,1.65273942,1.76524985,1.79628721,1.63722074,6454074.0,28863282.0,1.428369,6.5574,451849207.0,797626744.8793689,2026-07-14
2012-01-18,sh.600399,抚顺特钢,1.75361084,1.72645315,1.85448226,1.72257348,8398244.0,38671218.0,1.858639,-2.1978,451849122.0,780096340.0016342,2026-07-14
2012-01-19,sh.600399,抚顺特钢,1.71869381,1.76137018,1.76912952,1.71093447,4357284.0,19568940.0,0.964323,2.0225,451849017.0,795873384.406113,2026-07-14
2012-01-20,sh.600399,抚顺特钢,1.75361084,1.75749051,1.77688886,1.73809216,3079153.0,13974019.0,0.681456,-0.2203,451849129.0,794120556.1692657,2026-07-14
2012-01-30,sh.600399,抚顺特钢,1.76912952,1.73809216,1.77300919,1.72645315,2131608.0,9590941.0,0.471752,-1.1038,451849277.0,785355685.8553684,2026-07-14
2012-01-31,sh.600399,抚顺特钢,1.72645315,1.7070548,1.74197183,1.6682581,2523961.0,11081690.0,0.558585,-1.7857,451849047.0,771331084.5567757,2026-07-14
2012-02-01,sh.600399,抚顺特钢,1.7070548,1.66437843,1.72257348,1.65661909,2056356.0,8943783.0,0.455098,-2.5,451849052.0,752047815.7647483,2026-07-14
2012-02-02,sh.600399,抚顺特钢,1.68765645,1.71869381,1.71869381,1.66437843,2584527.0,11325349.0,0.571989,3.2634,451849074.0,776590206.5380319,2026-07-14
2012-02-03,sh.600399,抚顺特钢,1.71481414,1.74973117,1.75749051,1.71093447,3321443.0,14873739.0,0.735078,1.8059,451849055.0,790614375.6685443,2026-07-14
2012-02-06,sh.600399,抚顺特钢,1.73809216,1.73809216,1.76912952,1.72645315,3716264.0,16718631.0,0.822457,-0.6652,451849033.0,785355261.7608813,2026-07-14
2012-02-07,sh.600399,抚顺特钢,1.75749051,1.81180589,1.87000094,1.72645315,13389514.0,62888062.0,2.963271,4.2411,451849122.0,818662900.6309286,2026-07-14
2012-02-08,sh.600399,抚顺特钢,1.77688886,1.83120424,1.85448226,1.75361084,8261694.0,38457588.0,1.828419,1.0707,451849056.0,827427907.1871974,2026-07-14
2012-02-09,sh.600399,抚顺特钢,1.8234449,1.85060259,1.87776028,1.79628721,8563325.0,40716332.0,1.895174,1.0593,451849012.0,836192951.896141,2026-07-14
2012-02-10,sh.600399,抚顺特钢,1.83896358,1.85836193,1.90879764,1.80404655,6711328.0,32324546.0,1.485303,0.4193,451849084.0,839699135.8109721,2026-07-14
2012-02-13,sh.600399,抚顺特钢,1.83896358,1.83120424,1.85448226,1.80404655,5806036.0,27329474.0,1.28495,-1.4614,451849177.0,827428128.7629105,2026-07-14
2012-02-14,sh.600399,抚顺特钢,1.82732457,1.85448226,1.8622416,1.79628721,5935342.0,27947022.0,1.313567,1.2712,451849201.0,837946327.4496742,2026-07-14
2012-02-15,sh.600399,抚顺特钢,1.84284325,1.88551962,1.91267731,1.8234449,7619608.0,36926298.0,1.686317,1.6736,451849089.0,851970322.5886261,2026-07-14
2012-02-16,sh.600399,抚顺特钢,1.87388061,1.86612127,1.90491797,1.84672292,4985444.0,24022727.0,1.103343,-1.0288,451848972.0,843204977.4768344,2026-07-14
2012-02-17,sh.600399,抚顺特钢,1.87776028,1.86612127,1.88551962,1.83120424,4348929.0,20882819.0,0.962474,0.0,451848985.0,843205001.736411,2026-07-14
2012-02-20,sh.600399,抚顺特钢,1.89327896,1.85060259,1.89327896,1.84284325,4995752.0,24105885.0,1.105624,-0.8316,451849092.0,836193099.9443483,2026-07-14
2012-02-21,sh.600399,抚顺特钢,1.85060259,1.88163995,1.88551962,1.83508391,4841214.0,23235455.0,1.071423,1.6771,451848990.0,850217110.9511505,2026-07-14
2012-02-22,sh.600399,抚顺特钢,1.88163995,1.94371467,1.95535368,1.87000094,10615852.0,52679878.0,2.349424,3.299,451849134.0,878265790.3825958,2026-07-14
2012-02-23,sh.600399,抚顺特钢,1.939835,1.95535368,2.00190972,1.90491797,9266739.0,46621195.0,2.050848,0.5988,451849138.0,883524874.7931278,2026-07-14
2012-02-24,sh.600399,抚顺特钢,1.94371467,1.95923335,1.96699269,1.91267731,7553469.0,37756824.0,1.671679,0.1984,451849249.0,885278117.8132542,2026-07-14
2012-02-27,sh.600399,抚顺特钢,1.96699269,1.9786317,2.0562251,1.95147401,9311423.0,48008701.0,2.060737,0.9901,451849169.0,894043089.4020573,2026-07-14
2012-02-28,sh.600399,抚顺特钢,1.95923335,2.01354873,2.05234543,1.92819599,9335162.0,47745364.0,2.065991,1.7647,451849113.0,909820207.6327765,2026-07-14
2012-02-29,sh.600399,抚顺特钢,1.99415038,1.94759434,2.00578939,1.939835,6140355.0,31226707.0,1.358939,-3.2755,451849200.0,880018944.453528,2026-07-14
2012-03-01,sh.600399,抚顺特钢,1.939835,1.94371467,1.96311302,1.92431632,3802220.0,19085785.0,0.84148,-0.1992,451849123.0,878265769.0017345,2026-07-14
2012-03-02,sh.600399,抚顺特钢,1.95147401,1.99027071,1.99415038,1.95147401,5345034.0,27179254.0,1.182925,2.3952,451848934.0,899301698.6849232,2026-07-14
2012-03-05,sh.600399,抚顺特钢,2.00190972,1.98639104,2.04458609,1.98639104,6356829.0,32985165.0,1.406848,-0.1949,451849027.0,897548858.665518,2026-07-14
2012-03-06,sh.600399,抚顺特钢,1.97087236,1.96311302,1.98639104,1.92043665,5110821.0,25649488.0,1.13109,-1.1719,451849190.0,887031027.9654537,2026-07-14
2012-03-07,sh.600399,抚顺特钢,1.939835,2.16097619,2.16097619,1.92819599,19710639.0,105997560.0,4.362217,10.0791,451849117.0,976435183.3095242,2026-07-14
2012-03-08,sh.600399,抚顺特钢,2.22305091,2.30840365,2.33944101,2.18425421,31407206.0,183371617.0,6.950817,6.8223,451849128.0,1043050176.3245171,2026-07-14
2012-03-09,sh.600399,抚顺特钢,2.27736629,2.26572728,2.28512563,2.23856959,16043067.0,93479425.0,3.550536,-1.8487,451849157.0,1023766961.459903,2026-07-14
2012-03-12,sh.600399,抚顺特钢,2.25408827,2.25408827,2.27348662,2.2114119,12981926.0,75162183.0,2.873067,-0.5137,451849052.0,1018507647.92382,2026-07-14
2012-03-13,sh.600399,抚顺特钢,2.25408827,2.24632893,2.26960695,2.22305091,10756303.0,62257720.0,2.380508,-0.3442,451849059.0,1015001613.2249768,2026-07-14
2012-03-14,sh.600399,抚顺特钢,2.24632893,2.12993883,2.28124596,2.08726246,15227231.0,87091599.0,3.369981,-5.1813,451849165.0,962411081.8365769,2026-07-14
2012-03-15,sh.600399,抚顺特钢,2.09114213,2.04458609,2.12993883,2.00966906,9331675.0,49490785.0,2.065219,-4.0073,451849174.0,923844535.9383898,2026-07-14
2012-03-16,sh.600399,抚顺特钢,2.03294708,2.10278114,2.11442015,2.03294708,5849399.0,31368553.0,1.294547,2.8463,451849102.0,950139769.8115362,2026-07-14
2012-03-19,sh.600399,抚顺特钢,2.08726246,2.22305091,2.2502086,2.07174378,9990107.0,56343285.0,2.210939,5.7196,451849056.0,1004483455.123441,2026-07-14
2012-03-20,sh.600399,抚顺特钢,2.19201355,2.25796794,2.38599705,2.15321685,20460374.0,120890551.0,4.528143,1.5707,451849113.0,1020260810.8714372,2026-07-14
2012-03-21,sh.600399,抚顺特钢,2.26960695,2.24244926,2.31228332,2.19977289,9068444.0,52733283.0,2.006963,-0.6873,451849087.0,1013248650.7748256,2026-07-14
2012-03-22,sh.600399,抚顺特钢,2.25796794,2.19977289,2.27736629,2.1726152,5148767.0,29234409.0,1.139488,-1.9031,451849164.0,993965541.336364,2026-07-14
2012-03-23,sh.600399,抚顺特钢,2.1726152,2.22693058,2.23081025,2.13769817,5208682.0,29350486.0,1.152748,1.2346,451849147.0,1006236683.0012152,2026-07-14
2012-03-26,sh.600399,抚顺特钢,2.2502086,2.19589322,2.30840365,2.16485586,5516240.0,31804254.0,1.220815,-1.3937,451848970.0,992212089.6869833,2026-07-14
2012-03-27,sh.600399,抚顺特钢,2.20365256,2.14157784,2.22305091,2.12993883,4104473.0,22945242.0,0.908372,-2.4735,451849352.0,967670559.2615597,2026-07-14
2012-03-28,sh.600399,抚顺特钢,2.12605916,1.98251137,2.12993883,1.96699269,6459999.0,33800285.0,1.429681,-7.4275,451848979.0,895795738.3903912,2026-07-14
2012-03-29,sh.600399,抚顺特钢,1.98639104,1.99803005,2.04070642,1.94371467,4324249.0,22237192.0,0.957012,0.7828,451848984.0,902807848.0939691,2026-07-14
2012-03-30,sh.600399,抚顺特钢,1.98251137,2.02130807,2.02906741,1.94759434,3328736.0,17193184.0,0.736692,1.165,451849077.0,913326185.7621514,2026-07-14
2012-04-05,sh.600399,抚顺特钢,2.00578939,2.08338279,2.10278114,1.98639104,4234262.0,22413712.0,0.937096,3.071,451849330.0,941375117.7950307,2026-07-14
2012-04-06,sh.600399,抚顺特钢,2.08726246,2.07174378,2.12217949,2.04458609,3172915.0,17017346.0,0.702207,-0.5587,451848956.0,936115264.0924937,2026-07-14
2012-04-09,sh.600399,抚顺特钢,2.04458609,2.1338185,2.1726152,2.04070642,5809840.0,31826975.0,1.285792,2.9963,451849133.0,964164039.2043605,2026-07-14
2012-04-10,sh.600399,抚顺特钢,2.10278114,2.14157784,2.16485586,2.0562251,3695392.0,20069111.0,0.817838,0.3636,451848899.0,967669589.1267982,2026-07-14
2012-04-11,sh.600399,抚顺特钢,2.11442015,2.1338185,2.14545751,2.07562345,3788048.0,20635408.0,0.838344,-0.3623,451848883.0,964163505.7497355,2026-07-14
2012-04-12,sh.600399,抚顺特钢,2.12993883,2.16485586,2.1726152,2.09890147,4863487.0,26893297.0,1.076352,1.4545,451849116.0,978188206.6084197,2026-07-14
2012-04-13,sh.600399,抚顺特钢,2.16097619,2.1726152,2.21917124,2.14545751,6625904.0,37312369.0,1.466397,0.3584,451849260.0,981694570.384752,2026-07-14
2012-04-16,sh.600399,抚顺特钢,2.14157784,2.15709652,2.17649487,2.1338185,3769723.0,21010821.0,0.834288,-0.7143,451849122.0,974682168.6312555,2026-07-14
2012-04-17,sh.600399,抚顺特钢,2.15709652,2.16485586,2.20753223,2.14157784,4798772.0,26920453.0,1.06203,0.3597,451849006.0,978187968.4742751,2026-07-14
2012-04-18,sh.600399,抚顺特钢,2.1726152,2.20753223,2.23468992,2.12993883,7042620.0,39676080.0,1.558622,1.9713,451849133.0,997471524.1950566,2026-07-14
2012-04-19,sh.600399,抚顺特钢,2.19589322,2.19201355,2.23081025,2.1726152,4011731.0,22717152.0,0.887847,-0.703,451849361.0,990459921.8708415,2026-07-14
2012-04-20,sh.600399,抚顺特钢,2.18813388,2.20365256,2.21529157,2.16873553,3913338.0,22132077.0,0.866072,0.531,451849038.0,995718289.3222374,2026-07-14
2012-04-23,sh.600399,抚顺特钢,2.22693058,2.32004266,2.37047837,2.19201355,13761471.0,81123737.0,3.04559,5.2817,451849100.0,1048309187.8826059,2026-07-14
2012-04-24,sh.600399,抚顺特钢,2.26184761,2.18813388,2.29676464,2.12993883,10592553.0,60029410.0,2.344268,-5.6856,451849063.0,988706243.3965545,2026-07-14
2012-04-25,sh.600399,抚顺特钢,2.16485586,2.2114119,2.21529157,2.10278114,6888806.0,38354992.0,1.524581,1.0638,451849131.0,999224545.2980589,2026-07-14
2012-04-26,sh.600399,抚顺特钢,2.2114119,2.2114119,2.2114119,2.2114119,0.0,0.0,0.0,0.0,451849131.0,999224545.2980589,2026-07-14
2012-04-27,sh.600399,抚顺特钢,2.20753223,2.16097619,2.23081025,2.1338185,4032159.0,22675404.0,0.892368,-2.2807,451849349.0,976435684.6560003,2026-07-14
2012-05-02,sh.600399,抚顺特钢,2.16097619,2.18813388,2.21529157,2.14933718,4270684.0,24020620.0,0.945157,1.2567,451849164.0,988706464.3980764,2026-07-14
2012-05-03,sh.600399,抚顺特钢,2.18037454,2.18037454,2.20365256,2.16097619,2698296.0,15157277.0,0.597167,-0.3546,451849483.0,985201108.6453627,2026-07-14
2012-05-04,sh.600399,抚顺特钢,2.18037454,2.20365256,2.22693058,2.18037454,4372226.0,24790089.0,0.96763,1.0676,451848951.0,995718097.6044647,2026-07-14
2012-05-07,sh.600399,抚顺特钢,2.19201355,2.16873553,2.2114119,2.1338185,3635307.0,20282848.0,0.80454,-1.5845,451849131.0,979941264.5993245,2026-07-14
2012-05-08,sh.600399,抚顺特钢,2.16873553,2.1726152,2.18037454,2.14157784,3243035.0,18124672.0,0.717725,0.1789,451849246.0,981694539.9681393,2026-07-14
2012-05-09,sh.600399,抚顺特钢,2.16485586,2.38987672,2.38987672,2.14933718,20252644.0,120722735.0,4.48217,10.0,451849082.0,1079863602.025171,2026-07-14
2012-05-10,sh.600399,抚顺特钢,2.46747012,2.49462781,2.57222121,2.40927507,36981223.0,236708273.0,8.184419,4.3831,451849093.0,1127195313.3210764,2026-07-14
2012-05-11,sh.600399,抚顺特钢,2.4441921,2.29676464,2.4441921,2.27736629,20174925.0,122805247.0,4.464969,-7.9316,451849162.0,1037791177.8952317,2026-07-14
2012-05-14,sh.600399,抚顺特钢,2.29676464,2.24244926,2.32392233,2.19589322,11675473.0,68189781.0,2.583932,-2.3649,451849081.0,1013248637.32013,2026-07-14
2012-05-15,sh.600399,抚顺特钢,2.19977289,2.28124596,2.30840365,2.19201355,11475340.0,67287745.0,2.53964,1.7301,451849081.0,1030778890.5609628,2026-07-14
2012-05-16,sh.600399,抚顺特钢,2.25408827,2.20365256,2.27736629,2.1726152,7257067.0,41402691.0,1.606082,-3.4014,451849096.0,995718417.1340858,2026-07-14
2012-05-17,sh.600399,抚顺特钢,2.20753223,2.20753223,2.21529157,2.14157784,6514628.0,36675633.0,1.441771,0.1761,451849011.0,997471254.8761245,2026-07-14
2012-05-18,sh.600399,抚顺特钢,2.17649487,2.14933718,2.21917124,2.14545751,5218573.0,29302632.0,1.154937,-2.6362,451849148.0,971176173.5477226,2026-07-14
2012-05-21,sh.600399,抚顺特钢,2.15709652,2.16485586,2.19201355,2.1338185,3596622.0,20072508.0,0.795979,0.722,451848855.0,978187641.5810403,2026-07-14
2012-05-22,sh.600399,抚顺特钢,2.18425421,2.18037454,2.18813388,2.14933718,7820127.0,43730969.0,1.730694,0.7168,451849200.0,985200491.599368,2026-07-14
2012-05-23,sh.600399,抚顺特钢,2.16485586,2.08726246,2.17649487,2.07950312,9071700.0,49598130.0,2.007683,-4.2705,451849221.0,943127916.5735435,2026-07-14
2012-05-24,sh.600399,抚顺特钢,2.06398444,2.08338279,2.12993883,2.05234543,5675982.0,30612532.0,1.256168,-0.1859,451848957.0,941374340.69325,2026-07-14
2012-05-25,sh.600399,抚顺特钢,2.08338279,2.08338279,2.08338279,2.08338279,0.0,0.0,0.0,0.0,451848957.0,941374340.69325,2026-07-14
2012-05-28,sh.600399,抚顺特钢,2.07950312,2.12217949,2.12605916,2.0562251,5077985.0,27416181.0,1.123823,1.8622,451849179.0,958905060.2471387,2026-07-14
2012-05-29,sh.600399,抚顺特钢,2.12605916,2.15321685,2.16097619,2.09890147,6501276.0,35911464.0,1.438816,1.4625,451849020.0,972928923.5199871,2026-07-14
2012-05-30,sh.600399,抚顺特钢,2.15321685,2.14157784,2.18037454,2.1338185,4372476.0,24237534.0,0.967685,-0.5405,451849104.0,967670028.1502554,2026-07-14
2012-05-31,sh.600399,抚顺特钢,2.11829982,2.08338279,2.1338185,2.07950312,4561454.0,24682413.0,1.009508,-2.7174,451849218.0,941374884.4561582,2026-07-14
2012-06-01,sh.600399,抚顺特钢,2.08338279,2.08338279,2.11442015,2.0562251,4032724.0,21671602.0,0.892493,0.0,451849370.0,941375201.1303422,2026-07-14
2012-06-04,sh.600399,抚顺特钢,2.05234543,1.97475203,2.05234543,1.97087236,4872124.0,25286298.0,1.078263,-5.2142,451849317.0,892290355.9998635,2026-07-14
2012-06-05,sh.600399,抚顺特钢,1.96699269,1.939835,1.99415038,1.93207566,4776343.0,24065627.0,1.057066,-1.7682,451849080.0,876512660.1018,2026-07-14
2012-06-06,sh.600399,抚顺特钢,1.94371467,1.92043665,1.95923335,1.9010383,4005088.0,19912271.0,0.886377,-1.0,451849270.0,867747898.3837456,2026-07-14
2012-06-07,sh.600399,抚顺特钢,1.939835,1.91267731,1.94759434,1.90879764,2352119.0,11660550.0,0.520554,-0.404,451849184.0,864241681.778815,2026-07-14
2012-06-08,sh.600399,抚顺特钢,1.92043665,1.92043665,1.94371467,1.90879764,1948815.0,9674798.0,0.431298,0.4057,451848838.0,867747068.7551128,2026-07-14
2012-06-11,sh.600399,抚顺特钢,1.92043665,1.96311302,1.96699269,1.91655698,2542714.0,12747724.0,0.562735,2.2222,451849272.0,887031188.9407214,2026-07-14
2012-06-12,sh.600399,抚顺特钢,1.95147401,1.939835,1.95535368,1.93207566,1754225.0,8773182.0,0.388232,-1.1858,451849667.0,876513798.784945,2026-07-14
2012-06-13,sh.600399,抚顺特钢,1.939835,1.96311302,1.96311302,1.93595533,1773232.0,8929925.0,0.392439,1.2,451849077.0,887030806.1336825,2026-07-14
2012-06-14,sh.600399,抚顺特钢,1.96311302,1.99027071,2.04070642,1.94759434,5299912.0,27429218.0,1.172938,1.3834,451849288.0,899302403.2407545,2026-07-14
2012-06-15,sh.600399,抚顺特钢,1.99027071,1.96699269,2.00190972,1.94371467,3092378.0,15709470.0,0.684383,-1.1696,451849038.0,888783754.7295322,2026-07-14
2012-06-18,sh.600399,抚顺特钢,1.9786317,1.97475203,1.98639104,1.96311302,2045173.0,10408807.0,0.452623,0.3945,451849111.0,892289949.2009454,2026-07-14
2012-06-19,sh.600399,抚顺特钢,1.97087236,1.97087236,1.97475203,1.93595533,2678005.0,13452242.0,0.592677,-0.1965,451848984.0,890536673.4596822,2026-07-14
2012-06-20,sh.600399,抚顺特钢,1.97087236,1.93207566,1.97087236,1.92819599,2191588.0,10962195.0,0.485027,-1.9685,451848660.0,873005797.9896156,2026-07-14
2012-06-21,sh.600399,抚顺特钢,1.92431632,1.89327896,1.92819599,1.88163995,2148649.0,10500007.0,0.475524,-2.008,451848697.0,855475631.1335151,2026-07-14
2012-06-25,sh.600399,抚顺特钢,1.88939929,1.83508391,1.91267731,1.83120424,1870042.0,8985580.0,0.413864,-3.0738,451849400.0,829181563.683154,2026-07-14
2012-06-26,sh.600399,抚顺特钢,1.8234449,1.82732457,1.85060259,1.79240754,2195946.0,10295473.0,0.485991,-0.4228,451849108.0,825674976.9809836,2026-07-14
2012-06-27,sh.600399,抚顺特钢,1.8234449,1.83120424,1.86612127,1.8234449,1493177.0,7106063.0,0.330459,0.2123,451849397.0,827428531.6278433,2026-07-14
2012-06-28,sh.600399,抚顺特钢,1.84672292,1.77688886,1.84672292,1.76912952,2481857.0,11604183.0,0.549267,-2.9661,451848919.0,802885310.5741423,2026-07-14
2012-06-29,sh.600399,抚顺特钢,1.77688886,1.80404655,1.80404655,1.76912952,2296347.0,10583139.0,0.508211,1.5284,451849134.0,815156871.3131877,2026-07-14
2012-07-02,sh.600399,抚顺特钢,1.81180589,1.81568556,1.8234449,1.78852787,1446376.0,6740139.0,0.320102,0.6452,451848473.0,820414747.7341498,2026-07-14
2012-07-03,sh.600399,抚顺特钢,1.81180589,1.79628721,1.83508391,1.7846482,2490262.0,11652012.0,0.551127,-1.0684,451849029.0,811650631.6436191,2026-07-14
2012-07-04,sh.600399,抚顺特钢,1.78852787,1.80016688,1.81568556,1.78852787,1492748.0,6934143.0,0.330364,0.216,451849475.0,813404459.640388,2026-07-14
2012-07-05,sh.600399,抚顺特钢,1.80404655,1.71869381,1.80404655,1.71481414,2412596.0,10823980.0,0.533938,-4.5259,451849466.0,776590880.2660054,2026-07-14
2012-07-06,sh.600399,抚顺特钢,1.73033282,1.7458515,1.74973117,1.69153612,1968137.0,8758506.0,0.435574,1.5801,451849054.0,788861348.6994809,2026-07-14
2012-07-09,sh.600399,抚顺特钢,1.73809216,1.69153612,1.73809216,1.67989711,2145080.0,9430014.0,0.474734,-3.1111,451848825.0,764318608.2670591,2026-07-14
2012-07-10,sh.600399,抚顺特钢,1.67601744,1.67213777,1.69541579,1.66437843,1588875.0,6856911.0,0.351638,-1.1468,451849629.0,755554831.0113873,2026-07-14
2012-07-11,sh.600399,抚顺特钢,1.67213777,1.70317513,1.72257348,1.66049876,1837010.0,7993919.0,0.406554,1.8561,451848955.0,769577902.6724892,2026-07-14
2012-07-12,sh.600399,抚顺特钢,1.68765645,1.69929546,1.7070548,1.64498008,3045407.0,13147249.0,0.673988,-0.2278,451848846.0,767824692.6140392,2026-07-14
2012-07-13,sh.600399,抚顺特钢,1.68765645,1.69541579,1.71093447,1.67989711,1600591.0,7003435.0,0.354231,-0.2283,451849499.0,766072775.3081892,2026-07-14
2012-07-16,sh.600399,抚顺特钢,1.69541579,1.59842404,1.69541579,1.59454437,2453100.0,10337131.0,0.542902,-5.7208,451849505.0,722247111.2541002,2026-07-14
2012-07-17,sh.600399,抚顺特钢,1.57126635,1.61006305,1.61006305,1.57126635,1219397.0,5031557.0,0.269868,0.7282,451849423.0,727506060.1361201,2026-07-14
2012-07-18,sh.600399,抚顺特钢,1.61394272,1.77300919,1.77300919,1.5906647,7592077.0,34166605.0,1.680224,10.1205,451849099.0,801132605.0202198,2026-07-14
2012-07-19,sh.600399,抚顺特钢,1.7846482,1.76912952,1.80404655,1.73033282,9787078.0,44534354.0,2.166006,-0.2188,451849072.0,799379531.8598053,2026-07-14
2012-07-20,sh.600399,抚顺特钢,1.75743876,1.74185172,1.7730258,1.71847116,4839887.0,21635679.0,1.071129,-1.5419,451849124.0,787054173.8198934,2026-07-14
2012-07-23,sh.600399,抚顺特钢,1.71847116,1.7145744,1.72236792,1.66001976,3697225.0,16106489.0,0.818243,-1.566,451849267.0,774729185.8569648,2026-07-14
2012-07-24,sh.600399,抚顺特钢,1.6756068,1.76133552,1.80809664,1.6756068,6059837.0,27340135.0,1.34112,2.7273,451848977.0,795857652.8657631,2026-07-14
2012-07-25,sh.600399,抚顺特钢,1.73016144,1.7925096,1.80419988,1.69898736,6715979.0,30355699.0,1.486332,1.7699,451849183.0,809943998.2796568,2026-07-14
2012-07-26,sh.600399,抚顺特钢,1.76912904,1.76912904,1.85875452,1.74185172,7449793.0,34519404.0,1.648735,-1.3043,451849024.0,799379230.0540569,2026-07-14
2012-07-27,sh.600399,抚顺特钢,1.753542,1.71847116,1.78081932,1.70288412,4419273.0,19628309.0,0.978042,-2.8634,451849000.0,776489475.17484,2026-07-14
2012-07-30,sh.600399,抚顺特钢,1.7340582,1.7340582,1.75743876,1.68729708,3369820.0,14957128.0,0.745784,0.907,451849329.0,783533034.1169478,2026-07-14
2012-07-31,sh.600399,抚顺特钢,1.73016144,1.6950906,1.74964524,1.67171004,2472018.0,10788134.0,0.547089,-2.2472,451849333.0,765925556.9845698,2026-07-14
2012-08-01,sh.600399,抚顺特钢,1.67950356,1.74185172,1.75743876,1.6756068,2543098.0,11235582.0,0.56282,2.7586,451849259.0,787054408.9698756,2026-07-14
2012-08-02,sh.600399,抚顺特钢,1.7340582,1.74964524,1.85485776,1.72626468,5294890.0,24243500.0,1.171827,0.4474,451849121.0,790575663.755834,2026-07-14
2012-08-03,sh.600399,抚顺特钢,1.73016144,1.78861284,1.80419988,1.71847116,4079356.0,18519883.0,0.902814,2.2272,451848997.0,808182917.7753215,2026-07-14
2012-08-06,sh.600399,抚顺特钢,1.7925096,1.83927072,1.88603184,1.76912904,6067444.0,28606049.0,1.342803,2.8322,451849154.0,831072918.8089709,2026-07-14
2012-08-07,sh.600399,抚顺特钢,1.82368368,1.87823832,1.9288962,1.8119934,8980805.0,43090940.0,1.987567,2.1186,451849170.0,848680425.9541943,2026-07-14
2012-08-08,sh.600399,抚顺特钢,1.83537396,1.83537396,1.86654804,1.81978692,5804204.0,27349116.0,1.284545,-2.2822,451849020.0,829311925.1595192,2026-07-14
2012-08-09,sh.600399,抚顺特钢,1.85485776,1.87434156,1.90161888,1.83927072,6612431.0,31736381.0,1.463416,2.1231,451849030.0,846919415.7746868,2026-07-14
2012-08-10,sh.600399,抚顺特钢,1.86654804,1.83537396,1.88603184,1.82368368,5095962.0,24167140.0,1.127802,-2.079,451848995.0,829311879.2751702,2026-07-14
2012-08-13,sh.600399,抚顺特钢,1.83537396,1.81589016,1.87434156,1.80809664,3531380.0,16618446.0,0.78154,-1.0616,451848914.0,820507996.7392862,2026-07-14
2012-08-14,sh.600399,抚顺特钢,1.81589016,1.80030312,1.82758044,1.74185172,4276347.0,19524407.0,0.94641,-0.8584,451849304.0,813465711.7610284,2026-07-14
2012-08-15,sh.600399,抚顺特钢,1.78471608,1.78471608,1.81978692,1.77692256,2406925.0,11127892.0,0.532683,-0.8658,451849411.0,806422909.5502288,2026-07-14
2012-08-16,sh.600399,抚顺特钢,1.78081932,1.80419988,1.83927072,1.7730258,3685692.0,17155504.0,0.815691,1.0917,451849046.0,815225994.5713146,2026-07-14
2012-08-17,sh.600399,抚顺特钢,1.77692256,1.78471608,1.8119934,1.76133552,2227732.0,10163199.0,0.493026,-1.0799,451848787.0,806421795.8873949,2026-07-14
2012-08-20,sh.600399,抚顺特钢,1.77692256,1.73795496,1.77692256,1.7145744,3218603.0,14336089.0,0.712318,-2.6201,451849174.0,785293513.125203,2026-07-14
2012-08-21,sh.600399,抚顺特钢,1.73795496,1.76912904,1.78081932,1.7340582,2544616.0,11488646.0,0.563156,1.7937,451849221.0,799379578.5724778,2026-07-14
2012-08-22,sh.600399,抚顺特钢,1.7730258,1.7340582,1.7730258,1.72626468,2098879.0,9421519.0,0.464509,-1.9824,451848942.0,783532363.0364244,2026-07-14
2012-08-23,sh.600399,抚顺特钢,1.72626468,1.74964524,1.75743876,1.71847116,1699896.0,7593428.0,0.376209,0.8989,451848839.0,790575170.3558763,2026-07-14
2012-08-24,sh.600399,抚顺特钢,1.7340582,1.74574848,1.77692256,1.72236792,3924570.0,17708163.0,0.868558,-0.2227,451848927.0,788814577.499881,2026-07-14
2012-08-27,sh.600399,抚顺特钢,1.7340582,1.656123,1.7340582,1.6366392,2575001.0,11041400.0,0.569881,-5.1339,451848895.0,748317347.534085,2026-07-14
2012-08-28,sh.600399,抚顺特钢,1.75743876,1.70288412,1.75743876,1.68729708,3976948.0,17514633.0,0.88015,2.8235,451848889.0,769446297.7177427,2026-07-14
2012-08-29,sh.600399,抚顺特钢,1.66001976,1.656123,1.68340032,1.6366392,2279378.0,9713634.0,0.504456,-2.746,451848724.0,748317064.337052,2026-07-14
2012-08-30,sh.600399,抚顺特钢,1.656123,1.6366392,1.66391652,1.61325864,1874681.0,7889339.0,0.414891,-1.176475,451849040.0,739513851.3463681,2026-07-14
2012-08-31,sh.600399,抚顺特钢,1.656123,1.63274244,1.656123,1.60936188,1382237.0,5787876.0,0.305907,-0.2381,451848764.0,737752653.4443442,2026-07-14
2012-09-03,sh.600399,抚顺特钢,1.62105216,1.656123,1.66781328,1.6171554,1277069.0,5412492.0,0.282632,1.432,451848694.0,748317014.653362,2026-07-14
2012-09-04,sh.600399,抚顺特钢,1.656123,1.62884568,1.66781328,1.62105216,1964761.0,8285781.0,0.434827,-1.6471,451848896.0,735992122.2623693,2026-07-14
2012-09-05,sh.600399,抚顺特钢,1.62884568,1.66391652,1.66391652,1.62494892,1768436.0,7495126.0,0.391378,2.1531,451848596.0,751838343.4232059,2026-07-14
2012-09-06,sh.600399,抚顺特钢,1.66391652,1.70288412,1.70288412,1.656123,2232844.0,9615469.0,0.494157,2.3419,451849109.0,769446672.352249,2026-07-14
2012-09-07,sh.600399,抚顺特钢,1.69898736,1.75743876,1.78861284,1.68729708,5523945.0,24784894.0,1.22252,3.2037,451849050.0,794097034.139178,2026-07-14
2012-09-10,sh.600399,抚顺特钢,1.753542,1.78471608,1.7925096,1.73016144,5322442.0,24228711.0,1.177925,1.5521,451848972.0,806422126.0598698,2026-07-14
2012-09-11,sh.600399,抚顺特钢,1.91330916,1.96396704,1.96396704,1.85875452,25787327.0,128125628.0,5.707066,10.0437,451849111.0,887416761.0573014,2026-07-14
2012-09-12,sh.600399,抚顺特钢,1.9678638,2.01462492,2.11983744,1.89772212,32250413.0,165782588.0,7.13743,2.5794,451849097.0,910306450.8956974,2026-07-14
2012-09-13,sh.600399,抚顺特钢,1.97176056,2.21725644,2.21725644,1.94838,35283496.0,193541917.0,7.80869,10.058,451849107.0,1001865342.403999,2026-07-14
2012-09-14,sh.600399,抚顺特钢,2.338056,2.20556616,2.43937176,2.18997912,43364420.0,255876669.0,9.597102,-0.5272,451849110.0,996583106.4421176,2026-07-14
2012-09-17,sh.600399,抚顺特钢,2.1821856,2.240637,2.338056,2.09645688,31911338.0,181729722.0,7.062388,1.5901,451849120.0,1012429856.68944,2026-07-14
2012-09-18,sh.600399,抚顺特钢,2.15490828,2.09645688,2.18997912,2.0652828,21152612.0,115194396.0,4.681344,-6.4348,451849127.0,947282211.0211437,2026-07-14
2012-09-19,sh.600399,抚顺特钢,2.10035364,2.09645688,2.14711476,2.03800548,16888526.0,90518050.0,3.737647,0.0,451849145.0,947282248.7573675,2026-07-14
2012-09-20,sh.600399,抚顺特钢,2.06917956,2.04969576,2.1821856,2.0263152,18753147.0,101600104.0,4.150312,-2.2305,451849090.0,926153163.9328585,2026-07-14
2012-09-21,sh.600399,抚顺特钢,1.96007028,1.88213508,1.98345084,1.84706424,18568528.0,89741674.0,4.109453,-8.1749,451849139.0,850441115.3796961,2026-07-14
2012-09-24,sh.600399,抚顺特钢,1.87823832,1.90161888,1.94448324,1.8704448,11704206.0,57363532.0,2.590291,1.0352,451849078.0,859244737.6353927,2026-07-14
2012-09-25,sh.600399,抚顺特钢,1.86265128,2.0263152,2.0847666,1.80809664,22043136.0,111191343.0,4.878428,6.5574,451849161.0,915588823.0415472,2026-07-14
2012-09-26,sh.600399,抚顺特钢,1.95227676,1.8899286,2.0068314,1.8704448,14043578.0,69342592.0,3.108024,-6.7308,451849085.0,853962508.6253309,2026-07-14
2012-09-27,sh.600399,抚顺特钢,1.87823832,1.92110268,1.9678638,1.86654804,11239157.0,55243936.0,2.487369,1.6495,451849203.0,868048714.839164,2026-07-14
2012-09-28,sh.600399,抚顺特钢,1.9094124,1.9873476,2.0263152,1.8899286,14506401.0,73624387.0,3.210452,3.4483,451849179.0,897981381.4476204,2026-07-14
2012-10-08,sh.600399,抚顺特钢,1.9873476,2.12763096,2.143218,1.9678638,18379098.0,96535495.0,4.06753,7.0588,451849107.0,961368149.3015527,2026-07-14
2012-10-09,sh.600399,抚顺特钢,2.07697308,2.12763096,2.1821856,2.05748928,20436917.0,111077354.0,4.522952,0.0,451849080.0,961368091.8555168,2026-07-14
2012-10-10,sh.600399,抚顺特钢,2.1042504,2.18608236,2.23284348,2.0847666,23406521.0,131433844.0,5.180163,2.7473,451849121.0,987779392.7996055,2026-07-14
2012-10-11,sh.600399,抚顺特钢,2.14711476,2.03410872,2.14711476,2.01852168,19567682.0,104081562.0,4.330579,-6.9519,451849095.0,919110184.2636083,2026-07-14
2012-10-12,sh.600399,抚顺特钢,2.03021196,1.9873476,2.05748928,1.95227676,9858808.0,50587029.0,2.181881,-2.2989,451849024.0,897981073.4087424,2026-07-14
2012-10-15,sh.600399,抚顺特钢,1.9678638,2.01072816,2.01852168,1.95617352,6708823.0,34362748.0,1.484748,1.1765,451849270.0,908546051.2644433,2026-07-14
2012-10-16,sh.600399,抚顺特钢,2.01852168,2.09645688,2.11594068,1.9678638,15459595.0,81878170.0,3.421406,4.2636,451849181.0,947282324.2298152,2026-07-14
2012-10-17,sh.600399,抚顺特钢,2.0652828,2.03800548,2.0847666,2.0068314,9671578.0,50703875.0,2.140444,-2.7881,451849149.0,920871041.7953365,2026-07-14
2012-10-18,sh.600399,抚顺特钢,2.0068314,2.03021196,2.05748928,2.0068314,7014713.0,36628875.0,1.552446,-0.3824,451849082.0,917349410.3914207,2026-07-14
2012-10-19,sh.600399,抚顺特钢,2.03410872,2.05748928,2.1042504,2.03021196,7818261.0,41487764.0,1.730281,1.343573,451849208.0,929674901.6364902,2026-07-14
2012-10-22,sh.600399,抚顺特钢,2.01462492,2.02241844,2.03800548,1.99124436,5594001.0,28917158.0,1.238024,-1.7045,451849156.0,913828065.1928366,2026-07-14
2012-10-23,sh.600399,抚顺特钢,2.02241844,2.03021196,2.05359252,2.0068314,6208072.0,32330015.0,1.373926,0.3854,451849081.0,917349408.3612087,2026-07-14
2012-10-24,sh.600399,抚顺特钢,2.01852168,2.01852168,2.07697308,1.99124436,6189948.0,32419802.0,1.369915,-0.5758,451849056.0,912067115.6235341,2026-07-14
2012-10-25,sh.600399,抚顺特钢,2.01072816,2.01462492,2.09256012,1.9678638,10816142.0,56683735.0,2.393751,-0.1931,451849085.0,910306426.7201983,2026-07-14
2012-10-26,sh.600399,抚顺特钢,2.00293464,1.91330916,2.00293464,1.9094124,8414891.0,42038665.0,1.862323,-5.029,451849169.0,864527153.986088,2026-07-14
2012-10-29,sh.600399,抚顺特钢,1.9094124,1.91720592,1.94838,1.8704448,4045041.0,19780024.0,0.895219,0.2037,451849324.0,866288198.9207981,2026-07-14
2012-10-30,sh.600399,抚顺特钢,1.91720592,1.90551564,1.93668972,1.90161888,2780584.0,13655968.0,0.615379,-0.6098,451849023.0,861005380.2452197,2026-07-14
2012-10-31,sh.600399,抚顺特钢,1.90161888,1.89382536,1.91720592,1.8704448,2815425.0,13643922.0,0.62309,-0.6135,451848850.0,855722811.0168359,2026-07-14
2012-11-01,sh.600399,抚顺特钢,1.90551564,1.9288962,1.93668972,1.87823832,4691598.0,23124093.0,1.038311,1.8519,451849012.0,871569842.2205545,2026-07-14
2012-11-02,sh.600399,抚顺特钢,1.9288962,1.94838,1.95227676,1.91720592,3811961.0,18992063.0,0.843636,1.0101,451849020.0,880373593.5876,2026-07-14
2012-11-05,sh.600399,抚顺特钢,1.94448324,1.93668972,1.97176056,1.9094124,4481302.0,22253794.0,0.99177,-0.6,451848917.0,875091152.5470332,2026-07-14
2012-11-06,sh.600399,抚顺特钢,1.9288962,1.89772212,1.94058648,1.8704448,3706517.0,18005817.0,0.8203,-2.0121,451848958.0,857483762.495551,2026-07-14
2012-11-07,sh.600399,抚顺特钢,1.89772212,1.94448324,1.97565732,1.88213508,5861805.0,29027008.0,1.297293,2.4641,451848965.0,878612739.4538466,2026-07-14
2012-11-08,sh.600399,抚顺特钢,1.9288962,1.83927072,1.9288962,1.83537396,4543108.0,21953699.0,1.005448,-5.4108,451849126.0,831072867.3093908,2026-07-14
2012-11-09,sh.600399,抚顺特钢,1.8314772,1.81589016,1.85875452,1.80809664,2974501.0,13979919.0,0.658295,-1.2712,451849247.0,820508601.4307095,2026-07-14
2012-11-12,sh.600399,抚顺特钢,1.83537396,1.850961,1.87434156,1.82368368,2147536.0,10187794.0,0.475277,1.9313,451849343.0,836355511.768623,2026-07-14
2012-11-13,sh.600399,抚顺特钢,1.86654804,1.7925096,1.86654804,1.78471608,2391034.0,11138050.0,0.529166,-3.1579,451849514.0,809944591.6003344,2026-07-14
2012-11-14,sh.600399,抚顺特钢,1.7925096,1.80419988,1.81589016,1.7730258,1832241.0,8426879.0,0.405498,0.6522,451849578.0,815226954.4056507,2026-07-14
2012-11-15,sh.600399,抚顺特钢,1.80419988,1.76133552,1.81589016,1.753542,2254299.0,10326549.0,0.498905,-2.3758,451849350.0,795858309.843912,2026-07-14
2012-11-16,sh.600399,抚顺特钢,1.76133552,1.71847116,1.76133552,1.6950906,3066026.0,13465819.0,0.678551,-2.4336,451849014.0,776489499.2334362,2026-07-14
2012-11-19,sh.600399,抚顺特钢,1.7145744,1.72236792,1.72626468,1.68340032,1538017.0,6730270.0,0.340383,0.2268,451848947.0,778250130.9985802,2026-07-14
2012-11-20,sh.600399,抚顺特钢,1.73795496,1.70678088,1.74185172,1.70288412,1349399.0,5960391.0,0.298639,-0.905,451849557.0,771208184.5240701,2026-07-14
2012-11-21,sh.600399,抚顺特钢,1.70678088,1.74964524,1.74964524,1.6756068,2319399.0,10220705.0,0.513313,2.5114,451848872.0,790575228.0941693,2026-07-14
2012-11-22,sh.600399,抚顺特钢,1.73016144,1.71847116,1.74574848,1.70678088,1850603.0,8152620.0,0.409562,-1.7817,451849293.0,776489978.6868899,2026-07-14
2012-11-23,sh.600399,抚顺特钢,1.72626468,1.72236792,1.73016144,1.70288412,1483810.0,6549881.0,0.328386,0.2268,451849348.0,778250821.6681161,2026-07-14
2012-11-26,sh.600399,抚顺特钢,1.73795496,1.74964524,1.80030312,1.73795496,4717490.0,21445117.0,1.044041,1.5837,451849113.0,790575649.7586721,2026-07-14
2012-11-27,sh.600399,抚顺特钢,1.74185172,1.6756068,1.74574848,1.67171004,3021655.0,13161382.0,0.668731,-4.2316,451849099.0,757121422.8582731,2026-07-14
2012-11-28,sh.600399,抚顺特钢,1.6756068,1.62105216,1.68340032,1.60546512,2371892.0,9900911.0,0.52493,-3.2558,451849199.0,732471120.0332199,2026-07-14
2012-11-29,sh.600399,抚顺特钢,1.62884568,1.64832948,1.69119384,1.60936188,3273888.0,13845315.0,0.724553,1.6827,451849347.0,744796599.1788495,2026-07-14
2012-11-30,sh.600399,抚顺特钢,1.7145744,1.70678088,1.77692256,1.69119384,5191328.0,22911994.0,1.148907,3.5461,451849279.0,771207710.0389855,2026-07-14
2012-12-03,sh.600399,抚顺特钢,1.68340032,1.62884568,1.68340032,1.62884568,3357799.0,14285409.0,0.743124,-4.5662,451849086.0,735992431.7430484,2026-07-14
2012-12-04,sh.600399,抚顺特钢,1.60546512,1.72626468,1.7730258,1.60156836,6614448.0,28884948.0,1.463862,5.9809,451849150.0,780011228.333022,2026-07-14
2012-12-05,sh.600399,抚顺特钢,1.70288412,1.75743876,1.8119934,1.6950906,9285311.0,41849237.0,2.054958,1.8059,451849186.0,794097273.1508495,2026-07-14
2012-12-06,sh.600399,抚顺特钢,1.753542,1.7730258,1.83927072,1.74185172,9688003.0,44543868.0,2.144079,0.8869,451849162.0,801140221.9343797,2026-07-14
2012-12-07,sh.600399,抚顺特钢,1.76133552,1.79640636,1.8119934,1.7145744,10636874.0,48390867.0,2.354077,1.3187,451849026.0,811704464.0662054,2026-07-14
2012-12-10,sh.600399,抚顺特钢,1.78081932,1.81978692,1.83927072,1.7730258,7841963.0,36397405.0,1.735527,1.3015,451849093.0,822269069.2552636,2026-07-14
2012-12-11,sh.600399,抚顺特钢,1.8119934,1.9094124,2.00293464,1.76912904,21514316.0,105388164.0,4.761394,4.9251,451849101.0,862766276.3782524,2026-07-14
2012-12-12,sh.600399,抚顺特钢,1.8704448,1.89382536,1.9873476,1.850961,14382566.0,70442052.0,3.183046,-0.8163,451849141.0,855723362.1200157,2026-07-14
2012-12-13,sh.600399,抚顺特钢,1.87823832,1.81978692,1.89772212,1.81589016,8796286.0,41725393.0,1.946731,-3.9095,451849074.0,822269034.6793121,2026-07-14
2012-12-14,sh.600399,抚顺特钢,1.81978692,1.9094124,1.9678638,1.81589016,15519220.0,75908073.0,3.434602,4.9251,451849152.0,862766373.7582848,2026-07-14
2012-12-17,sh.600399,抚顺特钢,1.92110268,1.94448324,2.0068314,1.90551564,15693697.0,78772909.0,3.473216,1.8367,451849151.0,878613101.1277293,2026-07-14
2012-12-18,sh.600399,抚顺特钢,1.9288962,1.92110268,1.9873476,1.89772212,11433584.0,56877014.0,2.530399,-1.2024,451849056.0,868048432.43707,2026-07-14
2012-12-19,sh.600399,抚顺特钢,1.92110268,1.90161888,1.92110268,1.87823832,5769845.0,28090255.0,1.276941,-1.0142,451848989.0,859244568.3913124,2026-07-14
2012-12-20,sh.600399,抚顺特钢,1.89382536,1.91330916,1.92110268,1.87823832,5460072.0,26582713.0,1.208384,0.6148,451849081.0,864526985.614882,2026-07-14
2012-12-21,sh.600399,抚顺特钢,1.92110268,1.8704448,1.93279296,1.85485776,7194860.0,34876598.0,1.592315,-2.2403,451849037.0,845158681.6416576,2026-07-14
2012-12-24,sh.600399,抚顺特钢,1.86265128,1.88213508,1.9094124,1.85485776,4555516.0,22005772.0,1.008194,0.625,451849148.0,850441132.3189119,2026-07-14
2012-12-25,sh.600399,抚顺特钢,1.8704448,1.91330916,1.94058648,1.85875452,8547684.0,41886709.0,1.891712,1.6563,451849119.0,864527058.3206301,2026-07-14
2012-12-26,sh.600399,抚顺特钢,1.92110268,1.94448324,1.94838,1.89382536,7804045.0,38449271.0,1.727135,1.6293,451849161.0,878613120.5725616,2026-07-14
2012-12-27,sh.600399,抚顺特钢,1.94448324,1.95617352,2.0068314,1.9094124,15982268.0,80585658.0,3.537081,0.6012,451849081.0,883895207.2885351,2026-07-14
2012-12-28,sh.600399,抚顺特钢,1.94058648,1.9678638,1.99514112,1.93279296,10735113.0,54141069.0,2.375818,0.5976,451849132.0,889177549.9242215,2026-07-14
2012-12-31,sh.600399,抚顺特钢,1.9678638,1.94838,1.97955408,1.93668972,7489931.0,37619285.0,1.657618,-0.9901,451849039.0,880373630.60682,2026-07-14
2013-01-04,sh.600399,抚顺特钢,1.96007028,1.95617352,2.0068314,1.94838,8680664.0,43981355.0,1.921142,0.4,451849161.0,883895363.7824168,2026-07-14
2013-01-07,sh.600399,抚顺特钢,1.95227676,1.96396704,1.99124436,1.90161888,6736781.0,33698921.0,1.490936,0.3984,451849107.0,887416753.2014333,2026-07-14
2013-01-08,sh.600399,抚顺特钢,1.95617352,2.01072816,2.0263152,1.94838,14813882.0,76158791.0,3.278502,2.381,451849107.0,908545723.5157533,2026-07-14
2013-01-09,sh.600399,抚顺特钢,1.99124436,1.98345084,2.02241844,1.96007028,8447804.0,43107000.0,1.869607,-1.3566,451849185.0,896220645.5415654,2026-07-14
2013-01-10,sh.600399,抚顺特钢,1.99124436,2.07307632,2.1237342,1.97955408,21762899.0,115187505.0,4.816408,4.5187,451849158.0,936717789.6617386,2026-07-14
2013-01-11,sh.600399,抚顺特钢,2.07307632,2.17439208,2.24453376,2.05748928,35950360.0,199596127.0,7.956275,4.8872,451849138.0,982497187.022027,2026-07-14
2013-01-14,sh.600399,抚顺特钢,2.14711476,2.39261064,2.39261064,2.10814716,32859879.0,194450064.0,7.272312,10.0358,451849137.0,1081099052.8610177,2026-07-14
2013-01-15,sh.600399,抚顺特钢,2.5523778,2.630313,2.630313,2.52899724,35448413.0,237994503.0,7.845188,9.9349,451849121.0,1188504617.004873,2026-07-14
2013-01-16,sh.600399,抚顺特钢,2.6497968,2.80177044,2.84853156,2.50171992,72156003.0,490917829.0,15.969048,6.5185,451849121.0,1265977510.5577831,2026-07-14
2013-01-17,sh.600399,抚顺特钢,2.6497968,2.52120372,2.66148708,2.52120372,34489710.0,225978542.0,7.633015,-10.0139,451849105.0,1139203644.4046705,2026-07-14
2013-01-18,sh.600399,抚顺特钢,2.44716528,2.4549588,2.50171992,2.3965074,29362869.0,184610071.0,6.498379,-2.6275,451849130.0,1109270997.965844,2026-07-14
2013-01-21,sh.600399,抚顺特钢,2.4549588,2.47833936,2.532894,2.4159912,18528669.0,117775557.0,4.100632,0.9524,451849105.0,1119835421.702273,2026-07-14
2013-01-22,sh.600399,抚顺特钢,2.45106204,2.36143656,2.47833936,2.34195276,18046308.0,111151446.0,3.993879,-4.717,451849142.0,1067013083.5234315,2026-07-14
2013-01-23,sh.600399,抚顺特钢,2.3575398,2.39261064,2.42768148,2.34584952,13864070.0,85296438.0,3.068296,1.3201,451849170.0,1081099131.8171687,2026-07-14
2013-01-24,sh.600399,抚顺特钢,2.3965074,2.56796484,2.630313,2.37312684,41787825.0,268997362.0,9.248181,7.329,451849126.0,1160332668.5527298,2026-07-14
2013-01-25,sh.600399,抚顺特钢,2.4939264,2.3770236,2.4939264,2.37312684,20681092.0,128449522.0,4.576991,-7.4355,451849086.0,1074055941.0604296,2026-07-14
2013-01-28,sh.600399,抚顺特钢,2.36923008,2.4159912,2.43937176,2.36143656,13127094.0,81201524.0,2.905194,1.6393,451849136.0,1091663536.3036032,2026-07-14
2013-01-29,sh.600399,抚顺特钢,2.3965074,2.44326852,2.50171992,2.36533332,15853102.0,98615164.0,3.508495,1.129,451849069.0,1103988606.0790079,2026-07-14
2013-01-30,sh.600399,抚顺特钢,2.43157824,2.47054584,2.5134102,2.38481712,16664722.0,105237296.0,3.688117,1.1164,451849060.0,1116313815.4909105,2026-07-14
2013-01-31,sh.600399,抚顺特钢,2.44716528,2.40040416,2.4549588,2.38481712,11668794.0,72011334.0,2.582454,-2.8391,451849055.0,1084620351.3140688,2026-07-14
2013-02-01,sh.600399,抚顺特钢,2.38871388,2.39261064,2.435475,2.36143656,9618485.0,59034074.0,2.128694,-0.3247,451849115.0,1081099000.2235837,2026-07-14
2013-02-04,sh.600399,抚顺特钢,2.40430092,2.42378472,2.45106204,2.38092036,12338324.0,76422237.0,2.730629,1.3029,451849153.0,1095185072.7863421,2026-07-14
2013-02-05,sh.600399,抚顺特钢,2.38481712,2.435475,2.50951344,2.3770236,13106373.0,82361250.0,2.900608,0.4823,451849164.0,1100467342.6929,2026-07-14
2013-02-06,sh.600399,抚顺特钢,2.4549588,2.48223612,2.532894,2.44716528,16689137.0,106481237.0,3.69352,1.92,451849103.0,1121596164.2562003,2026-07-14
2013-02-07,sh.600399,抚顺特钢,2.47054584,2.435475,2.48613288,2.38481712,11643622.0,72759985.0,2.576883,-1.8838,451849075.0,1100467125.9356248,2026-07-14
2013-02-08,sh.600399,抚顺特钢,2.4159912,2.435475,2.48613288,2.4159912,8126754.0,51164308.0,1.798555,0.0,451849068.0,1100467108.8873,2026-07-14
2013-02-18,sh.600399,抚顺特钢,2.45885556,2.46664908,2.47833936,2.41209444,9918309.0,62268080.0,2.195049,1.28,451849093.0,1114553149.5472844,2026-07-14
2013-02-19,sh.600399,抚顺特钢,2.45106204,2.3965074,2.45885556,2.3770236,8461311.0,52340901.0,1.872597,-2.8436,451849010.0,1082859496.147674,2026-07-14
2013-02-20,sh.600399,抚顺特钢,2.3965074,2.40819768,2.41209444,2.3770236,6490389.0,39861868.0,1.436406,0.4878,451849199.0,1088142192.7416582,2026-07-14
2013-02-21,sh.600399,抚顺特钢,2.39261064,2.42378472,2.4939264,2.2211532,18068197.0,110154892.0,3.998724,0.6472,451849065.0,1095184859.4932868,2026-07-14
2013-02-22,sh.600399,抚顺特钢,2.40430092,2.48613288,2.5523778,2.38092036,25380033.0,162547236.0,5.616927,2.5723,451849080.0,1123356854.5857503,2026-07-14
2013-02-25,sh.600399,抚顺特钢,2.46664908,2.48613288,2.54458428,2.42768148,13787672.0,88000157.0,3.051388,0.0,451849191.0,1123357130.5465,2026-07-14
2013-02-26,sh.600399,抚顺特钢,2.4744426,2.52510048,2.61472596,2.40430092,24448098.0,157360563.0,5.410677,1.5674,451849149.0,1140964503.0274916,2026-07-14
2013-02-27,sh.600399,抚顺特钢,2.4939264,2.65759032,2.68486764,2.48613288,36223675.0,241504961.0,8.016763,5.2469,451849144.0,1200829911.1946862,2026-07-14
2013-02-28,sh.600399,抚顺特钢,2.630313,2.630313,2.66148708,2.5718616,21443637.0,144065569.0,4.745752,-1.0264,451849085.0,1188504522.313605,2026-07-14
2013-03-01,sh.600399,抚顺特钢,2.630313,2.61472596,2.68486764,2.58744864,16398624.0,110371688.0,3.629226,-0.5926,451849072.0,1181461498.5603092,2026-07-14
2013-03-04,sh.600399,抚顺特钢,2.60693244,2.51730696,2.6108292,2.46275232,17563917.0,114217383.0,3.88712,-3.7258,451849107.0,1137442901.9208846,2026-07-14
2013-03-05,sh.600399,抚顺特钢,2.5134102,2.532894,2.5718616,2.50561668,11101502.0,72274171.0,2.456905,0.6192,451849054.0,1144485757.7822762,2026-07-14
2013-03-06,sh.600399,抚顺特钢,2.54458428,2.51730696,2.57965512,2.4939264,12339735.0,79888973.0,2.730941,-0.6154,451849198.0,1137443130.9958181,2026-07-14
2013-03-07,sh.600399,抚顺特钢,2.49782316,2.41209444,2.50561668,2.3965074,13727923.0,85932094.0,3.038165,-4.1796,451849159.0,1089902844.142576,2026-07-14
2013-03-08,sh.600399,抚顺特钢,2.40430092,2.4159912,2.4549588,2.40430092,6321919.0,39450526.0,1.399122,0.1616,451849017.0,1091663248.8006504,2026-07-14
2013-03-11,sh.600399,抚顺特钢,2.3770236,2.40819768,2.44326852,2.3770236,5196539.0,32223803.0,1.150061,-0.3226,451848989.0,1088141687.0201454,2026-07-14
2013-03-12,sh.600399,抚顺特钢,2.40819768,2.33415924,2.4159912,2.29129488,8687601.0,52342200.0,1.922677,-3.0744,451849219.0,1054688029.6156335,2026-07-14
2013-03-13,sh.600399,抚顺特钢,2.33415924,2.338056,2.3770236,2.26401756,7519866.0,44704113.0,1.664243,0.1669,451849039.0,1056448356.728184,2026-07-14
2013-03-14,sh.600399,抚顺特钢,2.33026248,2.32246896,2.3575398,2.3185722,3796529.0,22735115.0,0.840221,-0.6667,451848859.0,1049404949.6389167,2026-07-14
2013-03-15,sh.600399,抚顺特钢,2.31467544,2.30298516,2.34974628,2.26401756,5020038.0,29822188.0,1.110999,-0.8389,451849012.0,1040601569.196662,2026-07-14
2013-03-18,sh.600399,抚顺特钢,2.28739812,2.26401756,2.32246896,2.24453376,4987138.0,29105264.0,1.103718,-1.692,451848932.0,1022993916.5152459,2026-07-14
2013-03-19,sh.600399,抚顺特钢,2.25232728,2.25622404,2.27570784,2.22504996,3374075.0,19528216.0,0.746726,-0.3442,451849139.0,1019472889.8651017,2026-07-14
2013-03-20,sh.600399,抚顺特钢,2.26791432,2.31077868,2.31467544,2.25622404,5705119.0,33612796.0,1.262616,2.418,451849097.0,1044123259.9248519,2026-07-14
2013-03-21,sh.600399,抚顺特钢,2.32246896,2.36923008,2.40819768,2.31077868,9657164.0,58605480.0,2.137254,2.5295,451849148.0,1070534593.0639718,2026-07-14
2013-03-22,sh.600399,抚顺特钢,2.3575398,2.34584952,2.37312684,2.33026248,5276894.0,31807844.0,1.167844,-0.9868,451849220.0,1059970275.8493743,2026-07-14
2013-03-25,sh.600399,抚顺特钢,2.34974628,2.3770236,2.40819768,2.32246896,7092080.0,43123484.0,1.569568,1.3289,451849171.0,1074056143.1074355,2026-07-14
2013-03-26,sh.600399,抚顺特钢,2.3575398,2.32636572,2.36923008,2.3185722,5093100.0,30547372.0,1.127168,-2.1311,451849236.0,1051166573.23859,2026-07-14
2013-03-27,sh.600399,抚顺特钢,2.33026248,2.39261064,2.47054584,2.33026248,13480121.0,83153952.0,2.983324,2.8476,451849045.0,1081098832.7408388,2026-07-14
2013-03-28,sh.600399,抚顺特钢,2.3575398,2.23284348,2.36143656,2.22504996,10090441.0,59423592.0,2.233144,-6.6775,451849097.0,1008908310.1803375,2026-07-14
2013-03-29,sh.600399,抚顺特钢,2.23284348,2.1821856,2.26401756,2.1627018,6336047.0,35881288.0,1.402248,-2.2688,451849245.0,986018915.809872,2026-07-14
2013-04-01,sh.600399,抚顺特钢,2.17439208,2.19387588,2.2211532,2.17439208,2883258.0,16289367.0,0.638102,0.5357,451849077.0,991300791.4305626,2026-07-14
2013-04-02,sh.600399,抚顺特钢,2.2016694,2.18608236,2.22504996,2.16659856,2947036.0,16568892.0,0.652217,-0.3552,451849001.0,987779130.4697223,2026-07-14
2013-04-03,sh.600399,抚顺特钢,2.19387588,2.27181108,2.33415924,2.16659856,9247941.0,53664320.0,2.046688,3.9216,451849085.0,1026515757.7908618,2026-07-14
2013-04-08,sh.600399,抚顺特钢,2.22504996,2.29129488,2.338056,2.21725644,9129575.0,53639272.0,2.020492,0.8576,451849104.0,1035319538.5277876,2026-07-14
2013-04-09,sh.600399,抚顺特钢,2.27570784,2.29519164,2.31077868,2.25622404,6036776.0,35409712.0,1.336016,0.1701,451849080.0,1037080230.9576912,2026-07-14
2013-04-10,sh.600399,抚顺特钢,2.28350136,2.39261064,2.4549588,2.28350136,19687745.0,119814752.0,4.35715,4.2445,451849145.0,1081099072.0019028,2026-07-14
2013-04-11,sh.600399,抚顺特钢,2.34974628,2.338056,2.39261064,2.33026248,9535157.0,57496344.0,2.110252,-2.2801,451849210.0,1056448756.5357599,2026-07-14
2013-04-12,sh.600399,抚顺特钢,2.3185722,2.22894672,2.33415924,2.21725644,8984717.0,52387312.0,1.988433,-4.66667,451849119.0,1007147611.7299397,2026-07-14
2013-04-15,sh.600399,抚顺特钢,2.18997912,2.15101152,2.19777264,2.143218,5960094.0,33004026.0,1.319045,-3.4965,451849179.0,971932789.331542,2026-07-14
2013-04-16,sh.600399,抚顺特钢,2.11983744,2.16659856,2.1821856,2.11204392,3358944.0,18643336.0,0.743377,0.724637,451849331.0,978976109.8815634,2026-07-14
2013-04-17,sh.600399,抚顺特钢,2.17439208,2.18997912,2.21725644,2.15101152,4223155.0,23684044.0,0.934638,1.0791,451849272.0,989540471.0672005,2026-07-14
2013-04-18,sh.600399,抚顺特钢,2.16659856,2.17049532,2.19777264,2.15101152,3123360.0,17396740.0,0.69124,-0.8897,451848851.0,980735816.4428774,2026-07-14
2013-04-19,sh.600399,抚顺特钢,2.17049532,2.20556616,2.21725644,2.17049532,5382481.0,30368244.0,1.191212,1.615793,451849125.0,996583139.52561,2026-07-14
2013-04-22,sh.600399,抚顺特钢,2.2016694,2.19777264,2.2211532,2.17828884,5321033.0,30026328.0,1.177613,-0.3534,451849037.0,993061450.9289478,2026-07-14
2013-04-23,sh.600399,抚顺特钢,2.19387588,2.17828884,2.23674024,2.1237342,10731256.0,60430928.0,2.374964,-0.8865,451849207.0,984258084.9709499,2026-07-14
2013-04-24,sh.600399,抚顺特钢,2.15880504,2.17828884,2.19777264,2.12763096,6149294.0,34118728.0,1.360918,0.0,451848973.0,984257575.2513614,2026-07-14
2013-04-25,sh.600399,抚顺特钢,2.17439208,2.143218,2.21335968,2.13542448,6412603.0,35901908.0,1.419191,-1.61,451849187.0,968411310.8637661,2026-07-14
2013-04-26,sh.600399,抚顺特钢,2.13152772,2.05748928,2.15101152,2.04969576,7353841.0,39394184.0,1.627499,-3.999996,451849187.0,929674858.4292153,2026-07-14
2013-05-02,sh.600399,抚顺特钢,2.06138604,2.03800548,2.08086984,2.03410872,3061704.0,16122055.0,0.677594,-0.947,451849338.0,920871426.9783721,2026-07-14
2013-05-03,sh.600399,抚顺特钢,2.03800548,2.07697308,2.08866336,2.03800548,3344063.0,17800048.0,0.740084,1.912044,451849114.0,938478445.9998512,2026-07-14
2013-05-06,sh.600399,抚顺特钢,2.08866336,2.10035364,2.10814716,2.06917956,4069742.0,21854400.0,0.900686,1.1257,451849146.0,949042998.5319914,2026-07-14
2013-05-07,sh.600399,抚顺特钢,2.10035364,2.10035364,2.11204392,2.07697308,3911564.0,21043118.0,0.865679,0.0,451849242.0,949043200.1659408,2026-07-14
2013-05-08,sh.600399,抚顺特钢,2.10814716,2.12763096,2.13932124,2.09645688,5604432.0,30500000.0,1.240333,1.2987,451848979.0,961367876.9647897,2026-07-14
2013-05-09,sh.600399,抚顺特钢,2.11204392,2.11983744,2.13932124,2.09645688,5409972.0,29341532.0,1.197296,-0.3663,451849167.0,957846781.4394125,2026-07-14
2013-05-10,sh.600399,抚顺特钢,2.11594068,2.11594068,2.13152772,2.08866336,4762460.0,25772960.0,1.053993,-0.1838,451849301.0,956086317.2154647,2026-07-14
2013-05-13,sh.600399,抚顺特钢,2.1237342,2.17828884,2.21335968,2.11204392,9056810.0,50470920.0,2.004388,2.9466,451849143.0,984257945.5604641,2026-07-14
2013-05-14,sh.600399,抚顺特钢,2.17049532,2.11983744,2.17439208,2.1042504,5713530.0,31272912.0,1.264477,-2.6834,451849263.0,957846984.9438066,2026-07-14
2013-05-15,sh.600399,抚顺特钢,2.11594068,2.1237342,2.15490828,2.11594068,3629546.0,19850800.0,0.803265,0.1838,451849141.0,959607473.9823222,2026-07-14
2013-05-16,sh.600399,抚顺特钢,2.11983744,2.12763096,2.13152772,2.07307632,6199604.0,33590716.0,1.372052,0.1835,451849055.0,961368038.6647427,2026-07-14
2013-05-17,sh.600399,抚顺特钢,2.1237342,2.15101152,2.1627018,2.11594068,7107910.0,39211720.0,1.573072,1.0989,451848994.0,971932391.3944108,2026-07-14
2013-05-20,sh.600399,抚顺特钢,2.15101152,2.18997912,2.19387588,2.15101152,7128345.0,39855080.0,1.577594,1.8116,451849145.0,989540192.9398524,2026-07-14
2013-05-21,sh.600399,抚顺特钢,2.18997912,2.23674024,2.27181108,2.17439208,12266149.0,70223464.0,2.714656,2.135229,451849111.0,1010669088.9819267,2026-07-14
2013-05-22,sh.600399,抚顺特钢,2.2211532,2.20946292,2.22504996,2.18608236,8801290.0,49767056.0,1.947838,-1.2195,451849178.0,998344004.2234797,2026-07-14
2013-05-23,sh.600399,抚顺特钢,2.20556616,2.26401756,2.33415924,2.19777264,15799142.0,92158752.0,3.496553,2.4691,451849064.0,1022994215.3655639,2026-07-14
2013-05-24,sh.600399,抚顺特钢,2.240637,2.24843052,2.29129488,2.21725644,8929146.0,51270372.0,1.976134,-0.6885,451849217.0,1015951569.9409028,2026-07-14
2013-05-27,sh.600399,抚顺特钢,2.24453376,2.21725644,2.24453376,2.19777264,7084467.0,40258092.0,1.567883,-1.3865,451849213.0,1001865577.4331816,2026-07-14
2013-05-28,sh.600399,抚顺特钢,2.22504996,2.23284348,2.24453376,2.19777264,5243212.0,29843456.0,1.16039,0.703,451849120.0,1008908361.5357376,2026-07-14
2013-05-29,sh.600399,抚顺特钢,2.23674024,2.26791432,2.28739812,2.2211532,8681455.0,50372452.0,1.921317,1.5707,451849174.0,1024755212.1947716,2026-07-14
2013-05-30,sh.600399,抚顺特钢,2.25232728,2.21725644,2.2601208,2.21335968,6767396.0,38759596.0,1.497711,-2.2337,451849255.0,1001865670.5579522,2026-07-14
2013-05-31,sh.600399,抚顺特钢,2.2211532,2.17828884,2.22894672,2.17049532,6058213.0,34204244.0,1.34076,-1.757468,451849175.0,984258015.265707,2026-07-14
2013-06-03,sh.600399,抚顺特钢,2.17828884,2.19387588,2.21335968,2.16659856,5034059.0,28364896.0,1.114102,0.7156,451849023.0,991300672.9612651,2026-07-14
2013-06-04,sh.600399,抚顺特钢,2.18997912,2.14711476,2.20946292,2.13542448,4496887.0,25121278.0,0.995219,-2.1314,451848990.0,970171635.7200924,2026-07-14
2013-06-05,sh.600399,抚顺特钢,2.14711476,2.13932124,2.16659856,2.12763096,3312696.0,18225444.0,0.733142,-0.363,451849164.0,966650513.8214434,2026-07-14
2013-06-06,sh.600399,抚顺特钢,2.1237342,2.09645688,2.15490828,2.09256012,3240352.0,17657912.0,0.717131,-2.0036,451849383.0,947282747.714105,2026-07-14
2013-06-07,sh.600399,抚顺特钢,2.10035364,2.03800548,2.11204392,2.02241844,4793919.0,25315614.0,1.060956,-2.7881,451848993.0,920870723.8664815,2026-07-14
2013-06-13,sh.600399,抚顺特钢,2.0263152,1.93668972,2.0263152,1.90161888,3575194.0,17815434.0,0.791236,-4.9713,451849259.0,875091814.8949175,2026-07-14
2013-06-14,sh.600399,抚顺特钢,1.93668972,1.93668972,1.95617352,1.9094124,3134938.0,15596301.0,0.693802,0.0,451849087.0,875091481.7842857,2026-07-14
2013-06-17,sh.600399,抚顺特钢,1.94448324,2.01072816,2.0263152,1.93279296,6110365.0,31360192.0,1.352302,3.8229,451849143.0,908545795.9019669,2026-07-14
2013-06-18,sh.600399,抚顺特钢,1.9873476,1.9873476,2.01072816,1.96396704,3392001.0,17264920.0,0.750693,-1.1628,451849291.0,897981604.0305517,2026-07-14
2013-06-19,sh.600399,抚顺特钢,1.98345084,2.00293464,2.045799,1.91720592,4500269.0,22870494.0,0.995967,0.7843,451849208.0,905024430.759765,2026-07-14
2013-06-20,sh.600399,抚顺特钢,1.98345084,1.92499944,1.99514112,1.91720592,3872068.0,19399394.0,0.856938,-3.8911,451849259.0,869809570.5394149,2026-07-14
2013-06-21,sh.600399,抚顺特钢,1.87823832,1.90161888,1.93279296,1.83537396,2833084.0,13693874.0,0.626998,-1.2146,451848969.0,859244530.3589348,2026-07-14
2013-06-24,sh.600399,抚顺特钢,1.88603184,1.74964524,1.88603184,1.7340582,3878895.0,17995968.0,0.858449,-7.9918,451849207.0,790575814.2253246,2026-07-14
2013-06-25,sh.600399,抚顺特钢,1.74574848,1.74185172,1.77692256,1.5781878,4176090.0,18174232.0,0.924222,-0.4454,451849231.0,787054360.1980274,2026-07-14
2013-06-26,sh.600399,抚顺特钢,1.73016144,1.753542,1.76523228,1.70678088,3245426.0,14470981.0,0.718254,0.6711,451849346.0,792336805.8835319,2026-07-14
2013-06-27,sh.600399,抚顺特钢,1.76133552,1.7340582,1.78861284,1.7145744,4402516.0,19848404.0,0.974333,-1.1111,451849214.0,783532834.7002548,2026-07-14
2013-06-28,sh.600399,抚顺特钢,1.72236792,1.7145744,1.76133552,1.68729708,4350770.0,19258678.0,0.962881,-1.1236,451849190.0,774729053.834736,2026-07-14
2013-07-01,sh.600399,抚顺特钢,1.7145744,1.72626468,1.7340582,1.66391652,2663246.0,11617057.0,0.58941,0.6818,451849477.0,780011792.8215724,2026-07-14
2013-07-02,sh.600399,抚顺特钢,1.72236792,1.7925096,1.80809664,1.70678088,5996095.0,27143184.0,1.327013,3.8375,451849002.0,809943673.8354192,2026-07-14
2013-07-03,sh.600399,抚顺特钢,1.7730258,1.78471608,1.84706424,1.76523228,6629666.0,30749048.0,1.46723,-0.4348,451849131.0,806422409.8297265,2026-07-14
2013-07-04,sh.600399,抚顺特钢,1.75743876,1.78081932,1.81978692,1.7340582,4679548.0,21421144.0,1.035644,-0.2183,451849091.0,804661590.977238,2026-07-14
2013-07-05,sh.600399,抚顺特钢,1.78081932,1.7730258,1.8119934,1.76523228,3974126.0,18191344.0,0.879525,-0.4376,451849123.0,801140152.7863735,2026-07-14
2013-07-08,sh.600399,抚顺特钢,1.7340582,1.66391652,1.7340582,1.65222624,4324100.0,18669104.0,0.956979,-6.1538,451848996.0,751839008.9898139,2026-07-14
2013-07-09,sh.600399,抚顺特钢,1.6756068,1.68340032,1.69119384,1.656123,1661204.0,7124019.0,0.367646,1.171,451848789.0,760642395.9942125,2026-07-14
2013-07-10,sh.600399,抚顺特钢,1.67950356,1.73795496,1.753542,1.66781328,3245283.0,14243368.0,0.718223,3.2407,451848938.0,785293102.9678324,2026-07-14
2013-07-11,sh.600399,抚顺特钢,1.74574848,1.78861284,1.80809664,1.73016144,5410399.0,24660836.0,1.197391,2.9148,451848978.0,808182883.7916776,2026-07-14
2013-07-12,sh.600399,抚顺特钢,1.78471608,1.75743876,1.80809664,1.753542,3591046.0,16412511.0,0.794744,-1.7429,451849401.0,794097651.0001827,2026-07-14
2013-07-15,sh.600399,抚顺特钢,1.76133552,1.77692256,1.78081932,1.7340582,3102563.0,14049588.0,0.686637,1.1086,451849085.0,802900832.8518577,2026-07-14
2013-07-16,sh.600399,抚顺特钢,1.77692256,1.88603184,1.92499944,1.76912904,10195229.0,48560156.0,2.256335,6.1404,451849083.0,852201757.4128027,2026-07-14
2013-07-17,sh.600399,抚顺特钢,1.85875452,1.81978692,1.88603184,1.8119934,6807771.0,32289316.0,1.506647,-3.5124,451849106.0,822269092.9124936,2026-07-14
2013-07-18,sh.600399,抚顺特钢,1.81978692,1.84316748,1.87823832,1.80419988,5713348.0,27117116.0,1.264437,1.2848,451849163.0,832833683.1068193,2026-07-14
2013-07-19,sh.600399,抚顺特钢,1.82758044,1.74185172,1.83927072,1.73795496,5313681.0,24451302.0,1.175986,-5.4968,451849002.0,787053961.3139834,2026-07-14
2013-07-22,sh.600399,抚顺特钢,1.74574848,1.76523228,1.78471608,1.7145744,2504186.0,11212972.0,0.554208,1.3423,451849486.0,797619298.3886081,2026-07-14
2013-07-23,sh.600399,抚顺特钢,1.761318,1.80437244,1.82394264,1.75740396,3279812.0,15082638.0,0.725864,2.2173,451849382.0,815304571.9118321,2026-07-14
2013-07-24,sh.600399,抚顺特钢,1.80437244,1.79263032,1.80828648,1.761318,3223911.0,14715988.0,0.713493,-0.6508,451849002.0,809998221.0469407,2026-07-14
2013-07-25,sh.600399,抚顺特钢,1.79654436,1.82394264,1.86699708,1.7808882,5989579.0,28091834.0,1.325571,1.7467,451848977.0,824146615.9906793,2026-07-14
2013-07-26,sh.600399,抚顺特钢,1.81220052,1.79654436,1.81611456,1.77306012,3094117.0,14149867.0,0.684768,-1.5021,451848947.0,811766677.304789,2026-07-14
2013-07-29,sh.600399,抚顺特钢,1.7808882,1.73783376,1.78480224,1.73000568,3018829.0,13545502.0,0.668106,-3.268,451848808.0,785238112.9581581,2026-07-14
2013-07-30,sh.600399,抚顺特钢,1.75348992,1.7417478,1.76523204,1.71826356,2754131.0,12269162.0,0.609524,0.2252,451849476.0,787007830.7541528,2026-07-14
2013-07-31,sh.600399,抚顺特钢,1.73783376,1.77697416,1.83568476,1.73391972,3618913.0,16491800.0,0.800912,2.0225,451849017.0,802924027.4304007,2026-07-14
2013-08-01,sh.600399,抚顺特钢,1.78480224,1.81220052,1.8200286,1.761318,3915347.0,17915850.0,0.866516,1.9824,451849360.0,818841645.1536672,2026-07-14
2013-08-02,sh.600399,抚顺特钢,1.81611456,1.8200286,1.859169,1.8004584,5252119.0,24603120.0,1.162361,0.432,451849210.0,822378485.087406,2026-07-14
2013-08-05,sh.600399,抚顺特钢,1.82394264,1.859169,1.88656728,1.80828648,6090153.0,28951424.0,1.347829,2.1505,451849085.0,840063811.510365,2026-07-14
2013-08-06,sh.600399,抚顺特钢,1.85525496,1.85134092,1.86308304,1.82785668,4535579.0,21400976.0,1.003782,-0.4211,451849007.0,836526556.3204664,2026-07-14
2013-08-07,sh.600399,抚顺特钢,1.8395988,1.859169,1.87482516,1.83568476,4947212.0,23508260.0,1.094881,0.4228,451849288.0,840064188.921672,2026-07-14
2013-08-08,sh.600399,抚顺特钢,1.85134092,1.83177072,1.87091112,1.82394264,3603892.0,17001660.0,0.797587,-1.4737,451849391.0,827684484.2836314,2026-07-14
2013-08-09,sh.600399,抚顺特钢,1.83177072,1.85134092,1.86699708,1.83177072,2983734.0,14103490.0,0.660339,1.0684,451848823.0,836526215.6737372,2026-07-14
2013-08-12,sh.600399,抚顺特钢,1.84742688,1.88656728,1.8983094,1.84742688,6048578.0,29003704.0,1.338628,1.9027,451849057.0,852443646.4350549,2026-07-14
2013-08-13,sh.600399,抚顺特钢,1.8787392,1.92962172,2.00007444,1.87091112,11362345.0,56580976.0,2.514633,2.2822,451849037.0,871897715.9562837,2026-07-14
2013-08-14,sh.600399,抚顺特钢,1.92570768,1.89439536,1.92570768,1.88656728,6252133.0,30367480.0,1.383677,-1.8256,451849167.0,855980965.3846651,2026-07-14
2013-08-15,sh.600399,抚顺特钢,1.89048132,1.87091112,1.90613748,1.86308304,3587572.0,17241340.0,0.793976,-1.2397,451848922.0,845369172.7298126,2026-07-14
2013-08-16,sh.600399,抚顺特钢,1.84351284,1.83568476,1.91396556,1.82785668,5768615.0,27448544.0,1.276668,-1.8828,451849267.0,829452813.2490709,2026-07-14
2013-08-19,sh.600399,抚顺特钢,1.80828648,1.85134092,1.85134092,1.80437244,2952574.0,13824619.0,0.653442,0.8529,451849437.0,836527352.3970621,2026-07-14
2013-08-20,sh.600399,抚顺特钢,1.84742688,1.83177072,1.859169,1.82785668,2683805.0,12613536.0,0.59396,-1.0571,451849451.0,827684594.1898746,2026-07-14
2013-08-21,sh.600399,抚顺特钢,1.82394264,1.82394264,1.83177072,1.8004584,3496680.0,16222428.0,0.77386,-0.4274,451849172.0,824146971.6594942,2026-07-14
2013-08-22,sh.600399,抚顺特钢,1.81611456,1.80437244,1.83177072,1.79654436,2695701.0,12485339.0,0.596593,-1.073,451849251.0,815304335.5390425,2026-07-14
2013-08-23,sh.600399,抚顺特钢,1.81220052,1.79263032,1.82785668,1.76914608,3211766.0,14758263.0,0.710805,-0.6508,451849101.0,809998398.5173423,2026-07-14
2013-08-26,sh.600399,抚顺特钢,1.8004584,1.82785668,1.82785668,1.79263032,2748973.0,12741031.0,0.608383,1.9651,451849082.0,825915362.8855678,2026-07-14
2013-08-27,sh.600399,抚顺特钢,1.83177072,1.859169,1.86308304,1.8200286,4100454.0,19334010.0,0.907483,1.7131,451849126.0,840063887.736294,2026-07-14
2013-08-28,sh.600399,抚顺特钢,1.8787392,2.04704292,2.04704292,1.8787392,20559907.0,104867168.0,4.550171,10.1053,451849106.0,924954513.3456296,2026-07-14
2013-08-29,sh.600399,抚顺特钢,2.0744412,2.1135816,2.152722,2.0744412,36527181.0,197375136.0,8.083933,3.2505,451849131.0,955020009.2575896,2026-07-14
2013-08-30,sh.600399,抚顺特钢,2.02355868,2.2310028,2.3092836,1.9961604,28857196.0,154415296.0,6.386467,5.5556,451849137.0,1008076689.8245836,2026-07-14
2013-09-02,sh.600399,抚顺特钢,2.3875644,2.25448704,2.45410308,2.2310028,39611261.0,237604352.0,8.76648,1.0526,451849100.0,1018687939.9856639,2026-07-14
2013-09-03,sh.600399,抚顺特钢,2.14880796,2.30145552,2.39930652,2.1331518,33469134.0,194152016.0,7.407148,2.0833,451849133.0,1039910681.3500643,2026-07-14
2013-09-04,sh.600399,抚顺特钢,2.30145552,2.53238388,2.53238388,2.23491684,62178134.0,394206080.0,13.760818,10.034,451849112.0,1144255407.4211144,2026-07-14
2013-09-05,sh.600399,抚顺特钢,2.4658452,2.53238388,2.54021196,2.41104864,41149376.0,260032560.0,9.106884,0.0,451849129.0,1144255450.4716403,2026-07-14
2013-09-06,sh.600399,抚顺特钢,2.5049856,2.7202578,2.72808588,2.47367328,50628814.0,340133600.0,11.204805,7.4189,451849131.0,1229146123.025972,2026-07-14
2013-09-09,sh.600399,抚顺特钢,2.66937528,2.74765608,2.85333516,2.61457872,46050147.0,320495168.0,10.191488,1.0072,451849102.0,1241525932.3528402,2026-07-14
2013-09-10,sh.600399,抚顺特钢,2.64589104,2.63414892,2.739828,2.6028366,37657111.0,255760944.0,8.334001,-4.1311,451849130.0,1190237897.7924395,2026-07-14
2013-09-11,sh.600399,抚顺特钢,2.6224068,2.48932944,2.7202578,2.45801712,41758175.0,275611568.0,9.241619,-5.4978,451849129.0,1124801339.2580578,2026-07-14
2013-09-12,sh.600399,抚顺特钢,2.446275,2.46193116,2.52064176,2.4071346,24090577.0,150751199.0,5.331553,-1.1006,451849152.0,1112421506.9283762,2026-07-14
2013-09-13,sh.600399,抚顺特钢,2.47367328,2.4071346,2.4854154,2.3679942,19849079.0,122198645.0,4.392856,-2.2258,451849070.0,1087661530.374822,2026-07-14
2013-09-16,sh.600399,抚顺特钢,2.4071346,2.39539248,2.43844692,2.37973632,14255507.0,87700719.0,3.154926,-0.4878,451849172.0,1082356108.7030265,2026-07-14
2013-09-17,sh.600399,抚顺特钢,2.3875644,2.41496268,2.5245558,2.3679942,26486523.0,164946912.0,5.861807,0.817,451849114.0,1091198747.3010654,2026-07-14
2013-09-18,sh.600399,抚顺特钢,2.38365036,2.41887672,2.42279076,2.34450996,15623359.0,94939047.0,3.45765,0.1621,451849059.0,1092967169.7690065,2026-07-14
2013-09-23,sh.600399,抚顺特钢,2.4071346,2.42279076,2.45410308,2.37973632,15536249.0,96028507.0,3.438371,0.1618,451849117.0,1094735865.5817587,2026-07-14
2013-09-24,sh.600399,抚顺特钢,2.4267048,2.3875644,2.45801712,2.348424,16316047.0,99601725.0,3.61095,-1.454,451849153.0,1078818951.8729532,2026-07-14
2013-09-25,sh.600399,抚顺特钢,2.37582228,2.43061884,2.47367328,2.348424,22366785.0,138522093.0,4.950056,1.8033,451849131.0,1098273010.646228,2026-07-14
2013-09-26,sh.600399,抚顺特钢,2.41496268,2.29754148,2.446275,2.28188532,18410778.0,112277662.0,4.074541,-5.475,451849129.0,1038142116.579371,2026-07-14
2013-09-27,sh.600399,抚顺特钢,2.27405724,2.18403432,2.29754148,2.17620624,15397127.0,87572926.0,3.407581,-4.9404,451849186.0,986854129.6880635,2026-07-14
2013-09-30,sh.600399,抚顺特钢,2.18012028,2.19969048,2.21534664,2.17620624,7981470.0,44762760.0,1.766402,0.7168,451849013.0,993927972.2934963,2026-07-14
2013-10-08,sh.600399,抚顺特钢,2.1918624,2.2310028,2.250573,2.17620624,9797964.0,55720702.0,2.168415,1.4235,451849116.0,1008076642.9735249,2026-07-14
2013-10-09,sh.600399,抚顺特钢,2.21926068,2.23883088,2.25840108,2.20751856,10872565.0,61959640.0,2.406238,0.3509,451849111.0,1011613742.8073478,2026-07-14
2013-10-10,sh.600399,抚顺特钢,2.23491684,2.32102572,2.348424,2.20360452,22209037.0,128757073.0,4.915144,3.6713,451849163.0,1048753528.8834724,2026-07-14
2013-10-11,sh.600399,抚顺特钢,2.29754148,2.3092836,2.35625208,2.2701432,15345874.0,90461868.0,3.396239,-0.5059,451849060.0,1043447623.933416,2026-07-14
2013-10-14,sh.600399,抚顺特钢,2.3092836,2.29754148,2.32493976,2.24274492,11948260.0,69708226.0,2.644303,-0.5085,451849126.0,1038142109.6867465,2026-07-14
2013-10-15,sh.600399,抚顺特钢,2.29362744,2.26231512,2.32102572,2.24665896,9820073.0,57136073.0,2.173308,-1.5332,451849117.0,1022225089.347749,2026-07-14
2013-10-16,sh.600399,抚顺特钢,2.2701432,2.16837816,2.2701432,2.14489392,10310153.0,57987926.0,2.281769,-4.1522,451849114.0,979779750.4129503,2026-07-14
2013-10-17,sh.600399,抚顺特钢,2.16837816,2.20751856,2.27405724,2.16446412,10911202.0,61779939.0,2.414789,1.8051,451849085.0,997465241.4565176,2026-07-14
2013-10-18,sh.600399,抚顺特钢,2.22317472,2.20751856,2.24665896,2.1918624,6605723.0,37344237.0,1.461931,0.0,451849164.0,997465415.8504839,2026-07-14
2013-10-21,sh.600399,抚顺特钢,2.19577644,2.23883088,2.24665896,2.17620624,7082709.0,40094674.0,1.567494,1.4184,451849194.0,1011613928.6303108,2026-07-14
2013-10-22,sh.600399,抚顺特钢,2.2310028,2.23491684,2.27797128,2.21926068,7067578.0,40523137.0,1.564146,-0.1748,451848996.0,1009844930.2974926,2026-07-14
2013-10-23,sh.600399,抚顺特钢,2.2310028,2.14097988,2.25448704,2.12923776,8673854.0,48226606.0,1.919635,-4.2032,451849128.0,967399891.8435447,2026-07-14
2013-10-24,sh.600399,抚顺特钢,2.12532372,2.14097988,2.1722922,2.12532372,4144462.0,22756772.0,0.917223,0.0,451848896.0,967399395.1362126,2026-07-14
2013-10-25,sh.600399,抚顺特钢,2.13706584,2.0744412,2.16055008,2.05878504,6764800.0,36292686.0,1.497137,-3.1079,451849096.0,937334380.9251552,2026-07-14
2013-10-28,sh.600399,抚顺特钢,2.0744412,2.17620624,2.20751856,2.06269908,10412618.0,57415847.0,2.304446,4.9057,451849078.0,983316783.0818467,2026-07-14
2013-10-29,sh.600399,抚顺特钢,2.16446412,2.10966756,2.18794836,2.01181656,9703703.0,52357145.0,2.147554,-3.0576,451849080.0,953251346.0918448,2026-07-14
2013-10-30,sh.600399,抚顺特钢,2.09792544,2.32102572,2.32102572,2.07052716,24769462.0,144343963.0,5.481799,10.0186,451849147.0,1048753491.7470609,2026-07-14
2013-10-31,sh.600399,抚顺特钢,2.3092836,2.348424,2.36408016,2.23491684,26261708.0,154518473.0,5.812052,1.1804,451849158.0,1061133407.0269921,2026-07-14
2013-11-01,sh.600399,抚顺特钢,2.34059592,2.29754148,2.45801712,2.2897134,21701045.0,131039921.0,4.802719,-2.1667,451849150.0,1038142164.827742,2026-07-14
2013-11-04,sh.600399,抚顺特钢,2.24665896,2.33276784,2.34059592,2.24274492,12580531.0,73908124.0,2.784233,1.5332,451849073.0,1054058986.0282122,2026-07-14
2013-11-05,sh.600399,抚顺特钢,2.33668188,2.33668188,2.34059592,2.26231512,13813312.0,81498223.0,3.057063,0.1678,451849111.0,1055827630.1678087,2026-07-14
2013-11-06,sh.600399,抚顺特钢,2.31319764,2.28579936,2.4071346,2.28188532,16723219.0,99873797.0,3.701063,-2.1776,451849077.0,1032836331.0231907,2026-07-14
2013-11-07,sh.600399,抚顺特钢,2.2701432,2.33276784,2.39147844,2.20360452,19284374.0,113590449.0,4.267879,2.0548,451849127.0,1054059111.9976755,2026-07-14
2013-11-08,sh.600399,抚顺特钢,2.3288538,2.32102572,2.38365036,2.26622916,15792609.0,93905614.0,3.495107,-0.5034,451849085.0,1048753347.8434663,2026-07-14
2013-11-11,sh.600399,抚顺特钢,2.28579936,2.29362744,2.3288538,2.27405724,8753156.0,51396166.0,1.937186,-1.1804,451849022.0,1036373315.5963637,2026-07-14
2013-11-12,sh.600399,抚顺特钢,2.3092836,2.33668188,2.34059592,2.25448704,10170717.0,59740117.0,2.25091,1.8771,451849119.0,1055827648.8612638,2026-07-14
2013-11-13,sh.600399,抚顺特钢,2.45410308,2.29362744,2.55586812,2.28188532,22542707.0,138712042.0,4.98899,-1.8425,451849112.0,1036373522.0228332,2026-07-14
2013-11-14,sh.600399,抚顺特钢,2.23491684,2.3679942,2.3875644,2.18012028,21030469.0,123119687.0,4.654312,3.2423,451849145.0,1069976154.634959,2026-07-14
2013-11-15,sh.600399,抚顺特钢,2.34450996,2.446275,2.53629792,2.33276784,28323752.0,176505029.0,6.268409,3.3058,451849137.0,1105347247.614675,2026-07-14
2013-11-18,sh.600399,抚顺特钢,2.446275,2.48150136,2.56761024,2.4071346,27441389.0,175270829.0,6.073131,1.44,451849120.0,1121264205.7948034,2026-07-14
2013-11-19,sh.600399,抚顺特钢,2.4658452,2.46193116,2.50107156,2.41496268,14903439.0,93189583.0,3.298322,-0.7886,451849122.0,1112421433.0704415,2026-07-14
2013-11-20,sh.600399,抚顺特钢,2.45801712,2.52064176,2.6028366,2.44236096,24562441.0,158700439.0,5.435983,2.3847,451849114.0,1138949745.9674008,2026-07-14
2013-11-21,sh.600399,抚顺特钢,2.52064176,2.45018904,2.54804004,2.44236096,16079030.0,101962417.0,3.558495,-2.795,451849167.0,1107115876.7165298,2026-07-14
2013-11-22,sh.600399,抚顺特钢,2.44236096,2.4071346,2.5049856,2.40322056,10504230.0,65813463.0,2.324721,-1.7572,451849061.0,1087661508.7106106,2026-07-14
2013-11-25,sh.600399,抚顺特钢,2.48932944,2.45018904,2.50889964,2.4267048,11952395.0,75425682.0,2.645218,1.7886,451849148.0,1107115830.1629379,2026-07-14
2013-11-26,sh.600399,抚顺特钢,2.45801712,2.61457872,2.6811174,2.3875644,27577264.0,178532766.0,6.103202,6.7093,451849111.0,1181395070.271518,2026-07-14
2013-11-27,sh.600399,抚顺特钢,2.61457872,2.67720336,2.81419476,2.55195408,32491295.0,220703159.0,7.19074,2.3952,451849114.0,1209691966.213823,2026-07-14
2013-11-28,sh.600399,抚顺特钢,2.64980508,2.59892256,2.7202578,2.59109448,21503673.0,145101103.0,4.759038,-2.924,451849155.0,1174320962.646437,2026-07-14
2013-11-29,sh.600399,抚顺特钢,2.62632084,2.65371912,2.73199992,2.59892256,21271034.0,145509500.0,4.707552,2.1084,451849156.0,1199080744.6330626,2026-07-14
2013-12-02,sh.600399,抚顺特钢,2.56761024,2.41104864,2.59892256,2.3875644,21523594.0,136159040.0,4.763447,-9.1445,451849134.0,1089430240.015878,2026-07-14
2013-12-03,sh.600399,抚顺特钢,2.37973632,2.446275,2.46193116,2.36016612,9291949.0,57796696.0,2.056427,1.461,451849203.0,1105347409.068825,2026-07-14
2013-12-04,sh.600399,抚顺特钢,2.44236096,2.46975924,2.4854154,2.41496268,10965901.0,68902688.0,2.426894,0.96,451849195.0,1115958724.4378119,2026-07-14
2013-12-05,sh.600399,抚顺特钢,2.45018904,2.43453288,2.48932944,2.4267048,8591607.0,53852856.0,1.901433,-1.4263,451849053.0,1100041376.3253627,2026-07-14
2013-12-06,sh.600399,抚顺特钢,2.41104864,2.4267048,2.44236096,2.39147844,6711324.0,41382794.0,1.485302,-0.3215,451849119.0,1096504425.953071,2026-07-14
2013-12-09,sh.600399,抚顺特钢,2.4267048,2.45410308,2.48150136,2.41104864,7579355.0,47263845.0,1.677408,1.129,451849222.0,1108884567.4058037,2026-07-14
2013-12-10,sh.600399,抚顺特钢,2.45410308,2.41496268,2.4658452,2.41104864,7753546.0,48174176.0,1.715959,-1.5949,451849141.0,1091198812.5050578,2026-07-14
2013-12-11,sh.600399,抚顺特钢,2.39147844,2.35625208,2.41104864,2.34059592,8719772.0,52779833.0,1.929797,-2.4311,451849184.0,1064670579.6463027,2026-07-14
2013-12-12,sh.600399,抚顺特钢,2.348424,2.3288538,2.37190824,2.32493976,4725076.0,28364316.0,1.04572,-1.1628,451849061.0,1052290402.7362819,2026-07-14
2013-12-13,sh.600399,抚顺特钢,2.31711168,2.3288538,2.348424,2.30145552,3945153.0,23501163.0,0.873113,0.0,451849073.0,1052290430.6825274,2026-07-14
2013-12-16,sh.600399,抚顺特钢,2.3288538,2.2701432,2.34450996,2.26622916,5572008.0,32636193.0,1.233157,-2.521,451849035.0,1025762014.2318121,2026-07-14
2013-12-17,sh.600399,抚顺特钢,2.24665896,2.34059592,2.35233804,2.2310028,9084393.0,53608775.0,2.010493,3.1034,451849024.0,1057595982.0303822,2026-07-14
2013-12-18,sh.600399,抚顺特钢,2.3092836,2.2701432,2.33276784,2.25840108,5346917.0,31444200.0,1.183341,-3.01,451849213.0,1025762418.3173016,2026-07-14
2013-12-19,sh.600399,抚顺特钢,2.26622916,2.22708876,2.30536956,2.22317472,4599875.0,26558057.0,1.018011,-1.8966,451849243.0,1006308370.2998086,2026-07-14
2013-12-20,sh.600399,抚顺特钢,2.22708876,2.18794836,2.250573,2.1722922,3688495.0,20778137.0,0.816311,-1.7575,451849234.0,988622790.4975562,2026-07-14
2013-12-23,sh.600399,抚顺特钢,2.18794836,2.19577644,2.22708876,2.14880796,3991932.0,22347700.0,0.883466,0.3578,451848968.0,992159318.3727139,2026-07-14
2013-12-24,sh.600399,抚顺特钢,2.19577644,2.19969048,2.24665896,2.18012028,4509450.0,25495341.0,0.997999,0.1783,451849150.0,993928273.651092,2026-07-14
2013-12-25,sh.600399,抚顺特钢,2.19969048,2.23491684,2.23883088,2.1918624,3687600.0,20883588.0,0.816113,1.6014,451849192.0,1009845368.3411932,2026-07-14
2013-12-26,sh.600399,抚顺特钢,2.23491684,2.26231512,2.32493976,2.21534664,10599878.0,61706047.0,2.345889,1.2259,451849086.0,1022225019.2159802,2026-07-14
2013-12-27,sh.600399,抚顺特钢,2.24274492,2.3092836,2.32493976,2.21926068,8658431.0,50447822.0,1.916222,2.0761,451849055.0,1043447612.386998,2026-07-14
2013-12-30,sh.600399,抚顺特钢,2.3092836,2.27405724,2.31319764,2.2701432,5090332.0,29729353.0,1.126556,-1.5254,451848998.0,1027530485.2886455,2026-07-14
2013-12-31,sh.600399,抚顺特钢,2.26622916,2.28188532,2.3288538,2.25840108,4296753.0,25203297.0,0.950926,0.3442,451849355.0,1031068410.0259687,2026-07-14
2014-01-02,sh.600399,抚顺特钢,2.2701432,2.28188532,2.30145552,2.26231512,4157156.0,24203598.0,0.920032,0.0,451849066.0,1031067750.5611112,2026-07-14
2014-01-03,sh.600399,抚顺特钢,2.2701432,2.21926068,2.28579936,2.20360452,4670758.0,26619589.0,1.033699,-2.7444,451848942.0,1002770590.2802006,2026-07-14
2014-01-06,sh.600399,抚顺特钢,2.19969048,2.12140968,2.2114326,2.11749564,4901692.0,26866687.0,1.084807,-4.4092,451849223.0,958557315.5726787,2026-07-14
2014-01-07,sh.600399,抚顺特钢,2.0940114,2.12923776,2.14489392,2.0940114,2272619.0,12345382.0,0.50296,0.369,451848855.0,962093643.8787649,2026-07-14
2014-01-08,sh.600399,抚顺特钢,2.12532372,2.1331518,2.1722922,2.1135816,2867573.0,15672435.0,0.634631,0.1838,451848870.0,963862230.3684659,2026-07-14
2014-01-09,sh.600399,抚顺特钢,2.13706584,2.09009736,2.15663604,2.08618332,2871939.0,15606373.0,0.635597,-2.0183,451849049.0,944408504.4334106,2026-07-14
2014-01-10,sh.600399,抚顺特钢,2.0744412,2.01181656,2.09009736,1.9765902,5733186.0,29850849.0,1.268828,-3.7453,451848950.0,909037200.2286121,2026-07-14
2014-01-13,sh.600399,抚顺特钢,1.9961604,2.00398848,2.0353008,1.99224636,2645779.0,13585063.0,0.585545,-0.3891,451848961.0,905500112.5439692,2026-07-14
2014-01-14,sh.600399,抚顺特钢,2.00007444,2.054871,2.06661312,1.99224636,2846798.0,14809936.0,0.630033,2.5391,451849030.0,928491468.1251299,2026-07-14
2014-01-15,sh.600399,抚顺特钢,2.04312888,2.10183948,2.12140968,2.03921484,4405344.0,23513020.0,0.974959,2.2857,451849155.0,949714392.9836395,2026-07-14
2014-01-16,sh.600399,抚顺特钢,2.10183948,2.07052716,2.10575352,2.054871,2797473.0,14816573.0,0.619117,-1.4898,451848843.0,935565301.646076,2026-07-14
2014-01-17,sh.600399,抚顺特钢,2.05878504,2.0353008,2.06661312,2.02747272,2116673.0,11046468.0,0.468447,-1.7013,451848982.0,919648594.5437856,2026-07-14
2014-01-20,sh.600399,抚顺特钢,2.18012028,2.17620624,2.23883088,2.12923776,11286610.0,63098950.0,2.497871,6.9231,451849195.0,983317037.6979768,2026-07-14
2014-01-21,sh.600399,抚顺特钢,2.13706584,2.16837816,2.19577644,2.12532372,6060328.0,33514692.0,1.341228,-0.3597,451849201.0,979779939.0618502,2026-07-14
2014-01-22,sh.600399,抚顺特钢,2.152722,2.25840108,2.29754148,2.14489392,8807543.0,50388185.0,1.949222,4.1516,451849148.0,1020456603.8402798,2026-07-14
2014-01-23,sh.600399,抚顺特钢,2.2310028,2.22317472,2.25840108,2.21534664,4921017.0,28044151.0,1.089084,-1.5598,451849169.0,1004539649.7738076,2026-07-14
2014-01-24,sh.600399,抚顺特钢,2.2114326,2.24665896,2.25448704,2.20360452,5261815.0,30043424.0,1.164507,1.0563,451849152.0,1015150945.9092019,2026-07-14
2014-01-27,sh.600399,抚顺特钢,2.24274492,2.21926068,2.27797128,2.21534664,4054762.0,23219393.0,0.897371,-1.2195,451849012.0,1002770745.6284482,2026-07-14
2014-01-28,sh.600399,抚顺特钢,2.20751856,2.18794836,2.23883088,2.16837816,2798280.0,15709616.0,0.619295,-1.4109,451849280.0,988622891.1431808,2026-07-14
2014-01-29,sh.600399,抚顺特钢,2.1918624,2.20360452,2.22317472,2.18403432,2615573.0,14727201.0,0.57886,0.7156,451848979.0,995696452.481785,2026-07-14
2014-01-30,sh.600399,抚顺特钢,2.21534664,2.42279076,2.42279076,2.2114326,21801635.0,131481371.0,4.824981,9.9467,451849137.0,1094735914.037574,2026-07-14
2014-02-07,sh.600399,抚顺特钢,2.3875644,2.49324348,2.54804004,2.3875644,16663356.0,104867588.0,3.687814,2.9079,451849144.0,1126569932.221581,2026-07-14
2014-02-10,sh.600399,抚顺特钢,2.46975924,2.57152428,2.65371912,2.45018904,17606913.0,115189337.0,3.896635,3.1397,451849172.0,1161941116.6958961,2026-07-14
2014-02-11,sh.600399,抚顺特钢,2.56761024,2.6224068,2.71634376,2.5049856,18299912.0,122209416.0,4.050005,1.9787,451849121.0,1184932207.4844227,2026-07-14
2014-02-12,sh.600399,抚顺特钢,2.6028366,2.62632084,2.69285952,2.57543832,12694882.0,85363828.0,2.80954,0.1493,451849128.0,1186700781.4022274,2026-07-14
2014-02-13,sh.600399,抚顺特钢,2.61849276,2.61457872,2.65763316,2.5049856,13496594.0,88865998.0,2.986969,-0.4471,451849149.0,1181395169.6255093,2026-07-14
2014-02-14,sh.600399,抚顺特钢,2.57935236,2.61457872,2.65371912,2.54021196,9034406.0,60163878.0,1.99943,0.0,451849077.0,1181394981.3758414,2026-07-14
2014-02-17,sh.600399,抚顺特钢,2.61457872,2.73199992,2.8181088,2.61457872,15925393.0,111800604.0,3.524494,4.491,451849060.0,1234451595.7720752,2026-07-14
2014-02-18,sh.600399,抚顺特钢,2.739828,2.73199992,2.7593982,2.68503144,7934613.0,54927552.0,1.756032,0.0,451848998.0,1234451426.3880801,2026-07-14
2014-02-19,sh.600399,抚顺特钢,2.7593982,2.739828,2.7593982,2.66546124,9794328.0,67808059.0,2.16761,0.2865,451849180.0,1237989035.14104,2026-07-14
2014-02-20,sh.600399,抚顺特钢,2.71242972,2.61849276,2.739828,2.61066468,8306629.0,56803425.0,1.838363,-4.4286,451849227.0,1183163929.5110965,2026-07-14
2014-02-21,sh.600399,抚顺特钢,2.6028366,2.5636962,2.62632084,2.53238388,7242770.0,47731905.0,1.602918,-2.0927,451849065.0,1158403730.914053,2026-07-14
2014-02-24,sh.600399,抚顺特钢,2.544126,2.55586812,2.5832664,2.5049856,5018336.0,32627261.0,1.110622,-0.3053,451849144.0,1154866822.1988893,2026-07-14
2014-02-25,sh.600399,抚顺特钢,2.55195408,2.40322056,2.57935236,2.37582228,7907082.0,50280603.0,1.749939,-5.9724,451849007.0,1085892823.6379838,2026-07-14
2014-02-26,sh.600399,抚顺特钢,2.37190824,2.43453288,2.48932944,2.3679942,6608470.0,41015627.0,1.462539,1.3029,451849147.0,1100041605.1714532,2026-07-14
2014-02-27,sh.600399,抚顺特钢,2.43453288,2.67720336,2.67720336,2.4267048,20241321.0,135656657.0,4.479664,9.9678,451849090.0,1209691901.9609425,2026-07-14
2014-02-28,sh.600399,抚顺特钢,2.61849276,2.84550708,2.9159598,2.5636962,32179484.0,225011366.0,7.121732,6.2865,451849129.0,1285739895.6613333,2026-07-14
2014-03-03,sh.600399,抚顺特钢,2.8768194,2.8963896,2.9746704,2.79071052,22306711.0,164058736.0,4.936761,1.7882,451849117.0,1308731083.2479832,2026-07-14
2014-03-04,sh.600399,抚顺特钢,2.84942112,2.92378788,2.96684232,2.82202284,17253238.0,127600727.0,3.818363,0.9459,451849078.0,1321110857.8455746,2026-07-14
2014-03-05,sh.600399,抚顺特钢,2.86899132,2.81419476,3.00206868,2.80245264,19058349.0,141045601.0,4.217857,-3.7483,451849103.0,1271591377.9733002,2026-07-14
2014-03-06,sh.600399,抚顺特钢,2.75157012,2.72808588,2.80245264,2.70851568,15121484.0,106420814.0,3.346578,-3.0598,451849143.0,1232683266.9084008,2026-07-14
2014-03-07,sh.600399,抚顺特钢,2.739828,2.93161596,3.00206868,2.70851568,24090492.0,177936333.0,5.331535,7.4605,451849083.0,1324647983.2341645,2026-07-14
2014-03-10,sh.600399,抚顺特钢,2.8572492,2.74374204,2.88856152,2.7006876,14804430.0,106072045.0,3.27641,-6.4085,451849128.0,1239757448.230941,2026-07-14
2014-03-11,sh.600399,抚顺特钢,2.74374204,2.6615472,2.76722628,2.6224068,9060290.0,62059186.0,2.005158,-2.9957,451849181.0,1202617922.5128431,2026-07-14
2014-03-12,sh.600399,抚顺特钢,2.63806296,2.64589104,2.72417184,2.55195408,9247213.0,62336799.0,2.046527,-0.5882,451849059.0,1195543376.6405313,2026-07-14
2014-03-13,sh.600399,抚顺特钢,2.6615472,2.72417184,2.77505436,2.61457872,10146652.0,70367391.0,2.245584,2.9586,451849140.0,1230914703.1162176,2026-07-14
2014-03-14,sh.600399,抚顺特钢,2.7006876,2.7593982,2.77505436,2.641977,8446766.0,58413803.0,1.869378,1.2931,451849011.0,1246831347.6251802,2026-07-14
2014-03-17,sh.600399,抚顺特钢,2.73591396,2.83376496,2.8768194,2.7202578,11709706.0,84369300.0,2.591508,2.695,451849116.0,1280434192.1277752,2026-07-14
2014-03-18,sh.600399,抚顺特钢,2.80245264,2.837679,2.8572492,2.77114032,8763497.0,62987664.0,1.939474,0.1381,451849161.0,1282202875.3373191,2026-07-14
2014-03-19,sh.600399,抚顺特钢,2.8181088,2.84942112,2.90813172,2.75157012,11700256.0,84612820.0,2.589417,0.4138,451849046.0,1287508214.7242515,2026-07-14
2014-03-20,sh.600399,抚顺特钢,2.82593688,2.68503144,2.84159304,2.66937528,11757021.0,83058473.0,2.601979,-5.7692,451849189.0,1213229278.603502,2026-07-14
2014-03-21,sh.600399,抚顺特钢,2.66546124,2.69285952,2.72417184,2.56761024,8320304.0,56271900.0,1.84139,0.2915,451849092.0,1216766128.9955559,2026-07-14
2014-03-24,sh.600399,抚顺特钢,2.67720336,2.67720336,2.7202578,2.641977,6630457.0,45407758.0,1.467405,-0.5814,451849149.0,1209692059.9159408,2026-07-14
2014-03-25,sh.600399,抚顺特钢,2.65763316,2.61849276,2.69677356,2.57543832,7430818.0,49809519.0,1.644535,-2.193,451849185.0,1183163819.5344007,2026-07-14
2014-03-26,sh.600399,抚顺特钢,2.6224068,2.6224068,2.63806296,2.5636962,5989635.0,39781056.0,1.325583,0.1495,451849111.0,1184932181.2603548,2026-07-14
2014-03-27,sh.600399,抚顺特钢,2.6028366,2.59109448,2.64980508,2.5832664,4856980.0,32564985.0,1.074912,-1.194,451849082.0,1170783662.1632674,2026-07-14
2014-03-28,sh.600399,抚顺特钢,2.56761024,2.544126,2.63806296,2.5245558,5658441.0,37286857.0,1.252285,-1.8127,451849299.0,1149561549.667674,2026-07-14
2014-03-31,sh.600399,抚顺特钢,2.55978216,2.67328932,2.78288244,2.54021196,10329371.0,70274021.0,2.286022,5.0769,451849151.0,1207923509.6193674,2026-07-14
2014-04-01,sh.600399,抚顺特钢,2.6224068,2.66937528,2.69677356,2.60675064,5562723.0,37740796.0,1.231102,-0.1464,451849075.0,1206154751.095866,2026-07-14
2014-04-02,sh.600399,抚顺特钢,2.65763316,2.62632084,2.71242972,2.6224068,6269285.0,42569513.0,1.387473,-1.6129,451849153.0,1186700847.0602486,2026-07-14
2014-04-03,sh.600399,抚顺特钢,2.62632084,2.58718044,2.63806296,2.55586812,5302295.0,35185754.0,1.173466,-1.4903,451849052.0,1169015029.1669428,2026-07-14
2014-04-04,sh.600399,抚顺特钢,2.56761024,2.63023488,2.641977,2.5636962,4679673.0,31059008.0,1.035672,1.6641,451848944.0,1188468852.9999669,2026-07-14
2014-04-08,sh.600399,抚顺特钢,2.61849276,2.70460164,2.739828,2.6028366,10207925.0,70242149.0,2.259145,2.8274,451849040.0,1222071654.6164255,2026-07-14
2014-04-09,sh.600399,抚顺特钢,2.7006876,2.69677356,2.71634376,2.6615472,6085901.0,41763009.0,1.346888,-0.2894,451849077.0,1218534643.964004,2026-07-14
2014-04-10,sh.600399,抚顺特钢,2.69677356,2.7006876,2.72417184,2.6615472,8076341.0,55659752.0,1.787398,0.1451,451849057.0,1220303145.3115933,2026-07-14
2014-04-11,sh.600399,抚顺特钢,2.69285952,2.67720336,2.7202578,2.64980508,7204898.0,49343324.0,1.594536,-0.8696,451849190.0,1209692169.6812785,2026-07-14
2014-04-14,sh.600399,抚顺特钢,2.6615472,2.67720336,2.68503144,2.6224068,5909746.0,40033587.0,1.307903,0.0,451848952.0,1209691532.5068789,2026-07-14
2014-04-15,sh.600399,抚顺特钢,2.69285952,2.63023488,2.70851568,2.6224068,5993090.0,40760327.0,1.326348,-1.7544,451848987.0,1188468966.1000667,2026-07-14
2014-04-16,sh.600399,抚顺特钢,2.60675064,2.63023488,2.64589104,2.6028366,3822161.0,25646205.0,0.845893,0.0,451849229.0,1188469602.6169076,2026-07-14
2014-04-17,sh.600399,抚顺特钢,2.63414892,2.62632084,2.64589104,2.61066468,2844788.0,19112574.0,0.629588,-0.1488,451849146.0,1186700828.6760027,2026-07-14
2014-04-18,sh.600399,抚顺特钢,2.61457872,2.6811174,2.7006876,2.61066468,5746816.0,39061901.0,1.271844,2.0864,451849126.0,1211460553.8933926,2026-07-14
2014-04-21,sh.600399,抚顺特钢,2.6615472,2.7006876,2.74765608,2.641977,11060242.0,76609883.0,2.447773,0.7299,451849171.0,1220303453.1899798,2026-07-14
2014-04-22,sh.600399,抚顺特钢,2.7006876,2.5832664,2.72808588,2.51672772,10423053.0,69632959.0,2.306755,-4.3478,451849156.0,1167246742.5631583,2026-07-14
2014-04-23,sh.600399,抚顺特钢,2.544126,2.74374204,2.84159304,2.51672772,21603868.0,149147329.0,4.781213,6.2121,451849102.0,1239757376.893648,2026-07-14
2014-04-24,sh.600399,抚顺特钢,2.7006876,2.71242972,2.79071052,2.7006876,17651002.0,124044853.0,3.906393,-1.1412,451849110.0,1225608954.9195492,2026-07-14
2014-04-25,sh.600399,抚顺特钢,2.69285952,2.50889964,2.70851568,2.45801712,14505556.0,96270558.0,3.210265,-7.5036,451849178.0,1133644240.018496,2026-07-14
2014-04-28,sh.600399,抚顺特钢,2.4854154,2.38365036,2.5636962,2.37190824,10757940.0,67803761.0,2.38087,-4.9922,451849114.0,1077050303.251781,2026-07-14
2014-04-29,sh.600399,抚顺特钢,2.3679942,2.41104864,2.4267048,2.3288538,5845749.0,35683446.0,1.293739,1.1494,451849175.0,1089430338.8688722,2026-07-14
2014-04-30,sh.600399,抚顺特钢,2.41496268,2.45410308,2.46193116,2.37973632,4971463.0,30834420.0,1.100248,1.7857,451849310.0,1108884783.3668747,2026-07-14
2014-05-05,sh.600399,抚顺特钢,2.49715752,2.4658452,2.49715752,2.4267048,4716394.0,29625333.0,1.043798,0.4785,451849304.0,1114190437.3917408,2026-07-14
2014-05-06,sh.600399,抚顺特钢,2.45018904,2.4658452,2.49324348,2.43453288,4342523.0,27345280.0,0.961056,0.0,451849112.0,1114189963.9494624,2026-07-14
2014-05-07,sh.600399,抚顺特钢,2.446275,2.52846984,2.61457872,2.42279076,12918988.0,83518910.0,2.859138,2.5397,451849054.0,1142486705.2715313,2026-07-14
2014-05-08,sh.600399,抚顺特钢,2.50889964,2.5245558,2.5636962,2.48932944,7983631.0,51516820.0,1.76688,-0.1548,451849079.0,1140718213.114108,2026-07-14
2014-05-09,sh.600399,抚顺特钢,2.51281368,2.53238388,2.6028366,2.46975924,9536861.0,61757205.0,2.11063,0.3101,451849021.0,1144255176.9741814,2026-07-14
2014-05-12,sh.600399,抚顺特钢,2.53238388,2.59109448,2.61457872,2.51281368,10784957.0,70949812.0,2.386849,2.3184,451849153.0,1170783846.1309755,2026-07-14
2014-05-13,sh.600399,抚顺特钢,2.5832664,2.70460164,2.77114032,2.5636962,22671454.0,156011826.0,5.017483,4.3807,451849144.0,1222071935.8949962,2026-07-14
2014-05-14,sh.600399,抚顺特钢,2.67328932,2.65763316,2.739828,2.65371912,13389779.0,92163363.0,2.96333,-1.7366,451849068.0,1200849066.431895,2026-07-14
2014-05-15,sh.600399,抚顺特钢,2.64980508,2.84159304,2.92378788,2.63806296,45453833.0,331658320.0,10.059516,6.9219,451849105.0,1283971271.8982291,2026-07-14
2014-05-16,sh.600399,抚顺特钢,2.73591396,2.78679648,2.81028072,2.71634376,27297393.0,192226577.0,6.041263,-1.9284,451849108.0,1259211503.6655397,2026-07-14
2014-05-19,sh.600399,抚顺特钢,2.84942112,2.7985386,2.9746704,2.739828,30267068.0,219101952.0,6.69849,0.4214,451849118.0,1264517198.098955,2026-07-14
2014-05-20,sh.600399,抚顺特钢,2.74765608,2.83376496,2.88464748,2.7006876,25763787.0,184147118.0,5.701856,1.2587,451849135.0,1280434245.9693096,2026-07-14
2014-05-21,sh.600399,抚顺特钢,2.7985386,2.77114032,2.82202284,2.70851568,17999855.0,126971356.0,3.983599,-2.2099,451849069.0,1252137173.6603622,2026-07-14
2014-05-22,sh.600399,抚顺特钢,2.74765608,2.6811174,2.7985386,2.66546124,16987628.0,118584644.0,3.75958,-3.2486,451849090.0,1211460457.373166,2026-07-14
2014-05-23,sh.600399,抚顺特钢,2.65371912,2.6615472,2.68503144,2.61457872,12013784.0,81297367.0,2.658804,-0.7299,451849177.0,1202617911.8666544,2026-07-14
2014-05-26,sh.600399,抚顺特钢,2.6811174,2.69677356,2.70851568,2.64589104,10034868.0,68575394.0,2.220845,1.3235,451849093.0,1218534687.112381,2026-07-14
2014-05-27,sh.600399,抚顺特钢,2.68894548,2.641977,2.71242972,2.63414892,9918025.0,68010030.0,2.194986,-2.0319,451849123.0,1193774990.4361708,2026-07-14
2014-05-28,sh.600399,抚顺特钢,2.64589104,2.68894548,2.71242972,2.61849276,10215615.0,69737881.0,2.260846,1.7778,451849219.0,1214997915.0715802,2026-07-14
2014-05-29,sh.600399,抚顺特钢,2.68894548,2.70460164,2.7202578,2.61457872,14399167.0,98244382.0,3.18672,0.5822,451849143.0,1222071933.1903944,2026-07-14
2014-05-30,sh.600399,抚顺特钢,2.66546124,2.85333516,2.97075636,2.66546124,40032751.0,289912224.0,8.859761,5.4993,451849107.0,1289276944.017702,2026-07-14
2014-06-03,sh.600399,抚顺特钢,2.86116324,2.86899132,2.90421768,2.81028072,20595305.0,150277791.0,4.558005,0.5487,451849109.0,1296351171.670734,2026-07-14
2014-06-04,sh.600399,抚顺特钢,2.84942112,3.03729504,3.131232,2.78288244,43848940.0,332413728.0,9.704332,5.8663,451849133.0,1372399130.4892004,2026-07-14
2014-06-05,sh.600399,抚顺特钢,2.9942406,3.02946696,3.09600564,2.95901424,25933557.0,200158233.0,5.739428,-0.2577,451849156.0,1368862089.0058858,2026-07-14
2014-06-06,sh.600399,抚顺特钢,3.00989676,2.99815464,3.1116618,2.96684232,24240347.0,187591700.0,5.364699,-1.0336,451849153.0,1354713634.6470199,2026-07-14
2014-06-09,sh.600399,抚顺特钢,2.96292828,3.02555292,3.08817756,2.90813172,23309949.0,179394131.0,5.15879,0.9138,451849155.0,1367093530.3097825,2026-07-14
2014-06-10,sh.600399,抚顺特钢,2.99815464,3.033381,3.13906008,2.97075636,28231070.0,220391171.0,6.247898,0.2587,451849086.0,1370630432.339766,2026-07-14
2014-06-11,sh.600399,抚顺特钢,3.02555292,3.16254432,3.2486532,2.98249848,35782609.0,286586288.0,7.91915,4.2581,451849113.0,1428992845.8151882,2026-07-14
2014-06-12,sh.600399,抚顺特钢,3.131232,3.29953572,3.35041824,3.09991968,35272578.0,291540352.0,7.806273,4.3317,451849147.0,1490892400.5780308,2026-07-14
2014-06-13,sh.600399,抚顺特钢,3.2682234,3.2486532,3.33084804,3.229083,20395327.0,170684847.0,4.513747,-1.5421,451849140.0,1467901154.578248,2026-07-14
2014-06-16,sh.600399,抚顺特钢,3.2486532,3.22516896,3.31127784,3.19385664,16693435.0,137897037.0,3.694471,-0.7229,451849128.0,1457289782.2286668,2026-07-14
2014-06-17,sh.600399,抚顺特钢,3.21734088,3.21734088,3.2682234,3.19385664,12580889.0,103713821.0,2.784312,-0.2427,451849110.0,1453752613.1946168,2026-07-14
2014-06-18,sh.600399,抚顺特钢,3.20559876,3.14297412,3.24082512,3.13906008,15645691.0,127202673.0,3.462592,-2.3114,451849106.0,1420150046.3031366,2026-07-14
2014-06-19,sh.600399,抚顺特钢,3.0920916,3.03729504,3.131232,3.00206868,17826486.0,139472302.0,3.94523,-3.3624,451849094.0,1372399012.0346937,2026-07-14
2014-06-20,sh.600399,抚顺特钢,3.01772484,3.07643544,3.11557584,3.01772484,7973053.0,62581876.0,1.764539,1.2887,451849067.0,1390084483.2497344,2026-07-14
2014-06-23,sh.600399,抚顺特钢,3.08426352,3.17820048,3.25648128,3.08426352,11517262.0,93896082.0,2.548918,3.3079,451849059.0,1436066896.2013483,2026-07-14
2014-06-24,sh.600399,抚顺特钢,3.1899426,3.20559876,3.26430936,3.14688816,9775533.0,80154800.0,2.163451,0.8621,451849060.0,1448446786.4431655,2026-07-14
2014-06-25,sh.600399,抚顺特钢,3.19385664,3.13906008,3.229083,3.11557584,6925292.0,55892406.0,1.532656,-2.0757,451849078.0,1418381402.9346063,2026-07-14
2014-06-26,sh.600399,抚顺特钢,3.13514604,3.26039532,3.29953572,3.12340392,12448991.0,103281942.0,2.755121,3.8653,451849157.0,1473206876.8287454,2026-07-14
2014-06-27,sh.600399,抚顺特钢,3.2486532,3.43261308,3.53437812,3.22516896,19581308.0,169531195.0,4.333594,5.2821,451849158.0,1551023329.9377866,2026-07-14
2014-06-30,sh.600399,抚顺特钢,3.43652712,3.59700276,3.7574784,3.43261308,23992361.0,221570715.0,5.309817,4.789,451849113.0,1625302506.5645518,2026-07-14
2014-07-01,sh.600399,抚顺特钢,3.61657296,3.59700276,3.68311164,3.522636,13030827.0,119802580.0,2.883889,0.0,451849118.0,1625302524.5495658,2026-07-14
2014-07-02,sh.600399,抚顺特钢,3.61265892,3.718338,3.90621192,3.58526064,19333669.0,185781159.0,4.278789,3.3732,451849086.0,1680127626.739068,2026-07-14
2014-07-03,sh.600399,抚顺特钢,3.73399416,3.74182224,3.8553294,3.67136952,14941498.0,143621456.0,3.306745,0.6316,451849114.0,1690739063.8894954,2026-07-14
2014-07-04,sh.600399,抚顺特钢,3.74965032,3.64788528,3.82401708,3.6400572,12102642.0,114510256.0,2.67847,-2.5105,451849078.0,1648293600.4177718,2026-07-14
2014-07-07,sh.600399,抚顺特钢,3.62831508,3.68702568,3.7379082,3.62831508,8410043.0,79220522.0,1.86125,1.073,451849187.0,1665979555.9561222,2026-07-14
2014-07-08,sh.600399,抚顺特钢,3.6791976,3.87881364,3.88664172,3.60483084,16283023.0,156892090.0,3.603642,5.2017,451849074.0,1752638351.4525695,2026-07-14
2014-07-09,sh.600399,抚顺特钢,3.92969616,4.2663036,4.2663036,3.92969616,27441852.0,295209504.0,6.073233,9.9899,451849155.0,1927725676.633458,2026-07-14
2014-07-10,sh.600399,抚顺特钢,4.26238956,4.5402864,4.69293396,4.1880228,39130769.0,442631008.0,8.660141,6.422,451849098.0,2051524314.5016673,2026-07-14
2014-07-11,sh.600399,抚顺特钢,4.5207162,4.99431504,4.99431504,4.44634944,21580357.0,265664248.0,4.77601,10.0,451849075.0,2256676631.082588,2026-07-14
2014-07-14,sh.600399,抚顺特钢,5.29569612,5.49531216,5.49531216,5.21350128,39135396.0,543487104.0,8.661165,10.0313,451849099.0,2483051848.2197437,2026-07-14
2014-07-15,sh.600399,抚顺特钢,5.6166474,5.1665328,5.6949282,5.13130644,49959291.0,685310816.0,11.056631,-5.9829,451849130.0,2334493350.796464,2026-07-14
2014-07-16,sh.600399,抚顺特钢,5.17827492,4.80252708,5.19393108,4.74773052,34776141.0,437953696.0,7.696406,-7.0455,451849097.0,2170017524.4160466,2026-07-14
2014-07-17,sh.600399,抚顺特钢,4.80252675,4.75548159,4.9005375,4.63786869,25148476.0,305792608.0,5.56568,-0.9796,451849118.0,2148760162.1067376,2026-07-14
2014-07-18,sh.600399,抚顺特钢,4.7829246,4.80252675,4.88093535,4.66923213,21007801.0,255865679.0,4.649296,0.9893,451849076.0,2170017274.452783,2026-07-14
2014-07-21,sh.600399,抚顺特钢,4.75156116,4.97110524,5.01030954,4.56338052,33681451.0,412464512.0,7.454137,3.5102,451849101.0,2246189433.670389,2026-07-14
2014-07-22,sh.600399,抚顺特钢,4.8221289,4.75940202,4.84957191,4.69667514,21392294.0,260430528.0,4.734389,-4.2587,451849098.0,2150531509.7563777,2026-07-14
2014-07-23,sh.600399,抚顺特钢,4.75940202,4.5476988,4.85349234,4.52809665,22854359.0,274639200.0,5.057962,-4.4481,451849164.0,2054873900.903803,2026-07-14
2014-07-24,sh.600399,抚顺特钢,4.5476988,4.63786869,4.77508374,4.1164515,28366124.0,324743360.0,6.277787,1.9828,451849099.0,2095616788.8568106,2026-07-14
2014-07-25,sh.600399,抚顺特钢,4.55161923,4.59082353,4.71627729,4.48889235,12566494.0,147937766.0,2.781126,-1.0144,451849143.0,2074359677.6947346,2026-07-14
2014-07-28,sh.600399,抚顺特钢,4.66139127,5.04951384,5.04951384,4.65747084,29102709.0,368214320.0,6.440802,9.9915,451849149.0,2281618531.4677224,2026-07-14
2014-07-29,sh.600399,抚顺特钢,5.2925805,5.05343427,5.42195469,4.97110524,45018701.0,596773104.0,9.963215,0.0776,451849137.0,2283389913.785725,2026-07-14
2014-07-30,sh.600399,抚顺特钢,4.95150309,5.55916974,5.55916974,4.9397418,40603869.0,548075168.0,8.986156,10.0078,451849144.0,2511906088.3697023,2026-07-14
2014-07-31,sh.600399,抚顺特钢,5.30042136,5.43763641,5.59445361,5.2925805,28529750.0,394799840.0,6.313999,-2.1862,451849137.0,2456991319.178278,2026-07-14
2014-08-01,sh.600399,抚顺特钢,5.45331813,5.32002351,5.79831597,5.29650093,23750117.0,335645152.0,5.256205,-2.1629,451849138.0,2403848037.1332345,2026-07-14
2014-08-04,sh.600399,抚顺特钢,5.18280846,5.4101934,5.5670106,5.14752459,19473500.0,268922240.0,4.309735,1.6949,451849128.0,2444591170.101355,2026-07-14
2014-08-05,sh.600399,抚顺特钢,5.3709891,5.48468157,5.50820415,5.22593319,18276375.0,249759033.0,4.044796,1.3768,451849117.0,2478248524.4306736,2026-07-14
2014-08-06,sh.600399,抚顺特钢,5.40235254,5.50820415,5.6846235,5.34354609,17903306.0,252481976.0,3.962231,0.4289,451849122.0,2488877208.9742565,2026-07-14
2014-08-07,sh.600399,抚顺特钢,5.50820415,6.01001919,6.0374622,5.43371598,28956813.0,428480672.0,6.408514,9.1103,451849103.0,2715621780.0142865,2026-07-14
2014-08-08,sh.600399,抚顺特钢,5.91200844,6.60984498,6.60984498,5.88848586,25659357.0,413285280.0,5.678744,9.9804,451849159.0,2986652895.3333716,2026-07-14
2014-08-11,sh.600399,抚顺特钢,6.7823439,7.08029658,7.27239765,6.6255267,47126886.0,838240848.0,10.429784,7.1174,451849108.0,3199225694.0484505,2026-07-14
2014-08-12,sh.600399,抚顺特钢,7.01364927,6.87643422,7.0175697,6.69217401,35543663.0,620770528.0,7.866268,-2.8793,451849123.0,3107110771.674189,2026-07-14
2014-08-13,sh.600399,抚顺特钢,6.7823439,7.35080625,7.448817,6.7823439,40318894.0,733567648.0,8.923088,6.8985,451849113.0,3321455283.897356,2026-07-14
2014-08-14,sh.600399,抚顺特钢,7.2919998,6.61768584,7.2919998,6.61768584,43753512.0,770075936.0,9.683213,-9.9733,451849112.0,2990195470.298974,2026-07-14
2014-08-15,sh.600399,抚顺特钢,6.61768584,6.65689014,6.86859336,6.49615251,27547602.0,471276832.0,6.096637,0.5924,451849142.0,3007910098.1472597,2026-07-14
2014-08-18,sh.600399,抚顺特钢,6.52751595,6.83330949,7.13126217,6.47262993,26252309.0,460248416.0,5.809972,2.6502,451849148.0,3087625071.0768147,2026-07-14
2014-08-19,sh.600399,抚顺特钢,6.83330949,6.69217401,6.91563852,6.5471181,20792297.0,354671104.0,4.601602,-2.0654,451849095.0,3023852770.001021,2026-07-14
2014-08-20,sh.600399,抚顺特钢,6.68041272,6.62160627,6.7431396,6.56672025,11387018.0,192577054.0,2.520093,-1.0545,451849118.0,2991966952.84277,2026-07-14
2014-08-21,sh.600399,抚顺特钢,6.6255267,6.68433315,6.7039353,6.52751595,10472511.0,176617725.0,2.317701,0.9473,451849095.0,3020309884.505999,2026-07-14
2014-08-22,sh.600399,抚顺特钢,6.66081057,6.82938906,6.9783654,6.60984498,17977191.0,315424960.0,3.978583,2.1701,451849088.0,3085853218.358177,2026-07-14
2014-08-25,sh.600399,抚顺特钢,6.77058261,6.51575466,6.8215482,6.48047079,16036366.0,268290072.0,3.549053,-4.5924,451849155.0,2944138237.3083124,2026-07-14
2014-08-26,sh.600399,抚顺特钢,6.45694821,6.5863224,6.60200412,6.33541488,13166006.0,217382589.0,2.913806,1.083,451849094.0,2976023809.231906,2026-07-14
2014-08-27,sh.600399,抚顺特钢,6.47655036,6.83722992,7.09205787,6.47655036,24617612.0,433517968.0,5.448193,3.8095,451849118.0,3089396308.9152107,2026-07-14
2014-08-28,sh.600399,抚顺特钢,6.8999568,6.88035465,7.19790948,6.83722992,16629153.0,297403024.0,3.680245,0.6307,451849075.0,3108881884.274449,2026-07-14
2014-08-29,sh.600399,抚顺特钢,6.79018476,6.77842347,6.99796755,6.59808369,10409114.0,179651924.0,2.30367,-1.4815,451849180.0,3062825086.6122546,2026-07-14
2014-09-01,sh.600399,抚顺特钢,6.88035465,6.92739981,7.056774,6.81370734,12348574.0,218145979.0,2.732898,2.1978,451849063.0,3130139113.174878,2026-07-14
2014-09-02,sh.600399,抚顺特钢,6.8999568,7.06461486,7.24103421,6.664731,27153704.0,479820432.0,6.009463,1.9808,451849092.0,3192139809.820707,2026-07-14
2014-09-03,sh.600399,抚顺特钢,6.98228583,7.08421701,7.1743869,6.95876325,19995277.0,361101168.0,4.425211,0.2775,451849121.0,3200997228.941748,2026-07-14
2014-09-04,sh.600399,抚顺特钢,7.10381916,7.78597398,7.79381484,7.01364927,35719743.0,677492560.0,7.905237,9.9059,451849110.0,3518085413.3461576,2026-07-14
2014-09-05,sh.600399,抚顺特钢,7.7232471,8.31523203,8.48773095,7.69188366,29159647.0,595239472.0,6.453404,6.7976,451849086.0,3757229992.6334248,2026-07-14
2014-09-09,sh.600399,抚顺特钢,8.24074386,8.75824062,8.93073954,7.93102989,24567217.0,539180528.0,5.43704,5.3277,451849113.0,3957403255.58757,2026-07-14
2014-09-10,sh.600399,抚顺特钢,8.75824062,8.75824062,8.75824062,8.75824062,0.0,0.0,0.0,0.0,451849113.0,3957403255.58757,2026-07-14
2014-09-11,sh.600399,抚顺特钢,8.8209675,8.55829869,9.0953976,8.38579977,23192083.0,510783440.0,5.132705,-2.2829,451849132.0,3867059834.4732375,2026-07-14
2014-09-12,sh.600399,抚顺特钢,8.3897202,8.29955031,8.56613955,8.1544944,19051349.0,404747936.0,4.216308,-3.0234,451849082.0,3750144188.5863156,2026-07-14
2014-09-15,sh.600399,抚顺特钢,8.29955031,8.37403848,8.59358256,8.16625569,22683864.0,484446176.0,5.02023,0.8975,451849099.0,3783801742.1793294,2026-07-14
2014-09-16,sh.600399,抚顺特钢,8.34659547,7.89966645,8.34659547,7.8800643,20737315.0,428636000.0,4.589434,-5.6648,451849073.0,3569456962.441701,2026-07-14
2014-09-17,sh.600399,抚顺特钢,7.88790516,7.9976772,8.05256322,7.5664299,17778930.0,355076224.0,3.934705,1.2407,451849122.0,3613743420.8594184,2026-07-14
2014-09-18,sh.600399,抚顺特钢,7.95455247,7.97023419,8.22898257,7.83301914,9891613.0,202841561.0,2.189141,-0.3431,451849059.0,3601342818.7611275,2026-07-14
2014-09-19,sh.600399,抚顺特钢,7.96631376,8.51517396,8.66807073,7.84086,20495667.0,432862800.0,4.535954,6.8372,451849093.0,3847573630.5632186,2026-07-14
2014-09-22,sh.600399,抚顺特钢,8.42108364,8.30347074,8.49949224,8.12705139,12456011.0,264671288.0,2.756675,-2.4862,451849094.0,3751915730.9245095,2026-07-14
2014-09-23,sh.600399,抚顺特钢,8.232903,8.55829869,8.67983202,8.21722128,15434276.0,335482256.0,3.415803,3.0689,451849126.0,3867059783.1234455,2026-07-14
2014-09-24,sh.600399,抚顺特钢,8.4681288,8.59358256,8.80920621,8.43676536,13446681.0,297639968.0,2.975923,0.4123,451849090.0,3883002459.5758705,2026-07-14
2014-09-25,sh.600399,抚顺特钢,8.55045783,8.70727503,8.96994384,8.53869654,14615502.0,325100064.0,3.234598,1.323,451849101.0,3934374394.465248,2026-07-14
2014-09-26,sh.600399,抚顺特钢,8.69943417,8.89545567,9.016989,8.63278686,13329243.0,302633456.0,2.949932,2.1612,451849161.0,4019404181.2021933,2026-07-14
2014-09-29,sh.600399,抚顺特钢,8.83664922,8.4289245,9.02875029,8.34659547,22363086.0,490232368.0,4.949237,-5.2446,451849164.0,3808602488.744118,2026-07-14
2014-09-30,sh.600399,抚顺特钢,8.26426644,8.42108364,8.53869654,8.1936987,13216660.0,281721392.0,2.925016,-0.093,451849152.0,3805059501.6550736,2026-07-14
2014-10-08,sh.600399,抚顺特钢,8.44068579,8.49949224,8.56221912,8.3897202,7099962.0,153734933.0,1.571313,0.9311,451848995.0,3840487026.654299,2026-07-14
2014-10-09,sh.600399,抚顺特钢,8.49949224,8.22114171,8.49949224,8.16233526,11765752.0,248309514.0,2.603912,-3.2749,451849064.0,3714715186.674859,2026-07-14
2014-10-10,sh.600399,抚顺特钢,8.17409655,8.20153956,8.39364063,8.05648365,13109857.0,276719856.0,2.901379,-0.2384,451849172.0,3705858859.3112445,2026-07-14
2014-10-13,sh.600399,抚顺特钢,8.232903,8.40932235,8.44068579,8.21330085,9718932.0,206806778.0,2.150924,2.5335,451849159.0,3799745231.6074038,2026-07-14
2014-10-14,sh.600399,抚顺特钢,8.44852665,8.96210298,9.016989,8.33091375,21474520.0,483130208.0,4.752586,6.5734,451849162.0,4049518721.2707024,2026-07-14
2014-10-15,sh.600399,抚顺特钢,8.96602341,8.77000191,8.98954599,8.624946,8648817.0,194542497.0,1.914094,-2.1435,451849125.0,3962717689.2818284,2026-07-14
2014-10-16,sh.600399,抚顺特钢,8.7033546,8.624946,8.9777847,8.5465374,9303929.0,208023941.0,2.059079,-1.654,451849055.0,3897173699.5260296,2026-07-14
2014-10-17,sh.600399,抚顺特钢,8.49165138,8.44852665,8.6641503,8.232903,7253067.0,155697335.0,1.605197,-2.0455,451849025.0,3817458529.489016,2026-07-14
2014-10-20,sh.600399,抚顺特钢,8.4681288,8.42108364,8.53477611,8.33091375,4761155.0,101912508.0,1.053705,-0.3248,451848952.0,3805057817.438346,2026-07-14
2014-10-21,sh.600399,抚顺特钢,8.38579977,8.18585784,8.5857417,8.17409655,7961033.0,169829662.0,1.761879,-2.7933,451849020.0,3698771842.863317,2026-07-14
2014-10-22,sh.600399,抚顺特钢,8.1152901,8.0368815,8.43676536,8.02904064,10369715.0,216350707.0,2.294951,-1.8199,451849081.0,3631457519.8809013,2026-07-14
2014-10-23,sh.600399,抚顺特钢,7.9192686,7.64091807,8.15057397,7.51154388,10682898.0,212193872.0,2.364262,-4.9268,451849161.0,3452542419.1992393,2026-07-14
2014-10-24,sh.600399,抚顺特钢,7.67620194,7.79773527,8.01335892,7.6448385,7657769.0,153783474.0,1.694762,2.0523,451849227.0,3523400654.1001363,2026-07-14
2014-10-27,sh.600399,抚顺特钢,7.78205355,8.00159763,8.06824494,7.6448385,5746760.0,116165467.0,1.271832,2.6144,451848986.0,3615513775.495503,2026-07-14
2014-10-28,sh.600399,抚顺特钢,8.00159763,8.32307289,8.35835676,8.00159763,6518848.0,137024720.0,1.442705,4.0176,451848992.0,3760772095.6890273,2026-07-14
2014-10-29,sh.600399,抚顺特钢,8.35443633,8.28778902,8.4681288,8.1936987,7796755.0,164864623.0,1.725522,-0.4239,451849064.0,3744829711.3164773,2026-07-14
2014-10-30,sh.600399,抚顺特钢,8.22898257,8.17017612,8.37795891,8.17017612,5755118.0,121254603.0,1.273681,-1.4191,451849246.0,3691687919.509206,2026-07-14
2014-10-31,sh.600399,抚顺特钢,8.12313096,8.07216537,8.36227719,7.97807505,6897114.0,144069050.0,1.52642,-1.1996,451849032.0,3647400108.578422,2026-07-14
2014-11-03,sh.600399,抚顺特钢,8.06824494,7.92710946,8.13097182,7.89574602,6033201.0,122906162.0,1.335225,-1.797,451849014.0,3581856593.3710723,2026-07-14
2014-11-04,sh.600399,抚顺特钢,7.9192686,8.12705139,8.31915246,7.76637183,9242424.0,188924259.0,2.045467,2.5223,451849089.0,3672200766.827684,2026-07-14
2014-11-05,sh.600399,抚顺特钢,8.1544944,8.13881268,8.3113116,8.04472236,7756961.0,162402626.0,1.716715,0.1447,451849084.0,3677515054.305585,2026-07-14
2014-11-06,sh.600399,抚顺特钢,8.06432451,8.06432451,8.22114171,7.8800643,4439147.0,91188512.0,0.98244,-0.9152,451849171.0,3643858344.5184813,2026-07-14
2014-11-07,sh.600399,抚顺特钢,8.06040408,7.98199548,8.1152901,7.96239333,4146568.0,85221581.0,0.917689,-1.0209,451848938.0,3606656180.7588005,2026-07-14
2014-11-10,sh.600399,抚顺特钢,7.98199548,7.77421269,7.98199548,7.69188366,9015350.0,178672718.0,1.995212,-2.6031,451849227.0,3512771994.5100904,2026-07-14
2014-11-11,sh.600399,抚顺特钢,7.75069011,7.35472668,7.75069011,7.33512453,8260774.0,157858517.0,1.828215,-5.3959,451849153.0,3323227020.904502,2026-07-14
2014-11-12,sh.600399,抚顺特钢,7.34296539,7.50370302,7.5272256,7.3312041,3439861.0,65575201.0,0.761285,2.0256,451849307.0,3390543009.520807,2026-07-14
2014-11-13,sh.600399,抚顺特钢,7.50370302,7.056774,7.50370302,7.04501271,9135459.0,166457374.0,2.021794,-5.9561,451849150.0,3188597333.6421,2026-07-14
2014-11-14,sh.600399,抚顺特钢,7.056774,7.46841915,7.66836108,7.0175697,10581562.0,199315946.0,2.341835,5.8333,451849170.0,3374598994.1396055,2026-07-14
2014-11-17,sh.600399,抚顺特钢,7.50762345,7.55858904,7.70756538,7.28415894,5062489.0,97794497.0,1.120394,1.2074,451848992.0,3415340838.666248,2026-07-14
2014-11-18,sh.600399,抚顺特钢,7.49194173,7.63699764,7.70756538,7.49194173,3777243.0,73671627.0,0.835952,1.0373,451849269.0,3450771800.988725,2026-07-14
2014-11-19,sh.600399,抚顺特钢,7.6448385,7.60955463,7.74284925,7.5664299,3840341.0,75015865.0,0.849917,-0.3593,451848945.0,3438369231.4853654,2026-07-14
2014-11-20,sh.600399,抚顺特钢,7.58211162,7.55858904,7.68012237,7.53506646,2031462.0,39276143.0,0.449589,-0.6698,451848688.0,3415338540.85518,2026-07-14
2014-11-21,sh.600399,抚顺特钢,7.56250947,8.21330085,8.27602773,7.51546431,14362255.0,292677952.0,3.178551,8.6618,451849129.0,3711172835.2874594,2026-07-14
2014-11-24,sh.600399,抚顺特钢,8.20545999,8.29955031,8.54261697,8.17017612,11495904.0,245951026.0,2.544191,1.0501,451849095.0,3750144296.4804697,2026-07-14
2014-11-25,sh.600399,抚顺特钢,8.29955031,8.49165138,8.5857417,8.29955031,6177606.0,133699779.0,1.367183,2.3146,451849240.0,3836946222.3979516,2026-07-14
2014-11-26,sh.600399,抚顺特钢,8.49165138,8.54261697,8.56613955,8.26426644,9043741.0,194935375.0,2.001496,0.6002,451849067.0,3859973507.632867,2026-07-14
2014-11-27,sh.600399,抚顺特钢,8.3505159,8.93465997,9.09147717,8.3505159,12201279.0,275235616.0,2.700299,4.5893,451849184.0,4037118816.761965,2026-07-14
2014-11-28,sh.600399,抚顺特钢,8.8209675,8.53477611,8.8209675,8.3113116,18461078.0,399370416.0,4.085673,-4.4756,451849132.0,3856431177.117836,2026-07-14
2014-12-01,sh.600399,抚顺特钢,8.51517396,8.42500407,8.61318471,8.35835676,5777378.0,125022738.0,1.278608,-1.2862,451849042.0,3806830017.875601,2026-07-14
2014-12-02,sh.600399,抚顺特钢,8.36227719,8.47989009,8.56221912,8.3505159,4408810.0,94979244.0,0.975726,0.6515,451849187.0,3831631443.0158567,2026-07-14
2014-12-03,sh.600399,抚顺特钢,8.48381052,8.77784277,8.87977395,8.3113116,10449327.0,230105020.0,2.31257,3.5136,451849112.0,3966260460.90012,2026-07-14
2014-12-04,sh.600399,抚顺特钢,8.77784277,9.65601909,9.65601909,8.7425589,22279490.0,533633392.0,4.930737,10.0045,451849085.0,4363063390.559032,2026-07-14
2014-12-05,sh.600399,抚顺特钢,9.95005134,10.59692229,10.62044487,9.3306234,26761893.0,691948976.0,5.92275,9.7442,451849107.0,4788209873.6848955,2026-07-14
2014-12-08,sh.600399,抚顺特钢,10.61260401,11.08305561,11.369247,10.585161,28764166.0,810981920.0,6.365879,4.5875,451849085.0,5007868536.382617,2026-07-14
2014-12-09,sh.600399,抚顺特钢,11.04385131,9.97357392,11.4868599,9.97357392,35404541.0,965086192.0,7.835479,-10.0106,451849096.0,4506550359.641176,2026-07-14
2014-12-10,sh.600399,抚顺特钢,9.72658683,10.37737821,10.58124057,9.42079329,17502524.0,451706320.0,3.873533,4.0487,451849100.0,4689009004.548111,2026-07-14
2014-12-11,sh.600399,抚顺特钢,10.3499352,11.12618034,11.2516341,10.05982338,21051745.0,569847760.0,4.659021,7.2157,451849112.0,5027354706.580858,2026-07-14
2014-12-12,sh.600399,抚顺特钢,11.12618034,11.12618034,11.12618034,11.12618034,0.0,0.0,0.0,0.0,451849112.0,5027354706.580858,2026-07-14
2014-12-15,sh.600399,抚顺特钢,11.12618034,11.12618034,11.12618034,11.12618034,0.0,0.0,0.0,0.0,451849112.0,5027354706.580858,2026-07-14
2014-12-16,sh.600399,抚顺特钢,11.12618034,11.12618034,11.12618034,11.12618034,0.0,0.0,0.0,0.0,451849112.0,5027354706.580858,2026-07-14
2014-12-17,sh.600399,抚顺特钢,11.12618034,11.12618034,11.12618034,11.12618034,0.0,0.0,0.0,0.0,451849112.0,5027354706.580858,2026-07-14
2014-12-18,sh.600399,抚顺特钢,11.12618034,11.12618034,11.12618034,11.12618034,0.0,0.0,0.0,0.0,451849112.0,5027354706.580858,2026-07-14
2014-12-19,sh.600399,抚顺特钢,11.12618034,11.12618034,11.12618034,11.12618034,0.0,0.0,0.0,0.0,451849112.0,5027354706.580858,2026-07-14
2014-12-22,sh.600399,抚顺特钢,11.12618034,11.12618034,11.12618034,11.12618034,0.0,0.0,0.0,0.0,451849112.0,5027354706.580858,2026-07-14
2014-12-23,sh.600399,抚顺特钢,11.12618034,11.12618034,11.12618034,11.12618034,0.0,0.0,0.0,0.0,451849112.0,5027354706.580858,2026-07-14
2014-12-24,sh.600399,抚顺特钢,11.12618034,11.12618034,11.12618034,11.12618034,0.0,0.0,0.0,0.0,451849112.0,5027354706.580858,2026-07-14
2014-12-25,sh.600399,抚顺特钢,11.12618034,11.12618034,11.12618034,11.12618034,0.0,0.0,0.0,0.0,451849112.0,5027354706.580858,2026-07-14
2014-12-26,sh.600399,抚顺特钢,11.12618034,11.12618034,11.12618034,11.12618034,0.0,0.0,0.0,0.0,451849112.0,5027354706.580858,2026-07-14
2014-12-29,sh.600399,抚顺特钢,11.12618034,11.12618034,11.12618034,11.12618034,0.0,0.0,0.0,0.0,451849112.0,5027354706.580858,2026-07-14
2014-12-30,sh.600399,抚顺特钢,11.12618034,11.12618034,11.12618034,11.12618034,0.0,0.0,0.0,0.0,451849112.0,5027354706.580858,2026-07-14
2014-12-31,sh.600399,抚顺特钢,11.12618034,11.12618034,11.12618034,11.12618034,0.0,0.0,0.0,0.0,451849112.0,5027354706.580858,2026-07-14
2015-01-05,sh.600399,抚顺特钢,11.12618034,11.12618034,11.12618034,11.12618034,0.0,0.0,0.0,0.0,451849112.0,5027354706.580858,2026-07-14
2015-01-06,sh.600399,抚顺特钢,11.12618034,11.12618034,11.12618034,11.12618034,0.0,0.0,0.0,0.0,451849112.0,5027354706.580858,2026-07-14
2015-01-07,sh.600399,抚顺特钢,11.12618034,11.12618034,11.12618034,11.12618034,0.0,0.0,0.0,0.0,451849112.0,5027354706.580858,2026-07-14
2015-01-08,sh.600399,抚顺特钢,11.12618034,11.12618034,11.12618034,11.12618034,0.0,0.0,0.0,0.0,451849112.0,5027354706.580858,2026-07-14
2015-01-09,sh.600399,抚顺特钢,11.12618034,11.12618034,11.12618034,11.12618034,0.0,0.0,0.0,0.0,451849112.0,5027354706.580858,2026-07-14
2015-01-12,sh.600399,抚顺特钢,11.12618034,11.12618034,11.12618034,11.12618034,0.0,0.0,0.0,0.0,451849112.0,5027354706.580858,2026-07-14
2015-01-13,sh.600399,抚顺特钢,11.12618034,11.12618034,11.12618034,11.12618034,0.0,0.0,0.0,0.0,451849112.0,5027354706.580858,2026-07-14
2015-01-14,sh.600399,抚顺特钢,11.12618034,11.12618034,11.12618034,11.12618034,0.0,0.0,0.0,0.0,451849112.0,5027354706.580858,2026-07-14
2015-01-15,sh.600399,抚顺特钢,11.12618034,11.12618034,11.12618034,11.12618034,0.0,0.0,0.0,0.0,451849112.0,5027354706.580858,2026-07-14
2015-01-16,sh.600399,抚顺特钢,11.12618034,11.12618034,11.12618034,11.12618034,0.0,0.0,0.0,0.0,451849112.0,5027354706.580858,2026-07-14
2015-01-19,sh.600399,抚顺特钢,11.12618034,11.12618034,11.12618034,11.12618034,0.0,0.0,0.0,0.0,451849112.0,5027354706.580858,2026-07-14
2015-01-20,sh.600399,抚顺特钢,11.12618034,11.12618034,11.12618034,11.12618034,0.0,0.0,0.0,0.0,451849112.0,5027354706.580858,2026-07-14
2015-01-21,sh.600399,抚顺特钢,11.12618034,11.12618034,11.12618034,11.12618034,0.0,0.0,0.0,0.0,451849112.0,5027354706.580858,2026-07-14
2015-01-22,sh.600399,抚顺特钢,11.12618034,11.12618034,11.12618034,11.12618034,0.0,0.0,0.0,0.0,451849112.0,5027354706.580858,2026-07-14
2015-01-23,sh.600399,抚顺特钢,11.12618034,11.12618034,11.12618034,11.12618034,0.0,0.0,0.0,0.0,451849112.0,5027354706.580858,2026-07-14
2015-01-26,sh.600399,抚顺特钢,12.23958246,10.65572874,12.23958246,10.04022123,46145151.0,1298699664.0,10.212513,-4.2283,451849129.0,4814781750.029267,2026-07-14
2015-01-27,sh.600399,抚顺特钢,10.7811825,11.7220857,11.7220857,10.7811825,31249555.0,908408656.0,6.915927,10.0074,451849116.0,5296614061.221241,2026-07-14
2015-01-28,sh.600399,抚顺特钢,11.4868599,11.30259969,11.95339107,11.2516341,22640960.0,668045424.0,5.010735,-3.5786,451849080.0,5107069271.534785,2026-07-14
2015-01-29,sh.600399,抚顺特钢,11.05953303,11.18890722,11.62407495,10.977204,12675171.0,367802768.0,2.805178,-1.0059,451849081.0,5055697444.751266,2026-07-14
2015-01-30,sh.600399,抚顺特钢,11.1732255,10.67533089,11.35748571,10.54987713,10984554.0,305777600.0,2.431023,-4.5901,451849036.0,4823637971.6275215,2026-07-14
2015-02-02,sh.600399,抚顺特钢,10.51067283,10.31465133,10.84782981,10.19703843,7681553.0,205052513.0,1.700026,-3.3786,451849148.0,4660666415.377567,2026-07-14
2015-02-03,sh.600399,抚顺特钢,10.36169649,10.49107068,10.66749003,10.02845994,9777955.0,257602600.0,2.163987,1.7104,451849064.0,4740380467.115844,2026-07-14
2015-02-04,sh.600399,抚顺特钢,10.43226423,11.00464701,11.34572442,10.34209434,20476629.0,565989552.0,4.53174,4.8954,451849157.0,4972440474.55107,2026-07-14
2015-02-05,sh.600399,抚顺特钢,10.99288572,10.84782981,11.28299754,10.80078465,12453062.0,350125488.0,2.756022,-1.425,451849151.0,4901582689.840991,2026-07-14
2015-02-06,sh.600399,抚顺特钢,10.80078465,10.30289004,11.02816959,10.19703843,7408158.0,199052139.0,1.63952,-5.0235,451849200.0,4655352622.261968,2026-07-14
2015-02-09,sh.600399,抚顺特钢,10.27544703,9.81283629,10.3499352,9.6834621,9466164.0,240523654.0,2.094983,-4.7565,451849204.0,4433922266.6188135,2026-07-14
2015-02-10,sh.600399,抚顺特钢,9.93829005,10.07942553,10.18527714,9.801075,7022586.0,179070796.0,1.554188,2.7167,451849197.0,4554380331.951799,2026-07-14
2015-02-11,sh.600399,抚顺特钢,10.1539137,10.64788788,10.76942121,10.13039112,10069307.0,271285456.0,2.228467,5.6398,451849051.0,4811238033.732402,2026-07-14
2015-02-12,sh.600399,抚顺特钢,10.75373949,10.41266208,10.95760185,10.2715266,9304671.0,249097036.0,2.059243,-2.2091,451849102.0,4704952010.277452,2026-07-14
2015-02-13,sh.600399,抚顺特钢,10.51067283,10.49499111,10.66749003,10.34209434,7657931.0,205190977.0,1.694798,0.7907,451849188.0,4742153211.120719,2026-07-14
2015-02-16,sh.600399,抚顺特钢,10.49499111,10.57732014,10.65180831,10.3891395,5725901.0,153896610.0,1.267215,0.7845,451849213.0,4779353780.90805,2026-07-14
2015-02-17,sh.600399,抚顺特钢,10.61652444,10.49107068,10.65964917,10.26368574,9375140.0,250018822.0,2.074839,-0.8154,451849035.0,4740380162.874794,2026-07-14
2015-02-25,sh.600399,抚顺特钢,10.57339971,10.3499352,10.57339971,10.2715266,6753172.0,179163127.0,1.494563,-1.3453,451849270.0,4676610664.667304,2026-07-14
2015-02-26,sh.600399,抚顺特钢,10.37345778,10.25976531,10.37345778,9.92652876,6504308.0,168755837.0,1.439487,-0.8712,451849027.0,4635864972.571854,2026-07-14
2015-02-27,sh.600399,抚顺特钢,10.29112875,10.51459326,10.7811825,10.2323223,9631177.0,259308892.0,2.131503,2.4838,451849094.0,4751009438.309506,2026-07-14
2015-03-02,sh.600399,抚顺特钢,10.585161,11.29867926,11.32220184,10.5067524,19514714.0,542652416.0,4.318856,7.4571,451849147.0,5105298585.857592,2026-07-14
2015-03-03,sh.600399,抚顺特钢,11.26339539,12.17685558,12.4277631,11.13794163,37863008.0,1161000592.0,8.379569,7.7724,451849111.0,5502101368.59839,2026-07-14
2015-03-04,sh.600399,抚顺特钢,12.3493545,11.97299322,12.83156739,11.72992656,21861262.0,679552432.0,4.838177,-1.6742,451849157.0,5409986893.223715,2026-07-14
2015-03-05,sh.600399,抚顺特钢,11.9573115,11.53390506,11.9573115,11.37316743,15144326.0,446400800.0,3.351633,-3.6673,451849173.0,5211585462.821515,2026-07-14
2015-03-06,sh.600399,抚顺特钢,11.46725775,11.15754378,11.59271151,11.10265776,13855469.0,398860240.0,3.066393,-3.2631,451849094.0,5041526048.258335,2026-07-14
2015-03-09,sh.600399,抚顺特钢,10.94976099,11.47509861,11.4868599,10.85175024,11379256.0,327833632.0,2.518375,2.8461,451849149.0,5185013541.619583,2026-07-14
2015-03-10,sh.600399,抚顺特钢,11.369247,11.49470076,11.7220857,11.2516341,9872223.0,289227088.0,2.184849,0.1708,451849212.0,5193871480.581801,2026-07-14
2015-03-11,sh.600399,抚顺特钢,11.46725775,11.59271151,11.72992656,11.369247,11076788.0,326838176.0,2.451435,0.8527,451849141.0,5238156737.654313,2026-07-14
2015-03-12,sh.600399,抚顺特钢,11.59663194,11.369247,11.69464269,11.24771367,7740690.0,225418117.0,1.713114,-1.9276,451849089.0,5137183899.565983,2026-07-14
2015-03-13,sh.600399,抚顺特钢,11.369247,11.40453087,11.5260642,11.07521475,8401335.0,241478329.0,1.859323,0.3103,451849141.0,5153127477.117483,2026-07-14
2015-03-16,sh.600399,抚顺特钢,11.4868599,11.81617602,11.95339107,11.36140614,20387981.0,606877296.0,4.512121,3.6095,451849164.0,5339129256.313848,2026-07-14
2015-03-17,sh.600399,抚顺特钢,11.76129,12.35719536,12.65122761,11.64759753,18916295.0,588872400.0,4.186418,4.5786,451849170.0,5583588466.943851,2026-07-14
2015-03-18,sh.600399,抚顺特钢,12.2317416,12.64730718,12.84724911,12.153333,16406793.0,528854000.0,3.631034,2.3477,451849060.0,5714673860.814251,2026-07-14
2015-03-19,sh.600399,抚顺特钢,12.65906847,12.49441041,12.68651148,12.17685558,13705485.0,432118112.0,3.033199,-1.2089,451849186.0,5645589173.308427,2026-07-14
2015-03-20,sh.600399,抚顺特钢,12.43560396,12.36503622,12.43560396,12.09452655,9741779.0,303906352.0,2.155981,-1.0355,451849019.0,5587129485.906468,2026-07-14
2015-03-23,sh.600399,抚顺特钢,12.38463837,12.63162546,12.7413975,12.35327493,13401165.0,427771856.0,2.96585,2.156,451849048.0,5707587938.793562,2026-07-14
2015-03-24,sh.600399,抚顺特钢,12.6629889,12.89037384,13.0942362,12.39639966,18531386.0,601838016.0,4.101233,2.0484,451849139.0,5824504320.992124,2026-07-14
2015-03-25,sh.600399,抚顺特钢,12.7413975,14.01161682,14.04690069,12.545376,25213642.0,864175648.0,5.580102,8.6983,451849124.0,6331136785.940666,2026-07-14
2015-03-26,sh.600399,抚顺特钢,13.99985553,14.47814799,14.65064691,13.6823007,26030207.0,947099344.0,5.760818,3.3296,451849147.0,6541938819.421265,2026-07-14
2015-03-27,sh.600399,抚顺特钢,13.03150932,13.03150932,13.03150932,13.03150932,5386300.0,179040612.0,1.192057,-9.9919,451849198.0,5888277034.971525,2026-07-14
2015-03-30,sh.600399,抚顺特钢,13.03150932,12.49441041,13.23929211,11.9573115,28758259.0,920992272.0,6.364571,-4.1215,451849135.0,5645588536.093495,2026-07-14
2015-03-31,sh.600399,抚顺特钢,13.18440609,12.86293083,13.20792867,12.53753514,23557923.0,775559568.0,5.21367,2.9495,451849139.0,5812104220.552055,2026-07-14
2015-04-01,sh.600399,抚顺特钢,13.0942362,12.87077169,13.1334405,12.6237846,17520316.0,572985440.0,3.87747,0.061,451849170.0,5815647505.385997,2026-07-14
2015-04-02,sh.600399,抚顺特钢,12.9766233,12.89429427,13.05111147,12.7413975,15931844.0,523260912.0,3.525921,0.1828,451849148.0,5826275879.960782,2026-07-14
2015-04-03,sh.600399,抚顺特钢,12.85116954,13.52940393,13.92536736,12.66690933,26932655.0,920608880.0,5.960542,4.9255,451849094.0,6113248908.13054,2026-07-14
2015-04-07,sh.600399,抚顺特钢,13.57252866,13.50588135,14.01553725,13.4078706,22400529.0,780206592.0,4.957524,-0.1739,451849129.0,6102620724.374844,2026-07-14
2015-04-08,sh.600399,抚顺特钢,13.49804049,13.6430964,13.83127704,12.72179535,30801852.0,1052093648.0,6.816845,1.016,451849089.0,6164620679.479179,2026-07-14
2015-04-09,sh.600399,抚顺特钢,13.65093726,13.07855448,13.65093726,12.78452223,19925415.0,669998928.0,4.40975,-4.1379,451849084.0,5909532861.832096,2026-07-14
2015-04-10,sh.600399,抚顺特钢,12.94133943,13.35690501,13.59605124,12.94133943,15293631.0,522415888.0,3.384677,2.1283,451849054.0,6035304893.13636,2026-07-14
2015-04-13,sh.600399,抚顺特钢,13.70974371,13.47451791,13.8391179,13.37258673,17677695.0,610342176.0,3.9123,0.8805,451849168.0,6088449706.834599,2026-07-14
2015-04-14,sh.600399,抚顺特钢,13.42355232,12.90213513,13.42355232,12.84332868,21500358.0,717461216.0,4.758305,-4.2479,451849093.0,5829818056.253937,2026-07-14
2015-04-15,sh.600399,抚顺特钢,13.19616738,12.37287708,13.19616738,12.25918461,17585869.0,570015184.0,3.891978,-4.1021,451849137.0,5590673830.80508,2026-07-14
2015-04-16,sh.600399,抚顺特钢,12.153333,12.55321686,12.72179535,11.9181072,12733739.0,400573760.0,2.81814,1.4575,451849056.0,5672159187.954284,2026-07-14
2015-04-17,sh.600399,抚顺特钢,12.7413975,12.63554589,13.00798674,12.60026202,17982251.0,585330864.0,3.979703,0.6558,451849070.0,5709359659.338822,2026-07-14
2015-04-20,sh.600399,抚顺特钢,12.545376,12.67082976,12.8982147,12.15725343,19234662.0,623600800.0,4.256877,0.2792,451849137.0,5725303492.129917,2026-07-14
2015-04-21,sh.600399,抚顺特钢,12.67475019,13.58428995,13.63917597,12.67475019,31793207.0,1088258080.0,7.036244,7.2092,451849126.0,6138049541.238084,2026-07-14
2015-04-22,sh.600399,抚顺特钢,13.63525554,13.70582328,13.9959351,13.43923404,20563492.0,716486048.0,4.550964,0.8947,451849147.0,6192964558.000742,2026-07-14
2015-04-23,sh.600399,抚顺特钢,13.85872005,14.09786628,14.36837595,13.63917597,24539013.0,880419392.0,5.430798,2.8604,451849121.0,6370108486.59354,2026-07-14
2015-04-24,sh.600399,抚顺特钢,13.721505,13.77639102,14.03121897,13.49019963,15922093.0,556555856.0,3.523763,-2.2803,451849145.0,6224850503.572678,2026-07-14
2015-04-27,sh.600399,抚顺特钢,13.72542543,13.32554157,13.9567308,13.2902577,20998077.0,723134800.0,4.647143,-3.2726,451849168.0,6021134871.553914,2026-07-14
2015-04-28,sh.600399,抚顺特钢,13.2902577,12.5061717,13.2902577,12.47872869,18260549.0,595798304.0,4.041293,-6.1489,451849173.0,5650903340.041004,2026-07-14
2015-04-29,sh.600399,抚顺特钢,12.68651148,12.67082976,12.8590104,12.545376,15440675.0,498232608.0,3.417219,1.3166,451849150.0,5725303656.850704,2026-07-14
2015-04-30,sh.600399,抚顺特钢,12.67082976,12.53361471,12.8590104,12.49833084,15097910.0,485801584.0,3.341361,-1.0829,451849112.0,5663302676.863638,2026-07-14
2015-05-04,sh.600399,抚顺特钢,12.3493545,12.52969428,12.7021932,12.03179967,19208093.0,603930496.0,4.250997,-0.0313,451849131.0,5661531472.11367,2026-07-14
2015-05-05,sh.600399,抚顺特钢,12.52969428,11.62799538,12.5845803,11.49862119,21860763.0,668076448.0,4.838067,-7.1965,451849117.0,5254099444.93308,2026-07-14
2015-05-06,sh.600399,抚顺特钢,11.75736957,11.0948169,11.83185774,10.977204,17309521.0,504105872.0,3.830819,-4.5853,451849095.0,5013182975.455706,2026-07-14
2015-05-07,sh.600399,抚顺特钢,11.0164083,10.01277822,11.04385131,9.98533521,31038391.0,817805264.0,6.869194,-9.7526,451849096.0,4524264787.155489,2026-07-14
2015-05-08,sh.600399,抚顺特钢,10.0755051,10.35385563,10.3891395,10.06766424,19629164.0,511441504.0,4.344186,3.4064,451849069.0,4678380026.975908,2026-07-14
2015-05-11,sh.600399,抚顺特钢,10.20487929,11.31044055,11.38884915,10.20487929,26120374.0,734890720.0,5.780773,9.2389,451849156.0,5110613016.505675,2026-07-14
2015-05-12,sh.600399,抚顺特钢,11.31044055,11.4084513,11.63975667,11.09089647,20619777.0,600062832.0,4.563421,0.8666,451849106.0,5154898520.749537,2026-07-14
2015-05-13,sh.600399,抚顺特钢,11.40453087,11.11049862,11.4084513,10.977204,19650234.0,560738944.0,4.348849,-2.6117,451849075.0,5020268524.235776,2026-07-14
2015-05-14,sh.600399,抚顺特钢,11.0948169,11.51038248,11.58487065,10.78510293,24832560.0,710629344.0,5.495764,3.5992,451849097.0,5200955929.712621,2026-07-14
2015-05-15,sh.600399,抚顺特钢,11.46333732,12.04356096,12.45912654,11.3300427,28117368.0,853802656.0,6.222734,4.6321,451849107.0,5441872264.876063,2026-07-14
2015-05-18,sh.600399,抚顺特钢,11.99259537,11.79265344,12.26310504,11.76129,19701336.0,602417840.0,4.360158,-2.0833,451849130.0,5328500197.255507,2026-07-14
2015-05-19,sh.600399,抚顺特钢,11.78089215,12.24350289,12.33759321,11.76129,20391696.0,633318512.0,4.512944,3.8231,451849081.0,5532215529.067345,2026-07-14
2015-05-20,sh.600399,抚顺特钢,12.45520611,12.3493545,12.61986417,12.2709459,20803803.0,662154432.0,4.604148,0.8646,451849137.0,5580045173.332067,2026-07-14
2015-05-21,sh.600399,抚顺特钢,12.30622977,12.3101502,12.46304697,12.153333,20683538.0,646432912.0,4.577532,-0.3175,451849119.0,5562330522.627674,2026-07-14
2015-05-22,sh.600399,抚顺特钢,12.4277631,12.76884051,13.1334405,12.40424052,26360780.0,855674816.0,5.833978,3.7261,451849150.0,5769589730.929067,2026-07-14
2015-05-25,sh.600399,抚顺特钢,12.73355664,13.39218888,13.75678887,12.55321686,39788218.0,1332734528.0,8.805642,4.8818,451849144.0,6051249081.714319,2026-07-14
2015-05-26,sh.600399,抚顺特钢,13.46275662,14.73297594,14.73297594,13.34122329,40457908.0,1455212000.0,8.953853,10.0117,451849142.0,6657082537.595643,2026-07-14
2015-05-27,sh.600399,抚顺特钢,15.16814367,14.81138454,15.4856985,14.4271824,46987362.0,1802558000.0,10.398905,0.5322,451849132.0,6692511248.11722,2026-07-14
2015-05-28,sh.600399,抚顺特钢,14.84666841,13.49019963,15.31319958,13.4470749,39689481.0,1478042112.0,8.783791,-8.9201,451849105.0,6095534629.086831,2026-07-14
2015-05-29,sh.600399,抚顺特钢,13.5254835,13.87048134,14.113548,12.86293083,33514629.0,1168703008.0,7.417217,2.819,451849110.0,6267364648.7506075,2026-07-14
2015-06-01,sh.600399,抚顺特钢,13.78423188,15.06229206,15.08581464,13.74894801,29189606.0,1081386208.0,6.460034,8.5924,451849108.0,6805883231.746483,2026-07-14
2015-06-02,sh.600399,抚顺特钢,14.96428131,16.34035224,16.3873974,14.82706626,35832281.0,1428360576.0,7.930143,8.4852,451849115.0,7383373698.432268,2026-07-14
2015-06-03,sh.600399,抚顺特钢,16.03063827,15.74444688,16.28938665,15.24263184,29118572.0,1175220048.0,6.444313,-3.6468,451849127.0,7114114577.825873,2026-07-14
2015-06-04,sh.600399,抚顺特钢,16.2697845,16.5442146,16.55989632,14.37229638,40080943.0,1628409792.0,8.870426,5.0797,451849133.0,7475489023.175941,2026-07-14
2015-06-05,sh.600399,抚顺特钢,16.6618275,16.46972643,17.52040167,16.00319526,39899937.0,1707700672.0,8.830367,-0.4502,451849136.0,7441831657.551866,2026-07-14
2015-06-08,sh.600399,抚顺特钢,16.50108987,16.11688773,16.64614578,15.5249028,30712192.0,1247186576.0,6.797002,-2.1423,451849095.0,7282401135.017103,2026-07-14
2015-06-09,sh.600399,抚顺特钢,16.13648988,16.28938665,16.69319094,16.07768343,29162102.0,1215024560.0,6.453947,1.0703,451849109.0,7360344843.958995,2026-07-14
2015-06-10,sh.600399,抚顺特钢,16.62303566,16.80948057,17.8594598,16.30902318,55880666.0,973278992.0,4.946843,3.1928,1129622792.0,18988372373.553154,2026-07-14
2015-06-11,sh.600399,抚顺特钢,16.07351382,16.0931396,16.26977162,15.73006267,90353549.0,1472350080.0,7.998559,-4.2615,1129622836.0,18179177995.095905,2026-07-14
2015-06-12,sh.600399,抚顺特钢,16.07351382,16.35808763,16.55434543,15.65155955,82077241.0,1343397520.0,7.265898,1.6463,1129622808.0,18478468882.110664,2026-07-14
2015-06-15,sh.600399,抚顺特钢,16.36790052,17.06461571,17.62395044,15.88706891,112057444.0,1906528752.0,9.919899,4.3191,1129622832.0,19276579525.32189,2026-07-14
2015-06-16,sh.600399,抚顺特钢,16.49546809,15.85763024,16.7800419,15.700624,67571633.0,1117047408.0,5.981787,-7.073,1129622854.0,17913141529.385506,2026-07-14
2015-06-17,sh.600399,抚顺特钢,15.73006267,15.78894001,15.9950107,14.69970922,59643977.0,934841728.0,5.279991,-0.4332,1129622702.0,17835545075.812107,2026-07-14
2015-06-18,sh.600399,抚顺特钢,15.74968845,15.65155955,16.18145561,15.19035372,65749834.0,1051534416.0,5.820512,-0.8701,1129622858.0,17680359431.028194,2026-07-14
2015-06-19,sh.600399,抚顺特钢,15.33754707,14.09131004,15.57305643,14.09131004,51813013.0,778053152.0,4.586753,-9.9687,1129622916.0,15917866737.644876,2026-07-14
2015-06-23,sh.600399,抚顺特钢,14.09131004,14.23850339,14.37588385,12.67825388,53770203.0,742608624.0,4.760014,1.0446,1129622791.0,16084137939.074762,2026-07-14
2015-06-24,sh.600399,抚顺特钢,14.69970922,14.69970922,15.03334748,14.3268194,68086761.0,1021792800.0,6.027389,3.2391,1129622810.0,16605126835.279308,2026-07-14
2015-06-25,sh.600399,抚顺特钢,14.719335,13.69879444,14.84690257,13.4436593,52577125.0,760650688.0,4.654397,-6.8091,1129622699.0,15474469148.358994,2026-07-14
2015-06-26,sh.600399,抚顺特钢,13.06095659,12.32498984,13.20814994,12.32498984,46966545.0,605498096.0,4.157719,-10.0287,1129622877.0,13922590482.05657,2026-07-14
2015-06-29,sh.600399,抚顺特钢,12.58993787,11.0885657,12.72731833,11.0885657,60194131.0,709919008.0,5.328693,-10.0318,1129622799.0,12525896622.929394,2026-07-14
2015-06-30,sh.600399,抚顺特钢,10.9904368,11.61846176,11.75584222,9.97970913,67638989.0,747664944.0,5.98775,4.7788,1129622797.0,13124479270.168743,2026-07-14
2015-07-01,sh.600399,抚顺特钢,11.775468,10.94137235,12.1679836,10.794179,67048822.0,806345792.0,5.935505,-5.8277,1129622871.0,12359624446.687017,2026-07-14
2015-07-02,sh.600399,抚顺特钢,10.9904368,9.85214156,11.2848235,9.85214156,54630200.0,575050928.0,4.836145,-9.9552,1129622871.0,11129204434.50562,2026-07-14
2015-07-03,sh.600399,抚顺特钢,9.2241166,8.87085256,9.86195445,8.87085256,53141708.0,492168752.0,4.704376,-9.9602,1129622887.0,10020718078.97854,2026-07-14
2015-07-06,sh.600399,抚顺特钢,9.74419977,7.98769246,9.74419977,7.98769246,79651404.0,700769952.0,7.051151,-9.9557,1129622724.0,9023078915.139462,2026-07-14
2015-07-07,sh.600399,抚顺特钢,7.25172571,7.19284837,7.6540542,7.19284837,31355910.0,231766166.0,2.775786,-9.9509,1129622745.0,8125205120.088176,2026-07-14
2015-07-08,sh.600399,抚顺特钢,6.4765074,6.4765074,6.4765074,6.4765074,5645600.0,37260960.0,0.499777,-9.9591,1129623812.0,7316016977.634209,2026-07-14
2015-07-09,sh.600399,抚顺特钢,5.82885666,7.12415814,7.12415814,5.82885666,116640705.0,787897904.0,10.325633,10.0,1129622804.0,8047611494.246224,2026-07-14
2015-07-10,sh.600399,抚顺特钢,7.53629952,7.84049911,7.84049911,7.31060305,51820222.0,408245808.0,4.587392,10.0551,1129622714.0,8856805883.752785,2026-07-14
2015-07-13,sh.600399,抚顺特钢,8.52740141,8.62553031,8.62553031,8.23301471,66371701.0,577588624.0,5.875563,10.0125,1129622829.0,9743595950.407448,2026-07-14
2015-07-14,sh.600399,抚顺特钢,9.20449082,9.41056151,9.48906463,8.85122678,140340452.0,1331729472.0,12.423656,9.1013,1129622810.0,10630384936.604044,2026-07-14
2015-07-15,sh.600399,抚顺特钢,9.14561348,8.46852407,9.14561348,8.46852407,79173791.0,703719504.0,7.00887,-10.0104,1129622764.0,9566237566.95393,2026-07-14
2015-07-16,sh.600399,抚顺特钢,7.71293154,8.68440765,9.00823302,7.6540542,86609324.0,746563056.0,7.667101,2.5492,1129622839.0,9810105224.62632,2026-07-14
2015-07-17,sh.600399,抚顺特钢,8.76291077,9.55775486,9.55775486,8.76291077,103362076.0,990208000.0,9.150141,10.0565,1129622768.0,10796657500.818651,2026-07-14
2015-07-20,sh.600399,抚顺特钢,9.92083179,10.50960519,10.50960519,9.83251578,163722232.0,1727783744.0,14.493531,9.9589,1129622809.0,11871889736.208778,2026-07-14
2015-07-21,sh.600399,抚顺特钢,10.54885675,10.63717276,11.05912703,10.12690248,139618749.0,1529259696.0,12.359767,1.2138,1129622824.0,12015993132.527075,2026-07-14
2015-07-22,sh.600399,抚顺特钢,10.63717276,10.63717276,10.63717276,10.63717276,0.0,0.0,0.0,0.0,1129622824.0,12015993132.527075,2026-07-14
2015-07-23,sh.600399,抚顺特钢,10.63717276,10.63717276,10.63717276,10.63717276,0.0,0.0,0.0,0.0,1129622824.0,12015993132.527075,2026-07-14
2015-07-24,sh.600399,抚顺特钢,10.63717276,10.63717276,10.63717276,10.63717276,0.0,0.0,0.0,0.0,1129622824.0,12015993132.527075,2026-07-14
2015-07-27,sh.600399,抚顺特钢,10.63717276,10.63717276,10.63717276,10.63717276,0.0,0.0,0.0,0.0,1129622824.0,12015993132.527075,2026-07-14
2015-07-28,sh.600399,抚顺特钢,10.63717276,10.63717276,10.63717276,10.63717276,0.0,0.0,0.0,0.0,1129622824.0,12015993132.527075,2026-07-14
2015-07-29,sh.600399,抚顺特钢,11.69696488,11.69696488,11.69696488,11.69696488,30150490.0,359393840.0,2.669076,9.9631,1129622761.0,13213157763.065634,2026-07-14
2015-07-30,sh.600399,抚顺特钢,12.86469879,12.06004181,12.86469879,11.78528089,164957815.0,2093791104.0,14.602911,3.104,1129622820.0,13623298438.730104,2026-07-14
2015-07-31,sh.600399,抚顺特钢,11.58902309,10.85305634,11.80490667,10.85305634,113688724.0,1303433792.0,10.064309,-10.0081,1129622749.0,12259859337.842678,2026-07-14
2015-08-03,sh.600399,抚顺特钢,10.3035345,9.76382555,10.4016634,9.76382555,62802359.0,636552448.0,5.559587,-10.0362,1129622740.0,11029439370.673006,2026-07-14
2015-08-04,sh.600399,抚顺特钢,9.43018729,10.74511455,10.74511455,9.43018729,86411914.0,909738048.0,7.649626,10.0503,1129622729.0,12137925621.388607,2026-07-14
2015-08-05,sh.600399,抚顺特钢,10.9904368,10.76474033,11.36332662,10.48016652,104382288.0,1163303920.0,9.240455,0.1827,1129622816.0,12160096285.08337,2026-07-14
2015-08-06,sh.600399,抚顺特钢,10.31334739,10.32316028,10.74511455,10.2054056,51385426.0,545672384.0,4.548901,-4.1021,1129622869.0,11661277932.640444,2026-07-14
2015-08-07,sh.600399,抚顺特钢,10.52923097,10.68623721,10.8923079,10.50960519,55457693.0,605109680.0,4.909399,3.5171,1129622852.0,12071417754.308723,2026-07-14
2015-08-10,sh.600399,抚顺特钢,10.78436611,11.52033286,11.65771332,10.78436611,85995320.0,992407568.0,7.612746,7.8053,1129622872.0,13013631491.709173,2026-07-14
2015-08-11,sh.600399,抚顺特钢,11.68715199,12.00116447,12.09929337,11.44182974,108874108.0,1313703184.0,9.638094,4.1738,1129622807.0,13556789095.870068,2026-07-14
2015-08-12,sh.600399,抚顺特钢,12.00116447,12.05022892,12.72731833,11.75584222,94084736.0,1176692480.0,8.328863,0.4088,1129622807.0,13612213417.60298,2026-07-14
2015-08-13,sh.600399,抚顺特钢,11.83434534,12.48199608,12.73713122,11.4810813,108130177.0,1332940832.0,9.572237,3.5831,1129622856.0,14099948060.470404,2026-07-14
2015-08-14,sh.600399,抚顺特钢,12.49180897,12.30536406,12.51143475,12.11891915,76839015.0,965799936.0,6.802183,-1.4151,1129622873.0,13900420702.768145,2026-07-14
2015-08-17,sh.600399,抚顺特钢,12.44274452,13.33571751,13.49272375,12.35442851,107929454.0,1424750752.0,9.554468,8.3732,1129622853.0,15064331260.448256,2026-07-14
2015-08-18,sh.600399,抚顺特钢,13.39459485,12.00116447,13.59085265,12.00116447,111388436.0,1435562320.0,9.860675,-10.0074,1129622830.0,13556789371.89685,2026-07-14
2015-08-19,sh.600399,抚顺特钢,11.33388795,12.66844099,12.84507301,11.05912703,106878548.0,1310441520.0,9.461437,5.5601,1129622784.0,14310559580.063517,2026-07-14
2015-08-20,sh.600399,抚顺特钢,12.50162186,11.76565511,12.59975076,11.71659066,67499844.0,836592736.0,5.975432,-7.1263,1129622829.0,13290752610.396507,2026-07-14
2015-08-21,sh.600399,抚顺特钢,11.40257818,11.33388795,12.0698547,10.96099813,65860000.0,777297504.0,5.830265,-3.6697,1129622753.0,12803017708.272526,2026-07-14
2015-08-24,sh.600399,抚顺特钢,10.84324345,10.2054056,10.9904368,10.2054056,39793958.0,421744352.0,3.522765,-9.9567,1129622839.0,11528259247.0185,2026-07-14
2015-08-25,sh.600399,抚顺特钢,9.18486504,9.18486504,9.38112284,9.18486504,32600420.0,305771760.0,2.885956,-10.0,1129622905.0,10375433928.517742,2026-07-14
2015-08-26,sh.600399,抚顺特钢,9.18486504,8.26245338,9.37130995,8.26245338,79913608.0,710973216.0,7.074362,-10.0427,1129622827.0,9333455945.071306,2026-07-14
2015-08-27,sh.600399,抚顺特钢,8.30170494,8.62553031,8.72365921,7.72274443,70456983.0,603064816.0,6.237213,4.3943,1129622846.0,9743596097.041462,2026-07-14
2015-08-28,sh.600399,抚顺特钢,8.831601,9.48906463,9.48906463,8.65496898,81882178.0,760047008.0,7.24863,10.0114,1129622811.0,10719063861.101274,2026-07-14
2015-08-31,sh.600399,抚顺特钢,9.64607087,9.59700642,9.94045757,9.3222455,79054789.0,775448592.0,6.998335,1.1375,1129622817.0,10840997426.927485,2026-07-14
2015-09-01,sh.600399,抚顺特钢,9.4203744,8.6353432,9.43018729,8.6353432,52898246.0,474476208.0,4.682824,-10.0204,1129622766.0,9754680270.94329,2026-07-14
2015-09-02,sh.600399,抚顺特钢,7.91900223,7.77180888,8.831601,7.77180888,56080544.0,462581520.0,4.964537,-10.0,1129622843.0,8779212842.278246,2026-07-14
2015-09-07,sh.600399,抚顺特钢,7.89937645,7.86993778,8.39002095,7.74237021,43402105.0,357289968.0,3.842177,1.2626,1129622737.0,8890060655.063303,2026-07-14
2015-09-08,sh.600399,抚顺特钢,7.850312,8.2428276,8.32133072,7.48723507,37719146.0,303597232.0,3.339092,4.7381,1129622844.0,9311286356.113695,2026-07-14
2015-09-09,sh.600399,抚顺特钢,8.4390854,8.58627875,8.80216233,8.23301471,54616720.0,474598688.0,4.834952,4.1667,1129622797.0,9699256217.396664,2026-07-14
2015-09-10,sh.600399,抚顺特钢,8.3409565,8.58627875,8.91991701,8.25264049,52474456.0,464221152.0,4.645308,0.0,1129622751.0,9699255822.427841,2026-07-14
2015-09-11,sh.600399,抚顺特钢,8.46852407,8.46852407,8.71384632,8.26245338,38284524.0,329647904.0,3.389142,-1.3714,1129622896.0,9566238684.799109,2026-07-14
2015-09-14,sh.600399,抚顺特钢,8.56665297,7.62461553,8.66478187,7.62461553,44439660.0,362453312.0,3.934026,-9.9652,1129622936.0,8612940580.869797,2026-07-14
2015-09-15,sh.600399,抚顺特钢,7.40873195,6.85921011,7.41854484,6.85921011,38226568.0,276179184.0,3.384012,-10.0386,1129622708.0,7748319499.199178,2026-07-14
2015-09-16,sh.600399,抚顺特钢,6.87883589,7.47742218,7.54611241,6.65313942,50038916.0,361671296.0,4.429701,9.0129,1129622880.0,8446667177.947478,2026-07-14
2015-09-17,sh.600399,抚顺特钢,7.36948039,7.19284837,7.78162177,7.1634097,52347954.0,402779344.0,4.634109,-3.8058,1129622847.0,8125205853.75871,2026-07-14
2015-09-18,sh.600399,抚顺特钢,7.40873195,7.29097727,7.48723507,7.14378392,27608641.0,204673902.0,2.444058,1.3643,1129622988.0,8236055529.177483,2026-07-14
2015-09-21,sh.600399,抚顺特钢,7.1634097,8.01713113,8.01713113,7.14378392,75290350.0,600292416.0,6.665088,9.9596,1129622745.0,9056333674.09555,2026-07-14
2015-09-22,sh.600399,抚顺特钢,8.1446987,7.97787957,8.29189205,7.93862801,65798763.0,544131520.0,5.824844,-0.4896,1129622750.0,9011994259.032217,2026-07-14
2015-09-23,sh.600399,抚顺特钢,7.77180888,7.95825379,8.19376315,7.66386709,47832825.0,389719968.0,4.234407,-0.246,1129622755.0,8989824571.248991,2026-07-14
2015-09-24,sh.600399,抚顺特钢,7.99750535,8.39983384,8.58627875,7.99750535,54078057.0,456660336.0,4.787267,5.5487,1129622747.0,9488643376.684359,2026-07-14
2015-09-25,sh.600399,抚顺特钢,8.26245338,7.92881512,8.47833696,7.84049911,48832697.0,404218032.0,4.322921,-5.6075,1129622702.0,8956569559.512856,2026-07-14
2015-09-28,sh.600399,抚顺特钢,7.91900223,7.97787957,8.10544714,7.57555108,29673346.0,238184134.0,2.626837,0.6188,1129622660.0,9011993541.023056,2026-07-14
2015-09-29,sh.600399,抚顺特钢,7.7521831,7.69330576,7.86993778,7.6540542,20936309.0,165309215.0,1.853389,-3.567,1129623031.0,8690535371.02096,2026-07-14
2015-09-30,sh.600399,抚顺特钢,7.7521831,8.29189205,8.4390854,7.7521831,62407636.0,521433440.0,5.524644,7.7806,1129622759.0,9366709974.851166,2026-07-14
2015-10-08,sh.600399,抚顺特钢,8.68440765,8.80216233,9.0278588,8.5372143,52483986.0,470362544.0,4.646151,6.1539,1129622907.0,9943124199.100492,2026-07-14
2015-10-09,sh.600399,抚顺特钢,8.71384632,8.98860724,9.1259877,8.55684008,45791315.0,416996320.0,4.053682,2.1182,1129622773.0,10153735435.856676,2026-07-14
2015-10-12,sh.600399,抚顺特钢,8.99842013,9.30261972,9.50869041,8.85122678,58817356.0,552757888.0,5.206814,3.4934,1129622760.0,10508450963.336826,2026-07-14
2015-10-13,sh.600399,抚顺特钢,9.2241166,9.5185033,9.59700642,9.1259877,55661849.0,527388000.0,4.927472,2.3207,1129622837.0,10752318701.739862,2026-07-14
2015-10-14,sh.600399,抚顺特钢,9.56756775,9.44000018,10.19559271,9.4203744,67327800.0,671355040.0,5.960202,-0.8247,1129622788.0,10663639322.052101,2026-07-14
2015-10-15,sh.600399,抚顺特钢,9.26336816,9.68532243,9.79326422,9.26336816,51629586.0,500356112.0,4.570516,2.5988,1129622695.0,10940760025.320549,2026-07-14
2015-10-16,sh.600399,抚顺特钢,9.80307711,9.69513532,9.85214156,9.47925174,51108894.0,503902288.0,4.524421,0.1013,1129622862.0,10951846507.655685,2026-07-14
2015-10-19,sh.600399,抚顺特钢,9.69513532,9.31243261,9.69513532,9.20449082,50575286.0,487273328.0,4.477184,-3.9474,1129622682.0,10519535100.85246,2026-07-14
2015-10-20,sh.600399,抚顺特钢,9.28299394,9.53812908,9.57738064,9.2241166,42077590.0,405146624.0,3.724924,2.4236,1129622779.0,10774487877.810312,2026-07-14
2015-10-21,sh.600399,抚顺特钢,9.53812908,8.99842013,10.1072767,8.88066545,79238052.0,769786320.0,7.014558,-5.6584,1129622879.0,10164821253.702154,2026-07-14
2015-10-22,sh.600399,抚顺特钢,9.13580059,9.29280683,9.3222455,8.84141389,52470924.0,487259808.0,4.644995,3.2715,1129622831.0,10497366759.240736,2026-07-14
2015-10-23,sh.600399,抚顺特钢,9.30261972,9.4203744,9.69513532,9.1259877,54298244.0,522381216.0,4.806759,1.3728,1129622767.0,10641469395.903965,2026-07-14
2015-10-26,sh.600399,抚顺特钢,9.6166322,9.7147611,9.76382555,9.37130995,59811216.0,583169760.0,5.294795,3.125,1129622884.0,10974016451.153013,2026-07-14
2015-10-27,sh.600399,抚顺特钢,9.77363844,10.68623721,10.68623721,9.62644509,133851918.0,1392492416.0,11.849258,10.0,1129622783.0,12071417016.958355,2026-07-14
2015-10-28,sh.600399,抚顺特钢,10.94137235,9.96008335,11.03950125,9.9110189,116000980.0,1238767648.0,10.269001,-6.7952,1129622833.0,11251137570.74313,2026-07-14
2015-10-29,sh.600399,抚顺特钢,10.02877358,9.96008335,10.28390872,9.70494821,69607348.0,710107664.0,6.161999,0.0,1129622838.0,11251137620.543547,2026-07-14
2015-10-30,sh.600399,抚顺特钢,9.82270289,9.90120601,10.26428294,9.66569665,62802191.0,639307744.0,5.559572,-0.5911,1129622766.0,11184627719.752024,2026-07-14
2015-11-02,sh.600399,抚顺特钢,9.6166322,9.48906463,9.84232867,9.40074862,50987066.0,499565072.0,4.513636,-4.1625,1129622903.0,10719064734.09522,2026-07-14
2015-11-03,sh.600399,抚顺特钢,9.44981307,9.21430371,9.60681931,9.1259877,39309163.0,373392384.0,3.479849,-2.8956,1129622665.0,10408686313.009586,2026-07-14
2015-11-04,sh.600399,抚顺特钢,9.2241166,9.65588376,9.65588376,9.2241166,41883910.0,404864736.0,3.707778,4.7923,1129622917.0,10907507579.184128,2026-07-14
2015-11-05,sh.600399,抚顺特钢,9.67550954,9.9110189,10.08765092,9.54794197,75028993.0,753280016.0,6.641951,2.6423,1129622802.0,11195712940.492958,2026-07-14
2015-11-06,sh.600399,抚顺特钢,9.81289,10.0091478,10.16615404,9.76382555,69705395.0,706671472.0,6.170679,0.9901,1129622769.0,11306561253.166258,2026-07-14
2015-11-09,sh.600399,抚顺特钢,9.87176734,10.16615404,10.25447005,9.67550954,76042087.0,769047696.0,6.731635,1.5686,1129622848.0,11483919879.871506,2026-07-14
2015-11-10,sh.600399,抚顺特钢,10.04839936,10.51941808,10.74511455,9.96989624,102571170.0,1095028864.0,9.080126,3.4749,1129622761.0,11882974095.642918,2026-07-14
2015-11-11,sh.600399,抚顺特钢,10.4016634,10.38203762,10.73530166,10.26428294,71039917.0,757496240.0,6.288818,-1.306,1129622721.0,11727785585.828764,2026-07-14
2015-11-12,sh.600399,抚顺特钢,10.27409583,10.19559271,10.54885675,10.05821225,59242916.0,618804416.0,5.244487,-1.7958,1129622707.0,11517173036.539665,2026-07-14
2015-11-13,sh.600399,抚顺特钢,10.18577982,9.97970913,10.3035345,9.88158023,44980587.0,461057280.0,3.981912,-2.1174,1129622829.0,11273307260.027729,2026-07-14
2015-11-16,sh.600399,抚顺特钢,9.75401266,10.15634115,10.19559271,9.7147611,42353593.0,431597744.0,3.749357,1.7699,1129622839.0,11472834923.715525,2026-07-14
2015-11-17,sh.600399,抚顺特钢,10.19559271,10.12690248,10.47035363,10.09746381,58803894.0,613649808.0,5.205622,-0.2899,1129622819.0,11439580127.195692,2026-07-14
2015-11-18,sh.600399,抚顺特钢,10.14652826,9.77363844,10.19559271,9.7147611,43899542.0,442009680.0,3.886212,-3.4884,1129622934.0,11040526130.447983,2026-07-14
2015-11-19,sh.600399,抚顺特钢,9.77363844,9.96989624,9.98952202,9.72457399,27145873.0,272356224.0,2.403092,2.008,1129622711.0,11262221219.017508,2026-07-14
2015-11-20,sh.600399,抚顺特钢,9.92083179,9.89139312,10.0091478,9.85214156,32828366.0,331598208.0,2.906135,-0.7874,1129622884.0,11173544022.992159,2026-07-14
2015-11-23,sh.600399,抚顺特钢,9.84232867,9.75401266,9.97970913,9.7147611,32328718.0,324596832.0,2.861904,-1.3889,1129622727.0,11018354380.181725,2026-07-14
2015-11-24,sh.600399,抚顺特钢,9.74419977,9.65588376,9.79326422,9.47925174,29228213.0,285983968.0,2.587431,-1.006,1129622896.0,10907507376.410568,2026-07-14
2015-11-25,sh.600399,抚顺特钢,9.96008335,9.95027046,10.12690248,9.88158023,46147920.0,469748768.0,4.08525,3.0488,1129622912.0,11240053492.21278,2026-07-14
2015-11-26,sh.600399,抚顺特钢,9.88158023,10.15634115,10.2054056,9.77363844,69509048.0,708995344.0,6.153297,2.071,1129622835.0,11472834883.09016,2026-07-14
2015-11-27,sh.600399,抚顺特钢,11.17688171,10.29372161,11.17688171,10.07783803,171115008.0,1881723792.0,15.147978,1.3527,1129622765.0,11628022267.228453,2026-07-14
2015-11-30,sh.600399,抚顺特钢,9.81289,9.74419977,10.04839936,9.26336816,97085310.0,958858032.0,8.594489,-5.3384,1129622832.0,11007270539.761148,2026-07-14
2015-12-01,sh.600399,抚顺特钢,9.74419977,9.7147611,9.78345133,9.4203744,46032086.0,449283760.0,4.074996,-0.3021,1129622851.0,10974016130.565897,2026-07-14
2015-12-02,sh.600399,抚顺特钢,9.6166322,9.6166322,9.64607087,9.31243261,32579169.0,315356288.0,2.884075,-1.0101,1129622808.0,10863167069.267218,2026-07-14
2015-12-03,sh.600399,抚顺特钢,9.56756775,9.7147611,9.78345133,9.5185033,31035934.0,305953296.0,2.74746,1.0204,1129622779.0,10974015431.103098,2026-07-14
2015-12-04,sh.600399,抚顺特钢,9.70494821,9.44981307,9.70494821,9.38112284,38972658.0,377648432.0,3.450059,-2.7273,1129622943.0,10674725650.933264,2026-07-14
2015-12-07,sh.600399,抚顺特钢,9.44981307,9.44981307,9.5185033,9.33205839,21354396.0,205009371.0,1.890401,0.0,1129622551.0,10674721946.60654,2026-07-14
2015-12-08,sh.600399,抚顺特钢,9.38112284,9.04748458,9.38112284,9.0278588,33234740.0,311876752.0,2.94211,-4.2575,1129622618.0,10220243217.574232,2026-07-14
2015-12-09,sh.600399,抚顺特钢,9.06711036,9.09654903,9.2241166,8.97879435,22864216.0,212345219.0,2.024058,0.5423,1129622570.0,10275667093.399607,2026-07-14
2015-12-10,sh.600399,抚顺特钢,9.1259877,8.78253655,9.1259877,8.74328499,28770199.0,261922640.0,2.546885,-3.452,1129623010.0,9920955373.046015,2026-07-14
2015-12-11,sh.600399,抚顺特钢,8.76291077,8.87085256,9.0278588,8.49796274,35231925.0,313795200.0,3.118911,1.0056,1129622647.0,10020715949.973927,2026-07-14
2015-12-14,sh.600399,抚顺特钢,8.68440765,9.01804591,9.04748458,8.6353432,28092028.0,253807609.0,2.48685,1.6593,1129622937.0,10186991506.855038,2026-07-14
2015-12-15,sh.600399,抚顺特钢,9.06711036,8.9297299,9.06711036,8.88066545,23812581.0,217828975.0,2.108012,-0.9793,1129622649.0,10087225144.492504,2026-07-14
2015-12-16,sh.600399,抚顺特钢,8.93954279,8.89047834,8.99842013,8.84141389,17641177.0,160274861.0,1.561687,-0.4396,1129623093.0,10042889640.680305,2026-07-14
2015-12-17,sh.600399,抚顺特钢,8.91991701,9.08673614,9.17505215,8.91010412,36088318.0,332177040.0,3.194723,2.2075,1129622756.0,10264583921.5116,2026-07-14
2015-12-18,sh.600399,抚顺特钢,9.0278588,8.97879435,9.16523926,8.9297299,25289587.0,232590546.0,2.238764,-1.1879,1129622729.0,10142650176.776781,2026-07-14
2015-12-21,sh.600399,抚顺特钢,8.98860724,9.0278588,9.06711036,8.91010412,23165073.0,212490863.0,2.050691,0.5465,1129622795.0,10198075090.521347,2026-07-14
2015-12-22,sh.600399,抚顺特钢,9.04748458,9.10636192,9.1259877,8.94935568,24599480.0,226445757.0,2.177672,0.8696,1129622827.0,10286754295.755547,2026-07-14
2015-12-23,sh.600399,抚顺特钢,9.07692325,8.91991701,9.08673614,8.89047834,22892431.0,209659923.0,2.026555,-2.0474,1129622981.0,10076143243.108809,2026-07-14
2015-12-24,sh.600399,抚顺特钢,8.88066545,8.71384632,8.91010412,8.5372143,28213645.0,249892440.0,2.497616,-2.3102,1129623009.0,9843361299.961977,2026-07-14
2015-12-25,sh.600399,抚顺特钢,8.70403343,8.82178811,8.91010412,8.60590453,22932637.0,204365624.0,2.030115,1.2387,1129622558.0,9965290850.952185,2026-07-14
2015-12-28,sh.600399,抚顺特钢,8.831601,8.59609164,8.87085256,8.58627875,23674812.0,210661817.0,2.095816,-2.5584,1129622639.0,9710339723.462637,2026-07-14
2015-12-29,sh.600399,抚顺特钢,8.58627875,8.71384632,8.78253655,8.5372143,15109818.0,133210456.0,1.337599,1.3699,1129622406.0,9843356045.512646,2026-07-14
2015-12-30,sh.600399,抚顺特钢,8.75309788,8.88066545,8.96898146,8.64515609,24023906.0,215826352.0,2.126719,1.9144,1129622954.0,10031803539.11474,2026-07-14
2015-12-31,sh.600399,抚顺特钢,8.93954279,9.19467793,9.41056151,8.93954279,62858070.0,590884208.0,5.564519,3.5359,1129622704.0,10386516945.695723,2026-07-14
2016-01-04,sh.600399,抚顺特钢,9.67550954,9.17505215,10.11708959,9.05729747,110894918.0,1115094384.0,9.816987,-0.2134,1129622745.0,10364347595.201153,2026-07-14
2016-01-05,sh.600399,抚顺特钢,8.59609164,10.09746381,10.09746381,8.4390854,198040686.0,1977069488.0,17.531577,10.0535,1129622772.0,11406325059.221882,2026-07-14
2016-01-06,sh.600399,抚顺特钢,10.25447005,10.794179,11.10819148,9.97970913,240122812.0,2586760992.0,21.256902,6.8999,1129622802.0,12193350727.269558,2026-07-14
2016-01-07,sh.600399,抚顺特钢,10.4016634,9.7147611,10.4016634,9.7147611,57451200.0,582142528.0,5.085875,-10.0,1129622730.0,10974014955.079803,2026-07-14
2016-01-08,sh.600399,抚顺特钢,9.99933491,10.25447005,10.5979212,9.30261972,155949187.0,1617135760.0,13.805421,5.5556,1129622827.0,11583683447.267832,2026-07-14
2016-01-11,sh.600399,抚顺特钢,9.81289,9.23392949,9.81289,9.23392949,100146284.0,957922640.0,8.865462,-9.9522,1129622844.0,10430857691.789268,2026-07-14
2016-01-12,sh.600399,抚顺特钢,8.831601,8.31151783,9.07692325,8.31151783,84540954.0,725843296.0,7.483999,-9.9894,1129622732.0,9388879478.19131,2026-07-14
2016-01-13,sh.600399,抚顺特钢,8.2428276,7.90918934,8.71384632,7.86012489,71990344.0,610062128.0,6.372954,-4.8406,1129622841.0,8934400932.257715,2026-07-14
2016-01-14,sh.600399,抚顺特钢,7.52648663,8.0465698,8.2428276,7.3596675,62971357.0,499366032.0,5.574547,1.737,1129622855.0,9089589150.43278,2026-07-14
2016-01-15,sh.600399,抚顺特钢,7.9484409,7.58536397,8.1446987,7.40873195,56358503.0,447555328.0,4.989144,-5.7317,1129622697.0,8568599305.518027,2026-07-14
2016-01-18,sh.600399,抚顺特钢,7.32041594,7.56573819,7.68349287,7.24191282,40550261.0,310450288.0,3.589717,-0.2587,1129622781.0,8546430214.505707,2026-07-14
2016-01-19,sh.600399,抚顺特钢,7.56573819,7.98769246,8.07600847,7.40873195,49635163.0,393128080.0,4.393959,5.5772,1129622807.0,9023079578.117935,2026-07-14
2016-01-20,sh.600399,抚顺特钢,7.86012489,7.95825379,8.18395026,7.81106044,49572877.0,402751968.0,4.388445,-0.3686,1129622839.0,8989825239.74231,2026-07-14
2016-01-21,sh.600399,抚顺特钢,7.81106044,7.48723507,8.06619558,7.4577964,45168329.0,360317168.0,3.998532,-5.9186,1129622797.0,8457751421.56989,2026-07-14
2016-01-22,sh.600399,抚顺特钢,7.52648663,7.79143466,7.89937645,7.46760929,42402030.0,333730656.0,3.753645,4.0629,1129622807.0,8801382291.18629,2026-07-14
2016-01-25,sh.600399,抚顺特钢,7.87975067,7.83068622,8.02694402,7.72274443,34640701.0,278370272.0,3.066572,0.5038,1129622947.0,8845722844.86869,2026-07-14
2016-01-26,sh.600399,抚顺特钢,7.71293154,7.05546791,7.79143466,7.04565502,47135438.0,354012144.0,4.172671,-9.8997,1129622681.0,7970016576.203667,2026-07-14
2016-01-27,sh.600399,抚顺特钢,7.07509369,7.13397103,7.22228704,6.45688162,37203515.0,258845996.0,3.293446,1.1127,1129622742.0,8058695916.257164,2026-07-14
2016-01-28,sh.600399,抚顺特钢,7.12415814,6.61388786,7.12415814,6.60407497,28364465.0,199153320.0,2.510968,-7.2902,1129622719.0,7471197987.574291,2026-07-14
2016-01-29,sh.600399,抚顺特钢,6.6727652,6.80033277,6.89846167,6.58444919,25280713.0,174829481.0,2.237978,2.819,1129622945.0,7681811930.627407,2026-07-14
2016-02-01,sh.600399,抚顺特钢,6.88864878,6.76108121,6.9671519,6.6727652,20687238.0,144107653.0,1.83134,-0.5772,1129623008.0,7637472893.77248,2026-07-14
2016-02-02,sh.600399,抚顺特钢,6.79051988,6.94752612,7.01621635,6.79051988,23533786.0,166395817.0,2.083331,2.7576,1129622993.0,7848085249.620077,2026-07-14
2016-02-03,sh.600399,抚顺特钢,6.84939722,6.93771323,6.95733901,6.7708941,18060661.0,126135311.0,1.598822,-0.1412,1129622997.0,7837000411.19915,2026-07-14
2016-02-04,sh.600399,抚顺特钢,6.92790034,7.09471947,7.1634097,6.89846167,23895355.0,172105113.0,2.115339,2.2631,1129622959.0,8014358000.976312,2026-07-14
2016-02-05,sh.600399,抚顺特钢,7.12415814,7.27135149,7.54611241,7.08490658,30922783.0,230711240.0,2.737443,2.4896,1129622900.0,8213885157.053121,2026-07-14
2016-02-15,sh.600399,抚顺特钢,6.9671519,7.43817062,7.64424131,6.89846167,30997273.0,229640984.0,2.744037,2.2942,1129622997.0,8402328587.961748,2026-07-14
2016-02-16,sh.600399,抚顺特钢,7.4577964,7.82087333,7.92881512,7.44798351,41458838.0,326142672.0,3.670149,5.1451,1129622748.0,8834636422.794512,2026-07-14
2016-02-17,sh.600399,抚顺特钢,7.96806668,7.92881512,8.18395026,7.850312,51999674.0,424423440.0,4.603278,1.3802,1129622717.0,8956569678.445082,2026-07-14
2016-02-18,sh.600399,抚顺特钢,7.9484409,7.76199599,8.12507292,7.72274443,48476204.0,389525536.0,4.291362,-2.104,1129622810.0,8768127721.432531,2026-07-14
2016-02-19,sh.600399,抚顺特钢,7.6540542,7.76199599,7.82087333,7.53629952,30215777.0,236773154.0,2.674855,0.0,1129622989.0,8768129110.829815,2026-07-14
2016-02-22,sh.600399,抚顺特钢,7.86012489,8.0465698,8.28207916,7.81106044,47208698.0,386040944.0,4.179156,3.6662,1129622776.0,9089588514.753765,2026-07-14
2016-02-23,sh.600399,抚顺特钢,8.02694402,7.89937645,8.02694402,7.78162177,31725441.0,255407949.0,2.808499,-1.8293,1129622656.0,8923314606.192852,2026-07-14
2016-02-24,sh.600399,抚顺特钢,7.87975067,8.0465698,8.23301471,7.76199599,39780667.0,324217904.0,3.521589,1.8633,1129622650.0,9089587500.885971,2026-07-14
2016-02-25,sh.600399,抚顺特钢,7.91900223,7.24191282,7.99750535,7.24191282,45333704.0,350227328.0,4.013172,-10.0,1129622752.0,8180629489.47248,2026-07-14
2016-02-26,sh.600399,抚顺特钢,7.30079016,7.36948039,7.52648663,7.11434525,29502347.0,221368515.0,2.611699,1.7615,1129622786.0,8324732969.524166,2026-07-14
2016-02-29,sh.600399,抚顺特钢,7.38910617,7.05546791,7.44798351,6.869023,27712108.0,198659113.0,2.453218,-4.261,1129622724.0,7970016879.588787,2026-07-14
2016-03-01,sh.600399,抚顺特钢,7.07509369,7.34985461,7.3596675,6.98677768,31975984.0,235706592.0,2.830678,4.1725,1129622797.0,8302563322.091544,2026-07-14
2016-03-02,sh.600399,抚顺特钢,7.34985461,7.83068622,7.9484409,7.25172571,50439722.0,390320608.0,4.465183,6.5421,1129622728.0,8845721129.948408,2026-07-14
2016-03-03,sh.600399,抚顺特钢,7.850312,7.72274443,7.97787957,7.67367998,46708514.0,371887360.0,4.134877,-1.3784,1129622816.0,8723788310.264914,2026-07-14
2016-03-04,sh.600399,抚顺特钢,7.64424131,7.87975067,8.2428276,7.64424131,73543514.0,598636704.0,6.510449,2.033,1129622765.0,8901145739.356003,2026-07-14
2016-03-07,sh.600399,抚顺特钢,7.97787957,8.19376315,8.26245338,7.89937645,72396263.0,596174320.0,6.408888,3.9851,1129622846.0,9255862048.952925,2026-07-14
2016-03-08,sh.600399,抚顺特钢,8.26245338,8.0465698,8.33114361,7.850312,62436575.0,511194512.0,5.527206,-1.7964,1129622724.0,9089588096.332136,2026-07-14
2016-03-09,sh.600399,抚顺特钢,7.74237021,7.63442842,7.82087333,7.48723507,46659653.0,363831952.0,4.130552,-5.1219,1129622699.0,8624023637.122705,2026-07-14
2016-03-10,sh.600399,抚顺特钢,7.6540542,7.37929328,7.73255732,7.3596675,29144435.0,225148732.0,2.580015,-3.3419,1129622696.0,8335817169.528282,2026-07-14
2016-03-11,sh.600399,抚顺特钢,7.2615386,7.39891906,7.4577964,7.17322259,22542422.0,167173634.0,1.995571,0.266,1129622649.0,8357986548.29379,2026-07-14
2016-03-14,sh.600399,抚顺特钢,7.44798351,7.68349287,7.72274443,7.43817062,32113135.0,248995482.0,2.842819,3.8462,1129622920.0,8679449651.608582,2026-07-14
2016-03-15,sh.600399,抚顺特钢,7.60498975,7.48723507,7.62461553,7.41854484,22120047.0,169669837.0,1.95818,-2.5543,1129622762.0,8457751159.516663,2026-07-14
2016-03-16,sh.600399,抚顺特钢,7.47742218,7.25172571,7.5559253,7.15359681,22406533.0,167629648.0,1.983541,-3.1455,1129622882.0,8191715296.0036955,2026-07-14
2016-03-17,sh.600399,抚顺特钢,7.24191282,7.47742218,7.50686085,7.23209993,28106457.0,212011565.0,2.488128,3.1123,1129622632.0,8446665323.546778,2026-07-14
2016-03-18,sh.600399,抚顺特钢,7.47742218,7.71293154,7.82087333,7.47742218,40770483.0,319121120.0,3.609212,3.1496,1129622837.0,8712703607.801579,2026-07-14
2016-03-21,sh.600399,抚顺特钢,7.80124755,7.92881512,7.93862801,7.68349287,49406157.0,393014080.0,4.373686,2.799,1129622863.0,8956570836.05209,2026-07-14
2016-03-22,sh.600399,抚顺特钢,7.91900223,8.01713113,8.28207916,7.7521831,65028106.0,529643936.0,5.756621,1.1139,1129622846.0,9056334483.825794,2026-07-14
2016-03-23,sh.600399,抚顺特钢,7.92881512,7.89937645,8.00731824,7.78162177,39166521.0,314416480.0,3.467221,-1.4688,1129622859.0,8923316209.766272,2026-07-14
2016-03-24,sh.600399,抚顺特钢,7.80124755,7.74237021,7.97787957,7.70311865,31522580.0,251149583.0,2.79054,-1.9876,1129622940.0,8745958999.188618,2026-07-14
2016-03-25,sh.600399,抚顺特钢,7.69330576,7.6540542,7.80124755,7.49704796,42214363.0,328483280.0,3.737032,-1.1407,1129622733.0,8646193623.934128,2026-07-14
2016-03-28,sh.600399,抚顺特钢,7.58536397,7.78162177,7.83068622,7.58536397,42173111.0,331154560.0,3.73338,1.6667,1129622782.0,8790297232.299164,2026-07-14
2016-03-29,sh.600399,抚顺特钢,7.66386709,7.48723507,7.71293154,7.36948039,34515152.0,263847782.0,3.055458,-3.7831,1129622859.0,8457751885.778464,2026-07-14
2016-03-30,sh.600399,抚顺特钢,7.54611241,7.62461553,7.63442842,7.43817062,48858689.0,374616432.0,4.325222,1.8349,1129622688.0,8612938689.965145,2026-07-14
2016-03-31,sh.600399,抚顺特钢,7.6540542,7.51667374,7.66386709,7.4577964,38679072.0,297508544.0,3.42407,-1.4157,1129622700.0,8491005285.197898,2026-07-14
2016-04-01,sh.600399,抚顺特钢,7.4577964,7.42835773,7.50686085,7.31060305,30743786.0,232056383.0,2.721598,-1.1749,1129622597.0,8391240750.407625,2026-07-14
2016-04-05,sh.600399,抚顺特钢,7.46760929,7.61480264,7.63442842,7.44798351,40911801.0,315778816.0,3.621722,2.5099,1129622898.0,8601855425.89485,2026-07-14
2016-04-06,sh.600399,抚顺特钢,7.56573819,7.5559253,7.63442842,7.47742218,35246354.0,271825600.0,3.120188,-0.7732,1129622766.0,8535345237.07538,2026-07-14
2016-04-07,sh.600399,抚顺特钢,7.57555108,7.78162177,8.00731824,7.56573819,84340918.0,674340304.0,7.46629,2.987,1129622852.0,8790297777.012688,2026-07-14
2016-04-08,sh.600399,抚顺特钢,7.66386709,7.5559253,7.73255732,7.4577964,47255359.0,364746352.0,4.183287,-2.9004,1129622687.0,8535344640.157281,2026-07-14
2016-04-11,sh.600399,抚顺特钢,7.60498975,7.69330576,7.80124755,7.5559253,43469853.0,341258928.0,3.848174,1.8182,1129622855.0,8690534016.999146,2026-07-14
2016-04-12,sh.600399,抚顺特钢,7.68349287,7.59517686,7.70311865,7.48723507,32445116.0,251166208.0,2.872208,-1.2755,1129622785.0,8579684837.160754,2026-07-14
2016-04-13,sh.600399,抚顺特钢,7.64424131,7.74237021,7.89937645,7.61480264,62527795.0,496532864.0,5.535281,1.938,1129622778.0,8745957744.924643,2026-07-14
2016-04-14,sh.600399,抚顺特钢,7.80124755,7.79143466,7.84049911,7.70311865,35355050.0,279564384.0,3.12981,0.6337,1129622884.0,8801382891.12676,2026-07-14
2016-04-15,sh.600399,抚顺特钢,7.74237021,7.67367998,7.78162177,7.59517686,35416555.0,277716416.0,3.135255,-1.5113,1129622790.0,8668363788.574745,2026-07-14
2016-04-18,sh.600399,抚顺特钢,7.5559253,7.48723507,7.62461553,7.43817062,29794903.0,227982547.0,2.637598,-2.4297,1129622596.0,8457749916.635641,2026-07-14
2016-04-19,sh.600399,抚顺特钢,7.52648663,7.56573819,7.58536397,7.4577964,20989780.0,160698559.0,1.858123,1.0485,1129622743.0,8546429927.007655,2026-07-14
2016-04-20,sh.600399,抚顺特钢,7.61480264,7.12415814,7.63442842,6.94752612,41104500.0,304471184.0,3.638781,-5.8366,1129622805.0,8047611501.370382,2026-07-14
2016-04-21,sh.600399,抚顺特钢,7.12415814,7.22228704,7.50686085,7.12415814,38958525.0,291130512.0,3.448808,1.3774,1129622902.0,8158460845.201791,2026-07-14
2016-04-22,sh.600399,抚顺特钢,7.0652808,7.11434525,7.13397103,6.97696479,21538014.0,155051604.0,1.906655,-1.4946,1129623031.0,8036528244.885453,2026-07-14
2016-04-25,sh.600399,抚顺特钢,7.11434525,7.01621635,7.11434525,6.9671519,15054935.0,107585540.0,1.33274,-1.3793,1129622807.0,7925678007.806294,2026-07-14
2016-04-26,sh.600399,抚顺特钢,7.04565502,7.04565502,7.07509369,6.94752612,12983599.0,92745981.0,1.149375,0.4196,1129622534.0,7958930677.38222,2026-07-14
2016-04-27,sh.600399,抚顺特钢,7.07509369,7.04565502,7.17322259,7.02602924,15139339.0,109493471.0,1.340212,0.0,1129622701.0,7958931854.006609,2026-07-14
2016-04-28,sh.600399,抚顺特钢,7.02602924,6.94752612,7.0652808,6.83958433,17181179.0,121330110.0,1.520966,-1.3928,1129622819.0,7848084040.750532,2026-07-14
2016-04-29,sh.600399,抚顺特钢,6.93771323,6.94752612,7.04565502,6.89846167,11395353.0,80861847.0,1.008775,0.0,1129622859.0,7848084318.651577,2026-07-14
2016-05-03,sh.600399,抚顺特钢,7.01621635,7.09471947,7.09471947,6.92790034,18152683.0,130105492.0,1.606969,2.1186,1129622476.0,8014354574.226808,2026-07-14
2016-05-04,sh.600399,抚顺特钢,7.0652808,7.0652808,7.10453236,7.02602924,14698117.0,105770553.0,1.301153,-0.4149,1129622496.0,7981100132.2368765,2026-07-14
2016-05-05,sh.600399,抚顺特钢,7.05546791,7.0652808,7.10453236,7.02602924,12094124.0,86935493.0,1.070634,0.0,1129622635.0,7981101114.310908,2026-07-14
2016-05-06,sh.600399,抚顺特钢,7.04565502,6.78070699,7.08490658,6.7708941,24999912.0,176171766.0,2.21312,-4.0278,1129622976.0,7659642409.427802,2026-07-14
2016-05-09,sh.600399,抚顺特钢,6.68257809,6.35875272,6.69239098,6.31950116,23094301.0,152626840.0,2.044426,-6.2229,1129622740.0,7182991670.548853,2026-07-14
2016-05-10,sh.600399,抚顺特钢,6.35875272,6.39800428,6.44706873,6.34893983,10069562.0,65561753.0,0.891409,0.6173,1129623102.0,7227333441.382877,2026-07-14
2016-05-11,sh.600399,抚顺特钢,6.45688162,6.35875272,6.4765074,6.34893983,9490107.0,61853911.0,0.840113,-0.6135,1129622682.0,7182991301.741195,2026-07-14
2016-05-12,sh.600399,抚顺特钢,6.2802496,6.22137226,6.30968827,6.07417891,13246736.0,83230078.0,1.172669,-2.1605,1129622767.0,7027803746.878243,2026-07-14
2016-05-13,sh.600399,抚顺特钢,6.20174648,6.30968827,6.55501052,6.15268203,19864586.0,128770727.0,1.758515,1.4196,1129622778.0,7127567591.871413,2026-07-14
2016-05-16,sh.600399,抚顺特钢,6.20174648,6.39800428,6.42744295,6.1821207,14117867.0,90283630.0,1.249786,1.3997,1129622751.0,7227331195.683374,2026-07-14
2016-05-17,sh.600399,抚顺特钢,6.39800428,6.4765074,6.62370075,6.34893983,23583855.0,155349834.0,2.087764,1.227,1129622649.0,7316009445.456102,2026-07-14
2016-05-18,sh.600399,抚顺特钢,6.3783785,6.20174648,6.42744295,6.14286914,18842620.0,120376569.0,1.668045,-4.2424,1129623002.0,7005635476.380532,2026-07-14
2016-05-19,sh.600399,抚顺特钢,6.20174648,6.27043671,6.42744295,6.20174648,14057669.0,90313524.0,1.244457,1.1076,1129622719.0,7083227765.667615,2026-07-14
2016-05-20,sh.600399,抚顺特钢,6.19193359,6.32931405,6.3783785,6.14286914,12006055.0,76771197.0,1.062838,0.939,1129622294.0,7149734256.60743,2026-07-14
2016-05-23,sh.600399,抚顺特钢,6.30968827,6.32931405,6.41763006,6.29987538,11607641.0,75103309.0,1.027568,0.0,1129622662.0,7149736585.795001,2026-07-14
2016-05-24,sh.600399,抚顺特钢,6.29006249,6.19193359,6.32931405,6.16249492,13474394.0,85424601.0,1.192822,-2.1705,1129623196.0,6994551811.355554,2026-07-14
2016-05-25,sh.600399,抚顺特钢,6.21155937,6.15268203,6.2802496,6.12324336,12269782.0,77490919.0,1.086184,-0.6339,1129622790.0,6950209840.711464,2026-07-14
2016-05-26,sh.600399,抚顺特钢,6.14286914,6.10361758,6.17230781,5.99567579,15370264.0,94857122.0,1.360655,-0.7975,1129622424.0,6894783285.888614,2026-07-14
2016-05-27,sh.600399,抚顺特钢,6.09380469,6.09380469,6.15268203,6.02511446,12413937.0,76885503.0,1.098945,-0.1608,1129623139.0,6883702782.370722,2026-07-14
2016-05-30,sh.600399,抚顺特钢,6.03492735,6.04474024,6.12324336,5.96623712,13731001.0,84631256.0,1.215539,-0.8052,1129622414.0,6828274061.911739,2026-07-14
2016-05-31,sh.600399,抚顺特钢,6.04474024,6.25081093,6.25081093,6.04474024,24101963.0,151914744.0,2.133629,3.4091,1129622957.0,7061059526.39452,2026-07-14
2016-06-01,sh.600399,抚顺特钢,6.25081093,6.25081093,6.29987538,6.20174648,18796376.0,119895426.0,1.663952,0.0,1129622489.0,7061056601.015005,2026-07-14
2016-06-02,sh.600399,抚顺特钢,6.26062382,6.34893983,6.36856561,6.21155937,21829560.0,139919305.0,1.932465,1.5699,1129622529.0,7171905467.23343,2026-07-14
2016-06-03,sh.600399,抚顺特钢,6.32931405,6.32931405,6.41763006,6.29987538,19006048.0,123070768.0,1.682513,-0.3091,1129622654.0,7149736535.160488,2026-07-14
2016-06-06,sh.600399,抚顺特钢,6.35875272,6.33912694,6.39800428,6.29987538,14568274.0,94176023.0,1.289658,0.155,1129623047.0,7160823889.282586,2026-07-14
2016-06-07,sh.600399,抚顺特钢,6.30968827,6.27043671,6.34893983,6.25081093,12020095.0,76930709.0,1.06408,-1.0836,1129623243.0,7083231051.376451,2026-07-14
2016-06-08,sh.600399,抚顺特钢,6.26062382,6.21155937,6.2802496,6.13305625,13337243.0,84361691.0,1.180681,-0.939,1129622904.0,7016719733.90781,2026-07-14
2016-06-13,sh.600399,抚顺特钢,6.16249492,5.90735978,6.16249492,5.89754689,21666254.0,133435954.0,1.918008,-4.8973,1129622713.0,6673087781.350683,2026-07-14
2016-06-14,sh.600399,抚顺特钢,5.86810822,5.887734,5.91717267,5.83866955,14140916.0,84717112.0,1.251826,-0.3322,1129623127.0,6650920492.024218,2026-07-14
2016-06-15,sh.600399,抚顺特钢,5.83866955,6.00548868,6.02511446,5.7896051,18308402.0,110970010.0,1.620754,2.0,1129622509.0,6783935190.472698,2026-07-14
2016-06-16,sh.600399,抚顺特钢,5.97605001,5.91717267,5.99567579,5.887734,13874042.0,83870937.0,1.228201,-1.4706,1129623083.0,6684174834.128742,2026-07-14
2016-06-17,sh.600399,抚顺特钢,5.90735978,6.26062382,6.45688162,5.90735978,43472278.0,276545376.0,3.848389,5.8043,1129622759.0,7072143152.60952,2026-07-14
2016-06-20,sh.600399,抚顺特钢,6.19193359,6.15268203,6.26062382,6.06436602,18202311.0,113822218.0,1.611362,-1.7241,1129622704.0,6950209311.58081,2026-07-14
2016-06-21,sh.600399,抚顺特钢,6.19193359,6.2802496,6.3783785,6.1821207,37057425.0,238238400.0,3.280513,2.0734,1129622867.0,7094313558.627604,2026-07-14
2016-06-22,sh.600399,抚顺特钢,6.2703876,6.2901058,6.3886968,6.2210921,17228649.0,110044346.0,1.525168,0.157,1129623032.0,7105448385.396786,2026-07-14
2016-06-23,sh.600399,抚顺特钢,6.2309512,6.2013739,6.2802467,6.1027829,19495786.0,122172313.0,1.725867,-1.4107,1129622735.0,7005212945.675616,2026-07-14
2016-06-24,sh.600399,抚顺特钢,6.1717966,6.0534874,6.2309512,5.8760236,21627913.0,133241922.0,1.914614,-2.3847,1129622629.0,6838156351.406374,2026-07-14
2016-06-27,sh.600399,抚顺特钢,6.0337692,6.2802467,6.3196831,6.014051,30096927.0,189519284.0,2.664334,3.7459,1129622900.0,7094310489.96943,2026-07-14
2016-06-28,sh.600399,抚顺特钢,6.2309512,6.2999649,6.3591195,6.1520784,22538680.0,142879393.0,1.995239,0.314,1129623068.0,7116585678.630313,2026-07-14
2016-06-29,sh.600399,抚顺特钢,6.2999649,6.4379923,6.6154561,6.2999649,42128262.0,277108928.0,3.72941,2.1909,1129622702.0,7272502257.381195,2026-07-14
2016-06-30,sh.600399,抚顺特钢,6.4281332,6.3788377,6.4281332,6.309824,16820400.0,108495808.0,1.489028,-0.9188,1129622814.0,7205680592.723288,2026-07-14
2016-07-01,sh.600399,抚顺特钢,6.408415,6.4281332,6.5661606,6.3788377,24246440.0,159021268.0,2.146419,0.7728,1129622874.0,7261366299.838818,2026-07-14
2016-07-04,sh.600399,抚顺特钢,6.309824,6.6844698,6.704188,6.2703876,55658773.0,370317424.0,4.9272,3.9877,1129622767.0,7550929271.403936,2026-07-14
2016-07-05,sh.600399,抚顺特钢,6.6943289,7.3548886,7.3548886,6.6154561,81052154.0,587083312.0,7.175152,10.0295,1129622815.0,8308249964.343409,2026-07-14
2016-07-06,sh.600399,抚顺特钢,7.394325,7.4534796,7.5520706,7.2070021,133414956.0,1001496320.0,11.810576,1.3405,1129622772.0,8419620286.797451,2026-07-14
2016-07-07,sh.600399,抚顺特钢,7.3450295,7.3746068,7.5422115,7.1872839,74542747.0,553560688.0,6.598906,-1.0582,1129622804.0,8330524011.813467,2026-07-14
2016-07-08,sh.600399,抚顺特钢,7.3746068,7.3844659,7.6802389,7.3253113,72996903.0,554298464.0,6.46206,0.1337,1129622798.0,8341661031.693588,2026-07-14
2016-07-11,sh.600399,抚顺特钢,7.5717888,7.6999571,8.0647438,7.4041841,110619410.0,863849408.0,9.792597,4.2724,1129622816.0,8698047222.381193,2026-07-14
2016-07-12,sh.600399,抚顺特钢,7.5816479,7.9365755,8.0055892,7.4140432,107128534.0,845408608.0,9.483567,3.073,1129622789.0,8965336551.41907,2026-07-14
2016-07-13,sh.600399,抚顺特钢,7.9267164,7.7295344,7.9267164,7.6309434,78047244.0,613750752.0,6.909142,-2.6087,1129622810.0,8731458368.919664,2026-07-14
2016-07-14,sh.600399,抚顺特钢,7.6605207,7.591507,7.7393935,7.4731978,49112332.0,378045232.0,4.347675,-1.7857,1129622890.0,8575540076.79523,2026-07-14
2016-07-15,sh.600399,抚顺特钢,7.5816479,7.4830569,7.6408025,7.4633387,44709754.0,341608608.0,3.957937,-1.4286,1129622680.0,8453030789.970492,2026-07-14
2016-07-18,sh.600399,抚顺特钢,7.4436205,7.2858749,7.4534796,7.2562976,37332096.0,277258784.0,3.304828,-2.635,1129622964.0,8230291599.871203,2026-07-14
2016-07-19,sh.600399,抚顺特钢,7.2267203,7.3253113,7.3450295,7.1084111,43785140.0,319821536.0,3.876085,0.5413,1129622802.0,8274838676.228263,2026-07-14
2016-07-20,sh.600399,抚顺特钢,7.2858749,7.2070021,7.295734,7.1577066,31152704.0,228235535.0,2.757797,-1.6151,1129622811.0,8141193971.084904,2026-07-14
2016-07-21,sh.600399,抚顺特钢,7.197143,7.3055931,7.4633387,7.1675657,41908032.0,311451712.0,3.709914,1.368,1129622735.0,8252564058.419128,2026-07-14
2016-07-22,sh.600399,抚顺特钢,7.3154522,7.2760158,7.4436205,7.2267203,34855669.0,259407019.0,3.085602,-0.4049,1129622971.0,8219154585.038941,2026-07-14
2016-07-25,sh.600399,抚顺特钢,7.2365794,7.0492565,7.2365794,6.9605246,38719442.0,278348192.0,3.427643,-3.1165,1129622951.0,7963001929.885932,2026-07-14
2016-07-26,sh.600399,抚顺特钢,6.999961,7.1379884,7.1478475,6.9901019,21606825.0,154933586.0,1.912747,1.2587,1129622736.0,8063233985.9442625,2026-07-14
2016-07-27,sh.600399,抚顺特钢,7.1478475,6.6943289,7.1675657,6.605597,39032997.0,271742672.0,3.455401,-6.2155,1129622785.0,7562066455.723987,2026-07-14
2016-07-28,sh.600399,抚顺特钢,6.7436244,6.7929199,6.8619336,6.6351743,27519795.0,188661211.0,2.436193,1.4728,1129622940.0,7673438148.622506,2026-07-14
2016-07-29,sh.600399,抚顺特钢,6.7929199,6.6943289,6.7929199,6.6351743,15353366.0,104518408.0,1.359159,-1.4514,1129622509.0,7562064608.0892105,2026-07-14
2016-08-01,sh.600399,抚顺特钢,6.6746107,6.5464424,6.6746107,6.4774287,19721186.0,130987275.0,1.74582,-2.2091,1129623100.0,7395012557.85944,2026-07-14
2016-08-02,sh.600399,抚顺特钢,6.5168651,6.6253152,6.6253152,6.507006,13552257.0,90693085.0,1.199715,1.2048,1129623035.0,7484108664.055633,2026-07-14
2016-08-03,sh.600399,抚顺特钢,6.6450334,6.704188,6.7534835,6.5661606,16417255.0,110931746.0,1.45334,1.1905,1129622456.0,7573201314.045729,2026-07-14
2016-08-04,sh.600399,抚顺特钢,6.6746107,6.6943289,6.7633426,6.5858788,15220736.0,103096479.0,1.347418,-0.1471,1129622433.0,7562064099.320214,2026-07-14
2016-08-05,sh.600399,抚顺特钢,6.7140471,6.6548925,6.7239062,6.6450334,10623076.0,71999922.0,0.940409,-0.5891,1129622962.0,7517519377.641584,2026-07-14
2016-08-08,sh.600399,抚顺特钢,6.6154561,6.9112291,6.9506655,6.5168651,31713828.0,217925384.0,2.807471,3.8519,1129622639.0,7807080854.675594,2026-07-14
2016-08-09,sh.600399,抚顺特钢,6.8717927,6.8915109,6.9210882,6.8126381,20348215.0,141690753.0,1.801328,-0.2853,1129622978.0,7784809065.77746,2026-07-14
2016-08-10,sh.600399,抚顺特钢,6.8816518,6.8816518,7.1478475,6.8422154,30917374.0,219715081.0,2.736964,-0.1431,1129622969.0,7773671937.940194,2026-07-14
2016-08-11,sh.600399,抚顺特钢,6.8915109,6.704188,6.8915109,6.704188,21399721.0,147115991.0,1.894413,-2.5788,1129622791.0,7573203559.948709,2026-07-14
2016-08-12,sh.600399,抚顺特钢,6.6548925,6.802779,6.8224972,6.6548925,12222288.0,83443476.0,1.08198,1.4706,1129622359.0,7684571261.7356615,2026-07-14
2016-08-15,sh.600399,抚顺特钢,6.7929199,6.9605246,7.0295383,6.7436244,31291223.0,219607542.0,2.770059,2.3188,1129622979.0,7862768534.054784,2026-07-14
2016-08-16,sh.600399,抚顺特钢,6.9703837,7.0886929,7.1774248,6.9309473,36283827.0,259072502.0,3.21203,1.8414,1129622918.0,8007549958.503882,2026-07-14
2016-08-17,sh.600399,抚顺特钢,7.0492565,7.1182702,7.3647477,7.0295383,47137041.0,344956448.0,4.172812,0.4172,1129622926.0,8040961211.382606,2026-07-14
2016-08-18,sh.600399,抚顺特钢,7.1084111,7.1084111,7.2070021,7.0295383,27281314.0,196188621.0,2.415082,-0.1385,1129622679.0,8029822390.215337,2026-07-14
2016-08-19,sh.600399,抚顺特钢,7.0788338,7.0295383,7.1084111,6.9605246,17839111.0,127031315.0,1.57921,-1.1096,1129622469.0,7940724410.376062,2026-07-14
2016-08-22,sh.600399,抚顺特钢,7.0196792,6.9112291,7.0492565,6.90137,13525978.0,95823237.0,1.197389,-1.683,1129622704.0,7807081303.905486,2026-07-14
2016-08-23,sh.600399,抚顺特钢,6.90137,6.9506655,6.9802428,6.8619336,14836875.0,104084140.0,1.313436,0.5706,1129622989.0,7851631537.649179,2026-07-14
2016-08-24,sh.600399,抚顺特钢,6.9802428,6.90137,6.9901019,6.8717927,15025381.0,105566057.0,1.330124,-0.7092,1129622577.0,7795943364.23049,2026-07-14
2016-08-25,sh.600399,抚顺特钢,6.8323563,6.9210882,7.0689747,6.7534835,25908811.0,181625638.0,2.293581,0.2857,1129622673.0,7818218152.552758,2026-07-14
2016-08-26,sh.600399,抚顺特钢,6.9210882,6.8717927,6.9506655,6.8520745,14772801.0,103183428.0,1.307764,-0.7123,1129622852.0,7762534068.1267805,2026-07-14
2016-08-29,sh.600399,抚顺特钢,6.9506655,6.9309473,7.0295383,6.8915109,17478224.0,123439569.0,1.547262,0.8608,1129622779.0,7829355950.128547,2026-07-14
2016-08-30,sh.600399,抚顺特钢,6.9112291,6.9901019,7.0098201,6.8520745,20958618.0,147873728.0,1.855364,0.8535,1129622974.0,7896179696.84105,2026-07-14
2016-08-31,sh.600399,抚顺特钢,6.9506655,6.9506655,6.9901019,6.90137,13099744.0,92145070.0,1.159656,-0.5642,1129623268.0,7851633476.884854,2026-07-14
2016-09-01,sh.600399,抚顺特钢,6.9309473,6.8422154,6.9605246,6.8323563,13993362.0,97787671.0,1.238764,-1.5603,1129622914.0,7729123298.363675,2026-07-14
2016-09-02,sh.600399,抚顺特钢,6.8323563,6.8520745,6.8816518,6.6943289,17623802.0,121161707.0,1.560149,0.1441,1129623004.0,7740260980.321797,2026-07-14
2016-09-05,sh.600399,抚顺特钢,6.8915109,6.9605246,7.1675657,6.8619336,28290285.0,201048460.0,2.504401,1.582736,1129622812.0,7862767371.647176,2026-07-14
2016-09-06,sh.600399,抚顺特钢,7.0098201,6.9802428,7.0196792,6.8619336,16754942.0,117901627.0,1.483233,0.283286,1129623060.0,7885043231.278968,2026-07-14
2016-09-07,sh.600399,抚顺特钢,6.9506655,6.9605246,7.0492565,6.9506655,18512985.0,131258584.0,1.638864,-0.282486,1129623019.0,7862768812.475768,2026-07-14
2016-09-08,sh.600399,抚顺特钢,6.9802428,6.9802428,7.0098201,6.9309473,12489060.0,88339743.0,1.105596,0.283286,1129622394.0,7885038582.4372635,2026-07-14
2016-09-09,sh.600399,抚顺特钢,6.999961,7.0689747,7.1379884,6.9605246,35900790.0,256923873.0,3.178122,1.271189,1129622777.0,7985274831.156742,2026-07-14
2016-09-12,sh.600399,抚顺特钢,6.90137,6.7534835,6.9210882,6.7337653,25348918.0,175390196.0,2.244016,-4.463043,1129622873.0,7628889434.028095,2026-07-14
2016-09-13,sh.600399,抚顺特钢,6.802779,6.7239062,6.8126381,6.704188,14586145.0,99600995.0,1.29124,-0.437952,1129623075.0,7595479597.655565,2026-07-14
2016-09-14,sh.600399,抚顺特钢,6.6943289,6.6154561,6.6943289,6.5760197,14303204.0,95957546.0,1.266193,-1.612905,1129622735.0,7472969612.954433,2026-07-14
2016-09-19,sh.600399,抚顺特钢,6.6253152,6.6746107,6.704188,6.6253152,8541772.0,57852380.0,0.756161,0.894187,1129623453.0,7539796786.364747,2026-07-14
2016-09-20,sh.600399,抚顺特钢,6.6548925,6.6253152,6.6943289,6.5957379,7445661.0,50004073.0,0.659128,-0.738555,1129622926.0,7484107941.8962755,2026-07-14
2016-09-21,sh.600399,抚顺特钢,6.6746107,6.8422154,7.0886929,6.6450334,34225174.0,239562063.0,3.029788,3.273813,1129622733.0,7729122059.922688,2026-07-14
2016-09-22,sh.600399,抚顺特钢,6.8224972,6.8126381,6.90137,6.7830608,14254379.0,98671832.0,1.261871,-0.43228,1129622521.0,7695709425.182651,2026-07-14
2016-09-23,sh.600399,抚顺特钢,6.8126381,6.999961,7.0591156,6.8126381,34290681.0,242661139.0,3.035587,2.749639,1129622739.0,7907315117.713179,2026-07-14
2016-09-26,sh.600399,抚顺特钢,6.9703837,6.8520745,7.0689747,6.8323563,20496121.0,144086291.0,1.814422,-2.112678,1129622602.0,7740258225.787848,2026-07-14
2016-09-27,sh.600399,抚顺特钢,6.8520745,6.8816518,6.9408064,6.7239062,10590616.0,73292703.0,0.937536,0.431658,1129622329.0,7773667533.683043,2026-07-14
2016-09-28,sh.600399,抚顺特钢,6.8816518,6.802779,6.8915109,6.7830608,9088469.0,62834928.0,0.804558,-1.146131,1129622600.0,7684572901.2054,2026-07-14
2016-09-29,sh.600399,抚顺特钢,6.802779,6.802779,6.8717927,6.7239062,9127831.0,62952882.0,0.808042,0.0,1129623336.0,7684577908.050744,2026-07-14
2016-09-30,sh.600399,抚顺特钢,6.7929199,6.7732017,6.8224972,6.7436244,7941334.0,54500629.0,0.703008,-0.434786,1129622138.0,7651158585.459235,2026-07-14
2016-10-10,sh.600399,抚顺特钢,6.802779,6.8422154,6.8717927,6.7436244,14167470.0,97765611.0,1.254177,1.018925,1129622852.0,7729122874.14632,2026-07-14
2016-10-11,sh.600399,抚顺特钢,6.9210882,6.9901019,7.098552,6.9210882,29854949.0,212019962.0,2.642913,2.161385,1129622844.0,7896178788.127804,2026-07-14
2016-10-12,sh.600399,抚顺特钢,6.999961,7.0196792,7.0393974,6.9309473,15885709.0,112240827.0,1.406284,0.423127,1129623106.0,7929591821.027595,2026-07-14
2016-10-13,sh.600399,抚顺特钢,7.0098201,7.295734,7.6999571,6.9901019,63305847.0,469542672.0,5.604158,3.932587,1129622809.0,8241427534.796806,2026-07-14
2016-10-14,sh.600399,抚顺特钢,7.2464385,7.1872839,7.2760158,7.0788338,31941895.0,231596078.0,2.82766,-1.486488,1129622904.0,8118920510.990445,2026-07-14
2016-10-17,sh.600399,抚顺特钢,7.1281293,7.0098201,7.1872839,6.9802428,25394510.0,182538191.0,2.248052,-2.469133,1129622891.0,7918453246.751909,2026-07-14
2016-10-18,sh.600399,抚顺特钢,6.9901019,7.0886929,7.098552,6.9802428,18754357.0,134144812.0,1.660232,1.125175,1129622667.0,8007548179.241964,2026-07-14
2016-10-19,sh.600399,抚顺特钢,7.1577066,7.0886929,7.1872839,7.0098201,21483364.0,154518953.0,1.901817,0.0,1129623092.0,8007551191.936446,2026-07-14
2016-10-20,sh.600399,抚顺特钢,7.0788338,7.098552,7.1379884,7.0196792,15484354.0,111017443.0,1.370754,0.139079,1129623113.0,8018688408.032375,2026-07-14
2016-10-21,sh.600399,抚顺特钢,7.1084111,7.098552,7.2562976,7.0196792,24016226.0,173901117.0,2.126039,0.0,1129623022.0,8018687762.064144,2026-07-14
2016-10-24,sh.600399,抚顺特钢,7.0591156,7.3450295,7.394325,6.999961,50276295.0,368054864.0,4.450715,3.472222,1129622881.0,8297113384.819989,2026-07-14
2016-10-25,sh.600399,抚顺特钢,7.295734,7.3253113,7.4337614,7.2267203,37899123.0,281135760.0,3.355025,-0.268456,1129622670.0,8274837709.287171,2026-07-14
2016-10-26,sh.600399,抚顺特钢,7.2365794,7.2858749,7.3844659,7.2267203,29454044.0,218036123.0,2.607423,-0.538358,1129622773.0,8230290208.269097,2026-07-14
2016-10-27,sh.600399,抚顺特钢,7.2760158,7.197143,7.2858749,7.1478475,19662468.0,143776406.0,1.740622,-1.217858,1129623089.0,8130058907.634727,2026-07-14
2016-10-28,sh.600399,抚顺特钢,7.197143,7.0788338,7.2464385,7.0788338,16819800.0,122006364.0,1.488975,-1.643841,1129622727.0,7996411541.135773,2026-07-14
2016-10-31,sh.600399,抚顺特钢,7.0591156,7.0295383,7.1281293,7.0098201,16224620.0,116101994.0,1.436287,-0.696375,1129622422.0,7940724079.987762,2026-07-14
2016-11-01,sh.600399,抚顺特钢,7.0689747,7.098552,7.098552,7.0098201,11872987.0,84922353.0,1.051058,0.981763,1129622438.0,8018683616.509776,2026-07-14
2016-11-02,sh.600399,抚顺特钢,7.0788338,6.9901019,7.0886929,6.9802428,14924089.0,106209386.0,1.321157,-1.527773,1129622672.0,7896177585.8302765,2026-07-14
2016-11-03,sh.600399,抚顺特钢,6.9802428,7.1084111,7.1478475,6.9506655,22391559.0,160436015.0,1.982216,1.692523,1129622554.0,8029821501.663949,2026-07-14
2016-11-04,sh.600399,抚顺特钢,7.1084111,6.9901019,7.1084111,6.9210882,23311818.0,165624089.0,2.063682,-1.664353,1129622587.0,7896176991.671616,2026-07-14
2016-11-07,sh.600399,抚顺特钢,6.9703837,7.0196792,7.0196792,6.9112291,12075203.0,85477607.0,1.068959,0.423127,1129622652.0,7929588634.093238,2026-07-14
2016-11-08,sh.600399,抚顺特钢,7.0492565,7.0492565,7.0788338,7.0196792,14767763.0,105566859.0,1.307318,0.421351,1129622861.0,7963001295.452847,2026-07-14
2016-11-09,sh.600399,抚顺特钢,7.0788338,7.1577066,7.4337614,6.9802428,51417576.0,374436384.0,4.551747,1.538463,1129622890.0,8085509215.264074,2026-07-14
2016-11-10,sh.600399,抚顺特钢,7.295734,7.295734,7.3844659,7.1084111,50595530.0,371489024.0,4.478976,1.928373,1129622708.0,8241426797.927672,2026-07-14
2016-11-11,sh.600399,抚顺特钢,7.8084072,7.88728,8.0253074,7.6605207,177569952.0,1426908336.0,15.719402,8.108107,1129622819.0,8909651467.84232,2026-07-14
2016-11-14,sh.600399,抚顺特钢,7.6999571,7.6112252,7.7591117,7.4830569,110977751.0,853606544.0,9.824319,-3.500003,1129622837.0,8597813803.469893,2026-07-14
2016-11-15,sh.600399,抚顺特钢,7.5619297,7.5422115,7.7295344,7.4830569,50710606.0,389121600.0,4.489163,-0.906732,1129622738.0,8519853605.205087,2026-07-14
2016-11-16,sh.600399,抚顺特钢,7.5619297,7.394325,7.5619297,7.3746068,43094275.0,324633552.0,3.814926,-1.960786,1129622829.0,8352798325.045425,2026-07-14
2016-11-17,sh.600399,抚顺特钢,7.4239023,7.5027751,7.5422115,7.4140432,37569489.0,284854016.0,3.325844,1.466668,1129622706.0,8475305110.97142,2026-07-14
2016-11-18,sh.600399,抚顺特钢,7.4534796,7.3450295,7.4830569,7.3055931,29553145.0,220862847.0,2.616196,-2.102501,1129622742.0,8297112363.8608885,2026-07-14
2016-11-21,sh.600399,抚顺特钢,7.3154522,7.3450295,7.394325,7.295734,22010742.0,164061628.0,1.948504,0.0,1129622623.0,8297111489.802379,2026-07-14
2016-11-22,sh.600399,抚顺特钢,7.3548886,7.4731978,7.5619297,7.3253113,32252995.0,244122668.0,2.8552,1.744968,1129622969.0,8441895886.760268,2026-07-14
2016-11-23,sh.600399,抚顺特钢,7.492916,7.3548886,7.5224933,7.3450295,27555066.0,207738036.0,2.439316,-1.583112,1129622648.0,8308248736.077013,2026-07-14
2016-11-24,sh.600399,抚顺特钢,7.3154522,7.295734,7.3844659,7.2858749,22532297.0,167398240.0,1.994674,-0.804289,1129623036.0,8241429190.928425,2026-07-14
2016-11-25,sh.600399,抚顺特钢,7.3450295,7.394325,7.394325,7.2070021,24131778.0,179435748.0,2.136269,1.35135,1129622627.0,8352796831.391775,2026-07-14
2016-11-28,sh.600399,抚顺特钢,7.394325,7.4239023,7.4436205,7.3351704,20910725.0,156456719.0,1.851125,0.400003,1129622527.0,8386207276.327112,2026-07-14
2016-11-29,sh.600399,抚顺特钢,7.394325,7.394325,7.5422115,7.3450295,35844908.0,271434896.0,3.173175,-0.398409,1129622791.0,8352798044.061075,2026-07-14
2016-11-30,sh.600399,抚顺特钢,7.3746068,7.197143,7.3746068,7.1675657,30491290.0,223626660.0,2.699245,-2.666664,1129622913.0,8130057640.937558,2026-07-14
2016-12-01,sh.600399,抚顺特钢,7.1774248,7.3844659,7.4731978,7.1675657,39905162.0,297215536.0,3.532609,2.602734,1129622950.0,8341662154.132405,2026-07-14
2016-12-02,sh.600399,抚顺特钢,7.3450295,7.197143,7.4337614,7.1774248,32627211.0,241289432.0,2.888328,-2.53671,1129622778.0,8130056669.323254,2026-07-14
2016-12-05,sh.600399,抚顺特钢,7.1281293,7.1478475,7.3154522,7.0689747,19036006.0,138718738.0,1.685165,-0.684934,1129622678.0,8074370634.885605,2026-07-14
2016-12-06,sh.600399,抚顺特钢,7.1872839,7.0886929,7.2168612,7.0591156,17355166.0,125197898.0,1.536368,-0.827585,1129622981.0,8007550405.091535,2026-07-14
2016-12-07,sh.600399,抚顺特钢,7.098552,7.2760158,7.3351704,7.0689747,32049197.0,235373127.0,2.837159,2.64256,1129622873.0,8219153871.989393,2026-07-14
2016-12-08,sh.600399,抚顺特钢,7.2464385,7.1478475,7.2858749,7.1379884,19920197.0,145482102.0,1.763438,-1.761519,1129622760.0,8074371221.0091,2026-07-14
2016-12-09,sh.600399,抚顺特钢,7.1478475,7.2365794,7.295734,7.1182702,21431702.0,156598688.0,1.897244,1.241381,1129622863.0,8174605540.154822,2026-07-14
2016-12-12,sh.600399,抚顺特钢,7.2562976,6.9901019,7.3844659,6.9309473,28918955.0,209615047.0,2.560054,-3.405995,1129622852.0,7896178844.048618,2026-07-14
2016-12-13,sh.600399,抚顺特钢,6.9901019,7.0393974,7.1281293,6.90137,25611067.0,182028253.0,2.267223,0.705215,1129622759.0,7951863512.685427,2026-07-14
2016-12-14,sh.600399,抚顺特钢,6.9605246,6.8520745,7.0196792,6.8323563,26619149.0,186616512.0,2.356464,-2.661065,1129622562.0,7740257951.704868,2026-07-14
2016-12-15,sh.600399,抚顺特钢,6.802779,6.9605246,7.0196792,6.7633426,26733223.0,186956313.0,2.366562,1.582736,1129622761.0,7862767016.660421,2026-07-14
2016-12-16,sh.600399,抚顺特钢,6.9112291,6.9309473,7.0098201,6.8816518,16915337.0,119020648.0,1.497432,-0.424925,1129623048.0,7829357814.55337,2026-07-14
2016-12-19,sh.600399,抚顺特钢,6.90137,6.8422154,6.9506655,6.7929199,14435678.0,100586363.0,1.27792,-1.28023,1129622981.0,7729123756.792107,2026-07-14
2016-12-20,sh.600399,抚顺特钢,6.8619336,6.7140471,6.8816518,6.6844698,19061274.0,130682286.0,1.687402,-1.873201,1129622580.0,7584339207.343518,2026-07-14
2016-12-21,sh.600399,抚顺特钢,6.704188,6.802779,6.8224972,6.704188,15718980.0,107937658.0,1.391525,1.321588,1129622536.0,7684572465.827544,2026-07-14
2016-12-22,sh.600399,抚顺特钢,6.802779,6.802779,6.8323563,6.7534835,11601236.0,79910966.0,1.027001,0.0,1129622659.0,7684573302.569361,2026-07-14
2016-12-23,sh.600399,抚顺特钢,6.8224972,6.8224972,6.9112291,6.802779,14016488.0,97341892.0,1.240811,0.289855,1129623126.0,7706850614.190248,2026-07-14
2016-12-26,sh.600399,抚顺特钢,6.802779,6.7633426,6.802779,6.6253152,14351704.0,97540795.0,1.270486,-0.867051,1129623152.0,7640028385.867875,2026-07-14
2016-12-27,sh.600399,抚顺特钢,6.7239062,6.7732017,6.802779,6.7140471,9058588.0,62274446.0,0.801913,0.145769,1129622291.0,7651159621.759095,2026-07-14
2016-12-28,sh.600399,抚顺特钢,6.7633426,6.7534835,6.802779,6.7239062,6963088.0,47776270.0,0.616408,-0.291121,1129623237.0,7628891892.296089,2026-07-14
2016-12-29,sh.600399,抚顺特钢,6.7534835,6.7436244,6.802779,6.6844698,10793613.0,73871385.0,0.955506,-0.145982,1129622734.0,7617751431.79711,2026-07-14
2016-12-30,sh.600399,抚顺特钢,6.7534835,6.7732017,6.7929199,6.7140471,8957413.0,61366768.0,0.792956,0.438593,1129622955.0,7651164119.165024,2026-07-14
2017-01-03,sh.600399,抚顺特钢,6.7830608,6.8619336,6.90137,6.7830608,14832718.0,103061162.0,1.313068,1.310046,1129622990.0,7751397950.413465,2026-07-14
2017-01-04,sh.600399,抚顺特钢,6.8224972,6.90137,6.9210882,6.8126381,14869449.0,103766721.0,1.31632,0.574712,1129622660.0,7795943937.0442,2026-07-14
2017-01-05,sh.600399,抚顺特钢,6.8816518,6.9802428,7.0393974,6.8520745,28299343.0,200201867.0,2.505203,1.142856,1129622749.0,7885041060.423457,2026-07-14
2017-01-06,sh.600399,抚顺特钢,6.9901019,6.9802428,7.0295383,6.9309473,19894628.0,140799753.0,1.761174,0.0,1129623081.0,7885043377.864067,2026-07-14
2017-01-09,sh.600399,抚顺特钢,6.9802428,7.2760158,7.3154522,6.9408064,57131309.0,416779088.0,5.057556,4.237291,1129622865.0,8219153813.781266,2026-07-14
2017-01-10,sh.600399,抚顺特钢,7.2267203,7.1872839,7.2661567,7.1577066,32459578.0,237292294.0,2.873488,-1.219514,1129622883.0,8118920360.057484,2026-07-14
2017-01-11,sh.600399,抚顺特钢,7.1675657,7.1281293,7.3746068,7.1182702,30814729.0,226152021.0,2.727878,-0.823044,1129622696.0,8052096637.302593,2026-07-14
2017-01-12,sh.600399,抚顺特钢,7.0689747,6.9506655,7.1478475,6.9309473,18456416.0,131833170.0,1.633857,-2.489624,1129622482.0,7851628013.661772,2026-07-14
2017-01-13,sh.600399,抚顺特钢,6.9605246,6.8126381,6.9901019,6.7830608,17857445.0,124638747.0,1.580833,-1.98582,1129622484.0,7695709173.115041,2026-07-14
2017-01-16,sh.600399,抚顺特钢,6.7732017,6.6746107,6.8816518,6.3689786,19045877.0,129528461.0,1.686039,-2.026047,1129622565.0,7539790859.310445,2026-07-14
2017-01-17,sh.600399,抚顺特钢,6.6548925,6.7337653,6.7436244,6.5858788,10559134.0,71525098.0,0.934749,0.886262,1129622391.0,7606612058.618833,2026-07-14
2017-01-18,sh.600399,抚顺特钢,6.704188,6.8126381,6.8520745,6.6844698,14601929.0,100375849.0,1.292638,1.171302,1129622447.0,7695708921.047431,2026-07-14
2017-01-19,sh.600399,抚顺特钢,6.7732017,6.6844698,6.802779,6.6647516,11506668.0,78562228.0,1.018629,-1.881326,1129623052.0,7550931176.477829,2026-07-14
2017-01-20,sh.600399,抚顺特钢,6.6548925,6.7929199,6.802779,6.6450334,9682949.0,66428867.0,0.857184,1.622414,1129623161.0,7673439649.857804,2026-07-14
2017-01-23,sh.600399,抚顺特钢,6.7436244,6.8816518,6.9408064,6.7436244,10968568.0,76453922.0,0.970994,1.306243,1129622634.0,7773669632.586842,2026-07-14
2017-01-24,sh.600399,抚顺特钢,6.8619336,6.9605246,6.9901019,6.8422154,17931506.0,126252567.0,1.587389,1.146131,1129622670.0,7862766383.252683,2026-07-14
2017-01-25,sh.600399,抚顺特钢,6.9210882,6.9605246,6.9703837,6.9210882,9314225.0,65669224.0,0.824543,0.0,1129622712.0,7862766675.594715,2026-07-14
2017-01-26,sh.600399,抚顺特钢,6.9605246,7.0393974,7.0393974,6.9210882,14333444.0,101654202.0,1.26887,1.133143,1129622735.0,7951863343.739889,2026-07-14
2017-02-03,sh.600399,抚顺特钢,7.0098201,7.0295383,7.2365794,6.9802428,14754933.0,105963517.0,1.306182,-0.140053,1129623054.0,7940728522.655968,2026-07-14
2017-02-06,sh.600399,抚顺特钢,6.9802428,7.0492565,7.0591156,6.9506655,13891483.0,98747660.0,1.229745,0.280505,1129623052.0,7963002641.860838,2026-07-14
2017-02-07,sh.600399,抚顺特钢,7.0393974,6.999961,7.0492565,6.9506655,12751975.0,90535877.0,1.12887,-0.699303,1129622986.0,7907316846.703546,2026-07-14
2017-02-08,sh.600399,抚顺特钢,6.9802428,7.0295383,7.0492565,6.90137,19928563.0,141161716.0,1.764179,0.422538,1129622504.0,7940724656.409903,2026-07-14
2017-02-09,sh.600399,抚顺特钢,7.0295383,7.2365794,7.295734,6.999961,52605530.0,383016784.0,4.656911,2.945302,1129622834.0,8174605330.29402,2026-07-14
2017-02-10,sh.600399,抚顺特钢,7.2267203,7.3548886,7.5224933,7.1872839,70530922.0,526556496.0,6.243759,1.634876,1129622748.0,8308249471.565872,2026-07-14
2017-02-13,sh.600399,抚顺特钢,7.3450295,7.2760158,7.3746068,7.2267203,31489011.0,232249449.0,2.787569,-1.072385,1129622657.0,8219152300.36998,2026-07-14
2017-02-14,sh.600399,抚顺特钢,7.2858749,7.4140432,7.4731978,7.2464385,42128222.0,314496384.0,3.729406,1.897017,1129622841.0,8375072542.880732,2026-07-14
2017-02-15,sh.600399,抚顺特钢,7.394325,7.2168612,7.4633387,7.1774248,42498278.0,314814384.0,3.762165,-2.659572,1129622917.0,8152331800.328121,2026-07-14
2017-02-16,sh.600399,抚顺特钢,7.1872839,7.4041841,7.5816479,7.1577066,56716783.0,426445328.0,5.02086,2.595629,1129622873.0,8363935715.262919,2026-07-14
2017-02-17,sh.600399,抚顺特钢,7.3253113,7.5126342,8.0746029,7.2562976,71814853.0,550307504.0,6.357419,1.464709,1129622776.0,8486442700.076539,2026-07-14
2017-02-20,sh.600399,抚顺特钢,7.690098,7.9168573,8.2520667,7.690098,93043814.0,751627072.0,8.236715,5.380575,1129622841.0,8943062835.01759,2026-07-14
2017-02-21,sh.600399,抚顺特钢,7.788689,7.8182663,7.8478436,7.6506616,62446882.0,490857984.0,5.528118,-1.245329,1129622812.0,8831691962.770836,2026-07-14
2017-02-22,sh.600399,抚顺特钢,7.7689708,7.9069982,7.9760119,7.7098162,59558561.0,475724576.0,5.272429,1.134939,1129622817.0,8931925580.69793,2026-07-14
2017-02-23,sh.600399,抚顺特钢,7.9562937,7.8281254,8.1140393,7.7295344,57480473.0,460362336.0,5.088466,-0.997511,1129622818.0,8842829074.005377,2026-07-14
2017-02-24,sh.600399,抚顺特钢,7.7492526,7.7689708,7.8084072,7.6506616,34343025.0,269152352.0,3.040221,-0.755667,1129622649.0,8776005375.09965,2026-07-14
2017-02-27,sh.600399,抚顺特钢,7.7393935,7.4534796,7.7689708,7.4041841,53319415.0,408700944.0,4.720108,-4.060916,1129622776.0,8419620316.611369,2026-07-14
2017-02-28,sh.600399,抚顺特钢,7.4337614,7.5027751,7.5126342,7.4140432,23414285.0,177264953.0,2.072753,0.661378,1129622536.0,8475303835.499654,2026-07-14
2017-03-01,sh.600399,抚顺特钢,7.5323524,7.6506616,7.8182663,7.5126342,53675141.0,418491824.0,4.751599,1.971092,1129622702.0,8642361028.679644,2026-07-14
2017-03-02,sh.600399,抚顺特钢,7.6605207,7.5619297,7.7295344,7.5323524,31987089.0,247141689.0,2.831661,-1.159796,1129622826.0,8542128397.727332,2026-07-14
2017-03-03,sh.600399,抚顺特钢,7.5224933,7.4830569,7.5717888,7.4239023,26477338.0,201193652.0,2.34391,-1.043024,1129622639.0,8453030483.165159,2026-07-14
2017-03-06,sh.600399,抚顺特钢,7.5126342,7.6210843,7.6309434,7.4830569,25311162.0,194241980.0,2.240674,1.844531,1129622694.0,8608949778.167105,2026-07-14
2017-03-07,sh.600399,抚顺特钢,7.591507,7.5323524,7.6112252,7.4436205,24553961.0,187143628.0,2.173642,-1.164297,1129623047.0,8508718869.165763,2026-07-14
2017-03-08,sh.600399,抚顺特钢,7.5027751,7.5224933,7.690098,7.4633387,21279374.0,163282011.0,1.883759,-0.130887,1129622951.0,8497581080.423728,2026-07-14
2017-03-09,sh.600399,抚顺特钢,7.492916,7.3548886,7.492916,7.2562976,34432335.0,256568247.0,3.048127,-2.228048,1129622716.0,8308249236.209437,2026-07-14
2017-03-10,sh.600399,抚顺特钢,7.3351704,7.2661567,7.3746068,7.2562976,18528152.0,137368324.0,1.640207,-1.206436,1129622785.0,8208016167.700409,2026-07-14
2017-03-13,sh.600399,抚顺特钢,7.2464385,7.3253113,7.3351704,7.1675657,16268219.0,119845116.0,1.440146,0.81411,1129622899.0,8274839386.783459,2026-07-14
2017-03-14,sh.600399,抚顺特钢,7.3253113,7.295734,7.4239023,7.2760158,15692456.0,116957968.0,1.389177,-0.403765,1129622503.0,8241425302.302202,2026-07-14
2017-03-15,sh.600399,抚顺特钢,7.2858749,7.3055931,7.3647477,7.2661567,12454656.0,92501573.0,1.10255,0.135132,1129622784.0,8252564416.39319,2026-07-14
2017-03-16,sh.600399,抚顺特钢,7.3154522,7.394325,7.4239023,7.3055931,21040454.0,157006492.0,1.862609,1.214577,1129622696.0,8352797341.600201,2026-07-14
2017-03-17,sh.600399,抚顺特钢,7.4140432,7.2464385,7.4140432,7.2365794,19172223.0,142445614.0,1.697223,-2.000001,1129623096.0,8185744293.343596,2026-07-14
2017-03-20,sh.600399,抚顺特钢,7.2464385,7.2858749,7.2858749,7.1872839,14832930.0,108825520.0,1.313087,0.544217,1129622790.0,8230290332.12897,2026-07-14
2017-03-21,sh.600399,抚顺特钢,7.2760158,7.2562976,7.2858749,7.2267203,11865972.0,87280323.0,1.050437,-0.40595,1129622433.0,8196876549.48406,2026-07-14
2017-03-22,sh.600399,抚顺特钢,7.2267203,7.1379884,7.2365794,7.1281293,17608034.0,128084905.0,1.558753,-1.63044,1129623103.0,8063236605.586005,2026-07-14
2017-03-23,sh.600399,抚顺特钢,7.1182702,7.2070021,7.2168612,7.0788338,17828870.0,129744440.0,1.578303,0.966853,1129622766.0,8141193646.769809,2026-07-14
2017-03-24,sh.600399,抚顺特钢,7.2070021,7.2661567,7.2661567,7.1182702,21583514.0,157313020.0,1.910683,0.820793,1129622967.0,8208017490.140928,2026-07-14
2017-03-27,sh.600399,抚顺特钢,7.2464385,7.295734,7.3351704,7.2168612,20230624.0,149354642.0,1.790919,0.407058,1129622501.0,8241425287.710734,2026-07-14
2017-03-28,sh.600399,抚顺特钢,7.2661567,7.2464385,7.3351704,7.2267203,12436986.0,91814339.0,1.100986,-0.675678,1129622538.0,8185740249.830913,2026-07-14
2017-03-29,sh.600399,抚顺特钢,7.197143,7.2365794,7.295734,7.0788338,30451278.0,221836051.0,2.695703,-0.136051,1129622885.0,8174605699.35957,2026-07-14
2017-03-30,sh.600399,抚顺特钢,7.1872839,7.098552,7.2168612,7.0788338,18181291.0,131651532.0,1.609501,-1.907362,1129622846.0,8018686512.718991,2026-07-14
2017-03-31,sh.600399,抚顺特钢,7.1478475,7.4830569,7.7591117,7.1478475,74811196.0,565801104.0,6.622671,5.416672,1129622716.0,8453031059.36054,2026-07-14
2017-04-05,sh.600399,抚顺特钢,7.3548886,7.6408025,7.7295344,7.3450295,69228792.0,530004208.0,6.128487,2.108035,1129622891.0,8631225409.610027,2026-07-14
2017-04-06,sh.600399,抚顺特钢,7.5717888,7.591507,7.690098,7.5224933,42325131.0,326096928.0,3.746838,-0.645164,1129622658.0,8575538315.565606,2026-07-14
2017-04-07,sh.600399,抚顺特钢,7.6013661,7.6408025,7.7788299,7.5717888,41286607.0,320620592.0,3.654902,0.649353,1129622819.0,8631224859.472248,2026-07-14
2017-04-10,sh.600399,抚顺特钢,7.6506616,7.7295344,7.9464346,7.5422115,55150357.0,432647072.0,4.882192,1.161292,1129622862.0,8731458770.855453,2026-07-14
2017-04-11,sh.600399,抚顺特钢,7.6112252,8.1140393,8.3112213,7.6013661,111335354.0,903529104.0,9.855976,4.974482,1129622820.0,9165803955.656826,2026-07-14
2017-04-12,sh.600399,抚顺特钢,8.0154483,7.8379845,8.2619258,7.8084072,76912972.0,624240240.0,6.80873,-3.402184,1129622881.0,8853966632.123344,2026-07-14
2017-04-13,sh.600399,抚顺特钢,7.8675618,8.0154483,8.0351665,7.7295344,46379872.0,370602784.0,4.105784,2.264155,1129622796.0,9054433119.839445,2026-07-14
2017-04-14,sh.600399,抚顺特钢,8.0154483,7.9168573,8.1633348,7.8182663,55153076.0,447446176.0,4.882433,-1.230017,1129622793.0,8943062455.00844,2026-07-14
2017-04-17,sh.600399,抚顺特钢,7.7591117,7.5816479,7.7689708,7.5323524,36701707.0,284037616.0,3.249023,-4.234118,1129622874.0,8564402890.454064,2026-07-14
2017-04-18,sh.600399,抚顺特钢,7.591507,7.5027751,7.6703798,7.492916,23874186.0,183906209.0,2.113465,-1.040311,1129622965.0,8475307054.190171,2026-07-14
2017-04-19,sh.600399,抚顺特钢,7.4239023,7.3253113,7.492916,7.1872839,34996352.0,260297882.0,3.098056,-2.365313,1129622964.0,8274839862.928693,2026-07-14
2017-04-20,sh.600399,抚顺特钢,7.3055931,7.2562976,7.3746068,7.0886929,32259919.0,236317796.0,2.855813,-0.942122,1129622948.0,8196880286.4773245,2026-07-14
2017-04-21,sh.600399,抚顺特钢,7.2562976,7.3253113,7.4337614,7.2464385,30631866.0,228342717.0,2.71169,0.951083,1129622708.0,8274837987.649,2026-07-14
2017-04-24,sh.600399,抚顺特钢,7.3548886,7.0788338,7.3844659,7.0295383,27242681.0,197848268.0,2.411662,-3.364738,1129622683.0,7996411229.667086,2026-07-14
2017-04-25,sh.600399,抚顺特钢,7.0591156,7.3450295,7.3647477,7.0098201,32060312.0,234178866.0,2.838143,3.760446,1129622856.0,8297113201.194252,2026-07-14
2017-04-26,sh.600399,抚顺特钢,7.2760158,7.1577066,7.3253113,7.098552,29704204.0,216601437.0,2.629568,-2.55033,1129622965.0,8085509752.092069,2026-07-14
2017-04-27,sh.600399,抚顺特钢,7.1379884,6.999961,7.1379884,6.8126381,32791561.0,230831594.0,2.902877,-2.203861,1129622819.0,7907315677.710059,2026-07-14
2017-04-28,sh.600399,抚顺特钢,6.9506655,7.0393974,7.0788338,6.9506655,13940507.0,99325863.0,1.234085,0.56338,1129622919.0,7951864638.989011,2026-07-14
2017-05-02,sh.600399,抚顺特钢,7.0393974,7.0196792,7.0591156,6.9408064,11843566.0,84020955.0,1.048453,-0.280112,1129622978.0,7929590922.508657,2026-07-14
2017-05-03,sh.600399,抚顺特钢,6.999961,7.098552,7.1084111,6.9309473,19969652.0,142767144.0,1.767816,1.123595,1129622766.0,8018685944.834832,2026-07-14
2017-05-04,sh.600399,抚顺特钢,7.0886929,7.0098201,7.0886929,6.9802428,14560774.0,103787480.0,1.288994,-1.249996,1129623101.0,7918454718.81413,2026-07-14
2017-05-05,sh.600399,抚顺特钢,6.999961,6.8422154,7.0393974,6.8323563,16751856.0,117928582.0,1.48296,-2.391,1129622916.0,7729123312.048106,2026-07-14
2017-05-08,sh.600399,抚顺特钢,6.802779,6.5760197,6.8323563,6.5267242,19311746.0,130174168.0,1.709575,-3.89049,1129622626.0,7428420642.141732,2026-07-14
2017-05-09,sh.600399,抚顺特钢,6.5365833,6.6943289,6.7830608,6.507006,12329333.0,83265255.0,1.091456,1.799099,1129622541.0,7562064822.307735,2026-07-14
2017-05-10,sh.600399,抚顺特钢,6.6943289,6.3394013,6.7436244,6.3295422,28702061.0,188984006.0,2.540854,-5.301917,1129622599.0,7161130972.609979,2026-07-14
2017-05-11,sh.600399,抚顺特钢,6.1323602,5.7084189,6.1323602,5.7084189,65545061.0,384171200.0,5.802385,-9.953341,1129622750.0,6448359855.9699745,2026-07-14
2017-05-12,sh.600399,抚顺特钢,5.6492643,5.6295461,5.7281371,5.5605324,22626041.0,129272601.0,2.002973,-1.381691,1129622866.0,6359263999.761123,2026-07-14
2017-05-15,sh.600399,抚顺特钢,5.6098279,5.6492643,5.6788416,5.6098279,11158637.0,63969207.0,0.98782,0.350262,1129622502.0,6381536073.025278,2026-07-14
2017-05-16,sh.600399,抚顺特钢,5.6394052,5.6985598,5.7084189,5.3830686,25682748.0,143671952.0,2.273568,0.872604,1129623042.0,6437224456.294911,2026-07-14
2017-05-17,sh.600399,抚顺特钢,5.6985598,5.7084189,5.7872917,5.6492643,18602063.0,108121605.0,1.64675,0.173006,1129622772.0,6448359981.555191,2026-07-14
2017-05-18,sh.600399,抚顺特钢,5.6295461,5.6788416,5.7675735,5.5802506,13081842.0,75613357.0,1.158072,-0.51813,1129622511.0,6414947307.763258,2026-07-14
2017-05-19,sh.600399,抚顺特钢,5.6394052,5.6985598,5.718278,5.6394052,8704826.0,50165556.0,0.770596,0.347222,1129622526.0,6437221515.838055,2026-07-14
2017-05-22,sh.600399,抚顺特钢,5.718278,5.718278,5.8563054,5.6985598,17318456.0,101354685.0,1.533118,0.34602,1129623160.0,6459499264.11848,2026-07-14
2017-05-23,sh.600399,抚顺特钢,5.718278,5.5309551,5.7379962,5.521096,12692963.0,72215342.0,1.123646,-3.275863,1129622942.0,6247893772.131904,2026-07-14
2017-05-24,sh.600399,抚顺特钢,5.4619414,5.521096,5.5309551,5.2943367,13113674.0,72309230.0,1.16089,-0.178257,1129622445.0,6236753962.59972,2026-07-14
2017-05-25,sh.600399,抚顺特钢,5.521096,5.5901097,5.5999688,5.4422232,12148123.0,68165817.0,1.075414,1.250003,1129622917.0,6314716025.663995,2026-07-14
2017-05-26,sh.600399,抚顺特钢,5.6098279,5.6098279,5.6295461,5.5703915,8001239.0,45449187.0,0.708311,0.352733,1129622299.0,6336986689.392342,2026-07-14
2017-05-31,sh.600399,抚顺特钢,5.6887007,5.5901097,5.6985598,5.5802506,8568757.0,49060550.0,0.75855,-0.351494,1129623229.0,6314717769.778221,2026-07-14
2017-06-01,sh.600399,抚顺特钢,5.5703915,5.5506733,5.718278,5.5408142,11966170.0,68410271.0,1.059307,-0.705467,1129622480.0,6270165338.8157835,2026-07-14
2017-06-02,sh.600399,抚顺特钢,5.521096,5.6689825,5.6887007,5.4619414,9393041.0,53283657.0,0.83152,2.131437,1129622980.0,6403812905.217851,2026-07-14
2017-06-05,sh.600399,抚顺特钢,5.6985598,5.7281371,5.7675735,5.6394052,9238851.0,53612855.0,0.81787,1.043477,1129623412.0,6470637775.305785,2026-07-14
2017-06-06,sh.600399,抚顺特钢,5.718278,5.7379962,5.7577144,5.6985598,6272768.0,36463639.0,0.555298,0.172121,1129621933.0,6481766358.990655,2026-07-14
2017-06-07,sh.600399,抚顺特钢,5.7478553,5.9253191,5.9844737,5.7281371,19116772.0,113859128.0,1.692315,3.264606,1129622558.0,6693374118.708258,2026-07-14
2017-06-08,sh.600399,抚顺特钢,5.9548964,5.9056009,5.9746146,5.8760236,8594361.0,51487193.0,0.760817,-0.332786,1129622629.0,6671100414.482765,2026-07-14
2017-06-09,sh.600399,抚顺特钢,5.8957418,5.8957418,5.9351782,5.8661645,7504368.0,44849403.0,0.664325,-0.166941,1129623001.0,6659965545.237142,2026-07-14
2017-06-12,sh.600399,抚顺特钢,5.8957418,5.8070099,5.9056009,5.7872917,7996198.0,47319315.0,0.707864,-1.505019,1129623487.0,6559734772.281521,2026-07-14
2017-06-13,sh.600399,抚顺特钢,5.7971508,5.8661645,5.8760236,5.7971508,6399178.0,37977774.0,0.566488,1.018675,1129622869.0,6626553572.51595,2026-07-14
2017-06-14,sh.600399,抚顺特钢,5.8661645,6.0929238,6.2605285,5.8070099,20504541.0,125447726.0,1.815167,3.865547,1129622839.0,6882705880.766668,2026-07-14
2017-06-15,sh.600399,抚顺特钢,5.9844737,6.0337692,6.0929238,5.9746146,13593907.0,83312942.0,1.203402,-0.970873,1129623102.0,6815885080.4560585,2026-07-14
2017-06-16,sh.600399,抚顺特钢,6.0732056,6.0633465,6.112642,6.014051,9773821.0,60153037.0,0.865229,0.4902,1129622447.0,6849292310.338885,2026-07-14
2017-06-19,sh.600399,抚顺特钢,6.0534874,6.2506694,6.2901058,6.0337692,21309118.0,133834946.0,1.886392,3.089432,1129623005.0,7060899950.889546,2026-07-14
2017-06-20,sh.600399,抚顺特钢,6.2210921,6.2802467,6.4478514,6.1915148,18306840.0,117004861.0,1.620615,0.473182,1129623013.0,7094311199.637307,2026-07-14
2017-06-21,sh.600399,抚顺特钢,6.2605285,6.1816557,6.3295422,6.1422193,15984128.0,100929468.0,1.414997,-1.569857,1129622748.0,6982938899.023864,2026-07-14
2017-06-22,sh.600399,抚顺特钢,6.1915148,6.0633465,6.2309512,6.0436283,13915611.0,86671333.0,1.231881,-1.913874,1129622991.0,6849295608.799381,2026-07-14
2017-06-23,sh.600399,抚顺特钢,6.0534874,6.0732056,6.1225011,5.9943328,9330976.0,57357288.0,0.826026,0.162598,1129622554.0,6860430020.839102,2026-07-14
2017-06-26,sh.600399,抚顺特钢,6.0929238,6.1619375,6.1717966,6.0830647,8015965.0,49851164.0,0.709614,1.461041,1129623288.0,6960668099.2005,2026-07-14
2017-06-27,sh.600399,抚顺特钢,6.1717966,6.211233,6.3196831,6.1520784,13859940.0,87637786.0,1.226953,0.800003,1129622732.0,7016349990.548556,2026-07-14
2017-06-28,sh.600399,抚顺特钢,6.211233,6.1915148,6.2703876,6.1619375,10958743.0,69114210.0,0.970124,-0.31746,1129622914.0,6994076990.450128,2026-07-14
2017-06-29,sh.600399,抚顺特钢,6.1915148,6.2013739,6.2408103,6.1717966,6163852.0,38781498.0,0.545656,0.159232,1129622326.0,7005210409.313691,2026-07-14
2017-06-30,sh.600399,抚顺特钢,6.1816557,6.1520784,6.2013739,6.112642,5920359.0,36934669.0,0.524101,-0.794916,1129621771.0,6949521697.538846,2026-07-14
2017-07-03,sh.600399,抚顺特钢,6.1816557,6.3886968,6.4182741,6.1619375,26969761.0,173143844.0,2.387501,3.846158,1129623024.0,7216818998.635123,2026-07-14
2017-07-04,sh.600399,抚顺特钢,6.408415,6.7830608,6.8816518,6.309824,52398366.0,354229008.0,4.638572,6.172841,1129622780.0,7662299997.805024,2026-07-14
2017-07-05,sh.600399,抚顺特钢,6.8126381,6.8816518,6.9309473,6.7534835,38844201.0,270035632.0,3.438688,1.453487,1129622722.0,7773670238.1722,2026-07-14
2017-07-06,sh.600399,抚顺特钢,6.8915109,7.197143,7.2464385,6.8422154,39575834.0,283564464.0,3.503456,4.584529,1129622693.0,8130056057.566098,2026-07-14
2017-07-07,sh.600399,抚顺特钢,7.197143,7.1084111,7.3055931,6.8520745,49405474.0,355282416.0,4.373626,-1.232879,1129622743.0,8029822845.153646,2026-07-14
2017-07-10,sh.600399,抚顺特钢,7.1084111,7.1084111,7.1084111,7.1084111,0.0,0.0,0.0,0.0,1129622743.0,8029822845.153646,2026-07-14
2017-07-11,sh.600399,抚顺特钢,7.1084111,7.1084111,7.1084111,7.1084111,0.0,0.0,0.0,0.0,1129622743.0,8029822845.153646,2026-07-14
2017-07-12,sh.600399,抚顺特钢,7.1084111,7.1084111,7.1084111,7.1084111,0.0,0.0,0.0,0.0,1129622743.0,8029822845.153646,2026-07-14
2017-07-13,sh.600399,抚顺特钢,7.1084111,7.1084111,7.1084111,7.1084111,0.0,0.0,0.0,0.0,1129622743.0,8029822845.153646,2026-07-14
2017-07-14,sh.600399,抚顺特钢,7.1084111,7.1084111,7.1084111,7.1084111,0.0,0.0,0.0,0.0,1129622743.0,8029822845.153646,2026-07-14
2017-07-17,sh.600399,抚顺特钢,7.0788338,6.605597,7.0788338,6.3985559,41449015.0,281099488.0,3.669279,-7.073512,1129622877.0,7461833487.44257,2026-07-14
2017-07-18,sh.600399,抚顺特钢,6.5563015,6.9605246,7.0788338,6.5168651,33572752.0,230946172.0,2.972032,5.373137,1129622830.0,7862767496.936618,2026-07-14
2017-07-19,sh.600399,抚顺特钢,6.90137,7.0098201,7.2168612,6.8619336,40855899.0,291804688.0,3.616774,0.708218,1129622669.0,7918451690.571847,2026-07-14
2017-07-20,sh.600399,抚顺特钢,6.9506655,6.9901019,7.0393974,6.8422154,24013016.0,168829036.0,2.125755,-0.281294,1129622934.0,7896179417.236975,2026-07-14
2017-07-21,sh.600399,抚顺特钢,6.9309473,6.802779,6.9309473,6.7534835,19712456.0,136769404.0,1.745048,-2.679832,1129622566.0,7684572669.910914,2026-07-14
2017-07-24,sh.600399,抚顺特钢,6.7337653,6.8717927,6.8816518,6.7140471,14945883.0,103325451.0,1.323086,1.014488,1129622942.0,7762534686.588123,2026-07-14
2017-07-25,sh.600399,抚顺特钢,6.8126381,6.7929199,6.9506655,6.6746107,23936293.0,165411513.0,2.118963,-1.147775,1129622981.0,7673438427.132222,2026-07-14
2017-07-26,sh.600399,抚顺特钢,6.7830608,6.7436244,6.8224972,6.6746107,14600708.0,99775237.0,1.29253,-0.725685,1129622369.0,7617748970.374204,2026-07-14
2017-07-27,sh.600399,抚顺特钢,6.7534835,6.8126381,6.9309473,6.7534835,22369924.0,155665778.0,1.9803,1.023387,1129622986.0,7695712593.059366,2026-07-14
2017-07-28,sh.600399,抚顺特钢,6.7239062,6.9112291,6.9309473,6.6943289,27514128.0,190166673.0,2.435692,1.447183,1129622629.0,7807080785.563304,2026-07-14
2017-07-31,sh.600399,抚顺特钢,6.8816518,7.1182702,7.2760158,6.8520745,46072029.0,332339248.0,4.078532,2.995714,1129622840.0,8040960599.211369,2026-07-14
2017-08-01,sh.600399,抚顺特钢,7.0492565,6.9703837,7.0886929,6.90137,25438678.0,179991033.0,2.251962,-2.077557,1129622880.0,7873904909.899056,2026-07-14
2017-08-02,sh.600399,抚顺特钢,6.9408064,6.8619336,7.0886929,6.8619336,28424077.0,201303021.0,2.516245,-1.555872,1129622791.0,7751396584.888678,2026-07-14
2017-08-03,sh.600399,抚顺特钢,6.7534835,7.1281293,7.1675657,6.7140471,36471442.0,257045820.0,3.228639,3.87931,1129622792.0,8052097321.603006,2026-07-14
2017-08-04,sh.600399,抚顺特钢,7.098552,7.4041841,7.8084072,7.0689747,93648855.0,709218976.0,8.290277,3.872755,1129622750.0,8363934804.548275,2026-07-14
2017-08-07,sh.600399,抚顺特钢,7.4140432,7.5619297,7.6802389,7.1379884,77128865.0,579332512.0,6.827842,2.130491,1129622874.0,8542128760.699958,2026-07-14
2017-08-08,sh.600399,抚顺特钢,7.5027751,7.2464385,7.5027751,7.1774248,56163564.0,417121184.0,4.971887,-4.172101,1129622697.0,8185741402.014634,2026-07-14
2017-08-09,sh.600399,抚顺特钢,7.2267203,7.2858749,7.4041841,7.0098201,44209131.0,322129520.0,3.913619,0.544217,1129622761.0,8230290120.838598,2026-07-14
2017-08-10,sh.600399,抚顺特钢,7.197143,7.0492565,7.2168612,7.0295383,29250862.0,210834963.0,2.589436,-3.247629,1129622899.0,7963001563.324594,2026-07-14
2017-08-11,sh.600399,抚顺特钢,6.9605246,6.605597,6.999961,6.507006,40870788.0,281305936.0,3.618092,-6.29371,1129622685.0,7461832219.167946,2026-07-14
2017-08-14,sh.600399,抚顺特钢,6.5858788,6.704188,6.802779,6.5858788,17262951.0,117354300.0,1.528205,1.492543,1129622727.0,7573203130.880676,2026-07-14
2017-08-15,sh.600399,抚顺特钢,6.6351743,6.6647516,6.7732017,6.6351743,14076127.0,95395683.0,1.246091,-0.588235,1129622716.0,7528654803.857346,2026-07-14
2017-08-16,sh.600399,抚顺特钢,6.6351743,6.6253152,6.7140471,6.5563015,13110479.0,88000910.0,1.160607,-0.591722,1129622603.0,7484105801.919466,2026-07-14
2017-08-17,sh.600399,抚顺特钢,6.704188,6.7534835,6.8915109,6.6844698,24156528.0,166422177.0,2.13846,1.934526,1129622626.0,7628887765.91767,2026-07-14
2017-08-18,sh.600399,抚顺特钢,6.704188,6.7140471,6.7732017,6.6647516,13012663.0,88571032.0,1.151948,-0.583941,1129622431.0,7584338206.9505005,2026-07-14
2017-08-21,sh.600399,抚顺特钢,6.7239062,6.8422154,6.90137,6.6746107,19919171.0,137203218.0,1.763347,1.908959,1129622871.0,7729123004.148413,2026-07-14
2017-08-22,sh.600399,抚顺特钢,6.8323563,6.7436244,6.8323563,6.704188,12931012.0,88576310.0,1.144719,-1.440921,1129623253.0,7617754931.7381735,2026-07-14
2017-08-23,sh.600399,抚顺特钢,6.7534835,6.6253152,6.7534835,6.5661606,14393900.0,96831386.0,1.274222,-1.754391,1129622625.0,7484105947.6764,2026-07-14
2017-08-24,sh.600399,抚顺特钢,6.6253152,6.5760197,6.6746107,6.5661606,7778650.0,52155758.0,0.688606,-0.744043,1129622745.0,7428421424.688076,2026-07-14
2017-08-25,sh.600399,抚顺特钢,6.5957379,6.6844698,6.7436244,6.5957379,12245190.0,82858448.0,1.084007,1.649177,1129622779.0,7550929351.617574,2026-07-14
2017-08-28,sh.600399,抚顺特钢,6.5760197,6.6844698,6.7633426,6.5661606,17649574.0,119227737.0,1.562431,0.0,1129622620.0,7550928288.786876,2026-07-14
2017-08-29,sh.600399,抚顺特钢,6.6844698,6.6844698,6.802779,6.6351743,14370186.0,97850899.0,1.272123,0.0,1129622371.0,7550926624.353895,2026-07-14
2017-08-30,sh.600399,抚顺特钢,6.6154561,6.802779,6.8619336,6.605597,32535480.0,223923896.0,2.880207,1.76991,1129622975.0,7684575452.247525,2026-07-14
2017-08-31,sh.600399,抚顺特钢,6.7633426,6.7732017,6.802779,6.7140471,16610304.0,113659303.0,1.470429,-0.434786,1129622988.0,7651164342.68068,2026-07-14
2017-09-01,sh.600399,抚顺特钢,6.7732017,7.0295383,7.1182702,6.7534835,45039592.0,318782992.0,3.987136,3.784574,1129622666.0,7940725795.195107,2026-07-14
2017-09-04,sh.600399,抚顺特钢,7.1281293,6.999961,7.197143,6.9703837,35383098.0,253693871.0,3.132293,-0.42076,1129622867.0,7907316013.708187,2026-07-14
2017-09-05,sh.600399,抚顺特钢,6.999961,6.8224972,6.999961,6.7534835,25158187.0,174437994.0,2.227132,-2.535209,1129622627.0,7706847209.764144,2026-07-14
2017-09-06,sh.600399,抚顺特钢,6.7732017,7.2858749,7.3351704,6.7436244,73094754.0,529039696.0,6.470722,6.791904,1129622846.0,8230290740.137965,2026-07-14
2017-09-07,sh.600399,抚顺特钢,7.197143,7.0196792,7.2267203,6.9703837,40574230.0,291566176.0,3.591839,-3.653586,1129622736.0,7929589223.746291,2026-07-14
2017-09-08,sh.600399,抚顺特钢,6.9802428,7.0591156,7.197143,6.9605246,26940232.0,193492250.0,2.384887,0.561797,1129622997.0,7974139320.241453,2026-07-14
2017-09-11,sh.600399,抚顺特钢,6.9703837,7.0393974,7.0492565,6.9210882,19722708.0,139554812.0,1.745955,-0.279329,1129622928.0,7951864702.343588,2026-07-14
2017-09-12,sh.600399,抚顺特钢,7.0492565,7.0196792,7.1182702,6.9506655,26189550.0,186704972.0,2.318433,-0.280112,1129622896.0,7929590346.894963,2026-07-14
2017-09-13,sh.600399,抚顺特钢,6.9901019,7.0591156,7.1182702,6.9802428,20776249.0,148745950.0,1.83922,0.561797,1129622829.0,7974138134.310033,2026-07-14
2017-09-14,sh.600399,抚顺特钢,7.0591156,6.90137,7.098552,6.8915109,24012864.0,169806016.0,2.125742,-2.234635,1129622692.0,7795944157.88804,2026-07-14
2017-09-15,sh.600399,抚顺特钢,6.8915109,6.7239062,6.8915109,6.6943289,24855430.0,170260889.0,2.20033,-2.571426,1129622829.0,7595477943.57464,2026-07-14
2017-09-18,sh.600399,抚顺特钢,6.704188,6.7830608,6.7830608,6.6943289,9985929.0,68173509.0,0.884006,0.879765,1129622310.0,7662296809.766448,2026-07-14
2017-09-19,sh.600399,抚顺特钢,6.7732017,6.7140471,6.7830608,6.704188,9201514.0,62749601.0,0.814565,-1.017444,1129623050.0,7584342362.945655,2026-07-14
2017-09-20,sh.600399,抚顺特钢,6.7239062,6.7337653,6.7534835,6.6154561,12449056.0,84460845.0,1.102054,0.293685,1129623049.0,7606616489.436399,2026-07-14
2017-09-21,sh.600399,抚顺特钢,6.6943289,6.6450334,6.7534835,6.6351743,12014137.0,81319629.0,1.063553,-1.317718,1129622783.0,7506381122.435952,2026-07-14
2017-09-22,sh.600399,抚顺特钢,6.6351743,6.6746107,6.802779,6.5168651,15334866.0,103424484.0,1.357521,0.445107,1129622746.0,7539792067.414982,2026-07-14
2017-09-25,sh.600399,抚顺特钢,6.605597,6.5365833,6.6351743,6.5267242,10768340.0,71849232.0,0.953269,-2.067945,1129622384.0,7383870810.560588,2026-07-14
2017-09-26,sh.600399,抚顺特钢,6.5464424,6.5858788,6.6647516,6.5168651,6317600.0,42227364.0,0.559266,0.754143,1129623471.0,7439563269.6413145,2026-07-14
2017-09-27,sh.600399,抚顺特钢,6.605597,6.6844698,6.7436244,6.5957379,12853628.0,87278688.0,1.137869,1.497012,1129622830.0,7550929692.525534,2026-07-14
2017-09-28,sh.600399,抚顺特钢,6.6450334,6.5858788,6.6844698,6.5661606,9336426.0,62556840.0,0.826508,-1.474932,1129623186.0,7439561392.665856,2026-07-14
2017-09-29,sh.600399,抚顺特钢,6.5760197,6.6154561,6.6548925,6.5661606,6667800.0,44654110.0,0.590268,0.449105,1129622477.0,7472967906.16676,2026-07-14
2017-10-09,sh.600399,抚顺特钢,6.6647516,6.6548925,6.704188,6.605597,10198680.0,68755507.0,0.902839,0.596125,1129623333.0,7517521846.606703,2026-07-14
2017-10-10,sh.600399,抚顺特钢,6.6450334,6.605597,6.6450334,6.5760197,7642181.0,51133780.0,0.676525,-0.740744,1129622852.0,7461833322.302645,2026-07-14
2017-10-11,sh.600399,抚顺特钢,6.5957379,6.5957379,6.6450334,6.5563015,7598812.0,50810266.0,0.672686,-0.14925,1129622439.0,7450693533.602737,2026-07-14
2017-10-12,sh.600399,抚顺特钢,6.5760197,6.6154561,6.6351743,6.5168651,10361903.0,69082595.0,0.917289,0.298953,1129622507.0,7472968104.630443,2026-07-14
2017-10-13,sh.600399,抚顺特钢,6.6154561,6.5760197,6.6154561,6.5464424,6071800.0,40484940.0,0.537507,-0.596125,1129622498.0,7428419800.41121,2026-07-14
2017-10-16,sh.600399,抚顺特钢,6.5858788,6.4182741,6.6154561,6.408415,12408300.0,81850342.0,1.098446,-2.398798,1129623122.0,7250230826.69374,2026-07-14
2017-10-17,sh.600399,抚顺特钢,6.4281332,6.3985559,6.4774287,6.3985559,6581400.0,42858571.0,0.582619,-0.307227,1129623304.0,7227957856.586694,2026-07-14
2017-10-18,sh.600399,抚顺特钢,6.3985559,6.1619375,6.408415,6.1520784,15224893.0,96828502.0,1.347786,-3.697994,1129622433.0,6960662830.7439375,2026-07-14
2017-10-19,sh.600399,抚顺特钢,6.1619375,5.9746146,6.1619375,5.9351782,13160342.0,80299602.0,1.165021,-3.040001,1129622728.0,6749060443.200628,2026-07-14
2017-10-20,sh.600399,抚顺特钢,5.9647555,6.0534874,6.0633465,5.9450373,7367596.0,45006423.0,0.652217,1.320131,1129623423.0,6838161157.87537,2026-07-14
2017-10-23,sh.600399,抚顺特钢,6.0534874,6.0436283,6.0732056,6.0041919,5488850.0,33603695.0,0.485901,-0.162862,1129623113.0,6827022214.060898,2026-07-14
2017-10-24,sh.600399,抚顺特钢,6.0436283,6.0534874,6.1027829,6.0239101,6296078.0,38702759.0,0.557361,0.163128,1129622991.0,6838158542.768813,2026-07-14
2017-10-25,sh.600399,抚顺特钢,6.0633465,6.0239101,6.0732056,5.9844737,6834251.0,41678728.0,0.605003,-0.488595,1129622663.0,6804745368.834597,2026-07-14
2017-10-26,sh.600399,抚顺特钢,6.014051,6.0337692,6.0534874,5.9844737,5833350.0,35609556.0,0.516398,0.163662,1129622888.0,6815883789.229449,2026-07-14
2017-10-27,sh.600399,抚顺特钢,6.0337692,5.9647555,6.0337692,5.9450373,7334105.0,44549827.0,0.649253,-1.143786,1129622043.0,6737919293.905486,2026-07-14
2017-10-30,sh.600399,抚顺特钢,5.9548964,5.7281371,5.9647555,5.718278,12604316.0,74053442.0,1.115799,-3.966946,1129622450.0,6470632264.837894,2026-07-14
2017-10-31,sh.600399,抚顺特钢,5.7675735,5.7577144,5.7774326,5.7084189,6237375.0,36317317.0,0.552164,0.516355,1129623626.0,6504050218.000415,2026-07-14
2017-11-01,sh.600399,抚顺特钢,5.7675735,5.7872917,5.8464463,5.7478553,7449625.0,43852375.0,0.659479,0.513694,1129622778.0,6537456527.250342,2026-07-14
2017-11-02,sh.600399,抚顺特钢,5.7872917,5.7281371,5.8267281,5.718278,5944181.0,34770860.0,0.526209,-1.022146,1129623591.0,6470638800.642325,2026-07-14
2017-11-03,sh.600399,抚顺特钢,5.7478553,5.6394052,5.7577144,5.5605324,8045451.0,46118906.0,0.712225,-1.549056,1129622100.0,6370396744.7749195,2026-07-14
2017-11-06,sh.600399,抚顺特钢,5.6689825,5.7281371,5.7379962,5.6394052,6798759.0,39359716.0,0.601861,1.573429,1129622787.0,6470634195.220098,2026-07-14
2017-11-07,sh.600399,抚顺特钢,5.7379962,5.8661645,5.9351782,5.7084189,11622172.0,68803683.0,1.028854,2.409636,1129623056.0,6626554669.488712,2026-07-14
2017-11-08,sh.600399,抚顺特钢,5.8267281,5.8563054,5.8760236,5.7971508,6776093.0,40126224.0,0.599854,-0.168063,1129623708.0,6615421421.128424,2026-07-14
2017-11-09,sh.600399,抚顺特钢,5.8267281,5.8957418,5.9548964,5.8267281,7604700.0,45558514.0,0.673207,0.6734,1129622835.0,6659964566.544003,2026-07-14
2017-11-10,sh.600399,抚顺特钢,5.8858827,5.8267281,5.8858827,5.8070099,6328605.0,37442625.0,0.560241,-1.170571,1129621895.0,6581999637.97175,2026-07-14
2017-11-13,sh.600399,抚顺特钢,5.816869,5.8760236,5.8858827,5.7675735,8376262.0,49548645.0,0.74151,0.846027,1129622257.0,6637687041.217265,2026-07-14
2017-11-14,sh.600399,抚顺特钢,5.8661645,5.8661645,5.9647555,5.8365872,8866599.0,53049460.0,0.784917,-0.167789,1129622495.0,6626551378.570428,2026-07-14
2017-11-15,sh.600399,抚顺特钢,5.8365872,5.7281371,5.8365872,5.718278,7313178.0,42691961.0,0.6474,-2.352939,1129622799.0,6470634263.957743,2026-07-14
2017-11-16,sh.600399,抚顺特钢,5.7379962,5.6985598,5.7774326,5.6985598,5172700.0,30086616.0,0.457914,-0.516347,1129622593.0,6437221897.6415615,2026-07-14
2017-11-17,sh.600399,抚顺特钢,5.718278,5.5703915,5.7379962,5.521096,8903954.0,50596473.0,0.788224,-2.249137,1129622290.0,6292438402.426536,2026-07-14
2017-11-20,sh.600399,抚顺特钢,5.5605324,5.521096,5.5605324,5.3732095,6150153.0,34036578.0,0.544443,-0.884959,1129622936.0,6236756673.457856,2026-07-14
2017-11-21,sh.600399,抚顺特钢,5.521096,5.4816596,5.5605324,5.4422232,5569250.0,31003271.0,0.493019,-0.714285,1129621779.0,6192202069.224429,2026-07-14
2017-11-22,sh.600399,抚顺特钢,5.4915187,5.5605324,5.5802506,5.4619414,7785700.0,43621378.0,0.68923,1.438848,1129622913.0,6281304807.518881,2026-07-14
2017-11-23,sh.600399,抚顺特钢,5.5605324,5.422505,5.5901097,5.4126459,7121650.0,39811121.0,0.630445,-2.482267,1129622727.0,6125384885.271135,2026-07-14
2017-11-24,sh.600399,抚顺特钢,5.3830686,5.422505,5.4520823,5.3732095,5023503.0,27563384.0,0.444706,0.0,1129623392.0,6125388491.23696,2026-07-14
2017-11-27,sh.600399,抚顺特钢,5.422505,5.4520823,5.5013778,5.4126459,5202989.0,28848549.0,0.460595,0.545458,1129623422.0,6158799864.751631,2026-07-14
2017-11-28,sh.600399,抚顺特钢,5.4422232,5.5901097,5.6098279,5.4323641,9082524.0,50952929.0,0.804032,2.531643,1129622204.0,6314712039.915779,2026-07-14
2017-11-29,sh.600399,抚顺特钢,5.5703915,5.7084189,5.7577144,5.5408142,14166228.0,81591127.0,1.254067,2.1164,1129622899.0,6448360706.524391,2026-07-14
2017-11-30,sh.600399,抚顺特钢,5.718278,5.5999688,5.7675735,5.5901097,8870628.0,50953344.0,0.785273,-1.89983,1129623456.0,6325856109.348173,2026-07-14
2017-12-01,sh.600399,抚顺特钢,5.5901097,5.5999688,5.6295461,5.5408142,4337791.0,24551807.0,0.384003,0.0,1129624248.0,6325860544.523462,2026-07-14
2017-12-04,sh.600399,抚顺特钢,5.6098279,5.8267281,5.9943328,5.5999688,21352234.0,125972962.0,1.890209,4.049296,1129622915.0,6582005581.234412,2026-07-14
2017-12-05,sh.600399,抚顺特钢,5.8267281,5.7478553,5.9450373,5.6788416,15382980.0,90854668.0,1.36178,-1.353637,1129622993.0,6492909507.316914,2026-07-14
2017-12-06,sh.600399,抚顺特钢,5.6295461,5.8070099,5.8267281,5.5703915,10457267.0,59993726.0,0.925731,1.029159,1129622644.0,6559729876.972176,2026-07-14
2017-12-07,sh.600399,抚顺特钢,5.7577144,5.91546,6.0732056,5.7281371,26577413.0,160136488.0,2.352769,1.867574,1129622713.0,6682237973.84298,2026-07-14
2017-12-08,sh.600399,抚顺特钢,5.8464463,5.9253191,5.9351782,5.7971508,16785423.0,99745501.0,1.485932,0.16667,1129622553.0,6693374089.081662,2026-07-14
2017-12-11,sh.600399,抚顺特钢,5.9253191,5.8365872,5.9351782,5.8267281,10126200.0,60110310.0,0.896423,-1.497507,1129622957.0,6593142891.65235,2026-07-14
2017-12-12,sh.600399,抚顺特钢,5.8464463,5.6985598,5.8661645,5.6788416,10113600.0,59095053.0,0.895308,-2.364862,1129622432.0,6437220980.173433,2026-07-14
2017-12-13,sh.600399,抚顺特钢,5.6788416,5.6887007,5.718278,5.6394052,6447926.0,37114750.0,0.570803,-0.173014,1129623706.0,6426091167.058794,2026-07-14
2017-12-14,sh.600399,抚顺特钢,5.6985598,5.6689825,5.7281371,5.6492643,5463258.0,31441622.0,0.483636,-0.34662,1129621864.0,6403806578.63338,2026-07-14
2017-12-15,sh.600399,抚顺特钢,5.6591234,5.5408142,5.6689825,5.5408142,7912203.0,44700322.0,0.700429,-2.260872,1129622417.0,6259027928.751921,2026-07-14
2017-12-18,sh.600399,抚顺特钢,5.5309551,5.6098279,5.6098279,5.5309551,5173841.0,29220836.0,0.458015,1.245555,1129622611.0,6336988439.658647,2026-07-14
2017-12-19,sh.600399,抚顺特钢,5.6098279,5.619687,5.6492643,5.5703915,3933352.0,22350224.0,0.3482,0.175743,1129624354.0,6348135297.057198,2026-07-14
2017-12-20,sh.600399,抚顺特钢,5.619687,5.5112369,5.6295461,5.4915187,5063150.0,28445383.0,0.448216,-1.929819,1129622771.0,6225618698.61545,2026-07-14
2017-12-21,sh.600399,抚顺特钢,5.5309551,5.5408142,5.5506733,5.4520823,4216903.0,23534208.0,0.373302,0.536668,1129622397.0,6259027817.935637,2026-07-14
2017-12-22,sh.600399,抚顺特钢,5.5408142,5.4619414,5.5408142,5.4422232,5074139.0,28273076.0,0.449189,-1.423486,1129622275.0,6169930670.184685,2026-07-14
2017-12-25,sh.600399,抚顺特钢,5.4718005,5.3534913,5.4718005,5.323914,9551534.0,52142161.0,0.845551,-1.985562,1129622459.0,6047424006.541106,2026-07-14
2017-12-26,sh.600399,抚顺特钢,5.3534913,5.3929277,5.4027868,5.3436322,3343643.0,18230091.0,0.295996,0.736648,1129624387.0,6091982647.247821,2026-07-14
2017-12-27,sh.600399,抚顺特钢,5.3929277,5.4027868,5.4619414,5.3830686,4694675.0,25819618.0,0.415597,0.182819,1129621966.0,6103106646.894849,2026-07-14
2017-12-28,sh.600399,抚顺特钢,5.4126459,5.5309551,5.5506733,5.4027868,10716446.0,59800798.0,0.948675,2.372265,1129622473.0,6247891178.113962,2026-07-14
2017-12-29,sh.600399,抚顺特钢,5.521096,5.521096,5.5309551,5.4520823,5881126.0,32743107.0,0.520627,-0.178257,1129623704.0,6236760913.659584,2026-07-14
2018-01-02,sh.600399,抚顺特钢,5.5013778,5.5901097,5.6591234,5.4816596,8467753.0,47848356.0,0.749609,1.250003,1129622643.0,6314714493.973937,2026-07-14
2018-01-03,sh.600399,抚顺特钢,5.619687,5.5999688,5.6295461,5.5605324,7888819.0,44750818.0,0.698359,0.176363,1129622300.0,6325849635.78424,2026-07-14
2018-01-04,sh.600399,抚顺特钢,5.619687,5.6492643,5.7281371,5.5901097,10732357.0,61539763.0,0.950083,0.880285,1129623096.0,6381539428.688272,2026-07-14
2018-01-05,sh.600399,抚顺特钢,5.6394052,5.5901097,5.6394052,5.5506733,7743753.0,43848456.0,0.685517,-1.047119,1129622314.0,6314712654.827846,2026-07-14
2018-01-08,sh.600399,抚顺特钢,5.5999688,5.6098279,5.6394052,5.5408142,6644450.0,37773532.0,0.588201,0.352733,1129622357.0,6336987014.762361,2026-07-14
2018-01-09,sh.600399,抚顺特钢,5.5901097,5.5506733,5.5999688,5.5408142,5738852.0,32390377.0,0.508033,-1.05448,1129621895.0,6270162091.671904,2026-07-14
2018-01-10,sh.600399,抚顺特钢,5.5506733,5.4619414,5.5506733,5.4323641,8508053.0,47333302.0,0.753176,-1.598582,1129623488.0,6169937295.519603,2026-07-14
2018-01-11,sh.600399,抚顺特钢,5.4619414,5.4816596,5.4816596,5.422505,5288308.0,29228832.0,0.468148,0.361011,1129623111.0,6192209370.795016,2026-07-14
2018-01-12,sh.600399,抚顺特钢,5.4816596,5.5112369,5.5703915,5.4323641,7841712.0,43777738.0,0.694189,0.539572,1129622048.0,6225614713.991171,2026-07-14
2018-01-15,sh.600399,抚顺特钢,5.4816596,5.3534913,5.4816596,5.323914,10177973.0,55439228.0,0.901006,-2.86226,1129623221.0,6047428085.901477,2026-07-14
2018-01-16,sh.600399,抚顺特钢,5.3436322,5.3732095,5.4027868,5.3041958,7571026.0,40958030.0,0.670226,0.368324,1129622844.0,6069700196.797818,2026-07-14
2018-01-17,sh.600399,抚顺特钢,5.3534913,5.3732095,5.4027868,5.3140549,8186895.0,44440448.0,0.724746,0.0,1129622654.0,6069699175.888013,2026-07-14
2018-01-18,sh.600399,抚顺特钢,5.3830686,5.4718005,5.5309551,5.3534913,10474312.0,57886146.0,0.92724,1.834869,1129622536.0,6181069157.296067,2026-07-14
2018-01-19,sh.600399,抚顺特钢,5.422505,5.4718005,5.5309551,5.4126459,9115562.0,50695136.0,0.806956,0.0,1129623176.0,6181072659.248387,2026-07-14
2018-01-22,sh.600399,抚顺特钢,5.4718005,5.6098279,5.619687,5.4619414,16805488.0,95090886.0,1.487708,2.52252,1129622749.0,6336989213.814898,2026-07-14
2018-01-23,sh.600399,抚顺特钢,5.5703915,5.5408142,5.5999688,5.5112369,8920834.0,50131848.0,0.789718,-1.230232,1129622726.0,6259029640.863509,2026-07-14
2018-01-24,sh.600399,抚顺特钢,5.521096,5.4816596,5.5309551,5.4323641,6864402.0,38115309.0,0.607672,-1.067615,1129622889.0,6192208153.866585,2026-07-14
2018-01-25,sh.600399,抚顺特钢,5.5013778,5.5013778,5.5506733,5.4520823,8277312.0,46271997.0,0.73275,0.359712,1129622927.0,6214482492.968821,2026-07-14
2018-01-26,sh.600399,抚顺特钢,5.4718005,5.4520823,5.4915187,5.4126459,6204503.0,34289823.0,0.549254,-0.896052,1129623635.0,6158801026.04516,2026-07-14
2018-01-29,sh.600399,抚顺特钢,5.4619414,5.4915187,5.5506733,5.4619414,8276956.0,46157501.0,0.732719,0.723327,1129622133.0,6203341067.303388,2026-07-14
2018-01-30,sh.600399,抚顺特钢,5.4915187,5.422505,5.5013778,5.4126459,5444650.0,30055677.0,0.481988,-1.256736,1129623559.0,6125389396.795295,2026-07-14
2018-01-31,sh.600399,抚顺特钢,5.422505,5.422505,5.422505,5.422505,0.0,0.0,0.0,0.0,1129623559.0,6125389396.795295,2026-07-14
2018-02-01,sh.600399,抚顺特钢,5.422505,5.422505,5.422505,5.422505,0.0,0.0,0.0,0.0,1129623559.0,6125389396.795295,2026-07-14
2018-02-02,sh.600399,抚顺特钢,5.422505,5.422505,5.422505,5.422505,0.0,0.0,0.0,0.0,1129623559.0,6125389396.795295,2026-07-14
2018-02-05,sh.600399,抚顺特钢,5.422505,5.422505,5.422505,5.422505,0.0,0.0,0.0,0.0,1129623559.0,6125389396.795295,2026-07-14
2018-02-06,sh.600399,抚顺特钢,5.422505,5.422505,5.422505,5.422505,0.0,0.0,0.0,0.0,1129623559.0,6125389396.795295,2026-07-14
2018-02-07,sh.600399,抚顺特钢,5.422505,5.422505,5.422505,5.422505,0.0,0.0,0.0,0.0,1129623559.0,6125389396.795295,2026-07-14
2018-02-08,sh.600399,抚顺特钢,5.422505,5.422505,5.422505,5.422505,0.0,0.0,0.0,0.0,1129623559.0,6125389396.795295,2026-07-14
2018-02-09,sh.600399,抚顺特钢,5.422505,5.422505,5.422505,5.422505,0.0,0.0,0.0,0.0,1129623559.0,6125389396.795295,2026-07-14
2018-02-12,sh.600399,抚顺特钢,5.422505,5.422505,5.422505,5.422505,0.0,0.0,0.0,0.0,1129623559.0,6125389396.795295,2026-07-14
2018-02-13,sh.600399,抚顺特钢,5.422505,5.422505,5.422505,5.422505,0.0,0.0,0.0,0.0,1129623559.0,6125389396.795295,2026-07-14
2018-02-14,sh.600399,抚顺特钢,5.422505,5.422505,5.422505,5.422505,0.0,0.0,0.0,0.0,1129623559.0,6125389396.795295,2026-07-14
2018-02-22,sh.600399,抚顺特钢,5.422505,5.422505,5.422505,5.422505,0.0,0.0,0.0,0.0,1129623559.0,6125389396.795295,2026-07-14
2018-02-23,sh.600399,抚顺特钢,5.422505,5.422505,5.422505,5.422505,0.0,0.0,0.0,0.0,1129623559.0,6125389396.795295,2026-07-14
2018-02-26,sh.600399,抚顺特钢,5.422505,5.422505,5.422505,5.422505,0.0,0.0,0.0,0.0,1129623559.0,6125389396.795295,2026-07-14
2018-02-27,sh.600399,抚顺特钢,5.422505,5.422505,5.422505,5.422505,0.0,0.0,0.0,0.0,1129623559.0,6125389396.795295,2026-07-14
2018-02-28,sh.600399,抚顺特钢,5.422505,5.422505,5.422505,5.422505,0.0,0.0,0.0,0.0,1129623559.0,6125389396.795295,2026-07-14
2018-03-01,sh.600399,抚顺特钢,5.422505,5.422505,5.422505,5.422505,0.0,0.0,0.0,0.0,1129623559.0,6125389396.795295,2026-07-14
2018-03-02,sh.600399,抚顺特钢,5.422505,5.422505,5.422505,5.422505,0.0,0.0,0.0,0.0,1129623559.0,6125389396.795295,2026-07-14
2018-03-05,sh.600399,抚顺特钢,5.422505,5.422505,5.422505,5.422505,0.0,0.0,0.0,0.0,1129623559.0,6125389396.795295,2026-07-14
2018-03-06,sh.600399,抚顺特钢,5.422505,5.422505,5.422505,5.422505,0.0,0.0,0.0,0.0,1129623559.0,6125389396.795295,2026-07-14
2018-03-07,sh.600399,抚顺特钢,5.422505,5.422505,5.422505,5.422505,0.0,0.0,0.0,0.0,1129623559.0,6125389396.795295,2026-07-14
2018-03-08,sh.600399,抚顺特钢,5.422505,5.422505,5.422505,5.422505,0.0,0.0,0.0,0.0,1129623559.0,6125389396.795295,2026-07-14
2018-03-09,sh.600399,抚顺特钢,5.422505,5.422505,5.422505,5.422505,0.0,0.0,0.0,0.0,1129623559.0,6125389396.795295,2026-07-14
2018-03-12,sh.600399,抚顺特钢,5.422505,5.422505,5.422505,5.422505,0.0,0.0,0.0,0.0,1129623559.0,6125389396.795295,2026-07-14
2018-03-13,sh.600399,抚顺特钢,5.422505,5.422505,5.422505,5.422505,0.0,0.0,0.0,0.0,1129623559.0,6125389396.795295,2026-07-14
2018-03-14,sh.600399,抚顺特钢,5.422505,5.422505,5.422505,5.422505,0.0,0.0,0.0,0.0,1129623559.0,6125389396.795295,2026-07-14
2018-03-15,sh.600399,抚顺特钢,5.422505,5.422505,5.422505,5.422505,0.0,0.0,0.0,0.0,1129623559.0,6125389396.795295,2026-07-14
2018-03-16,sh.600399,抚顺特钢,5.422505,5.422505,5.422505,5.422505,0.0,0.0,0.0,0.0,1129623559.0,6125389396.795295,2026-07-14
2018-03-19,sh.600399,抚顺特钢,5.422505,5.422505,5.422505,5.422505,0.0,0.0,0.0,0.0,1129623559.0,6125389396.795295,2026-07-14
2018-03-20,sh.600399,抚顺特钢,5.422505,5.422505,5.422505,5.422505,0.0,0.0,0.0,0.0,1129623559.0,6125389396.795295,2026-07-14
2018-03-21,sh.600399,抚顺特钢,5.422505,5.422505,5.422505,5.422505,0.0,0.0,0.0,0.0,1129623559.0,6125389396.795295,2026-07-14
2018-03-22,sh.600399,抚顺特钢,5.422505,5.422505,5.422505,5.422505,0.0,0.0,0.0,0.0,1129623559.0,6125389396.795295,2026-07-14
2018-03-23,sh.600399,抚顺特钢,5.422505,5.422505,5.422505,5.422505,0.0,0.0,0.0,0.0,1129623559.0,6125389396.795295,2026-07-14
2018-03-26,sh.600399,抚顺特钢,5.422505,5.422505,5.422505,5.422505,0.0,0.0,0.0,0.0,1129623559.0,6125389396.795295,2026-07-14
2018-03-27,sh.600399,抚顺特钢,5.422505,5.422505,5.422505,5.422505,0.0,0.0,0.0,0.0,1129623559.0,6125389396.795295,2026-07-14
2018-03-28,sh.600399,抚顺特钢,5.422505,5.422505,5.422505,5.422505,0.0,0.0,0.0,0.0,1129623559.0,6125389396.795295,2026-07-14
2018-03-29,sh.600399,抚顺特钢,5.422505,5.422505,5.422505,5.422505,0.0,0.0,0.0,0.0,1129623559.0,6125389396.795295,2026-07-14
2018-03-30,sh.600399,抚顺特钢,5.422505,5.422505,5.422505,5.422505,0.0,0.0,0.0,0.0,1129623559.0,6125389396.795295,2026-07-14
2018-04-02,sh.600399,抚顺特钢,5.422505,5.422505,5.422505,5.422505,0.0,0.0,0.0,0.0,1129623559.0,6125389396.795295,2026-07-14
2018-04-03,sh.600399,抚顺特钢,5.422505,5.422505,5.422505,5.422505,0.0,0.0,0.0,0.0,1129623559.0,6125389396.795295,2026-07-14
2018-04-04,sh.600399,抚顺特钢,5.422505,5.422505,5.422505,5.422505,0.0,0.0,0.0,0.0,1129623559.0,6125389396.795295,2026-07-14
2018-04-09,sh.600399,抚顺特钢,5.422505,5.422505,5.422505,5.422505,0.0,0.0,0.0,0.0,1129623559.0,6125389396.795295,2026-07-14
2018-04-10,sh.600399,抚顺特钢,5.422505,5.422505,5.422505,5.422505,0.0,0.0,0.0,0.0,1129623559.0,6125389396.795295,2026-07-14
2018-04-11,sh.600399,抚顺特钢,5.422505,5.422505,5.422505,5.422505,0.0,0.0,0.0,0.0,1129623559.0,6125389396.795295,2026-07-14
2018-04-12,sh.600399,抚顺特钢,5.422505,5.422505,5.422505,5.422505,0.0,0.0,0.0,0.0,1129623559.0,6125389396.795295,2026-07-14
2018-04-13,sh.600399,抚顺特钢,5.422505,5.422505,5.422505,5.422505,0.0,0.0,0.0,0.0,1129623559.0,6125389396.795295,2026-07-14
2018-04-16,sh.600399,抚顺特钢,5.422505,5.422505,5.422505,5.422505,0.0,0.0,0.0,0.0,1129623559.0,6125389396.795295,2026-07-14
2018-04-17,sh.600399,抚顺特钢,5.422505,5.422505,5.422505,5.422505,0.0,0.0,0.0,0.0,1129623559.0,6125389396.795295,2026-07-14
2018-04-18,sh.600399,抚顺特钢,5.422505,5.422505,5.422505,5.422505,0.0,0.0,0.0,0.0,1129623559.0,6125389396.795295,2026-07-14
2018-04-19,sh.600399,抚顺特钢,5.422505,5.422505,5.422505,5.422505,0.0,0.0,0.0,0.0,1129623559.0,6125389396.795295,2026-07-14
2018-04-20,sh.600399,抚顺特钢,5.422505,5.422505,5.422505,5.422505,0.0,0.0,0.0,0.0,1129623559.0,6125389396.795295,2026-07-14
2018-04-23,sh.600399,抚顺特钢,5.422505,5.422505,5.422505,5.422505,0.0,0.0,0.0,0.0,1129623559.0,6125389396.795295,2026-07-14
2018-04-24,sh.600399,抚顺特钢,5.422505,5.422505,5.422505,5.422505,0.0,0.0,0.0,0.0,1129623559.0,6125389396.795295,2026-07-14
2018-04-25,sh.600399,抚顺特钢,5.422505,5.422505,5.422505,5.422505,0.0,0.0,0.0,0.0,1129623559.0,6125389396.795295,2026-07-14
2018-04-26,sh.600399,抚顺特钢,5.422505,5.422505,5.422505,5.422505,0.0,0.0,0.0,0.0,1129623559.0,6125389396.795295,2026-07-14
2018-04-27,sh.600399,抚顺特钢,5.422505,5.422505,5.422505,5.422505,0.0,0.0,0.0,0.0,1129623559.0,6125389396.795295,2026-07-14
2018-05-02,sh.600399,抚顺特钢,5.422505,5.422505,5.422505,5.422505,0.0,0.0,0.0,0.0,1129623559.0,6125389396.795295,2026-07-14
2018-05-03,sh.600399,抚顺特钢,5.422505,5.422505,5.422505,5.422505,0.0,0.0,0.0,0.0,1129623559.0,6125389396.795295,2026-07-14
2018-05-04,sh.600399,抚顺特钢,5.422505,5.422505,5.422505,5.422505,0.0,0.0,0.0,0.0,1129623559.0,6125389396.795295,2026-07-14
2018-05-07,sh.600399,抚顺特钢,5.422505,5.422505,5.422505,5.422505,0.0,0.0,0.0,0.0,1129623559.0,6125389396.795295,2026-07-14
2018-05-08,sh.600399,抚顺特钢,5.422505,5.422505,5.422505,5.422505,0.0,0.0,0.0,0.0,1129623559.0,6125389396.795295,2026-07-14
2018-05-09,sh.600399,抚顺特钢,5.422505,5.422505,5.422505,5.422505,0.0,0.0,0.0,0.0,1129623559.0,6125389396.795295,2026-07-14
2018-05-10,sh.600399,抚顺特钢,5.422505,5.422505,5.422505,5.422505,0.0,0.0,0.0,0.0,1129623559.0,6125389396.795295,2026-07-14
2018-05-11,sh.600399,抚顺特钢,5.422505,5.422505,5.422505,5.422505,0.0,0.0,0.0,0.0,1129623559.0,6125389396.795295,2026-07-14
2018-05-14,sh.600399,抚顺特钢,5.422505,5.422505,5.422505,5.422505,0.0,0.0,0.0,0.0,1129623559.0,6125389396.795295,2026-07-14
2018-05-15,sh.600399,抚顺特钢,5.422505,5.422505,5.422505,5.422505,0.0,0.0,0.0,0.0,1129623559.0,6125389396.795295,2026-07-14
2018-05-16,sh.600399,抚顺特钢,5.422505,5.422505,5.422505,5.422505,0.0,0.0,0.0,0.0,1129623559.0,6125389396.795295,2026-07-14
2018-05-17,sh.600399,抚顺特钢,5.422505,5.422505,5.422505,5.422505,0.0,0.0,0.0,0.0,1129623559.0,6125389396.795295,2026-07-14
2018-05-18,sh.600399,抚顺特钢,5.422505,5.422505,5.422505,5.422505,0.0,0.0,0.0,0.0,1129623559.0,6125389396.795295,2026-07-14
2018-05-21,sh.600399,抚顺特钢,5.422505,5.422505,5.422505,5.422505,0.0,0.0,0.0,0.0,1129623559.0,6125389396.795295,2026-07-14
2018-05-22,sh.600399,抚顺特钢,5.422505,5.422505,5.422505,5.422505,0.0,0.0,0.0,0.0,1129623559.0,6125389396.795295,2026-07-14
2018-05-23,sh.600399,抚顺特钢,5.422505,5.422505,5.422505,5.422505,0.0,0.0,0.0,0.0,1129623559.0,6125389396.795295,2026-07-14
2018-05-24,sh.600399,抚顺特钢,5.422505,5.422505,5.422505,5.422505,0.0,0.0,0.0,0.0,1129623559.0,6125389396.795295,2026-07-14
2018-05-25,sh.600399,抚顺特钢,5.422505,5.422505,5.422505,5.422505,0.0,0.0,0.0,0.0,1129623559.0,6125389396.795295,2026-07-14
2018-05-28,sh.600399,抚顺特钢,5.422505,5.422505,5.422505,5.422505,0.0,0.0,0.0,0.0,1129623559.0,6125389396.795295,2026-07-14
2018-05-29,sh.600399,抚顺特钢,5.422505,5.422505,5.422505,5.422505,0.0,0.0,0.0,0.0,1129623559.0,6125389396.795295,2026-07-14
2018-05-30,sh.600399,抚顺特钢,5.422505,5.422505,5.422505,5.422505,0.0,0.0,0.0,0.0,1129623559.0,6125389396.795295,2026-07-14
2018-05-31,sh.600399,抚顺特钢,5.422505,5.422505,5.422505,5.422505,0.0,0.0,0.0,0.0,1129623559.0,6125389396.795295,2026-07-14
2018-06-01,sh.600399,抚顺特钢,5.422505,5.422505,5.422505,5.422505,0.0,0.0,0.0,0.0,1129623559.0,6125389396.795295,2026-07-14
2018-06-04,sh.600399,抚顺特钢,5.422505,5.422505,5.422505,5.422505,0.0,0.0,0.0,0.0,1129623559.0,6125389396.795295,2026-07-14
2018-06-05,sh.600399,抚顺特钢,5.422505,5.422505,5.422505,5.422505,0.0,0.0,0.0,0.0,1129623559.0,6125389396.795295,2026-07-14
2018-06-06,sh.600399,抚顺特钢,5.422505,5.422505,5.422505,5.422505,0.0,0.0,0.0,0.0,1129623559.0,6125389396.795295,2026-07-14
2018-06-07,sh.600399,抚顺特钢,5.422505,5.422505,5.422505,5.422505,0.0,0.0,0.0,0.0,1129623559.0,6125389396.795295,2026-07-14
2018-06-08,sh.600399,抚顺特钢,5.422505,5.422505,5.422505,5.422505,0.0,0.0,0.0,0.0,1129623559.0,6125389396.795295,2026-07-14
2018-06-11,sh.600399,抚顺特钢,5.422505,5.422505,5.422505,5.422505,0.0,0.0,0.0,0.0,1129623559.0,6125389396.795295,2026-07-14
2018-06-12,sh.600399,抚顺特钢,5.422505,5.422505,5.422505,5.422505,0.0,0.0,0.0,0.0,1129623559.0,6125389396.795295,2026-07-14
2018-06-13,sh.600399,抚顺特钢,5.422505,5.422505,5.422505,5.422505,0.0,0.0,0.0,0.0,1129623559.0,6125389396.795295,2026-07-14
2018-06-14,sh.600399,抚顺特钢,5.422505,5.422505,5.422505,5.422505,0.0,0.0,0.0,0.0,1129623559.0,6125389396.795295,2026-07-14
2018-06-15,sh.600399,抚顺特钢,5.422505,5.422505,5.422505,5.422505,0.0,0.0,0.0,0.0,1129623559.0,6125389396.795295,2026-07-14
2018-06-19,sh.600399,抚顺特钢,5.422505,5.422505,5.422505,5.422505,0.0,0.0,0.0,0.0,1129623559.0,6125389396.795295,2026-07-14
2018-06-20,sh.600399,抚顺特钢,5.422505,5.422505,5.422505,5.422505,0.0,0.0,0.0,0.0,1129623559.0,6125389396.795295,2026-07-14
2018-06-21,sh.600399,抚顺特钢,5.422505,5.422505,5.422505,5.422505,0.0,0.0,0.0,0.0,1129623559.0,6125389396.795295,2026-07-14
2018-06-22,sh.600399,抚顺特钢,5.422505,5.422505,5.422505,5.422505,0.0,0.0,0.0,0.0,1129623559.0,6125389396.795295,2026-07-14
2018-06-25,sh.600399,抚顺特钢,5.422505,5.422505,5.422505,5.422505,0.0,0.0,0.0,0.0,1129623559.0,6125389396.795295,2026-07-14
2018-06-26,sh.600399,抚顺特钢,5.422505,5.422505,5.422505,5.422505,0.0,0.0,0.0,0.0,1129623559.0,6125389396.795295,2026-07-14
2018-06-27,sh.600399,抚顺特钢,5.422505,5.422505,5.422505,5.422505,0.0,0.0,0.0,0.0,1129623559.0,6125389396.795295,2026-07-14
2018-06-28,sh.600399,抚顺特钢,5.422505,5.422505,5.422505,5.422505,0.0,0.0,0.0,0.0,1129623559.0,6125389396.795295,2026-07-14
2018-06-29,sh.600399,抚顺特钢,5.422505,5.422505,5.422505,5.422505,0.0,0.0,0.0,0.0,1129623559.0,6125389396.795295,2026-07-14
2018-07-02,sh.600399,抚顺特钢,5.422505,5.422505,5.422505,5.422505,0.0,0.0,0.0,0.0,1129623559.0,6125389396.795295,2026-07-14
2018-07-03,sh.600399,抚顺特钢,5.422505,5.422505,5.422505,5.422505,0.0,0.0,0.0,0.0,1129623559.0,6125389396.795295,2026-07-14
2018-07-04,sh.600399,抚顺特钢,5.422505,5.422505,5.422505,5.422505,0.0,0.0,0.0,0.0,1129623559.0,6125389396.795295,2026-07-14
2018-07-05,sh.600399,抚顺特钢,5.422505,5.422505,5.422505,5.422505,0.0,0.0,0.0,0.0,1129623559.0,6125389396.795295,2026-07-14
2018-07-06,sh.600399,抚顺特钢,5.422505,5.422505,5.422505,5.422505,0.0,0.0,0.0,0.0,1129623559.0,6125389396.795295,2026-07-14
2018-07-09,sh.600399,抚顺特钢,5.422505,5.422505,5.422505,5.422505,0.0,0.0,0.0,0.0,1129623559.0,6125389396.795295,2026-07-14
2018-07-10,sh.600399,抚顺特钢,5.422505,5.422505,5.422505,5.422505,0.0,0.0,0.0,0.0,1129623559.0,6125389396.795295,2026-07-14
2018-07-11,sh.600399,抚顺特钢,5.422505,5.422505,5.422505,5.422505,0.0,0.0,0.0,0.0,1129623559.0,6125389396.795295,2026-07-14
2018-07-12,sh.600399,抚顺特钢,5.422505,5.422505,5.422505,5.422505,0.0,0.0,0.0,0.0,1129623559.0,6125389396.795295,2026-07-14
2018-07-13,sh.600399,抚顺特钢,5.422505,5.422505,5.422505,5.422505,0.0,0.0,0.0,0.0,1129623559.0,6125389396.795295,2026-07-14
2018-07-16,sh.600399,抚顺特钢,5.422505,5.422505,5.422505,5.422505,0.0,0.0,0.0,0.0,1129623559.0,6125389396.795295,2026-07-14
2018-07-17,sh.600399,抚顺特钢,5.422505,5.422505,5.422505,5.422505,0.0,0.0,0.0,0.0,1129623559.0,6125389396.795295,2026-07-14
2018-07-18,sh.600399,抚顺特钢,5.422505,5.422505,5.422505,5.422505,0.0,0.0,0.0,0.0,1129623559.0,6125389396.795295,2026-07-14
2018-07-19,sh.600399,抚顺特钢,5.422505,5.422505,5.422505,5.422505,0.0,0.0,0.0,0.0,1129623559.0,6125389396.795295,2026-07-14
2018-07-20,sh.600399,抚顺特钢,5.422505,5.422505,5.422505,5.422505,0.0,0.0,0.0,0.0,1129623559.0,6125389396.795295,2026-07-14
2018-07-23,sh.600399,抚顺特钢,5.422505,5.422505,5.422505,5.422505,0.0,0.0,0.0,0.0,1129623559.0,6125389396.795295,2026-07-14
2018-07-24,sh.600399,抚顺特钢,5.422505,5.422505,5.422505,5.422505,0.0,0.0,0.0,0.0,1129623559.0,6125389396.795295,2026-07-14
2018-07-25,sh.600399,抚顺特钢,5.422505,5.422505,5.422505,5.422505,0.0,0.0,0.0,0.0,1129623559.0,6125389396.795295,2026-07-14
2018-07-26,sh.600399,抚顺特钢,5.422505,5.422505,5.422505,5.422505,0.0,0.0,0.0,0.0,1129623559.0,6125389396.795295,2026-07-14
2018-07-27,sh.600399,抚顺特钢,5.422505,5.422505,5.422505,5.422505,0.0,0.0,0.0,0.0,1129623559.0,6125389396.795295,2026-07-14
2018-07-30,sh.600399,抚顺特钢,5.422505,5.422505,5.422505,5.422505,0.0,0.0,0.0,0.0,1129623559.0,6125389396.795295,2026-07-14
2018-07-31,sh.600399,抚顺特钢,5.422505,5.422505,5.422505,5.422505,0.0,0.0,0.0,0.0,1129623559.0,6125389396.795295,2026-07-14
2018-08-01,sh.600399,抚顺特钢,5.422505,5.422505,5.422505,5.422505,0.0,0.0,0.0,0.0,1129623559.0,6125389396.795295,2026-07-14
2018-08-02,sh.600399,抚顺特钢,5.422505,5.422505,5.422505,5.422505,0.0,0.0,0.0,0.0,1129623559.0,6125389396.795295,2026-07-14
2018-08-03,sh.600399,抚顺特钢,5.422505,5.422505,5.422505,5.422505,0.0,0.0,0.0,0.0,1129623559.0,6125389396.795295,2026-07-14
2018-08-06,sh.600399,抚顺特钢,5.422505,5.422505,5.422505,5.422505,0.0,0.0,0.0,0.0,1129623559.0,6125389396.795295,2026-07-14
2018-08-07,sh.600399,抚顺特钢,5.422505,5.422505,5.422505,5.422505,0.0,0.0,0.0,0.0,1129623559.0,6125389396.795295,2026-07-14
2018-08-08,sh.600399,抚顺特钢,5.422505,5.422505,5.422505,5.422505,0.0,0.0,0.0,0.0,1129623559.0,6125389396.795295,2026-07-14
2018-08-09,sh.600399,抚顺特钢,5.422505,5.422505,5.422505,5.422505,0.0,0.0,0.0,0.0,1129623559.0,6125389396.795295,2026-07-14
2018-08-10,sh.600399,抚顺特钢,5.422505,5.422505,5.422505,5.422505,0.0,0.0,0.0,0.0,1129623559.0,6125389396.795295,2026-07-14
2018-08-13,sh.600399,抚顺特钢,5.422505,5.422505,5.422505,5.422505,0.0,0.0,0.0,0.0,1129623559.0,6125389396.795295,2026-07-14
2018-08-14,sh.600399,抚顺特钢,5.422505,5.422505,5.422505,5.422505,0.0,0.0,0.0,0.0,1129623559.0,6125389396.795295,2026-07-14
2018-08-15,sh.600399,抚顺特钢,5.422505,5.422505,5.422505,5.422505,0.0,0.0,0.0,0.0,1129623559.0,6125389396.795295,2026-07-14
2018-08-16,sh.600399,抚顺特钢,5.422505,5.422505,5.422505,5.422505,0.0,0.0,0.0,0.0,1129623559.0,6125389396.795295,2026-07-14
2018-08-17,sh.600399,抚顺特钢,5.422505,5.422505,5.422505,5.422505,0.0,0.0,0.0,0.0,1129623559.0,6125389396.795295,2026-07-14
2018-08-20,sh.600399,抚顺特钢,5.422505,5.422505,5.422505,5.422505,0.0,0.0,0.0,0.0,1129623559.0,6125389396.795295,2026-07-14
2018-08-21,sh.600399,抚顺特钢,5.422505,5.422505,5.422505,5.422505,0.0,0.0,0.0,0.0,1129623559.0,6125389396.795295,2026-07-14
2018-08-22,sh.600399,抚顺特钢,5.422505,5.422505,5.422505,5.422505,0.0,0.0,0.0,0.0,1129623559.0,6125389396.795295,2026-07-14
2018-08-23,sh.600399,抚顺特钢,5.422505,5.422505,5.422505,5.422505,0.0,0.0,0.0,0.0,1129623559.0,6125389396.795295,2026-07-14
2018-08-24,sh.600399,抚顺特钢,5.422505,5.422505,5.422505,5.422505,0.0,0.0,0.0,0.0,1129623559.0,6125389396.795295,2026-07-14
2018-08-27,sh.600399,抚顺特钢,5.422505,5.422505,5.422505,5.422505,0.0,0.0,0.0,0.0,1129623559.0,6125389396.795295,2026-07-14
2018-08-28,sh.600399,抚顺特钢,5.422505,5.422505,5.422505,5.422505,0.0,0.0,0.0,0.0,1129623559.0,6125389396.795295,2026-07-14
2018-08-29,sh.600399,抚顺特钢,5.422505,5.422505,5.422505,5.422505,0.0,0.0,0.0,0.0,1129623559.0,6125389396.795295,2026-07-14
2018-08-30,sh.600399,抚顺特钢,5.422505,5.422505,5.422505,5.422505,0.0,0.0,0.0,0.0,1129623559.0,6125389396.795295,2026-07-14
2018-08-31,sh.600399,抚顺特钢,5.422505,5.422505,5.422505,5.422505,0.0,0.0,0.0,0.0,1129623559.0,6125389396.795295,2026-07-14
2018-09-03,sh.600399,抚顺特钢,5.422505,5.422505,5.422505,5.422505,0.0,0.0,0.0,0.0,1129623559.0,6125389396.795295,2026-07-14
2018-09-04,sh.600399,抚顺特钢,5.422505,5.422505,5.422505,5.422505,0.0,0.0,0.0,0.0,1129623559.0,6125389396.795295,2026-07-14
2018-09-05,sh.600399,抚顺特钢,5.422505,5.422505,5.422505,5.422505,0.0,0.0,0.0,0.0,1129623559.0,6125389396.795295,2026-07-14
2018-09-06,sh.600399,抚顺特钢,5.422505,5.422505,5.422505,5.422505,0.0,0.0,0.0,0.0,1129623559.0,6125389396.795295,2026-07-14
2018-09-07,sh.600399,抚顺特钢,5.422505,5.422505,5.422505,5.422505,0.0,0.0,0.0,0.0,1129623559.0,6125389396.795295,2026-07-14
2018-09-10,sh.600399,抚顺特钢,5.422505,5.422505,5.422505,5.422505,0.0,0.0,0.0,0.0,1129623559.0,6125389396.795295,2026-07-14
2018-09-11,sh.600399,抚顺特钢,5.422505,5.422505,5.422505,5.422505,0.0,0.0,0.0,0.0,1129623559.0,6125389396.795295,2026-07-14
2018-09-12,sh.600399,抚顺特钢,5.422505,5.422505,5.422505,5.422505,0.0,0.0,0.0,0.0,1129623559.0,6125389396.795295,2026-07-14
2018-09-13,sh.600399,抚顺特钢,5.422505,5.422505,5.422505,5.422505,0.0,0.0,0.0,0.0,1129623559.0,6125389396.795295,2026-07-14
2018-09-14,sh.600399,抚顺特钢,5.422505,5.422505,5.422505,5.422505,0.0,0.0,0.0,0.0,1129623559.0,6125389396.795295,2026-07-14
2018-09-17,sh.600399,抚顺特钢,5.422505,5.422505,5.422505,5.422505,0.0,0.0,0.0,0.0,1129623559.0,6125389396.795295,2026-07-14
2018-09-18,sh.600399,抚顺特钢,5.422505,5.422505,5.422505,5.422505,0.0,0.0,0.0,0.0,1129623559.0,6125389396.795295,2026-07-14
2018-09-19,sh.600399,抚顺特钢,5.422505,5.422505,5.422505,5.422505,0.0,0.0,0.0,0.0,1129623559.0,6125389396.795295,2026-07-14
2018-09-20,sh.600399,抚顺特钢,5.422505,5.422505,5.422505,5.422505,0.0,0.0,0.0,0.0,1129623559.0,6125389396.795295,2026-07-14
2018-09-21,sh.600399,抚顺特钢,5.1563093,5.1563093,5.1563093,5.1563093,315900.0,1652157.0,0.027965,-4.909091,1129626319.0,5824702694.184467,2026-07-14
2018-09-25,sh.600399,抚顺特钢,4.8999727,4.8999727,4.8999727,4.8999727,34200.0,169974.0,0.003028,-4.971323,1129458388.0,5534315266.986008,2026-07-14
2018-09-26,sh.600399,抚顺特钢,4.6534952,4.6534952,4.6534952,4.6534952,22100.0,104312.0,0.001956,-5.030181,1129856851.0,5257783432.815616,2026-07-14
2018-09-27,sh.600399,抚顺特钢,4.4168768,4.4168768,4.4168768,4.4168768,58000.0,259840.0,0.005134,-5.084741,1129723413.0,4989849133.296518,2026-07-14
2018-09-28,sh.600399,抚顺特钢,4.1999766,4.1999766,4.1999766,4.1999766,78700.0,335262.0,0.006967,-4.91071,1129611023.0,4744339863.702062,2026-07-14
2018-10-08,sh.600399,抚顺特钢,3.9929355,3.9929355,3.9929355,3.9929355,33300.0,134865.0,0.002948,-4.929578,1129579376.0,4510337590.498248,2026-07-14
2018-10-09,sh.600399,抚顺特钢,3.7957535,3.7957535,3.7957535,3.7957535,36700.0,141295.0,0.003249,-4.938278,1129578332.0,4287600907.213162,2026-07-14
2018-10-10,sh.600399,抚顺特钢,3.6084306,3.6084306,3.6084306,3.6084306,28600.0,104676.0,0.002532,-4.935061,1129541864.0,4075873426.0386386,2026-07-14
2018-10-11,sh.600399,抚顺特钢,3.4309668,3.4309668,3.4309668,3.4309668,40500.0,140940.0,0.003585,-4.918035,1129707113.0,3875987598.4268484,2026-07-14
2018-10-12,sh.600399,抚顺特钢,3.2633621,3.2633621,3.2633621,3.2633621,72900.0,241299.0,0.006453,-4.885059,1129707113.0,3686643376.6646175,2026-07-14
2018-10-15,sh.600399,抚顺特钢,3.0957574,3.0957574,3.0957574,3.0957574,90200.0,283228.0,0.007985,-5.135947,1129618034.0,3497023387.9289517,2026-07-14
2018-10-16,sh.600399,抚顺特钢,2.9380118,2.9380118,2.9380118,2.9380118,112200.0,334356.0,0.009933,-5.095544,1129568106.0,3318684424.3316507,2026-07-14
2018-10-17,sh.600399,抚顺特钢,2.7901253,2.7901253,2.7901253,2.7901253,108200.0,306206.0,0.009578,-5.03356,1129672165.0,3151926888.2722745,2026-07-14
2018-10-18,sh.600399,抚顺特钢,2.6520979,2.6520979,2.6520979,2.6520979,121500.0,326835.0,0.010756,-4.946992,1129602083.0,2995815312.1599255,2026-07-14
2018-10-19,sh.600399,抚顺特钢,2.5239296,2.5239296,2.5239296,2.5239296,290700.0,744192.0,0.025734,-4.832718,1129633947.0,2851116555.9981313,2026-07-14
2018-10-22,sh.600399,抚顺特钢,2.3957613,2.3957613,2.3957613,2.3957613,5470300.0,13292829.0,0.484259,-5.07812,1129622785.0,2706306551.901221,2026-07-14
2018-10-23,sh.600399,抚顺特钢,2.2774521,2.2774521,2.366184,2.2774521,40164950.0,92809860.0,3.555607,-4.938276,1129622875.0,2572661988.8767877,2026-07-14
2018-10-24,sh.600399,抚顺特钢,2.1591429,2.1591429,2.1985793,2.1591429,20035400.0,43912807.0,1.773636,-5.1948,1129622989.0,2439017456.376128,2026-07-14
2018-10-25,sh.600399,抚顺特钢,2.0506928,2.2380157,2.267593,2.0506928,80352104.0,171474530.0,7.11318,3.652965,1129622813.0,2528113590.572164,2026-07-14
2018-10-26,sh.600399,抚顺特钢,2.1887202,2.3464658,2.3464658,2.1591429,61962151.0,144556173.0,5.485207,4.845821,1129622838.0,2650621356.26594,2026-07-14
2018-10-29,sh.600399,抚顺特钢,2.3464658,2.3464658,2.3464658,2.3464658,0.0,0.0,0.0,0.0,1129622838.0,2650621356.26594,2026-07-14
2018-10-30,sh.600399,抚顺特钢,2.3464658,2.3464658,2.3464658,2.3464658,0.0,0.0,0.0,0.0,1129622838.0,2650621356.26594,2026-07-14
2018-10-31,sh.600399,抚顺特钢,2.3464658,2.3464658,2.3464658,2.3464658,0.0,0.0,0.0,0.0,1129622838.0,2650621356.26594,2026-07-14
2018-11-01,sh.600399,抚顺特钢,2.3464658,2.3464658,2.3464658,2.3464658,0.0,0.0,0.0,0.0,1129622838.0,2650621356.26594,2026-07-14
2018-11-02,sh.600399,抚顺特钢,2.3464658,2.3464658,2.3464658,2.3464658,0.0,0.0,0.0,0.0,1129622838.0,2650621356.26594,2026-07-14
2018-11-05,sh.600399,抚顺特钢,2.3464658,2.3464658,2.3464658,2.3464658,0.0,0.0,0.0,0.0,1129622838.0,2650621356.26594,2026-07-14
2018-11-06,sh.600399,抚顺特钢,2.3464658,2.3464658,2.3464658,2.3464658,0.0,0.0,0.0,0.0,1129622838.0,2650621356.26594,2026-07-14
2018-11-07,sh.600399,抚顺特钢,2.3464658,2.3464658,2.3464658,2.3464658,0.0,0.0,0.0,0.0,1129622838.0,2650621356.26594,2026-07-14
2018-11-08,sh.600399,抚顺特钢,2.3464658,2.3464658,2.3464658,2.3464658,0.0,0.0,0.0,0.0,1129622838.0,2650621356.26594,2026-07-14
2018-11-09,sh.600399,抚顺特钢,2.3464658,2.3464658,2.3464658,2.3464658,0.0,0.0,0.0,0.0,1129622838.0,2650621356.26594,2026-07-14
2018-11-12,sh.600399,抚顺特钢,2.3464658,2.3464658,2.3464658,2.3464658,0.0,0.0,0.0,0.0,1129622838.0,2650621356.26594,2026-07-14
2018-11-13,sh.600399,抚顺特钢,2.3464658,2.3464658,2.3464658,2.3464658,0.0,0.0,0.0,0.0,1129622838.0,2650621356.26594,2026-07-14
2018-11-14,sh.600399,抚顺特钢,2.3464658,2.3464658,2.3464658,2.3464658,0.0,0.0,0.0,0.0,1129622838.0,2650621356.26594,2026-07-14
2018-11-15,sh.600399,抚顺特钢,2.3464658,2.3464658,2.3464658,2.3464658,0.0,0.0,0.0,0.0,1129622838.0,2650621356.26594,2026-07-14
2018-11-16,sh.600399,抚顺特钢,2.3464658,2.3464658,2.3464658,2.3464658,0.0,0.0,0.0,0.0,1129622838.0,2650621356.26594,2026-07-14
2018-11-19,sh.600399,抚顺特钢,2.3464658,2.3464658,2.3464658,2.3464658,0.0,0.0,0.0,0.0,1129622838.0,2650621356.26594,2026-07-14
2018-11-20,sh.600399,抚顺特钢,2.3464658,2.3464658,2.3464658,2.3464658,0.0,0.0,0.0,0.0,1129622838.0,2650621356.26594,2026-07-14
2018-11-21,sh.600399,抚顺特钢,2.3464658,2.3464658,2.3464658,2.3464658,0.0,0.0,0.0,0.0,1129622838.0,2650621356.26594,2026-07-14
2018-11-22,sh.600399,抚顺特钢,2.3464658,2.3464658,2.3464658,2.3464658,0.0,0.0,0.0,0.0,1129622838.0,2650621356.26594,2026-07-14
2018-11-23,sh.600399,抚顺特钢,2.3464658,2.3464658,2.3464658,2.3464658,0.0,0.0,0.0,0.0,1129622838.0,2650621356.26594,2026-07-14
2018-11-26,sh.600399,抚顺特钢,2.3464658,2.3464658,2.3464658,2.3464658,0.0,0.0,0.0,0.0,1129622838.0,2650621356.26594,2026-07-14
2018-11-27,sh.600399,抚顺特钢,2.3464658,2.3464658,2.3464658,2.3464658,0.0,0.0,0.0,0.0,1129622838.0,2650621356.26594,2026-07-14
2018-11-28,sh.600399,抚顺特钢,2.3464658,2.3464658,2.3464658,2.3464658,0.0,0.0,0.0,0.0,1129622838.0,2650621356.26594,2026-07-14
2018-11-29,sh.600399,抚顺特钢,2.3464658,2.3464658,2.3464658,2.3464658,0.0,0.0,0.0,0.0,1129622838.0,2650621356.26594,2026-07-14
2018-11-30,sh.600399,抚顺特钢,2.3464658,2.3464658,2.3464658,2.3464658,0.0,0.0,0.0,0.0,1129622838.0,2650621356.26594,2026-07-14
2018-12-03,sh.600399,抚顺特钢,2.3464658,2.3464658,2.3464658,2.3464658,0.0,0.0,0.0,0.0,1129622838.0,2650621356.26594,2026-07-14
2018-12-04,sh.600399,抚顺特钢,2.3464658,2.3464658,2.3464658,2.3464658,0.0,0.0,0.0,0.0,1129622838.0,2650621356.26594,2026-07-14
2018-12-05,sh.600399,抚顺特钢,2.3464658,2.3464658,2.3464658,2.3464658,0.0,0.0,0.0,0.0,1129622838.0,2650621356.26594,2026-07-14
2018-12-06,sh.600399,抚顺特钢,2.3464658,2.3464658,2.3464658,2.3464658,0.0,0.0,0.0,0.0,1129622838.0,2650621356.26594,2026-07-14
2018-12-07,sh.600399,抚顺特钢,2.3464658,2.3464658,2.3464658,2.3464658,0.0,0.0,0.0,0.0,1129622838.0,2650621356.26594,2026-07-14
2018-12-10,sh.600399,抚顺特钢,2.3464658,2.3464658,2.3464658,2.3464658,0.0,0.0,0.0,0.0,1129622838.0,2650621356.26594,2026-07-14
2018-12-11,sh.600399,抚顺特钢,2.3464658,2.3464658,2.3464658,2.3464658,0.0,0.0,0.0,0.0,1129622838.0,2650621356.26594,2026-07-14
2018-12-12,sh.600399,抚顺特钢,2.3464658,2.3464658,2.3464658,2.3464658,0.0,0.0,0.0,0.0,1129622838.0,2650621356.26594,2026-07-14
2018-12-13,sh.600399,抚顺特钢,2.3464658,2.3464658,2.3464658,2.3464658,0.0,0.0,0.0,0.0,1129622838.0,2650621356.26594,2026-07-14
2018-12-14,sh.600399,抚顺特钢,2.3464658,2.3464658,2.3464658,2.3464658,0.0,0.0,0.0,0.0,1129622838.0,2650621356.26594,2026-07-14
2018-12-17,sh.600399,抚顺特钢,2.3464658,2.3464658,2.3464658,2.3464658,0.0,0.0,0.0,0.0,1129622838.0,2650621356.26594,2026-07-14
2018-12-18,sh.600399,抚顺特钢,2.3464658,2.3464658,2.3464658,2.3464658,0.0,0.0,0.0,0.0,1129622838.0,2650621356.26594,2026-07-14
2018-12-19,sh.600399,抚顺特钢,2.3464658,2.3464658,2.3464658,2.3464658,0.0,0.0,0.0,0.0,1129622838.0,2650621356.26594,2026-07-14
2018-12-20,sh.600399,抚顺特钢,2.3464658,2.3464658,2.3464658,2.3464658,0.0,0.0,0.0,0.0,1129622838.0,2650621356.26594,2026-07-14
2018-12-21,sh.600399,抚顺特钢,2.3464658,2.3464658,2.3464658,2.3464658,0.0,0.0,0.0,0.0,1129622838.0,2650621356.26594,2026-07-14
2018-12-24,sh.600399,抚顺特钢,2.3464658,2.3464658,2.3464658,2.3464658,0.0,0.0,0.0,0.0,1129622838.0,2650621356.26594,2026-07-14
2018-12-25,sh.600399,抚顺特钢,2.3464658,2.3464658,2.3464658,2.3464658,0.0,0.0,0.0,0.0,1129622838.0,2650621356.26594,2026-07-14
2018-12-26,sh.600399,抚顺特钢,2.3464658,2.3464658,2.3464658,2.3464658,0.0,0.0,0.0,0.0,1129622838.0,2650621356.26594,2026-07-14
2018-12-27,sh.600399,抚顺特钢,2.3464658,2.3464658,2.3464658,2.3464658,0.0,0.0,0.0,0.0,1129622838.0,2650621356.26594,2026-07-14
2018-12-28,sh.600399,抚顺特钢,2.464775,2.464775,2.464775,2.3859022,8700385.0,21717811.0,0.441174,5.042012,1972098310.0,4860778612.03025,2026-07-14
2019-01-02,sh.600399,抚顺特钢,2.5929433,2.5929433,2.5929433,2.5929433,307650.0,809120.0,0.0156,5.200005,1972115385.0,5113583374.36267,2026-07-14
2019-01-03,sh.600399,抚顺特钢,2.7211116,2.7211116,2.7211116,2.7211116,595405.0,1643318.0,0.030191,4.942961,1972127455.0,5366378894.478978,2026-07-14
2019-01-04,sh.600399,抚顺特钢,2.859139,2.7013934,2.859139,2.5830842,46844463.0,126999611.0,2.375359,-0.724637,1972100344.0,5327418853.41933,2026-07-14
2019-01-07,sh.600399,抚顺特钢,2.6323797,2.6126615,2.661957,2.5830842,21464959.0,56898464.0,1.088432,-3.284668,1972099222.0,5152427711.499353,2026-07-14
2019-01-08,sh.600399,抚顺特钢,2.5830842,2.6225206,2.7309707,2.563366,14847016.0,39796328.0,0.752853,0.377358,1972100264.0,5171873567.605438,2026-07-14
2019-01-09,sh.600399,抚顺特钢,2.5732251,2.5732251,2.6323797,2.563366,12451343.0,32777027.0,0.631375,-1.879706,1972099465.0,5074655843.034572,2026-07-14
2019-01-10,sh.600399,抚顺特钢,2.5732251,2.4943523,2.5830842,2.4844932,9947750.0,25630283.0,0.504424,-3.065131,1972100852.0,4919114296.01816,2026-07-14
2019-01-11,sh.600399,抚顺特钢,2.4746341,2.4056204,2.4844932,2.3957613,13096791.0,32188742.0,0.664104,-3.557309,1972099400.0,4744122547.46776,2026-07-14
2019-01-14,sh.600399,抚顺特钢,2.4056204,2.4549159,2.4844932,2.3760431,9397925.0,23312893.0,0.476544,2.049178,1972100163.0,4841340046.541292,2026-07-14
2019-01-15,sh.600399,抚顺特钢,2.464775,2.5732251,2.5732251,2.4450568,6632225.0,17000142.0,0.336303,4.819273,1972098078.0,5074652273.971358,2026-07-14
2019-01-16,sh.600399,抚顺特钢,2.6225206,2.5830842,2.6422388,2.5732251,12611325.0,33279756.0,0.639487,0.383141,1972100293.0,5094101107.663671,2026-07-14
2019-01-17,sh.600399,抚顺特钢,2.5140705,2.5830842,2.6422388,2.5140705,8408363.0,22176079.0,0.426366,0.0,1972099792.0,5094099813.5384865,2026-07-14
2019-01-18,sh.600399,抚顺特钢,2.5535069,2.5929433,2.6323797,2.5535069,7564461.0,19866061.0,0.383574,0.381688,1972099517.0,5113542229.538386,2026-07-14
2019-01-21,sh.600399,抚顺特钢,2.6126615,2.6915343,2.7211116,2.6028024,15584547.0,42476319.0,0.790251,3.802278,1972100889.0,5307977185.803992,2026-07-14
2019-01-22,sh.600399,抚顺特钢,2.661957,2.6323797,2.7112525,2.6225206,9192550.0,24824656.0,0.46613,-2.1978,1972100058.0,5191316159.048022,2026-07-14
2019-01-23,sh.600399,抚顺特钢,2.6225206,2.6520979,2.7013934,2.6225206,6597662.0,17768226.0,0.33455,0.749063,1972100433.0,5230203416.94839,2026-07-14
2019-01-24,sh.600399,抚顺特钢,2.6422388,2.661957,2.6816752,2.6225206,5113625.0,13803410.0,0.259298,0.371747,1972103526.0,5249654785.760383,2026-07-14
2019-01-25,sh.600399,抚顺特钢,2.6816752,2.6422388,2.6816752,2.6225206,5213150.0,13960451.0,0.264345,-0.74074,1972100853.0,5210761391.309696,2026-07-14
2019-01-28,sh.600399,抚顺特钢,2.7112525,2.661957,2.7112525,2.6422388,9131947.0,24710698.0,0.463057,0.746268,1972099979.0,5249645343.798903,2026-07-14
2019-01-29,sh.600399,抚顺特钢,2.6422388,2.6126615,2.6718161,2.5337887,8313149.0,21963506.0,0.421538,-1.85185,1972099550.0,5152428568.452326,2026-07-14
2019-01-30,sh.600399,抚顺特钢,2.5732251,2.5535069,2.6323797,2.5535069,4295800.0,11308975.0,0.217829,-2.264158,1972097379.0,5035764264.748415,2026-07-14
2019-01-31,sh.600399,抚顺特钢,2.5535069,2.5732251,2.6126615,2.5436478,5472826.0,14326523.0,0.277513,0.7722,1972097163.0,5074649919.470391,2026-07-14
2019-02-01,sh.600399,抚顺特钢,2.5732251,2.6225206,2.6323797,2.563366,3755550.0,9930461.0,0.190434,1.915716,1972100570.0,5171874370.096743,2026-07-14
2019-02-11,sh.600399,抚顺特钢,2.6323797,2.661957,2.6718161,2.6225206,7085136.0,19046371.0,0.359269,1.503758,1972097787.0,5249639508.789159,2026-07-14
2019-02-12,sh.600399,抚顺特钢,2.6520979,2.6816752,2.6816752,2.6422388,7322623.0,19781859.0,0.371311,0.74074,1972099668.0,5288530771.603833,2026-07-14
2019-02-13,sh.600399,抚顺特钢,2.661957,2.6816752,2.6915343,2.661957,6990130.0,18975978.0,0.354451,0.0,1972100516.0,5288533045.664403,2026-07-14
2019-02-14,sh.600399,抚顺特钢,2.6915343,2.8197026,2.8197026,2.6718161,12573868.0,35671110.0,0.637588,5.147054,1972099224.0,5560733309.370782,2026-07-14
2019-02-15,sh.600399,抚顺特钢,2.8689981,2.95773,2.95773,2.859139,20085742.0,59943354.0,1.018495,4.895109,1972100207.0,5832939945.250111,2026-07-14
2019-02-18,sh.600399,抚顺特钢,3.0366028,3.1056165,3.1056165,3.0168846,6967002.0,21792252.0,0.353278,5.000003,1972101857.0,6124592066.77984,2026-07-14
2019-02-19,sh.600399,抚顺特钢,3.2633621,3.2633621,3.2633621,3.2436439,3990015.0,13205498.0,0.202323,5.07936,1972101541.0,6435681426.250997,2026-07-14
2019-02-20,sh.600399,抚顺特钢,3.4309668,3.4309668,3.4309668,3.4309668,944208.0,3285844.0,0.047878,5.135954,1972112452.0,6766252348.678594,2026-07-14
2019-02-21,sh.600399,抚顺特钢,3.5985715,3.5985715,3.5985715,3.5985715,964468.0,3520308.0,0.048906,4.885059,1972085225.0,7096689686.256087,2026-07-14
2019-02-22,sh.600399,抚顺特钢,3.7760353,3.4211077,3.7760353,3.4211077,24706759.0,87607195.0,1.252815,-4.931509,1972099552.0,6746764962.51375,2026-07-14
2019-02-25,sh.600399,抚顺特钢,3.352094,3.4309668,3.5887124,3.352094,34889650.0,121463666.0,1.769162,0.288184,1972100350.0,6766210827.118381,2026-07-14
2019-02-26,sh.600399,抚顺特钢,3.3915304,3.5985715,3.5985715,3.3915304,14633291.0,52514783.0,0.742016,4.885059,1972099119.0,7096739684.808508,2026-07-14
2019-02-27,sh.600399,抚顺特钢,3.746458,3.6281488,3.7563171,3.4802623,30409385.0,111962279.0,1.54198,0.821917,1972099833.0,7155071642.57915,2026-07-14
2019-02-28,sh.600399,抚顺特钢,3.5196987,3.5689942,3.6873034,3.5196987,12351906.0,44774201.0,0.626333,-1.63044,1972098868.0,7038409421.718566,2026-07-14
2019-03-01,sh.600399,抚顺特钢,3.5689942,3.746458,3.746458,3.5591351,16373324.0,61654371.0,0.830248,4.972378,1972100384.0,7388391260.439872,2026-07-14
2019-03-04,sh.600399,抚顺特钢,3.8253308,3.7858944,3.9337809,3.7365989,35979478.0,140799707.0,1.824425,1.052631,1972099593.0,7466160805.38098,2026-07-14
2019-03-05,sh.600399,抚顺特钢,3.7168807,3.8154717,3.8253308,3.6675852,17111161.0,65360856.0,0.867662,0.781249,1972099850.0,7524491167.249245,2026-07-14
2019-03-06,sh.600399,抚顺特钢,3.8154717,3.8647672,3.9929355,3.746458,20074911.0,78595882.0,1.017946,1.291995,1972099797.0,7621706610.572259,2026-07-14
2019-03-07,sh.600399,抚顺特钢,3.8056126,3.8549081,3.9732173,3.8056126,19882773.0,78126462.0,1.008203,-0.255102,1972100162.0,7602264888.505112,2026-07-14
2019-03-08,sh.600399,抚顺特钢,3.8154717,3.6577261,3.8154717,3.6577261,23233200.0,87689310.0,1.178094,-5.115091,1972100698.0,7213404194.902818,2026-07-14
2019-03-11,sh.600399,抚顺特钢,3.6281488,3.6281488,3.6774443,3.4802623,16608484.0,60091594.0,0.842173,-0.808625,1972098844.0,7155068054.339987,2026-07-14
2019-03-12,sh.600399,抚顺特钢,3.647867,3.647867,3.7267398,3.6084306,10011953.0,37200715.0,0.50768,0.543478,1972099157.0,7193955435.54812,2026-07-14
2019-03-13,sh.600399,抚顺特钢,3.647867,3.549276,3.6577261,3.5295578,10061478.0,36690339.0,0.510191,-2.702707,1972100253.0,6999528097.566828,2026-07-14
2019-03-14,sh.600399,抚顺特钢,3.549276,3.5591351,3.6774443,3.5196987,11559379.0,42036320.0,0.586146,0.277778,1972098931.0,7018966525.994578,2026-07-14
2019-03-15,sh.600399,抚顺特钢,3.5394169,3.6281488,3.647867,3.5295578,9532585.0,34626439.0,0.483372,1.939063,1972101197.0,7155076591.374113,2026-07-14
2019-03-18,sh.600399,抚顺特钢,3.6281488,3.8056126,3.8056126,3.6281488,13682729.0,52308147.0,0.693815,4.891299,1972100488.0,7505050465.5989485,2026-07-14
2019-03-19,sh.600399,抚顺特钢,3.9633582,3.8549081,3.9633582,3.7957535,20870818.0,82276750.0,1.058304,1.295342,1972100455.0,7602266017.993185,2026-07-14
2019-03-20,sh.600399,抚顺特钢,3.8351899,4.0323719,4.0323719,3.8154717,17514629.0,69619487.0,0.888121,4.603582,1972099410.0,7952238244.890579,2026-07-14
2019-03-21,sh.600399,抚顺特钢,4.0225128,4.2196948,4.2295539,3.9830764,24438606.0,103838591.0,1.239217,4.645478,1972100609.0,8321662684.874133,2026-07-14
2019-03-22,sh.600399,抚顺特钢,4.1999766,4.4267359,4.4267359,4.1703993,22685427.0,99323083.0,1.150318,4.906531,1972100497.0,8729968068.477741,2026-07-14
2019-03-25,sh.600399,抚顺特钢,4.436595,4.6239179,4.6436361,4.3281449,22245166.0,103068041.0,1.127994,4.45435,1972099674.0,9118826983.192766,2026-07-14
2019-03-26,sh.600399,抚顺特钢,4.6436361,4.3971586,4.7126498,4.3971586,26394385.0,119902314.0,1.33839,-4.904051,1972099687.0,8671635098.74936,2026-07-14
2019-03-27,sh.600399,抚顺特钢,4.3774404,4.2295539,4.436595,4.1802584,23572212.0,101395219.0,1.195285,-3.811661,1972099708.0,8341102011.160261,2026-07-14
2019-03-28,sh.600399,抚顺特钢,4.2295539,4.2492721,4.4168768,4.1999766,18310432.0,80138106.0,0.928474,0.4662,1972099596.0,8379987791.704071,2026-07-14
2019-03-29,sh.600399,抚顺特钢,4.0323719,4.140822,4.2492721,4.0323719,24844850.0,103576665.0,1.259817,-2.552207,1972099916.0,8166114718.370952,2026-07-14
2019-04-01,sh.600399,抚顺特钢,4.1901175,4.2098357,4.2689903,4.140822,15644765.0,66629622.0,0.793305,1.666671,1972099634.0,8302215443.170135,2026-07-14
2019-04-02,sh.600399,抚顺特钢,4.2591312,4.4168768,4.4168768,4.140822,20678683.0,89113299.0,1.048562,4.918034,1972099218.0,8710519283.282343,2026-07-14
2019-04-03,sh.600399,抚顺特钢,4.535186,4.633777,4.633777,4.436595,46015428.0,214575800.0,2.333321,4.91071,1972100195.0,9138272525.286516,2026-07-14
2019-04-04,sh.600399,抚顺特钢,4.633777,4.633777,4.633777,4.633777,0.0,0.0,0.0,0.0,1972100195.0,9138272525.286516,2026-07-14
2019-04-08,sh.600399,抚顺特钢,4.4070177,4.6633543,4.7422271,4.4070177,42903734.0,198691631.0,2.175535,0.638302,1972100380.0,9196602787.104633,2026-07-14
2019-04-09,sh.600399,抚顺特钢,4.6732134,4.5647633,4.7126498,4.4563132,24136007.0,112280515.0,1.223873,-2.114163,1972100618.0,9002172524.95372,2026-07-14
2019-04-10,sh.600399,抚顺特钢,4.535186,4.3971586,4.535186,4.3872995,21456657.0,96336386.0,1.088011,-3.671708,1972099271.0,8671633269.531382,2026-07-14
2019-04-11,sh.600399,抚顺特钢,4.3971586,4.2295539,4.4267359,4.2098357,17366130.0,75620038.0,0.880591,-3.811661,1972099420.0,8341100793.048738,2026-07-14
2019-04-12,sh.600399,抚顺特钢,4.239413,4.436595,4.436595,4.239413,12108156.0,53841520.0,0.613973,4.895106,1972099099.0,8749405002.127905,2026-07-14
2019-04-15,sh.600399,抚顺特钢,4.633777,4.4464541,4.633777,4.436595,25513341.0,117442878.0,1.293714,0.222227,1972100557.0,8768854607.284935,2026-07-14
2019-04-16,sh.600399,抚顺特钢,4.4661723,4.535186,4.6041997,4.3577222,18839558.0,86182756.0,0.955304,1.995558,1972100818.0,8943844020.382149,2026-07-14
2019-04-17,sh.600399,抚顺特钢,4.535186,4.4957496,4.5746224,4.4858905,14979282.0,68642976.0,0.75956,-0.869564,1972099900.0,8866067336.58504,2026-07-14
2019-04-18,sh.600399,抚顺特钢,4.5746224,4.4168768,4.5746224,4.3872995,15021588.0,68290078.0,0.761705,-1.754384,1972100485.0,8710524879.465248,2026-07-14
2019-04-19,sh.600399,抚顺特钢,4.5450451,4.5056087,4.5450451,4.4267359,11398649.0,51881918.0,0.577995,2.008932,1972101662.0,8885518405.59166,2026-07-14
2019-04-22,sh.600399,抚顺特钢,4.5253269,4.3675813,4.5253269,4.3084267,15080352.0,67650921.0,0.764685,-3.063465,1972099884.0,8613306575.09057,2026-07-14
2019-04-23,sh.600399,抚顺特钢,4.3675813,4.1506811,4.4168768,4.1506811,18431670.0,79062090.0,0.934621,-4.966136,1972100991.0,8185562310.63497,2026-07-14
2019-04-24,sh.600399,抚顺特钢,4.1211038,4.1605402,4.2295539,4.0619492,9935072.0,41853406.0,0.503781,0.237524,1972101369.0,8205007024.199533,2026-07-14
2019-04-25,sh.600399,抚顺特钢,4.1703993,3.9633582,4.2196948,3.9534991,14209800.0,58817047.0,0.720542,-4.739332,1972098781.0,7816133874.886354,2026-07-14
2019-04-26,sh.600399,抚顺特钢,3.9633582,3.94364,4.0126537,3.8549081,10980002.0,43799866.0,0.556767,-0.497512,1972099999.0,7777252440.056359,2026-07-14
2019-04-29,sh.600399,抚顺特钢,3.8746263,3.7563171,3.9633582,3.746458,11578000.0,44897685.0,0.58709,-4.750001,1972099678.0,7407831743.375894,2026-07-14
2019-04-30,sh.600399,抚顺特钢,3.8154717,3.94364,3.94364,3.7661762,8107724.0,32150453.0,0.411121,4.986878,1972101644.0,7777258927.34416,2026-07-14
2019-05-06,sh.600399,抚顺特钢,3.8351899,3.746458,3.8943445,3.746458,13190394.0,50609891.0,0.66885,-5.000001,1972100471.0,7388391586.381718,2026-07-14
2019-05-07,sh.600399,抚顺特钢,3.5887124,3.6577261,3.7858944,3.5591351,12093573.0,44703540.0,0.613233,-2.368419,1972100816.0,7213404626.514498,2026-07-14
2019-05-08,sh.600399,抚顺特钢,3.5196987,3.5098396,3.5887124,3.4704032,10341288.0,36896693.0,0.524379,-4.043129,1972101858.0,6921761196.441977,2026-07-14
2019-05-09,sh.600399,抚顺特钢,3.5196987,3.4802623,3.5788533,3.4704032,6224800.0,22271555.0,0.315643,-0.842696,1972101393.0,6863430129.835384,2026-07-14
2019-05-10,sh.600399,抚顺特钢,3.5295578,3.5295578,3.5689942,3.4013895,9358503.0,33419244.0,0.474545,1.416429,1972100222.0,6960641720.941832,2026-07-14
2019-05-13,sh.600399,抚顺特钢,3.4901214,3.4211077,3.4901214,3.352094,11360251.0,39305568.0,0.576048,-3.072623,1972101457.0,6746771479.723919,2026-07-14
2019-05-14,sh.600399,抚顺特钢,3.352094,3.3027985,3.4013895,3.253503,11132850.0,37252522.0,0.564518,-3.458217,1972098321.0,6513443376.451319,2026-07-14
2019-05-15,sh.600399,抚顺特钢,3.3225167,3.3323758,3.3718122,3.1844893,11086511.0,37010101.0,0.562168,0.895529,1972099266.0,6571775869.216163,2026-07-14
2019-05-16,sh.600399,抚顺特钢,3.3126576,3.3619531,3.3915304,3.2732212,7700150.0,26065990.0,0.390454,0.887573,1972101707.0,6630113447.363942,2026-07-14
2019-05-17,sh.600399,抚顺特钢,3.3718122,3.1943484,3.3718122,3.1943484,10919321.0,35889237.0,0.55369,-4.985339,1972100092.0,6299574773.520053,2026-07-14
2019-05-20,sh.600399,抚顺特钢,3.2140666,3.0366028,3.2140666,3.0366028,10534216.0,32647471.0,0.534162,-4.938274,1972101348.0,5988488475.220574,2026-07-14
2019-05-21,sh.600399,抚顺特钢,2.9675891,3.1253347,3.1844893,2.9675891,9444550.0,29809584.0,0.478908,2.922083,1972101113.0,6163476040.36752,2026-07-14
2019-05-22,sh.600399,抚顺特钢,3.1056165,3.154912,3.2337848,3.0760392,5765303.0,18433259.0,0.292343,0.946371,1972102291.0,6221809183.103392,2026-07-14
2019-05-23,sh.600399,抚顺特钢,3.1450529,3.0858983,3.2042075,3.0464619,4640566.0,14606531.0,0.235311,-2.187498,1972099052.0,6085697111.998412,2026-07-14
2019-05-24,sh.600399,抚顺特钢,3.0464619,3.0070255,3.1056165,2.9971664,5229566.0,16144765.0,0.265178,-2.555916,1972096479.0,5930144400.813214,2026-07-14
2019-05-27,sh.600399,抚顺特钢,3.0070255,3.0464619,3.0760392,2.9971664,5907211.0,18191246.0,0.299539,1.311474,1972100795.0,6007929934.927211,2026-07-14
2019-05-28,sh.600399,抚顺特钢,3.0366028,3.0858983,3.154912,3.0267437,5855316.0,18469691.0,0.296908,1.294505,1972097754.0,6085693106.5024185,2026-07-14
2019-05-29,sh.600399,抚顺特钢,3.0661801,3.1154756,3.1253347,3.0464619,3583282.0,11250115.0,0.181699,0.958465,1972097810.0,6144022607.868436,2026-07-14
2019-05-30,sh.600399,抚顺特钢,3.0957574,3.0661801,3.1154756,3.0366028,3617800.0,11252396.0,0.183449,-1.582284,1972101238.0,6046817571.140964,2026-07-14
2019-05-31,sh.600399,抚顺特钢,3.0464619,3.0661801,3.0957574,3.0366028,4252835.0,13194221.0,0.21565,0.0,1972100626.0,6046815694.638742,2026-07-14
2019-06-03,sh.600399,抚顺特钢,3.0661801,2.9873073,3.0760392,2.95773,5035100.0,15409633.0,0.255317,-2.572345,1972097432.0,5891261054.924853,2026-07-14
2019-06-04,sh.600399,抚顺特钢,2.9675891,2.8394208,3.0070255,2.8394208,9637300.0,28022649.0,0.488682,-4.95049,1972100466.0,5599623082.850093,2026-07-14
2019-06-05,sh.600399,抚顺特钢,2.8689981,2.8295617,2.8887163,2.8295617,3836200.0,11117084.0,0.194524,-0.34723,1972095988.0,5580167276.36846,2026-07-14
2019-06-06,sh.600399,抚顺特钢,2.8394208,2.7211116,2.8492799,2.6915343,7300950.0,20326868.0,0.370212,-3.832749,1972099770.0,5366303560.504332,2026-07-14
2019-06-10,sh.600399,抚顺特钢,2.7112525,2.859139,2.859139,2.7013934,5121220.0,14501332.0,0.259684,5.072467,1972096856.0,5638499032.766984,2026-07-14
2019-06-11,sh.600399,抚顺特钢,2.9281527,3.0070255,3.0070255,2.8887163,6106350.0,18523311.0,0.309637,5.172409,1972099588.0,5930153749.655495,2026-07-14
2019-06-12,sh.600399,抚顺特钢,3.1351938,3.1253347,3.154912,3.0661801,14663087.0,46588580.0,0.743527,3.93443,1972098794.0,6163468792.7163515,2026-07-14
2019-06-13,sh.600399,抚顺特钢,3.1154756,3.056321,3.1253347,3.0070255,8652638.0,26882031.0,0.438752,-2.208207,1972102235.0,6027377474.977435,2026-07-14
2019-06-14,sh.600399,抚顺特钢,3.0464619,3.0661801,3.2042075,3.0464619,6377201.0,20140235.0,0.323371,0.32258,1972100467.0,6046815207.116107,2026-07-14
2019-06-17,sh.600399,抚顺特钢,3.0267437,3.1056165,3.1746302,3.0267437,5636400.0,17811247.0,0.285807,1.28618,1972100054.0,6124586467.353291,2026-07-14
2019-06-18,sh.600399,抚顺特钢,3.1351938,3.1154756,3.154912,3.0957574,4184451.0,13271270.0,0.212182,0.31746,1972104608.0,6144043786.871565,2026-07-14
2019-06-19,sh.600399,抚顺特钢,3.2140666,3.1351938,3.2337848,3.1253347,6318500.0,20294725.0,0.320395,0.632911,1972096943.0,6182906108.6925535,2026-07-14
2019-06-20,sh.600399,抚顺特钢,3.1351938,3.1351938,3.1746302,3.1154756,6014285.0,19179779.0,0.304969,0.0,1972097164.0,6182906801.570383,2026-07-14
2019-06-21,sh.600399,抚顺特钢,3.2042075,3.1746302,3.2140666,3.1450529,6680698.0,21470883.0,0.338761,1.25786,1972097733.0,6260681020.533337,2026-07-14
2019-06-24,sh.600399,抚顺特钢,3.1844893,3.2337848,3.3225167,3.1647711,8262027.0,27105337.0,0.418946,1.863352,1972098313.0,6377341548.685042,2026-07-14
2019-06-25,sh.600399,抚顺特钢,3.2239257,3.154912,3.2337848,3.1253347,5313050.0,17072240.0,0.269411,-2.439022,1972098392.0,6221796882.101504,2026-07-14
2019-06-26,sh.600399,抚顺特钢,3.154912,3.1450529,3.154912,3.1056165,2928150.0,9312332.0,0.148479,-0.3125,1972097064.0,6202349590.214685,2026-07-14
2019-06-27,sh.600399,抚顺特钢,3.1351938,3.1351938,3.1943484,3.1154756,3698600.0,11818570.0,0.187546,-0.313479,1972102844.0,6182924609.471168,2026-07-14
2019-06-28,sh.600399,抚顺特钢,3.1253347,3.0858983,3.1450529,3.056321,4496401.0,14094313.0,0.228001,-1.572325,1972097052.0,6085690940.201812,2026-07-14
2019-07-01,sh.600399,抚顺特钢,3.154912,3.1450529,3.1746302,3.1253347,5142679.0,16380756.0,0.260772,1.916931,1972097848.0,6202352055.936159,2026-07-14
2019-07-02,sh.600399,抚顺特钢,3.1253347,3.1844893,3.1943484,3.1253347,5682367.0,18239650.0,0.288138,1.253917,1972099133.0,6280128587.577777,2026-07-14
2019-07-03,sh.600399,抚顺特钢,3.1746302,3.1351938,3.1746302,3.1253347,4428718.0,14150843.0,0.224569,-1.547986,1972096772.0,6182905572.574414,2026-07-14
2019-07-04,sh.600399,抚顺特钢,3.1253347,3.1351938,3.1647711,3.1056165,4453500.0,14195843.0,0.225825,0.0,1972102292.0,6182922878.84419,2026-07-14
2019-07-05,sh.600399,抚顺特钢,3.1450529,3.1351938,3.1450529,3.0957574,3113853.0,9868563.0,0.157895,0.0,1972103613.0,6182927020.4352,2026-07-14
2019-07-08,sh.600399,抚顺特钢,3.1056165,3.0168846,3.1056165,2.9873073,7562502.0,23342533.0,0.383475,-3.773589,1972097790.0,5949591452.345034,2026-07-14
2019-07-09,sh.600399,抚顺特钢,3.1154756,3.0760392,3.1253347,3.0464619,5284354.0,16545719.0,0.267956,1.960783,1972097658.0,6066249702.236194,2026-07-14
2019-07-10,sh.600399,抚顺特钢,3.056321,2.9281527,3.056321,2.9182936,11023250.0,33136056.0,0.55896,-4.807688,1972099971.0,5774609854.7535715,2026-07-14
2019-07-11,sh.600399,抚顺特钢,2.8394208,2.8394208,2.8887163,2.7901253,11127087.0,32023177.0,0.564225,-3.0303,1972101024.0,5599624667.2469,2026-07-14
2019-07-12,sh.600399,抚顺特钢,2.8098435,2.9774482,2.9774482,2.7999844,6656275.0,19781803.0,0.337522,4.861106,1972101078.0,5871828804.90916,2026-07-14
2019-07-15,sh.600399,抚顺特钢,2.9873073,3.0957574,3.1154756,2.9873073,9490425.0,29433645.0,0.481234,3.973514,1972101930.0,6105149143.351782,2026-07-14
2019-07-16,sh.600399,抚顺特钢,3.0957574,3.0957574,3.154912,3.0464619,4809500.0,15037345.0,0.243877,0.0,1972100690.0,6105145304.612606,2026-07-14
2019-07-17,sh.600399,抚顺特钢,3.0760392,3.0464619,3.1154756,3.0366028,3493900.0,10871353.0,0.177166,-1.592363,1972105257.0,6007943528.240209,2026-07-14
2019-07-18,sh.600399,抚顺特钢,3.056321,2.9873073,3.0760392,2.9774482,3598315.0,10991411.0,0.182461,-1.941746,1972100887.0,5891271376.071575,2026-07-14
2019-07-19,sh.600399,抚顺特钢,2.95773,3.0168846,3.0267437,2.95773,2081350.0,6351679.0,0.10554,0.990098,1972095888.0,5949585714.230525,2026-07-14
2019-07-22,sh.600399,抚顺特钢,2.9873073,2.9675891,3.0366028,2.95773,3625584.0,10934316.0,0.183844,-1.633985,1972098083.0,5852376775.241695,2026-07-14
2019-07-23,sh.600399,抚顺特钢,3.0070255,2.9971664,3.0070255,2.95773,2724800.0,8246609.0,0.138167,0.996677,1972106219.0,5910730496.817842,2026-07-14
2019-07-24,sh.600399,抚顺特钢,3.0070255,3.0168846,3.0267437,2.9873073,3076500.0,9405671.0,0.156001,0.657894,1972102743.0,5949606394.974458,2026-07-14
2019-07-25,sh.600399,抚顺特钢,3.0070255,3.0070255,3.0168846,2.9675891,2289150.0,6944556.0,0.116077,-0.326797,1972096109.0,5930143288.213779,2026-07-14
2019-07-26,sh.600399,抚顺特钢,2.9873073,2.9675891,3.0366028,2.8985754,4918150.0,14814336.0,0.2494,-1.3115,1971992783.0,5852064288.109466,2026-07-14
2019-07-29,sh.600399,抚顺特钢,2.9774482,2.9971664,3.0168846,2.9478709,2746792.0,8340126.0,0.139283,0.996677,1972094225.0,5910694548.80404,2026-07-14
2019-07-30,sh.600399,抚顺特钢,3.0168846,3.1450529,3.1450529,3.0070255,8874871.0,28163459.0,0.45,4.9342,1972193556.0,6202653062.659113,2026-07-14
2019-07-31,sh.600399,抚顺特钢,3.1943484,3.1154756,3.253503,3.0858983,9882144.0,31592297.0,0.5011,-0.9404,1972090202.0,6143998905.330071,2026-07-14
2019-08-01,sh.600399,抚顺特钢,3.0957574,3.0168846,3.0957574,2.9971664,6522125.0,20147870.0,0.3307,-3.1646,1972218022.0,5949954178.414261,2026-07-14
2019-08-02,sh.600399,抚顺特钢,2.9774482,3.0168846,3.0366028,2.9182936,4954368.0,14950101.0,0.2512,0.0,1972280255.0,5950141928.193573,2026-07-14
2019-08-05,sh.600399,抚顺特钢,2.9873073,2.9675891,3.0267437,2.9478709,4899900.0,14854596.0,0.2485,-1.634,1971790744.0,5851464719.375291,2026-07-14
2019-08-06,sh.600399,抚顺特钢,2.8985754,2.9084345,2.9380118,2.8295617,6575451.0,19240268.0,0.3334,-1.9934,1972240852.0,5736133336.266193,2026-07-14
2019-08-07,sh.600399,抚顺特钢,2.9084345,2.9380118,3.0267437,2.9084345,3964404.0,11882124.0,0.201,1.0169,1972340299.0,5794759072.077528,2026-07-14
2019-08-08,sh.600399,抚顺特钢,2.9281527,2.9675891,2.9971664,2.9182936,3042500.0,9162335.0,0.1543,1.0067,1971808166.0,5851516420.712591,2026-07-14
2019-08-09,sh.600399,抚顺特钢,2.9873073,2.9182936,2.9971664,2.8985754,2932900.0,8752380.0,0.1487,-1.6611,1972360457.0,5755926898.556175,2026-07-14
2019-08-12,sh.600399,抚顺特钢,2.9182936,2.95773,2.95773,2.9182936,2534600.0,7559998.0,0.1285,1.3514,1972451362.0,5833978566.928261,2026-07-14
2019-08-13,sh.600399,抚顺特钢,2.9380118,2.9380118,2.9478709,2.9084345,1728201.0,5121028.0,0.0876,-0.6667,1972832192.0,5796204259.515865,2026-07-14
2019-08-14,sh.600399,抚顺特钢,2.9675891,2.9281527,2.9675891,2.9182936,1810400.0,5409695.0,0.0918,-0.3356,1972113290.0,5774648854.819383,2026-07-14
2019-08-15,sh.600399,抚顺特钢,2.859139,2.9281527,2.9281527,2.859139,2970501.0,8742904.0,0.1506,0.0,1972444223.0,5775617877.176852,2026-07-14
2019-08-16,sh.600399,抚顺特钢,2.9182936,2.9182936,2.9478709,2.9084345,2301001.0,6829270.0,0.1167,-0.3367,1971723222.0,5754067259.733979,2026-07-14
2019-08-19,sh.600399,抚顺特钢,2.9281527,2.9675891,2.9675891,2.9182936,4929170.0,14725878.0,0.2499,1.6892,1972456983.0,5853441842.969686,2026-07-14
2019-08-20,sh.600399,抚顺特钢,2.9675891,2.95773,2.9971664,2.9478709,3529760.0,10608842.0,0.179,-0.3322,1971932961.0,5832445276.73853,2026-07-14
2019-08-21,sh.600399,抚顺特钢,2.95773,2.9478709,2.9675891,2.9380118,2492642.0,7454432.0,0.1264,-0.3333,1972026899.0,5813280709.579339,2026-07-14
2019-08-22,sh.600399,抚顺特钢,2.9675891,2.9084345,2.9675891,2.8985754,4593700.0,13609615.0,0.2329,-1.3378,1972391584.0,5736571730.415248,2026-07-14
2019-08-23,sh.600399,抚顺特钢,2.9084345,2.9084345,2.9281527,2.8887163,2440544.0,7205640.0,0.1238,0.0,1971360258.0,5733572186.296101,2026-07-14
2019-08-26,sh.600399,抚顺特钢,2.859139,2.8689981,2.8985754,2.8197026,4026203.0,11699179.0,0.2042,-1.3559,1971695886.0,5656791750.711817,2026-07-14
2019-08-27,sh.600399,抚顺特钢,2.8788572,2.8985754,2.9182936,2.8689981,3252803.0,9556340.0,0.1649,1.0309,1972591267.0,5717704520.781032,2026-07-14
2019-08-28,sh.600399,抚顺特钢,2.8887163,2.8788572,2.9084345,2.8689981,2226600.0,6511292.0,0.1129,-0.6803,1972187777.0,5677646981.568444,2026-07-14
2019-08-29,sh.600399,抚顺特钢,2.8788572,2.859139,2.8985754,2.859139,2497200.0,7278185.0,0.1266,-0.6849,1972511848.0,5639685552.578872,2026-07-14
2019-08-30,sh.600399,抚顺特钢,2.8689981,2.8394208,2.8887163,2.8394208,3273200.0,9493409.0,0.166,-0.6897,1971807229.0,5598790459.612964,2026-07-14
2019-09-02,sh.600399,抚顺特钢,2.8394208,2.8788572,2.8887163,2.8394208,8405154.0,24394037.0,0.4262,1.3889,1972114969.0,5677437377.733427,2026-07-14
2019-09-03,sh.600399,抚顺特钢,2.8689981,2.859139,2.8788572,2.8492799,4196552.0,12160291.0,0.2128,-0.6849,1972063910.0,5638404835.57349,2026-07-14
2019-09-04,sh.600399,抚顺特钢,2.859139,2.859139,2.8689981,2.8394208,4392322.0,12710800.0,0.2227,0.0,1972304445.0,5639092558.572855,2026-07-14
2019-09-05,sh.600399,抚顺特钢,2.859139,2.8788572,2.8985754,2.8492799,6763550.0,19738676.0,0.343,0.6897,1971880466.0,5676762277.083455,2026-07-14
2019-09-06,sh.600399,抚顺特钢,2.8788572,2.8788572,2.8887163,2.859139,4193200.0,12216927.0,0.2126,0.0,1972342427.0,5678092196.834425,2026-07-14
2019-09-09,sh.600399,抚顺特钢,2.8887163,2.8985754,2.8985754,2.859139,6264577.0,18276691.0,0.3177,0.6849,1971853006.0,5715564615.607653,2026-07-14
2019-09-10,sh.600399,抚顺特钢,2.8887163,2.9182936,2.9182936,2.8887163,6213498.0,18306546.0,0.3151,0.6803,1971913043.0,5754621213.143425,2026-07-14
2019-09-11,sh.600399,抚顺特钢,2.9281527,2.8985754,2.9380118,2.8887163,4738863.0,13982311.0,0.2403,-0.6757,1972061174.0,5716168006.251519,2026-07-14
2019-09-12,sh.600399,抚顺特钢,2.8985754,2.8887163,2.9084345,2.8887163,3258226.0,9563840.0,0.1652,-0.3401,1972291768.0,5697391378.577418,2026-07-14
2019-09-16,sh.600399,抚顺特钢,2.8985754,2.8985754,2.9084345,2.8788572,2915700.0,8548904.0,0.1478,0.3413,1972733424.0,5718116573.56417,2026-07-14
2019-09-17,sh.600399,抚顺特钢,2.8887163,2.8492799,2.8985754,2.8394208,5041153.0,14614436.0,0.2556,-1.7007,1972282081.0,5619583690.523472,2026-07-14
2019-09-18,sh.600399,抚顺特钢,2.8394208,2.859139,2.8689981,2.8295617,3769453.0,10895114.0,0.1911,0.346,1972502878.0,5639659906.102042,2026-07-14
2019-09-19,sh.600399,抚顺特钢,2.8492799,2.859139,2.859139,2.8295617,3446053.0,9943688.0,0.1747,0.0,1972554665.0,5639807972.333435,2026-07-14
2019-09-20,sh.600399,抚顺特钢,2.859139,2.8689981,2.8689981,2.8394208,3928078.0,11362532.0,0.1992,0.3448,1971926707.0,5657453975.722257,2026-07-14
2019-09-23,sh.600399,抚顺特钢,2.859139,2.8492799,2.859139,2.8295617,3422103.0,9845110.0,0.1735,-0.6873,1972393660.0,5619901610.325434,2026-07-14
2019-09-24,sh.600399,抚顺特钢,2.8492799,2.859139,2.8689981,2.8394208,3312550.0,9584793.0,0.168,0.346,1971755952.0,5637524340.845327,2026-07-14
2019-09-25,sh.600399,抚顺特钢,2.8492799,2.8197026,2.8492799,2.7999844,5413302.0,15485868.0,0.2745,-1.3793,1972059016.0,5560619934.768641,2026-07-14
2019-09-26,sh.600399,抚顺特钢,2.8098435,2.7408298,2.8394208,2.7211116,5549300.0,15587578.0,0.2814,-2.7972,1972032694.0,5405005974.289481,2026-07-14
2019-09-27,sh.600399,抚顺特钢,2.7408298,2.7408298,2.7506889,2.7211116,3397802.0,9436497.0,0.1723,0.0,1972026698.0,5404989540.274001,2026-07-14
2019-09-30,sh.600399,抚顺特钢,2.7408298,2.7211116,2.760548,2.7211116,2488300.0,6906384.0,0.1262,-0.7194,1971711569.0,5365247222.2601,2026-07-14
2019-10-08,sh.600399,抚顺特钢,2.7211116,2.859139,2.859139,2.7211116,3931252.0,11274372.0,0.1993,5.0725,1972529854.0,5639737034.235705,2026-07-14
2019-10-09,sh.600399,抚顺特钢,2.8887163,2.8295617,2.8887163,2.8197026,5555000.0,16053640.0,0.2817,-1.0345,1971955982.0,5579771120.75309,2026-07-14
2019-10-10,sh.600399,抚顺特钢,2.8197026,2.8197026,2.8689981,2.8098435,4056800.0,11655320.0,0.2057,-0.3484,1972192513.0,5560996356.606633,2026-07-14
2019-10-11,sh.600399,抚顺特钢,2.8098435,2.8197026,2.8394208,2.8098435,2969350.0,8508986.0,0.1506,0.0,1971679947.0,5559551072.923762,2026-07-14
2019-10-14,sh.600399,抚顺特钢,2.8295617,2.8394208,2.859139,2.8295617,3920750.0,11304595.0,0.1988,0.6993,1972208249.0,5599929124.1421795,2026-07-14
2019-10-15,sh.600399,抚顺特钢,2.8295617,2.8492799,2.8492799,2.8098435,3438803.0,9868596.0,0.1744,0.3472,1971790711.0,5618183639.859009,2026-07-14
2019-10-16,sh.600399,抚顺特钢,2.8492799,2.8197026,2.8492799,2.8197026,1955553.0,5619997.0,0.0992,-1.0381,1971323589.0,5558546249.344631,2026-07-14
2019-10-17,sh.600399,抚顺特钢,2.8295617,2.8295617,2.8394208,2.8197026,2060401.0,5905961.0,0.1045,0.3497,1971675598.0,5578977756.925397,2026-07-14
2019-10-18,sh.600399,抚顺特钢,2.8295617,2.8098435,2.8492799,2.7901253,3174850.0,9081572.0,0.161,-0.6969,1971956522.0,5540889215.624307,2026-07-14
2019-10-21,sh.600399,抚顺特钢,2.8098435,2.7506889,2.8098435,2.7408298,3293093.0,9245453.0,0.167,-2.1053,1971911976.0,5424116384.160267,2026-07-14
2019-10-22,sh.600399,抚顺特钢,2.7506889,2.8394208,2.8887163,2.7506889,6268122.0,18157533.0,0.3178,3.2258,1972348018.0,5600325987.147975,2026-07-14
2019-10-23,sh.600399,抚顺特钢,2.8197026,2.8098435,2.8394208,2.7802662,3224750.0,9189946.0,0.1635,-1.0417,1972324159.0,5541922218.059116,2026-07-14
2019-10-24,sh.600399,抚顺特钢,2.7999844,2.8098435,2.8295617,2.7704071,1783950.0,5067561.0,0.0905,0.0,1971215470.0,5538806975.478945,2026-07-14
2019-10-25,sh.600399,抚顺特钢,2.8197026,2.7999844,2.8197026,2.7802662,2965293.0,8427587.0,0.1504,-0.3509,1971604388.0,5520461529.371548,2026-07-14
2019-10-28,sh.600399,抚顺特钢,2.8098435,2.8098435,2.8295617,2.7802662,3852244.0,10965518.0,0.1953,0.3521,1972475166.0,5542346524.09652,2026-07-14
2019-10-29,sh.600399,抚顺特钢,2.8197026,2.7901253,2.8197026,2.7802662,4398700.0,12452505.0,0.223,-0.7018,1972511211.0,5503553434.344739,2026-07-14
2019-10-30,sh.600399,抚顺特钢,2.7802662,2.7802662,2.7999844,2.7704071,2320889.0,6540934.0,0.1177,-0.3534,1971868309.0,5482318810.363855,2026-07-14
2019-10-31,sh.600399,抚顺特钢,2.7802662,2.7506889,2.7802662,2.7408298,2203300.0,6166438.0,0.1117,-1.0638,1972515667.0,5425776950.292996,2026-07-14
2019-11-01,sh.600399,抚顺特钢,2.760548,2.760548,2.7704071,2.7408298,2156394.0,6026825.0,0.1093,0.3584,1972913083.0,5446321265.449484,2026-07-14
2019-11-04,sh.600399,抚顺特钢,2.7704071,2.760548,2.7704071,2.7506889,1986753.0,5559662.0,0.1007,0.0,1972942403.0,5446402204.716844,2026-07-14
2019-11-05,sh.600399,抚顺特钢,2.7704071,2.760548,2.7999844,2.7408298,3713706.0,10395957.0,0.1883,0.0,1972228359.0,5444431051.980732,2026-07-14
2019-11-06,sh.600399,抚顺特钢,2.760548,2.7506889,2.7802662,2.7408298,2628405.0,7348393.0,0.1333,-0.3571,1971796699.0,5423799292.995941,2026-07-14
2019-11-07,sh.600399,抚顺特钢,2.7506889,2.7506889,2.7704071,2.7408298,2034050.0,5673855.0,0.1031,0.0,1972890398.0,5426807718.695183,2026-07-14
2019-11-08,sh.600399,抚顺特钢,2.7506889,2.7506889,2.760548,2.7408298,1807200.0,5037397.0,0.0916,0.0,1972925764.0,5426904999.55882,2026-07-14
2019-11-11,sh.600399,抚顺特钢,2.7506889,2.7211116,2.760548,2.7112525,3424680.0,9483436.0,0.1737,-1.0753,1971606218.0,5364960550.431929,2026-07-14
2019-11-12,sh.600399,抚顺特钢,2.7112525,2.7211116,2.7408298,2.7013934,2013500.0,5544349.0,0.1021,0.0,1972086190.0,5366266607.808804,2026-07-14
2019-11-13,sh.600399,抚顺特钢,2.7211116,2.7112525,2.7309707,2.7112525,1582300.0,4361403.0,0.0802,-0.3623,1972942643.0,5349145673.190357,2026-07-14
2019-11-14,sh.600399,抚顺特钢,2.7112525,2.7506889,2.8098435,2.7013934,3783700.0,10582886.0,0.1919,1.4545,1971704013.0,5423544342.644556,2026-07-14
2019-11-15,sh.600399,抚顺特钢,2.7506889,2.7408298,2.760548,2.7408298,2642733.0,7371516.0,0.134,-0.3584,1972188806.0,5405433850.711219,2026-07-14
2019-11-18,sh.600399,抚顺特钢,2.7309707,2.7506889,2.7506889,2.7211116,1755802.0,4881110.0,0.089,0.3597,1972811236.0,5426589968.6604805,2026-07-14
2019-11-19,sh.600399,抚顺特钢,2.7309707,2.7802662,2.8098435,2.7309707,4225450.0,11860374.0,0.2143,1.0753,1971745217.0,5481976581.836765,2026-07-14
2019-11-20,sh.600399,抚顺特钢,2.7704071,2.7506889,2.7999844,2.7506889,2164152.0,6080892.0,0.1097,-1.0638,1972791249.0,5426534990.641437,2026-07-14
2019-11-21,sh.600399,抚顺特钢,2.7506889,2.7506889,2.7704071,2.7309707,2038600.0,5687881.0,0.1034,0.0,1971566731.0,5423166722.570986,2026-07-14
2019-11-22,sh.600399,抚顺特钢,2.7506889,2.7802662,2.7901253,2.7408298,3521997.0,9888057.0,0.1786,1.0753,1972002800.0,5482692731.14536,2026-07-14
2019-11-25,sh.600399,抚顺特钢,2.7802662,2.8689981,2.9084345,2.7802662,9063411.0,26328049.0,0.4596,3.1915,1972021540.0,5657726051.419074,2026-07-14
2019-11-26,sh.600399,抚顺特钢,2.859139,2.8197026,2.8689981,2.7999844,5666122.0,16244176.0,0.2873,-1.7182,1972197007.0,5561009028.350118,2026-07-14
2019-11-27,sh.600399,抚顺特钢,2.8197026,2.8098435,2.8197026,2.7901253,2459100.0,6993569.0,0.1247,-0.3497,1972012831.0,5541047435.101949,2026-07-14
2019-11-28,sh.600399,抚顺特钢,2.7999844,2.7704071,2.8098435,2.7704071,2888350.0,8146783.0,0.1465,-1.4035,1971569966.0,5462051431.953158,2026-07-14
2019-11-29,sh.600399,抚顺特钢,2.7704071,2.7901253,2.8098435,2.760548,2307500.0,6522464.0,0.117,0.7117,1972222222.0,5502747118.824417,2026-07-14
2019-12-02,sh.600399,抚顺特钢,2.7901253,2.760548,2.7901253,2.760548,2490064.0,6986656.0,0.1263,-1.0601,1971547110.0,5442550431.41628,2026-07-14
2019-12-03,sh.600399,抚顺特钢,2.7506889,2.7802662,2.7802662,2.7408298,2379895.0,6676432.0,0.1207,0.7143,1971743993.0,5481973178.790936,2026-07-14
2019-12-04,sh.600399,抚顺特钢,2.7704071,2.8098435,2.8197026,2.760548,2985890.0,8469057.0,0.1514,1.0638,1972186262.0,5541534749.069997,2026-07-14
2019-12-05,sh.600399,抚顺特钢,2.8098435,2.8197026,2.8295617,2.7999844,2700500.0,7704312.0,0.1369,0.3509,1972607743.0,5562167181.717232,2026-07-14
2019-12-06,sh.600399,抚顺特钢,2.8098435,2.7999844,2.8197026,2.7802662,2874636.0,8145985.0,0.1458,-0.6993,1971629630.0,5520532206.577772,2026-07-14
2019-12-09,sh.600399,抚顺特钢,2.7999844,2.8295617,2.8788572,2.7901253,5242603.0,15064117.0,0.2658,1.0563,1972386381.0,5580988961.279208,2026-07-14
2019-12-10,sh.600399,抚顺特钢,2.8197026,2.8197026,2.8394208,2.8098435,2569550.0,7354779.0,0.1303,-0.3484,1972026094.0,5560527104.519644,2026-07-14
2019-12-11,sh.600399,抚顺特钢,2.8197026,2.8295617,2.8788572,2.8197026,4049811.0,11693391.0,0.2054,0.3497,1971670399.0,5578963046.034119,2026-07-14
2019-12-12,sh.600399,抚顺特钢,2.8197026,2.8394208,2.8492799,2.8098435,2625688.0,7543505.0,0.1331,0.3484,1972718257.0,5601377251.465546,2026-07-14
2019-12-13,sh.600399,抚顺特钢,2.8394208,2.8492799,2.8689981,2.8295617,3808615.0,11003973.0,0.1931,0.3472,1972353703.0,5619787761.64847,2026-07-14
2019-12-16,sh.600399,抚顺特钢,2.8689981,2.95773,2.9873073,2.8492799,13261783.0,39857796.0,0.6725,3.8062,1972012342.0,5832680064.30366,2026-07-14
2019-12-17,sh.600399,抚顺特钢,2.95773,3.1056165,3.1056165,2.9478709,9823568.0,30687402.0,0.4981,5.0,1972207990.0,6124921675.175835,2026-07-14
2019-12-18,sh.600399,抚顺特钢,3.253503,3.056321,3.253503,3.0464619,19523500.0,62009161.0,0.99,-1.5873,1972070707.0,6027281115.288947,2026-07-14
2019-12-19,sh.600399,抚顺特钢,3.0267437,3.0858983,3.1056165,2.9971664,9974719.0,30936398.0,0.5058,0.9677,1972067813.0,6085600711.621418,2026-07-14
2019-12-20,sh.600399,抚顺特钢,3.0957574,3.1450529,3.2436439,3.0858983,13973973.0,45279139.0,0.7086,1.9169,1972053768.0,6202213422.004327,2026-07-14
2019-12-23,sh.600399,抚顺特钢,3.154912,3.1647711,3.2633621,3.1450529,11536491.0,37426910.0,0.585,0.627,1972049744.0,6241086037.573598,2026-07-14
2019-12-24,sh.600399,抚顺特钢,3.2042075,3.1746302,3.2337848,3.1450529,8233770.0,26534285.0,0.4175,0.3115,1972160479.0,6260880215.879867,2026-07-14
2019-12-25,sh.600399,抚顺特钢,3.154912,3.1056165,3.1844893,3.0760392,8502900.0,26820924.0,0.4312,-2.1739,1971915584.0,6124013574.277536,2026-07-14
2019-12-26,sh.600399,抚顺特钢,3.1056165,3.1253347,3.1253347,3.0858983,3760450.0,11870342.0,0.1907,0.6349,1971919245.0,6162907641.996301,2026-07-14
2019-12-27,sh.600399,抚顺特钢,3.1154756,3.1746302,3.2732212,3.1154756,8221225.0,26739642.0,0.4169,1.5773,1971989686.0,6260338011.264117,2026-07-14
2019-12-30,sh.600399,抚顺特钢,3.2042075,3.2337848,3.2436439,3.1253347,9086170.0,29479070.0,0.4607,1.8634,1972253093.0,6377842073.896386,2026-07-14
2019-12-31,sh.600399,抚顺特钢,3.253503,3.253503,3.2633621,3.2140666,5798350.0,19038882.0,0.294,0.6098,1972227891.0,6416649360.052173,2026-07-14
2020-01-02,sh.600399,抚顺特钢,3.253503,3.3422349,3.3915304,3.253503,8997203.0,30469380.0,0.4562,2.7273,1972205831.0,6591575158.351702,2026-07-14
2020-01-03,sh.600399,抚顺特钢,3.3422349,3.4013895,3.4013895,3.3027985,6879596.0,23561543.0,0.3488,1.7699,1972361239.0,6708768808.541591,2026-07-14
2020-01-06,sh.600399,抚顺特钢,3.3718122,3.5689942,3.5689942,3.3619531,8331507.0,29934817.0,0.4225,4.9275,1971954320.0,7037893530.744945,2026-07-14
2020-01-07,sh.600399,抚顺特钢,3.7365989,3.6380079,3.7365989,3.549276,25787951.0,95828223.0,1.3076,1.9337,1972158994.0,7174730000.228052,2026-07-14
2020-01-08,sh.600399,抚顺特钢,3.7267398,3.6577261,3.7267398,3.6084306,12903205.0,47789632.0,0.6543,0.542,1972062510.0,7213264513.658511,2026-07-14
2020-01-09,sh.600399,抚顺特钢,3.6774443,3.7858944,3.8351899,3.6577261,11276659.0,43164117.0,0.5718,3.504,1972133438.0,7466288938.976948,2026-07-14
2020-01-10,sh.600399,抚顺特钢,3.8253308,3.6675852,3.8253308,3.6577261,13161922.0,49481088.0,0.6674,-3.125,1972118969.0,7232914343.343658,2026-07-14
2020-01-13,sh.600399,抚顺特钢,3.6380079,3.6281488,3.6380079,3.5394169,9109423.0,33142899.0,0.4619,-1.0753,1972163455.0,7155302472.662104,2026-07-14
2020-01-14,sh.600399,抚顺特钢,3.6281488,3.6675852,3.7365989,3.6281488,5949903.0,22249558.0,0.3017,1.087,1972125621.0,7232938740.120409,2026-07-14
2020-01-15,sh.600399,抚顺特钢,3.6971625,3.6675852,3.7563171,3.6577261,6485372.0,24311374.0,0.3289,0.0,1971837033.0,7231880319.042711,2026-07-14
2020-01-16,sh.600399,抚顺特钢,3.6675852,3.6182897,3.6873034,3.5788533,7326403.0,26844832.0,0.3715,-1.3441,1972113863.0,7135679277.720111,2026-07-14
2020-01-17,sh.600399,抚顺特钢,3.7365989,3.549276,3.7760353,3.5295578,10766080.0,39827807.0,0.5459,-1.9074,1972170727.0,6999778229.243651,2026-07-14
2020-01-20,sh.600399,抚顺特钢,3.5394169,3.5394169,3.549276,3.4704032,7457695.0,26498420.0,0.3782,-0.2778,1971891856.0,6979347360.098766,2026-07-14
2020-01-21,sh.600399,抚顺特钢,3.5887124,3.5788533,3.647867,3.549276,6901592.0,25133052.0,0.35,1.1142,1971883429.0,7057081517.091966,2026-07-14
2020-01-22,sh.600399,抚顺特钢,3.5788533,3.5394169,3.5985715,3.4704032,5893205.0,21154045.0,0.2988,-1.1019,1972290830.0,6980759495.4170265,2026-07-14
2020-01-23,sh.600399,抚顺特钢,3.5196987,3.3915304,3.5985715,3.3619531,10614136.0,37173660.0,0.5382,-4.1783,1972154589.0,6688622242.093006,2026-07-14
2020-02-03,sh.600399,抚顺特钢,3.2239257,3.2239257,3.2239257,3.2239257,587400.0,1920798.0,0.0298,-4.9419,1971140940.0,6354811934.788158,2026-07-14
2020-02-04,sh.600399,抚顺特钢,3.0661801,3.0661801,3.1351938,3.0661801,17986050.0,56005687.0,0.912,-4.893,1972154605.0,6046981203.97436,2026-07-14
2020-02-05,sh.600399,抚顺特钢,3.0760392,3.0858983,3.1450529,3.0661801,11836738.0,37185948.0,0.6002,0.6431,1972132289.0,6085799678.000209,2026-07-14
2020-02-06,sh.600399,抚顺特钢,3.0760392,3.0760392,3.0957574,3.0267437,10486517.0,32459015.0,0.5317,-0.3195,1972261990.0,6066755193.910007,2026-07-14
2020-02-07,sh.600399,抚顺特钢,3.0858983,3.0858983,3.0858983,3.0267437,7288371.0,22538588.0,0.3696,0.3205,1971961851.0,6085273723.665753,2026-07-14
2020-02-10,sh.600399,抚顺特钢,3.056321,3.2436439,3.2436439,3.0267437,12065593.0,38499542.0,0.6118,5.1118,1972146617.0,6396941344.137686,2026-07-14
2020-02-11,sh.600399,抚顺特钢,3.2436439,3.2633621,3.3619531,3.2140666,12499055.0,41733906.0,0.6338,0.6079,1972081887.0,6435617288.132283,2026-07-14
2020-02-12,sh.600399,抚顺特钢,3.2337848,3.2830803,3.3126576,3.2239257,6330416.0,20968455.0,0.321,0.6042,1972092212.0,6474537091.000624,2026-07-14
2020-02-13,sh.600399,抚顺特钢,3.2732212,3.2436439,3.3225167,3.2337848,6102712.0,20194916.0,0.3095,-1.2012,1971797092.0,6395807609.503539,2026-07-14
2020-02-14,sh.600399,抚顺特钢,3.253503,3.2436439,3.2732212,3.2239257,4850112.0,15955119.0,0.2459,0.0,1972392029.0,6397737373.274473,2026-07-14
2020-02-17,sh.600399,抚顺特钢,3.2140666,3.3323758,3.3619531,3.2140666,8438927.0,28217624.0,0.4279,2.7356,1972172704.0,6572020592.230163,2026-07-14
2020-02-18,sh.600399,抚顺特钢,3.3126576,3.450685,3.4999805,3.3027985,14810940.0,51769499.0,0.751,3.5503,1972162450.0,6805311383.77825,2026-07-14
2020-02-19,sh.600399,抚顺特钢,3.4605441,3.4309668,3.5196987,3.4211077,10696896.0,37546126.0,0.5424,-0.5714,1972141593.0,6766352330.482113,2026-07-14
2020-02-20,sh.600399,抚顺特钢,3.450685,3.450685,3.4802623,3.3816713,10578419.0,36827123.0,0.5364,0.5747,1972113908.0,6805143880.62698,2026-07-14
2020-02-21,sh.600399,抚顺特钢,3.450685,3.4605441,3.5295578,3.4309668,10367483.0,36626893.0,0.5257,0.2857,1972129161.0,6824639932.5365,2026-07-14
2020-02-24,sh.600399,抚顺特钢,3.450685,3.3915304,3.4704032,3.3816713,14132466.0,48891667.0,0.7166,-1.9943,1972155456.0,6688625182.549863,2026-07-14
2020-02-25,sh.600399,抚顺特钢,3.2929394,3.3126576,3.3718122,3.2239257,14992320.0,50144162.0,0.7602,-2.3256,1972154696.0,6533073242.08009,2026-07-14
2020-02-26,sh.600399,抚顺特钢,3.253503,3.3225167,3.4408259,3.2239257,10893735.0,36915007.0,0.5524,0.2976,1972073678.0,6552247728.785422,2026-07-14
2020-02-27,sh.600399,抚顺特钢,3.3323758,3.3422349,3.3915304,3.3027985,6576609.0,22280057.0,0.3335,0.5935,1971996702.0,6590876200.1093,2026-07-14
2020-02-28,sh.600399,抚顺特钢,3.2436439,3.2337848,3.3126576,3.2239257,9453152.0,31266664.0,0.4793,-3.2448,1972282913.0,6377938505.359122,2026-07-14
2020-03-02,sh.600399,抚顺特钢,3.2337848,3.3422349,3.3718122,3.2337848,8904504.0,30038767.0,0.4515,3.3537,1972204651.0,6591571214.51452,2026-07-14
2020-03-03,sh.600399,抚顺特钢,3.3816713,3.352094,3.4013895,3.3323758,7937922.0,27109791.0,0.4025,0.295,1972154534.0,6610847380.494196,2026-07-14
2020-03-04,sh.600399,抚顺特钢,3.352094,3.5196987,3.5196987,3.352094,21183308.0,74736882.0,1.0741,5.0,1972191416.0,6941519563.04636,2026-07-14
2020-03-05,sh.600399,抚顺特钢,3.5788533,3.6084306,3.6971625,3.5591351,24410388.0,90354523.0,1.2378,2.521,1972078526.0,7116108498.821296,2026-07-14
2020-03-06,sh.600399,抚顺特钢,3.647867,3.6281488,3.6577261,3.5591351,11999388.0,43976375.0,0.6085,0.5464,1971961873.0,7154571103.170702,2026-07-14
2020-03-09,sh.600399,抚顺特钢,3.5591351,3.5196987,3.6971625,3.5098396,16878226.0,61181373.0,0.8559,-2.9891,1971985746.0,6940795666.614731,2026-07-14
2020-03-10,sh.600399,抚顺特钢,3.4704032,3.6971625,3.6971625,3.4309668,19722705.0,71657651.0,1.0001,5.042,1972073293.0,7291075426.131113,2026-07-14
2020-03-11,sh.600399,抚顺特钢,3.7267398,3.7957535,3.8844854,3.7070216,22937278.0,88908472.0,1.1631,2.6667,1972081334.0,7485534625.815169,2026-07-14
2020-03-12,sh.600399,抚顺特钢,3.7365989,3.7365989,3.8746263,3.6971625,15290038.0,58289324.0,0.7753,-1.5584,1972144718.0,7369113783.919611,2026-07-14
2020-03-13,sh.600399,抚顺特钢,3.5985715,3.6971625,3.7563171,3.5689942,14797546.0,54931718.0,0.7503,-1.0554,1972217246.0,7291607643.764475,2026-07-14
2020-03-16,sh.600399,抚顺特钢,3.7365989,3.6281488,3.8844854,3.6084306,19579902.0,74649792.0,0.9928,-1.8667,1972189968.0,7155398665.771238,2026-07-14
2020-03-17,sh.600399,抚顺特钢,3.6873034,3.6281488,3.746458,3.5196987,14766851.0,53972745.0,0.7488,0.0,1972068777.0,7154958966.790017,2026-07-14
2020-03-18,sh.600399,抚顺特钢,3.6873034,3.5985715,3.7365989,3.5689942,12748659.0,47355582.0,0.6465,-0.8152,1971950348.0,7096204321.727881,2026-07-14
2020-03-19,sh.600399,抚顺特钢,3.6281488,3.5788533,3.6675852,3.450685,13955450.0,50610375.0,0.7076,-0.5479,1972223007.0,7058296816.937873,2026-07-14
2020-03-20,sh.600399,抚顺特钢,3.647867,3.7563171,3.7563171,3.6084306,23334025.0,87892497.0,1.1832,4.9587,1972111646.0,7407876698.978947,2026-07-14
2020-03-23,sh.600399,抚顺特钢,3.7070216,3.7957535,3.9337809,3.7070216,26578743.0,103087014.0,1.3477,1.0499,1972155747.0,7485817079.220365,2026-07-14
2020-03-24,sh.600399,抚顺特钢,3.8746263,3.9239218,3.9337809,3.7760353,19999581.0,78520932.0,1.0141,3.3766,1972150774.0,7738565414.985474,2026-07-14
2020-03-25,sh.600399,抚顺特钢,4.0027946,4.1211038,4.1211038,4.0027946,12771948.0,53221197.0,0.6476,5.0251,1972197035.0,8127628695.287233,2026-07-14
2020-03-26,sh.600399,抚顺特钢,4.2492721,4.1605402,4.3281449,4.1013856,35197278.0,150963437.0,1.7848,0.9569,1972057261.0,8204823511.092392,2026-07-14
2020-03-27,sh.600399,抚顺特钢,4.2887085,3.9534991,4.2887085,3.9534991,26743096.0,110507943.0,1.3561,-4.9763,1972059288.0,7796534620.254642,2026-07-14
2020-03-30,sh.600399,抚顺特钢,3.9534991,3.7957535,3.9534991,3.7563171,24013757.0,92530379.0,1.2177,-3.99,1972058553.0,7485448154.754685,2026-07-14
2020-03-31,sh.600399,抚顺特钢,3.7661762,3.6971625,3.8943445,3.6577261,19195877.0,73522876.0,0.9734,-2.5974,1972044072.0,7290967391.3457,2026-07-14
2020-04-01,sh.600399,抚顺特钢,3.6873034,3.7365989,3.7563171,3.6774443,11351830.0,42860767.0,0.5756,1.0667,1972173384.0,7369220897.263678,2026-07-14
2020-04-02,sh.600399,抚顺特钢,3.7267398,3.7858944,3.7957535,3.6675852,9274056.0,35131770.0,0.4703,1.3193,1971944716.0,7465574457.413991,2026-07-14
2020-04-03,sh.600399,抚顺特钢,3.7957535,3.8253308,3.8943445,3.746458,12250442.0,47687679.0,0.6212,1.0417,1972060850.0,7543785108.97918,2026-07-14
2020-04-07,sh.600399,抚顺特钢,3.8746263,3.8253308,3.9042036,3.7858944,14989208.0,58406568.0,0.7601,0.0,1972004736.0,7543570454.366669,2026-07-14
2020-04-08,sh.600399,抚顺特钢,3.8154717,3.8351899,3.8746263,3.7760353,7301552.0,28410081.0,0.3702,0.2577,1972326310.0,7564245943.616269,2026-07-14
2020-04-09,sh.600399,抚顺特钢,3.845049,4.0225128,4.0225128,3.8351899,15513676.0,62232021.0,0.7867,4.8843,1971993899.0,7932370700.249408,2026-07-14
2020-04-10,sh.600399,抚顺特钢,4.1013856,4.042231,4.1703993,3.9929355,16141663.0,66512465.0,0.8185,0.4902,1972102993.0,7971695853.497383,2026-07-14
2020-04-13,sh.600399,抚顺特钢,4.042231,4.1211038,4.1211038,4.0225128,7537124.0,31170300.0,0.3822,1.9512,1972036630.0,8126967649.6321945,2026-07-14
2020-04-14,sh.600399,抚顺特钢,4.1013856,4.1211038,4.2196948,4.1013856,9012489.0,38001445.0,0.457,0.0,1972098249.0,8127221587.927247,2026-07-14
2020-04-15,sh.600399,抚顺特钢,4.1112447,4.1112447,4.1999766,4.0816674,9508393.0,39875435.0,0.4821,-0.2392,1972286455.0,8108552235.000539,2026-07-14
2020-04-16,sh.600399,抚顺特钢,4.1013856,3.9929355,4.1112447,3.9830764,15163002.0,62068870.0,0.7689,-2.8777,1972038236.0,7874221479.881779,2026-07-14
2020-04-17,sh.600399,抚顺特钢,3.9830764,4.0718083,4.1309629,3.94364,11064481.0,45605015.0,0.5611,1.9753,1971926751.0,8029307711.713833,2026-07-14
2020-04-20,sh.600399,抚顺特钢,4.0718083,4.0718083,4.1211038,4.0225128,8595235.0,35359033.0,0.4358,0.0,1972288894.0,8030782288.58702,2026-07-14
2020-04-21,sh.600399,抚顺特钢,4.0520901,4.0718083,4.1013856,4.0225128,5781283.0,23767821.0,0.2932,0.0,1971788199.0,8028743554.5302515,2026-07-14
2020-04-22,sh.600399,抚顺特钢,4.0225128,4.140822,4.2295539,4.0225128,10976400.0,46114576.0,0.5566,1.6949,1972044556.0,8165885482.465032,2026-07-14
2020-04-23,sh.600399,抚顺特钢,4.1605402,4.1802584,4.2196948,4.1309629,8763215.0,37150686.0,0.4444,0.9524,1971920567.0,8243137514.334512,2026-07-14
2020-04-24,sh.600399,抚顺特钢,4.2098357,4.1605402,4.2591312,4.1309629,10631326.0,45263503.0,0.5391,-0.4717,1972050825.0,8204796733.855664,2026-07-14
2020-04-27,sh.600399,抚顺特钢,4.1703993,4.2887085,4.3478631,4.140822,15158345.0,65540717.0,0.7686,3.0806,1972202056.0,8458199721.284677,2026-07-14
2020-04-28,sh.600399,抚顺特钢,4.2985676,4.2492721,4.3478631,4.140822,12856025.0,55145506.0,0.6519,-0.9195,1972085443.0,8379927651.75604,2026-07-14
2020-04-29,sh.600399,抚顺特钢,4.2295539,4.2788494,4.3084267,4.1605402,7225250.0,31311792.0,0.3664,0.6961,1971956878.0,8437706504.256174,2026-07-14
2020-04-30,sh.600399,抚顺特钢,4.4957496,4.1506811,4.4957496,4.140822,24841628.0,109661282.0,1.2597,-2.9954,1972027308.0,8185256475.999478,2026-07-14
2020-05-06,sh.600399,抚顺特钢,4.1605402,4.1211038,4.239413,4.0915265,13244109.0,55827969.0,0.6716,-0.7126,1972023377.0,8126913032.643533,2026-07-14
2020-05-07,sh.600399,抚顺特钢,4.140822,4.1506811,4.1605402,4.1211038,5563500.0,23374023.0,0.2821,0.7177,1972172988.0,8185861147.222127,2026-07-14
2020-05-08,sh.600399,抚顺特钢,4.140822,4.1605402,4.1999766,4.1211038,5976650.0,25162583.0,0.3031,0.2375,1971840977.0,8203923652.815775,2026-07-14
2020-05-11,sh.600399,抚顺特钢,4.140822,3.9534991,4.1703993,3.9534991,21494381.0,87608440.0,1.0899,-4.9763,1972142490.0,7796863559.286759,2026-07-14
2020-05-12,sh.600399,抚顺特钢,3.9534991,3.9929355,4.0225128,3.9337809,7801605.0,31458918.0,0.3956,0.9975,1972094287.0,7874445287.909489,2026-07-14
2020-05-13,sh.600399,抚顺特钢,3.9633582,4.0520901,4.0816674,3.9633582,6415171.0,26281607.0,0.3253,1.4815,1972078389.0,7991039316.490849,2026-07-14
2020-05-14,sh.600399,抚顺特钢,4.042231,4.0126537,4.0718083,3.9830764,4939658.0,20146075.0,0.2505,-0.9732,1971919361.0,7912629520.018287,2026-07-14
2020-05-15,sh.600399,抚顺特钢,4.0225128,3.9929355,4.0520901,3.94364,7656627.0,30896741.0,0.3882,-0.4914,1972340804.0,7875429614.390142,2026-07-14
2020-05-18,sh.600399,抚顺特钢,3.9633582,4.0915265,4.140822,3.9633582,11111875.0,45694982.0,0.5635,2.4691,1971938776.0,8068239758.381563,2026-07-14
2020-05-19,sh.600399,抚顺特钢,4.0915265,4.2196948,4.2295539,4.0915265,12470883.0,52606159.0,0.6324,3.1325,1971992884.0,8321208118.251803,2026-07-14
2020-05-20,sh.600399,抚顺特钢,4.2196948,4.2295539,4.3872995,4.1802584,13823850.0,60161886.0,0.701,0.2336,1972018545.0,8340758727.877075,2026-07-14
2020-05-21,sh.600399,抚顺特钢,4.2196948,4.1112447,4.2689903,4.0915265,9855187.0,41659723.0,0.4997,-2.7972,1972220732.0,8108282031.665121,2026-07-14
2020-05-22,sh.600399,抚顺特钢,4.1112447,4.0323719,4.1605402,3.9534991,7716002.0,31682603.0,0.3913,-1.9185,1971889088.0,7951390148.367827,2026-07-14
2020-05-25,sh.600399,抚顺特钢,4.042231,4.0718083,4.0915265,3.9830764,4450883.0,18303874.0,0.2257,0.978,1972035002.0,8029748489.034116,2026-07-14
2020-05-26,sh.600399,抚顺特钢,4.1013856,4.1309629,4.1309629,4.0718083,4816253.0,20074780.0,0.2442,1.4528,1972257576.0,8147322875.69993,2026-07-14
2020-05-27,sh.600399,抚顺特钢,4.1802584,3.9929355,4.1802584,3.9929355,7544952.0,31221215.0,0.3826,-3.3413,1972020910.0,7874152298.281305,2026-07-14
2020-05-28,sh.600399,抚顺特钢,4.0027946,4.0027946,4.042231,3.9633582,4519350.0,18335354.0,0.2292,0.2469,1971793194.0,7892683149.259952,2026-07-14
2020-05-29,sh.600399,抚顺特钢,4.0027946,4.0619492,4.0718083,3.9633582,4914197.0,20033975.0,0.2492,1.4778,1971989165.0,8010119811.180418,2026-07-14
2020-06-01,sh.600399,抚顺特钢,4.0619492,4.0619492,4.1211038,3.9929355,8553343.0,35202317.0,0.4337,0.0,1972179617.0,8010893417.529456,2026-07-14
2020-06-02,sh.600399,抚顺特钢,4.0619492,4.0520901,4.1605402,4.0323719,7822937.0,32402270.0,0.3967,-0.2427,1972003277.0,7990734955.899258,2026-07-14
2020-06-03,sh.600399,抚顺特钢,4.0520901,4.0619492,4.1013856,4.0027946,10684978.0,43999448.0,0.5418,0.2433,1972125877.0,8010675128.379448,2026-07-14
2020-06-04,sh.600399,抚顺特钢,4.0718083,4.1901175,4.2689903,4.0225128,21408391.0,91108304.0,1.0856,3.1553,1972033069.0,8263050272.995608,2026-07-14
2020-06-05,sh.600399,抚顺特钢,4.1802584,4.2196948,4.2788494,4.1309629,13194037.0,56556396.0,0.669,0.7059,1972202840.0,8322094068.493232,2026-07-14
2020-06-08,sh.600399,抚顺特钢,4.2196948,4.2196948,4.338004,4.2196948,16081600.0,69865127.0,0.8155,0.0,1971992643.0,8321207101.305357,2026-07-14
2020-06-09,sh.600399,抚顺特钢,4.239413,4.2196948,4.2788494,4.1999766,13205246.0,56819438.0,0.6696,0.0,1972109618.0,8321700700.104587,2026-07-14
2020-06-10,sh.600399,抚顺特钢,4.1999766,4.2196948,4.2689903,4.1999766,7286251.0,31186022.0,0.3695,0.0,1971921786.0,8320908106.390913,2026-07-14
2020-06-11,sh.600399,抚顺特钢,4.2098357,4.2196948,4.2689903,4.1999766,9547705.0,40906097.0,0.4841,0.0,1972258831.0,8322330333.424779,2026-07-14
2020-06-12,sh.600399,抚顺特钢,4.1506811,4.2295539,4.2689903,4.1309629,9180600.0,39172877.0,0.4655,0.2336,1972201933.0,8341534377.307689,2026-07-14
2020-06-15,sh.600399,抚顺特钢,4.1999766,4.2098357,4.239413,4.1703993,5812752.0,24836930.0,0.2947,-0.4662,1972430268.0,8303607357.986968,2026-07-14
2020-06-16,sh.600399,抚顺特钢,4.2098357,4.2295539,4.2492721,4.1901175,7998402.0,34229911.0,0.4056,0.4684,1971992604.0,8340649009.019356,2026-07-14
2020-06-17,sh.600399,抚顺特钢,4.239413,4.1999766,4.2591312,4.1901175,8740700.0,37425479.0,0.4432,-0.6993,1972179603.0,8283108183.59729,2026-07-14
2020-06-18,sh.600399,抚顺特钢,4.2098357,4.2098357,4.2492721,4.1901175,8455108.0,36127650.0,0.4287,0.2347,1972266853.0,8302919407.686052,2026-07-14
2020-06-19,sh.600399,抚顺特钢,4.2098357,4.1802584,4.2098357,4.1211038,13508633.0,57025293.0,0.685,-0.7026,1972063212.0,8243733807.29398,2026-07-14
2020-06-22,sh.600399,抚顺特钢,4.1605402,4.0816674,4.1802584,4.0718083,13986970.0,58304183.0,0.7092,-2.3585,1972217992.0,8049937883.63986,2026-07-14
2020-06-23,sh.600399,抚顺特钢,4.0915265,4.1013856,4.1309629,4.042231,5377590.0,22309564.0,0.2727,0.4831,1971980198.0,8087851187.562349,2026-07-14
2020-06-24,sh.600399,抚顺特钢,4.1013856,4.1506811,4.1605402,4.1013856,5461952.0,22904929.0,0.277,1.2019,1971823827.0,8184411891.25857,2026-07-14
2020-06-29,sh.600399,抚顺特钢,4.140822,4.0816674,4.1605402,4.0619492,7645303.0,31782847.0,0.3877,-1.6627,1971963632.0,8048899670.719996,2026-07-14
2020-06-30,sh.600399,抚顺特钢,4.0915265,4.0816674,4.1211038,4.0619492,5515744.0,22852184.0,0.2797,0.0,1972021452.0,8049135672.729064,2026-07-14
2020-07-01,sh.600399,抚顺特钢,4.1112447,4.0520901,4.1112447,4.0520901,7126850.0,29414873.0,0.3614,-0.7246,1972011621.0,7990768766.539052,2026-07-14
2020-07-02,sh.600399,抚顺特钢,4.0718083,4.0323719,4.0816674,3.9929355,9666948.0,39408757.0,0.4902,-0.4866,1972041616.0,7952005197.988991,2026-07-14
2020-07-03,sh.600399,抚顺特钢,4.042231,3.9633582,4.042231,3.9337809,16242145.0,65534860.0,0.8236,-1.7115,1972091428.0,7816104732.31351,2026-07-14
2020-07-06,sh.600399,抚顺特钢,3.9534991,4.042231,4.0718083,3.9337809,29236309.0,118017637.0,1.4825,1.99,1972095042.0,7971663713.718702,2026-07-14
2020-07-07,sh.600399,抚顺特钢,4.042231,4.0225128,4.0718083,3.9830764,17035106.0,69507686.0,0.8638,-0.4878,1972112295.0,7932846949.674876,2026-07-14
2020-07-08,sh.600399,抚顺特钢,4.0225128,4.0225128,4.0619492,3.9633582,24979001.0,101605122.0,1.2666,0.0,1972130191.0,7932918936.563946,2026-07-14
2020-07-09,sh.600399,抚顺特钢,4.0126537,4.2196948,4.2196948,4.0126537,26158552.0,110875562.0,1.3264,4.902,1972146562.0,8321856592.509277,2026-07-14
2020-07-10,sh.600399,抚顺特钢,4.3182858,4.4267359,4.4267359,4.2887085,29728759.0,132860730.0,1.5075,4.9065,1972056982.0,8729775439.065054,2026-07-14
2020-07-13,sh.600399,抚顺特钢,4.5154678,4.5056087,4.6436361,4.4168768,28246496.0,130135263.0,1.4323,1.7817,1972107519.0,8885544794.941814,2026-07-14
2020-07-14,sh.600399,抚顺特钢,4.4957496,4.5943406,4.6239179,4.436595,17585812.0,81173197.0,0.8917,1.9694,1972166872.0,9060806330.004602,2026-07-14
2020-07-15,sh.600399,抚顺特钢,4.6041997,4.732368,4.8112408,4.5943406,19474500.0,93499329.0,0.9875,3.0043,1972101266.0,9332708923.977888,2026-07-14
2020-07-16,sh.600399,抚顺特钢,4.7619453,4.4957496,4.7816635,4.4957496,20425056.0,95320278.0,1.0357,-5.0,1972101574.0,8866074862.46987,2026-07-14
2020-07-17,sh.600399,抚顺特钢,4.4168768,4.5253269,4.5450451,4.3478631,14339453.0,64711711.0,0.7271,0.6579,1972143172.0,8924592546.902925,2026-07-14
2020-07-20,sh.600399,抚顺特钢,4.5844815,4.7520862,4.7520862,4.5844815,10772259.0,51329048.0,0.5462,5.0109,1972218784.0,9372153666.82718,2026-07-14
2020-07-21,sh.600399,抚顺特钢,4.92955,4.8408181,4.9887046,4.8112408,19983079.0,99382628.66,1.0133,1.8672,1972079246.0,9546476908.671152,2026-07-14
2020-07-22,sh.600399,抚顺特钢,4.7422271,4.9098318,5.0380001,4.7422271,14641764.0,73396301.62,0.7424,1.4257,1972220366.0,9683270269.594439,2026-07-14
2020-07-23,sh.600399,抚顺特钢,4.92955,4.9887046,5.0182819,4.8703954,14288200.0,71912431.78,0.7245,1.6064,1972146308.0,9838455358.592617,2026-07-14
2020-07-24,sh.600399,抚顺特钢,4.9985637,4.8999727,5.1563093,4.8506772,21927178.0,111323685.2,1.1119,-1.7787,1972045867.0,9662970911.447832,2026-07-14
2020-07-27,sh.600399,抚顺特钢,4.8999727,4.9689864,5.0478592,4.8901136,12004570.0,60405238.25,0.6087,1.4085,1972165270.0,9799662405.18233,2026-07-14
2020-07-28,sh.600399,抚顺特钢,4.9985637,5.126732,5.1858866,4.9492682,17313068.0,89219198.0,0.8779,3.1746,1972100239.0,10110429402.488947,2026-07-14
2020-07-29,sh.600399,抚顺特钢,5.1563093,5.3830686,5.3830686,5.1168729,21187358.0,114558188.79,1.0744,5.0,1972017684.0,10615506473.385122,2026-07-14
2020-07-30,sh.600399,抚顺特钢,5.4816596,5.6492643,5.6492643,5.4718005,26652817.0,151969111.67,1.3515,4.9451,1972091528.0,11140866265.462849,2026-07-14
2020-07-31,sh.600399,抚顺特钢,5.7971508,5.8464463,5.9351782,5.5901097,29265826.0,172735283.13,1.484,3.4904,1972090701.0,11529722382.125856,2026-07-14
2020-08-03,sh.600399,抚顺特钢,5.9253191,6.1422193,6.1422193,5.9253191,13601855.0,84192556.05,0.6897,5.059,1972140786.0,12113321198.086369,2026-07-14
2020-08-04,sh.600399,抚顺特钢,6.211233,6.4478514,6.4478514,6.211233,18882654.0,122940726.77,0.9575,4.9759,1972078747.0,12715670709.754196,2026-07-14
2020-08-05,sh.600399,抚顺特钢,6.7337653,6.1323602,6.7337653,6.1225011,51057224.0,330265603.96,2.589,-4.893,1972082812.0,12093522147.412882,2026-07-14
2020-08-06,sh.600399,抚顺特钢,6.0239101,6.2408103,6.2999649,6.0239101,27527808.0,172694169.28,1.3959,1.7685,1972047281.0,12307172983.351793,2026-07-14
2020-08-07,sh.600399,抚顺特钢,6.2901058,6.5563015,6.5563015,6.2605285,25108438.0,162754636.31,1.2732,5.0553,1972073358.0,12929507515.165438,2026-07-14
2020-08-10,sh.600399,抚顺特钢,6.6548925,6.8816518,6.8816518,6.6548925,9763653.0,67667898.44,0.4951,4.9624,1972056756.0,13571007924.62956,2026-07-14
2020-08-11,sh.600399,抚顺特钢,7.197143,7.0393974,7.2267203,6.6154561,43708272.0,313289138.85,2.2163,2.2923,1972127961.0,13882592441.130703,2026-07-14
2020-08-12,sh.600399,抚顺特钢,7.0492565,7.0196792,7.0886929,6.7534835,22128403.0,154985888.03,1.1221,-0.2801,1972052669.0,13843177101.883783,2026-07-14
2020-08-13,sh.600399,抚顺特钢,7.0788338,7.0591156,7.295734,7.0196792,16823206.0,121527437.12,0.8531,0.5618,1972008674.0,13920637193.968714,2026-07-14
2020-08-14,sh.600399,抚顺特钢,7.0098201,6.7534835,7.0492565,6.704188,26243803.0,181593586.24,1.3308,-4.3296,1972032086.0,13318086154.27158,2026-07-14
2020-08-17,sh.600399,抚顺特钢,6.6844698,6.7239062,6.8816518,6.4774287,20080207.0,137064077.29,1.0182,-0.438,1972127971.0,13260403491.40032,2026-07-14
2020-08-18,sh.600399,抚顺特钢,6.7239062,6.9901019,7.0196792,6.7140471,16552015.0,116209254.83,0.8393,3.9589,1972121411.0,13785329622.06178,2026-07-14
2020-08-19,sh.600399,抚顺特钢,7.0393974,6.9506655,7.2464385,6.7830608,20796466.0,148004314.35,1.0545,-0.5642,1972163679.0,13707850043.978374,2026-07-14
2020-08-20,sh.600399,抚顺特钢,6.90137,6.7732017,7.0788338,6.704188,13533960.0,94258188.29,0.6863,-2.5532,1972018068.0,13356876130.608316,2026-07-14
2020-08-21,sh.600399,抚顺特钢,6.8224972,6.5858788,6.9112291,6.4872878,22331191.0,150195213.28,1.1324,-2.7656,1972023225.0,12987505950.63513,2026-07-14
2020-08-24,sh.600399,抚顺特钢,6.5661606,6.2605285,6.5858788,6.2605285,30585921.0,196021231.06,1.5509,-4.9401,1972140112.0,12346639377.169193,2026-07-14
2020-08-25,sh.600399,抚顺特钢,6.2210921,6.3295422,6.4577105,6.0830647,14633988.0,93779218.11,0.7421,1.1024,1971969815.0,12481666161.168692,2026-07-14
2020-08-26,sh.600399,抚顺特钢,6.3591195,6.2506694,6.4478514,6.211233,10544860.0,67392601.51,0.5347,-1.2461,1972107724.0,12326993403.910444,2026-07-14
2020-08-27,sh.600399,抚顺特钢,6.2408103,6.4675696,6.4872878,6.211233,12181115.0,79093137.88,0.6177,3.47,1972011494.0,12754121589.444983,2026-07-14
2020-08-28,sh.600399,抚顺特钢,6.4675696,6.5563015,6.6154561,6.3985559,9287084.0,61404338.21,0.4709,1.372,1972198768.0,12930329740.936552,2026-07-14
2020-08-31,sh.600399,抚顺特钢,6.6548925,6.8323563,6.8816518,6.6154561,31620703.0,218758169.07,1.6034,4.2105,1972103218.0,13474111845.752573,2026-07-14
2020-09-01,sh.600399,抚顺特钢,6.8619336,7.1774248,7.1774248,6.8126381,30401750.0,218162603.3,1.5416,5.0505,1972090685.0,14154532590.367989,2026-07-14
2020-09-02,sh.600399,抚顺特钢,7.3844659,7.492916,7.5323524,7.1379884,40471356.0,304766381.74,2.0522,4.3956,1972096092.0,14776750361.284273,2026-07-14
2020-09-03,sh.600399,抚顺特钢,7.394325,7.5027751,7.690098,7.3055931,21880346.0,167799213.18,1.1095,0.1316,1972090671.0,14796152781.321093,2026-07-14
2020-09-04,sh.600399,抚顺特钢,7.3253113,7.4436205,7.591507,7.2464385,14420100.0,108852703.73,0.7312,-0.7884,1972114333.0,14679670677.462626,2026-07-14
2020-09-07,sh.600399,抚顺特钢,7.591507,7.295734,7.591507,7.295734,15724900.0,118799497.06,0.7974,-1.9868,1972021570.0,14387344816.98238,2026-07-14
2020-09-08,sh.600399,抚顺特钢,7.3055931,6.9309473,7.3450295,6.9309473,23315561.0,165482463.33,1.1823,-5.0,1972051171.0,13668182739.104288,2026-07-14
2020-09-09,sh.600399,抚顺特钢,6.9210882,6.999961,7.0886929,6.6647516,16515661.0,116373971.92,0.8375,0.9957,1972019224.0,13804057659.250263,2026-07-14
2020-09-10,sh.600399,抚顺特钢,6.999961,7.0492565,7.295734,6.999961,14808691.0,107314344.34,0.7509,0.7042,1972125583.0,13902019084.77904,2026-07-14
2020-09-11,sh.600399,抚顺特钢,6.999961,7.0689747,7.1774248,6.9210882,10040065.0,71684047.7,0.5091,0.2797,1972120409.0,13940869276.574652,2026-07-14
2020-09-14,sh.600399,抚顺特钢,7.098552,7.1478475,7.2267203,7.098552,7703005.0,56069305.4,0.3906,1.1158,1972095494.0,14096237846.549166,2026-07-14
2020-09-15,sh.600399,抚顺特钢,7.2464385,7.2365794,7.3844659,7.1577066,8319302.0,61161378.11,0.4218,1.2414,1972333333.0,14272946767.521141,2026-07-14
2020-09-16,sh.600399,抚顺特钢,7.394325,7.2267203,7.394325,7.1182702,9797224.0,72036329.65,0.4968,-0.1362,1972066023.0,14251569561.354368,2026-07-14
2020-09-17,sh.600399,抚顺特钢,7.2168612,7.2464385,7.3055931,7.098552,8916071.0,65302224.25,0.4521,0.2729,1972145764.0,14291032991.861513,2026-07-14
2020-09-18,sh.600399,抚顺特钢,7.2464385,7.3647477,7.4633387,7.2070021,11766253.0,87915806.64,0.5966,1.6327,1972218069.0,14524888487.56619,2026-07-14
2020-09-21,sh.600399,抚顺特钢,7.3844659,7.4731978,7.5717888,7.3844659,14693722.0,111711618.82,0.7451,1.4726,1972046974.0,14737497107.593458,2026-07-14
2020-09-22,sh.600399,抚顺特钢,7.4534796,7.492916,7.6605207,7.295734,12454852.0,94908200.58,0.6316,0.2639,1971952502.0,14775674453.475832,2026-07-14
2020-09-23,sh.600399,抚顺特钢,7.4436205,7.1182702,7.5717888,7.1182702,25720805.0,188618737.6,1.3042,-5.0,1972151894.0,14038310056.93376,2026-07-14
2020-09-24,sh.600399,抚顺特钢,7.0492565,6.7633426,7.0591156,6.7633426,28381704.0,196922213.51,1.4392,-4.9861,1972047248.0,13337631161.611164,2026-07-14
2020-09-25,sh.600399,抚顺特钢,6.7633426,6.9112291,6.9901019,6.7633426,12151190.0,84840599.0,0.6162,2.1866,1971955534.0,13628636470.48684,2026-07-14
2020-09-28,sh.600399,抚顺特钢,6.9408064,7.0788338,7.1774248,6.7140471,10572713.0,75447497.84,0.5361,2.4251,1972153143.0,13960544327.444633,2026-07-14
2020-09-29,sh.600399,抚顺特钢,7.0591156,7.3844659,7.3844659,7.0492565,13269330.0,98030384.92,0.6729,4.3175,1971961658.0,14561883619.608463,2026-07-14
2020-09-30,sh.600399,抚顺特钢,7.4239023,7.2760158,7.492916,7.098552,12611333.0,93799989.34,0.6395,-1.4686,1972061454.0,14348750297.874973,2026-07-14
2020-10-09,sh.600399,抚顺特钢,7.3548886,7.394325,7.5027751,7.3351704,13704490.0,103265203.0,0.6949,1.626,1972152828.0,14582738959.9011,2026-07-14
2020-10-12,sh.600399,抚顺特钢,7.4436205,7.4140432,7.5323524,7.3548886,22231439.0,168318847.28,1.1273,0.2667,1972096070.0,14621205457.530224,2026-07-14
2020-10-13,sh.600399,抚顺特钢,7.4140432,7.3450295,7.492916,7.295734,15442100.0,115972624.9,0.783,-0.9309,1972171137.0,14485655180.313541,2026-07-14
2020-10-14,sh.600399,抚顺特钢,7.3351704,7.295734,7.3647477,7.1478475,14975150.0,110159777.0,0.7594,-0.6711,1971971293.0,14386978009.364063,2026-07-14
2020-10-15,sh.600399,抚顺特钢,7.2661567,7.295734,7.3746068,7.2365794,9519736.0,70569094.68,0.4827,0.0,1972184794.0,14388535655.868797,2026-07-14
2020-10-16,sh.600399,抚顺特钢,7.295734,7.2858749,7.3253113,7.1774248,8567200.0,62945438.5,0.4344,-0.1351,1972191529.0,14369140759.13372,2026-07-14
2020-10-19,sh.600399,抚顺特钢,7.394325,7.2760158,7.394325,7.197143,7161000.0,52810033.9,0.3631,-0.1353,1972183971.0,14349641733.50274,2026-07-14
2020-10-20,sh.600399,抚顺特钢,7.2464385,7.2858749,7.3253113,7.2070021,6634505.0,48865760.76,0.3364,0.1355,1972207194.0,14369254892.364029,2026-07-14
2020-10-21,sh.600399,抚顺特钢,7.3351704,7.4534796,7.5224933,7.3055931,17519502.0,132151952.28,0.8884,2.3004,1972028591.0,14698474873.635242,2026-07-14
2020-10-22,sh.600399,抚顺特钢,7.4731978,7.3844659,7.4731978,7.3351704,8163450.0,61250438.5,0.4139,-0.9259,1972324233.0,14564561042.332155,2026-07-14
2020-10-23,sh.600399,抚顺特钢,7.3844659,7.3647477,7.4731978,7.3253113,8509318.0,63958640.78,0.4315,-0.267,1972031981.0,14523517996.396193,2026-07-14
2020-10-26,sh.600399,抚顺特钢,7.2464385,7.4436205,7.5126342,7.2464385,12320521.0,92914241.27,0.6247,1.071,1972230030.0,14680531882.023615,2026-07-14
2020-10-27,sh.600399,抚顺特钢,7.4534796,7.492916,7.5126342,7.4239023,11527593.0,87468047.31,0.5845,0.6623,1972214371.0,14777636615.895836,2026-07-14
2020-10-28,sh.600399,抚顺特钢,7.5619297,7.8281254,7.8281254,7.5224933,28291003.0,222911347.01,1.4346,4.4737,1972048167.0,15437440346.116142,2026-07-14
2020-10-29,sh.600399,抚顺特钢,7.7985481,8.2224894,8.2224894,7.788689,34664872.0,285993999.35,1.7578,5.0378,1972060075.0,16215243062.850706,2026-07-14
2020-10-30,sh.600399,抚顺特钢,8.2915031,8.2126303,8.4098123,8.084462,22713370.0,190115675.96,1.1517,-0.1199,1972160285.0,16196623313.047636,2026-07-14
2020-11-02,sh.600399,抚顺特钢,8.6267125,8.6267125,8.6267125,8.577417,38114670.0,333490197.5,1.9327,5.042,1972094479.0,17012692093.170288,2026-07-14
2020-11-03,sh.600399,抚顺特钢,9.0605129,9.0605129,9.0605129,8.8830491,30460821.0,279302699.5,1.5446,5.0286,1972084747.0,17868099290.08674,2026-07-14
2020-11-04,sh.600399,抚顺特钢,9.4450178,8.9914992,9.4844542,8.6464307,67864195.0,616044884.14,3.4412,-0.7617,1972108421.0,17732211289.734764,2026-07-14
2020-11-05,sh.600399,抚顺特钢,9.0605129,9.4450178,9.4450178,9.0605129,37242536.0,353633044.61,1.8885,5.0439,1972069685.0,18626233277.665394,2026-07-14
2020-11-06,sh.600399,抚顺特钢,9.366145,9.7013544,9.8098045,9.1196675,26795640.0,260278297.18,1.3587,2.714,1972152793.0,19132553175.84284,2026-07-14
2020-11-09,sh.600399,抚顺特钢,9.8098045,9.6717771,10.1351548,9.4154405,27337661.0,270923951.16,1.3862,-0.3049,1972129635.0,19073998242.024357,2026-07-14
2020-11-10,sh.600399,抚顺特钢,9.661918,9.2083994,9.760509,9.1886812,24626051.0,234429565.41,1.2487,-4.791,1972135101.0,18160207680.767338,2026-07-14
2020-11-11,sh.600399,抚顺特钢,9.168963,9.3069904,9.5041724,9.0506538,12512750.0,118136154.2,0.6345,1.0707,1972064618.0,18353986467.905666,2026-07-14
2020-11-12,sh.600399,抚顺特钢,9.5140315,9.7703681,9.7703681,9.3168495,18708402.0,181760956.42,0.9487,4.9788,1972004005.0,19267205023.524242,2026-07-14
2020-11-13,sh.600399,抚顺特钢,9.957691,10.2633231,10.2633231,9.957691,32504821.0,336507282.63,1.6482,5.0454,1972140578.0,20240715950.63475,2026-07-14
2020-11-16,sh.600399,抚顺特钢,10.4900824,10.7759963,10.7759963,10.2731822,34197248.0,369765236.36,1.7341,4.9952,1972045903.0,21250759354.158157,2026-07-14
2020-11-17,sh.600399,抚顺特钢,10.943601,10.7365599,11.0619102,10.3619141,30030465.0,329718008.05,1.5228,-0.366,1972055753.0,21173094718.224102,2026-07-14
2020-11-18,sh.600399,抚顺特钢,10.6774053,11.239374,11.2689513,10.5590961,31882653.0,361431490.95,1.6167,4.6832,1972082204.0,22164969449.500294,2026-07-14
2020-11-19,sh.600399,抚顺特钢,11.2689513,11.0520511,11.3478241,10.9337419,26772999.0,302411758.86,1.3576,-1.6667,1972083014.0,21795562244.170013,2026-07-14
2020-11-20,sh.600399,抚顺特钢,11.140783,11.535147,11.6041607,11.0027556,25516855.0,293840358.59,1.2939,4.3711,1972088647.0,22748332440.17611,2026-07-14
2020-11-23,sh.600399,抚顺特钢,11.6830335,11.6140198,12.0083838,11.3083877,30921798.0,366111677.66,1.568,0.6838,1972053444.0,22903467745.27419,2026-07-14
2020-11-24,sh.600399,抚顺特钢,11.5252879,11.1900785,11.6830335,11.0323329,28027240.0,321199130.0,1.4212,-3.6503,1972082747.0,22067760747.42564,2026-07-14
2020-11-25,sh.600399,抚顺特钢,11.3971196,11.436556,11.4957106,11.1900785,15543653.0,179037101.76,0.7882,2.2026,1972044278.0,22553394819.82657,2026-07-14
2020-11-26,sh.600399,抚顺特钢,11.4661333,11.1900785,11.5252879,11.0914875,15743669.0,179354639.02,0.7983,-2.1552,1972149443.0,22068507080.901276,2026-07-14
2020-11-27,sh.600399,抚顺特钢,11.2689513,10.9337419,11.2689513,10.8943055,19394150.0,216977163.5,0.9834,-2.2907,1972152735.0,21563008991.869095,2026-07-14
2020-11-30,sh.600399,抚顺特钢,10.8548691,10.5393779,10.9238828,10.4309278,29283205.0,317801892.96,1.4849,-3.6069,1972065796.0,20784346667.70831,2026-07-14
2020-12-01,sh.600399,抚顺特钢,10.5590961,11.0619102,11.0619102,10.5590961,22733354.0,252835366.52,1.1527,4.9579,1972183048.0,21816111774.93829,2026-07-14
2020-12-02,sh.600399,抚顺特钢,11.0619102,11.6140198,11.6140198,10.943601,36078316.0,414394086.75,1.8294,4.9911,1972139281.0,22904464657.89176,2026-07-14
2020-12-03,sh.600399,抚顺特钢,11.7619063,11.7816245,12.1168339,11.4168378,35725068.0,425316786.92,1.8115,1.4431,1972126304.0,23234851580.300846,2026-07-14
2020-12-04,sh.600399,抚顺特钢,11.7224699,11.4464151,11.7224699,11.3478241,22411044.0,261569841.52,1.1364,-2.8452,1972108765.0,22573575546.53835,2026-07-14
2020-12-07,sh.600399,抚顺特钢,11.337965,12.0182429,12.0182429,11.337965,27156860.0,324914337.11,1.3771,4.9957,1972032532.0,23700365976.278023,2026-07-14
2020-12-08,sh.600399,抚顺特钢,12.1168339,11.8802155,12.1464112,11.7421881,33979336.0,412154997.0,1.723,-1.1485,1972103076.0,23429009531.09288,2026-07-14
2020-12-09,sh.600399,抚顺特钢,11.7717654,11.8802155,12.3140159,11.7619063,24385641.0,298124656.88,1.2365,0.0,1972150505.0,23429572997.833828,2026-07-14
2020-12-10,sh.600399,抚顺特钢,11.929511,12.0478202,12.2450022,11.929511,14564953.0,178470339.52,0.7386,1.4108,1971967641.0,23757911578.98615,2026-07-14
2020-12-11,sh.600399,抚顺特钢,12.0773975,12.2351431,12.3435932,11.8802155,18129514.0,223821016.97,0.9193,1.5548,1972099859.0,24128923982.354824,2026-07-14
2020-12-14,sh.600399,抚顺特钢,12.2844386,12.8464073,12.8464073,12.2844386,22424675.0,290068348.29,1.1371,4.996,1972093483.0,25334316116.293625,2026-07-14
2020-12-15,sh.600399,抚顺特钢,13.014012,12.81683,13.4872488,12.7773936,36788043.0,491373596.78,1.8654,-0.2302,1972126246.0,25276406833.52018,2026-07-14
2020-12-16,sh.600399,抚顺特钢,12.8464073,13.4576715,13.4576715,12.5407752,31058832.0,412314335.27,1.5749,5.0,1972114547.0,26540069733.897312,2026-07-14
2020-12-17,sh.600399,抚顺特钢,13.6351353,13.7731627,14.0590766,13.506967,29624115.0,415973397.38,1.5022,2.3443,1972048662.0,27161347074.04331,2026-07-14
2020-12-18,sh.600399,抚顺特钢,13.7830218,14.2759768,14.295695,13.7830218,18086168.0,259023776.69,0.9171,3.6507,1972104242.0,28153714405.973587,2026-07-14
2020-12-21,sh.600399,抚顺特钢,14.295695,14.985832,14.985832,14.295695,28021625.0,421563463.08,1.4209,4.9724,1972103948.0,29553618451.264736,2026-07-14
2020-12-22,sh.600399,抚顺特钢,15.183014,14.2365404,15.6562508,14.2365404,46767117.0,709999987.14,2.3714,-5.0,1972131104.0,28076324136.192604,2026-07-14
2020-12-23,sh.600399,抚顺特钢,14.2759768,14.7689318,14.9463956,13.704149,36198635.0,535151464.07,1.8355,3.7396,1972140289.0,29126405428.273293,2026-07-14
2020-12-24,sh.600399,抚顺特钢,14.9168183,15.084423,15.3309005,14.7294954,27640271.0,422330395.7,1.4016,2.1362,1972051299.0,29747255971.815475,2026-07-14
2020-12-25,sh.600399,抚顺特钢,15.2323095,15.0548457,15.281605,14.7985091,19066501.0,290240697.16,0.9668,-0.1961,1972124638.0,29690032126.258354,2026-07-14
2020-12-28,sh.600399,抚顺特钢,14.8971001,14.5027361,15.1140003,14.3548496,24484759.0,363025141.03,1.2416,-3.6673,1972032780.0,28599870988.88936,2026-07-14
2020-12-29,sh.600399,抚顺特钢,14.5421725,14.0689357,14.887241,13.80274,31809043.0,461706529.05,1.613,-2.9912,1972042343.0,27744536921.344345,2026-07-14
2020-12-30,sh.600399,抚顺特钢,13.9506265,13.9900629,14.5618907,13.4478124,39621368.0,559895782.79,2.0091,-0.5606,1972095366.0,27589738215.13852,2026-07-14
2020-12-31,sh.600399,抚顺特钢,14.295695,14.690059,14.690059,13.9309083,29329689.0,428449529.06,1.4872,5.0035,1972141541.0,28970875593.64092,2026-07-14
2021-01-04,sh.600399,抚顺特钢,15.2323095,15.4294915,15.4294915,15.084423,22962220.0,358310261.53,1.1644,5.0336,1972021642.0,30427291163.055042,2026-07-14
2021-01-05,sh.600399,抚顺特钢,16.1393467,16.1985013,16.1985013,15.478787,46837976.0,762773238.24,2.375,4.984,1972125305.0,31945474316.805397,2026-07-14
2021-01-06,sh.600399,抚顺特钢,16.1294876,16.5435698,16.7308927,16.0013193,27818310.0,464929477.15,1.4106,2.1302,1972090600.0,32625418493.02388,2026-07-14
2021-01-07,sh.600399,抚顺特钢,16.5139925,16.267515,16.8984974,16.070333,31634931.0,528040344.92,1.6041,-1.6687,1972129605.0,32081647931.281574,2026-07-14
2021-01-08,sh.600399,抚顺特钢,16.2773741,15.5675189,16.563288,15.4590688,42376034.0,676175254.06,2.1488,-4.303,1972079021.0,30700377431.710995,2026-07-14
2021-01-11,sh.600399,抚顺特钢,15.5280825,16.0210375,16.2970923,15.2323095,33097051.0,531252935.07,1.6783,2.9132,1972058095.0,31594416692.17356,2026-07-14
2021-01-12,sh.600399,抚顺特钢,15.9520238,16.8196246,16.8196246,15.7844191,42183294.0,712399004.29,2.139,4.9846,1972103506.0,33170040643.26385,2026-07-14
2021-01-13,sh.600399,抚顺特钢,16.8196246,16.1492058,16.9083565,16.0604739,30977250.0,516957931.69,1.5708,-3.9859,1972068373.0,31847338007.248165,2026-07-14
2021-01-14,sh.600399,抚顺特钢,15.77456,15.6365326,16.3759651,15.3900551,23819859.0,380063621.38,1.2078,-3.1746,1972169151.0,30837887222.325825,2026-07-14
2021-01-15,sh.600399,抚顺特钢,15.5083643,14.8576637,15.8830101,14.8576637,48444544.0,739042068.8,2.4565,-4.9811,1972096234.0,29300742628.808506,2026-07-14
2021-01-18,sh.600399,抚顺特钢,14.8576637,14.1182312,15.3407596,14.1182312,52785436.0,779276453.51,2.6766,-4.9768,1972107749.0,27842673151.69357,2026-07-14
2021-01-19,sh.600399,抚顺特钢,14.0196402,14.3154132,14.591468,13.4182351,53870354.0,758222622.4,2.7316,1.3966,1972117221.0,28231672897.450718,2026-07-14
2021-01-20,sh.600399,抚顺特钢,14.3548496,15.0351275,15.0351275,14.3548496,34793644.0,524228797.27,1.7643,5.0275,1972093408.0,29650675831.189518,2026-07-14
2021-01-21,sh.600399,抚顺特钢,15.478787,15.5872371,15.7844191,15.0745639,29895752.0,472110028.97,1.5159,3.6721,1972145392.0,30740297820.776443,2026-07-14
2021-01-22,sh.600399,抚顺特钢,15.4689279,16.2083604,16.2083604,15.3013232,25715414.0,409054291.06,1.304,3.9848,1972040951.0,31963550457.36674,2026-07-14
2021-01-25,sh.600399,抚顺特钢,15.971742,15.478787,16.76047,15.3999142,35191306.0,576470942.33,1.7845,-4.5012,1972054133.0,30525005877.176674,2026-07-14
2021-01-26,sh.600399,抚顺特钢,15.0154093,14.7196363,15.6562508,14.7097772,50598070.0,771336175.68,2.5657,-4.9045,1972096114.0,29028537546.723335,2026-07-14
2021-01-27,sh.600399,抚顺特钢,14.8379455,15.4590688,15.4590688,14.0393584,39001702.0,584645611.2,1.9777,5.0234,1972073722.0,30486423347.070076,2026-07-14
2021-01-28,sh.600399,抚顺特钢,15.2421686,14.8083682,15.8139964,14.7097772,27494552.0,426432761.73,1.3942,-4.2092,1972066561.0,29203087750.195763,2026-07-14
2021-01-29,sh.600399,抚顺特钢,14.9562547,14.4238633,15.1435776,14.0689357,35427148.0,515424901.86,1.7964,-2.5965,1972119127.0,28445576699.16334,2026-07-14
2021-02-01,sh.600399,抚顺特钢,14.6309044,14.6999181,14.985832,13.7830218,23730083.0,351110643.2,1.2033,1.9139,1972083687.0,28989468685.246033,2026-07-14
2021-02-02,sh.600399,抚顺特钢,14.6111862,15.4393506,15.4393506,14.6111862,25608524.0,395582365.25,1.2985,5.0302,1972162033.0,30448901067.49577,2026-07-14
2021-02-03,sh.600399,抚顺特钢,15.77456,15.2027322,15.8534328,14.887241,24348415.0,377798255.7,1.2346,-1.5326,1972170339.0,29982377516.600216,2026-07-14
2021-02-04,sh.600399,抚顺特钢,14.9562547,14.4534406,15.1731549,14.4435815,24780680.0,366901563.44,1.2566,-4.9287,1972042018.0,28502792167.86713,2026-07-14
2021-02-05,sh.600399,抚顺特钢,14.3449905,14.4140042,14.9168183,14.0196402,14363186.0,210115848.63,0.7283,-0.2729,1972152410.0,28426613120.780125,2026-07-14
2021-02-08,sh.600399,抚顺特钢,14.4238633,14.5224543,14.985832,14.098513,16084774.0,237251361.05,0.8156,0.7524,1972140020.0,28640313313.651085,2026-07-14
2021-02-09,sh.600399,抚顺特钢,14.4337224,15.2421686,15.2520277,14.4140042,27328991.0,419562476.84,1.3858,4.9559,1972073243.0,30058672861.354767,2026-07-14
2021-02-10,sh.600399,抚顺特钢,15.1435776,14.9661138,15.281605,14.690059,18997650.0,287836004.32,0.9633,-1.8111,1972142635.0,29515311105.241863,2026-07-14
2021-02-18,sh.600399,抚顺特钢,15.1435776,15.577378,15.7055463,14.8182273,23196375.0,360183035.58,1.1762,4.0843,1972145468.0,30720855426.022903,2026-07-14
2021-02-19,sh.600399,抚顺特钢,15.5478007,15.7647009,15.9224465,15.2914641,19546807.0,310410055.66,0.9912,1.2025,1972034605.0,31088535712.274643,2026-07-14
2021-02-22,sh.600399,抚顺特钢,15.7252645,15.6266735,16.3266696,15.577378,22485353.0,364734779.86,1.1402,-0.8755,1972053412.0,30816634793.884983,2026-07-14
2021-02-23,sh.600399,抚顺特钢,15.5379416,14.9365365,15.5379416,14.8478046,23819176.0,363809983.33,1.2078,-4.4164,1972112601.0,29456531846.946438,2026-07-14
2021-02-24,sh.600399,抚顺特钢,15.183014,14.1872449,15.2027322,14.1872449,28799683.0,421020919.05,1.4604,-5.0165,1972040742.0,27977824959.531715,2026-07-14
2021-02-25,sh.600399,抚顺特钢,14.4731588,14.8971001,14.8971001,14.1083721,23219985.0,344022534.64,1.1774,5.0035,1972140734.0,29379177925.68547,2026-07-14
2021-02-26,sh.600399,抚顺特钢,14.5027361,14.1478085,14.591468,14.1478085,24973610.0,361442988.4,1.2663,-5.0298,1972171681.0,27901907271.911087,2026-07-14
2021-03-01,sh.600399,抚顺特钢,14.1478085,13.4379533,14.2562586,13.4379533,38003414.0,521759744.33,1.9271,-5.0174,1972051995.0,26500342613.981834,2026-07-14
2021-03-02,sh.600399,抚顺特钢,13.5365443,13.211194,13.7633036,12.7773936,29545619.0,392220722.83,1.4982,-1.6875,1972074423.0,26053457784.691063,2026-07-14
2021-03-03,sh.600399,抚顺特钢,13.2999259,13.8717537,13.8717537,13.1027439,28006457.0,386195886.52,1.4201,5.0,1972146821.0,27357134961.149986,2026-07-14
2021-03-04,sh.600399,抚顺特钢,13.8717537,13.3590805,13.901331,13.2013349,25572279.0,352182800.03,1.2967,-3.6958,1972104496.0,26345502716.475925,2026-07-14
2021-03-05,sh.600399,抚顺特钢,12.81683,13.4971079,13.7534445,12.718239,14274859.0,194765034.84,0.7238,1.0332,1972210417.0,26619136799.752995,2026-07-14
2021-03-08,sh.600399,抚顺特钢,13.5266852,12.8266891,13.6351353,12.8266891,21792702.0,288209747.0,1.1051,-4.9671,1972011764.0,25294381798.37057,2026-07-14
2021-03-09,sh.600399,抚顺特钢,12.5506343,12.1858476,12.5506343,12.1858476,23879352.0,295852928.9,1.2109,-4.9962,1972033364.0,24030898035.81933,2026-07-14
2021-03-10,sh.600399,抚顺特钢,12.1858476,11.5745834,12.3731705,11.5745834,26495878.0,315482063.21,1.3435,-5.0162,1972153182.0,22826851482.63438,2026-07-14
2021-03-11,sh.600399,抚顺特钢,11.4168378,11.9196519,12.1069748,10.9928965,43591214.0,501172380.27,2.2104,2.9813,1972096182.0,23506700002.759045,2026-07-14
2021-03-12,sh.600399,抚顺特钢,11.83092,11.8999337,12.422466,11.633738,24814004.0,304471246.49,1.2583,-0.1654,1972026067.0,23466979451.97176,2026-07-14
2021-03-15,sh.600399,抚顺特钢,11.8999337,11.535147,12.2450022,11.337965,19494558.0,232644966.5,0.9885,-3.0655,1972135357.0,22748871246.89248,2026-07-14
2021-03-16,sh.600399,抚顺特钢,11.732329,11.6534562,11.8802155,11.2097967,14110058.0,165902582.53,0.7155,1.0256,1972055625.0,22981263849.901127,2026-07-14
2021-03-17,sh.600399,抚顺特钢,11.5450061,11.9689474,12.0379611,11.3182468,14703703.0,175297515.65,0.7456,2.7073,1972063171.0,23603520363.176205,2026-07-14
2021-03-18,sh.600399,抚顺特钢,11.9689474,12.5604934,12.5703525,11.9689474,27941642.0,353895914.05,1.4168,4.9423,1972165584.0,24771372801.539146,2026-07-14
2021-03-19,sh.600399,抚顺特钢,12.225284,12.521057,12.7872527,12.1858476,20494727.0,260655449.44,1.0392,-0.314,1972163876.0,24693576304.736935,2026-07-14
2021-03-22,sh.600399,抚顺特钢,12.5111979,12.8365482,13.1421803,12.422466,19492606.0,252536662.26,0.9884,2.5197,1972137394.0,25315436715.10339,2026-07-14
2021-03-23,sh.600399,抚顺特钢,12.6590844,12.619648,13.0337302,12.422466,12835602.0,165543930.94,0.6509,-1.6897,1971977570.0,24885662797.29536,2026-07-14
2021-03-24,sh.600399,抚顺特钢,12.6295071,11.9886656,12.6393662,11.9886656,14936604.0,183857220.54,0.7574,-5.0,1972089253.0,23642718587.570797,2026-07-14
2021-03-25,sh.600399,抚顺特钢,11.6830335,11.535147,11.7816245,11.436556,18551650.0,217458326.5,0.9407,-3.7829,1972111194.0,22748592523.135517,2026-07-14
2021-03-26,sh.600399,抚顺特钢,11.5548652,12.0971157,12.1069748,11.5548652,13016300.0,158347549.38,0.66,4.8718,1972166667.0,23857528350.38237,2026-07-14
2021-03-29,sh.600399,抚顺特钢,12.3140159,12.6985208,12.6985208,12.2154249,20794000.0,265799189.5,1.0544,4.9715,1972116844.0,25042966763.564358,2026-07-14
2021-03-30,sh.600399,抚顺特钢,12.9055619,12.9745756,13.3196441,12.8069709,24360400.0,324251930.5,1.2353,2.1739,1972022990.0,25586161368.693043,2026-07-14
2021-03-31,sh.600399,抚顺特钢,13.6252762,12.915421,13.6252762,12.8365482,34484952.0,464543110.82,1.7486,-0.4559,1972146403.0,25471101068.380665,2026-07-14
2021-04-01,sh.600399,抚顺特钢,13.014012,13.5661216,13.5661216,13.014012,23754019.0,323097648.73,1.2045,5.0382,1972106185.0,26753832313.822098,2026-07-14
2021-04-02,sh.600399,抚顺特钢,13.704149,13.506967,14.098513,13.2309122,27189539.0,377749526.72,1.3787,-0.436,1972114238.0,26637281932.896145,2026-07-14
2021-04-06,sh.600399,抚顺特钢,13.704149,13.7633036,13.999922,13.5661216,12699849.0,177118049.67,0.644,1.8978,1972026242.0,27141595875.813072,2026-07-14
2021-04-07,sh.600399,抚顺特钢,13.7830218,13.7140081,13.999922,13.309785,12281427.0,169577478.16,0.6228,-0.3582,1971969653.0,27043607794.196186,2026-07-14
2021-04-08,sh.600399,抚顺特钢,13.4872488,13.3196441,13.506967,13.1027439,18582597.0,251479477.6,0.9423,-2.8756,1972046800.0,26266961524.54388,2026-07-14
2021-04-09,sh.600399,抚顺特钢,13.3196441,13.4478124,13.7534445,13.1224621,13028347.0,177756568.72,0.6606,0.9623,1972199061.0,26521762987.784157,2026-07-14
2021-04-12,sh.600399,抚顺特钢,13.2604895,12.7773936,13.4971079,12.7773936,20428801.0,269913411.92,1.0359,-4.9853,1972082344.0,25198072320.898598,2026-07-14
2021-04-13,sh.600399,抚顺特钢,12.619648,12.7773936,13.1027439,12.4027478,14472483.0,187968024.87,0.7339,0.0,1971996594.0,25196976659.3974,2026-07-14
2021-04-14,sh.600399,抚顺特钢,12.915421,13.4182351,13.4182351,12.7675345,14276506.0,190071838.86,0.7239,5.0154,1972165492.0,26462980227.76317,2026-07-14
2021-04-15,sh.600399,抚顺特钢,13.4182351,13.4182351,13.4182351,13.4182351,0.0,0.0,0.0,0.0,1972165492.0,26462980227.76317,2026-07-14
2021-04-16,sh.600399,抚顺特钢,13.4182351,14.3745678,14.7492136,12.4717615,74836876.0,1064969237.08,3.7948,7.1271,1972090123.0,28347943180.773838,2026-07-14
2021-04-19,sh.600399,抚顺特钢,14.4632997,14.7985091,15.0548457,14.3647087,49195278.0,739738176.47,2.4946,2.9492,1972070793.0,29183707576.054718,2026-07-14
2021-04-20,sh.600399,抚顺特钢,14.5717498,14.0097811,14.9168183,13.9900629,34965442.0,509710231.32,1.773,-5.3298,1972106148.0,27628775439.444202,2026-07-14
2021-04-21,sh.600399,抚顺特钢,14.0590766,13.704149,14.1675267,12.6985208,65315975.0,883304012.08,3.312,-2.1816,1972100694.0,27025961753.579403,2026-07-14
2021-04-22,sh.600399,抚顺特钢,13.6252762,13.4773897,14.1872449,13.3985169,25515397.0,357475475.73,1.2938,-1.6547,1972128382.0,26579142742.644466,2026-07-14
2021-04-23,sh.600399,抚顺特钢,13.4773897,13.8520355,14.295695,13.0928848,25368558.0,358278024.5,1.2864,2.7798,1972058302.0,27317021607.37372,2026-07-14
2021-04-26,sh.600399,抚顺特钢,14.0393584,13.7731627,14.3252723,13.704149,19673964.0,279182031.76,0.9976,-0.5694,1972129511.0,27162460620.47444,2026-07-14
2021-04-27,sh.600399,抚顺特钢,13.6548535,14.0492175,14.2463995,13.6351353,32291484.0,459747246.91,1.6374,2.0043,1972119458.0,27706735201.424114,2026-07-14
2021-04-28,sh.600399,抚顺特钢,13.9703447,13.605558,14.2759768,13.211194,40206602.0,559735902.6,2.0388,-3.1579,1972071905.0,26831138683.64799,2026-07-14
2021-04-29,sh.600399,抚顺特钢,13.6154171,13.6844308,13.8224582,13.3295032,12715238.0,175396639.75,0.6448,0.5797,1971966191.0,26985234880.67908,2026-07-14
2021-04-30,sh.600399,抚顺特钢,13.408376,12.7872527,13.6351353,12.718239,49531096.0,656945025.52,2.5116,-6.5562,1972093327.0,25217655720.332733,2026-07-14
2021-05-06,sh.600399,抚顺特钢,12.7971118,13.7140081,13.8421764,12.619648,49319151.0,666859770.18,2.5008,7.2475,1972134957.0,27045874774.59115,2026-07-14
2021-05-07,sh.600399,抚顺特钢,13.7731627,13.1520394,13.8323173,13.0928848,28857652.0,393049036.44,1.4633,-4.0978,1972094034.0,25937058435.67294,2026-07-14
2021-05-10,sh.600399,抚顺特钢,13.1816167,13.211194,13.4675306,12.7280981,31534218.0,418795169.26,1.599,0.4498,1972121201.0,26054075777.923996,2026-07-14
2021-05-11,sh.600399,抚顺特钢,13.0830257,13.1421803,13.2999259,12.7280981,21849966.0,289102835.8,1.108,-0.5224,1972018592.0,25916623891.016136,2026-07-14
2021-05-12,sh.600399,抚顺特钢,12.9647165,12.9942938,13.0534484,12.7280981,21575019.0,281649500.13,1.094,-1.1253,1972122395.0,25626337810.18965,2026-07-14
2021-05-13,sh.600399,抚顺特钢,12.81683,12.5703525,12.9745756,12.3830296,19111269.0,246111157.15,0.9691,-3.2625,1972063667.0,24789535446.632618,2026-07-14
2021-05-14,sh.600399,抚顺特钢,12.5703525,13.4576715,13.6548535,12.3633114,29146676.0,384425497.79,1.478,7.0588,1972034912.0,26538998032.22741,2026-07-14
2021-05-17,sh.600399,抚顺特钢,13.6548535,13.605558,14.1478085,13.4576715,24329500.0,340445038.8,1.2337,1.0989,1972075869.0,26831192616.079903,2026-07-14
2021-05-18,sh.600399,抚顺特钢,13.6154171,13.8618946,14.098513,13.4280942,26222584.0,369094471.29,1.3297,1.8841,1972067684.0,27336594379.674107,2026-07-14
2021-05-19,sh.600399,抚顺特钢,13.8520355,14.2858359,14.6111862,13.7337263,35758323.0,520383774.96,1.8132,3.0583,1972111350.0,28173259122.627464,2026-07-14
2021-05-20,sh.600399,抚顺特钢,14.1675267,14.1280903,14.2759768,13.7534445,21440378.0,304772355.01,1.0872,-1.1042,1972073032.0,27861625874.29079,2026-07-14
2021-05-21,sh.600399,抚顺特钢,13.999922,13.408376,14.1182312,13.309785,31658219.0,435986057.28,1.6053,-5.0942,1972106086.0,26442739912.976337,2026-07-14
2021-05-24,sh.600399,抚顺特钢,13.2604895,13.3689396,13.5562625,13.1520394,15339543.0,207633250.55,0.7778,-0.2941,1972170609.0,26365829752.616215,2026-07-14
2021-05-25,sh.600399,抚顺特钢,13.506967,14.0590766,14.295695,13.112603,34167586.0,475912709.85,1.7325,5.1622,1972155036.0,27726678718.199757,2026-07-14
2021-05-26,sh.600399,抚顺特钢,14.2266813,14.7196363,15.0449866,14.098513,54685154.0,815631706.29,2.7729,4.6985,1972128602.0,29029015758.267452,2026-07-14
2021-05-27,sh.600399,抚顺特钢,14.8379455,14.78865,15.183014,14.6111862,27287838.0,411597979.36,1.3837,0.4689,1972092072.0,29164579420.5828,2026-07-14
2021-05-28,sh.600399,抚顺特钢,14.9365365,14.4731588,15.1238594,14.3055541,28379967.0,421483749.61,1.4391,-2.1333,1972063581.0,28541989371.509663,2026-07-14
2021-05-31,sh.600399,抚顺特钢,14.5323134,14.9266774,15.1337185,14.2759768,44532554.0,666635741.31,2.2581,3.1335,1972124972.0,29437273249.528034,2026-07-14
2021-06-01,sh.600399,抚顺特钢,14.9168183,14.9365365,15.3309005,14.7689318,40498570.0,617624635.77,2.0536,0.0661,1972076841.0,29455997716.4012,2026-07-14
2021-06-02,sh.600399,抚顺特钢,14.8675228,14.7787909,14.9956911,14.3252723,32186633.0,478618852.07,1.6321,-1.0561,1972099320.0,29145243484.31219,2026-07-14
2021-06-03,sh.600399,抚顺特钢,14.6703408,14.3252723,14.887241,14.2266813,19213325.0,283968966.0,0.9743,-3.0687,1972013240.0,28249626642.205254,2026-07-14
2021-06-04,sh.600399,抚顺特钢,14.0097811,14.0689357,14.3154132,13.9210492,26775153.0,382169895.9,1.3577,-1.7894,1972096413.0,27745297628.697647,2026-07-14
2021-06-07,sh.600399,抚顺特钢,13.999922,14.3252723,14.6407635,13.8520355,25314603.0,368162754.11,1.2836,1.822,1972156669.0,28251681301.68597,2026-07-14
2021-06-08,sh.600399,抚顺特钢,14.2266813,14.1478085,14.4238633,13.8914719,22257700.0,318630309.34,1.1286,-1.2388,1972151338.0,27901619463.042774,2026-07-14
2021-06-09,sh.600399,抚顺特钢,14.591468,14.8576637,15.2520277,14.5717498,52125768.0,787851467.98,2.6432,5.0174,1972070521.0,29300360593.701786,2026-07-14
2021-06-10,sh.600399,抚顺特钢,15.084423,15.0351275,15.2618868,14.7097772,33261218.0,506321412.36,1.6866,1.1944,1972086920.0,29650578283.2823,2026-07-14
2021-06-11,sh.600399,抚顺特钢,14.9759729,14.7492136,15.084423,14.4041451,44366759.0,662265079.4,2.2497,-1.9016,1972118905.0,29087202974.443108,2026-07-14
2021-06-15,sh.600399,抚顺特钢,14.7787909,14.7196363,14.8478046,14.2168222,31271872.0,461447066.38,1.5857,-0.2005,1972117803.0,29028856800.915047,2026-07-14
2021-06-16,sh.600399,抚顺特钢,14.591468,14.7689318,15.0351275,14.1576676,34940026.0,520658596.53,1.7717,0.3349,1972118643.0,29126085739.975548,2026-07-14
2021-06-17,sh.600399,抚顺特钢,14.6604817,14.8675228,15.084423,14.4534406,23398392.0,353805697.36,1.1865,0.6676,1972051580.0,29319521828.42602,2026-07-14
2021-06-18,sh.600399,抚顺特钢,14.8675228,15.7351236,15.873151,14.78865,50581357.0,800507001.06,2.5648,5.8355,1972136502.0,31031811615.041645,2026-07-14
2021-06-21,sh.600399,抚顺特钢,15.8337146,17.3125796,17.3125796,15.675969,68921853.0,1173671439.05,3.4948,10.0251,1972125815.0,34142585153.402374,2026-07-14
2021-06-22,sh.600399,抚顺特钢,17.6970845,17.1351158,17.9238438,16.7013154,41626889.0,727805549.84,2.1108,-1.0251,1972090629.0,33792001296.009842,2026-07-14
2021-06-23,sh.600399,抚顺特钢,17.4210297,17.74638,18.2294759,17.154834,40137517.0,726728299.21,2.0353,3.5673,1972068835.0,34997082932.0673,2026-07-14
2021-06-24,sh.600399,抚顺特钢,17.7069436,18.337926,18.5844035,17.3914524,48417200.0,889590437.05,2.4551,3.3333,1972107042.0,36164353000.274895,2026-07-14
2021-06-25,sh.600399,抚顺特钢,18.5055307,18.337926,18.8505992,17.844971,35964610.0,667754365.68,1.8237,0.0,1972068323.0,36163642974.118095,2026-07-14
2021-06-28,sh.600399,抚顺特钢,18.239335,17.4210297,18.4167988,17.154834,48911427.0,873131265.54,2.4802,-5.0,1972075921.0,34355593190.39585,2026-07-14
2021-06-29,sh.600399,抚顺特钢,17.4210297,17.4013115,17.8646892,17.1153976,28357305.0,503703698.47,1.4379,-0.1132,1972133319.0,34317706203.447865,2026-07-14
2021-06-30,sh.600399,抚顺特钢,17.4013115,17.8844074,18.140744,16.957652,31379932.0,556740707.91,1.5912,2.7762,1972092257.0,35269701354.5735,2026-07-14
2021-07-01,sh.600399,抚顺特钢,17.7956755,17.6182117,18.239335,17.2139886,31646868.0,569569031.65,1.6047,-1.4884,1972136100.0,34745511311.01237,2026-07-14
2021-07-02,sh.600399,抚顺特钢,17.3125796,16.6717381,17.5886344,16.3956833,38382492.0,655209883.57,1.9463,-5.3721,1972074809.0,32877914729.25552,2026-07-14
2021-07-05,sh.600399,抚顺特钢,16.661879,17.5294798,17.6083526,16.464697,37574477.0,656767606.75,1.9053,5.1449,1972102923.0,34569938352.24946,2026-07-14
2021-07-06,sh.600399,抚顺特钢,17.4013115,17.352016,17.5886344,16.7999064,23932989.0,415584056.57,1.2136,-1.0124,1972065672.0,34219315093.59475,2026-07-14
2021-07-07,sh.600399,抚顺特钢,18.042153,19.0872176,19.0872176,17.9238438,70623209.0,1344083479.43,3.5811,10.0,1972109380.0,37642080867.06109,2026-07-14
2021-07-08,sh.600399,抚顺特钢,19.5505953,19.7576364,19.9548184,19.225245,52905361.0,1054950612.02,2.6827,3.5124,1972093823.0,38963912701.51996,2026-07-14
2021-07-09,sh.600399,抚顺特钢,19.7576364,19.7280591,20.0731276,19.422427,26815658.0,537196936.9,1.3598,-0.1497,1972029563.0,38904315765.81117,2026-07-14
2021-07-12,sh.600399,抚顺特钢,19.8956638,19.1759495,19.9646775,18.8801765,37239181.0,732222702.6,1.8883,-2.7986,1972100884.0,37816906960.489365,2026-07-14
2021-07-13,sh.600399,抚顺特钢,19.0083448,19.1660904,19.4815816,18.8210219,22200797.0,430645369.33,1.1257,-0.0514,1972177045.0,37798923529.27487,2026-07-14
2021-07-14,sh.600399,抚顺特钢,18.9787675,18.4858125,19.126654,18.3576442,17624855.0,333157386.2,0.8937,-3.5494,1972122077.0,36456278942.53256,2026-07-14
2021-07-15,sh.600399,抚顺特钢,18.1604622,18.7125718,18.8013037,17.943562,18707350.0,350583293.5,0.9486,1.2267,1972100991.0,36903081390.93865,2026-07-14
2021-07-16,sh.600399,抚顺特钢,18.2196168,19.4027088,19.8956638,18.2196168,34967208.0,684370943.82,1.7731,3.6881,1972094524.0,38263975775.24661,2026-07-14
2021-07-19,sh.600399,抚顺特钢,19.8562274,18.9886266,20.4674916,18.9787675,43774019.0,881804659.44,2.2197,-2.1341,1972069153.0,37446884775.69527,2026-07-14
2021-07-20,sh.600399,抚顺特钢,19.0674994,19.7182,20.0632685,18.7618673,30174247.0,597645212.0,1.5301,3.8422,1972044115.0,38885160268.393,2026-07-14
2021-07-21,sh.600399,抚顺特钢,19.5703135,21.0491785,21.197065,19.5505953,32806984.0,688085065.76,1.6636,6.75,1972047608.0,41509982111.29003,2026-07-14
2021-07-22,sh.600399,抚顺特钢,21.0491785,20.9210102,21.2463605,20.5562235,28116311.0,596396837.3,1.4257,-0.6089,1972105702.0,41258443507.020164,2026-07-14
2021-07-23,sh.600399,抚顺特钢,20.7336873,21.3548106,21.69002,20.5463644,24384104.0,523258596.12,1.2365,2.0735,1972026203.0,42112246063.302155,2026-07-14
2021-07-26,sh.600399,抚顺特钢,22.182975,22.7646619,23.4942353,21.9069202,56168377.0,1311078694.04,2.8482,6.602,1972065761.0,44893410293.73121,2026-07-14
2021-07-27,sh.600399,抚顺特钢,22.2914251,22.0646658,24.5787363,22.0350885,56523991.0,1338436906.76,2.8662,-3.0749,1972088166.0,43513466310.92493,2026-07-14
2021-07-28,sh.600399,抚顺特钢,21.8181883,21.098474,22.4688889,20.3689006,52556275.0,1136757837.25,2.665,-4.3789,1972092871.0,41608150164.37885,2026-07-14
2021-07-29,sh.600399,抚顺特钢,21.985793,23.1195895,23.2083214,21.2857969,42364501.0,962084708.99,2.1482,9.5794,1972092962.0,45593979737.2791,2026-07-14
2021-07-30,sh.600399,抚顺特钢,23.1195895,23.366067,23.9773312,22.6956482,30905647.0,730404075.61,1.5671,1.0661,1972155383.0,46081514813.58866,2026-07-14
2021-08-02,sh.600399,抚顺特钢,22.67593,24.154795,24.549159,22.380157,39833661.0,952349867.36,2.0199,3.3755,1972061043.0,47634730221.151184,2026-07-14
2021-08-03,sh.600399,抚顺特钢,24.056204,23.464658,24.549159,22.380157,35761670.0,848848599.01,1.8134,-2.8571,1972078416.0,46274145580.62173,2026-07-14
2021-08-04,sh.600399,抚顺特钢,23.2378987,24.9336639,25.6632373,22.971703,35991070.0,889627728.11,1.825,6.2605,1972113425.0,49172013311.62785,2026-07-14
2021-08-05,sh.600399,抚顺特钢,24.64775,26.323797,26.8463293,24.549159,31372912.0,823462821.09,1.5908,5.5753,1972146844.0,51914393175.64667,2026-07-14
2021-08-06,sh.600399,抚顺特钢,26.4815426,25.6730964,26.6097109,25.042114,26908008.0,698126757.33,1.3644,-2.4719,1972149516.0,50631184639.48134,2026-07-14
2021-08-09,sh.600399,抚顺特钢,25.7519692,25.0716913,26.126615,24.253386,27085653.0,694364360.4,1.3734,-2.3425,1972160550.0,49445400503.638214,2026-07-14
2021-08-10,sh.600399,抚顺特钢,25.0223958,26.422388,26.7871747,24.8942275,30051190.0,791867996.94,1.5238,5.3873,1972121670.0,52108163947.94796,2026-07-14
2021-08-11,sh.600399,抚顺特钢,26.225206,26.61957,26.816752,24.943523,38654799.0,1013937996.3,1.9601,0.7463,1972083006.0,52496001624.02742,2026-07-14
2021-08-12,sh.600399,抚顺特钢,25.9392921,25.239296,26.3730925,25.042114,31473853.0,816669895.84,1.596,-5.1852,1972045927.0,49773050877.14739,2026-07-14
2021-08-13,sh.600399,抚顺特钢,24.9731003,24.2336678,25.0914095,23.6716991,39334721.0,967782289.58,1.9946,-3.9844,1972060614.0,47790261801.14003,2026-07-14
2021-08-16,sh.600399,抚顺特钢,23.7111355,23.5731081,24.8942275,23.5238126,27749230.0,678209755.35,1.4071,-2.7258,1972086561.0,46488209685.01024,2026-07-14
2021-08-17,sh.600399,抚顺特钢,23.7407128,23.5533899,24.4801453,22.9322666,31905249.0,765178819.92,1.6178,-0.0836,1972138027.0,46450535886.54772,2026-07-14
2021-08-18,sh.600399,抚顺特钢,23.0505758,24.056204,24.9928185,22.7646619,37257173.0,913742612.54,1.8892,2.1348,1972113752.0,47441570729.31741,2026-07-14
2021-08-19,sh.600399,抚顺特钢,24.056204,25.5843645,26.4618244,23.6716991,41780548.0,1072709550.25,2.1186,6.3525,1972082885.0,50454487354.05158,2026-07-14
2021-08-20,sh.600399,抚顺特钢,25.63366,27.0829477,27.1618205,24.7956365,43044018.0,1140632664.08,2.1826,5.8574,1972144140.0,53411476600.481476,2026-07-14
2021-08-23,sh.600399,抚顺特钢,27.0829477,26.5998518,28.887163,26.1561923,59655772.0,1658703907.53,3.025,-1.7838,1972091636.0,52457345253.619545,2026-07-14
2021-08-24,sh.600399,抚顺特钢,25.63366,26.9547794,27.6251982,24.5097226,63738756.0,1684118350.97,3.232,1.3343,1972114975.0,53157924102.561516,2026-07-14
2021-08-25,sh.600399,抚顺特钢,26.4125289,25.4463371,26.61957,24.9238048,49963957.0,1298180406.99,2.5335,-5.5962,1972131715.0,50183528425.49113,2026-07-14
2021-08-26,sh.600399,抚顺特钢,25.7421101,25.436478,26.5505563,25.0322549,26120033.0,683295746.65,1.3245,-0.0387,1972067422.0,50162449594.21972,2026-07-14
2021-08-27,sh.600399,抚顺特钢,25.337887,25.5547872,25.9491512,24.8153547,23444921.0,603618683.97,1.1888,0.4651,1972150151.0,50397877435.25287,2026-07-14
2021-08-30,sh.600399,抚顺特钢,25.830842,26.61957,27.6942119,25.830842,38993085.0,1063130992.87,1.9772,4.1667,1972136607.0,52497428459.59899,2026-07-14
2021-08-31,sh.600399,抚顺特钢,26.915343,26.5406972,27.309707,26.126615,22012312.0,595454516.65,1.1162,-0.2963,1972075972.0,52340271228.24768,2026-07-14
2021-09-01,sh.600399,抚顺特钢,26.61957,25.1111277,27.408298,24.253386,42103368.0,1085622855.44,2.135,-5.3863,1972054707.0,49520517578.86308,2026-07-14
2021-09-02,sh.600399,抚顺特钢,24.7364819,24.549159,25.2491551,23.7407128,44066329.0,1085946137.39,2.2345,-2.2379,1972089013.0,48413126742.29007,2026-07-14
2021-09-03,sh.600399,抚顺特钢,24.4998635,24.351977,24.5294408,22.873112,46906849.0,1125671129.73,2.3785,-0.8032,1972118941.0,48024995092.49636,2026-07-14
2021-09-06,sh.600399,抚顺特钢,23.760431,24.351977,24.7266228,22.8829711,31325321.0,760180414.87,1.5884,0.0,1972130509.0,48025276796.1663,2026-07-14
2021-09-07,sh.600399,抚顺特钢,24.351977,24.2435269,25.6533782,24.1449359,32064198.0,804141803.32,1.6259,-0.4453,1972089181.0,47810397108.77247,2026-07-14
2021-09-08,sh.600399,抚顺特钢,24.1449359,23.5139535,24.1449359,23.267476,32348776.0,773105367.06,1.6403,-3.0094,1972125587.0,46372469348.878204,2026-07-14
2021-09-09,sh.600399,抚顺特钢,23.6125445,23.760431,24.2336678,22.8829711,30072753.0,713176128.91,1.5249,1.0482,1972113122.0,46858257759.475586,2026-07-14
2021-09-10,sh.600399,抚顺特钢,23.760431,24.1153586,24.3618361,23.0801531,24075389.0,581058772.54,1.2208,1.4938,1972099361.0,47557883285.345856,2026-07-14
2021-09-13,sh.600399,抚顺特钢,23.957613,22.6266345,24.253386,22.1731159,42303918.0,978005299.97,2.1451,-6.1733,1972118689.0,44622408766.62218,2026-07-14
2021-09-14,sh.600399,抚顺特钢,22.67593,22.7252255,23.5139535,22.5477617,27659016.0,644461070.32,1.4025,0.4357,1972122353.0,44816925185.5156,2026-07-14
2021-09-15,sh.600399,抚顺特钢,22.7252255,22.3900161,22.9618439,21.7491746,36628614.0,830272902.96,1.8573,-1.4751,1972143111.0,44156316006.79409,2026-07-14
2021-09-16,sh.600399,抚顺特钢,22.380157,21.295656,22.4097343,21.0491785,40211353.0,880959029.22,2.039,-4.8877,1972111476.0,41997407586.548256,2026-07-14
2021-09-17,sh.600399,抚顺特钢,21.3646697,20.5660826,21.7787519,20.2505914,42188551.0,899510304.87,2.1393,-3.4259,1972072687.0,40557809774.04595,2026-07-14
2021-09-22,sh.600399,抚顺特钢,20.7435464,21.985793,22.5280435,20.6350963,49314399.0,1098953895.93,2.5006,6.9032,1972102655.0,43358240747.580414,2026-07-14
2021-09-23,sh.600399,抚顺特钢,22.3702979,22.3702979,22.8829711,21.4041061,37775685.0,852374720.96,1.9155,1.7489,1972105717.0,44116592379.58309,2026-07-14
2021-09-24,sh.600399,抚顺特钢,22.182975,22.6266345,23.168885,21.9562157,38593862.0,890145323.9,1.957,1.1459,1972093102.0,44621829818.925224,2026-07-14
2021-09-27,sh.600399,抚顺特钢,22.9026893,21.7590337,22.971703,21.3252333,19212818.0,429175542.47,0.9742,-3.8344,1972163621.0,42912374691.25303,2026-07-14
2021-09-28,sh.600399,抚顺特钢,22.0548067,21.7984701,22.478748,21.197065,21183987.0,472810606.08,1.0742,0.1812,1972071030.0,42988131382.531204,2026-07-14
2021-09-29,sh.600399,抚顺特钢,21.4829789,20.309746,21.6604427,20.112564,28720272.0,601098749.17,1.4563,-6.8295,1972139806.0,40053658536.34927,2026-07-14
2021-09-30,sh.600399,抚顺特钢,20.309746,21.4336834,21.6210063,20.309746,25094156.0,538295041.75,1.2725,5.534,1972035835.0,42267991740.844635,2026-07-14
2021-10-08,sh.600399,抚顺特钢,21.4534016,20.013973,21.6505836,19.9843957,39201916.0,812100416.91,1.9878,-6.6237,1972125767.0,39470071853.34229,2026-07-14
2021-10-11,sh.600399,抚顺特钢,20.3294642,19.816791,21.1181922,19.6984818,61921430.0,1276086067.38,3.1399,-0.9852,1972082869.0,39080354049.65337,2026-07-14
2021-10-12,sh.600399,抚顺特钢,19.816791,19.0674994,20.1421413,18.8407401,38372299.0,750412920.65,1.9458,-3.7811,1972057714.0,37602209278.46037,2026-07-14
2021-10-13,sh.600399,抚顺特钢,19.0970767,20.0238321,20.2012959,18.7815855,42077308.0,843203841.94,2.1336,5.0155,1972127297.0,39489545874.954834,2026-07-14
2021-10-14,sh.600399,抚顺特钢,20.0632685,20.5759417,21.591429,20.0238321,32179570.0,680957502.33,1.6317,2.7573,1972149905.0,40578841468.940544,2026-07-14
2021-10-15,sh.600399,抚顺特钢,20.5858008,20.5365053,21.295656,20.3590415,22998952.0,483346162.88,1.1662,-0.1917,1972127594.0,40500608786.45725,2026-07-14
2021-10-18,sh.600399,抚顺特钢,20.6153781,22.4097343,22.5871981,20.3984779,51248260.0,1148799902.98,2.5987,9.1215,1972072960.0,44193631053.81453,2026-07-14
2021-10-19,sh.600399,抚顺特钢,22.380157,21.2562196,22.3900161,20.5858008,52798118.0,1136128172.54,2.6773,-5.1474,1972065813.0,41918663986.78054,2026-07-14
2021-10-20,sh.600399,抚顺特钢,21.0886149,21.7097382,22.0942431,20.7632646,29224852.0,640617756.64,1.4819,2.1336,1972120386.0,42814217278.94295,2026-07-14
2021-10-21,sh.600399,抚顺特钢,22.281566,21.2463605,22.3308615,20.8519965,21694630.0,472604038.22,1.1001,-2.1344,1972059813.0,41899093714.56059,2026-07-14
2021-10-22,sh.600399,抚顺特钢,21.0886149,20.6745327,21.197065,20.3491824,25871651.0,543332149.91,1.3119,-2.6914,1972074929.0,40771727606.46068,2026-07-14
2021-10-25,sh.600399,抚顺特钢,20.901292,21.0491785,21.4435425,20.506928,23073909.0,491164346.43,1.17,1.8121,1972128974.0,41511694798.747856,2026-07-14
2021-10-26,sh.600399,抚顺特钢,21.1280513,21.1181922,21.6801609,20.7731237,16366290.0,351509474.79,0.8299,0.3279,1972079769.0,41646759595.4736,2026-07-14
2021-10-27,sh.600399,抚顺特钢,21.5322744,20.8125601,21.8477656,20.5167871,23684592.0,506464169.66,1.201,-1.4472,1972072606.0,41043879633.93862,2026-07-14
2021-10-28,sh.600399,抚顺特钢,20.802701,20.506928,20.999883,19.9942548,23402959.0,485121897.54,1.1867,-1.4685,1972104070.0,40441796171.996956,2026-07-14
2021-10-29,sh.600399,抚顺特钢,20.4477734,20.999883,21.098474,19.4520043,34910627.0,724013370.28,1.7702,2.4038,1972128968.0,41414477588.91074,2026-07-14
2021-11-01,sh.600399,抚顺特钢,20.5759417,20.1322822,20.999883,19.7477773,45124602.0,929593563.39,2.2881,-4.1315,1972142913.0,39703737663.24605,2026-07-14
2021-11-02,sh.600399,抚顺特钢,20.1224231,21.3843879,21.9167793,20.013973,46762684.0,1007181767.11,2.3712,6.2194,1972110493.0,42172375763.97224,2026-07-14
2021-11-03,sh.600399,抚顺特钢,21.5421335,20.9801648,21.6801609,19.7182,61397070.0,1266131327.28,3.1133,-1.8903,1972089744.0,41374767829.50981,2026-07-14
2021-11-04,sh.600399,抚顺特钢,20.7336873,22.0055112,22.3210024,20.4379143,42523762.0,920626719.9,2.1563,4.8872,1972070769.0,43396425394.42211,2026-07-14
2021-11-05,sh.600399,抚顺特钢,21.887202,21.492838,22.0350885,21.2365014,26390482.0,578868660.14,1.3382,-2.3297,1972088029.0,42385768529.0363,2026-07-14
2021-11-08,sh.600399,抚顺特钢,21.591429,22.9026893,23.5435308,21.2069241,39931246.0,922554287.12,2.0248,6.5596,1972108159.0,45166580431.572,2026-07-14
2021-11-09,sh.600399,抚顺特钢,22.8336756,23.859022,24.253386,22.7252255,30662282.0,736530034.18,1.5548,4.1756,1972104579.0,47052486536.661736,2026-07-14
2021-11-10,sh.600399,抚顺特钢,24.056204,23.859022,24.8350729,23.1886032,39798026.0,969752309.22,2.0181,0.0,1972054209.0,47051284757.723595,2026-07-14
2021-11-11,sh.600399,抚顺特钢,23.7900083,23.3562079,24.2040905,23.0900122,20288441.0,483467113.15,1.0288,-2.1074,1972049086.0,46059588441.62098,2026-07-14
2021-11-12,sh.600399,抚顺特钢,23.2477578,24.6083136,25.042114,23.070294,39938196.0,992566944.73,2.0252,5.3609,1972061821.0,48529115729.755066,2026-07-14
2021-11-15,sh.600399,抚顺特钢,24.64775,24.1252177,25.140705,23.7308537,25550222.0,627789139.86,1.2956,-1.9631,1972076412.0,47576772760.53489,2026-07-14
2021-11-16,sh.600399,抚顺特钢,24.0266267,23.5829672,24.7660592,23.2477578,26220651.0,635281623.11,1.3296,-2.2477,1972070623.0,46507276818.292564,2026-07-14
2021-11-17,sh.600399,抚顺特钢,23.5435308,23.6519809,23.9083175,22.7942392,20608069.0,488795758.68,1.045,0.2926,1972064019.0,46643220510.96524,2026-07-14
2021-11-18,sh.600399,抚顺特钢,23.6125445,24.549159,24.8942275,23.2083214,27394548.0,673525105.62,1.3891,3.7932,1972107696.0,48413585394.22766,2026-07-14
2021-11-19,sh.600399,抚顺特钢,24.4407089,24.7956365,26.0773195,24.4209907,33647801.0,860207415.03,1.7062,1.004,1972090083.0,48899228843.32283,2026-07-14
2021-11-22,sh.600399,抚顺特钢,24.746341,24.5885954,24.7956365,23.8984584,39388039.0,973935052.21,1.9973,-0.835,1972064237.0,48490289626.40271,2026-07-14
2021-11-23,sh.600399,抚顺特钢,24.5984545,24.0069085,24.6280318,23.168885,41410901.0,993959087.62,2.0998,-2.3657,1972135489.0,47344876234.02576,2026-07-14
2021-11-24,sh.600399,抚顺特钢,23.7505719,23.1984623,23.8787402,23.1491668,22912490.0,542840641.04,1.1618,-3.3676,1972154416.0,45750949869.354515,2026-07-14
2021-11-25,sh.600399,抚顺特钢,23.1984623,23.0505758,23.5435308,22.9026893,20953255.0,491754315.51,1.0625,-0.6375,1972071059.0,45457373428.465775,2026-07-14
2021-11-26,sh.600399,抚顺特钢,22.873112,23.0604349,23.267476,22.5379026,21728500.0,504734290.17,1.1018,0.0428,1972091124.0,45477278981.86983,2026-07-14
2021-11-29,sh.600399,抚顺特钢,22.577339,24.2238087,24.3421179,22.478748,36000009.0,864750529.66,1.8255,5.0449,1972062942.0,47770875451.367195,2026-07-14
2021-11-30,sh.600399,抚顺特钢,24.6083136,24.9928185,25.5843645,23.8491629,41206719.0,1040320751.5,2.0895,3.1746,1972085140.0,49287965970.567085,2026-07-14
2021-12-01,sh.600399,抚顺特钢,24.943523,24.154795,25.1998596,23.2576169,53595992.0,1302809895.55,2.7177,-3.3531,1972108474.0,47635875907.23283,2026-07-14
2021-12-02,sh.600399,抚顺特钢,23.957613,23.3463488,24.1449359,23.2477578,24627820.0,586240732.37,1.2488,-3.3469,1972118834.0,46041774173.613304,2026-07-14
2021-12-03,sh.600399,抚顺特钢,23.4350807,24.154795,24.2928224,23.267476,28319543.0,685338544.61,1.436,3.4628,1972113022.0,47635985763.24049,2026-07-14
2021-12-06,sh.600399,抚顺特钢,24.253386,22.9519848,24.253386,22.9519848,23436020.0,562114323.06,1.1884,-4.9796,1972064961.0,45262805009.4846,2026-07-14
2021-12-07,sh.600399,抚顺特钢,23.2576169,22.5674799,23.5435308,22.084384,23179720.0,531709102.7,1.1754,-1.6753,1972070784.0,44504667779.29724,2026-07-14
2021-12-08,sh.600399,抚顺特钢,22.3998752,23.2083214,23.3266306,22.182975,20627464.0,482482512.53,1.046,2.8397,1972032887.0,45767573052.86588,2026-07-14
2021-12-09,sh.600399,抚顺特钢,23.070294,23.3167715,23.4547989,22.8040983,25444437.0,596141153.98,1.2902,0.4673,1972131220.0,45983733024.75623,2026-07-14
2021-12-10,sh.600399,抚顺特钢,23.3167715,23.3562079,23.760431,22.577339,32142288.0,755631236.77,1.6299,0.1691,1972040493.0,46059387741.726494,2026-07-14
2021-12-13,sh.600399,抚顺特钢,23.5040944,22.8632529,23.5435308,22.4984662,38935071.0,903887721.13,1.9743,-2.1106,1972094970.0,45088506041.92791,2026-07-14
2021-12-14,sh.600399,抚顺特钢,23.0209985,23.2083214,23.8491629,22.7252255,23305084.0,553562931.46,1.1817,1.5093,1972165863.0,45770659202.612366,2026-07-14
2021-12-15,sh.600399,抚顺特钢,23.2970533,23.8885993,24.3421179,22.9815621,32866007.0,799429583.8,1.6665,2.9312,1972157636.0,47112083522.83926,2026-07-14
2021-12-16,sh.600399,抚顺特钢,23.7702901,24.0364858,25.0223958,23.760431,21048289.0,520133787.7,1.0673,0.6191,1972106156.0,47402501614.78659,2026-07-14
2021-12-17,sh.600399,抚顺特钢,23.9280357,23.7702901,24.64775,23.366067,16695828.0,406875330.5,0.8466,-1.1075,1972103473.0,46877471660.42752,2026-07-14
2021-12-20,sh.600399,抚顺特钢,23.5139535,23.5336717,24.1449359,23.3266306,19353194.0,463728113.33,0.9813,-0.9954,1972199531.0,46413096289.44797,2026-07-14
2021-12-21,sh.600399,抚顺特钢,23.5238126,23.4350807,23.9477539,22.8632529,14678701.0,348387115.62,0.7443,-0.4189,1972148462.0,46217458359.35088,2026-07-14
2021-12-22,sh.600399,抚顺特钢,23.5435308,23.5533899,24.253386,23.464658,15419663.0,372533626.85,0.7819,0.5048,1972076097.0,46449077225.11122,2026-07-14
2021-12-23,sh.600399,抚顺特钢,23.3857852,23.0604349,23.7308537,22.971703,17053025.0,401495135.81,0.8647,-2.0929,1972131953.0,45478220516.36636,2026-07-14
2021-12-24,sh.600399,抚顺特钢,23.1590259,22.7942392,23.2970533,22.3012842,18304553.0,421810483.3,0.9282,-1.1543,1972048373.0,44951342328.13282,2026-07-14
2021-12-27,sh.600399,抚顺特钢,22.67593,22.4590298,22.9322666,22.281566,13514142.0,310734372.86,0.6853,-1.4706,1972003794.0,44289291975.15906,2026-07-14
2021-12-28,sh.600399,抚顺特钢,22.4590298,23.0604349,23.1294486,22.3505797,13070768.0,302315807.76,0.6628,2.6778,1972053108.0,45476402316.37667,2026-07-14
2021-12-29,sh.600399,抚顺特钢,23.0604349,23.6519809,24.2336678,22.8435347,19427716.0,466869937.17,0.9851,2.5652,1972156735.0,46645413428.02637,2026-07-14
2021-12-30,sh.600399,抚顺特钢,23.66184,24.6576091,25.3773234,23.3956443,31321515.0,779840510.3,1.5882,4.2518,1972139214.0,48628237829.59325,2026-07-14
2021-12-31,sh.600399,抚顺特钢,24.8745093,24.4209907,24.9829594,23.9378948,20090399.0,497216702.49,1.0187,-0.9596,1972160499.0,48162113204.98636,2026-07-14
2022-01-04,sh.600399,抚顺特钢,24.3223997,24.0463449,24.5294408,23.8195856,13790954.0,336021493.36,0.6993,-1.5341,1972108394.0,47421998622.30909,2026-07-14
2022-01-05,sh.600399,抚顺特钢,24.1449359,23.070294,24.351977,22.7055073,22787019.0,536615611.59,1.1555,-4.059,1972048377.0,45495735839.61284,2026-07-14
2022-01-06,sh.600399,抚顺特钢,22.9618439,22.6857891,23.070294,22.4195934,20678439.0,475850837.04,1.0485,-1.6667,1972192561.0,44740744503.43488,2026-07-14
2022-01-07,sh.600399,抚顺特钢,22.6857891,20.901292,22.8533938,20.6252372,40055373.0,880444425.14,2.0311,-7.8661,1972102457.0,41219489307.674446,2026-07-14
2022-01-10,sh.600399,抚顺特钢,20.8914329,18.8111628,20.9505875,18.8111628,92460900.0,1842795144.05,4.6884,-10.0,1972120553.0,37097880783.70903,2026-07-14
2022-01-11,sh.600399,抚顺特钢,18.8703174,18.5252489,19.619609,18.3477851,90052390.0,1733152100.17,4.5663,-1.5199,1972108490.0,36533800635.05316,2026-07-14
2022-01-12,sh.600399,抚顺特钢,18.436517,18.4167988,19.1562313,18.1210258,61164921.0,1152676069.62,3.1015,-0.5854,1972107722.0,36319911128.00033,2026-07-14
2022-01-13,sh.600399,抚顺特钢,18.4167988,17.5984935,18.5252489,16.76047,78662580.0,1409072561.28,3.9888,-4.4433,1972086342.0,34705748671.12578,2026-07-14
2022-01-14,sh.600399,抚顺特钢,17.3027205,17.7956755,18.6041217,17.0858203,72671726.0,1321231686.89,3.685,1.1204,1972095685.0,35094774865.21022,2026-07-14
2022-01-17,sh.600399,抚顺特钢,17.8055346,18.0717303,18.6632763,17.7266618,50282966.0,927113245.71,2.5497,1.5512,1972113033.0,35639494853.491,2026-07-14
2022-01-18,sh.600399,抚顺特钢,18.1308849,17.5787753,18.3576442,17.1844113,55184041.0,984977139.61,2.7982,-2.7278,1972126403.0,34667566901.53425,2026-07-14
2022-01-19,sh.600399,抚顺特钢,17.6083526,16.8984974,17.8055346,16.5830062,57175921.0,982887812.49,2.8992,-3.8699,1972127518.0,33325991735.391453,2026-07-14
2022-01-20,sh.600399,抚顺特钢,16.7900473,16.7013154,16.8984974,16.1294876,43888830.0,736680268.56,2.2255,-1.1669,1972088519.0,32936472352.53789,2026-07-14
2022-01-21,sh.600399,抚顺特钢,16.5041334,17.647789,17.9238438,16.366106,58654351.0,1030593757.26,2.9742,5.6671,1972105138.0,34803295361.23988,2026-07-14
2022-01-24,sh.600399,抚顺特钢,17.7069436,18.436517,18.8013037,17.6675072,42587898.0,790173711.58,2.1595,4.4693,1972118453.0,36358995384.7482,2026-07-14
2022-01-25,sh.600399,抚顺特钢,18.5745444,18.5055307,19.2745405,18.436517,52232045.0,1002749338.82,2.6485,0.3743,1972136870.0,36495439392.38691,2026-07-14
2022-01-26,sh.600399,抚顺特钢,18.5055307,18.1900395,18.7914446,18.0914485,30114501.0,563032347.72,1.527,-1.7048,1972134971.0,35873213021.82136,2026-07-14
2022-01-27,sh.600399,抚顺特钢,18.2491941,17.6280708,18.5844035,17.5196207,32670301.0,592929569.26,1.6566,-3.0894,1972129724.0,34764842401.45646,2026-07-14
2022-01-28,sh.600399,抚顺特钢,18.0322939,17.549198,18.042153,17.1844113,21877828.0,390223413.84,1.1094,-0.4474,1972041464.0,34607746115.94587,2026-07-14
2022-02-07,sh.600399,抚顺特钢,17.9731393,17.3815933,18.042153,16.9379338,29605262.0,516931869.61,1.5012,-0.9551,1972106448.0,34278352223.443596,2026-07-14
2022-02-08,sh.600399,抚顺特钢,17.3815933,17.352016,17.8942665,16.6717381,31291480.0,545595873.98,1.5867,-0.1702,1972110670.0,34220095899.610718,2026-07-14
2022-02-09,sh.600399,抚顺特钢,17.2337068,17.8646892,18.2590532,17.0069475,33889948.0,609079279.68,1.7185,2.9545,1972065639.0,35230339722.7344,2026-07-14
2022-02-10,sh.600399,抚顺特钢,17.844971,17.1153976,18.042153,16.957652,30416500.0,536131881.51,1.5423,-4.1943,1972151981.0,33754165282.44265,2026-07-14
2022-02-11,sh.600399,抚顺特钢,17.1252567,16.3759651,17.1252567,16.1294876,44558529.0,746777171.31,2.2594,-4.3203,1972139904.0,32295694240.221348,2026-07-14
2022-02-14,sh.600399,抚顺特钢,16.3266696,16.2872332,16.859061,16.168924,24390344.0,406556859.78,1.2368,-0.5418,1972052393.0,32119277207.409046,2026-07-14
2022-02-15,sh.600399,抚顺特钢,16.2379377,16.5830062,16.6323017,15.873151,37896951.0,623431540.48,1.9217,1.816,1972053442.0,32702574455.41734,2026-07-14
2022-02-16,sh.600399,抚顺特钢,16.464697,15.3703369,16.464697,15.2027322,56891204.0,897197347.75,2.8848,-7.3127,1972102191.0,30311875076.898148,2026-07-14
2022-02-17,sh.600399,抚顺特钢,15.3506187,15.7548418,16.0210375,15.0548457,41033460.0,647352336.14,2.0807,2.5016,1972098813.0,31070104812.782784,2026-07-14
2022-02-18,sh.600399,抚顺特钢,15.7154054,15.7844191,16.2872332,15.5872371,29077385.0,468839974.85,1.4744,0.1877,1972150366.0,31129247905.162388,2026-07-14
2022-02-21,sh.600399,抚顺特钢,15.873151,15.5083643,16.1294876,15.4196324,25576055.0,407100763.18,1.2969,-1.7489,1972091526.0,30583913818.15092,2026-07-14
2022-02-22,sh.600399,抚顺特钢,15.675969,15.2323095,15.7548418,14.8083682,25029031.0,385240340.43,1.2692,-1.78,1972032067.0,30038602788.468735,2026-07-14
2022-02-23,sh.600399,抚顺特钢,15.2323095,16.2970923,16.4055424,15.1534367,41250868.0,668497227.11,2.0917,6.9903,1972121624.0,32139848133.153893,2026-07-14
2022-02-24,sh.600399,抚顺特钢,16.2872332,15.5576598,16.2872332,15.3506187,53854544.0,854958008.17,2.7308,-4.5372,1972116010.0,30681509969.713398,2026-07-14
2022-02-25,sh.600399,抚顺特钢,15.478787,16.2182195,16.5928653,15.4689279,48612095.0,796176236.29,2.465,4.2459,1972093103.0,31983838818.89011,2026-07-14
2022-02-28,sh.600399,抚顺特钢,16.267515,15.7252645,16.4252606,15.577378,55275352.0,893179232.0,2.8029,-3.0395,1972077206.0,31011435678.770985,2026-07-14
2022-03-01,sh.600399,抚顺特钢,15.675969,15.4097733,15.971742,15.2618868,47933900.0,755023168.0,2.4306,-2.0063,1972101539.0,30389637640.571106,2026-07-14
2022-03-02,sh.600399,抚顺特钢,15.4097733,15.1041412,15.5280825,15.0351275,30835767.0,475518240.0,1.5636,-1.9834,1972100729.0,29786887871.43894,2026-07-14
2022-03-03,sh.600399,抚顺特钢,15.1731549,14.5125952,15.183014,14.4337224,54567616.0,814057552.0,2.767,-3.9164,1972085869.0,28620083916.43723,2026-07-14
2022-03-04,sh.600399,抚顺特钢,14.295695,14.2661177,14.5421725,14.1576676,33771390.0,491022896.0,1.7125,-1.6984,1972051971.0,28133525528.802986,2026-07-14
2022-03-07,sh.600399,抚顺特钢,14.3844269,13.7238672,14.4337224,13.5365443,38524066.0,541687248.0,1.9535,-3.801,1972053545.0,27064200962.869225,2026-07-14
2022-03-08,sh.600399,抚顺特钢,13.5266852,12.7971118,13.6252762,12.718239,53251201.0,709354304.0,2.7002,-6.7529,1972120621.0,25237448070.022427,2026-07-14
2022-03-09,sh.600399,抚顺特钢,12.7478163,12.4520433,12.8069709,11.8999337,58075671.0,733250592.0,2.9449,-2.6965,1972076166.0,24556377809.92999,2026-07-14
2022-03-10,sh.600399,抚顺特钢,13.1618985,13.6942899,13.6942899,13.1618985,43863303.0,603225328.0,2.2242,9.9762,1972093472.0,27006419715.46553,2026-07-14
2022-03-11,sh.600399,抚顺特钢,13.4576715,13.2013349,13.5266852,12.7478163,68787928.0,914709296.0,3.4881,-3.5997,1972074424.0,26034014918.9486,2026-07-14
2022-03-14,sh.600399,抚顺特钢,13.014012,12.9745756,13.605558,12.81683,42522178.0,571221696.0,2.1562,-1.7177,1972088767.0,25587014797.352283,2026-07-14
2022-03-15,sh.600399,抚顺特钢,12.9647165,12.8661255,13.6942899,12.6393662,50804134.0,680637744.0,2.5761,-0.8359,1972133613.0,25373718567.626434,2026-07-14
2022-03-16,sh.600399,抚顺特钢,13.112603,13.3689396,13.5168261,12.5309161,50884566.0,677524464.0,2.5802,3.908,1972117123.0,26365114701.512768,2026-07-14
2022-03-17,sh.600399,抚顺特钢,13.7731627,13.999922,14.4830179,13.5562625,62997154.0,903891552.0,3.1944,4.7198,1972112259.0,27609417801.243797,2026-07-14
2022-03-18,sh.600399,抚顺特钢,13.999922,13.6844308,14.0886539,13.4872488,32160383.0,448248366.91,1.6308,-2.2535,1972061749.0,26986542537.517467,2026-07-14
2022-03-21,sh.600399,抚顺特钢,13.7140081,14.4041451,14.985832,13.605558,56207266.0,819793527.48,2.8501,5.2594,1972115575.0,28406638896.26993,2026-07-14
2022-03-22,sh.600399,抚顺特钢,14.4041451,14.690059,15.0745639,14.1675267,59638667.0,894274456.71,3.0241,1.9849,1972112926.0,28970455237.602634,2026-07-14
2022-03-23,sh.600399,抚顺特钢,14.6309044,15.2125913,15.4196324,14.6309044,43160918.0,664212955.65,2.1886,3.557,1972078863.0,30000429754.18769,2026-07-14
2022-03-24,sh.600399,抚顺特钢,14.9266774,14.7393545,15.0055502,14.3844269,46620531.0,693401738.72,2.364,-3.1108,1972103680.0,29067535250.27456,2026-07-14
2022-03-25,sh.600399,抚顺特钢,14.7393545,14.2463995,15.0055502,14.1576676,36243632.0,533653871.63,1.8378,-3.3445,1972120579.0,28095617630.605312,2026-07-14
2022-03-28,sh.600399,抚顺特钢,14.1280903,14.098513,14.3449905,13.7435854,23994690.0,342698641.94,1.2167,-1.0381,1972112271.0,27803850490.153023,2026-07-14
2022-03-29,sh.600399,抚顺特钢,14.2562586,14.2759768,14.8083682,14.197104,36071161.0,530713172.5,1.8291,1.2587,1972071565.0,28153247909.879692,2026-07-14
2022-03-30,sh.600399,抚顺特钢,14.3548496,14.6210453,14.6407635,14.098513,30299916.0,444508201.61,1.5364,2.4171,1972137204.0,28834707397.499344,2026-07-14
2022-03-31,sh.600399,抚顺特钢,14.5618907,14.5224543,14.8478046,14.197104,29844493.0,441081387.03,1.5133,-0.6743,1972146501.0,28640407433.677402,2026-07-14
2022-04-01,sh.600399,抚顺特钢,14.5027361,14.8971001,15.0548457,14.295695,29402374.0,441281207.42,1.4909,2.5798,1972122476.0,29378905934.431847,2026-07-14
2022-04-06,sh.600399,抚顺特钢,14.8971001,14.8083682,14.9365365,14.4534406,29304516.0,437452852.07,1.486,-0.5956,1972040108.0,29202696024.431767,2026-07-14
2022-04-07,sh.600399,抚顺特钢,14.6703408,14.1182312,15.1337185,14.1083721,39907569.0,587737891.49,2.0236,-4.6605,1972107581.0,27842670779.830727,2026-07-14
2022-04-08,sh.600399,抚顺特钢,14.1280903,13.9506265,14.1478085,13.5562625,34090528.0,476820527.9,1.7286,-1.1872,1972146708.0,27512682126.51256,2026-07-14
2022-04-11,sh.600399,抚顺特钢,13.80274,12.8759846,13.80274,12.8069709,31472803.0,417297542.45,1.5959,-7.7032,1972103703.0,25392776909.430977,2026-07-14
2022-04-12,sh.600399,抚顺特钢,12.8661255,12.5013388,12.9055619,12.2154249,47089284.0,597613010.77,2.3878,-2.9096,1972078231.0,24653618105.835663,2026-07-14
2022-04-13,sh.600399,抚顺特钢,12.3534523,11.8407791,12.4323251,11.7717654,44717055.0,544297640.36,2.2675,-5.2839,1972086218.0,23351037273.492447,2026-07-14
2022-04-14,sh.600399,抚顺特钢,11.8407791,11.732329,11.9492292,11.4562742,49694277.0,589920244.75,2.5199,-0.9159,1972073376.0,23137013659.372704,2026-07-14
2022-04-15,sh.600399,抚顺特钢,11.6731744,12.4323251,12.7971118,11.6435971,62606586.0,774401064.46,3.1746,5.9664,1972109431.0,24517905578.968018,2026-07-14
2022-04-18,sh.600399,抚顺特钢,12.2351431,12.6590844,12.8365482,11.9886656,32462805.0,411026947.66,1.6461,1.8239,1972104064.0,24965031791.759,2026-07-14
2022-04-19,sh.600399,抚顺特钢,12.5111979,12.5900707,12.9449983,12.422466,21493129.0,275192831.72,1.0899,-0.5452,1972027617.0,24827967120.382523,2026-07-14
2022-04-20,sh.600399,抚顺特钢,12.422466,12.1069748,12.6097889,12.0083838,21305100.0,263636666.0,1.0803,-3.8371,1972146626.0,23876729502.887024,2026-07-14
2022-04-21,sh.600399,抚顺特钢,12.0478202,11.6928926,12.126693,11.5154288,23699044.0,283155367.11,1.2017,-3.4202,1972126487.0,23059863206.106297,2026-07-14
2022-04-22,sh.600399,抚顺特钢,11.633738,11.7421881,12.0675384,11.2886695,29396057.0,349410115.49,1.4906,0.4216,1972095599.0,23156717474.64017,2026-07-14
2022-04-25,sh.600399,抚顺特钢,11.436556,10.6281098,11.6041607,10.5689552,35436871.0,396842620.38,1.7969,-9.4878,1972111470.0,20959817240.99941,2026-07-14
2022-04-26,sh.600399,抚顺特钢,10.5590961,10.5098006,11.1112057,10.2140276,34805092.0,375462720.72,1.7649,-1.1132,1972071619.0,20726079484.609173,2026-07-14
2022-04-27,sh.600399,抚顺特钢,10.3323368,11.3478241,11.4562742,10.154873,33096308.0,366266482.95,1.6782,7.9737,1972131331.0,22379399446.286877,2026-07-14
2022-04-28,sh.600399,抚顺特钢,11.2886695,11.1506421,11.5055697,10.9337419,24406875.0,277470306.93,1.2376,-1.7376,1972113365.0,21990330313.74167,2026-07-14
2022-04-29,sh.600399,抚顺特钢,11.239374,11.8900746,12.028102,10.9731783,30599092.0,360371099.87,1.5516,6.6313,1972099252.0,23448407224.8842,2026-07-14
2022-05-05,sh.600399,抚顺特钢,11.83092,13.0830257,13.0830257,11.732329,33439701.0,439220882.09,1.6956,10.0332,1972145612.0,25801631725.93823,2026-07-14
2022-05-06,sh.600399,抚顺特钢,12.81683,13.9604856,14.1478085,12.6689435,68846621.0,958440764.51,3.491,6.7069,1972117474.0,27531717597.285374,2026-07-14
2022-05-09,sh.600399,抚顺特钢,14.1872449,14.4830179,14.7689318,13.8323173,53427272.0,779802052.73,2.7092,3.7429,1972068212.0,28561499214.416996,2026-07-14
2022-05-10,sh.600399,抚顺特钢,14.4830179,14.9956911,15.380196,14.3745678,60978518.0,925391927.21,3.0921,3.5398,1972074577.0,29572621182.855164,2026-07-14
2022-05-11,sh.600399,抚顺特钢,14.9168183,14.9266774,15.5576598,14.6999181,40546861.0,622210781.61,2.056,-0.4602,1972123589.0,29437252605.93319,2026-07-14
2022-05-12,sh.600399,抚顺特钢,14.9365365,15.084423,15.3013232,14.7985091,24421714.0,372649432.57,1.2384,1.0568,1972037629.0,29747049767.753067,2026-07-14
2022-05-13,sh.600399,抚顺特钢,15.1041412,14.9759729,15.3309005,14.8478046,19638247.0,298585001.79,0.9958,-0.719,1972107552.0,29534229254.63734,2026-07-14
2022-05-16,sh.600399,抚顺特钢,15.084423,15.0055502,15.2323095,14.6506226,24736574.0,374983413.75,1.2543,0.1975,1972141752.0,29593072061.15195,2026-07-14
2022-05-17,sh.600399,抚顺特钢,14.9759729,15.7548418,16.0111784,14.887241,34208000.0,537776309.04,1.7346,4.9934,1972097314.0,31070081196.274925,2026-07-14
2022-05-18,sh.600399,抚顺特钢,15.77456,15.7252645,15.9816011,15.1337185,23828680.0,375828503.02,1.2083,-0.1877,1972083092.0,31011528237.677834,2026-07-14
2022-05-19,sh.600399,抚顺特钢,15.3407596,15.8041373,15.873151,15.0647048,23572604.0,370329407.44,1.1953,0.5016,1972107755.0,31167461730.414764,2026-07-14
2022-05-20,sh.600399,抚顺特钢,15.8632919,15.6858281,16.0407557,15.4097733,26596407.0,422943354.12,1.3486,-0.7486,1972149414.0,30934796695.519733,2026-07-14
2022-05-23,sh.600399,抚顺特钢,14.7492136,15.281605,15.7449827,14.7492136,34708021.0,535470473.77,1.76,-2.577,1972046648.0,30136037916.310043,2026-07-14
2022-05-24,sh.600399,抚顺特钢,15.2027322,15.1041412,15.8337146,15.0647048,25281032.0,395503125.65,1.2819,-1.1613,1972153210.0,29787680551.873253,2026-07-14
2022-05-25,sh.600399,抚顺特钢,14.9365365,15.1435776,15.3210414,14.690059,16234970.0,247147445.19,0.8232,0.2611,1972178086.0,29865831886.360474,2026-07-14
2022-05-26,sh.600399,抚顺特钢,15.1731549,15.5970962,15.8337146,14.887241,28054493.0,442109498.42,1.4226,2.9948,1972057711.0,30758373830.418797,2026-07-14
2022-05-27,sh.600399,抚顺特钢,15.4886461,15.3210414,15.7647009,15.183014,19948451.0,313066682.3,1.0115,-1.7699,1972165200.0,30215624676.83928,2026-07-14
2022-05-30,sh.600399,抚顺特钢,15.5675189,15.9323056,15.9323056,15.3210414,38642691.0,615348095.05,1.9595,3.9897,1972068946.0,31419605111.941895,2026-07-14
2022-05-31,sh.600399,抚顺特钢,15.77456,16.3168105,16.4252606,15.6168144,27524401.0,450162462.96,1.3957,2.4134,1972085763.0,32178149684.618908,2026-07-14
2022-06-01,sh.600399,抚顺特钢,16.267515,15.6069553,16.4942743,15.2125913,35683396.0,567041822.63,1.8094,-4.3505,1972112081.0,30778665094.756977,2026-07-14
2022-06-02,sh.600399,抚顺特钢,15.6463917,15.9224465,16.070333,15.4393506,19833063.0,317325711.47,1.0057,2.0215,1972065526.0,31400107832.22936,2026-07-14
2022-06-06,sh.600399,抚顺特钢,15.8928692,16.4449788,16.76047,15.7548418,27848985.0,463189406.62,1.4121,3.2817,1972168048.0,32432261739.397385,2026-07-14
2022-06-07,sh.600399,抚顺特钢,16.4449788,15.9816011,16.6125835,15.4985052,37247883.0,598146588.65,1.8887,-2.8177,1972143961.0,31518018096.47596,2026-07-14
2022-06-08,sh.600399,抚顺特钢,15.9027283,15.5872371,16.070333,15.1140003,43955098.0,690309360.32,2.2288,-2.4676,1972141870.0,30740242922.527374,2026-07-14
2022-06-09,sh.600399,抚顺特钢,15.6463917,15.6266735,15.8632919,15.4393506,32773383.0,520674300.38,1.6619,0.253,1972043023.0,30816472448.373993,2026-07-14
2022-06-10,sh.600399,抚顺特钢,15.5576598,15.6858281,16.267515,15.3703369,45424616.0,734049722.8,2.3034,0.3785,1972068073.0,30933520794.576252,2026-07-14
2022-06-13,sh.600399,抚顺特钢,15.675969,15.4590688,15.8139964,15.0647048,36821741.0,578814888.04,1.8671,-1.4456,1972135451.0,30487377619.928032,2026-07-14
2022-06-14,sh.600399,抚顺特钢,15.2027322,15.4196324,15.478787,14.887241,21706765.0,334069459.96,1.1007,-0.2551,1972087308.0,30408861350.06558,2026-07-14
2022-06-15,sh.600399,抚顺特钢,15.4294915,15.4097733,16.0111784,15.380196,16292269.0,259479135.22,0.8261,-0.0639,1972190897.0,30391014627.09365,2026-07-14
2022-06-16,sh.600399,抚顺特钢,15.4097733,15.3900551,15.8632919,15.380196,12070452.0,191031631.72,0.6121,-0.128,1971973860.0,30348786361.159687,2026-07-14
2022-06-17,sh.600399,抚顺特钢,15.3703369,15.4886461,15.6069553,14.9661138,23815782.0,369251176.96,1.2076,0.6406,1972158165.0,30546059870.910408,2026-07-14
2022-06-20,sh.600399,抚顺特钢,15.4689279,16.859061,17.0365248,15.3604778,65382570.0,1111291329.99,3.3154,8.8479,1972086928.0,33247533816.45461,2026-07-14
2022-06-21,sh.600399,抚顺特钢,16.8097655,16.1590649,17.1055385,15.971742,45132778.0,756961744.55,2.2886,-4.152,1972069300.0,31866795805.99757,2026-07-14
2022-06-22,sh.600399,抚顺特钢,16.1590649,15.281605,16.1886422,14.9759729,42579737.0,662935000.56,2.1591,-5.4301,1972105831.0,30136942327.538757,2026-07-14
2022-06-23,sh.600399,抚顺特钢,15.380196,16.8097655,16.8097655,15.3210414,46198006.0,763774320.28,2.3426,10.0,1972082558.0,33150245346.62015,2026-07-14
2022-06-24,sh.600399,抚顺特钢,17.2632841,18.4956716,18.4956716,16.9872293,60424535.0,1108387444.96,3.064,10.0293,1972080124.0,36474946342.39128,2026-07-14
2022-06-27,sh.600399,抚顺特钢,18.535108,17.9928575,18.633699,17.8351119,40550305.0,743541947.65,2.0562,-2.7186,1972099261.0,35483700979.028305,2026-07-14
2022-06-28,sh.600399,抚顺特钢,17.943562,18.0815894,18.5153898,17.74638,29958217.0,549479745.27,1.5191,0.4932,1972103022.0,35658757098.30316,2026-07-14
2022-06-29,sh.600399,抚顺特钢,17.7956755,17.4801843,18.042153,17.2731432,26495318.0,470428980.33,1.3435,-3.3261,1972111500.0,34472872480.14945,2026-07-14
2022-06-30,sh.600399,抚顺特钢,17.3815933,17.647789,17.8252528,17.0759612,28904800.0,515211026.88,1.4657,0.9588,1972081599.0,34802879949.93461,2026-07-14
2022-07-01,sh.600399,抚顺特钢,17.6576481,17.352016,18.140744,17.2928614,28499277.0,508657982.61,1.4451,-1.676,1972131825.0,34220462981.509197,2026-07-14
2022-07-04,sh.600399,抚顺特钢,17.5393389,18.3675033,18.8998947,17.1449749,45210954.0,832171250.54,2.2925,5.8523,1972124493.0,36223003133.188324,2026-07-14
2022-07-05,sh.600399,抚顺特钢,18.3675033,18.1703213,18.3675033,17.7562391,26744909.0,487467381.47,1.3562,-1.0735,1972047559.0,35832737765.910706,2026-07-14
2022-07-06,sh.600399,抚顺特钢,18.0717303,18.3182078,19.5801726,17.9632802,44526363.0,845319040.22,2.2578,0.8139,1972112809.0,36125572240.30371,2026-07-14
2022-07-07,sh.600399,抚顺特钢,18.3182078,18.9984857,19.5012998,18.3182078,36701248.0,710341986.48,1.861,3.7137,1972125094.0,37467390396.97015,2026-07-14
2022-07-08,sh.600399,抚顺特钢,18.73229,18.4167988,18.9196129,18.1801804,24295640.0,457098049.48,1.232,-3.0618,1972048701.0,36318824150.118355,2026-07-14
2022-07-11,sh.600399,抚顺特钢,17.7956755,18.9097538,19.0379221,17.74638,33755944.0,632302865.64,1.7117,2.6767,1972071274.0,37291382267.39234,2026-07-14
2022-07-12,sh.600399,抚顺特钢,18.8013037,18.042153,19.3731315,17.9337029,33568066.0,627304310.5,1.7021,-4.5881,1972155925.0,35581938938.70652,2026-07-14
2022-07-13,sh.600399,抚顺特钢,17.7562391,18.1111667,18.3970806,17.7562391,14485845.0,265514443.33,0.7345,0.3825,1972204901.0,35718931728.56799,2026-07-14
2022-07-14,sh.600399,抚顺特钢,18.042153,18.7520082,19.0872176,17.943562,25143022.0,477316869.71,1.2749,3.5384,1972156404.0,36981893059.49051,2026-07-14
2022-07-15,sh.600399,抚顺特钢,19.1167949,19.521018,20.211155,19.1167949,38615711.0,773103347.22,1.9581,4.1009,1972101067.0,38497420426.72621,2026-07-14
2022-07-18,sh.600399,抚顺特钢,19.6097499,19.4322861,19.9055229,18.9787675,24198808.0,478993988.92,1.2271,-0.4545,1972032271.0,38321095288.50473,2026-07-14
2022-07-19,sh.600399,抚顺特钢,19.4421452,18.6632763,19.4421452,18.5055307,27445528.0,525095622.33,1.3917,-3.9574,1972086513.0,36805595479.62254,2026-07-14
2022-07-20,sh.600399,抚顺特钢,18.633699,19.225245,19.2745405,18.3872215,26129356.0,500658027.87,1.325,3.0111,1972026868.0,37912699683.88266,2026-07-14
2022-07-21,sh.600399,抚顺特钢,19.0872176,18.9491902,19.6491863,18.8998947,18802858.0,365718149.1,0.9534,-1.4359,1972189847.0,37371400521.3119,2026-07-14
2022-07-22,sh.600399,抚顺特钢,18.929472,19.0674994,19.422427,18.6139808,14356555.0,276212043.25,0.728,0.6243,1972054258.0,37602143381.18244,2026-07-14
2022-07-25,sh.600399,抚顺特钢,19.1167949,18.1998986,19.1167949,17.8745483,24455703.0,454588670.11,1.2401,-4.5502,1972075075.0,35891566396.587395,2026-07-14
2022-07-26,sh.600399,抚顺特钢,18.1998986,17.9632802,18.4660943,17.8548301,15367899.0,281168508.96,0.7793,-1.3001,1972013217.0,35423825975.0744,2026-07-14
2022-07-27,sh.600399,抚顺特钢,17.9731393,18.4562352,18.4660943,17.4999025,22142288.0,404091003.94,1.1228,2.7442,1972059850.0,36396800420.07671,2026-07-14
2022-07-28,sh.600399,抚顺特钢,18.4266579,17.9337029,18.4562352,17.7365209,24897125.0,453181358.7,1.2625,-2.8312,1972049505.0,35366149926.76206,2026-07-14
2022-07-29,sh.600399,抚顺特钢,17.9829984,17.9337029,18.5055307,17.549198,23964580.0,436557912.2,1.2152,0.0,1972068795.0,35366495867.89101,2026-07-14
2022-08-01,sh.600399,抚顺特钢,18.042153,17.4999025,18.1308849,17.352016,20592297.0,369143055.49,1.0442,-2.4189,1972064451.0,34510935616.21603,2026-07-14
2022-08-02,sh.600399,抚顺特钢,17.9337029,17.2435659,17.9337029,17.1153976,18527532.0,327027993.1,0.9395,-1.4648,1972063012.0,34005398506.374493,2026-07-14
2022-08-03,sh.600399,抚顺特钢,17.253425,18.1900395,18.7421491,17.253425,46287326.0,854289928.97,2.3471,5.4889,1972107111.0,35872706247.320885,2026-07-14
2022-08-04,sh.600399,抚顺特钢,18.2689123,17.8646892,18.6829945,17.6773663,24196325.0,443938090.0,1.2269,-1.7886,1972151357.0,35231871048.163246,2026-07-14
2022-08-05,sh.600399,抚顺特钢,17.6773663,18.1308849,18.239335,17.1646931,27075455.0,484811564.0,1.3729,1.4901,1972135990.0,35756570641.837555,2026-07-14
2022-08-08,sh.600399,抚顺特钢,18.0717303,18.2787714,18.73229,17.6970845,24705151.0,460547668.0,1.2527,0.8157,1972152231.0,36048519796.44899,2026-07-14
2022-08-09,sh.600399,抚顺特钢,18.3182078,18.3182078,18.535108,17.4210297,33829386.0,617899752.0,1.7154,0.2157,1972098986.0,36125319027.71729,2026-07-14
2022-08-10,sh.600399,抚顺特钢,18.3280669,18.1801804,18.3773624,17.8252528,24015256.0,441110886.0,1.2178,-0.7535,1972019708.0,35851674043.79533,2026-07-14
2022-08-11,sh.600399,抚顺特钢,18.1703213,17.4013115,18.1900395,17.253425,45203487.0,802336003.0,2.2921,-4.2842,1972142882.0,34317872612.18974,2026-07-14
2022-08-12,sh.600399,抚顺特钢,17.2041295,16.4252606,17.4111706,16.2379377,55953023.0,946194237.0,2.8372,-5.6091,1972121211.0,32392604825.46259,2026-07-14
2022-08-15,sh.600399,抚顺特钢,16.168924,16.9872293,17.1252567,16.070333,29622428.0,506203991.12,1.5021,3.4214,1972067639.0,33499965178.80262,2026-07-14
2022-08-16,sh.600399,抚顺特钢,16.9773702,17.2632841,17.9238438,16.9773702,31275332.0,551463290.7,1.5859,1.6251,1972087269.0,34044702794.740124,2026-07-14
2022-08-17,sh.600399,抚顺特钢,17.2731432,17.2337068,17.3027205,16.7999064,16015400.0,277433813.71,0.8121,-0.1713,1972097032.0,33986542030.638218,2026-07-14
2022-08-18,sh.600399,抚顺特钢,17.3027205,17.5393389,17.6970845,17.0661021,19841316.0,350866334.45,1.0061,1.7735,1972101779.0,34589361447.173904,2026-07-14
2022-08-19,sh.600399,抚顺特钢,17.549198,17.1351158,17.5984935,17.1351158,16928900.0,296960804.0,0.8584,-2.3047,1972145853.0,33792947565.64478,2026-07-14
2022-08-22,sh.600399,抚顺特钢,17.4013115,18.5844035,18.6139808,17.1449749,56722340.0,1045532492.48,2.8762,8.458,1972127808.0,36650818937.44253,2026-07-14
2022-08-23,sh.600399,抚顺特钢,18.5646853,18.5055307,18.9393311,18.1801804,22530450.0,422611722.58,1.1425,-0.4244,1972030635.0,36493473457.333,2026-07-14
2022-08-24,sh.600399,抚顺特钢,18.4956716,17.4703252,18.5646853,17.4013115,23133996.0,416558274.48,1.1731,-5.594,1972039553.0,34452172298.17264,2026-07-14
2022-08-25,sh.600399,抚顺特钢,17.3717342,17.5984935,17.6872254,16.957652,14395361.0,253811871.19,0.73,0.7336,1971967260.0,34703653007.32281,2026-07-14
2022-08-26,sh.600399,抚顺特钢,17.6182117,16.9477929,17.8252528,16.6520199,24555210.0,423310139.64,1.2451,-3.6975,1972147619.0,33423549415.040104,2026-07-14
2022-08-29,sh.600399,抚顺特钢,16.6421608,17.3717342,17.6182117,16.5337107,21565583.0,379567868.97,1.0935,2.5015,1972161225.0,34259860600.24639,2026-07-14
2022-08-30,sh.600399,抚顺特钢,17.3717342,17.0858203,17.4111706,16.9280747,11792486.0,204070530.7,0.598,-1.6459,1971987625.0,33693026194.57379,2026-07-14
2022-08-31,sh.600399,抚顺特钢,17.1055385,16.661879,17.4407479,16.5830062,20495540.0,351439548.23,1.0393,-2.4812,1972052343.0,32858097520.732494,2026-07-14
2022-09-01,sh.600399,抚顺特钢,16.661879,16.1097694,16.957652,15.7351236,30675923.0,501645165.15,1.5555,-3.3136,1972094053.0,31769980428.94138,2026-07-14
2022-09-02,sh.600399,抚顺特钢,16.1097694,16.1886422,16.7111745,15.971742,14541173.0,239983671.07,0.7373,0.4896,1972219314.0,31927552814.27545,2026-07-14
2022-09-05,sh.600399,抚顺特钢,16.1787831,16.3858242,17.056243,15.9323056,16850838.0,283912800.16,0.8545,1.218,1972011469.0,32313033251.417747,2026-07-14
2022-09-06,sh.600399,抚顺特钢,16.3956833,17.2041295,17.253425,16.3858242,21291652.0,366918645.36,1.0796,4.994,1972179696.0,33929634887.254635,2026-07-14
2022-09-07,sh.600399,抚顺特钢,17.0661021,17.0956794,17.3815933,17.0266657,10852277.0,188827701.01,0.5503,-0.6304,1972065601.0,33713801270.46432,2026-07-14
2022-09-08,sh.600399,抚顺特钢,17.1745522,17.4013115,17.5984935,16.957652,14805632.0,260108392.36,0.7508,1.7878,1971980820.0,34315052520.84543,2026-07-14
2022-09-09,sh.600399,抚顺特钢,17.4013115,16.661879,17.4999025,16.5337107,23228340.0,396213938.88,1.1778,-4.2493,1972180336.0,32860230124.611343,2026-07-14
2022-09-13,sh.600399,抚顺特钢,16.7111745,16.5928653,16.8787792,16.3858242,18124296.0,305196761.78,0.919,-0.4142,1972175843.0,32724048110.812946,2026-07-14
2022-09-14,sh.600399,抚顺特钢,16.3858242,17.4210297,17.8153937,16.3858242,34491989.0,607841077.92,1.749,4.9911,1972097713.0,34355972829.47507,2026-07-14
2022-09-15,sh.600399,抚顺特钢,17.4210297,16.5337107,17.4210297,16.2182195,31809087.0,535623134.33,1.613,-5.0934,1972045071.0,32605222691.27496,2026-07-14
2022-09-16,sh.600399,抚顺特钢,16.5337107,16.5534289,17.1844113,16.3759651,25737291.0,439233657.64,1.3051,0.1193,1972055092.0,32644273752.30496,2026-07-14
2022-09-19,sh.600399,抚顺特钢,16.5731471,16.0900512,16.7308927,15.675969,20624117.0,334947329.67,1.0458,-2.7993,1972089979.0,31731028733.11693,2026-07-14
2022-09-20,sh.600399,抚顺特钢,16.2083604,15.8830101,16.5534289,15.77456,16383952.0,267850326.03,0.8308,-1.2868,1972069331.0,31322397102.173244,2026-07-14
2022-09-21,sh.600399,抚顺特钢,15.8830101,15.6858281,15.8928692,15.4689279,12407949.0,196843817.08,0.6292,-1.2415,1972019866.0,30932764627.861034,2026-07-14
2022-09-22,sh.600399,抚顺特钢,15.6858281,16.0111784,16.6125835,15.5280825,20870300.0,343432165.0,1.0583,2.0742,1972058962.0,31574987855.900818,2026-07-14
2022-09-23,sh.600399,抚顺特钢,16.0801921,15.8435737,16.464697,15.6266735,14056105.0,226606189.94,0.7127,-1.0468,1972233057.0,31247219792.1558,2026-07-14
2022-09-26,sh.600399,抚顺特钢,15.7154054,15.7055463,16.0111784,15.2125913,10522959.0,167700061.98,0.5336,-0.8712,1972068778.0,30972417499.66342,2026-07-14
2022-09-27,sh.600399,抚顺特钢,15.77456,15.8632919,16.0506148,15.6069553,10879375.0,174662626.49,0.5517,1.0044,1971972993.0,31281983206.875656,2026-07-14
2022-09-28,sh.600399,抚顺特钢,15.8632919,14.7590727,15.8632919,14.6506226,23716216.0,360570485.06,1.2026,-6.9608,1972078497.0,29106049907.329735,2026-07-14
2022-09-29,sh.600399,抚顺特钢,14.8576637,14.9661138,15.1731549,14.6506226,15514997.0,235615299.19,0.7867,1.4028,1972161815.0,29515598155.304546,2026-07-14
2022-09-30,sh.600399,抚顺特钢,15.0548457,14.6111862,15.1238594,14.4731588,13686308.0,203860036.81,0.694,-2.3715,1972090490.0,28814581352.63924,2026-07-14
2022-10-10,sh.600399,抚顺特钢,14.591468,14.2266813,14.7689318,14.1083721,12750276.0,185639615.4,0.6465,-2.6316,1972200464.0,28057867461.040123,2026-07-14
2022-10-11,sh.600399,抚顺特钢,14.2463995,14.2562586,14.5421725,14.1280903,10890698.0,158138489.33,0.5522,0.2079,1972237957.0,28116734335.72768,2026-07-14
2022-10-12,sh.600399,抚顺特钢,14.2168222,14.295695,14.3055541,13.6449944,23962468.0,339370494.59,1.2151,0.2766,1972057279.0,28191929383.113907,2026-07-14
2022-10-13,sh.600399,抚顺特钢,14.2365404,14.0393584,14.6013271,13.9407674,16909248.0,242776893.12,0.8574,-1.7931,1972153954.0,27687776180.183113,2026-07-14
2022-10-14,sh.600399,抚顺特钢,14.0492175,14.3647087,14.4238633,13.8914719,15540466.0,223738846.92,0.788,2.3174,1972140355.0,28329221715.08959,2026-07-14
2022-10-17,sh.600399,抚顺特钢,14.295695,14.9463956,15.0942821,14.2759768,26965200.0,405698112.91,1.3673,4.0494,1972149492.0,29476526489.771038,2026-07-14
2022-10-18,sh.600399,抚顺特钢,14.9562547,15.3111823,15.478787,14.7985091,21144960.0,327714092.04,1.0722,2.4406,1972109681.0,30195330841.38585,2026-07-14
2022-10-19,sh.600399,抚顺特钢,15.2421686,14.7097772,15.380196,14.6309044,15375954.0,232099412.43,0.7797,-3.9279,1972034629.0,29008190023.27466,2026-07-14
2022-10-20,sh.600399,抚顺特钢,14.6309044,14.5816089,14.8675228,14.3449905,10606643.0,156883672.56,0.5378,-0.8713,1972228152.0,28758259574.033756,2026-07-14
2022-10-21,sh.600399,抚顺特钢,14.5816089,15.0449866,15.183014,14.4731588,14429835.0,218386718.94,0.7317,3.1778,1972097171.0,29670175511.592907,2026-07-14
2022-10-24,sh.600399,抚顺特钢,14.9463956,16.0506148,16.4154015,14.9365365,35501183.0,575132286.21,1.8002,6.6841,1972068826.0,31652917085.21423,2026-07-14
2022-10-25,sh.600399,抚顺特钢,16.0407557,16.366106,17.1153976,15.9027283,42306095.0,714336482.37,2.1452,1.9656,1972128240.0,32276059821.433437,2026-07-14
2022-10-26,sh.600399,抚顺特钢,16.3858242,16.5928653,16.8097655,15.9027283,38890739.0,648768827.94,1.972,1.3855,1972147008.0,32723569655.542023,2026-07-14
2022-10-27,sh.600399,抚顺特钢,16.7210336,17.2139886,17.4308888,16.5928653,40428083.0,703108078.08,2.05,3.7433,1972101610.0,33947734632.581646,2026-07-14
2022-10-28,sh.600399,抚顺特钢,17.1745522,16.76047,17.2928614,16.5534289,23465137.0,401452473.63,1.1899,-2.6346,1972025969.0,33052082092.64543,2026-07-14
2022-10-31,sh.600399,抚顺特钢,16.957652,17.9238438,18.3675033,16.464697,48255651.0,865852514.12,2.4469,6.9412,1972113736.0,35347858559.89844,2026-07-14
2022-11-01,sh.600399,抚顺特钢,18.1210258,17.6576481,18.337926,17.3224387,28197774.0,506515071.43,1.4298,-1.4851,1972148133.0,34823497733.586,2026-07-14
2022-11-02,sh.600399,抚顺特钢,17.6576481,17.253425,18.0914485,16.8294837,39479929.0,693165908.2,2.0019,-2.2892,1972122933.0,34025875115.295525,2026-07-14
2022-11-03,sh.600399,抚顺特钢,17.2435659,17.549198,17.7956755,16.9182156,23962803.0,425231645.4,1.2151,1.7143,1972084849.0,34608507487.9011,2026-07-14
2022-11-04,sh.600399,抚顺特钢,17.5590571,17.8055346,17.9139847,17.253425,24219610.0,433797330.33,1.2281,1.4607,1972120349.0,35114657109.48358,2026-07-14
2022-11-07,sh.600399,抚顺特钢,17.844971,17.4013115,18.337926,17.3224387,22872508.0,411633554.67,1.1598,-2.2702,1972107950.0,34317264749.576424,2026-07-14
2022-11-08,sh.600399,抚顺特钢,17.5886344,17.4604661,17.6675072,17.253425,11174220.0,197516091.99,0.5666,0.3399,1972153194.0,34434713987.84373,2026-07-14
2022-11-09,sh.600399,抚顺特钢,17.7266618,17.2337068,18.1013076,17.1055385,25450095.0,456014201.18,1.2905,-1.2987,1972111197.0,33986786146.09504,2026-07-14
2022-11-10,sh.600399,抚顺特钢,17.2337068,16.7506109,17.3027205,16.5435698,14405180.0,246274075.05,0.7304,-2.8032,1972231654.0,33036085040.817432,2026-07-14
2022-11-11,sh.600399,抚顺特钢,16.9083565,16.76047,17.2337068,16.4844152,14207424.0,241931563.48,0.7204,0.0589,1972157690.0,33054289798.5143,2026-07-14
2022-11-14,sh.600399,抚顺特钢,16.5435698,16.3168105,16.76047,16.1196285,19203120.0,318825011.83,0.9737,-2.6471,1972180343.0,32179692928.556,2026-07-14
2022-11-15,sh.600399,抚顺特钢,16.366106,16.4745561,16.8393428,16.267515,13062656.0,219531441.07,0.6624,0.9668,1972019324.0,32488142983.52208,2026-07-14
2022-11-16,sh.600399,抚顺特钢,16.3858242,16.267515,16.6717381,16.1492058,13169374.0,218866188.37,0.6678,-1.2567,1972053609.0,32080411665.211636,2026-07-14
2022-11-17,sh.600399,抚顺特钢,16.2379377,16.2182195,16.2379377,15.4886461,16646676.0,267928795.48,0.8441,-0.303,1972121313.0,31984296334.8622,2026-07-14
2022-11-18,sh.600399,抚顺特钢,16.0999103,15.8238555,16.4154015,15.7351236,13728644.0,222661398.41,0.6961,-2.4316,1972222956.0,31208171069.52686,2026-07-14
2022-11-21,sh.600399,抚顺特钢,15.9224465,16.1196285,16.2182195,15.6266735,17536574.0,284341261.47,0.8892,1.8692,1972174314.0,31790717278.92235,2026-07-14
2022-11-22,sh.600399,抚顺特钢,16.1294876,15.9125874,16.1985013,15.7252645,13267905.0,213386041.97,0.6728,-1.2844,1972042955.0,31380305877.991768,2026-07-14
2022-11-23,sh.600399,抚顺特钢,15.8632919,15.7942782,15.9027283,15.5872371,15372986.0,245046404.97,0.7795,-0.7435,1972159846.0,31148841262.59316,2026-07-14
2022-11-24,sh.600399,抚顺特钢,15.7548418,15.5970962,15.9125874,15.4985052,13319302.0,211109533.56,0.6754,-1.2484,1972061297.0,30758429761.60577,2026-07-14
2022-11-25,sh.600399,抚顺特钢,15.577378,14.9956911,15.577378,14.78865,26819911.0,408863526.88,1.36,-3.8559,1972052279.0,29572286808.935017,2026-07-14
2022-11-28,sh.600399,抚顺特钢,14.78865,15.1140003,15.2323095,14.6703408,16597500.0,252468271.26,0.8416,0.789,1972136407.0,29806870247.038925,2026-07-14
2022-11-29,sh.600399,抚顺特钢,15.1041412,14.78865,15.1140003,14.6407635,25090750.0,376540965.5,1.2723,-2.1526,1972078126.0,29164373178.0699,2026-07-14
2022-11-30,sh.600399,抚顺特钢,14.78865,14.8576637,15.0449866,14.5717498,19500164.0,292745788.87,0.9888,0.4667,1972103964.0,29300857478.54891,2026-07-14
2022-12-01,sh.600399,抚顺特钢,14.8971001,15.183014,15.6266735,14.8971001,26264707.0,406075560.23,1.3318,2.1898,1972120964.0,29942740206.105495,2026-07-14
2022-12-02,sh.600399,抚顺特钢,15.183014,14.985832,15.3111823,14.9562547,12102753.0,185110716.07,0.6137,-1.2987,1972095975.0,29553498969.2262,2026-07-14
2022-12-05,sh.600399,抚顺特钢,14.985832,14.9956911,15.1632958,14.7393545,15877053.0,240948549.25,0.8051,0.0658,1972059744.0,29572398751.769077,2026-07-14
2022-12-06,sh.600399,抚顺特钢,14.9661138,15.281605,15.478787,14.8182273,21653521.0,334026922.44,1.098,1.9066,1972087523.0,30136662551.914417,2026-07-14
2022-12-07,sh.600399,抚顺特钢,15.2520277,15.084423,15.3506187,14.9956911,11943901.0,183886204.7,0.6056,-1.2903,1972242569.0,29750141169.402687,2026-07-14
2022-12-08,sh.600399,抚顺特钢,15.1238594,14.8971001,15.1238594,14.8280864,11922749.0,180866186.58,0.6046,-1.2418,1972006120.0,29377172567.45261,2026-07-14
2022-12-09,sh.600399,抚顺特钢,14.9365365,15.0942821,15.183014,14.6999181,22394484.0,340886446.8,1.1356,1.3236,1972039803.0,29766525098.910423,2026-07-14
2022-12-12,sh.600399,抚顺特钢,15.0252684,14.9069592,15.0942821,14.492877,19392843.0,290857535.74,0.9834,-1.241,1972019829.0,29396819132.493977,2026-07-14
2022-12-13,sh.600399,抚顺特钢,14.9069592,14.690059,14.9266774,14.6407635,10144135.0,151552860.8,0.5144,-1.455,1972032465.0,28969273260.765434,2026-07-14
2022-12-14,sh.600399,抚顺特钢,14.591468,15.0351275,15.2914641,14.5618907,17791020.0,271503247.73,0.9021,2.349,1972178251.0,29651951456.512,2026-07-14
2022-12-15,sh.600399,抚顺特钢,15.0745639,14.9562547,15.0745639,14.8576637,7290425.0,110438659.3,0.3697,-0.5246,1971984041.0,29493495581.531242,2026-07-14
2022-12-16,sh.600399,抚顺特钢,14.8773819,14.8675228,14.9661138,14.6801999,7786206.0,116859993.15,0.3948,-0.5933,1972189970.0,29321579344.906315,2026-07-14
2022-12-19,sh.600399,抚顺特钢,14.887241,14.9168183,15.1435776,14.690059,12560077.0,189606560.01,0.6369,0.3316,1972064217.0,29416923600.92077,2026-07-14
2022-12-20,sh.600399,抚顺特钢,14.9266774,14.5717498,14.9266774,14.3745678,14223863.0,210802381.06,0.7213,-2.3133,1971976016.0,28735141116.752796,2026-07-14
2022-12-21,sh.600399,抚顺特钢,14.4830179,14.6506226,14.8576637,14.394286,10643694.0,158321858.84,0.5397,0.5413,1972150083.0,28893226576.591675,2026-07-14
2022-12-22,sh.600399,抚顺特钢,14.6801999,14.2365404,14.8576637,14.1773858,9527100.0,139282534.0,0.4831,-2.8264,1972076175.0,28075542137.264973,2026-07-14
2022-12-23,sh.600399,抚顺特钢,14.2365404,14.1280903,14.3252723,13.9506265,11262381.0,161384429.38,0.5711,-0.7618,1972050604.0,27861309009.48154,2026-07-14
2022-12-26,sh.600399,抚顺特钢,14.2266813,14.6999181,14.7393545,14.1478085,15723392.0,231294233.82,0.7973,4.0475,1972079769.0,28989411090.96692,2026-07-14
2022-12-27,sh.600399,抚顺特钢,14.7689318,14.7689318,14.887241,14.4534406,14982084.0,223447171.36,0.7597,0.4695,1972105305.0,29125888751.9632,2026-07-14
2022-12-28,sh.600399,抚顺特钢,14.7590727,14.3745678,14.7590727,14.3055541,12182106.0,178187571.3,0.6177,-2.6702,1972171928.0,28349119092.292717,2026-07-14
2022-12-29,sh.600399,抚顺特钢,14.394286,14.4731588,14.7985091,14.2365404,11813056.0,173644031.89,0.599,0.6859,1972129549.0,28542944136.84938,2026-07-14
2022-12-30,sh.600399,抚顺特钢,14.4337224,14.1083721,14.5618907,14.0590766,17396527.0,250139442.96,0.8821,-2.5204,1972171749.0,27824132879.999805,2026-07-14
2023-01-03,sh.600399,抚顺特钢,14.098513,14.7985091,14.8773819,14.0492175,25381799.0,374995315.42,1.287,4.8917,1972167754.0,29185142454.295563,2026-07-14
2023-01-04,sh.600399,抚顺特钢,14.7787909,14.098513,14.887241,13.9407674,28906037.0,418828709.54,1.4657,-4.7302,1972165996.0,27804607932.76395,2026-07-14
2023-01-05,sh.600399,抚顺特钢,14.1083721,14.3548496,14.5421725,14.1083721,19908497.0,290318151.05,1.0095,1.8182,1972114611.0,28309408634.867504,2026-07-14
2023-01-06,sh.600399,抚顺特钢,14.5520316,14.985832,15.5478007,14.492877,38806637.0,597957620.08,1.9678,4.3956,1972082376.0,29553295176.89683,2026-07-14
2023-01-09,sh.600399,抚顺特钢,14.985832,15.1337185,15.2717459,14.9463956,14770794.0,226097462.84,0.749,0.9868,1972068625.0,29844731433.432064,2026-07-14
2023-01-10,sh.600399,抚顺特钢,15.0942821,15.3604778,15.4590688,14.985832,17417298.0,270790980.79,0.8832,1.4984,1972067255.0,30291895290.53444,2026-07-14
2023-01-11,sh.600399,抚顺特钢,15.4689279,14.8675228,15.4689279,14.7689318,21481594.0,326474494.12,1.0893,-3.2092,1972054898.0,29319571158.866673,2026-07-14
2023-01-12,sh.600399,抚顺特钢,15.2027322,15.0548457,15.2125913,14.9069592,14341531.0,219039436.63,0.7272,1.2599,1972157728.0,29690530291.10257,2026-07-14
2023-01-13,sh.600399,抚顺特钢,15.1041412,14.7393545,15.1041412,14.5618907,14057760.0,209771632.5,0.7128,-2.0956,1972188552.0,29068786208.769684,2026-07-14
2023-01-16,sh.600399,抚顺特钢,14.7492136,14.6407635,14.8379455,14.492877,22565130.0,335044564.1,1.1442,-0.6689,1972131620.0,28873512639.29187,2026-07-14
2023-01-17,sh.600399,抚顺特钢,14.6506226,14.5027361,14.8083682,14.3449905,19509301.0,288559023.71,0.9893,-0.9428,1972030830.0,28599842708.553963,2026-07-14
2023-01-18,sh.600399,抚顺特钢,14.5027361,14.4041451,14.6407635,14.2858359,12182700.0,177939873.0,0.6178,-0.6798,1971948851.0,28404237379.58228,2026-07-14
2023-01-19,sh.600399,抚顺特钢,14.394286,14.7196363,14.7492136,14.2266813,15000900.0,220697903.0,0.7607,2.1903,1971986328.0,29026921536.732506,2026-07-14
2023-01-20,sh.600399,抚顺特钢,14.5027361,15.0449866,15.6956872,14.492877,36919272.0,571808799.13,1.8721,2.2103,1972077987.0,29669886888.569973,2026-07-14
2023-01-30,sh.600399,抚顺特钢,15.1140003,15.4294915,15.675969,15.1140003,21056886.0,328386732.95,1.0677,2.5557,1972172520.0,30429619133.873577,2026-07-14
2023-01-31,sh.600399,抚顺特钢,15.4492097,15.5478007,15.6956872,15.1731549,16155103.0,254026747.39,0.8192,0.7668,1972058472.0,30661172091.40253,2026-07-14
2023-02-01,sh.600399,抚顺特钢,15.5675189,15.3900551,15.6069553,15.2421686,17917865.0,279432767.12,0.9086,-1.0146,1972030046.0,30349651066.795532,2026-07-14
2023-02-02,sh.600399,抚顺特钢,15.4294915,15.084423,15.4590688,15.0055502,20011350.0,308785618.8,1.0147,-1.9859,1972144476.0,29748661493.097347,2026-07-14
2023-02-03,sh.600399,抚顺特钢,15.1238594,14.9266774,15.1238594,14.7196363,22777759.0,342868604.18,1.155,-1.0458,1972100346.0,29436905665.170383,2026-07-14
2023-02-06,sh.600399,抚顺特钢,14.8576637,14.7294954,15.1140003,14.6309044,16373903.0,245492762.89,0.8303,-1.321,1972046610.0,29047251470.580593,2026-07-14
2023-02-07,sh.600399,抚顺特钢,14.7492136,14.5618907,14.8280864,14.3745678,28945400.0,426172725.94,1.4677,-1.1379,1972160523.0,28718385978.780834,2026-07-14
2023-02-08,sh.600399,抚顺特钢,14.5618907,14.4731588,14.6407635,14.4238633,14855925.0,218731511.5,0.7533,-0.6093,1972112704.0,28542700336.489395,2026-07-14
2023-02-09,sh.600399,抚顺特钢,14.5323134,15.0548457,15.1238594,14.5027361,34332818.0,518037375.46,1.7409,4.0191,1972130392.0,29690118751.840515,2026-07-14
2023-02-10,sh.600399,抚顺特钢,14.985832,14.591468,15.0351275,14.492877,33062788.0,491839492.21,1.6765,-3.0779,1972131703.0,28776296636.110004,2026-07-14
2023-02-13,sh.600399,抚顺特钢,14.6407635,14.6013271,14.8971001,14.5421725,21711719.0,323173963.2,1.1009,0.0676,1972179035.0,28796431189.797348,2026-07-14
2023-02-14,sh.600399,抚顺特钢,14.6210453,14.5421725,14.690059,14.492877,15396140.0,227403808.94,0.7807,-0.4051,1972094274.0,28678535118.770264,2026-07-14
2023-02-15,sh.600399,抚顺特钢,14.5421725,14.5125952,14.591468,14.2463995,16073992.0,234882980.99,0.8151,-0.2034,1972026991.0,28619229443.857044,2026-07-14
2023-02-16,sh.600399,抚顺特钢,14.5125952,14.591468,14.6604817,14.3647087,23111101.0,339578960.77,1.1719,0.5435,1972105214.0,28775910122.714153,2026-07-14
2023-02-17,sh.600399,抚顺特钢,14.5027361,14.3844269,14.5421725,14.3154132,16959201.0,247668325.67,0.86,-1.4189,1972000116.0,28366091515.39352,2026-07-14
2023-02-20,sh.600399,抚顺特钢,14.3844269,14.4632997,14.5027361,14.1478085,18658487.0,270772223.1,0.9461,0.5483,1972147447.0,28523759578.550865,2026-07-14
2023-02-21,sh.600399,抚顺特钢,14.4435815,14.4337224,14.5717498,14.2759768,22639157.0,331159965.47,1.148,-0.2045,1972052003.0,28464051169.66597,2026-07-14
2023-02-22,sh.600399,抚顺特钢,14.3647087,14.1379494,14.3647087,14.0787948,26872644.0,385942272.58,1.3626,-2.0492,1972159401.0,27882289820.07231,2026-07-14
2023-02-23,sh.600399,抚顺特钢,14.1478085,13.9802038,14.197104,13.9407674,18519042.0,263723890.8,0.9391,-1.1158,1971998935.0,27568947004.682953,2026-07-14
2023-02-24,sh.600399,抚顺特钢,14.0492175,14.3449905,14.4534406,13.999922,37134530.0,538689270.93,1.883,2.6093,1972093999.0,28289669680.76201,2026-07-14
2023-02-27,sh.600399,抚顺特钢,14.3548496,14.1478085,14.3647087,13.9506265,20619182.0,295140182.6,1.0455,-1.3746,1972183835.0,27902079224.3756,2026-07-14
2023-02-28,sh.600399,抚顺特钢,14.0886539,14.2266813,14.2365404,14.0196402,9693519.0,139046107.8,0.4915,0.5575,1972231740.0,28058312414.72446,2026-07-14
2023-03-01,sh.600399,抚顺特钢,14.2168222,14.2858359,14.4238633,14.1083721,15013781.0,217239089.15,0.7613,0.4158,1972124130.0,28173441695.610268,2026-07-14
2023-03-02,sh.600399,抚顺特钢,14.2365404,14.5520316,14.6407635,14.1773858,25163570.0,369333649.89,1.276,1.8634,1972066614.0,28697575684.233,2026-07-14
2023-03-03,sh.600399,抚顺特钢,14.5520316,14.7196363,15.1337185,14.4435815,28390496.0,425618028.2,1.4396,1.1518,1972110031.0,29028742399.901726,2026-07-14
2023-03-06,sh.600399,抚顺特钢,14.7294954,14.9365365,15.1731549,14.7294954,28123157.0,427001088.29,1.4261,1.4735,1972032606.0,29455336998.70912,2026-07-14
2023-03-07,sh.600399,抚顺特钢,14.9463956,14.5717498,14.9463956,14.5421725,28061739.0,417404653.83,1.4229,-2.4422,1972151170.0,28737693417.017265,2026-07-14
2023-03-08,sh.600399,抚顺特钢,14.4337224,14.6604817,14.7590727,14.4337224,12041248.0,178969026.0,0.6106,0.6089,1972035375.0,28910988526.940136,2026-07-14
2023-03-09,sh.600399,抚顺特钢,14.6703408,14.7492136,14.887241,14.591468,14426702.0,216100875.94,0.7315,0.6052,1972208066.0,29088518029.076897,2026-07-14
2023-03-10,sh.600399,抚顺特钢,14.690059,14.295695,14.690059,14.197104,24848383.0,363325376.33,1.26,-3.0749,1972093889.0,28192452748.507854,2026-07-14
2023-03-13,sh.600399,抚顺特钢,14.295695,14.4534406,14.591468,14.2069631,18820835.0,275399586.39,0.9544,1.1034,1972007020.0,28502286326.353012,2026-07-14
2023-03-14,sh.600399,抚顺特钢,14.4534406,14.3449905,14.5323134,13.9506265,20610174.0,297362586.07,1.0451,-0.7503,1972076739.0,28289422086.22598,2026-07-14
2023-03-15,sh.600399,抚顺特钢,14.3252723,14.3154132,14.6210453,14.2562586,14432252.0,211209973.18,0.7318,-0.2062,1972157967.0,28232256193.276966,2026-07-14
2023-03-16,sh.600399,抚顺特钢,14.3154132,14.0787948,14.3154132,13.999922,16960100.0,242858111.5,0.86,-1.6529,1972104651.0,27764856705.554615,2026-07-14
2023-03-17,sh.600399,抚顺特钢,14.098513,14.0787948,14.1379494,13.9506265,20148729.0,286510913.18,1.0217,0.0,1972078790.0,27764492613.842293,2026-07-14
2023-03-20,sh.600399,抚顺特钢,14.1083721,12.6689435,14.1083721,12.6689435,56406060.0,741777382.33,2.8602,-10.014,1972101951.0,24984448193.458767,2026-07-14
2023-03-21,sh.600399,抚顺特钢,12.6788026,11.9097928,12.6788026,11.6731744,105731800.0,1282237478.86,5.3614,-5.9922,1972093110.0,23487220322.407608,2026-07-14
2023-03-22,sh.600399,抚顺特钢,11.7816245,11.9590883,12.1562703,11.7421881,42544682.0,517799610.82,2.1573,0.4139,1972126362.0,23584833301.915764,2026-07-14
2023-03-23,sh.600399,抚顺特钢,11.9097928,11.7027517,12.0478202,11.5943016,54737774.0,653315043.11,2.7756,-2.1434,1972105995.0,23079066785.56644,2026-07-14
2023-03-24,sh.600399,抚顺特钢,11.6731744,11.4069787,11.732329,11.3872605,37654337.0,440660722.0,1.9094,-2.5274,1972050749.0,22495140889.162045,2026-07-14
2023-03-27,sh.600399,抚顺特钢,11.3281059,11.2689513,11.436556,10.7957145,77685731.0,874814487.28,3.9392,-1.21,1972119491.0,22223718501.859787,2026-07-14
2023-03-28,sh.600399,抚顺特钢,11.1999376,11.2492331,11.3774014,11.140783,24593317.0,280757939.25,1.2471,-0.175,1972040494.0,22183943199.64515,2026-07-14
2023-03-29,sh.600399,抚顺特钢,11.2492331,11.5844425,11.633738,11.1506421,37431357.0,435262736.18,1.898,2.9798,1972147366.0,22846227762.953453,2026-07-14
2023-03-30,sh.600399,抚顺特钢,11.535147,11.5745834,11.7027517,11.4858515,20502596.0,240848783.71,1.0396,-0.0851,1972161985.0,22826953373.692047,2026-07-14
2023-03-31,sh.600399,抚顺特钢,11.5745834,11.8802155,11.9492292,11.5745834,28405361.0,340863204.16,1.4404,2.6405,1972046723.0,23428340045.308807,2026-07-14
2023-04-03,sh.600399,抚顺特钢,11.8802155,11.732329,11.929511,11.6238789,22238472.0,264746292.74,1.1277,-1.2448,1972020218.0,23136389992.227722,2026-07-14
2023-04-04,sh.600399,抚顺特钢,11.7520472,11.4957106,11.7619063,11.4661333,19716075.0,231031748.72,0.9998,-2.0168,1972001900.0,22669563145.05014,2026-07-14
2023-04-06,sh.600399,抚顺特钢,11.4759924,11.7816245,11.8703564,11.436556,18091550.0,214532179.13,0.9174,2.4871,1972046000.0,23233905468.726997,2026-07-14
2023-04-07,sh.600399,抚顺特钢,11.7224699,11.8703564,12.323875,11.6435971,28751984.0,351511890.38,1.4579,0.7531,1972150628.0,23410130828.84382,2026-07-14
2023-04-10,sh.600399,抚顺特钢,11.83092,11.8210609,11.9492292,11.732329,13216100.0,158474807.96,0.6702,-0.4153,1971963593.0,23310701725.435814,2026-07-14
2023-04-11,sh.600399,抚顺特钢,11.7816245,11.7421881,11.9196519,11.7224699,16885648.0,201967221.41,0.8562,-0.6672,1972161644.0,23157492987.453236,2026-07-14
2023-04-12,sh.600399,抚顺特钢,11.7816245,11.6238789,11.8013427,11.535147,16400240.0,193789582.46,0.8316,-1.0076,1972130832.0,22923809966.124245,2026-07-14
2023-04-13,sh.600399,抚顺特钢,11.6238789,11.4168378,11.6238789,11.3576832,15688012.0,182134074.23,0.7955,-1.7812,1972094532.0,22515083398.11091,2026-07-14
2023-04-14,sh.600399,抚顺特钢,11.4069787,11.436556,11.5450061,11.3774014,12240466.0,142078310.12,0.6207,0.1727,1972042210.0,22553371169.02876,2026-07-14
2023-04-17,sh.600399,抚顺特钢,11.436556,11.3774014,11.5055697,11.239374,18084400.0,207838221.84,0.917,-0.5172,1972126499.0,22437674790.6997,2026-07-14
2023-04-18,sh.600399,抚顺特钢,11.3774014,11.1900785,11.3774014,11.1210648,20065300.0,228255866.36,1.0175,-1.6464,1972019656.0,22067054754.182995,2026-07-14
2023-04-19,sh.600399,抚顺特钢,11.1999376,11.0520511,11.239374,11.042192,14575024.0,163955045.77,0.7391,-1.2335,1971996212.0,21794602904.030434,2026-07-14
2023-04-20,sh.600399,抚顺特钢,11.0520511,10.6576871,11.0520511,10.4999415,45969561.0,496536565.41,2.331,-3.5682,1972096139.0,21017983580.58011,2026-07-14
2023-04-21,sh.600399,抚顺特钢,10.6971235,10.549237,10.9534601,10.5295188,35216372.0,383216440.39,1.7857,-1.0176,1972132609.0,20804494287.769333,2026-07-14
2023-04-24,sh.600399,抚顺特钢,10.4605051,10.3816323,10.6774053,10.2830413,29052986.0,306954862.5,1.4732,-1.5888,1972100597.0,20473623256.664482,2026-07-14
2023-04-25,sh.600399,抚顺特钢,10.4605051,9.9971274,10.5393779,9.8689591,40429521.0,412494464.7,2.0501,-3.7037,1972075557.0,19715090585.754963,2026-07-14
2023-04-26,sh.600399,抚顺特钢,10.0858593,10.5098006,10.647828,9.957691,34987537.0,368757951.61,1.7741,5.1282,1972128798.0,20726680424.49768,2026-07-14
2023-04-27,sh.600399,抚顺特钢,10.549237,10.943601,11.0619102,10.3816323,34657597.0,380341950.12,1.7574,4.1276,1972094970.0,21581820485.78697,2026-07-14
2023-04-28,sh.600399,抚顺特钢,10.9534601,10.8154327,11.0619102,10.7069826,17660753.0,194213807.84,0.8955,-1.1712,1972166723.0,21329836465.786045,2026-07-14
2023-05-04,sh.600399,抚顺特钢,10.8154327,10.5788143,10.9140237,10.5590961,19011085.0,206169920.33,0.964,-2.1878,1972104253.0,20862524672.72722,2026-07-14
2023-05-05,sh.600399,抚顺特钢,10.5985325,10.4999415,10.6281098,10.4210687,13543803.0,144105809.5,0.6868,-0.7456,1972015579.0,20706048216.58863,2026-07-14
2023-05-08,sh.600399,抚顺特钢,10.4999415,10.5590961,10.6774053,10.4112096,20522122.0,219118771.0,1.0406,0.5634,1972143187.0,20824049434.49327,2026-07-14
2023-05-09,sh.600399,抚顺特钢,10.5689552,10.253464,10.6379689,10.2337458,19694212.0,206820804.89,0.9986,-2.8945,1972182255.0,20221699753.081318,2026-07-14
2023-05-10,sh.600399,抚顺特钢,10.253464,10.2830413,10.450646,10.1351548,15246830.0,158932425.69,0.7731,0.2885,1972167895.0,20279883914.819065,2026-07-14
2023-05-11,sh.600399,抚顺特钢,10.2929004,10.4112096,10.5295188,10.2337458,17688894.0,186970213.93,0.897,1.2464,1972006020.0,20530968006.68179,2026-07-14
2023-05-12,sh.600399,抚顺特钢,10.450646,10.3224777,10.7069826,10.3224777,20634600.0,219546933.9,1.0463,-0.8523,1972149479.0,20357469018.04412,2026-07-14
2023-05-15,sh.600399,抚顺特钢,10.2731822,10.5393779,10.5886734,10.253464,21981653.0,233493278.55,1.1146,2.1012,1972156200.0,20785299469.62798,2026-07-14
2023-05-16,sh.600399,抚顺特钢,10.5393779,10.5886734,10.6774053,10.4210687,16468936.0,176050605.25,0.8351,0.4677,1972091486.0,20881832660.17467,2026-07-14
2023-05-17,sh.600399,抚顺特钢,10.5590961,11.1703603,11.3971196,10.5590961,43484788.0,487986537.11,2.205,5.4935,1972099229.0,22029058935.28221,2026-07-14
2023-05-18,sh.600399,抚顺特钢,11.1703603,10.8647282,11.2985286,10.7562781,32087131.0,356666492.5,1.6271,-2.7361,1972044189.0,21425724111.87443,2026-07-14
2023-05-19,sh.600399,抚顺特钢,10.8844464,11.0816284,11.1605012,10.7168417,23346088.0,260848981.11,1.1838,1.9964,1972131103.0,21854424039.528126,2026-07-14
2023-05-22,sh.600399,抚顺特钢,11.1309239,10.9928965,11.2689513,10.9534601,14000855.0,156784585.25,0.7099,-0.8007,1972229187.0,21680511326.970146,2026-07-14
2023-05-23,sh.600399,抚顺特钢,10.9633192,10.8154327,11.042192,10.7957145,12339446.0,136022552.54,0.6257,-1.6143,1972102605.0,21329143001.872185,2026-07-14
2023-05-24,sh.600399,抚顺特钢,10.7957145,10.7365599,10.8252918,10.6379689,13178800.0,143342810.0,0.6683,-0.7293,1971988628.0,21172374026.640816,2026-07-14
2023-05-25,sh.600399,抚顺特钢,10.6576871,10.6182507,10.7661372,10.450646,15632251.0,167874111.21,0.7927,-1.1019,1972026113.0,20939467654.78053,2026-07-14
2023-05-26,sh.600399,抚顺特钢,10.5886734,10.3224777,10.6379689,10.253464,14936758.0,156910848.68,0.7574,-2.7855,1972109585.0,20357057213.118755,2026-07-14
2023-05-29,sh.600399,抚顺特钢,10.3717732,10.0464229,10.4407869,9.9971274,19369967.0,198990543.76,0.9822,-2.6743,1972100081.0,19812551414.850254,2026-07-14
2023-05-30,sh.600399,抚顺特钢,9.957691,9.0407947,10.0168456,9.0407947,55480854.0,519370491.18,2.8133,-10.0098,1972091636.0,17829275610.663128,2026-07-14
2023-05-31,sh.600399,抚顺特钢,8.87319,8.8140354,9.1295266,8.7943172,45272619.0,409937266.34,2.2957,-2.5082,1972061637.0,17381821079.49995,2026-07-14
2023-06-01,sh.600399,抚顺特钢,8.8633309,9.0900902,9.1295266,8.6365716,40237009.0,363696110.01,2.0403,3.132,1972112385.0,17926679464.18713,2026-07-14
2023-06-02,sh.600399,抚顺特钢,9.070372,9.2083994,9.2872722,9.0506538,21371548.0,199522078.32,1.0837,1.3015,1972090800.0,18159799739.46552,2026-07-14
2023-06-05,sh.600399,抚顺特钢,9.3168495,8.9619219,9.3168495,8.9422037,26176832.0,240048422.76,1.3274,-2.6767,1972037969.0,17673250262.012623,2026-07-14
2023-06-06,sh.600399,抚顺特钢,9.0309356,8.6957262,9.0506538,8.6661489,29039223.0,258522384.55,1.4725,-2.9703,1972103430.0,17148871465.360865,2026-07-14
2023-06-07,sh.600399,抚顺特钢,8.676008,8.7055853,8.774599,8.5971352,15472525.0,136321267.23,0.7846,0.1134,1972027148.0,17167650550.829723,2026-07-14
2023-06-08,sh.600399,抚顺特钢,8.6562898,8.6168534,8.6957262,8.5971352,14846571.0,130063086.15,0.7528,-1.0193,1972179995.0,16993985895.327734,2026-07-14
2023-06-09,sh.600399,抚顺特钢,8.5971352,8.4985442,8.6168534,8.3210804,36626949.0,313534067.54,1.8573,-1.373,1972053465.0,16759583537.065653,2026-07-14
2023-06-12,sh.600399,抚顺特钢,8.478826,8.4886851,8.5182624,8.281644,24620561.0,210283962.11,1.2484,-0.116,1972169257.0,16741123786.57397,2026-07-14
2023-06-13,sh.600399,抚顺特钢,8.4689669,8.5478397,8.6267125,8.2619258,24328493.0,208710090.33,1.2336,0.6969,1972154102.0,16857657127.59345,2026-07-14
2023-06-14,sh.600399,抚顺特钢,8.5478397,8.3407986,8.5675579,8.3309395,18509990.0,158168947.34,0.9386,-2.4221,1972085020.0,16448763973.89697,2026-07-14
2023-06-15,sh.600399,抚顺特钢,8.3309395,8.774599,8.87319,8.2619258,47287392.0,414675080.72,2.3978,5.2009,1972115773.0,17304525089.65003,2026-07-14
2023-06-16,sh.600399,抚顺特钢,8.7647399,9.0210765,9.0309356,8.7055853,35602602.0,320493344.5,1.8053,2.809,1972115549.0,17790605234.368496,2026-07-14
2023-06-19,sh.600399,抚顺特钢,9.0112174,8.8140354,9.0112174,8.8041763,18593473.0,167334363.16,0.9428,-2.2951,1972154540.0,17382639929.830715,2026-07-14
2023-06-20,sh.600399,抚顺特钢,8.7647399,9.0309356,9.0999493,8.7450217,22596316.0,205623478.97,1.1458,2.4609,1972099494.0,17809903527.106586,2026-07-14
2023-06-21,sh.600399,抚顺特钢,8.9816401,8.774599,9.0309356,8.774599,15853377.0,142430074.48,0.8039,-2.8384,1972058341.0,17304021146.88026,2026-07-14
2023-06-26,sh.600399,抚顺特钢,8.7548808,8.7844581,8.8633309,8.6267125,16177442.0,143572661.88,0.8203,0.1124,1972137267.0,17324157189.41001,2026-07-14
2023-06-27,sh.600399,抚顺特钢,8.7943172,8.8633309,8.9619219,8.6858671,15915990.0,142796113.9,0.8071,0.8979,1971997274.0,17478464373.359966,2026-07-14
2023-06-28,sh.600399,抚顺特钢,8.8633309,9.2182585,9.2872722,8.8337536,36223838.0,335635752.45,1.8368,4.0044,1972116616.0,18179480758.433235,2026-07-14
2023-06-29,sh.600399,抚顺特钢,9.1886812,9.1393857,9.3562859,9.1196675,26034327.0,243020325.33,1.3201,-0.8556,1972148095.0,18024222097.725243,2026-07-14
2023-06-30,sh.600399,抚顺特钢,9.2281176,10.056282,10.056282,9.1295266,53029163.0,522934051.42,2.689,10.0324,1972077464.0,19831767103.828846,2026-07-14
2023-07-03,sh.600399,抚顺特钢,10.3027595,10.7562781,10.9337419,10.2929004,107909028.0,1160787681.7,5.4718,6.9608,1972093790.0,21212389244.523,2026-07-14
2023-07-04,sh.600399,抚顺特钢,10.8055736,10.8055736,11.0717693,10.6675462,69265359.0,764168006.92,3.5123,0.4583,1972079805.0,21309453478.00115,2026-07-14
2023-07-05,sh.600399,抚顺特钢,10.8055736,10.8252918,10.8943055,10.6379689,32945845.0,360294236.22,1.6706,0.1825,1972096552.0,21348520633.173874,2026-07-14
2023-07-06,sh.600399,抚顺特钢,10.7957145,10.6774053,10.8745873,10.5295188,26888298.0,292121706.6,1.3634,-1.3661,1972150359.0,21057448695.583504,2026-07-14
2023-07-07,sh.600399,抚顺特钢,10.6872644,10.6281098,10.8943055,10.5393779,21203708.0,230577581.16,1.0752,-0.4617,1972071057.0,20959387727.19806,2026-07-14
2023-07-10,sh.600399,抚顺特钢,10.5196597,10.6675462,10.9238828,10.4605051,25196326.0,273369415.7,1.2776,0.3711,1972160770.0,21038116127.802574,2026-07-14
2023-07-11,sh.600399,抚顺特钢,10.6774053,10.6379689,10.8351509,10.5590961,16726282.0,180708051.97,0.8481,-0.2773,1972206344.0,20980269751.854702,2026-07-14
2023-07-12,sh.600399,抚顺特钢,10.647828,10.5886734,10.6971235,10.4802233,19823900.0,212538346.46,1.0052,-0.4634,1972134899.0,20882292346.252987,2026-07-14
2023-07-13,sh.600399,抚顺特钢,10.5393779,10.3027595,10.7562781,10.2238867,33394432.0,352012963.47,1.6933,-2.7002,1972150948.0,20318596914.941006,2026-07-14
2023-07-14,sh.600399,抚顺特钢,10.3619141,10.2238867,10.3619141,10.1450139,16408835.0,170121240.69,0.832,-0.7656,1972215745.0,20163710324.83609,2026-07-14
2023-07-17,sh.600399,抚顺特钢,10.2238867,10.1252957,10.352055,9.9872683,23346805.0,240079315.46,1.1839,-0.9643,1972025087.0,19967337133.693226,2026-07-14
2023-07-18,sh.600399,抚顺特钢,10.154873,10.2731822,10.4309278,10.0464229,16806471.0,174644901.79,0.8522,1.4606,1972127552.0,20260025663.335976,2026-07-14
2023-07-19,sh.600399,抚顺特钢,10.2731822,10.2140276,10.2929004,10.1154366,11033342.0,113922447.82,0.5595,-0.5758,1972000357.0,20142066073.607853,2026-07-14
2023-07-20,sh.600399,抚顺特钢,10.1450139,10.056282,10.2337458,10.0365638,9900813.0,101600428.67,0.502,-1.5444,1972273506.0,19833738557.46469,2026-07-14
2023-07-21,sh.600399,抚顺特钢,10.0168456,9.9281137,10.1154366,9.9083955,11948531.0,120828478.2,0.6059,-1.2745,1972030203.0,19578540075.218082,2026-07-14
2023-07-24,sh.600399,抚顺特钢,9.9182546,9.7999454,9.9774092,9.7703681,20015794.0,199702300.08,1.0149,-1.291,1972193714.0,19327390715.423218,2026-07-14
2023-07-25,sh.600399,抚顺特钢,9.8591,9.9281137,9.9774092,9.7407908,19023896.0,190636234.64,0.9647,1.3078,1972001244.0,19578252566.973446,2026-07-14
2023-07-26,sh.600399,抚顺特钢,9.9281137,9.9774092,10.0069865,9.8393818,18164745.0,183234249.74,0.9211,0.4965,1972070893.0,19676158270.870415,2026-07-14
2023-07-27,sh.600399,抚顺特钢,9.9774092,9.9281137,10.1351548,9.8689591,20502576.0,208190378.83,1.0396,-0.4941,1972160062.0,19579829330.13505,2026-07-14
2023-07-28,sh.600399,抚顺特钢,9.8393818,9.8591,9.9675501,9.661918,22894277.0,227653444.77,1.1609,-0.6951,1972114480.0,19443273869.767998,2026-07-14
2023-07-31,sh.600399,抚顺特钢,9.8788182,9.8886773,10.0267047,9.8591,18904982.0,190519690.8,0.9586,0.3,1972145003.0,19501905523.47453,2026-07-14
2023-08-01,sh.600399,抚顺特钢,9.9478319,10.2436049,10.8252918,9.8591,58239099.0,612842945.72,2.9532,3.5892,1972067554.0,20201080859.28541,2026-07-14
2023-08-02,sh.600399,抚顺特钢,10.0858593,10.1450139,10.450646,10.0760002,33701000.0,350712218.66,1.7089,-0.9625,1972087308.0,20006853151.67358,2026-07-14
2023-08-03,sh.600399,抚顺特钢,10.1252957,10.1745912,10.2140276,9.9379728,22500450.0,230034941.66,1.1409,0.2915,1972166710.0,20065990052.49895,2026-07-14
2023-08-04,sh.600399,抚顺特钢,10.1252957,10.056282,10.2238867,10.056282,15853658.0,162378600.68,0.8039,-1.1628,1972093295.0,19831926304.82919,2026-07-14
2023-08-07,sh.600399,抚顺特钢,10.0069865,9.8985364,10.056282,9.7999454,15889136.0,159417053.54,0.8057,-1.5686,1972090853.0,19520813092.52755,2026-07-14
2023-08-08,sh.600399,抚顺特钢,9.8591,8.9126264,9.8886773,8.9126264,83058454.0,762008837.54,4.2117,-9.9602,1972088563.0,17576488589.731865,2026-07-14
2023-08-09,sh.600399,抚顺特钢,8.8534718,9.0112174,9.1295266,8.7943172,37259094.0,340616870.72,1.8893,1.1062,1972111046.0,17771121372.4474,2026-07-14
2023-08-10,sh.600399,抚顺特钢,9.0210765,9.2182585,9.2281176,9.0210765,21728366.0,202245165.44,1.1018,2.2976,1972078962.0,18179133654.127674,2026-07-14
2023-08-11,sh.600399,抚顺特钢,9.2083994,9.0900902,9.267554,9.070372,14225513.0,131915340.89,0.7213,-1.3904,1972204769.0,17927519243.080166,2026-07-14
2023-08-14,sh.600399,抚顺特钢,9.0309356,9.1295266,9.1788221,9.0309356,12459278.0,114951047.24,0.6318,0.4338,1972028807.0,18003689449.472767,2026-07-14
2023-08-15,sh.600399,抚顺特钢,9.2083994,8.9816401,9.2872722,8.8929082,16080091.0,147006865.66,0.8154,-1.6199,1972049424.0,17712238185.780304,2026-07-14
2023-08-16,sh.600399,抚顺特钢,8.971781,8.9323446,9.1295266,8.9323446,11364093.0,104119700.6,0.5762,-0.5488,1972248004.0,17616798808.39018,2026-07-14
2023-08-17,sh.600399,抚顺特钢,8.8929082,9.5140315,9.563327,8.7943172,36367912.0,344015592.74,1.8441,6.5121,1972122553.0,18762836091.10242,2026-07-14
2023-08-18,sh.600399,抚顺特钢,9.5140315,9.4055814,9.8196636,9.4055814,25870550.0,251858467.53,1.3118,-1.1399,1972141333.0,18549135839.836006,2026-07-14
2023-08-21,sh.600399,抚顺特钢,9.3957223,9.267554,9.7112135,9.2478358,23467550.0,224618322.53,1.19,-1.4675,1972063025.0,18276200575.59085,2026-07-14
2023-08-22,sh.600399,抚顺特钢,9.2083994,8.9323446,9.3464268,8.8041763,34657917.0,316214745.65,1.7574,-3.617,1972113179.0,17615594505.029484,2026-07-14
2023-08-23,sh.600399,抚顺特钢,8.9619219,8.676008,8.9619219,8.6464307,16699751.0,148539647.93,0.8468,-2.8698,1972100968.0,17109963775.175743,2026-07-14
2023-08-24,sh.600399,抚顺特钢,8.676008,8.6858671,8.8633309,8.6562898,15809394.0,140252487.14,0.8017,0.1136,1971983784.0,17128389071.179106,2026-07-14
2023-08-25,sh.600399,抚顺特钢,8.6464307,8.7844581,8.9224855,8.577417,22372497.0,199162484.03,1.1345,1.1351,1972013839.0,17323072941.315647,2026-07-14
2023-08-28,sh.600399,抚顺特钢,9.2182585,8.8337536,9.2576949,8.7844581,26225477.0,238839771.36,1.3298,0.5612,1972136938.0,17421371775.750477,2026-07-14
2023-08-29,sh.600399,抚顺特钢,8.8238945,9.2971313,9.366145,8.7450217,37028968.0,344029636.87,1.8776,5.2455,1972143588.0,18335277880.089104,2026-07-14
2023-08-30,sh.600399,抚顺特钢,9.3365677,9.3069904,9.3957223,9.2083994,16080590.0,151779092.47,0.8154,0.106,1972110621.0,18354414617.38504,2026-07-14
2023-08-31,sh.600399,抚顺特钢,9.2774131,9.2083994,9.3957223,9.168963,12498817.0,117377661.7,0.6338,-1.0593,1972044336.0,18159371880.395798,2026-07-14
2023-09-01,sh.600399,抚顺特钢,9.2182585,9.2281176,9.2774131,9.1393857,9191653.0,85840328.52,0.4661,0.2141,1972034542.0,18198166664.83814,2026-07-14
2023-09-04,sh.600399,抚顺特钢,9.2379767,9.3760041,9.3858632,9.0802311,20633285.0,193870133.8,1.0463,1.6026,1972023798.0,18489703215.34557,2026-07-14
2023-09-05,sh.600399,抚顺特钢,9.366145,9.5929043,9.8295227,9.2182585,35140218.0,340416155.16,1.7819,2.3134,1972064538.0,18917826386.457714,2026-07-14
2023-09-06,sh.600399,抚顺特钢,9.6421998,9.957691,10.056282,9.4548769,31195438.0,310801944.6,1.5818,3.8027,1972148059.0,19638040977.77177,2026-07-14
2023-09-07,sh.600399,抚顺特钢,10.0365638,9.6027634,10.0365638,9.5830452,22040628.0,217941891.44,1.1176,-3.5644,1972139227.0,18937986388.739895,2026-07-14
2023-09-08,sh.600399,抚顺特钢,9.5436088,9.9872683,10.0464229,9.4943133,30493825.0,304618581.14,1.5463,4.0041,1972051025.0,19695402687.965008,2026-07-14
2023-09-11,sh.600399,抚顺特钢,9.9774092,9.3464268,9.9774092,9.2872722,52539125.0,503377809.86,2.6641,-6.4166,1972115349.0,18432231750.584953,2026-07-14
2023-09-12,sh.600399,抚顺特钢,9.267554,9.267554,9.4055814,9.2379767,15622089.0,147324747.35,0.7922,-0.8439,1971988008.0,18275505351.49243,2026-07-14
2023-09-13,sh.600399,抚顺特钢,9.2083994,9.3069904,9.3562859,9.1492448,19982195.0,187676562.6,1.0132,0.4255,1972186636.0,18355122088.260296,2026-07-14
2023-09-14,sh.600399,抚顺特钢,9.267554,9.1788221,9.2872722,9.1393857,12996200.0,120969549.0,0.659,-1.3771,1972109256.0,18101640022.587357,2026-07-14
2023-09-15,sh.600399,抚顺特钢,9.1985403,9.1098084,9.2379767,9.0309356,16781605.0,154961134.46,0.851,-0.7519,1971986486.0,17964419054.84928,2026-07-14
2023-09-18,sh.600399,抚顺特钢,9.0309356,9.0013583,9.2083994,8.9323446,16453800.0,150829722.0,0.8343,-1.1905,1972168285.0,17752193361.181515,2026-07-14
2023-09-19,sh.600399,抚顺特钢,8.971781,9.0309356,9.0999493,8.9520628,12851072.0,117640093.48,0.6516,0.3286,1972233272.0,17811111667.609283,2026-07-14
2023-09-20,sh.600399,抚顺特钢,8.971781,9.1295266,9.1591039,8.971781,12477100.0,114979468.0,0.6327,1.0917,1972040462.0,18003795854.10529,2026-07-14
2023-09-21,sh.600399,抚顺特钢,9.0900902,9.3562859,9.3957223,8.971781,32753213.0,305975564.34,1.6608,2.4838,1972134694.0,18451856030.373013,2026-07-14
2023-09-22,sh.600399,抚顺特钢,9.2478358,9.1196675,9.3957223,9.0013583,35907307.0,332510794.54,1.8208,-2.529,1972062116.0,17984550787.26643,2026-07-14
2023-09-25,sh.600399,抚顺特钢,9.070372,9.0013583,9.1098084,8.9126264,16095526.0,146800967.56,0.8162,-1.2973,1972007596.0,17750746941.917645,2026-07-14
2023-09-26,sh.600399,抚顺特钢,9.0013583,8.8041763,9.0112174,8.7351626,22277767.0,199645568.39,1.1296,-2.1906,1972181923.0,17363437345.765026,2026-07-14
2023-09-27,sh.600399,抚顺特钢,8.7548808,8.9619219,9.1295266,8.7548808,27505060.0,250654066.05,1.3947,1.7917,1972112999.0,17673922675.01278,2026-07-14
2023-09-28,sh.600399,抚顺特钢,8.9914992,9.2379767,9.267554,8.8929082,28808185.0,267780367.71,1.4608,3.0803,1972082763.0,18218054615.065624,2026-07-14
2023-10-09,sh.600399,抚顺特钢,9.2379767,8.9816401,9.2379767,8.971781,17584092.0,161033826.12,0.8916,-2.7748,1972195155.0,17713547089.173714,2026-07-14
2023-10-10,sh.600399,抚顺特钢,8.9914992,9.0013583,9.070372,8.9520628,8177558.0,74712750.58,0.4147,0.2195,1971921389.0,17749970961.822678,2026-07-14
2023-10-11,sh.600399,抚顺特钢,9.0506538,8.7647399,9.0605129,8.7253035,19738900.0,177016180.0,1.0009,-2.6287,1972115096.0,17285075869.30353,2026-07-14
2023-10-12,sh.600399,抚顺特钢,8.8337536,8.9224855,9.0210765,8.7548808,13273592.0,119812752.02,0.6731,1.7998,1972008914.0,17595220941.035748,2026-07-14
2023-10-13,sh.600399,抚顺特钢,8.9027673,8.7351626,8.9027673,8.5576988,22925424.0,201910352.14,1.1625,-2.0994,1972079484.0,17226434952.8641,2026-07-14
2023-10-16,sh.600399,抚顺特钢,8.7351626,8.6562898,8.8140354,8.5675579,12524653.0,110178655.95,0.6351,-0.9029,1972075736.0,17070859078.364292,2026-07-14
2023-10-17,sh.600399,抚顺特钢,8.6858671,8.5182624,8.7154444,8.478826,12510018.0,108532123.42,0.6344,-1.5945,1971944830.0,16797543500.263391,2026-07-14
2023-10-18,sh.600399,抚顺特钢,8.4886851,8.3407986,8.5084033,8.3112213,12262401.0,104225767.86,0.6218,-2.0833,1972081216.0,16448732245.499096,2026-07-14
2023-10-19,sh.600399,抚顺特钢,8.3309395,8.3013622,8.4591078,8.2915031,9539202.0,80680844.84,0.4837,-0.4728,1972131900.0,16371381208.074179,2026-07-14
2023-10-20,sh.600399,抚顺特钢,8.2224894,8.2619258,8.4098123,8.183053,10447294.0,87790483.72,0.5298,-0.4751,1971931672.0,16291953156.733938,2026-07-14
2023-10-23,sh.600399,抚顺特钢,8.2126303,8.0154483,8.2520667,7.9760119,15664627.0,128491846.95,0.7943,-2.9833,1972129800.0,15807504452.78934,2026-07-14
2023-10-24,sh.600399,抚顺特钢,8.0253074,7.9562937,8.0943211,7.8774209,17762100.0,143698381.98,0.9007,-0.738,1972032863.0,15690072644.079863,2026-07-14
2023-10-25,sh.600399,抚顺特钢,8.0450256,8.0450256,8.281644,7.985871,19481368.0,160825954.16,0.9878,1.1152,1972197611.0,15866380268.753843,2026-07-14
2023-10-26,sh.600399,抚顺特钢,8.0055892,8.183053,8.2126303,7.9069982,14187127.0,115967964.91,0.7194,1.7157,1972077704.0,16137616371.95031,2026-07-14
2023-10-27,sh.600399,抚顺特钢,8.1731939,8.281644,8.3506577,8.084462,12495437.0,104491084.55,0.6336,1.2048,1972133365.0,16332506449.45206,2026-07-14
2023-10-30,sh.600399,抚顺特钢,8.2915031,8.8041763,8.8929082,8.2323485,30532049.0,269003873.27,1.5482,6.3095,1972099793.0,17362714258.765507,2026-07-14
2023-10-31,sh.600399,抚顺特钢,8.7943172,9.1098084,9.267554,8.7351626,30856617.0,284485306.76,1.5647,3.4714,1972046846.0,17964968922.884308,2026-07-14
2023-11-01,sh.600399,抚顺特钢,9.1393857,9.2281176,9.3858632,9.1098084,29091233.0,273681221.47,1.4751,1.2987,1972153278.0,18199262374.60949,2026-07-14
2023-11-02,sh.600399,抚顺特钢,9.2281176,8.9914992,9.2379767,8.9422037,16742582.0,153522693.4,0.849,-2.5641,1972035571.0,17731556259.018044,2026-07-14
2023-11-03,sh.600399,抚顺特钢,9.0407947,8.9619219,9.0802311,8.9323446,10702018.0,97696520.34,0.5427,-0.3289,1971995209.0,17672867050.232178,2026-07-14
2023-11-06,sh.600399,抚顺特钢,8.9816401,9.0210765,9.0605129,8.9422037,16780565.0,153136415.15,0.8509,0.6601,1972096016.0,17790429025.681225,2026-07-14
2023-11-07,sh.600399,抚顺特钢,8.9619219,9.070372,9.1492448,8.9323446,17037545.0,156280763.95,0.8639,0.5464,1972166339.0,17888282340.60811,2026-07-14
2023-11-08,sh.600399,抚顺特钢,9.0210765,8.9816401,9.3464268,8.9520628,19745952.0,182884769.98,1.0013,-0.9783,1972031559.0,17712077728.779915,2026-07-14
2023-11-09,sh.600399,抚顺特钢,9.0112174,8.971781,9.0309356,8.87319,11760952.0,106741098.24,0.5964,-0.1098,1971990610.0,17692267886.97641,2026-07-14
2023-11-10,sh.600399,抚顺特钢,8.971781,8.9126264,8.9914992,8.87319,10516107.0,95095525.07,0.5332,-0.6593,1972263128.0,17578044422.35938,2026-07-14
2023-11-13,sh.600399,抚顺特钢,8.9224855,9.6323407,9.7112135,8.9126264,44179423.0,418891176.4,2.2402,8.0752,1972119588.0,18996127772.759632,2026-07-14
2023-11-14,sh.600399,抚顺特钢,9.6323407,9.6323407,9.7013544,9.3957223,27732331.0,268808923.37,1.4062,0.0,1972146992.0,18996391737.424175,2026-07-14
2023-11-15,sh.600399,抚顺特钢,9.6717771,9.5238906,9.7013544,9.2872722,16573379.0,159291437.19,0.8404,-1.1259,1972082223.0,18781895346.056805,2026-07-14
2023-11-16,sh.600399,抚顺特钢,9.5041724,9.3957223,9.563327,9.3562859,13048868.0,125091625.52,0.6617,-1.3458,1972021762.0,18528568845.30869,2026-07-14
2023-11-17,sh.600399,抚顺特钢,9.3957223,9.5731861,9.6323407,9.3267086,17461346.0,168529712.16,0.8854,1.8888,1972142083.0,18879683176.200645,2026-07-14
2023-11-20,sh.600399,抚顺特钢,9.464736,9.9379728,10.1450139,9.4548769,36987050.0,371147669.55,1.8755,3.8105,1972116769.0,19598842808.745884,2026-07-14
2023-11-21,sh.600399,抚顺特钢,10.0069865,9.7210726,10.0464229,9.6717771,17668200.0,176344618.36,0.8959,-2.1825,1972117424.0,19171096654.42898,2026-07-14
2023-11-22,sh.600399,抚顺特钢,9.661918,9.5238906,9.760509,9.5140315,15084645.0,147195341.6,0.7649,-2.0284,1972106811.0,18782129519.478874,2026-07-14
2023-11-23,sh.600399,抚顺特钢,9.5337497,9.7900863,9.9379728,9.5140315,24336300.0,239764429.73,1.234,2.795,1972147488.0,19307494103.848217,2026-07-14
2023-11-24,sh.600399,抚顺特钢,9.7900863,9.7210726,9.9083955,9.6520589,15559962.0,154240755.57,0.789,-0.7049,1972111787.0,19171041856.742737,2026-07-14
2023-11-27,sh.600399,抚顺特钢,9.6323407,10.1351548,10.4013505,9.6323407,35975019.0,366842971.42,1.8242,4.2596,1972098399.0,19987522554.697166,2026-07-14
2023-11-28,sh.600399,抚顺特钢,10.154873,10.1351548,10.2041685,10.0168456,15838263.0,162184866.85,0.8031,0.0,1972140829.0,19987952589.31533,2026-07-14
2023-11-29,sh.600399,抚顺特钢,10.1351548,9.9971274,10.3717732,9.9675501,22375927.0,230061249.24,1.1346,-1.3619,1972142341.0,19715758233.911243,2026-07-14
2023-11-30,sh.600399,抚顺特钢,9.957691,9.8295227,9.9872683,9.7309317,17457167.0,173726943.17,0.8852,-1.6765,1972115567.0,19384954732.849873,2026-07-14
2023-12-01,sh.600399,抚顺特钢,9.8393818,9.9478319,10.1844503,9.6816362,27749550.0,280715593.51,1.4071,1.2036,1972109303.0,19618211834.670166,2026-07-14
2023-12-04,sh.600399,抚顺特钢,10.3323368,10.0464229,10.3323368,9.760509,21599945.0,218110563.89,1.0953,0.9911,1972057427.0,19812122894.72788,2026-07-14
2023-12-05,sh.600399,抚顺特钢,10.0168456,9.9971274,10.253464,9.9083955,19605135.0,201558379.75,0.9941,-0.4907,1972149180.0,19715826604.265533,2026-07-14
2023-12-06,sh.600399,抚顺特钢,9.9774092,9.8492409,10.3224777,9.7703681,24029887.0,243712803.75,1.2185,-1.4793,1972087567.0,19423565523.27789,2026-07-14
2023-12-07,sh.600399,抚顺特钢,9.8492409,9.5534679,9.8492409,9.5041724,26457145.0,257893069.65,1.3416,-3.003,1972059109.0,18840003394.7341,2026-07-14
2023-12-08,sh.600399,抚顺特钢,9.5830452,9.5534679,9.7703681,9.5140315,31331343.0,306094976.24,1.5887,0.0,1972137156.0,18840749014.24329,2026-07-14
2023-12-11,sh.600399,抚顺特钢,9.5929043,9.6027634,9.7013544,9.3464268,24050961.0,232584709.18,1.2196,0.516,1972036815.0,18937002950.534573,2026-07-14
2023-12-12,sh.600399,抚顺特钢,9.6027634,9.4943133,9.6914953,9.3464268,29319055.0,281762835.66,1.4867,-1.1294,1972089527.0,18723635824.98681,2026-07-14
2023-12-13,sh.600399,抚顺特钢,9.4943133,9.3069904,9.6126225,9.2182585,26899966.0,254783792.38,1.364,-1.973,1972138270.0,18354671946.36261,2026-07-14
2023-12-14,sh.600399,抚顺特钢,9.2872722,9.3957223,9.4548769,9.2478358,21540568.0,204562304.68,1.0923,0.9534,1972037719.0,18528718772.849434,2026-07-14
2023-12-15,sh.600399,抚顺特钢,9.366145,9.2971313,9.4943133,9.267554,14401991.0,136690778.25,0.7303,-1.0493,1972065042.0,18334547627.614014,2026-07-14
2023-12-18,sh.600399,抚顺特钢,9.2576949,9.0802311,9.2872722,9.0506538,22796785.0,211163784.0,1.156,-2.333,1972040225.0,17906580981.496,2026-07-14
2023-12-19,sh.600399,抚顺特钢,9.070372,9.0309356,9.1591039,8.9323446,17609403.0,160681234.27,0.8929,-0.5429,1972158472.0,17810436153.626404,2026-07-14
2023-12-20,sh.600399,抚顺特钢,8.9914992,8.7647399,8.9914992,8.6562898,28703511.0,254997511.11,1.4555,-2.9476,1972072209.0,17284699975.90344,2026-07-14
2023-12-21,sh.600399,抚顺特钢,8.676008,8.8830491,8.9816401,8.5971352,17842208.0,158997043.03,0.9047,1.3498,1972168454.0,17518869210.35309,2026-07-14
2023-12-22,sh.600399,抚顺特钢,8.9224855,9.2182585,9.3562859,8.8830491,39820052.0,370503635.98,2.0192,3.7736,1972070721.0,18179057686.459377,2026-07-14
2023-12-25,sh.600399,抚顺特钢,9.1591039,9.3957223,9.5929043,9.1492448,30466086.0,292500283.18,1.5449,1.9251,1972042592.0,18528764558.2042,2026-07-14
2023-12-26,sh.600399,抚顺特钢,9.4450178,9.4745951,9.5534679,9.2576949,23075484.0,219672310.88,1.1701,0.8395,1972095035.0,18684801955.34533,2026-07-14
2023-12-27,sh.600399,抚顺特钢,9.5238906,9.2774131,9.5238906,9.168963,17877079.0,168457547.88,0.9065,-2.0812,1972099173.0,18295978702.089367,2026-07-14
2023-12-28,sh.600399,抚顺特钢,9.2774131,9.4943133,9.5731861,9.2182585,20051890.0,192021122.81,1.0168,2.3379,1972058419.0,18723340475.88867,2026-07-14
2023-12-29,sh.600399,抚顺特钢,9.4844542,9.5830452,9.6421998,9.3858632,18259600.0,176744042.0,0.9259,0.9346,1972092019.0,18898646956.63626,2026-07-14
2024-01-02,sh.600399,抚顺特钢,9.5830452,9.8591,10.0069865,9.5830452,41782328.0,417627127.01,2.1187,2.8807,1972073819.0,19442872988.9029,2026-07-14
2024-01-03,sh.600399,抚顺特钢,9.8591,9.5140315,9.9379728,9.3957223,29198935.0,282934434.91,1.4806,-3.5,1972101513.0,18762635915.879658,2026-07-14
2024-01-04,sh.600399,抚顺特钢,9.5140315,9.366145,9.5830452,9.3562859,13714251.0,131325851.65,0.6954,-1.5544,1972138481.0,18471334973.125744,2026-07-14
2024-01-05,sh.600399,抚顺特钢,9.3267086,8.9027673,9.366145,8.8238945,27165237.0,248912966.14,1.3775,-4.9474,1972068022.0,17556862699.637283,2026-07-14
2024-01-08,sh.600399,抚顺特钢,8.8633309,8.6464307,8.9126264,8.6069943,20850043.0,184950039.27,1.0573,-2.8793,1972008229.0,17050832491.87823,2026-07-14
2024-01-09,sh.600399,抚顺特钢,8.6267125,8.4886851,8.7647399,8.4196714,18640152.0,161103936.08,0.9452,-1.8244,1972085485.0,16740412672.445772,2026-07-14
2024-01-10,sh.600399,抚顺特钢,8.5379806,8.4098123,8.6562898,8.3210804,16776807.0,144260264.76,0.8507,-0.9292,1972117903.0,16585141397.699608,2026-07-14
2024-01-11,sh.600399,抚顺特钢,8.4196714,8.3900941,8.478826,8.281644,19512062.0,166027746.5,0.9894,-0.2345,1972110572.0,16546193274.684826,2026-07-14
2024-01-12,sh.600399,抚顺特钢,8.3605168,8.2422076,8.4098123,8.183053,18445073.0,155183426.39,0.9353,-1.7626,1972102320.0,16254476729.881634,2026-07-14
2024-01-15,sh.600399,抚顺特钢,8.2126303,7.9464346,8.2422076,7.8774209,43592744.0,353112384.54,2.2105,-3.5885,1972076182.0,15670974406.480698,2026-07-14
2024-01-16,sh.600399,抚顺特钢,7.9365755,7.1774248,7.9464346,7.1478475,96537795.0,719200141.38,4.8952,-9.6774,1972090926.0,14154534320.127365,2026-07-14
2024-01-17,sh.600399,抚顺特钢,7.2267203,6.8126381,7.3450295,6.7830608,83144811.0,591805369.38,4.2161,-5.0824,1972078722.0,13435058637.696508,2026-07-14
2024-01-18,sh.600399,抚顺特钢,6.7534835,6.9210882,6.9802428,6.7337653,56730710.0,393777188.03,2.8767,1.5919,1972075990.0,13648911863.892317,2026-07-14
2024-01-19,sh.600399,抚顺特钢,6.8717927,6.7436244,6.9802428,6.7337653,35916976.0,249495816.89,1.8213,-2.5641,1972051611.0,13298775361.998909,2026-07-14
2024-01-22,sh.600399,抚顺特钢,6.7436244,6.3492604,6.7436244,6.309824,57069841.0,376570280.51,2.8939,-5.848,1972073707.0,12521209493.736303,2026-07-14
2024-01-23,sh.600399,抚顺特钢,6.3394013,6.4774287,6.5365833,6.2901058,33819144.0,220322441.88,1.7149,2.0186,1972076739.0,12773986467.801008,2026-07-14
2024-01-24,sh.600399,抚顺特钢,6.507006,6.4872878,6.5168651,6.1915148,42095160.0,271322595.09,2.1345,0.1522,1972132115.0,12793788609.627697,2026-07-14
2024-01-25,sh.600399,抚顺特钢,6.4577105,6.6351743,6.6548925,6.3985559,38101151.0,253233284.88,1.932,2.2796,1972109265.0,13085288711.91989,2026-07-14
2024-01-26,sh.600399,抚顺特钢,6.6351743,6.5563015,6.6548925,6.4872878,34706612.0,230962572.08,1.7599,-1.1887,1972078641.0,12929542152.106262,2026-07-14
2024-01-29,sh.600399,抚顺特钢,6.5858788,6.3788377,6.6450334,6.3492604,36649097.0,239618463.76,1.8584,-2.7068,1972077970.0,12579565302.37547,2026-07-14
2024-01-30,sh.600399,抚顺特钢,6.3689786,6.1323602,6.3886968,6.0929238,40317072.0,255314898.12,2.0444,-3.864,1972073567.0,12093465453.742834,2026-07-14
2024-01-31,sh.600399,抚顺特钢,6.0929238,5.8957418,6.2506694,5.8760236,46225912.0,281855861.23,2.344,-3.8585,1972095222.0,11626964233.925678,2026-07-14
2024-02-01,sh.600399,抚顺特钢,5.8661645,5.7971508,6.0041919,5.7577144,37681782.0,224083202.54,1.9107,-1.6722,1972145392.0,11432824236.949114,2026-07-14
2024-02-02,sh.600399,抚顺特钢,5.8267281,5.5703915,5.8957418,5.323914,53710234.0,306522921.28,2.7235,-3.9116,1972103323.0,10985387587.560955,2026-07-14
2024-02-05,sh.600399,抚顺特钢,5.3929277,5.2056048,5.4915187,5.0380001,61086402.0,324211127.07,3.0975,-6.5487,1972119516.0,10266074818.663277,2026-07-14
2024-02-06,sh.600399,抚顺特钢,5.1168729,5.5605324,5.6492643,5.0182819,59663571.0,323631895.96,3.0254,6.8182,1972088682.0,10965863011.934296,2026-07-14
2024-02-07,sh.600399,抚顺特钢,5.5802506,5.8267281,5.9548964,5.5605324,74428785.0,439411424.26,3.7741,4.7872,1972093612.0,11490853264.870897,2026-07-14
2024-02-08,sh.600399,抚顺特钢,5.8464463,6.0534874,6.1225011,5.816869,60789172.0,372596274.5,3.0825,3.8917,1972073706.0,11937923331.142303,2026-07-14
2024-02-19,sh.600399,抚顺特钢,6.1816557,5.8563054,6.1915148,5.7577144,62198928.0,371326790.17,3.1539,-3.2573,1972127461.0,11549380699.34259,2026-07-14
2024-02-20,sh.600399,抚顺特钢,5.816869,5.8661645,5.8760236,5.7379962,42063960.0,247583142.05,2.133,0.1684,1972056259.0,11568406418.548605,2026-07-14
2024-02-21,sh.600399,抚顺特钢,5.816869,5.9548964,6.211233,5.7281371,65765572.0,397929390.89,3.3348,1.5126,1972099436.0,11743647831.87843,2026-07-14
2024-02-22,sh.600399,抚顺特钢,5.9253191,6.0830647,6.1225011,5.8957418,50106741.0,306375577.57,2.5408,2.1523,1972085209.0,11996321920.260023,2026-07-14
2024-02-23,sh.600399,抚顺特钢,6.0732056,6.211233,6.2309512,5.9943328,49126537.0,304702143.68,2.4911,2.107,1972082092.0,12249061368.539436,2026-07-14
2024-02-26,sh.600399,抚顺特钢,6.211233,6.2703876,6.3788377,6.1816557,42461100.0,270553791.0,2.1531,0.9524,1972091403.0,12365777479.437803,2026-07-14
2024-02-27,sh.600399,抚顺特钢,6.2605285,6.3689786,6.3985559,6.1717966,37980995.0,241595841.22,1.9259,1.5723,1972116673.0,12560368887.040197,2026-07-14
2024-02-28,sh.600399,抚顺特钢,6.3689786,6.014051,6.5365833,6.014051,73471806.0,469503917.76,3.7256,-5.5728,1972079826.0,11860188649.635126,2026-07-14
2024-02-29,sh.600399,抚顺特钢,5.9351782,6.2013739,6.2013739,5.9253191,49416842.0,306123743.22,2.5058,3.1148,1972098412.0,12229719620.408247,2026-07-14
2024-03-01,sh.600399,抚顺特钢,6.1915148,6.2309512,6.2901058,6.1323602,35986793.0,226149580.28,1.8248,0.4769,1972095189.0,12288028884.413776,2026-07-14
2024-03-04,sh.600399,抚顺特钢,6.2309512,6.0436283,6.2506694,5.9844737,55803858.0,343045218.23,2.8297,-3.0063,1972076828.0,11918499327.475033,2026-07-14
2024-03-05,sh.600399,抚顺特钢,6.0337692,6.0633465,6.2210921,6.0041919,59699473.0,370344016.97,3.0272,0.3263,1972102041.0,11957538007.940207,2026-07-14
2024-03-06,sh.600399,抚顺特钢,6.0436283,6.1915148,6.2901058,5.9746146,58381835.0,364392159.6,2.9604,2.1138,1972092792.0,12210241708.641321,2026-07-14
2024-03-07,sh.600399,抚顺特钢,6.2013739,6.0929238,6.3295422,6.0830647,62407617.0,393033646.82,3.1645,-1.5924,1972116195.0,12015953700.880941,2026-07-14
2024-03-08,sh.600399,抚顺特钢,6.0534874,6.0929238,6.1619375,5.9746146,44276055.0,271418469.33,2.2451,0.0,1972119505.0,12015973868.45872,2026-07-14
2024-03-11,sh.600399,抚顺特钢,6.0929238,6.2605285,6.2605285,6.0830647,51325428.0,322381845.86,2.6026,2.7508,1972082840.0,12346280824.18094,2026-07-14
2024-03-12,sh.600399,抚顺特钢,6.2999649,6.3886968,6.3985559,6.2013739,60330477.0,386500678.04,3.0592,2.0472,1972099797.0,12599147662.37455,2026-07-14
2024-03-13,sh.600399,抚顺特钢,6.3788377,6.3196831,6.3886968,6.2408103,41814141.0,267524522.32,2.1203,-1.0802,1972086073.0,12462959027.283466,2026-07-14
2024-03-14,sh.600399,抚顺特钢,6.3295422,6.2309512,6.3492604,6.1520784,44627278.0,282560335.47,2.2629,-1.4041,1972127712.0,12288231533.639654,2026-07-14
2024-03-15,sh.600399,抚顺特钢,6.211233,6.3394013,6.3492604,6.1520784,42644208.0,270956202.59,2.1624,1.7405,1972077691.0,12501791878.026398,2026-07-14
2024-03-18,sh.600399,抚顺特钢,6.3886968,6.3689786,6.4379923,6.2605285,44388592.0,285367358.86,2.2508,0.4666,1972125111.0,12560422628.481625,2026-07-14
2024-03-19,sh.600399,抚顺特钢,6.3591195,6.4379923,6.5563015,6.3196831,70485609.0,463171077.27,3.5741,1.0836,1972121905.0,12696505639.051332,2026-07-14
2024-03-20,sh.600399,抚顺特钢,6.4478514,6.5365833,6.5760197,6.4281332,55344977.0,365318328.88,2.8064,1.5314,1972098667.0,12890787212.664461,2026-07-14
2024-03-21,sh.600399,抚顺特钢,6.5760197,6.4675696,6.605597,6.4182741,39974722.0,262793902.3,2.027,-1.0558,1972112580.0,12754775370.185568,2026-07-14
2024-03-22,sh.600399,抚顺特钢,6.4379923,6.2309512,6.4774287,6.2309512,53856194.0,344860319.38,2.7309,-3.6585,1972104215.0,12288085124.979307,2026-07-14
2024-03-25,sh.600399,抚顺特钢,6.2309512,6.0633465,6.2506694,6.0633465,38542283.0,240416662.3,1.9544,-2.6899,1972077517.0,11957389310.43064,2026-07-14
2024-03-26,sh.600399,抚顺特钢,6.0337692,6.112642,6.1225011,5.9450373,40903650.0,250484801.48,2.0741,0.813,1972115616.0,12054836743.217472,2026-07-14
2024-03-27,sh.600399,抚顺特钢,6.1027829,5.8760236,6.1225011,5.8760236,39043200.0,236372055.87,1.9798,-3.871,1972077988.0,11587976798.528517,2026-07-14
2024-03-28,sh.600399,抚顺特钢,5.8365872,6.112642,6.1717966,5.8267281,50276778.0,309081891.1,2.5494,4.0268,1972102377.0,12054755817.950035,2026-07-14
2024-03-29,sh.600399,抚顺特钢,6.0732056,6.112642,6.1422193,6.0534874,25228775.0,155957780.25,1.2793,0.0,1972076526.0,12054597800.041693,2026-07-14
2024-04-01,sh.600399,抚顺特钢,6.1717966,6.1323602,6.2210921,6.0633465,45452517.0,282384439.36,2.3048,0.3226,1972080745.0,12093509471.824348,2026-07-14
2024-04-02,sh.600399,抚顺特钢,6.1323602,6.112642,6.1816557,6.0436283,38052451.0,235852371.41,1.9295,-0.3215,1972140503.0,12054988868.538927,2026-07-14
2024-04-03,sh.600399,抚顺特钢,6.112642,6.0633465,6.1225011,5.9943328,40266926.0,247194006.46,2.0418,-0.8065,1972128808.0,11957700305.53597,2026-07-14
2024-04-08,sh.600399,抚顺特钢,6.0436283,5.816869,6.0732056,5.816869,50741512.0,303937942.15,2.573,-4.065,1972075865.0,11471306964.766684,2026-07-14
2024-04-09,sh.600399,抚顺特钢,5.7675735,6.0436283,6.0732056,5.7675735,56029106.0,340405130.86,2.8411,3.8983,1972092007.0,11918591063.708998,2026-07-14
2024-04-10,sh.600399,抚顺特钢,6.0239101,5.8563054,6.0239101,5.816869,43149936.0,257878780.18,2.188,-3.0995,1972117733.0,11549323729.20366,2026-07-14
2024-04-11,sh.600399,抚顺特钢,5.8070099,5.8070099,5.91546,5.7478553,42584310.0,252024300.32,2.1593,-0.8418,1972134951.0,11452207184.593014,2026-07-14
2024-04-12,sh.600399,抚顺特钢,5.7774326,5.6689825,5.8464463,5.6689825,38382889.0,222784608.34,1.9463,-2.3769,1972095206.0,11179773211.147896,2026-07-14
2024-04-15,sh.600399,抚顺特钢,5.6492643,5.619687,5.7577144,5.5309551,50750411.0,291065699.2,2.5734,-0.8696,1972115140.0,11082669814.761179,2026-07-14
2024-04-16,sh.600399,抚顺特钢,5.5703915,5.2844776,5.6295461,5.2647594,58140769.0,318639419.24,2.9482,-5.9649,1972076827.0,10421395817.760574,2026-07-14
2024-04-17,sh.600399,抚顺特钢,5.2844776,5.5605324,5.5605324,5.2844776,51145475.0,283963283.5,2.5935,5.2239,1972063813.0,10965724727.05404,2026-07-14
2024-04-18,sh.600399,抚顺特钢,5.521096,5.5901097,5.6689825,5.4718005,36442100.0,206660066.0,1.8479,0.5319,1972081823.0,11024153727.945984,2026-07-14
2024-04-19,sh.600399,抚顺特钢,5.5506733,5.6295461,5.6788416,5.5309551,41125300.0,234046617.0,2.0854,0.7055,1972058118.0,11101792087.16024,2026-07-14
2024-04-22,sh.600399,抚顺特钢,5.6295461,5.6985598,5.816869,5.5309551,46804142.0,270926302.45,2.3733,1.2259,1972112333.0,11238200061.918013,2026-07-14
2024-04-23,sh.600399,抚顺特钢,5.718278,5.619687,5.7971508,5.5999688,35582079.0,204874798.67,1.8043,-1.3841,1972071108.0,11082422368.703196,2026-07-14
2024-04-24,sh.600399,抚顺特钢,5.619687,5.6985598,5.718278,5.5408142,29705166.0,170295426.59,1.5063,1.4035,1972061741.0,11237911760.380611,2026-07-14
2024-04-25,sh.600399,抚顺特钢,5.6788416,5.7084189,5.7675735,5.6394052,23346446.0,135323654.8,1.1838,0.173,1972161345.0,11257923095.64742,2026-07-14
2024-04-26,sh.600399,抚顺特钢,5.6788416,5.816869,5.8267281,5.6788416,34130749.0,200166567.86,1.7307,1.8998,1972077714.0,11471317720.157465,2026-07-14
2024-04-29,sh.600399,抚顺特钢,5.7872917,6.1027829,6.1027829,5.7872917,45916275.0,279726079.0,2.3283,4.9153,1972094447.0,12035264268.336557,2026-07-14
2024-04-30,sh.600399,抚顺特钢,6.1816557,6.0337692,6.2309512,6.0239101,51165009.0,316864062.8,2.5944,-1.1309,1972132632.0,11899393133.276535,2026-07-14
2024-05-06,sh.600399,抚顺特钢,6.1225011,6.1520784,6.211233,6.0929238,42993325.0,268311496.5,2.1801,1.9608,1972080409.0,12132393287.272064,2026-07-14
2024-05-07,sh.600399,抚顺特钢,6.1520784,6.3886968,6.408415,6.1323602,65723337.0,419728116.55,3.3327,3.8462,1972074804.0,12598987989.675426,2026-07-14
2024-05-08,sh.600399,抚顺特钢,6.3788377,6.6844698,6.802779,6.3492604,116407855.0,780717411.05,5.9027,4.6296,1972112000.0,13182523106.2176,2026-07-14
2024-05-09,sh.600399,抚顺特钢,6.6943289,6.802779,6.8816518,6.5563015,81698940.0,558525253.2,4.1427,1.7699,1972118184.0,13415884167.633337,2026-07-14
2024-05-10,sh.600399,抚顺特钢,6.8224972,6.7436244,6.8915109,6.6548925,51621450.0,353209121.0,2.6176,-0.8696,1972090847.0,13299039954.845867,2026-07-14
2024-05-13,sh.600399,抚顺特钢,6.6746107,6.6746107,6.7633426,6.5267242,42238425.0,284435295.39,2.1418,-1.0234,1972099402.0,13162995770.052801,2026-07-14
2024-05-14,sh.600399,抚顺特钢,6.605597,6.5168651,6.6746107,6.4872878,46418437.0,308715365.94,2.3538,-2.3634,1972063769.0,12851673551.170563,2026-07-14
2024-05-15,sh.600399,抚顺特钢,6.507006,6.4675696,6.6351743,6.4379923,30909529.0,205042130.79,1.5673,-0.7564,1972151407.0,12755026486.510427,2026-07-14
2024-05-16,sh.600399,抚顺特钢,6.4675696,6.5661606,6.6844698,6.4675696,37281517.0,248454869.32,1.8904,1.5244,1972149651.0,12949451335.699951,2026-07-14
2024-05-17,sh.600399,抚顺特钢,6.5661606,6.5957379,6.5957379,6.4675696,30059702.0,199065068.43,1.5242,0.4505,1972162577.0,13007867454.080568,2026-07-14
2024-05-20,sh.600399,抚顺特钢,6.6450334,6.605597,6.7140471,6.5267242,42258477.0,283359321.13,2.1428,0.1495,1972114850.0,13026995936.81545,2026-07-14
2024-05-21,sh.600399,抚顺特钢,6.605597,6.507006,6.6154561,6.4675696,29370179.0,194004822.46,1.4893,-1.4925,1972079433.0,12832332703.007597,2026-07-14
2024-05-22,sh.600399,抚顺特钢,6.4774287,6.4281332,6.5365833,6.3788377,27215000.0,177767913.0,1.38,-1.2121,1972101449.0,12676930798.085007,2026-07-14
2024-05-23,sh.600399,抚顺特钢,6.3886968,6.2506694,6.4478514,6.2210921,33306302.0,213507169.37,1.6889,-2.7607,1972070697.0,12326761960.37457,2026-07-14
2024-05-24,sh.600399,抚顺特钢,6.2210921,6.1915148,6.3492604,6.1915148,26035489.0,165064952.49,1.3202,-0.9464,1972086729.0,12210204169.48709,2026-07-14
2024-05-27,sh.600399,抚顺特钢,6.2309512,6.1915148,6.2506694,6.0534874,27997300.0,174322684.87,1.4197,0.0,1972057477.0,12210023055.29616,2026-07-14
2024-05-28,sh.600399,抚顺特钢,6.1915148,6.1323602,6.2408103,6.1027829,24545963.0,153340694.23,1.2447,-0.9554,1972038483.0,12093250306.017576,2026-07-14
2024-05-29,sh.600399,抚顺特钢,6.112642,6.1520784,6.2703876,6.1027829,23724626.0,148671575.15,1.203,0.3215,1972121862.0,12132648309.377981,2026-07-14
2024-05-30,sh.600399,抚顺特钢,6.1520784,6.211233,6.2408103,6.0830647,23966774.0,150430969.25,1.2153,0.9615,1972087057.0,12249092207.311281,2026-07-14
2024-05-31,sh.600399,抚顺特钢,6.211233,6.2210921,6.3196831,6.1717966,25525812.0,161466599.24,1.2943,0.1587,1972171212.0,12269058746.820625,2026-07-14
2024-06-03,sh.600399,抚顺特钢,6.1816557,5.91546,6.211233,5.8760236,58786407.0,356318751.07,2.9809,-4.9128,1972102620.0,11665894164.505201,2026-07-14
2024-06-04,sh.600399,抚顺特钢,5.8957418,6.014051,6.0239101,5.8464463,39487373.0,238407452.57,2.0023,1.6667,1972100734.0,11860314391.413435,2026-07-14
2024-06-05,sh.600399,抚顺特钢,6.014051,5.9647555,6.1323602,5.9548964,27109402.0,166409820.38,1.3746,-0.8197,1972166594.0,11763491538.477766,2026-07-14
2024-06-06,sh.600399,抚顺特钢,5.9746146,5.8365872,6.014051,5.8070099,31521961.0,187635875.56,1.5984,-2.1488,1972094657.0,11510302432.23459,2026-07-14
2024-06-07,sh.600399,抚顺特钢,5.8365872,5.8661645,5.9253191,5.7971508,21761954.0,129503654.3,1.1035,0.5068,1972084640.0,11568572906.16328,2026-07-14
2024-06-11,sh.600399,抚顺特钢,5.8563054,5.8858827,5.91546,5.7478553,22882048.0,135697826.27,1.1603,0.3361,1972080324.0,11607433462.041994,2026-07-14
2024-06-12,sh.600399,抚顺特钢,5.8661645,5.91546,5.9450373,5.8563054,17177176.0,102918546.0,0.871,0.5025,1972121240.0,11666004310.370401,2026-07-14
2024-06-13,sh.600399,抚顺特钢,5.91546,6.112642,6.211233,5.8858827,48196887.0,297362656.52,2.4439,3.3333,1972130079.0,12054925150.358719,2026-07-14
2024-06-14,sh.600399,抚顺特钢,6.112642,6.0633465,6.112642,5.91546,50535524.0,306915087.37,2.5625,-0.8065,1972118010.0,11957634833.520464,2026-07-14
2024-06-17,sh.600399,抚顺特钢,6.0239101,5.9450373,6.112642,5.9253191,28097397.0,170770212.76,1.4247,-1.9512,1972162350.0,11724578732.405655,2026-07-14
2024-06-18,sh.600399,抚顺特钢,5.9548964,5.816869,5.9746146,5.7675735,37097694.0,220568208.28,1.8811,-2.1559,1972127691.0,11471608429.819479,2026-07-14
2024-06-19,sh.600399,抚顺特钢,5.8467548,5.7869924,5.8666756,5.7571112,21588700.0,125867002.74,1.0947,-0.5137,1972111081.0,11412591837.702784,2026-07-14
2024-06-20,sh.600399,抚顺特钢,5.7670716,5.6475468,5.826834,5.6475468,23864650.0,136814421.0,1.2101,-2.4096,1972122139.0,11137652075.318605,2026-07-14
2024-06-21,sh.600399,抚顺特钢,5.6475468,5.627626,5.7371904,5.5877844,21212028.0,120234754.35,1.0756,-0.3527,1972111194.0,11098304230.245445,2026-07-14
2024-06-24,sh.600399,抚顺特钢,5.5877844,5.5081012,5.5977448,5.4483388,31611383.0,175257879.99,1.6029,-2.1239,1972136939.0,10862729840.270226,2026-07-14
2024-06-25,sh.600399,抚顺特钢,5.528022,5.528022,5.627626,5.47822,31682534.0,176879127.93,1.6065,0.3617,1972146530.0,10902069405.06366,2026-07-14
2024-06-26,sh.600399,抚顺特钢,5.5180616,5.72723,5.7371904,5.4582992,30324900.0,170951118.0,1.5377,3.6036,1972094687.0,11294639854.227009,2026-07-14
2024-06-27,sh.600399,抚顺特钢,5.6873884,5.5479428,5.7371904,5.5479428,25937997.0,146335874.96,1.3152,-3.1304,1972171305.0,10941493591.941355,2026-07-14
2024-06-28,sh.600399,抚顺特钢,5.5579032,5.6077052,5.7571112,5.528022,25008350.0,142371893.5,1.2681,1.0772,1972111821.0,11059021713.603168,2026-07-14
2024-07-01,sh.600399,抚顺特钢,5.5977448,5.5081012,5.627626,5.3487348,35848535.0,196505455.5,1.8178,-1.7762,1972083563.0,10862435839.860575,2026-07-14
2024-07-02,sh.600399,抚顺特钢,5.4881804,5.3985368,5.5081012,5.378616,22978600.0,125266698.88,1.1652,-1.9892,1972073464.0,10646311167.707474,2026-07-14
2024-07-03,sh.600399,抚顺特钢,5.378616,5.3686556,5.4383784,5.328814,18671900.0,100850903.0,0.9468,-0.5535,1972106041.0,10587558140.80848,2026-07-14
2024-07-04,sh.600399,抚顺特钢,5.3487348,5.2491308,5.4084972,5.2192496,25191783.0,134034978.75,1.2774,-2.2263,1972113903.0,10351883829.345512,2026-07-14
2024-07-05,sh.600399,抚顺特钢,5.2491308,5.2690516,5.2889724,5.1594872,19700201.0,103443647.31,0.9989,0.3795,1972189508.0,10391568282.630613,2026-07-14
2024-07-08,sh.600399,抚顺特钢,5.2590912,5.3686556,5.378616,5.0698436,59558203.0,311473224.42,3.02,1.8904,1972125927.0,10587664901.893742,2026-07-14
2024-07-09,sh.600399,抚顺特钢,5.428418,5.5180616,5.577824,5.1993288,98509277.0,536512518.96,4.9951,2.7829,1972118216.0,10882269798.370106,2026-07-14
2024-07-10,sh.600399,抚顺特钢,5.4682596,5.6375864,5.72723,5.4184576,84377721.0,474415772.09,4.2786,2.1661,1972087155.0,11117811724.642693,2026-07-14
2024-07-11,sh.600399,抚顺特钢,5.677428,6.175448,6.175448,5.6475468,102577614.0,611674745.29,5.2014,9.5406,1972115469.0,12178696528.805113,2026-07-14
2024-07-12,sh.600399,抚顺特钢,6.1156856,6.0061212,6.1156856,5.9363984,70684011.0,426061065.69,3.5842,-2.7419,1972100078.0,11844672086.997454,2026-07-14
2024-07-15,sh.600399,抚顺特钢,6.0559232,6.4842204,6.524062,6.0559232,114781059.0,734032891.26,5.8202,7.9602,1972115374.0,12787630739.244429,2026-07-14
2024-07-16,sh.600399,抚顺特钢,6.374656,6.3348144,6.4443788,6.22525,60740519.0,385131241.65,3.08,-2.3041,1972094773.0,12492854366.16513,2026-07-14
2024-07-17,sh.600399,抚顺特钢,6.3148936,6.3049332,6.4144976,6.2551312,44217473.0,280997732.24,2.2422,-0.4717,1972057488.0,12433690728.399801,2026-07-14
2024-07-18,sh.600399,抚顺特钢,6.3148936,6.275052,6.3646956,6.1156856,44492100.0,278497458.0,2.2561,-0.4739,1972080138.0,12374905414.117176,2026-07-14
2024-07-19,sh.600399,抚顺特钢,6.2551312,6.175448,6.2850124,6.125646,48362800.0,300669621.0,2.4524,-1.5873,1972060023.0,12178354124.915304,2026-07-14
2024-07-22,sh.600399,抚顺特钢,6.1455668,6.1953688,6.22525,6.1156856,29754400.0,184376535.0,1.5088,0.3226,1972057264.0,12217622045.198963,2026-07-14
2024-07-23,sh.600399,抚顺特钢,6.2053292,5.9363984,6.2850124,5.8965568,53290600.0,323387418.0,2.7022,-4.1801,1972119014.0,11707284159.319178,2026-07-14
2024-07-24,sh.600399,抚顺特钢,5.9065172,5.677428,5.9363984,5.5977448,55873503.0,323889176.36,2.8332,-4.3624,1972098793.0,11196448906.144403,2026-07-14
2024-07-25,sh.600399,抚顺特钢,5.6176656,5.5379824,5.6575072,5.5081012,40557300.0,226475194.0,2.0566,-2.4561,1972055820.0,10921210422.977568,2026-07-14
2024-07-26,sh.600399,抚顺特钢,5.5579032,5.72723,5.7670716,5.5579032,37248356.0,213057701.88,1.8888,3.4173,1972064591.0,11294467487.51293,2026-07-14
2024-07-29,sh.600399,抚顺特钢,5.7670716,5.7471508,6.0061212,5.6375864,60082000.0,349709035.0,3.0466,0.3478,1972100046.0,11333956357.048937,2026-07-14
2024-07-30,sh.600399,抚顺特钢,5.7073092,5.5877844,5.72723,5.5479428,54218900.0,304763799.81,2.7493,-2.773,1972098352.0,11019660406.57131,2026-07-14
2024-07-31,sh.600399,抚顺特钢,5.5877844,5.826834,5.8567152,5.577824,54411697.0,313749058.53,2.7591,4.2781,1972081367.0,11490990760.002077,2026-07-14
2024-08-01,sh.600399,抚顺特钢,5.8567152,5.6674676,5.9065172,5.6575072,50248700.0,288971324.84,2.548,-2.735,1972083987.0,11176722100.801321,2026-07-14
2024-08-02,sh.600399,抚顺特钢,5.6375864,5.5977448,5.8168736,5.5877844,38922564.0,221848867.67,1.9737,-1.2302,1972060800.0,11039093088.48384,2026-07-14
2024-08-05,sh.600399,抚顺特钢,5.5379824,5.3487348,5.6575072,5.328814,48312959.0,265940212.73,2.4498,-4.4484,1972118499.0,10548338845.325066,2026-07-14
2024-08-06,sh.600399,抚顺特钢,5.4184576,5.4881804,5.5379824,5.378616,35850450.0,196341749.55,1.8179,2.6071,1972080422.0,10823133119.24413,2026-07-14
2024-08-07,sh.600399,抚顺特钢,5.4682596,5.4981408,5.5678636,5.4184576,28357600.0,156907877.0,1.4379,0.1815,1972153835.0,10843179464.089968,2026-07-14
2024-08-08,sh.600399,抚顺特钢,5.47822,5.4184576,5.4881804,5.3387744,30866052.0,167652952.36,1.5651,-1.4493,1972145678.0,10685987737.266253,2026-07-14
2024-08-09,sh.600399,抚顺特钢,5.4383784,5.3487348,5.4881804,5.3387744,26800655.0,145404468.8,1.359,-1.2868,1972086461.0,10548167482.559542,2026-07-14
2024-08-12,sh.600399,抚顺特钢,5.3487348,5.22921,5.3586952,5.1993288,29118125.0,153533522.75,1.4765,-2.2346,1972104639.0,10312549299.305191,2026-07-14
2024-08-13,sh.600399,抚顺特钢,5.2391704,5.3188536,5.328814,5.179408,25969800.0,137116330.0,1.3169,1.7143,1972040398.0,10488994170.247732,2026-07-14
2024-08-14,sh.600399,抚顺特钢,5.328814,5.2491308,5.3387744,5.2391704,19100439.0,101041719.14,0.9685,-1.3109,1972167166.0,10352163413.799313,2026-07-14
2024-08-15,sh.600399,抚顺特钢,5.2491308,5.2690516,5.3088932,5.179408,36727302.0,193701041.45,1.8623,0.3795,1972147452.0,10391346687.396523,2026-07-14
2024-08-16,sh.600399,抚顺特钢,5.2590912,5.1495268,5.2989328,5.1395664,36846546.0,192167786.47,1.8684,-2.2684,1972090880.0,10155334838.595585,2026-07-14
2024-08-19,sh.600399,抚顺特钢,5.129606,5.1395664,5.22921,5.1196456,29810788.0,154575193.69,1.5116,-0.1934,1972134692.0,10135917199.277548,2026-07-14
2024-08-20,sh.600399,抚顺特钢,5.1395664,5.0997248,5.1694476,5.0698436,22324969.0,114368486.97,1.132,-0.7752,1972170406.0,10057526329.304268,2026-07-14
2024-08-21,sh.600399,抚顺特钢,5.079804,5.079804,5.1096852,5.0598832,17210739.0,87778754.62,0.8727,-0.3906,1972125473.0,10018010866.247292,2026-07-14
2024-08-22,sh.600399,抚顺特钢,5.079804,4.9901604,5.129606,4.9901604,24928943.0,126274211.29,1.2641,-1.7647,1972070485.0,9840948040.255793,2026-07-14
2024-08-23,sh.600399,抚顺特钢,4.9901604,4.9005168,5.0001208,4.8905564,25022800.0,123753829.0,1.2688,-1.7964,1972162673.0,9664616311.369406,2026-07-14
2024-08-26,sh.600399,抚顺特钢,4.9104772,4.9901604,5.0100812,4.9005168,17950709.0,89575209.09,0.9102,1.8293,1972171940.0,9841454316.979176,2026-07-14
2024-08-27,sh.600399,抚顺特钢,4.9901604,4.8905564,4.9901604,4.880596,19919302.0,98217473.84,1.0101,-1.996,1972012870.0,9644240162.260868,2026-07-14
2024-08-28,sh.600399,抚顺特钢,4.8905564,4.9005168,4.9403584,4.8606752,17543600.0,86325285.0,0.8896,0.2037,1972077338.0,9664198125.768278,2026-07-14
2024-08-29,sh.600399,抚顺特钢,4.8905564,5.0499228,5.0698436,4.8606752,26813350.0,134443132.5,1.3596,3.0488,1972149897.0,9959204729.877953,2026-07-14
2024-08-30,sh.600399,抚顺特钢,5.0399624,5.179408,5.22921,5.030002,35177572.0,182166784.56,1.7838,2.5641,1972058078.0,10214093385.657824,2026-07-14
2024-09-02,sh.600399,抚顺特钢,5.1694476,5.0100812,5.179408,5.0001208,30237700.0,154120043.0,1.5333,-3.2692,1972066784.0,9880214719.66286,2026-07-14
2024-09-03,sh.600399,抚顺特钢,5.0001208,5.0598832,5.0897644,4.9901604,20959200.0,106046067.0,1.0628,0.994,1972073767.0,9978462922.804014,2026-07-14
2024-09-04,sh.600399,抚顺特钢,5.0100812,5.1196456,5.2092892,4.9901604,34444891.0,176436924.19,1.7466,1.1811,1972111016.0,10096509485.77593,2026-07-14
2024-09-05,sh.600399,抚顺特钢,5.129606,5.1694476,5.2192496,5.1096852,26209491.0,136063882.11,1.329,0.9728,1972121219.0,10194777302.468624,2026-07-14
2024-09-06,sh.600399,抚顺特钢,5.1893684,5.1395664,5.22921,5.129606,19130691.0,99014201.65,0.9701,-0.578,1972032883.0,10135393945.16193,2026-07-14
2024-09-09,sh.600399,抚顺特钢,5.1196456,5.179408,5.1993288,5.0698436,22362964.0,115455808.16,1.134,0.7752,1972042681.0,10214013638.312847,2026-07-14
2024-09-10,sh.600399,抚顺特钢,5.179408,5.1495268,5.2590912,5.0897644,22459500.0,116021621.0,1.1389,-0.5769,1972034419.0,10155044091.16293,2026-07-14
2024-09-11,sh.600399,抚顺特钢,5.129606,5.1096852,5.1993288,5.0897644,15792900.0,81384456.0,0.8008,-0.7737,1972140360.0,10077016409.814672,2026-07-14
2024-09-12,sh.600399,抚顺特钢,5.1196456,5.0897644,5.179408,5.079804,19042751.0,97892493.14,0.9656,-0.3899,1972115886.0,10037605229.237259,2026-07-14
2024-09-13,sh.600399,抚顺特钢,5.0897644,5.0698436,5.1495268,5.0598832,18229894.0,93375776.51,0.9244,-0.3914,1972078537.0,9998129749.506813,2026-07-14
2024-09-18,sh.600399,抚顺特钢,5.0698436,4.9802,5.079804,4.8905564,24431664.0,121846930.8,1.2389,-1.7682,1972044879.0,9821177906.3958,2026-07-14
2024-09-19,sh.600399,抚顺特钢,4.9901604,5.0598832,5.1495268,4.9602792,24569400.0,124880613.0,1.2458,1.6,1972178520.0,9978992960.748863,2026-07-14
2024-09-20,sh.600399,抚顺特钢,5.0698436,4.9901604,5.0698436,4.9503188,20914765.0,104904992.0,1.0605,-1.378,1972160773.0,9841398591.857988,2026-07-14
2024-09-23,sh.600399,抚顺特钢,4.9901604,4.9005168,5.0399624,4.8905564,31339049.0,155940400.08,1.5891,-1.7964,1972125669.0,9664434972.645739,2026-07-14
2024-09-24,sh.600399,抚顺特钢,4.930398,5.1893684,5.1893684,4.930398,73276720.0,373440567.39,3.7157,5.8943,1972083860.0,10233869665.234024,2026-07-14
2024-09-25,sh.600399,抚顺特钢,5.279012,5.1594872,5.3387744,5.1196456,74864798.0,394484802.52,3.7962,-0.5758,1972098362.0,10175016255.879967,2026-07-14
2024-09-26,sh.600399,抚顺特钢,5.1694476,5.4682596,5.47822,5.1395664,93585652.0,501867450.02,4.7455,5.9846,1972092551.0,10783914024.094238,2026-07-14
2024-09-27,sh.600399,抚顺特钢,5.577824,5.7073092,5.777032,5.4682596,65824182.0,369980463.74,3.3378,4.3716,1972082869.0,11255286701.406096,2026-07-14
2024-09-30,sh.600399,抚顺特钢,6.075844,6.275052,6.275052,5.8367944,176340851.0,1081131338.67,8.9418,9.9476,1972095674.0,12375002903.325047,2026-07-14
2024-10-08,sh.600399,抚顺特钢,6.9025572,6.72327,6.9025572,6.3348144,176171393.0,1178649557.02,8.9332,7.1429,1972097266.0,13258942385.57982,2026-07-14
2024-10-09,sh.600399,抚顺特钢,6.6535472,6.1156856,6.6535472,6.0858044,122085761.0,778678476.39,6.1906,-9.037,1972115158.0,12060836273.322325,2026-07-14
2024-10-10,sh.600399,抚顺特钢,6.075844,6.1854084,6.374656,6.0360024,93719006.0,584287742.19,4.7522,1.1401,1972118303.0,12198357117.169945,2026-07-14
2024-10-11,sh.600399,抚顺特钢,6.1854084,5.9662796,6.22525,5.8965568,58747540.0,355705265.5,2.9789,-3.5427,1972121924.0,11766230803.873951,2026-07-14
2024-10-14,sh.600399,抚顺特钢,6.0061212,6.3049332,6.3148936,5.9662796,86247057.0,535676583.37,4.3734,5.6761,1972082522.0,12433848566.09753,2026-07-14
2024-10-15,sh.600399,抚顺特钢,6.324854,6.3348144,6.5041412,6.125646,84807116.0,539403638.6,4.3003,0.4739,1972120922.0,12493020015.226877,2026-07-14
2024-10-16,sh.600399,抚顺特钢,6.2451708,6.4144976,6.4344184,6.22525,71139750.0,452100964.0,3.6073,1.2579,1972105176.0,12650063918.399578,2026-07-14
2024-10-17,sh.600399,抚顺特钢,6.3646956,7.0420028,7.0519632,6.3646956,206985192.0,1443890111.59,10.4957,9.7826,1972095163.0,13887499659.712456,2026-07-14
2024-10-18,sh.600399,抚顺特钢,6.9324384,7.7491912,7.7491912,6.872676,283345781.0,2116446763.38,14.3677,10.0424,1972102570.0,15282199880.941385,2026-07-14
2024-10-21,sh.600399,抚顺特钢,7.569904,7.1515672,7.569904,6.97228,298567504.0,2151651781.79,15.1396,-7.7121,1972096383.0,14103579807.901438,2026-07-14
2024-10-22,sh.600399,抚顺特钢,7.0420028,7.121686,7.1814484,6.922478,152651282.0,1076533036.46,7.7405,-0.4178,1972111388.0,14044758062.360168,2026-07-14
2024-10-23,sh.600399,抚顺特钢,7.0320424,7.1117256,7.3806564,7.0021612,153077588.0,1106839544.44,7.7622,-0.1399,1972090232.0,14024964588.42434,2026-07-14
2024-10-24,sh.600399,抚顺特钢,7.0320424,6.97228,7.0818444,6.9324384,81196993.0,569178310.65,4.1173,-1.9608,1972093192.0,13749985920.71776,2026-07-14
2024-10-25,sh.600399,抚顺特钢,6.922478,7.022082,7.1017652,6.9125176,83213439.0,586369469.79,4.2195,0.7143,1972116104.0,13848360995.808529,2026-07-14
2024-10-28,sh.600399,抚顺特钢,7.022082,7.2013692,7.3507752,7.0021612,140068246.0,1012716129.24,7.1025,2.5532,1972097797.0,14201804334.703653,2026-07-14
2024-10-29,sh.600399,抚顺特钢,7.2511712,6.9822404,7.2511712,6.8925968,130467855.0,923053672.15,6.6157,-3.0429,1972094487.0,13769637799.748674,2026-07-14
2024-10-30,sh.600399,抚顺特钢,6.922478,6.9324384,7.0420028,6.822874,69221170.0,480855872.29,3.51,-0.7133,1972113105.0,13671552618.245232,2026-07-14
2024-10-31,sh.600399,抚顺特钢,6.9423988,6.9922008,7.2511712,6.9423988,99760389.0,710516774.57,5.0586,0.8621,1972094829.0,13789283041.009663,2026-07-14
2024-11-01,sh.600399,抚顺特钢,7.071884,6.8627156,7.1017652,6.7830324,73256028.0,507845166.18,3.7146,-1.8519,1972110806.0,13534035593.264772,2026-07-14
2024-11-04,sh.600399,抚顺特钢,6.8627156,7.0121216,7.1316464,6.822874,76841595.0,538069500.92,3.8964,2.1771,1972117724.0,13828729290.20324,2026-07-14
2024-11-05,sh.600399,抚顺特钢,6.9523592,7.2312504,7.3009732,6.9523592,111797965.0,805691643.9,5.669,3.125,1972093226.0,14260699929.34979,2026-07-14
2024-11-06,sh.600399,抚顺特钢,7.2810524,7.1814484,7.3408148,7.071884,84928846.0,612892185.36,4.3065,-0.6887,1972108348.0,14162594340.371243,2026-07-14
2024-11-07,sh.600399,抚顺特钢,7.1017652,7.2312504,7.2312504,7.0619236,79109387.0,568026045.53,4.0114,0.6935,1972114150.0,14260851236.033161,2026-07-14
2024-11-08,sh.600399,抚顺特钢,7.2810524,7.121686,7.4105376,7.1017652,98697584.0,717255086.04,5.0047,-1.5152,1972097908.0,14044662062.032888,2026-07-14
2024-11-11,sh.600399,抚顺特钢,7.0818444,7.3308544,7.420498,7.071884,92994402.0,678256961.5,4.7155,2.9371,1972100562.0,14457182082.180172,2026-07-14
2024-11-12,sh.600399,抚顺特钢,7.3806564,7.4005772,7.6296664,7.2810524,102922729.0,765808455.03,5.2189,0.9511,1972115369.0,14594792035.590986,2026-07-14
2024-11-13,sh.600399,抚顺特钢,7.3507752,7.4603396,7.619706,7.2511712,101083548.0,756786068.27,5.1257,0.8075,1972092553.0,14712480168.011,2026-07-14
2024-11-14,sh.600399,抚顺特钢,7.3906168,7.1515672,7.6495872,7.1316464,76264374.0,562337437.04,3.8672,-4.1389,1972082489.0,14103480444.02676,2026-07-14
2024-11-15,sh.600399,抚顺特钢,7.1117256,6.922478,7.271092,6.872676,64799878.0,460231942.53,3.2858,-3.2033,1972118753.0,13651948681.029934,2026-07-14
2024-11-18,sh.600399,抚顺特钢,6.8925968,6.6137056,7.0121216,6.573864,71725979.0,483289510.07,3.637,-4.4604,1972119302.0,13043016471.505491,2026-07-14
2024-11-19,sh.600399,抚顺特钢,6.573864,6.6535472,6.673468,6.4642996,50856436.0,336327255.76,2.5788,0.6024,1972096944.0,13121440099.879757,2026-07-14
2024-11-20,sh.600399,抚顺特钢,6.6336264,6.7332304,6.773072,6.6037452,33186548.0,223239611.09,1.6828,1.1976,1972102924.0,13278623359.805689,2026-07-14
2024-11-21,sh.600399,抚顺特钢,6.6834284,6.7531512,6.822874,6.673468,32074004.0,217138098.88,1.6264,0.2959,1972085834.0,13317793816.3801,2026-07-14
2024-11-22,sh.600399,抚顺特钢,6.7332304,6.3646956,6.7531512,6.3348144,52822484.0,347230095.59,2.6785,-5.7522,1972091992.0,12551765224.277636,2026-07-14
2024-11-25,sh.600399,抚顺特钢,6.374656,6.3148936,6.4045372,6.1953688,38582900.0,243130807.0,1.9564,-0.7825,1972137600.0,12453839108.55936,2026-07-14
2024-11-26,sh.600399,抚顺特钢,6.324854,6.2152896,6.3447748,6.2053292,33363550.0,209452943.5,1.6918,-1.5773,1972074122.0,12257011780.895731,2026-07-14
2024-11-27,sh.600399,抚顺特钢,6.2451708,6.4941808,6.4941808,6.125646,51085275.0,323665272.75,2.5904,4.4872,1972099869.0,12807173104.942314,2026-07-14
2024-11-28,sh.600399,抚顺特钢,6.4443788,6.4344184,6.524062,6.4144976,32672085.0,211813395.16,1.6567,-0.9202,1972118368.0,12689434714.037172,2026-07-14
2024-11-29,sh.600399,抚顺特钢,6.3945768,6.4941808,6.573864,6.3945768,32300367.0,210450754.87,1.6379,0.9288,1972059772.0,12806912707.774776,2026-07-14
2024-12-02,sh.600399,抚顺特钢,6.4941808,6.6137056,6.623666,6.4941808,39980503.0,263229985.54,2.0273,1.8405,1972105904.0,13042927861.077864,2026-07-14
2024-12-03,sh.600399,抚顺特钢,6.5838244,6.5141016,6.6137056,6.4543392,36054083.0,235679314.0,1.8282,-1.506,1972108249.0,12846513500.1841,2026-07-14
2024-12-04,sh.600399,抚顺特钢,6.5041412,6.424458,6.5141016,6.3945768,28021916.0,181577482.7,1.4209,-1.3761,1972124428.0,12669830558.460024,2026-07-14
2024-12-05,sh.600399,抚顺特钢,6.4045372,6.524062,6.5539432,6.3547352,31386786.0,204751380.14,1.5915,1.5504,1972151178.0,12866436558.645035,2026-07-14
2024-12-06,sh.600399,抚顺特钢,6.5041412,6.5639036,6.5838244,6.4344184,30215956.0,198129997.97,1.5322,0.6107,1972063438.0,12944434300.116577,2026-07-14
2024-12-09,sh.600399,抚顺特钢,6.5340224,6.4842204,6.6137056,6.4443788,30548900.0,200085744.0,1.5491,-1.214,1972041831.0,12787153870.223553,2026-07-14
2024-12-10,sh.600399,抚顺特钢,6.6635076,6.5141016,6.6933888,6.4941808,53030564.0,352138202.71,2.689,0.4608,1972129565.0,12846652354.773804,2026-07-14
2024-12-11,sh.600399,抚顺特钢,6.524062,6.573864,6.6137056,6.4842204,28851200.0,190317164.0,1.463,0.9174,1972057416.0,12964037252.975424,2026-07-14
2024-12-12,sh.600399,抚顺特钢,6.573864,6.623666,6.673468,6.524062,41812585.0,277258640.5,2.1202,0.7576,1972105698.0,13062569460.248869,2026-07-14
2024-12-13,sh.600399,抚顺特钢,6.6137056,6.5639036,6.72327,6.4344184,86985087.0,572265940.33,4.4108,-0.9023,1972093203.0,12944629674.70723,2026-07-14
2024-12-16,sh.600399,抚顺特钢,6.573864,6.3348144,6.6037452,6.2451708,62794652.0,399963269.66,3.1842,-3.4901,1972069970.0,12492697243.763567,2026-07-14
2024-12-17,sh.600399,抚顺特钢,6.2850124,6.2152896,6.3646956,6.1953688,32585505.0,204632305.15,1.6523,-1.8868,1972130061.0,12257359457.980665,2026-07-14
2024-12-18,sh.600399,抚顺特钢,6.2152896,6.2352104,6.324854,6.1953688,23972131.0,150843720.06,1.2156,0.3205,1972041050.0,12296090864.18692,2026-07-14
2024-12-19,sh.600399,抚顺特钢,6.1854084,6.2551312,6.2850124,6.125646,25243040.0,156978675.4,1.28,0.3195,1972112500.0,12335822428.66,2026-07-14
2024-12-20,sh.600399,抚顺特钢,6.2352104,6.1953688,6.275052,6.1854084,21531750.0,134467271.5,1.0918,-0.9554,1972133175.0,12218092341.83994,2026-07-14
2024-12-23,sh.600399,抚顺特钢,6.1854084,6.0360024,6.1953688,6.0360024,30663226.0,187567079.38,1.5549,-2.5723,1972038459.0,11903228871.416302,2026-07-14
2024-12-24,sh.600399,抚顺特钢,6.0360024,6.1057252,6.1455668,6.0160816,22302600.0,136094124.0,1.1309,1.1551,1972110708.0,12041166047.025442,2026-07-14
2024-12-25,sh.600399,抚顺特钢,6.0858044,6.0061212,6.1057252,5.9662796,22702442.0,136965249.62,1.1512,-1.6313,1972067582.0,11844476912.08294,2026-07-14
2024-12-26,sh.600399,抚顺特钢,6.0061212,6.0459628,6.1555272,5.9961608,27566900.0,167962566.0,1.3978,0.6633,1972163400.0,11923626551.92152,2026-07-14
2024-12-27,sh.600399,抚顺特钢,6.075844,6.0459628,6.1555272,6.026042,31149057.0,190483859.28,1.5795,0.0,1972083381.0,11923142760.024227,2026-07-14
2024-12-30,sh.600399,抚顺特钢,6.0160816,5.9662796,6.0559232,5.9563192,27300850.0,164262571.5,1.3844,-1.318,1972034817.0,11765711099.156834,2026-07-14
2024-12-31,sh.600399,抚顺特钢,5.9862004,5.777032,5.9961608,5.777032,36752355.0,216216964.79,1.8636,-3.172,1972116066.0,11392977620.996113,2026-07-14
2025-01-02,sh.600399,抚顺特钢,5.7670716,5.6077052,5.826834,5.5579032,37762200.0,216051345.0,1.9148,-2.931,1972122415.0,11059081121.632057,2026-07-14
2025-01-03,sh.600399,抚顺特钢,5.6077052,5.4981408,5.6873884,5.4881804,33464700.0,187675048.0,1.6969,-1.9538,1972107962.0,10842927247.877048,2026-07-14
2025-01-06,sh.600399,抚顺特钢,5.4981408,5.5479428,5.577824,5.4582992,27317742.0,151645241.65,1.3852,0.9058,1972115362.0,10941183223.377295,2026-07-14
2025-01-07,sh.600399,抚顺特钢,5.5479428,5.5479428,5.577824,5.47822,23358766.0,129782634.65,1.1845,0.0,1972035965.0,10940742733.362803,2026-07-14
2025-01-08,sh.600399,抚顺特钢,5.5379824,5.4881804,5.5479428,5.3686556,29439015.0,161481868.1,1.4928,-1.0772,1972066921.0,10823059023.320549,2026-07-14
2025-01-09,sh.600399,抚顺特钢,5.4483388,5.4682596,5.5180616,5.4383784,21904250.0,120543695.0,1.1107,-0.363,1972112182.0,10784021371.498447,2026-07-14
2025-01-10,sh.600399,抚顺特钢,5.4682596,5.378616,5.577824,5.378616,23995300.0,131713102.0,1.2167,-1.6393,1972162407.0,10607504276.888712,2026-07-14
2025-01-13,sh.600399,抚顺特钢,5.3487348,5.4483388,5.4582992,5.2989328,20354750.0,110407243.5,1.0321,1.2963,1972168395.0,10745041586.612226,2026-07-14
2025-01-14,sh.600399,抚顺特钢,5.428418,5.6077052,5.6176656,5.428418,33502440.0,186008930.29,1.6988,2.925,1972123852.0,11059089179.90443,2026-07-14
2025-01-15,sh.600399,抚顺特钢,5.5977448,5.627626,5.8865964,5.5977448,41667317.0,237926787.05,2.1128,0.3552,1972137306.0,11098451178.815556,2026-07-14
2025-01-16,sh.600399,抚顺特钢,5.627626,5.577824,5.72723,5.5479428,32813517.0,185402634.07,1.6639,-0.885,1972084681.0,10999941263.714144,2026-07-14
2025-01-17,sh.600399,抚顺特钢,5.5379824,5.577824,5.6176656,5.5081012,19778051.0,110444009.61,1.0029,0.0,1972086050.0,10999948899.7552,2026-07-14
2025-01-20,sh.600399,抚顺特钢,5.5081012,5.4881804,5.5379824,5.378616,33060583.0,181555095.17,1.6764,-1.6071,1972117812.0,10823338322.309284,2026-07-14
2025-01-21,sh.600399,抚顺特钢,5.4981408,5.3985368,5.5180616,5.378616,24079954.0,130990187.61,1.221,-1.6334,1972150205.0,10646725456.820044,2026-07-14
2025-01-22,sh.600399,抚顺特钢,5.3985368,5.3487348,5.4084972,5.3088932,20168393.0,108178300.48,1.0227,-0.9225,1972073238.0,10548096756.239283,2026-07-14
2025-01-23,sh.600399,抚顺特钢,5.3985368,5.2889724,5.4682596,5.2889724,30387800.0,164196514.0,1.5409,-1.1173,1972081251.0,10430283307.096472,2026-07-14
2025-01-24,sh.600399,抚顺特钢,5.2889724,5.3885764,5.4383784,5.2690516,35021953.0,188091226.89,1.7759,1.8832,1972067853.0,10626638291.87447,2026-07-14
2025-01-27,sh.600399,抚顺特钢,5.378616,5.3387744,5.4383784,5.328814,22294772.0,120314120.08,1.1305,-0.9242,1972116055.0,10528682708.262993,2026-07-14
2025-02-05,sh.600399,抚顺特钢,5.378616,5.3487348,5.4084972,5.3088932,21246800.0,114430512.0,1.0774,0.1866,1972043809.0,10547939348.322853,2026-07-14
2025-02-06,sh.600399,抚顺特钢,5.3387744,5.5479428,5.5579032,5.3188536,38515701.0,211218527.01,1.953,3.7244,1972130108.0,10941265033.341824,2026-07-14
2025-02-07,sh.600399,抚顺特钢,5.528022,5.5877844,5.6375864,5.4981408,38547900.0,215832267.0,1.9547,0.7181,1972062209.0,11019458447.27974,2026-07-14
2025-02-10,sh.600399,抚顺特钢,5.577824,5.6176656,5.6375864,5.528022,34615253.0,194569528.86,1.7552,0.5348,1972154341.0,11078903599.326368,2026-07-14
2025-02-11,sh.600399,抚顺特钢,5.627626,5.5579032,5.6375864,5.528022,25651600.0,143137978.0,1.3007,-1.0638,1972138079.0,10960952540.115953,2026-07-14
2025-02-12,sh.600399,抚顺特钢,5.5379824,5.577824,5.577824,5.4881804,27650800.0,153747540.0,1.4021,0.3584,1972098994.0,11000021099.109055,2026-07-14
2025-02-13,sh.600399,抚顺特钢,5.5579032,5.528022,5.5977448,5.5180616,31492400.0,175408793.5,1.5969,-0.8929,1972095936.0,10901789720.318592,2026-07-14
2025-02-14,sh.600399,抚顺特钢,5.5180616,5.4881804,5.5678636,5.4582992,25406200.0,140372043.0,1.2883,-0.7207,1972071722.0,10823085372.07465,2026-07-14
2025-02-17,sh.600399,抚顺特钢,5.4981408,5.47822,5.5479428,5.4582992,28515655.0,157266643.3,1.446,-0.1815,1972036999.0,10803252528.661781,2026-07-14
2025-02-18,sh.600399,抚顺特钢,5.4881804,5.3885764,5.4881804,5.3686556,27431722.0,149698409.56,1.391,-1.6364,1972086413.0,10626738303.852453,2026-07-14
2025-02-19,sh.600399,抚顺特钢,5.3686556,5.428418,5.428418,5.3487348,23850424.0,129538826.54,1.2094,0.7394,1972087316.0,10705314283.746088,2026-07-14
2025-02-20,sh.600399,抚顺特钢,5.428418,5.4881804,5.5479428,5.3885764,35876440.0,197392936.8,1.8192,1.1009,1972099824.0,10823239600.92025,2026-07-14
2025-02-21,sh.600399,抚顺特钢,5.4682596,5.4881804,5.528022,5.3985368,34093340.0,187043776.0,1.7288,0.0,1972081212.0,10823137454.906645,2026-07-14
2025-02-24,sh.600399,抚顺特钢,5.4881804,5.5081012,5.5479428,5.4582992,36013343.0,199003275.54,1.8261,0.363,1972145173.0,10862775193.975508,2026-07-14
2025-02-25,sh.600399,抚顺特钢,5.4682596,5.378616,5.4682596,5.3686556,44111968.0,239433500.02,2.2368,-2.3508,1972101574.0,10607177079.541584,2026-07-14
2025-02-26,sh.600399,抚顺特钢,5.3686556,5.7471508,5.8467548,5.3686556,115735846.0,655419587.45,5.8687,6.8519,1972086595.0,11333879052.123526,2026-07-14
2025-02-27,sh.600399,抚顺特钢,5.72723,5.6077052,5.7371904,5.5479428,58385302.0,328877853.3,2.9606,-2.4263,1972076674.0,11058824619.588505,2026-07-14
2025-02-28,sh.600399,抚顺特钢,5.577824,5.4483388,5.627626,5.4383784,46330900.0,257071556.0,2.3493,-2.8419,1972115098.0,10744751206.499203,2026-07-14
2025-03-03,sh.600399,抚顺特钢,5.4582992,5.5081012,5.5977448,5.4483388,41644750.0,231354460.0,2.1117,1.0969,1972095942.0,10862504024.64533,2026-07-14
2025-03-04,sh.600399,抚顺特钢,5.4981408,5.5678636,5.5877844,5.4682596,35194517.0,196098931.37,1.7846,1.085,1972123557.0,10980514967.722824,2026-07-14
2025-03-05,sh.600399,抚顺特钢,5.5579032,5.6176656,5.6176656,5.4383784,48745200.0,271043433.0,2.4717,0.8945,1972132540.0,11078781128.598623,2026-07-14
2025-03-06,sh.600399,抚顺特钢,5.6176656,5.577824,5.6176656,5.5180616,41347974.0,230758453.84,2.0966,-0.7092,1972144138.0,11000272904.395712,2026-07-14
2025-03-07,sh.600399,抚顺特钢,5.5479428,5.6176656,5.6873884,5.5379824,60894604.0,344398103.94,3.0878,0.7143,1972103245.0,11078616559.084871,2026-07-14
2025-03-10,sh.600399,抚顺特钢,5.6176656,5.6375864,5.72723,5.5977448,37817420.0,214407368.8,1.9176,0.3546,1972122445.0,11118010675.066748,2026-07-14
2025-03-11,sh.600399,抚顺特钢,5.5678636,5.6873884,5.6873884,5.5579032,42535542.0,240635109.53,2.1569,0.8834,1972068339.0,11215918595.235867,2026-07-14
2025-03-12,sh.600399,抚顺特钢,5.8567152,6.2551312,6.2551312,5.8567152,108579424.0,675733629.96,5.5058,9.9825,1972091685.0,12335692228.104073,2026-07-14
2025-03-13,sh.600399,抚顺特钢,6.275052,6.4941808,6.623666,6.2451708,263336973.0,1703235730.73,13.3531,3.8217,1972103654.0,12807197685.416643,2026-07-14
2025-03-14,sh.600399,抚顺特钢,6.4842204,6.3646956,6.5340224,6.1854084,127902005.0,808877935.24,6.4856,-1.9939,1972092096.0,12551765886.205978,2026-07-14
2025-03-17,sh.600399,抚顺特钢,6.2949728,6.2451708,6.524062,6.22525,79644112.0,503858071.08,4.0385,-1.8779,1972121134.0,12316233320.119688,2026-07-14
2025-03-18,sh.600399,抚顺特钢,6.22525,6.1555272,6.3049332,6.1057252,78536100.0,487075667.0,3.9824,-1.4354,1972079650.0,12139189926.14148,2026-07-14
2025-03-19,sh.600399,抚顺特钢,6.125646,6.0658836,6.1455668,6.0160816,58452054.0,355260633.78,2.9639,-1.4563,1972133135.0,11962730040.613087,2026-07-14
2025-03-20,sh.600399,抚顺特钢,6.0658836,6.1356064,6.3148936,6.0360024,93129000.0,576143390.0,4.7223,1.1494,1972111048.0,12100097167.619509,2026-07-14
2025-03-21,sh.600399,抚顺特钢,6.1057252,6.1555272,6.2551312,6.0957648,78042903.0,484560986.75,3.9574,0.3247,1972075176.0,12139162386.312786,2026-07-14
2025-03-24,sh.600399,抚顺特钢,6.2551312,6.0658836,6.3348144,5.9662796,89797032.0,552165238.38,4.5534,-1.4563,1972087495.0,11962453193.685583,2026-07-14
2025-03-25,sh.600399,抚顺特钢,6.1057252,6.2949728,6.3945768,6.0559232,139536803.0,879967344.18,7.0755,3.7767,1972112261.0,12414393041.5415,2026-07-14
2025-03-26,sh.600399,抚顺特钢,6.2949728,6.2053292,6.3148936,6.175448,70841253.0,442623525.31,3.5922,-1.4241,1972085435.0,12237439334.700203,2026-07-14
2025-03-27,sh.600399,抚顺特钢,6.1654876,6.0061212,6.175448,5.9961608,66447563.0,402744341.76,3.3694,-3.2103,1972088888.0,11844604878.501226,2026-07-14
2025-03-28,sh.600399,抚顺特钢,5.9862004,5.8965568,6.0459628,5.8567152,50388112.0,300350522.58,2.555,-1.8242,1972137456.0,11628820526.7115,2026-07-14
2025-03-31,sh.600399,抚顺特钢,5.8467548,5.7869924,5.8865964,5.7471508,38076152.0,221593387.03,1.9307,-1.8581,1972142332.0,11412772687.002277,2026-07-14
2025-04-01,sh.600399,抚顺特钢,5.7969528,5.8069132,5.8666756,5.7670716,37450755.0,218375071.6,1.899,0.3442,1972130332.0,11451989657.011183,2026-07-14
2025-04-02,sh.600399,抚顺特钢,5.826834,5.7471508,5.826834,5.6973488,47920600.0,275883348.0,2.4299,-1.0292,1972122310.0,11334084311.614347,2026-07-14
2025-04-03,sh.600399,抚顺特钢,5.6873884,5.7073092,5.777032,5.677428,39874694.0,229026890.68,2.0219,-0.6932,1972139770.0,11255611453.006884,2026-07-14
2025-04-07,sh.600399,抚顺特钢,5.4184576,5.1395664,5.528022,5.1395664,70995510.0,375525390.1,3.6,-9.9476,1972097500.0,10135726048.524,2026-07-14
2025-04-08,sh.600399,抚顺特钢,5.1096852,5.1395664,5.2391704,5.0598832,62782403.0,323620183.32,3.1835,0.0,1972118831.0,10135835680.614878,2026-07-14
2025-04-09,sh.600399,抚顺特钢,5.0598832,5.3088932,5.3487348,4.9104772,71220357.0,369258068.19,3.6114,3.2946,1972098272.0,10469659105.95255,2026-07-14
2025-04-10,sh.600399,抚顺特钢,5.3487348,5.3487348,5.4582992,5.3188536,54112164.0,292564817.26,2.7439,0.7505,1972089508.0,10548183780.154478,2026-07-14
2025-04-11,sh.600399,抚顺特钢,5.2889724,5.3487348,5.378616,5.2690516,37490220.0,201089068.61,1.901,0.0,1972131510.0,10548408437.713549,2026-07-14
2025-04-14,sh.600399,抚顺特钢,5.3686556,5.3387744,5.4582992,5.328814,41936903.0,226511194.08,2.1265,-0.1862,1972109241.0,10528646329.85423,2026-07-14
2025-04-15,sh.600399,抚顺特钢,5.2989328,5.2590912,5.3188536,5.1893684,35054363.0,184619095.01,1.7775,-1.4925,1972116062.0,10371538227.042854,2026-07-14
2025-04-16,sh.600399,抚顺特钢,5.2491308,5.1993288,5.279012,5.1395664,27426500.0,142975114.0,1.3907,-1.1364,1972136334.0,10253785238.89262,2026-07-14
2025-04-17,sh.600399,抚顺特钢,5.1594872,5.1993288,5.2690516,5.1594872,24694402.0,129605902.98,1.2522,0.0,1972081297.0,10253499083.433453,2026-07-14
2025-04-18,sh.600399,抚顺特钢,5.1993288,5.22921,5.2391704,5.1694476,18973000.0,99201789.04,0.9621,0.5747,1972040328.0,10312213003.580881,2026-07-14
2025-04-21,sh.600399,抚顺特钢,5.2192496,5.2391704,5.2690516,5.1993288,25679200.0,134793114.0,1.3021,0.1905,1972137317.0,10332363455.961817,2026-07-14
2025-04-22,sh.600399,抚顺特钢,5.2391704,5.2092892,5.2391704,5.1594872,28464650.0,148466258.5,1.4434,-0.5703,1972055563.0,10273007746.135818,2026-07-14
2025-04-23,sh.600399,抚顺特钢,5.2092892,5.2391704,5.2989328,5.1993288,33343666.0,175752252.5,1.6908,0.5736,1972064467.0,10331981782.398176,2026-07-14
2025-04-24,sh.600399,抚顺特钢,5.2491308,5.1893684,5.2491308,5.1594872,27790303.0,145088973.63,1.4092,-0.9506,1972062376.0,10233758176.843319,2026-07-14
2025-04-25,sh.600399,抚顺特钢,5.1993288,5.2192496,5.2590912,5.1993288,28903548.0,151745035.12,1.4656,0.5758,1972130731.0,10293042528.919458,2026-07-14
2025-04-28,sh.600399,抚顺特钢,5.2192496,5.1594872,5.2391704,5.1395664,33212519.0,172817935.68,1.6841,-1.145,1972122736.0,10175142013.22098,2026-07-14
2025-04-29,sh.600399,抚顺特钢,5.1594872,5.1893684,5.2192496,5.129606,27658196.0,144056593.03,1.4025,0.5792,1972063886.0,10233766012.789602,2026-07-14
2025-04-30,sh.600399,抚顺特钢,4.9901604,4.9702396,5.0499228,4.9403584,69440277.0,347717528.63,3.5211,-4.2226,1972118855.0,9801903229.027658,2026-07-14
2025-05-06,sh.600399,抚顺特钢,4.9602792,5.0598832,5.0698436,4.9602792,36096077.0,182556548.22,1.8303,1.8036,1972139922.0,9978797659.37711,2026-07-14
2025-05-07,sh.600399,抚顺特钢,5.0997248,5.22921,5.2889724,5.0598832,58972081.0,306172793.29,2.9903,3.3465,1972112531.0,10312590568.23051,2026-07-14
2025-05-08,sh.600399,抚顺特钢,5.2391704,5.2889724,5.2989328,5.1594872,47889672.0,252381159.6,2.4284,1.1429,1972066875.0,10430207272.829248,2026-07-14
2025-05-09,sh.600399,抚顺特钢,5.2989328,5.179408,5.2989328,5.1694476,34196924.0,179030423.78,1.734,-2.0716,1972140946.0,10214522592.839968,2026-07-14
2025-05-12,sh.600399,抚顺特钢,5.1993288,5.4084972,5.428418,5.1993288,75176673.0,404035448.74,3.812,4.4231,1972105797.0,10666128681.178268,2026-07-14
2025-05-13,sh.600399,抚顺特钢,5.4483388,5.3188536,5.4682596,5.2889724,42836000.0,229548007.21,2.1721,-1.6575,1972100732.0,10489315077.960835,2026-07-14
2025-05-14,sh.600399,抚顺特钢,5.3088932,5.279012,5.328814,5.22921,32276133.0,170757164.48,1.6366,-0.7491,1972145485.0,10410979681.06082,2026-07-14
2025-05-15,sh.600399,抚顺特钢,5.2690516,5.2192496,5.279012,5.2092892,19502991.0,102532471.75,0.9889,-1.1321,1972190414.0,10293354029.393335,2026-07-14
2025-05-16,sh.600399,抚顺特钢,5.2192496,5.1993288,5.279012,5.179408,22801200.0,119410248.0,1.1562,-0.3817,1972080955.0,10253497305.263004,2026-07-14
2025-05-19,sh.600399,抚顺特钢,5.1993288,5.2192496,5.22921,5.1395664,19707773.0,102725469.58,0.9993,0.3831,1972157810.0,10293183860.979376,2026-07-14
2025-05-20,sh.600399,抚顺特钢,5.2192496,5.1993288,5.22921,5.1594872,23728033.0,123440260.6,1.2032,-0.3817,1972077211.0,10253477838.975977,2026-07-14
2025-05-21,sh.600399,抚顺特钢,5.179408,5.1594872,5.1993288,5.1495268,20547184.0,106569471.12,1.0419,-0.7663,1972087916.0,10174962359.876675,2026-07-14
2025-05-22,sh.600399,抚顺特钢,5.1694476,5.1096852,5.179408,5.0997248,20097300.0,103482506.0,1.0191,-0.9653,1972063586.0,10076624118.843128,2026-07-14
2025-05-23,sh.600399,抚顺特钢,5.1196456,5.0698436,5.1594872,5.0598832,18349900.0,94202619.72,0.9305,-0.7797,1972047286.0,9997971311.824469,2026-07-14
2025-05-26,sh.600399,抚顺特钢,5.079804,5.0997248,5.0997248,5.0499228,11925400.0,60873877.0,0.6047,0.5894,1972118406.0,10057261143.614668,2026-07-14
2025-05-27,sh.600399,抚顺特钢,5.1096852,5.1495268,5.1495268,5.0598832,15342950.0,78617172.5,0.778,0.9766,1972101542.0,10155389742.850327,2026-07-14
2025-05-28,sh.600399,抚顺特钢,5.1395664,5.079804,5.1495268,5.0598832,14466700.0,73946682.0,0.7336,-1.354,1972014722.0,10017448272.874489,2026-07-14
2025-05-29,sh.600399,抚顺特钢,5.079804,5.0997248,5.1096852,5.0598832,16900800.0,86373413.0,0.857,0.3922,1972088681.0,10057109554.294989,2026-07-14
2025-05-30,sh.600399,抚顺特钢,5.0997248,5.0499228,5.0997248,5.0499228,17090800.0,86965492.0,0.8666,-0.9766,1972167090.0,9959291553.200651,2026-07-14
2025-06-03,sh.600399,抚顺特钢,5.030002,5.0399624,5.0598832,4.9901604,19474650.0,98160285.0,0.9875,-0.1972,1972116456.0,9939392786.661255,2026-07-14
2025-06-04,sh.600399,抚顺特钢,5.0399624,5.0897644,5.129606,5.030002,22428208.0,114319186.72,1.1373,0.9881,1972057329.0,10037307187.903288,2026-07-14
2025-06-05,sh.600399,抚顺特钢,5.0997248,5.0698436,5.0997248,5.0399624,15341150.0,77993663.0,0.7779,-0.3914,1972123666.0,9998358546.478636,2026-07-14
2025-06-06,sh.600399,抚顺特钢,5.0698436,5.0399624,5.079804,5.030002,21978800.0,111382813.21,1.1145,-0.5894,1972077165.0,9939194761.498596,2026-07-14
2025-06-09,sh.600399,抚顺特钢,5.0499228,5.0598832,5.079804,5.0399624,20468733.0,103920052.64,1.0379,0.3953,1972129589.0,9978745375.604004,2026-07-14
2025-06-10,sh.600399,抚顺特钢,5.0598832,5.0200416,5.079804,4.9901604,29761608.0,150321149.6,1.5091,-0.7874,1972142867.0,9900239233.483267,2026-07-14
2025-06-11,sh.600399,抚顺特钢,5.0200416,5.030002,5.0499228,5.0100812,17725000.0,89595884.0,0.8988,0.1984,1972073876.0,9919535540.427752,2026-07-14
2025-06-12,sh.600399,抚顺特钢,5.03,5.07,5.09,5.0,28164217.0,142193450.72,1.4281,0.7952,1972145998.0,9998780209.86,2026-07-14
2025-06-13,sh.600399,抚顺特钢,5.06,5.02,5.14,5.01,51086426.0,257992123.3,2.5905,-0.9862,1972068172.0,9899782223.439999,2026-07-14
2025-06-16,sh.600399,抚顺特钢,5.01,5.12,5.13,4.99,38709878.0,196753300.37,1.9629,1.992,1972075908.0,10097028648.960001,2026-07-14
2025-06-17,sh.600399,抚顺特钢,5.12,5.09,5.14,5.07,21259700.0,108336540.0,1.078,-0.5859,1972142857.0,10038207142.13,2026-07-14
2025-06-18,sh.600399,抚顺特钢,5.1,5.06,5.11,5.04,18620300.0,94248301.0,0.9442,-0.5894,1972071595.0,9978682270.699999,2026-07-14
2025-06-19,sh.600399,抚顺特钢,5.04,5.0,5.06,4.98,24672700.0,123600141.0,1.2511,-1.1858,1972080569.0,9860402845.0,2026-07-14
2025-06-20,sh.600399,抚顺特钢,5.0,4.98,5.02,4.97,16924940.0,84406174.2,0.8582,-0.4,1972144022.0,9821277229.560001,2026-07-14
2025-06-23,sh.600399,抚顺特钢,4.98,5.0,5.02,4.95,15762871.0,78639413.59,0.7993,0.4016,1972084449.0,9860422245.0,2026-07-14
2025-06-24,sh.600399,抚顺特钢,5.0,5.03,5.04,5.0,19382324.0,97312990.23,0.9828,0.6,1972153439.0,9919931798.17,2026-07-14
2025-06-25,sh.600399,抚顺特钢,5.02,5.13,5.15,5.02,52595535.0,267878532.2,2.667,1.9881,1972086052.0,10116801446.76,2026-07-14
2025-06-26,sh.600399,抚顺特钢,5.14,5.12,5.25,5.11,49073200.0,253994101.0,2.4884,-0.1949,1972078444.0,10097041633.28,2026-07-14
2025-06-27,sh.600399,抚顺特钢,5.17,5.13,5.17,5.11,27743950.0,142317023.0,1.4068,0.1953,1972131788.0,10117036072.44,2026-07-14
2025-06-30,sh.600399,抚顺特钢,5.14,5.22,5.23,5.13,46675703.0,242576955.16,2.3668,1.7544,1972101698.0,10294370863.56,2026-07-14
2025-07-01,sh.600399,抚顺特钢,5.24,5.22,5.25,5.19,27783590.0,144934118.7,1.4088,0.0,1972145798.0,10294601065.56,2026-07-14
2025-07-02,sh.600399,抚顺特钢,5.22,5.33,5.4,5.17,82845601.0,439591907.68,4.2009,2.1073,1972091718.0,10511248856.94,2026-07-14
2025-07-03,sh.600399,抚顺特钢,5.29,5.22,5.3,5.19,52386692.0,274067025.32,2.6564,-2.0638,1972093510.0,10294328122.199999,2026-07-14
2025-07-04,sh.600399,抚顺特钢,5.21,5.18,5.3,5.18,46134592.0,241528299.48,2.3394,-0.7663,1972069420.0,10215319595.6,2026-07-14
2025-07-07,sh.600399,抚顺特钢,5.17,5.16,5.19,5.14,27459876.0,141765726.31,1.3924,-0.3861,1972125539.0,10176167781.24,2026-07-14
2025-07-08,sh.600399,抚顺特钢,5.15,5.24,5.27,5.14,43740107.0,228171747.68,2.2179,1.5504,1972140629.0,10334016895.960001,2026-07-14
2025-07-09,sh.600399,抚顺特钢,5.24,5.19,5.27,5.17,32871584.0,171307158.82,1.6668,-0.9542,1972137269.0,10235392426.11,2026-07-14
2025-07-10,sh.600399,抚顺特钢,5.19,5.27,5.33,5.18,50555124.0,265754954.52,2.5635,1.5414,1972113283.0,10393037001.41,2026-07-14
2025-07-11,sh.600399,抚顺特钢,5.27,5.8,5.8,5.23,182139229.0,1016409409.43,9.2358,10.0569,1972100186.0,11438181078.8,2026-07-14
2025-07-14,sh.600399,抚顺特钢,5.71,5.57,5.75,5.53,137664040.0,771180350.89,6.9806,-3.9655,1972094662.0,10984567267.34,2026-07-14
2025-07-15,sh.600399,抚顺特钢,5.52,5.53,5.6,5.43,68271799.0,375221381.58,3.4619,-0.7181,1972090442.0,10905660144.26,2026-07-14
2025-07-16,sh.600399,抚顺特钢,5.53,5.67,5.68,5.5,78089193.0,436607996.74,3.9597,2.5316,1972098720.0,11181799742.4,2026-07-14
2025-07-17,sh.600399,抚顺特钢,5.67,5.57,5.71,5.54,88008756.0,492505021.86,4.4627,-1.7637,1972096623.0,10984578190.11,2026-07-14
2025-07-18,sh.600399,抚顺特钢,5.56,5.58,5.7,5.55,54227971.0,304061475.79,2.7498,0.1795,1972069641.0,11004148596.78,2026-07-14
2025-07-21,sh.600399,抚顺特钢,5.65,5.82,6.14,5.63,205543919.0,1216470310.45,10.4226,4.3011,1972098315.0,11477612193.300001,2026-07-14
2025-07-22,sh.600399,抚顺特钢,5.82,5.98,6.09,5.77,154429275.0,918679636.49,7.8307,2.7491,1972100515.0,11793161079.7,2026-07-14
2025-07-23,sh.600399,抚顺特钢,6.08,5.85,6.11,5.85,109925649.0,656043594.92,5.574,-2.1739,1972114263.0,11536868438.55,2026-07-14
2025-07-24,sh.600399,抚顺特钢,5.77,5.98,5.98,5.77,78839582.0,465034861.29,3.9977,2.2222,1972123521.0,11793298655.58,2026-07-14
2025-07-25,sh.600399,抚顺特钢,6.0,5.97,6.03,5.9,58889200.0,351694927.28,2.9861,-0.1672,1972110780.0,11773501356.6,2026-07-14
2025-07-28,sh.600399,抚顺特钢,5.84,5.71,5.88,5.68,112748426.0,648565402.84,5.7172,-4.3551,1972091688.0,11260643538.48,2026-07-14
2025-07-29,sh.600399,抚顺特钢,5.69,5.77,5.78,5.67,57040770.0,326191853.39,2.8924,1.0508,1972091343.0,11378967049.109999,2026-07-14
2025-07-30,sh.600399,抚顺特钢,5.75,5.75,5.9,5.7,66009294.0,382765831.74,3.3472,-0.3466,1972074988.0,11339431181.0,2026-07-14
2025-07-31,sh.600399,抚顺特钢,5.71,5.63,5.72,5.6,58190713.0,328298526.93,2.9507,-2.087,1972098587.0,11102915044.81,2026-07-14
2025-08-01,sh.600399,抚顺特钢,5.62,5.6,5.65,5.58,37935912.0,212465834.08,1.9236,-0.5329,1972131004.0,11043933622.4,2026-07-14
2025-08-04,sh.600399,抚顺特钢,5.58,5.62,5.63,5.56,34488541.0,193140984.61,1.7488,0.3571,1972126086.0,11083348603.32,2026-07-14
2025-08-05,sh.600399,抚顺特钢,5.62,5.62,5.66,5.6,32039993.0,180200763.73,1.6247,0.0,1972055949.0,11082954433.380001,2026-07-14
2025-08-06,sh.600399,抚顺特钢,5.61,5.69,5.71,5.59,58931459.0,332585168.74,2.9883,1.2456,1972073052.0,11221095665.880001,2026-07-14
2025-08-07,sh.600399,抚顺特钢,5.69,5.59,5.69,5.57,81928986.0,458431153.15,4.1544,-1.7575,1972101531.0,11024047558.289999,2026-07-14
2025-08-08,sh.600399,抚顺特钢,5.59,5.63,5.75,5.57,86060505.0,484743645.12,4.3639,0.7156,1972100758.0,11102927267.539999,2026-07-14
2025-08-11,sh.600399,抚顺特钢,5.61,5.69,5.77,5.6,64785218.0,367893071.26,3.2851,1.0657,1972092722.0,11221207588.18,2026-07-14
2025-08-12,sh.600399,抚顺特钢,5.68,5.63,5.68,5.6,40963571.0,230494572.76,2.0772,-1.0545,1972057144.0,11102681720.72,2026-07-14
2025-08-13,sh.600399,抚顺特钢,5.62,5.62,5.67,5.61,41024180.0,230872745.9,2.0802,-0.1776,1972126719.0,11083352160.78,2026-07-14
2025-08-14,sh.600399,抚顺特钢,5.62,5.58,5.62,5.57,62074166.0,347211097.28,3.1476,-0.7117,1972111005.0,11004379407.9,2026-07-14
2025-08-15,sh.600399,抚顺特钢,5.58,5.59,5.6,5.57,39067314.0,218345885.26,1.981,0.1792,1972100656.0,11024042667.039999,2026-07-14
2025-08-18,sh.600399,抚顺特钢,5.6,5.61,5.63,5.59,62826474.0,352265758.49,3.1858,0.3578,1972078410.0,11063359880.1,2026-07-14
2025-08-19,sh.600399,抚顺特钢,5.61,5.59,5.64,5.58,52329242.0,293433084.28,2.6535,-0.3565,1972083738.0,11023948095.42,2026-07-14
2025-08-20,sh.600399,抚顺特钢,5.6,5.63,5.63,5.59,43179403.0,242346006.8,2.1895,0.7156,1972112491.0,11102993324.33,2026-07-14
2025-08-21,sh.600399,抚顺特钢,5.62,5.63,5.66,5.61,44188973.0,248835180.98,2.2407,0.0,1972105726.0,11102955237.38,2026-07-14
2025-08-22,sh.600399,抚顺特钢,5.62,5.63,5.63,5.6,38925027.0,218407229.2,1.9738,0.0,1972085672.0,11102842333.36,2026-07-14
2025-08-25,sh.600399,抚顺特钢,5.62,5.67,5.71,5.61,71480940.0,404982286.42,3.6246,0.7105,1972105612.0,11181838820.039999,2026-07-14
2025-08-26,sh.600399,抚顺特钢,5.66,5.64,5.69,5.63,51803341.0,293044884.06,2.6268,-0.5291,1972108307.0,11122690851.48,2026-07-14
2025-08-27,sh.600399,抚顺特钢,5.64,5.57,5.65,5.57,80586867.0,451270219.55,4.0863,-1.2411,1972123119.0,10984725772.83,2026-07-14
2025-08-28,sh.600399,抚顺特钢,5.58,5.57,5.6,5.55,57555759.0,320471104.78,2.9185,0.0,1972100702.0,10984600910.140001,2026-07-14
2025-08-29,sh.600399,抚顺特钢,5.57,5.57,5.59,5.55,43725499.0,243596557.31,2.2172,0.0,1972104411.0,10984621569.27,2026-07-14
2025-09-01,sh.600399,抚顺特钢,5.57,5.57,5.58,5.55,33084450.0,183863202.5,1.6776,0.0,1972129828.0,10984763141.960001,2026-07-14
2025-09-02,sh.600399,抚顺特钢,5.57,5.58,5.59,5.55,70506851.0,392559062.08,3.5752,0.1795,1972109281.0,11004369787.98,2026-07-14
2025-09-03,sh.600399,抚顺特钢,5.57,5.56,5.59,5.55,54126704.0,301173047.64,2.7446,-0.3584,1972116301.0,10964966633.56,2026-07-14
2025-09-04,sh.600399,抚顺特钢,5.56,5.54,5.57,5.53,69581492.0,385983363.73,3.5283,-0.3597,1972096817.0,10925416366.18,2026-07-14
2025-09-05,sh.600399,抚顺特钢,5.55,5.56,5.57,5.54,71051252.0,394831282.53,3.6028,0.361,1972112024.0,10964942853.439999,2026-07-14
2025-09-08,sh.600399,抚顺特钢,5.56,5.58,5.59,5.53,77282437.0,429699087.98,3.9188,0.3597,1972094442.0,11004286986.36,2026-07-14
2025-09-09,sh.600399,抚顺特钢,5.57,5.59,5.62,5.56,71015600.0,396487301.46,3.601,0.1792,1972107748.0,11024082311.32,2026-07-14
2025-09-10,sh.600399,抚顺特钢,5.59,5.65,5.82,5.56,130666132.0,738881971.16,6.6257,1.0733,1972110600.0,11142424890.0,2026-07-14
2025-09-11,sh.600399,抚顺特钢,5.65,5.65,5.65,5.65,,,0.0,,1972110600.0,11142424890.0,2026-07-14
2025-09-12,sh.600399,抚顺特钢,5.67,5.56,5.67,5.45,66769990.0,371150620.5,3.3857,-1.5929,1972117730.0,10964974578.8,2026-07-14
2025-09-15,sh.600399,抚顺特钢,5.55,5.44,5.55,5.38,69411418.0,377128203.02,3.5197,-2.1583,1972083359.0,10728133472.960001,2026-07-14
2025-09-16,sh.600399,抚顺特钢,5.43,5.4,5.46,5.37,37729811.0,203578085.89,1.9132,-0.7353,1972078769.0,10649225352.6,2026-07-14
2025-09-17,sh.600399,抚顺特钢,5.41,5.42,5.45,5.37,31786570.0,171655715.65,1.6118,0.3704,1972116268.0,10688870172.56,2026-07-14
2025-09-18,sh.600399,抚顺特钢,5.41,5.29,5.43,5.27,47409839.0,253699825.8,2.404,-2.3985,1972123087.0,10432531130.23,2026-07-14
2025-09-19,sh.600399,抚顺特钢,5.28,5.3,5.35,5.27,24192572.0,128071839.03,1.2267,0.189,1972166952.0,10452484845.6,2026-07-14
2025-09-22,sh.600399,抚顺特钢,5.3,5.24,5.31,5.18,27886880.0,145642790.08,1.4141,-1.1321,1972058553.0,10333586817.720001,2026-07-14
2025-09-23,sh.600399,抚顺特钢,5.25,5.27,5.27,5.1,37907089.0,196282049.62,1.9222,0.5725,1972067891.0,10392797785.57,2026-07-14
2025-09-24,sh.600399,抚顺特钢,5.23,5.25,5.26,5.21,19558105.0,102439865.21,0.9917,-0.3795,1972179591.0,10353942852.75,2026-07-14
2025-09-25,sh.600399,抚顺特钢,5.27,5.27,5.33,5.23,23359500.0,123400490.0,1.1845,0.381,1972097932.0,10392956101.64,2026-07-14
2025-09-26,sh.600399,抚顺特钢,5.23,5.26,5.32,5.23,23899622.0,126294180.77,1.2119,-0.1898,1972078719.0,10373134061.939999,2026-07-14
2025-09-29,sh.600399,抚顺特钢,5.26,5.27,5.28,5.18,22933116.0,120176486.66,1.1629,0.1901,1972062602.0,10392769912.539999,2026-07-14
2025-09-30,sh.600399,抚顺特钢,5.26,5.26,5.32,5.25,25149722.0,132712807.72,1.2753,-0.1898,1972063201.0,10373052437.26,2026-07-14
2025-10-09,sh.600399,抚顺特钢,5.28,5.35,5.36,5.27,34946189.0,185978110.47,1.772,1.711,1972132562.0,10550909206.699999,2026-07-14
2025-10-10,sh.600399,抚顺特钢,5.34,5.39,5.41,5.29,42330041.0,227124317.94,2.1464,0.7477,1972141306.0,10629841639.34,2026-07-14
2025-10-13,sh.600399,抚顺特钢,5.29,5.39,5.4,5.25,34261081.0,183076488.28,1.7373,0.0,1972087780.0,10629553134.199999,2026-07-14
2025-10-14,sh.600399,抚顺特钢,5.4,5.32,5.45,5.32,36412800.0,196041350.0,1.8464,-1.2987,1972097054.0,10491556327.28,2026-07-14
2025-10-15,sh.600399,抚顺特钢,5.32,5.33,5.35,5.29,25738530.0,136902481.09,1.3051,0.188,1972150027.0,10511559643.91,2026-07-14
2025-10-16,sh.600399,抚顺特钢,5.32,5.22,5.33,5.2,30102000.0,158001453.81,1.5264,-2.0638,1972091195.0,10294316037.9,2026-07-14
2025-10-17,sh.600399,抚顺特钢,5.23,5.13,5.28,5.12,29062002.0,150947272.28,1.4737,-1.7241,1972043292.0,10116582087.96,2026-07-14
2025-10-20,sh.600399,抚顺特钢,5.15,5.16,5.18,5.13,20768600.0,107096703.0,1.0531,0.5848,1972139398.0,10176239293.68,2026-07-14
2025-10-21,sh.600399,抚顺特钢,5.16,5.2,5.22,5.14,17127107.0,88992574.34,0.8685,0.7752,1972033045.0,10254571834.0,2026-07-14
2025-10-22,sh.600399,抚顺特钢,5.2,5.3,5.49,5.19,50806304.0,272190888.91,2.5763,1.9231,1972064744.0,10451943143.199999,2026-07-14
2025-10-23,sh.600399,抚顺特钢,5.28,5.29,5.3,5.21,31790210.0,167161139.15,1.612,-0.1887,1972097395.0,10432395219.55,2026-07-14
2025-10-24,sh.600399,抚顺特钢,5.27,5.23,5.32,5.2,27645750.0,145056238.5,1.4018,-1.1342,1972160793.0,10314400947.390001,2026-07-14
2025-10-27,sh.600399,抚顺特钢,5.24,5.29,5.33,5.23,28011653.0,147996272.4,1.4204,1.1472,1972096100.0,10432388369.0,2026-07-14
2025-10-28,sh.600399,抚顺特钢,5.27,5.26,5.32,5.24,21831519.0,114975361.94,1.107,-0.5671,1972133604.0,10373422757.039999,2026-07-14
2025-10-29,sh.600399,抚顺特钢,5.25,5.28,5.28,5.2,25833989.0,135004644.69,1.31,0.3802,1972060229.0,10412478009.12,2026-07-14
2025-10-30,sh.600399,抚顺特钢,5.26,5.35,5.48,5.25,52855939.0,283670597.53,2.6802,1.3258,1972089359.0,10550678070.65,2026-07-14
2025-10-31,sh.600399,抚顺特钢,5.23,5.24,5.31,5.22,37433215.0,196801838.3,1.8981,-2.0561,1972141352.0,10334020684.48,2026-07-14
2025-11-03,sh.600399,抚顺特钢,5.36,5.32,5.38,5.25,34353671.0,182083944.85,1.742,1.5267,1972082147.0,10491477022.04,2026-07-14
2025-11-04,sh.600399,抚顺特钢,5.31,5.42,5.58,5.28,78538601.0,426716014.32,3.9825,1.8797,1972092932.0,10688743691.44,2026-07-14
2025-11-05,sh.600399,抚顺特钢,5.34,5.62,5.8,5.33,137650663.0,773150242.92,6.9799,3.69,1972100789.0,11083206434.18,2026-07-14
2025-11-06,sh.600399,抚顺特钢,5.62,5.59,5.67,5.57,60553513.0,339481015.68,3.0705,-0.5338,1972105944.0,11024072226.96,2026-07-14
2025-11-07,sh.600399,抚顺特钢,5.72,5.68,5.84,5.6,87093377.0,496775265.62,4.4163,1.61,1972089238.0,11201466871.84,2026-07-14
2025-11-10,sh.600399,抚顺特钢,5.68,5.64,5.69,5.58,53938305.0,303218281.75,2.7351,-0.7042,1972077986.0,11122519841.039999,2026-07-14
2025-11-11,sh.600399,抚顺特钢,5.62,5.65,5.73,5.59,38480796.0,217339349.61,1.9513,0.1773,1972059448.0,11142135881.2,2026-07-14
2025-11-12,sh.600399,抚顺特钢,5.63,5.55,5.64,5.48,40337900.0,223880233.0,2.0454,-1.7699,1972127701.0,10945308740.55,2026-07-14
2025-11-13,sh.600399,抚顺特钢,5.54,5.58,5.6,5.52,28333191.0,157677928.3,1.4367,0.5405,1972102109.0,11004329768.22,2026-07-14
2025-11-14,sh.600399,抚顺特钢,5.56,5.51,5.61,5.51,28003200.0,155452834.0,1.42,-1.2545,1972056338.0,10866030422.38,2026-07-14
2025-11-17,sh.600399,抚顺特钢,5.56,5.6,5.68,5.51,43602661.0,243641024.62,2.211,1.6334,1972078743.0,11043640960.8,2026-07-14
2025-11-18,sh.600399,抚顺特钢,5.6,5.57,5.66,5.5,42594875.0,236740994.32,2.1599,-0.5357,1972076254.0,10984464734.78,2026-07-14
2025-11-19,sh.600399,抚顺特钢,5.58,5.5,5.6,5.42,42162796.0,231499474.38,2.138,-1.2567,1972067166.0,10846369413.0,2026-07-14
2025-11-20,sh.600399,抚顺特钢,5.5,5.5,5.54,5.41,35585141.0,195098986.72,1.8044,0.0,1972131512.0,10846723316.0,2026-07-14
2025-11-21,sh.600399,抚顺特钢,5.48,5.25,5.48,5.25,49687807.0,265306253.57,2.5195,-4.5455,1972129669.0,10353680762.25,2026-07-14
2025-11-24,sh.600399,抚顺特钢,5.25,5.34,5.36,5.24,32937650.0,174973380.0,1.6702,1.7143,1972078194.0,10530897555.96,2026-07-14
2025-11-25,sh.600399,抚顺特钢,5.33,5.33,5.41,5.3,30211604.0,161584816.63,1.532,-0.1873,1972036815.0,10510956223.95,2026-07-14
2025-11-26,sh.600399,抚顺特钢,5.33,5.29,5.36,5.26,29865746.0,158475241.86,1.5144,-0.7505,1972117406.0,10432501077.74,2026-07-14
2025-11-27,sh.600399,抚顺特钢,5.27,5.27,5.34,5.25,22784238.0,120418877.9,1.1553,-0.3781,1972149052.0,10393225504.039999,2026-07-14
2025-11-28,sh.600399,抚顺特钢,5.25,5.31,5.32,5.25,20409759.0,108120238.81,1.0349,0.759,1972147937.0,10472105545.47,2026-07-14
2025-12-01,sh.600399,抚顺特钢,5.36,5.37,5.48,5.33,39487027.0,213723524.45,2.0023,1.1299,1972083454.0,10590088147.98,2026-07-14
2025-12-02,sh.600399,抚顺特钢,5.35,5.32,5.37,5.3,20271277.0,107816351.0,1.0279,-0.9311,1972105944.0,10491603622.08,2026-07-14
2025-12-03,sh.600399,抚顺特钢,5.33,5.26,5.33,5.25,23615000.0,124643259.0,1.1975,-1.1278,1972025052.0,10372851773.52,2026-07-14
2025-12-04,sh.600399,抚顺特钢,5.25,5.19,5.27,5.17,26781687.0,139838115.14,1.358,-1.3308,1972141900.0,10235416461.0,2026-07-14
2025-12-05,sh.600399,抚顺特钢,5.19,5.26,5.26,5.17,21357493.0,111650607.35,1.083,1.3487,1972067682.0,10373076007.32,2026-07-14
2025-12-08,sh.600399,抚顺特钢,5.27,5.25,5.31,5.24,29149950.0,153876470.5,1.4781,-0.1901,1972122996.0,10353645729.0,2026-07-14
2025-12-09,sh.600399,抚顺特钢,5.25,5.21,5.28,5.2,24005585.0,125613844.03,1.2173,-0.7619,1972035242.0,10274303610.82,2026-07-14
2025-12-10,sh.600399,抚顺特钢,5.21,5.21,5.23,5.17,17182494.0,89322005.92,0.8713,0.0,1972052565.0,10274393863.65,2026-07-14
2025-12-11,sh.600399,抚顺特钢,5.23,5.14,5.23,5.13,24561299.0,126991323.31,1.2454,-1.3436,1972161474.0,10136909976.359999,2026-07-14
2025-12-12,sh.600399,抚顺特钢,5.15,5.2,5.22,5.12,41539299.0,214739282.79,2.1063,1.1673,1972145421.0,10255156189.2,2026-07-14
2025-12-15,sh.600399,抚顺特钢,5.25,5.72,5.72,5.25,161414258.0,905852412.32,8.1849,10.0,1972098107.0,11280401172.039999,2026-07-14
2025-12-16,sh.600399,抚顺特钢,5.72,5.5,5.75,5.49,139035526.0,776952526.95,7.0501,-3.8462,1972107147.0,10846589308.5,2026-07-14
2025-12-17,sh.600399,抚顺特钢,5.52,5.49,5.57,5.41,62623623.0,343013462.61,3.1755,-0.1818,1972087010.0,10826757684.9,2026-07-14
2025-12-18,sh.600399,抚顺特钢,5.45,5.45,5.52,5.42,51037214.0,279356452.08,2.588,-0.7286,1972071638.0,10747790427.1,2026-07-14
2025-12-19,sh.600399,抚顺特钢,5.45,5.53,5.56,5.43,53062105.0,292580699.35,2.6906,1.4679,1972129079.0,10905873806.87,2026-07-14
2025-12-22,sh.600399,抚顺特钢,5.54,5.52,5.69,5.5,60422538.0,335750403.13,3.0639,-0.1808,1972079311.0,10885877796.72,2026-07-14
2025-12-23,sh.600399,抚顺特钢,5.5,5.36,5.52,5.34,54692605.0,295402872.02,2.7733,-2.8986,1972112826.0,10570524747.36,2026-07-14
2025-12-24,sh.600399,抚顺特钢,5.35,5.49,5.58,5.3,71902255.0,393295166.1,3.646,2.4254,1972085985.0,10826752057.65,2026-07-14
2025-12-25,sh.600399,抚顺特钢,5.5,5.81,6.02,5.48,158277956.0,913580923.91,8.0259,5.8288,1972089809.0,11457841790.289999,2026-07-14
2025-12-26,sh.600399,抚顺特钢,5.81,6.0,6.3,5.81,190525398.0,1151912329.3,9.661,3.2702,1972108457.0,11832650742.0,2026-07-14
2025-12-29,sh.600399,抚顺特钢,6.06,6.0,6.12,5.98,96509035.0,582616530.48,4.8937,0.0,1972107710.0,11832646260.0,2026-07-14
2025-12-30,sh.600399,抚顺特钢,5.98,5.86,5.98,5.83,72309595.0,426331565.25,3.6666,-2.3333,1972115720.0,11556598119.2,2026-07-14
2025-12-31,sh.600399,抚顺特钢,5.84,5.84,5.92,5.76,56255227.0,327651968.25,2.8526,-0.3413,1972068534.0,11516880238.56,2026-07-14
2026-01-05,sh.600399,抚顺特钢,5.94,5.84,5.97,5.78,73258839.0,429416172.1,3.7148,0.0,1972080300.0,11516948952.0,2026-07-14
2026-01-06,sh.600399,抚顺特钢,5.82,6.19,6.26,5.77,123057769.0,742092159.68,6.2399,5.9932,1972111236.0,12207368550.84,2026-07-14
2026-01-07,sh.600399,抚顺特钢,6.15,6.1,6.21,6.04,80060090.0,489305014.95,4.0596,-1.454,1972117696.0,12029917945.599998,2026-07-14
2026-01-08,sh.600399,抚顺特钢,6.06,6.35,6.43,6.06,122237290.0,765728838.29,6.1983,4.0984,1972109933.0,12522898074.55,2026-07-14
2026-01-09,sh.600399,抚顺特钢,6.34,6.49,6.75,6.33,145219279.0,947926976.41,7.3637,2.2047,1972096623.0,12798907083.27,2026-07-14
2026-01-12,sh.600399,抚顺特钢,6.7,7.06,7.14,6.7,241630703.0,1699724939.33,12.2525,8.7827,1972093067.0,13922977053.019999,2026-07-14
2026-01-13,sh.600399,抚顺特钢,7.1,7.22,7.68,6.99,272849123.0,1992140363.43,13.8355,2.2663,1972094417.0,14238521690.74,2026-07-14
2026-01-14,sh.600399,抚顺特钢,7.21,7.04,7.39,6.91,189402220.0,1342476858.1,9.6041,-2.4931,1972097542.0,13883566695.68,2026-07-14
2026-01-15,sh.600399,抚顺特钢,6.98,7.01,7.7,6.91,162811314.0,1176337609.76,8.2557,-0.4261,1972107925.0,13824476554.25,2026-07-14
2026-01-16,sh.600399,抚顺特钢,7.1,6.66,7.15,6.61,157814989.0,1078456416.42,8.0024,-4.9929,1972095734.0,13134157588.44,2026-07-14
2026-01-19,sh.600399,抚顺特钢,6.61,6.68,6.71,6.4,145943553.0,956022861.06,7.4004,0.3003,1972103575.0,13173651881.0,2026-07-14
2026-01-20,sh.600399,抚顺特钢,6.67,6.42,6.75,6.35,108143109.0,701655380.15,5.4837,-3.8922,1972082882.0,12660772102.44,2026-07-14
2026-01-21,sh.600399,抚顺特钢,6.35,6.36,6.48,6.32,61137041.0,391341489.49,3.1001,-0.9346,1972098997.0,12542549620.92,2026-07-14
2026-01-22,sh.600399,抚顺特钢,6.37,6.66,6.88,6.34,120803598.0,800857458.24,6.1256,4.717,1972110454.0,13134255623.64,2026-07-14
2026-01-23,sh.600399,抚顺特钢,6.71,7.04,7.14,6.66,132937559.0,925663243.06,6.7409,5.7057,1972104007.0,13883612209.28,2026-07-14
2026-01-26,sh.600399,抚顺特钢,7.15,6.81,7.17,6.72,122311076.0,845614539.63,6.2021,-3.267,1972091324.0,13429941916.439999,2026-07-14
2026-01-27,sh.600399,抚顺特钢,6.76,6.98,7.11,6.54,132101731.0,901429877.17,6.6985,2.4963,1972109144.0,13765321825.12,2026-07-14
2026-01-28,sh.600399,抚顺特钢,6.94,6.79,6.97,6.74,78600394.0,536080396.76,3.9856,-2.7221,1972109444.0,13390623124.76,2026-07-14
2026-01-29,sh.600399,抚顺特钢,6.75,6.82,7.1,6.75,104317896.0,720697208.72,5.2897,0.4418,1972094750.0,13449686195.0,2026-07-14
2026-01-30,sh.600399,抚顺特钢,6.78,6.54,6.9,6.33,133292587.0,867352603.7,6.7589,-4.1056,1972104736.0,12897564973.44,2026-07-14
2026-02-02,sh.600399,抚顺特钢,6.43,6.35,6.62,6.35,79580193.0,513916087.08,4.0353,-2.9052,1972101033.0,12522841559.55,2026-07-14
2026-02-03,sh.600399,抚顺特钢,6.41,6.61,6.77,6.37,99832749.0,658345443.93,5.0623,4.0945,1972082828.0,13035467493.08,2026-07-14
2026-02-04,sh.600399,抚顺特钢,6.65,6.67,6.78,6.56,72851641.0,485447855.92,3.6941,0.9077,1972107983.0,13153960246.61,2026-07-14
2026-02-05,sh.600399,抚顺特钢,6.63,6.56,6.78,6.47,63194350.0,415625405.0,3.2044,-1.6492,1972111784.0,12937053303.039999,2026-07-14
2026-02-06,sh.600399,抚顺特钢,6.49,6.45,6.66,6.42,59040300.0,384531430.0,2.9938,-1.6768,1972085644.0,12719952403.800001,2026-07-14
2026-02-09,sh.600399,抚顺特钢,6.56,6.64,7.04,6.56,103946063.0,703081894.64,5.2708,2.9457,1972111691.0,13094821628.24,2026-07-14
2026-02-10,sh.600399,抚顺特钢,6.64,6.45,6.66,6.34,77329628.0,499650694.82,3.9212,-2.8614,1972090891.0,12719986246.95,2026-07-14
2026-02-11,sh.600399,抚顺特钢,6.41,6.34,6.49,6.31,62410015.0,398955354.02,3.1646,-1.7054,1972129653.0,12503302000.02,2026-07-14
2026-02-12,sh.600399,抚顺特钢,6.3,6.55,6.68,6.21,112224520.0,728634317.43,5.6906,3.3123,1972103469.0,12917277721.949999,2026-07-14
2026-02-13,sh.600399,抚顺特钢,6.51,6.31,6.51,6.3,65633268.0,419800927.62,3.3281,-3.6641,1972094228.0,12443914578.679998,2026-07-14
2026-02-24,sh.600399,抚顺特钢,6.36,6.48,6.55,6.33,60626946.0,392522970.62,3.0742,2.6941,1972121072.0,12779344546.560001,2026-07-14
2026-02-25,sh.600399,抚顺特钢,6.58,6.84,6.95,6.48,119203684.0,812603713.93,6.0445,5.5556,1972101646.0,13489175258.64,2026-07-14
2026-02-26,sh.600399,抚顺特钢,6.85,7.52,7.52,6.76,196688499.0,1425959410.81,9.9736,9.9415,1972091311.0,14830126658.72,2026-07-14
2026-02-27,sh.600399,抚顺特钢,7.52,7.84,8.15,7.42,291546511.0,2282136382.32,14.7836,4.2553,1972094152.0,15461218151.68,2026-07-14
2026-03-02,sh.600399,抚顺特钢,7.95,7.79,8.26,7.71,196888217.0,1560189451.23,9.9837,-0.6378,1972096688.0,15362633199.52,2026-07-14
2026-03-03,sh.600399,抚顺特钢,7.7,7.19,7.99,7.15,183970860.0,1364045014.84,9.3287,-7.7022,1972095362.0,14179365652.78,2026-07-14
2026-03-04,sh.600399,抚顺特钢,7.05,7.26,7.47,7.0,125155135.0,915572765.24,6.3463,0.9736,1972096103.0,14317417707.779999,2026-07-14
2026-03-05,sh.600399,抚顺特钢,7.37,7.25,7.44,7.18,83927154.0,611773963.52,4.2557,-0.1377,1972111615.0,14297809208.75,2026-07-14
2026-03-06,sh.600399,抚顺特钢,7.2,7.4,7.67,7.16,122257029.0,910380479.85,6.1993,2.069,1972110222.0,14593615642.800001,2026-07-14
2026-03-09,sh.600399,抚顺特钢,7.28,7.23,7.37,7.02,99240505.0,710762604.67,5.0322,-2.2973,1972109713.0,14258353224.990002,2026-07-14
2026-03-10,sh.600399,抚顺特钢,7.25,7.29,7.5,7.25,76257100.0,559255771.5,3.8668,0.8299,1972098376.0,14376597161.04,2026-07-14
2026-03-11,sh.600399,抚顺特钢,7.39,7.08,7.39,7.07,86005100.0,615478979.91,4.3611,-2.8807,1972096489.0,13962443142.12,2026-07-14
2026-03-12,sh.600399,抚顺特钢,7.06,6.89,7.07,6.77,102537250.0,705735544.5,5.1994,-2.6836,1972097742.0,13587753442.38,2026-07-14
2026-03-13,sh.600399,抚顺特钢,6.83,6.8,6.94,6.75,61363238.0,420476310.44,3.1116,-1.3062,1972079895.0,13410143286.0,2026-07-14
2026-03-16,sh.600399,抚顺特钢,6.76,6.58,6.79,6.4,87793768.0,577276894.76,4.4518,-3.2353,1972095961.0,12976391423.380001,2026-07-14
2026-03-17,sh.600399,抚顺特钢,6.59,6.51,6.7,6.5,56543900.0,373797150.0,2.8672,-1.0638,1972094727.0,12838336672.77,2026-07-14
2026-03-18,sh.600399,抚顺特钢,6.5,6.54,6.56,6.38,51393504.0,332618412.72,2.606,0.4608,1972122180.0,12897679057.2,2026-07-14
2026-03-19,sh.600399,抚顺特钢,6.45,6.29,6.45,6.25,55366151.0,351124572.62,2.8075,-3.8226,1972080178.0,12404384319.62,2026-07-14
2026-03-20,sh.600399,抚顺特钢,6.29,6.05,6.35,6.05,61837505.0,382085257.73,3.1356,-3.8156,1972110760.0,11931270098.0,2026-07-14
2026-03-23,sh.600399,抚顺特钢,5.92,5.7,5.97,5.67,74449352.0,434158008.5,3.7751,-5.7851,1972116023.0,11241061331.1,2026-07-14
2026-03-24,sh.600399,抚顺特钢,5.82,5.96,5.96,5.74,56524860.0,330056915.5,2.8662,4.5614,1972118484.0,11753826164.64,2026-07-14
2026-03-25,sh.600399,抚顺特钢,5.99,6.0,6.05,5.93,51537617.0,308615698.83,2.6133,0.6711,1972127846.0,11832767076.0,2026-07-14
2026-03-26,sh.600399,抚顺特钢,6.0,5.87,6.01,5.85,41919700.0,247843169.0,2.1256,-2.1667,1972134927.0,11576432021.49,2026-07-14
2026-03-27,sh.600399,抚顺特钢,5.8,5.93,5.99,5.76,35832097.0,211533085.08,1.817,1.0221,1972047166.0,11694239694.38,2026-07-14
2026-03-30,sh.600399,抚顺特钢,5.86,6.04,6.15,5.82,51634533.0,309890441.35,2.6183,1.855,1972063285.0,11911262241.4,2026-07-14
2026-03-31,sh.600399,抚顺特钢,6.04,6.01,6.22,5.99,50818268.0,310528712.0,2.5769,-0.4967,1972069851.0,11852139804.51,2026-07-14
2026-04-01,sh.600399,抚顺特钢,6.11,6.02,6.12,5.97,37474368.0,226076635.36,1.9002,0.1664,1972127566.0,11872207947.32,2026-07-14
2026-04-02,sh.600399,抚顺特钢,5.98,5.88,6.02,5.83,39113005.0,231082669.7,1.9833,-2.3256,1972117431.0,11596050494.28,2026-07-14
2026-04-03,sh.600399,抚顺特钢,5.88,5.71,5.92,5.71,33935550.0,195989009.5,1.7208,-2.8912,1972079847.0,11260575926.37,2026-07-14
2026-04-07,sh.600399,抚顺特钢,5.71,5.74,5.77,5.68,26555300.0,152242364.0,1.3465,0.5254,1972172299.0,11320268996.26,2026-07-14
2026-04-08,sh.600399,抚顺特钢,5.85,5.97,5.97,5.85,37520037.0,222559684.04,1.9025,4.007,1972143863.0,11773698862.109999,2026-07-14
2026-04-09,sh.600399,抚顺特钢,5.9,5.82,5.92,5.81,32630995.0,191085028.82,1.6546,-2.5126,1972137979.0,11477843037.78,2026-07-14
2026-04-10,sh.600399,抚顺特钢,5.85,5.84,5.99,5.84,38815200.0,229115567.0,1.9682,0.3436,1972116655.0,11517161265.199999,2026-07-14
2026-04-13,sh.600399,抚顺特钢,5.8,5.86,5.88,5.75,29007772.0,169352675.42,1.4709,0.3425,1972110409.0,11556566996.74,2026-07-14
2026-04-14,sh.600399,抚顺特钢,5.88,5.88,5.91,5.76,36578800.0,212999148.0,1.8548,0.3413,1972115592.0,11596039680.96,2026-07-14
2026-04-15,sh.600399,抚顺特钢,5.88,5.85,5.99,5.83,45166100.0,267117714.0,2.2903,-0.5102,1972060429.0,11536553509.65,2026-07-14
2026-04-16,sh.600399,抚顺特钢,5.84,5.89,5.91,5.84,35910764.0,211028202.29,1.8209,0.6838,1972143665.0,11615926186.849998,2026-07-14
2026-04-17,sh.600399,抚顺特钢,5.9,5.91,5.93,5.82,34878700.0,205058295.0,1.7686,0.3396,1972107882.0,11655157582.62,2026-07-14
2026-04-20,sh.600399,抚顺特钢,5.91,6.02,6.09,5.89,49957466.0,299907372.06,2.5332,1.8613,1972109032.0,11872096372.64,2026-07-14
2026-04-21,sh.600399,抚顺特钢,6.08,5.99,6.08,5.92,35365700.0,211616023.32,1.7933,-0.4983,1972101712.0,11812889254.880001,2026-07-14
2026-04-22,sh.600399,抚顺特钢,5.97,5.91,5.97,5.88,31933506.0,188822850.43,1.6193,-1.3356,1972056197.0,11654852124.27,2026-07-14
2026-04-23,sh.600399,抚顺特钢,5.88,5.86,5.94,5.82,36404939.0,213906976.15,1.846,-0.846,1972098537.0,11556497426.82,2026-07-14
2026-04-24,sh.600399,抚顺特钢,5.83,5.78,5.85,5.74,34975637.0,202051125.23,1.7735,-1.3652,1972125007.0,11398882540.460001,2026-07-14
2026-04-27,sh.600399,抚顺特钢,5.72,5.67,5.76,5.53,50363254.0,283469594.36,2.5538,-1.9031,1972090767.0,11181754648.89,2026-07-14
2026-04-28,sh.600399,抚顺特钢,5.67,5.53,5.67,5.48,39687901.0,220038755.04,2.0125,-2.4691,1972069615.0,10905544970.95,2026-07-14
2026-04-29,sh.600399,抚顺特钢,5.5,5.59,5.62,5.46,27636449.0,154243329.81,1.4014,1.085,1972060011.0,11023815461.49,2026-07-14
2026-04-30,sh.600399,抚顺特钢,5.58,5.47,5.6,5.47,39232154.0,216309226.49,1.9894,-2.1467,1972059616.0,10787166099.52,2026-07-14
2026-05-06,sh.600399,抚顺特钢,5.52,5.56,5.61,5.51,41343974.0,230559285.43,2.0964,1.6453,1972141481.0,10965106634.359999,2026-07-14
2026-05-07,sh.600399,抚顺特钢,5.6,5.59,5.62,5.51,37696700.0,209832008.5,1.9115,0.5396,1972100445.0,11024041487.55,2026-07-14
2026-05-08,sh.600399,抚顺特钢,5.59,5.75,5.78,5.56,59412758.0,337709654.12,3.0127,2.8623,1972076808.0,11339441646.0,2026-07-14
2026-05-11,sh.600399,抚顺特钢,5.76,5.68,5.82,5.64,45957297.0,261950136.61,2.3304,-1.2174,1972077626.0,11201400915.68,2026-07-14
2026-05-12,sh.600399,抚顺特钢,5.68,5.49,5.69,5.49,53917339.0,299061596.01,2.734,-3.3451,1972104572.0,10826854100.28,2026-07-14
2026-05-13,sh.600399,抚顺特钢,5.48,5.5,5.53,5.41,33913841.0,185771195.94,1.7197,0.1821,1972078909.0,10846433999.5,2026-07-14
2026-05-14,sh.600399,抚顺特钢,5.5,5.28,5.51,5.28,51522718.0,276126058.76,2.6126,-4.0,1972085968.0,10412613911.04,2026-07-14
2026-05-15,sh.600399,抚顺特钢,5.28,5.2,5.35,5.17,40211364.0,210453279.36,2.039,-1.5152,1972112016.0,10254982483.2,2026-07-14
2026-05-18,sh.600399,抚顺特钢,5.19,5.28,5.32,5.17,36602837.0,192032393.72,1.856,1.5385,1972135614.0,10412876041.92,2026-07-14
2026-05-19,sh.600399,抚顺特钢,5.29,5.33,5.41,5.22,42112533.0,223648306.65,2.1354,0.947,1972114498.0,10511370274.34,2026-07-14
2026-05-20,sh.600399,抚顺特钢,5.32,5.23,5.32,5.19,34192407.0,178844893.08,1.7338,-1.8762,1972107913.0,10314124384.990002,2026-07-14
2026-05-21,sh.600399,抚顺特钢,5.26,5.05,5.33,5.05,48390700.0,251533978.64,2.4538,-3.4417,1972071888.0,9958963034.4,2026-07-14
2026-05-22,sh.600399,抚顺特钢,5.09,5.11,5.14,5.04,30718224.0,156591667.92,1.5576,1.1881,1972151002.0,10077691620.220001,2026-07-14
2026-05-25,sh.600399,抚顺特钢,5.16,5.06,5.24,5.0,34406348.0,175065117.32,1.7447,-0.9785,1972049521.0,9978570576.259998,2026-07-14
2026-05-26,sh.600399,抚顺特钢,5.06,5.03,5.06,4.95,35343012.0,176633349.53,1.7922,-0.5929,1972046200.0,9919392386.0,2026-07-14
2026-05-27,sh.600399,抚顺特钢,5.03,4.96,5.17,4.95,41248679.0,207873350.95,2.0916,-1.3917,1972111255.0,9781671824.8,2026-07-14
2026-05-28,sh.600399,抚顺特钢,4.96,4.96,5.02,4.88,37420861.0,184622119.8,1.8975,0.0,1972113887.0,9781684879.52,2026-07-14
2026-05-29,sh.600399,抚顺特钢,4.96,4.8,4.99,4.8,45522100.0,222039244.0,2.3083,-3.2258,1972105012.0,9466104057.6,2026-07-14
2026-06-01,sh.600399,抚顺特钢,4.79,4.81,4.87,4.75,32237362.0,155262633.59,1.6347,0.2083,1972065945.0,9485637195.449999,2026-07-14
2026-06-02,sh.600399,抚顺特钢,4.82,4.65,4.84,4.61,44961039.0,210017470.64,2.2799,-3.3264,1972061889.0,9170087783.85,2026-07-14
2026-06-03,sh.600399,抚顺特钢,4.68,4.56,4.68,4.56,38006517.0,174616047.99,1.9272,-1.9355,1972110679.0,8992824696.24,2026-07-14
2026-06-04,sh.600399,抚顺特钢,4.52,4.53,4.6,4.49,35146161.0,159459802.11,1.7822,-0.6579,1972066042.0,8933459170.26,2026-07-14
2026-06-05,sh.600399,抚顺特钢,4.52,4.59,4.68,4.44,48923864.0,223797245.34,2.4808,1.3245,1972100290.0,9051940331.1,2026-07-14
2026-06-08,sh.600399,抚顺特钢,4.53,4.37,4.57,4.3,48554500.0,214608243.64,2.4621,-4.793,1972076683.0,8617975104.710001,2026-07-14
2026-06-09,sh.600399,抚顺特钢,4.36,4.3,4.39,4.23,44895042.0,192226513.68,2.2765,-1.6018,1972108148.0,8480065036.4,2026-07-14
2026-06-10,sh.600399,抚顺特钢,4.26,4.23,4.29,4.16,35499902.0,149687100.36,1.8001,-1.6279,1972107216.0,8342013523.680001,2026-07-14
2026-06-11,sh.600399,抚顺特钢,4.22,4.16,4.24,4.13,36204400.0,150895180.09,1.8358,-1.6548,1972132041.0,8204069290.56,2026-07-14
2026-06-12,sh.600399,抚顺特钢,4.19,4.32,4.35,4.19,79095511.0,339410247.08,4.0107,3.8462,1972112374.0,8519525455.68,2026-07-14
2026-06-15,sh.600399,抚顺特钢,4.39,4.45,4.49,4.36,64555453.0,286398445.75,3.2734,3.0093,1972122350.0,8775944457.5,2026-07-14
2026-06-16,sh.600399,抚顺特钢,4.47,4.37,4.48,4.33,36727918.0,160403402.33,1.8624,-1.7978,1972074635.0,8617966154.95,2026-07-14
2026-06-17,sh.600399,抚顺特钢,4.37,4.26,4.38,4.24,33631346.0,144427754.1,1.7054,-2.5172,1972050311.0,8400934324.86,2026-07-14
2026-06-18,sh.600399,抚顺特钢,4.21,4.69,4.69,4.19,77076659.0,352848613.11,3.9084,10.0939,1972077039.0,9249041312.91,2026-07-14
2026-06-22,sh.600399,抚顺特钢,4.62,4.52,4.62,4.42,109790951.0,493925797.7,5.5672,-3.6247,1972103589.0,8913908222.279999,2026-07-14
2026-06-23,sh.600399,抚顺特钢,4.52,4.48,4.77,4.46,88379599.0,404777989.0,4.4815,-0.885,1972098605.0,8835001750.400002,2026-07-14
2026-06-24,sh.600399,抚顺特钢,4.49,4.41,4.5,4.28,56291552.0,245871816.8,2.8544,-1.5625,1972097534.0,8696950124.94,2026-07-14
2026-06-25,sh.600399,抚顺特钢,4.36,4.27,4.42,4.21,51663649.0,221528346.84,2.6197,-3.1746,1972120815.0,8420955880.049999,2026-07-14
2026-06-26,sh.600399,抚顺特钢,4.28,4.14,4.3,4.14,46429314.0,195039928.35,2.3543,-3.0445,1972106953.0,8164522785.419999,2026-07-14
2026-06-29,sh.600399,抚顺特钢,4.11,4.1,4.19,3.99,48053443.0,196903780.3,2.4367,-0.9662,1972070546.0,8085489238.599999,2026-07-14
2026-06-30,sh.600399,抚顺特钢,4.08,4.11,4.2,4.07,33722104.0,139494917.28,1.71,0.2439,1972052865.0,8105137275.150001,2026-07-14
2026-07-01,sh.600399,抚顺特钢,4.1,4.22,4.26,4.1,47203572.0,197968090.39,2.3936,2.6764,1972074365.0,8322153820.299999,2026-07-14
2026-07-02,sh.600399,抚顺特钢,4.2,4.21,4.41,4.18,48292682.0,206164749.24,2.4488,-0.237,1972095802.0,8302523326.42,2026-07-14
2026-07-03,sh.600399,抚顺特钢,4.23,4.24,4.28,4.18,37914953.0,160372032.6,1.9226,0.7126,1972066629.0,8361562506.96,2026-07-14
2026-07-06,sh.600399,抚顺特钢,4.23,4.15,4.31,4.13,37388648.0,156976230.38,1.8959,-2.1226,1972079118.0,8184128339.700001,2026-07-14
2026-07-07,sh.600399,抚顺特钢,4.14,4.05,4.21,4.03,32193250.0,132159896.5,1.6324,-2.4096,1972142245.0,7987176092.25,2026-07-14
2026-07-08,sh.600399,抚顺特钢,4.03,3.95,4.07,3.95,39033634.0,155711773.32,1.9793,-2.4691,1972092861.0,7789766800.950001,2026-07-14
2026-07-09,sh.600399,抚顺特钢,3.95,3.9,3.96,3.81,38434449.0,148807391.5,1.9489,-1.2658,1972109857.0,7691228442.3,2026-07-14
2026-07-10,sh.600399,抚顺特钢,3.9,4.13,4.29,3.83,99709428.0,414039569.59,5.056,5.8974,1972101028.0,8144777245.639999,2026-07-14
2026-07-13,sh.600399,抚顺特钢,4.13,3.86,4.16,3.86,68577833.0,271556169.93,3.4774,-6.5375,1972100794.0,7612309064.84,2026-07-14
