日期,股票代码,股票名称,开盘,收盘,最高,最低,成交量,成交额,换手率,涨跌幅,流通股数,流通市值,数据日期
2012-01-04,sh.600869,远东股份,3.71033424,3.61623156,3.7417018,3.61175048,1167677,19162239.0,0.973064,-1.8845,120000021.0,433947863.14086276,2026-07-14
2012-01-05,sh.600869,远东股份,3.61623156,3.61623156,3.61623156,3.61623156,0,0.0,0.0,0.0,120000021.0,433947863.14086276,2026-07-14
2012-01-06,sh.600869,远东股份,3.47507754,3.2711884,3.47507754,3.25550462,2673958,39167584.0,2.228298,-9.5415,120000018.0,392542666.8813912,2026-07-14
2012-01-09,sh.600869,远东股份,3.28911272,3.49300186,3.51316672,3.2599857,1704436,26011290.0,1.420363,6.7808,120000028.0,419160321.0040521,2026-07-14
2012-01-10,sh.600869,远东股份,3.472837,3.8425261,3.8425261,3.472837,4191096,69985503.0,3.49258,10.0064,120000000.0,461103132.0,2026-07-14
2012-01-11,sh.600869,远东股份,3.84700718,3.86269096,3.8985396,3.81115854,2769192,47746828.0,2.30766,0.5248,120000000.0,463522915.2,2026-07-14
2012-01-12,sh.600869,远东股份,3.83580448,3.86269096,3.90302068,3.7529045,2696300,46240679.0,2.246917,0.0,119999982.0,463522845.67156273,2026-07-14
2012-01-13,sh.600869,远东股份,3.8313234,3.67896668,3.8649315,3.65432074,2407525,40070265.0,2.006271,-4.7564,119999990.0,441475964.8103332,2026-07-14
2012-01-16,sh.600869,远东股份,3.62519372,3.53109104,3.67224506,3.51988834,1165008,18741440.0,0.97084,-4.0195,120000000.0,423730924.8,2026-07-14
2012-01-17,sh.600869,远东股份,3.48852078,3.80443692,3.80667746,3.48852078,1975570,32619490.0,1.646308,7.7411,120000024.0,456532521.7064861,2026-07-14
2012-01-18,sh.600869,远东股份,3.87837474,3.67000452,3.87837474,3.63863696,1555758,26087148.0,1.296465,-3.5336,120000000.0,440400542.4,2026-07-14
2012-01-19,sh.600869,远东股份,3.69240992,3.6856883,3.75962612,3.58934508,838412,13816855.0,0.698677,0.4274,119999943.0,442282385.9157669,2026-07-14
2012-01-20,sh.600869,远东股份,3.71257478,3.74394234,3.77306936,3.6296748,988413,16432889.0,0.823677,1.5805,120000073.0,449273354.10779077,2026-07-14
2012-01-30,sh.600869,远东股份,3.7753099,3.80219638,3.8761342,3.6744856,1359709,22895851.0,1.133091,1.556,119999982.0,456263497.1604651,2026-07-14
2012-01-31,sh.600869,远东股份,3.77755044,3.85148826,3.86045042,3.72153694,1101602,18614092.0,0.918002,1.2964,119999956.0,462178421.73451656,2026-07-14
2012-02-01,sh.600869,远东股份,3.8313234,3.79547476,3.91422338,3.7753099,1932309,33194209.0,1.610258,-1.4543,119999963.0,455456830.7674339,2026-07-14
2012-02-02,sh.600869,远东股份,3.80219638,3.85148826,3.85820988,3.74394234,1329008,22620330.0,1.107507,1.4758,119999964.0,462178452.54642266,2026-07-14
2012-02-03,sh.600869,远东股份,3.87389366,3.93662878,3.9769585,3.85148826,1751597,30742914.0,1.459664,2.2106,120000014.0,472395508.7128029,2026-07-14
2012-02-06,sh.600869,远东股份,3.91646392,3.90078014,3.96351526,3.86045042,1755256,30579204.0,1.462713,-0.9106,120000027.0,468093722.1210638,2026-07-14
2012-02-07,sh.600869,远东股份,3.8873369,3.79099368,3.8873369,3.74618288,1403901,23799652.0,1.169917,-2.8145,120000051.0,454919434.9406777,2026-07-14
2012-02-08,sh.600869,远东股份,3.75962612,3.8873369,3.89405852,3.74618288,1846649,31517297.0,1.538874,2.5414,120000013.0,466480478.5353797,2026-07-14
2012-02-09,sh.600869,远东股份,3.89405852,3.89405852,3.97247742,3.8761342,1967581,34443973.0,1.639651,0.1729,119999988.0,467286975.6712978,2026-07-14
2012-02-10,sh.600869,远东股份,3.89405852,3.96799634,3.9993639,3.84924772,2102295,37038653.0,1.751912,1.8987,120000034.0,476159695.71187556,2026-07-14
2012-02-13,sh.600869,远东股份,3.96351526,4.05089632,4.0777828,3.91646392,2779790,49825510.0,2.316492,2.0892,119999983.0,486107489.5347625,2026-07-14
2012-02-14,sh.600869,远东股份,4.032972,4.03521254,4.0553774,3.92542608,1887817,33735723.0,1.573181,-0.3872,119999987.0,484225452.34223694,2026-07-14
2012-02-15,sh.600869,远东股份,3.98143958,4.0777828,4.1337963,3.9321477,3611142,65414902.0,3.009285,1.055,120000000.0,489333935.99999994,2026-07-14
2012-02-16,sh.600869,远东股份,4.07330172,4.032972,4.09794766,3.9881612,2518421,45438402.0,2.098684,-1.0989,120000010.0,483956680.32972,2026-07-14
2012-02-17,sh.600869,远东股份,4.032972,4.00608552,4.07554226,3.96127472,1802691,32207290.0,1.502243,-0.6667,119999960.0,480730102.1565792,2026-07-14
2012-02-20,sh.600869,远东股份,4.05985848,3.97471796,4.05985848,3.9657558,2125749,38151506.0,1.771457,-0.783,120000034.0,476966290.34041065,2026-07-14
2012-02-21,sh.600869,远东股份,3.9657558,3.9993639,4.01952876,3.9097423,1513591,26757334.0,1.261326,0.6201,119999984.0,479923604.0101776,2026-07-14
2012-02-22,sh.600869,远东股份,3.99488282,4.13155576,4.1337963,3.9433504,3935596,71639728.0,3.279663,3.3053,120000012.0,495786740.7786692,2026-07-14
2012-02-23,sh.600869,远东股份,4.14275846,4.17188548,4.19429088,4.09794766,3321627,61365653.0,2.768022,0.9761,120000022.0,500626349.3814806,2026-07-14
2012-02-24,sh.600869,远东股份,4.16292332,4.18756926,4.2010125,4.10915036,3067512,56968804.0,2.55626,0.3759,120000000.0,502508311.2,2026-07-14
2012-02-27,sh.600869,远东股份,4.2010125,4.27495032,4.2794314,4.1674044,4877014,92032454.0,4.064178,2.0867,120000010.0,512994081.14950323,2026-07-14
2012-02-28,sh.600869,远东股份,4.257026,4.20325304,4.2682287,4.16068278,3005221,56463632.0,2.504351,-1.6771,119999992.0,504390331.17397565,2026-07-14
2012-02-29,sh.600869,远东股份,4.19877196,4.1674044,4.3242422,4.16516386,2990032,56648107.0,2.491693,-0.8529,120000016.0,500088594.6784704,2026-07-14
2012-03-01,sh.600869,远东股份,4.13827738,4.19653142,4.20997466,4.10690982,1595281,29763099.0,1.329401,0.6989,119999985.0,503583707.45202875,2026-07-14
2012-03-02,sh.600869,远东股份,4.19653142,4.25926654,4.28839356,4.19653142,1923123,36429885.0,1.602602,1.4949,120000037.0,511112142.3928619,2026-07-14
2012-03-05,sh.600869,远东股份,4.2682287,4.3130395,4.32200166,4.24134222,2492275,47557611.0,2.076896,1.2625,119999990.0,517564696.86960506,2026-07-14
2012-03-06,sh.600869,远东股份,4.31079896,4.20997466,4.31079896,4.20773412,2488497,47148797.0,2.073747,-2.3896,120000029.0,505197081.28926516,2026-07-14
2012-03-07,sh.600869,远东股份,4.16292332,4.16068278,4.21669628,4.10915036,1502692,28002514.0,1.252243,-1.1708,120000032.0,499282066.741849,2026-07-14
2012-03-08,sh.600869,远东股份,4.17412602,4.21445574,4.22565844,4.13155576,1829467,34232125.0,1.524556,1.2924,119999987.0,505734634.01207536,2026-07-14
2012-03-09,sh.600869,远东股份,4.21893682,4.27495032,4.27719086,4.2122152,1900258,36089002.0,1.583548,1.4354,120000025.0,512994145.27375805,2026-07-14
2012-03-12,sh.600869,远东股份,4.3130395,4.40490164,4.4474719,4.257026,3174258,62169762.0,2.645215,3.0398,120000000.0,528588196.8,2026-07-14
2012-03-13,sh.600869,远东股份,4.4026611,4.41834488,4.4250665,4.3466476,1688950,33025255.0,1.407458,0.3052,120000028.0,530201509.3136567,2026-07-14
2012-03-14,sh.600869,远东股份,4.4586746,4.35112868,4.63119618,4.34888814,6542734,130850636.0,5.452278,-1.5213,120000007.0,522135472.0579008,2026-07-14
2012-03-15,sh.600869,远东股份,4.35336922,4.53261242,4.59758808,4.32872328,4959503,99094997.0,4.132919,4.171,120000005.0,543913513.0630622,2026-07-14
2012-03-16,sh.600869,远东股份,4.53933404,4.69841238,4.70289346,4.48332054,3425621,70135388.0,2.854684,3.6579,120000007.0,563809518.4888866,2026-07-14
2012-03-19,sh.600869,远东股份,4.73202048,4.74098264,4.77010966,4.6267151,2820691,59292918.0,2.350576,0.9061,119999991.0,568917874.1311563,2026-07-14
2012-03-20,sh.600869,远东股份,4.7387421,4.51916918,4.7387421,4.49452324,2788276,57436955.0,2.323563,-4.6786,120000017.0,542300378.425876,2026-07-14
2012-03-21,sh.600869,远东股份,4.54381512,4.5819043,4.60655024,4.4474719,1889849,38240604.0,1.574874,1.3882,120000013.0,549828575.5647559,2026-07-14
2012-03-22,sh.600869,远东股份,4.5819043,4.52365026,4.63119618,4.50572594,761335,15441722.0,0.634446,-1.2714,119999968.0,542837886.4431916,2026-07-14
2012-03-23,sh.600869,远东股份,4.48332054,4.42730704,4.52365026,4.4138638,1351787,26846379.0,1.126489,-2.1298,120000018.0,531276924.49152666,2026-07-14
2012-03-26,sh.600869,远东股份,4.4138638,4.4474719,4.48108,4.39369894,961601,19020379.0,0.801334,0.4555,120000025.0,533696739.1867975,2026-07-14
2012-03-27,sh.600869,远东股份,4.4698773,4.49452324,4.54381512,4.42282596,1100031,21985579.0,0.916692,1.0579,120000065.0,539343080.9440106,2026-07-14
2012-03-28,sh.600869,远东股份,4.49452324,4.13603684,4.5370935,4.1225936,1854682,35923362.0,1.545568,-7.9761,120000026.0,496324528.3369579,2026-07-14
2012-03-29,sh.600869,远东股份,4.03521254,3.93662878,4.1337963,3.88061528,1711842,30542173.0,1.426535,-4.8212,120000000.0,472395453.59999996,2026-07-14
2012-03-30,sh.600869,远东股份,3.93662878,4.00608552,4.02849092,3.92542608,1719123,30572389.0,1.432603,1.7644,119999958.0,480730094.14440817,2026-07-14
2012-04-05,sh.600869,远东股份,4.09794766,4.3466476,4.40490164,4.032972,2039674,38549023.0,1.699728,8.5011,120000024.0,521597816.3195424,2026-07-14
2012-04-06,sh.600869,远东股份,4.3466476,4.41610434,4.43402866,4.3018368,1697903,33101841.0,1.414919,1.5979,120000014.0,529932582.6254608,2026-07-14
2012-04-09,sh.600869,远东股份,4.40490164,4.40938272,4.4922827,4.25926654,1122854,22131113.0,0.935712,-0.1522,119999957.0,529125736.79654306,2026-07-14
2012-04-10,sh.600869,远东股份,4.31976112,4.49004216,4.51692864,4.21893682,1294149,25122480.0,1.078457,1.8293,120000056.0,538805310.6423609,2026-07-14
2012-04-11,sh.600869,远东股份,4.4026611,4.4698773,4.49900432,4.33768544,1274989,25323308.0,1.062491,-0.4491,119999981.0,536385191.0723313,2026-07-14
2012-04-12,sh.600869,远东股份,4.48108,4.63567726,4.6379178,4.3914584,1961038,39920601.0,1.634198,3.7093,120000024.0,556281382.4562542,2026-07-14
2012-04-13,sh.600869,远东股份,4.63567726,4.88885828,4.97623934,4.593107,4008887,86181753.0,3.340739,5.4616,120000006.0,586663022.9331497,2026-07-14
2012-04-16,sh.600869,远东股份,4.8395664,4.83284478,4.90230152,4.7499448,1672797,36067471.0,1.393998,-1.1457,119999957.0,579941165.7876745,2026-07-14
2012-04-17,sh.600869,远东股份,4.7499448,4.81043938,4.87541504,4.72977994,1329147,28445183.0,1.107622,-0.4636,120000054.0,577252985.3637265,2026-07-14
2012-04-18,sh.600869,远东股份,4.79027452,4.8731745,4.96503664,4.77683128,1500400,32799424.0,1.250333,1.3041,120000032.0,584781095.941584,2026-07-14
2012-04-19,sh.600869,远东股份,4.8619718,4.82164208,4.96951772,4.7163367,1313199,28446914.0,1.094332,-1.0575,120000055.0,578597314.7903144,2026-07-14
2012-04-20,sh.600869,远东股份,4.86421234,5.07258256,5.1084312,4.74770426,2429638,53524477.0,2.024698,5.2045,120000020.0,608710008.6516511,2026-07-14
2012-04-23,sh.600869,远东股份,5.0748231,5.12411498,5.1980528,4.98744204,2543301,58121119.0,2.119417,1.0159,120000028.0,614893941.0752194,2026-07-14
2012-04-24,sh.600869,远东股份,5.1420393,5.20701496,5.5901473,5.07706364,8448321,198206248.0,7.040267,1.6178,120000009.0,624841842.0631347,2026-07-14
2012-04-25,sh.600869,远东股份,5.12187444,4.92694746,5.12411498,4.817161,3866912,85627322.0,3.222427,-5.3787,119999988.0,591233636.0766305,2026-07-14
2012-04-26,sh.600869,远东股份,4.90006098,4.93590962,5.0300123,4.90006098,1854584,41032932.0,1.545487,0.1819,119999974.0,592309026.0663499,2026-07-14
2012-04-27,sh.600869,远东股份,4.9179853,4.84404748,4.93366908,4.83060424,1712535,37139970.0,1.427113,-1.8611,119999958.0,581285494.1500059,2026-07-14
2012-05-02,sh.600869,远东股份,4.929188,4.89109882,4.95831502,4.8619718,1597720,35097150.0,1.331433,0.9713,120000030.0,586932005.1329646,2026-07-14
2012-05-03,sh.600869,远东股份,4.91126368,5.11067174,5.13755822,4.9067826,2056770,46252353.0,1.713975,4.4892,120000000.0,613280608.8,2026-07-14
2012-05-04,sh.600869,远东股份,5.13755822,5.20029334,5.21597712,5.07930418,1536620,35450007.0,1.280517,1.7536,119999969.0,624035039.5909065,2026-07-14
2012-05-07,sh.600869,远东股份,5.1980528,5.40866356,5.4221068,5.1308366,2835282,67777078.0,2.362735,4.0069,120000000.0,649039627.2,2026-07-14
2012-05-08,sh.600869,远东股份,5.3884987,5.36161222,5.489323,5.3324852,2894716,69867309.0,2.412263,-0.8699,120000017.0,643393557.5474077,2026-07-14
2012-05-09,sh.600869,远东股份,5.36161222,5.22269874,5.36161222,5.1756474,1949189,45727025.0,1.624324,-2.5909,120000012.0,626723911.4723849,2026-07-14
2012-05-10,sh.600869,远东股份,5.21597712,5.39073924,5.4221068,5.20253388,1820244,43513144.0,1.51687,3.2175,120000000.0,646888708.8000001,2026-07-14
2012-05-11,sh.600869,远东股份,5.40418248,5.33472574,5.44899328,5.3324852,1203523,28864816.0,1.002936,-1.0391,119999980.0,640166982.1054852,2026-07-14
2012-05-14,sh.600869,远东股份,5.4221068,5.24958522,5.4221068,5.2428636,1395126,33019550.0,1.162605,-1.596,120000000.0,629950226.4,2026-07-14
2012-05-15,sh.600869,远东股份,5.2204582,5.17116632,5.2204582,5.0860258,1310306,30049498.0,1.091922,-1.4938,119999963.0,620539767.0668461,2026-07-14
2012-05-16,sh.600869,远东股份,5.17116632,5.1420393,5.24062306,5.0636204,705602,16267778.0,0.588002,-0.5633,119999932.0,617044366.3413277,2026-07-14
2012-05-17,sh.600869,远东股份,5.153242,5.3436879,5.35713114,5.1084312,1466131,34453080.0,1.221776,3.9216,119999984.0,641242462.5009936,2026-07-14
2012-05-18,sh.600869,远东股份,5.3436879,5.3436879,5.3436879,5.3436879,0,0.0,0.0,0.0,119999984.0,641242462.5009936,2026-07-14
2012-05-21,sh.600869,远东股份,5.2876744,5.23838252,5.34592844,5.1756474,1015461,23930821.0,0.846218,-1.9706,119999929.0,628605530.4748411,2026-07-14
2012-05-22,sh.600869,远东股份,5.3100798,5.2428636,5.3212825,5.21149604,919642,21530034.0,0.766368,0.0855,120000052.0,629143904.6289072,2026-07-14
2012-05-23,sh.600869,远东股份,5.15996362,5.17340686,5.2204582,5.02553122,1529466,34902513.0,1.274555,-1.3248,120000000.0,620808823.2,2026-07-14
2012-05-24,sh.600869,远东股份,5.1308366,5.07034202,5.18909064,5.05913932,799336,18205361.0,0.666113,-1.9922,120000060.0,608441346.6205212,2026-07-14
2012-05-25,sh.600869,远东股份,5.0748231,5.12859606,5.18236902,5.05465824,785353,17963248.0,0.654461,1.1489,119999969.0,615431368.2135221,2026-07-14
2012-05-28,sh.600869,远东股份,5.0972285,5.13531768,5.15100146,5.0300123,551931,12540342.0,0.459942,0.1311,120000130.0,616238789.1912984,2026-07-14
2012-05-29,sh.600869,远东股份,5.09050688,5.2204582,5.25182576,5.09050688,895930,20725922.0,0.746608,1.6579,120000054.0,626455265.9047428,2026-07-14
2012-05-30,sh.600869,远东股份,5.19581226,5.2316609,5.26078792,5.17788794,706039,16460085.0,0.588366,0.2146,119999966.0,627799130.1235293,2026-07-14
2012-05-31,sh.600869,远东股份,5.2204582,5.25854738,5.29663656,5.15772308,1592972,37412810.0,1.327477,0.5139,119999970.0,631025527.8435787,2026-07-14
2012-06-01,sh.600869,远东股份,5.2764717,5.23614198,5.29663656,5.19357172,843653,19737121.0,0.703044,-0.4261,120000028.0,628337184.2119755,2026-07-14
2012-06-04,sh.600869,远东股份,5.1308366,5.09274742,5.18236902,5.02329068,1103892,25251986.0,0.91991,-2.7386,120000000.0,611129690.4,2026-07-14
2012-06-05,sh.600869,远东股份,5.0860258,5.13531768,5.18460956,5.0860258,921236,21123138.0,0.767697,0.8359,119999948.0,616237854.5634806,2026-07-14
2012-06-06,sh.600869,远东股份,5.1644447,5.0860258,5.1644447,5.06586094,749100,17088192.0,0.62425,-0.9599,120000000.0,610323096.0,2026-07-14
2012-06-07,sh.600869,远东股份,5.1308366,5.12859606,5.21821766,5.07258256,1403065,32310456.0,1.169221,0.837,119999983.0,615431440.0138669,2026-07-14
2012-06-08,sh.600869,远东股份,5.2092555,5.1308366,5.21149604,5.11067174,546369,12545233.0,0.455308,0.0437,119999868.0,615699714.7295688,2026-07-14
2012-06-11,sh.600869,远东股份,5.12635552,5.2428636,5.26078792,5.11067174,976096,22729113.0,0.813413,2.1834,120000049.0,629143888.9003164,2026-07-14
2012-06-12,sh.600869,远东股份,5.19581226,5.21149604,5.25182576,5.18909064,597390,13914191.0,0.497825,-0.5983,120000000.0,625379524.8000001,2026-07-14
2012-06-13,sh.600869,远东股份,5.2204582,5.26302846,5.26975008,5.1980528,961846,22549623.0,0.801538,0.9888,120000050.0,631563678.351423,2026-07-14
2012-06-14,sh.600869,远东股份,5.26975008,5.20253388,5.2764717,5.19133118,1017907,23732688.0,0.848256,-1.1494,119999976.0,624303940.7391869,2026-07-14
2012-06-15,sh.600869,远东股份,5.2204582,5.265269,5.26975008,5.18012848,955743,22314232.0,0.796453,1.2059,119999925.0,631831885.104825,2026-07-14
2012-06-18,sh.600869,远东股份,5.2764717,5.25854738,5.30783926,5.24510414,1417263,33353209.0,1.181053,-0.1277,119999949.0,631025417.4140837,2026-07-14
2012-06-19,sh.600869,远东股份,5.2428636,5.21373658,5.265269,5.21149604,661225,15436939.0,0.551021,-0.8522,119999964.0,625648201.9054831,2026-07-14
2012-06-20,sh.600869,远东股份,5.25630684,5.2316609,5.265269,5.20477442,642133,14983288.0,0.535111,0.3438,119999963.0,627799114.4285467,2026-07-14
2012-06-21,sh.600869,远东股份,5.2204582,5.3324852,5.41762572,5.2204582,2345790,55884397.0,1.954825,1.9272,120000000.0,639898224.0,2026-07-14
2012-06-25,sh.600869,远东股份,5.30559872,5.29439602,5.4109041,5.21149604,2175927,51660528.0,1.813272,-0.7143,120000033.0,635327697.1150687,2026-07-14
2012-06-26,sh.600869,远东股份,5.3548906,4.94487178,5.3548906,4.8283637,2943530,66084508.0,2.452942,-6.6018,119999984.0,593384534.4820515,2026-07-14
2012-06-27,sh.600869,远东股份,4.9515934,5.04345554,5.0636204,4.8731745,1767143,39590177.0,1.472619,1.9937,120000014.0,605214735.4083775,2026-07-14
2012-06-28,sh.600869,远东股份,5.03897446,5.20701496,5.34592844,5.03673392,2431485,56578820.0,2.026237,3.243,120000030.0,624841951.4104489,2026-07-14
2012-06-29,sh.600869,远东股份,5.23838252,5.2540663,5.3100798,5.1420393,2654156,61814787.0,2.211797,0.9036,119999982.0,630487861.4268066,2026-07-14
2012-07-02,sh.600869,远东股份,5.1979246,5.38039,5.427176,5.0575666,3965780,44456650.0,1.652408,2.4043,240000048.0,1291293858.2587202,2026-07-14
2012-07-03,sh.600869,远东股份,5.333604,5.14646,5.333604,5.0809596,4859489,53846524.0,2.024787,-4.3478,240000010.0,1235150451.4646,2026-07-14
2012-07-04,sh.600869,远东股份,5.0949954,4.8376724,5.0949954,4.818958,4140740,43643998.0,1.725308,-6.0,240000046.0,1161041598.5329304,2026-07-14
2012-07-05,sh.600869,远东股份,4.8376724,4.7815292,4.9218872,4.4961346,3794799,38048305.0,1.581166,-1.1605,240000038.0,1147567189.6981094,2026-07-14
2012-07-06,sh.600869,远东股份,4.7815292,4.7815292,4.7815292,4.7815292,0,0.0,0.0,0.0,240000038.0,1147567189.6981094,2026-07-14
2012-07-09,sh.600869,远东股份,4.7908864,4.6786,4.8984942,4.6786,3731288,38214612.0,1.554703,-2.1526,240000051.0,1122864238.6086001,2026-07-14
2012-07-10,sh.600869,远东股份,4.631814,4.4493486,4.6786,4.4353128,2812784,27112061.0,1.171993,-4.9,240000068.0,1067843966.555705,2026-07-14
2012-07-11,sh.600869,远东股份,4.44467,4.5101704,4.5242062,4.304312,2339510,22167867.0,0.974796,1.367,239999959.0,1082440711.0830135,2026-07-14
2012-07-12,sh.600869,远东股份,4.491456,4.4820988,4.5522778,4.374491,2428430,23293235.0,1.011846,-0.6224,239999960.0,1075703532.716048,2026-07-14
2012-07-13,sh.600869,远东股份,4.4353128,4.4119198,4.5101704,4.4025626,1917125,18177059.0,0.798802,-1.5658,240000025.0,1058860862.297995,2026-07-14
2012-07-16,sh.600869,远东股份,4.3885268,4.1124894,4.468063,4.1031322,3217404,29221953.0,1.340585,-6.7869,240000000.0,986997456.0000001,2026-07-14
2012-07-17,sh.600869,远东股份,4.1124894,3.9674528,4.140561,3.8411306,3959826,33396303.0,1.649927,-3.5267,240000073.0,952188961.6240543,2026-07-14
2012-07-18,sh.600869,远东股份,3.953417,3.9861672,3.9908458,3.8504878,2528215,21076280.0,1.053423,0.4717,239999981.0,956680052.2628232,2026-07-14
2012-07-19,sh.600869,远东股份,3.9814886,4.0563462,4.0984536,3.9206668,2855576,24769091.0,1.189823,1.7606,240000067.0,973523359.7751955,2026-07-14
2012-07-20,sh.600869,远东股份,4.0563462,4.3136692,4.4587058,4.0048816,4812653,44226652.0,2.005272,6.3437,240000010.0,1035280651.1366919,2026-07-14
2012-07-23,sh.600869,远东股份,4.397884,4.4727416,4.631814,4.2388116,4882018,47042756.0,2.034174,3.6876,240000020.0,1073458073.454832,2026-07-14
2012-07-24,sh.600869,远东股份,4.468063,4.4774202,4.5475992,4.327705,2718650,25881526.0,1.132771,0.1046,239999965.0,1074580691.290293,2026-07-14
2012-07-25,sh.600869,远东股份,4.4353128,4.2996334,4.4867774,4.2762404,2338272,21741973.0,0.97428,-3.9707,240000000.0,1031912016.0000001,2026-07-14
2012-07-26,sh.600869,远东股份,4.2715618,4.21074,4.327705,4.163954,1647389,14953592.0,0.686412,-2.0675,240000029.0,1010577722.1114601,2026-07-14
2012-07-27,sh.600869,远东股份,4.1545968,4.046989,4.2013828,3.97681,2006649,17470235.0,0.836104,-3.8889,239999928.0,971277068.616792,2026-07-14
2012-07-30,sh.600869,远东股份,4.0423104,4.4540272,4.4540272,4.0048816,6769749,62807824.0,2.820729,10.0578,239999979.0,1068966434.4654287,2026-07-14
2012-07-31,sh.600869,远东股份,4.491456,4.3464194,4.491456,4.21074,4508176,41777254.0,1.878407,-2.416,239999957.0,1043140469.1039659,2026-07-14
2012-08-01,sh.600869,远东股份,4.2996334,4.3838482,4.4306342,4.2855976,3385545,31608453.0,1.410644,0.8611,239999957.0,1052123379.4945275,2026-07-14
2012-08-02,sh.600869,远东股份,4.3651338,4.3651338,4.4119198,4.2622046,2544004,23560198.0,1.060002,-0.4269,239999925.0,1047631784.614965,2026-07-14
2012-08-03,sh.600869,远东股份,4.3417408,4.374491,4.3791696,4.2154186,2647859,24396995.0,1.103275,0.2144,239999909.0,1049877441.921319,2026-07-14
2012-08-06,sh.600869,远东股份,4.3417408,4.4353128,4.468063,4.280919,2820432,26495794.0,1.17518,1.3904,240000000.0,1064475072.0,2026-07-14
2012-08-07,sh.600869,远东股份,4.4306342,4.3651338,4.4633844,4.3417408,3280474,30706103.0,1.366864,-1.5823,240000029.0,1047632238.5888802,2026-07-14
2012-08-08,sh.600869,远东股份,4.3604552,4.6692428,4.795565,4.3323836,7992618,78384314.0,3.330258,6.9668,239999964.0,1120618103.9072592,2026-07-14
2012-08-09,sh.600869,远东股份,4.5429206,4.6271354,4.6926358,4.5054918,5864690,57450437.0,2.443621,-0.9018,239999984.0,1110512421.9658337,2026-07-14
2012-08-10,sh.600869,远东股份,4.6271354,4.5429206,4.655207,4.5101704,3194017,31144706.0,1.33084,-1.82,240000075.0,1090301284.7190452,2026-07-14
2012-08-13,sh.600869,远东股份,4.5569564,4.4306342,4.5569564,4.421277,2266115,21634175.0,0.944215,-2.4717,239999894.0,1063351738.3527749,2026-07-14
2012-08-14,sh.600869,远东股份,4.4306342,4.5195276,4.5663136,4.3417408,2432617,23043932.0,1.01359,2.0063,240000099.0,1084687071.4332323,2026-07-14
2012-08-15,sh.600869,远东股份,4.585028,4.5803494,4.7674934,4.538242,5336005,53118079.0,2.223335,1.3458,240000045.0,1099284062.1157231,2026-07-14
2012-08-16,sh.600869,远东股份,4.5008132,4.491456,4.5756708,4.4540272,2121207,20397337.0,0.883836,-1.9408,240000068.0,1077949745.419008,2026-07-14
2012-08-17,sh.600869,远东股份,4.4774202,4.5335634,4.5475992,4.4633844,1464687,14104315.0,0.610286,0.9375,240000098.0,1088055660.2892132,2026-07-14
2012-08-20,sh.600869,远东股份,4.5335634,4.561635,4.5943852,4.468063,1470663,14226824.0,0.612776,0.6192,240000098.0,1094792847.04023,2026-07-14
2012-08-21,sh.600869,远东股份,4.4633844,4.3557766,4.4633844,4.2154186,6787216,62807552.0,2.828007,-4.5128,239999972.0,1045386262.0382553,2026-07-14
2012-08-22,sh.600869,远东股份,4.304312,4.2013828,4.327705,4.1218466,3710805,33629004.0,1.546169,-3.5446,239999961.0,1008331708.1460708,2026-07-14
2012-08-23,sh.600869,远东股份,4.1967042,4.1265252,4.21074,4.0516676,2600174,22911202.0,1.083406,-1.7817,239999963.0,990365895.3185675,2026-07-14
2012-08-24,sh.600869,远东股份,4.1078108,4.1312038,4.1920256,4.1031322,1780610,15770866.0,0.741921,0.1134,239999946.0,991488688.9149947,2026-07-14
2012-08-27,sh.600869,远东股份,4.1031322,3.97681,4.1124894,3.9674528,1636192,14141343.0,0.681747,-3.7373,239999883.0,954433934.71323,2026-07-14
2012-08-28,sh.600869,远东股份,3.8645236,3.7569158,3.8785594,3.602522,4785118,38199330.0,1.993799,-5.5294,240000020.0,901659867.1383159,2026-07-14
2012-08-29,sh.600869,远东股份,3.7335228,3.7522372,3.813059,3.649308,1874885,14994877.0,0.781202,-0.1245,240000026.0,900537025.5581672,2026-07-14
2012-08-30,sh.600869,远东股份,3.719487,3.74288,3.789666,3.672701,1488823,11903103.0,0.620343,-0.249382,239999968.0,898291080.22784,2026-07-14
2012-08-31,sh.600869,远东股份,3.74288,3.74288,3.813059,3.7335228,993454,7991030.0,0.413939,0.0,240000097.0,898291563.05936,2026-07-14
2012-09-03,sh.600869,远东股份,3.7522372,3.813059,3.836452,3.7241656,1380877,11180390.0,0.575365,1.875,240000174.0,915134823.472266,2026-07-14
2012-09-04,sh.600869,远东股份,3.813059,3.8270948,3.906631,3.7990232,1647295,13521517.0,0.686373,0.3681,239999971.0,918502641.0142508,2026-07-14
2012-09-05,sh.600869,远东股份,3.8411306,3.8083804,3.8692022,3.789666,850834,6939812.0,0.354514,-0.489,240000113.0,914011726.3469852,2026-07-14
2012-09-06,sh.600869,远东股份,3.836452,3.7943446,3.836452,3.7709516,1233920,9997476.0,0.514133,-0.3686,240000156.0,910643295.9177576,2026-07-14
2012-09-07,sh.600869,远东股份,3.9814886,4.023596,4.093775,3.930024,4124511,35331112.0,1.718546,6.0419,240000035.0,965663180.8258601,2026-07-14
2012-09-10,sh.600869,远东股份,4.0329532,4.0610248,4.0750606,3.9814886,3703278,31918100.0,1.543033,0.9302,239999922.0,974645635.2400657,2026-07-14
2012-09-11,sh.600869,远东股份,4.0844178,4.0890964,4.093775,4.0142388,2370636,20553075.0,0.987765,0.6912,240000000.0,981383136.0,2026-07-14
2012-09-12,sh.600869,远东股份,4.187347,4.3417408,4.4587058,4.187347,6837007,63418534.0,2.848753,6.1785,239999993.0,1042017761.6078144,2026-07-14
2012-09-13,sh.600869,远东股份,4.2762404,4.2247758,4.3230264,4.21074,3007588,27457262.0,1.253162,-2.694,239999936.0,1013945921.6143488,2026-07-14
2012-09-14,sh.600869,远东股份,4.2762404,4.280919,4.3230264,4.2154186,2316544,21183800.0,0.965227,1.3289,239999917.0,1027420204.683723,2026-07-14
2012-09-17,sh.600869,远东股份,4.2481688,4.0563462,4.2996334,4.046989,2080940,18478364.0,0.867058,-5.2459,240000092.0,973523461.1838504,2026-07-14
2012-09-18,sh.600869,远东股份,4.0563462,4.0095602,4.0890964,3.9861672,1024373,8842009.0,0.426822,-1.1534,240000047.0,962294636.4493294,2026-07-14
2012-09-19,sh.600869,远东股份,4.0329532,4.0282746,4.070382,3.9814886,803158,6911899.0,0.334649,0.4667,240000120.0,966786387.3929518,2026-07-14
2012-09-20,sh.600869,远东股份,4.0610248,3.8738808,4.0610248,3.859845,1755644,14655171.0,0.731518,-3.8328,240000109.0,929731814.2530072,2026-07-14
2012-09-21,sh.600869,远东股份,3.906631,3.8972738,3.9393812,3.836452,1151667,9589378.0,0.479861,0.6039,240000125.0,935346199.159225,2026-07-14
2012-09-24,sh.600869,远东股份,3.8411306,3.9440598,3.9674528,3.813059,1012630,8445159.0,0.421929,1.2005,240000095.0,946574726.685681,2026-07-14
2012-09-25,sh.600869,远东股份,3.9580956,3.8738808,3.9580956,3.8692022,573693,4780045.0,0.239039,-1.7794,239999749.0,929730419.6559192,2026-07-14
2012-09-26,sh.600869,远东股份,3.8785594,3.7475586,3.9159882,3.74288,654017,5339163.0,0.272507,-3.2609,240000073.0,899414337.5717778,2026-07-14
2012-09-27,sh.600869,远东股份,3.7709516,3.836452,3.8738808,3.7475586,1078284,8785028.0,0.449285,2.372,240000000.0,920748480.0,2026-07-14
2012-09-28,sh.600869,远东股份,3.789666,3.8925952,3.9019524,3.7756302,1011697,8340607.0,0.42154,1.4634,240000237.0,934223770.5450624,2026-07-14
2012-10-08,sh.600869,远东股份,3.8224162,3.836452,3.9393812,3.789666,953784,7859240.0,0.39741,-1.4423,240000000.0,920748480.0,2026-07-14
2012-10-09,sh.600869,远东股份,3.8551664,3.9487384,3.9580956,3.8504878,1284831,10730041.0,0.535346,2.9268,240000112.0,947697658.2587007,2026-07-14
2012-10-10,sh.600869,远东股份,3.930024,3.9814886,4.0095602,3.9113096,1393645,11839486.0,0.580685,0.8294,240000172.0,955557948.8160392,2026-07-14
2012-10-11,sh.600869,远东股份,4.0048816,3.8645236,4.0142388,3.8458092,1184158,9961819.0,0.493399,-2.9377,240000081.0,927485977.0264117,2026-07-14
2012-10-12,sh.600869,远东股份,3.8925952,3.8645236,3.9159882,3.813059,828035,6836269.0,0.345015,0.0,239999710.0,927484543.288156,2026-07-14
2012-10-15,sh.600869,远东股份,3.883238,4.2013828,4.21074,3.883238,4109356,35577810.0,1.712232,8.7167,239999953.0,1008331674.5350084,2026-07-14
2012-10-16,sh.600869,远东股份,4.1545968,4.0610248,4.1592754,4.0516676,3259845,28566152.0,1.358269,-3.3408,239999956.0,974645773.3149089,2026-07-14
2012-10-17,sh.600869,远东股份,4.070382,4.0282746,4.0984536,3.953417,1808095,15517846.0,0.753373,-0.8065,239999973.0,966785795.2365857,2026-07-14
2012-10-18,sh.600869,远东股份,4.0329532,4.0376318,4.070382,4.0048816,1833540,15837740.0,0.763975,0.2323,240000000.0,969031632.0,2026-07-14
2012-10-19,sh.600869,远东股份,4.023596,4.0095602,4.0563462,3.9580956,1454124,12416078.0,0.605885,-0.695254,240000000.0,962294448.0,2026-07-14
2012-10-22,sh.600869,远东股份,3.9861672,3.9955244,4.0095602,3.9393812,709193,6032395.0,0.295497,-0.3501,240000068.0,958926127.6956592,2026-07-14
2012-10-23,sh.600869,远东股份,3.9955244,3.9253454,3.9955244,3.9159882,1159100,9807666.0,0.482958,-1.7564,240000166.0,942083547.6073364,2026-07-14
2012-10-24,sh.600869,远东股份,3.906631,3.9113096,3.953417,3.8692022,803888,6714491.0,0.334953,-0.3576,240000239.0,938715238.8029944,2026-07-14
2012-10-25,sh.600869,远东股份,3.9253454,3.9113096,3.9861672,3.9113096,1039404,8734939.0,0.433085,0.0,240000000.0,938714304.0,2026-07-14
2012-10-26,sh.600869,远东股份,3.9113096,3.8270948,3.9393812,3.8083804,917151,7555246.0,0.382146,-2.1531,240000157.0,918503352.8538835,2026-07-14
2012-10-29,sh.600869,远东股份,3.789666,3.7990232,3.8458092,3.766273,548098,4453502.0,0.228374,-0.7335,240000175.0,911766232.8290601,2026-07-14
2012-10-30,sh.600869,远东股份,3.789666,3.789666,3.8411306,3.7709516,645494,5240568.0,0.268956,-0.2463,239999851.0,909519275.339766,2026-07-14
2012-10-31,sh.600869,远东股份,3.789666,3.789666,3.789666,3.789666,0,0.0,0.0,0.0,239999851.0,909519275.339766,2026-07-14
2012-11-01,sh.600869,远东股份,3.789666,3.789666,3.789666,3.789666,0,0.0,0.0,0.0,239999851.0,909519275.339766,2026-07-14
2012-11-02,sh.600869,远东股份,3.9580956,3.8411306,3.97681,3.8177376,3372077,28003923.0,1.405032,1.358,240000014.0,921871397.7758284,2026-07-14
2012-11-05,sh.600869,远东股份,3.766273,3.7849874,3.7990232,3.6586652,2852218,22713285.0,1.188424,-1.4616,240000034.0,908397104.6895716,2026-07-14
2012-11-06,sh.600869,远东股份,3.7615944,3.719487,3.766273,3.6586652,1152364,9136941.0,0.480152,-1.7305,239999833.0,892676258.8456709,2026-07-14
2012-11-07,sh.600869,远东股份,3.719487,3.6914154,3.7382014,3.6820582,967090,7642925.0,0.402954,-0.7547,240000099.0,885940061.4501246,2026-07-14
2012-11-08,sh.600869,远东股份,3.649308,3.579129,3.649308,3.5697718,1373790,10551410.0,0.572412,-3.0418,240000210.0,858991711.61709,2026-07-14
2012-11-09,sh.600869,远东股份,3.602522,3.6305936,3.7054512,3.5931648,1085167,8473714.0,0.452153,1.4379,239999956.0,871342304.2538816,2026-07-14
2012-11-12,sh.600869,远东股份,3.6165578,3.5744504,3.672701,3.555736,1005721,7706855.0,0.41905,-1.5464,240000239.0,857868950.2936456,2026-07-14
2012-11-13,sh.600869,远东股份,3.5884862,3.5276644,3.5884862,3.462164,1238574,9309492.0,0.516072,-1.3089,240000233.0,846640277.9458052,2026-07-14
2012-11-14,sh.600869,远东股份,3.50895,3.4668426,3.5417002,3.4294138,715209,5295846.0,0.298004,-1.7241,239999799.0,832041527.1646374,2026-07-14
2012-11-15,sh.600869,远东股份,3.462164,3.3779492,3.50895,3.3732706,640625,4738345.0,0.266927,-2.5641,240000075.0,810708061.3461901,2026-07-14
2012-11-16,sh.600869,远东股份,3.3779492,3.3639134,3.3873064,3.251627,980981,6936310.0,0.408742,-0.4155,240000049.0,807339380.8317566,2026-07-14
2012-11-19,sh.600869,远东股份,3.6773796,3.6072006,3.6773796,3.4715212,2353022,17977008.0,0.980426,7.2323,239999959.0,865727996.1047754,2026-07-14
2012-11-20,sh.600869,远东股份,3.6072006,3.5229858,3.6118792,3.5042714,1592361,12087388.0,0.663484,-2.3346,239999910.0,845516274.931278,2026-07-14
2012-11-21,sh.600869,远东股份,3.5042714,3.4949142,3.5229858,3.415378,829602,6157465.0,0.345668,-0.7968,239999653.0,838778195.2647727,2026-07-14
2012-11-22,sh.600869,远东股份,3.4434496,3.3966636,3.4808784,3.3873064,673215,4926010.0,0.280506,-2.8112,240000214.0,815199990.8860104,2026-07-14
2012-11-23,sh.600869,远东股份,3.415378,3.3826278,3.415378,3.368592,862108,6252074.0,0.359212,-0.4132,239999777.0,811829917.6740006,2026-07-14
2012-11-26,sh.600869,远东股份,3.4340924,3.4715212,3.6820582,3.415378,1659764,12612059.0,0.442394,2.6279,375177783.0,1302437627.4534996,2026-07-14
2012-11-27,sh.600869,远东股份,3.3966636,3.3639134,3.4528068,3.3592348,724790,5247375.0,0.193186,-3.0997,375177290.0,1262063913.206686,2026-07-14
2012-11-28,sh.600869,远东股份,3.345199,3.3358418,3.4106994,3.321806,709497,5102086.0,0.189109,-0.8345,375178865.0,1251537340.343557,2026-07-14
2012-11-29,sh.600869,远东股份,3.3264846,3.3030916,3.3966636,3.2890558,399385,2849955.0,0.106452,-0.9818,375178484.0,1239248899.0011344,2026-07-14
2012-11-30,sh.600869,远东股份,3.2796986,3.321806,3.3358418,3.2796986,428786,3036695.0,0.114289,0.5666,375176964.0,1246265090.076984,2026-07-14
2012-12-03,sh.600869,远东股份,3.3311632,3.2843772,3.3592348,3.2796986,393696,2794501.0,0.104936,-1.1268,375177251.0,1232223609.1430774,2026-07-14
2012-12-04,sh.600869,远东股份,3.298413,3.3124488,3.3171274,3.2563056,577181,4057202.0,0.153842,0.8547,375177780.0,1242757187.1476638,2026-07-14
2012-12-05,sh.600869,远东股份,3.298413,3.4060208,3.485557,3.2937344,1719633,12445787.0,0.458351,2.8249,375178193.0,1277864729.0644143,2026-07-14
2012-12-06,sh.600869,远东股份,3.4060208,3.3873064,3.415378,3.3592348,845500,6116050.0,0.22536,-0.5495,375177494.0,1270841126.5621617,2026-07-14
2012-12-07,sh.600869,远东股份,3.4060208,3.4434496,3.462164,3.368592,1361077,9960083.0,0.362782,1.6575,375177655.0,1291905346.038688,2026-07-14
2012-12-10,sh.600869,远东股份,3.4808784,3.4808784,3.5136286,3.4247352,1496820,11111869.0,0.398963,1.087,375177648.0,1305947771.086003,2026-07-14
2012-12-11,sh.600869,远东股份,3.4808784,3.5229858,3.5276644,3.4247352,2237048,16650941.0,0.596263,1.2097,375178067.0,1321747002.5124485,2026-07-14
2012-12-12,sh.600869,远东股份,3.5042714,3.5183072,3.5417002,3.4902356,1744149,13103183.0,0.464886,-0.1328,375177786.0,1319990705.7638593,2026-07-14
2012-12-13,sh.600869,远东股份,3.5229858,3.50895,3.5276644,3.4434496,2133109,15899481.0,0.568559,-0.266,375178126.0,1316481285.2277,2026-07-14
2012-12-14,sh.600869,远东股份,3.5042714,3.74288,3.836452,3.5042714,5261432,41451400.0,1.402383,6.6667,375177965.0,1404246101.6392,2026-07-14
2012-12-17,sh.600869,远东股份,3.6914154,3.7101298,3.7335228,3.6539866,2817515,22159492.0,0.750981,-0.875,375177934.0,1391958833.2358332,2026-07-14
2012-12-18,sh.600869,远东股份,3.7054512,3.6680224,3.766273,3.6539866,1720009,13537896.0,0.458451,-1.1349,375178372.0,1376162672.4915328,2026-07-14
2012-12-19,sh.600869,远东股份,3.6680224,3.7241656,3.789666,3.6539866,2430498,19281735.0,0.647825,1.5306,375178173.0,1397225645.757449,2026-07-14
2012-12-20,sh.600869,远东股份,3.7382014,3.6867368,3.7382014,3.649308,1065961,8380294.0,0.284121,-1.005,375178533.0,1383184504.1811144,2026-07-14
2012-12-21,sh.600869,远东股份,3.6867368,3.7101298,3.836452,3.6867368,2360817,18915874.0,0.629253,0.6345,375177711.0,1391958005.8768878,2026-07-14
2012-12-24,sh.600869,远东股份,3.696094,3.6773796,3.7382014,3.672701,1675026,13196139.0,0.446462,-0.8827,375177731.0,1379670934.3536875,2026-07-14
2012-12-25,sh.600869,远东股份,3.719487,3.6773796,3.7382014,3.6633438,3921280,30966929.0,1.045179,0.0,375177840.0,1379671335.188064,2026-07-14
2012-12-26,sh.600869,远东股份,3.6914154,3.6914154,3.7101298,3.6305936,2689914,21102820.0,0.71697,0.3817,375178041.0,1384937998.2892313,2026-07-14
2012-12-27,sh.600869,远东股份,3.6867368,3.672701,3.74288,3.672701,2687727,21260389.0,0.716387,-0.507,375178081.0,1377916913.266781,2026-07-14
2012-12-28,sh.600869,远东股份,3.6633438,3.6446294,3.6914154,3.5650932,2411381,18651054.0,0.64273,-0.7643,375177913.0,1367384451.950442,2026-07-14
2012-12-31,sh.600869,远东股份,3.6539866,3.6820582,3.6867368,3.6212364,1596113,12499714.0,0.425428,1.027,375178174.0,1381427872.0377269,2026-07-14
2013-01-04,sh.600869,远东股份,3.7101298,3.6072006,3.7382014,3.579129,4628948,35889186.0,1.2338,-2.033,375178149.0,1353342844.1796894,2026-07-14
2013-01-07,sh.600869,远东股份,3.6118792,3.5931648,3.6633438,3.555736,5120402,39259335.0,1.364793,-0.3891,375177921.0,1348076099.4743807,2026-07-14
2013-01-08,sh.600869,远东股份,3.5884862,3.6212364,3.6399508,3.579129,3186267,24602461.0,0.849268,0.7812,375178036.0,1358608360.4437103,2026-07-14
2013-01-09,sh.600869,远东股份,3.6165578,3.6820582,3.7007726,3.579129,5343647,41680293.0,1.424296,1.6796,375178123.0,1381427684.2527587,2026-07-14
2013-01-10,sh.600869,远东股份,3.672701,3.696094,3.7335228,3.6633438,4850896,38344888.0,1.292959,0.3812,375177867.0,1386692663.151498,2026-07-14
2013-01-11,sh.600869,远东股份,3.696094,3.579129,3.719487,3.5650932,3404430,26546370.0,0.907417,-3.1646,375178115.0,1342810871.561835,2026-07-14
2013-01-14,sh.600869,远东股份,3.5463788,3.6539866,3.6680224,3.4574854,4557606,34910743.0,1.214785,2.0915,375177994.0,1370895362.6908805,2026-07-14
2013-01-15,sh.600869,远东股份,3.6539866,3.7007726,3.7522372,3.6165578,8130402,64122431.0,2.167079,1.2804,375177924.0,1388448181.2640824,2026-07-14
2013-01-16,sh.600869,远东股份,3.7148084,3.859845,3.8738808,3.696094,14658824,118719177.0,3.907165,4.2984,375178013.0,1448128977.587985,2026-07-14
2013-01-17,sh.600869,远东股份,3.859845,3.7241656,3.859845,3.719487,6089841,49168826.0,1.623187,-3.5152,375178029.0,1397225109.4776025,2026-07-14
2013-01-18,sh.600869,远东股份,3.7615944,3.7615944,3.7803088,3.6820582,5870048,46814669.0,1.564603,1.005,375178112.0,1411267885.1017728,2026-07-14
2013-01-21,sh.600869,远东股份,3.766273,3.7990232,3.836452,3.7569158,4641623,37623998.0,1.237179,0.995,375177965.0,1425309793.163788,2026-07-14
2013-01-22,sh.600869,远东股份,3.7990232,3.7007726,3.813059,3.6586652,4074204,32428013.0,1.085939,-2.5862,375177980.0,1388448388.507348,2026-07-14
2013-01-23,sh.600869,远东股份,3.672701,3.7335228,3.7849874,3.6680224,2836469,22606250.0,0.756033,0.885,375177935.0,1400735374.379418,2026-07-14
2013-01-24,sh.600869,远东股份,3.74288,3.6165578,3.7943446,3.5931648,4275484,33908032.0,1.139588,-3.1328,375178047.0,1356853092.2666166,2026-07-14
2013-01-25,sh.600869,远东股份,3.625915,3.625915,3.6773796,3.602522,1658938,12854222.0,0.442174,0.2587,375177645.0,1360362250.670175,2026-07-14
2013-01-28,sh.600869,远东股份,3.625915,3.7101298,3.719487,3.5978434,2680188,21029933.0,0.714378,2.3226,375177847.0,1391958510.4545405,2026-07-14
2013-01-29,sh.600869,远东股份,3.7054512,3.6867368,3.7335228,3.672701,2259100,17810076.0,0.602141,-0.6305,375177907.0,1383182196.2838776,2026-07-14
2013-01-30,sh.600869,远东股份,3.6539866,3.6446294,3.696094,3.6165578,2956258,23048259.0,0.787961,-1.1421,375178213.0,1367385545.3392622,2026-07-14
2013-01-31,sh.600869,远东股份,3.6446294,3.6352722,3.6633438,3.6072006,2037335,15783559.0,0.543032,-0.2567,375177706.0,1363873084.6815732,2026-07-14
2013-02-01,sh.600869,远东股份,3.6072006,3.6305936,3.6539866,3.6072006,2176528,16864068.0,0.580132,-0.1287,375178063.0,1362119074.388197,2026-07-14
2013-02-04,sh.600869,远东股份,3.6352722,3.6539866,3.7241656,3.6352722,2497618,19591445.0,0.665715,0.6443,375178267.0,1370896360.2292223,2026-07-14
2013-02-05,sh.600869,远东股份,3.625915,3.6399508,3.6539866,3.579129,2725227,21052419.0,0.726382,-0.3841,375178212.0,1365630232.9119694,2026-07-14
2013-02-06,sh.600869,远东股份,3.6305936,3.649308,3.6867368,3.625915,2693197,21023558.0,0.717845,0.2571,375178068.0,1369140324.976944,2026-07-14
2013-02-07,sh.600869,远东股份,3.625915,3.6633438,3.672701,3.5931648,1778228,13874793.0,0.473969,0.3846,375178123.0,1374406450.7876873,2026-07-14
2013-02-08,sh.600869,远东股份,3.6633438,3.7803088,3.8411306,3.6633438,5584843,45014940.0,1.488585,3.1928,375177971.0,1418288585.3374448,2026-07-14
2013-02-18,sh.600869,远东股份,3.789666,3.766273,3.8270948,3.7522372,3430473,27735295.0,0.914359,-0.3713,375177912.0,1413022440.161976,2026-07-14
2013-02-19,sh.600869,远东股份,3.7569158,3.9440598,3.9955244,3.7475586,9348198,77521781.0,2.49167,4.7205,375178013.0,1479724518.9171772,2026-07-14
2013-02-20,sh.600869,远东股份,3.9347026,3.9908458,4.0095602,3.8879166,6242679,52871064.0,1.663925,1.1862,375177908.0,1497277178.3945866,2026-07-14
2013-02-21,sh.600869,远东股份,3.97681,3.8411306,3.97681,3.8224162,4487149,37345078.0,1.196005,-3.7515,375178114.0,1441108134.1356883,2026-07-14
2013-02-22,sh.600869,远东股份,3.859845,3.8083804,3.9206668,3.7990232,3280320,27118058.0,0.874337,-0.8526,375177992.0,1428820511.2441568,2026-07-14
2013-02-25,sh.600869,远东股份,3.836452,3.813059,3.8738808,3.789666,1947542,15878462.0,0.519098,0.1229,375178097.0,1430576219.368723,2026-07-14
2013-02-26,sh.600869,远东股份,3.813059,3.7335228,3.8645236,3.7241656,3642834,29489045.0,0.970962,-2.0859,375177813.0,1400734918.8896363,2026-07-14
2013-02-27,sh.600869,远东股份,3.7335228,3.6914154,3.7943446,3.672701,3847660,30565801.0,1.025556,-1.1278,375177952.0,1384937669.7532609,2026-07-14
2013-02-28,sh.600869,远东股份,3.6914154,3.7756302,3.7803088,3.6914154,3291776,26246642.0,0.87739,2.2814,375178199.0,1416534138.5260098,2026-07-14
2013-03-01,sh.600869,远东股份,3.7709516,3.7803088,3.7990232,3.7241656,2947800,23715766.0,0.785707,0.1239,375178024.0,1418288785.6938112,2026-07-14
2013-03-04,sh.600869,远东股份,3.7803088,3.6773796,3.7803088,3.6539866,2977902,23498297.0,0.79373,-2.7228,375178209.0,1379672692.1411364,2026-07-14
2013-03-05,sh.600869,远东股份,3.672701,3.719487,3.7288442,3.6539866,1924355,15209183.0,0.512918,1.145,375177904.0,1395469336.615248,2026-07-14
2013-03-06,sh.600869,远东股份,3.7241656,3.8692022,3.906631,3.7054512,6268638,51644091.0,1.670844,4.0252,375177934.0,1451639287.624255,2026-07-14
2013-03-07,sh.600869,远东股份,3.8692022,3.9440598,4.000203,3.789666,8316655,69456498.0,2.216722,1.9347,375178078.0,1479724775.2810643,2026-07-14
2013-03-08,sh.600869,远东股份,3.9253454,3.8270948,3.9393812,3.8083804,4268108,35334446.0,1.137622,-2.9656,375178047.0,1435841952.7478554,2026-07-14
2013-03-11,sh.600869,远东股份,3.859845,3.8224162,3.8645236,3.7803088,2032289,16552875.0,0.541687,-0.1222,375177732.0,1434085440.6760585,2026-07-14
2013-03-12,sh.600869,远东股份,3.8270948,3.7849874,3.8411306,3.719487,2459385,19843738.0,0.655525,-0.9792,375177911.0,1420043665.8933213,2026-07-14
2013-03-13,sh.600869,远东股份,3.766273,3.7241656,3.766273,3.7054512,1774003,14140117.0,0.472843,-1.6069,375178019.0,1397225072.2359464,2026-07-14
2013-03-14,sh.600869,远东股份,3.7382014,3.8411306,3.8458092,3.7241656,2958270,24025457.0,0.788498,3.1407,375177870.0,1441107196.899822,2026-07-14
2013-03-15,sh.600869,远东股份,3.8411306,3.8458092,3.953417,3.836452,5847219,48723614.0,1.558519,0.1218,375177909.0,1442862654.0689628,2026-07-14
2013-03-18,sh.600869,远东股份,3.8411306,3.8925952,3.953417,3.789666,3676321,30567604.0,0.979887,1.2165,375178056.0,1460416299.9309313,2026-07-14
2013-03-19,sh.600869,远东股份,3.8645236,3.8270948,3.9019524,3.7615944,3001430,24488236.0,0.800002,-1.6827,375177812.0,1435841053.3805776,2026-07-14
2013-03-20,sh.600869,远东股份,3.8270948,3.9674528,3.9908458,3.8037018,8297158,69934712.0,2.211526,3.6675,375177954.0,1488500824.095571,2026-07-14
2013-03-21,sh.600869,远东股份,3.9674528,3.8972738,3.9674528,3.8645236,9972577,83025744.0,2.658092,-1.7689,375178022.0,1462171475.4764235,2026-07-14
2013-03-22,sh.600869,远东股份,3.8972738,3.9440598,3.9627742,3.8504878,7859900,65755652.0,2.094979,1.2005,375177985.0,1479724408.4835029,2026-07-14
2013-03-25,sh.600869,远东股份,3.9440598,3.8411306,3.9440598,3.836452,6428796,53263032.0,1.713532,-2.6097,375178053.0,1441107899.826722,2026-07-14
2013-03-26,sh.600869,远东股份,3.8317734,3.7756302,3.8317734,3.7615944,3978295,32138912.0,1.060375,-1.7052,375178121.0,1416533844.0268543,2026-07-14
2013-03-27,sh.600869,远东股份,3.7803088,3.7615944,3.813059,3.7382014,3948131,31797772.0,1.052335,-0.3717,375178151.0,1411268031.8039544,2026-07-14
2013-03-28,sh.600869,远东股份,3.7615944,3.5650932,3.7615944,3.555736,5048708,39202760.0,1.345683,-5.2239,375178107.0,1337544918.0545726,2026-07-14
2013-03-29,sh.600869,远东股份,3.532343,3.555736,3.602522,3.532343,2806903,21351004.0,0.748152,-0.2625,375178172.0,1334034532.594592,2026-07-14
2013-04-01,sh.600869,远东股份,3.5463788,3.5838076,3.6165578,3.5463788,2173518,16622520.0,0.57933,0.7895,375177878.0,1344565330.5282729,2026-07-14
2013-04-02,sh.600869,远东股份,3.5884862,3.4715212,3.602522,3.4715212,2480569,18693872.0,0.661171,-3.1332,375178131.0,1302438835.5428772,2026-07-14
2013-04-03,sh.600869,远东股份,3.4808784,3.5884862,3.649308,3.4247352,3844334,29207656.0,1.024669,3.3693,375178131.0,1346321545.6352923,2026-07-14
2013-04-08,sh.600869,远东股份,3.602522,3.672701,3.6773796,3.485557,4461189,34591760.0,1.189086,2.3468,375177994.0,1377916593.741794,2026-07-14
2013-04-09,sh.600869,远东股份,3.7007726,3.6352722,3.7007726,3.5978434,3043819,23647204.0,0.8113,-1.0191,375177986.0,1363874102.5577893,2026-07-14
2013-04-10,sh.600869,远东股份,3.719487,3.6586652,3.7615944,3.6399508,2645606,20778998.0,0.70516,0.6435,375178116.0,1372651116.8107634,2026-07-14
2013-04-11,sh.600869,远东股份,3.6680224,3.8645236,4.023596,3.6072006,17042803,142188592.0,4.542591,5.6266,375178021.0,1449884316.3557956,2026-07-14
2013-04-12,sh.600869,远东股份,3.8270948,3.74288,3.9206668,3.7382014,10272218,83986960.0,2.737959,-3.147702,375177934.0,1404245985.60992,2026-07-14
2013-04-15,sh.600869,远东股份,3.74288,3.8270948,3.9113096,3.696094,7819236,64195416.0,2.08414,2.25,375178059.0,1435841998.6729932,2026-07-14
2013-04-16,sh.600869,远东股份,3.7522372,3.7803088,3.8224162,3.6914154,4758033,38140460.0,1.268207,-1.222499,375177948.0,1418288498.3903422,2026-07-14
2013-04-17,sh.600869,远东股份,3.7803088,3.789666,3.859845,3.74288,3954729,32080650.0,1.054094,0.2475,375178020.0,1421799386.34132,2026-07-14
2013-04-18,sh.600869,远东股份,3.7569158,3.7615944,3.789666,3.625915,5777442,45897584.0,1.53992,-0.7407,375178061.0,1411267693.2604585,2026-07-14
2013-04-19,sh.600869,远东股份,3.7382014,3.789666,3.8458092,3.7054512,4221938,34182848.0,1.125316,0.746274,375177994.0,1421799287.810004,2026-07-14
2013-04-22,sh.600869,远东股份,3.836452,3.813059,3.8785594,3.7803088,5760286,47120540.0,1.535347,0.6173,375178119.0,1430576303.256021,2026-07-14
2013-04-23,sh.600869,远东股份,3.7709516,3.6867368,3.813059,3.6399508,4957240,39163764.0,1.321303,-3.3129,375178139.0,1383183051.606815,2026-07-14
2013-04-24,sh.600869,远东股份,3.6539866,3.6539866,3.6773796,3.5604146,4163529,32193554.0,1.109748,-0.8883,375177878.0,1370894938.828435,2026-07-14
2013-04-25,sh.600869,远东股份,3.6165578,3.7382014,3.8083804,3.6165578,5609424,44783292.0,1.495137,2.3047,375177927.0,1402490651.9604979,2026-07-14
2013-04-26,sh.600869,远东股份,3.579129,3.5931648,3.6633438,3.555736,3984207,30672992.0,1.061951,-3.879849,375178045.0,1348076545.026816,2026-07-14
2013-05-02,sh.600869,远东股份,3.5931648,3.415378,3.5931648,3.391985,3677316,27387076.0,0.980152,-4.9479,375178136.0,1281375151.775408,2026-07-14
2013-05-03,sh.600869,远东股份,3.4200566,3.4668426,3.5229858,3.4200566,3041920,22551192.0,0.810794,1.506845,375177912.0,1300682767.9006512,2026-07-14
2013-05-06,sh.600869,远东股份,3.415378,3.4808784,3.4995928,3.415378,2234180,16547310.0,0.595499,0.4049,375177792.0,1305948272.3324928,2026-07-14
2013-05-07,sh.600869,远东股份,3.4808784,3.5229858,3.5417002,3.4528068,1904259,14268151.0,0.507561,1.2097,375178353.0,1321748010.0863874,2026-07-14
2013-05-08,sh.600869,远东股份,3.532343,3.462164,3.5370216,3.4574854,2803285,20813944.0,0.747188,-1.7264,375178001.0,1298927768.654164,2026-07-14
2013-05-09,sh.600869,远东股份,3.4481282,3.391985,3.4808784,3.3498776,4806192,35037064.0,1.281043,-2.027,375178039.0,1272598280.617415,2026-07-14
2013-05-10,sh.600869,远东股份,3.3732706,3.4574854,3.4808784,3.3405204,3591153,26123148.0,0.957186,1.931,375178179.0,1297173076.2910867,2026-07-14
2013-05-13,sh.600869,远东股份,3.4574854,3.438771,3.4808784,3.4340924,1848770,13635702.0,0.492771,-0.5413,375178328.0,1290152354.154888,2026-07-14
2013-05-14,sh.600869,远东股份,3.4668426,3.50895,3.532343,3.4294138,3708193,27657890.0,0.988382,2.0408,375178119.0,1316481260.66505,2026-07-14
2013-05-15,sh.600869,远东股份,3.4995928,3.4761998,3.5229858,3.4481282,2852797,21215772.0,0.760385,-0.9333,375177969.0,1304193580.802206,2026-07-14
2013-05-16,sh.600869,远东股份,3.4761998,3.4902356,3.4995928,3.4294138,2609439,19355812.0,0.69552,0.4038,375178140.0,1309460100.569784,2026-07-14
2013-05-17,sh.600869,远东股份,3.4902356,3.5978434,3.602522,3.4481282,6499675,49025868.0,1.732424,3.0831,375178074.0,1349831957.3656116,2026-07-14
2013-05-20,sh.600869,远东股份,3.6586652,3.5978434,3.6820582,3.555736,9516808,73456152.0,2.536611,0.0,375178062.0,1349831914.1914907,2026-07-14
2013-05-21,sh.600869,远东股份,3.5838076,3.6072006,3.6446294,3.579129,6073799,46782568.0,1.618911,0.260078,375178067.0,1353342548.3892403,2026-07-14
2013-05-22,sh.600869,远东股份,3.6118792,3.5463788,3.6118792,3.532343,4200253,32083052.0,1.119536,-1.6861,375178020.0,1330523376.353976,2026-07-14
2013-05-23,sh.600869,远东股份,3.5370216,3.4808784,3.5650932,3.4528068,5143775,38387996.0,1.371023,-1.847,375177878.0,1305948571.6880352,2026-07-14
2013-05-24,sh.600869,远东股份,3.4761998,3.5136286,3.5276644,3.4668426,2563947,19203620.0,0.683395,0.9409,375177899.0,1318235796.0143116,2026-07-14
2013-05-27,sh.600869,远东股份,3.50895,3.602522,3.6118792,3.4995928,4864442,37151512.0,1.296569,2.53,375178028.0,1351587099.786616,2026-07-14
2013-05-28,sh.600869,远东股份,3.5931648,3.5978434,3.625915,3.5744504,4126634,31793644.0,1.099914,-0.1299,375177878.0,1349831252.1883051,2026-07-14
2013-05-29,sh.600869,远东股份,3.5978434,3.6914154,3.766273,3.5463788,12403981,97047464.0,3.306159,2.6008,375177994.0,1384937824.7927077,2026-07-14
2013-05-30,sh.600869,远东股份,3.68661504,3.67701448,3.720217,3.6242114,4012696,30689904.0,1.069545,-0.3901,375177856.0,1379534409.087355,2026-07-14
2013-05-31,sh.600869,远东股份,3.69141532,3.72501728,3.73461784,3.64341252,4363898,33589372.0,1.163154,1.305488,375178007.0,1397544559.150961,2026-07-14
2013-06-03,sh.600869,远东股份,3.72981756,3.65301308,3.72981756,3.64341252,3299271,25315964.0,0.879388,-1.933,375178078.0,1370530426.2632604,2026-07-14
2013-06-04,sh.600869,远东股份,3.66261364,3.56660804,3.6722142,3.54740692,2785769,20735724.0,0.742519,-2.3653,375178144.0,1338113384.8226779,2026-07-14
2013-06-05,sh.600869,远东股份,3.56180776,3.5762086,3.59540972,3.5522072,1798362,13385130.0,0.479336,0.2692,375177746.0,1341713881.7738156,2026-07-14
2013-06-06,sh.600869,远东股份,3.58100888,3.48980356,3.58100888,3.480203,2890949,21177364.0,0.770554,-2.4161,375177989.0,1309297481.645841,2026-07-14
2013-06-07,sh.600869,远东股份,3.49460384,3.46100188,3.5282058,3.4322002,1398787,10114164.0,0.372833,-0.8253,375177895.0,1298491399.9294426,2026-07-14
2013-06-13,sh.600869,远东股份,3.44660104,3.29779236,3.44660104,3.23538872,2738561,18831912.0,0.729936,-4.7157,375178235.0,1237259917.0212846,2026-07-14
2013-06-14,sh.600869,远东股份,3.32179376,3.3121932,3.35539572,3.2881918,1702398,11763890.0,0.453757,0.4367,375178344.0,1242663159.7840607,2026-07-14
2013-06-17,sh.600869,远东股份,3.3121932,3.34579516,3.3841974,3.29299208,1356772,9409856.0,0.361634,1.0145,375178219.0,1255269469.26762,2026-07-14
2013-06-18,sh.600869,远东股份,3.35539572,3.35539572,3.36979656,3.3121932,1218602,8479822.0,0.324806,0.2869,375178414.0,1258872044.571988,2026-07-14
2013-06-19,sh.600869,远东股份,3.360196,3.28339152,3.360196,3.240189,1444370,9842313.0,0.384983,-2.1459,375177605.0,1231854966.7509096,2026-07-14
2013-06-20,sh.600869,远东股份,3.26899068,3.17778536,3.28339152,3.1681848,1093864,7345089.0,0.291559,-3.2164,375177580.0,1192233821.124229,2026-07-14
2013-06-21,sh.600869,远东股份,3.12498228,3.13458284,3.15378396,3.09138032,1377432,8940808.0,0.367141,-1.3595,375177929.0,1176026298.1901383,2026-07-14
2013-06-24,sh.600869,远东股份,3.13458284,2.8561666,3.16338452,2.84656604,3021109,18612364.0,0.805247,-8.8821,375177927.0,1071570664.1546382,2026-07-14
2013-06-25,sh.600869,远东股份,2.8321652,2.88976856,2.89456884,2.57295008,3040096,17375744.0,0.810308,1.1765,375177834.0,1084177109.102099,2026-07-14
2013-06-26,sh.600869,远东股份,2.87056744,2.94737192,2.95697248,2.79856324,2174334,13033267.0,0.579547,1.9934,375178200.0,1105789691.6761441,2026-07-14
2013-06-27,sh.600869,远东股份,2.9521722,2.95697248,3.0481778,2.93777136,2367638,14675990.0,0.631071,0.3257,375177753.0,1109390290.7292376,2026-07-14
2013-06-28,sh.600869,远东股份,2.95697248,3.00497528,3.01457584,2.8321652,1462927,8988477.0,0.389929,1.6234,375177789.0,1127399981.550056,2026-07-14
2013-07-01,sh.600869,远东股份,2.94257164,2.99057444,3.04337752,2.94257164,1601357,9986707.0,0.426826,-0.4792,375177941.0,1121997560.806428,2026-07-14
2013-07-02,sh.600869,远东股份,2.99057444,3.07697948,3.15858424,2.9281708,2972176,18699360.0,0.792204,2.8892,375178111.0,1154415348.8921623,2026-07-14
2013-07-03,sh.600869,远东股份,3.0241764,2.9761736,3.04337752,2.9521722,2734849,17003380.0,0.728947,-3.2761,375178031.0,1116594951.1621816,2026-07-14
2013-07-04,sh.600869,远东股份,2.98577416,2.99057444,3.00977556,2.880168,2016793,12434016.0,0.537556,0.4839,375178214.0,1121998377.2332501,2026-07-14
2013-07-05,sh.600869,远东股份,2.98097388,2.99537472,3.000175,2.95697248,2193110,13594726.0,0.584552,0.1605,375177914.0,1123798439.097934,2026-07-14
2013-07-08,sh.600869,远东股份,2.95697248,2.8321652,2.95697248,2.8321652,1391688,8340858.0,0.370941,-5.4487,375177724.0,1062565293.7280048,2026-07-14
2013-07-09,sh.600869,远东股份,2.81776436,2.89936912,2.92337052,2.760161,2030958,11900018.0,0.541332,2.3729,375177895.0,1087779203.2696023,2026-07-14
2013-07-10,sh.600869,远东股份,2.880168,2.97137332,2.98577416,2.84176576,1550233,9493434.0,0.413199,2.4834,375178304.0,1114794802.7484493,2026-07-14
2013-07-11,sh.600869,远东股份,2.97137332,3.00497528,3.04337752,2.97137332,2393619,15010752.0,0.637996,1.1309,375177744.0,1127399846.3261683,2026-07-14
2013-07-12,sh.600869,远东股份,3.0481778,2.98577416,3.06737892,2.9761736,2219282,13909650.0,0.591528,-0.639,375177844.0,1120196312.019711,2026-07-14
2013-07-15,sh.600869,远东股份,3.01457584,3.00977556,3.01457584,2.95697248,1935741,12053792.0,0.515953,0.8039,375177778.0,1129200906.8795056,2026-07-14
2013-07-16,sh.600869,远东股份,3.05777836,3.3121932,3.3121932,3.00497528,9901858,66133032.0,2.639243,10.0478,375177958.0,1242661881.2774856,2026-07-14
2013-07-17,sh.600869,远东股份,3.35059544,3.25458984,3.35059544,3.15858424,7327741,49573672.0,1.953137,-1.7391,375178034.0,1221050617.6475744,2026-07-14
2013-07-18,sh.600869,远东股份,3.17778536,3.37459684,3.49460384,3.15858424,9157521,64313316.0,2.440847,3.6873,375178002.0,1266074499.9867136,2026-07-14
2013-07-19,sh.600869,远东股份,3.41779936,3.71061644,3.71061644,3.41779936,9424434,71493832.0,2.51199,9.9573,375178006.0,1392141676.9900186,2026-07-14
2013-07-22,sh.600869,远东股份,3.7442184,3.81142232,3.9842324,3.68661504,25170626,200026304.0,6.708982,2.7167,375178023.0,1429961890.8356733,2026-07-14
2013-07-23,sh.600869,远东股份,3.8882268,3.8162226,3.9122282,3.70101588,12442591,98103360.0,3.31645,0.1259,375178007.0,1431762789.3363583,2026-07-14
2013-07-24,sh.600869,远东股份,3.75381896,3.8162226,3.87862624,3.71541672,9826702,77722800.0,2.619211,0.0,375177945.0,1431762552.730557,2026-07-14
2013-07-25,sh.600869,远东股份,3.8882268,3.75381896,4.14744192,3.73941812,19242832,158546448.0,5.128987,-1.6352,375178022.0,1408350372.358897,2026-07-14
2013-07-26,sh.600869,远东股份,3.63861224,3.68661504,3.83062344,3.60981056,9147374,70491144.0,2.438142,-1.7903,375178066.0,1383137100.7937126,2026-07-14
2013-07-29,sh.600869,远东股份,3.68661504,3.74901868,3.7922212,3.63861224,7350664,56907292.0,1.959247,1.6927,375178015.0,1406549386.5603201,2026-07-14
2013-07-30,sh.600869,远东股份,3.720217,3.61941112,3.77302008,3.5282058,6814022,51836440.0,1.81621,-3.4571,375178091.0,1357923754.5457718,2026-07-14
2013-07-31,sh.600869,远东股份,3.63861224,3.57140832,3.73461784,3.56180776,5410678,40931344.0,1.442163,-1.3263,375177979.0,1339913755.6813853,2026-07-14
2013-08-01,sh.600869,远东股份,3.58580916,3.67701448,3.68181476,3.5282058,6437320,48459876.0,1.715804,2.957,375178051.0,1379535126.1051784,2026-07-14
2013-08-02,sh.600869,远东股份,3.66741392,3.61461084,3.73941812,3.58580916,7142257,54592104.0,1.903698,-1.6971,375178048.0,1356122639.2308404,2026-07-14
2013-08-05,sh.600869,远东股份,3.60501028,3.68181476,3.70101588,3.55700748,5265183,39762624.0,1.403383,1.8592,375177909.0,1381335562.9821367,2026-07-14
2013-08-06,sh.600869,远东股份,3.6722142,3.74901868,3.81142232,3.63861224,11938726,93115248.0,3.18215,1.8253,375177977.0,1406549244.0976102,2026-07-14
2013-08-07,sh.600869,远东股份,3.73461784,3.66261364,3.78262064,3.60981056,5685473,43594076.0,1.515407,-2.3047,375177955.0,1374131895.4103062,2026-07-14
2013-08-08,sh.600869,远东股份,3.6482128,3.6242114,3.6962156,3.59540972,4392494,33245466.0,1.170776,-1.0485,375178002.0,1359724391.8776228,2026-07-14
2013-08-09,sh.600869,远东股份,3.61941112,3.5762086,3.68661504,3.55700748,4565293,34286424.0,1.216834,-1.3245,375177962.0,1341714654.2348733,2026-07-14
2013-08-12,sh.600869,远东股份,3.61941112,3.56660804,3.61941112,3.55700748,5464174,40773760.0,1.456422,-0.2685,375177936.0,1338112642.9682055,2026-07-14
2013-08-13,sh.600869,远东股份,3.5762086,3.70101588,3.73461784,3.56660804,7727640,58844640.0,2.059726,3.7685,375178058.0,1388539950.485561,2026-07-14
2013-08-14,sh.600869,远东股份,3.70101588,3.720217,3.76341952,3.6482128,9004517,69607928.0,2.400065,0.5188,375178047.0,1395743748.476199,2026-07-14
2013-08-15,sh.600869,远东股份,3.840224,4.09463884,4.09463884,3.80182176,29045429,244833264.0,7.741773,10.0645,375177999.0,1536218406.6188812,2026-07-14
2013-08-16,sh.600869,远东股份,4.09463884,4.44505928,4.50266264,4.0082338,50543773,457641408.0,13.471945,8.558,375177994.0,1667688423.8814843,2026-07-14
2013-08-19,sh.600869,远东股份,4.440259,4.46906068,4.58906768,4.19064444,37667468,347147680.0,10.039893,0.54,375177982.0,1676693167.3579478,2026-07-14
2013-08-20,sh.600869,远东股份,4.49786236,4.38265564,4.52186376,4.32505228,25674409,235265280.0,6.843261,-1.9334,375177989.0,1644275929.494708,2026-07-14
2013-08-21,sh.600869,远东股份,4.3922562,4.41145732,4.43545872,4.21464584,20044015,180963776.0,5.342535,0.6572,375177982.0,1655081654.9967284,2026-07-14
2013-08-22,sh.600869,远东股份,4.3442534,4.52666404,4.68507328,4.2962506,29403353,272906752.0,7.837174,2.6115,375178004.0,1698304779.3057761,2026-07-14
2013-08-23,sh.600869,远东股份,4.560266,4.40665704,4.560266,4.34905368,19928108,184403216.0,5.311641,-2.6511,375177991.0,1653280735.2932065,2026-07-14
2013-08-26,sh.600869,远东股份,4.3682548,4.50266264,4.54106488,4.2482478,27263214,251499072.0,7.266741,2.1786,375178006.0,1689299990.9658957,2026-07-14
2013-08-27,sh.600869,远东股份,4.44505928,4.79067944,4.84348252,4.43065844,43152931,418056448.0,11.501989,6.3966,375177989.0,1797357478.242846,2026-07-14
2013-08-28,sh.600869,远东股份,4.8482828,4.70907468,4.85788336,4.58906768,37706176,369170496.0,10.05021,-1.7034,375177991.0,1766741177.9113677,2026-07-14
2013-08-29,sh.600869,远东股份,4.63707048,4.64667104,4.76187776,4.5362646,27932812,271975136.0,7.445216,-1.3252,375177993.0,1743328714.9184227,2026-07-14
2013-08-30,sh.600869,远东股份,4.6562716,4.64187076,4.74267664,4.39705648,30914461,296075968.0,8.239945,-0.1033,375178002.0,1741527797.2790215,2026-07-14
2013-09-02,sh.600869,远东股份,4.6562716,4.52666404,4.6562716,4.46906068,11873209,112071552.0,3.164687,-2.4819,375177988.0,1698304706.8791516,2026-07-14
2013-09-03,sh.600869,远东股份,4.49306208,4.47866124,4.56986656,4.41145732,9612071,89966104.0,2.562003,-1.0604,375177976.0,1680295059.2128503,2026-07-14
2013-09-04,sh.600869,远东股份,4.48346152,4.40665704,4.4882618,4.31545172,11508006,105090480.0,3.067346,-1.6077,375177955.0,1653280576.653553,2026-07-14
2013-09-05,sh.600869,远东股份,4.37305508,4.6322702,4.68507328,4.33945312,18011620,169647104.0,4.80082,5.1198,375177990.0,1737925822.772898,2026-07-14
2013-09-06,sh.600869,远东股份,4.6322702,4.54586516,4.6322702,4.4642604,12454243,117693064.0,3.319556,-1.8653,375177976.0,1705508489.897716,2026-07-14
2013-09-09,sh.600869,远东股份,4.50266264,4.59386796,4.73787636,4.43065844,38461490,368292992.0,10.251531,1.056,375178010.0,1723518239.4355595,2026-07-14
2013-09-10,sh.600869,远东股份,4.5842674,4.4882618,4.5842674,4.46906068,15781448,147866576.0,4.20639,-2.2989,375177955.0,1683896883.628619,2026-07-14
2013-09-11,sh.600869,远东股份,4.42105788,4.04183576,4.46906068,4.04183576,26138428,225681932.0,6.96694,-9.9465,375178027.0,1516407965.8948455,2026-07-14
2013-09-12,sh.600869,远东股份,3.92662904,3.9842324,4.0322352,3.79702148,12702100,103811145.0,3.38562,-1.4252,375177959.0,1494796180.0136716,2026-07-14
2013-09-13,sh.600869,远东股份,3.9122282,3.87862624,3.97943212,3.84982456,7675737,62454449.0,2.045892,-2.6506,375178015.0,1455175293.6501136,2026-07-14
2013-09-16,sh.600869,远东股份,3.90742792,3.89782736,3.95063044,3.85942512,6308425,51274614.0,1.681449,0.495,375177897.0,1462378671.7938619,2026-07-14
2013-09-17,sh.600869,远东股份,3.90262764,3.93142932,3.95063044,3.8642254,6952911,56558634.0,1.85323,0.8621,375177987.0,1474985738.3103788,2026-07-14
2013-09-18,sh.600869,远东股份,4.01303408,4.04183576,4.16184276,4.0082338,10997146,93262007.0,2.931181,2.8083,375177991.0,1516407820.388758,2026-07-14
2013-09-23,sh.600869,远东股份,3.97943212,3.9842324,4.04183576,3.8882268,9183449,75594137.0,2.447758,-1.4252,375177979.0,1494796259.6983194,2026-07-14
2013-09-24,sh.600869,远东股份,3.960231,3.89782736,3.960231,3.89302708,6111831,49744675.0,1.629048,-2.1687,375178079.0,1462379381.1984415,2026-07-14
2013-09-25,sh.600869,远东股份,3.90262764,4.12344052,4.13304108,3.85462484,14028019,116514490.0,3.73903,5.7882,375178027.0,1547024278.745454,2026-07-14
2013-09-26,sh.600869,远东股份,4.03703548,3.89302708,4.08503828,3.8882268,8971682,74649201.0,2.391313,-5.5879,375178072.0,1460578394.1181898,2026-07-14
2013-09-27,sh.600869,远东股份,3.840224,3.84502428,3.96983156,3.82102288,4370052,35318272.0,1.164794,-1.233,375178100.0,1442568903.824268,2026-07-14
2013-09-30,sh.600869,远东股份,3.84982456,3.88342652,3.960231,3.84982456,3667579,29956136.0,0.370446,0.9988,990044163.0,3844763758.565403,2026-07-14
2013-10-08,sh.600869,远东股份,3.8882268,3.89782736,3.92182876,3.72501728,7287414,58074261.0,0.73607,0.3708,990043610.0,3859019070.65117,2026-07-14
2013-10-09,sh.600869,远东股份,3.86902568,3.96503128,4.06103688,3.82582316,7462174,61587899.0,0.753722,1.7241,990043279.0,3925552569.788767,2026-07-14
2013-10-10,sh.600869,远东股份,3.94102988,3.91702848,4.02743492,3.88342652,6540609,53789536.0,0.660639,-1.2107,990042822.0,3878025930.1935706,2026-07-14
2013-10-11,sh.600869,远东股份,3.94583016,3.99863324,4.04663604,3.92182876,7531801,62839755.0,0.760755,2.0833,990042918.0,3958818520.9413943,2026-07-14
2013-10-14,sh.600869,远东股份,4.00343352,3.97943212,4.01303408,3.9362296,6178182,51031873.0,0.624031,-0.4802,990044084.0,3939813228.085578,2026-07-14
2013-10-15,sh.600869,远东股份,3.9842324,3.92662904,4.01783436,3.90742792,5077204,41764549.0,0.512826,-1.3269,990044187.0,3887536255.55739,2026-07-14
2013-10-16,sh.600869,远东股份,3.89302708,3.73941812,3.90262764,3.72981756,6457796,51190678.0,0.652274,-4.7677,990043448.0,3702186409.0384774,2026-07-14
2013-10-17,sh.600869,远东股份,3.78262064,3.72501728,3.8162226,3.70101588,4377485,34105662.0,0.442151,-0.3851,990042994.0,3687927260.592936,2026-07-14
2013-10-18,sh.600869,远东股份,3.83062344,3.80182176,3.83542372,3.76341952,2957327,23429984.0,0.298707,2.0619,990042751.0,3763966074.082062,2026-07-14
2013-10-21,sh.600869,远东股份,3.83062344,3.83542372,3.840224,3.77302008,4221321,33502699.0,0.426377,0.8838,990044257.0,3797239227.1475763,2026-07-14
2013-10-22,sh.600869,远东股份,3.84982456,3.9362296,3.98903268,3.81142232,6623884,54000968.0,0.66905,2.6283,990043196.0,3897037333.3738017,2026-07-14
2013-10-23,sh.600869,远东股份,3.94583016,3.80662204,3.96503128,3.7922212,4440129,35796411.0,0.448478,-3.2927,990043882.0,3768722861.7883596,2026-07-14
2013-10-24,sh.600869,远东股份,3.7922212,3.8162226,3.87862624,3.75381896,3133223,25040705.0,0.316473,0.2522,990044332.0,3778229554.7803035,2026-07-14
2013-10-25,sh.600869,远东股份,3.7922212,3.75861924,3.84982456,3.7442184,2610278,20581710.0,0.263653,-1.5094,990042973.0,3721194566.7446003,2026-07-14
2013-10-28,sh.600869,远东股份,3.720217,3.50900468,3.77302008,3.480203,5859605,44101177.0,0.591853,-6.6411,990043981.0,3474068962.734831,2026-07-14
2013-10-29,sh.600869,远东股份,3.5042044,3.37939712,3.56180776,3.2641904,5206032,37060608.0,0.525839,-3.6936,990042960.0,3345748327.7002754,2026-07-14
2013-10-30,sh.600869,远东股份,3.40339852,3.41299908,3.45140132,3.37939712,2422014,17222663.0,0.244637,0.9943,990044024.0,3379019343.071498,2026-07-14
2013-10-31,sh.600869,远东股份,3.49460384,3.48980356,3.59060944,3.44660104,3513092,25788517.0,0.354842,2.2504,990044020.0,3455059145.552711,2026-07-14
2013-11-01,sh.600869,远东股份,3.47540272,3.4562016,3.53780636,3.4081988,1716668,12372691.0,0.173393,-0.9629,990044581.0,3421793664.9235296,2026-07-14
2013-11-04,sh.600869,远东股份,3.480203,3.480203,3.49940412,3.4562016,1176937,8540597.0,0.118877,0.6944,990046014.0,3445561108.060842,2026-07-14
2013-11-05,sh.600869,远东股份,3.480203,3.60501028,3.61941112,3.4562016,3874500,28844043.0,0.391346,3.5862,990044615.0,3569121014.733642,2026-07-14
2013-11-06,sh.600869,远东股份,3.60501028,3.56180776,3.68661504,3.55700748,2237863,16899082.0,0.226037,-1.1984,990042781.0,3526342060.0977807,2026-07-14
2013-11-07,sh.600869,远东股份,3.65301308,3.5762086,3.6722142,3.56660804,2689631,20176431.0,0.271668,0.4043,990043362.0,3540601585.5573134,2026-07-14
2013-11-08,sh.600869,远东股份,3.57140832,3.44180076,3.61461084,3.41299908,2895634,20991644.0,0.292475,-3.7584,990044961.0,3407537499.2039704,2026-07-14
2013-11-11,sh.600869,远东股份,3.44660104,3.47540272,3.480203,3.3841974,2192471,15648230.0,0.221452,0.9763,990043441.0,3440799667.7695594,2026-07-14
2013-11-12,sh.600869,远东股份,3.5282058,3.54740692,3.58100888,3.48500328,2803040,20642950.0,0.283123,2.0718,990043197.0,3512086088.136723,2026-07-14
2013-11-13,sh.600869,远东股份,3.55700748,3.5522072,3.60021,3.48500328,2694840,19979563.0,0.272194,0.1353,990043866.0,3516840949.121035,2026-07-14
2013-11-14,sh.600869,远东股份,3.5522072,3.58100888,3.59540972,3.50900468,2119477,15767948.0,0.214079,0.8108,990044329.0,3545357533.742642,2026-07-14
2013-11-15,sh.600869,远东股份,3.59540972,3.61941112,3.6482128,3.5522072,3895695,29250778.0,0.393487,1.0724,990044144.0,3583376784.0844812,2026-07-14
2013-11-18,sh.600869,远东股份,3.61461084,3.65301308,3.69141532,3.59060944,4155268,31448233.0,0.419706,0.9284,990042554.0,3616638399.518606,2026-07-14
2013-11-19,sh.600869,远东股份,3.64341252,3.60981056,3.65301308,3.57140832,3964990,29711472.0,0.400486,-1.1827,990044596.0,3573873437.511734,2026-07-14
2013-11-20,sh.600869,远东股份,3.60501028,3.64341252,3.6482128,3.58100888,3900543,29417898.0,0.393977,0.9309,990043327.0,3607136252.934254,2026-07-14
2013-11-21,sh.600869,远东股份,3.63861224,3.74901868,3.75381896,3.61941112,6580745,50773853.0,0.664693,2.8986,990042772.0,3711688846.2269807,2026-07-14
2013-11-22,sh.600869,远东股份,3.75381896,3.72981756,3.78262064,3.69141532,3515306,27295105.0,0.355066,-0.5122,990042978.0,3692679684.4990935,2026-07-14
2013-11-25,sh.600869,远东股份,3.72981756,3.78742092,3.83542372,3.70581616,7643490,60368310.0,0.772036,1.5444,990043210.0,3749710365.257953,2026-07-14
2013-11-26,sh.600869,远东股份,3.78262064,3.7922212,3.82582316,3.75861924,7068626,55951102.0,0.713971,0.1267,990043853.0,3754465288.2762837,2026-07-14
2013-11-27,sh.600869,远东股份,3.79702148,3.79702148,3.80662204,3.75381896,3711115,29238435.0,0.374844,0.1266,990042524.0,3759212729.7414155,2026-07-14
2013-11-28,sh.600869,远东股份,3.7922212,3.83062344,3.8642254,3.76341952,8789376,70199432.0,0.887777,0.885,990043220.0,3792482765.1450768,2026-07-14
2013-11-29,sh.600869,远东股份,3.81142232,3.89782736,3.90262764,3.79702148,8994546,72501430.0,0.9085,1.7544,990043588.0,3859018984.8989677,2026-07-14
2013-12-02,sh.600869,远东股份,3.8162226,3.7442184,3.87382596,3.60501028,9399383,73712686.0,0.949391,-3.9409,990043407.0,3706938741.288089,2026-07-14
2013-12-03,sh.600869,远东股份,3.72501728,3.8162226,3.83542372,3.66261364,8248664,64927458.0,0.833162,1.9231,990043233.0,3778225360.751666,2026-07-14
2013-12-04,sh.600869,远东股份,3.77782036,3.93142932,3.94583016,3.77782036,11472976,93039661.0,1.158836,3.0189,990043112.0,3892284518.580844,2026-07-14
2013-12-05,sh.600869,远东股份,3.89302708,3.88342652,3.95543072,3.88342652,7170454,58314467.0,0.724257,-1.221,990042761.0,3844758314.001422,2026-07-14
2013-12-06,sh.600869,远东股份,3.8882268,3.78262064,3.8882268,3.7442184,4835793,38356639.0,0.488443,-2.5958,990042441.0,3744954971.8025823,2026-07-14
2013-12-09,sh.600869,远东股份,3.77302008,3.79702148,3.84982456,3.75381896,2684455,21262416.0,0.271145,0.3807,990044072.0,3759218607.530667,2026-07-14
2013-12-10,sh.600869,远东股份,3.7922212,3.74901868,3.80662204,3.72501728,2822201,22150234.0,0.285058,-1.2642,990044482.0,3711695257.0489235,2026-07-14
2013-12-11,sh.600869,远东股份,3.73941812,3.69141532,3.74901868,3.6482128,4001753,30665717.0,0.4042,-1.5365,990042801.0,3654659163.0671115,2026-07-14
2013-12-12,sh.600869,远东股份,3.6962156,3.64341252,3.71061644,3.61461084,3490998,26614603.0,0.352611,-1.3004,990042285.0,3607132456.4984083,2026-07-14
2013-12-13,sh.600869,远东股份,3.62901168,3.65781336,3.6962156,3.61941112,2381429,18203527.0,0.240538,0.3953,990042738.0,3621391554.0273795,2026-07-14
2013-12-16,sh.600869,远东股份,3.65301308,3.5282058,3.65781336,3.51860524,3833405,28619465.0,0.387196,-3.5433,990042511.0,3493073729.5567636,2026-07-14
2013-12-17,sh.600869,远东股份,3.54260664,3.6242114,3.6242114,3.5282058,2517466,18810177.0,0.254278,2.7211,990044754.0,3588131483.9569955,2026-07-14
2013-12-18,sh.600869,远东股份,3.6242114,3.59060944,3.63861224,3.56180776,1525536,11394117.0,0.154088,-0.9272,990042054.0,3554854345.08939,2026-07-14
2013-12-19,sh.600869,远东股份,3.59540972,3.55700748,3.61461084,3.53300608,1270643,9422339.0,0.128342,-0.9358,990044568.0,3521595933.909369,2026-07-14
2013-12-20,sh.600869,远东股份,3.5522072,3.47540272,3.59060944,3.46100188,1658631,12126461.0,0.167531,-2.2942,990044231.0,3440802413.3377085,2026-07-14
2013-12-23,sh.600869,远东股份,3.48980356,3.44180076,3.48980356,3.40339852,1762493,12600938.0,0.178022,-0.9669,990042242.0,3407528140.947704,2026-07-14
2013-12-24,sh.600869,远东股份,3.4562016,3.45140132,3.48980356,3.41299908,1212164,8727443.0,0.122435,0.2789,990046964.0,3417049398.4115925,2026-07-14
2013-12-25,sh.600869,远东股份,3.43700048,3.44660104,3.48500328,3.43700048,1449140,10430691.0,0.146371,-0.1391,990045842.0,3412293028.6848755,2026-07-14
2013-12-26,sh.600869,远东股份,3.47060244,3.37939712,3.480203,3.36499628,1860582,13203562.0,0.187929,-1.9499,990045177.0,3345755819.8236904,2026-07-14
2013-12-27,sh.600869,远东股份,3.37939712,3.40339852,3.41299908,3.37939712,1727469,12225819.0,0.174484,0.7102,990044359.0,3369515506.1549487,2026-07-14
2013-12-30,sh.600869,远东股份,3.4081988,3.41779936,3.4322002,3.38899768,1837773,13069411.0,0.185626,0.4231,990040727.0,3383760563.114535,2026-07-14
2013-12-31,sh.600869,远东股份,3.44180076,3.4322002,3.44180076,3.39379796,1996701,14206845.0,0.201678,0.4213,990044031.0,3398029321.2070065,2026-07-14
2014-01-02,sh.600869,远东股份,3.4322002,3.52340552,3.53300608,3.41779936,2881499,20874948.0,0.291048,2.6573,990042536.0,3488321336.3771987,2026-07-14
2014-01-03,sh.600869,远东股份,3.51380496,3.5042044,3.51860524,3.47060244,1748772,12703734.0,0.176636,-0.545,990042800.0,3469312335.94832,2026-07-14
2014-01-06,sh.600869,远东股份,3.53300608,3.4562016,3.5762086,3.43700048,2911733,21176301.0,0.294102,-1.3699,990041890.0,3421784364.285024,2026-07-14
2014-01-07,sh.600869,远东股份,3.4562016,3.48500328,3.49940412,3.4322002,2019033,14552815.0,0.203934,0.8333,990042367.0,3450300896.333964,2026-07-14
2014-01-08,sh.600869,远东股份,3.48980356,3.48980356,3.51380496,3.4562016,2905805,21092200.0,0.293503,0.1377,990042691.0,3455054507.60378,2026-07-14
2014-01-09,sh.600869,远东股份,3.48980356,3.46580216,3.51860524,3.43700048,2237646,16215068.0,0.226015,-0.6878,990043139.0,3431293649.63938,2026-07-14
2014-01-10,sh.600869,远东股份,3.44660104,3.59060944,3.60021,3.4081988,6752942,49758086.0,0.682085,3.6011,990044056.0,3554861533.4894886,2026-07-14
2014-01-13,sh.600869,远东股份,3.5762086,3.37459684,3.5762086,3.3361946,6252930,44753399.0,0.631581,-6.016,990044032.0,3340999461.848059,2026-07-14
2014-01-14,sh.600869,远东股份,3.37459684,3.31699348,3.37459684,3.24498928,3479112,23882619.0,0.35141,-1.707,990043539.0,3283967963.7791257,2026-07-14
2014-01-15,sh.600869,远东股份,3.31699348,3.33139432,3.34579516,3.29779236,1667983,11539280.0,0.168476,0.4342,990041905.0,3298219978.878979,2026-07-14
2014-01-16,sh.600869,远东股份,3.32179376,3.27859124,3.32659404,3.25458984,2068555,14187808.0,0.208936,-1.585,990042405.0,3245944356.2615323,2026-07-14
2014-01-17,sh.600869,远东股份,3.27379096,3.18738592,3.27379096,3.1681848,2856921,19116066.0,0.288565,-2.7818,990044184.0,3155652892.2594895,2026-07-14
2014-01-20,sh.600869,远东股份,3.17778536,3.02897668,3.18258564,2.87056744,2788522,17702397.0,0.281657,-4.9699,990041788.0,2998813488.0775037,2026-07-14
2014-01-21,sh.600869,远东股份,3.04337752,3.08658004,3.0961806,2.98097388,1794673,11499466.0,0.181272,1.9017,990044243.0,3055850799.1607094,2026-07-14
2014-01-22,sh.600869,远东股份,3.2161876,3.2641904,3.3361946,3.1681848,3802968,25799794.0,0.384121,5.7543,990044283.0,3231693044.143483,2026-07-14
2014-01-23,sh.600869,远东股份,3.23058844,3.26899068,3.28339152,3.20178676,1994012,13482300.0,0.201407,0.1471,990041061.0,3236435001.226311,2026-07-14
2014-01-24,sh.600869,远东股份,3.24498928,3.2641904,3.33139432,3.24498928,2136926,14626504.0,0.215842,-0.1468,990041790.0,3231684906.516816,2026-07-14
2014-01-27,sh.600869,远东股份,3.29299208,3.38899768,3.45140132,3.27859124,4202279,29522181.0,0.424454,3.8235,990043444.0,3355254934.81521,2026-07-14
2014-01-28,sh.600869,远东股份,3.3841974,3.36499628,3.39859824,3.32179376,2144727,15017914.0,0.21663,-0.7082,990041545.0,3331486115.970453,2026-07-14
2014-01-29,sh.600869,远东股份,3.38899768,3.4081988,3.46580216,3.36499628,2547386,18206288.0,0.2573,1.2839,990045084.0,3374270467.2346992,2026-07-14
2014-01-30,sh.600869,远东股份,3.4081988,3.36499628,3.47540272,3.360196,1852327,13174682.0,0.187096,-1.2676,990040942.0,3331484086.877696,2026-07-14
2014-02-07,sh.600869,远东股份,3.34579516,3.4081988,3.44660104,3.30259264,1947921,13713002.0,0.196751,1.2839,990043761.0,3374265958.187687,2026-07-14
2014-02-10,sh.600869,远东股份,3.41779936,3.49940412,3.52340552,3.38899768,3550225,25827998.0,0.358593,2.6761,990043029.0,3464560654.659879,2026-07-14
2014-02-11,sh.600869,远东股份,3.480203,3.50900468,3.57140832,3.47060244,3617059,26409156.0,0.365343,0.2743,990044698.0,3474071478.6911864,2026-07-14
2014-02-12,sh.600869,远东股份,3.53300608,3.68661504,3.73461784,3.50900468,11586778,88125828.0,1.17033,5.0616,990043663.0,3649909858.2724915,2026-07-14
2014-02-13,sh.600869,远东股份,3.80662204,4.0562366,4.0562366,3.7922212,13388119,111909660.0,1.352276,10.026,990043379.0,4015850189.4874716,2026-07-14
2014-02-14,sh.600869,远东股份,4.2242464,4.32985256,4.41145732,4.11864024,31930307,283733344.0,3.225142,6.7456,990043446.0,4286742149.1743217,2026-07-14
2014-02-17,sh.600869,远东股份,4.3442534,4.42105788,4.53146432,4.2242464,18722685,169788115.0,1.891097,2.1064,990043610.0,4377040103.534147,2026-07-14
2014-02-18,sh.600869,远东股份,4.34905368,4.35865424,4.48346152,4.26744892,14472081,131092540.0,1.461762,-1.4115,990043591.0,4315257695.696976,2026-07-14
2014-02-19,sh.600869,远东股份,4.36345452,4.2962506,4.41145732,4.29145032,8551745,77309191.0,0.863775,-1.4317,990043125.0,4253473369.8071246,2026-07-14
2014-02-20,sh.600869,远东股份,4.28665004,4.03703548,4.33945312,4.01783436,10947257,93956039.0,1.105735,-6.0335,990043455.0,3996840554.5767837,2026-07-14
2014-02-21,sh.600869,远东股份,4.04663604,4.1042394,4.14264164,4.0322352,8095027,68947795.0,0.817644,1.6647,990042977.0,4063373393.8966937,2026-07-14
2014-02-24,sh.600869,远东股份,4.07543772,4.11864024,4.16664304,4.0562366,6272620,53771565.0,0.63357,0.3509,990043721.0,4077633908.6699333,2026-07-14
2014-02-25,sh.600869,远东股份,4.1522422,4.18584416,4.41145732,4.13784136,13533431,121162160.0,1.366953,1.6317,990043623.0,4144168317.479792,2026-07-14
2014-02-26,sh.600869,远东股份,4.18104388,4.06583716,4.24344752,3.84502428,6929517,58750663.0,0.699921,-2.867,990042733.0,4025352533.8193583,2026-07-14
2014-02-27,sh.600869,远东股份,4.07543772,4.35865424,4.40665704,4.07543772,12973898,116356806.0,1.310437,7.2019,990043627.0,4315257852.608528,2026-07-14
2014-02-28,sh.600869,远东股份,4.3442534,4.39705648,4.4162576,4.22904668,8844959,80085300.0,0.893391,0.8811,990043441.0,4353276927.730548,2026-07-14
2014-03-03,sh.600869,远东股份,4.40185676,4.42105788,4.5122632,4.30105088,7851535,72547195.0,0.79305,0.5459,990042872.0,4377036840.793431,2026-07-14
2014-03-04,sh.600869,远东股份,4.42585816,4.2722492,4.42585816,4.20984556,4604590,41282412.0,0.46509,-3.3659,990042787.0,4229709504.7265205,2026-07-14
2014-03-05,sh.600869,远东股份,4.23864724,4.320252,4.50266264,4.23384696,6865126,62489528.0,0.693417,1.1236,990042932.0,4277234957.058864,2026-07-14
2014-03-06,sh.600869,远东股份,4.2962506,4.2482478,4.2962506,4.1522422,4458613,39103271.0,0.450345,-1.6667,990043855.0,4205951628.9072685,2026-07-14
2014-03-07,sh.600869,远东股份,4.25784836,4.14264164,4.28184976,4.1282408,2672667,23319664.0,0.269955,-2.4859,990041674.0,4101387864.047705,2026-07-14
2014-03-10,sh.600869,远东股份,4.15704248,4.2242464,4.5122632,4.1042394,7564577,67740947.0,0.764065,1.9699,990043648.0,4182188315.9068675,2026-07-14
2014-03-11,sh.600869,远东股份,4.11864024,4.21464584,4.24344752,4.080238,3205077,27763596.0,0.323731,-0.2273,990043277.0,4172681778.8280177,2026-07-14
2014-03-12,sh.600869,远东股份,4.15704248,4.11864024,4.22904668,4.07543772,2671378,23016708.0,0.269824,-2.2779,990044622.0,4077637619.56479,2026-07-14
2014-03-13,sh.600869,远东股份,4.1282408,4.53146432,4.53146432,4.11864024,9132825,83628652.0,0.922467,10.0233,990043546.0,4486347003.945279,2026-07-14
2014-03-14,sh.600869,远东股份,4.7282758,4.91068644,4.98269064,4.6322702,22273151,225016961.0,2.249715,8.3686,990043228.0,4861791854.753428,2026-07-14
2014-03-17,sh.600869,远东股份,4.93948812,4.86748392,4.93948812,4.71867524,15095986,151289789.0,1.52478,-0.8798,990043547.0,4819021045.122264,2026-07-14
2014-03-18,sh.600869,远东股份,4.8242814,4.8242814,4.86748392,4.72347552,10448423,104543192.0,1.05535,-0.8876,990043398.0,4776247950.164198,2026-07-14
2014-03-19,sh.600869,远东股份,4.81468084,4.66587216,4.88668504,4.57946712,11601462,113293421.0,1.171814,-3.2836,990042959.0,4619413879.602121,2026-07-14
2014-03-20,sh.600869,远东股份,4.71867524,4.67067244,4.7762786,4.5842674,8603801,84013804.0,0.869033,0.1029,990043071.0,4624166886.132663,2026-07-14
2014-03-21,sh.600869,远东股份,4.5122632,4.31065144,4.5122632,4.20504528,16718298,149524933.0,1.688643,-7.7081,990043366.0,4267731861.310347,2026-07-14
2014-03-24,sh.600869,远东股份,4.2962506,4.23864724,4.2962506,4.08503828,9709872,84935888.0,0.980752,-1.6704,990043558.0,4196445394.5964794,2026-07-14
2014-03-25,sh.600869,远东股份,4.2482478,4.15704248,4.25304808,4.13784136,6931639,60436684.0,0.700135,-1.9253,990043206.0,4115651664.3773913,2026-07-14
2014-03-26,sh.600869,远东股份,4.2242464,4.21464584,4.2242464,4.1282408,5691973,49590049.0,0.574922,1.3857,990042649.0,4172679132.0304303,2026-07-14
2014-03-27,sh.600869,远东股份,4.18104388,4.09463884,4.200245,4.08503828,3778910,32578422.0,0.381691,-2.8474,990044303.0,4053873856.3845286,2026-07-14
2014-03-28,sh.600869,远东股份,4.11383996,3.9362296,4.1282408,3.89302708,6267259,51689292.0,0.633029,-3.8687,990042952.0,3897036372.9337792,2026-07-14
2014-03-31,sh.600869,远东股份,3.9122282,3.80182176,3.960231,3.77782036,4759431,38206857.0,0.48073,-3.4146,990042435.0,3763964872.7063856,2026-07-14
2014-04-01,sh.600869,远东股份,3.80182176,3.90742792,3.92182876,3.80182176,3793177,30603803.0,0.383132,2.7778,990044423.0,3868527220.47049,2026-07-14
2014-04-02,sh.600869,远东股份,3.89302708,3.9122282,4.01303408,3.89302708,4266064,35133163.0,0.430897,0.1228,990042632.0,3873272704.1126223,2026-07-14
2014-04-03,sh.600869,远东股份,3.88342652,3.87862624,3.95063044,3.8642254,3115064,25277709.0,0.314639,-0.8589,990043828.0,3840009970.0308466,2026-07-14
2014-04-04,sh.600869,远东股份,3.8882268,3.89302708,3.90742792,3.7682198,3481190,27836291.0,0.35162,0.3713,990043228.0,3854265096.974614,2026-07-14
2014-04-08,sh.600869,远东股份,3.85462484,3.88342652,3.9122282,3.83062344,4281392,34512537.0,0.432445,-0.2466,990043127.0,3844759735.335528,2026-07-14
2014-04-09,sh.600869,远东股份,3.85942512,4.08503828,4.1522422,3.85942512,8578356,72364723.0,0.866463,5.1916,990042968.0,4044363423.124815,2026-07-14
2014-04-10,sh.600869,远东股份,4.06583716,4.07063744,4.13784136,4.01303408,5318855,45172017.0,0.537235,-0.3525,990042533.0,4030104202.022235,2026-07-14
2014-04-11,sh.600869,远东股份,4.0562366,3.9842324,4.0562366,3.97463184,4068246,33885941.0,0.410916,-2.1226,990043221.0,3944562278.50856,2026-07-14
2014-04-14,sh.600869,远东股份,3.9842324,4.04663604,4.0562366,3.9362296,2265248,18846471.0,0.228803,1.5663,990042963.0,4006343535.2241864,2026-07-14
2014-04-15,sh.600869,远东股份,4.0562366,3.99863324,4.08983856,3.99383296,4465688,37603815.0,0.45106,-1.1862,990043010.0,3958818888.8156524,2026-07-14
2014-04-16,sh.600869,远东股份,4.00343352,3.94583016,4.0562366,3.9122282,3606145,29937895.0,0.364241,-1.3205,990043680.0,3906544212.261389,2026-07-14
2014-04-17,sh.600869,远东股份,3.92662904,3.93142932,3.97943212,3.90742792,2948888,24155819.0,0.297854,-0.365,990044787.0,3892291103.7249546,2026-07-14
2014-04-18,sh.600869,远东股份,3.9362296,3.96503128,3.96983156,3.90742792,1774781,14579538.0,0.179263,0.8547,990043121.0,3925551943.3138247,2026-07-14
2014-04-21,sh.600869,远东股份,3.93142932,3.840224,3.960231,3.83062344,2054321,16710865.0,0.207498,-3.1477,990043759.0,3801989804.362016,2026-07-14
2014-04-22,sh.600869,远东股份,3.84502428,3.82102288,3.86902568,3.75381896,2644818,20982152.0,0.267142,-0.5,990042000.0,3782973134.16096,2026-07-14
2014-04-23,sh.600869,远东股份,3.82582316,3.79702148,3.83542372,3.7442184,2417056,19075691.0,0.244136,-0.6281,990044893.0,3759221724.8853016,2026-07-14
2014-04-24,sh.600869,远东股份,3.7682198,3.76341952,3.79702148,3.75381896,1341636,10536832.0,0.135513,-0.885,990042284.0,3725944457.2309833,2026-07-14
2014-04-25,sh.600869,远东股份,3.76341952,3.83542372,3.89782736,3.74901868,3404206,27151203.0,0.343844,1.9133,990043741.0,3797237248.068937,2026-07-14
2014-04-28,sh.600869,远东股份,3.82102288,3.81142232,3.87862624,3.79702148,3378189,26975674.0,0.341216,-0.6258,990044136.0,3773476317.7355156,2026-07-14
2014-04-29,sh.600869,远东股份,3.82102288,3.79702148,3.82102288,3.5522072,3826384,29478623.0,0.386487,-0.3778,990042097.0,3759211108.413244,2026-07-14
2014-04-30,sh.600869,远东股份,3.7922212,3.91702848,4.00343352,3.72501728,4551795,36884144.0,0.459757,3.1606,990043653.0,3878029185.2442374,2026-07-14
2014-05-05,sh.600869,远东股份,3.91702848,4.0562366,4.0562366,3.87862624,6503102,53939822.0,0.65685,3.5539,990043693.0,4015851463.145764,2026-07-14
2014-05-06,sh.600869,远东股份,4.23384696,4.26264864,4.42585816,4.18104388,11141432,99034307.0,1.125348,5.0888,990043258.0,4220206547.254869,2026-07-14
2014-05-07,sh.600869,远东股份,4.26744892,4.08503828,4.28184976,4.080238,5138574,44354439.0,0.519025,-4.1667,990043640.0,4044366168.2705393,2026-07-14
2014-05-08,sh.600869,远东股份,4.04183576,4.04183576,4.1282408,4.02743492,4718205,39938495.0,0.476565,-1.0576,990044380.0,4001596779.071028,2026-07-14
2014-05-09,sh.600869,远东股份,4.01303408,3.94102988,4.06103688,3.89302708,3684380,30434345.0,0.372143,-2.4941,990044150.0,3901793577.669202,2026-07-14
2014-05-12,sh.600869,远东股份,3.9842324,4.02743492,4.0322352,3.90742792,4989080,41279790.0,0.503925,2.1925,990044153.0,3987338394.1340227,2026-07-14
2014-05-13,sh.600869,远东股份,4.0322352,3.99383296,4.0562366,3.94583016,3436751,28596079.0,0.347131,-0.8343,990044392.0,3954071924.6327605,2026-07-14
2014-05-14,sh.600869,远东股份,3.96503128,3.99383296,4.03703548,3.95543072,1587204,13197025.0,0.160317,0.0,990040981.0,3954058301.668534,2026-07-14
2014-05-15,sh.600869,远东股份,3.96983156,3.840224,4.01303408,3.83062344,3064725,24839957.0,0.309555,-3.8462,990042157.0,3801983652.3231683,2026-07-14
2014-05-16,sh.600869,远东股份,3.83542372,3.78262064,3.840224,3.70581616,2909724,22893084.0,0.293899,-1.5,990042157.0,3744953897.5383205,2026-07-14
2014-05-19,sh.600869,远东股份,3.74901868,3.77782036,3.82582316,3.72501728,1478348,11613154.0,0.149322,-0.1269,990040316.0,3740194463.005634,2026-07-14
2014-05-20,sh.600869,远东股份,3.80662204,3.74901868,3.83542372,3.720217,1657119,13077702.0,0.167378,-0.7624,990045884.0,3711700513.173113,2026-07-14
2014-05-21,sh.600869,远东股份,3.74901868,3.78262064,3.78742092,3.68661504,1341062,10462701.0,0.135455,0.8963,990042450.0,3744955005.846168,2026-07-14
2014-05-22,sh.600869,远东股份,3.79702148,3.77782036,3.84502428,3.77302008,1766262,14009828.0,0.178402,-0.1269,990046076.0,3740216223.2509074,2026-07-14
2014-05-23,sh.600869,远东股份,3.75861924,3.80662204,3.81142232,3.7442184,1198420,9417918.0,0.121047,0.7624,990045189.0,3768727837.0433655,2026-07-14
2014-05-26,sh.600869,远东股份,3.80182176,3.8882268,3.89302708,3.78742092,2410443,19305559.0,0.243468,2.1438,990045098.0,3849519883.2522264,2026-07-14
2014-05-27,sh.600869,远东股份,3.85462484,3.93142932,4.01783436,3.85462484,3034768,25015954.0,0.306529,1.1111,990042704.0,3892282914.557681,2026-07-14
2014-05-28,sh.600869,远东股份,3.91702848,3.97463184,4.07543772,3.91702848,3603208,30097076.0,0.363944,1.0989,990044622.0,3935062877.6219645,2026-07-14
2014-05-29,sh.600869,远东股份,3.9842324,3.90742792,4.00343352,3.90262764,2002736,16434243.0,0.202288,-1.6908,990041920.0,3868517440.1784062,2026-07-14
2014-05-30,sh.600869,远东股份,3.92662904,3.93142932,3.96983156,3.89782736,1923613,15779886.0,0.194296,0.6142,990042512.0,3892282159.723252,2026-07-14
2014-06-03,sh.600869,远东股份,3.93142932,3.89782736,3.960231,3.89782736,1290096,10540962.0,0.130307,-0.8547,990043513.0,3859018692.561916,2026-07-14
2014-06-04,sh.600869,远东股份,3.9842324,3.96983156,4.20984556,3.96503128,5133524,43026704.0,0.518515,1.8473,990043490.0,3930305892.374544,2026-07-14
2014-06-05,sh.600869,远东股份,3.98903268,4.080238,4.16184276,3.98903268,5102219,43390452.0,0.515353,2.7811,990043524.0,4039613208.278712,2026-07-14
2014-06-06,sh.600869,远东股份,4.0562366,4.04663604,4.080238,3.9842324,3416444,28719375.0,0.34508,-0.8235,990044048.0,4006347925.82429,2026-07-14
2014-06-09,sh.600869,远东股份,4.02263464,3.960231,4.02263464,3.94583016,2245811,18647299.0,0.22684,-2.1352,990041880.0,3920794544.47428,2026-07-14
2014-06-10,sh.600869,远东股份,3.94102988,3.960231,3.98903268,3.9122282,2441244,20124847.0,0.24658,0.0,990041366.0,3920792508.915546,2026-07-14
2014-06-11,sh.600869,远东股份,3.94583016,3.97943212,3.99383296,3.94583016,1744610,14415595.0,0.176216,0.4848,990040632.0,3939799491.0859,2026-07-14
2014-06-12,sh.600869,远东股份,3.97943212,3.83542372,3.97943212,3.83062344,4704420,37928776.0,0.475173,-3.6188,990043626.0,3797236806.9952087,2026-07-14
2014-06-13,sh.600869,远东股份,3.83542372,3.87382596,3.8882268,3.81142232,2606059,20986377.0,0.263227,1.0013,990042435.0,3835252086.2046127,2026-07-14
2014-06-16,sh.600869,远东股份,3.87382596,3.95543072,3.97463184,3.87382596,3712775,30306063.0,0.375011,2.1066,990044292.0,3916051606.73745,2026-07-14
2014-06-17,sh.600869,远东股份,3.99916275,3.84366675,3.99916275,3.84366675,3778010,30228007.0,0.3816,-2.8256,990044549.0,3805401314.010046,2026-07-14
2014-06-18,sh.600869,远东股份,3.848526,3.80479275,3.8776815,3.79507425,2156595,16925026.0,0.217828,-1.0114,990044898.0,3766915650.0848894,2026-07-14
2014-06-19,sh.600869,远东股份,3.81451125,3.79507425,3.88254075,3.7610595,2383795,18735483.0,0.240777,-0.2554,990042654.0,3757285382.5970592,2026-07-14
2014-06-20,sh.600869,远东股份,3.7804965,3.75620025,3.7999335,3.7416225,2068151,15976476.0,0.208895,-1.0243,990043323.0,3718800977.363431,2026-07-14
2014-06-23,sh.600869,远东股份,3.7610595,3.81451125,3.8388075,3.7610595,1484806,11639888.0,0.149974,1.5524,990042274.0,3776527392.1485825,2026-07-14
2014-06-24,sh.600869,远东股份,3.81451125,3.81451125,3.81451125,3.81451125,0,0.0,0.0,0.0,990042274.0,3776527392.1485825,2026-07-14
2014-06-25,sh.600869,远东股份,3.88254075,3.8776815,4.042896,3.8582445,5154390,41797937.0,0.520623,1.6561,990042699.0,3839070258.1223683,2026-07-14
2014-06-26,sh.600869,远东股份,3.848526,3.8874,3.92141475,3.83394825,2227901,17803942.0,0.225031,0.2506,990041816.0,3848688555.5184,2026-07-14
2014-06-27,sh.600869,远东股份,3.8971185,3.85338525,3.91169625,3.84366675,2518931,20059446.0,0.254426,-0.875,990044650.0,3815023451.1514125,2026-07-14
2014-06-30,sh.600869,远东股份,3.848526,3.96028875,3.96028875,3.84366675,3812625,30806037.0,0.385097,2.7743,990042768.0,3920855236.12926,2026-07-14
2014-07-01,sh.600869,远东股份,3.96028875,3.926274,3.96028875,3.91169625,3196363,25828735.0,0.322851,-0.8589,990042775.0,3887179206.37035,2026-07-14
2014-07-02,sh.600869,远东股份,3.94085175,3.9359925,3.945711,3.91169625,3410356,27544801.0,0.344465,0.2475,990044272.0,3896806829.2599597,2026-07-14
2014-07-03,sh.600869,远东股份,3.9359925,3.984585,3.98944425,3.92141475,4280276,34842924.0,0.432332,1.2346,990043763.0,3944913527.393355,2026-07-14
2014-07-04,sh.600869,远东股份,3.984585,3.92141475,3.9943035,3.8388075,4012820,32342787.0,0.405318,-1.5854,990042386.0,3882366815.585593,2026-07-14
2014-07-07,sh.600869,远东股份,3.89225925,3.92141475,3.93113325,3.867963,2349574,18881503.0,0.23732,0.0,990044665.0,3882375752.4898086,2026-07-14
2014-07-08,sh.600869,远东股份,3.92141475,3.92141475,3.93113325,3.86310375,2718372,21821634.0,0.274571,0.0,990043377.0,3882370701.7076106,2026-07-14
2014-07-09,sh.600869,远东股份,3.926274,3.8874,3.965148,3.8776815,2927964,23619252.0,0.295741,-0.8674,990043315.0,3848694382.731,2026-07-14
2014-07-10,sh.600869,远东股份,3.86310375,3.90197775,3.926274,3.86310375,2261533,18141271.0,0.228428,0.375,990041939.0,3863121617.544857,2026-07-14
2014-07-11,sh.600869,远东股份,3.8776815,3.96028875,3.965148,3.87282225,3319831,26860373.0,0.335322,1.4944,990042705.0,3920854986.6310687,2026-07-14
2014-07-14,sh.600869,远东股份,3.9748665,4.03803675,4.0526145,3.945711,5509756,45507131.0,0.556517,1.9632,990042712.0,3997828855.1256657,2026-07-14
2014-07-15,sh.600869,远东股份,4.03803675,4.01859975,4.0720515,3.97000725,3863978,31842703.0,0.390284,-0.4813,990042636.0,3978585089.518941,2026-07-14
2014-07-16,sh.600869,远东股份,4.4219175,4.4219175,4.4219175,4.4219175,5393424,49080158.0,0.544766,10.0363,990044166.0,4377893623.408305,2026-07-14
2014-07-17,sh.600869,远东股份,4.70861325,4.86410925,4.86410925,4.528821,46441353,455069776.0,4.69084,10.0,990043425.0,4815679381.444181,2026-07-14
2014-07-18,sh.600869,远东股份,4.86410925,4.86410925,4.86410925,4.86410925,0,0.0,0.0,0.0,990043425.0,4815679381.444181,2026-07-14
2014-07-21,sh.600869,远东股份,4.86410925,4.86410925,4.86410925,4.86410925,0,0.0,0.0,0.0,990043425.0,4815679381.444181,2026-07-14
2014-07-22,sh.600869,远东股份,4.86410925,4.86410925,4.86410925,4.86410925,0,0.0,0.0,0.0,990043425.0,4815679381.444181,2026-07-14
2014-07-23,sh.600869,远东股份,4.86410925,4.86410925,4.86410925,4.86410925,0,0.0,0.0,0.0,990043425.0,4815679381.444181,2026-07-14
2014-07-24,sh.600869,远东股份,5.17510125,5.14594575,5.35003425,4.96129425,50810522,546338976.0,5.132151,5.7942,990043395.0,5094709600.815822,2026-07-14
2014-07-25,sh.600869,远东股份,4.9078425,4.6745985,4.956435,4.63086525,34643695,339106128.0,3.49921,-9.1596,990043324.0,4628055037.305414,2026-07-14
2014-07-28,sh.600869,远东股份,4.723191,4.7523465,4.77664275,4.60170975,20062652,193480249.0,2.026442,1.6632,990043238.0,4705028516.957967,2026-07-14
2014-07-29,sh.600869,远东股份,4.7134725,4.898124,4.936998,4.6551615,23541528,233227593.0,2.377828,3.0675,990043350.0,4849355093.6754,2026-07-14
2014-07-30,sh.600869,远东股份,4.7912205,4.800939,4.86410925,4.72805025,13232017,130647305.0,1.336509,-1.9841,990043240.0,4753137202.60236,2026-07-14
2014-07-31,sh.600869,远东股份,4.79607975,4.878687,4.98073125,4.742628,15945204,160891407.0,1.610556,1.6194,990043438.0,4830112050.405907,2026-07-14
2014-08-01,sh.600869,远东股份,4.83495375,4.8106575,4.9078425,4.76692425,10531072,104688782.0,1.063698,-1.3944,990043415.0,4762759779.695362,2026-07-14
2014-08-04,sh.600869,远东股份,4.78636125,4.84467225,4.88354625,4.76692425,8253081,82142489.0,0.833608,0.7071,990043402.0,4796435795.964994,2026-07-14
2014-08-05,sh.600869,远东股份,4.91270175,4.8495315,4.9467165,4.781502,8392459,83636056.0,0.847686,0.1003,990043365.0,4801246484.933497,2026-07-14
2014-08-06,sh.600869,远东股份,4.8106575,4.781502,4.82523525,4.71833175,8084232,79367889.0,0.816553,-1.4028,990043757.0,4733896204.183014,2026-07-14
2014-08-07,sh.600869,远东股份,4.77664275,4.63086525,4.820376,4.626006,9698772,93593143.0,0.979631,-3.1504,990043394.0,4584757549.266659,2026-07-14
2014-08-08,sh.600869,远东股份,4.66002075,4.995309,5.092494,4.62114675,23239789,234330731.0,2.347351,7.8699,990043202.0,4945571717.339417,2026-07-14
2014-08-11,sh.600869,远东股份,5.02932375,5.228553,5.2965825,4.956435,22727766,239149621.0,2.295633,4.6693,990043530.0,5176495068.912089,2026-07-14
2014-08-12,sh.600869,远东股份,5.1022125,5.02932375,5.24313075,4.98073125,16671942,173548787.0,1.683961,-3.8104,990043237.0,4979247965.370978,2026-07-14
2014-08-13,sh.600869,远东股份,5.05362,4.95157575,5.06819775,4.85439075,12248913,124794564.0,1.23721,-1.5459,990043162.0,4902273712.412521,2026-07-14
2014-08-14,sh.600869,远东股份,4.92242025,4.995309,5.0439015,4.85925,9354612,95237947.0,0.944869,0.8832,990043276.0,4945572086.992284,2026-07-14
2014-08-15,sh.600869,远东股份,4.92242025,4.9272795,4.99044975,4.90298325,6423550,65383482.0,0.648815,-1.3619,990043387.0,4878220484.875667,2026-07-14
2014-08-18,sh.600869,远东股份,4.92242025,4.95157575,4.995309,4.90298325,6646608,67660109.0,0.671345,0.4931,990043569.0,4902275727.703852,2026-07-14
2014-08-19,sh.600869,远东股份,4.956435,5.073057,5.209116,4.956435,13648052,143196359.0,1.378531,2.4534,990043169.0,5022545428.797633,2026-07-14
2014-08-20,sh.600869,远东股份,5.092494,4.9855905,5.092494,4.9272795,7925758,81180507.0,0.800547,-1.7241,990042808.0,4935948018.158124,2026-07-14
2014-08-21,sh.600869,远东股份,4.97101275,4.85439075,4.975872,4.78636125,7877345,78826003.0,0.795657,-2.6316,990042820.0,4806054707.511915,2026-07-14
2014-08-22,sh.600869,远东股份,4.83495375,4.90298325,4.936998,4.76692425,6169337,61490594.0,0.623138,1.001,990043457.0,4854166486.443095,2026-07-14
2014-08-25,sh.600869,远东股份,4.878687,4.80579825,4.878687,4.800939,4512704,44932695.0,0.455809,-1.9822,990042759.0,4757945758.627372,2026-07-14
2014-08-26,sh.600869,远东股份,4.78636125,4.7329095,4.85439075,4.71833175,4270587,42099598.0,0.431354,-1.5167,990042285.0,4685780536.078207,2026-07-14
2014-08-27,sh.600869,远东股份,4.703754,4.85439075,4.85439075,4.703754,4319509,42647860.0,0.436295,2.5667,990043205.0,4806056576.452354,2026-07-14
2014-08-28,sh.600869,远东股份,4.84467225,4.85925,4.9272795,4.7717835,5390584,53897670.0,0.54448,0.1001,990042609.0,4810864547.78325,2026-07-14
2014-08-29,sh.600869,远东股份,4.8495315,4.9272795,4.96129425,4.762065,5596272,56329444.0,0.565255,1.4,990043786.0,4878222450.860187,2026-07-14
2014-09-01,sh.600869,远东股份,4.9272795,4.9467165,4.956435,4.85439075,5916849,59761545.0,0.597635,0.3945,990043923.0,4897466609.628829,2026-07-14
2014-09-02,sh.600869,远东股份,4.98073125,5.05847925,5.09735325,4.9661535,9085216,94046503.0,0.917658,2.2593,990043785.0,5008115943.013962,2026-07-14
2014-09-03,sh.600869,远东股份,5.04876075,5.00988675,5.09735325,4.99044975,7025941,72771316.0,0.70966,-0.9606,990043260.0,4960004610.200805,2026-07-14
2014-09-04,sh.600869,远东股份,5.0439015,5.01960525,5.0439015,4.9467165,7181115,73794708.0,0.725333,0.194,990043883.0,4969629472.837186,2026-07-14
2014-09-05,sh.600869,远东股份,5.01960525,5.034183,5.12650875,5.00016825,7149009,74409093.0,0.72209,0.2904,990044039.0,4984062870.385137,2026-07-14
2014-09-09,sh.600869,远东股份,5.07791625,5.00016825,5.07791625,4.9855905,4904369,50624041.0,0.495369,-0.6757,990043584.0,4950384494.833008,2026-07-14
2014-09-10,sh.600869,远东股份,5.0050275,5.16538275,5.17510125,5.0050275,11716332,123443744.0,1.183416,3.3042,990043400.0,5113953100.11135,2026-07-14
2014-09-11,sh.600869,远东股份,5.19453825,5.10707175,5.32087875,5.034183,12020107,128132759.0,1.214099,-1.1289,990043398.0,5056222669.199807,2026-07-14
2014-09-12,sh.600869,远东股份,5.092494,5.29172325,5.2965825,5.07791625,13273045,142395268.0,1.340653,3.6156,990043285.0,5239035069.740877,2026-07-14
2014-09-15,sh.600869,远东股份,5.286864,5.3354565,5.45693775,5.23341225,11794493,129201111.0,1.191311,0.8264,990043154.0,5282332181.289802,2026-07-14
2014-09-16,sh.600869,远东股份,5.50553025,5.2188345,5.6658855,5.150805,20083107,224896511.0,2.028508,-2.1858,990043273.0,5166871989.625319,2026-07-14
2014-09-17,sh.600869,远东股份,5.22369375,5.1022125,5.24313075,5.0050275,10260679,107194242.0,1.036387,-2.2346,990043198.0,5051410780.375575,2026-07-14
2014-09-18,sh.600869,远东股份,5.07791625,5.06819775,5.12650875,5.0050275,5248019,54714468.0,0.53008,-0.6667,990042824.0,5017732813.000446,2026-07-14
2014-09-19,sh.600869,远东股份,5.06819775,5.05362,5.111931,4.91270175,7723994,79631693.0,0.780167,-0.2876,990043670.0,5003304491.5854,2026-07-14
2014-09-22,sh.600869,远东股份,5.05362,4.9467165,5.0633385,4.92242025,5329717,54411506.0,0.538332,-2.1154,990042762.0,4897460866.4909725,2026-07-14
2014-09-23,sh.600869,远东股份,4.956435,5.034183,5.04876075,4.936998,4611575,47344359.0,0.465795,1.7682,990043903.0,4984062185.736249,2026-07-14
2014-09-24,sh.600869,远东股份,5.01960525,5.08763475,5.1022125,4.97101275,6153530,64031201.0,0.621541,1.0618,990044100.0,5036982767.192475,2026-07-14
2014-09-25,sh.600869,远东股份,5.1022125,5.0439015,5.1410865,5.02932375,7155072,74811890.0,0.722703,-0.8596,990043213.0,4993680447.11552,2026-07-14
2014-09-26,sh.600869,远东股份,5.05362,5.00016825,5.05362,4.936998,5901931,60554509.0,0.596129,-0.8671,990042591.0,4950379529.6659355,2026-07-14
2014-09-29,sh.600869,远东股份,5.00016825,5.1410865,5.14594575,4.936998,7070005,73106082.0,0.714111,2.8183,990042864.0,5089896002.531736,2026-07-14
2014-09-30,sh.600869,远东股份,5.150805,5.0827755,5.17510125,5.04876075,6454139,67594193.0,0.651905,-1.1342,990042874.0,5032165663.916787,2026-07-14
2014-10-08,sh.600869,远东股份,5.07791625,5.1410865,5.15566425,5.0050275,6981530,73044035.0,0.705174,1.1472,990043592.0,5089899745.242708,2026-07-14
2014-10-09,sh.600869,远东股份,5.150805,5.25284925,5.30144175,5.131368,12480366,134026232.0,1.260588,2.1739,990043218.0,5200547775.138886,2026-07-14
2014-10-10,sh.600869,远东股份,5.2382715,5.189679,5.24313075,5.13622725,6281781,67154897.0,0.634496,-1.2026,990042648.0,5138003539.429992,2026-07-14
2014-10-13,sh.600869,远东股份,5.16538275,5.05847925,5.16538275,4.956435,5878259,61017768.0,0.593738,-2.5281,990042578.0,5008109837.429507,2026-07-14
2014-10-14,sh.600869,远东股份,5.073057,5.014746,5.07791625,4.9855905,5048234,52234077.0,0.5099,-0.8646,990043930.0,4964818837.7917795,2026-07-14
2014-10-15,sh.600869,远东股份,5.0244645,5.05362,5.0827755,4.956435,5797832,59891043.0,0.585614,0.7752,990043271.0,5003302475.19102,2026-07-14
2014-10-16,sh.600869,远东股份,5.09735325,5.16538275,5.3160195,5.09735325,16285876,175322501.0,1.644966,2.2115,990043320.0,5113952686.88073,2026-07-14
2014-10-17,sh.600869,远东股份,5.131368,5.4326415,5.4520785,5.07791625,20032008,218007472.0,2.023347,5.174,990043132.0,5378549405.693178,2026-07-14
2014-10-20,sh.600869,远东股份,5.4909525,5.39862675,5.520108,5.2965825,13819477,152725728.0,1.395846,-0.6261,990043099.0,5344873157.914298,2026-07-14
2014-10-21,sh.600869,远东股份,5.403486,5.345175,5.5103895,5.30144175,10339119,114735498.0,1.04431,-0.9901,990043091.0,5291953578.9359255,2026-07-14
2014-10-22,sh.600869,远东股份,5.3548935,5.1993975,5.40834525,5.1605235,8350782,90785443.0,0.843476,-2.7273,990043819.0,5147631357.399053,2026-07-14
2014-10-23,sh.600869,远东股份,5.170242,4.95157575,5.1993975,4.93213875,9144772,94858014.0,0.923674,-4.7664,990043240.0,4902274098.63543,2026-07-14
2014-10-24,sh.600869,远东股份,4.93213875,4.8884055,4.98073125,4.80579825,5428770,54716297.0,0.548337,-1.2758,990042620.0,4839729788.84241,2026-07-14
2014-10-27,sh.600869,远东股份,4.89326475,4.9272795,4.956435,4.839813,3261669,33038491.0,0.329447,0.7952,990043619.0,4878221628.004511,2026-07-14
2014-10-28,sh.600869,远东股份,4.95157575,5.03904225,5.0633385,4.936998,5246949,53902818.0,0.529972,2.2682,990042682.0,4988866903.901314,2026-07-14
2014-10-29,sh.600869,远东股份,5.06819775,5.05362,5.08763475,4.9855905,8568962,88814837.0,0.865514,0.2893,990043142.0,5003301823.274039,2026-07-14
2014-10-30,sh.600869,远东股份,5.073057,5.16538275,5.18481975,5.00988675,11287530,119009099.0,1.140105,2.2115,990043022.0,5113951147.59667,2026-07-14
2014-10-31,sh.600869,远东股份,5.1605235,5.11679025,5.18481975,5.05847925,6897721,72522898.0,0.696709,-0.9407,990043332.0,5065844068.255114,2026-07-14
2014-11-03,sh.600869,远东股份,5.150805,5.24313075,5.267427,5.09735325,9273815,99178468.0,0.936708,2.4691,990043322.0,5190926585.410351,2026-07-14
2014-11-04,sh.600869,远东股份,5.24313075,5.07791625,5.24313075,5.05847925,8807013,93174411.0,0.889558,-3.1511,990043707.0,5027359027.985539,2026-07-14
2014-11-05,sh.600869,远东股份,5.07791625,5.0633385,5.1216495,4.97101275,6471639,67190648.0,0.653672,-0.2871,990043783.0,5012926803.149546,2026-07-14
2014-11-06,sh.600869,远东股份,5.0633385,5.00016825,5.0827755,4.93213875,7695895,78975527.0,0.777329,-1.2476,990043469.0,4950383919.813659,2026-07-14
2014-11-07,sh.600869,远东股份,4.98073125,4.9467165,5.05847925,4.9272795,5863800,60173508.0,0.592277,-1.069,990043510.0,4897464566.634915,2026-07-14
2014-11-10,sh.600869,远东股份,4.98073125,5.0244645,5.02932375,4.917561,5874020,60193853.0,0.593309,1.5717,990043974.0,4974440800.801923,2026-07-14
2014-11-11,sh.600869,远东股份,5.0244645,4.82523525,5.0439015,4.70861325,10040068,100539879.0,1.014104,-3.9652,990043230.0,4777191492.419858,2026-07-14
2014-11-12,sh.600869,远东股份,4.78636125,4.80579825,4.8300945,4.71833175,7727610,75938743.0,0.780532,-0.4028,990043970.0,4757951578.449052,2026-07-14
2014-11-13,sh.600869,远东股份,4.79607975,4.67945775,4.80579825,4.645443,6316250,61109458.0,0.637977,-2.6289,990043528.0,4632866859.936942,2026-07-14
2014-11-14,sh.600869,远东股份,4.684317,4.71833175,4.72805025,4.6551615,4149549,40094164.0,0.419128,0.8307,990043376.0,4671353094.857988,2026-07-14
2014-11-17,sh.600869,远东股份,4.742628,4.703754,4.74748725,4.66488,5464270,53006644.0,0.551922,-0.309,990043883.0,4656922874.836782,2026-07-14
2014-11-18,sh.600869,远东股份,4.70861325,4.74748725,4.7717835,4.703754,4507191,43952572.0,0.455252,0.9298,990043097.0,4700216979.958014,2026-07-14
2014-11-19,sh.600869,远东股份,4.72805025,4.684317,4.72805025,4.6551615,6525009,62893758.0,0.659063,-1.3306,990043289.0,4637676609.398613,2026-07-14
2014-11-20,sh.600869,远东股份,4.66973925,4.606569,4.66973925,4.5968505,6513820,61999067.0,0.657933,-1.6598,990043059.0,4560701664.254571,2026-07-14
2014-11-21,sh.600869,远东股份,4.626006,4.64058375,4.6745985,4.606569,6197781,59131832.0,0.626011,0.7384,990043466.0,4594379620.113277,2026-07-14
2014-11-24,sh.600869,远东股份,4.684317,4.762065,4.7912205,4.65030225,11051821,107742212.0,1.116297,2.6178,990043062.0,4714649414.04303,2026-07-14
2014-11-25,sh.600869,远东股份,4.762065,4.80579825,4.820376,4.75720575,8648187,85263028.0,0.873516,0.9184,990043342.0,4757948560.407751,2026-07-14
2014-11-26,sh.600869,远东股份,4.80579825,4.80579825,4.8106575,4.73776875,8972766,87967729.0,0.9063,0.0,990043694.0,4757950252.048735,2026-07-14
2014-11-27,sh.600869,远东股份,4.80579825,5.0050275,5.034183,4.7717835,19049478,192045629.0,1.924105,4.1456,990043579.0,4955195339.093422,2026-07-14
2014-11-28,sh.600869,远东股份,5.00016825,5.05362,5.1993975,4.97101275,25180699,265077475.0,2.543394,0.9709,990043186.0,5003302045.63332,2026-07-14
2014-12-01,sh.600869,远东股份,5.1022125,5.02932375,5.19453825,4.9661535,11095673,115581523.0,1.120726,-0.4808,990043329.0,4979248428.068764,2026-07-14
2014-12-02,sh.600869,远东股份,5.00988675,4.995309,5.034183,4.9078425,10067516,102970140.0,1.016876,-0.6763,990043624.0,4945573825.359816,2026-07-14
2014-12-03,sh.600869,远东股份,4.9855905,4.9855905,5.00016825,4.8689685,12074975,122570901.0,1.219641,-0.1945,990043382.0,4935950879.887071,2026-07-14
2014-12-04,sh.600869,远东股份,4.9855905,5.073057,5.07791625,4.9467165,14673515,152497994.0,1.482108,1.7544,990043573.0,5022547478.312661,2026-07-14
2014-12-05,sh.600869,远东股份,5.07791625,4.7912205,5.0827755,4.68917625,16821431,169125165.0,1.69906,-5.5556,990043377.0,4743516123.771628,2026-07-14
2014-12-08,sh.600869,远东股份,4.7717835,4.7912205,4.8495315,4.71833175,9996761,98345788.0,1.00973,0.0,990042982.0,4743514231.239531,2026-07-14
2014-12-09,sh.600869,远东股份,4.7717835,4.44621375,4.781502,4.42677675,11576903,110974708.0,1.169333,-7.2008,990043298.0,4401944124.662948,2026-07-14
2014-12-10,sh.600869,远东股份,4.44621375,4.66973925,4.7134725,4.42677675,8589511,80844203.0,0.867589,5.0273,990043788.0,4623246336.042279,2026-07-14
2014-12-11,sh.600869,远东股份,4.68917625,4.66973925,4.72805025,4.606569,6782437,65010533.0,0.685065,0.0,990042843.0,4623241923.138688,2026-07-14
2014-12-12,sh.600869,远东股份,4.6745985,4.82523525,4.8300945,4.64058375,7183723,70036587.0,0.725597,3.3299,990043096.0,4777190845.838334,2026-07-14
2014-12-15,sh.600869,远东股份,4.800939,4.9078425,4.917561,4.77664275,7883013,78542853.0,0.796229,1.712,990043442.0,4858977281.493885,2026-07-14
2014-12-16,sh.600869,远东股份,4.85925,4.8495315,4.89326475,4.82523525,6346599,63383860.0,0.641043,-1.1881,990042634.0,4801242939.925971,2026-07-14
2014-12-17,sh.600869,远东股份,4.82523525,4.75720575,4.8884055,4.66973925,8002286,78521275.0,0.808276,-1.9038,990043747.0,4709841805.979945,2026-07-14
2014-12-18,sh.600869,远东股份,4.742628,4.6551615,4.74748725,4.6551615,7283427,70182781.0,0.735667,-2.145,990044001.0,4608814716.761162,2026-07-14
2014-12-19,sh.600869,远东股份,4.74748725,4.60170975,4.78636125,4.52396175,8132630,77422278.0,0.821442,-1.1482,990043119.0,4555891073.62271,2026-07-14
2014-12-22,sh.600869,远东股份,4.52396175,4.36846575,4.55311725,4.31015475,9156777,83100761.0,0.924886,-5.0686,990043854.0,4324972667.1970005,2026-07-14
2014-12-23,sh.600869,远东股份,4.39762125,4.33931025,4.42677675,4.28099925,5612191,50448719.0,0.566863,-0.6674,990043626.0,4296106454.248966,2026-07-14
2014-12-24,sh.600869,远东股份,4.34902875,4.4219175,4.431636,4.34902875,5690577,51263617.0,0.574781,1.9037,990042642.0,4377886884.406035,2026-07-14
2014-12-25,sh.600869,远东股份,4.42677675,4.45593225,4.54339875,4.40733975,4884024,44915856.0,0.493314,0.7692,990043664.0,4411567491.325764,2026-07-14
2014-12-26,sh.600869,远东股份,4.45593225,4.37818425,4.47051,4.34902875,7216875,65159554.0,0.728945,-1.7448,990043830.0,4334594303.315678,2026-07-14
2014-12-29,sh.600869,远东股份,4.37818425,4.30043625,4.37818425,4.27614,5964907,52899276.0,0.602489,-1.7758,990044134.0,4257621682.9534574,2026-07-14
2014-12-30,sh.600869,远东股份,4.3052955,4.20325125,4.353888,4.18381425,5181595,45499096.0,0.523371,-2.2599,990042436.0,4161397106.670045,2026-07-14
2014-12-31,sh.600869,远东股份,4.2275475,4.2858585,4.29071775,4.178955,4072428,35640927.0,0.411338,1.9653,990044197.0,4243189337.0881243,2026-07-14
2015-01-05,sh.600869,远东股份,4.2858585,4.412199,4.431636,4.2858585,6500846,58632972.0,0.656622,2.9478,990043891.0,4368270665.826309,2026-07-14
2015-01-06,sh.600869,远东股份,4.39762125,4.57255425,4.61142825,4.353888,10644263,99363437.0,1.075131,3.6344,990043353.0,4527026941.4444,2026-07-14
2015-01-07,sh.600869,远东股份,4.55311725,4.51424325,4.56283575,4.451073,5765048,53494592.0,0.582303,-1.2752,990042641.0,4469293309.346423,2026-07-14
2015-01-08,sh.600869,远东股份,4.606569,4.5191025,4.64058375,4.50452475,6620781,62131390.0,0.668736,0.1076,990044053.0,4474110555.022432,2026-07-14
2015-01-09,sh.600869,远东股份,4.5191025,4.431636,4.54339875,4.4024805,5360598,49411318.0,0.541451,-1.9355,990043051.0,4387510426.361436,2026-07-14
2015-01-12,sh.600869,远东股份,4.42677675,4.46565075,4.47051,4.30043625,4798926,43274850.0,0.484719,0.7675,990042891.0,4421185778.726318,2026-07-14
2015-01-13,sh.600869,远东股份,4.44621375,4.47051,4.509384,4.412199,3788127,34793122.0,0.382622,0.1088,990044221.0,4426002590.42271,2026-07-14
2015-01-14,sh.600869,远东股份,4.451073,4.38790275,4.49480625,4.373325,3147207,28626538.0,0.317886,-1.8478,990042657.0,4344210897.267607,2026-07-14
2015-01-15,sh.600869,远东股份,4.38790275,4.49480625,4.4996655,4.373325,4323842,39780951.0,0.436733,2.4363,990042429.0,4450048897.634381,2026-07-14
2015-01-16,sh.600869,远东股份,4.52396175,4.684317,4.70861325,4.50452475,11875777,112817709.0,1.199521,4.2162,990043276.0,4637676548.502492,2026-07-14
2015-01-19,sh.600869,远东股份,4.5579765,4.61142825,4.78636125,4.5191025,11224223,107532217.0,1.13371,-1.556,990043574.0,4565514905.874566,2026-07-14
2015-01-20,sh.600869,远东股份,4.61142825,4.7523465,4.762065,4.61142825,10382563,100770633.0,1.048698,3.0558,990043177.0,4705028227.064831,2026-07-14
2015-01-21,sh.600869,远东股份,4.7523465,4.7912205,4.82523525,4.72805025,11509925,113018665.0,1.162568,0.818,990043163.0,4743515098.450441,2026-07-14
2015-01-22,sh.600869,远东股份,4.800939,4.8106575,4.84467225,4.75720575,8135800,80300906.0,0.821762,0.4057,990043346.0,4762759447.7599945,2026-07-14
2015-01-23,sh.600869,远东股份,4.81551675,4.70861325,4.82523525,4.68917625,8527487,83097106.0,0.861325,-2.1212,990042899.0,4661729112.299811,2026-07-14
2015-01-26,sh.600869,远东股份,4.73776875,4.91270175,5.0050275,4.7329095,20356038,205748553.0,2.056075,4.3344,990043554.0,4863788700.312019,2026-07-14
2015-01-27,sh.600869,远东股份,4.93213875,4.84467225,4.9661535,4.78636125,13094148,130926474.0,1.322583,-1.3848,990043574.0,4796436629.248622,2026-07-14
2015-01-28,sh.600869,远东股份,4.85925,4.820376,4.898124,4.762065,7981003,79366659.0,0.806127,-0.5015,990042884.0,4772378957.004384,2026-07-14
2015-01-29,sh.600869,远东股份,4.78636125,4.89326475,4.99044975,4.76692425,13941225,140666471.0,1.408143,1.5121,990043270.0,4844543834.065733,2026-07-14
2015-01-30,sh.600869,远东股份,4.90298325,4.7134725,4.95157575,4.70861325,9397078,93410311.0,0.949158,-3.6743,990043597.0,4666543268.260583,2026-07-14
2015-02-02,sh.600869,远东股份,4.64058375,4.742628,4.8106575,4.61142825,6574735,64124479.0,0.664086,0.6186,990042705.0,4695404253.92874,2026-07-14
2015-02-03,sh.600869,远东股份,4.74748725,4.9855905,5.034183,4.703754,20750634,210971133.0,2.095932,5.123,990043284.0,4935950391.299202,2026-07-14
2015-02-04,sh.600869,远东股份,5.07791625,5.48609325,5.48609325,5.05847925,54503751,600069488.0,5.505188,10.039,990043410.0,5431470468.807982,2026-07-14
2015-02-05,sh.600869,远东股份,5.4909525,5.889411,6.0351885,5.3354565,67003768,796629904.0,6.767761,7.3516,990043354.0,5830772219.524494,2026-07-14
2015-02-06,sh.600869,远东股份,6.1323735,6.122655,6.40935075,5.9768775,50761397,642999200.0,5.127189,3.9604,990043414.0,6061694258.94417,2026-07-14
2015-02-09,sh.600869,远东股份,5.9768775,6.142092,6.355899,5.95258125,24594368,310519440.0,2.484171,0.3175,990043278.0,6080936897.457576,2026-07-14
2015-02-10,sh.600869,远东股份,6.1712475,6.28301025,6.3073065,5.90398875,22281912,279502000.0,2.2506,2.2943,990043188.0,6220451498.146677,2026-07-14
2015-02-11,sh.600869,远东股份,6.2684325,6.42878775,6.5405505,6.15666975,20291514,266255123.0,2.049558,2.3202,990043414.0,6364778971.891378,2026-07-14
2015-02-12,sh.600869,远东股份,6.394773,6.2489955,6.394773,6.22469925,11773957,152207790.0,1.189236,-2.7967,990043776.0,6186779101.027008,2026-07-14
2015-02-13,sh.600869,远东股份,6.28301025,6.39963225,6.472521,6.23441775,18357221,239238249.0,1.854184,2.4106,990043113.0,6335911834.845194,2026-07-14
2015-02-16,sh.600869,远东股份,6.41906925,6.880698,7.04105325,6.258714,22028637,297376352.0,2.225017,7.5171,990043537.0,6812190584.948826,2026-07-14
2015-02-17,sh.600869,远东股份,6.80295,6.87583875,7.04105325,6.5599875,16480883,230660519.0,1.664663,-0.0706,990043210.0,6807377467.492387,2026-07-14
2015-02-25,sh.600869,远东股份,6.80295,6.68146875,6.99246075,6.4628025,13550461,185228187.0,1.368673,-2.8269,990043714.0,6614946136.224937,2026-07-14
2015-02-26,sh.600869,远东股份,6.68146875,6.569706,6.686328,6.317025,16622068,223259897.0,1.678923,-1.6727,990043498.0,6504294709.0715885,2026-07-14
2015-02-27,sh.600869,远东股份,6.4822395,6.686328,6.783513,6.37047675,14207376,191992941.0,1.435026,1.7751,990043107.0,6619752947.541096,2026-07-14
2015-03-02,sh.600869,远东股份,6.69118725,6.589143,6.6960465,6.40935075,26296641,351552736.0,2.65611,-1.4535,990043372.0,6523537354.310196,2026-07-14
2015-03-03,sh.600869,远东股份,6.63287625,6.79809075,7.0070385,6.491958,24833337,345796480.0,2.508308,3.1711,990043368.0,6730404662.099646,2026-07-14
2015-03-04,sh.600869,远东股份,6.80295,7.47838575,7.47838575,6.80295,37015624,555213168.0,3.738788,10.0072,990043404.0,7403926484.355093,2026-07-14
2015-03-05,sh.600869,远东股份,7.677615,7.697052,8.105229,7.463808,32567892,516720624.0,3.289542,2.924,990043356.0,7620415193.386512,2026-07-14
2015-03-06,sh.600869,远东股份,7.716489,7.424934,7.891422,7.26457875,21300577,328790320.0,2.151479,-3.5354,990043454.0,7351007303.082036,2026-07-14
2015-03-09,sh.600869,远东股份,7.42007475,7.502682,7.69219275,7.22570475,13333628,205466922.0,1.346772,1.0471,990043452.0,7427981186.538264,2026-07-14
2015-03-10,sh.600869,远东股份,7.3763415,7.4346525,7.60472625,7.3763415,9502037,146328499.0,0.95976,-0.9067,990043032.0,7360625902.96638,2026-07-14
2015-03-11,sh.600869,远东股份,7.4346525,7.38606,7.58043,7.24514175,7717405,116784311.0,0.779502,-0.6536,990043002.0,7312517015.352119,2026-07-14
2015-03-12,sh.600869,远东股份,7.37148225,7.17711225,7.3763415,6.939009,15358716,224612699.0,1.551317,-2.8289,990043685.0,7105654659.648642,2026-07-14
2015-03-13,sh.600869,远东股份,7.1430975,7.30345275,7.38606,7.094505,10072520,150115540.0,1.017382,1.7603,990043071.0,7230732789.513395,2026-07-14
2015-03-16,sh.600869,远东股份,7.327749,7.5124005,7.619304,7.3180305,19032494,292774176.0,1.92239,2.8609,990043331.0,7437602014.826065,2026-07-14
2015-03-17,sh.600869,远东股份,7.5318375,7.36176375,7.58043,7.29373425,17464910,265435003.0,1.764055,-2.0052,990043394.0,7288465568.876167,2026-07-14
2015-03-18,sh.600869,远东股份,7.522119,8.10036975,8.10036975,7.4346525,34379599,553140512.0,3.472535,10.033,990043268.0,8019716539.298344,2026-07-14
2015-03-19,sh.600869,远东股份,8.25586575,7.85740725,8.260725,7.7748,21951763,357758048.0,2.217253,-2.9994,990043220.0,7779172774.641345,2026-07-14
2015-03-20,sh.600869,远东股份,7.85740725,7.833111,8.0371995,7.7650815,13987697,227246564.0,1.412837,-0.3092,990043225.0,7755118476.222975,2026-07-14
2015-03-23,sh.600869,远东股份,7.84768875,7.86712575,7.95459225,7.7748,13881865,224593151.0,1.402147,0.4342,990043483.0,7788796578.728987,2026-07-14
2015-03-24,sh.600869,远东股份,7.90599975,7.87684425,7.90599975,7.4346525,18087575,286608704.0,1.826948,0.1235,990043231.0,7798416331.353772,2026-07-14
2015-03-25,sh.600869,远东股份,7.7748,7.9011405,8.10036975,7.64360025,18694491,304145680.0,1.88825,0.3085,990043215.0,7822470542.786708,2026-07-14
2015-03-26,sh.600869,远东股份,7.9983255,7.7456445,8.0177625,7.61444475,16179863,260547596.0,1.634258,-1.968,990043371.0,7668523991.3476095,2026-07-14
2015-03-27,sh.600869,远东股份,7.78937775,8.23642875,8.46967275,7.76022225,32150257,536587312.0,3.247358,6.3363,990043506.0,8154422796.569198,2026-07-14
2015-03-30,sh.600869,远东股份,8.1926955,8.80982025,9.06250125,8.09065125,26228715,466916672.0,2.649249,6.9616,990043405.0,8722104437.747952,2026-07-14
2015-03-31,sh.600869,远东股份,8.785524,8.69319825,8.98475325,8.58629475,15693760,283980912.0,1.585159,-1.3238,990043270.0,8606642422.188278,2026-07-14
2015-04-01,sh.600869,远东股份,8.6008725,8.93616075,8.9701755,8.260725,30857689,544739104.0,3.116802,2.7949,990043288.0,8847185971.026546,2026-07-14
2015-04-02,sh.600869,远东股份,8.97503475,9.83026275,9.83026275,8.97503475,17600365,350579840.0,1.777737,10.0054,990043240.0,9732385183.06131,2026-07-14
2015-04-03,sh.600869,远东股份,10.2141435,10.437669,10.63689825,9.6699075,33651108,705472656.0,3.398953,6.1789,990043346.0,10333744741.200474,2026-07-14
2015-04-07,sh.600869,远东股份,10.32590625,10.68549075,10.88472,9.96632175,21498062,465128496.0,2.171426,2.3743,990043501.0,10579100672.033115,2026-07-14
2015-04-08,sh.600869,远东股份,11.20057125,10.70492775,11.506704,10.11209925,26275875,595288192.0,2.654013,0.1819,990043191.0,10598340829.03445,2026-07-14
2015-04-09,sh.600869,远东股份,10.670913,10.165551,10.6806315,9.7185,22567593,468939584.0,2.279455,-5.0386,990043366.0,10064336329.284666,2026-07-14
2015-04-10,sh.600869,远东股份,10.59802425,10.38421725,10.61746125,10.15097325,25923376,551138048.0,2.618408,2.1511,990043416.0,10280825918.676126,2026-07-14
2015-04-13,sh.600869,远东股份,10.43280975,10.9333125,11.1859935,10.204425,24085897,533953408.0,2.432812,5.2878,990043497.0,10824454941.293812,2026-07-14
2015-04-14,sh.600869,远东股份,10.95760875,11.05479375,11.759385,10.943031,18351933,428201872.0,1.853649,1.1111,990043584.0,10944727624.6308,2026-07-14
2015-04-15,sh.600869,远东股份,10.76323875,10.2530175,10.93817175,10.18012875,20468255,438708848.0,2.06741,-7.2527,990043339.0,10150931680.525433,2026-07-14
2015-04-16,sh.600869,远东股份,10.10724,10.379358,10.66605375,9.50955225,14060784,293395984.0,1.420219,1.2322,990043367.0,10276014541.618385,2026-07-14
2015-04-17,sh.600869,远东股份,10.4279505,10.78267575,11.1276825,10.4085135,18219195,406649584.0,1.840242,3.8858,990043429.0,10675317273.325146,2026-07-14
2015-04-20,sh.600869,远东股份,10.768098,10.27731375,11.001342,10.0392105,18874396,408172000.0,1.906421,-4.6868,990043437.0,10174987028.177359,2026-07-14
2015-04-21,sh.600869,远东股份,10.27731375,11.30747475,11.30747475,10.24815825,26071467,581340608.0,2.633366,10.0236,990043427.0,11194891052.205969,2026-07-14
2015-04-22,sh.600869,远东股份,11.50184475,11.7496665,12.284184,11.370645,28801401,700635232.0,2.909105,3.9106,990043364.0,11632679347.538107,2026-07-14
2015-04-23,sh.600869,远东股份,11.759385,11.99748825,12.206436,11.448393,19824891,481135040.0,2.002427,2.1092,990043133.0,11878030855.160686,2026-07-14
2015-04-24,sh.600869,远东股份,11.73508875,11.67677775,11.992629,11.5164225,14631271,352607504.0,1.477841,-2.6731,990043652.0,11560519687.202343,2026-07-14
2015-04-27,sh.600869,远东股份,11.7107925,11.57959275,11.94889575,11.331771,17134354,409586672.0,1.730667,-0.8323,990043376.0,11464299098.915123,2026-07-14
2015-04-28,sh.600869,远东股份,11.97805125,11.914881,12.3910875,11.46783,23243111,576097328.0,2.347686,2.8955,990043430.0,11796249653.28183,2026-07-14
2015-04-29,sh.600869,远东股份,11.9051625,11.96833275,12.25016925,11.603889,14546565,356862816.0,1.469286,0.4486,990043123.0,11849165532.913177,2026-07-14
2015-04-30,sh.600869,远东股份,12.11411025,12.8575755,13.119975,11.83227375,23873615,609887312.0,2.411371,7.43,990043216.0,12729555397.982807,2026-07-14
2015-05-04,sh.600869,远东股份,12.77496825,13.372656,13.625337,12.63890925,21691354,593759840.0,2.19095,4.0061,990043315.0,13239508676.594639,2026-07-14
2015-05-05,sh.600869,远东股份,13.37751525,12.85271625,13.41153,12.80412375,18144841,489404816.0,1.832732,-3.8881,990043334.0,12724746047.105978,2026-07-14
2015-05-06,sh.600869,远东股份,12.85271625,12.60975375,13.29004875,12.44453925,13405590,354745840.0,1.354041,-1.8904,990043138.0,12484200172.057266,2026-07-14
2015-05-07,sh.600869,远东股份,12.6243315,12.87215325,12.8770125,12.128688,12322829,319300240.0,1.244676,2.0809,990043112.0,12743986661.770914,2026-07-14
2015-05-08,sh.600869,远东股份,12.8964495,14.1598545,14.1598545,12.8964495,21555181,610011184.0,2.177196,10.0038,990043202.0,14018867689.03411,2026-07-14
2015-05-11,sh.600869,远东股份,14.1598545,14.1598545,14.1598545,14.1598545,0,0.0,0.0,0.0,990043202.0,14018867689.03411,2026-07-14
2015-05-12,sh.600869,远东股份,14.1598545,14.1598545,14.1598545,14.1598545,0,0.0,0.0,0.0,990043202.0,14018867689.03411,2026-07-14
2015-05-13,sh.600869,远东股份,14.1598545,14.1598545,14.1598545,14.1598545,0,0.0,0.0,0.0,990043202.0,14018867689.03411,2026-07-14
2015-05-14,sh.600869,远东股份,14.1598545,14.1598545,14.1598545,14.1598545,0,0.0,0.0,0.0,990043202.0,14018867689.03411,2026-07-14
2015-05-15,sh.600869,远东股份,14.1598545,14.1598545,14.1598545,14.1598545,0,0.0,0.0,0.0,990043202.0,14018867689.03411,2026-07-14
2015-05-18,sh.600869,远东股份,14.1598545,14.1598545,14.1598545,14.1598545,0,0.0,0.0,0.0,990043202.0,14018867689.03411,2026-07-14
2015-05-19,sh.600869,远东股份,14.1598545,14.1598545,14.1598545,14.1598545,0,0.0,0.0,0.0,990043202.0,14018867689.03411,2026-07-14
2015-05-20,sh.600869,远东股份,14.1598545,14.1598545,14.1598545,14.1598545,0,0.0,0.0,0.0,990043202.0,14018867689.03411,2026-07-14
2015-05-21,sh.600869,远东股份,14.1598545,14.1598545,14.1598545,14.1598545,0,0.0,0.0,0.0,990043202.0,14018867689.03411,2026-07-14
2015-05-22,sh.600869,远东股份,14.1598545,14.1598545,14.1598545,14.1598545,0,0.0,0.0,0.0,990043202.0,14018867689.03411,2026-07-14
2015-05-25,sh.600869,远东股份,14.1598545,14.1598545,14.1598545,14.1598545,0,0.0,0.0,0.0,990043202.0,14018867689.03411,2026-07-14
2015-05-26,sh.600869,远东股份,14.1598545,14.1598545,14.1598545,14.1598545,0,0.0,0.0,0.0,990043202.0,14018867689.03411,2026-07-14
2015-05-27,sh.600869,远东股份,14.1598545,14.1598545,14.1598545,14.1598545,0,0.0,0.0,0.0,990043202.0,14018867689.03411,2026-07-14
2015-05-28,sh.600869,远东股份,14.1598545,14.1598545,14.1598545,14.1598545,0,0.0,0.0,0.0,990043202.0,14018867689.03411,2026-07-14
2015-05-29,sh.600869,远东股份,14.1598545,14.1598545,14.1598545,14.1598545,0,0.0,0.0,0.0,990043202.0,14018867689.03411,2026-07-14
2015-06-01,sh.600869,远东股份,14.1598545,14.1598545,14.1598545,14.1598545,0,0.0,0.0,0.0,990043202.0,14018867689.03411,2026-07-14
2015-06-02,sh.600869,远东股份,14.1598545,14.1598545,14.1598545,14.1598545,0,0.0,0.0,0.0,990043202.0,14018867689.03411,2026-07-14
2015-06-03,sh.600869,远东股份,14.1598545,14.1598545,14.1598545,14.1598545,0,0.0,0.0,0.0,990043202.0,14018867689.03411,2026-07-14
2015-06-04,sh.600869,远东股份,14.1598545,14.1598545,14.1598545,14.1598545,0,0.0,0.0,0.0,990043202.0,14018867689.03411,2026-07-14
2015-06-05,sh.600869,远东股份,14.1598545,14.1598545,14.1598545,14.1598545,0,0.0,0.0,0.0,990043202.0,14018867689.03411,2026-07-14
2015-06-08,sh.600869,远东股份,14.1598545,14.1598545,14.1598545,14.1598545,0,0.0,0.0,0.0,990043202.0,14018867689.03411,2026-07-14
2015-06-09,sh.600869,远东股份,14.1598545,14.1598545,14.1598545,14.1598545,0,0.0,0.0,0.0,990043202.0,14018867689.03411,2026-07-14
2015-06-10,sh.600869,远东股份,14.1598545,14.1598545,14.1598545,14.1598545,0,0.0,0.0,0.0,990043202.0,14018867689.03411,2026-07-14
2015-06-11,sh.600869,远东股份,14.1598545,14.1598545,14.1598545,14.1598545,0,0.0,0.0,0.0,990043202.0,14018867689.03411,2026-07-14
2015-06-12,sh.600869,远东股份,14.1598545,14.1598545,14.1598545,14.1598545,0,0.0,0.0,0.0,990043202.0,14018867689.03411,2026-07-14
2015-06-15,sh.600869,远东股份,14.1598545,14.1598545,14.1598545,14.1598545,0,0.0,0.0,0.0,990043202.0,14018867689.03411,2026-07-14
2015-06-16,sh.600869,远东股份,14.1598545,14.1598545,14.1598545,14.1598545,0,0.0,0.0,0.0,990043202.0,14018867689.03411,2026-07-14
2015-06-17,sh.600869,远东股份,14.1598545,14.1598545,14.1598545,14.1598545,0,0.0,0.0,0.0,990043202.0,14018867689.03411,2026-07-14
2015-06-18,sh.600869,远东股份,14.1598545,14.1598545,14.1598545,14.1598545,0,0.0,0.0,0.0,990043202.0,14018867689.03411,2026-07-14
2015-06-19,sh.600869,远东股份,14.1598545,14.1598545,14.1598545,14.1598545,0,0.0,0.0,0.0,990043202.0,14018867689.03411,2026-07-14
2015-06-23,sh.600869,远东股份,14.1598545,14.1598545,14.1598545,14.1598545,0,0.0,0.0,0.0,990043202.0,14018867689.03411,2026-07-14
2015-06-24,sh.600869,远东股份,14.1598545,14.1598545,14.1598545,14.1598545,0,0.0,0.0,0.0,990043202.0,14018867689.03411,2026-07-14
2015-06-25,sh.600869,远东股份,14.1598545,14.1598545,14.1598545,14.1598545,0,0.0,0.0,0.0,990043202.0,14018867689.03411,2026-07-14
2015-06-26,sh.600869,远东股份,14.1598545,14.1598545,14.1598545,14.1598545,0,0.0,0.0,0.0,990043202.0,14018867689.03411,2026-07-14
2015-06-29,sh.600869,远东股份,14.1598545,14.1598545,14.1598545,14.1598545,0,0.0,0.0,0.0,990043202.0,14018867689.03411,2026-07-14
2015-06-30,sh.600869,远东股份,14.1598545,14.1598545,14.1598545,14.1598545,0,0.0,0.0,0.0,990043202.0,14018867689.03411,2026-07-14
2015-07-01,sh.600869,远东股份,14.1598545,14.1598545,14.1598545,14.1598545,0,0.0,0.0,0.0,990043202.0,14018867689.03411,2026-07-14
2015-07-02,sh.600869,远东股份,14.1598545,14.1598545,14.1598545,14.1598545,0,0.0,0.0,0.0,990043202.0,14018867689.03411,2026-07-14
2015-07-03,sh.600869,远东股份,14.1598545,14.1598545,14.1598545,14.1598545,0,0.0,0.0,0.0,990043202.0,14018867689.03411,2026-07-14
2015-07-06,sh.600869,远东股份,14.1598545,14.1598545,14.1598545,14.1598545,0,0.0,0.0,0.0,990043202.0,14018867689.03411,2026-07-14
2015-07-07,sh.600869,远东股份,14.1598545,14.1598545,14.1598545,14.1598545,0,0.0,0.0,0.0,990043202.0,14018867689.03411,2026-07-14
2015-07-08,sh.600869,远东股份,14.1598545,14.1598545,14.1598545,14.1598545,0,0.0,0.0,0.0,990043202.0,14018867689.03411,2026-07-14
2015-07-09,sh.600869,远东股份,14.1598545,14.1598545,14.1598545,14.1598545,0,0.0,0.0,0.0,990043202.0,14018867689.03411,2026-07-14
2015-07-10,sh.600869,远东股份,14.1598545,14.1598545,14.1598545,14.1598545,0,0.0,0.0,0.0,990043202.0,14018867689.03411,2026-07-14
2015-07-13,sh.600869,远东股份,14.1598545,14.1598545,14.1598545,14.1598545,0,0.0,0.0,0.0,990043202.0,14018867689.03411,2026-07-14
2015-07-14,sh.600869,远东股份,14.1598545,14.1598545,14.1598545,14.1598545,0,0.0,0.0,0.0,990043202.0,14018867689.03411,2026-07-14
2015-07-15,sh.600869,远东股份,14.1598545,14.1598545,14.1598545,14.1598545,0,0.0,0.0,0.0,990043202.0,14018867689.03411,2026-07-14
2015-07-16,sh.600869,远东股份,14.1598545,14.1598545,14.1598545,14.1598545,0,0.0,0.0,0.0,990043202.0,14018867689.03411,2026-07-14
2015-07-17,sh.600869,远东股份,14.1598545,14.1598545,14.1598545,14.1598545,0,0.0,0.0,0.0,990043202.0,14018867689.03411,2026-07-14
2015-07-20,sh.600869,远东股份,14.1598545,14.1598545,14.1598545,14.1598545,0,0.0,0.0,0.0,990043202.0,14018867689.03411,2026-07-14
2015-07-21,sh.600869,远东股份,14.1598545,14.1598545,14.1598545,14.1598545,0,0.0,0.0,0.0,990043202.0,14018867689.03411,2026-07-14
2015-07-22,sh.600869,远东股份,14.1598545,14.1598545,14.1598545,14.1598545,0,0.0,0.0,0.0,990043202.0,14018867689.03411,2026-07-14
2015-07-23,sh.600869,远东股份,14.1598545,14.1598545,14.1598545,14.1598545,0,0.0,0.0,0.0,990043202.0,14018867689.03411,2026-07-14
2015-07-24,sh.600869,远东股份,14.1598545,14.1598545,14.1598545,14.1598545,0,0.0,0.0,0.0,990043202.0,14018867689.03411,2026-07-14
2015-07-27,sh.600869,远东股份,14.1598545,14.1598545,14.1598545,14.1598545,0,0.0,0.0,0.0,990043202.0,14018867689.03411,2026-07-14
2015-07-28,sh.600869,远东股份,14.1598545,14.1598545,14.1598545,14.1598545,0,0.0,0.0,0.0,990043202.0,14018867689.03411,2026-07-14
2015-07-29,sh.600869,远东股份,14.1598545,14.1598545,14.1598545,14.1598545,0,0.0,0.0,0.0,990043202.0,14018867689.03411,2026-07-14
2015-07-30,sh.600869,远东股份,14.1598545,14.1598545,14.1598545,14.1598545,0,0.0,0.0,0.0,990043202.0,14018867689.03411,2026-07-14
2015-07-31,sh.600869,远东股份,12.74581275,12.74581275,12.74581275,12.74581275,2280800,59825384.0,0.230374,-9.9863,990042279.0,12618893502.717258,2026-07-14
2015-08-03,sh.600869,远东股份,11.47268925,11.47268925,11.47268925,11.47268925,934500,22063545.0,0.09439,-9.9886,990041318.0,11358436386.074432,2026-07-14
2015-08-04,sh.600869,远东股份,11.47268925,11.47268925,11.47268925,11.47268925,0,0.0,0.0,0.0,990041318.0,11358436386.074432,2026-07-14
2015-08-05,sh.600869,远东股份,11.47268925,11.47268925,11.47268925,11.47268925,0,0.0,0.0,0.0,990041318.0,11358436386.074432,2026-07-14
2015-08-06,sh.600869,远东股份,11.47268925,11.47268925,11.47268925,11.47268925,0,0.0,0.0,0.0,990041318.0,11358436386.074432,2026-07-14
2015-08-07,sh.600869,远东股份,11.47268925,11.47268925,11.47268925,11.47268925,0,0.0,0.0,0.0,990041318.0,11358436386.074432,2026-07-14
2015-08-10,sh.600869,远东股份,10.32590625,11.57959275,12.148125,10.32590625,88117372,1950943840.0,8.900355,0.9318,990043341.0,11464298693.629377,2026-07-14
2015-08-11,sh.600869,远东股份,10.9333125,10.7583795,11.215149,10.612602,58864462,1318513568.0,5.945645,-7.0919,990043334.0,10651261908.617252,2026-07-14
2015-08-12,sh.600869,远东股份,10.4473875,10.19956575,10.90901625,10.10724,27887135,605418528.0,2.816759,-5.1942,990043344.0,10098012182.477867,2026-07-14
2015-08-13,sh.600869,远东股份,10.010055,10.46196525,10.5251355,9.52413,36571348,742216048.0,3.693914,2.5727,990043298.0,10357798579.671394,2026-07-14
2015-08-14,sh.600869,远东股份,10.2141435,10.1363955,10.398795,10.10724,25081511,529119296.0,2.533375,-3.1119,990043361.0,10035471069.245275,2026-07-14
2015-08-17,sh.600869,远东股份,10.13153625,9.91772925,10.13153625,9.7185,17936189,365162016.0,1.811657,-2.1572,990043314.0,9818981534.024734,2026-07-14
2015-08-18,sh.600869,远东股份,9.9614625,9.51927075,10.4473875,9.09165675,32202026,666711456.0,3.252587,-4.0176,990043495.0,9424492083.181273,2026-07-14
2015-08-19,sh.600869,远东股份,9.232575,9.5144115,9.7185,8.571717,26589679,500701184.0,2.685709,-0.051,990043188.0,9419678293.403862,2026-07-14
2015-08-20,sh.600869,远东股份,9.32976,9.8837145,10.30161,9.0284865,32496416,644684208.0,3.282322,3.8815,990043512.0,9785307415.185324,2026-07-14
2015-08-21,sh.600869,远东股份,9.621315,8.89728675,9.699063,8.89728675,23329457,441376896.0,2.356408,-9.9803,990043193.0,8808698183.006592,2026-07-14
2015-08-24,sh.600869,远东股份,8.0177625,8.008044,8.260725,8.008044,9263837,152999260.0,0.9357,-9.9945,990043497.0,7928311885.889868,2026-07-14
2015-08-25,sh.600869,远东股份,7.20626775,7.20626775,7.424934,7.20626775,15827189,235651734.0,1.598636,-10.0121,990043324.0,7134517276.844002,2026-07-14
2015-08-26,sh.600869,远东股份,6.80295,6.48709875,7.230564,6.48709875,26811863,370486128.0,2.70815,-9.9798,990043498.0,6422509938.321428,2026-07-14
2015-08-27,sh.600869,远东股份,6.550269,6.23441775,6.783513,5.8408185,26081134,335252912.0,2.634343,-3.8951,990043210.0,6172342961.690978,2026-07-14
2015-08-28,sh.600869,远东股份,6.5599875,6.85640175,6.85640175,6.453084,31784194,435522096.0,3.210384,9.9766,990043372.0,6788135108.356701,2026-07-14
2015-08-31,sh.600869,远东股份,6.939009,6.75921675,7.23542325,6.6571725,27177133,392665040.0,2.745045,-1.4174,990043260.0,6691916986.216605,2026-07-14
2015-09-01,sh.600869,远东股份,6.71062425,6.083781,6.7154835,6.083781,16140942,206564898.0,1.630327,-9.9928,990043224.0,6023206155.349944,2026-07-14
2015-09-02,sh.600869,远东股份,5.500671,6.29272875,6.3461805,5.4909525,25130849,310181552.0,2.538358,3.4345,990043524.0,6230075347.226115,2026-07-14
2015-09-07,sh.600869,远东股份,6.38019525,6.33160275,6.900135,6.32188425,16135312,217623079.0,1.629758,0.6178,990043430.0,6268561704.007433,2026-07-14
2015-09-08,sh.600869,远东股份,6.375336,6.628017,6.70090575,6.22469925,12998852,172364606.0,1.312958,4.6815,990043246.0,6562023465.223182,2026-07-14
2015-09-09,sh.600869,远东股份,6.705765,7.14795675,7.19169,6.57456525,22432901,315982912.0,2.26585,7.8446,990043516.0,7076788232.985932,2026-07-14
2015-09-10,sh.600869,远东股份,6.9487275,7.16739375,7.230564,6.861261,20019583,291228848.0,2.022092,0.2719,990043134.0,7096028970.862012,2026-07-14
2015-09-11,sh.600869,远东股份,7.03133475,7.172253,7.308312,7.02161625,12535698,185273562.0,1.266177,0.0678,990043098.0,7100839579.759794,2026-07-14
2015-09-14,sh.600869,远东股份,7.288875,6.453084,7.33260825,6.453084,11900389,166445142.0,1.202007,-10.0271,990043236.0,6388832165.539824,2026-07-14
2015-09-15,sh.600869,远东股份,6.04976625,5.80680375,6.317025,5.80680375,11982134,148549365.0,1.210264,-10.0151,990042999.0,5748985399.254447,2026-07-14
2015-09-16,sh.600869,远东股份,5.8796925,6.38991375,6.38991375,5.63673,13871664,171361400.0,1.401117,10.0418,990043230.0,6326290848.471413,2026-07-14
2015-09-17,sh.600869,远东股份,6.40935075,6.13723275,6.63287625,6.07892175,15503971,204901613.0,1.565989,-3.9544,990043417.0,6076126882.734306,2026-07-14
2015-09-18,sh.600869,远东股份,6.2295585,6.36075825,6.41421,6.02547,11110835,141834678.0,1.122257,3.6421,990043724.0,6297428785.293723,2026-07-14
2015-09-21,sh.600869,远东股份,6.258714,6.9876015,6.99246075,6.19554375,18037920,246827331.0,1.821932,9.8549,990043536.0,6918029697.2189045,2026-07-14
2015-09-22,sh.600869,远东股份,7.288875,7.2791565,7.67275575,7.05077175,34129129,515619024.0,3.447236,4.1725,990043298.0,7206680107.918137,2026-07-14
2015-09-23,sh.600869,远东股份,7.29373425,8.008044,8.008044,7.29373425,50219302,799628432.0,5.072435,10.0134,990043283.0,7928310172.168452,2026-07-14
2015-09-24,sh.600869,远东股份,8.066355,8.027481,8.53770225,7.9205775,46485688,785206688.0,4.695318,0.2427,990043443.0,7947554927.857083,2026-07-14
2015-09-25,sh.600869,远东股份,7.8817035,7.522119,8.0177625,7.28401575,31005222,488173088.0,3.131703,-6.2954,990043500.0,7447225022.1765,2026-07-14
2015-09-28,sh.600869,远东股份,7.5901485,7.7650815,7.8622665,7.2014085,21316330,333837984.0,2.15307,3.23,990043519.0,7687768613.581799,2026-07-14
2015-09-29,sh.600869,远东股份,7.5707115,7.4152155,7.70191125,7.308312,15202727,235404922.0,1.535562,-4.5056,990043189.0,7341383600.742229,2026-07-14
2015-09-30,sh.600869,远东股份,7.5318375,7.46866725,7.60472625,7.2402825,11986947,183748250.0,1.21075,0.7208,990043114.0,7394302581.619817,2026-07-14
2015-10-08,sh.600869,远东股份,7.8233925,8.16839925,8.21699175,7.716489,28603077,472822416.0,2.889073,9.3689,990043415.0,8087069888.553439,2026-07-14
2015-10-09,sh.600869,远东股份,8.182977,8.2510065,8.3093175,7.95459225,22620196,379325472.0,2.284768,1.0113,990043453.0,8168854965.985445,2026-07-14
2015-10-12,sh.600869,远东股份,8.51826525,8.377347,8.84869425,8.2510065,49862608,874640768.0,5.036406,1.5312,990043456.0,8293937575.991232,2026-07-14
2015-10-13,sh.600869,远东股份,8.35791,8.8924275,8.91672375,8.21699175,36278371,643334448.0,3.664321,6.1485,990043476.0,8803889832.17799,2026-07-14
2015-10-14,sh.600869,远东股份,8.843835,8.65432425,8.843835,8.55713925,26425969,472638656.0,2.669173,-2.6776,990043321.0,8568155921.480834,2026-07-14
2015-10-15,sh.600869,远东股份,8.6008725,8.74665,8.80982025,8.5231245,28879061,515617728.0,2.916949,1.0668,990043398.0,8659563087.116701,2026-07-14
2015-10-16,sh.600869,远东股份,9.038205,8.9507385,9.115953,8.7758055,31321894,287703616.0,1.581845,2.3333,1980086165.0,17723233470.38285,2026-07-14
2015-10-19,sh.600869,远东股份,8.7563685,8.6786205,8.979894,8.4842505,75061420,668111968.0,3.790815,-3.0402,1980086604.0,17184420193.24978,2026-07-14
2015-10-20,sh.600869,远东股份,8.727213,9.543567,9.543567,8.6591835,89624795,833988320.0,4.526307,9.9664,1980086525.0,18897088417.134674,2026-07-14
2015-10-21,sh.600869,远东股份,9.543567,9.543567,9.543567,9.543567,0,0.0,0.0,0.0,1980086525.0,18897088417.134674,2026-07-14
2015-10-22,sh.600869,远东股份,9.543567,9.543567,9.543567,9.543567,0,0.0,0.0,0.0,1980086525.0,18897088417.134674,2026-07-14
2015-10-23,sh.600869,远东股份,9.543567,9.543567,9.543567,9.543567,0,0.0,0.0,0.0,1980086525.0,18897088417.134674,2026-07-14
2015-10-26,sh.600869,远东股份,9.543567,9.543567,9.543567,9.543567,0,0.0,0.0,0.0,1980086525.0,18897088417.134674,2026-07-14
2015-10-27,sh.600869,远东股份,9.543567,9.543567,9.543567,9.543567,0,0.0,0.0,0.0,1980086525.0,18897088417.134674,2026-07-14
2015-10-28,sh.600869,远东股份,9.543567,9.543567,9.543567,9.543567,0,0.0,0.0,0.0,1980086525.0,18897088417.134674,2026-07-14
2015-10-29,sh.600869,远东股份,9.815685,9.426945,10.0003365,8.8729905,96828706,945487568.0,4.890124,-1.222,1980086926.0,18666170546.62107,2026-07-14
2015-10-30,sh.600869,远东股份,9.2228565,9.038205,9.3783525,8.902146,44487724,417039968.0,2.246756,-4.1237,1980087023.0,17896432431.713715,2026-07-14
2015-11-02,sh.600869,远东股份,8.843835,8.960457,9.407508,8.649465,40993720,383397840.0,2.070299,-0.8602,1980086934.0,17742483828.36884,2026-07-14
2015-11-03,sh.600869,远东股份,9.0867975,8.7174945,9.1645455,8.649465,32399174,293536256.0,1.63625,-2.7115,1980087028.0,17261397776.111347,2026-07-14
2015-11-04,sh.600869,远东股份,8.7563685,9.13539,9.232575,8.727213,49137782,453804800.0,2.481597,4.7937,1980087097.0,18088867865.062828,2026-07-14
2015-11-05,sh.600869,远东股份,9.1451085,8.9313015,9.1451085,8.863272,50876321,470747920.0,2.569399,-2.234,1980086433.0,17684748929.18255,2026-07-14
2015-11-06,sh.600869,远东股份,8.9507385,9.0867975,9.213138,8.94102,48311407,450351392.0,2.439863,1.741,1980086874.0,17992648456.446014,2026-07-14
2015-11-09,sh.600869,远东股份,8.9896125,9.1256715,9.252012,8.7758055,50784350,472098416.0,2.564754,0.4278,1980086589.0,18069619752.769512,2026-07-14
2015-11-10,sh.600869,远东股份,8.9896125,9.426945,9.5144115,8.94102,61706328,591202304.0,3.116345,3.3014,1980086544.0,18666166945.52808,2026-07-14
2015-11-11,sh.600869,远东股份,9.8254035,10.165551,10.282173,9.5727225,79615797,810854864.0,4.020824,7.8351,1980086594.0,20128671255.723297,2026-07-14
2015-11-12,sh.600869,远东股份,10.165551,10.729224,11.059653,9.8254035,88398376,943249776.0,4.464369,5.5449,1980086682.0,21244793550.59477,2026-07-14
2015-11-13,sh.600869,远东股份,10.593165,10.6223205,11.07909,10.3502025,77005711,852596320.0,3.889007,-0.9964,1980086716.0,21033115715.144478,2026-07-14
2015-11-16,sh.600869,远东股份,10.2530175,10.5834465,10.651476,10.1169585,41867929,448156080.0,2.114449,-0.366,1980086964.0,20956144448.841427,2026-07-14
2015-11-17,sh.600869,远东股份,10.593165,10.282173,10.787535,10.2530175,48368366,522138432.0,2.44274,-2.8467,1980086542.0,20359592379.815765,2026-07-14
2015-11-18,sh.600869,远东股份,10.379358,10.2530175,10.6417575,10.204425,36304337,389506880.0,1.833472,-0.2836,1980086797.0,20301864581.159946,2026-07-14
2015-11-19,sh.600869,远东股份,10.223862,10.4862615,10.49598,10.146114,34927859,371004000.0,1.763956,2.2749,1980086748.0,20763707432.2126,2026-07-14
2015-11-20,sh.600869,远东股份,10.4085135,10.787535,10.981905,10.4085135,53407935,590417840.0,2.697252,2.873,1980086955.0,21360257330.105927,2026-07-14
2015-11-23,sh.600869,远东股份,10.981905,10.476543,10.981905,10.437669,36920636,402883632.0,1.864597,-2.8829,1980086635.0,20744462775.302803,2026-07-14
2015-11-24,sh.600869,远东股份,10.379358,10.4085135,10.6223205,10.30161,22194016,237448185.0,1.120861,-0.6493,1980086380.0,20609755817.39613,2026-07-14
2015-11-25,sh.600869,远东股份,10.476543,10.5640095,10.69035,10.321047,30155509,325606784.0,1.522939,1.4939,1980086464.0,20917652216.517406,2026-07-14
2015-11-26,sh.600869,远东股份,10.5056985,10.3890765,10.6028835,10.3502025,27563226,296563648.0,1.392021,-1.6559,1980086938.0,20571274675.532757,2026-07-14
2015-11-27,sh.600869,远东股份,10.379358,9.3589155,10.379358,9.349197,46024248,464764528.0,2.324355,-9.9158,1980086863.0,18531465633.477077,2026-07-14
2015-11-30,sh.600869,远东股份,9.3006045,9.5921595,9.6893445,8.766087,32913652,317984224.0,1.662233,2.4922,1980086546.0,18993305973.036087,2026-07-14
2015-12-01,sh.600869,远东股份,9.621315,9.4172265,9.6893445,9.290886,21484035,209053901.0,1.085005,-1.8237,1980086267.0,18646920865.878475,2026-07-14
2015-12-02,sh.600869,远东股份,9.4172265,9.3394785,9.504693,9.0479235,18418605,176306112.0,0.930192,-0.8256,1980086369.0,18492974071.418568,2026-07-14
2015-12-03,sh.600869,远东股份,9.426945,9.52413,9.601878,9.32976,17961244,174968254.0,0.907094,1.9771,1980086298.0,18858599313.37074,2026-07-14
2015-12-04,sh.600869,远东股份,9.446382,9.426945,9.601878,9.3977895,18577395,181233764.0,0.938211,-1.0204,1980087102.0,18666172205.76339,2026-07-14
2015-12-07,sh.600869,远东股份,9.5144115,9.52413,9.621315,9.349197,17962437,175596453.0,0.907154,1.0309,1980086843.0,18858604504.021587,2026-07-14
2015-12-08,sh.600869,远东股份,9.52413,9.154827,9.52413,9.1256715,20230243,192836959.0,1.021685,-3.8776,1980086132.0,18127345983.559162,2026-07-14
2015-12-09,sh.600869,远东股份,9.038205,9.038205,9.154827,8.94102,14741075,136960632.0,0.744466,-1.2739,1980087069.0,17896432847.471146,2026-07-14
2015-12-10,sh.600869,远东股份,9.038205,8.94102,9.13539,8.8535535,16081938,148777636.0,0.812184,-1.0753,1980085547.0,17703984477.43794,2026-07-14
2015-12-11,sh.600869,远东股份,8.9896125,8.9896125,9.13539,8.94102,12648583,117522961.0,0.638789,0.5435,1980087791.0,17800221957.070988,2026-07-14
2015-12-14,sh.600869,远东股份,8.94102,9.115953,9.154827,8.843835,12701906,117450724.0,0.641482,1.4054,1980087672.0,18050386153.831413,2026-07-14
2015-12-15,sh.600869,远东股份,9.1839825,9.1451085,9.2228565,9.0867975,12979547,122094208.0,0.655504,0.3198,1980086620.0,18108106979.298267,2026-07-14
2015-12-16,sh.600869,远东股份,9.193701,9.7476555,9.990618,9.13539,39938452,395169648.0,2.017005,6.5887,1980086911.0,19301205068.48716,2026-07-14
2015-12-17,sh.600869,远东股份,9.815685,9.990618,10.204425,9.6115965,44982733,461029280.0,2.271756,2.4925,1980086462.0,19782287448.813515,2026-07-14
2015-12-18,sh.600869,远东股份,9.91287,9.7185,10.010055,9.621315,26941470,271143952.0,1.360621,-2.7237,1980086299.0,19243468696.8315,2026-07-14
2015-12-21,sh.600869,远东股份,9.776811,9.7185,9.796248,9.6310335,18218075,181762166.0,0.920064,0.0,1980087798.0,19243483264.863003,2026-07-14
2015-12-22,sh.600869,远东股份,9.757374,9.893433,10.0003365,9.660189,25367947,256768860.0,1.281153,1.8,1980087234.0,19589860383.73432,2026-07-14
2015-12-23,sh.600869,远东股份,9.893433,9.601878,9.893433,9.5338485,22096354,220730268.0,1.115929,-2.947,1980086009.0,19012544287.9249,2026-07-14
2015-12-24,sh.600869,远东股份,9.5727225,9.3783525,9.5727225,9.232575,17666831,170077204.0,0.892225,-2.3279,1980086974.0,18569953622.830334,2026-07-14
2015-12-25,sh.600869,远东股份,9.368634,9.4172265,9.465819,9.3394785,10201875,98743574.0,0.515224,0.4145,1980085361.0,18646912333.871265,2026-07-14
2015-12-28,sh.600869,远东股份,9.4755375,9.154827,9.4755375,9.13539,18050904,173110547.0,0.911622,-2.7864,1980086483.0,18127349196.90344,2026-07-14
2015-12-29,sh.600869,远东股份,9.13539,9.3200415,9.32976,8.999331,18849402,176919025.0,0.951948,1.8047,1980087358.0,18454496350.185356,2026-07-14
2015-12-30,sh.600869,远东股份,9.32976,9.3783525,9.426945,9.2422935,14270697,137046855.0,0.720711,0.6256,1980085915.0,18569943691.155037,2026-07-14
2015-12-31,sh.600869,远东股份,9.349197,9.2811675,9.5532855,9.213138,16016244,155217336.0,0.808866,-1.0363,1980086195.0,18377511640.232662,2026-07-14
2016-01-04,sh.600869,远东股份,9.2228565,8.377347,9.2228565,8.3676285,15392961,139805548.0,0.777388,-9.7382,1980087292.0,16587878335.374325,2026-07-14
2016-01-05,sh.600869,远东股份,7.8233925,8.202414,8.4648135,7.813674,20853483,174878157.0,1.05316,-2.0882,1980086881.0,16241492353.930733,2026-07-14
2016-01-06,sh.600869,远东股份,8.182977,8.377347,8.3870655,8.1149475,13230371,112501995.0,0.668171,2.1327,1980087582.0,16587880764.804955,2026-07-14
2016-01-07,sh.600869,远东股份,8.280162,7.6095855,8.280162,7.5707115,2945960,23951540.0,0.148779,-9.1647,1980091276.0,15067673862.526098,2026-07-14
2016-01-08,sh.600869,远东股份,7.833111,7.755363,7.9983255,7.308312,20437977,162927080.0,1.032176,1.9157,1980086439.0,15356289105.822357,2026-07-14
2016-01-11,sh.600869,远东股份,7.7748,6.9876015,7.7748,6.977883,15816467,120123836.0,0.798776,-9.8997,1980087910.0,13836065250.047865,2026-07-14
2016-01-12,sh.600869,远东股份,6.900135,6.9292905,7.1430975,6.686328,15891211,112787917.0,0.802551,-0.8345,1980087371.0,13720600609.040276,2026-07-14
2016-01-13,sh.600869,远东股份,6.977883,6.530832,7.0653495,6.511395,12641179,88740151.0,0.638415,-5.7504,1980088031.0,12931622275.671793,2026-07-14
2016-01-14,sh.600869,远东股份,6.3461805,6.744639,6.80295,6.1906845,14039831,94089381.0,0.709051,3.2738,1980087610.0,13354976117.82279,2026-07-14
2016-01-15,sh.600869,远东股份,6.7543575,6.7543575,6.99732,6.60858,15892291,111315814.0,0.802606,0.1441,1980086244.0,13374210372.808231,2026-07-14
2016-01-18,sh.600869,远东股份,6.511395,6.822387,6.958446,6.511395,10963499,76967302.0,0.553688,1.0072,1980086077.0,13508913510.605799,2026-07-14
2016-01-19,sh.600869,远东股份,6.822387,7.094505,7.1236605,6.744639,17320971,123854547.0,0.874758,3.9886,1980087178.0,14047738384.75689,2026-07-14
2016-01-20,sh.600869,远东股份,7.1430975,7.075068,7.4346525,7.0070385,21766888,161935168.0,1.09929,-0.274,1980086056.0,14009243492.051807,2026-07-14
2016-01-21,sh.600869,远东股份,6.900135,6.628017,7.0653495,6.60858,14307762,101159655.0,0.722583,-6.3187,1980085610.0,13124041084.53537,2026-07-14
2016-01-22,sh.600869,远东股份,6.705765,6.725202,6.7932315,6.5405505,9252928,63721346.0,0.467299,1.4663,1980087267.0,13316486848.202934,2026-07-14
2016-01-25,sh.600869,远东股份,6.80295,6.8126685,6.8515425,6.725202,7345349,51290893.0,0.370961,1.3006,1980086586.0,13489673511.71474,2026-07-14
2016-01-26,sh.600869,远东股份,6.744639,6.142092,6.7543575,6.1323735,12726440,83942268.0,0.642721,-9.8431,1980087783.0,12161881331.262035,2026-07-14
2016-01-27,sh.600869,远东股份,6.1323735,5.9963145,6.2101215,5.695041,13019623,79289454.0,0.657528,-2.3734,1980086475.0,11873221241.296389,2026-07-14
2016-01-28,sh.600869,远东股份,5.908848,5.8311,5.9963145,5.8019445,9048930,54954348.0,0.456997,-2.7553,1980085208.0,11546074856.368801,2026-07-14
2016-01-29,sh.600869,远东股份,5.8213815,6.0351885,6.1129365,5.811663,9518775,58770471.0,0.480725,3.5,1980087368.0,11950200512.34887,2026-07-14
2016-02-01,sh.600869,远东股份,6.083781,6.02547,6.1129365,5.8408185,8023670,49450858.0,0.405218,-0.161,1980087262.0,11930956394.56314,2026-07-14
2016-02-02,sh.600869,远东股份,6.006033,6.2684325,6.2878695,5.9768775,11060869,70223492.0,0.558605,4.0323,1980087719.0,12412046210.630468,2026-07-14
2016-02-03,sh.600869,远东股份,6.1518105,6.21984,6.3073065,6.0351885,10216747,64538442.0,0.515975,-0.7752,1980085663.0,12315816010.15392,2026-07-14
2016-02-04,sh.600869,远东股份,6.2684325,6.317025,6.3850545,6.21984,10481268,68097361.0,0.529334,1.5625,1980085919.0,12508252252.470976,2026-07-14
2016-02-05,sh.600869,远东股份,6.3267435,6.21984,6.3656175,6.2101215,7581324,48831132.0,0.382878,-1.5385,1980088697.0,12315834881.14848,2026-07-14
2016-02-15,sh.600869,远东股份,5.9768775,6.103218,6.1712475,5.850537,6736558,41691749.0,0.340215,-1.875,1980088473.0,12084911610.006115,2026-07-14
2016-02-16,sh.600869,远东股份,6.161529,6.5016765,6.5988615,6.1518105,14244272,93514928.0,0.719376,6.5287,1980087187.0,12873886331.669006,2026-07-14
2016-02-17,sh.600869,远东股份,6.5016765,6.550269,6.589143,6.3656175,13090696,87151436.0,0.661117,0.7474,1980087640.0,12970106685.575161,2026-07-14
2016-02-18,sh.600869,远东股份,6.5988615,6.472521,6.5988615,6.4433655,11717862,78655555.0,0.591785,-1.1869,1980087701.0,12816159226.564222,2026-07-14
2016-02-19,sh.600869,远东股份,6.4239285,6.6377355,6.6571725,6.4239285,11512526,77247347.0,0.581415,2.5526,1980087545.0,13143297390.554348,2026-07-14
2016-02-22,sh.600869,远东股份,6.705765,6.822387,6.880698,6.60858,18541204,128627915.0,0.936383,2.7818,1980087635.0,13508924139.884745,2026-07-14
2016-02-23,sh.600869,远东股份,6.8126685,6.6377355,6.822387,6.491958,15206506,104102599.0,0.767972,-2.7066,1980085993.0,13143287088.78885,2026-07-14
2016-02-24,sh.600869,远东股份,6.628017,6.647454,6.725202,6.491958,11308098,76928557.0,0.571091,0.1464,1980086886.0,13162536490.688244,2026-07-14
2016-02-25,sh.600869,远东股份,6.8126685,7.308312,7.308312,6.8126685,92593687,692439360.0,4.676244,9.9415,1980086732.0,14471091624.516384,2026-07-14
2016-02-26,sh.600869,远东股份,7.094505,8.0371995,8.0371995,7.075068,104698142,820352048.0,5.287553,9.9734,1980086857.0,15914353097.036972,2026-07-14
2016-02-29,sh.600869,远东股份,7.8817035,7.2791565,7.8817035,7.230564,77062437,583866576.0,3.891872,-9.4317,1980086627.0,14413360441.490126,2026-07-14
2016-03-01,sh.600869,远东股份,7.2985935,7.1236605,7.3374675,6.7737945,55778857,404636592.0,2.816991,-2.1362,1980086447.0,14105463609.079243,2026-07-14
2016-03-02,sh.600869,远东股份,7.172253,7.619304,7.697052,7.1236605,60824549,468624240.0,3.071812,6.9577,1980086965.0,15086884532.77236,2026-07-14
2016-03-03,sh.600869,远东股份,7.483245,7.7067705,8.027481,7.38606,64349676,506666128.0,3.249841,1.148,1980086903.0,15260075331.476763,2026-07-14
2016-03-04,sh.600869,远东股份,7.6484595,7.230564,7.6484595,7.075068,42564688,322669264.0,2.149638,-6.1791,1980086322.0,14317140876.74561,2026-07-14
2016-03-07,sh.600869,远东股份,7.2208455,7.2791565,7.502682,7.1625345,25519709,192212710.0,1.288818,0.672,1980086327.0,14413358257.743176,2026-07-14
2016-03-08,sh.600869,远东股份,7.3180305,7.1625345,7.3180305,6.8126685,26748285,192768208.0,1.350864,-1.6021,1980087189.0,14182442804.22052,2026-07-14
2016-03-09,sh.600869,远东股份,7.016757,6.8904165,7.075068,6.861261,18767467,134033045.0,0.94781,-3.7992,1980087465.0,13643627340.279173,2026-07-14
2016-03-10,sh.600869,远东股份,6.8321055,6.7932315,6.977883,6.764076,17237356,121963323.0,0.870535,-1.4104,1980087647.0,13451193776.36128,2026-07-14
2016-03-11,sh.600869,远东股份,6.7349205,6.6571725,6.764076,6.5211135,16329639,111677727.0,0.824693,-2.0029,1980087014.0,13181780817.207914,2026-07-14
2016-03-14,sh.600869,远东股份,6.80295,7.0264755,7.230564,6.7543575,26817323,194007009.0,1.354351,5.5474,1980086625.0,13913030158.440187,2026-07-14
2016-03-15,sh.600869,远东股份,6.99732,6.958446,7.113942,6.9098535,15018906,108109810.0,0.758497,-0.9682,1980087726.0,13778333516.633797,2026-07-14
2016-03-16,sh.600869,远东股份,6.9681645,6.8321055,7.055631,6.80295,16159218,114447179.0,0.816086,-1.8156,1980087638.0,13528167642.06181,2026-07-14
2016-03-17,sh.600869,远东股份,6.9098535,7.036194,7.0653495,6.8515425,23212394,166899705.0,1.172292,2.9872,1980086361.0,13932271772.750034,2026-07-14
2016-03-18,sh.600869,远东股份,7.0847865,7.250001,7.3569045,7.0264755,35050007,261048746.0,1.770125,3.0387,1980086548.0,14355629453.086548,2026-07-14
2016-03-21,sh.600869,远东股份,7.4346525,7.755363,7.755363,7.4152155,52756687,412333440.0,2.664362,6.9705,1980087053.0,15356293867.615238,2026-07-14
2016-03-22,sh.600869,远东股份,7.755363,8.1343845,8.4065025,7.6095855,65423471,549246784.0,3.304071,4.8872,1980086717.0,16106786699.420685,2026-07-14
2016-03-23,sh.600869,远东股份,8.066355,8.0177625,8.066355,7.813674,42766941,348954720.0,2.159852,-1.4337,1980086645.0,15875864449.031813,2026-07-14
2016-03-24,sh.600869,远东股份,7.96917,7.8622665,8.1732585,7.8233925,35292821,290097568.0,1.782388,-1.9394,1980086322.0,15567966356.568811,2026-07-14
2016-03-25,sh.600869,远东股份,7.8039555,7.8039555,7.9205775,7.5901485,27047890,215859953.0,1.365995,-0.7417,1980087043.0,15452511169.698586,2026-07-14
2016-03-28,sh.600869,远东股份,7.871985,7.871985,8.105229,7.6873335,26286285,213627891.0,1.327532,0.8717,1980086732.0,15587213053.00302,2026-07-14
2016-03-29,sh.600869,远东股份,7.910859,8.0955105,8.105229,7.735926,37857076,309226192.0,1.91189,2.8395,1980086511.0,16029811140.708864,2026-07-14
2016-03-30,sh.600869,远东股份,8.1343845,8.2704435,8.2898805,7.96917,45946170,384530320.0,2.320412,2.1609,1980086726.0,16376195392.482983,2026-07-14
2016-03-31,sh.600869,远东股份,8.2898805,8.105229,8.319036,8.0566365,31036763,260209042.0,1.567445,-1.9977,1980086255.0,16049052536.527393,2026-07-14
2016-04-01,sh.600869,远东股份,8.105229,7.8817035,8.105229,7.7845185,23789257,192979669.0,1.201425,-2.7578,1980086730.0,15606456510.144556,2026-07-14
2016-04-05,sh.600869,远东股份,7.8817035,8.0566365,8.124666,7.852548,25981220,213855171.0,1.312125,2.2195,1980087263.0,15952843316.270899,2026-07-14
2016-04-06,sh.600869,远东股份,7.949733,7.910859,8.0371995,7.8233925,31495313,256136761.0,1.590603,-1.8094,1980086357.0,15664183978.050663,2026-07-14
2016-04-07,sh.600869,远东股份,7.9400145,7.7650815,7.96917,7.7456445,23408239,188122232.0,1.182183,-1.8428,1980085909.0,15375528460.386583,2026-07-14
2016-04-08,sh.600869,远东股份,7.697052,7.813674,7.8817035,7.6095855,20506042,163882656.0,1.035613,0.6258,1980087349.0,15471757036.610226,2026-07-14
2016-04-11,sh.600869,远东股份,7.910859,7.891422,7.930296,7.8233925,23004487,186616371.0,1.161792,0.995,1980086539.0,15625698475.76846,2026-07-14
2016-04-12,sh.600869,远东股份,7.852548,7.7650815,7.8622665,7.6873335,17038176,135964207.0,0.860476,-1.601,1980087301.0,15375539269.380032,2026-07-14
2016-04-13,sh.600869,远东股份,7.8039555,7.871985,7.910859,7.8039555,22610367,183210426.0,1.141888,1.3767,1980086226.0,15587209069.778608,2026-07-14
2016-04-14,sh.600869,远东股份,7.891422,7.9011405,7.930296,7.833111,16092513,130356365.0,0.812718,0.3704,1980085712.0,15644935412.554537,2026-07-14
2016-04-15,sh.600869,远东股份,7.9205775,7.852548,7.9400145,7.8039555,11015238,89009870.0,0.556301,-0.615,1980085961.0,15548720052.878628,2026-07-14
2016-04-18,sh.600869,远东股份,7.8233925,7.658178,7.8428295,7.6484595,12287511,97166870.0,0.620554,-2.4752,1980087309.0,15163861067.863003,2026-07-14
2016-04-19,sh.600869,远东股份,7.6873335,7.677615,7.7456445,7.638741,8751458,69129794.0,0.441973,0.2538,1980088829.0,15202359694.862835,2026-07-14
2016-04-20,sh.600869,远东股份,7.7067705,7.1042235,7.7262075,6.9681645,22016828,165251691.0,1.111912,-7.4684,1980087273.0,14066982536.897514,2026-07-14
2016-04-21,sh.600869,远东股份,7.1042235,6.9487275,7.172253,6.9098535,12555232,91277385.0,0.634075,-2.1888,1980086267.0,13759079895.875244,2026-07-14
2016-04-22,sh.600869,远东股份,6.958446,7.016757,7.0459125,6.919572,9690774,69624238.0,0.489412,0.979,1980085082.0,13893775859.719074,2026-07-14
2016-04-25,sh.600869,远东股份,7.016757,6.9487275,7.0459125,6.880698,7998689,57101358.0,0.403956,-0.9695,1980089168.0,13759100054.13372,2026-07-14
2016-04-26,sh.600869,远东股份,6.9487275,7.075068,7.075068,6.9292905,7924476,57030123.0,0.400209,1.8182,1980084406.0,14009231818.189608,2026-07-14
2016-04-27,sh.600869,远东股份,7.075068,7.269438,7.366623,6.99732,18454986,136391735.0,0.932029,2.7473,1980087100.0,14394120408.0498,2026-07-14
2016-04-28,sh.600869,远东股份,7.288875,7.2208455,7.288875,7.016757,10576898,77740146.0,0.534163,-0.6685,1980088100.0,14297910246.48855,2026-07-14
2016-04-29,sh.600869,远东股份,7.2208455,7.0459125,7.2208455,7.036194,9187871,67263694.0,0.464014,-2.4226,1980084868.0,13951504722.50205,2026-07-14
2016-05-03,sh.600869,远东股份,7.055631,7.2208455,7.2402825,7.0070385,11924248,87831832.0,0.602208,2.4828,1980087943.0,14297909112.815807,2026-07-14
2016-05-04,sh.600869,远东股份,7.19169,7.2208455,7.269438,7.152816,10769570,79768603.0,0.543894,0.0,1980086193.0,14297896476.336182,2026-07-14
2016-05-05,sh.600869,远东股份,7.2791565,7.327749,7.4346525,7.2597195,14661314,110821928.0,0.740438,1.4805,1980086651.0,14509577976.778599,2026-07-14
2016-05-06,sh.600869,远东股份,7.3569045,6.99732,7.3569045,6.958446,16291211,119282593.0,0.822752,-4.5093,1980087681.0,13855307132.014921,2026-07-14
2016-05-09,sh.600869,远东股份,6.9487275,6.764076,6.9681645,6.744639,12436666,87295662.0,0.628087,-3.3333,1980086517.0,13393455687.563292,2026-07-14
2016-05-10,sh.600869,远东股份,6.7737945,6.7932315,6.861261,6.744639,6147515,42989379.0,0.310467,0.431,1980086450.0,13451185644.863174,2026-07-14
2016-05-11,sh.600869,远东股份,6.8126685,6.764076,6.880698,6.6960465,6233248,43625032.0,0.314797,-0.4292,1980084944.0,13393445047.671745,2026-07-14
2016-05-12,sh.600869,远东股份,6.7543575,6.6766095,6.7543575,6.5211135,7536006,51268589.0,0.38059,-1.2931,1980085131.0,13220255196.443344,2026-07-14
2016-05-13,sh.600869,远东股份,6.6766095,6.900135,6.939009,6.60858,15684616,110570026.0,0.792118,3.3479,1980085795.0,13662859297.082325,2026-07-14
2016-05-16,sh.600869,远东股份,6.9487275,7.250001,7.3374675,6.822387,20083472,148034027.0,1.014272,5.0704,1980087393.0,14355635579.337393,2026-07-14
2016-05-17,sh.600869,远东股份,7.230564,7.1042235,7.560993,7.094505,24812761,188309885.0,1.253115,-2.0107,1980086504.0,14066977073.749643,2026-07-14
2016-05-18,sh.600869,远东股份,7.016757,6.880698,7.0459125,6.783513,13953563,98740259.0,0.704695,-3.1464,1980085427.0,13624369837.388046,2026-07-14
2016-05-19,sh.600869,远东股份,6.8515425,7.5707115,7.5707115,6.8126685,55294350,423649712.0,2.792522,10.0282,1980086459.0,14990663326.145578,2026-07-14
2016-05-20,sh.600869,远东股份,7.891422,8.0371995,8.260725,7.7748,92055047,755726928.0,4.649041,6.1618,1980086796.0,15914352606.767801,2026-07-14
2016-05-23,sh.600869,远东股份,8.0177625,8.4065025,8.455095,7.8817035,67760299,570789984.0,3.422087,4.5949,1980086976.0,16645606113.961441,2026-07-14
2016-05-24,sh.600869,远东股份,8.2315695,8.1732585,8.396784,8.0760735,38806639,327350416.0,1.959845,-2.7746,1980087150.0,16183764129.478273,2026-07-14
2016-05-25,sh.600869,远东股份,8.2121325,8.0955105,8.2315695,7.930296,36506681,304174352.0,1.843691,-0.9512,1980086739.0,16029812986.485258,2026-07-14
2016-05-26,sh.600869,远东股份,8.0566365,8.027481,8.105229,7.7845185,33603336,273429728.0,1.697064,-0.8403,1980086549.0,15895107150.45307,2026-07-14
2016-05-27,sh.600869,远东股份,7.9788885,8.0177625,8.1343845,7.8622665,28294640,233057904.0,1.42896,-0.1211,1980086217.0,15875861017.429462,2026-07-14
2016-05-30,sh.600869,远东股份,7.9205775,7.891422,8.0371995,7.7262075,20145192,163933435.0,1.017389,-1.5758,1980087459.0,15625705735.8767,2026-07-14
2016-05-31,sh.600869,远东股份,8.0177625,8.241288,8.260725,7.9011405,34254660,285361952.0,1.729958,4.4335,1980086222.0,16318460820.333939,2026-07-14
2016-06-01,sh.600869,远东股份,8.2315695,8.5231245,8.649465,8.1343845,53091841,461916064.0,2.681289,3.4198,1980086481.0,16876523598.329884,2026-07-14
2016-06-02,sh.600869,远东股份,8.5814355,8.6591835,9.0090495,8.532843,47446381,426032960.0,2.396177,1.5963,1980086655.0,17145933691.54619,2026-07-14
2016-06-03,sh.600869,远东股份,8.6008725,8.6786205,9.115953,8.5036875,45590414,416302208.0,2.302445,0.2245,1980086994.0,17184423577.911774,2026-07-14
2016-06-06,sh.600869,远东股份,8.6980575,9.1256715,9.1839825,8.6980575,43774414,404292896.0,2.210732,5.1512,1980086867.0,18069622289.70619,2026-07-14
2016-06-07,sh.600869,远东股份,9.232575,9.5144115,9.6504705,9.232575,53230852,519084704.0,2.688309,4.2598,1980086813.0,18839360744.60555,2026-07-14
2016-06-08,sh.600869,远东股份,9.485256,9.3006045,9.6115965,9.018768,45395813,432729760.0,2.292617,-2.2472,1980087080.0,18416006806.639862,2026-07-14
2016-06-13,sh.600869,远东股份,9.1839825,8.7563685,9.349197,8.7174945,27703581,257883514.0,1.399109,-5.8516,1980087398.0,17338374919.094166,2026-07-14
2016-06-14,sh.600869,远东股份,8.74665,9.038205,9.057642,8.571717,23558176,213875254.0,1.189755,3.2186,1980086320.0,17896426077.8556,2026-07-14
2016-06-15,sh.600869,远东股份,8.863272,9.9420255,9.9420255,8.863272,60039880,600453376.0,3.032184,10.0,1980086960.0,19686075048.53748,2026-07-14
2016-06-16,sh.600869,远东股份,10.10724,10.9333125,10.9333125,10.10724,86781290,954984960.0,4.382701,9.9707,1980086937.0,21648909259.388813,2026-07-14
2016-06-17,sh.600869,远东股份,11.0499345,10.6806315,11.176275,10.359921,61737931,678530304.0,3.117941,-2.3111,1980086570.0,21148574992.268955,2026-07-14
2016-06-20,sh.600869,远东股份,10.69035,10.6223205,11.1471195,10.3890765,56750621,626812416.0,2.866067,-0.5459,1980087032.0,21033119071.797756,2026-07-14
2016-06-21,sh.600869,远东股份,10.7972535,10.2918915,10.8944385,10.184988,39971227,432203504.0,2.01866,-3.1107,1980087137.0,20378841974.549637,2026-07-14
2016-06-22,sh.600869,远东股份,10.3502025,10.6028835,10.632039,10.029492,40659448,431556240.0,2.053418,3.0217,1980086276.0,20994624104.376846,2026-07-14
2016-06-23,sh.600869,远东股份,10.437669,10.2530175,10.4473875,10.0586475,33271038,351019632.0,1.680282,-3.2997,1980086557.0,20301862120.43575,2026-07-14
2016-06-24,sh.600869,远东股份,10.10724,10.010055,10.3502025,9.3394785,34253415,353533008.0,1.729895,-2.3697,1980086364.0,19820773408.39002,2026-07-14
2016-06-27,sh.600869,远东股份,9.91287,10.2141435,10.340484,9.796248,29610970,307360944.0,1.495438,2.0388,1980086771.0,20224890421.44564,2026-07-14
2016-06-28,sh.600869,远东股份,10.068366,10.0975215,10.3502025,9.854559,31371735,325483552.0,1.584362,-1.1418,1980086306.0,19993964046.69058,2026-07-14
2016-06-29,sh.600869,远东股份,10.1558325,10.2918915,10.379358,10.068366,31166670,328414960.0,1.574005,1.9249,1980087103.0,20378841624.625324,2026-07-14
2016-06-30,sh.600869,远东股份,10.359921,10.010055,10.418232,9.951744,21453668,222000224.0,1.083471,-2.7384,1980086961.0,19820779384.392853,2026-07-14
2016-07-01,sh.600869,远东股份,10.0975215,9.91287,10.10724,9.8837145,14607838,149599377.0,0.737737,-0.9709,1980087484.0,19628349817.51908,2026-07-14
2016-07-04,sh.600869,远东股份,9.91287,10.048929,10.10724,9.815685,21212043,218737217.0,1.071268,1.3726,1980087429.0,19897757987.81354,2026-07-14
2016-07-05,sh.600869,远东股份,10.0586475,10.69035,10.7972535,9.951744,52386727,565064688.0,2.645678,6.383,1980087033.0,21167823413.231552,2026-07-14
2016-07-06,sh.600869,远东股份,10.573728,10.49598,10.7972535,10.359921,37552881,409640688.0,1.896527,-1.8182,1980086811.0,20782951566.51978,2026-07-14
2016-07-07,sh.600869,远东股份,10.398795,10.9138755,11.156838,10.3113285,47470868,527659952.0,2.397414,3.9815,1980086376.0,21610416186.910187,2026-07-14
2016-07-08,sh.600869,远东股份,10.845846,10.923594,11.448393,10.806972,38099366,437687312.0,1.924126,0.089,1980086855.0,21629664888.75687,2026-07-14
2016-07-11,sh.600869,远东股份,10.923594,11.1665565,11.4192375,10.7972535,32381903,372818192.0,1.635378,2.2242,1980086744.0,22110750501.77704,2026-07-14
2016-07-12,sh.600869,远东股份,11.2637415,10.69035,11.3609265,10.418232,39694490,438818624.0,2.004684,-4.2646,1980087136.0,21167824514.3376,2026-07-14
2016-07-13,sh.600869,远东股份,10.787535,10.5834465,10.845846,10.398795,25683331,277918992.0,1.297081,-1.0,1980086903.0,20956143803.25119,2026-07-14
2016-07-14,sh.600869,远东股份,10.6417575,10.5834465,10.7778165,10.4862615,15868394,173332917.0,0.801399,0.0,1980086574.0,20956140321.297295,2026-07-14
2016-07-15,sh.600869,远东股份,10.573728,10.5834465,10.7195055,10.2530175,22406742,241873289.0,1.131604,0.0,1980086850.0,20956143242.328526,2026-07-14
2016-07-18,sh.600869,远东股份,10.5640095,10.476543,10.632039,10.3502025,12708617,136797489.0,0.641821,-1.0101,1980087439.0,20744471198.443375,2026-07-14
2016-07-19,sh.600869,远东股份,10.3113285,10.3696395,10.4473875,10.282173,10900088,115977974.0,0.550485,-1.0204,1980088104.0,20532799816.71851,2026-07-14
2016-07-20,sh.600869,远东股份,10.379358,10.321047,10.4473875,10.3113285,10235646,109190958.0,0.516929,-0.4686,1980087401.0,20436575129.828846,2026-07-14
2016-07-21,sh.600869,远东股份,10.3307655,9.951744,10.4085135,9.815685,34424874,356663840.0,1.738554,-3.5782,1980086555.0,19705314493.20192,2026-07-14
2016-07-22,sh.600869,远东股份,9.91287,9.4949745,9.9225885,9.290886,43093924,422121504.0,2.176365,-4.5898,1980087164.0,18800877129.957317,2026-07-14
2016-07-25,sh.600869,远东股份,9.446382,9.5921595,9.699063,9.232575,26245036,255925955.0,1.325449,1.0235,1980086446.0,18993305013.820137,2026-07-14
2016-07-26,sh.600869,远东股份,9.601878,9.543567,9.601878,9.3783525,20532250,200210053.0,1.036937,-0.5066,1980086543.0,18897088588.91888,2026-07-14
2016-07-27,sh.600869,远东股份,9.5532855,8.979894,9.679626,8.843835,26282423,251622966.0,1.327337,-5.9063,1980086670.0,17780968407.41298,2026-07-14
2016-07-28,sh.600869,远东股份,9.038205,9.077079,9.193701,8.843835,16536755,153967552.0,0.835153,1.0823,1980086882.0,17973405054.777676,2026-07-14
2016-07-29,sh.600869,远东股份,9.0479235,9.0284865,9.1645455,8.902146,11665001,108726784.0,0.589116,-0.5353,1980085586.0,17877175982.04559,2026-07-14
2016-08-01,sh.600869,远东股份,8.94102,9.2811675,9.3783525,8.8924275,16691167,157550466.0,0.842951,2.7987,1980087455.0,18377523334.50371,2026-07-14
2016-08-02,sh.600869,远东股份,9.232575,9.388071,9.504693,9.232575,14925472,144575531.0,0.753779,1.1518,1980085940.0,18589187390.82174,2026-07-14
2016-08-03,sh.600869,远东股份,9.3394785,9.3200415,9.504693,9.2422935,12486937,120642032.0,0.630626,-0.7246,1980085978.0,18454483488.528088,2026-07-14
2016-08-04,sh.600869,远东股份,9.3200415,9.52413,9.601878,9.1839825,17238747,167350247.0,0.870606,2.1898,1980085940.0,18858595903.7322,2026-07-14
2016-08-05,sh.600869,远东股份,9.426945,9.388071,9.6115965,9.3783525,11906583,116431070.0,0.601316,-1.4286,1980087508.0,18589202111.31707,2026-07-14
2016-08-08,sh.600869,远东股份,9.3783525,9.349197,9.3783525,9.1645455,8408973,80142268.0,0.424677,-0.4141,1980086748.0,18512221084.141357,2026-07-14
2016-08-09,sh.600869,远东股份,9.3589155,9.4172265,9.4755375,9.3200415,7886038,76255607.0,0.398267,0.7276,1980088232.0,18646939370.728546,2026-07-14
2016-08-10,sh.600869,远东股份,9.4172265,9.4172265,9.4172265,9.4172265,0,0.0,0.0,0.0,1980088232.0,18646939370.728546,2026-07-14
2016-08-11,sh.600869,远东股份,10.359921,9.7087815,10.359921,9.52413,52624248,532542368.0,2.657674,3.096,1980086647.0,19224228606.79063,2026-07-14
2016-08-12,sh.600869,远东股份,9.5532855,9.8059665,10.087803,9.485256,42874821,434832752.0,2.1653,1.001,1980086870.0,19416665514.309856,2026-07-14
2016-08-15,sh.600869,远东股份,9.6699075,9.835122,9.9808995,9.426945,45456225,451641680.0,2.295668,0.2973,1980087060.0,19474397805.72132,2026-07-14
2016-08-16,sh.600869,远东股份,9.7185,9.679626,9.9031515,9.640752,33418371,335053840.0,1.687723,-1.581,1980086246.0,19166494309.024,2026-07-14
2016-08-17,sh.600869,远东股份,9.6893445,9.563004,9.7185,9.446382,25713220,252913058.0,1.298591,-1.2048,1980086109.0,18935571380.711433,2026-07-14
2016-08-18,sh.600869,远东股份,9.5727225,9.4172265,9.5727225,9.407508,19725815,191932248.0,0.99621,-1.5244,1980086026.0,18646918596.32689,2026-07-14
2016-08-19,sh.600869,远东股份,9.4366635,9.407508,9.52413,9.388071,12738958,123735928.0,0.643354,-0.1032,1980085303.0,18627668328.654922,2026-07-14
2016-08-22,sh.600869,远东股份,9.32976,9.115953,9.407508,9.096516,19776415,187883831.0,0.998765,-3.0992,1980086907.0,18050379180.12737,2026-07-14
2016-08-23,sh.600869,远东股份,9.038205,9.1645455,9.213138,9.038205,10103563,95138710.0,0.510259,0.5331,1980085212.0,18146581019.251144,2026-07-14
2016-08-24,sh.600869,远东股份,9.1451085,9.1645455,9.213138,9.096516,7165045,67555912.0,0.361855,0.0,1980087328.0,18146600411.42942,2026-07-14
2016-08-25,sh.600869,远东股份,9.13539,9.057642,9.1451085,8.9896125,8591091,79859309.0,0.433874,-1.1665,1980088920.0,17934936565.526638,2026-07-14
2016-08-26,sh.600869,远东股份,9.0284865,9.154827,9.2422935,9.0284865,9699311,91443524.0,0.489843,1.073,1980085660.0,18127341662.48082,2026-07-14
2016-08-29,sh.600869,远东股份,9.193701,9.154827,9.271449,9.115953,8268792,78204477.0,0.417597,0.0,1980088937.0,18127371662.848896,2026-07-14
2016-08-30,sh.600869,远东股份,9.193701,9.1451085,9.2034195,9.115953,6048656,56941532.0,0.305474,-0.1062,1980088649.0,18108125534.723415,2026-07-14
2016-08-31,sh.600869,远东股份,9.154827,9.096516,9.154827,9.0479235,6151652,57499519.0,0.310676,-0.5314,1980086006.0,18011884034.955093,2026-07-14
2016-09-01,sh.600869,远东股份,9.096516,9.057642,9.1256715,9.057642,5973102,55831562.0,0.301659,-0.4274,1980084135.0,17934893224.709667,2026-07-14
2016-09-02,sh.600869,远东股份,9.0284865,8.979894,9.0867975,8.8924275,7876987,73058429.0,0.39781,-0.8584,1980087730.0,17780977926.10062,2026-07-14
2016-09-05,sh.600869,远东股份,8.979894,9.057642,9.13539,8.979894,6110641,57084950.0,0.308605,0.8658,1980084898.0,17934900135.690514,2026-07-14
2016-09-06,sh.600869,远东股份,9.038205,9.290886,9.3006045,9.018768,16245235,153974913.0,0.82043,2.575115,1980087881.0,18396770772.352566,2026-07-14
2016-09-07,sh.600869,远东股份,9.407508,9.582441,9.91287,9.407508,34867289,347656128.0,1.760897,3.138067,1980086797.0,18974064907.131477,2026-07-14
2016-09-08,sh.600869,远东股份,9.52413,9.504693,9.621315,9.4366635,14238599,139156477.0,0.71909,-0.811358,1980085803.0,18820107671.173477,2026-07-14
2016-09-09,sh.600869,远东股份,9.52413,9.3394785,9.6115965,9.32976,16639159,161259689.0,0.840325,-1.738242,1980086157.0,18492972091.449123,2026-07-14
2016-09-12,sh.600869,远东股份,9.213138,8.9701755,9.213138,8.902146,15239564,141954152.0,0.769641,-3.954216,1980087339.0,17761730936.157993,2026-07-14
2016-09-13,sh.600869,远东股份,9.038205,9.0479235,9.0867975,8.94102,10367187,96018405.0,0.523572,0.866749,1980088125.0,17915685878.25844,2026-07-14
2016-09-14,sh.600869,远东股份,8.9896125,8.9507385,8.999331,8.8924275,8010789,73662666.0,0.404568,-1.074118,1980084683.0,17723220205.388397,2026-07-14
2016-09-19,sh.600869,远东股份,8.94102,9.018768,9.077079,8.94102,7875033,73035343.0,0.397712,0.76004,1980084332.0,17857921210.742977,2026-07-14
2016-09-20,sh.600869,远东股份,9.0479235,8.9701755,9.0673605,8.94102,6647602,61352102.0,0.335723,-0.538795,1980085368.0,17761713255.942085,2026-07-14
2016-09-21,sh.600869,远东股份,8.979894,8.979894,9.018768,8.94102,4962660,45811744.0,0.250628,0.108345,1980090014.0,17780998436.178516,2026-07-14
2016-09-22,sh.600869,远东股份,9.038205,8.999331,9.077079,8.9701755,7834993,72692929.0,0.395689,0.216455,1980088655.0,17819473215.689804,2026-07-14
2016-09-23,sh.600869,远东股份,8.999331,8.8924275,8.999331,8.843835,8531906,78295419.0,0.430885,-1.187912,1980088887.0,17607796871.203194,2026-07-14
2016-09-26,sh.600869,远东股份,8.8535535,8.649465,8.9313015,8.630028,10012100,90324824.0,0.505639,-2.732241,1980088561.0,17126706705.269863,2026-07-14
2016-09-27,sh.600869,远东股份,8.6008725,8.688339,8.7174945,8.5619985,6250918,55659686.0,0.315689,0.449438,1980087364.0,17203670268.048393,2026-07-14
2016-09-28,sh.600869,远东股份,8.688339,8.610591,8.7174945,8.5814355,5928900,52708166.0,0.299426,-0.894854,1980088569.0,17049732811.434278,2026-07-14
2016-09-29,sh.600869,远东股份,8.630028,8.6008725,8.6591835,8.591154,4469148,39651343.0,0.225705,-0.112859,1980083738.0,17030447769.861404,2026-07-14
2016-09-30,sh.600869,远东股份,8.630028,8.6008725,8.649465,8.571717,4843718,42866883.0,0.244622,0.0,1980082740.0,17030439186.190649,2026-07-14
2016-10-10,sh.600869,远东股份,8.591154,8.7952425,8.7952425,8.5814355,7400524,66202987.0,0.373747,2.259885,1980089205.0,17415364729.607212,2026-07-14
2016-10-11,sh.600869,远东股份,8.804961,8.804961,8.843835,8.74665,7194805,65075016.0,0.363358,0.1105,1980087132.0,17434589973.861855,2026-07-14
2016-10-12,sh.600869,远东股份,8.7952425,8.74665,8.7952425,8.6591835,5905223,52988533.0,0.298231,-0.662256,1980083559.0,17319097861.32735,2026-07-14
2016-10-13,sh.600869,远东股份,8.7563685,8.727213,8.8341165,8.6786205,6423047,57773909.0,0.324382,-0.222227,1980087366.0,17280644201.69096,2026-07-14
2016-10-14,sh.600869,远东股份,8.6786205,8.688339,8.6980575,8.591154,6983862,62139821.0,0.352705,-0.445434,1980085907.0,17203657609.13847,2026-07-14
2016-10-17,sh.600869,远东股份,8.688339,8.5619985,8.727213,8.5036875,9441951,83811945.0,0.476845,-1.454129,1980088079.0,16953511162.26588,2026-07-14
2016-10-18,sh.600869,远东股份,8.55228,8.824398,8.882709,8.532843,19882319,179558398.0,1.004114,3.064693,1980085827.0,17473065411.607147,2026-07-14
2016-10-19,sh.600869,远东股份,8.8341165,8.7563685,8.863272,8.727213,8558039,77161019.0,0.432205,-0.770922,1980087921.0,17338379498.67489,2026-07-14
2016-10-20,sh.600869,远东股份,8.74665,8.7174945,8.766087,8.610591,8765696,78287724.0,0.442693,-0.443951,1980084618.0,17261376766.949604,2026-07-14
2016-10-21,sh.600869,远东股份,8.707776,8.6591835,8.727213,8.6203095,5959680,53115105.0,0.300981,-0.668901,1980085122.0,17145920417.017885,2026-07-14
2016-10-24,sh.600869,远东股份,8.649465,8.6980575,8.7369315,8.649465,8938862,79994282.0,0.451438,0.448933,1980086302.0,17222904509.758366,2026-07-14
2016-10-25,sh.600869,远东股份,8.6980575,8.7758055,8.824398,8.6980575,8357412,75384211.0,0.422073,0.893854,1980086857.0,17376857130.138313,2026-07-14
2016-10-26,sh.600869,远东股份,8.7758055,8.6980575,8.7758055,8.668902,6655754,59612659.0,0.336134,-0.885935,1980089488.0,17222932221.76956,2026-07-14
2016-10-27,sh.600869,远东股份,8.6980575,8.668902,8.6980575,8.630028,5588261,49720140.0,0.282223,-0.335193,1980087023.0,17165180353.858744,2026-07-14
2016-10-28,sh.600869,远东股份,8.649465,8.6397465,8.707776,8.630028,4739540,42211099.0,0.23936,-0.33632,1980088570.0,17107463292.347504,2026-07-14
2016-10-31,sh.600869,远东股份,8.6397465,8.55228,8.649465,8.5036875,8492081,74580095.0,0.428874,-1.012375,1980087625.0,16934263793.535,2026-07-14
2016-11-01,sh.600869,远东股份,8.55228,8.5814355,8.6203095,8.5036875,9446258,83091353.0,0.477063,0.340906,1980086068.0,16991980876.990614,2026-07-14
2016-11-02,sh.600869,远东股份,8.55228,8.416221,8.571717,8.416221,10434536,91117105.0,0.526974,-1.925256,1980085545.0,16664837545.625444,2026-07-14
2016-11-03,sh.600869,远东股份,8.377347,8.377347,8.416221,8.2510065,15403584,132077387.0,0.777925,-0.461893,1980085998.0,16587867495.087307,2026-07-14
2016-11-04,sh.600869,远东股份,8.3676285,8.299599,8.396784,8.280162,9512946,81530928.0,0.480431,-0.928073,1980085798.0,16433918108.995003,2026-07-14
2016-11-07,sh.600869,远东股份,8.319036,8.35791,8.377347,8.280162,8763238,74932260.0,0.442568,0.702581,1980088484.0,16549401341.308441,2026-07-14
2016-11-08,sh.600869,远东股份,8.3870655,8.4259395,8.5036875,8.3870655,8363152,72637724.0,0.422363,0.81395,1980086324.0,16684087570.801397,2026-07-14
2016-11-09,sh.600869,远东股份,8.435658,8.2704435,8.4648135,8.202414,9818967,83921363.0,0.495886,-1.845442,1980085544.0,16376185616.818766,2026-07-14
2016-11-10,sh.600869,远东股份,8.35791,8.299599,8.377347,8.260725,14790928,126124800.0,0.746984,0.352523,1980086320.0,16433922441.385681,2026-07-14
2016-11-11,sh.600869,远东股份,8.3093175,8.2704435,8.3093175,8.221851,12750515,108240351.0,0.643937,-0.351285,1980087338.0,16376200453.994404,2026-07-14
2016-11-14,sh.600869,远东股份,8.2704435,8.3093175,8.377347,8.2510065,14577289,124563728.0,0.736194,0.470035,1980087993.0,16453179811.774778,2026-07-14
2016-11-15,sh.600869,远东股份,8.3287545,8.4065025,8.416221,8.299599,13398781,115076493.0,0.676676,1.169584,1980088107.0,16645615621.715769,2026-07-14
2016-11-16,sh.600869,远东股份,8.4259395,8.3870655,8.435658,8.35791,9997270,86237152.0,0.504891,-0.231208,1980084810.0,16607100997.025055,2026-07-14
2016-11-17,sh.600869,远东股份,8.396784,8.338473,8.396784,8.2898805,8751695,74961043.0,0.441985,-0.579376,1980088691.0,16510916087.508844,2026-07-14
2016-11-18,sh.600869,远东股份,8.2704435,8.241288,8.299599,8.2121325,13538207,114841900.0,0.683718,-1.165506,1980086381.0,16318462130.69873,2026-07-14
2016-11-21,sh.600869,远东股份,8.221851,8.2121325,8.2704435,8.16354,9715956,82142869.0,0.490683,-0.35377,1980088163.0,16260746356.237597,2026-07-14
2016-11-22,sh.600869,远东股份,8.221851,8.2704435,8.2704435,8.1926955,10617798,89874931.0,0.536229,0.710064,1980086493.0,16376193465.469646,2026-07-14
2016-11-23,sh.600869,远东股份,8.2704435,8.221851,8.2704435,8.202414,10569613,89517951.0,0.533795,-0.587546,1980088423.0,16279991980.73097,2026-07-14
2016-11-24,sh.600869,远东股份,8.2315695,8.260725,8.2704435,8.1732585,9451001,79860461.0,0.477302,0.472813,1980088288.0,16356964822.888802,2026-07-14
2016-11-25,sh.600869,远东股份,8.2704435,8.2510065,8.2704435,8.144103,8447108,71456585.0,0.426603,-0.11765,1980086404.0,16337705789.965628,2026-07-14
2016-11-28,sh.600869,远东股份,8.2704435,8.2121325,8.280162,8.202414,9026505,76304732.0,0.455864,-0.471142,1980087263.0,16260738965.318346,2026-07-14
2016-11-29,sh.600869,远东股份,8.2121325,8.1538215,8.2121325,8.144103,10487457,88119741.0,0.529646,-0.710053,1980088021.0,16145284277.522251,2026-07-14
2016-11-30,sh.600869,远东股份,8.2121325,8.5231245,8.727213,8.202414,43326224,378004256.0,2.188097,4.529203,1980086989.0,16876527928.07713,2026-07-14
2016-12-01,sh.600869,远东股份,8.532843,8.377347,8.5425615,8.35791,22526908,194542263.0,1.137673,-1.710383,1980086369.0,16587870603.083044,2026-07-14
2016-12-02,sh.600869,远东股份,8.4065025,8.2704435,8.5036875,8.221851,18530918,158996853.0,0.935864,-1.276098,1980086637.0,16376194656.413511,2026-07-14
2016-12-05,sh.600869,远东股份,8.202414,7.988607,8.202414,7.891422,22732559,187668262.0,1.148059,-3.407755,1980086302.0,15818131292.761314,2026-07-14
2016-12-06,sh.600869,远东股份,7.988607,7.9594515,8.046918,7.891422,9504419,77751886.0,0.48,-0.364972,1980087292.0,15760408766.440338,2026-07-14
2016-12-07,sh.600869,远东股份,7.9594515,8.0566365,8.085792,7.910859,9543733,78555092.0,0.481986,1.221006,1980085106.0,15952825938.105968,2026-07-14
2016-12-08,sh.600869,远东股份,8.0955105,8.0177625,8.124666,7.988607,7446584,61489218.0,0.376074,-0.482509,1980084771.0,15875849423.744886,2026-07-14
2016-12-09,sh.600869,远东股份,7.9983255,7.9594515,8.027481,7.9400145,6027439,49391591.0,0.304403,-0.727278,1980085282.0,15760392767.942823,2026-07-14
2016-12-12,sh.600869,远东股份,7.988607,7.463808,8.027481,7.4346525,16442440,130779459.0,0.83039,-6.227104,1980086465.0,14778985198.15872,2026-07-14
2016-12-13,sh.600869,远东股份,7.502682,7.5318375,7.5707115,7.2208455,13344470,101134038.0,0.673934,0.911461,1980085587.0,14913682877.376112,2026-07-14
2016-12-14,sh.600869,远东股份,7.4540895,7.4540895,7.4929635,7.347186,7895638,60315572.0,0.398752,-1.032257,1980087373.0,14759748496.161884,2026-07-14
2016-12-15,sh.600869,远东股份,7.4346525,7.5512745,7.58043,7.3957785,8352872,64621973.0,0.421844,1.30378,1980085529.0,14952169362.95671,2026-07-14
2016-12-16,sh.600869,远东股份,7.560993,7.599867,7.638741,7.502682,5094957,39764684.0,0.25731,0.643503,1980085111.0,15048383492.280237,2026-07-14
2016-12-19,sh.600869,远东股份,7.599867,7.541556,7.599867,7.4540895,6859796,53122075.0,0.346439,-0.767263,1980087692.0,14932942214.128752,2026-07-14
2016-12-20,sh.600869,远东股份,7.5124005,7.463808,7.522119,7.4540895,4275511,32892687.0,0.215925,-1.030933,1980090772.0,14779017344.779776,2026-07-14
2016-12-21,sh.600869,远东股份,7.4735265,7.5124005,7.522119,7.4735265,4035166,31149784.0,0.203787,0.651044,1980089996.0,14875229075.995398,2026-07-14
2016-12-22,sh.600869,远东股份,7.5124005,7.5707115,7.58043,7.4735265,5552732,43026429.0,0.280429,0.776196,1980084799.0,14990650758.764488,2026-07-14
2016-12-23,sh.600869,远东股份,7.5318375,7.483245,7.5512745,7.4735265,4406638,33986207.0,0.222548,-1.155329,1980084296.0,14817455907.62052,2026-07-14
2016-12-26,sh.600869,远东股份,7.4735265,7.5707115,7.58043,7.38606,5232255,40285477.0,0.264244,1.168833,1980084694.0,14990649963.83978,2026-07-14
2016-12-27,sh.600869,远东股份,7.541556,7.5512745,7.5901485,7.5124005,3390524,26318888.0,0.171231,-0.256739,1980087718.0,14952185892.69659,2026-07-14
2016-12-28,sh.600869,远东股份,7.5512745,7.522119,7.5901485,7.5124005,3320100,25789907.0,0.167674,-0.386103,1980092322.0,14894490077.070318,2026-07-14
2016-12-29,sh.600869,远东股份,7.522119,7.4929635,7.5318375,7.4929635,3001514,23185439.0,0.151585,-0.387593,1980086420.0,14836715271.90567,2026-07-14
2016-12-30,sh.600869,远东股份,7.4929635,7.522119,7.5512745,7.483245,3162356,24439358.0,0.159708,0.389102,1980086157.0,14894443703.206682,2026-07-14
2017-01-03,sh.600869,远东股份,7.541556,7.5318375,7.5707115,7.4929635,3889100,30118520.0,0.196411,0.129202,1980082582.0,14913660244.204426,2026-07-14
2017-01-04,sh.600869,远东股份,7.541556,7.7067705,7.7650815,7.522119,15673343,123655839.0,0.791548,2.322578,1980087499.0,15260079924.71198,2026-07-14
2017-01-05,sh.600869,远东股份,7.716489,7.6484595,7.716489,7.599867,8357971,65685037.0,0.422101,-0.75662,1980087941.0,15144622423.17689,2026-07-14
2017-01-06,sh.600869,远东股份,7.6484595,7.5707115,7.6484595,7.560993,5685622,44331259.0,0.28714,-1.016517,1980087066.0,14990667921.56746,2026-07-14
2017-01-09,sh.600869,远东股份,7.5318375,7.599867,7.599867,7.5124005,5041894,39231925.0,0.25463,0.385112,1980086400.0,15048393288.508799,2026-07-14
2017-01-10,sh.600869,远东股份,8.066355,8.0177625,8.260725,7.988607,60839310,506829664.0,3.072558,5.498719,1980086625.0,15875864288.676561,2026-07-14
2017-01-11,sh.600869,远东股份,7.7845185,7.8428295,7.9788885,7.7845185,22018464,177922797.0,1.111995,-2.181822,1980086601.0,15529481606.87753,2026-07-14
2017-01-12,sh.600869,远东股份,7.794237,7.6290225,7.8428295,7.619304,14674492,116216318.0,0.718694,-2.726144,2041827537.0,15577148220.892582,2026-07-14
2017-01-13,sh.600869,远东股份,7.599867,7.6095855,7.6290225,7.5318375,9350041,72779842.0,0.457925,-0.254777,2041828029.0,15537464962.97198,2026-07-14
2017-01-16,sh.600869,远东股份,7.599867,7.405497,7.599867,7.016757,10269648,78647219.0,0.502963,-2.681993,2041829717.0,15120763843.75435,2026-07-14
2017-01-17,sh.600869,远东股份,7.38606,7.38606,7.424934,7.2985935,5884601,44534780.0,0.288203,-0.262467,2041825033.0,15081042203.239979,2026-07-14
2017-01-18,sh.600869,远东股份,7.38606,7.327749,7.3957785,7.308312,4174136,31528396.0,0.204431,-0.789473,2041831229.0,14962026746.47352,2026-07-14
2017-01-19,sh.600869,远东股份,7.3374675,7.3180305,7.3569045,7.288875,3333900,25107990.0,0.16328,-0.132623,2041829985.0,14942174106.044542,2026-07-14
2017-01-20,sh.600869,远东股份,7.327749,7.3763415,7.405497,7.2985935,4030828,30562791.0,0.197413,0.796812,2041825006.0,15061198527.495548,2026-07-14
2017-01-23,sh.600869,远东股份,7.38606,7.463808,7.502682,7.3763415,4154060,31879928.0,0.203448,1.185766,2041828870.0,15239818654.53696,2026-07-14
2017-01-24,sh.600869,远东股份,7.483245,7.4929635,7.541556,7.444371,4991092,38445976.0,0.244442,0.390628,2041830782.0,15299363522.702457,2026-07-14
2017-01-25,sh.600869,远东股份,7.522119,7.522119,7.5318375,7.483245,3844285,29739857.0,0.188277,0.389102,2041824015.0,15358843217.887785,2026-07-14
2017-01-26,sh.600869,远东股份,7.541556,7.6095855,7.658178,7.522119,5000021,39161596.0,0.24488,1.162793,2041824975.0,15537441723.297861,2026-07-14
2017-02-03,sh.600869,远东股份,7.58043,7.502682,7.6095855,7.4929635,3795775,29395285.0,0.185901,-1.404855,2041826026.0,15319171372.401731,2026-07-14
2017-02-06,sh.600869,远东股份,7.5124005,7.541556,7.541556,7.4929635,3079465,23824994.0,0.150819,0.51814,2041828284.0,15398562346.169905,2026-07-14
2017-02-07,sh.600869,远东股份,7.5318375,7.560993,7.599867,7.5124005,4063531,31533031.0,0.199014,0.257732,2041831730.0,15438275417.70789,2026-07-14
2017-02-08,sh.600869,远东股份,7.560993,7.5707115,7.58043,7.502682,4309036,33439306.0,0.211038,0.128531,2041829434.0,15458101577.022291,2026-07-14
2017-02-09,sh.600869,远东股份,7.5707115,7.6484595,7.6678965,7.5707115,7179001,56313512.0,0.351597,1.026957,2041826580.0,15616827903.153511,2026-07-14
2017-02-10,sh.600869,远东股份,7.6678965,7.599867,7.677615,7.599867,5510418,43175434.0,0.269877,-0.63532,2041825721.0,15517603916.779106,2026-07-14
2017-02-13,sh.600869,远东股份,7.560993,7.6290225,7.6290225,7.560993,4930402,38608395.0,0.24147,0.383628,2041827970.0,15577151524.259325,2026-07-14
2017-02-14,sh.600869,远东股份,7.599867,7.5901485,7.6290225,7.58043,4606635,36001712.0,0.225613,-0.509554,2041830480.0,15497796555.02628,2026-07-14
2017-02-15,sh.600869,远东股份,7.5901485,7.5124005,7.619304,7.502682,5914390,46064764.0,0.289661,-1.024327,2041831658.0,15339057168.475029,2026-07-14
2017-02-16,sh.600869,远东股份,7.502682,7.5318375,7.5707115,7.502682,4913700,38105990.0,0.240652,0.258732,2041828034.0,15378716955.032475,2026-07-14
2017-02-17,sh.600869,远东股份,7.5512745,7.638741,7.7456445,7.541556,13045796,102762891.0,0.638927,1.419357,2041828879.0,15597001973.001339,2026-07-14
2017-02-20,sh.600869,远东股份,7.7650815,7.697052,7.8817035,7.6873335,13721664,109476494.0,0.672028,0.763358,2041829209.0,15716065596.791868,2026-07-14
2017-02-21,sh.600869,远东股份,7.7262075,7.697052,7.735926,7.6484595,6538895,51661040.0,0.320247,0.0,2041828651.0,15716061301.836853,2026-07-14
2017-02-22,sh.600869,远东股份,7.7067705,7.852548,7.8622665,7.677615,12674562,101209421.0,0.620746,2.0202,2041827414.0,16033547776.150871,2026-07-14
2017-02-23,sh.600869,远东股份,7.833111,7.852548,7.891422,7.7748,11232731,90550776.0,0.550131,0.0,2041828401.0,16033555526.615747,2026-07-14
2017-02-24,sh.600869,远东股份,7.8622665,7.8039555,7.8622665,7.7845185,6577644,52824025.0,0.322145,-0.618814,2041827128.0,15934328045.604803,2026-07-14
2017-02-27,sh.600869,远东股份,7.813674,7.677615,7.833111,7.677615,8079838,64367851.0,0.395716,-1.618924,2041827472.0,15676365226.439281,2026-07-14
2017-02-28,sh.600869,远东股份,7.658178,7.7067705,7.7067705,7.6484595,4577392,36157717.0,0.224181,0.379744,2041828701.0,15735905198.92012,2026-07-14
2017-03-01,sh.600869,远东股份,7.677615,7.697052,7.716489,7.6678965,5240656,41457517.0,0.256665,-0.1261,2041827285.0,15716050787.66382,2026-07-14
2017-03-02,sh.600869,远东股份,7.697052,7.6484595,7.716489,7.638741,5347874,42205868.0,0.261916,-0.631316,2041827914.0,15616838106.198484,2026-07-14
2017-03-03,sh.600869,远东股份,7.658178,7.813674,7.9205775,7.599867,16277738,130670797.0,0.797214,2.160103,2041827916.0,15954177699.723383,2026-07-14
2017-03-06,sh.600869,远东股份,7.8233925,7.8428295,7.910859,7.8039555,10210544,82432288.0,0.500069,0.373131,2041827028.0,16013701249.095726,2026-07-14
2017-03-07,sh.600869,远东股份,7.8428295,7.8039555,7.8428295,7.7748,6768105,54328188.0,0.331473,-0.495663,2041826936.0,15934326547.245348,2026-07-14
2017-03-08,sh.600869,远东股份,7.8039555,7.7845185,7.8233925,7.755363,4794542,38365150.0,0.234816,-0.24906,2041829347.0,15894658325.564419,2026-07-14
2017-03-09,sh.600869,远东股份,7.7845185,7.7845185,7.891422,7.735926,9533422,76704854.0,0.466906,0.0,2041828976.0,15894655437.508057,2026-07-14
2017-03-10,sh.600869,远东股份,7.813674,8.0371995,8.066355,7.7748,32171367,263742101.0,1.575616,3.245945,2041827895.0,16410578136.780052,2026-07-14
2017-03-13,sh.600869,远东股份,8.105229,8.280162,8.668902,8.105229,63185681,543232608.0,3.094564,3.022974,2041828219.0,16906668429.49148,2026-07-14
2017-03-14,sh.600869,远东股份,8.2121325,8.2510065,8.396784,8.1732585,22951174,194736790.0,1.12405,-0.352121,2041828566.0,16847140769.951681,2026-07-14
2017-03-15,sh.600869,远东股份,8.2121325,8.16354,8.2704435,8.124666,12283526,103309937.0,0.601595,-1.060073,2041826478.0,16668532126.212118,2026-07-14
2017-03-16,sh.600869,远东股份,8.144103,8.202414,8.2704435,8.144103,11188052,94507141.0,0.547943,0.47619,2041827708.0,16747916177.68711,2026-07-14
2017-03-17,sh.600869,远东股份,8.221851,8.124666,8.221851,8.105229,12555539,105213286.0,0.614917,-0.947866,2041826621.0,16589159325.533585,2026-07-14
2017-03-20,sh.600869,远东股份,8.085792,8.027481,8.1538215,7.96917,10477221,86559105.0,0.513129,-1.196165,2041829832.0,16390750181.613192,2026-07-14
2017-03-21,sh.600869,远东股份,8.027481,7.9983255,8.027481,7.9400145,7436434,61052925.0,0.364205,-0.363204,2041826444.0,16331192513.619522,2026-07-14
2017-03-22,sh.600869,远东股份,7.9594515,7.9594515,7.9983255,7.910859,7659138,62607924.0,0.375112,-0.486026,2041826974.0,16251822770.944761,2026-07-14
2017-03-23,sh.600869,远东股份,7.9788885,7.930296,8.0371995,7.871985,10061634,82411574.0,0.492776,-0.366297,2041827118.0,16192293426.566929,2026-07-14
2017-03-24,sh.600869,远东股份,7.930296,7.9594515,7.96917,7.852548,7994715,64971643.0,0.391547,0.367644,2041827673.0,16251828334.60136,2026-07-14
2017-03-27,sh.600869,远东股份,7.9594515,8.046918,8.144103,7.930296,10326128,85598679.0,0.50573,1.098903,2041826271.0,16430408572.982777,2026-07-14
2017-03-28,sh.600869,远东股份,8.0566365,8.046918,8.0566365,7.9788885,5797281,47758418.0,0.283926,0.0,2041828152.0,16430423709.235535,2026-07-14
2017-03-29,sh.600869,远东股份,8.046918,7.9011405,8.046918,7.8817035,7694345,62824879.0,0.376836,-1.81159,2041828541.0,16132774179.351011,2026-07-14
2017-03-30,sh.600869,远东股份,7.9011405,7.638741,7.9400145,7.599867,11519901,91681410.0,0.564195,-3.321033,2041829687.0,15597008145.104067,2026-07-14
2017-03-31,sh.600869,远东股份,7.658178,7.6290225,7.7067705,7.58043,5712534,44904374.0,0.279775,-0.127229,2041831472.0,15577178241.096119,2026-07-14
2017-04-05,sh.600869,远东股份,8.3870655,8.046918,8.3870655,7.930296,39678206,333326368.0,1.943269,5.477705,2041827765.0,16430420595.07827,2026-07-14
2017-04-06,sh.600869,远东股份,7.9594515,7.9205775,7.9594515,7.794237,20550163,166181543.0,1.006459,-1.57005,2041828132.0,16172457961.18623,2026-07-14
2017-04-07,sh.600869,远东股份,7.9205775,7.8428295,7.930296,7.813674,9049387,73036118.0,0.4432,-0.981594,2041829197.0,16013718260.192911,2026-07-14
2017-04-10,sh.600869,远东股份,7.833111,7.755363,7.8428295,7.677615,10965586,87575364.0,0.537047,-1.115238,2041829858.0,15835131733.028454,2026-07-14
2017-04-11,sh.600869,远东股份,7.697052,7.852548,7.8622665,7.6873335,10037691,80652616.0,0.491603,1.253132,2041828671.0,16033557646.803707,2026-07-14
2017-04-12,sh.600869,远东股份,7.891422,7.735926,7.891422,7.716489,8702596,69593085.0,0.426216,-1.485147,2041827618.0,15795427357.604269,2026-07-14
2017-04-13,sh.600869,远东股份,7.716489,7.8039555,7.8622665,7.677615,6985786,55973116.0,0.342134,0.879393,2041827471.0,15934330722.36154,2026-07-14
2017-04-14,sh.600869,远东股份,7.852548,7.58043,7.852548,7.5707115,9016355,71334626.0,0.441582,-2.864253,2041830283.0,15477951532.16169,2026-07-14
2017-04-17,sh.600869,远东股份,7.5901485,7.4346525,7.6095855,7.424934,8405212,64908388.0,0.411651,-1.923078,2041829608.0,15180293599.691221,2026-07-14
2017-04-18,sh.600869,远东股份,7.463808,7.444371,7.5318375,7.4152155,4815585,36962188.0,0.235847,0.130716,2041825845.0,15200109107.568495,2026-07-14
2017-04-19,sh.600869,远东股份,7.444371,7.347186,7.444371,7.288875,5761704,43502295.0,0.282184,-1.305482,2041825192.0,15001669465.10971,2026-07-14
2017-04-20,sh.600869,远东股份,7.38606,7.463808,7.4929635,7.327749,5407388,41149548.0,0.264831,1.5873,2041825919.0,15239796628.839552,2026-07-14
2017-04-21,sh.600869,远东股份,7.444371,7.424934,7.483245,7.3957785,3083800,23583260.0,0.151031,-0.520833,2041832471.0,15160471336.231915,2026-07-14
2017-04-24,sh.600869,远东股份,7.424934,7.1819715,7.424934,7.133379,4467200,33196467.0,0.218784,-3.272251,2041831213.0,14664373579.57643,2026-07-14
2017-04-25,sh.600869,远东股份,7.1819715,7.1819715,7.230564,7.152816,3062900,22667502.0,0.150008,0.0,2041824436.0,14664324907.355576,2026-07-14
2017-04-26,sh.600869,远东股份,7.2208455,7.172253,7.230564,7.152816,3045000,22546426.0,0.149131,-0.135315,2041828996.0,14644514142.047989,2026-07-14
2017-04-27,sh.600869,远东股份,7.1625345,7.113942,7.1625345,6.8904165,7569506,54602579.0,0.370722,-0.813007,2041828108.0,14525446734.281736,2026-07-14
2017-04-28,sh.600869,远东股份,6.900135,6.99732,7.0264755,6.900135,6487401,46483109.0,0.317725,-1.639349,2041828940.0,14287330478.4408,2026-07-14
2017-05-02,sh.600869,远东股份,6.977883,6.958446,6.99732,6.9292905,3092589,22137245.0,0.151462,-0.555555,2041825012.0,14207929087.451353,2026-07-14
2017-05-03,sh.600869,远东股份,6.958446,6.939009,6.977883,6.919572,3161955,22585032.0,0.154859,-0.279329,2041828373.0,14168265456.702358,2026-07-14
2017-05-04,sh.600869,远东股份,6.977883,6.939009,6.9876015,6.9098535,3026000,21624714.0,0.148201,0.0,2041821580.0,14168218320.014221,2026-07-14
2017-05-05,sh.600869,远东股份,6.919572,6.8321055,6.939009,6.80295,4962684,35004346.0,0.243051,-1.540612,2041828258.0,13949986071.537218,2026-07-14
2017-05-08,sh.600869,远东股份,6.80295,6.6182985,6.8321055,6.6182985,4826909,33283430.0,0.236401,-3.129449,2041831041.0,13513447315.903738,2026-07-14
2017-05-09,sh.600869,远东股份,6.5599875,6.647454,6.6571725,6.550269,3409330,23189864.0,0.166974,0.440532,2041832860.0,13572990012.538439,2026-07-14
2017-05-10,sh.600869,远东股份,6.666891,6.60858,6.725202,6.589143,3316100,22748722.0,0.162408,-0.584795,2041832915.0,13493616165.4107,2026-07-14
2017-05-11,sh.600869,远东股份,6.6182985,6.5794245,6.6182985,6.2489955,6219868,41295392.0,0.304623,-0.44118,2041824813.0,13434032199.360119,2026-07-14
2017-05-12,sh.600869,远东股份,6.569706,6.5599875,6.569706,6.4044915,4252479,28391626.0,0.208268,-0.295421,2041830238.0,13394380838.402025,2026-07-14
2017-05-15,sh.600869,远东股份,6.628017,6.589143,6.7349205,6.5794245,3853500,26373722.0,0.188728,0.444448,2041827392.0,13453892667.205055,2026-07-14
2017-05-16,sh.600869,远东股份,6.550269,6.6571725,6.666891,6.4628025,3073219,20758919.0,0.150513,1.032444,2041829609.0,13592811922.720552,2026-07-14
2017-05-17,sh.600869,远东股份,6.744639,6.80295,6.861261,6.705765,7742018,54099386.0,0.379171,2.189782,2041827566.0,13890450840.1197,2026-07-14
2017-05-18,sh.600869,远东股份,6.764076,6.6571725,6.764076,6.60858,5347466,36805718.0,0.261896,-2.142859,2041828054.0,13592801570.817314,2026-07-14
2017-05-19,sh.600869,远东股份,6.666891,6.8904165,6.900135,6.647454,10436843,73026627.0,0.511152,3.503654,2041827676.0,14069043108.867054,2026-07-14
2017-05-22,sh.600869,远东股份,6.861261,7.1236605,7.269438,6.725202,9490904,67464775.0,0.464824,3.385046,2041827444.0,14545285510.638762,2026-07-14
2017-05-23,sh.600869,远东股份,6.99732,6.8321055,7.0264755,6.8126685,6147245,43854602.0,0.301066,-4.092766,2041826377.0,13949973220.346773,2026-07-14
2017-05-24,sh.600869,远东股份,6.822387,6.7737945,6.822387,6.6377355,3797327,26268006.0,0.185977,-0.853491,2041826140.0,13830910677.08823,2026-07-14
2017-05-25,sh.600869,远东股份,6.7737945,6.7932315,6.8321055,6.686328,3467013,24076230.0,0.169799,0.286944,2041833580.0,13870648193.41377,2026-07-14
2017-05-26,sh.600869,远东股份,6.8126685,6.705765,6.8126685,6.6960465,3112700,21601802.0,0.152447,-1.287549,2041824372.0,13691994409.904581,2026-07-14
2017-05-31,sh.600869,远东股份,6.7349205,6.705765,6.80295,6.705765,2423831,16789748.0,0.118709,0.0,2041825809.0,13692004046.088886,2026-07-14
2017-06-01,sh.600869,远东股份,6.6960465,6.4433655,6.6960465,6.433647,3880147,26199690.0,0.190033,-3.913043,2041827998.0,13156244079.247269,2026-07-14
2017-06-02,sh.600869,远东股份,6.4433655,6.511395,6.530832,6.3073065,2983021,19741008.0,0.146096,1.055802,2041822500.0,13295112817.3875,2026-07-14
2017-06-05,sh.600869,远东股份,6.550269,6.5211135,6.550269,6.4822395,1865953,12517165.0,0.091386,0.149257,2041836824.0,13315049677.783524,2026-07-14
2017-06-06,sh.600869,远东股份,6.5405505,6.569706,6.5794245,6.491958,1980727,13322785.0,0.097008,0.745159,2041818201.0,13414145286.018906,2026-07-14
2017-06-07,sh.600869,远东股份,6.5794245,6.647454,6.6571725,6.5405505,3413686,23253852.0,0.167188,1.183431,2041824772.0,13572936247.930487,2026-07-14
2017-06-08,sh.600869,远东股份,6.6571725,6.666891,6.686328,6.589143,3271034,22320623.0,0.160201,0.292397,2041831200.0,13612666050.7992,2026-07-14
2017-06-09,sh.600869,远东股份,6.666891,6.80295,6.8515425,6.60858,7054718,48999014.0,0.34551,2.040814,2041827443.0,13890450003.35685,2026-07-14
2017-06-12,sh.600869,远东股份,7.113942,6.783513,7.113942,6.783513,11994074,85616581.0,0.587418,-0.285714,2041829498.0,13850776943.466475,2026-07-14
2017-06-13,sh.600869,远东股份,6.705765,6.8904165,6.977883,6.705765,7475810,53010150.0,0.366133,1.575933,2041829062.0,14069052658.984322,2026-07-14
2017-06-14,sh.600869,远东股份,6.841824,6.7737945,6.8709795,6.764076,5414730,37851347.0,0.26519,-1.69253,2041830386.0,13830939438.619677,2026-07-14
2017-06-15,sh.600869,远东股份,6.744639,6.7932315,6.822387,6.705765,4551858,31649263.0,0.222931,0.286944,2041823703.0,13870581096.666245,2026-07-14
2017-06-16,sh.600869,远东股份,6.7932315,6.783513,6.8515425,6.725202,2977836,20760168.0,0.145842,-0.143058,2041823343.0,13850735190.94396,2026-07-14
2017-06-19,sh.600869,远东股份,6.783513,6.764076,6.783513,6.6960465,4361343,30202275.0,0.2136,-0.286533,2041827247.0,13811074677.578772,2026-07-14
2017-06-20,sh.600869,远东股份,6.764076,6.841824,6.9292905,6.7154835,7480463,52651525.0,0.366361,1.149424,2041828415.0,13969830653.62896,2026-07-14
2017-06-21,sh.600869,远东股份,6.8126685,6.7543575,6.841824,6.7154835,5000342,34760678.0,0.244895,-1.278411,2041830989.0,13791256454.284569,2026-07-14
2017-06-22,sh.600869,远东股份,6.7543575,6.7543575,6.880698,6.7349205,6689182,46862928.0,0.327607,0.0,2041831219.0,13791258007.786793,2026-07-14
2017-06-23,sh.600869,远东股份,6.7349205,6.666891,6.744639,6.589143,6157282,42225770.0,0.301557,-1.294959,2041830234.0,13612659610.582493,2026-07-14
2017-06-26,sh.600869,远东股份,6.647454,6.686328,6.6960465,6.60858,3385665,23188938.0,0.165815,0.291545,2041832765.0,13652363587.936918,2026-07-14
2017-06-27,sh.600869,远东股份,6.6571725,6.666891,6.7154835,6.6377355,2219511,15228514.0,0.108702,-0.290697,2041830877.0,13612663897.393406,2026-07-14
2017-06-28,sh.600869,远东股份,6.6571725,6.5794245,6.666891,6.5599875,3301010,22405546.0,0.161669,-1.311955,2041832386.0,13434082025.341858,2026-07-14
2017-06-29,sh.600869,远东股份,6.5599875,6.5794245,6.628017,6.550269,2219202,15048138.0,0.108687,0.0,2041828370.0,13434055602.373066,2026-07-14
2017-06-30,sh.600869,远东股份,6.5794245,6.5405505,6.5794245,6.4822395,3752804,25207363.0,0.183796,-0.590841,2041831161.0,13354699820.994131,2026-07-14
2017-07-03,sh.600869,远东股份,6.5599875,6.6377355,6.686328,6.530832,3915617,26531095.0,0.19177,1.485883,2041829796.0,13553126121.866957,2026-07-14
2017-07-04,sh.600869,远东股份,6.6182985,6.511395,6.647454,6.4433655,5586017,37635381.0,0.273579,-1.903369,2041829599.0,13295159041.780605,2026-07-14
2017-07-05,sh.600869,远东股份,6.4822395,6.5016765,6.530832,6.453084,5291033,35355826.0,0.259132,-0.14925,2041829261.0,13275313323.256067,2026-07-14
2017-07-06,sh.600869,远东股份,6.60858,6.705765,6.8515425,6.5988615,17258661,119062335.0,0.845255,3.139014,2041828916.0,13692024880.900742,2026-07-14
2017-07-07,sh.600869,远东股份,6.6182985,6.705765,6.705765,6.6182985,8062373,55250849.0,0.370141,0.0,2178189663.0,14606428005.507196,2026-07-14
2017-07-10,sh.600869,远东股份,6.725202,6.628017,6.7349205,6.589143,6973300,47636098.0,0.320142,-1.159419,2178189678.0,14437078215.008526,2026-07-14
2017-07-11,sh.600869,远东股份,6.60858,6.530832,6.628017,6.530832,4531956,30608015.0,0.20806,-1.466281,2178196674.0,14225436540.852768,2026-07-14
2017-07-12,sh.600869,远东股份,6.5211135,6.550269,6.5988615,6.472521,4743961,31834361.0,0.217794,0.297619,2178187186.0,14267712000.653034,2026-07-14
2017-07-13,sh.600869,远东股份,6.5405505,6.550269,6.550269,6.511395,3841217,25813929.0,0.176349,0.0,2178190407.0,14267733099.069483,2026-07-14
2017-07-14,sh.600869,远东股份,6.550269,6.511395,6.569706,6.491958,3286954,22024964.0,0.150903,-0.593471,2178189963.0,14183055234.128386,2026-07-14
2017-07-17,sh.600869,远东股份,6.511395,6.5794245,6.5794245,6.122655,11357069,74988324.0,0.521399,1.044779,2178191558.0,14331246902.39837,2026-07-14
2017-07-18,sh.600869,远东股份,6.511395,6.60858,6.6571725,6.472521,6114684,41328684.0,0.280723,0.443134,2178191313.0,14394751547.26554,2026-07-14
2017-07-19,sh.600869,远东股份,6.569706,6.60858,6.60858,6.511395,6525142,44120894.0,0.299567,0.0,2178191189.0,14394750727.80162,2026-07-14
2017-07-20,sh.600869,远东股份,6.589143,6.7349205,6.7543575,6.5794245,12834343,88463174.0,0.58922,1.911759,2178192017.0,14669950068.229649,2026-07-14
2017-07-21,sh.600869,远东股份,6.744639,6.6766095,6.7543575,6.6377355,7942700,54494120.0,0.364646,-0.8658,2178194742.0,14542955707.287249,2026-07-14
2017-07-24,sh.600869,远东股份,6.6377355,6.60858,6.6377355,6.569706,6133358,41630278.0,0.28158,-1.018918,2178193764.0,14394767744.89512,2026-07-14
2017-07-25,sh.600869,远东股份,6.60858,6.5599875,6.60858,6.530832,3632447,24535163.0,0.166764,-0.735297,2178196133.0,14288939405.028337,2026-07-14
2017-07-26,sh.600869,远东股份,6.5405505,6.511395,6.589143,6.4044915,7921092,52782954.0,0.363654,-0.740744,2178194658.0,14183085805.12791,2026-07-14
2017-07-27,sh.600869,远东股份,6.5016765,6.5599875,6.569706,6.4239285,6100924,40761669.0,0.280091,0.746272,2178193516.0,14288922237.54105,2026-07-14
2017-07-28,sh.600869,远东股份,6.647454,6.9681645,7.1625345,6.647454,38853895,277340016.0,1.783768,6.222223,2178192175.0,15178001388.012789,2026-07-14
2017-07-31,sh.600869,远东股份,6.9388442,6.85088702,6.9388442,6.7922489,21840403,152744371.0,1.002685,-1.683028,2178191855.0,14922546306.489222,2026-07-14
2017-08-01,sh.600869,远东股份,6.80202192,6.90952514,6.97793628,6.76292984,18908242,133097083.0,0.868071,0.855919,2178190724.0,15050263567.192802,2026-07-14
2017-08-02,sh.600869,远东股份,6.88020608,6.77270286,6.90952514,6.76292984,11167759,77842037.0,0.512708,-1.980203,2178190900.0,14752239738.055973,2026-07-14
2017-08-03,sh.600869,远东股份,6.73361078,6.7433838,6.81179494,6.70429172,6979576,48227076.0,0.32043,-0.432897,2178190556.0,14688374908.643393,2026-07-14
2017-08-04,sh.600869,远东股份,6.7433838,6.7433838,6.78247588,6.6945187,6716598,46289267.0,0.308357,0.0,2178188917.0,14688363856.237345,2026-07-14
2017-08-07,sh.600869,远东股份,6.71406474,6.77270286,6.77270286,6.71406474,4369994,30163592.0,0.200625,0.434779,2178190156.0,14752234699.165047,2026-07-14
2017-08-08,sh.600869,远东股份,6.77270286,6.72383776,6.7922489,6.70429172,6872574,47263933.0,0.315517,-0.721497,2178194519.0,14645826555.477238,2026-07-14
2017-08-09,sh.600869,远东股份,6.72383776,6.78247588,6.86066004,6.6945187,8648074,59979858.0,0.39703,0.872092,2178191572.0,14773531799.109283,2026-07-14
2017-08-10,sh.600869,远东股份,6.76292984,6.72383776,6.78247588,6.68474568,6553302,45065755.0,0.30086,-0.864552,2178189856.0,14645795202.221764,2026-07-14
2017-08-11,sh.600869,远东股份,6.71406474,6.58701548,6.71406474,6.55769642,8477804,57577847.0,0.389213,-2.034889,2178191376.0,14347780312.1145,2026-07-14
2017-08-14,sh.600869,远东股份,6.61633454,6.65542662,6.66519964,6.55769642,4344515,29488134.0,0.199455,1.038578,2178193076.0,14496804181.510084,2026-07-14
2017-08-15,sh.600869,远东股份,6.66519964,6.66519964,6.70429172,6.60656152,3928908,26750846.0,0.180375,0.146846,2178188773.0,14518063025.651642,2026-07-14
2017-08-16,sh.600869,远东股份,6.6945187,6.71406474,6.77270286,6.67497266,4931283,33878033.0,0.226393,0.733134,2178195881.0,14624548161.435337,2026-07-14
2017-08-17,sh.600869,远东股份,6.70429172,6.7433838,6.77270286,6.70429172,5152800,35505018.0,0.236563,0.436684,2178193547.0,14688395078.10434,2026-07-14
2017-08-18,sh.600869,远东股份,6.72383776,6.80202192,6.81179494,6.6945187,7441266,51337356.0,0.341626,0.869564,2178190770.0,14816101363.481678,2026-07-14
2017-08-21,sh.600869,远东股份,6.81179494,6.94861722,6.99748232,6.77270286,18785054,132770898.0,0.862415,2.155174,2178191938.0,15135422008.851973,2026-07-14
2017-08-22,sh.600869,远东股份,6.94861722,6.85088702,6.94861722,6.841114,14394619,101302995.0,0.660852,-1.406468,2178191032.0,14922540668.209206,2026-07-14
2017-08-23,sh.600869,远东股份,6.82156796,6.75315682,6.83134098,6.7433838,6524904,45231975.0,0.299556,-1.426539,2178191724.0,14709670296.198158,2026-07-14
2017-08-24,sh.600869,远东股份,6.75315682,6.72383776,6.78247588,6.70429172,4173600,28743075.0,0.191608,-0.43415,2178197153.0,14645844266.065899,2026-07-14
2017-08-25,sh.600869,远东股份,6.71406474,6.76292984,6.77270286,6.67497266,4898718,33772996.0,0.224898,0.581395,2178195449.0,14730982999.394299,2026-07-14
2017-08-28,sh.600869,远东股份,6.7922489,6.76292984,6.7922489,6.72383776,6173640,42718584.0,0.28343,0.0,2178188618.0,14730936801.82056,2026-07-14
2017-08-29,sh.600869,远东股份,6.75315682,6.72383776,6.76292984,6.71406474,4524200,31179804.0,0.207704,-0.578034,2178195894.0,14645835800.754158,2026-07-14
2017-08-30,sh.600869,远东股份,6.68474568,6.72383776,6.7433838,6.68474568,3245100,22319649.0,0.148981,0.0,2178197220.0,14645844716.563028,2026-07-14
2017-08-31,sh.600869,远东股份,6.73361078,6.72383776,6.75315682,6.70429172,3421591,23527933.0,0.157084,0.0,2178191923.0,14645809100.394413,2026-07-14
2017-09-01,sh.600869,远东股份,6.7433838,6.7433838,6.7433838,6.6945187,4051902,27850238.0,0.186021,0.290697,2178196010.0,14688411687.058638,2026-07-14
2017-09-04,sh.600869,远东股份,6.7433838,6.78247588,6.82156796,6.71406474,6972731,48449029.0,0.320116,0.57971,2178188844.0,14773513296.515081,2026-07-14
2017-09-05,sh.600869,远东股份,6.7922489,6.78247588,6.80202192,6.73361078,5001663,34623556.0,0.229625,0.0,2178187480.0,14773504045.217981,2026-07-14
2017-09-06,sh.600869,远东股份,6.80202192,6.90952514,6.96816326,6.77270286,18921203,133510057.0,0.868666,1.873201,2178190812.0,15050264175.231014,2026-07-14
2017-09-07,sh.600869,远东股份,6.89975212,6.78247588,6.90952514,6.77270286,10209626,71497854.0,0.46872,-1.838757,2178192951.0,14773541152.143522,2026-07-14
2017-09-08,sh.600869,远东股份,6.7922489,6.81179494,6.82156796,6.75315682,6056173,42111879.0,0.278037,0.432273,2178189593.0,14837380847.958061,2026-07-14
2017-09-11,sh.600869,远东股份,6.83134098,7.06589346,7.07566648,6.83134098,31681698,226369641.0,1.454495,3.730276,2178192294.0,15390874684.796997,2026-07-14
2017-09-12,sh.600869,远东股份,7.11475856,7.1343046,7.40794916,6.96816326,46128418,337723010.0,2.117739,0.96819,2178191836.0,15539884035.257246,2026-07-14
2017-09-13,sh.600869,远东股份,7.0854395,7.0854395,7.10498554,7.00725534,15335497,110550951.0,0.704047,-0.684934,2178192223.0,15433449215.437008,2026-07-14
2017-09-14,sh.600869,远东股份,7.05612044,7.1343046,7.27112688,7.05612044,20770206,151647767.0,0.953553,0.689658,2178191039.0,15539878349.21648,2026-07-14
2017-09-15,sh.600869,远东股份,7.07566648,7.30044594,7.329765,7.0365744,26348318,194248488.0,1.209642,2.328762,2178191399.0,15901768555.37247,2026-07-14
2017-09-18,sh.600869,远东股份,7.33953802,7.44704124,7.54477144,7.21248876,32213623,243397937.0,1.478916,2.008034,2178191527.0,16221082130.187572,2026-07-14
2017-09-19,sh.600869,远东股份,7.36885708,7.27112688,7.36885708,7.24180782,20032110,149563598.0,0.919667,-2.362202,2178191672.0,15837908016.071342,2026-07-14
2017-09-20,sh.600869,远东股份,7.2320348,7.29067292,7.34931104,7.14407762,14118900,104535025.0,0.648194,0.268817,2178190480.0,15880474347.1378,2026-07-14
2017-09-21,sh.600869,远东股份,7.24180782,7.1343046,7.30044594,7.1343046,10433610,76878726.0,0.479003,-2.14477,2178193038.0,15539892610.691376,2026-07-14
2017-09-22,sh.600869,远东股份,7.1343046,7.0854395,7.1343046,7.00725534,8059774,58204322.0,0.370021,-0.684934,2178193670.0,15433459468.067965,2026-07-14
2017-09-25,sh.600869,远东股份,7.02680138,7.00725534,7.10498554,6.99748232,5724082,41277971.0,0.262791,-1.103447,2178187990.0,15263119424.451368,2026-07-14
2017-09-26,sh.600869,远东股份,7.01702836,7.0854395,7.09521252,6.9877093,5816716,41880854.0,0.267043,1.115759,2178194523.0,15433465511.947857,2026-07-14
2017-09-27,sh.600869,远东股份,7.07566648,7.14407762,7.1831697,7.05612044,6990771,51094426.0,0.320944,0.827585,2178190276.0,15561160402.873222,2026-07-14
2017-09-28,sh.600869,远东股份,7.14407762,7.06589346,7.1831697,7.05612044,5386074,39150491.0,0.247273,-1.09439,2178189289.0,15390853451.78715,2026-07-14
2017-09-29,sh.600869,远东股份,7.11475856,7.06589346,7.14407762,7.01702836,6840819,49451446.0,0.31406,0.0,2178188563.0,15390848321.948498,2026-07-14
2017-10-09,sh.600869,远东股份,7.0854395,7.06589346,7.12453158,7.02680138,8388478,60689494.0,0.385112,0.0,2178191799.0,15390871187.179733,2026-07-14
2017-10-10,sh.600869,远东股份,7.06589346,7.04634742,7.07566648,6.9877093,6950916,49921791.0,0.319114,-0.276625,2178192119.0,15348298417.979982,2026-07-14
2017-10-11,sh.600869,远东股份,7.0365744,7.02680138,7.04634742,6.9877093,6206153,44552043.0,0.284922,-0.277392,2178193681.0,15305734363.55808,2026-07-14
2017-10-12,sh.600869,远东股份,7.0365744,7.10498554,7.1343046,7.01702836,8249495,59806569.0,0.378731,1.112655,2178193758.0,15476035153.90826,2026-07-14
2017-10-13,sh.600869,远东股份,7.11475856,7.02680138,7.11475856,6.99748232,6729122,48450766.0,0.308932,-1.100412,2178188728.0,15305699559.810844,2026-07-14
2017-10-16,sh.600869,远东股份,7.01702836,6.81179494,7.01702836,6.77270286,9831648,69230924.0,0.451367,-3.059809,2178193798.0,14837409491.555782,2026-07-14
2017-10-17,sh.600869,远东股份,6.82156796,6.80202192,6.85088702,6.78247588,3775907,26331134.0,0.173351,-0.143468,2178185877.0,14816068081.188423,2026-07-14
2017-10-18,sh.600869,远东股份,6.81179494,6.70429172,6.841114,6.6945187,4430545,30672058.0,0.203405,-1.43678,2178188835.0,14603213371.086945,2026-07-14
2017-10-19,sh.600869,远东股份,6.6945187,6.61633454,6.72383776,6.58701548,4941345,33581817.0,0.226855,-1.311955,2178195323.0,14411668950.431356,2026-07-14
2017-10-20,sh.600869,远东股份,6.61633454,6.6945187,6.71406474,6.5967885,3035756,20711321.0,0.13937,1.181683,2178199039.0,14581994198.907528,2026-07-14
2017-10-23,sh.600869,远东股份,6.6945187,6.6945187,6.73361078,6.67497266,3116218,21354358.0,0.143064,0.0,2178198568.0,14581991045.78922,2026-07-14
2017-10-24,sh.600869,远东股份,6.68474568,6.65542662,6.6945187,6.62610756,3230490,21986838.0,0.148311,-0.583941,2178186379.0,14496759610.11801,2026-07-14
2017-10-25,sh.600869,远东股份,6.6456536,6.66519964,6.6945187,6.6456536,2951066,20125397.0,0.135482,0.146846,2178197842.0,14518123472.347178,2026-07-14
2017-10-26,sh.600869,远东股份,6.67497266,6.72383776,6.72383776,6.62610756,4613607,31487372.0,0.211809,0.879765,2178192145.0,14645810593.086395,2026-07-14
2017-10-27,sh.600869,远东股份,6.68474568,6.7433838,6.75315682,6.66519964,3858600,26476172.0,0.177147,0.290697,2178190994.0,14688377862.245497,2026-07-14
2017-10-30,sh.600869,远东股份,6.7433838,6.50883132,6.77270286,6.4990583,6181935,41590898.0,0.28381,-3.478264,2178194919.0,14177503309.852062,2026-07-14
2017-10-31,sh.600869,远东股份,6.51860434,6.57724246,6.60656152,6.51860434,2942800,19764627.0,0.135103,1.051054,2178189974.0,14326483582.939096,2026-07-14
2017-11-01,sh.600869,远东股份,6.56746944,6.76292984,6.81179494,6.55769642,9860836,68025473.0,0.452707,2.823181,2178193843.0,14730972138.128975,2026-07-14
2017-11-02,sh.600869,远东股份,6.78247588,6.72383776,6.81179494,6.70429172,3786550,26124615.0,0.173839,-0.578034,2178193616.0,14645820483.851742,2026-07-14
2017-11-03,sh.600869,远东股份,6.72383776,6.62610756,6.75315682,6.58701548,4637637,31575241.0,0.212912,-1.453487,2178194277.0,14432949565.978436,2026-07-14
2017-11-06,sh.600869,远东股份,6.6456536,6.66519964,6.71406474,6.5967885,3551590,24200251.0,0.163052,0.58997,2178194686.0,14518102436.977114,2026-07-14
2017-11-07,sh.600869,远东股份,6.6945187,6.6945187,6.75315682,6.60656152,6572983,44826377.0,0.301763,0.439879,2178193814.0,14581959220.047321,2026-07-14
2017-11-08,sh.600869,远东股份,6.6456536,6.65542662,6.6945187,6.61633454,5164303,35140218.0,0.237091,-0.583941,2178194449.0,14496813319.410833,2026-07-14
2017-11-09,sh.600869,远东股份,6.65542662,6.58701548,6.65542662,6.55769642,5168348,34874694.0,0.237277,-1.027903,2178191734.0,14347782670.266043,2026-07-14
2017-11-10,sh.600869,远东股份,6.57724246,6.6456536,6.6945187,6.53815038,7269375,49194131.0,0.333734,0.890214,2178194310.0,14475524857.751017,2026-07-14
2017-11-13,sh.600869,远东股份,6.6456536,6.70429172,6.73361078,6.5967885,7342650,50204111.0,0.337098,0.882352,2178194472.0,14603251163.17937,2026-07-14
2017-11-14,sh.600869,远东股份,6.70429172,6.60656152,6.72383776,6.57724246,4859306,32988609.0,0.223089,-1.457725,2178191663.0,14390357223.960608,2026-07-14
2017-11-15,sh.600869,远东股份,6.60656152,6.51860434,6.60656152,6.4990583,4865269,32552632.0,0.223363,-1.331363,2178189315.0,14198754322.100628,2026-07-14
2017-11-16,sh.600869,远东股份,6.53815038,6.48928528,6.53815038,6.38178206,4258701,28156358.0,0.195515,-0.449778,2178196558.0,14134938860.776066,2026-07-14
2017-11-17,sh.600869,远东股份,6.4990583,6.28405186,6.4990583,6.2547328,6880047,44664520.0,0.31586,-3.162651,2178195086.0,13687890881.62116,2026-07-14
2017-11-20,sh.600869,远东股份,6.3035979,6.24495978,6.3035979,6.07881844,4228200,26714257.0,0.194115,-0.622083,2178193339.0,13602729795.118906,2026-07-14
2017-11-21,sh.600869,远东股份,6.23518676,6.19609468,6.26450582,6.04949938,6956874,43700716.0,0.319388,-0.782468,2178188911.0,13496264723.482094,2026-07-14
2017-11-22,sh.600869,远东股份,6.2058677,6.18632166,6.21564072,6.0592724,5612026,35163601.0,0.257646,-0.157732,2178192559.0,13474999807.392529,2026-07-14
2017-11-23,sh.600869,远东股份,6.16677562,6.16677562,6.28405186,6.14722958,5464152,34787475.0,0.250857,-0.315956,2178193951.0,13432433352.658276,2026-07-14
2017-11-24,sh.600869,远东股份,6.22541374,6.24495978,6.2547328,6.1570026,3612155,22973598.0,0.165833,1.267828,2178188298.0,13602698314.276655,2026-07-14
2017-11-27,sh.600869,远东股份,6.24495978,5.98108824,6.24495978,5.863812,13005562,79579310.0,0.597081,-4.225352,2178190564.0,13027949966.819368,2026-07-14
2017-11-28,sh.600869,远东股份,5.94199616,6.00063428,6.0104073,5.90290408,3937465,24067161.0,0.180768,0.326797,2178186958.0,13070503328.42372,2026-07-14
2017-11-29,sh.600869,远东股份,5.99086126,5.99086126,6.00063428,5.90290408,4605603,27996614.0,0.211442,-0.162862,2178187399.0,13049218505.689262,2026-07-14
2017-11-30,sh.600869,远东股份,5.98108824,5.95176918,6.0104073,5.92245012,3371405,20575643.0,0.15478,-0.652528,2178191627.0,12964093793.712656,2026-07-14
2017-12-01,sh.600869,远东股份,5.9615422,5.97131522,6.00063428,5.92245012,2229578,13614690.0,0.102359,0.328407,2178194394.0,13006685337.010878,2026-07-14
2017-12-04,sh.600869,远东股份,5.9615422,5.92245012,6.00063428,5.85403898,4990400,30205897.0,0.229107,-0.818334,2178196214.0,12900258428.987844,2026-07-14
2017-12-05,sh.600869,远东股份,5.88335804,5.7172167,5.9126771,5.6683516,6944455,40882997.0,0.318817,-3.465347,2178194701.0,12453211120.408707,2026-07-14
2017-12-06,sh.600869,远东股份,5.7172167,5.6683516,5.7660818,5.59016744,5462175,31635587.0,0.250766,-0.854696,2178196007.0,12346780821.392061,2026-07-14
2017-12-07,sh.600869,远东股份,5.67812462,5.69767066,5.7172167,5.65857858,3368185,19583321.0,0.154632,0.517237,2178194035.0,12410632245.006514,2026-07-14
2017-12-08,sh.600869,远东股份,5.67812462,5.70744368,5.74653576,5.67812462,2951300,17261515.0,0.135493,0.171531,2178193707.0,12431917906.832922,2026-07-14
2017-12-11,sh.600869,远东股份,5.72698972,5.7660818,5.80517388,5.72698972,3588425,21176456.0,0.164743,1.027396,2178195735.0,12559654784.421124,2026-07-14
2017-12-12,sh.600869,远东股份,5.7660818,5.73676274,5.78562784,5.72698972,2109318,12412076.0,0.096838,-0.508478,2178192445.0,12495773259.0255,2026-07-14
2017-12-13,sh.600869,远东股份,5.73676274,5.78562784,5.79540086,5.73676274,2547359,15063914.0,0.116948,0.851792,2178198003.0,12602243007.189203,2026-07-14
2017-12-14,sh.600869,远东股份,5.75630878,5.78562784,5.82471992,5.74653576,2134204,12629545.0,0.097981,0.0,2178181484.0,12602147434.402914,2026-07-14
2017-12-15,sh.600869,远东股份,5.77585482,5.7172167,5.77585482,5.69767066,2412400,14137919.0,0.110752,-1.182435,2178199942.0,12453241084.34143,2026-07-14
2017-12-18,sh.600869,远东股份,5.70744368,5.8149469,5.9126771,5.70744368,5558994,33116981.0,0.255211,1.7094,2178195297.0,12666089989.88473,2026-07-14
2017-12-19,sh.600869,远东股份,5.79540086,5.8149469,5.84426596,5.77585482,2430141,14433225.0,0.111567,0.0,2178189787.0,12666057949.52731,2026-07-14
2017-12-20,sh.600869,远东股份,5.79540086,5.75630878,5.8149469,5.74653576,2176904,12836886.0,0.099941,-1.008402,2178189132.0,12538329225.032179,2026-07-14
2017-12-21,sh.600869,远东股份,5.75630878,5.70744368,5.79540086,5.67812462,2151013,12573691.0,0.098752,-0.848892,2178196897.0,12431936113.57826,2026-07-14
2017-12-22,sh.600869,远东股份,5.73676274,5.68789764,5.74653576,5.67812462,1794000,10461249.0,0.082362,-0.342465,2178188971.0,12389315907.62493,2026-07-14
2017-12-25,sh.600869,远东股份,5.68789764,5.56084838,5.72698972,5.50221026,3752503,21504760.0,0.172276,-2.233679,2178192551.0,12112598518.556417,2026-07-14
2017-12-26,sh.600869,远东股份,5.58039442,5.59016744,5.59994046,5.51198328,2482713,14128561.0,0.11398,0.527236,2178200562.0,12176505859.482101,2026-07-14
2017-12-27,sh.600869,远东股份,5.59016744,5.59016744,5.6683516,5.56084838,2557706,14684100.0,0.117423,0.0,2178198479.0,12176494215.163324,2026-07-14
2017-12-28,sh.600869,远东股份,5.5706214,5.59994046,5.60971348,5.5217563,2470670,14115485.0,0.113428,0.174829,2178183517.0,12197698006.153399,2026-07-14
2017-12-29,sh.600869,远东股份,5.62925952,5.60971348,5.62925952,5.54130234,2300453,13130525.0,0.105613,0.174516,2178191132.0,12219028155.19686,2026-07-14
2018-01-02,sh.600869,远东股份,5.59994046,5.63903254,5.64880556,5.59994046,3608732,20764566.0,0.165676,0.522652,2178186340.0,12282863649.443502,2026-07-14
2018-01-03,sh.600869,远东股份,5.64880556,5.69767066,5.69767066,5.6194865,4132489,23941917.0,0.189721,1.03986,2178192715.0,12410624724.081242,2026-07-14
2018-01-04,sh.600869,远东股份,5.70744368,5.67812462,5.72698972,5.59994046,3480697,20247730.0,0.159798,-0.343053,2178185584.0,12368009191.439478,2026-07-14
2018-01-05,sh.600869,远东股份,5.67812462,5.64880556,5.70744368,5.62925952,5186759,30028781.0,0.238122,-0.516347,2178193951.0,12304194101.167166,2026-07-14
2018-01-08,sh.600869,远东股份,5.63903254,5.59016744,5.64880556,5.56084838,4448100,25394481.0,0.204211,-1.038069,2178188246.0,12176437010.97991,2026-07-14
2018-01-09,sh.600869,远东股份,5.59016744,5.6194865,5.64880556,5.5706214,3326004,19080022.0,0.152696,0.524479,2178186724.0,12240290889.997225,2026-07-14
2018-01-10,sh.600869,远东股份,5.64880556,5.56084838,5.64880556,5.54130234,3063900,17486503.0,0.140663,-1.043477,2178184739.0,12112555077.208874,2026-07-14
2018-01-11,sh.600869,远东股份,5.56084838,5.55107536,5.5706214,5.50221026,4293604,24273049.0,0.197118,-0.175751,2178189714.0,12091295250.790846,2026-07-14
2018-01-12,sh.600869,远东股份,5.60971348,5.7172167,5.83449294,5.60971348,12997380,76263858.0,0.596705,2.992959,2178191904.0,12453195129.353596,2026-07-14
2018-01-15,sh.600869,远东股份,5.7660818,5.82471992,5.9126771,5.68789764,15582023,92908370.0,0.715365,1.880344,2178191972.0,12687358168.89248,2026-07-14
2018-01-16,sh.600869,远东股份,5.80517388,5.8149469,5.82471992,5.72698972,6738899,39736255.0,0.30938,-0.167789,2178194777.0,12666086966.11234,2026-07-14
2018-01-17,sh.600869,远东股份,5.7172167,5.56084838,5.7172167,5.48266422,14599652,82907406.0,0.670265,-4.369744,2178191014.0,12112589971.532457,2026-07-14
2018-01-18,sh.600869,远东股份,5.53152932,5.4728912,5.53152932,5.33606892,15537818,85938826.0,0.713336,-1.581725,2178190642.0,11921000396.52415,2026-07-14
2018-01-19,sh.600869,远东股份,5.41425308,5.43379912,5.45334516,5.375161,5316372,29473797.0,0.244073,-0.714285,2178189312.0,11835843166.739004,2026-07-14
2018-01-22,sh.600869,远东股份,5.50221026,5.5217563,5.59994046,5.50221026,7454941,42222086.0,0.342254,1.618708,2178189590.0,12027432091.176916,2026-07-14
2018-01-23,sh.600869,远东股份,5.4728912,5.45334516,5.50221026,5.43379912,5221374,29095338.0,0.239711,-1.238941,2178195410.0,11878451396.657715,2026-07-14
2018-01-24,sh.600869,远东股份,5.48266422,5.50221026,5.5217563,5.45334516,4408504,24750270.0,0.202393,0.896061,2178189957.0,11984859129.63436,2026-07-14
2018-01-25,sh.600869,远东股份,5.4728912,5.48266422,5.48266422,5.4240261,4041126,22585846.0,0.185527,-0.355239,2178187541.0,11942270895.490484,2026-07-14
2018-01-26,sh.600869,远东股份,5.46311818,5.44357214,5.4728912,5.4240261,3469459,19336848.0,0.159282,-0.713012,2178186487.0,11857115276.357672,2026-07-14
2018-01-29,sh.600869,远东股份,5.44357214,5.38493402,5.44357214,5.34584194,4993659,27505905.0,0.229257,-1.077198,2178192596.0,11729423412.312517,2026-07-14
2018-01-30,sh.600869,远东股份,5.375161,5.4240261,5.44357214,5.35561496,4234159,23384016.0,0.194389,0.725952,2178188581.0,11814551714.065964,2026-07-14
2018-01-31,sh.600869,远东股份,5.40448006,5.62925952,5.78562784,5.30674986,8199757,45608858.0,0.376448,3.783784,2178191145.0,12261603239.37095,2026-07-14
2018-02-01,sh.600869,远东股份,5.5706214,5.69767066,5.7660818,5.43379912,9208332,52511542.0,0.422751,1.215272,2178192837.0,12410625419.197062,2026-07-14
2018-02-02,sh.600869,远东股份,5.50221026,5.60971348,5.69767066,5.48266422,5750990,32879502.0,0.264026,-1.543742,2178190784.0,12219026203.016567,2026-07-14
2018-02-05,sh.600869,远东股份,5.55107536,5.48266422,5.59994046,5.40448006,3143855,17719634.0,0.144333,-2.264802,2178195562.0,11942314871.940191,2026-07-14
2018-02-06,sh.600869,远东股份,5.4240261,5.18947362,5.45334516,5.16015456,6422829,35072714.0,0.29487,-5.347597,2178190050.0,11303659803.821482,2026-07-14
2018-02-07,sh.600869,远东股份,5.2774308,5.04287832,5.35561496,4.67150356,5121206,26607089.0,0.235113,-2.824861,2178189211.0,10984343149.009806,2026-07-14
2018-02-08,sh.600869,远东股份,5.04287832,5.04287832,5.04287832,5.04287832,0,0.0,0.0,0.0,2178189211.0,10984343149.009806,2026-07-14
2018-02-09,sh.600869,远东股份,5.04287832,5.04287832,5.04287832,5.04287832,0,0.0,0.0,0.0,2178189211.0,10984343149.009806,2026-07-14
2018-02-12,sh.600869,远东股份,5.04287832,5.04287832,5.04287832,5.04287832,0,0.0,0.0,0.0,2178189211.0,10984343149.009806,2026-07-14
2018-02-13,sh.600869,远东股份,5.04287832,5.04287832,5.04287832,5.04287832,0,0.0,0.0,0.0,2178189211.0,10984343149.009806,2026-07-14
2018-02-14,sh.600869,远东股份,5.04287832,5.04287832,5.04287832,5.04287832,0,0.0,0.0,0.0,2178189211.0,10984343149.009806,2026-07-14
2018-02-22,sh.600869,远东股份,5.04287832,5.04287832,5.04287832,5.04287832,0,0.0,0.0,0.0,2178189211.0,10984343149.009806,2026-07-14
2018-02-23,sh.600869,远东股份,5.04287832,5.04287832,5.04287832,5.04287832,0,0.0,0.0,0.0,2178189211.0,10984343149.009806,2026-07-14
2018-02-26,sh.600869,远东股份,5.04287832,5.04287832,5.04287832,5.04287832,0,0.0,0.0,0.0,2178189211.0,10984343149.009806,2026-07-14
2018-02-27,sh.600869,远东股份,5.04287832,5.04287832,5.04287832,5.04287832,0,0.0,0.0,0.0,2178189211.0,10984343149.009806,2026-07-14
2018-02-28,sh.600869,远东股份,5.04287832,5.04287832,5.04287832,5.04287832,0,0.0,0.0,0.0,2178189211.0,10984343149.009806,2026-07-14
2018-03-01,sh.600869,远东股份,5.04287832,5.04287832,5.04287832,5.04287832,0,0.0,0.0,0.0,2178189211.0,10984343149.009806,2026-07-14
2018-03-02,sh.600869,远东股份,5.04287832,5.04287832,5.04287832,5.04287832,0,0.0,0.0,0.0,2178189211.0,10984343149.009806,2026-07-14
2018-03-05,sh.600869,远东股份,5.04287832,5.04287832,5.04287832,5.04287832,0,0.0,0.0,0.0,2178189211.0,10984343149.009806,2026-07-14
2018-03-06,sh.600869,远东股份,5.375161,5.55107536,5.55107536,5.375161,7584369,42888759.0,0.348196,10.07752,2178189583.0,12091294523.599974,2026-07-14
2018-03-07,sh.600869,远东股份,6.08859146,5.7172167,6.08859146,5.67812462,37141231,222124387.0,1.705141,2.992959,2178191188.0,12453191035.826439,2026-07-14
2018-03-08,sh.600869,远东股份,5.4728912,5.59994046,5.75630878,5.4728912,19182386,109868505.0,0.880656,-2.05128,2178192847.0,12197750253.597889,2026-07-14
2018-03-09,sh.600869,远东股份,5.56084838,5.56084838,5.58039442,5.48266422,11295631,63850971.0,0.518578,-0.69808,2178193252.0,12112602416.711132,2026-07-14
2018-03-12,sh.600869,远东股份,5.56084838,5.5706214,5.59994046,5.50221026,11218412,63687103.0,0.515033,0.175743,2178192854.0,12133887725.819477,2026-07-14
2018-03-13,sh.600869,远东股份,5.51198328,5.48266422,5.56084838,5.4728912,8444181,47580315.0,0.387669,-1.578942,2178193510.0,11942303621.513212,2026-07-14
2018-03-14,sh.600869,远东股份,5.49243724,5.38493402,5.50221026,5.375161,7197367,39958138.0,0.330429,-1.782529,2178188658.0,11729402206.442345,2026-07-14
2018-03-15,sh.600869,远东股份,5.41425308,5.34584194,5.43379912,5.30674986,5949608,32689442.0,0.273144,-0.725961,2178194652.0,11644284324.145304,2026-07-14
2018-03-16,sh.600869,远东股份,5.34584194,5.4728912,5.48266422,5.30674986,7074110,39200097.0,0.32477,2.376602,2178190720.0,11921000823.409664,2026-07-14
2018-03-19,sh.600869,远东股份,5.44357214,5.63903254,5.7172167,5.43379912,18694591,106794534.0,0.858262,3.035716,2178191624.0,12282893446.091444,2026-07-14
2018-03-20,sh.600869,远东股份,6.2058677,6.03972636,6.2058677,5.97131522,55538825,346945924.0,2.549767,7.105716,2178192164.0,13155684630.056244,2026-07-14
2018-03-21,sh.600869,远东股份,5.863812,5.82471992,6.04949938,5.7660818,34810103,209381080.0,1.598119,-3.559867,2178192175.0,12687359351.310625,2026-07-14
2018-03-22,sh.600869,远东股份,5.863812,5.68789764,5.92245012,5.67812462,18662017,110193874.0,0.856766,-2.348991,2178192996.0,12389338801.41293,2026-07-14
2018-03-23,sh.600869,远东股份,5.4240261,5.29697684,5.54130234,5.1308355,19551999,107647714.0,0.897625,-6.872854,2178192341.0,11537834383.342382,2026-07-14
2018-03-26,sh.600869,远东股份,5.19924664,5.36538798,5.39470704,5.06242436,9424333,50749232.0,0.432668,1.291507,2178190437.0,11686836788.830748,2026-07-14
2018-03-27,sh.600869,远东股份,5.43379912,5.43379912,5.49243724,5.39470704,9062117,50477223.0,0.416039,1.275049,2178189304.0,11835843123.268612,2026-07-14
2018-03-28,sh.600869,远东股份,5.36538798,5.38493402,5.39470704,5.28720382,5750827,31534170.0,0.264018,-0.899276,2178195047.0,11729436610.785799,2026-07-14
2018-03-29,sh.600869,远东股份,5.35561496,5.40448006,5.4240261,5.35561496,5213761,28755496.0,0.239362,0.362976,2178190774.0,11771988604.958967,2026-07-14
2018-03-30,sh.600869,远东股份,5.4240261,5.43379912,5.44357214,5.375161,5645441,31250322.0,0.25918,0.542491,2178193148.0,11835864010.792429,2026-07-14
2018-04-02,sh.600869,远东股份,5.45334516,5.43379912,5.46311818,5.36538798,10131035,55932730.0,0.465112,0.0,2178192564.0,11835860837.453743,2026-07-14
2018-04-03,sh.600869,远东股份,5.39470704,5.38493402,5.43379912,5.30674986,5839022,32175427.0,0.268067,-0.899276,2178195003.0,11729436373.848703,2026-07-14
2018-04-04,sh.600869,远东股份,5.36538798,5.38493402,5.44357214,5.35561496,4745927,26168565.0,0.217884,0.0,2178189771.0,11729408199.873909,2026-07-14
2018-04-09,sh.600869,远东股份,5.31652288,5.375161,5.38493402,5.29697684,4062118,22230594.0,0.18649,-0.181492,2178196150.0,11708154995.83015,2026-07-14
2018-04-10,sh.600869,远东股份,5.375161,5.3262959,5.39470704,5.31652288,4660110,25452744.0,0.213944,-0.909094,2178191489.0,11601692397.275595,2026-07-14
2018-04-11,sh.600869,远东股份,5.34584194,5.33606892,5.34584194,5.30674986,5051569,27524907.0,0.231916,0.18349,2178189086.0,11622967083.687807,2026-07-14
2018-04-12,sh.600869,远东股份,5.33606892,5.2774308,5.33606892,5.26765778,3668100,19857447.0,0.168401,-1.0989,2178193716.0,11495266605.184853,2026-07-14
2018-04-13,sh.600869,远东股份,5.28720382,5.20901966,5.31652288,5.19924664,3465400,18621702.0,0.159095,-1.296299,2178195418.0,11346262755.683918,2026-07-14
2018-04-16,sh.600869,远东股份,5.20901966,5.14060852,5.24811174,5.12106248,6109011,32354553.0,0.280462,-1.313315,2178195620.0,11197250962.398682,2026-07-14
2018-04-17,sh.600869,远东股份,5.1308355,5.0819704,5.1797006,5.02333228,5492456,28669371.0,0.252157,-1.140692,2178188985.0,11069491947.376045,2026-07-14
2018-04-18,sh.600869,远东股份,5.09174342,5.09174342,5.14060852,5.00378624,4061703,21061651.0,0.186471,0.192312,2178195537.0,11090812792.993116,2026-07-14
2018-04-19,sh.600869,远东股份,5.11128946,5.06242436,5.12106248,5.05265134,3267872,16968675.0,0.150027,-0.57582,2178189259.0,11026918365.451948,2026-07-14
2018-04-20,sh.600869,远东股份,5.07219738,4.94514812,5.0819704,4.94514812,3817473,19594905.0,0.175259,-2.3166,2178189423.0,10771469330.152334,2026-07-14
2018-04-23,sh.600869,远东股份,5.01355926,5.04287832,5.06242436,4.96469416,5387081,27674626.0,0.247319,1.976283,2178191324.0,10984353804.611694,2026-07-14
2018-04-24,sh.600869,远东股份,5.04287832,5.07219738,5.11128946,5.01355926,2994967,15544252.0,0.137498,0.581399,2178189501.0,11048207080.115707,2026-07-14
2018-04-25,sh.600869,远东股份,5.09174342,5.12106248,5.2285657,5.0819704,5987073,31652954.0,0.274864,0.963386,2178194671.0,11154671003.794044,2026-07-14
2018-04-26,sh.600869,远东股份,5.1308355,5.10151644,5.18947362,5.09174342,4077537,21412648.0,0.187198,-0.381679,2178194746.0,11112096306.240625,2026-07-14
2018-04-27,sh.600869,远东股份,5.11128946,5.14060852,5.1797006,5.11128946,2507745,13194917.0,0.11513,0.766292,2178185529.0,11197199088.518106,2026-07-14
2018-05-02,sh.600869,远东股份,5.14060852,5.15038154,5.16992758,5.1308355,2442366,12883805.0,0.112128,0.190109,2178194563.0,11218533067.803566,2026-07-14
2018-05-03,sh.600869,远东股份,5.16015456,5.1308355,5.1797006,5.09174342,3897863,20431880.0,0.178949,-0.379506,2178197699.0,11175974080.047514,2026-07-14
2018-05-04,sh.600869,远东股份,5.1308355,5.0819704,5.1308355,5.05265134,2633289,13680628.0,0.120893,-0.952385,2178198076.0,11069538147.56895,2026-07-14
2018-05-07,sh.600869,远东股份,5.0819704,5.18947362,5.19924664,5.05265134,5641603,29691219.0,0.259004,2.115387,2178191457.0,11303667105.410866,2026-07-14
2018-05-08,sh.600869,远东股份,5.18947362,5.16015456,5.18947362,5.10151644,4696984,24684900.0,0.215637,-0.564967,2178190199.0,11239798087.917156,2026-07-14
2018-05-09,sh.600869,远东股份,5.14060852,5.12106248,5.15038154,5.11128946,2770700,14520433.0,0.127202,-0.757584,2178189022.0,11154642074.912094,2026-07-14
2018-05-10,sh.600869,远东股份,5.1308355,5.20901966,5.23833872,5.1308355,6462042,34388066.0,0.29667,1.71756,2178191930.0,11346244586.623344,2026-07-14
2018-05-11,sh.600869,远东股份,5.18947362,5.16992758,5.19924664,5.14060852,2863083,15129061.0,0.131443,-0.750468,2178193590.0,11261103115.520212,2026-07-14
2018-05-14,sh.600869,远东股份,5.19924664,5.1797006,5.19924664,5.16992758,3940100,20911759.0,0.180889,0.18904,2178186623.0,11282354558.065075,2026-07-14
2018-05-15,sh.600869,远东股份,5.21879268,5.1797006,5.21879268,5.1308355,2781860,14715377.0,0.127714,0.0,2178195030.0,11282398103.80802,2026-07-14
2018-05-16,sh.600869,远东股份,5.16015456,5.1308355,5.16015456,5.12106248,3042900,15990907.0,0.139698,-0.9434,2178198686.0,11175979144.182152,2026-07-14
2018-05-17,sh.600869,远东股份,5.1308355,5.06242436,5.14060852,5.05265134,2741838,14299954.0,0.125877,-1.333337,2178188231.0,11026913161.279707,2026-07-14
2018-05-18,sh.600869,远东股份,5.07219738,5.14060852,5.15038154,5.06242436,2360304,12339750.0,0.108361,1.544409,2178185879.0,11197200887.731089,2026-07-14
2018-05-21,sh.600869,远东股份,5.15038154,5.16992758,5.20901966,5.15038154,3516520,18629089.0,0.161442,0.570337,2178194026.0,11261105369.608639,2026-07-14
2018-05-22,sh.600869,远东股份,5.1797006,5.4240261,5.59016744,5.16015456,16588094,91935471.0,0.761553,4.914938,2178192982.0,11814575585.20483,2026-07-14
2018-05-23,sh.600869,远东股份,5.4240261,5.34584194,5.4240261,5.3262959,6700772,36757692.0,0.30763,-1.441449,2178191984.0,11644270061.439009,2026-07-14
2018-05-24,sh.600869,远东股份,5.33606892,5.26765778,5.36538798,5.23833872,5840625,31571777.0,0.268141,-1.462522,2178191698.0,11473968444.301111,2026-07-14
2018-05-25,sh.600869,远东股份,5.24811174,5.16015456,5.2774308,5.07219738,6224857,33043843.0,0.285781,-2.04081,2178191342.0,11239803985.973818,2026-07-14
2018-05-28,sh.600869,远东股份,5.1308355,5.2285657,5.30674986,5.1308355,6329788,33916657.0,0.290598,1.325752,2178193931.0,11388830075.574766,2026-07-14
2018-05-29,sh.600869,远东股份,5.18947362,5.1308355,5.19924664,5.1308355,3186632,16814275.0,0.146297,-1.869157,2178193675.0,11175953433.565462,2026-07-14
2018-05-30,sh.600869,远东股份,5.1308355,5.04287832,5.1308355,4.96469416,4799274,24702668.0,0.220333,-1.714289,2178191192.0,10984353138.951757,2026-07-14
2018-05-31,sh.600869,远东股份,5.10151644,5.07219738,5.11128946,5.0331053,3024232,15694880.0,0.138841,0.581399,2178198083.0,11048250609.713623,2026-07-14
2018-06-01,sh.600869,远东股份,5.07219738,5.04287832,5.07219738,5.00378624,3366438,17329391.0,0.154552,-0.578039,2178191159.0,10984352972.536772,2026-07-14
2018-06-04,sh.600869,远东股份,5.04287832,5.05265134,5.06242436,4.9842402,3587784,18432497.0,0.164714,0.193803,2178190075.0,11005635001.22345,2026-07-14
2018-06-05,sh.600869,远东股份,5.05265134,5.07219738,5.0819704,5.02333228,3398388,17566949.0,0.156019,0.386847,2178188554.0,11048202276.74479,2026-07-14
2018-06-06,sh.600869,远东股份,5.07219738,5.04287832,5.07219738,5.00378624,3217743,16555205.0,0.147725,-0.578039,2178198003.0,10984387485.995995,2026-07-14
2018-06-07,sh.600869,远东股份,5.06242436,5.04287832,5.06242436,5.00378624,2446715,12586213.0,0.112328,0.0,2178187985.0,10984336966.440985,2026-07-14
2018-06-08,sh.600869,远东股份,5.05265134,5.05265134,5.05265134,4.9353751,4475349,22846834.0,0.205462,0.193803,2178188181.0,11005625431.501812,2026-07-14
2018-06-11,sh.600869,远东股份,5.12106248,5.07219738,5.14060852,5.05265134,5108044,26671133.0,0.234508,0.386847,2178196053.0,11048240313.152943,2026-07-14
2018-06-12,sh.600869,远东股份,5.01355926,5.05265134,5.09174342,4.96469416,4055168,20865093.0,0.186171,-0.385356,2178195315.0,11005661477.116472,2026-07-14
2018-06-13,sh.600869,远东股份,5.06242436,5.04287832,5.06242436,4.96469416,3450038,17653495.0,0.15839,-0.193428,2178191805.0,10984356230.236168,2026-07-14
2018-06-14,sh.600869,远东股份,5.01355926,5.0331053,5.04287832,4.9842402,2164404,11111576.0,0.099367,-0.193794,2178191955.0,10963069473.127861,2026-07-14
2018-06-15,sh.600869,远东股份,5.0331053,4.9353751,5.0331053,4.89628302,5479660,27717376.0,0.251569,-1.941746,2178193657.0,10750202737.73574,2026-07-14
2018-06-19,sh.600869,远东股份,4.88651,4.81809886,4.88651,4.47604316,7783489,37105386.0,0.357337,-2.376245,2178192854.0,10494748506.717546,2026-07-14
2018-06-20,sh.600869,远东股份,4.7399147,4.76923376,4.80832584,4.6421845,3582149,17385694.0,0.164455,-1.014193,2178194035.0,10388316527.55262,2026-07-14
2018-06-21,sh.600869,远东股份,4.76923376,4.75946074,4.7887798,4.60309242,4278000,20640412.0,0.196401,-0.204923,2178196649.0,10367041434.91506,2026-07-14
2018-06-22,sh.600869,远东股份,4.7399147,4.74968772,4.79855282,4.67150356,2621610,12737177.0,0.120357,-0.205334,2178194870.0,10345745425.805996,2026-07-14
2018-06-25,sh.600869,远东股份,4.7887798,4.6910496,4.79855282,4.66173054,2785002,13404138.0,0.127858,-1.234567,2178199252.0,10218040729.8149,2026-07-14
2018-06-26,sh.600869,远东股份,4.66173054,4.63241148,4.66173054,4.51513524,2108427,9913276.0,0.096797,-1.250009,2178194572.0,10090293541.006487,2026-07-14
2018-06-27,sh.600869,远东股份,4.63241148,4.58354638,4.67150356,4.56400034,2191622,10332057.0,0.100617,-1.054846,2178182613.0,9983801030.79509,2026-07-14
2018-06-28,sh.600869,远东股份,4.58354638,4.53468128,4.58354638,4.4955892,3758869,17458013.0,0.172568,-1.066102,2178195842.0,9877423908.891237,2026-07-14
2018-06-29,sh.600869,远东股份,4.5444543,4.61286544,4.6421845,4.4955892,3402189,15936795.0,0.156193,1.724136,2178195566.0,10047723047.962639,2026-07-14
2018-07-02,sh.600869,远东股份,4.5933194,4.61286544,4.82787188,4.5933194,5999541,28815154.0,0.275437,0.0,2178189931.0,10047697054.465885,2026-07-14
2018-07-03,sh.600869,远东股份,4.5933194,4.6421845,4.66173054,4.55422732,4002840,18922972.0,0.183769,0.635598,2178191099.0,10111564957.815765,2026-07-14
2018-07-04,sh.600869,远东股份,4.63241148,4.55422732,4.63241148,4.53468128,2879800,13518799.0,0.132211,-1.89474,2178184871.0,9919949047.518875,2026-07-14
2018-07-05,sh.600869,远东股份,4.55422732,4.57377336,4.60309242,4.47604316,3888502,18019652.0,0.17852,0.429184,2178188438.0,9962540250.78441,2026-07-14
2018-07-06,sh.600869,远东股份,4.60309242,4.55422732,4.61286544,4.47604316,6268977,29155695.0,0.287806,-0.42735,2178195382.0,9919996917.002235,2026-07-14
2018-07-09,sh.600869,远东股份,4.53468128,4.53468128,4.57377336,4.46627014,13900518,64006307.0,0.638168,-0.429184,2178191009.0,9877401992.776611,2026-07-14
2018-07-10,sh.600869,远东股份,4.53468128,4.52490826,4.53468128,4.45649712,8424872,38743823.0,0.386783,-0.215512,2178190872.0,9856113868.569403,2026-07-14
2018-07-11,sh.600869,远东股份,4.4955892,4.47604316,4.51513524,4.35876692,8117773,36786609.0,0.372684,-1.079918,2178191980.0,9749681313.245855,2026-07-14
2018-07-12,sh.600869,远东股份,4.41740504,4.51513524,4.5444543,4.397859,6059160,27838975.0,0.278174,0.873362,2178190629.0,9834825268.435667,2026-07-14
2018-07-13,sh.600869,远东股份,4.52490826,4.47604316,4.52490826,4.4467241,4826900,22093102.0,0.221601,-0.8658,2178194142.0,9749690990.451168,2026-07-14
2018-07-16,sh.600869,远东股份,4.46627014,4.4955892,4.51513524,4.4467241,3760134,17211687.0,0.172626,0.436681,2178196795.0,9792277987.076614,2026-07-14
2018-07-17,sh.600869,远东股份,4.4955892,4.51513524,4.51513524,4.46627014,4729378,21715142.0,0.217124,0.434782,2178192185.0,9834832293.9861,2026-07-14
2018-07-18,sh.600869,远东股份,4.50536222,4.47604316,4.52490826,4.47604316,3724454,17130043.0,0.170988,-0.8658,2178196131.0,9749699893.301014,2026-07-14
2018-07-19,sh.600869,远东股份,4.45649712,4.4955892,4.50536222,4.40763202,5028154,22881914.0,0.230841,0.436681,2178189316.0,9792244364.564987,2026-07-14
2018-07-20,sh.600869,远东股份,4.46627014,4.46627014,4.4955892,4.42717806,5325545,24328435.0,0.244494,-0.652168,2178190467.0,9728387041.994755,2026-07-14
2018-07-23,sh.600869,远东股份,4.4467241,4.47604316,4.47604316,4.41740504,4850187,22064194.0,0.22267,0.218813,2178195087.0,9749695220.311954,2026-07-14
2018-07-24,sh.600869,远东股份,4.45649712,4.5444543,4.5444543,4.4467241,7414289,34232038.0,0.340387,1.528388,2178193938.0,9898702807.778034,2026-07-14
2018-07-25,sh.600869,远东股份,4.53468128,4.56400034,4.57377336,4.51513524,5665079,26354060.0,0.260082,0.430107,2178189571.0,9941257942.628454,2026-07-14
2018-07-26,sh.600869,远东股份,4.5444543,4.6910496,4.77900678,4.5444543,15813135,75689931.0,0.725975,2.783728,2178192775.0,10218010345.88664,2026-07-14
2018-07-27,sh.600869,远东股份,4.68127658,4.63241148,4.68127658,4.61286544,5717555,27147404.0,0.262491,-1.250009,2178190871.0,10090276396.4516,2026-07-14
2018-07-30,sh.600869,远东股份,4.62263846,4.60309242,4.66173054,4.58354638,5081683,24009260.0,0.233298,-0.632906,2178193984.0,10026428217.040003,2026-07-14
2018-07-31,sh.600869,远东股份,4.60309242,4.51513524,4.60309242,4.45649712,8165802,37690244.0,0.374889,-1.910831,2178191945.0,9834831210.353642,2026-07-14
2018-08-01,sh.600869,远东股份,4.52490826,4.47604316,4.53468128,4.45649712,6235318,28668178.0,0.286261,-0.8658,2178193327.0,9749687342.475992,2026-07-14
2018-08-02,sh.600869,远东股份,4.45649712,4.46627014,4.47604316,4.30990182,7454904,33510552.0,0.342252,-0.218335,2178191508.0,9728391691.381971,2026-07-14
2018-08-03,sh.600869,远东股份,4.4467241,4.46627014,4.48581618,4.38808598,3841371,17414272.0,0.176356,0.0,2178191272.0,9728390637.342218,2026-07-14
2018-08-06,sh.600869,远东股份,4.42717806,4.46627014,4.47604316,4.36853994,5203809,23582522.0,0.238905,0.0,2178191750.0,9728392772.219345,2026-07-14
2018-08-07,sh.600869,远东股份,4.46627014,4.50536222,4.51513524,4.42717806,3838853,17574747.0,0.17624,0.875273,2178196210.0,9813562912.281187,2026-07-14
2018-08-08,sh.600869,远东股份,4.51513524,4.48581618,4.52490826,4.45649712,2876341,13215564.0,0.132052,-0.433839,2178188138.0,9770951592.524471,2026-07-14
2018-08-09,sh.600869,远东股份,4.45649712,4.57377336,4.58354638,4.4467241,6023629,27980822.0,0.276543,1.960777,2178188925.0,9962542478.212038,2026-07-14
2018-08-10,sh.600869,远东股份,4.56400034,4.57377336,4.60309242,4.5444543,3448951,16130100.0,0.15834,0.0,2178193129.0,9962561706.355244,2026-07-14
2018-08-13,sh.600869,远东股份,4.5933194,4.60309242,4.62263846,4.5444543,5381921,25289986.0,0.247082,0.64103,2178192260.0,10026420281.30867,2026-07-14
2018-08-14,sh.600869,远东股份,4.62263846,4.56400034,4.62263846,4.5444543,4295260,20130739.0,0.197194,-0.849256,2178190006.0,9941259927.968601,2026-07-14
2018-08-15,sh.600869,远东股份,4.58354638,4.48581618,4.58354638,4.46627014,3765945,17369375.0,0.172893,-1.71306,2178194028.0,9770978013.981771,2026-07-14
2018-08-16,sh.600869,远东股份,4.47604316,4.47604316,4.48581618,4.41740504,4089314,18618320.0,0.187739,-0.21787,2178190999.0,9749676922.247517,2026-07-14
2018-08-17,sh.600869,远东股份,4.48581618,4.47604316,4.53468128,4.4467241,4517600,20754342.0,0.207401,0.0,2178195862.0,9749698689.245403,2026-07-14
2018-08-20,sh.600869,远东股份,4.4467241,4.46627014,4.48581618,4.35876692,5277661,23824240.0,0.242296,-0.218335,2178187424.0,9728373451.134718,2026-07-14
2018-08-21,sh.600869,远东股份,4.43695108,4.46627014,4.46627014,4.397859,2753700,12525265.0,0.126421,0.0,2178198242.0,9728421767.245094,2026-07-14
2018-08-22,sh.600869,远东股份,4.46627014,4.45649712,4.46627014,4.38808598,3880456,17578315.0,0.17815,-0.218823,2178195902.0,9707123764.058802,2026-07-14
2018-08-23,sh.600869,远东股份,4.42717806,4.45649712,4.46627014,4.40763202,2560700,11626893.0,0.117561,0.0,2178188345.0,9707090086.310066,2026-07-14
2018-08-24,sh.600869,远东股份,4.4467241,4.46627014,4.46627014,4.42717806,2492475,11333348.0,0.114429,0.219303,2178184726.0,9728361401.13788,2026-07-14
2018-08-27,sh.600869,远东股份,4.45649712,4.50536222,4.52490826,4.4467241,3487126,16009672.0,0.160093,0.875273,2178187678.0,9813524472.530725,2026-07-14
2018-08-28,sh.600869,远东股份,4.4955892,4.48581618,4.51513524,4.46627014,1900721,8724706.0,0.087261,-0.433839,2178202175.0,9771014559.926191,2026-07-14
2018-08-29,sh.600869,远东股份,4.4955892,4.47604316,4.4955892,4.43695108,2130488,9722061.0,0.09781,-0.21787,2178190369.0,9749674102.340326,2026-07-14
2018-08-30,sh.600869,远东股份,4.47604316,4.45649712,4.47604316,4.41740504,2844600,12923196.0,0.130595,-0.436681,2178184463.0,9707072786.188246,2026-07-14
2018-08-31,sh.600869,远东股份,4.43695108,4.43695108,4.4467241,4.397859,3359404,15192704.0,0.154229,-0.438596,2178192169.0,9664532096.692093,2026-07-14
2018-09-03,sh.600869,远东股份,4.42717806,4.42717806,4.43695108,4.35876692,3699100,16630447.0,0.169824,-0.220259,2178196250.0,9643262648.374275,2026-07-14
2018-09-04,sh.600869,远东股份,4.42717806,4.42717806,4.4467241,4.397859,2487449,11253694.0,0.114198,0.0,2178189636.0,9643233367.018587,2026-07-14
2018-09-05,sh.600869,远东股份,4.42717806,4.41740504,4.42717806,4.38808598,2612768,11786594.0,0.119951,-0.220756,2178196097.0,9621974416.99613,2026-07-14
2018-09-06,sh.600869,远东股份,4.397859,4.40763202,4.41740504,4.31967484,5695478,25475784.0,0.261477,-0.221233,2178194640.0,9600680441.056374,2026-07-14
2018-09-07,sh.600869,远东股份,4.38808598,4.41740504,4.42717806,4.36853994,3352626,15086943.0,0.153918,0.221724,2178189685.0,9621946092.595013,2026-07-14
2018-09-10,sh.600869,远东股份,4.41740504,4.397859,4.41740504,4.37831296,2774689,12474446.0,0.127385,-0.442478,2178191310.0,9579378256.40529,2026-07-14
2018-09-11,sh.600869,远东股份,4.397859,4.397859,4.40763202,4.3489939,2273420,10195763.0,0.104372,0.0,2178189553.0,9579370529.367027,2026-07-14
2018-09-12,sh.600869,远东股份,4.38808598,4.397859,4.40763202,4.37831296,1878003,8442055.0,0.086218,0.0,2178202927.0,9579429346.333294,2026-07-14
2018-09-13,sh.600869,远东股份,4.40763202,4.43695108,4.43695108,4.38808598,2925874,13225837.0,0.134326,0.888888,2178188884.0,9664517521.307795,2026-07-14
2018-09-14,sh.600869,远东股份,4.4467241,4.4467241,4.45649712,4.41740504,2132600,9684612.0,0.097907,0.220269,2178189506.0,9685807770.697294,2026-07-14
2018-09-17,sh.600869,远东股份,4.43695108,4.41740504,4.43695108,4.397859,2082400,9410012.0,0.095602,-0.659345,2178197109.0,9621978887.41003,2026-07-14
2018-09-18,sh.600869,远东股份,4.41740504,4.43695108,4.4467241,4.397859,1966666,8913781.0,0.090289,0.442478,2178190034.0,9664522623.801537,2026-07-14
2018-09-19,sh.600869,远东股份,4.42717806,4.48581618,4.66173054,4.41740504,6028012,27997131.0,0.276744,1.101326,2178190674.0,9770962968.554304,2026-07-14
2018-09-20,sh.600869,远东股份,4.4955892,4.46627014,4.55422732,4.45649712,3575109,16451797.0,0.164132,-0.435729,2178191334.0,9728390914.250967,2026-07-14
2018-09-21,sh.600869,远东股份,4.46627014,4.51513524,4.52490826,4.46627014,3396653,15657865.0,0.155939,1.094086,2178193396.0,9834837761.814875,2026-07-14
2018-09-25,sh.600869,远东股份,4.48581618,4.50536222,4.56400034,4.47604316,3043066,14046182.0,0.139706,-0.216445,2178192776.0,9813547440.867323,2026-07-14
2018-09-26,sh.600869,远东股份,4.50536222,4.47604316,4.52490826,4.45649712,3714443,17012597.0,0.170529,-0.650764,2178188461.0,9749665562.049976,2026-07-14
2018-09-27,sh.600869,远东股份,4.47604316,4.41740504,4.47604316,4.38808598,4423263,19983344.0,0.20307,-1.310043,2178196189.0,9621974823.397392,2026-07-14
2018-09-28,sh.600869,远东股份,4.397859,4.397859,4.41740504,4.35876692,4921210,22055609.0,0.225931,-0.442478,2178191572.0,9579379408.644348,2026-07-14
2018-10-08,sh.600869,远东股份,4.3489939,4.397859,4.397859,4.33922088,3997701,17854487.0,0.183533,0.0,2178191933.0,9579380996.271448,2026-07-14
2018-10-09,sh.600869,远东股份,4.38808598,4.397859,4.397859,4.3489939,2350100,10510470.0,0.107892,0.0,2178196715.0,9579402026.833185,2026-07-14
2018-10-10,sh.600869,远东股份,4.38808598,4.38808598,4.397859,4.35876692,2451256,10972704.0,0.112536,-0.222227,2178197199.0,9558116590.60717,2026-07-14
2018-10-11,sh.600869,远东股份,4.33922088,4.24149068,4.33922088,4.02648424,9890261,42271215.0,0.454058,-3.340749,2178193315.0,9238786644.810804,2026-07-14
2018-10-12,sh.600869,远东股份,4.11444142,4.02648424,4.18285256,3.99716518,9769323,40604831.0,0.448506,-5.06913,2178192265.0,8770456826.712404,2026-07-14
2018-10-15,sh.600869,远东股份,4.04603028,4.01671122,4.06557632,3.92875404,7110773,29166468.0,0.326453,-0.242712,2178191960.0,8749168085.045792,2026-07-14
2018-10-16,sh.600869,远东股份,4.01671122,4.01671122,4.01671122,3.87011592,6449800,26065050.0,0.296108,0.0,2178191741.0,8749167205.386034,2026-07-14
2018-10-17,sh.600869,远东股份,3.98739216,4.06557632,4.06557632,3.96784612,5790613,23858296.0,0.265845,1.216538,2178191427.0,8855603486.038208,2026-07-14
2018-10-18,sh.600869,远东股份,4.04603028,4.02648424,4.0558033,3.96784612,5163309,21146338.0,0.237046,-0.961538,2178188622.0,8770442158.230318,2026-07-14
2018-10-19,sh.600869,远东股份,3.99716518,4.07534934,4.08512236,3.92875404,4972938,20501411.0,0.228306,1.213597,2178189798.0,8876884355.674032,2026-07-14
2018-10-22,sh.600869,远东股份,4.1046684,4.23171766,4.2512637,4.08512236,7997696,34400399.0,0.367171,3.836927,2178193812.0,9217501221.14312,2026-07-14
2018-10-23,sh.600869,远东股份,4.2023986,4.22194464,4.2512637,4.18285256,3562512,15347530.0,0.163554,-0.230941,2178187021.0,9196185018.228518,2026-07-14
2018-10-24,sh.600869,远东股份,4.19262558,4.22194464,4.23171766,4.18285256,2891422,12446159.0,0.132744,0.0,2178194118.0,9196214981.369629,2026-07-14
2018-10-25,sh.600869,远东股份,4.13398746,4.23171766,4.24149068,4.1046684,4647757,19807802.0,0.213377,0.231476,2178190245.0,9217486126.606228,2026-07-14
2018-10-26,sh.600869,远东股份,4.2512637,4.2512637,4.3001288,4.22194464,2381022,10354216.0,0.109312,0.461893,2178189037.0,9260055984.736057,2026-07-14
2018-10-29,sh.600869,远东股份,4.2023986,4.22194464,4.23171766,4.18285256,2466530,10621200.0,0.113238,-0.689649,2178182236.0,9196164816.223415,2026-07-14
2018-10-30,sh.600869,远东股份,4.18285256,4.23171766,4.24149068,4.18285256,1907838,8234115.0,0.087588,0.231476,2178195643.0,9217508969.418156,2026-07-14
2018-10-31,sh.600869,远东股份,4.2023986,4.24149068,4.28058276,4.2023986,2804200,12166869.0,0.12874,0.230952,2178188597.0,9238766633.457777,2026-07-14
2018-11-01,sh.600869,远东股份,4.24149068,4.2512637,4.3001288,4.24149068,3535800,15452592.0,0.162327,0.230409,2178195864.0,9260085008.113337,2026-07-14
2018-11-02,sh.600869,远东股份,4.26103672,4.3489939,4.35876692,4.26103672,5458117,24167243.0,0.25058,2.298849,2178193391.0,9472949770.479315,2026-07-14
2018-11-05,sh.600869,远东股份,4.33922088,4.35876692,4.38808598,4.3001288,3614989,16085712.0,0.165963,0.224724,2178189717.0,9494221283.943762,2026-07-14
2018-11-06,sh.600869,远东股份,4.35876692,4.33922088,4.36853994,4.31967484,2478410,11008479.0,0.113783,-0.44843,2178190064.0,9451647806.317337,2026-07-14
2018-11-07,sh.600869,远东股份,4.33922088,4.31967484,4.397859,4.31967484,4034225,18007017.0,0.18521,-0.45045,2178189623.0,9409070911.222185,2026-07-14
2018-11-08,sh.600869,远东股份,4.33922088,4.28058276,4.3489939,4.28058276,2807765,12395466.0,0.128903,-0.904976,2178199887.0,9323964884.126148,2026-07-14
2018-11-09,sh.600869,远东股份,4.29035578,4.32944786,4.3489939,4.26103672,2670662,11757771.0,0.122609,1.141546,2178194097.0,9430377771.921282,2026-07-14
2018-11-12,sh.600869,远东股份,4.37831296,4.35876692,4.37831296,4.29035578,4956800,21937911.0,0.227565,0.677206,2178190847.0,9494226209.350382,2026-07-14
2018-11-13,sh.600869,远东股份,4.33922088,4.38808598,4.397859,4.3001288,11796960,52565394.0,0.541594,0.67264,2178192521.0,9558096063.140955,2026-07-14
2018-11-14,sh.600869,远东股份,4.36853994,4.37831296,4.4467241,4.35876692,5025449,22606717.0,0.230717,-0.222712,2178187563.0,9536786836.393715,2026-07-14
2018-11-15,sh.600869,远东股份,4.40763202,4.42717806,4.42717806,4.35876692,5609258,25193645.0,0.257519,1.116076,2178191900.0,9643243390.149714,2026-07-14
2018-11-16,sh.600869,远东股份,4.4467241,4.46627014,4.4955892,4.40763202,7819919,35720707.0,0.35901,0.883001,2178189744.0,9728383812.881443,2026-07-14
2018-11-19,sh.600869,远东股份,4.42717806,4.47604316,4.50536222,4.40763202,8959276,40933656.0,0.411317,0.218813,2178192489.0,9749683591.551825,2026-07-14
2018-11-20,sh.600869,远东股份,4.43695108,4.35876692,4.4467241,4.3489939,7416207,33363205.0,0.340475,-2.620085,2178194287.0,9494241203.508585,2026-07-14
2018-11-21,sh.600869,远东股份,4.3001288,4.47604316,4.5444543,4.3001288,12796208,58102461.0,0.587469,2.69058,2178192892.0,9749685395.397219,2026-07-14
2018-11-22,sh.600869,远东股份,4.50536222,4.58354638,4.67150356,4.43695108,12951501,60051024.0,0.594599,2.40175,2178190848.0,9983838776.29953,2026-07-14
2018-11-23,sh.600869,远东股份,4.50536222,4.53468128,4.6910496,4.45649712,17399942,80889297.0,0.798825,-1.066102,2178191969.0,9877406346.07064,2026-07-14
2018-11-26,sh.600869,远东股份,4.56400034,4.47604316,4.56400034,4.40763202,12452219,57168938.0,0.571677,-1.293102,2178191356.0,9749678520.194923,2026-07-14
2018-11-27,sh.600869,远东股份,4.4955892,4.4467241,4.4955892,4.38808598,4720654,21394302.0,0.216724,-0.655016,2178187003.0,9685796640.546873,2026-07-14
2018-11-28,sh.600869,远东股份,4.4467241,4.58354638,4.5933194,4.397859,21565661,99856199.0,0.990072,3.07692,2178191182.0,9983840307.20402,2026-07-14
2018-11-29,sh.600869,远东股份,4.5933194,4.52490826,4.6910496,4.46627014,15989653,74782408.0,0.734079,-1.279316,2178192402.0,9856120791.67904,2026-07-14
2018-11-30,sh.600869,远东股份,4.52490826,4.56400034,4.57377336,4.47604316,7242300,33557177.0,0.332491,0.86393,2178194297.0,9941279512.09406,2026-07-14
2018-12-03,sh.600869,远东股份,4.65195752,4.57377336,4.74968772,4.55422732,21771519,102370764.0,0.999523,0.214127,2178190897.0,9962551497.693104,2026-07-14
2018-12-04,sh.600869,远东股份,4.55422732,4.51513524,4.55422732,4.4955892,8889400,41109786.0,0.408109,-1.28205,2178192591.0,9834834127.131008,2026-07-14
2018-12-05,sh.600869,远东股份,4.45649712,4.51513524,4.52490826,4.43695108,9005271,41281036.0,0.413429,0.0,2178190451.0,9834824464.741594,2026-07-14
2018-12-06,sh.600869,远东股份,4.47604316,4.57377336,4.6421845,4.47604316,13198649,61542919.0,0.605945,1.2987,2178192575.0,9962559172.484802,2026-07-14
2018-12-07,sh.600869,远东股份,4.5933194,4.62263846,4.68127658,4.5444543,10667227,50257359.0,0.489729,1.06838,2178189774.0,10068983822.471107,2026-07-14
2018-12-10,sh.600869,远东股份,4.60309242,4.60309242,4.6421845,4.55422732,9299509,43769881.0,0.426937,-0.422833,2178192333.0,10026420617.334417,2026-07-14
2018-12-11,sh.600869,远东股份,4.61286544,4.62263846,4.73014168,4.57377336,13760086,65203467.0,0.631721,0.424628,2178190372.0,10068986586.808907,2026-07-14
2018-12-12,sh.600869,远东股份,4.6421845,4.56400034,4.65195752,4.55422732,6154886,28835607.0,0.282569,-1.268498,2178188690.0,9941253921.744154,2026-07-14
2018-12-13,sh.600869,远东股份,4.5933194,4.4955892,4.5933194,4.47604316,6454000,29846463.0,0.296301,-1.498933,2178190421.0,9792249332.191053,2026-07-14
2018-12-14,sh.600869,远东股份,4.46627014,4.47604316,4.51513524,4.42717806,8662577,39569760.0,0.397696,-0.434782,2178190628.0,9749675261.635504,2026-07-14
2018-12-17,sh.600869,远东股份,4.48581618,4.51513524,4.56400034,4.45649712,5225834,24109660.0,0.239916,0.873362,2178193201.0,9834836881.363504,2026-07-14
2018-12-18,sh.600869,远东股份,4.53468128,4.50536222,4.53468128,4.46627014,2917254,13422662.0,0.13393,-0.216445,2178193086.0,9813548837.529612,2026-07-14
2018-12-19,sh.600869,远东股份,4.47604316,4.50536222,4.51513524,4.46627014,4016766,18434878.0,0.184408,0.0,2178195089.0,9813557861.770138,2026-07-14
2018-12-20,sh.600869,远东股份,4.50536222,4.55422732,4.5933194,4.46627014,6683631,30940162.0,0.306843,1.084592,2178192431.0,9919983477.477415,2026-07-14
2018-12-21,sh.600869,远东股份,4.57377336,4.4955892,4.63241148,4.4955892,9167391,42920808.0,0.420872,-1.287552,2178189806.0,9792246567.403696,2026-07-14
2018-12-24,sh.600869,远东股份,4.5444543,4.53468128,4.5444543,4.4467241,9735158,45082489.0,0.446938,0.869564,2178189816.0,9877396582.901844,2026-07-14
2018-12-25,sh.600869,远东股份,4.4955892,4.5444543,4.57377336,4.47604316,12032027,55662448.0,0.552386,0.215522,2178191880.0,9898693455.291084,2026-07-14
2018-12-26,sh.600869,远东股份,4.55422732,4.68127658,4.7399147,4.50536222,19246601,91421723.0,0.883605,3.01075,2178190594.0,10196712614.468487,2026-07-14
2018-12-27,sh.600869,远东股份,4.7399147,4.72036866,4.76923376,4.60309242,18133864,87007633.0,0.832519,0.835072,2178192209.0,10281870238.81977,2026-07-14
2018-12-28,sh.600869,远东股份,4.70082262,4.7399147,4.84741792,4.61286544,19430625,93403999.0,0.892053,0.414078,2178191767.0,10324443175.822275,2026-07-14
2019-01-02,sh.600869,远东股份,4.68127658,4.60309242,4.72036866,4.5933194,6859100,32540659.0,0.314899,-2.886595,2178190467.0,10026412027.96396,2026-07-14
2019-01-03,sh.600869,远东股份,4.5933194,4.67150356,4.71059564,4.55422732,15323360,72582167.0,0.70349,1.486203,2178191588.0,10175429757.704052,2026-07-14
2019-01-04,sh.600869,远东股份,4.65195752,4.8376449,5.00378624,4.62263846,30290064,148363572.0,1.390606,3.556477,2178191666.0,10537317804.247404,2026-07-14
2019-01-07,sh.600869,远东股份,4.85719094,4.70082262,5.0331053,4.6910496,23933743,117203376.0,1.09879,-2.82828,2178190828.0,10239288714.93893,2026-07-14
2019-01-08,sh.600869,远东股份,4.71059564,4.6910496,4.74968772,4.67150356,17718287,85394277.0,0.81344,-0.207895,2178192245.0,10218007859.630352,2026-07-14
2019-01-09,sh.600869,远东股份,4.66173054,4.9842402,5.1308355,4.66173054,39312052,197403863.0,1.804802,6.249994,2178191957.0,10856631915.396072,2026-07-14
2019-01-10,sh.600869,远东股份,4.96469416,5.10151644,5.1797006,4.9353751,29372980,151698725.0,1.348503,2.352939,2178191669.0,11112080608.874538,2026-07-14
2019-01-11,sh.600869,远东股份,5.16992758,5.16992758,5.2285657,4.99401322,21710156,113883781.0,0.996705,1.341,2178192745.0,11261098746.931408,2026-07-14
2019-01-14,sh.600869,远东股份,5.20901966,5.24811174,5.30674986,5.05265134,19464360,103002721.0,0.877029,1.512286,2219351926.0,11647406898.032211,2026-07-14
2019-01-15,sh.600869,远东股份,5.2774308,5.05265134,5.36538798,4.99401322,23676139,124537268.0,1.066804,-3.724391,2219352290.0,11213613322.000568,2026-07-14
2019-01-16,sh.600869,远东股份,5.06242436,4.92560208,5.06242436,4.92560208,19676725,100233184.0,0.886597,-2.514509,2219353889.0,10931654131.91449,2026-07-14
2019-01-17,sh.600869,远东股份,4.91582906,4.89628302,4.9842402,4.85719094,15312738,77153832.0,0.689964,-0.595233,2219353184.0,10866581310.202137,2026-07-14
2019-01-18,sh.600869,远东股份,4.86696396,4.94514812,4.96469416,4.85719094,12167738,61561254.0,0.548256,0.997998,2219353368.0,10975031135.380867,2026-07-14
2019-01-21,sh.600869,远东股份,4.88651,5.375161,5.4240261,4.88651,39833890,207200599.0,1.794843,8.695653,2219352333.0,11929376105.600615,2026-07-14
2019-01-22,sh.600869,远东股份,5.33606892,5.4240261,5.5217563,5.14060852,40972115,222885845.0,1.846129,0.909094,2219352765.0,12037827322.467167,2026-07-14
2019-01-23,sh.600869,远东股份,5.40448006,5.4240261,5.4728912,5.21879268,23869782,129852553.0,1.075529,0.0,2219352709.0,12037827018.721704,2026-07-14
2019-01-24,sh.600869,远东股份,5.43379912,5.4728912,5.54130234,5.2774308,35829436,198917472.0,1.614409,0.900896,2219353088.0,12146277985.008026,2026-07-14
2019-01-25,sh.600869,远东股份,5.49243724,5.16992758,5.51198328,5.16992758,24404274,132154338.0,1.099612,-5.535713,2219353190.0,11473895266.741982,2026-07-14
2019-01-28,sh.600869,远东股份,5.28720382,5.02333228,5.28720382,4.99401322,20343759,106042115.0,0.916653,-2.835541,2219352252.0,11148543808.162294,2026-07-14
2019-01-29,sh.600869,远东股份,5.05265134,5.0331053,5.0819704,4.96469416,16096165,82637305.0,0.725264,0.194557,2219352539.0,11170235026.609356,2026-07-14
2019-01-30,sh.600869,远东股份,5.05265134,4.9842402,5.05265134,4.94514812,11644026,59482827.0,0.524659,-0.970877,2219351236.0,11061779648.390888,2026-07-14
2019-01-31,sh.600869,远东股份,5.0331053,4.9842402,5.07219738,4.90605604,11590877,59030179.0,0.522264,0.0,2219352090.0,11061783904.932018,2026-07-14
2019-02-01,sh.600869,远东股份,5.00378624,5.16992758,5.19924664,4.94514812,24549753,126561511.0,1.106167,3.725492,2219353226.0,11473895452.859373,2026-07-14
2019-02-11,sh.600869,远东股份,5.14060852,4.9842402,5.14060852,4.96469416,30000160,153861431.0,1.351753,-3.591683,2219352204.0,11061784473.1354,2026-07-14
2019-02-12,sh.600869,远东股份,4.96469416,4.85719094,4.97446718,4.84741792,27047128,135412123.0,1.218694,-2.549022,2219353505.0,10779823737.143244,2026-07-14
2019-02-13,sh.600869,远东股份,4.84741792,4.9353751,4.95492114,4.84741792,16462239,82971472.0,0.741759,1.609666,2219351434.0,10953331805.512894,2026-07-14
2019-02-14,sh.600869,远东股份,4.9353751,4.91582906,4.97446718,4.90605604,15270507,77217673.0,0.688061,-0.396039,2219353662.0,10909963226.077019,2026-07-14
2019-02-15,sh.600869,远东股份,4.88651,4.95492114,4.97446718,4.86696396,14417053,73097718.0,0.649606,0.795228,2219353423.0,10996721192.75406,2026-07-14
2019-02-18,sh.600869,远东股份,4.9353751,5.07219738,5.07219738,4.9353751,19719065,101563993.0,0.888505,2.366862,2219353296.0,11256997973.265566,2026-07-14
2019-02-19,sh.600869,远东股份,5.0819704,5.05265134,5.14060852,5.0331053,20243651,105136794.0,0.912142,-0.385356,2219353017.0,11213616995.278091,2026-07-14
2019-02-20,sh.600869,远东股份,5.04287832,5.0331053,5.07219738,5.00378624,13405400,69287583.0,0.604023,-0.386847,2219352574.0,11170235202.768042,2026-07-14
2019-02-21,sh.600869,远东股份,5.00378624,4.9353751,5.07219738,4.89628302,17781100,91339646.0,0.801184,-1.941746,2219352858.0,10953338833.487036,2026-07-14
2019-02-22,sh.600869,远东股份,4.86696396,4.96469416,4.97446718,4.85719094,15655369,78854254.0,0.705402,0.594054,2219354212.0,11018414895.287802,2026-07-14
2019-02-25,sh.600869,远东股份,4.97446718,5.14060852,5.16015456,4.96469416,32156758,167044496.0,1.448925,3.543313,2219352831.0,11408824071.924719,2026-07-14
2019-02-26,sh.600869,远东股份,5.1308355,5.2774308,5.2774308,5.10151644,38237765,203088812.0,1.722924,2.661594,2219352972.0,11712481730.50434,2026-07-14
2019-02-27,sh.600869,远东股份,5.30674986,5.18947362,5.30674986,5.14060852,30256390,161716745.0,1.363298,-1.66667,2219352629.0,11517271921.673147,2026-07-14
2019-02-28,sh.600869,远东股份,5.16992758,5.18947362,5.20901966,5.14060852,12958602,68568397.0,0.583891,0.0,2219352927.0,11517273468.136286,2026-07-14
2019-03-01,sh.600869,远东股份,5.19924664,5.16015456,5.20901966,5.10151644,11529583,60693391.0,0.519502,-0.564967,2219352957.0,11452204281.313032,2026-07-14
2019-03-04,sh.600869,远东股份,5.1797006,5.19924664,5.2774308,5.16015456,22501706,120244859.0,1.013886,0.757575,2219352669.0,11538961907.273283,2026-07-14
2019-03-05,sh.600869,远东股份,5.18947362,5.34584194,5.36538798,5.14060852,29405198,158250700.0,1.324945,2.819542,2219352350.0,11864306872.26756,2026-07-14
2019-03-06,sh.600869,远东股份,5.36538798,5.53152932,5.6683516,5.24811174,59734979,332065102.0,2.69155,3.473493,2219352381.0,12276412766.913311,2026-07-14
2019-03-07,sh.600869,远东股份,5.48266422,5.56084838,5.6194865,5.375161,49652726,278379766.0,2.237262,0.530039,2219352315.0,12341481725.517,2026-07-14
2019-03-08,sh.600869,远东股份,5.4240261,5.2774308,5.59994046,5.2774308,49421106,276294073.0,2.226825,-5.09666,2219352935.0,11712481535.239399,2026-07-14
2019-03-11,sh.600869,远东股份,5.4728912,5.80517388,5.80517388,5.35561496,81394008,467357014.0,3.667466,9.999999,2219352763.0,12883728690.27343,2026-07-14
2019-03-12,sh.600869,远东股份,6.08859146,5.92245012,6.24495978,5.8149469,143055924,880827441.0,6.44584,2.0202,2219352699.0,13144005658.514874,2026-07-14
2019-03-13,sh.600869,远东股份,5.73676274,5.6683516,5.90290408,5.48266422,76838400,450847916.0,3.462199,-4.290425,2219352498.0,12580070283.002296,2026-07-14
2019-03-14,sh.600869,远东股份,5.59994046,5.43379912,5.6194865,5.33606892,40931185,228799654.0,1.844285,-4.137935,2219352486.0,12059515585.396612,2026-07-14
2019-03-15,sh.600869,远东股份,5.49243724,5.51198328,5.5217563,5.39470704,27395770,153187687.0,1.234404,1.438848,2219352011.0,12233031177.066376,2026-07-14
2019-03-18,sh.600869,远东股份,5.54130234,5.55107536,5.5706214,5.4240261,22494603,126633660.0,1.013566,0.709219,2219352563.0,12319793327.622147,2026-07-14
2019-03-19,sh.600869,远东股份,5.54130234,5.64880556,5.70744368,5.5217563,29589823,169706067.0,1.333264,1.76057,2219352131.0,12536688657.190647,2026-07-14
2019-03-20,sh.600869,远东股份,5.68789764,5.65857858,5.69767066,5.54130234,34094004,196310986.0,1.536214,0.173006,2219352512.0,12558380585.872395,2026-07-14
2019-03-21,sh.600869,远东股份,5.6683516,5.62925952,5.67812462,5.59994046,27742651,160155070.0,1.250033,-0.51813,2219353489.0,12493316756.198465,2026-07-14
2019-03-22,sh.600869,远东股份,5.62925952,5.54130234,5.62925952,5.48266422,22620300,127891766.0,1.01923,-1.562503,2219351864.0,12298099677.266562,2026-07-14
2019-03-25,sh.600869,远东股份,5.4240261,5.375161,5.46311818,5.34584194,22972627,127311342.0,1.035105,-2.998238,2219352336.0,11929376121.726097,2026-07-14
2019-03-26,sh.600869,远东股份,5.38493402,5.20901966,5.4240261,5.19924664,21807600,118393512.0,0.982611,-3.09091,2219352317.0,11560649851.719553,2026-07-14
2019-03-27,sh.600869,远东股份,5.21879268,5.24811174,5.26765778,5.1797006,14506784,77515195.0,0.653649,0.750468,2219353812.0,11647416795.970953,2026-07-14
2019-03-28,sh.600869,远东股份,5.23833872,5.18947362,5.26765778,5.1797006,12504157,66782675.0,0.563415,-1.117317,2219351100.0,11517263986.967983,2026-07-14
2019-03-29,sh.600869,远东股份,5.21879268,5.30674986,5.31652288,5.14060852,17280046,92695105.0,0.778607,2.259885,2219354052.0,11777556804.741432,2026-07-14
2019-04-01,sh.600869,远东股份,5.35561496,5.43379912,5.45334516,5.3262959,21953034,121559914.0,0.989164,2.394109,2219352302.0,12059514585.577574,2026-07-14
2019-04-02,sh.600869,远东股份,5.46311818,5.40448006,5.48266422,5.38493402,22077600,122530681.0,0.994777,-0.539563,2219351674.0,11994441868.26062,2026-07-14
2019-04-03,sh.600869,远东股份,5.38493402,5.4240261,5.4240261,5.33606892,17243704,94829682.0,0.77697,0.361663,2219352613.0,12037826498.0152,2026-07-14
2019-04-04,sh.600869,远东股份,5.43379912,5.38493402,5.43379912,5.36538798,15204691,83917429.0,0.685096,-0.72072,2219351886.0,11951063473.272562,2026-07-14
2019-04-08,sh.600869,远东股份,5.40448006,5.34584194,5.43379912,5.29697684,17870000,98278974.0,0.80519,-0.725961,2219351954.0,11864304755.31415,2026-07-14
2019-04-09,sh.600869,远东股份,5.3262959,5.375161,5.38493402,5.31652288,10588038,58085745.0,0.477078,0.54845,2219351553.0,11929371912.975033,2026-07-14
2019-04-10,sh.600869,远东股份,5.35561496,5.3262959,5.36538798,5.28720382,12310601,67045832.0,0.554693,-0.909094,2219353949.0,11820935839.207508,2026-07-14
2019-04-11,sh.600869,远东股份,5.33606892,5.31652288,5.35561496,5.28720382,11570556,62970454.0,0.521348,-0.183482,2219353675.0,11799244591.949583,2026-07-14
2019-04-12,sh.600869,远东股份,5.3262959,5.31652288,5.3262959,5.2774308,10372675,56227960.0,0.467374,0.0,2219352168.0,11799236579.949604,2026-07-14
2019-04-15,sh.600869,远东股份,5.35561496,5.4728912,5.68789764,5.34584194,42762975,240745274.0,1.926822,2.941174,2219352644.0,12146275555.044333,2026-07-14
2019-04-16,sh.600869,远东股份,5.45334516,5.59016744,5.6194865,5.38493402,35341294,199396232.0,1.592414,2.142855,2219353384.0,12406557025.090616,2026-07-14
2019-04-17,sh.600869,远东股份,5.59994046,5.55107536,5.7172167,5.5217563,29344060,167925604.0,1.32219,-0.6993,2219352741.0,12319794315.71356,2026-07-14
2019-04-18,sh.600869,远东股份,5.49243724,5.53152932,5.6194865,5.4728912,21070859,119283401.0,0.949415,-0.352112,2219351811.0,12276409613.941599,2026-07-14
2019-04-19,sh.600869,远东股份,5.48266422,5.78562784,5.78562784,5.4728912,68194342,396380535.0,3.072713,4.593644,2219352800.0,12840349346.461952,2026-07-14
2019-04-22,sh.600869,远东股份,5.78562784,5.56084838,5.79540086,5.50221026,48227987,277892122.0,2.173065,-3.885135,2219353172.0,12341486491.164062,2026-07-14
2019-04-23,sh.600869,远东股份,5.56084838,5.375161,5.56084838,5.35561496,26324241,146120806.0,1.186122,-3.339193,2219353574.0,11929382776.175415,2026-07-14
2019-04-24,sh.600869,远东股份,5.375161,5.4728912,5.48266422,5.33606892,16470800,91180886.0,0.742144,1.81818,2219353656.0,12146281093.610228,2026-07-14
2019-04-25,sh.600869,远东股份,5.40448006,5.1308355,5.4240261,5.0819704,28790211,155432039.0,1.297235,-6.249999,2219352006.0,11387130059.381012,2026-07-14
2019-04-26,sh.600869,远东股份,5.11128946,5.14060852,5.2285657,5.02333228,15293956,80517440.0,0.689118,0.190481,2219352273.0,11408821203.465166,2026-07-14
2019-04-29,sh.600869,远东股份,5.15038154,4.94514812,5.16992758,4.90605604,16362700,84111098.0,0.737274,-3.802286,2219351286.0,10975020839.582481,2026-07-14
2019-04-30,sh.600869,远东股份,4.95492114,5.01355926,5.05265134,4.94514812,8371857,42878093.0,0.377221,1.383403,2219350725.0,11126846378.511463,2026-07-14
2019-05-06,sh.600869,远东股份,4.88651,4.73014168,4.9353751,4.72036866,20273019,99958692.0,0.913465,-5.653021,2219353670.0,10497857297.127966,2026-07-14
2019-05-07,sh.600869,远东股份,4.76923376,4.79855282,4.86696396,4.70082262,10829700,53020846.0,0.487967,1.446275,2219350899.0,10649672514.965986,2026-07-14
2019-05-08,sh.600869,远东股份,4.73014168,4.7887798,4.91582906,4.48581618,11240561,54857884.0,0.506479,-0.203661,2219353813.0,10627996708.747377,2026-07-14
2019-05-09,sh.600869,远东股份,4.72036866,4.7399147,4.79855282,4.72036866,5711104,27862707.0,0.257332,-1.020412,2219352432.0,10519541216.917551,2026-07-14
2019-05-10,sh.600869,远东股份,4.77900678,4.82787188,4.84741792,4.66173054,10618300,52089555.0,0.478441,1.855673,2219354111.0,10714757304.259298,2026-07-14
2019-05-13,sh.600869,远东股份,4.86696396,4.87673698,4.95492114,4.82787188,11496300,57598115.0,0.518002,1.01214,2219354365.0,10823207503.519918,2026-07-14
2019-05-14,sh.600869,远东股份,4.81809886,4.79855282,4.86696396,4.79855282,7619600,37631300.0,0.343325,-1.603205,2219354839.0,10649691421.264097,2026-07-14
2019-05-15,sh.600869,远东股份,4.82787188,4.8376449,4.86696396,4.80832584,8285353,40950768.0,0.373323,0.814663,2219352411.0,10736438872.376854,2026-07-14
2019-05-16,sh.600869,远东股份,4.8376449,4.82787188,4.85719094,4.80832584,7280600,36018297.0,0.328051,-0.202015,2219350040.0,10714737649.992876,2026-07-14
2019-05-17,sh.600869,远东股份,4.82787188,4.72036866,4.8376449,4.61286544,13368689,64576565.0,0.602369,-2.226723,2219352091.0,10476160055.861868,2026-07-14
2019-05-20,sh.600869,远东股份,4.71059564,4.61286544,4.71059564,4.55422732,7334600,34602310.0,0.330484,-2.277436,2219351012.0,10237567582.483826,2026-07-14
2019-05-21,sh.600869,远东股份,4.61286544,4.63241148,4.66173054,4.5933194,6614600,31371640.0,0.298042,0.423728,2219351635.0,10280949992.13077,2026-07-14
2019-05-22,sh.600869,远东股份,4.7399147,4.7399147,4.75946074,4.62263846,11664460,55895373.0,0.525579,2.320678,2219354274.0,10519549947.840427,2026-07-14
2019-05-23,sh.600869,远东股份,4.6421845,4.51513524,4.72036866,4.51513524,10251826,48111324.0,0.461929,-4.742269,2219351026.0,10020670027.422756,2026-07-14
2019-05-24,sh.600869,远东股份,4.52490826,4.52490826,4.57377336,4.46627014,6155552,28392118.0,0.277358,0.216455,2219352606.0,10042366938.741926,2026-07-14
2019-05-27,sh.600869,远东股份,4.52490826,4.5933194,4.5933194,4.48581618,6413787,29890969.0,0.288994,1.511872,2219349537.0,10194181283.683119,2026-07-14
2019-05-28,sh.600869,远东股份,4.58354638,4.55422732,4.61286544,4.5444543,6254100,29357969.0,0.281798,-0.851063,2219355709.0,10107450402.725769,2026-07-14
2019-05-29,sh.600869,远东股份,4.55422732,4.52490826,4.56400034,4.52490826,5555502,25821588.0,0.250321,-0.643771,2219351153.0,10042360364.050224,2026-07-14
2019-05-30,sh.600869,远东股份,4.4955892,4.52490826,4.66173054,4.48581618,7484200,34761699.0,0.337224,0.0,2219355680.0,10042380848.309917,2026-07-14
2019-05-31,sh.600869,远东股份,4.52490826,4.4955892,4.55422732,4.4955892,4972802,23011000.0,0.224065,-0.647953,2219356883.0,9977316834.160465,2026-07-14
2019-06-03,sh.600869,远东股份,4.51513524,4.48581618,4.52490826,4.35876692,9499154,43242469.0,0.428015,-0.217386,2219350724.0,9955599386.813913,2026-07-14
2019-06-04,sh.600869,远东股份,4.42717806,4.47604316,4.48581618,4.397859,5702899,25900602.0,0.256962,-0.21787,2219355002.0,9933928776.313885,2026-07-14
2019-06-05,sh.600869,远东股份,4.47604316,4.42717806,4.53468128,4.42717806,4929000,22564272.0,0.222092,-1.091697,2219350539.0,9825460013.709974,2026-07-14
2019-06-06,sh.600869,远东股份,4.40763202,4.41740504,4.47604316,4.29035578,10921106,48921317.0,0.492085,-0.220756,2219353567.0,9803783632.407778,2026-07-14
2019-06-10,sh.600869,远东股份,4.41740504,4.38808598,4.48581618,4.3489939,6236469,28182322.0,0.281004,-0.663721,2219352394.0,9738709124.790834,2026-07-14
2019-06-11,sh.600869,远东股份,4.397859,4.47604316,4.53468128,4.36853994,19547520,89042594.0,0.880776,2.004458,2219352026.0,9933915455.609442,2026-07-14
2019-06-12,sh.600869,远东股份,4.42717806,4.4467241,4.46627014,4.397859,9368800,42433457.0,0.422141,-0.655016,2219353249.0,9868851578.7416,2026-07-14
2019-06-13,sh.600869,远东股份,4.4955892,4.43695108,4.4955892,4.41740504,7998500,36398340.0,0.360398,-0.219785,2219351939.0,9847155982.646145,2026-07-14
2019-06-14,sh.600869,远东股份,4.4467241,4.40763202,4.4467241,4.3489939,11864500,53380944.0,0.534593,-0.660787,2219351918.0,9782086577.425215,2026-07-14
2019-06-17,sh.600869,远东股份,4.397859,4.397859,4.47604316,4.36853994,5277800,23819488.0,0.237808,-0.221735,2219353428.0,9760403447.510653,2026-07-14
2019-06-18,sh.600869,远东股份,4.38808598,4.397859,4.43695108,4.36853994,5089745,22876918.0,0.229335,0.0,2219349423.0,9760385834.085358,2026-07-14
2019-06-19,sh.600869,远东股份,4.42717806,4.42717806,4.46627014,4.397859,11721877,53011692.0,0.528166,0.666671,2219354710.0,9825478479.469664,2026-07-14
2019-06-20,sh.600869,远东股份,4.42717806,4.45649712,4.46627014,4.397859,11126262,50524462.0,0.501329,0.662246,2219353359.0,9890541852.645826,2026-07-14
2019-06-21,sh.600869,远东股份,4.4467241,4.47604316,4.4955892,4.4467241,15285800,69881829.0,0.68875,0.438596,2219353902.0,9933923852.66641,2026-07-14
2019-06-24,sh.600869,远东股份,4.4955892,4.45649712,4.4955892,4.43695108,9542700,43454089.0,0.429977,-0.436681,2219351268.0,9890532534.110348,2026-07-14
2019-06-25,sh.600869,远东股份,4.43695108,4.40763202,4.4467241,4.3489939,10986045,49345363.0,0.495011,-1.096485,2219353711.0,9782094480.309427,2026-07-14
2019-06-26,sh.600869,远东股份,4.38808598,4.40763202,4.40763202,4.36853994,5767520,25928552.0,0.259874,0.0,2219352455.0,9782088944.32361,2026-07-14
2019-06-27,sh.600869,远东股份,4.41740504,4.397859,4.42717806,4.36853994,8653100,38868068.0,0.389893,-0.221735,2219352489.0,9760399317.921051,2026-07-14
2019-06-28,sh.600869,远东股份,4.38808598,4.41740504,4.4467241,4.30990182,13635590,61107510.0,0.614395,0.444444,2219352371.0,9803778349.19135,2026-07-14
2019-07-01,sh.600869,远东股份,4.45649712,4.4955892,4.4955892,4.42717806,19353957,88138653.0,0.872054,1.76991,2219353045.0,9977299580.089115,2026-07-14
2019-07-02,sh.600869,远东股份,4.46627014,4.46627014,4.47604316,4.43695108,12358080,56339400.0,0.556833,-0.652168,2219351224.0,9912222101.92365,2026-07-14
2019-07-03,sh.600869,远东股份,4.46627014,4.41740504,4.46627014,4.40763202,7278600,32981326.0,0.32796,-1.094096,2219356019.0,9803794463.884935,2026-07-14
2019-07-04,sh.600869,远东股份,4.41740504,4.42717806,4.4467241,4.37831296,8356983,37661680.0,0.37655,0.221244,2219355464.0,9825481817.56192,2026-07-14
2019-07-05,sh.600869,远东股份,4.397859,4.41740504,4.42717806,4.38808598,3922904,17713773.0,0.176759,-0.220756,2219351773.0,9803775707.583136,2026-07-14
2019-07-08,sh.600869,远东股份,4.40763202,4.397859,4.42717806,4.32944786,11738857,52409984.0,0.528932,-0.442478,2219350881.0,9760392246.16378,2026-07-14
2019-07-09,sh.600869,远东股份,4.37831296,4.43695108,4.47604316,4.33922088,11190333,50366988.0,0.504216,0.888888,2219353015.0,9847160756.805506,2026-07-14
2019-07-10,sh.600869,远东股份,4.43695108,4.48581618,4.5933194,4.42717806,27602634,127569353.0,1.243725,1.101326,2219351866.0,9955604509.615992,2026-07-14
2019-07-11,sh.600869,远东股份,4.48581618,4.56400034,4.63241148,4.4467241,24359669,112923765.0,1.097602,1.742918,2219353554.0,10129130375.036207,2026-07-14
2019-07-12,sh.600869,远东股份,4.56400034,4.66173054,4.73014168,4.51513524,31504470,149940801.0,1.419534,2.141325,2219352971.0,10346025523.950434,2026-07-14
2019-07-15,sh.600869,远东股份,4.65195752,4.77900678,4.87673698,4.61286544,29933176,145245312.0,1.348734,2.515721,2219353557.0,10606305696.120115,2026-07-14
2019-07-16,sh.600869,远东股份,4.75946074,4.66173054,4.8376449,4.58354638,33964582,162070856.0,1.530382,-2.453985,2219353207.0,10346026624.118841,2026-07-14
2019-07-17,sh.600869,远东股份,4.6421845,4.5444543,4.68127658,4.53468128,22475882,105361667.0,1.012722,-2.515721,2219353584.0,10085750938.029211,2026-07-14
2019-07-18,sh.600869,远东股份,4.51513524,4.57377336,4.63241148,4.47604316,28241058,131795841.0,1.272491,0.645155,2219352278.0,10150814325.571712,2026-07-14
2019-07-19,sh.600869,远东股份,4.57377336,4.60309242,4.67150356,4.51513524,17079604,80545708.0,0.769576,0.64103,2219352475.0,10215884554.98074,2026-07-14
2019-07-22,sh.600869,远东股份,4.61286544,4.56400034,4.68127658,4.50536222,11772680,54820137.0,0.530456,-0.849256,2219350898.0,10129118253.051304,2026-07-14
2019-07-23,sh.600869,远东股份,4.50536222,4.55422732,4.56400034,4.50536222,6013876,27915137.0,0.270974,-0.214138,2219355363.0,10107448826.963118,2026-07-14
2019-07-24,sh.600869,远东股份,4.53468128,4.55422732,4.62263846,4.53468128,10529178,49258451.0,0.474426,0.0,2219350963.0,10107428788.36291,2026-07-14
2019-07-25,sh.600869,远东股份,4.5444543,4.50536222,4.55422732,4.4955892,7423489,34319962.0,0.334489,-1.072955,2219352206.0,9998985581.786058,2026-07-14
2019-07-26,sh.600869,远东股份,4.4955892,4.53468128,4.53468128,4.40763202,12526140,57162781.0,0.5644,0.6508,2219372785.0,10064148221.480965,2026-07-14
2019-07-29,sh.600869,远东股份,4.52490826,4.52490826,4.52490826,4.47604316,6569438,30224861.0,0.296007,-0.215512,2219352245.0,10042365305.250044,2026-07-14
2019-07-30,sh.600869,远东股份,4.53468128,4.60309242,4.62263846,4.4955892,20905604,97675658.0,0.942,1.7279,2219278556.0,10215544298.992146,2026-07-14
2019-07-31,sh.600869,远东股份,4.58354638,4.5933194,4.6421845,4.53468128,15824357,74228912.0,0.713,-0.2123,2219404909.0,10194435624.964935,2026-07-14
2019-08-01,sh.600869,远东股份,4.56400034,4.56400034,4.58354638,4.52490826,6378300,29710465.0,0.2874,-0.6383,2219311065.0,10128936455.225761,2026-07-14
2019-08-02,sh.600869,远东股份,4.48581618,4.4955892,4.51513524,4.43695108,13675670,62609559.0,0.6162,-1.4989,2219355729.0,9977311646.250528,2026-07-14
2019-08-05,sh.600869,远东股份,4.46627014,4.45649712,4.47604316,4.41740504,7652282,34771937.0,0.3448,-0.8696,2219339327.0,9890479319.078238,2026-07-14
2019-08-06,sh.600869,远东股份,4.41740504,4.40763202,4.4467241,4.33922088,22825043,103075021.0,1.0285,-1.0965,2219255518.0,9781661681.698486,2026-07-14
2019-08-07,sh.600869,远东股份,4.4467241,4.41740504,4.4467241,4.38808598,13252800,60051325.0,0.5971,0.2217,2219527717.0,9804552923.495495,2026-07-14
2019-08-08,sh.600869,远东股份,4.41740504,4.38808598,4.43695108,4.38808598,4588000,20675295.0,0.2067,-0.6637,2219641993.0,9739979910.102558,2026-07-14
2019-08-09,sh.600869,远东股份,4.397859,4.40763202,4.42717806,4.35876692,11009566,49574057.0,0.4961,0.4454,2219223140.0,9781518971.388943,2026-07-14
2019-08-12,sh.600869,远东股份,4.40763202,4.42717806,4.43695108,4.397859,4894300,22126196.0,0.2205,0.4435,2219637188.0,9826729059.873695,2026-07-14
2019-08-13,sh.600869,远东股份,4.397859,4.47604316,4.53468128,4.37831296,20152900,92528043.0,0.9081,1.1037,2219237969.0,9933404931.55474,2026-07-14
2019-08-14,sh.600869,远东股份,4.4955892,4.50536222,4.57377336,4.45649712,12855600,59387326.0,0.5792,0.655,2219544199.0,9999850579.794762,2026-07-14
2019-08-15,sh.600869,远东股份,4.42717806,4.48581618,4.48581618,4.40763202,5467017,24901321.0,0.2463,-0.4338,2219657734.0,9956976577.239336,2026-07-14
2019-08-16,sh.600869,远东股份,4.48581618,4.51513524,4.53468128,4.45649712,7805969,35921040.0,0.3517,0.6536,2219496446.0,10021326618.389357,2026-07-14
2019-08-19,sh.600869,远东股份,4.50536222,4.55422732,4.56400034,4.46627014,21233002,98583105.0,0.9567,0.8658,2219400230.0,10107653161.480284,2026-07-14
2019-08-20,sh.600869,远东股份,4.53468128,4.50536222,4.55422732,4.50536222,11402600,52814559.0,0.5138,-1.073,2219268198.0,9998607095.31668,2026-07-14
2019-08-21,sh.600869,远东股份,4.50536222,4.4467241,4.52490826,4.4467241,10520000,48250050.0,0.474,-1.3015,2219409283.0,9869100746.47982,2026-07-14
2019-08-22,sh.600869,远东股份,4.45649712,4.4467241,4.47604316,4.40763202,9076375,41127569.0,0.409,0.0,2219162592.0,9868003779.664867,2026-07-14
2019-08-23,sh.600869,远东股份,4.4467241,4.4467241,4.47604316,4.42717806,9565293,43594810.0,0.431,0.0,2219325522.0,9868728284.42248,2026-07-14
2019-08-26,sh.600869,远东股份,4.397859,4.5444543,4.62263846,4.37831296,26408000,121768148.0,1.1899,2.1978,2219346164.0,10085717218.178305,2026-07-14
2019-08-27,sh.600869,远东股份,4.5444543,4.65195752,4.75946074,4.53468128,38010722,181395348.0,1.7127,2.3656,2219345011.0,10324298713.395933,2026-07-14
2019-08-28,sh.600869,远东股份,4.60309242,4.5933194,4.75946074,4.53468128,27128314,127993970.0,1.2224,-1.2605,2219266525.0,10193799983.053085,2026-07-14
2019-08-29,sh.600869,远东股份,4.56400034,4.53468128,4.58354638,4.50536222,9861700,45787246.0,0.4444,-1.2766,2219104410.0,10062931226.392445,2026-07-14
2019-08-30,sh.600869,远东股份,4.53468128,4.51513524,4.58354638,4.48581618,9537800,44172714.0,0.4298,-0.431,2219125174.0,10019650275.098532,2026-07-14
2019-09-02,sh.600869,远东股份,4.51513524,4.57377336,4.58354638,4.4955892,13505484,62745113.0,0.6085,1.2987,2219471487.0,10151359560.520185,2026-07-14
2019-09-03,sh.600869,远东股份,4.55422732,4.53468128,4.57377336,4.52490826,6576200,30540585.0,0.2963,-0.8547,2219439757.0,10064451918.15565,2026-07-14
2019-09-04,sh.600869,远东股份,4.51513524,4.5444543,4.55422732,4.50536222,6926200,32092746.0,0.3121,0.2155,2219224607.0,10085164807.94696,2026-07-14
2019-09-05,sh.600869,远东股份,4.56400034,4.62263846,4.6421845,4.55422732,21556200,101551847.0,0.9713,1.7204,2219314321.0,10259087735.083385,2026-07-14
2019-09-06,sh.600869,远东股份,4.65195752,4.7887798,4.81809886,4.61286544,37723946,181907002.0,1.6998,3.5941,2219316743.0,10627819188.680193,2026-07-14
2019-09-09,sh.600869,远东股份,4.82787188,4.99401322,5.0819704,4.74968772,61280683,307212345.0,2.7612,4.2857,2219349667.0,11083461576.800598,2026-07-14
2019-09-10,sh.600869,远东股份,4.9842402,4.82787188,5.05265134,4.82787188,45049120,227923727.0,2.0298,-3.3268,2219387132.0,10714916725.416649,2026-07-14
2019-09-11,sh.600869,远东股份,4.87673698,4.77900678,4.96469416,4.76923376,28948020,143932065.0,1.3043,-1.0121,2219429579.0,10606669005.773544,2026-07-14
2019-09-12,sh.600869,远东股份,4.77900678,4.81809886,4.84741792,4.7399147,14662700,71980187.0,0.6607,0.818,2219267444.0,10692649941.971514,2026-07-14
2019-09-16,sh.600869,远东股份,4.82787188,4.95492114,4.96469416,4.77900678,29377200,147239711.0,1.3237,2.8398,2219324620.0,10996578476.160465,2026-07-14
2019-09-17,sh.600869,远东股份,4.9353751,5.2774308,5.35561496,4.90605604,57750021,297474164.0,2.6021,6.5089,2219362092.0,11712529860.673235,2026-07-14
2019-09-18,sh.600869,远东股份,5.16015456,5.12106248,5.25788476,4.9842402,45636046,237588477.0,2.0563,-2.963,2219328211.0,11365318432.157623,2026-07-14
2019-09-19,sh.600869,远东股份,5.04287832,5.0819704,5.20901966,5.02333228,30333956,158379017.0,1.3668,-0.7634,2219341235.0,11278626463.769445,2026-07-14
2019-09-20,sh.600869,远东股份,5.07219738,5.02333228,5.09174342,4.97446718,15346700,78716875.0,0.6915,-1.1538,2219334779.0,11148456035.477365,2026-07-14
2019-09-23,sh.600869,远东股份,5.01355926,5.0331053,5.06242436,4.91582906,11693479,59515547.0,0.5269,0.1946,2219297590.0,11169958462.506227,2026-07-14
2019-09-24,sh.600869,远东股份,5.01355926,5.0331053,5.09174342,4.97446718,19008489,97903881.0,0.8565,0.0,2219321541.0,11170079010.411266,2026-07-14
2019-09-25,sh.600869,远东股份,5.02333228,4.97446718,5.02333228,4.9353751,7533299,38294890.0,0.3394,-1.165,2219593105.0,11041293053.776794,2026-07-14
2019-09-26,sh.600869,远东股份,4.94514812,4.90605604,5.16015456,4.85719094,27032176,137595753.0,1.218,-1.3752,2219390476.0,10888454049.898275,2026-07-14
2019-09-27,sh.600869,远东股份,4.89628302,4.87673698,5.01355926,4.84741792,21419916,107912163.0,0.9651,-0.5976,2219450420.0,10823675938.490532,2026-07-14
2019-09-30,sh.600869,远东股份,4.87673698,4.8376449,4.90605604,4.79855282,27731900,137226128.0,1.2495,-0.8016,2219439776.0,10736861513.223541,2026-07-14
2019-10-08,sh.600869,远东股份,4.79855282,4.91582906,4.9353751,4.72036866,20902320,103691834.0,0.9418,1.6162,2219401147.0,10910196654.219933,2026-07-14
2019-10-09,sh.600869,远东股份,4.88651,4.90605604,4.95492114,4.85719094,11073800,55541205.0,0.499,-0.1988,2219198397.0,10887511699.560167,2026-07-14
2019-10-10,sh.600869,远东股份,4.91582906,4.94514812,4.95492114,4.86696396,30344196,153050985.0,1.3673,0.7968,2219278578.0,10974661287.752974,2026-07-14
2019-10-11,sh.600869,远东股份,4.9353751,5.0331053,5.06242436,4.89628302,40655446,207394727.0,1.8319,1.7787,2219304875.0,11169995128.678337,2026-07-14
2019-10-14,sh.600869,远东股份,5.0331053,5.02333228,5.15038154,4.9842402,25546422,131908437.0,1.1511,-0.1942,2219305186.0,11148307380.005203,2026-07-14
2019-10-15,sh.600869,远东股份,5.00378624,4.94514812,5.01355926,4.92560208,9264197,46927016.0,0.4174,-1.5564,2219500958.0,10975760989.791899,2026-07-14
2019-10-16,sh.600869,远东股份,4.91582906,5.06242436,5.11128946,4.91582906,29148822,150104931.0,1.3134,2.3715,2219340795.0,11235244903.749765,2026-07-14
2019-10-17,sh.600869,远东股份,5.06242436,5.20901966,5.29697684,5.05265134,47745995,254500417.0,2.1513,2.8958,2219401989.0,11560908594.144104,2026-07-14
2019-10-18,sh.600869,远东股份,5.23833872,4.95492114,5.30674986,4.90605604,58618141,305614239.0,2.6412,-4.878,2219375322.0,10996829700.572107,2026-07-14
2019-10-21,sh.600869,远东股份,4.9353751,4.94514812,4.96469416,4.7399147,34551474,173147936.0,1.5568,-0.1972,2219390673.0,10975215614.131485,2026-07-14
2019-10-22,sh.600869,远东股份,4.94514812,4.99401322,5.0331053,4.91582906,17145222,87583808.0,0.7725,0.9881,2219446214.0,11083943733.79495,2026-07-14
2019-10-23,sh.600869,远东股份,4.99401322,4.94514812,5.00378624,4.9353751,9681400,49086956.0,0.4362,-0.9785,2219486474.0,10975689364.26653,2026-07-14
2019-10-24,sh.600869,远东股份,4.96469416,4.92560208,4.96469416,4.87673698,12135596,60987842.0,0.5468,-0.3953,2219384784.0,10931806308.39075,2026-07-14
2019-10-25,sh.600869,远东股份,4.90605604,4.94514812,4.95492114,4.82787188,10612691,53088943.0,0.4782,0.3968,2219299665.0,10974765566.09138,2026-07-14
2019-10-28,sh.600869,远东股份,4.94514812,5.00378624,5.01355926,4.91582906,9315148,47489548.0,0.4197,1.1858,2219477722.0,11105792085.330145,2026-07-14
2019-10-29,sh.600869,远东股份,5.02333228,4.94514812,5.02333228,4.91582906,8739466,44260202.0,0.3938,-1.1719,2219265109.0,10974594681.552944,2026-07-14
2019-10-30,sh.600869,远东股份,4.89628302,4.9353751,4.94514812,4.85719094,11109429,55784791.0,0.5006,-0.1976,2219222733.0,10952696617.802149,2026-07-14
2019-10-31,sh.600869,远东股份,4.92560208,4.96469416,5.02333228,4.89628302,29142333,147966275.0,1.3131,0.5941,2219353667.0,11018412189.529484,2026-07-14
2019-11-01,sh.600869,远东股份,4.94514812,5.05265134,5.2285657,4.91582906,33801093,174659146.0,1.523,1.7717,2219375772.0,11213731968.359333,2026-07-14
2019-11-04,sh.600869,远东股份,5.06242436,5.10151644,5.16992758,4.9842402,38122603,198152962.0,1.7177,0.9671,2219398207.0,11322296439.917023,2026-07-14
2019-11-05,sh.600869,远东股份,5.07219738,5.10151644,5.16015456,5.05265134,34628157,180792683.0,1.5603,0.0,2219326860.0,11321932462.023579,2026-07-14
2019-11-06,sh.600869,远东股份,5.09174342,5.06242436,5.15038154,5.05265134,26779711,139287407.0,1.2066,-0.7663,2219435687.0,11235725287.322134,2026-07-14
2019-11-07,sh.600869,远东股份,5.04287832,5.04287832,5.06242436,4.94514812,26281471,135025345.0,1.1842,-0.3861,2219343945.0,11191881464.863771,2026-07-14
2019-11-08,sh.600869,远东股份,5.02333228,5.05265134,5.12106248,4.99401322,22915124,118322414.0,1.0325,0.1938,2219382470.0,11213765811.01801,2026-07-14
2019-11-11,sh.600869,远东股份,5.04287832,4.96469416,5.07219738,4.90605604,16005420,81097332.0,0.7212,-1.7408,2219276206.0,11018027619.355156,2026-07-14
2019-11-12,sh.600869,远东股份,4.94514812,4.9353751,4.96469416,4.87673698,10086469,50702156.0,0.4545,-0.5905,2219245105.0,10952807032.013885,2026-07-14
2019-11-13,sh.600869,远东股份,4.90605604,4.9353751,4.97446718,4.90605604,10052365,50799968.0,0.4529,0.0,2219555089.0,10954336919.328884,2026-07-14
2019-11-14,sh.600869,远东股份,4.92560208,4.92560208,4.95492114,4.88651,13542093,68210303.0,0.6102,-0.198,2219287611.0,10931327672.85983,2026-07-14
2019-11-15,sh.600869,远东股份,4.9353751,4.91582906,4.96469416,4.8376449,9699880,48757223.0,0.4371,-0.1984,2219144361.0,10908934338.138931,2026-07-14
2019-11-18,sh.600869,远东股份,4.89628302,4.89628302,4.90605604,4.82787188,11462467,57104447.0,0.5165,-0.3976,2219257890.0,10866114723.80803,2026-07-14
2019-11-19,sh.600869,远东股份,4.88651,5.04287832,5.1308355,4.86696396,26026632,132451008.0,1.1727,2.994,2219376823.0,11192047264.617176,2026-07-14
2019-11-20,sh.600869,远东股份,5.02333228,5.01355926,5.0819704,4.9842402,19956908,102588383.0,0.8992,-0.5814,2219407028.0,11127128656.93848,2026-07-14
2019-11-21,sh.600869,远东股份,4.97446718,5.02333228,5.06242436,4.94514812,17372112,88979145.0,0.7828,0.1949,2219227389.0,11147916579.823816,2026-07-14
2019-11-22,sh.600869,远东股份,5.02333228,4.99401322,5.0819704,4.96469416,14477659,74235606.0,0.6523,-0.5837,2219478614.0,11084105539.823278,2026-07-14
2019-11-25,sh.600869,远东股份,4.99401322,4.9842402,5.01355926,4.92560208,10197592,51947603.0,0.4595,-0.1957,2219280087.0,11061425024.684898,2026-07-14
2019-11-26,sh.600869,远东股份,4.9842402,4.97446718,5.02333228,4.9353751,8143885,41462683.0,0.3669,-0.1961,2219647043.0,11041561366.58755,2026-07-14
2019-11-27,sh.600869,远东股份,4.97446718,4.96469416,4.99401322,4.9353751,7384321,37513445.0,0.3327,-0.1965,2219513375.0,11019205090.904388,2026-07-14
2019-11-28,sh.600869,远东股份,4.96469416,4.96469416,5.00378624,4.9353751,8396505,42702337.0,0.3783,0.0,2219536082.0,11019317824.21468,2026-07-14
2019-11-29,sh.600869,远东股份,4.9842402,4.97446718,4.99401322,4.94514812,9448091,48083614.0,0.4257,0.1969,2219424712.0,11040455388.324953,2026-07-14
2019-12-02,sh.600869,远东股份,4.97446718,4.96469416,5.02333228,4.9353751,11412837,58049546.0,0.5142,-0.1965,2219532672.0,11019300894.607595,2026-07-14
2019-12-03,sh.600869,远东股份,4.9353751,4.89628302,4.96469416,4.87673698,12017788,60243186.0,0.5415,-1.3779,2219351431.0,10866572727.018002,2026-07-14
2019-12-04,sh.600869,远东股份,4.88651,4.87673698,4.90605604,4.84741792,8956989,44724068.0,0.4036,-0.3992,2219273786.0,10822814540.930807,2026-07-14
2019-12-05,sh.600869,远东股份,4.87673698,4.89628302,4.94514812,4.86696396,10494855,52622025.0,0.4729,0.4008,2219254599.0,10866098610.14061,2026-07-14
2019-12-06,sh.600869,远东股份,4.89628302,4.88651,4.89628302,4.85719094,7744689,38685547.0,0.349,-0.1996,2219108596.0,10843696345.43996,2026-07-14
2019-12-09,sh.600869,远东股份,4.88651,4.82787188,4.92560208,4.74968772,23292088,115084731.0,1.0495,-1.2,2219350929.0,10714741941.970976,2026-07-14
2019-12-10,sh.600869,远东股份,4.80832584,4.74968772,4.80832584,4.7399147,11345906,55353273.0,0.5112,-1.6194,2219465180.0,10541766510.41359,2026-07-14
2019-12-11,sh.600869,远东股份,4.7399147,4.70082262,4.75946074,4.62263846,15797987,75589726.0,0.7118,-1.0288,2219441838.0,10433202395.844776,2026-07-14
2019-12-12,sh.600869,远东股份,4.67150356,4.71059564,4.73014168,4.66173054,10411115,50078864.0,0.4691,0.2079,2219380729.0,10454605185.527422,2026-07-14
2019-12-13,sh.600869,远东股份,4.71059564,4.7399147,4.76923376,4.6910496,12989700,62764183.0,0.5853,0.6224,2219323424.0,10519403721.471933,2026-07-14
2019-12-16,sh.600869,远东股份,4.7399147,4.7399147,4.75946074,4.71059564,12365557,59816143.0,0.5572,0.0,2219231335.0,10518967227.467125,2026-07-14
2019-12-17,sh.600869,远东股份,4.73014168,4.75946074,4.75946074,4.70082262,21126244,102081917.0,0.9519,0.4124,2219376405.0,10563034866.879839,2026-07-14
2019-12-18,sh.600869,远东股份,4.73014168,4.73014168,4.76923376,4.71059564,16755726,81228272.0,0.755,-0.616,2219301457.0,10497610322.240427,2026-07-14
2019-12-19,sh.600869,远东股份,4.72036866,4.72036866,4.73014168,4.6910496,11206792,54020212.0,0.505,-0.2066,2219166733.0,10475285097.767788,2026-07-14
2019-12-20,sh.600869,远东股份,4.70082262,4.71059564,4.73014168,4.6910496,10207194,49167165.0,0.4599,-0.207,2219437704.0,10454873571.71401,2026-07-14
2019-12-23,sh.600869,远东股份,4.70082262,4.70082262,4.7399147,4.65195752,15719485,75455766.0,0.7083,-0.2075,2219325851.0,10432657161.53155,2026-07-14
2019-12-24,sh.600869,远东股份,4.6910496,4.75946074,4.75946074,4.66173054,25405183,122444412.0,1.1447,1.2474,2219374771.0,10563027089.92099,2026-07-14
2019-12-25,sh.600869,远东股份,4.75946074,4.73014168,4.75946074,4.70082262,12716200,61394522.0,0.573,-0.616,2219232112.0,10497282310.565628,2026-07-14
2019-12-26,sh.600869,远东股份,4.72036866,4.70082262,4.74968772,4.6910496,18378800,88662083.0,0.8281,-0.6198,2219393793.0,10432976544.821999,2026-07-14
2019-12-27,sh.600869,远东股份,4.72036866,4.70082262,4.73014168,4.68127658,24898300,119969960.0,1.1219,0.0,2219297620.0,10432524452.608166,2026-07-14
2019-12-30,sh.600869,远东股份,4.68127658,4.75946074,4.75946074,4.65195752,23552624,113375488.0,1.0612,1.2474,2219433095.0,10563304680.70919,2026-07-14
2019-12-31,sh.600869,远东股份,4.72036866,4.7887798,4.79855282,4.72036866,16977827,82578903.0,0.765,0.616,2219323791.0,10627852940.000223,2026-07-14
2020-01-02,sh.600869,远东股份,4.80832584,4.95492114,4.97446718,4.7887798,51878189,258783666.0,2.3375,3.4694,2219387765.0,10996891354.655851,2026-07-14
2020-01-03,sh.600869,远东股份,4.9353751,5.02333228,5.06242436,4.9353751,41776519,213674977.0,1.8824,1.3807,2219322089.0,11148392289.390734,2026-07-14
2020-01-06,sh.600869,远东股份,4.97446718,5.10151644,5.12106248,4.96469416,53654097,278079043.0,2.4176,1.5564,2219312417.0,11321858780.821636,2026-07-14
2020-01-07,sh.600869,远东股份,5.12106248,5.05265134,5.16992758,5.00378624,37859292,196597770.0,1.7059,-0.9578,2219314848.0,11213424140.629095,2026-07-14
2020-01-08,sh.600869,远东股份,5.0331053,5.05265134,5.07219738,4.99401322,28035324,144446618.0,1.2632,0.0,2219389170.0,11213799663.781986,2026-07-14
2020-01-09,sh.600869,远东股份,5.0819704,5.06242436,5.0819704,5.00378624,26166700,134862584.0,1.179,0.1934,2219397795.0,11235533461.938286,2026-07-14
2020-01-10,sh.600869,远东股份,5.06242436,5.04287832,5.09174342,4.99401322,28571800,147384511.0,1.2874,-0.3861,2219341308.0,11191868166.793642,2026-07-14
2020-01-13,sh.600869,远东股份,5.04287832,5.15038154,5.16015456,5.02333228,46295458,240462537.0,2.086,2.1318,2219341227.0,11430454086.501749,2026-07-14
2020-01-14,sh.600869,远东股份,5.15038154,5.1797006,5.20901966,5.10151644,38551017,203308986.0,1.737,0.5693,2219402245.0,11495839140.067848,2026-07-14
2020-01-15,sh.600869,远东股份,5.16992758,5.31652288,5.375161,5.11128946,42093165,224152833.0,1.8966,2.6415,2219401297.0,11799497775.402176,2026-07-14
2020-01-16,sh.600869,远东股份,5.2774308,5.2774308,5.375161,5.23833872,40539339,219323845.0,1.8266,-0.7353,2219387879.0,11712665949.781275,2026-07-14
2020-01-17,sh.600869,远东股份,5.25788476,5.1797006,5.34584194,5.1308355,47112828,251673941.0,2.1228,-1.8518,2219371962.0,11495682283.194578,2026-07-14
2020-01-20,sh.600869,远东股份,5.16992758,5.12106248,5.21879268,5.0331053,31581010,165530892.0,1.423,-1.1321,2219326072.0,11365307478.204979,2026-07-14
2020-01-21,sh.600869,远东股份,5.02333228,4.95492114,5.11128946,4.94514812,28912500,148446637.0,1.3027,-3.2443,2219428878.0,10997095066.32868,2026-07-14
2020-01-22,sh.600869,远东股份,4.89628302,4.95492114,4.99401322,4.84741792,23202100,116869234.0,1.0454,0.0,2219447102.0,10997185364.811535,2026-07-14
2020-01-23,sh.600869,远东股份,4.92560208,4.85719094,4.96469416,4.80832584,25794515,128520828.0,1.1623,-1.9724,2219264820.0,10779392977.16473,2026-07-14
2020-02-03,sh.600869,远东股份,4.4955892,4.36853994,4.4955892,4.36853994,6304200,28564064.0,0.2841,-10.0604,2219007392.0,9693822419.107237,2026-07-14
2020-02-04,sh.600869,远东股份,3.92875404,4.0069382,4.12421444,3.92875404,94899762,384094599.0,4.276,-8.2774,2219358326.0,8892831655.937452,2026-07-14
2020-02-05,sh.600869,远东股份,3.96784612,3.98739216,4.06557632,3.87988894,61708686,251555805.0,2.7805,-0.4878,2219337745.0,8849369924.80508,2026-07-14
2020-02-06,sh.600869,远东股份,3.9580731,3.92875404,3.9580731,3.80170478,77997395,309817711.0,3.5144,-1.4706,2219365895.0,8719342726.219465,2026-07-14
2020-02-07,sh.600869,远东股份,3.909208,3.89943498,3.91898102,3.84079686,37833163,150176840.0,1.7047,-0.7463,2219344342.0,8654188959.859884,2026-07-14
2020-02-10,sh.600869,远东股份,3.89943498,4.02648424,4.03625726,3.87011592,47527974,191837578.0,2.1415,3.2581,2219377726.0,8936289436.346039,2026-07-14
2020-02-11,sh.600869,远东股份,4.03625726,3.97761914,4.04603028,3.96784612,38874251,158949609.0,1.7516,-1.2136,2219356645.0,8827755469.638186,2026-07-14
2020-02-12,sh.600869,远东股份,3.97761914,4.1046684,4.1535335,3.96784612,44734150,185692843.0,2.0156,3.1941,2219396210.0,9109885490.266766,2026-07-14
2020-02-13,sh.600869,远东股份,4.09489538,4.0069382,4.1046684,3.99716518,33439464,138084285.0,1.5067,-2.381,2219384350.0,8892935932.49717,2026-07-14
2020-02-14,sh.600869,远东股份,3.99716518,3.98739216,4.02648424,3.96784612,26209736,107059631.0,1.181,-0.4878,2219283319.0,8849152906.99938,2026-07-14
2020-02-17,sh.600869,远东股份,3.99716518,4.09489538,4.11444142,3.96784612,37723095,156522795.0,1.6997,2.6961,2219397247.0,9088199533.125017,2026-07-14
2020-02-18,sh.600869,远东股份,4.1046684,4.17307954,4.2023986,4.06557632,53350165,225354004.0,2.4039,1.9093,2219317151.0,9261386995.60919,2026-07-14
2020-02-19,sh.600869,远东股份,4.2023986,4.14376048,4.3001288,4.14376048,51365242,222181085.0,2.3144,-0.7026,2219376167.0,9196563251.06848,2026-07-14
2020-02-20,sh.600869,远东股份,4.17307954,4.22194464,4.23171766,4.12421444,39524065,169265758.0,1.7809,1.8868,2219330956.0,9369892434.070276,2026-07-14
2020-02-21,sh.600869,远东股份,4.21217162,4.26103672,4.28058276,4.2023986,42037265,182468535.0,1.8941,0.9259,2219379389.0,9456857072.140163,2026-07-14
2020-02-24,sh.600869,远东股份,4.23171766,4.2023986,4.24149068,4.14376048,41549523,178123358.0,1.8721,-1.3761,2219407243.0,9326833890.81306,2026-07-14
2020-02-25,sh.600869,远东股份,4.1046684,4.11444142,4.17307954,4.0069382,41173253,172529319.0,1.8552,-2.093,2219343090.0,9131357134.686789,2026-07-14
2020-02-26,sh.600869,远东股份,4.0558033,4.16330652,4.27080974,4.02648424,44171085,187711979.0,1.9903,1.1877,2219317942.0,9239700857.881582,2026-07-14
2020-02-27,sh.600869,远东股份,4.19262558,4.2512637,4.3001288,4.1535335,47879004,207165532.0,2.1573,2.1127,2219394799.0,9435232544.957497,2026-07-14
2020-02-28,sh.600869,远东股份,4.1046684,3.9580731,4.1535335,3.9580731,44093431,183171192.0,1.9868,-6.8965,2219319056.0,8784227055.870995,2026-07-14
2020-03-02,sh.600869,远东股份,3.93852706,4.0558033,4.07534934,3.93852706,26687028,110030186.0,1.2025,2.4691,2219295468.0,9001025882.789444,2026-07-14
2020-03-03,sh.600869,远东股份,4.11444142,4.09489538,4.21217162,4.06557632,39357644,166857799.0,1.7734,0.9639,2219332581.0,9087934732.620375,2026-07-14
2020-03-04,sh.600869,远东股份,4.06557632,4.1046684,4.11444142,4.02648424,24948102,103991119.0,1.1241,0.2387,2219384574.0,9109837728.345263,2026-07-14
2020-03-05,sh.600869,远东股份,4.51513524,4.51513524,4.51513524,4.51513524,20729590,95770706.0,0.934,10.0,2219442184.0,10021081618.120964,2026-07-14
2020-03-06,sh.600869,远东股份,4.84741792,4.96469416,4.96469416,4.72036866,209122777,1047159508.0,9.4227,9.9567,2219350897.0,11018398437.32666,2026-07-14
2020-03-09,sh.600869,远东股份,4.88651,4.68127658,5.11128946,4.46627014,167533290,818756244.0,7.5487,-5.7087,2219366116.0,10389466621.276361,2026-07-14
2020-03-10,sh.600869,远东股份,4.5933194,4.70082262,4.82787188,4.31967484,111769731,522954805.0,5.0361,0.4175,2219370763.0,10432868284.87706,2026-07-14
2020-03-11,sh.600869,远东股份,4.68127658,4.46627014,4.7399147,4.45649712,82731701,389291146.0,3.7277,-4.9896,2219376586.0,9912335375.466942,2026-07-14
2020-03-12,sh.600869,远东股份,4.3001288,4.3489939,4.4467241,4.29035578,46895900,209540338.0,2.113,-2.6258,2219398959.0,9652152534.35735,2026-07-14
2020-03-13,sh.600869,远东股份,4.22194464,4.7887798,4.7887798,4.06557632,148119311,697995255.0,6.674,10.1124,2219348382.0,10627970700.884285,2026-07-14
2020-03-16,sh.600869,远东股份,4.97446718,4.5933194,5.06242436,4.57377336,153000250,755740403.0,6.8939,-4.0816,2219356968.0,10194215416.63958,2026-07-14
2020-03-17,sh.600869,远东股份,4.56400034,4.95492114,5.04287832,4.4467241,139972442,691838739.0,6.3069,7.8723,2219354073.0,10996724413.452803,2026-07-14
2020-03-18,sh.600869,远东股份,4.9842402,4.75946074,5.02333228,4.74968772,113015275,560340974.0,5.0923,-3.9448,2219336547.0,10562845164.293665,2026-07-14
2020-03-19,sh.600869,远东股份,4.71059564,4.89628302,5.0331053,4.65195752,98815092,490187072.0,4.4524,2.8748,2219366903.0,10866648482.308887,2026-07-14
2020-03-20,sh.600869,远东股份,4.90605604,4.75946074,4.9353751,4.70082262,73928894,364341006.0,3.3311,-2.7944,2219353787.0,10562927217.396822,2026-07-14
2020-03-23,sh.600869,远东股份,4.58354638,4.58354638,4.8376449,4.52490826,62993641,300290890.0,2.8384,-3.6961,2219336281.0,10172430776.780212,2026-07-14
2020-03-24,sh.600869,远东股份,4.73014168,4.57377336,4.73014168,4.37831296,65486710,305933519.0,2.9507,-0.2132,2219361846.0,10150858087.435223,2026-07-14
2020-03-25,sh.600869,远东股份,4.6910496,4.5933194,4.70082262,4.56400034,51950901,245387933.0,2.3408,0.4274,2219365217.0,10194253306.93131,2026-07-14
2020-03-26,sh.600869,远东股份,4.5444543,4.397859,4.5444543,4.36853994,48827788,221862664.0,2.2001,-4.2553,2219344030.0,9760362116.43177,2026-07-14
2020-03-27,sh.600869,远东股份,4.43695108,4.33922088,4.51513524,4.3001288,46010153,208271547.0,2.0731,-1.3333,2219388983.0,9630419015.875565,2026-07-14
2020-03-30,sh.600869,远东股份,4.23171766,4.2512637,4.3489939,4.12421444,35012200,150952119.0,1.5776,-2.027,2219333164.0,9434970518.319347,2026-07-14
2020-03-31,sh.600869,远东股份,4.29035578,4.13398746,4.30990182,4.13398746,26997900,116111121.0,1.2165,-2.7586,2219309494.0,9174597618.054945,2026-07-14
2020-04-01,sh.600869,远东股份,4.14376048,4.1046684,4.23171766,4.1046684,24812048,105741603.0,1.118,-0.7092,2219324508.0,9109591177.333149,2026-07-14
2020-04-02,sh.600869,远东股份,4.11444142,4.23171766,4.2512637,4.1046684,30807126,132217297.0,1.3881,3.0952,2219373676.0,9391762778.868319,2026-07-14
2020-04-03,sh.600869,远东股份,4.23171766,4.12421444,4.24149068,4.11444142,26183200,111382833.0,1.1798,-2.5404,2219291405.0,9152833659.06889,2026-07-14
2020-04-07,sh.600869,远东股份,4.23171766,4.2023986,4.24149068,4.1535335,32119053,138012273.0,1.4472,1.8957,2219392828.0,9326773313.237242,2026-07-14
2020-04-08,sh.600869,远东股份,4.17307954,4.21217162,4.2512637,4.1535335,27004916,115773901.0,1.2168,0.2326,2219338922.0,9348236422.409794,2026-07-14
2020-04-09,sh.600869,远东股份,4.22194464,4.29035578,4.38808598,4.2023986,38570654,170104952.0,1.7379,1.8561,2219382818.0,9521941901.238987,2026-07-14
2020-04-10,sh.600869,远东股份,4.30990182,4.16330652,4.32944786,4.13398746,27378627,117627000.0,1.2336,-2.9613,2219408804.0,9240079144.238602,2026-07-14
2020-04-13,sh.600869,远东股份,4.16330652,4.09489538,4.16330652,4.07534934,17517603,73476516.0,0.7893,-1.6432,2219384645.0,9088147929.253439,2026-07-14
2020-04-14,sh.600869,远东股份,4.1046684,4.18285256,4.26103672,4.1046684,20339503,87080002.0,0.9165,2.148,2219258374.0,9282830570.987337,2026-07-14
2020-04-15,sh.600869,远东股份,4.19262558,4.16330652,4.24149068,4.1535335,21835254,93571001.0,0.9839,-0.4673,2219255412.0,9239440526.324886,2026-07-14
2020-04-16,sh.600869,远东股份,4.11444142,4.23171766,4.28058276,4.11444142,28600236,123586966.0,1.2887,1.6432,2219309071.0,9391489388.748894,2026-07-14
2020-04-17,sh.600869,远东股份,4.23171766,4.17307954,4.26103672,4.16330652,20995844,90256022.0,0.946,-1.3857,2219433827.0,9261873893.837599,2026-07-14
2020-04-20,sh.600869,远东股份,4.16330652,4.18285256,4.19262558,4.14376048,16926500,72135109.0,0.7627,0.2342,2219286744.0,9282949238.514463,2026-07-14
2020-04-21,sh.600869,远东股份,4.19262558,4.60309242,4.60309242,4.18285256,103030318,473633240.0,4.6424,10.0467,2219333060.0,10215795185.941406,2026-07-14
2020-04-22,sh.600869,远东股份,4.5933194,4.68127658,4.96469416,4.47604316,132383092,643857995.0,5.9649,1.6985,2219368170.0,10389476236.618458,2026-07-14
2020-04-23,sh.600869,远东股份,4.66173054,4.47604316,4.6910496,4.45649712,75969434,353431073.0,3.423,-4.3841,2219381654.0,9934048071.816185,2026-07-14
2020-04-24,sh.600869,远东股份,4.46627014,4.37831296,4.63241148,4.35876692,52985266,241929190.0,2.3874,-2.1834,2219371115.0,9717101315.854149,2026-07-14
2020-04-27,sh.600869,远东股份,4.37831296,4.40763202,4.52490826,4.3489939,39681675,179410637.0,1.788,0.6696,2219333054.0,9782003431.85479,2026-07-14
2020-04-28,sh.600869,远东股份,4.35876692,4.16330652,4.36853994,4.02648424,43073219,184929225.0,1.9408,-5.5432,2219353823.0,9239850241.482826,2026-07-14
2020-04-29,sh.600869,远东股份,4.12421444,4.13398746,4.23171766,4.09489538,21703326,92303847.0,0.9779,-0.7042,2219380918.0,9174892883.975288,2026-07-14
2020-04-30,sh.600869,远东股份,4.1046684,4.18285256,4.2023986,4.08512236,26118130,111368353.0,1.1768,1.182,2219419613.0,9283505009.951258,2026-07-14
2020-05-06,sh.600869,远东股份,4.13398746,4.23171766,4.23171766,4.08512236,26312200,112272366.0,1.1856,1.1682,2219315115.0,9391514965.250431,2026-07-14
2020-05-07,sh.600869,远东股份,4.29035578,4.18285256,4.29035578,4.17307954,23201722,99968982.0,1.0454,-1.1547,2219410943.0,9283468744.619564,2026-07-14
2020-05-08,sh.600869,远东股份,4.18285256,4.19262558,4.24149068,4.16330652,19518600,84066774.0,0.8795,0.2336,2219283684.0,9304625542.815037,2026-07-14
2020-05-11,sh.600869,远东股份,4.22194464,4.18285256,4.23171766,4.17307954,20469038,87879375.0,0.9223,-0.2331,2219347067.0,9283201560.72944,2026-07-14
2020-05-12,sh.600869,远东股份,4.19262558,4.16330652,4.2023986,4.1046684,17326281,73445188.0,0.7807,-0.4673,2219326374.0,9239735962.882158,2026-07-14
2020-05-13,sh.600869,远东股份,4.14376048,4.17307954,4.2512637,4.11444142,18354016,78782041.0,0.827,0.2347,2219348972.0,9261519787.173233,2026-07-14
2020-05-14,sh.600869,远东股份,4.1535335,4.13398746,4.19262558,4.12421444,16577500,70327601.0,0.747,-0.9368,2219210174.0,9174187030.420418,2026-07-14
2020-05-15,sh.600869,远东股份,4.14376048,4.12421444,4.1535335,4.1046684,15851740,66874443.0,0.7143,-0.2364,2219199216.0,9152453451.86388,2026-07-14
2020-05-18,sh.600869,远东股份,4.1046684,4.06557632,4.14376048,4.04603028,17724296,73990123.0,0.7986,-1.4218,2219420987.0,9023225408.858227,2026-07-14
2020-05-19,sh.600869,远东股份,4.09489538,4.09489538,4.14376048,4.07534934,15230300,63872245.0,0.6862,0.7212,2219513261.0,9088674598.317633,2026-07-14
2020-05-20,sh.600869,远东股份,4.11444142,4.04603028,4.11444142,4.03625726,13337842,55504987.0,0.601,-1.1933,2219274875.0,8979253343.893215,2026-07-14
2020-05-21,sh.600869,远东股份,4.07534934,3.9580731,4.07534934,3.94830008,21714101,88779900.0,0.9784,-2.1739,2219348017.0,8784341685.626043,2026-07-14
2020-05-22,sh.600869,远东股份,3.9580731,3.97761914,4.0558033,3.94830008,17712800,72420620.0,0.7981,0.4938,2219371006.0,8827812592.226654,2026-07-14
2020-05-25,sh.600869,远东股份,3.93852706,3.9580731,4.0069382,3.92875404,11402143,46149176.0,0.5138,-0.4914,2219179253.0,8783673705.377394,2026-07-14
2020-05-26,sh.600869,远东股份,3.97761914,3.98739216,3.99716518,3.93852706,14377100,58279721.0,0.6478,0.7407,2219373263.0,8849511548.999819,2026-07-14
2020-05-27,sh.600869,远东股份,3.98739216,3.93852706,3.98739216,3.93852706,11740700,47469491.0,0.529,-1.2255,2219413989.0,8741222053.019043,2026-07-14
2020-05-28,sh.600869,远东股份,3.94830008,3.92875404,3.96784612,3.87988894,11831296,47443144.0,0.5331,-0.2481,2219338961.0,8719236909.158152,2026-07-14
2020-05-29,sh.600869,远东股份,3.909208,3.91898102,3.92875404,3.8114778,13215323,52637472.0,0.5955,-0.2488,2219197817.0,8696994124.448433,2026-07-14
2020-06-01,sh.600869,远东股份,3.909208,3.99716518,4.03625726,3.909208,16592106,67500100.0,0.7476,1.995,2219382825.0,8871239749.180035,2026-07-14
2020-06-02,sh.600869,远东股份,4.02648424,4.01671122,4.02648424,3.98739216,11755696,48191512.0,0.5297,0.489,2219312063.0,8914335664.133448,2026-07-14
2020-06-03,sh.600869,远东股份,4.02648424,4.1046684,4.16330652,3.98739216,28930992,121307869.0,1.3036,2.1898,2219315127.0,9109552671.438889,2026-07-14
2020-06-04,sh.600869,远东股份,4.08512236,4.07534934,4.1535335,4.06557632,11054200,46300658.0,0.4981,-0.7143,2219273238.0,9044313725.762962,2026-07-14
2020-06-05,sh.600869,远东股份,4.07534934,4.01671122,4.08512236,4.0069382,10134934,41789881.0,0.4567,-1.4388,2219166630.0,8913751501.77059,2026-07-14
2020-06-08,sh.600869,远东股份,4.04603028,3.99716518,4.06557632,3.98739216,8124311,33377713.0,0.3661,-0.4866,2219150778.0,8870312218.99151,2026-07-14
2020-06-09,sh.600869,远东股份,3.99716518,4.0069382,4.0069382,3.97761914,7431400,30370660.0,0.3348,0.2445,2219653524.0,8894014496.080215,2026-07-14
2020-06-10,sh.600869,远东股份,4.0069382,3.93852706,4.0069382,3.909208,10803108,43652790.0,0.4868,-1.7073,2219208710.0,8740413556.122692,2026-07-14
2020-06-11,sh.600869,远东股份,3.93852706,3.94830008,3.98739216,3.91898102,7607148,30803427.0,0.3428,0.2481,2219121354.0,8761757019.527908,2026-07-14
2020-06-12,sh.600869,远东股份,3.91898102,3.99716518,4.02648424,3.83102384,13328742,54123955.0,0.6006,1.2376,2219237762.0,8870659908.407528,2026-07-14
2020-06-15,sh.600869,远东股份,3.97761914,3.93852706,3.99716518,3.92875404,11922100,48211336.0,0.5372,-1.467,2219303797.0,8740788058.845247,2026-07-14
2020-06-16,sh.600869,远东股份,3.9580731,3.97761914,3.98739216,3.9580731,8301001,33742030.0,0.374,0.9926,2219518984.0,8828401192.351753,2026-07-14
2020-06-17,sh.600869,远东股份,3.98739216,3.94830008,3.99716518,3.92875404,8747696,35312870.0,0.3942,-0.7371,2219100964.0,8761676513.689278,2026-07-14
2020-06-18,sh.600869,远东股份,3.96784612,3.94830008,3.96784612,3.92875404,7769152,31327331.0,0.3501,0.0,2219123679.0,8761766199.325594,2026-07-14
2020-06-19,sh.600869,远东股份,3.94830008,3.92875404,3.96784612,3.909208,17287630,69615443.0,0.7789,-0.495,2219492875.0,8719841599.407465,2026-07-14
2020-06-22,sh.600869,远东股份,3.93852706,3.92875404,3.94830008,3.91898102,10827800,43522189.0,0.4879,0.0,2219266243.0,8718951218.021872,2026-07-14
2020-06-23,sh.600869,远东股份,3.91898102,3.91898102,3.92875404,3.8603429,18426531,73351990.0,0.8303,-0.2488,2219261833.0,8697245001.93741,2026-07-14
2020-06-24,sh.600869,远东股份,3.91898102,3.92875404,3.94830008,3.88966196,11942959,47753659.0,0.5381,0.2494,2219468314.0,8719745105.279488,2026-07-14
2020-06-29,sh.600869,远东股份,3.92875404,3.91898102,3.92875404,3.87011592,10229348,40770543.0,0.4609,-0.2488,2219428943.0,8697899902.855661,2026-07-14
2020-06-30,sh.600869,远东股份,3.92877745,3.91898,3.92877745,3.8993851,8307039,33184629.0,0.3743,0.0,2219353193.0,8697600776.30314,2026-07-14
2020-07-01,sh.600869,远东股份,3.91898,3.8993851,3.91898,3.88958765,8774622,34940508.0,0.3954,-0.5,2219176024.0,8653421922.262842,2026-07-14
2020-07-02,sh.600869,远东股份,3.8993851,3.9581698,3.96796725,3.8993851,16760287,67434205.0,0.7552,1.5075,2219317664.0,8784436154.251347,2026-07-14
2020-07-03,sh.600869,远东股份,3.9581698,3.9973596,4.0169545,3.9581698,17674286,72118827.0,0.7964,0.9901,2219272476.0,8871230136.954369,2026-07-14
2020-07-06,sh.600869,远东股份,4.00715705,4.16391625,4.16391625,4.00715705,36456886,152425709.0,1.6427,4.1667,2219327083.0,9241092104.968798,2026-07-14
2020-07-07,sh.600869,远东股份,4.1933086,4.12472645,4.2520933,4.10513155,35910419,152582700.0,1.6181,-0.9412,2219295408.0,9153986469.74114,2026-07-14
2020-07-08,sh.600869,远东股份,4.114929,4.1541188,4.1737137,4.06594175,37369968,157248790.0,1.6838,0.7126,2219382825.0,9219579917.72961,2026-07-14
2020-07-09,sh.600869,远东股份,4.16391625,4.2324984,4.26189075,4.12472645,44936354,192146784.0,2.0248,1.8868,2219298400.0,9393176927.12256,2026-07-14
2020-07-10,sh.600869,远东股份,4.22270095,4.1345239,4.22270095,4.1345239,31847388,135695361.0,1.435,-2.3148,2219330174.0,9175873646.394157,2026-07-14
2020-07-13,sh.600869,远东股份,4.1345239,4.2324984,4.2520933,4.1345239,35221322,151090882.0,1.587,2.3697,2219364965.0,9393458663.378555,2026-07-14
2020-07-14,sh.600869,远东股份,4.22270095,4.28148565,4.34027035,4.1933086,44298673,193372511.0,1.996,1.1574,2219372395.0,9502211061.198631,2026-07-14
2020-07-15,sh.600869,远东股份,4.30108055,4.16391625,4.32067545,4.1541188,23826240,102302993.0,1.0736,-2.746,2219284650.0,9240915417.510563,2026-07-14
2020-07-16,sh.600869,远东股份,4.16391625,4.06594175,4.20310605,4.04634685,28579803,120365486.0,1.2878,-2.3529,2219273412.0,9023436420.51575,2026-07-14
2020-07-17,sh.600869,远东股份,4.04634685,4.14432135,4.20310605,4.04634685,23281151,97868764.0,1.049,1.9277,2219366158.0,9197766552.066874,2026-07-14
2020-07-20,sh.600869,远东股份,4.16391625,4.2129035,4.22270095,4.1345239,25021561,106701076.0,1.1274,1.6549,2219404027.0,9350134993.262396,2026-07-14
2020-07-21,sh.600869,远东股份,4.20310605,4.1737137,4.26189075,4.16391625,20712171,88806315.61,0.9333,-0.9302,2219240437.0,9262474215.500887,2026-07-14
2020-07-22,sh.600869,远东股份,4.16391625,4.16391625,4.2129035,4.14432135,20151432,85925909.62,0.908,-0.2347,2219320705.0,9241065547.510956,2026-07-14
2020-07-23,sh.600869,远东股份,4.1541188,4.0757392,4.1541188,4.0169545,23512561,97983870.68,1.0594,-2.1176,2219422409.0,9045786913.719732,2026-07-14
2020-07-24,sh.600869,远东股份,4.0757392,3.9581698,4.114929,3.9385749,22780998,93549564.55,1.0265,-2.8846,2219288651.0,8784321315.87094,2026-07-14
2020-07-27,sh.600869,远东股份,3.96796725,3.9385749,3.98756215,3.88958765,14457200,57848256.6,0.6514,-0.495,2219404360.0,8741290305.246563,2026-07-14
2020-07-28,sh.600869,远东股份,3.9581698,3.9581698,3.9777647,3.9385749,8861794,35790483.88,0.3993,0.4975,2219332332.0,8784494212.685974,2026-07-14
2020-07-29,sh.600869,远东股份,3.9385749,4.00715705,4.0169545,3.91898,11566031,46970337.44,0.5211,1.2376,2219541547.0,8894051557.828957,2026-07-14
2020-07-30,sh.600869,远东股份,4.02675195,3.96796725,4.0365494,3.96796725,10539304,42887056.49,0.4749,-0.978,2219268056.0,8805982965.179167,2026-07-14
2020-07-31,sh.600869,远东股份,3.98756215,3.9777647,4.0169545,3.94837235,13233720,53775897.49,0.5963,0.2469,2219305719.0,8827875947.546318,2026-07-14
2020-08-03,sh.600869,远东股份,3.9973596,4.0757392,4.10513155,3.9973596,20856550,86535768.64,0.9398,2.4631,2219254097.0,9045100917.903503,2026-07-14
2020-08-04,sh.600869,远东股份,4.114929,4.06594175,4.12472645,4.04634685,15157330,62999844.64,0.683,-0.2404,2219228404.0,9023253420.609468,2026-07-14
2020-08-05,sh.600869,远东股份,4.0561443,4.0561443,4.0757392,4.00715705,17613600,72534548.0,0.7936,-0.241,2219455645.0,9002432363.569572,2026-07-14
2020-08-06,sh.600869,远东股份,4.04634685,4.00715705,4.0561443,3.96796725,19878948,81212831.86,0.8957,-1.2077,2219375684.0,8893386918.739172,2026-07-14
2020-08-07,sh.600869,远东股份,4.00715705,3.96796725,4.00715705,3.92877745,13712224,55477030.72,0.6178,-0.978,2219524765.0,8807001578.083946,2026-07-14
2020-08-10,sh.600869,远东股份,3.9581698,3.9973596,4.0169545,3.9385749,13096309,53322589.47,0.5901,0.7407,2219337231.0,8871488985.975267,2026-07-14
2020-08-11,sh.600869,远东股份,3.9973596,3.94837235,4.00715705,3.9385749,13657324,55455523.68,0.6154,-1.2255,2219259669.0,8762463514.549753,2026-07-14
2020-08-12,sh.600869,远东股份,3.94837235,3.96796725,3.9777647,3.90918255,14177936,56851185.62,0.6388,0.4963,2219463995.0,8806760444.714165,2026-07-14
2020-08-13,sh.600869,远东股份,3.9777647,4.0561443,4.06594175,3.9777647,24340542,99947628.52,1.0967,2.2222,2219434850.0,9002348016.048855,2026-07-14
2020-08-14,sh.600869,远东股份,4.0757392,4.04634685,4.0757392,3.98756215,21263230,87657574.8,0.9581,-0.2415,2219312180.0,8980106848.709633,2026-07-14
2020-08-17,sh.600869,远东股份,4.04634685,4.0757392,4.10513155,4.0169545,21851530,90564168.84,0.9846,0.7264,2219330693.0,9045413103.223267,2026-07-14
2020-08-18,sh.600869,远东股份,4.08553665,4.02675195,4.0953341,4.00715705,31517000,129861510.0,1.4201,-1.2019,2219350750.0,8936774960.296463,2026-07-14
2020-08-19,sh.600869,远东股份,4.02675195,3.9973596,4.04634685,3.96796725,25027200,102285745.0,1.1277,-0.7299,2219313647.0,8871394712.24646,2026-07-14
2020-08-20,sh.600869,远东股份,3.9777647,3.98756215,4.0365494,3.9581698,16776692,68463574.76,0.7559,-0.2451,2219432729.0,8850125944.631607,2026-07-14
2020-08-21,sh.600869,远东股份,3.9973596,3.9973596,4.02675195,3.9777647,12453782,50819224.56,0.5611,0.2457,2219529852.0,8872258961.378778,2026-07-14
2020-08-24,sh.600869,远东股份,3.9973596,3.9777647,4.0169545,3.94837235,11910183,48306835.15,0.5367,-0.4902,2219150922.0,8827260201.504053,2026-07-14
2020-08-25,sh.600869,远东股份,3.98756215,3.9777647,3.98756215,3.94837235,13087728,53037955.12,0.5897,0.0,2219387485.0,8828201193.454779,2026-07-14
2020-08-26,sh.600869,远东股份,3.9973596,4.0953341,4.14432135,3.98756215,49508416,206260485.65,2.2308,2.9557,2219312175.0,9088824828.822666,2026-07-14
2020-08-27,sh.600869,远东股份,4.114929,4.06594175,4.14432135,4.0365494,25873892,107483582.72,1.1658,-0.7177,2219410877.0,9023995345.198416,2026-07-14
2020-08-28,sh.600869,远东股份,4.06594175,4.10513155,4.114929,4.0169545,30576741,127068153.59,1.3777,0.9639,2219404878.0,9110948986.901701,2026-07-14
2020-08-31,sh.600869,远东股份,4.10513155,4.0561443,4.1345239,4.0561443,20252722,84610773.14,0.9126,-1.1933,2219233180.0,9001530013.427874,2026-07-14
2020-09-01,sh.600869,远东股份,4.04634685,4.06594175,4.0757392,4.02675195,16374153,67703650.32,0.7378,0.2415,2219321361.0,9023631378.356722,2026-07-14
2020-09-02,sh.600869,远东股份,4.0757392,4.14432135,4.1541188,4.0561443,36096885,151268567.35,1.6265,1.9277,2219298186.0,9197484854.256071,2026-07-14
2020-09-03,sh.600869,远东股份,4.1737137,4.10513155,4.26189075,4.0953341,36567345,155933854.15,1.6477,-0.9456,2219296292.0,9110503227.087214,2026-07-14
2020-09-04,sh.600869,远东股份,4.06594175,4.12472645,4.1345239,4.04634685,19998751,83741165.03,0.9011,0.4773,2219370880.0,9154297771.095776,2026-07-14
2020-09-07,sh.600869,远东股份,4.14432135,4.0561443,4.1541188,4.04634685,26194791,109365408.5,1.1803,-1.6627,2219333305.0,9001936134.875912,2026-07-14
2020-09-08,sh.600869,远东股份,4.0561443,4.18351115,4.1933086,4.02675195,33269082,139973257.01,1.499,3.1401,2219418412.0,9284961673.117294,2026-07-14
2020-09-09,sh.600869,远东股份,4.1345239,4.1541188,4.28148565,4.12472645,41140747,176614283.16,1.8537,-0.7026,2219385391.0,9219590577.19845,2026-07-14
2020-09-10,sh.600869,远东股份,4.1737137,4.0561443,4.20310605,4.02675195,29082400,121532359.0,1.3104,-2.3585,2219352869.0,9002015489.282995,2026-07-14
2020-09-11,sh.600869,远东股份,4.00715705,3.98756215,4.02675195,3.94837235,24959361,101585144.33,1.1246,-1.6908,2219398986.0,8849991392.32198,2026-07-14
2020-09-14,sh.600869,远东股份,4.00715705,4.0169545,4.02675195,3.9777647,16251551,66368485.94,0.7323,0.7371,2219247713.0,8914617087.350058,2026-07-14
2020-09-15,sh.600869,远东股份,4.0169545,3.9777647,4.0169545,3.9581698,14887598,60429241.9,0.6708,-0.9756,2219379547.0,8828169617.95859,2026-07-14
2020-09-16,sh.600869,远东股份,3.96796725,3.96796725,3.9777647,3.94837235,11714909,47378634.27,0.5279,-0.2463,2219153059.0,8805526660.849318,2026-07-14
2020-09-17,sh.600869,远东股份,3.9581698,3.96796725,4.00715705,3.94837235,10330967,41886851.35,0.4655,0.0,2219326960.0,8806216694.32206,2026-07-14
2020-09-18,sh.600869,远东股份,3.96796725,4.00715705,4.0169545,3.9581698,11997845,48907692.03,0.5406,0.9877,2219357196.0,8893312834.419632,2026-07-14
2020-09-21,sh.600869,远东股份,4.02675195,3.9777647,4.02675195,3.9777647,9527734,38844016.72,0.4293,-0.7335,2219365013.0,8828111805.12644,2026-07-14
2020-09-22,sh.600869,远东股份,3.9581698,3.94837235,3.98756215,3.9385749,12812114,51762455.03,0.5773,-0.7389,2219316473.0,8762687797.892721,2026-07-14
2020-09-23,sh.600869,远东股份,3.94837235,3.9777647,4.02675195,3.94837235,13136339,53472044.52,0.5919,0.7444,2219351073.0,8828056355.086523,2026-07-14
2020-09-24,sh.600869,远东股份,3.9777647,3.91898,3.98756215,3.90918255,13811200,55548789.0,0.6223,-1.4778,2219379720.0,8697704735.0856,2026-07-14
2020-09-25,sh.600869,远东股份,3.92877745,3.90918255,3.9385749,3.8993851,8444000,33754509.0,0.3805,-0.25,2219185283.0,8675200383.520412,2026-07-14
2020-09-28,sh.600869,远东股份,3.90918255,3.8406004,3.92877745,3.8406004,8660896,34379667.03,0.3902,-1.7544,2219604305.0,8524613181.6247225,2026-07-14
2020-09-29,sh.600869,远东股份,3.8601953,3.8797902,3.8993851,3.85039785,7123928,28222443.79,0.321,1.0204,2219292212.0,8610388175.053923,2026-07-14
2020-09-30,sh.600869,远东股份,3.86999275,3.85039785,3.88958765,3.8406004,7222202,28451530.86,0.3254,-0.7576,2219484327.0,8545897680.789496,2026-07-14
2020-10-09,sh.600869,远东股份,3.8993851,3.94837235,3.9581698,3.8797902,12436598,49957490.02,0.5604,2.5445,2219235903.0,8762369677.532482,2026-07-14
2020-10-12,sh.600869,远东股份,3.9777647,4.0365494,4.04634685,3.96796725,20720148,84992551.83,0.9336,2.2333,2219381748.0,8958644063.260351,2026-07-14
2020-10-13,sh.600869,远东股份,4.04634685,3.9973596,4.04634685,3.9777647,13048002,53336420.2,0.5879,-0.9709,2219425412.0,8871841477.142155,2026-07-14
2020-10-14,sh.600869,远东股份,3.9973596,3.9777647,4.0169545,3.96796725,9574566,38947814.62,0.4314,-0.4902,2219417246.0,8828319575.710016,2026-07-14
2020-10-15,sh.600869,远东股份,3.9777647,3.98756215,4.00715705,3.9581698,10771474,43781613.64,0.4853,0.2463,2219549557.0,8850591803.542467,2026-07-14
2020-10-16,sh.600869,远东股份,3.98756215,3.9385749,3.9973596,3.92877745,10688369,43071202.69,0.4816,-1.2285,2219345723.0,8741059359.030153,2026-07-14
2020-10-19,sh.600869,远东股份,3.9581698,3.91898,3.9777647,3.91898,9518269,38307219.45,0.4289,-0.4975,2219228025.0,8697110245.4145,2026-07-14
2020-10-20,sh.600869,远东股份,3.90918255,3.94837235,3.9581698,3.88958765,8197380,32821050.8,0.3694,0.75,2219106659.0,8761859374.09648,2026-07-14
2020-10-21,sh.600869,远东股份,3.9385749,3.88958765,3.9385749,3.8797902,11395677,45331828.92,0.5135,-1.4888,2219216553.0,8631837297.224371,2026-07-14
2020-10-22,sh.600869,远东股份,3.88958765,3.88958765,3.90918255,3.8601953,7070200,28044750.0,0.3186,0.0,2219146265.0,8631563905.887629,2026-07-14
2020-10-23,sh.600869,远东股份,3.90918255,3.8993851,3.91898,3.8797902,7036938,28009397.96,0.3171,0.2519,2219154210.0,8653336861.076271,2026-07-14
2020-10-26,sh.600869,远东股份,3.88958765,3.88958765,3.8993851,3.85039785,8354100,33051811.0,0.3764,-0.2513,2219473964.0,8632838519.870945,2026-07-14
2020-10-27,sh.600869,远东股份,3.8601953,3.86999275,3.88958765,3.8601953,6133725,24220323.43,0.2764,-0.5038,2219147974.0,8588086570.557189,2026-07-14
2020-10-28,sh.600869,远东股份,3.86999275,3.91898,3.92877745,3.8406004,10915273,43268691.44,0.4918,1.2658,2219453640.0,8697994426.0872,2026-07-14
2020-10-29,sh.600869,远东股份,3.8797902,3.8797902,3.90918255,3.86999275,6462600,25626894.0,0.2912,-1.0,2219299451.0,8610416260.85518,2026-07-14
2020-10-30,sh.600869,远东股份,3.86999275,3.8210055,3.8993851,3.79161315,12050000,47200483.0,0.543,-1.5152,2219152855.0,8479395264.295703,2026-07-14
2020-11-02,sh.600869,远东股份,3.8014106,3.7426259,3.8210055,3.73282845,12218213,47016852.41,0.5505,-2.0513,2219475568.0,8306666745.214011,2026-07-14
2020-11-03,sh.600869,远东股份,3.7818157,3.8210055,3.83080295,3.7622208,8217140,31949989.04,0.3702,2.0942,2219648838.0,8481290418.066609,2026-07-14
2020-11-04,sh.600869,远东股份,3.86999275,3.8014106,3.8797902,3.8014106,7401727,28855984.76,0.3335,-0.5128,2219408396.0,8436882602.283398,2026-07-14
2020-11-05,sh.600869,远东股份,3.8406004,3.85039785,3.86999275,3.81120805,9457189,37044066.21,0.4261,1.2887,2219476414.0,8545867212.59131,2026-07-14
2020-11-06,sh.600869,远东股份,3.85039785,3.9581698,3.9581698,3.79161315,24102606,95593067.88,1.086,2.799,2219392818.0,8784733626.544497,2026-07-14
2020-11-09,sh.600869,远东股份,3.96796725,3.98756215,4.08553665,3.9385749,28305115,115521144.87,1.2754,0.7426,2219312765.0,8849647580.725845,2026-07-14
2020-11-10,sh.600869,远东股份,3.9777647,3.91898,4.0169545,3.90918255,15437100,62195455.29,0.6956,-1.7199,2219249569.0,8697194675.91962,2026-07-14
2020-11-11,sh.600869,远东股份,3.91898,3.88958765,3.91898,3.88958765,8085197,32213440.3,0.3643,-0.75,2219378809.0,8632468406.15811,2026-07-14
2020-11-12,sh.600869,远东股份,3.8993851,3.96796725,3.98756215,3.8797902,15915414,64123499.14,0.7171,2.0151,2219413471.0,8806559967.136826,2026-07-14
2020-11-13,sh.600869,远东股份,4.0365494,3.96796725,4.06594175,3.94837235,19378631,79163188.92,0.8732,0.0,2219266033.0,8805974937.981419,2026-07-14
2020-11-16,sh.600869,远东股份,3.92877745,3.9973596,3.9973596,3.8993851,16455264,66440141.74,0.7414,0.7407,2219485298.0,8872080863.019161,2026-07-14
2020-11-17,sh.600869,远东股份,4.0169545,3.96796725,4.02675195,3.9385749,11079916,44906037.64,0.4992,-0.7353,2219534455.0,8807040027.6866,2026-07-14
2020-11-18,sh.600869,远东股份,3.96796725,3.94837235,3.96796725,3.92877745,11126602,44794591.06,0.5013,-0.4938,2219549571.0,8763608155.590761,2026-07-14
2020-11-19,sh.600869,远东股份,3.92877745,3.90918255,3.9385749,3.8993851,10970726,43812245.74,0.4943,-0.9926,2219446895.0,8676223072.585682,2026-07-14
2020-11-20,sh.600869,远东股份,3.91898,3.92877745,3.9385749,3.88958765,8626146,34499561.54,0.3887,0.5013,2219229740.0,8718859758.881363,2026-07-14
2020-11-23,sh.600869,远东股份,3.91898,3.92877745,3.9581698,3.88958765,13981467,55992116.24,0.63,0.0,2219280476.0,8719059089.334066,2026-07-14
2020-11-24,sh.600869,远东股份,3.9385749,3.9777647,4.0169545,3.92877745,19249536,78184929.62,0.8673,1.2469,2219478381.0,8828562756.35495,2026-07-14
2020-11-25,sh.600869,远东股份,3.91898,3.86999275,3.9581698,3.86999275,25192734,100663679.8,1.1351,-2.7094,2219428597.0,8589172579.532672,2026-07-14
2020-11-26,sh.600869,远东股份,3.83080295,3.83080295,3.86999275,3.7818157,17818848,69552745.73,0.8029,-1.0127,2219310998.0,8501743118.105844,2026-07-14
2020-11-27,sh.600869,远东股份,3.85039785,3.8406004,3.86999275,3.8014106,10071246,39392806.91,0.4538,0.2558,2219313795.0,8523497448.802518,2026-07-14
2020-11-30,sh.600869,远东股份,3.85039785,3.8406004,3.8993851,3.81120805,11868575,46638064.25,0.5348,0.0,2219254862.0,8523271110.699145,2026-07-14
2020-12-01,sh.600869,远东股份,3.83080295,3.8601953,3.8797902,3.8210055,9734037,38309448.64,0.4386,0.5102,2219342681.0,8567096186.2856,2026-07-14
2020-12-02,sh.600869,远东股份,3.8601953,3.8406004,3.8601953,3.81120805,11495835,44955539.25,0.518,-0.5076,2219273166.0,8523341409.048866,2026-07-14
2020-12-03,sh.600869,远东股份,3.83080295,3.83080295,3.8406004,3.81120805,8289420,32373441.86,0.3735,-0.2551,2219389558.0,8502044065.985596,2026-07-14
2020-12-04,sh.600869,远东股份,3.8210055,3.8210055,3.8406004,3.81120805,6663720,25979592.2,0.3003,-0.2558,2219020979.0,8478891365.374385,2026-07-14
2020-12-07,sh.600869,远东股份,3.81120805,3.7818157,3.8210055,3.7818157,7970808,30904111.38,0.3592,-1.0256,2219044543.0,8392017491.716725,2026-07-14
2020-12-08,sh.600869,远东股份,3.79161315,3.79161315,3.81120805,3.7622208,6519415,25198747.05,0.2938,0.2591,2218997617.0,8413580544.4358635,2026-07-14
2020-12-09,sh.600869,远东股份,3.79161315,3.73282845,3.81120805,3.73282845,10738371,41296696.95,0.4839,-1.5504,2219130192.0,8283632314.951562,2026-07-14
2020-12-10,sh.600869,远东股份,3.73282845,3.723031,3.7426259,3.6838412,9630627,36472948.79,0.4339,-0.2625,2219549896.0,8263453068.854776,2026-07-14
2020-12-11,sh.600869,远东股份,3.73282845,3.63485395,3.73282845,3.59566415,15984441,59443798.63,0.7202,-2.3684,2219444738.0,8067357472.726015,2026-07-14
2020-12-14,sh.600869,远东股份,3.61525905,3.6838412,3.7034361,3.5858667,7900100,29330422.0,0.356,1.3477,2219129213.0,8174919622.972975,2026-07-14
2020-12-15,sh.600869,远东股份,3.67404375,3.63485395,3.6838412,3.6250565,4714588,17516187.76,0.2124,-1.3298,2219674200.0,8068191533.58309,2026-07-14
2020-12-16,sh.600869,远东股份,3.63485395,3.5662718,3.63485395,3.55647435,7703202,28265923.36,0.3471,-1.8868,2219303371.0,7914639027.642238,2026-07-14
2020-12-17,sh.600869,远东股份,3.5662718,3.4682973,3.5662718,3.34093045,18585450,65090924.05,0.8374,-2.7473,2219423215.0,7697619544.14182,2026-07-14
2020-12-18,sh.600869,远东股份,3.4291075,3.39971515,3.47809475,3.38012025,13995971,48704460.66,0.6306,-1.9774,2219468918.0,7545562105.478707,2026-07-14
2020-12-21,sh.600869,远东股份,3.38012025,3.55647435,3.59566415,3.3703228,19489452,69498166.15,0.8782,4.611,2219249829.0,7892705093.080385,2026-07-14
2020-12-22,sh.600869,远东股份,3.5662718,3.527082,3.6838412,3.51728455,23212729,85324118.66,1.0459,-0.8264,2219402333.0,7828014019.4823065,2026-07-14
2020-12-23,sh.600869,远东股份,3.527082,3.57606925,3.61525905,3.4878922,13237610,48054207.18,0.5965,1.3889,2219213747.0,7936062039.82398,2026-07-14
2020-12-24,sh.600869,远东股份,3.57606925,3.4487024,3.5858667,3.43890495,12257739,43618616.8,0.5523,-3.5616,2219398696.0,7654045609.452071,2026-07-14
2020-12-25,sh.600869,远东股份,3.39971515,3.527082,3.55647435,3.36052535,11917377,42566497.6,0.537,2.2727,2219250838.0,7827479684.194716,2026-07-14
2020-12-28,sh.600869,远东股份,3.527082,3.53687945,3.61525905,3.5074871,13684500,49581013.5,0.6166,0.2778,2219348038.0,7849566468.000019,2026-07-14
2020-12-29,sh.600869,远东股份,3.5466769,3.55647435,3.61525905,3.5466769,12078504,44124472.64,0.5442,0.554,2219497244.0,7893585018.181691,2026-07-14
2020-12-30,sh.600869,远东股份,3.55647435,3.90918255,3.90918255,3.47809475,52686862,204734897.75,2.374,9.9174,2219328644.0,8675760807.839962,2026-07-14
2020-12-31,sh.600869,远东股份,3.98756215,3.90918255,3.98756215,3.7818157,55979510,222255254.03,2.5223,0.0,2219383499.0,8675975246.048742,2026-07-14
2021-01-04,sh.600869,远东股份,3.8014106,3.8210055,3.8797902,3.77201825,36148653,140997621.5,1.6288,-2.2556,2219342645.0,8480120452.929547,2026-07-14
2021-01-05,sh.600869,远东股份,3.8014106,3.7034361,3.81120805,3.69363865,27903898,106228817.69,1.2573,-3.0769,2219350831.0,8219223986.090399,2026-07-14
2021-01-06,sh.600869,远东股份,3.71323355,3.57606925,3.71323355,3.55647435,22438424,82590117.56,1.011,-3.4392,2219428684.0,7936830669.420367,2026-07-14
2021-01-07,sh.600869,远东股份,3.5662718,3.5074871,3.6642463,3.4682973,21760721,79003691.18,0.9805,-1.9178,2219349414.0,7784339439.99756,2026-07-14
2021-01-08,sh.600869,远东股份,3.5074871,3.5466769,3.6054616,3.3899177,20642517,74145685.08,0.9301,1.1173,2219386840.0,7871448037.591996,2026-07-14
2021-01-11,sh.600869,远东股份,3.51728455,3.4095126,3.55647435,3.4095126,18461926,65267827.98,0.8319,-3.8674,2219248227.0,7566554792.484159,2026-07-14
2021-01-12,sh.600869,远东股份,3.41931005,3.4291075,3.49768965,3.3899177,13490775,47457649.48,0.6079,0.5747,2219242474.0,7610021011.911956,2026-07-14
2021-01-13,sh.600869,远东股份,3.43890495,3.2919432,3.4487024,3.2723483,18729822,63835103.04,0.8439,-4.0,2219436189.0,7306257870.212464,2026-07-14
2021-01-14,sh.600869,远东股份,3.2919432,3.2919432,3.3507279,3.2135636,15098170,50774362.56,0.6803,0.0,2219339997.0,7305941211.61217,2026-07-14
2021-01-15,sh.600869,远东股份,3.2919432,3.32133555,3.331133,3.2527534,10331425,34906518.58,0.4655,0.8929,2219425349.0,7371456312.204857,2026-07-14
2021-01-18,sh.600869,远东股份,3.32133555,3.3899177,3.39971515,3.30174065,12502040,43059652.28,0.5633,2.0649,2219428369.0,7523679511.955231,2026-07-14
2021-01-19,sh.600869,远东股份,3.3703228,3.3703228,3.4095126,3.3507279,7397500,25503230.0,0.3333,-0.578,2219471947.0,7480336906.934491,2026-07-14
2021-01-20,sh.600869,远东股份,3.39971515,3.38012025,3.39971515,3.34093045,6020740,20674225.16,0.2713,0.2907,2219218577.0,7501225651.293884,2026-07-14
2021-01-21,sh.600869,远东股份,3.38012025,3.36052535,3.4095126,3.331133,9082649,31239167.56,0.4092,-0.5797,2219611193.0,7459059681.2202425,2026-07-14
2021-01-22,sh.600869,远东股份,3.3507279,3.2723483,3.3507279,3.2723483,9791749,32986715.64,0.4412,-2.6239,2219344742.0,7262468993.597638,2026-07-14
2021-01-25,sh.600869,远东股份,2.9980197,3.1939687,3.2331585,2.9980197,24557252,78800868.29,1.1065,-2.3952,2219363037.0,7088576074.114943,2026-07-14
2021-01-26,sh.600869,远东股份,3.18417125,3.04700695,3.18417125,3.0372095,12690975,40108904.29,0.5718,-4.6012,2219477964.0,6762764781.67985,2026-07-14
2021-01-27,sh.600869,远东股份,3.3507279,3.3507279,3.3507279,3.3507279,7229103,24723532.26,0.3257,9.9678,2219558796.0,7437137583.447608,2026-07-14
2021-01-28,sh.600869,远东股份,3.6838412,3.6838412,3.6838412,3.527082,50345889,188173817.98,2.2685,9.9415,2219347102.0,8175722291.448202,2026-07-14
2021-01-29,sh.600869,远东股份,3.7818157,3.43890495,4.0561443,3.43890495,121847609,483266062.29,5.4902,-6.6489,2219365579.0,7632187275.482716,2026-07-14
2021-02-01,sh.600869,远东股份,3.28214575,3.1547789,3.3703228,3.0959942,89275396,294372904.9,4.0226,-8.2621,2219345597.0,7001544661.223504,2026-07-14
2021-02-02,sh.600869,远东股份,3.1547789,3.1547789,3.2331585,3.06660185,34880515,112703064.51,1.5717,0.0,2219285805.0,7001356030.683515,2026-07-14
2021-02-03,sh.600869,远东股份,3.2331585,3.1939687,3.41931005,3.1743738,33423116,111240072.5,1.506,1.2422,2219330412.0,7088471870.886105,2026-07-14
2021-02-04,sh.600869,远东股份,3.1155891,3.0763993,3.16457635,3.06660185,24650378,78133575.14,1.1107,-3.681,2219355181.0,6827622725.279773,2026-07-14
2021-02-05,sh.600869,远东股份,3.04700695,3.04700695,3.1155891,3.0176146,15685009,48848658.22,0.7067,-0.9554,2219472053.0,6762746770.821769,2026-07-14
2021-02-08,sh.600869,远东股份,3.02741205,3.02741205,3.0568044,2.9784248,10336402,31918637.14,0.4657,-0.6431,2219540906.0,6719464884.292317,2026-07-14
2021-02-09,sh.600869,远东股份,3.0372095,3.08619675,3.1155891,3.00781715,11324302,35310789.03,0.5103,1.9417,2219145993.0,6848721151.372123,2026-07-14
2021-02-10,sh.600869,远东股份,3.08619675,3.08619675,3.10579165,3.04700695,9341692,29340688.72,0.4209,0.0,2219456403.0,6849679137.705291,2026-07-14
2021-02-18,sh.600869,远东股份,3.10579165,3.16457635,3.18417125,3.10579165,12990213,41863649.82,0.5853,2.5397,2219411071.0,7023495786.21477,2026-07-14
2021-02-19,sh.600869,远东股份,3.1743738,3.28214575,3.28214575,3.14498145,14069000,46384145.0,0.6339,3.7152,2219435242.0,7284509946.930522,2026-07-14
2021-02-22,sh.600869,远东股份,3.2723483,3.36052535,3.4291075,3.2723483,17392711,59730335.34,0.7837,2.3881,2219307260.0,7458038306.669042,2026-07-14
2021-02-23,sh.600869,远东股份,3.331133,3.36052535,3.41931005,3.3115381,12152114,41790251.44,0.5476,0.0,2219158875.0,7457539655.114982,2026-07-14
2021-02-24,sh.600869,远东股份,3.4095126,3.3507279,3.4095126,3.3115381,10004900,34241393.0,0.4508,-0.2915,2219365572.0,7436490142.399858,2026-07-14
2021-02-25,sh.600869,远东股份,3.3507279,3.34093045,3.38012025,3.3115381,7665302,26161547.43,0.3454,-0.2924,2219253619.0,7414371991.989799,2026-07-14
2021-02-26,sh.600869,远东股份,3.3115381,3.32133555,3.3703228,3.2919432,9586202,32572341.82,0.4319,-0.5865,2219542024.0,7371843829.030153,2026-07-14
2021-03-01,sh.600869,远东股份,3.32133555,3.65444885,3.65444885,3.32133555,18244100,65614550.0,0.822,10.0295,2219476886.0,8110964753.644281,2026-07-14
2021-03-02,sh.600869,远东股份,3.8406004,3.6642463,3.8406004,3.6250565,54570171,208745199.01,2.4588,0.2681,2219382260.0,8132363234.490638,2026-07-14
2021-03-03,sh.600869,远东股份,3.69363865,3.69363865,3.73282845,3.59566415,26439879,98493579.2,1.1913,0.8021,2219414002.0,8197713338.138377,2026-07-14
2021-03-04,sh.600869,远东股份,3.6250565,3.6054616,3.7034361,3.6054616,12562295,46678125.6,0.566,-2.3873,2219486749.0,8002274245.228338,2026-07-14
2021-03-05,sh.600869,远东股份,3.61525905,3.63485395,3.7818157,3.61525905,20519616,77030710.27,0.9246,0.8152,2219296561.0,8066818870.972266,2026-07-14
2021-03-08,sh.600869,远东股份,3.71323355,3.7426259,3.8210055,3.6446514,22317692,85176661.46,1.0056,2.965,2219340891.0,8306162699.585677,2026-07-14
2021-03-09,sh.600869,远东股份,3.7426259,3.6446514,3.7622208,3.59566415,15509011,58086928.76,0.6988,-2.6178,2219377647.0,8088857848.267256,2026-07-14
2021-03-10,sh.600869,远东股份,3.6446514,3.53687945,3.7034361,3.51728455,13416918,49144059.24,0.6045,-2.957,2219506700.0,7850127636.367314,2026-07-14
2021-03-11,sh.600869,远东股份,3.53687945,3.5466769,3.57606925,3.4878922,10310800,37182033.0,0.4646,0.277,2219285407.0,7871088287.513998,2026-07-14
2021-03-12,sh.600869,远东股份,3.5466769,3.6250565,3.6642463,3.4682973,13999145,51126372.7,0.6308,2.2099,2219268389.0,8044973298.788979,2026-07-14
2021-03-15,sh.600869,远东股份,3.6446514,3.6250565,3.6838412,3.57606925,10447375,38620099.25,0.4707,0.0,2219540047.0,8045958074.387655,2026-07-14
2021-03-16,sh.600869,远东股份,3.59566415,3.7426259,3.77201825,3.59566415,15578700,59202066.0,0.7019,3.2432,2219504203.0,8306773915.306658,2026-07-14
2021-03-17,sh.600869,远东股份,3.81120805,3.6838412,3.81120805,3.6642463,12238550,46393242.0,0.5514,-1.5707,2219541168.0,8176437199.774521,2026-07-14
2021-03-18,sh.600869,远东股份,3.723031,3.65444885,3.723031,3.6446514,9571733,35916465.75,0.4313,-0.7979,2219274983.0,8110226909.458119,2026-07-14
2021-03-19,sh.600869,远东股份,3.6446514,3.67404375,3.6838412,3.6250565,7987266,29826558.86,0.3599,0.5362,2219301473.0,8153810706.241444,2026-07-14
2021-03-22,sh.600869,远东股份,3.67404375,3.7622208,3.79161315,3.67404375,16895500,64798909.0,0.7613,2.4,2219295941.0,8349481350.585773,2026-07-14
2021-03-23,sh.600869,远东股份,3.7426259,3.71323355,3.8601953,3.6642463,18751251,71668134.74,0.8449,-1.3021,2219345603.0,8240948552.104581,2026-07-14
2021-03-24,sh.600869,远东股份,3.7034361,3.77201825,3.79161315,3.7034361,11729816,44942694.16,0.5285,1.5831,2219454305.0,8371822143.501066,2026-07-14
2021-03-25,sh.600869,远东股份,3.7818157,3.6446514,3.7818157,3.6054616,17615000,65845964.0,0.7937,-3.3766,2219352400.0,8088765831.75336,2026-07-14
2021-03-26,sh.600869,远东股份,3.61525905,3.6642463,3.69363865,3.61525905,8071100,30160342.0,0.3637,0.5376,2219164146.0,8131564011.073159,2026-07-14
2021-03-29,sh.600869,远东股份,3.6250565,3.69363865,3.7426259,3.6250565,10521400,39539818.0,0.4741,0.8021,2219236448.0,8197057517.821515,2026-07-14
2021-03-30,sh.600869,远东股份,3.6838412,3.6446514,3.7426259,3.61525905,10553148,39240460.08,0.4755,-1.3263,2219379180.0,8088863435.517852,2026-07-14
2021-03-31,sh.600869,远东股份,3.63485395,3.6054616,3.6446514,3.5662718,7363744,27068141.69,0.3318,-1.0753,2219332128.0,8001716765.150285,2026-07-14
2021-04-01,sh.600869,远东股份,3.61525905,3.6250565,3.6250565,3.5662718,5564000,20463100.0,0.2507,0.5435,2219385720.0,8045398630.2931795,2026-07-14
2021-04-02,sh.600869,远东股份,3.6838412,3.5858667,3.7034361,3.5858667,10122109,37430541.3,0.4561,-1.0811,2219274063.0,7958020960.685402,2026-07-14
2021-04-06,sh.600869,远东股份,3.5662718,3.5858667,3.6250565,3.5662718,5939365,21777553.24,0.2676,0.0,2219493647.0,7958808359.638855,2026-07-14
2021-04-07,sh.600869,远东股份,3.5858667,3.5858667,3.61525905,3.5466769,5443167,19908616.55,0.2453,0.0,2218983693.0,7956979732.571723,2026-07-14
2021-04-08,sh.600869,远东股份,3.5858667,3.5074871,3.59566415,3.5074871,9702400,35107894.0,0.4372,-2.1858,2219213175.0,7783861583.462543,2026-07-14
2021-04-09,sh.600869,远东股份,3.49768965,3.5858667,3.6250565,3.4878922,8882200,32473061.0,0.4002,2.2346,2219440280.0,7958616992.690676,2026-07-14
2021-04-12,sh.600869,远东股份,3.57606925,3.55647435,3.59566415,3.53687945,5849009,21258921.58,0.2635,-0.8197,2219737761.0,7894440410.72293,2026-07-14
2021-04-13,sh.600869,远东股份,3.53687945,3.47809475,3.55647435,3.45849985,7785989,27746518.95,0.3508,-2.2039,2219495154.0,7719614442.777842,2026-07-14
2021-04-14,sh.600869,远东股份,3.4878922,3.49768965,3.5074871,3.45849985,3884304,13814630.2,0.175,0.5634,2219602286.0,7763479942.85854,2026-07-14
2021-04-15,sh.600869,远东股份,3.51728455,3.57606925,3.6054616,3.47809475,10263605,37302881.31,0.4625,2.2409,2219157838.0,7935862105.368282,2026-07-14
2021-04-16,sh.600869,远东股份,3.57606925,3.5858667,3.6250565,3.5662718,6493167,23757775.96,0.2926,0.274,2219127478.0,7957495326.415182,2026-07-14
2021-04-19,sh.600869,远东股份,3.57606925,3.6250565,3.65444885,3.5662718,10402204,38469047.84,0.4687,1.0929,2219373587.0,8045354647.482665,2026-07-14
2021-04-20,sh.600869,远东股份,3.6446514,3.61525905,3.6446514,3.6054616,5896500,21836324.0,0.2657,-0.2703,2219232217.0,8023099356.560814,2026-07-14
2021-04-21,sh.600869,远东股份,3.6250565,3.55647435,3.6250565,3.53687945,5490400,20035671.0,0.2474,-1.626,2219240097.0,7892670481.472012,2026-07-14
2021-04-22,sh.600869,远东股份,3.55647435,3.5662718,3.65444885,3.55647435,6886200,25265155.0,0.3103,0.2755,2219207219.0,7914296123.476124,2026-07-14
2021-04-23,sh.600869,远东股份,3.5858667,3.723031,3.73282845,3.53687945,18346478,68417574.82,0.8267,4.3956,2219242531.0,8262308739.431461,2026-07-14
2021-04-26,sh.600869,远东股份,3.723031,3.65444885,3.7622208,3.6054616,19119675,71778554.05,0.8615,-1.8421,2219347069.0,8110490344.05792,2026-07-14
2021-04-27,sh.600869,远东股份,3.9973596,3.7622208,3.9973596,3.65444885,40377683,156060975.27,1.8193,2.9491,2219407629.0,8349901545.502483,2026-07-14
2021-04-28,sh.600869,远东股份,3.6642463,3.65444885,3.77201825,3.61525905,21692284,81332961.8,0.9774,-2.8646,2219386536.0,8110634574.190683,2026-07-14
2021-04-29,sh.600869,远东股份,3.6838412,3.5662718,3.6838412,3.5662718,12223400,45183113.0,0.5508,-2.4129,2219208424.0,7914300420.833643,2026-07-14
2021-04-30,sh.600869,远东股份,3.55647435,3.5858667,3.6250565,3.5466769,8430845,30873920.25,0.3799,0.5495,2219227428.0,7957853733.791847,2026-07-14
2021-05-06,sh.600869,远东股份,3.55647435,3.6054616,3.67404375,3.55647435,10820600,39994274.0,0.4876,0.5464,2219155045.0,8001078299.193772,2026-07-14
2021-05-07,sh.600869,远东股份,3.59566415,3.57606925,3.61525905,3.5466769,9967239,36260483.96,0.4491,-0.8152,2219380762.0,7936659297.029769,2026-07-14
2021-05-10,sh.600869,远东股份,3.5662718,3.8993851,3.9385749,3.5662718,37921757,146584887.91,1.7087,9.0411,2219333821.0,8654037233.533466,2026-07-14
2021-05-11,sh.600869,远东股份,3.8993851,3.91898,3.9581698,3.8210055,28746728,114438344.54,1.2953,0.5025,2219310430.0,8697433188.9614,2026-07-14
2021-05-12,sh.600869,远东股份,3.9777647,3.86999275,3.9777647,3.8601953,19828756,78846887.33,0.8934,-1.25,2219471233.0,8589337580.543561,2026-07-14
2021-05-13,sh.600869,远东股份,3.86999275,3.83080295,3.96796725,3.8210055,18650750,73712116.86,0.8404,-1.0127,2219270585.0,8501588303.866225,2026-07-14
2021-05-14,sh.600869,远东股份,3.83080295,3.83080295,3.8601953,3.7818157,11256659,44012419.07,0.5072,0.0,2219372831.0,8501979988.144651,2026-07-14
2021-05-17,sh.600869,远东股份,3.83080295,3.77201825,3.85039785,3.7426259,12811973,49334221.32,0.5773,-1.5345,2219292049.0,8371210110.907894,2026-07-14
2021-05-18,sh.600869,远东股份,3.77201825,3.7622208,3.8210055,3.73282845,10476288,40271261.26,0.472,-0.2597,2219552542.0,8350446740.205274,2026-07-14
2021-05-19,sh.600869,远东股份,3.75242335,3.77201825,3.7818157,3.71323355,11162200,42614023.0,0.5029,0.2604,2219566514.0,8372245397.89688,2026-07-14
2021-05-20,sh.600869,远东股份,3.7622208,3.7426259,3.8014106,3.723031,8854838,33971805.58,0.399,-0.7792,2219257644.0,8305851137.20738,2026-07-14
2021-05-21,sh.600869,远东股份,3.7426259,3.90918255,3.9581698,3.7426259,24174368,95915395.08,1.0893,4.4503,2219257138.0,8675481277.832542,2026-07-14
2021-05-24,sh.600869,远东股份,3.8797902,3.88958765,3.96796725,3.8601953,12127369,48375563.97,0.5464,-0.5013,2219503843.0,8632954736.86034,2026-07-14
2021-05-25,sh.600869,远东股份,3.9385749,3.9385749,3.9777647,3.86999275,15284669,61385673.0,0.6887,1.2594,2219350806.0,8741079378.80637,2026-07-14
2021-05-26,sh.600869,远东股份,3.9385749,3.90918255,3.9385749,3.8797902,12389667,49327912.99,0.5583,-0.7463,2219177324.0,8675169270.336496,2026-07-14
2021-05-27,sh.600869,远东股份,3.90918255,3.92877745,3.9581698,3.86999275,12134800,48515557.0,0.5468,0.5013,2219239210.0,8718896964.403814,2026-07-14
2021-05-28,sh.600869,远东股份,3.90918255,3.88958765,3.94837235,3.8601953,12255700,48618001.0,0.5522,-0.9975,2219431365.0,8632672827.326643,2026-07-14
2021-05-31,sh.600869,远东股份,3.8797902,3.8210055,3.90918255,3.8210055,11780784,46194047.97,0.5308,-1.7632,2219439337.0,8480489913.593353,2026-07-14
2021-06-01,sh.600869,远东股份,3.8601953,3.7622208,3.8601953,3.73282845,15592955,59972500.85,0.7026,-1.5385,2219321805.0,8349578656.664544,2026-07-14
2021-06-02,sh.600869,远东股份,3.7622208,4.0757392,4.1345239,3.7622208,79341883,327533903.2,3.575,8.3333,2219353371.0,9045505532.836843,2026-07-14
2021-06-03,sh.600869,远东股份,3.9973596,4.0757392,4.16391625,3.9777647,53593233,223225099.28,2.4148,0.0,2219365289.0,9045554107.49663,2026-07-14
2021-06-04,sh.600869,远东股份,4.1345239,4.4872321,4.4872321,4.114929,69720627,310956823.32,3.1415,10.0962,2219341939.0,9958702389.557041,2026-07-14
2021-06-07,sh.600869,远东股份,4.6831811,4.6439913,4.898725,4.55581425,130487282,629105858.89,5.8795,3.4934,2219360184.0,10306689386.062399,2026-07-14
2021-06-08,sh.600869,远东股份,4.63419385,4.8399403,4.92811735,4.6048015,86669170,423222853.96,3.9052,4.2194,2219327307.0,10741411672.039772,2026-07-14
2021-06-09,sh.600869,远东股份,4.702776,4.61459895,4.7811556,4.5460168,51932848,246139707.03,2.34,-4.6559,2219352479.0,10241421619.273298,2026-07-14
2021-06-10,sh.600869,远东股份,4.6243964,4.59500405,4.65378875,4.5264219,42559778,199286668.05,1.9177,-0.4246,2219313657.0,10197755242.135311,2026-07-14
2021-06-11,sh.600869,远东股份,4.55581425,4.3892576,4.6048015,4.37946015,52550610,240009718.42,2.3678,-4.4776,2219385506.0,9741454699.540344,2026-07-14
2021-06-15,sh.600869,远东股份,4.3500678,4.2716882,4.43824485,4.22270095,38713230,170368229.92,1.7443,-2.6786,2219413518.0,9480642535.761087,2026-07-14
2021-06-16,sh.600869,远东股份,4.28148565,4.18351115,4.2912831,4.12472645,29432289,126006048.25,1.3262,-2.0642,2219294903.0,9284444971.838669,2026-07-14
2021-06-17,sh.600869,远东股份,4.16391625,4.22270095,4.2520933,4.1345239,25808498,110474899.56,1.1629,0.9368,2219322212.0,9371534012.968502,2026-07-14
2021-06-18,sh.600869,远东股份,4.18351115,4.43824485,4.5264219,4.1737137,39592785,177781262.87,1.784,5.1044,2219326513.0,9849914466.790709,2026-07-14
2021-06-21,sh.600869,远东股份,4.3500678,4.6048015,4.65378875,4.34027035,39251256,180448890.38,1.7686,3.7528,2219340495.0,10219622440.386742,2026-07-14
2021-06-22,sh.600869,远东股份,4.61459895,4.5656117,4.75176325,4.55581425,34753269,163931017.22,1.5659,-0.8511,2219379845.0,10132826587.076185,2026-07-14
2021-06-23,sh.600869,远东股份,4.5656117,4.55581425,4.65378875,4.53621935,22611149,105848063.79,1.0188,-0.2146,2219390361.0,10111130232.956444,2026-07-14
2021-06-24,sh.600869,远东股份,4.5852066,4.55581425,4.61459895,4.4872321,23973766,111370510.42,1.0802,0.0,2219382151.0,10111092829.721453,2026-07-14
2021-06-25,sh.600869,远东股份,4.57540915,4.5656117,4.6048015,4.43824485,21277107,98543351.91,0.9587,0.2151,2219370710.0,10132784880.213306,2026-07-14
2021-06-28,sh.600869,远东股份,4.55581425,4.65378875,4.7223709,4.5264219,22902434,108777866.78,1.0319,1.9313,2219443163.0,10328819623.233816,2026-07-14
2021-06-29,sh.600869,远东股份,4.6635862,4.55581425,4.7223709,4.5460168,16940552,79512221.1,0.7633,-2.1053,2219383205.0,10111097631.549671,2026-07-14
2021-06-30,sh.600869,远东股份,4.55581425,4.73216835,4.7811556,4.55581425,33229608,159651934.02,1.4973,3.871,2219301943.0,10502110413.758104,2026-07-14
2021-07-01,sh.600869,远东股份,4.7615607,4.55581425,4.7811556,4.51662445,23723690,112199100.0,1.0689,-3.7267,2219448966.0,10111397226.450565,2026-07-14
2021-07-02,sh.600869,远东股份,4.5852066,4.6048015,4.77135815,4.5460168,29294806,139713683.02,1.32,1.0753,2219303485.0,10219452016.683228,2026-07-14
2021-07-05,sh.600869,远东股份,4.6243964,4.6635862,4.6635862,4.43824485,30120619,140477973.66,1.3572,1.2766,2219320587.0,10349992862.9091,2026-07-14
2021-07-06,sh.600869,远东股份,4.73216835,4.92811735,5.094674,4.6439913,61072906,305158902.48,2.7518,5.6723,2219380260.0,10937366365.55351,2026-07-14
2021-07-07,sh.600869,远东股份,4.84973775,4.8791301,4.9379148,4.7811556,29352462,145170178.22,1.3226,-0.994,2219300015.0,10828253504.116953,2026-07-14
2021-07-08,sh.600869,远东股份,4.83014285,4.94771225,5.00649695,4.81054795,35548400,178453263.51,1.6017,1.4056,2219416870.0,10981036035.555658,2026-07-14
2021-07-09,sh.600869,远东股份,4.9379148,5.16325615,5.2318383,4.90852245,53021883,276872909.48,2.3891,4.3564,2219324557.0,11458941167.776274,2026-07-14
2021-07-12,sh.600869,远东股份,5.1926485,5.682521,5.682521,5.0750791,85277577,473945756.51,3.8425,10.0569,2219325361.0,12611362969.715082,2026-07-14
2021-07-13,sh.600869,远东股份,5.7804955,5.7021159,6.0352292,5.486572,102914039,599676154.59,4.6371,0.3448,2219362080.0,12655059804.22507,2026-07-14
2021-07-14,sh.600869,远东股份,5.61393885,5.2710281,5.6629261,5.2514332,70162856,387901009.83,3.1614,-7.5601,2219360283.0,11698310415.716951,2026-07-14
2021-07-15,sh.600869,远东股份,5.290623,5.2710281,5.35920515,5.1730536,37360420,200943240.64,1.6834,0.0,2219342996.0,11698219295.454187,2026-07-14
2021-07-16,sh.600869,远东股份,5.26123065,5.3885975,5.53555925,5.14366125,45460297,249608044.53,2.0484,2.2305,2219307606.0,11958955417.422586,2026-07-14
2021-07-19,sh.600869,远东股份,5.33961025,5.12406635,5.4473822,5.094674,47970146,255864712.98,2.1614,-4.9091,2219401592.0,11372361014.703629,2026-07-14
2021-07-20,sh.600869,远东股份,5.0750791,5.3102179,5.3885975,5.06528165,32849162,176976843.28,1.4801,3.6329,2219388014.0,11785433958.988249,2026-07-14
2021-07-21,sh.600869,远东股份,5.3494077,5.55515415,5.57474905,5.32001535,43928824,245591592.51,1.9794,4.6125,2219299990.0,12328553549.543459,2026-07-14
2021-07-22,sh.600869,远东股份,5.5845465,5.53555925,5.6433312,5.39839495,36500303,205276854.69,1.6446,-0.3527,2219403077.0,12285637232.365812,2026-07-14
2021-07-23,sh.600869,远东股份,5.5649516,5.5061669,5.77069805,5.486572,37352464,213886847.84,1.683,-0.531,2219397742.0,12220374384.93514,2026-07-14
2021-07-26,sh.600869,远东股份,5.49636945,5.67272355,5.7413057,5.486572,40544605,232781403.97,1.8269,3.0249,2219311676.0,12589541609.235168,2026-07-14
2021-07-27,sh.600869,远东股份,5.63353375,5.22204085,5.6433312,5.12406635,55226797,305912464.15,2.4884,-7.9447,2219369756.0,11589639527.086533,2026-07-14
2021-07-28,sh.600869,远东股份,5.14366125,5.0162944,5.28082555,4.90852245,39790991,205510348.14,1.7929,-3.94,2219364772.0,11132987077.340876,2026-07-14
2021-07-29,sh.600869,远东股份,5.1534587,5.1142689,5.30042045,5.08487655,31638056,167105390.75,1.4256,1.9531,2219280022.0,11349994796.905916,2026-07-14
2021-07-30,sh.600869,远东股份,5.16325615,5.08487655,5.290623,5.00649695,32853299,172564052.47,1.4803,-0.5747,2219367628.0,11285210407.446323,2026-07-14
2021-08-02,sh.600869,远东股份,5.18285105,5.0750791,5.26123065,4.9575097,43577653,226249721.58,1.9635,-0.1927,2219386453.0,11263561802.443432,2026-07-14
2021-08-03,sh.600869,远东股份,5.10447145,5.1730536,5.4669771,5.06528165,48250927,257765288.16,2.1741,1.9305,2219351778.0,11480825704.849302,2026-07-14
2021-08-04,sh.600869,远东股份,5.26123065,5.43758475,5.4669771,5.22204085,43515922,238227941.67,1.9607,5.1136,2219407457.0,12068216142.21948,2026-07-14
2021-08-05,sh.600869,远东股份,5.5845465,5.3690026,5.6041414,5.32001535,34007409,188264668.28,1.5323,-1.2613,2219370163.0,11915804175.509424,2026-07-14
2021-08-06,sh.600869,远东股份,5.37880005,5.4277873,5.55515415,5.37880005,35269245,196746414.1,1.5892,1.0949,2219308142.0,12045932547.934196,2026-07-14
2021-08-09,sh.600869,远东股份,5.43758475,5.28082555,5.4473822,5.16325615,35067974,188279136.84,1.5801,-2.7076,2219351560.0,11720008422.480358,2026-07-14
2021-08-10,sh.600869,远东股份,5.2710281,5.4081924,5.53555925,5.24163575,37753545,209019432.94,1.7011,2.4119,2219360708.0,12002729713.86422,2026-07-14
2021-08-11,sh.600869,远东股份,5.4473822,5.94705215,5.94705215,5.39839495,79167215,466532432.62,3.5671,9.9638,2219371899.0,13198720423.597534,2026-07-14
2021-08-12,sh.600869,远东股份,5.9960394,6.2115833,6.24097565,5.8196853,105043309,650574898.71,4.7331,4.4481,2219334242.0,13785579514.725359,2026-07-14
2021-08-13,sh.600869,远东股份,6.270368,6.0548241,6.3487476,6.02543175,79060698,496296155.04,3.5623,-2.5237,2219372259.0,13437908640.664642,2026-07-14
2021-08-16,sh.600869,远东股份,6.0548241,5.87847,6.12340625,5.79029295,56234671,338479268.39,2.5338,-2.9126,2219380811.0,13046563516.03917,2026-07-14
2021-08-17,sh.600869,远东股份,6.0548241,5.69231845,6.1332037,5.682521,50253786,299847091.4,2.2643,-3.1667,2219396105.0,12633509396.349638,2026-07-14
2021-08-18,sh.600869,远东股份,5.6629261,5.71191335,5.8196853,5.59434395,33212911,193279699.03,1.4965,0.3442,2219372603.0,12676863999.69995,2026-07-14
2021-08-19,sh.600869,远东股份,5.63353375,5.8196853,5.84907765,5.5845465,29605261,173192463.78,1.334,1.8868,2219284933.0,12915539901.091585,2026-07-14
2021-08-20,sh.600869,远东股份,5.7804955,5.7804955,5.8392802,5.61393885,24759978,145122217.2,1.1156,-0.6734,2219431517.0,12829413896.576674,2026-07-14
2021-08-23,sh.600869,远东股份,5.82948275,5.9568496,6.00583685,5.7217108,36728198,220091368.68,1.6549,3.0508,2219360566.0,13220397099.832874,2026-07-14
2021-08-24,sh.600869,远东股份,5.92745725,5.9372547,5.9764445,5.80988785,26961558,162713854.94,1.2148,-0.3289,2219423609.0,13177283253.826214,2026-07-14
2021-08-25,sh.600869,远东股份,5.90786235,5.8588751,6.0156343,5.82948275,22903004,137833566.17,1.032,-1.3201,2219283333.0,13002503859.558708,2026-07-14
2021-08-26,sh.600869,远东股份,5.90786235,5.9568496,6.16259605,5.88826745,45934828,282775584.07,2.0697,1.6722,2219395468.0,13220605005.797613,2026-07-14
2021-08-27,sh.600869,远东股份,5.9568496,6.06462155,6.1332037,5.8392802,38923997,238635284.12,1.7538,1.8092,2219409112.0,13459876328.901564,2026-07-14
2021-08-30,sh.600869,远东股份,6.02543175,6.14300115,6.3291527,6.0156343,47365399,298461821.6,2.1342,1.2924,2219351467.0,13633478614.035187,2026-07-14
2021-08-31,sh.600869,远东股份,6.1332037,6.0156343,6.1332037,5.9372547,28949279,177721412.51,1.3044,-2.0734,2219355949.0,13350833770.713451,2026-07-14
2021-09-01,sh.600869,远东股份,6.02543175,5.88826745,6.06462155,5.65312865,47368468,282772103.91,2.1343,-2.1173,2219391276.0,13068369409.284765,2026-07-14
2021-09-02,sh.600869,远东股份,5.87847,5.9764445,6.06462155,5.8588751,30897501,187950679.78,1.3922,1.4975,2219329191.0,13263697737.2414,2026-07-14
2021-09-03,sh.600869,远东股份,5.9568496,5.9568496,6.33895015,5.9372547,48275458,301905057.14,2.1752,-0.3279,2219357209.0,13220377102.688766,2026-07-14
2021-09-06,sh.600869,远东股份,5.9960394,5.79029295,6.0352292,5.63353375,38190957,226071318.24,1.7208,-2.7961,2219372211.0,12850815266.779213,2026-07-14
2021-09-07,sh.600869,远东股份,5.8196853,6.1723935,6.2115833,5.7217108,57016669,350828516.17,2.5691,6.599,2219324627.0,13698544902.084724,2026-07-14
2021-09-08,sh.600869,远东股份,6.1723935,6.1527986,6.31935525,6.10381135,44043481,278192032.33,1.9845,-0.3175,2219374200.0,13655362470.63612,2026-07-14
2021-09-09,sh.600869,远东股份,6.1919884,6.074419,6.22138075,5.9764445,31228707,193137582.32,1.4071,-1.2739,2219366570.0,13481362460.77283,2026-07-14
2021-09-10,sh.600869,远东股份,6.0940139,6.1919884,6.3879374,6.0940139,54717292,348895054.78,2.4655,1.9355,2219318272.0,13741992996.132044,2026-07-14
2021-09-13,sh.600869,远东股份,6.2115833,6.47611445,6.6230762,6.1723935,71270883,465327142.45,3.2113,4.5886,2219377915.0,14372945385.342371,2026-07-14
2021-09-14,sh.600869,远东股份,6.4271272,6.39773485,6.5251017,6.270368,47910800,311340753.0,2.1588,-1.2103,2219325551.0,14198656421.128153,2026-07-14
2021-09-15,sh.600869,远东股份,6.4075323,6.5838864,6.6230762,6.29976035,51143899,338623175.17,2.3045,2.9096,2219305663.0,14611656372.068684,2026-07-14
2021-09-16,sh.600869,远东股份,6.5251017,6.3487476,6.6034813,6.3095578,52315495,344863215.54,2.3572,-3.5714,2219391439.0,14090356071.811796,2026-07-14
2021-09-17,sh.600869,远东股份,6.270368,6.35854505,6.43692465,6.18219095,32166124,206922109.96,1.4493,0.1543,2219424826.0,14112312741.209412,2026-07-14
2021-09-22,sh.600869,远东股份,6.18219095,6.69165835,6.77003795,6.1723935,52375100,352058299.14,2.3599,5.2388,2219377940.0,14851318924.0068,2026-07-14
2021-09-23,sh.600869,远东股份,6.67206345,6.45651955,6.75044305,6.43692465,38821016,260053431.65,1.7492,-3.5139,2219358335.0,14329330478.38295,2026-07-14
2021-09-24,sh.600869,远东股份,6.466317,6.1332037,6.5251017,6.1136088,34993027,223754511.19,1.5767,-5.0076,2219383967.0,13611933958.125078,2026-07-14
2021-09-27,sh.600869,远东股份,6.1332037,5.73150825,6.1919884,5.51596435,68931416,400752057.82,3.1059,-6.5495,2219370102.0,12720338049.416342,2026-07-14
2021-09-28,sh.600869,远东股份,5.6041414,5.84907765,5.88826745,5.5845465,26683500,156847763.0,1.2023,2.0513,2219371205.0,12981274512.219069,2026-07-14
2021-09-29,sh.600869,远东股份,5.73150825,5.7413057,5.9764445,5.682521,25576800,151608322.0,1.1524,-1.8425,2219437695.0,12742470289.098362,2026-07-14
2021-09-30,sh.600869,远东股份,5.7413057,5.8392802,5.92745725,5.7413057,18514459,110553769.02,0.8342,1.7065,2219426876.0,12959855412.374655,2026-07-14
2021-10-08,sh.600869,远东股份,5.9960394,5.67272355,6.00583685,5.6629261,21684048,127893666.42,0.977,-2.8523,2219452201.0,12590338768.712032,2026-07-14
2021-10-11,sh.600869,远东股份,5.73150825,5.51596435,5.8588751,5.49636945,23057514,133215618.25,1.0389,-2.7634,2219416113.0,12242220157.123571,2026-07-14
2021-10-12,sh.600869,远东股份,5.53555925,5.290623,5.59434395,5.14366125,33973773,184212330.27,1.5308,-4.0853,2219347596.0,11741731436.392307,2026-07-14
2021-10-13,sh.600869,远东股份,5.3102179,5.28082555,5.33961025,5.16325615,16932711,90789560.46,0.763,-0.1852,2219228178.0,11719356863.662348,2026-07-14
2021-10-14,sh.600869,远东股份,5.32001535,5.61393885,5.7217108,5.2514332,26141992,146702058.9,1.1779,6.308,2219372782.0,12459423083.50238,2026-07-14
2021-10-15,sh.600869,远东股份,5.53555925,5.5061669,5.55515415,5.39839495,14409392,80445635.54,0.6493,-1.9197,2219219467.0,12219392773.031042,2026-07-14
2021-10-18,sh.600869,远东股份,5.5061669,5.6629261,5.7021159,5.486572,18013864,103292011.84,0.8117,2.847,2219276087.0,12567596476.178171,2026-07-14
2021-10-19,sh.600869,远东股份,5.7021159,5.8588751,5.90786235,5.65312865,20442905,121930230.8,0.9211,3.4602,2219401259.0,13003194773.26375,2026-07-14
2021-10-20,sh.600869,远东股份,5.8392802,5.87847,5.94705215,5.77069805,15077318,90264996.88,0.6794,0.3344,2219210774.0,13045563958.63578,2026-07-14
2021-10-21,sh.600869,远东股份,5.86867255,5.86867255,5.90786235,5.77069805,16009123,95622982.86,0.7213,-0.1667,2219481908.0,13025412548.701225,2026-07-14
2021-10-22,sh.600869,远东股份,5.84907765,5.69231845,5.84907765,5.63353375,16302393,95079534.22,0.7346,-3.005,2219220392.0,12632509181.997833,2026-07-14
2021-10-25,sh.600869,远东股份,5.6237363,5.96664705,6.0156343,5.6041414,28080452,169640753.52,1.2653,4.8193,2219272267.0,13241614325.042362,2026-07-14
2021-10-26,sh.600869,远东股份,5.9568496,5.92745725,6.20178585,5.9176598,31595208,195433394.08,1.4236,-0.6568,2219388030.0,13155327668.986717,2026-07-14
2021-10-27,sh.600869,远东股份,5.9176598,5.9764445,6.08421645,5.88826745,19720171,120109018.87,0.8886,0.8264,2219240491.0,13263167626.61425,2026-07-14
2021-10-28,sh.600869,远东股份,5.8980649,5.9176598,6.12340625,5.77069805,36067535,219546994.37,1.6251,-0.9836,2219404037.0,13133678049.712612,2026-07-14
2021-10-29,sh.600869,远东股份,5.9176598,6.1527986,6.20178585,5.8000904,34859125,214783424.25,1.5707,3.9735,2219336920.0,13655133094.304312,2026-07-14
2021-11-01,sh.600869,远东股份,6.22138075,6.1332037,6.3487476,6.02543175,35225274,221049690.84,1.5872,-0.3185,2219334299.0,13611629334.163706,2026-07-14
2021-11-02,sh.600869,远东股份,6.1723935,6.04502665,6.26057055,6.0156343,33441127,209657151.86,1.5068,-1.4377,2219347425.0,13416014329.733875,2026-07-14
2021-11-03,sh.600869,远东股份,6.02543175,5.9764445,6.16259605,5.8980649,21164235,129113411.58,0.9536,-1.1345,2219403838.0,13264143860.893991,2026-07-14
2021-11-04,sh.600869,远东股份,5.98624195,6.1527986,6.270368,5.96664705,33504377,210000381.77,1.5096,2.9508,2219420840.0,13655649437.162823,2026-07-14
2021-11-05,sh.600869,远东股份,6.1527986,5.682521,6.1527986,5.6629261,41794500,250379151.0,1.8832,-7.6433,2219334112.0,12611412697.456352,2026-07-14
2021-11-08,sh.600869,远东股份,5.65312865,5.7609006,5.86867255,5.5649516,25603335,150257726.49,1.1536,1.3793,2219429178.0,12785910883.197708,2026-07-14
2021-11-09,sh.600869,远东股份,5.77069805,5.75110315,5.84907765,5.682521,18434991,108396219.7,0.8306,-0.1701,2219478810.0,12764451575.549252,2026-07-14
2021-11-10,sh.600869,远东股份,5.7217108,5.7804955,5.8392802,5.5257618,26261128,151283617.86,1.1833,0.5111,2219312769.0,12828727474.297039,2026-07-14
2021-11-11,sh.600869,远东股份,5.7804955,5.86867255,6.08421645,5.75110315,32113823,194771019.24,1.447,1.5254,2219338148.0,13024568868.335438,2026-07-14
2021-11-12,sh.600869,远东股份,5.79029295,5.82948275,5.9176598,5.7609006,20841500,124089825.0,0.9391,-0.6678,2219305718.0,12937404400.057365,2026-07-14
2021-11-15,sh.600869,远东股份,5.98624195,6.16259605,6.31935525,5.98624195,63202158,398347617.59,2.8478,5.7143,2219332748.0,13676851226.460445,2026-07-14
2021-11-16,sh.600869,远东股份,6.10381135,5.94705215,6.14300115,5.92745725,41732689,256354351.45,1.8804,-3.4976,2219351680.0,13198600180.150112,2026-07-14
2021-11-17,sh.600869,远东股份,5.9372547,6.31935525,6.31935525,5.80988785,75000487,468925744.64,3.3794,6.2603,2219343286.0,14024818645.936352,2026-07-14
2021-11-18,sh.600869,远东股份,6.39773485,6.4859119,6.65246855,6.1723935,79540502,524299332.12,3.584,2.6357,2219322042.0,14394327242.140099,2026-07-14
2021-11-19,sh.600869,远东股份,6.41732975,6.53489915,6.6426711,6.29976035,61831846,410831492.02,2.786,0.7553,2219377100.0,14503405524.319466,2026-07-14
2021-11-22,sh.600869,远东股份,6.5446966,6.7602405,6.92679715,6.51530425,67731864,465128308.52,3.0519,3.4483,2219334316.0,15003233726.062998,2026-07-14
2021-11-23,sh.600869,远东股份,6.73084815,6.59368385,6.82882265,6.5251017,59604737,404613035.08,2.6857,-2.4638,2219337119.0,14633607319.255827,2026-07-14
2021-11-24,sh.600869,远东股份,6.59368385,6.466317,6.59368385,6.35854505,43812332,289056774.08,1.9741,-1.9316,2219357277.0,14351067689.33881,2026-07-14
2021-11-25,sh.600869,远东股份,6.466317,6.6230762,6.73084815,6.3879374,44534876,300713393.74,2.0067,2.4242,2219309114.0,14698653373.376486,2026-07-14
2021-11-26,sh.600869,远东股份,6.59368385,6.80922775,6.8386201,6.53489915,54953259,375812214.06,2.4761,2.8107,2219347320.0,15112041358.23213,2026-07-14
2021-11-29,sh.600869,远东股份,6.65246855,7.49504925,7.49504925,6.6426711,91189046,668502868.35,4.1088,10.0719,2219359570.0,16634209280.608822,2026-07-14
2021-11-30,sh.600869,远东股份,7.76937785,7.642011,7.98492175,7.55383395,133277946,1053185460.71,6.0053,1.9608,2219338684.0,16960210635.853525,2026-07-14
2021-12-01,sh.600869,远东股份,7.69099825,7.67140335,7.7595804,7.25991045,96917132,742529169.43,4.3669,0.3846,2219357714.0,17025588202.027943,2026-07-14
2021-12-02,sh.600869,远东股份,7.78897275,7.49504925,7.88694725,7.4656569,67674839,527065581.47,3.0493,-2.2989,2219356541.0,16634186578.104645,2026-07-14
2021-12-03,sh.600869,远东股份,7.49504925,7.7595804,8.18087075,7.29910025,94407915,749165400.2,4.2538,3.5294,2219378321.0,17221444519.81651,2026-07-14
2021-12-06,sh.600869,远东股份,7.80856765,7.63221355,7.8771498,7.61261865,64390793,507584936.18,2.9013,-1.6414,2219377279.0,16938761341.345932,2026-07-14
2021-12-07,sh.600869,远东股份,7.74978295,7.08355635,7.7987702,6.8778099,92169978,673912914.75,4.153,-7.1887,2219358969.0,15720954317.789404,2026-07-14
2021-12-08,sh.600869,远东股份,7.08355635,7.10315125,7.24031555,6.9365946,49017001,353754890.9,2.2086,0.2766,2219369782.0,15764519241.225527,2026-07-14
2021-12-09,sh.600869,远东股份,7.1717334,6.9757844,7.22072065,6.8974048,42586861,303769130.31,1.9189,-1.7931,2219337172.0,15481617622.777718,2026-07-14
2021-12-10,sh.600869,远东股份,6.94639205,6.9365946,7.06396145,6.82882265,36201749,256042514.71,1.6312,-0.5618,2219332332.0,15394608669.756607,2026-07-14
2021-12-13,sh.600869,远东股份,6.92679715,6.82882265,6.9757844,6.77003795,41863046,293051626.4,1.8863,-1.5537,2219320681.0,15155347334.026226,2026-07-14
2021-12-14,sh.600869,远东股份,6.7994303,6.7406456,6.8778099,6.6426711,42218600,289701731.82,1.9023,-1.2912,2219345003.0,14959818129.353935,2026-07-14
2021-12-15,sh.600869,远东股份,6.7602405,6.80922775,6.9561895,6.65246855,46513785,323089896.42,2.0958,1.0174,2219380905.0,15112270046.146112,2026-07-14
2021-12-16,sh.600869,远东股份,6.858215,6.88760735,6.94639205,6.7406456,39406827,274548406.13,1.7756,1.1511,2219352726.0,15286030147.840136,2026-07-14
2021-12-17,sh.600869,远东股份,6.84841755,6.9953793,7.04436655,6.7798354,42794759,303569539.08,1.9283,1.5647,2219299850.0,15524844231.183104,2026-07-14
2021-12-20,sh.600869,远东股份,7.00517675,6.51530425,7.054164,6.5055068,54937749,377333171.31,2.4754,-6.8627,2219348348.0,14459729723.954878,2026-07-14
2021-12-21,sh.600869,远东股份,6.35854505,6.5446966,6.6034813,6.3291527,23360251,155631129.17,1.0526,0.4511,2219290424.0,14524582492.365358,2026-07-14
2021-12-22,sh.600869,远东股份,6.55449405,6.4859119,6.6034813,6.466317,21794900,144694459.0,0.982,-0.8982,2219439919.0,14395091781.977135,2026-07-14
2021-12-23,sh.600869,远东股份,6.49570935,6.6034813,6.73084815,6.41732975,26076320,175276072.81,1.175,1.8127,2219261277.0,14654850342.483622,2026-07-14
2021-12-24,sh.600869,远东股份,6.8386201,6.82882265,7.18153085,6.73084815,62432932,443946835.86,2.8131,3.4125,2219364118.0,15155643957.595673,2026-07-14
2021-12-27,sh.600869,远东股份,6.82882265,6.86801245,6.9561895,6.5838864,44440994,309793431.3,2.0024,0.5739,2219386436.0,15242773673.809128,2026-07-14
2021-12-28,sh.600869,远东股份,6.7994303,6.90720225,6.92679715,6.75044305,24740404,172722215.14,1.1148,0.5706,2219268389.0,15328935609.854675,2026-07-14
2021-12-29,sh.600869,远东股份,6.90720225,6.90720225,7.054164,6.858215,26053994,184969991.14,1.1739,0.0,2219438964.0,15330113805.87847,2026-07-14
2021-12-30,sh.600869,远东股份,6.8778099,6.858215,6.9365946,6.78963285,20942355,146319234.64,0.9436,-0.7092,2219410237.0,15221192578.546955,2026-07-14
2021-12-31,sh.600869,远东股份,6.78963285,6.7406456,6.858215,6.7014558,23768156,164311916.26,1.0709,-1.7143,2219456158.0,14960567385.815603,2026-07-14
2022-01-04,sh.600869,远东股份,6.662266,6.55449405,6.7210507,6.51530425,32827269,220832289.36,1.4791,-2.7616,2219408356.0,14547098863.922281,2026-07-14
2022-01-05,sh.600869,远东股份,6.63287365,6.5251017,6.7602405,6.51530425,23533476,159061970.01,1.0604,-0.4484,2219301773.0,14481169771.815313,2026-07-14
2022-01-06,sh.600869,远东股份,6.5055068,6.90720225,7.0345691,6.466317,43062218,298326394.0,1.9403,5.8559,2219358759.0,15329559813.722008,2026-07-14
2022-01-07,sh.600869,远东股份,6.80922775,6.6230762,6.858215,6.5838864,35657769,243773447.74,1.6067,-4.1135,2219317172.0,14698706742.124506,2026-07-14
2022-01-10,sh.600869,远东股份,6.6230762,6.662266,6.67206345,6.5251017,18516024,124315038.03,0.8343,0.5917,2219348436.0,14785889627.315975,2026-07-14
2022-01-11,sh.600869,远东股份,6.662266,6.59368385,6.77003795,6.5642915,19016651,129093881.9,0.8569,-1.0294,2219238067.0,14632954201.683117,2026-07-14
2022-01-12,sh.600869,远东股份,6.6426711,6.6426711,6.7602405,6.5838864,21239131,144691918.53,0.957,0.7429,2219344932.0,14742378440.727865,2026-07-14
2022-01-13,sh.600869,远东股份,6.65246855,6.49570935,6.65246855,6.4859119,17058560,114101459.44,0.7686,-2.2124,2219432735.0,14416789968.435574,2026-07-14
2022-01-14,sh.600869,远东股份,6.466317,6.270368,6.5642915,6.1919884,27928684,182033769.2,1.2584,-3.4691,2219380483.0,13916332360.427744,2026-07-14
2022-01-17,sh.600869,远东股份,6.28016545,6.26057055,6.37813995,6.2115833,18131308,116498574.46,0.817,-0.1563,2219254345.0,13893798395.266539,2026-07-14
2022-01-18,sh.600869,远东股份,6.270368,6.28016545,6.3683425,6.22138075,18318005,117686594.25,0.8254,0.313,2219288224.0,13937497227.956661,2026-07-14
2022-01-19,sh.600869,远东股份,6.31935525,6.2507731,6.3291527,6.22138075,11859075,75694650.5,0.5343,-0.468,2219553622.0,13873926074.405169,2026-07-14
2022-01-20,sh.600869,远东股份,6.2507731,5.87847,6.26057055,5.84907765,33340925,202635205.52,1.5023,-5.9561,2219325368.0,13046237596.02696,2026-07-14
2022-01-21,sh.600869,远东股份,5.682521,5.7413057,5.96664705,5.63353375,30745911,182409058.46,1.3854,-2.3333,2219280424.0,12741567348.209616,2026-07-14
2022-01-24,sh.600869,远东股份,5.77069805,5.80988785,5.84907765,5.6433312,16303598,95924995.72,0.7346,1.1945,2219384427.0,12894374616.906511,2026-07-14
2022-01-25,sh.600869,远东股份,5.8000904,5.5257618,5.84907765,5.49636945,18975400,109431270.4,0.855,-4.8904,2219345029.0,12263571982.268091,2026-07-14
2022-01-26,sh.600869,远东股份,5.55515415,5.55515415,5.65312865,5.486572,13852800,78800393.0,0.6242,0.5319,2219288690.0,12328490776.301563,2026-07-14
2022-01-27,sh.600869,远东股份,5.5845465,5.3885975,5.6237363,5.3494077,20756982,115918412.58,0.9353,-2.9982,2219286004.0,11958839012.93939,2026-07-14
2022-01-28,sh.600869,远东股份,5.4277873,5.45717965,5.51596435,5.290623,15229060,84491960.0,0.6862,1.2727,2219332556.0,12111296461.185684,2026-07-14
2022-02-07,sh.600869,远东股份,5.5257618,5.5453567,5.59434395,5.47677455,14886070,84132540.2,0.6707,1.6158,2219482630.0,12307822872.804121,2026-07-14
2022-02-08,sh.600869,远东股份,5.6629261,5.6433312,5.67272355,5.49636945,21541126,122506829.5,0.9706,1.7668,2219361838.0,12524593904.474747,2026-07-14
2022-02-09,sh.600869,远东股份,5.6237363,5.6433312,5.65312865,5.53555925,23228295,132687584.4,1.0466,0.0,2219405217.0,12524838706.538872,2026-07-14
2022-02-10,sh.600869,远东股份,5.6433312,5.65312865,5.7021159,5.5649516,21708177,124689037.49,0.9781,0.1736,2219423065.0,12546684115.222313,2026-07-14
2022-02-11,sh.600869,远东股份,5.63353375,5.5061669,5.63353375,5.4669771,22430715,126986298.45,1.0107,-2.5997,2219324725.0,12219972341.146603,2026-07-14
2022-02-14,sh.600869,远东股份,5.5061669,5.3494077,5.5257618,5.3102179,30231990,166565496.8,1.3622,-2.847,2219350316.0,11872209669.407835,2026-07-14
2022-02-15,sh.600869,远东股份,5.35920515,5.3494077,5.4081924,5.2710281,19473339,105860363.56,0.8774,0.0,2219436859.0,11872672623.198416,2026-07-14
2022-02-16,sh.600869,远东股份,5.3494077,5.45717965,5.5257618,5.3494077,20188635,112525224.41,0.9097,2.0147,2219262944.0,12110916575.99589,2026-07-14
2022-02-17,sh.600869,远东股份,5.43758475,5.5257618,5.5845465,5.41798985,16825446,94963029.15,0.7581,1.2567,2219423031.0,12264003002.740015,2026-07-14
2022-02-18,sh.600869,远东股份,5.5257618,5.6041414,5.67272355,5.5061669,19539172,111820283.32,0.8804,1.4184,2219351658.0,12437560507.756441,2026-07-14
2022-02-21,sh.600869,远东股份,5.6433312,5.6237363,5.6433312,5.5453567,20539015,117084510.24,0.9255,0.3497,2219234468.0,12480389435.902788,2026-07-14
2022-02-22,sh.600869,远东股份,5.61393885,5.63353375,5.71191335,5.59434395,21589608,124237900.74,0.9728,0.1742,2219326480.0,12502650627.3487,2026-07-14
2022-02-23,sh.600869,远东股份,5.63353375,5.90786235,5.92745725,5.6041414,44050065,262092449.79,1.9848,4.8696,2219370466.0,13111735216.783356,2026-07-14
2022-02-24,sh.600869,远东股份,5.82948275,5.59434395,5.87847,5.4669771,42488775,247750943.0,1.9145,-5.3068,2219314442.0,12415608321.750326,2026-07-14
2022-02-25,sh.600869,远东股份,5.63353375,5.63353375,5.73150825,5.59434395,19928140,115037394.84,0.8979,0.7005,2219416416.0,12503157284.84004,2026-07-14
2022-02-28,sh.600869,远东股份,5.6237363,5.65312865,5.6629261,5.5061669,20458198,117132802.0,0.9218,0.3478,2219374919.0,12546411939.69033,2026-07-14
2022-03-01,sh.600869,远东股份,5.6629261,5.682521,5.73150825,5.61393885,18121304,104998600.0,0.8165,0.5199,2219388120.0,12611719599.05052,2026-07-14
2022-03-02,sh.600869,远东股份,5.69231845,5.84907765,5.87847,5.682521,26382451,156265094.0,1.1887,2.931,2219437284.0,12981661013.421103,2026-07-14
2022-03-03,sh.600869,远东股份,5.9176598,5.80988785,5.92745725,5.7413057,20287566,120219197.0,0.9141,-0.67,2219403348.0,12894484545.794521,2026-07-14
2022-03-04,sh.600869,远东股份,5.8000904,5.6237363,5.8000904,5.6041414,17750818,102742651.0,0.7998,-3.204,2219407102.0,12481360283.995203,2026-07-14
2022-03-07,sh.600869,远东股份,5.65312865,5.37880005,5.65312865,5.3494077,24302027,135377808.0,1.095,-4.3554,2219363196.0,11937510869.612959,2026-07-14
2022-03-08,sh.600869,远东股份,5.37880005,5.18285105,5.4473822,5.1730536,22374138,121090631.0,1.0081,-3.643,2219436365.0,11503008094.748434,2026-07-14
2022-03-09,sh.600869,远东股份,5.20244595,5.08487655,5.26123065,4.8203454,21999789,113652882.0,0.9913,-1.8904,2219286694.0,11284798868.047625,2026-07-14
2022-03-10,sh.600869,远东股份,5.1926485,5.1142689,5.2318383,5.094674,17280303,90743431.0,0.7786,0.578,2219407013.0,11350644263.027796,2026-07-14
2022-03-11,sh.600869,远东股份,5.0554842,5.12406635,5.14366125,4.9379148,17853202,91681200.0,0.8044,0.1916,2219443312.0,11372574790.75175,2026-07-14
2022-03-14,sh.600869,远东股份,5.094674,4.9379148,5.1142689,4.90852245,22547706,115041953.0,1.016,-3.6329,2219262402.0,10958528659.91935,2026-07-14
2022-03-15,sh.600869,远东股份,4.898725,4.61459895,4.9379148,4.6048015,25218797,123006346.0,1.1363,-6.5476,2219378421.0,10241541331.199259,2026-07-14
2022-03-16,sh.600869,远东股份,4.6831811,4.8007505,4.8399403,4.49702955,31818677,152225683.0,1.4337,4.034,2219339960.0,10654497422.63998,2026-07-14
2022-03-17,sh.600869,远东股份,4.898725,4.8399403,4.94771225,4.8007505,20965100,104537225.0,0.9446,0.8163,2219468558.0,10742095318.447088,2026-07-14
2022-03-18,sh.600869,远东股份,4.84973775,4.86933265,4.898725,4.8007505,14702900,72836682.8,0.6625,0.6073,2219305660.0,10806537510.567799,2026-07-14
2022-03-21,sh.600869,远东股份,4.898725,4.8203454,4.92811735,4.77135815,17229552,85271342.46,0.7763,-1.006,2219445060.0,10698491785.523724,2026-07-14
2022-03-22,sh.600869,远东股份,4.86933265,4.8203454,4.8791301,4.75176325,12744717,62454656.8,0.5743,0.0,2219174125.0,10697185785.242775,2026-07-14
2022-03-23,sh.600869,远东股份,4.8399403,4.8791301,4.9379148,4.83014285,18619537,92837867.64,0.839,1.2195,2219253516.0,10828026629.446432,2026-07-14
2022-03-24,sh.600869,远东股份,4.8791301,4.7419658,4.8791301,4.7223709,14473965,70411763.6,0.6522,-2.8112,2219252530.0,10523619598.823475,2026-07-14
2022-03-25,sh.600869,远东股份,4.7811556,4.6635862,4.79095305,4.65378875,12346400,59399403.0,0.5563,-1.6529,2219378033.0,10350260767.281944,2026-07-14
2022-03-28,sh.600869,远东股份,4.6048015,4.6439913,4.702776,4.5460168,13154392,62035207.56,0.5927,-0.4202,2219401383.0,10306880713.859968,2026-07-14
2022-03-29,sh.600869,远东股份,4.65378875,4.5852066,4.65378875,4.49702955,16430300,76640898.0,0.7403,-1.2658,2219411050.0,10176458194.572931,2026-07-14
2022-03-30,sh.600869,远东股份,4.5852066,4.6243964,4.67338365,4.5656117,15801787,74375332.03,0.712,0.8547,2219352107.0,10263163893.943214,2026-07-14
2022-03-31,sh.600869,远东股份,4.61459895,4.55581425,4.63419385,4.53621935,11551928,54086634.92,0.5205,-1.4831,2219390586.0,10111131258.01465,2026-07-14
2022-04-01,sh.600869,远东股份,4.51662445,4.53621935,4.5656117,4.4676372,12716742,58718961.22,0.573,-0.4301,2219326702.0,10067352729.584084,2026-07-14
2022-04-06,sh.600869,远东股份,4.5656117,4.5852066,4.5852066,4.5264219,11725300,54544958.0,0.5283,1.0799,2219439712.0,10176589615.7645,2026-07-14
2022-04-07,sh.600869,远东股份,4.6048015,4.4480423,4.6048015,4.4480423,15579100,71751428.39,0.702,-2.9915,2219245014.0,9871295696.336092,2026-07-14
2022-04-08,sh.600869,远东股份,4.4872321,4.35986525,4.4872321,4.30108055,13729700,61158475.0,0.6186,-1.9824,2219479470.0,9676631414.34142,2026-07-14
2022-04-11,sh.600869,远东股份,4.3304729,4.18351115,4.35986525,4.1541188,16538091,71826188.74,0.7452,-4.0449,2219282206.0,9284391853.797598,2026-07-14
2022-04-12,sh.600869,远东股份,4.18351115,4.35986525,4.35986525,4.18351115,16955640,73901801.4,0.764,4.2155,2219324607.0,9675956232.529207,2026-07-14
2022-04-13,sh.600869,远东股份,4.3500678,4.24229585,4.3500678,4.2129035,10650700,46354043.0,0.4799,-2.6966,2219358200.0,9415174081.52347,2026-07-14
2022-04-14,sh.600869,远东股份,4.2716882,4.2520933,4.310878,4.22270095,10873600,47381532.0,0.4899,0.2309,2219555011.0,9437754991.254526,2026-07-14
2022-04-15,sh.600869,远东股份,4.22270095,4.1737137,4.2716882,4.1541188,13059400,55859962.0,0.5884,-1.8433,2219476547.0,9263459671.042595,2026-07-14
2022-04-18,sh.600869,远东股份,4.1541188,4.2716882,4.2912831,4.06594175,15555575,66637883.12,0.7009,2.3474,2219371522.0,9480463141.94344,2026-07-14
2022-04-19,sh.600869,远东股份,4.2520933,4.2520933,4.3500678,4.2324984,14019942,61342868.86,0.6317,-0.4587,2219398765.0,9437090618.684774,2026-07-14
2022-04-20,sh.600869,远东股份,4.30108055,4.14432135,4.30108055,4.10513155,12887542,55356000.5,0.5807,-2.5346,2219311521.0,9197540118.781275,2026-07-14
2022-04-21,sh.600869,远东股份,4.1737137,3.96796725,4.18351115,3.94837235,16676997,68980380.11,0.7514,-4.2553,2219456614.0,8806731157.147892,2026-07-14
2022-04-22,sh.600869,远东股份,3.9777647,3.98756215,4.0365494,3.90918255,11554298,47010291.06,0.5206,0.4938,2219419516.0,8850073256.97292,2026-07-14
2022-04-25,sh.600869,远东股份,3.9581698,3.69363865,3.9581698,3.6642463,19310025,74854342.72,0.8701,-7.371,2219288013.0,8197247980.298503,2026-07-14
2022-04-26,sh.600869,远东股份,3.57606925,3.4291075,3.6642463,3.41931005,25341800,91293908.74,1.1419,-7.1618,2219266135.0,7610102148.024513,2026-07-14
2022-04-27,sh.600869,远东股份,3.34093045,3.6054616,3.6250565,3.32133555,22541955,79672065.78,1.0157,5.1429,2219351679.0,8001787255.530026,2026-07-14
2022-04-28,sh.600869,远东股份,3.6054616,3.6446514,3.69363865,3.51728455,24669504,90902073.29,1.1116,1.087,2219278877.0,8088497866.048477,2026-07-14
2022-04-29,sh.600869,远东股份,3.6838412,3.7622208,3.8014106,3.6250565,21279300,80535787.0,0.9588,3.2258,2219367960.0,8349752301.965569,2026-07-14
2022-05-05,sh.600869,远东股份,3.7426259,3.86999275,3.98756215,3.73282845,24189691,95891094.65,1.0899,2.8646,2219441325.0,8589221836.800394,2026-07-14
2022-05-06,sh.600869,远东股份,3.83080295,3.8797902,3.91898,3.77201825,15817617,62234083.84,0.7127,0.2532,2219393433.0,8610780891.297756,2026-07-14
2022-05-09,sh.600869,远东股份,3.85039785,3.8993851,3.92877745,3.8406004,11085321,44108201.14,0.4995,0.5051,2219283483.0,8653840946.286303,2026-07-14
2022-05-10,sh.600869,远东股份,3.88958765,3.94837235,3.96796725,3.8601953,12922300,52036667.0,0.5823,1.2563,2219182552.0,8762159027.919237,2026-07-14
2022-05-11,sh.600869,远东股份,3.96796725,4.00715705,4.08553665,3.94837235,15449098,63705414.39,0.6961,1.4888,2219379112.0,8893400655.27354,2026-07-14
2022-05-12,sh.600869,远东股份,3.9777647,4.0169545,4.0561443,3.94837235,9900900,40521098.0,0.4461,0.2445,2219435104.0,8915369828.470768,2026-07-14
2022-05-13,sh.600869,远东股份,4.0169545,4.00715705,4.0561443,3.9581698,9868020,40214845.52,0.4446,-0.2439,2219527665.0,8893995930.474789,2026-07-14
2022-05-16,sh.600869,远东股份,4.0365494,3.96796725,4.0561443,3.9581698,9722657,39661400.82,0.4381,-0.978,2219278019.0,8806022498.036879,2026-07-14
2022-05-17,sh.600869,远东股份,3.9973596,3.9777647,3.9973596,3.91898,11074294,44748236.39,0.499,0.2469,2219297395.0,8827842836.632956,2026-07-14
2022-05-18,sh.600869,远东股份,3.98756215,4.04634685,4.12472645,3.96796725,14853822,61652433.02,0.6693,1.7241,2219307037.0,8980086038.347784,2026-07-14
2022-05-19,sh.600869,远东股份,4.00715705,4.0365494,4.0365494,3.96796725,11324580,46267594.8,0.5103,-0.2421,2219200470.0,8957912325.658218,2026-07-14
2022-05-20,sh.600869,远东股份,4.02675195,4.14432135,4.16391625,4.0169545,26553165,111009397.78,1.1964,2.6699,2219422016.0,9197998045.568842,2026-07-14
2022-05-23,sh.600869,远东股份,4.14432135,4.1737137,4.18351115,4.06594175,16670402,70213449.5,0.7511,0.7092,2219465051.0,9263411690.0299,2026-07-14
2022-05-24,sh.600869,远东股份,4.18351115,3.96796725,4.20310605,3.96796725,18266200,76038117.94,0.823,-4.9296,2219465371.0,8806765904.6371,2026-07-14
2022-05-25,sh.600869,远东股份,3.96796725,4.12472645,4.1541188,3.92877745,16830200,69165903.0,0.7583,3.9506,2219464592.0,9154684307.460857,2026-07-14
2022-05-26,sh.600869,远东股份,4.12472645,4.0757392,4.20310605,3.9973596,13855900,57487129.0,0.6243,-1.1876,2219429761.0,9045816878.55433,2026-07-14
2022-05-27,sh.600869,远东股份,4.08553665,4.0169545,4.10513155,3.9777647,10708500,44211953.0,0.4825,-1.4423,2219378238.0,8915141400.33617,2026-07-14
2022-05-30,sh.600869,远东股份,4.0169545,4.0365494,4.06594175,3.98756215,11644052,47757111.58,0.5247,0.4878,2219182771.0,8957840882.770388,2026-07-14
2022-05-31,sh.600869,远东股份,4.0561443,4.14432135,4.16391625,3.9973596,19267065,80495463.8,0.8681,2.6699,2219452252.0,9198123353.26918,2026-07-14
2022-06-01,sh.600869,远东股份,4.14432135,4.1541188,4.1737137,4.0953341,13365000,56317578.0,0.6022,0.2364,2219362338.0,9219494812.297754,2026-07-14
2022-06-02,sh.600869,远东股份,4.26189075,4.2912831,4.35986525,4.18351115,33793602,147306198.56,1.5227,3.3019,2219321074.0,9523735018.33005,2026-07-14
2022-06-06,sh.600869,远东股份,4.30108055,4.51662445,4.5264219,4.2912831,41882518,188976382.71,1.8872,5.2511,2219294086.0,10023717930.568003,2026-07-14
2022-06-07,sh.600869,远东股份,4.4872321,4.3500678,4.51662445,4.310878,43776193,195626262.07,1.9725,-3.6876,2219325374.0,9654215847.160357,2026-07-14
2022-06-08,sh.600869,远东股份,4.310878,4.32067545,4.3696627,4.1933086,25074957,109605869.93,1.1298,-0.6757,2219415560.0,9589374323.440002,2026-07-14
2022-06-09,sh.600869,远东股份,4.32067545,4.1933086,4.3304729,4.16391625,17606067,75929360.93,0.7933,-2.9478,2219345393.0,9306400122.83728,2026-07-14
2022-06-10,sh.600869,远东股份,4.18351115,4.34027035,4.3892576,4.14432135,26821102,117686324.2,1.2085,3.5047,2219371287.0,9632671392.60744,2026-07-14
2022-06-13,sh.600869,远东股份,4.32067545,4.3892576,4.45783975,4.2912831,23812626,106502697.85,1.073,1.1287,2219256850.0,9740889995.21456,2026-07-14
2022-06-14,sh.600869,远东股份,4.3500678,4.3892576,4.3892576,4.22270095,20216800,88898862.0,0.9109,0.0,2219431332.0,9741655841.659122,2026-07-14
2022-06-15,sh.600869,远东股份,4.3892576,4.310878,4.4284474,4.310878,20450734,90971138.3,0.9215,-1.7857,2219287466.0,9567077512.855148,2026-07-14
2022-06-16,sh.600869,远东股份,4.35986525,4.35986525,4.49702955,4.34027035,22007174,98843072.04,0.9916,1.1364,2219360024.0,9676110645.876766,2026-07-14
2022-06-17,sh.600869,远东股份,4.3500678,4.4872321,4.506827,4.310878,33205458,151082434.85,1.4962,2.9213,2219319476.0,9958601592.86238,2026-07-14
2022-06-20,sh.600869,远东股份,4.49702955,4.59500405,4.6048015,4.4872321,24348389,113502790.7,1.0971,2.4017,2219340899.0,10197880419.235641,2026-07-14
2022-06-21,sh.600869,远东股份,4.59500405,4.53621935,4.6048015,4.4872321,21742400,100688424.0,0.9797,-1.2793,2219291620.0,10067193589.936846,2026-07-14
2022-06-22,sh.600869,远东股份,4.55581425,4.57540915,4.65378875,4.51662445,21422709,100409740.18,0.9653,0.8639,2219279913.0,10154113620.351402,2026-07-14
2022-06-23,sh.600869,远东股份,4.7615607,4.90852245,4.92811735,4.65378875,67293817,329871752.97,3.0321,7.2805,2219379869.0,10893875912.06456,2026-07-14
2022-06-24,sh.600869,远东股份,4.88892755,4.83014285,4.9379148,4.79095305,32296047,159679387.5,1.4552,-1.5968,2219354522.0,10719799376.053467,2026-07-14
2022-06-27,sh.600869,远东股份,4.84973775,4.8791301,4.9183199,4.81054795,30007978,149363520.38,1.3521,1.0142,2219360846.0,10828550306.480064,2026-07-14
2022-06-28,sh.600869,远东股份,4.90852245,5.1730536,5.3102179,4.90852245,49257008,257753312.15,2.2194,6.0241,2219383978.0,11480992277.17522,2026-07-14
2022-06-29,sh.600869,远东股份,5.2514332,4.92811735,5.2514332,4.90852245,41522110,213593910.12,1.8709,-4.7348,2219365546.0,10937293853.234823,2026-07-14
2022-06-30,sh.600869,远东股份,4.9183199,5.04568675,5.12406635,4.90852245,26056661,133741596.98,1.1741,2.3857,2219288050.0,11197832308.318336,2026-07-14
2022-07-01,sh.600869,远东股份,5.04568675,5.1730536,5.30042045,4.9771046,41556355,220241101.6,1.8725,2.5243,2219297997.0,11480547492.85364,2026-07-14
2022-07-04,sh.600869,远东股份,5.094674,5.22204085,5.32001535,5.0358893,28312529,149435787.98,1.2757,0.947,2219372031.0,11589651407.229465,2026-07-14
2022-07-05,sh.600869,远东股份,5.2122434,5.20244595,5.28082555,5.10447145,27132027,143480093.73,1.2225,-0.3752,2219388712.0,11546249816.220118,2026-07-14
2022-07-06,sh.600869,远东股份,5.16325615,5.24163575,5.290623,5.1534587,29808736,158722923.56,1.3431,0.7533,2219398109.0,11633276471.616798,2026-07-14
2022-07-07,sh.600869,远东股份,5.2514332,5.77069805,5.77069805,5.2318383,70124680,401462113.94,3.1597,10.0935,2219346140.0,12807176442.373028,2026-07-14
2022-07-08,sh.600869,远东股份,5.87847,5.69231845,6.2899629,5.6433312,140432094,853638943.76,6.3276,-1.3582,2219357956.0,12633292240.093088,2026-07-14
2022-07-11,sh.600869,远东股份,5.5649516,5.5453567,5.63353375,5.22204085,82592503,454057767.71,3.7215,-2.5818,2219333683.0,12306996908.559727,2026-07-14
2022-07-12,sh.600869,远东股份,5.4669771,5.30042045,5.6041414,5.30042045,46056611,254978840.43,2.0752,-4.417,2219381795.0,11763656652.575706,2026-07-14
2022-07-13,sh.600869,远东股份,5.3298128,5.43758475,5.47677455,5.3102179,37183315,205022310.69,1.6754,2.5878,2219369404.0,12068009225.80699,2026-07-14
2022-07-14,sh.600869,远东股份,5.4081924,5.8392802,5.9176598,5.3494077,67210056,392819074.92,3.0284,7.3874,2219325584.0,12959263940.004637,2026-07-14
2022-07-15,sh.600869,远东股份,5.9372547,5.88826745,6.0548241,5.6433312,70554426,423740871.88,3.1791,0.8389,2219320751.0,13067954139.222855,2026-07-14
2022-07-18,sh.600869,远东股份,5.94705215,6.1919884,6.2507731,5.7804955,72042844,444053543.57,3.2461,5.1581,2219366132.0,13742289344.696869,2026-07-14
2022-07-19,sh.600869,远东股份,6.3683425,6.00583685,6.5838864,5.9372547,72739735,457645605.8,3.2775,-3.0063,2219366438.0,13329152736.993639,2026-07-14
2022-07-20,sh.600869,远东股份,5.9764445,6.6034813,6.6034813,5.86867255,124331944,805909832.11,5.6022,9.9511,2219341402.0,14655379446.422783,2026-07-14
2022-07-21,sh.600869,远东股份,6.9561895,7.25991045,7.25991045,6.662266,210000584,1527712671.34,9.4622,9.9407,2219363192.0,16112378029.946156,2026-07-14
2022-07-22,sh.600869,远东股份,7.2109232,7.0345691,7.2109232,6.75044305,142697025,1020079189.66,6.4297,-3.1039,2219341882.0,15612113825.453045,2026-07-14
2022-07-25,sh.600869,远东股份,7.054164,6.7602405,7.22072065,6.7014558,91725622,650689194.02,4.133,-3.8997,2219347254.0,15003321190.054586,2026-07-14
2022-07-26,sh.600869,远东股份,6.9169997,7.43626455,7.43626455,6.8386201,141847287,1046430670.81,6.3914,10.0,2219346106.0,16503644772.228342,2026-07-14
2022-07-27,sh.600869,远东股份,7.2697079,7.250113,7.3480875,6.98558185,109006246,793395870.46,4.9116,-2.5033,2219363262.0,16090634437.548605,2026-07-14
2022-07-28,sh.600869,远东股份,7.1521385,7.1913283,7.446062,6.9757844,83975928,613057089.16,3.7838,-0.8108,2219354300.0,15960105385.31669,2026-07-14
2022-07-29,sh.600869,远东股份,7.20112575,7.02477165,7.3872773,6.9757844,61651757,451000154.92,2.7779,-2.3161,2219365600.0,15590536547.86524,2026-07-14
2022-08-01,sh.600869,远东股份,6.9561895,6.71125325,7.04436655,6.53489915,75377385,514570803.55,3.3964,-4.463,2219331792.0,14894497701.888325,2026-07-14
2022-08-02,sh.600869,远东股份,6.6230762,6.3879374,6.6230762,6.2899629,61546938,404372611.58,2.7732,-4.8175,2219347252.0,14177051314.638025,2026-07-14
2022-08-03,sh.600869,远东股份,6.39773485,6.39773485,6.7210507,6.3879374,60277724,402886435.93,2.716,0.1534,2219356554.0,14198854770.101707,2026-07-14
2022-08-04,sh.600869,远东股份,6.51530425,6.65246855,6.7210507,6.51530425,39521545,267274843.0,1.7808,3.9816,2219314072.0,14763917066.552435,2026-07-14
2022-08-05,sh.600869,远东股份,6.65246855,6.4075323,6.67206345,6.24097565,52562412,343680561.0,2.3684,-3.6819,2219321567.0,14220374624.639114,2026-07-14
2022-08-08,sh.600869,远东股份,6.4075323,6.45651955,6.5251017,6.22138075,36295472,237052340.0,1.6354,0.7645,2219363581.0,14329364349.28451,2026-07-14
2022-08-09,sh.600869,远东股份,6.45651955,6.4467221,6.63287365,6.3879374,29041892,192336434.0,1.3086,-0.1517,2219310102.0,14307275481.316654,2026-07-14
2022-08-10,sh.600869,远东股份,6.3487476,6.43692465,6.4859119,6.28016545,36211122,234975391.0,1.6316,-0.152,2219362711.0,14285870541.726727,2026-07-14
2022-08-11,sh.600869,远东股份,6.5838864,7.08355635,7.08355635,6.5838864,48555360,344459453.0,2.1878,10.0457,2219369229.0,15721026995.077555,2026-07-14
2022-08-12,sh.600869,远东股份,7.3088977,6.88760735,7.4264671,6.78963285,109515618,798881277.0,4.9346,-2.7663,2219341345.0,15285951759.980885,2026-07-14
2022-08-15,sh.600869,远东股份,6.86801245,6.9365946,7.1521385,6.73084815,56733158,403220896.65,2.5563,0.7112,2219346634.0,15394707876.932577,2026-07-14
2022-08-16,sh.600869,远东股份,6.96598695,7.02477165,7.2109232,6.9169997,51959545,374450509.35,2.3412,1.2712,2219355245.0,15590463806.354805,2026-07-14
2022-08-17,sh.600869,远东股份,7.0737589,6.94639205,7.20112575,6.9169997,43849871,313136139.91,1.9758,-1.1158,2219347657.0,15416458920.770927,2026-07-14
2022-08-18,sh.600869,远东股份,6.9169997,7.41666965,7.5440365,6.9169997,91044082,675060188.8,4.1023,6.7701,2219342369.0,16460129191.1214,2026-07-14
2022-08-19,sh.600869,远东股份,7.47545435,7.4068722,7.8967447,7.3872773,101124385,781816526.81,4.5565,-0.1321,2219343465.0,16438393413.160172,2026-07-14
2022-08-22,sh.600869,远东股份,7.45585945,7.29910025,7.5244416,7.10315125,59393510,441631234.08,2.6762,-1.455,2219322547.0,16199057757.638338,2026-07-14
2022-08-23,sh.600869,远东股份,7.250113,7.73018805,7.76937785,7.250113,68133000,526994721.08,3.0699,5.906,2219388254.0,17156288559.381165,2026-07-14
2022-08-24,sh.600869,远东股份,7.8771498,7.59302375,8.0143141,7.49504925,75771725,597714692.05,3.4141,-1.7744,2219376263.0,16851776675.145247,2026-07-14
2022-08-25,sh.600869,远东股份,7.642011,7.3284926,7.73018805,7.1521385,56234336,426673015.7,2.5338,-3.4839,2219367590.0,16264618959.994833,2026-07-14
2022-08-26,sh.600869,远东股份,7.3676824,7.0345691,7.4852518,6.9953793,41839477,307966655.41,1.8852,-4.0107,2219365425.0,15612279440.313366,2026-07-14
2022-08-29,sh.600869,远东股份,6.86801245,6.9365946,7.1913283,6.6818609,42422251,302135522.41,1.9115,-1.3928,2219317342.0,15394504690.203554,2026-07-14
2022-08-30,sh.600869,远东股份,6.98558185,6.80922775,7.0933538,6.71125325,39021834,274018964.46,1.7583,-1.8362,2219293295.0,15111673489.702936,2026-07-14
2022-08-31,sh.600869,远东股份,6.7014558,6.1332037,6.858215,6.1332037,63553892,409228482.95,2.8636,-9.9281,2219370443.0,13611851012.67824,2026-07-14
2022-09-01,sh.600869,远东股份,6.074419,5.82948275,6.1527986,5.8196853,63977027,386792743.29,2.8827,-4.9521,2219343914.0,12937627062.980484,2026-07-14
2022-09-02,sh.600869,远东股份,5.8980649,5.8000904,6.14300115,5.71191335,81767811,493300393.78,3.6843,-0.5042,2219358114.0,12872477691.173506,2026-07-14
2022-09-05,sh.600869,远东股份,5.80988785,5.80988785,5.90786235,5.73150825,39389832,233408950.5,1.7748,0.1689,2219395538.0,12894439170.570414,2026-07-14
2022-09-06,sh.600869,远东股份,5.82948275,6.22138075,6.2507731,5.75110315,54786405,335772879.22,2.4686,7.0826,2219330997.0,13807303142.614107,2026-07-14
2022-09-07,sh.600869,远东股份,6.14300115,6.24097565,6.33895015,6.0940139,35091105,223257803.02,1.5811,0.315,2219410853.0,13851289090.91873,2026-07-14
2022-09-08,sh.600869,远东股份,6.24097565,6.08421645,6.4467221,6.06462155,34699332,219984027.4,1.5635,-2.5118,2219336872.0,13502925904.713945,2026-07-14
2022-09-09,sh.600869,远东股份,6.1136088,6.04502665,6.1527986,5.90786235,31770592,195268214.57,1.4315,-0.6441,2219391687.0,13416281894.703457,2026-07-14
2022-09-13,sh.600869,远东股份,6.0548241,6.02543175,6.1136088,5.90786235,21383097,131055674.72,0.9635,-0.3241,2219314686.0,13372329172.26568,2026-07-14
2022-09-14,sh.600869,远东股份,5.8980649,5.8980649,6.02543175,5.8000904,21187409,127392588.6,0.9547,-2.1138,2219274013.0,13089422159.557444,2026-07-14
2022-09-15,sh.600869,远东股份,5.96664705,5.55515415,5.9764445,5.4473822,37249673,213848282.51,1.6784,-5.814,2219356113.0,12328865321.459818,2026-07-14
2022-09-16,sh.600869,远东股份,5.55515415,5.4277873,5.63353375,5.3885975,28132340,158140203.48,1.2676,-2.2928,2219338908.0,12046099539.23827,2026-07-14
2022-09-19,sh.600869,远东股份,5.43758475,5.35920515,5.5257618,5.3102179,23031940,127182941.72,1.0378,-1.2635,2219304298.0,11893707023.258736,2026-07-14
2022-09-20,sh.600869,远东股份,5.39839495,5.63353375,5.67272355,5.3885975,31203467,176533951.65,1.406,5.1188,2219307752.0,12502545122.52863,2026-07-14
2022-09-21,sh.600869,远东股份,5.6041414,5.71191335,5.75110315,5.55515415,34887795,201869815.0,1.572,1.3913,2219325382.0,12676594277.43965,2026-07-14
2022-09-22,sh.600869,远东股份,5.67272355,5.84907765,5.90786235,5.61393885,37287484,221317239.86,1.6801,2.4014,2219360990.0,12981214763.890873,2026-07-14
2022-09-23,sh.600869,远东股份,5.88826745,5.6433312,5.9372547,5.6237363,22797976,133144306.52,1.0272,-3.5176,2219429128.0,12524973644.231195,2026-07-14
2022-09-26,sh.600869,远东股份,5.67272355,5.5453567,5.7217108,5.53555925,18975571,109064023.6,0.855,-1.7361,2219365029.0,12307170733.310844,2026-07-14
2022-09-27,sh.600869,远东股份,5.59434395,5.6433312,5.7413057,5.49636945,22728178,130299192.04,1.0241,1.7668,2219331901.0,12524424960.068613,2026-07-14
2022-09-28,sh.600869,远东股份,5.59434395,5.41798985,5.69231845,5.39839495,21135146,118673996.64,0.9523,-3.9931,2219378977.0,12024572770.689383,2026-07-14
2022-09-29,sh.600869,远东股份,5.49636945,5.4277873,5.5257618,5.3298128,17672417,97769742.12,0.7963,0.1808,2219316464.0,12045977717.980108,2026-07-14
2022-09-30,sh.600869,远东股份,5.4081924,5.32001535,5.5649516,5.30042045,19670928,108872426.64,0.8863,-1.9856,2219443529.0,11807473642.73817,2026-07-14
2022-10-10,sh.600869,远东股份,5.3494077,5.33961025,5.47677455,5.2122434,22422477,123016172.59,1.0103,0.3683,2219388004.0,11850666934.88544,2026-07-14
2022-10-11,sh.600869,远东股份,5.3494077,5.87847,5.87847,5.33961025,66346469,390781787.96,2.9895,10.0917,2219316575.0,13046185906.64025,2026-07-14
2022-10-12,sh.600869,远东股份,5.90786235,6.466317,6.466317,5.88826745,109304055,687374902.38,4.925,10.0,2219371675.0,14351160791.370975,2026-07-14
2022-10-13,sh.600869,远东股份,6.3683425,6.31935525,6.71125325,6.18219095,111133630,727350576.47,5.0075,-2.2727,2219343585.0,14024820535.42357,2026-07-14
2022-10-14,sh.600869,远东股份,6.3095578,6.4271272,6.43692465,6.1723935,71401082,460645158.19,3.2172,1.7054,2219354781.0,14264075479.415144,2026-07-14
2022-10-17,sh.600869,远东股份,6.4859119,6.49570935,6.57408895,6.2899629,62120107,408609022.54,2.799,1.0671,2219367881.0,14416368695.701387,2026-07-14
2022-10-18,sh.600869,远东股份,6.49570935,6.7406456,6.9561895,6.41732975,104855443,715758450.06,4.7246,3.7707,2219350696.0,14959856503.849337,2026-07-14
2022-10-19,sh.600869,远东股份,6.61327875,6.5642915,6.90720225,6.5251017,70020968,478176956.24,3.155,-2.6163,2219365071.0,14568559270.962198,2026-07-14
2022-10-20,sh.600869,远东股份,6.43692465,6.3095578,6.51530425,6.26057055,49398824,321148529.85,2.2258,-3.8806,2219373888.0,14003267826.146727,2026-07-14
2022-10-21,sh.600869,远东股份,6.270368,6.7014558,6.8190252,6.26057055,79519412,536274137.28,3.583,6.2112,2219352833.0,14872894914.95428,2026-07-14
2022-10-24,sh.600869,远东股份,6.7210507,6.5251017,6.7602405,6.4271272,48944416,328303265.21,2.2053,-2.6316,2219399447.0,14481807104.598759,2026-07-14
2022-10-25,sh.600869,远东股份,6.466317,6.5642915,6.6426711,6.3683425,34759524,230862911.74,1.5662,0.6006,2219354105.0,14568487286.941608,2026-07-14
2022-10-26,sh.600869,远东股份,6.5642915,6.5251017,6.6426711,6.4271272,41322798,275242153.06,1.8619,-0.597,2219388689.0,14481736907.55467,2026-07-14
2022-10-27,sh.600869,远东股份,6.5055068,6.3487476,6.6230762,6.3291527,35508442,233989128.7,1.5999,-2.7027,2219416339.0,14090514155.627037,2026-07-14
2022-10-28,sh.600869,远东股份,5.7609006,5.71191335,6.00583685,5.71191335,51559609,305587790.66,2.3232,-10.0309,2219335787.0,12676653709.898056,2026-07-14
2022-10-31,sh.600869,远东股份,5.49636945,5.5061669,5.61393885,5.39839495,46699974,262246994.45,2.1042,-3.6021,2219369547.0,12220219138.559395,2026-07-14
2022-11-01,sh.600869,远东股份,5.49636945,5.6629261,5.73150825,5.486572,34744114,199717776.82,1.5655,2.847,2219362121.0,12568083680.362259,2026-07-14
2022-11-02,sh.600869,远东股份,5.67272355,5.71191335,5.8000904,5.59434395,31991149,185683729.72,1.4415,0.8651,2219295803.0,12676425324.75467,2026-07-14
2022-11-03,sh.600869,远东股份,5.6629261,5.7413057,5.86867255,5.65312865,27483731,161794168.36,1.2384,0.5146,2219293524.0,12741642559.314287,2026-07-14
2022-11-04,sh.600869,远东股份,5.7413057,5.88826745,5.9372547,5.7413057,33912630,203430483.3,1.528,2.5597,2219412958.0,13068497078.699617,2026-07-14
2022-11-07,sh.600869,远东股份,5.8588751,5.8000904,5.88826745,5.6629261,34594661,204323998.53,1.5588,-1.4975,2219313639.0,12872219732.152966,2026-07-14
2022-11-08,sh.600869,远东股份,5.8000904,5.7021159,5.82948275,5.61393885,29097474,168610176.04,1.3111,-1.6892,2219317672.0,12654806584.662184,2026-07-14
2022-11-09,sh.600869,远东股份,5.682521,5.59434395,5.69231845,5.5845465,21256555,121722951.84,0.9578,-1.89,2219310399.0,12415585703.817736,2026-07-14
2022-11-10,sh.600869,远东股份,5.5845465,5.45717965,5.59434395,5.4081924,29800421,166394522.98,1.3428,-2.4518,2219274724.0,12110980861.572166,2026-07-14
2022-11-11,sh.600869,远东股份,5.59434395,5.47677455,5.61393885,5.43758475,36150573,202833507.66,1.6289,0.3591,2219324268.0,12154738669.17978,2026-07-14
2022-11-14,sh.600869,远东股份,5.49636945,5.41798985,5.5257618,5.35920515,28417446,157978462.24,1.2804,-1.0733,2219419400.0,12024791782.09309,2026-07-14
2022-11-15,sh.600869,远东股份,5.41798985,5.5845465,5.5845465,5.3690026,34001247,190501652.47,1.532,3.0741,2219402546.0,12394356720.355389,2026-07-14
2022-11-16,sh.600869,远东股份,5.5845465,5.4473822,5.6237363,5.4277873,30759318,172810157.9,1.386,-2.4561,2219287013.0,12089304571.307367,2026-07-14
2022-11-17,sh.600869,远东股份,5.39839495,5.3885975,5.41798985,5.3102179,21927900,119809467.41,0.988,-1.0791,2219423077.0,11959577644.164509,2026-07-14
2022-11-18,sh.600869,远东股份,5.37880005,5.3494077,5.43758475,5.3298128,19141463,105194009.13,0.8625,-0.7273,2219300058.0,11871940818.875648,2026-07-14
2022-11-21,sh.600869,远东股份,5.30042045,5.5061669,5.5257618,5.30042045,26454998,147223999.2,1.192,2.9304,2219379027.0,12220271337.021606,2026-07-14
2022-11-22,sh.600869,远东股份,5.486572,5.3690026,5.486572,5.3494077,18495439,102033774.74,0.8334,-2.4911,2219275138.0,11915293986.03736,2026-07-14
2022-11-23,sh.600869,远东股份,5.3690026,5.51596435,5.51596435,5.33961025,25130747,139545080.1,1.1323,2.7372,2219442462.0,12242365497.26823,2026-07-14
2022-11-24,sh.600869,远东股份,5.5845465,5.5845465,5.6433312,5.51596435,30667575,174608358.56,1.3818,1.2433,2219393183.0,12394304432.24651,2026-07-14
2022-11-25,sh.600869,远东股份,5.5845465,5.45717965,5.5845465,5.41798985,19770916,110230470.76,0.8908,-2.2807,2219456219.0,12111971312.392742,2026-07-14
2022-11-28,sh.600869,远东股份,5.26123065,5.4277873,5.4473822,5.26123065,14378781,78906265.25,0.6479,-0.5386,2219290168.0,12045834988.885267,2026-07-14
2022-11-29,sh.600869,远东股份,5.41798985,5.4473822,5.47677455,5.39839495,15900974,88328236.59,0.7165,0.361,2219256664.0,12089139248.70498,2026-07-14
2022-11-30,sh.600869,远东股份,5.43758475,5.4473822,5.5257618,5.41798985,16138492,90073016.37,0.7272,0.0,2219264576.0,12089182348.392946,2026-07-14
2022-12-01,sh.600869,远东股份,5.4669771,5.45717965,5.53555925,5.4473822,17777070,99546106.07,0.801,0.1799,2219359551.0,12111443777.750336,2026-07-14
2022-12-02,sh.600869,远东股份,5.5257618,5.5649516,5.67272355,5.5257618,34102091,194890044.77,1.5366,1.9749,2219321294.0,12350415585.95937,2026-07-14
2022-12-05,sh.600869,远东股份,5.5257618,5.5649516,5.5845465,5.49636945,20529737,115958316.88,0.925,0.0,2219431027.0,12351026244.793293,2026-07-14
2022-12-06,sh.600869,远东股份,5.53555925,5.51596435,5.55515415,5.47677455,14802079,83263568.61,0.667,-0.8803,2219202249.0,12241040490.923822,2026-07-14
2022-12-07,sh.600869,远东股份,5.486572,5.41798985,5.53555925,5.39839495,20677019,115150635.48,0.9317,-1.7762,2219278630.0,12024029091.661905,2026-07-14
2022-12-08,sh.600869,远东股份,5.4277873,5.4081924,5.486572,5.3690026,14564650,80581273.05,0.6563,-0.1808,2219206156.0,12001893866.912415,2026-07-14
2022-12-09,sh.600869,远东股份,5.4081924,5.37880005,5.43758475,5.3494077,13397299,73500219.75,0.6037,-0.5435,2219198112.0,11936622915.785505,2026-07-14
2022-12-12,sh.600869,远东股份,5.3298128,5.28082555,5.35920515,5.2514332,17400094,94067635.51,0.784,-1.8215,2219399745.0,11720262879.059486,2026-07-14
2022-12-13,sh.600869,远东股份,5.2710281,5.26123065,5.3494077,5.2318383,15855002,85348474.7,0.7144,-0.3711,2219345185.0,11676486910.25192,2026-07-14
2022-12-14,sh.600869,远东股份,5.22204085,5.08487655,5.26123065,5.06528165,24348321,127559641.48,1.0971,-3.352,2219334701.0,11285042977.716162,2026-07-14
2022-12-15,sh.600869,远东股份,5.1142689,5.18285105,5.20244595,5.0358893,15450848,80940007.58,0.6962,1.9268,2219311692.0,11502361933.159477,2026-07-14
2022-12-16,sh.600869,远东股份,5.1730536,5.0750791,5.20244595,5.06528165,10793303,56229025.03,0.4863,-2.0794,2219474193.0,11264007089.883667,2026-07-14
2022-12-19,sh.600869,远东股份,5.094674,4.9575097,5.10447145,4.9379148,13105685,66856154.25,0.5905,-2.3166,2219421677.0,11002804492.117767,2026-07-14
2022-12-20,sh.600869,远东股份,4.9575097,4.9966995,5.0554842,4.9379148,7904300,40339956.0,0.3562,0.7905,2219062325.0,11087987609.796337,2026-07-14
2022-12-21,sh.600869,远东股份,4.9966995,4.86933265,5.02609185,4.8399403,13693192,68527477.36,0.617,-2.549,2219317990.0,10806597549.439373,2026-07-14
2022-12-22,sh.600869,远东股份,4.898725,4.7811556,4.94771225,4.7615607,14089500,69615630.0,0.6348,-1.8109,2219517958.0,10611860714.192265,2026-07-14
2022-12-23,sh.600869,远东股份,4.7615607,4.71257345,4.79095305,4.67338365,12447329,60048399.2,0.5609,-1.4344,2219170797.0,10458005378.957539,2026-07-14
2022-12-26,sh.600869,远东股份,4.69297855,4.90852245,4.9183199,4.69297855,12929885,64036954.68,0.5826,4.158,2219341744.0,10893688774.646154,2026-07-14
2022-12-27,sh.600869,远东股份,4.90852245,4.96730715,4.9966995,4.90852245,10629302,53778048.08,0.4789,1.1976,2219524327.0,11025059059.106037,2026-07-14
2022-12-28,sh.600869,远东股份,4.9379148,4.9771046,5.00649695,4.9183199,10182123,51633880.07,0.4588,0.1972,2219294464.0,11045660685.528934,2026-07-14
2022-12-29,sh.600869,远东股份,4.94771225,4.9183199,4.9771046,4.9183199,7717400,38913825.0,0.3477,-1.1811,2219557089.0,10916491800.014772,2026-07-14
2022-12-30,sh.600869,远东股份,4.94771225,4.94771225,5.0358893,4.88892755,15014500,75783152.0,0.6765,0.5976,2219438285.0,10981141990.813492,2026-07-14
2023-01-03,sh.600869,远东股份,4.94771225,5.0358893,5.06528165,4.84973775,16791140,85678887.4,0.7566,1.7822,2219288924.0,11176093345.980114,2026-07-14
2023-01-04,sh.600869,远东股份,5.06528165,5.06528165,5.1142689,5.00649695,15707430,81097414.93,0.7077,0.5837,2219504027.0,11242413020.064205,2026-07-14
2023-01-05,sh.600869,远东股份,5.094674,5.1730536,5.1730536,5.04568675,17428043,91318550.18,0.7853,2.1277,2219284732.0,11480478872.297636,2026-07-14
2023-01-06,sh.600869,远东股份,5.1730536,5.20244595,5.3298128,5.14366125,18630300,99687197.0,0.8394,0.5682,2219478199.0,11546715367.500845,2026-07-14
2023-01-09,sh.600869,远东股份,5.24163575,5.2318383,5.3102179,5.1926485,14063600,75476769.0,0.6337,0.565,2219283573.0,11610932795.782246,2026-07-14
2023-01-10,sh.600869,远东股份,5.2710281,5.2122434,5.28082555,5.1926485,10502133,56011924.42,0.4732,-0.3745,2219385672.0,11567978320.936565,2026-07-14
2023-01-11,sh.600869,远东股份,5.18285105,5.1338638,5.24163575,5.12406635,10492162,55472627.29,0.4728,-1.5038,2219154399.0,11392836435.636856,2026-07-14
2023-01-12,sh.600869,远东股份,5.1338638,5.18285105,5.2318383,5.1338638,8497884,45014194.84,0.3829,0.9542,2219348133.0,11502550801.43459,2026-07-14
2023-01-13,sh.600869,远东股份,5.18285105,5.12406635,5.2122434,5.094674,9579853,50208386.25,0.4317,-1.1342,2219099606.0,11370813618.402857,2026-07-14
2023-01-16,sh.600869,远东股份,5.12406635,5.1142689,5.18285105,5.08487655,13307923,69677982.86,0.5996,-0.1912,2219466811.0,11350950086.079477,2026-07-14
2023-01-17,sh.600869,远东股份,5.12406635,5.12406635,5.1534587,5.094674,6569300,34369063.0,0.296,0.1916,2219358108.0,11372138199.802465,2026-07-14
2023-01-18,sh.600869,远东股份,5.094674,5.094674,5.1534587,5.08487655,12830031,66831384.2,0.5781,-0.5736,2219344577.0,11306837113.482899,2026-07-14
2023-01-19,sh.600869,远东股份,5.0750791,5.094674,5.10447145,5.04568675,8838766,45833989.54,0.3983,0.0,2219122772.0,11305707089.316328,2026-07-14
2023-01-20,sh.600869,远东股份,5.10447145,5.18285105,5.2122434,5.08487655,11072032,58369461.34,0.4989,1.7308,2219288835.0,11502243468.733027,2026-07-14
2023-01-30,sh.600869,远东股份,5.24163575,5.2710281,5.32001535,5.2318383,16249704,87620057.38,0.7322,1.7013,2219298552.0,11697985029.88131,2026-07-14
2023-01-31,sh.600869,远东股份,5.2514332,5.290623,5.30042045,5.2318383,13823907,74400800.66,0.6229,0.3717,2219281907.0,11741383900.658062,2026-07-14
2023-02-01,sh.600869,远东股份,5.3102179,5.3494077,5.3690026,5.26123065,16110719,87470689.45,0.7259,1.1111,2219413005.0,11872545018.42714,2026-07-14
2023-02-02,sh.600869,远东股份,5.4669771,5.5061669,5.59434395,5.43758475,45292405,254215734.3,2.0408,2.9304,2219345600.0,12220087282.38064,2026-07-14
2023-02-03,sh.600869,远东股份,5.47677455,5.35920515,5.47677455,5.30042045,30657011,168008598.6,1.3813,-2.669,2219431767.0,11894390155.78,2026-07-14
2023-02-06,sh.600869,远东股份,5.35920515,5.3298128,5.4081924,5.3102179,13584800,74275671.0,0.6121,-0.5484,2219375919.0,11828858181.097963,2026-07-14
2023-02-07,sh.600869,远东股份,5.3298128,5.3690026,5.37880005,5.3102179,12092128,65989162.16,0.5448,0.7353,2219553598.0,11916789038.501354,2026-07-14
2023-02-08,sh.600869,远东股份,5.3690026,5.3885975,5.43758475,5.33961025,13794643,75787441.24,0.6216,0.365,2219215412.0,11958458621.06467,2026-07-14
2023-02-09,sh.600869,远东股份,5.37880005,5.4473822,5.4473822,5.33961025,16424088,90903819.43,0.74,1.0909,2219471351.0,12090308730.847351,2026-07-14
2023-02-10,sh.600869,远东股份,5.4277873,5.41798985,5.4473822,5.35920515,14430800,79683134.66,0.6502,-0.5396,2219440172.0,12024904324.578253,2026-07-14
2023-02-13,sh.600869,远东股份,5.4081924,5.5257618,5.55515415,5.37880005,23526428,131766471.7,1.0601,1.9892,2219264975.0,12263129622.932955,2026-07-14
2023-02-14,sh.600869,远东股份,5.5257618,5.5061669,5.55515415,5.47677455,16592562,93107157.2,0.7476,-0.3546,2219443820.0,12220628098.09356,2026-07-14
2023-02-15,sh.600869,远东股份,5.5061669,5.5257618,5.5845465,5.486572,16592153,93524176.39,0.7476,0.3559,2219389112.0,12263815574.425522,2026-07-14
2023-02-16,sh.600869,远东股份,5.53555925,5.35920515,5.5453567,5.3102179,25464733,141157302.85,1.1474,-3.0142,2219342252.0,11893910426.530998,2026-07-14
2023-02-17,sh.600869,远东股份,5.3690026,5.290623,5.39839495,5.2710281,12020217,65294138.79,0.5416,-1.2797,2219390140.0,11741956520.65722,2026-07-14
2023-02-20,sh.600869,远东股份,5.2514332,5.32001535,5.3298128,5.22204085,12897701,69455360.69,0.5811,0.5556,2219532094.0,11807944809.897644,2026-07-14
2023-02-21,sh.600869,远东股份,5.32001535,5.45717965,5.4669771,5.30042045,19250176,106348285.87,0.8674,2.5783,2219296288.0,12111098540.194138,2026-07-14
2023-02-22,sh.600869,远东股份,5.4277873,5.4277873,5.4669771,5.3885975,9445664,52320166.2,0.4256,-0.5386,2219375940.0,12046300541.057562,2026-07-14
2023-02-23,sh.600869,远东股份,5.4277873,5.41798985,5.45717965,5.3885975,8747641,48304448.32,0.3942,-0.1805,2219087012.0,12022990907.282827,2026-07-14
2023-02-24,sh.600869,远东股份,5.4081924,5.35920515,5.4277873,5.3298128,8141700,44571728.0,0.3669,-1.085,2219051513.0,11892352296.584892,2026-07-14
2023-02-27,sh.600869,远东股份,5.37880005,5.8980649,5.8980649,5.3690026,48263056,286187513.12,2.1746,10.0548,2219399246.0,13090160791.919065,2026-07-14
2023-02-28,sh.600869,远东股份,5.9568496,6.0156343,6.3683425,5.80988785,135572365,830943923.69,6.1086,1.9934,2219368841.0,13350911324.270847,2026-07-14
2023-03-01,sh.600869,远东股份,5.87847,5.9176598,5.9176598,5.80988785,72957328,436636748.0,3.2873,-1.6287,2219369330.0,13133472665.493935,2026-07-14
2023-03-02,sh.600869,远东股份,5.87847,5.8980649,5.9568496,5.8392802,46370845,278068404.23,2.0894,-0.3311,2219337848.0,13089798662.530334,2026-07-14
2023-03-03,sh.600869,远东股份,5.87847,5.7413057,5.87847,5.71191335,42187703,248248860.7,1.9009,-2.6578,2219354148.0,12741990620.231043,2026-07-14
2023-03-06,sh.600869,远东股份,5.75110315,5.79029295,5.8196853,5.71191335,30001889,176366948.27,1.3518,0.8532,2219402944.0,12850993219.852446,2026-07-14
2023-03-07,sh.600869,远东股份,5.77069805,5.90786235,5.98624195,5.6433312,60487821,358885107.11,2.7255,2.0305,2219329334.0,13111492214.589176,2026-07-14
2023-03-08,sh.600869,远东股份,5.8588751,5.9176598,5.92745725,5.8000904,38856016,233136848.11,1.7508,0.1658,2219329221.0,13133235314.077015,2026-07-14
2023-03-09,sh.600869,远东股份,5.9176598,6.06462155,6.12340625,5.84907765,67585754,415312409.89,3.0453,2.4834,2219346337.0,13459495622.283762,2026-07-14
2023-03-10,sh.600869,远东股份,5.9764445,6.074419,6.074419,5.8980649,42255553,258271384.78,1.904,0.1616,2219304254.0,13480983927.278425,2026-07-14
2023-03-13,sh.600869,远东股份,6.02543175,5.96664705,6.270368,5.92745725,54418177,337386255.65,2.452,-1.7742,2219338377.0,13242008780.078836,2026-07-14
2023-03-14,sh.600869,远东股份,5.87847,5.6237363,5.88826745,5.5257618,55009012,319953381.02,2.4786,-5.7471,2219358186.0,12481085193.310352,2026-07-14
2023-03-15,sh.600869,远东股份,5.682521,5.61393885,5.69231845,5.57474905,22388362,128793786.2,1.0088,-0.1742,2219306305.0,12459049885.68945,2026-07-14
2023-03-16,sh.600869,远东股份,5.5845465,5.4081924,5.5845465,5.3494077,30774633,171061053.85,1.3866,-3.6649,2219431199.0,12003110942.754688,2026-07-14
2023-03-17,sh.600869,远东股份,5.4473822,5.41798985,5.51596435,5.4081924,21923630,122131008.26,0.9878,0.1812,2219440170.0,12024904313.742273,2026-07-14
2023-03-20,sh.600869,远东股份,5.41798985,5.47677455,5.5257618,5.3690026,19422621,108326060.26,0.8751,1.085,2219474460.0,12155561236.902992,2026-07-14
2023-03-21,sh.600869,远东股份,5.47677455,5.55515415,5.5845465,5.41798985,21860403,122820040.62,0.985,1.4311,2219330254.0,12328721670.728653,2026-07-14
2023-03-22,sh.600869,远东股份,5.5453567,5.57474905,5.6041414,5.5061669,18764608,106349636.42,0.8455,0.3527,2219350444.0,12372321779.306078,2026-07-14
2023-03-23,sh.600869,远东股份,5.5453567,5.5649516,5.5649516,5.5061669,12327359,69775533.4,0.5554,-0.1757,2219546093.0,12351666581.514097,2026-07-14
2023-03-24,sh.600869,远东股份,5.5649516,5.5061669,5.57474905,5.486572,19946306,112235897.74,0.8987,-1.0563,2219462112.0,12220728816.898493,2026-07-14
2023-03-27,sh.600869,远东股份,5.49636945,5.51596435,5.55515415,5.4669771,16740435,94130316.19,0.7543,0.1779,2219333819.0,12241766226.353354,2026-07-14
2023-03-28,sh.600869,远东股份,5.5257618,5.4081924,5.5453567,5.39839495,17043785,94804199.19,0.768,-1.9538,2219242839.0,12002092255.634224,2026-07-14
2023-03-29,sh.600869,远东股份,5.4081924,5.33961025,5.4473822,5.3298128,17728054,97264608.3,0.7988,-1.2681,2219335754.0,11850387940.249878,2026-07-14
2023-03-30,sh.600869,远东股份,5.3494077,5.43758475,5.43758475,5.2318383,21041296,114499713.55,0.9481,1.8349,2219311887.0,12067696472.244923,2026-07-14
2023-03-31,sh.600869,远东股份,5.43758475,5.41798985,5.45717965,5.3885975,11274701,62326131.52,0.508,-0.3604,2219429331.0,12024845588.15029,2026-07-14
2023-04-03,sh.600869,远东股份,5.41798985,5.486572,5.49636945,5.3885975,12562586,70037255.74,0.566,1.2658,2219538163.0,12177655938.047235,2026-07-14
2023-04-04,sh.600869,远东股份,5.5257618,5.35920515,5.5257618,5.3494077,22114172,121918443.84,0.9964,-2.3214,2219407065.0,11894257772.694386,2026-07-14
2023-04-06,sh.600869,远东股份,5.33961025,5.26123065,5.3494077,5.24163575,17966600,96799716.0,0.8095,-1.8282,2219468808.0,11677137319.368565,2026-07-14
2023-04-07,sh.600869,远东股份,5.2710281,5.3102179,5.3298128,5.2710281,8654300,46837528.0,0.3899,0.9311,2219620415.0,11786668058.938427,2026-07-14
2023-04-10,sh.600869,远东股份,5.3102179,5.37880005,5.3885975,5.290623,16384075,89636388.25,0.7382,1.2915,2219462883.0,11938047066.053543,2026-07-14
2023-04-11,sh.600869,远东股份,5.35920515,5.37880005,5.4277873,5.3102179,10385700,56949684.0,0.468,0.0,2219166667.0,11936453779.417933,2026-07-14
2023-04-12,sh.600869,远东股份,5.3690026,5.30042045,5.37880005,5.290623,12251501,66500439.43,0.552,-1.4572,2219474819.0,11764149718.887648,2026-07-14
2023-04-13,sh.600869,远东股份,5.32001535,5.26123065,5.3494077,5.2514332,10655200,57458298.0,0.4801,-0.7394,2219370964.0,11676622539.516846,2026-07-14
2023-04-14,sh.600869,远东股份,5.24163575,5.2710281,5.3298128,5.24163575,8593648,46265909.76,0.3872,0.1862,2219433884.0,11698698368.65614,2026-07-14
2023-04-17,sh.600869,远东股份,5.26123065,5.3102179,5.32001535,5.2318383,11387170,61450598.74,0.5131,0.7435,2219288638.0,11784906250.77422,2026-07-14
2023-04-18,sh.600869,远东股份,5.32001535,5.3298128,5.39839495,5.290623,11786661,64102613.23,0.5311,0.369,2219292224.0,11828412102.415667,2026-07-14
2023-04-19,sh.600869,远东股份,5.33961025,5.4081924,5.45717965,5.3298128,20704801,114399402.21,0.9329,1.4706,2219401972.0,12002952877.515413,2026-07-14
2023-04-20,sh.600869,远东股份,5.43758475,5.290623,5.43758475,5.2710281,20230500,109810665.0,0.9115,-2.1739,2219473396.0,11742396996.765709,2026-07-14
2023-04-21,sh.600869,远东股份,5.2710281,5.06528165,5.32001535,5.04568675,19268000,101533531.0,0.8682,-4.2593,2219304308.0,11241401387.078348,2026-07-14
2023-04-24,sh.600869,远东股份,5.04568675,5.18285105,5.18285105,5.0162944,11088553,57915160.87,0.4996,2.3211,2219486189.0,11503266325.119148,2026-07-14
2023-04-25,sh.600869,远东股份,5.2318383,5.12406635,5.26123065,5.04568675,12481304,65306674.92,0.5624,-1.1342,2219293030.0,11371804735.81254,2026-07-14
2023-04-26,sh.600869,远东股份,5.14366125,5.2710281,5.32001535,5.094674,16477078,88126023.71,0.7424,2.8681,2219433998.0,11698698969.553343,2026-07-14
2023-04-27,sh.600869,远东股份,5.30042045,5.26123065,5.3102179,5.2122434,12390949,66531162.66,0.5583,-0.1859,2219406950.0,11676811870.163017,2026-07-14
2023-04-28,sh.600869,远东股份,5.30042045,5.30042045,5.32001535,5.2710281,10020205,54127815.54,0.4515,0.7449,2219314507.0,11763299997.884468,2026-07-14
2023-05-04,sh.600869,远东股份,5.28082555,5.3298128,5.37880005,5.2710281,11005484,59976301.3,0.4959,0.5545,2219295019.0,11828426999.242443,2026-07-14
2023-05-05,sh.600869,远东股份,5.37880005,5.2710281,5.37880005,5.2122434,9833948,52990593.76,0.4431,-1.1029,2219351839.0,11698265907.155676,2026-07-14
2023-05-08,sh.600869,远东股份,5.24163575,5.3298128,5.37880005,5.24163575,11432900,62066466.0,0.5151,1.1152,2219549602.0,11829783878.974506,2026-07-14
2023-05-09,sh.600869,远东股份,5.30042045,5.26123065,5.32001535,5.2318383,11361402,61045810.7,0.5119,-1.2868,2219457316.0,11677076857.305935,2026-07-14
2023-05-10,sh.600869,远东股份,5.26123065,5.3494077,5.3690026,5.22204085,12648800,68662472.0,0.5699,1.676,2219477101.0,11872887894.063078,2026-07-14
2023-05-11,sh.600869,远东股份,5.3690026,5.33961025,5.39839495,5.32001535,8046400,43914974.0,0.3626,-0.1832,2219084391.0,11849045759.798607,2026-07-14
2023-05-12,sh.600869,远东股份,5.32001535,5.30042045,5.3494077,5.26123065,8079032,43755588.05,0.364,-0.7339,2219514286.0,11764358910.581549,2026-07-14
2023-05-15,sh.600869,远东股份,5.2710281,5.3690026,5.3885975,5.2710281,13932015,76169311.59,0.6278,1.2939,2219180471.0,11914785718.668224,2026-07-14
2023-05-16,sh.600869,远东股份,5.3885975,5.43758475,5.5061669,5.3690026,21365046,118863867.72,0.9627,1.2774,2219283889.0,12067544230.747093,2026-07-14
2023-05-17,sh.600869,远东股份,5.43758475,5.45717965,5.47677455,5.3885975,14056222,78083739.88,0.6333,0.3604,2219520291.0,12112320964.807278,2026-07-14
2023-05-18,sh.600869,远东股份,5.43758475,5.4473822,5.4669771,5.39839495,10282259,56992261.45,0.4633,-0.1795,2219352256.0,12089659974.864243,2026-07-14
2023-05-19,sh.600869,远东股份,5.4081924,5.4081924,5.4473822,5.3690026,7965168,43967309.23,0.3589,-0.7194,2219327947.0,12002552536.073002,2026-07-14
2023-05-22,sh.600869,远东股份,5.39839495,5.41798985,5.45717965,5.3885975,7586806,42045340.18,0.3418,0.1812,2219662376.0,12026108223.594883,2026-07-14
2023-05-23,sh.600869,远东股份,5.4277873,5.30042045,5.43758475,5.290623,9687793,52974283.44,0.4365,-2.17,2219425659.0,11763889150.218327,2026-07-14
2023-05-24,sh.600869,远东股份,5.28082555,5.3102179,5.3690026,5.24163575,8174106,44435321.76,0.3683,0.1848,2219415151.0,11785578062.371403,2026-07-14
2023-05-25,sh.600869,远东股份,5.3102179,5.35920515,5.4081924,5.24163575,12352117,67626636.16,0.5566,0.9225,2219208947.0,11893196017.688477,2026-07-14
2023-05-26,sh.600869,远东股份,5.3494077,5.33961025,5.35920515,5.20244595,11595200,62461479.0,0.5225,-0.3656,2219177033.0,11849540431.971388,2026-07-14
2023-05-29,sh.600869,远东股份,5.30042045,5.20244595,5.33961025,5.1926485,10406200,55763890.0,0.4689,-2.5688,2219279164.0,11545679898.671186,2026-07-14
2023-05-30,sh.600869,远东股份,5.18285105,5.2122434,5.2514332,5.12406635,7803705,41317333.45,0.3516,0.1883,2219483788.0,11568489725.41,2026-07-14
2023-05-31,sh.600869,远东股份,5.18285105,5.18285105,5.2318383,5.1534587,8719844,46192669.32,0.3929,-0.5639,2219354543.0,11502584023.50982,2026-07-14
2023-06-01,sh.600869,远东股份,5.18285105,5.24163575,5.290623,5.16325615,9641400,51500778.0,0.4344,1.1342,2219475138.0,11633680229.576984,2026-07-14
2023-06-02,sh.600869,远东股份,5.2514332,5.3690026,5.37880005,5.2514332,12861016,70187078.92,0.5795,2.4299,2219329767.0,11915587289.280394,2026-07-14
2023-06-05,sh.600869,远东股份,5.3494077,5.3494077,5.4081924,5.3298128,10299484,56393442.0,0.4641,-0.365,2219238095.0,11871609353.526333,2026-07-14
2023-06-06,sh.600869,远东股份,5.3298128,5.2122434,5.37880005,5.1926485,10068000,54269742.0,0.4536,-2.5641,2219576720.0,11568974109.61365,2026-07-14
2023-06-07,sh.600869,远东股份,5.2318383,5.094674,5.2318383,5.08487655,11212200,58788098.3,0.5052,-2.2556,2219358670.0,11306908912.723581,2026-07-14
2023-06-08,sh.600869,远东股份,5.094674,5.0554842,5.14366125,5.0162944,8837100,45760677.97,0.3982,-0.7692,2219261678.0,11219442348.794489,2026-07-14
2023-06-09,sh.600869,远东股份,5.06528165,5.08487655,5.094674,5.04568675,8069100,41736532.0,0.3636,0.5814,2219224422.0,11284482222.615103,2026-07-14
2023-06-12,sh.600869,远东股份,5.094674,5.12406635,5.16325615,5.04568675,7150118,37299979.79,0.3222,0.7707,2219155183.0,11371098398.638391,2026-07-14
2023-06-13,sh.600869,远东股份,5.12406635,5.12406635,5.18285105,5.10447145,5937169,31140777.68,0.2675,0.0,2219502430.0,11372877715.30623,2026-07-14
2023-06-14,sh.600869,远东股份,5.12406635,5.06528165,5.1338638,5.04568675,9319549,48243605.88,0.4199,-1.1472,2219468683.0,11242233992.749567,2026-07-14
2023-06-15,sh.600869,远东股份,5.06528165,5.1926485,5.20244595,5.0554842,12026835,63178171.86,0.5419,2.5145,2219382727.0,11524474388.28246,2026-07-14
2023-06-16,sh.600869,远东股份,5.22204085,5.2122434,5.2318383,5.16325615,8005300,42501417.0,0.3607,0.3774,2219378985.0,11567943466.66495,2026-07-14
2023-06-19,sh.600869,远东股份,5.2122434,5.2122434,5.26123065,5.18285105,8863741,47217271.69,0.3994,0.0,2219264146.0,11567344897.845137,2026-07-14
2023-06-20,sh.600869,远东股份,5.1926485,5.2122434,5.2514332,5.1926485,8288559,44221821.9,0.3735,0.0,2219159036.0,11566797038.941362,2026-07-14
2023-06-21,sh.600869,远东股份,5.22204085,5.1534587,5.26123065,5.14366125,8230057,43692395.53,0.3708,-1.1278,2219540723.0,11438311448.948639,2026-07-14
2023-06-26,sh.600869,远东股份,5.1534587,5.1926485,5.26123065,5.10447145,12133920,64276880.2,0.5467,0.7605,2219484178.0,11525001187.665432,2026-07-14
2023-06-27,sh.600869,远东股份,5.18285105,5.24163575,5.26123065,5.1730536,9390182,50192292.36,0.4231,0.9434,2219376507.0,11633163241.801327,2026-07-14
2023-06-28,sh.600869,远东股份,5.2514332,5.2710281,5.290623,5.2318383,10272892,55189836.35,0.4629,0.5607,2219246490.0,11697710609.616367,2026-07-14
2023-06-29,sh.600869,远东股份,5.2710281,5.32001535,5.3494077,5.2514332,12251745,66484731.48,0.552,0.9294,2219519022.0,11807875266.656988,2026-07-14
2023-06-30,sh.600869,远东股份,5.33961025,5.4081924,5.43758475,5.3102179,16163809,88964664.23,0.7283,1.6575,2219388851.0,12002881916.622932,2026-07-14
2023-07-03,sh.600869,远东股份,5.4277873,5.43758475,5.486572,5.4081924,17484474,97429805.78,0.7878,0.5435,2219405179.0,12068203755.40142,2026-07-14
2023-07-04,sh.600869,远东股份,5.43758475,5.47677455,5.57474905,5.4277873,18141147,101898207.88,0.8174,0.7207,2219372033.0,12155000267.31616,2026-07-14
2023-07-05,sh.600869,远东股份,5.486572,5.41798985,5.51596435,5.4081924,11676800,64906668.0,0.5261,-1.0733,2219501996.0,12025239286.38274,2026-07-14
2023-07-06,sh.600869,远东股份,5.41798985,5.41798985,5.47677455,5.3690026,9297881,51567083.36,0.4189,0.0,2219594414.0,12025740006.168697,2026-07-14
2023-07-07,sh.600869,远东股份,5.43758475,5.37880005,5.43758475,5.35920515,7434298,40920953.96,0.335,-0.7233,2219193433.0,11936597748.380072,2026-07-14
2023-07-10,sh.600869,远东股份,5.37880005,5.39839495,5.43758475,5.35920515,6971900,38393654.0,0.3141,0.3643,2219643426.0,11982511861.719099,2026-07-14
2023-07-11,sh.600869,远东股份,5.41798985,5.4473822,5.45717965,5.35920515,8715300,48238122.22,0.3927,0.9074,2219327731.0,12089526377.815788,2026-07-14
2023-07-12,sh.600869,远东股份,5.45717965,5.43758475,5.5061669,5.41798985,10672334,59513408.02,0.4809,-0.1799,2219241838.0,12067315574.870771,2026-07-14
2023-07-13,sh.600869,远东股份,5.4669771,5.45717965,5.49636945,5.43758475,9233800,51567629.0,0.4161,0.3604,2219130017.0,12110191169.476553,2026-07-14
2023-07-14,sh.600869,远东股份,5.486572,5.4081924,5.486572,5.39839495,7601700,42124583.0,0.3425,-0.8977,2219474453.0,12003344868.708757,2026-07-14
2023-07-17,sh.600869,远东股份,5.3885975,5.4277873,5.4669771,5.3885975,6854902,37914090.02,0.3089,0.3623,2219133053.0,12044982202.083628,2026-07-14
2023-07-18,sh.600869,远东股份,5.4081924,5.43758475,5.47677455,5.3885975,8649594,47930141.67,0.3897,0.1805,2219551963.0,12069001905.841364,2026-07-14
2023-07-19,sh.600869,远东股份,5.45717965,5.3885975,5.47677455,5.37880005,7746200,42822438.0,0.349,-0.9009,2219541547.0,11960216031.310333,2026-07-14
2023-07-20,sh.600869,远东股份,5.4081924,5.3494077,5.4669771,5.33961025,10210424,56237769.64,0.4601,-0.7273,2219174962.0,11871271629.370008,2026-07-14
2023-07-21,sh.600869,远东股份,5.35920515,5.28082555,5.3690026,5.2514332,9459713,51169917.06,0.4262,-1.2821,2219547865.0,11721045074.93995,2026-07-14
2023-07-24,sh.600869,远东股份,5.2710281,5.30042045,5.3298128,5.2122434,6714700,36284066.0,0.3026,0.3711,2219001983.0,11761643489.283752,2026-07-14
2023-07-25,sh.600869,远东股份,5.33961025,5.3885975,5.4081924,5.32001535,9006208,49489270.4,0.4058,1.6636,2219371119.0,11959297663.415604,2026-07-14
2023-07-26,sh.600869,远东股份,5.39839495,5.33961025,5.39839495,5.32001535,6567952,35863908.36,0.2959,-0.9091,2219652585.0,11852079694.304996,2026-07-14
2023-07-27,sh.600869,远东股份,5.3494077,5.3298128,5.4081924,5.32001535,8668750,47491271.64,0.3906,-0.1835,2219342038.0,11828677601.710487,2026-07-14
2023-07-28,sh.600869,远东股份,5.3102179,5.3690026,5.3885975,5.26123065,8641800,47032661.64,0.3894,0.7353,2219260401.0,11915214863.046043,2026-07-14
2023-07-31,sh.600869,远东股份,5.3494077,5.45717965,5.4669771,5.3494077,11602242,64257890.09,0.5228,1.6423,2219250574.0,12110849070.683619,2026-07-14
2023-08-01,sh.600869,远东股份,5.43758475,5.49636945,5.51596435,5.3885975,15194097,84483780.96,0.6846,0.7181,2219412358.0,12198710281.463665,2026-07-14
2023-08-02,sh.600869,远东股份,5.5649516,5.5061669,5.5649516,5.43758475,15801535,88749164.65,0.712,0.1783,2219316713.0,12219928225.7374,2026-07-14
2023-08-03,sh.600869,远东股份,5.47677455,5.45717965,5.49636945,5.43758475,10467689,58360412.13,0.4717,-0.8897,2219141191.0,12110252148.001963,2026-07-14
2023-08-04,sh.600869,远东股份,5.486572,5.45717965,5.51596435,5.43758475,9955000,55591938.0,0.4486,0.0,2219126170.0,12110170175.70644,2026-07-14
2023-08-07,sh.600869,远东股份,5.43758475,5.4669771,5.486572,5.43758475,6983104,38895663.28,0.3146,0.1795,2219677050.0,12134923601.745556,2026-07-14
2023-08-08,sh.600869,远东股份,5.45717965,5.3885975,5.47677455,5.3690026,9676168,53293339.32,0.436,-1.4337,2219304587.0,11958939149.246733,2026-07-14
2023-08-09,sh.600869,远东股份,5.3885975,5.3102179,5.39839495,5.30042045,6862400,37298800.0,0.3092,-1.4545,2219404916.0,11785523712.291195,2026-07-14
2023-08-10,sh.600869,远东股份,5.3102179,5.32001535,5.35920515,5.290623,6382300,34653877.0,0.2876,0.1845,2219158554.0,11805957571.363804,2026-07-14
2023-08-11,sh.600869,远东股份,5.3298128,5.1730536,5.33961025,5.16325615,9643130,51492672.4,0.4345,-2.7624,2219362486.0,11480881097.90725,2026-07-14
2023-08-14,sh.600869,远东股份,5.14366125,5.14366125,5.1926485,5.04568675,9940934,51844752.88,0.4479,-0.5682,2219453896.0,11416119001.01673,2026-07-14
2023-08-15,sh.600869,远东股份,5.14366125,5.094674,5.1534587,5.0554842,7324500,38077031.0,0.33,-0.9524,2219545455.0,11307860521.406672,2026-07-14
2023-08-16,sh.600869,远东股份,5.094674,4.94771225,5.094674,4.9379148,12628927,64346669.6,0.569,-2.8846,2219495079.0,10981422991.183018,2026-07-14
2023-08-17,sh.600869,远东股份,4.96730715,4.9575097,4.9771046,4.8791301,9739800,49030074.0,0.4389,0.198,2219138756.0,11001401908.515934,2026-07-14
2023-08-18,sh.600869,远东股份,4.96730715,4.86933265,4.98690205,4.8595352,9984600,50056616.0,0.4499,-1.7787,2219293176.0,10806476721.818996,2026-07-14
2023-08-21,sh.600869,远东股份,4.8203454,4.702776,4.92811735,4.69297855,15834700,77261266.0,0.7135,-3.4205,2219299229.0,10436867150.959703,2026-07-14
2023-08-22,sh.600869,远东股份,4.75176325,4.73216835,4.7811556,4.63419385,11517865,55325859.35,0.519,0.625,2219241811.0,10501825859.010883,2026-07-14
2023-08-23,sh.600869,远东股份,4.702776,4.6243964,4.75176325,4.6243964,8971522,42687436.72,0.4042,-2.2774,2219574963.0,10264194468.427334,2026-07-14
2023-08-24,sh.600869,远东股份,4.63419385,4.63419385,4.67338365,4.5852066,9164183,43406388.27,0.4129,0.2119,2219467910.0,10285444538.794353,2026-07-14
2023-08-25,sh.600869,远东股份,4.6048015,4.5852066,4.65378875,4.5264219,11616267,54441670.69,0.5234,-1.0571,2219386129.0,10176343926.639252,2026-07-14
2023-08-28,sh.600869,远东股份,4.81054795,4.6243964,4.83014285,4.61459895,20144161,97111009.02,0.9077,0.8547,2219253167.0,10262706356.163399,2026-07-14
2023-08-29,sh.600869,远东股份,4.6439913,4.75176325,4.77135815,4.63419385,12702023,61208190.55,0.5723,2.7542,2219469334.0,10546392815.803175,2026-07-14
2023-08-30,sh.600869,远东股份,4.7811556,4.8399403,4.8791301,4.7811556,13654384,67459789.18,0.6152,1.8557,2219503251.0,10742263230.495916,2026-07-14
2023-08-31,sh.600869,远东股份,4.83014285,4.8007505,4.8399403,4.7811556,8178500,40093514.0,0.3685,-0.8097,2219402985.0,10654799989.940243,2026-07-14
2023-09-01,sh.600869,远东股份,4.77135815,4.8203454,4.8595352,4.77135815,7586924,37318380.84,0.3419,0.4082,2219047675.0,10696576252.566944,2026-07-14
2023-09-04,sh.600869,远东股份,4.8203454,4.8791301,4.88892755,4.75176325,10390500,51307158.0,0.4682,1.2195,2219243913.0,10827979775.160082,2026-07-14
2023-09-05,sh.600869,远东股份,4.86933265,4.8595352,4.9183199,4.83014285,9099291,45120803.1,0.41,-0.4016,2219339268.0,10784957293.588234,2026-07-14
2023-09-06,sh.600869,远东股份,4.83014285,4.88892755,4.90852245,4.81054795,7383215,36725352.85,0.3327,0.6048,2219180944.0,10849414855.556606,2026-07-14
2023-09-07,sh.600869,远东股份,4.8791301,4.8007505,4.90852245,4.8007505,7549900,37309972.0,0.3402,-1.8036,2219253380.0,10654081773.661692,2026-07-14
2023-09-08,sh.600869,远东股份,4.7811556,4.7811556,4.8203454,4.77135815,5691200,27825623.0,0.2564,-0.4082,2219656786.0,10612524472.4619,2026-07-14
2023-09-11,sh.600869,远东股份,4.8007505,4.84973775,4.86933265,4.7419658,7893900,38848410.0,0.3557,1.4344,2219257802.0,10762818339.341425,2026-07-14
2023-09-12,sh.600869,远东股份,4.84973775,4.8791301,4.90852245,4.83014285,7058300,35166344.0,0.318,0.6061,2219591195.0,10829674209.219471,2026-07-14
2023-09-13,sh.600869,远东股份,4.86933265,4.8007505,4.88892755,4.7811556,6818704,33548068.84,0.3072,-1.6064,2219630208.0,10655890830.871105,2026-07-14
2023-09-14,sh.600869,远东股份,4.81054795,4.7615607,4.81054795,4.73216835,6725262,32704767.32,0.303,-0.8163,2219558416.0,10568562124.979853,2026-07-14
2023-09-15,sh.600869,远东股份,4.79095305,4.83014285,4.83014285,4.73216835,8301800,40537904.0,0.3741,1.4403,2219139268.0,10718759668.484432,2026-07-14
2023-09-18,sh.600869,远东股份,4.7811556,4.702776,4.79095305,4.65378875,14251000,68434493.0,0.6421,-2.6369,2219436225.0,10437511412.4606,2026-07-14
2023-09-19,sh.600869,远东股份,4.702776,4.67338365,4.702776,4.6439913,8120000,38715256.0,0.3659,-0.625,2219185570.0,10371105559.15393,2026-07-14
2023-09-20,sh.600869,远东股份,4.6831811,4.6243964,4.702776,4.6243964,7149902,34000944.46,0.3222,-1.0482,2219088144.0,10261943224.396282,2026-07-14
2023-09-21,sh.600869,远东股份,4.59500405,4.59500405,4.65378875,4.5852066,7271800,34236300.14,0.3277,-0.6356,2219041807.0,10196506090.284319,2026-07-14
2023-09-22,sh.600869,远东股份,4.57540915,4.67338365,4.6831811,4.5264219,8602404,40409485.64,0.3876,1.7058,2219402477.0,10372119248.781301,2026-07-14
2023-09-25,sh.600869,远东股份,4.69297855,4.6439913,4.69297855,4.6243964,6306604,29964931.96,0.2842,-0.6289,2219072484.0,10305353309.765388,2026-07-14
2023-09-26,sh.600869,远东股份,4.65378875,4.6048015,4.6635862,4.6048015,4710000,22226180.0,0.2122,-0.8439,2219604147.0,10220836505.51182,2026-07-14
2023-09-27,sh.600869,远东股份,4.6048015,4.69297855,4.75176325,4.5852066,9232013,44217445.32,0.416,1.9149,2219233894.0,10414817061.974974,2026-07-14
2023-09-28,sh.600869,远东股份,4.7223709,4.6831811,4.7223709,4.67338365,7972386,38155460.08,0.3592,-0.2088,2219483853.0,10394244832.124777,2026-07-14
2023-10-09,sh.600869,远东股份,4.702776,4.7419658,4.7615607,4.6831811,9116634,43976647.71,0.4108,1.2552,2219239046.0,10523555658.156628,2026-07-14
2023-10-10,sh.600869,远东股份,4.75176325,4.7223709,4.7811556,4.69297855,8255104,39859126.2,0.372,-0.4132,2219113978.0,10479479273.490438,2026-07-14
2023-10-11,sh.600869,远东股份,4.73216835,4.69297855,4.7615607,4.6831811,7188569,34694958.51,0.3239,-0.6224,2219379129.0,10415498646.714684,2026-07-14
2023-10-12,sh.600869,远东股份,4.702776,4.77135815,4.7811556,4.69297855,9532797,46129922.25,0.4295,1.6701,2219510361.0,10590078849.966793,2026-07-14
2023-10-13,sh.600869,远东股份,4.75176325,4.7223709,4.7615607,4.69297855,6196702,29843320.58,0.2792,-1.0267,2219449140.0,10481062032.766026,2026-07-14
2023-10-16,sh.600869,远东股份,4.702776,4.8203454,4.92811735,4.6048015,26456636,128784625.26,1.1921,2.0747,2219330258.0,10697938400.231113,2026-07-14
2023-10-17,sh.600869,远东股份,4.7223709,4.5656117,4.73216835,4.5460168,44560439,208947349.71,2.0078,-5.2846,2219366421.0,10132765298.304726,2026-07-14
2023-10-18,sh.600869,远东股份,4.53621935,4.47743465,4.53621935,4.3892576,19367818,88320198.9,0.8727,-1.9313,2219298499.0,9936763998.115591,2026-07-14
2023-10-19,sh.600869,远东股份,4.43824485,4.35986525,4.47743465,4.3500678,16693702,74987639.46,0.7522,-2.6258,2219316937.0,9675922792.36274,2026-07-14
2023-10-20,sh.600869,远东股份,4.3304729,4.49702955,4.55581425,4.310878,21179859,96911944.27,0.9543,3.1461,2219413078.0,9980766195.422455,2026-07-14
2023-10-23,sh.600869,远东股份,4.45783975,4.32067545,4.4676372,4.2912831,15646950,69744947.5,0.705,-3.9216,2219425532.0,9589417409.21559,2026-07-14
2023-10-24,sh.600869,远东股份,4.3304729,4.3696627,4.3892576,4.2912831,10144800,44977801.06,0.4571,1.1338,2219383067.0,9697955404.8815,2026-07-14
2023-10-25,sh.600869,远东股份,4.39905505,4.4284474,4.45783975,4.3696627,8820052,39915545.04,0.3974,1.3453,2219439356.0,9828670445.535873,2026-07-14
2023-10-26,sh.600869,远东股份,4.4284474,4.4480423,4.45783975,4.32067545,9785594,43750462.24,0.4409,0.4425,2219458834.0,9872246776.740679,2026-07-14
2023-10-27,sh.600869,远东股份,4.3892576,4.49702955,4.506827,4.3696627,13575313,61593551.89,0.6117,1.1013,2219276279.0,9980151006.277044,2026-07-14
2023-10-30,sh.600869,远东股份,4.45783975,4.43824485,4.4872321,4.41864995,13954647,63298451.88,0.6288,-1.3072,2219250477.0,9849577000.405294,2026-07-14
2023-10-31,sh.600869,远东股份,4.45783975,4.3696627,4.45783975,4.34027035,11425842,51223921.73,0.5148,-1.5453,2219472028.0,9698344134.444956,2026-07-14
2023-11-01,sh.600869,远东股份,4.3500678,4.41864995,4.4284474,4.3304729,8553111,38300956.61,0.3854,1.1211,2219281526.0,9806228203.895823,2026-07-14
2023-11-02,sh.600869,远东股份,4.4088525,4.35986525,4.43824485,4.3500678,8607600,38519530.0,0.3878,-1.3304,2219597731.0,9677147016.36575,2026-07-14
2023-11-03,sh.600869,远东股份,4.35986525,4.41864995,4.4480423,4.3500678,10329446,46544747.38,0.4654,1.3483,2219477009.0,9807091974.844,2026-07-14
2023-11-06,sh.600869,远东股份,4.45783975,4.5264219,4.5460168,4.43824485,17660363,81274566.21,0.7957,2.439,2219475053.0,10046280486.40286,2026-07-14
2023-11-07,sh.600869,远东股份,4.53621935,4.4872321,4.53621935,4.45783975,8974798,41053371.86,0.4044,-0.8658,2219287339.0,9958457386.684381,2026-07-14
2023-11-08,sh.600869,远东股份,4.47743465,4.4284474,4.47743465,4.4088525,10123612,45924579.63,0.4562,-1.31,2219117054.0,9827243148.081959,2026-07-14
2023-11-09,sh.600869,远东股份,4.4284474,4.4284474,4.4676372,4.39905505,7593700,34373366.0,0.3422,0.0,2219082408.0,9827089720.093338,2026-07-14
2023-11-10,sh.600869,远东股份,4.4088525,4.4088525,4.43824485,4.3696627,7257300,32646385.0,0.327,-0.4425,2219357798.0,9784821176.106794,2026-07-14
2023-11-13,sh.600869,远东股份,4.41864995,4.4480423,4.45783975,4.39905505,6871881,31065881.58,0.3096,0.8889,2219599806.0,9872873826.159794,2026-07-14
2023-11-14,sh.600869,远东股份,4.4676372,4.45783975,4.4872321,4.4284474,7993089,36331650.84,0.3602,0.2203,2219069684.0,9892257045.355139,2026-07-14
2023-11-15,sh.600869,远东股份,4.47743465,4.506827,4.5264219,4.4676372,11796687,54241307.06,0.5315,1.0989,2219508373.0,10002940262.162472,2026-07-14
2023-11-16,sh.600869,远东股份,4.49702955,4.43824485,4.506827,4.4284474,9022889,41099344.62,0.4066,-1.5217,2219106985.0,9848940147.775278,2026-07-14
2023-11-17,sh.600869,远东股份,4.43824485,4.49702955,4.506827,4.39905505,9773460,44566633.87,0.4404,1.3245,2219223433.0,9979913356.253445,2026-07-14
2023-11-20,sh.600869,远东股份,4.53621935,4.53621935,4.55581425,4.47743465,11098100,51204318.0,0.5001,0.8715,2219176165.0,10066669860.731792,2026-07-14
2023-11-21,sh.600869,远东股份,4.53621935,4.47743465,4.5460168,4.4676372,8952704,41213024.44,0.4034,-1.2959,2219311849.0,9936823771.868168,2026-07-14
2023-11-22,sh.600869,远东股份,4.4676372,4.4088525,4.49702955,4.4088525,10170600,46047719.0,0.4583,-1.5317,2219201396.0,9784131622.758091,2026-07-14
2023-11-23,sh.600869,远东股份,4.3892576,4.4480423,4.45783975,4.37946015,6980453,31571479.62,0.3145,0.8889,2219539905.0,9872607383.977982,2026-07-14
2023-11-24,sh.600869,远东股份,4.4676372,4.35986525,4.4676372,4.3500678,12986500,58132101.0,0.5851,-1.9824,2219535122.0,9676874049.562311,2026-07-14
2023-11-27,sh.600869,远东股份,4.3304729,4.34027035,4.3696627,4.32067545,10566056,46786212.5,0.4761,-0.4494,2219293426.0,9632333454.817719,2026-07-14
2023-11-28,sh.600869,远东股份,4.34027035,4.34027035,4.3696627,4.30108055,8970514,39736154.08,0.4042,0.0,2219325581.0,9632473016.210823,2026-07-14
2023-11-29,sh.600869,远东股份,4.3500678,4.4088525,4.57540915,4.32067545,25219775,113701589.02,1.1364,1.5801,2219269183.0,9784430485.642508,2026-07-14
2023-11-30,sh.600869,远东股份,4.34027035,4.22270095,4.3500678,4.1933086,28205883,122682162.84,1.2709,-4.2222,2219362892.0,9371705792.443148,2026-07-14
2023-12-01,sh.600869,远东股份,4.20310605,4.1933086,4.22270095,4.1345239,16921466,72098302.37,0.7625,-0.6961,2219208656.0,9305826742.399242,2026-07-14
2023-12-04,sh.600869,远东股份,4.2129035,4.2129035,4.24229585,4.1933086,10662936,45884779.5,0.4805,0.4673,2219133403.0,9348994880.46561,2026-07-14
2023-12-05,sh.600869,远东股份,4.1933086,4.10513155,4.20310605,4.10513155,10100300,42762718.0,0.4551,-2.5581,2219358383.0,9110758118.810284,2026-07-14
2023-12-06,sh.600869,远东股份,4.10513155,4.18351115,4.2129035,4.08553665,13066781,55722208.37,0.5888,1.9093,2219222317.0,9284141307.498335,2026-07-14
2023-12-07,sh.600869,远东股份,4.18351115,4.1541188,4.18351115,4.114929,8214600,34745243.0,0.3701,-0.7026,2219562280.0,9220325395.118864,2026-07-14
2023-12-08,sh.600869,远东股份,4.14432135,4.10513155,4.18351115,4.10513155,7886428,33256597.32,0.3553,-1.1792,2219653251.0,9111968590.74017,2026-07-14
2023-12-11,sh.600869,远东股份,4.10513155,4.16391625,4.1737137,4.0561443,11642849,48995420.7,0.5246,1.432,2219376477.0,9241297777.448051,2026-07-14
2023-12-12,sh.600869,远东股份,4.16391625,4.1541188,4.16391625,4.12472645,6558951,27733258.22,0.2955,-0.2353,2219611168.0,9220528481.678759,2026-07-14
2023-12-13,sh.600869,远东股份,4.14432135,4.14432135,4.18351115,4.114929,8725186,36933598.14,0.3931,-0.2358,2219584330.0,9198670726.944447,2026-07-14
2023-12-14,sh.600869,远东股份,4.14432135,4.1737137,4.2129035,4.1345239,11167140,47666115.6,0.5032,0.7092,2219224960.0,9262409618.933952,2026-07-14
2023-12-15,sh.600869,远东股份,4.1933086,4.1345239,4.20310605,4.114929,8203700,34832023.0,0.3696,-0.939,2219615801.0,9177054578.052143,2026-07-14
2023-12-18,sh.600869,远东股份,4.10513155,4.0365494,4.12472645,4.0169545,11108800,46025938.0,0.5005,-2.3697,2219540460.0,8959284712.088724,2026-07-14
2023-12-19,sh.600869,远东股份,4.0365494,4.04634685,4.0757392,4.0169545,4864100,20084101.52,0.2192,0.2427,2219023723.0,8978939651.636322,2026-07-14
2023-12-20,sh.600869,远东股份,4.04634685,4.0365494,4.08553665,4.0365494,9329092,38668937.64,0.4204,-0.2421,2219098953.0,8957502547.27278,2026-07-14
2023-12-21,sh.600869,远东股份,4.02675195,4.10513155,4.12472645,3.9973596,12064783,50133309.28,0.5436,1.699,2219422921.0,9111023055.790258,2026-07-14
2023-12-22,sh.600869,远东股份,4.10513155,4.10513155,4.1345239,4.02675195,11527400,48092079.0,0.5194,0.0,2219368502.0,9110799658.636438,2026-07-14
2023-12-25,sh.600869,远东股份,4.0953341,4.06594175,4.12472645,4.02675195,6139100,25520019.0,0.2766,-0.9547,2219486623.0,9024303324.022211,2026-07-14
2023-12-26,sh.600869,远东股份,4.08553665,4.0365494,4.0953341,4.0169545,5572800,22957825.0,0.2511,-0.7229,2219354839.0,8958535443.752546,2026-07-14
2023-12-27,sh.600869,远东股份,4.06594175,4.0169545,4.06594175,3.96796725,6792633,27738851.3,0.3061,-0.4854,2219089513.0,8913981605.148157,2026-07-14
2023-12-28,sh.600869,远东股份,4.0169545,4.22270095,4.2324984,3.9973596,20868910,88638333.65,0.9403,5.122,2219388493.0,9371813897.81017,2026-07-14
2023-12-29,sh.600869,远东股份,4.20310605,4.30108055,4.310878,4.1933086,14983868,65419805.72,0.6751,1.8561,2219503481.0,9546263252.786394,2026-07-14
2024-01-02,sh.600869,远东股份,4.30108055,4.3304729,4.35986525,4.28148565,12877500,56884248.0,0.5802,0.6834,2219493278.0,9611455492.111166,2026-07-14
2024-01-03,sh.600869,远东股份,4.3304729,4.34027035,4.3500678,4.2912831,9322964,41167259.88,0.4201,0.2262,2219224946.0,9632036233.10415,2026-07-14
2024-01-04,sh.600869,远东股份,4.32067545,4.28148565,4.34027035,4.2520933,10515209,45999895.43,0.4738,-1.3544,2219334951.0,9502050745.249952,2026-07-14
2024-01-05,sh.600869,远东股份,4.2912831,4.1933086,4.32067545,4.1737137,10607000,45835190.0,0.4779,-2.0595,2219501988.0,9307056773.997498,2026-07-14
2024-01-08,sh.600869,远东股份,4.18351115,4.10513155,4.20310605,4.10513155,10495300,44452785.0,0.4729,-2.1028,2219348700.0,9110718368.821486,2026-07-14
2024-01-09,sh.600869,远东股份,4.10513155,4.12472645,4.20310605,4.06594175,10075800,42435015.0,0.454,0.4773,2219339207.0,9154167128.634924,2026-07-14
2024-01-10,sh.600869,远东股份,4.12472645,4.12472645,4.2129035,4.06594175,9546340,40398225.4,0.4301,0.0,2219562892.0,9155089768.070892,2026-07-14
2024-01-11,sh.600869,远东股份,4.1345239,4.22270095,4.24229585,4.114929,12832609,54809171.07,0.5782,2.3753,2219406607.0,9371890387.815176,2026-07-14
2024-01-12,sh.600869,远东股份,4.2520933,4.24229585,4.310878,4.20310605,9208100,40015151.0,0.4149,0.464,2219354061.0,9415156522.660946,2026-07-14
2024-01-15,sh.600869,远东股份,4.22270095,4.2129035,4.26189075,4.18351115,10286556,44294040.86,0.4635,-0.6928,2219321683.0,9349788085.936592,2026-07-14
2024-01-16,sh.600869,远东股份,4.2129035,4.22270095,4.26189075,4.14432135,12072350,51734861.0,0.544,0.2326,2219181985.0,9370941876.282387,2026-07-14
2024-01-17,sh.600869,远东股份,4.22270095,4.10513155,4.2324984,4.10513155,10702300,45545239.0,0.4822,-2.7842,2219473248.0,9111229654.745775,2026-07-14
2024-01-18,sh.600869,远东股份,4.0953341,4.04634685,4.12472645,3.92877745,18690800,76639546.83,0.8422,-1.432,2219282831.0,8979988092.475933,2026-07-14
2024-01-19,sh.600869,远东股份,4.06594175,3.94837235,4.08553665,3.94837235,11316438,46195061.52,0.5099,-2.4213,2219344577.0,8762798762.949245,2026-07-14
2024-01-22,sh.600869,远东股份,3.91898,3.7034361,3.94837235,3.6642463,18046562,70364535.64,0.8131,-6.2035,2219476325.0,8219688745.100332,2026-07-14
2024-01-23,sh.600869,远东股份,3.723031,3.75242335,3.7818157,3.6054616,17570900,66679372.0,0.7917,1.3228,2219388657.0,8328085819.251941,2026-07-14
2024-01-24,sh.600869,远东股份,3.7818157,3.8014106,3.83080295,3.6250565,13780800,52531477.0,0.6209,1.3055,2219487840.0,8437184601.547104,2026-07-14
2024-01-25,sh.600869,远东股份,3.77201825,3.91898,3.91898,3.723031,13784174,54194276.78,0.6211,3.0928,2219316374.0,8697456483.37852,2026-07-14
2024-01-26,sh.600869,远东股份,3.88958765,3.88958765,3.9581698,3.86999275,10690678,42689702.88,0.4817,-0.75,2219364335.0,8632412108.266462,2026-07-14
2024-01-29,sh.600869,远东股份,3.9385749,3.7622208,3.9385749,3.75242335,12301200,47963895.0,0.5543,-3.2746,2219231463.0,8349238770.11303,2026-07-14
2024-01-30,sh.600869,远东股份,3.7818157,3.6446514,3.8014106,3.63485395,9648602,36791724.44,0.4347,-3.125,2219600184.0,8089668918.055858,2026-07-14
2024-01-31,sh.600869,远东股份,3.65444885,3.527082,3.73282845,3.51728455,13377693,49072992.07,0.6028,-3.2258,2219258958.0,7827508324.100556,2026-07-14
2024-02-01,sh.600869,远东股份,3.527082,3.5074871,3.61525905,3.43890495,15566443,55995316.22,0.7014,-0.5556,2219338894.0,7784302541.233268,2026-07-14
2024-02-02,sh.600869,远东股份,3.51728455,3.3507279,3.57606925,3.22336105,16785847,58345433.95,0.7563,-4.4693,2219469390.0,7436838008.268981,2026-07-14
2024-02-05,sh.600869,远东股份,3.3507279,3.0959942,3.3507279,3.0176146,30918965,99311758.79,1.3932,-7.6023,2219276845.0,6870868240.314299,2026-07-14
2024-02-06,sh.600869,远东股份,3.0568044,3.26255085,3.32133555,2.9588299,28329578,91640891.82,1.2765,5.3797,2219316725.0,7240633667.5679655,2026-07-14
2024-02-07,sh.600869,远东股份,3.28214575,3.5858667,3.5858667,3.2723483,27057327,96239823.76,1.2192,9.9099,2219268947.0,7958002615.391365,2026-07-14
2024-02-08,sh.600869,远东股份,3.69363865,3.8014106,3.8797902,3.61525905,39890411,153459077.22,1.7974,6.0109,2219339657.0,8436621297.120164,2026-07-14
2024-02-19,sh.600869,远东股份,3.7818157,3.7426259,3.8797902,3.7034361,34427085,133904629.07,1.5512,-1.5464,2219384025.0,8306324134.011248,2026-07-14
2024-02-20,sh.600869,远东股份,3.7426259,3.723031,3.77201825,3.65444885,13848075,52620837.0,0.624,-0.5236,2219242788.0,8262309696.250428,2026-07-14
2024-02-21,sh.600869,远东股份,3.69363865,3.77201825,3.90918255,3.67404375,17262697,67110023.24,0.7778,1.3158,2219426202.0,8371716138.472186,2026-07-14
2024-02-22,sh.600869,远东股份,3.81120805,3.7818157,3.83080295,3.7426259,9948153,38345480.54,0.4482,0.2597,2219578983.0,8394038645.299434,2026-07-14
2024-02-23,sh.600869,远东股份,3.79161315,3.8014106,3.83080295,3.723031,14090914,54215091.71,0.6349,0.5181,2219391085.0,8436816796.064501,2026-07-14
2024-02-26,sh.600869,远东股份,3.81120805,3.83080295,3.8797902,3.7818157,16638355,65036298.37,0.7497,0.7732,2219335067.0,8501835321.702047,2026-07-14
2024-02-27,sh.600869,远东股份,3.8210055,3.8797902,3.8797902,3.8014106,14228803,55942637.7,0.6411,1.2788,2219435813.0,8610945316.806433,2026-07-14
2024-02-28,sh.600869,远东股份,3.90918255,3.8210055,4.10513155,3.8210055,30370400,123062544.0,1.3684,-1.5152,2219409529.0,8480376017.06141,2026-07-14
2024-02-29,sh.600869,远东股份,3.7818157,3.9581698,3.9581698,3.77201825,16131152,64144846.98,0.7268,3.5897,2219476059.0,8785063108.556818,2026-07-14
2024-03-01,sh.600869,远东股份,3.9581698,3.98756215,4.0365494,3.94837235,15733572,64005411.6,0.7089,0.7426,2219434617.0,8850133473.148947,2026-07-14
2024-03-04,sh.600869,远东股份,4.00715705,3.98756215,4.0561443,3.9385749,15563150,63330120.0,0.7012,0.0,2219502282.0,8850403291.541826,2026-07-14
2024-03-05,sh.600869,远东股份,3.9777647,3.92877745,3.9777647,3.8993851,12844600,51619277.0,0.5788,-1.4742,2219177609.0,8718654947.784117,2026-07-14
2024-03-06,sh.600869,远东股份,3.88958765,4.0169545,4.0561443,3.88958765,14518341,59169723.69,0.6542,2.2444,2219251146.0,8914630877.554857,2026-07-14
2024-03-07,sh.600869,远东股份,4.04634685,3.9581698,4.04634685,3.94837235,10548752,43017974.2,0.4753,-1.4634,2219388176.0,8784715252.720285,2026-07-14
2024-03-08,sh.600869,远东股份,3.91898,3.9581698,4.0169545,3.90918255,8785139,35481113.03,0.3958,0.0,2219590450.0,8785515887.558409,2026-07-14
2024-03-11,sh.600869,远东股份,3.9385749,4.10513155,4.10513155,3.9385749,18802521,77701703.94,0.8472,3.7129,2219372167.0,9110814703.94357,2026-07-14
2024-03-12,sh.600869,远东股份,4.10513155,4.06594175,4.1345239,4.04634685,11326000,47117934.0,0.5103,-0.9547,2219478738.0,9024271264.071512,2026-07-14
2024-03-13,sh.600869,远东股份,4.04634685,4.04634685,4.0757392,4.02675195,9575300,39583698.0,0.4314,-0.4819,2219587390.0,8981220443.826221,2026-07-14
2024-03-14,sh.600869,远东股份,4.06594175,4.02675195,4.08553665,3.9777647,9183500,37753682.0,0.4138,-0.4843,2219308845.0,8936606219.255999,2026-07-14
2024-03-15,sh.600869,远东股份,3.9973596,4.0757392,4.0757392,3.9973596,10052900,41388204.0,0.453,1.2165,2219183223.0,9044812053.963442,2026-07-14
2024-03-18,sh.600869,远东股份,4.0953341,4.0953341,4.12472645,4.0561443,11433600,47601084.0,0.5152,0.4808,2219254658.0,9088589277.491238,2026-07-14
2024-03-19,sh.600869,远东股份,4.0757392,4.0561443,4.114929,4.04634685,9975054,41514084.1,0.4495,-0.9569,2219144383.0,9001169839.982466,2026-07-14
2024-03-20,sh.600869,远东股份,4.0365494,4.08553665,4.08553665,4.02675195,10111152,41978115.32,0.4556,0.7246,2219304653.0,9067050497.347033,2026-07-14
2024-03-21,sh.600869,远东股份,4.0757392,4.22270095,4.4284474,4.02675195,47178429,203700229.59,2.1258,3.3573,2219325854.0,9371549392.045362,2026-07-14
2024-03-22,sh.600869,远东股份,4.114929,4.0561443,4.20310605,4.04634685,39390491,164994328.39,1.7749,-3.9443,2219307623.0,9001831964.977999,2026-07-14
2024-03-25,sh.600869,远东股份,4.0365494,3.9581698,4.10513155,3.9581698,22565250,93232306.5,1.0167,-2.4155,2219460018.0,8784999615.555056,2026-07-14
2024-03-26,sh.600869,远东股份,3.96796725,4.00715705,4.04634685,3.91898,23782351,97048070.1,1.0716,1.2376,2219331000.0,8893207862.93355,2026-07-14
2024-03-27,sh.600869,远东股份,4.0169545,3.86999275,4.0365494,3.8601953,16907722,67967574.9,0.7618,-3.423,2219443686.0,8589230973.853277,2026-07-14
2024-03-28,sh.600869,远东股份,3.77201825,3.92877745,3.96796725,3.77201825,15809166,63117348.49,0.7123,1.519,2219453320.0,8719738154.943634,2026-07-14
2024-03-29,sh.600869,远东股份,3.91898,3.96796725,3.9973596,3.91898,11350450,45848639.0,0.5114,0.9975,2219485725.0,8806846668.642506,2026-07-14
2024-04-01,sh.600869,远东股份,4.0169545,4.04634685,4.0561443,3.96796725,14399084,59167848.56,0.6488,1.9753,2219340937.0,8980223209.505999,2026-07-14
2024-04-02,sh.600869,远东股份,4.10513155,4.12472645,4.1345239,4.04634685,18194212,76154304.92,0.8198,1.937,2219347646.0,9154201937.201437,2026-07-14
2024-04-03,sh.600869,远东股份,4.1345239,4.0561443,4.1345239,4.0365494,14169212,58807086.68,0.6384,-1.6627,2219488095.0,9002563985.452108,2026-07-14
2024-04-08,sh.600869,远东股份,4.0561443,3.96796725,4.08553665,3.96796725,12789192,52427718.4,0.5763,-2.1739,2219190005.0,8805673261.367336,2026-07-14
2024-04-09,sh.600869,远东股份,3.9581698,4.0757392,4.08553665,3.9581698,16327616,67570349.4,0.7357,2.716,2219330705.0,9045413152.132135,2026-07-14
2024-04-10,sh.600869,远东股份,4.04634685,3.8601953,4.06594175,3.83080295,23589745,94059027.05,1.0629,-5.2885,2219375764.0,8567223893.126709,2026-07-14
2024-04-11,sh.600869,远东股份,3.8210055,3.94837235,3.9973596,3.8014106,18563651,74410621.82,0.8364,2.2843,2219470469.0,8763295831.441132,2026-07-14
2024-04-12,sh.600869,远东股份,3.94837235,3.90918255,3.9777647,3.8993851,14106421,56715271.28,0.6356,-0.9926,2219386564.0,8675987227.693258,2026-07-14
2024-04-15,sh.600869,远东股份,3.92877745,3.88958765,3.98756215,3.83080295,20806658,83058411.76,0.9375,-0.5013,2219376853.0,8632460798.124666,2026-07-14
2024-04-16,sh.600869,远东股份,3.86999275,3.6250565,3.88958765,3.6250565,19090375,72748941.89,0.8602,-6.801,2219294931.0,8045069515.038601,2026-07-14
2024-04-17,sh.600869,远东股份,3.67404375,3.85039785,3.85039785,3.67404375,20568094,79200582.05,0.9268,6.2162,2219259171.0,8545030740.611182,2026-07-14
2024-04-18,sh.600869,远东股份,3.8406004,3.8601953,3.8993851,3.7818157,16247405,63912074.55,0.7321,0.2545,2219287666.0,8566883817.64117,2026-07-14
2024-04-19,sh.600869,远东股份,3.79161315,3.8210055,3.88958765,3.7818157,14388106,56229088.22,0.6483,-1.0152,2219359247.0,8480183889.262858,2026-07-14
2024-04-22,sh.600869,远东股份,3.81120805,3.8014106,3.86999275,3.77201825,13772175,53712941.75,0.6205,-0.5128,2219528606.0,8437339569.851624,2026-07-14
2024-04-23,sh.600869,远东股份,3.73282845,3.5662718,3.77201825,3.527082,25335408,92884325.9,1.1416,-6.1856,2219289418.0,7914589267.451813,2026-07-14
2024-04-24,sh.600869,远东股份,3.57606925,3.63485395,3.63485395,3.47809475,18594496,67911169.43,0.8378,1.9231,2219443304.0,8067352260.345451,2026-07-14
2024-04-25,sh.600869,远东股份,3.6446514,3.65444885,3.69363865,3.5662718,14053970,52326422.9,0.6332,0.5391,2219515161.0,8111104627.674015,2026-07-14
2024-04-26,sh.600869,远东股份,3.6838412,4.0169545,4.0169545,3.6250565,42375713,167434769.55,1.9094,9.9196,2219320886.0,8914911019.961687,2026-07-14
2024-04-29,sh.600869,远东股份,4.0169545,3.96796725,4.06594175,3.8993851,35040288,141546686.2,1.5789,-1.2195,2219284819.0,8806049480.214178,2026-07-14
2024-04-30,sh.600869,远东股份,3.96796725,3.8797902,3.96796725,3.8601953,20591200,81975923.0,0.9278,-2.2222,2219357620.0,8610641944.371325,2026-07-14
2024-05-06,sh.600869,远东股份,3.90918255,3.98756215,4.00715705,3.90918255,21844941,88529899.05,0.9843,2.7778,2219337702.0,8849747018.563179,2026-07-14
2024-05-07,sh.600869,远东股份,3.98756215,4.0169545,4.04634685,3.9777647,17730849,72543101.72,0.7989,0.7371,2219407811.0,8915260193.7316,2026-07-14
2024-05-08,sh.600869,远东股份,4.0169545,3.96796725,4.02675195,3.94837235,12725100,51630713.0,0.5734,-1.2195,2219236135.0,8805856303.696579,2026-07-14
2024-05-09,sh.600869,远东股份,3.96796725,4.1541188,4.16391625,3.96796725,33396262,139314195.06,1.5048,4.6914,2219315657.0,9219300893.878052,2026-07-14
2024-05-10,sh.600869,远东股份,4.26189075,4.5656117,4.5656117,4.26189075,51291248,237756836.68,2.3111,9.9057,2219343516.0,10132660722.968737,2026-07-14
2024-05-13,sh.600869,远东股份,4.69297855,4.3892576,4.75176325,4.310878,106157632,481982031.38,4.7833,-3.8627,2219338783.0,9741249620.2575,2026-07-14
2024-05-14,sh.600869,远东股份,4.47743465,4.83014285,4.83014285,4.37946015,152505577,735967566.48,6.8716,10.0446,2219360513.0,10719828313.439281,2026-07-14
2024-05-15,sh.600869,远东股份,4.7811556,4.6243964,4.8791301,4.506827,136690941,650122574.82,6.159,-4.2596,2219369070.0,10263242337.579348,2026-07-14
2024-05-16,sh.600869,远东股份,4.506827,4.32067545,4.5852066,4.2716882,96490362,429362724.53,4.3477,-6.5678,2219342687.0,9589059462.857935,2026-07-14
2024-05-17,sh.600869,远东股份,4.39905505,4.30108055,4.49702955,4.22270095,76404109,338147337.35,3.4426,-0.4535,2219372248.0,9545698809.082577,2026-07-14
2024-05-20,sh.600869,远东股份,4.1933086,4.24229585,4.2912831,4.1933086,48525559,209191557.39,2.1865,-1.3667,2219325818.0,9415036707.499254,2026-07-14
2024-05-21,sh.600869,远东股份,4.24229585,4.16391625,4.26189075,4.114929,43032827,182485846.16,1.939,-1.8476,2219330944.0,9241108181.84944,2026-07-14
2024-05-22,sh.600869,远东股份,4.14432135,4.1933086,4.22270095,4.12472645,29405900,125276565.0,1.325,0.7059,2219313208.0,9306265161.19999,2026-07-14
2024-05-23,sh.600869,远东股份,4.1541188,4.0561443,4.1737137,4.02675195,36588820,152363461.6,1.6486,-3.271,2219387359.0,9002155385.699903,2026-07-14
2024-05-24,sh.600869,远东股份,4.0169545,4.06594175,4.1345239,4.0169545,26764508,111825903.4,1.206,0.2415,2219279270.0,9023460238.802523,2026-07-14
2024-05-27,sh.600869,远东股份,4.10513155,4.14432135,4.1541188,4.0365494,22065708,92326950.52,0.9942,1.9277,2219443573.0,9198087384.704184,2026-07-14
2024-05-28,sh.600869,远东股份,4.1345239,4.2716882,4.3500678,4.0757392,61827825,267593142.91,2.7858,3.0733,2219392096.0,9480551027.656467,2026-07-14
2024-05-29,sh.600869,远东股份,4.1933086,4.0561443,4.22270095,4.02675195,50992934,213788662.62,2.2976,-5.0459,2219399983.0,9002206590.465546,2026-07-14
2024-05-30,sh.600869,远东股份,4.0169545,3.9777647,4.0757392,3.94837235,29528698,120239194.86,1.3305,-1.9324,2219368508.0,8828125707.414066,2026-07-14
2024-05-31,sh.600869,远东股份,3.9777647,4.00715705,4.0365494,3.9777647,17301575,70786756.0,0.7796,0.7389,2219288738.0,8893038512.462303,2026-07-14
2024-06-03,sh.600869,远东股份,4.0169545,3.8601953,4.0169545,3.8210055,32493212,128761026.76,1.4641,-3.6675,2219330100.0,8567047621.16853,2026-07-14
2024-06-04,sh.600869,远东股份,3.88958765,3.90918255,3.91898,3.8014106,17280998,68205161.04,0.7787,1.269,2219211250.0,8675301893.263687,2026-07-14
2024-06-05,sh.600869,远东股份,3.90918255,3.83080295,3.91898,3.83080295,14613200,57743138.0,0.6584,-2.005,2219501823.0,8502474131.078777,2026-07-14
2024-06-06,sh.600869,远东股份,3.8406004,3.71323355,3.8601953,3.69363865,24431300,93437837.0,1.1008,-3.0691,2219413154.0,8241199384.744117,2026-07-14
2024-06-07,sh.600869,远东股份,3.73282845,3.7426259,3.7818157,3.67404375,14037300,53364983.0,0.6325,0.7916,2219335968.0,8306144274.638371,2026-07-14
2024-06-11,sh.600869,远东股份,3.7034361,3.71323355,3.73282845,3.6642463,11878100,44784329.0,0.5352,-0.7853,2219375934.0,8241061178.191385,2026-07-14
2024-06-12,sh.600869,远东股份,3.71323355,3.71323355,3.7426259,3.6838412,12676300,48043290.0,0.5712,0.0,2219240196.0,8240557151.295775,2026-07-14
2024-06-13,sh.600869,远东股份,3.69363865,3.6642463,3.71323355,3.6446514,13154700,49306659.0,0.5927,-1.3193,2219453349.0,8132623722.095859,2026-07-14
2024-06-14,sh.600869,远东股份,3.65444885,3.67404375,3.73282845,3.6250565,18487035,69351193.9,0.833,0.2674,2219331933.0,8153922617.614069,2026-07-14
2024-06-17,sh.600869,远东股份,3.6642463,3.6642463,3.7426259,3.63485395,19547982,73550663.86,0.8808,-0.2667,2219344005.0,8132223058.748431,2026-07-14
2024-06-18,sh.600869,远东股份,3.65444885,3.6838412,3.71323355,3.6446514,17687697,66466394.99,0.797,0.5348,2219284442.0,8175491461.95861,2026-07-14
2024-06-19,sh.600869,远东股份,3.6838412,3.6054616,3.7034361,3.6054616,17008476,63005268.68,0.7664,-2.1277,2219268789.0,8001488398.818003,2026-07-14
2024-06-20,sh.600869,远东股份,3.61525905,3.49768965,3.61525905,3.4878922,14058341,50762157.97,0.6334,-2.9891,2219504421.0,7763137641.460942,2026-07-14
2024-06-21,sh.600869,远东股份,3.4878922,3.47809475,3.53687945,3.47809475,10308625,36814018.81,0.4645,-0.5602,2219294941.0,7718918082.99366,2026-07-14
2024-06-24,sh.600869,远东股份,3.43890495,3.3703228,3.45849985,3.34093045,16227825,56321199.5,0.7312,-3.0986,2219341493.0,7479897234.84394,2026-07-14
2024-06-25,sh.600869,远东股份,3.36052535,3.3507279,3.39971515,3.331133,12250900,42026679.0,0.552,-0.5814,2219365942.0,7436491382.169182,2026-07-14
2024-06-26,sh.600869,远东股份,3.3703228,3.45849985,3.45849985,3.3115381,13854925,47892432.0,0.6243,3.2164,2219273586.0,7675357364.289962,2026-07-14
2024-06-27,sh.600869,远东股份,3.4487024,3.3703228,3.4487024,3.36052535,10613100,36804294.0,0.4782,-2.5496,2219385194.0,7480044521.320622,2026-07-14
2024-06-28,sh.600869,远东股份,3.36052535,3.41931005,3.47809475,3.3507279,14637458,51377713.9,0.6595,1.4535,2219478089.0,7589083735.472494,2026-07-14
2024-07-01,sh.600869,远东股份,3.4095126,3.49768965,3.5074871,3.4095126,13474571,47596746.47,0.6071,2.2923,2219497776.0,7763114399.313218,2026-07-14
2024-07-02,sh.600869,远东股份,3.527082,3.4878922,3.53687945,3.4682973,13495523,48319323.11,0.6081,-0.2801,2219293373.0,7740656045.198391,2026-07-14
2024-07-03,sh.600869,远东股份,3.4878922,3.4487024,3.5074871,3.43890495,11457846,40517997.92,0.5163,-1.1236,2219222545.0,7653438117.075608,2026-07-14
2024-07-04,sh.600869,远东股份,3.4291075,3.3899177,3.45849985,3.3703228,9630600,33509337.0,0.4339,-1.7045,2219543674.0,7524070386.415629,2026-07-14
2024-07-05,sh.600869,远东股份,3.39971515,3.4095126,3.4291075,3.34093045,9023768,31238528.83,0.4066,0.578,2219323168.0,7566810304.767917,2026-07-14
2024-07-08,sh.600869,远东股份,3.38012025,3.28214575,3.3899177,3.26255085,15170254,51225389.53,0.6835,-3.7356,2219495830.0,7284708805.577223,2026-07-14
2024-07-09,sh.600869,远东股份,3.28214575,3.24295595,3.30174065,3.135184,27279387,89561247.95,1.2292,-1.194,2219279775.0,7197026551.050911,2026-07-14
2024-07-10,sh.600869,远东股份,2.96862735,2.9196401,3.06660185,2.9196401,25766395,77207024.27,1.161,-9.9698,2219327735.0,6479638250.148173,2026-07-14
2024-07-11,sh.600869,远东股份,2.85105795,2.92943755,3.0568044,2.85105795,54358689,162820611.17,2.4493,0.3356,2219356102.0,6501465102.02043,2026-07-14
2024-07-12,sh.600869,远东股份,2.9588299,2.83146305,2.9588299,2.8216656,38389532,112809090.65,1.7298,-3.3445,2219304659.0,6283879138.65135,2026-07-14
2024-07-15,sh.600869,远东股份,2.8216656,2.71389365,2.83146305,2.6453115,51709107,143785671.71,2.3299,-4.1522,2219370230.0,6023134774.19604,2026-07-14
2024-07-16,sh.600869,远东股份,2.743286,2.6257166,2.79227325,2.6061217,44849694,122248837.09,2.0208,-3.2491,2219402910.0,5827523062.875306,2026-07-14
2024-07-17,sh.600869,远东股份,2.7040962,2.89024775,2.89024775,2.69429875,66218380,189096523.54,2.9837,10.0746,2219337735.0,6414435895.073846,2026-07-14
2024-07-18,sh.600869,远东股份,2.9196401,2.87065285,2.94903245,2.77267835,70642244,205572749.86,3.183,-0.678,2219360478.0,6371013481.3480625,2026-07-14
2024-07-19,sh.600869,远东股份,2.87065285,2.8804503,2.9196401,2.8020707,41681163,121909910.7,1.8781,0.3413,2219326074.0,6392658455.651122,2026-07-14
2024-07-22,sh.600869,远东股份,2.8804503,2.8412605,2.8804503,2.81186815,33067800,95916333.0,1.49,-1.3605,2219315436.0,6305653285.347078,2026-07-14
2024-07-23,sh.600869,远东股份,2.9000452,2.92943755,2.98822225,2.8608554,63802646,190212822.08,2.8748,3.1034,2219376861.0,6501525914.21453,2026-07-14
2024-07-24,sh.600869,远东股份,2.85105795,3.22336105,3.22336105,2.83146305,82216347,259021423.19,3.7045,10.0334,2219364206.0,7153812137.384576,2026-07-14
2024-07-25,sh.600869,远东股份,3.1743738,3.45849985,3.5466769,3.12538655,144330774,497113527.62,6.5033,7.2948,2219346701.0,7675610232.5064945,2026-07-14
2024-07-26,sh.600869,远东股份,3.28857543,3.67840656,3.72838491,3.24859275,127232073,450799565.58,5.7328,6.3584,2219370517.0,8163747068.803391,2026-07-14
2024-07-29,sh.600869,远东股份,3.67840656,3.80835027,3.91830264,3.60843687,117642775,442516528.54,5.3008,3.5326,2219340005.0,8452024107.263552,2026-07-14
2024-07-30,sh.600869,远东股份,3.6983979,3.81834594,3.97827666,3.67840656,91862457,356280313.18,4.1392,0.2625,2219328783.0,8474165048.093191,2026-07-14
2024-07-31,sh.600869,远东股份,3.80835027,3.68840223,3.83833728,3.60843687,109144202,403871949.04,4.9178,-3.4031,2219370491.0,8185931068.200595,2026-07-14
2024-08-01,sh.600869,远东股份,3.74837625,3.57844986,3.80835027,3.51847584,81901743,298765942.54,3.6903,-2.981,2219378994.0,7941936450.366241,2026-07-14
2024-08-02,sh.600869,远东股份,3.5984412,3.52847151,3.68840223,3.4984845,57063100,204447057.0,2.5712,-1.3966,2219317828.0,7830799727.733081,2026-07-14
2024-08-05,sh.600869,远东股份,3.52847151,3.33855378,3.53846718,3.32855811,68495340,233833813.0,3.0863,-5.3824,2219335126.0,7409369673.994076,2026-07-14
2024-08-06,sh.600869,远东股份,3.36854079,3.40852347,3.44850615,3.35854512,38732135,131872895.3,1.7452,2.0958,2219352223.0,7564714140.292173,2026-07-14
2024-08-07,sh.600869,远东股份,3.42851481,3.45850182,3.47849316,3.37853646,29370800,100859684.0,1.3234,1.4663,2219344114.0,7675605657.475287,2026-07-14
2024-08-08,sh.600869,远东股份,3.41851914,3.41851914,3.44850615,3.34854945,24601102,83647400.8,1.1085,-1.1561,2219314569.0,7586769331.80735,2026-07-14
2024-08-09,sh.600869,远东股份,3.42851481,3.42851481,3.51847584,3.3985278,38851400,134123545.0,1.7506,0.2924,2219319091.0,7608968371.609238,2026-07-14
2024-08-12,sh.600869,远东股份,3.40852347,3.44850615,3.51847584,3.40852347,27495600,95122579.0,1.2389,0.5831,2219355880.0,7653462401.218662,2026-07-14
2024-08-13,sh.600869,远东股份,3.44850615,3.51847584,3.6983979,3.43851048,64225250,228520598.47,2.8939,2.029,2219332043.0,7808666174.23334,2026-07-14
2024-08-14,sh.600869,远东股份,3.50848017,3.44850615,3.51847584,3.42851481,28787422,99614524.68,1.2971,-1.9886,2219367975.0,7653504110.900546,2026-07-14
2024-08-15,sh.600869,远东股份,3.44850615,3.53846718,3.60843687,3.38853213,37265506,130502422.14,1.6791,2.6087,2219373831.0,7853181461.144366,2026-07-14
2024-08-16,sh.600869,远东股份,3.52847151,3.76836759,3.88831563,3.51847584,98185414,369428354.98,4.4241,6.4972,2219330802.0,8363254265.745507,2026-07-14
2024-08-19,sh.600869,远东股份,3.74837625,3.65841522,3.7983546,3.62842821,48604000,179688524.0,2.19,-2.9178,2219360731.0,8119343076.960726,2026-07-14
2024-08-20,sh.600869,远东股份,3.67840656,3.66841089,3.71838924,3.58844553,33447900,121809645.0,1.5071,0.2732,2219355053.0,8141506245.201727,2026-07-14
2024-08-21,sh.600869,远东股份,3.60843687,3.7983546,3.82834161,3.60843687,47440050,177994297.5,2.1376,3.5422,2219313716.0,8429740462.011694,2026-07-14
2024-08-22,sh.600869,远东股份,3.81834594,3.58844553,3.82834161,3.54846285,41603100,152368146.0,1.8746,-5.5263,2219305452.0,7963856728.93403,2026-07-14
2024-08-23,sh.600869,远东股份,3.58844553,3.74837625,3.83833728,3.4984845,45004100,165076816.0,2.0278,4.4568,2219355952.0,8318981140.772941,2026-07-14
2024-08-26,sh.600869,远东股份,3.73838058,3.66841089,3.73838058,3.57844986,28096588,102922524.84,1.266,-2.1333,2219319747.0,8141376728.286845,2026-07-14
2024-08-27,sh.600869,远东股份,3.67840656,3.56845419,3.68840223,3.4984845,30674200,109621234.0,1.3821,-2.7248,2219390782.0,7919794335.275277,2026-07-14
2024-08-28,sh.600869,远东股份,3.55845852,3.56845419,3.65841522,3.52847151,18775900,67347038.0,0.846,0.0,2219373522.0,7919732743.755958,2026-07-14
2024-08-29,sh.600869,远东股份,3.54846285,3.66841089,3.70839357,3.50848017,26832250,97775555.5,1.209,2.8011,2219375517.0,8141581315.5621805,2026-07-14
2024-08-30,sh.600869,远东股份,3.66841089,3.72838491,3.78835893,3.64841955,34673400,129606994.0,1.5623,1.6349,2219381681.0,8274709168.970834,2026-07-14
2024-09-02,sh.600869,远东股份,3.73838058,3.6983979,3.90830697,3.66841089,43704808,165617108.32,1.9693,-0.8043,2219306759.0,8207879456.941405,2026-07-14
2024-09-03,sh.600869,远东股份,3.68840223,3.87831996,3.95828532,3.68840223,56461317,218716410.09,2.544,4.8649,2219391392.0,8607509934.645784,2026-07-14
2024-09-04,sh.600869,远东股份,3.83833728,3.78835893,3.86832429,3.75837192,30985304,117770211.08,1.3961,-2.3196,2219418666.0,8407954522.749787,2026-07-14
2024-09-05,sh.600869,远东股份,3.81834594,3.75837192,3.86832429,3.73838058,19141800,72360989.0,0.8625,-0.7916,2219339130.0,8341101867.14923,2026-07-14
2024-09-06,sh.600869,远东股份,3.76836759,3.74837625,3.76836759,3.71838924,16804700,62809653.0,0.7572,-0.266,2219321183.0,8318850813.479104,2026-07-14
2024-09-09,sh.600869,远东股份,3.6983979,3.68840223,3.74837625,3.61843254,20259400,74404683.0,0.9129,-1.6,2219235404.0,8185432813.008551,2026-07-14
2024-09-10,sh.600869,远东股份,3.70839357,3.67840656,3.72838491,3.62842821,13727972,50340485.36,0.6186,-0.271,2219200129.0,8163120312.466446,2026-07-14
2024-09-11,sh.600869,远东股份,3.67840656,3.68840223,3.71838924,3.64841955,11315400,41678378.0,0.5099,0.2717,2219141008.0,8185084642.591647,2026-07-14
2024-09-12,sh.600869,远东股份,3.70839357,3.70839357,3.7983546,3.70839357,13402300,50181172.0,0.6039,0.542,2219291273.0,8230005486.750315,2026-07-14
2024-09-13,sh.600869,远东股份,3.68840223,3.61843254,3.72838491,3.5984412,20056208,73149455.96,0.9037,-2.4259,2219343587.0,8030545052.641121,2026-07-14
2024-09-18,sh.600869,远东股份,3.61843254,3.52847151,3.62842821,3.4984845,15290308,54251568.48,0.689,-2.4862,2219202903.0,7830394218.1447935,2026-07-14
2024-09-19,sh.600869,远东股份,3.56845419,3.53846718,3.5984412,3.45850182,23882099,84234949.52,1.0761,0.2833,2219319673.0,7852989824.838832,2026-07-14
2024-09-20,sh.600869,远东股份,3.52847151,3.51847584,3.53846718,3.47849316,10815400,38005376.0,0.4873,-0.565,2219454135.0,7809095751.985598,2026-07-14
2024-09-23,sh.600869,远东股份,3.51847584,3.45850182,3.56845419,3.44850615,15096900,52788765.0,0.6802,-1.7045,2219479565.0,7676074115.005308,2026-07-14
2024-09-24,sh.600869,远东股份,3.48848883,3.61843254,3.64841955,3.47849316,28795900,102711327.0,1.2975,4.6243,2219337187.0,8030521894.672865,2026-07-14
2024-09-25,sh.600869,远东股份,3.63842388,3.67840656,3.87831996,3.62842821,41189400,154896054.0,1.8559,1.6575,2219376044.0,8163767399.356448,2026-07-14
2024-09-26,sh.600869,远东股份,3.67840656,3.74837625,3.76836759,3.61843254,32796002,121064840.48,1.4777,1.9022,2219395141.0,8319128035.889802,2026-07-14
2024-09-27,sh.600869,远东股份,3.81834594,3.86832429,3.87831996,3.73838058,31418902,120181415.66,1.4157,3.2,2219319206.0,8585046391.833314,2026-07-14
2024-09-30,sh.600869,远东股份,3.998268,4.25815542,4.25815542,3.998268,76025666,317180095.05,3.4256,10.0775,2219338685.0,9450289050.348421,2026-07-14
2024-10-08,sh.600869,远东股份,4.67797356,4.61799954,4.68796923,4.2981381,85606474,392071259.35,3.8573,8.4507,2219336686.0,10248895795.053123,2026-07-14
2024-10-09,sh.600869,远东股份,4.62799521,4.42808181,4.70796057,4.37810346,76021570,349605735.0,3.4254,-4.1126,2219348689.0,9827457559.808247,2026-07-14
2024-10-10,sh.600869,远东股份,4.44807315,4.37810346,4.5980082,4.35811212,45856075,204962430.73,2.0662,-1.1287,2219343481.0,9716515373.094545,2026-07-14
2024-10-11,sh.600869,远东股份,4.3980948,4.11821604,4.40809047,4.00826367,39600700,165072005.0,1.7843,-5.9361,2219396962.0,9139956168.035671,2026-07-14
2024-10-14,sh.600869,远东股份,4.12821171,4.3980948,4.41808614,4.08822903,47310800,202040962.0,2.1317,6.7961,2219392973.0,9761100693.70784,2026-07-14
2024-10-15,sh.600869,远东股份,4.38809913,4.21817274,4.45806882,4.20817707,32976395,142755161.3,1.4859,-4.0909,2219287637.0,9361338612.612415,2026-07-14
2024-10-16,sh.600869,远东股份,4.13820738,4.18818573,4.22816841,4.12821171,30057902,125537638.36,1.3544,-0.7109,2219278057.0,9294748689.229527,2026-07-14
2024-10-17,sh.600869,远东股份,4.18818573,4.17819006,4.38809913,4.16819439,33212400,141124302.98,1.4965,-0.2387,2219338456.0,9272817876.634949,2026-07-14
2024-10-18,sh.600869,远东股份,4.1981814,4.47806016,4.58801253,4.18818573,76697060,340344174.07,3.4558,7.177,2219372070.0,9938481646.883732,2026-07-14
2024-10-21,sh.600869,远东股份,4.47806016,4.68796923,4.71795624,4.42808181,61080300,282203486.0,2.7522,4.6875,2219326357.0,10404133672.943996,2026-07-14
2024-10-22,sh.600869,远东股份,4.63799088,5.15776572,5.15776572,4.56802119,129312749,646573090.72,5.8266,10.0213,2219351749.0,11446896371.614244,2026-07-14
2024-10-23,sh.600869,远东股份,5.27771376,5.22773541,5.67754056,5.13777438,159623916,854651963.84,7.1924,1.3566,2219341472.0,11602130000.055923,2026-07-14
2024-10-24,sh.600869,远东股份,5.16776139,5.48762283,5.64755355,5.16776139,110242257,599281422.45,4.9673,4.9713,2219359753.0,12179009248.545961,2026-07-14
2024-10-25,sh.600869,远东股份,5.85746262,6.03738468,6.03738468,5.82747561,159716970,956067836.91,7.1966,10.0182,2219339271.0,13399004914.457767,2026-07-14
2024-10-28,sh.600869,远东股份,6.16732839,5.91743664,6.2972721,5.74751025,173022824,1028128239.05,7.7961,-1.9868,2219351009.0,13132868977.67757,2026-07-14
2024-10-29,sh.600869,远东股份,5.87745396,5.32769211,5.87745396,5.32769211,215453112,1161976272.45,9.7079,-9.9662,2219358584.0,11824059217.237572,2026-07-14
2024-10-30,sh.600869,远东股份,5.20774407,5.12777871,5.33768778,5.08779603,117359340,608771931.28,5.288,-3.7523,2219352118.0,11380346540.67381,2026-07-14
2024-10-31,sh.600869,远东股份,5.12777871,5.28770943,5.2977051,5.0977917,80675728,421097862.17,3.6351,3.1189,2219353745.0,11735297725.942314,2026-07-14
2024-11-01,sh.600869,远东股份,5.23773108,5.02782201,5.23773108,5.00783067,69930192,357364761.12,3.1509,-4.9149,2219371989.0,11158607334.671679,2026-07-14
2024-11-04,sh.600869,远东股份,5.04781335,5.21773974,5.23773108,5.04781335,49333525,254182302.22,2.2229,3.7773,2219331729.0,11579895358.64621,2026-07-14
2024-11-05,sh.600869,远东股份,5.23773108,5.25772242,5.33768778,5.10778737,55950140,292635366.12,2.521,0.7663,2219362951.0,11668794345.590063,2026-07-14
2024-11-06,sh.600869,远东股份,5.25772242,5.28770943,5.47762716,5.1977484,61372700,328828109.0,2.7653,0.5703,2219386685.0,11735471903.090939,2026-07-14
2024-11-07,sh.600869,远东股份,5.28770943,5.50761417,5.62756221,5.23773108,81828270,449036486.4,3.687,4.1588,2219372661.0,12223448316.234207,2026-07-14
2024-11-08,sh.600869,远东股份,5.55759252,5.41765314,5.67754056,5.3976618,57519710,317114339.28,2.5917,-1.6334,2219381487.0,12023839081.903418,2026-07-14
2024-11-11,sh.600869,远东股份,5.34768345,5.44764015,5.47762716,5.2977051,44671118,241226569.92,2.0128,0.5535,2219352047.0,12090231318.221886,2026-07-14
2024-11-12,sh.600869,远东股份,5.42764881,5.23773108,5.48762283,5.17775706,47917130,254645077.0,2.1591,-3.8532,2219310361.0,11624150853.97572,2026-07-14
2024-11-13,sh.600869,远东股份,5.17775706,5.27771376,5.27771376,5.14777005,32959564,172080501.64,1.4851,0.7634,2219349808.0,11713093019.934958,2026-07-14
2024-11-14,sh.600869,远东股份,5.26771809,5.06780469,5.27771376,5.04781335,30713675,157897346.5,1.3839,-3.9773,2219356529.0,11247265426.44832,2026-07-14
2024-11-15,sh.600869,远东股份,5.06780469,4.92786531,5.13777438,4.91786964,29216550,146758206.0,1.3164,-2.7613,2219427985.0,10937042175.3247,2026-07-14
2024-11-18,sh.600869,远东股份,4.92786531,4.76793459,4.98783933,4.70796057,38107900,184423342.0,1.7171,-3.2454,2219317454.0,10581560455.117334,2026-07-14
2024-11-19,sh.600869,远东股份,4.7979216,4.91786964,4.94785665,4.76793459,33540342,162672107.38,1.5113,3.1447,2219304043.0,10914247974.998955,2026-07-14
2024-11-20,sh.600869,远东股份,4.90787397,4.92786531,4.95785232,4.84789995,23962350,117349664.5,1.0797,0.2033,2219352598.0,10936670678.342575,2026-07-14
2024-11-21,sh.600869,远东股份,4.91786964,4.87788696,4.95785232,4.81791294,24315950,119026879.13,1.0956,-1.0142,2219418583.0,10826072964.797377,2026-07-14
2024-11-22,sh.600869,远东股份,4.87788696,4.63799088,4.87788696,4.5980082,34285425,162606639.5,1.5448,-4.918,2219408661.0,10293597128.711012,2026-07-14
2024-11-25,sh.600869,远东股份,4.66797789,4.68796923,4.6979649,4.55802552,24091600,111639351.0,1.0855,1.0776,2219401198.0,10404484525.249138,2026-07-14
2024-11-26,sh.600869,远东股份,4.67797356,4.61799954,4.72795191,4.60800387,18677000,86943317.0,0.8416,-1.4925,2219225285.0,10248381345.286367,2026-07-14
2024-11-27,sh.600869,远东股份,4.60800387,4.82790861,4.84789995,4.51804284,40904591,191940208.42,1.8431,4.5455,2219336498.0,10714753787.181448,2026-07-14
2024-11-28,sh.600869,远东股份,4.7979216,4.87788696,4.95785232,4.75793892,43023600,209395671.0,1.9386,1.0352,2219312906.0,10825557484.337105,2026-07-14
2024-11-29,sh.600869,远东股份,4.8978783,5.08779603,5.21773974,4.85789562,64503617,326441471.44,2.9064,4.3033,2219364747.0,11291675148.908554,2026-07-14
2024-12-02,sh.600869,远东股份,5.11778304,5.23773108,5.27771376,5.05780902,47259630,243996484.8,2.1294,2.947,2219387151.0,11624553059.345352,2026-07-14
2024-12-03,sh.600869,远东股份,5.32769211,5.14777005,5.32769211,5.08779603,38099000,196703023.0,1.7167,-1.7176,2219316130.0,11424529105.495907,2026-07-14
2024-12-04,sh.600869,远东股份,5.07780036,5.03781768,5.12777871,5.00783067,28283500,142755126.0,1.2744,-2.1359,2219358129.0,11180721620.52792,2026-07-14
2024-12-05,sh.600869,远东股份,5.02782201,5.0977917,5.11778304,4.98783933,20973265,106244723.85,0.945,1.1905,2219393122.0,11314003836.368689,2026-07-14
2024-12-06,sh.600869,远东股份,5.05780902,5.07780036,5.10778737,4.97784366,23212200,117332887.0,1.0459,-0.3922,2219351754.0,11269425135.427832,2026-07-14
2024-12-09,sh.600869,远东股份,5.07780036,4.95785232,5.0977917,4.90787397,30157727,150093471.89,1.3589,-2.3622,2219274928.0,11002837350.502632,2026-07-14
2024-12-10,sh.600869,远东股份,5.03781768,4.90787397,5.0977917,4.8978783,32951200,164714261.0,1.4847,-1.0081,2219384387.0,10892458862.381706,2026-07-14
2024-12-11,sh.600869,远东股份,4.90787397,4.997835,5.05780902,4.8978783,24729100,123761012.0,1.1142,1.833,2219448932.0,11092439553.06222,2026-07-14
2024-12-12,sh.600869,远东股份,5.00783067,4.97784366,5.01782634,4.91786964,19932060,99014396.4,0.8981,-0.4,2219358646.0,11047620365.257284,2026-07-14
2024-12-13,sh.600869,远东股份,4.96784799,4.85789562,5.04781335,4.85789562,31108539,152934645.56,1.4017,-2.4096,2219343583.0,10781339471.130806,2026-07-14
2024-12-16,sh.600869,远东股份,4.86789129,4.83790428,4.8978783,4.78792593,18467300,89303375.0,0.8321,-0.4115,2219360654.0,10737054406.850199,2026-07-14
2024-12-17,sh.600869,远东股份,4.83790428,4.75793892,4.86789129,4.74794325,19558805,93884439.1,0.8813,-1.6529,2219312947.0,10559355446.191196,2026-07-14
2024-12-18,sh.600869,远东股份,4.78792593,4.74794325,4.7979216,4.72795191,12807600,60990001.0,0.5771,-0.2101,2219303414.0,10537126664.203255,2026-07-14
2024-12-19,sh.600869,远东股份,4.70796057,4.78792593,4.80791727,4.66797789,16953700,80300432.0,0.7639,0.8421,2219361173.0,10626136908.241917,2026-07-14
2024-12-20,sh.600869,远东股份,4.78792593,4.80791727,5.00783067,4.71795624,35813139,173709681.59,1.6137,0.4175,2219318275.0,10670298661.99911,2026-07-14
2024-12-23,sh.600869,远东股份,4.83790428,4.82790861,5.07780036,4.77793026,54919354,270230503.93,2.4746,0.4158,2219322476.0,10714686090.246918,2026-07-14
2024-12-24,sh.600869,远东股份,4.7979216,4.81791294,4.97784366,4.74794325,34820227,168409766.06,1.5689,-0.207,2219403850.0,10692894528.00082,2026-07-14
2024-12-25,sh.600869,远东股份,4.81791294,4.67797356,4.83790428,4.64798655,25675902,120819053.34,1.1569,-2.9046,2219370905.0,10382158413.423271,2026-07-14
2024-12-26,sh.600869,远东股份,4.67797356,5.04781335,5.11778304,4.64798655,59748720,295116973.0,2.6922,7.906,2219326945.0,11202748180.985716,2026-07-14
2024-12-27,sh.600869,远东股份,4.95785232,5.13777438,5.18775273,4.87788696,59457945,300975678.8,2.6791,1.7822,2219325333.0,11402392836.772367,2026-07-14
2024-12-30,sh.600869,远东股份,5.14777005,5.10778737,5.43764448,5.07780036,68891124,359900701.97,3.1041,-0.5837,2219359041.0,11336014079.11511,2026-07-14
2024-12-31,sh.600869,远东股份,5.10778737,4.74794325,5.15776572,4.73794758,52570600,258212162.0,2.3687,-7.045,2219386161.0,10537519542.263363,2026-07-14
2025-01-02,sh.600869,远东股份,4.73794758,4.57801686,4.81791294,4.53803418,38847000,181339061.0,1.7504,-3.5789,2219321298.0,10160090320.001083,2026-07-14
2025-01-03,sh.600869,远东股份,4.62799521,4.46806449,4.65798222,4.43807748,26868500,122514421.0,1.2106,-2.4017,2219436643.0,9916586052.393106,2026-07-14
2025-01-06,sh.600869,远东股份,4.46806449,4.43807748,4.55802552,4.36810779,23704450,105774205.5,1.0681,-0.6711,2219309990.0,9849469687.758024,2026-07-14
2025-01-07,sh.600869,远东股份,4.42808181,4.58801253,4.61799954,4.3980948,28217500,127355044.0,1.2714,3.3784,2219403807.0,10182652475.645702,2026-07-14
2025-01-08,sh.600869,远东股份,4.55802552,4.44807315,4.56802119,4.2981381,35352600,156162018.0,1.5929,-3.0501,2219386025.0,9871991387.28773,2026-07-14
2025-01-09,sh.600869,远东股份,4.3980948,4.3980948,4.51804284,4.3980948,19763600,88066591.0,0.8905,-1.1236,2219382369.0,9761054056.310581,2026-07-14
2025-01-10,sh.600869,远东股份,4.37810346,4.27814676,4.44807315,4.27814676,20508413,88981433.77,0.9241,-2.7273,2219285034.0,9494427077.72359,2026-07-14
2025-01-13,sh.600869,远东股份,4.26815109,4.20817707,4.26815109,4.14820305,21011700,88241312.0,0.9467,-1.6355,2219467624.0,9339912762.924181,2026-07-14
2025-01-14,sh.600869,远东股份,4.21817274,4.34811645,4.35811212,4.18818573,23455500,100856484.0,1.0569,3.3254,2219273347.0,9649658947.137259,2026-07-14
2025-01-15,sh.600869,远东股份,4.34811645,4.35811212,4.42808181,4.23816408,23041900,99752490.0,1.0382,0.2299,2219408592.0,9672431484.027336,2026-07-14
2025-01-16,sh.600869,远东股份,4.36810779,4.3980948,4.51804284,4.33812078,19280420,85347456.3,0.8687,0.9174,2219456659.0,9761380790.773273,2026-07-14
2025-01-17,sh.600869,远东股份,4.38809913,4.47806016,4.4980515,4.34811645,16803842,74504521.48,0.7572,1.8182,2219207871.0,9937746353.88352,2026-07-14
2025-01-20,sh.600869,远东股份,4.4980515,4.92786531,4.92786531,4.4980515,54742850,263897914.5,2.4666,10.0446,2219364713.0,10936730379.430805,2026-07-14
2025-01-21,sh.600869,远东股份,4.98783933,4.90787397,5.05780902,4.86789129,74176930,367965007.82,3.3423,-0.4057,2219337881.0,10892230616.794857,2026-07-14
2025-01-22,sh.600869,远东股份,4.87788696,4.78792593,4.92786531,4.70796057,45396600,217781703.0,2.0455,-2.444,2219340015.0,10626035605.30509,2026-07-14
2025-01-23,sh.600869,远东股份,4.81791294,4.72795191,4.87788696,4.72795191,34585600,165238942.0,1.5584,-1.2526,2219301848.0,10492752411.11813,2026-07-14
2025-01-24,sh.600869,远东股份,4.70796057,4.77793026,4.81791294,4.70796057,34288100,163956213.0,1.545,1.0571,2219294498.0,10603634337.845709,2026-07-14
2025-01-27,sh.600869,远东股份,4.82790861,4.67797356,4.84789995,4.54802985,44511581,208183950.89,2.0056,-2.0921,2219364828.0,10382129985.377947,2026-07-14
2025-02-05,sh.600869,远东股份,4.4980515,4.56802119,4.64798655,4.44807315,32402800,147455348.0,1.46,-2.3504,2219369863.0,10138128562.631395,2026-07-14
2025-02-06,sh.600869,远东股份,4.62799521,4.5980082,4.64798655,4.52803851,24748506,113469700.46,1.1151,0.6565,2219397902.0,10204809752.458796,2026-07-14
2025-02-07,sh.600869,远东股份,4.5980082,4.57801686,4.67797356,4.53803418,36600200,168775965.0,1.6491,-0.4348,2219404524.0,10160471330.032274,2026-07-14
2025-02-10,sh.600869,远东股份,4.5980082,4.58801253,4.64798655,4.54802985,28973911,132758564.68,1.3055,0.2183,2219372731.0,10182509898.56832,2026-07-14
2025-02-11,sh.600869,远东股份,4.56802119,4.55802552,4.58801253,4.4980515,23953958,108592170.16,1.0793,-0.6536,2219397573.0,10116070776.760063,2026-07-14
2025-02-12,sh.600869,远东股份,4.54802985,4.64798655,4.71795624,4.52803851,36062187,167019503.51,1.6249,1.9737,2219348083.0,10315500039.552282,2026-07-14
2025-02-13,sh.600869,远东股份,4.62799521,4.63799088,4.73794758,4.54802985,37312982,172624172.3,1.6813,-0.2151,2219293523.0,10293063119.717072,2026-07-14
2025-02-14,sh.600869,远东股份,4.61799954,4.55802552,4.72795191,4.52803851,28613102,131390501.08,1.2893,-1.7241,2219274180.0,10115508348.317074,2026-07-14
2025-02-17,sh.600869,远东股份,4.53803418,4.53803418,4.57801686,4.47806016,28815600,130546525.0,1.2984,-0.4386,2219316081.0,10071332231.80165,2026-07-14
2025-02-18,sh.600869,远东股份,4.54802985,4.42808181,4.56802119,4.3980948,27461400,122925269.0,1.2374,-2.4229,2219282366.0,9827163876.138363,2026-07-14
2025-02-19,sh.600869,远东股份,4.42808181,4.47806016,4.53803418,4.3980948,21102900,94588164.0,0.9509,1.1287,2219255442.0,9937959379.683392,2026-07-14
2025-02-20,sh.600869,远东股份,4.47806016,4.41808614,4.48805583,4.40809047,24767504,109776653.68,1.116,-1.3393,2219310394.0,9805104492.089338,2026-07-14
2025-02-21,sh.600869,远东股份,4.43807748,4.85789562,4.85789562,4.41808614,88588986,418236388.76,3.9917,9.9548,2219329759.0,10781272315.581755,2026-07-14
2025-02-24,sh.600869,远东股份,4.7979216,4.77793026,4.86789129,4.70796057,88349824,422308050.48,3.9809,-1.6461,2219342963.0,10603865900.23576,2026-07-14
2025-02-25,sh.600869,远东股份,4.72795191,4.71795624,4.80791727,4.62799521,39869000,188569868.0,1.7964,-1.2552,2219383211.0,10470952869.288687,2026-07-14
2025-02-26,sh.600869,远东股份,4.72795191,4.81791294,4.83790428,4.6979649,45013102,215782801.6,2.0282,2.1186,2219362094.0,10692693351.228096,2026-07-14
2025-02-27,sh.600869,远东股份,4.82790861,4.82790861,4.91786964,4.71795624,43769400,210795695.0,1.9722,0.2075,2219318528.0,10714667029.663725,2026-07-14
2025-02-28,sh.600869,远东股份,4.82790861,4.98783933,5.02782201,4.73794758,101962686,502163325.47,4.5943,3.3126,2219330170.0,11069662308.181585,2026-07-14
2025-03-03,sh.600869,远东股份,4.997835,4.73794758,5.12777871,4.72795191,112431555,555231214.78,5.066,-5.01,2219335867.0,10515097000.259851,2026-07-14
2025-03-04,sh.600869,远东股份,4.74794325,4.78792593,4.87788696,4.72795191,49885435,238760136.88,2.2477,1.0549,2219399164.0,10626318806.335922,2026-07-14
2025-03-05,sh.600869,远东股份,4.75793892,4.82790861,4.91786964,4.72795191,40957781,196826705.18,1.8455,0.8351,2219332484.0,10714734407.956287,2026-07-14
2025-03-06,sh.600869,远东股份,4.82790861,4.93786098,4.96784799,4.76793459,55679747,271898317.58,2.5088,2.2774,2219377671.0,10958978401.514177,2026-07-14
2025-03-07,sh.600869,远东股份,4.92786531,4.88788263,4.96784799,4.84789995,42743341,209305345.14,1.9259,-1.0121,2219395659.0,10848145490.723503,2026-07-14
2025-03-10,sh.600869,远东股份,4.92786531,4.88788263,5.05780902,4.86789129,37033854,182878963.82,1.6687,0.0,2219323665.0,10847793592.501438,2026-07-14
2025-03-11,sh.600869,远东股份,4.86789129,4.85789562,4.8978783,4.7979216,26593393,128678400.4,1.1982,-0.6135,2219445251.0,10781833363.6627,2026-07-14
2025-03-12,sh.600869,远东股份,4.86789129,5.04781335,5.18775273,4.86789129,78118362,395568447.24,3.5199,3.9095,2219334697.0,11202787311.634806,2026-07-14
2025-03-13,sh.600869,远东股份,5.01782634,5.22773541,5.54759685,5.01782634,121143220,635610301.06,5.4585,3.5644,2219350005.0,11602174608.322178,2026-07-14
2025-03-14,sh.600869,远东股份,5.16776139,5.17775706,5.27771376,5.05780902,65055841,335903393.81,2.9313,-0.956,2219351175.0,11491261214.975546,2026-07-14
2025-03-17,sh.600869,远东股份,5.20774407,5.08779603,5.23773108,5.05780902,45547219,232606749.02,2.0523,-1.7375,2219325586.0,11291475905.728224,2026-07-14
2025-03-18,sh.600869,远东股份,5.07780036,5.07780036,5.0977917,5.00783067,34916254,176195469.13,1.5733,-0.1965,2219300451.0,11269164629.035963,2026-07-14
2025-03-19,sh.600869,远东股份,5.05780902,4.98783933,5.07780036,4.94785665,31452109,157280538.15,1.4172,-1.7717,2219313364.0,11069578482.553806,2026-07-14
2025-03-20,sh.600869,远东股份,5.04781335,5.03781768,5.10778737,5.00783067,41095800,208114573.0,1.8517,1.002,2219355187.0,11180706799.268307,2026-07-14
2025-03-21,sh.600869,远东股份,4.997835,5.06780469,5.32769211,4.93786098,93020508,481033899.69,4.1913,0.5952,2219371269.0,11247340125.889452,2026-07-14
2025-03-24,sh.600869,远东股份,5.16776139,5.12777871,5.18775273,4.83790428,77499163,388837147.69,3.492,1.1834,2219334565.0,11380256532.774113,2026-07-14
2025-03-25,sh.600869,远东股份,5.06780469,5.10778737,5.16776139,5.01782634,44605008,227493244.48,2.0098,-0.3899,2219375460.0,11336097943.875938,2026-07-14
2025-03-26,sh.600869,远东股份,5.0977917,5.26771809,5.28770943,5.02782201,73181211,381117004.46,3.2974,3.1311,2219361042.0,11690968309.184649,2026-07-14
2025-03-27,sh.600869,远东股份,5.1977484,5.17775706,5.22773541,5.08779603,52062087,269119639.79,2.3458,-1.7078,2219374499.0,11491381980.981213,2026-07-14
2025-03-28,sh.600869,远东股份,5.10778737,5.02782201,5.16776139,5.02782201,35449667,180228610.34,1.5973,-2.8958,2219349340.0,11158493459.530973,2026-07-14
2025-03-31,sh.600869,远东股份,4.997835,4.87788696,4.997835,4.86789129,29056320,142640453.4,1.3092,-2.9821,2219395050.0,10825958173.483547,2026-07-14
2025-04-01,sh.600869,远东股份,4.92786531,4.8978783,4.95785232,4.85789562,16969100,83227813.0,0.7646,0.4098,2219343448.0,10870074114.206379,2026-07-14
2025-04-02,sh.600869,远东股份,4.94785665,4.8978783,4.997835,4.8978783,17406930,85915824.0,0.7843,0.0,2219422415.0,10870460884.962095,2026-07-14
2025-04-03,sh.600869,远东股份,4.83790428,4.7979216,4.91786964,4.75793892,25090004,121312454.04,1.1305,-2.0408,2219372313.0,10648374358.98466,2026-07-14
2025-04-07,sh.600869,远东股份,4.3980948,4.31812944,4.57801686,4.31812944,29178626,127759181.7,1.3147,-10.0,2219413250.0,9583713694.35108,2026-07-14
2025-04-08,sh.600869,远东股份,4.33812078,4.24815975,4.42808181,4.18818573,34064999,145338195.26,1.5349,-1.6204,2219362760.0,9428207547.68091,2026-07-14
2025-04-09,sh.600869,远东股份,4.20817707,4.25815542,4.28814243,3.93829398,29317100,120749854.0,1.321,0.2353,2219311128.0,9450171708.359512,2026-07-14
2025-04-10,sh.600869,远东股份,4.35811212,4.26815109,4.40809047,4.25815542,29833903,128844375.01,1.3443,0.2347,2219289072.0,9472261071.681889,2026-07-14
2025-04-11,sh.600869,远东股份,4.28814243,4.28814243,4.31812944,4.22816841,18198522,77927678.16,0.82,0.4684,2219331951.0,9516811505.33778,2026-07-14
2025-04-14,sh.600869,远东股份,4.34811645,4.38809913,4.42808181,4.2981381,23451400,102597563.0,1.0567,2.331,2219305385.0,9738532029.122814,2026-07-14
2025-04-15,sh.600869,远东股份,4.40809047,4.34811645,4.40809047,4.31812944,13565008,58941442.72,0.6112,-0.9112,2219405759.0,9650234689.932636,2026-07-14
2025-04-16,sh.600869,远东股份,4.35811212,4.25815542,4.36810779,4.21817274,14452208,61749622.08,0.6512,-2.069,2219319410.0,9450206974.4027,2026-07-14
2025-04-17,sh.600869,远东股份,4.21817274,4.24815975,4.28814243,4.21817274,10136502,43234971.6,0.4567,-0.2347,2219509963.0,9428832889.54059,2026-07-14
2025-04-18,sh.600869,远东股份,4.22816841,4.26815109,4.28814243,4.18818573,10905002,46278713.16,0.4914,0.4706,2219170126.0,9471753392.182337,2026-07-14
2025-04-21,sh.600869,远东股份,4.27814676,4.35811212,4.38809913,4.23816408,15574000,67334647.0,0.7017,2.1077,2219467009.0,9672686071.86305,2026-07-14
2025-04-22,sh.600869,远东股份,4.35811212,4.53803418,4.58801253,4.31812944,32893022,147980220.9,1.4821,4.1284,2219352405.0,10071497071.355204,2026-07-14
2025-04-23,sh.600869,远东股份,4.54802985,4.58801253,4.64798655,4.51804284,27733100,127030594.0,1.2496,1.1013,2219358195.0,10182443207.218184,2026-07-14
2025-04-24,sh.600869,远东股份,4.58801253,4.6979649,4.73794758,4.53803418,31726328,148469944.04,1.4295,2.3965,2219400350.0,10426664943.347713,2026-07-14
2025-04-25,sh.600869,远东股份,4.6979649,4.71795624,4.82790861,4.66797789,31295800,148532612.0,1.4101,0.4255,2219402879.0,10471045662.052015,2026-07-14
2025-04-28,sh.600869,远东股份,4.72795191,4.62799521,4.83790428,4.57801686,42683014,200508544.01,1.9232,-1.9068,2219374688.0,10271255425.259245,2026-07-14
2025-04-29,sh.600869,远东股份,4.62799521,4.54802985,4.66797789,4.53803418,21503613,98846070.28,0.9689,-1.7279,2219384147.0,10093825349.172787,2026-07-14
2025-04-30,sh.600869,远东股份,4.5980082,4.78792593,4.83790428,4.5980082,34229512,163148175.2,1.5423,5.2747,2219380925.0,10626231479.354885,2026-07-14
2025-05-06,sh.600869,远东股份,4.7979216,4.80791727,4.88788263,4.78792593,39436500,190743308.0,1.7769,0.4175,2219398953.0,10670686555.148619,2026-07-14
2025-05-07,sh.600869,远东股份,4.92786531,4.88788263,4.95785232,4.83790428,34457873,168634296.77,1.5526,1.6632,2219365774.0,10847999416.351105,2026-07-14
2025-05-08,sh.600869,远东股份,4.8978783,4.91786964,5.01782634,4.85789562,31317500,154666446.0,1.4111,0.6135,2219367869.0,10914561862.946598,2026-07-14
2025-05-09,sh.600869,远东股份,4.997835,4.87788696,5.08779603,4.83790428,52767100,261651368.0,2.3776,-0.813,2219343035.0,10825704450.193323,2026-07-14
2025-05-12,sh.600869,远东股份,4.87788696,4.91786964,4.96784799,4.87788696,31425100,154816028.0,1.416,0.8197,2219286723.0,10914162797.49679,2026-07-14
2025-05-13,sh.600869,远东股份,5.02782201,4.94785665,5.04781335,4.90787397,27190059,134839590.46,1.2251,0.6098,2219415476.0,10981349622.039516,2026-07-14
2025-05-14,sh.600869,远东股份,4.92786531,4.91786964,4.97784366,4.87788696,24792700,121866889.0,1.1171,-0.6061,2219380539.0,10914624172.354937,2026-07-14
2025-05-15,sh.600869,远东股份,4.8978783,4.84789995,4.8978783,4.81791294,15665718,75914434.07,0.7059,-1.4228,2219254569.0,10758724114.092373,2026-07-14
2025-05-16,sh.600869,远东股份,4.83790428,4.88788263,4.93786098,4.81791294,19386852,94902763.64,0.8735,0.8247,2219444991.0,10848386619.749407,2026-07-14
2025-05-19,sh.600869,远东股份,4.88788263,4.98783933,5.01782634,4.81791294,32825909,162662676.37,1.4791,2.045,2219316409.0,11069593670.524567,2026-07-14
2025-05-20,sh.600869,远东股份,4.997835,4.92786531,4.997835,4.8978783,21155958,104406814.05,0.9532,-1.2024,2219466849.0,10937233691.882107,2026-07-14
2025-05-21,sh.600869,远东股份,4.94785665,4.85789562,4.94785665,4.82790861,19715200,95999535.0,0.8883,-1.4199,2219430373.0,10781761087.891666,2026-07-14
2025-05-22,sh.600869,远东股份,4.81791294,4.77793026,4.87788696,4.75793892,19940600,96112526.0,0.8985,-1.6461,2219321091.0,10603761397.345114,2026-07-14
2025-05-23,sh.600869,远东股份,4.74794325,4.70796057,4.80791727,4.65798222,27307858,129516268.5,1.2304,-1.4644,2219429291.0,10448985589.931055,2026-07-14
2025-05-26,sh.600869,远东股份,4.72795191,4.77793026,4.83790428,4.68796923,35240210,168444286.09,1.5879,1.4862,2219296555.0,10603644166.048254,2026-07-14
2025-05-27,sh.600869,远东股份,4.78792593,4.72795191,4.81791294,4.65798222,26731753,125921371.04,1.2045,-1.046,2219323620.0,10492855348.087114,2026-07-14
2025-05-28,sh.600869,远东股份,4.75793892,4.75793892,4.83790428,4.71795624,36981500,176395698.0,1.6663,0.6342,2219378263.0,10559666215.729696,2026-07-14
2025-05-29,sh.600869,远东股份,4.71795624,5.23773108,5.23773108,4.68796923,93412623,479796672.32,4.209,10.084,2219354312.0,11624381057.494415,2026-07-14
2025-05-30,sh.600869,远东股份,5.27771376,5.04781335,5.32769211,4.94785665,146168446,740853710.08,6.5861,-3.626,2219347505.0,11202851964.028193,2026-07-14
2025-06-03,sh.600869,远东股份,4.98783933,5.08779603,5.11778304,4.91786964,87701280,441629965.91,3.9517,0.7921,2219330415.0,11291500474.695251,2026-07-14
2025-06-04,sh.600869,远东股份,5.03781768,5.06780469,5.23773108,5.02782201,80644714,411035365.81,3.6337,-0.3929,2219355313.0,11247259263.997818,2026-07-14
2025-06-05,sh.600869,远东股份,5.06780469,5.01782634,5.12777871,4.97784366,62321363,313870582.37,2.8081,-0.9862,2219342723.0,11136276372.956724,2026-07-14
2025-06-06,sh.600869,远东股份,5.04781335,4.95785232,5.04781335,4.92786531,36103269,179563384.86,1.6267,-1.1952,2219417778.0,11003545579.706545,2026-07-14
2025-06-09,sh.600869,远东股份,4.96784799,5.05780902,5.16776139,4.96784799,59120800,300021997.0,2.6639,2.0161,2219332558.0,11224960230.232073,2026-07-14
2025-06-10,sh.600869,远东股份,5.03781768,4.96784799,5.08779603,4.91786964,50571200,253349154.0,2.2786,-1.7787,2219397876.0,11025631277.29687,2026-07-14
2025-06-11,sh.600869,远东股份,4.97784366,4.90787397,4.997835,4.8978783,37877389,186878630.99,1.7067,-1.2072,2219334915.0,10892216060.040663,2026-07-14
2025-06-12,sh.600869,远东股份,4.90787397,4.84789995,4.91786964,4.80791727,35192179,170246281.78,1.5857,-1.222,2219346598.0,10759170261.476871,2026-07-14
2025-06-13,sh.600869,远东股份,4.81791294,4.81791294,4.87788696,4.7979216,27388549,132313616.18,1.2341,-0.6186,2219313589.0,10692459658.360943,2026-07-14
2025-06-16,sh.600869,远东股份,4.81791294,4.87788696,4.88788263,4.80791727,23216087,112717383.8,1.0461,1.2448,2219299015.0,10825489725.609344,2026-07-14
2025-06-17,sh.600869,远东股份,4.90787397,4.8978783,4.95785232,4.82790861,28209400,138388940.0,1.2711,0.4098,2219290378.0,10869814183.804998,2026-07-14
2025-06-18,sh.600869,远东股份,4.87788696,4.90787397,4.92786531,4.84789995,21153300,103525339.0,0.9531,0.2041,2219420837.0,10892637754.387913,2026-07-14
2025-06-19,sh.600869,远东股份,4.87788696,4.76793459,4.90787397,4.74794325,27875200,134084117.0,1.256,-2.8513,2219363057.0,10581777887.238441,2026-07-14
2025-06-20,sh.600869,远东股份,4.76793459,4.72795191,4.82790861,4.71795624,15740200,74885735.0,0.7092,-0.8386,2219430344.0,10493359934.026756,2026-07-14
2025-06-23,sh.600869,远东股份,4.68796923,4.7979216,4.84789995,4.63799088,26028800,124099336.0,1.1728,1.4799,2219372442.0,10648374977.916546,2026-07-14
2025-06-24,sh.600869,远东股份,4.77793026,4.91786964,4.91786964,4.74794325,39808400,194179251.0,1.7937,2.5,2219345487.0,10914451791.188314,2026-07-14
2025-06-25,sh.600869,远东股份,4.91786964,4.96784799,4.98783933,4.90787397,35237600,174684104.0,1.5877,1.0163,2219411728.0,11025700091.927227,2026-07-14
2025-06-26,sh.600869,远东股份,4.997835,4.94785665,5.01782634,4.93786098,30744000,153170228.0,1.3853,-0.4024,2219302678.0,10980791513.705109,2026-07-14
2025-06-27,sh.600869,远东股份,5.0977917,5.06780469,5.14777005,5.00783067,47540229,240543510.58,2.1421,2.4242,2219328183.0,11247121774.45658,2026-07-14
2025-06-30,sh.600869,远东股份,5.11778304,5.07780036,5.14777005,5.05780902,40043356,203928110.63,1.8043,0.1972,2219329158.0,11269310397.450897,2026-07-14
2025-07-01,sh.600869,远东股份,5.04781335,5.04781335,5.05780902,4.95785232,35652300,178686175.0,1.6064,-0.5906,2219391185.0,11203072452.51532,2026-07-14
2025-07-02,sh.600869,远东股份,5.0977917,5.06780469,5.10778737,5.03781768,35892848,182120472.3,1.6173,0.396,2219306746.0,11247013135.927439,2026-07-14
2025-07-03,sh.600869,远东股份,5.06780469,5.0977917,5.10778737,5.00783067,28668500,145066485.0,1.2918,0.5917,2219267688.0,11313364399.96459,2026-07-14
2025-07-04,sh.600869,远东股份,5.07780036,5.12777871,5.22773541,5.03781768,43067568,221018661.84,1.9405,0.5882,2219405720.0,11380621399.868221,2026-07-14
2025-07-07,sh.600869,远东股份,5.13777438,5.18775273,5.1977484,5.0977917,33539439,172859287.03,1.5112,1.1696,2219391146.0,11513652476.599327,2026-07-14
2025-07-08,sh.600869,远东股份,5.20774407,5.2977051,5.31769644,5.17775706,56169559,295750066.73,2.5309,2.1195,2219351179.0,11757468059.679314,2026-07-14
2025-07-09,sh.600869,远东股份,5.31769644,5.28770943,5.41765314,5.26771809,64915278,346718261.76,2.925,-0.1887,2219325744.0,11735149664.790565,2026-07-14
2025-07-10,sh.600869,远东股份,5.24772675,5.28770943,5.30770077,5.23773108,33145502,174949662.6,1.4935,0.0,2219317174.0,11735104349.12075,2026-07-14
2025-07-11,sh.600869,远东股份,5.48762283,5.42764881,5.52760551,5.34768345,73360900,397270276.0,3.3055,2.6465,2219358645.0,12045899308.497463,2026-07-14
2025-07-14,sh.600869,远东股份,5.40765747,5.57758386,5.61756654,5.40765747,68905120,382610476.6,3.1047,2.7624,2219380939.0,12378783304.558044,2026-07-14
2025-07-15,sh.600869,远东股份,5.5975752,5.57758386,5.65754922,5.51760984,51212700,286175676.0,2.3076,0.0,2219305772.0,12378364054.31204,2026-07-14
2025-07-16,sh.600869,远东股份,5.5975752,5.58757953,5.71752324,5.53760118,44783738,252026625.18,2.0179,0.1792,2219323951.0,12400649079.046324,2026-07-14
2025-07-17,sh.600869,远东股份,5.56758819,5.56758819,5.61756654,5.52760551,33204667,184899385.39,1.4961,-0.3578,2219414946.0,12356788442.059088,2026-07-14
2025-07-18,sh.600869,远东股份,5.56758819,5.64755355,5.65754922,5.54759685,36026054,201930178.49,1.6233,1.4363,2219309678.0,12533670250.538256,2026-07-14
2025-07-21,sh.600869,远东股份,5.76750159,5.71752324,5.78749293,5.64755355,50000018,286162695.32,2.2529,1.2389,2219362511.0,12689256734.627256,2026-07-14
2025-07-22,sh.600869,远东股份,5.87745396,5.8974453,6.01739334,5.78749293,80766020,476679186.7,3.6392,3.1469,2219334469.0,13088403633.332047,2026-07-14
2025-07-23,sh.600869,远东股份,6.06737169,5.57758386,6.07736736,5.56758819,100249286,574352612.09,4.5171,-5.4237,2219328463.0,12378490615.267406,2026-07-14
2025-07-24,sh.600869,远东股份,5.57758386,5.62756221,5.64755355,5.56758819,52173099,292833068.41,2.3508,0.8961,2219376340.0,12489678420.752111,2026-07-14
2025-07-25,sh.600869,远东股份,5.61756654,5.50761417,5.62756221,5.4976185,45925891,253635542.41,2.0693,-2.1314,2219392597.0,12223558116.0303,2026-07-14
2025-07-28,sh.600869,远东股份,5.51760984,5.57758386,5.61756654,5.48762283,40254840,223699409.58,1.8138,1.2704,2219364869.0,12378693672.785414,2026-07-14
2025-07-29,sh.600869,远东股份,5.55759252,5.65754922,5.67754056,5.50761417,46952500,264088738.34,2.1156,1.4337,2219346757.0,12556063513.97488,2026-07-14
2025-07-30,sh.600869,远东股份,5.65754922,5.56758819,5.66754489,5.53760118,32884192,183363506.44,1.4817,-1.5901,2219355605.0,12356458055.808306,2026-07-14
2025-07-31,sh.600869,远东股份,5.52760551,5.53760118,5.61756654,5.4976185,39813662,221339407.82,1.7939,-0.5386,2219391382.0,12290104335.845032,2026-07-14
2025-08-01,sh.600869,远东股份,5.6975319,5.73751458,5.90744097,5.68753623,87254596,503253713.64,3.9315,3.6101,2219371639.0,12733677137.200996,2026-07-14
2025-08-04,sh.600869,远东股份,5.62756221,5.76750159,5.81747994,5.52760551,59343827,339176053.33,2.6739,0.5226,2219373462.0,12800239970.888805,2026-07-14
2025-08-05,sh.600869,远东股份,5.74751025,5.87745396,5.93742798,5.73751458,53786127,315734566.57,2.4235,1.9064,2219357417.0,13044171039.202023,2026-07-14
2025-08-06,sh.600869,远东股份,5.8974453,5.95741932,5.997402,5.82747561,52084168,309145371.02,2.3468,1.3605,2219369695.0,13221715899.215508,2026-07-14
2025-08-07,sh.600869,远东股份,5.92743231,5.85746262,5.95741932,5.81747994,38787700,227715968.0,1.7477,-1.6779,2219356869.0,12999799900.607737,2026-07-14
2025-08-08,sh.600869,远东股份,5.83747128,5.86745829,5.8974453,5.82747561,22204300,130202180.0,1.0005,0.1706,2219320340.0,13021769527.09862,2026-07-14
2025-08-11,sh.600869,远东股份,5.87745396,6.03738468,6.07736736,5.85746262,53449400,319990053.0,2.4083,2.8961,2219382967.0,13399268724.018745,2026-07-14
2025-08-12,sh.600869,远东股份,6.01739334,5.95741932,6.03738468,5.8974453,34203200,203856413.96,1.5411,-1.3245,2219401726.0,13221906721.313745,2026-07-14
2025-08-13,sh.600869,远东股份,5.94742365,6.08736303,6.0973587,5.93742798,42247142,254578434.76,1.9036,2.1812,2219328746.0,13509859759.81666,2026-07-14
2025-08-14,sh.600869,远东股份,6.07736736,5.87745396,6.20731107,5.82747561,78901814,469489202.17,3.5552,-3.4483,2219335452.0,13044041940.92579,2026-07-14
2025-08-15,sh.600869,远东股份,5.87745396,6.01739334,6.07736736,5.84746695,44964800,269499466.0,2.026,2.381,2219387957.0,13354930311.328007,2026-07-14
2025-08-18,sh.600869,远东股份,6.04738035,6.17732406,6.21730674,6.02738901,57954571,354830977.91,2.6113,2.6578,2219376211.0,13709806066.401937,2026-07-14
2025-08-19,sh.600869,远东股份,6.16732839,6.57715086,6.7970556,6.11735004,151498899,996258874.61,6.8263,6.4725,2219341356.0,14596942908.248966,2026-07-14
2025-08-20,sh.600869,远东股份,6.5971422,6.66711189,6.91700364,6.41722014,134945822,900834687.78,6.0804,1.3678,2219357641.0,14796705716.473452,2026-07-14
2025-08-21,sh.600869,远东股份,6.65711622,6.45720282,6.72708591,6.41722014,77382877,505434031.57,3.4867,-3.1484,2219372960.0,14330941335.943747,2026-07-14
2025-08-22,sh.600869,远东股份,6.43721148,6.47719416,6.54716385,6.31726344,64717539,416395807.84,2.9161,0.3096,2219318233.0,14374955097.969118,2026-07-14
2025-08-25,sh.600869,远东股份,6.54716385,7.12691271,7.12691271,6.4971855,188608188,1310026694.9,8.4983,10.0309,2219363732.0,15817211589.703835,2026-07-14
2025-08-26,sh.600869,远东股份,7.12691271,6.98697333,7.14690405,6.85702962,152387125,1064439890.69,6.8663,-1.9635,2219348485.0,15506528674.670904,2026-07-14
2025-08-27,sh.600869,远东股份,7.00696467,6.80705127,7.1968824,6.77706426,115546300,810355983.0,5.2063,-2.5751,2219355396.0,15107265966.923153,2026-07-14
2025-08-28,sh.600869,远东股份,6.83703828,7.10692137,7.11691704,6.82704261,126307351,880897713.09,5.6912,4.4053,2219344795.0,15772708950.98377,2026-07-14
2025-08-29,sh.600869,远东股份,7.17689106,6.96698199,7.17689106,6.90700797,93639890,655914152.64,4.2192,-1.9691,2219375474.0,15462348956.405712,2026-07-14
2025-09-01,sh.600869,远东股份,6.996969,6.73708158,7.01696034,6.70709457,82110226,558237766.08,3.6997,-3.2999,2219375247.0,14952112095.67165,2026-07-14
2025-09-02,sh.600869,远东股份,6.81704694,6.68710323,7.04694735,6.52717251,82138607,551487739.51,3.701,-0.7418,2219362524.0,14841106302.781353,2026-07-14
2025-09-03,sh.600869,远东股份,6.68710323,6.68710323,6.81704694,6.55715952,62418860,415847040.53,2.8125,0.0,2219337244.0,14840937252.811699,2026-07-14
2025-09-04,sh.600869,远东股份,6.80705127,6.62712921,7.05694302,6.45720282,86546976,583828781.85,3.8996,-0.8969,2219380860.0,14708123725.42092,2026-07-14
2025-09-05,sh.600869,远东股份,6.56715519,7.1968824,7.27684776,6.55715952,153819195,1080551831.93,6.9308,8.5973,2219357001.0,15972451339.813683,2026-07-14
2025-09-08,sh.600869,远东股份,7.28684343,7.1968824,7.43677848,7.0969257,102251530,737387717.54,4.6073,0.0,2219337356.0,15972309957.058933,2026-07-14
2025-09-09,sh.600869,远东股份,7.11691704,7.0969257,7.2968391,7.06693869,77071911,552786273.84,3.4727,-1.3889,2219365652.0,15750673133.376057,2026-07-14
2025-09-10,sh.600869,远东股份,7.05694302,6.96698199,7.18688673,6.92699931,60724774,426218546.4,2.7361,-1.831,2219391616.0,15462461417.428995,2026-07-14
2025-09-11,sh.600869,远东股份,6.95698632,7.18688673,7.27684776,6.81704694,91518976,653349648.23,4.1237,3.1564,2219341271.0,15950154329.891235,2026-07-14
2025-09-12,sh.600869,远东股份,7.17689106,7.05694302,7.21687374,7.02695601,63730909,452520487.58,2.8716,-1.8081,2219351894.0,15661839857.28708,2026-07-14
2025-09-15,sh.600869,远东股份,7.00696467,6.92699931,7.07693436,6.87702096,70045044,486930463.97,3.1561,-1.8414,2219354393.0,15373466348.956469,2026-07-14
2025-09-16,sh.600869,远东股份,6.91700364,7.26685209,7.3967958,6.7970556,102637561,725744527.91,4.6247,4.9062,2219334465.0,16127575295.394283,2026-07-14
2025-09-17,sh.600869,远东股份,7.24686075,7.43677848,7.66667889,7.15689972,105720732,782297936.58,4.7636,2.3384,2219345285.0,16504779255.177467,2026-07-14
2025-09-18,sh.600869,远东股份,7.63669188,8.17645806,8.17645806,7.63669188,182539788,1483766216.84,8.2249,9.9462,2219355713.0,18146468907.565895,2026-07-14
2025-09-19,sh.600869,远东股份,8.31639744,7.80661827,8.58628053,7.75663992,198054054,1594984254.23,8.924,-4.5232,2219341708.0,17325553525.045807,2026-07-14
2025-09-22,sh.600869,远东股份,7.67667456,7.66667889,7.84660095,7.56672219,100815846,774564834.83,4.5426,-1.7926,2219342359.0,17014985213.428102,2026-07-14
2025-09-23,sh.600869,远东股份,7.6966659,7.71665724,8.01652734,7.52673951,110781237,861841101.44,4.9916,0.6519,2219353253.0,17125988347.880001,2026-07-14
2025-09-24,sh.600869,远东股份,7.64668755,8.13647538,8.14647105,7.51674384,136652833,1093163699.88,6.1573,5.4404,2219362919.0,18057791749.728436,2026-07-14
2025-09-25,sh.600869,远东股份,8.0964927,8.26641909,8.42634981,8.07650136,119038923,980865670.22,5.3637,1.5971,2219343420.0,18346022814.353886,2026-07-14
2025-09-26,sh.600869,远东股份,8.22643641,7.77663126,8.36637579,7.76663559,90195385,722142737.18,4.064,-5.925,2219374631.0,17259258133.085567,2026-07-14
2025-09-29,sh.600869,远东股份,7.91657064,8.36637579,8.54629785,7.74664425,134109978,1103079153.13,6.0428,7.5835,2219335043.0,18567790973.65381,2026-07-14
2025-09-30,sh.600869,远东股份,8.26641909,8.06650569,8.3963628,8.01652734,112401520,915478859.68,5.0646,-3.5842,2219356316.0,17902450351.151436,2026-07-14
2025-10-09,sh.600869,远东股份,8.07650136,8.73621558,8.86615929,8.01652734,152960216,1305397334.36,6.8921,8.3024,2219355726.0,19388770071.04341,2026-07-14
2025-10-10,sh.600869,远东股份,8.78619393,8.52630651,8.81618094,8.47632816,98678324,848295831.17,4.4463,-2.4027,2219335717.0,18922736571.732616,2026-07-14
2025-10-13,sh.600869,远东股份,8.11648404,8.27641476,8.35638012,7.996536,89233120,730635232.74,4.0207,-2.9308,2219342900.0,18368202335.061203,2026-07-14
2025-10-14,sh.600869,远东股份,8.38636713,7.86659229,8.52630651,7.85659662,93169093,756803196.54,4.198,-4.9517,2219368580.0,17458867760.09625,2026-07-14
2025-10-15,sh.600869,远东股份,8.15646672,8.06650569,8.44634115,7.93656198,68878469,558912005.88,3.1035,2.5413,2219380345.0,17902644181.216663,2026-07-14
2025-10-16,sh.600869,远东股份,7.98654033,7.66667889,8.01652734,7.62669621,70201050,544235628.3,3.1631,-4.9566,2219374980.0,17015235308.160172,2026-07-14
2025-10-17,sh.600869,远东股份,7.61670054,7.1968824,7.62669621,7.16689539,66878721,489180681.8,3.0134,-6.1278,2219377481.0,15972598731.965235,2026-07-14
2025-10-20,sh.600869,远东股份,7.33682178,7.27684776,7.43677848,7.21687374,41085178,301359426.12,1.8512,1.1111,2219380834.0,16150096450.479832,2026-07-14
2025-10-21,sh.600869,远东股份,7.2968391,7.40679147,7.43677848,7.25685642,33204821,245252054.62,1.4961,1.7857,2219425239.0,16438819928.52791,2026-07-14
2025-10-22,sh.600869,远东股份,7.3967958,7.4967525,7.63669188,7.28684343,38259876,287254483.48,1.7239,1.2146,2219379082.0,16638135681.431206,2026-07-14
2025-10-23,sh.600869,远东股份,7.40679147,7.55672652,7.56672219,7.24686075,36834837,273353655.98,1.6597,0.8,2219367175.0,16771150788.939981,2026-07-14
2025-10-24,sh.600869,远东股份,7.55672652,7.66667889,7.73664858,7.45676982,38845360,295087128.15,1.7503,1.455,2219354396.0,17015077497.241901,2026-07-14
2025-10-27,sh.600869,远东股份,7.74664425,7.91657064,8.18645373,7.74664425,58199602,464237799.76,2.6224,3.2595,2219325885.0,17569450141.783016,2026-07-14
2025-10-28,sh.600869,远东股份,7.91657064,7.94655765,8.06650569,7.80661827,40353750,320685464.44,1.8183,0.3788,2219311995.0,17635890711.60401,2026-07-14
2025-10-29,sh.600869,远东股份,7.97654466,8.27641476,8.34638445,7.97654466,69262638,568887245.07,3.1208,4.1509,2219387272.0,18368569576.136932,2026-07-14
2025-10-30,sh.600869,远东股份,8.17645806,7.87658796,8.24642775,7.83660528,81320191,650229153.97,3.6641,-4.8309,2219376955.0,17481117802.454464,2026-07-14
2025-10-31,sh.600869,远东股份,7.82660961,7.7966226,8.01652734,7.72665291,46080570,362093287.47,2.0763,-1.0152,2219359919.0,17303511702.00957,2026-07-14
2025-11-03,sh.600869,远东股份,7.75663992,7.8965793,8.06650569,7.74664425,45181380,357413199.56,2.0358,1.2821,2219342765.0,17525216137.703766,2026-07-14
2025-11-04,sh.600869,远东股份,7.93656198,7.8965793,8.14647105,7.75663992,51466530,409304787.92,2.319,0.0,2219341527.0,17525206361.73859,2026-07-14
2025-11-05,sh.600869,远东股份,7.82660961,7.91657064,7.996536,7.60670487,61834416,484733826.15,2.7861,0.2532,2219389685.0,17569955218.98985,2026-07-14
2025-11-06,sh.600869,远东股份,7.93656198,7.93656198,8.02652301,7.84660095,46716400,371094261.0,2.105,0.2525,2219306413.0,17613662899.385975,2026-07-14
2025-11-07,sh.600869,远东股份,7.8965793,7.88658363,8.03651868,7.77663126,43686377,346629038.22,1.9684,-0.6297,2219385135.0,17503366474.35634,2026-07-14
2025-11-10,sh.600869,远东股份,7.88658363,7.6966659,7.96654899,7.63669188,50933623,394061150.1,2.295,-2.4081,2219329978.0,17081441362.520351,2026-07-14
2025-11-11,sh.600869,远东股份,7.6966659,7.70666157,7.85659662,7.65668322,31539970,244171142.7,1.4211,0.1299,2219405390.0,17104206227.363861,2026-07-14
2025-11-12,sh.600869,远东股份,7.64668755,7.41678714,7.66667889,7.35681312,41328237,307207268.8,1.8622,-3.7613,2219323220.0,16460247917.599392,2026-07-14
2025-11-13,sh.600869,远东股份,7.38680013,7.76663559,7.8965793,7.32682611,70322304,537067416.41,3.1686,4.717,2219349366.0,17236877772.619537,2026-07-14
2025-11-14,sh.600869,远东股份,7.68667023,7.41678714,7.6966659,7.41678714,44427800,334427627.9,2.0018,-4.5045,2219392547.0,16460762101.201447,2026-07-14
2025-11-17,sh.600869,远东股份,7.42678281,7.25685642,7.44677415,7.21687374,34832965,253907838.77,1.5695,-2.1563,2219366996.0,16105627633.258715,2026-07-14
2025-11-18,sh.600869,远东股份,7.25685642,7.1968824,7.2968391,7.15689972,25195800,181411806.0,1.1353,-0.8264,2219307672.0,15972096324.801773,2026-07-14
2025-11-19,sh.600869,远东股份,7.1968824,6.97697766,7.27684776,6.93699498,34146448,240097571.24,1.5386,-3.0556,2219319381.0,15484141741.642029,2026-07-14
2025-11-20,sh.600869,远东股份,7.03695168,7.04694735,7.14690405,6.98697333,20065364,141685812.85,0.9041,1.0029,2219374405.0,15639814581.972576,2026-07-14
2025-11-21,sh.600869,远东股份,6.95698632,6.6970989,6.98697333,6.61713354,48425480,327327190.1,2.182,-4.9645,2219316224.0,14862980242.502554,2026-07-14
2025-11-24,sh.600869,远东股份,6.74707725,6.83703828,6.8970123,6.6970989,26184799,178166974.23,1.1798,2.0896,2219426937.0,15174306927.932148,2026-07-14
2025-11-25,sh.600869,远东股份,6.88701663,6.86702529,6.996969,6.84703395,24333100,168245414.0,1.0964,0.4386,2219363371.0,15240424396.356653,2026-07-14
2025-11-26,sh.600869,远东股份,6.86702529,6.80705127,6.92699931,6.7970556,18726800,128307217.0,0.8438,-0.8734,2219341076.0,15107168489.948965,2026-07-14
2025-11-27,sh.600869,远东股份,6.80705127,6.8970123,7.02695601,6.77706426,29521800,205066453.0,1.3302,1.3216,2219350474.0,15306887517.188831,2026-07-14
2025-11-28,sh.600869,远东股份,6.87702096,6.91700364,6.93699498,6.77706426,19922391,136661061.9,0.8977,0.2899,2219270469.0,15350701912.217506,2026-07-14
2025-12-01,sh.600869,远东股份,6.96698199,6.90700797,6.96698199,6.85702962,19722200,136412282.0,0.8886,-0.1445,2219468827.0,15329888877.255552,2026-07-14
2025-12-02,sh.600869,远东股份,6.95698632,6.91700364,6.97697766,6.88701663,18783900,130111734.0,0.8464,0.1447,2219269849.0,15350697623.675251,2026-07-14
2025-12-03,sh.600869,远东股份,6.98697333,6.91700364,7.08693003,6.84703395,26822900,185990629.4,1.2086,0.0,2219336422.0,15351158109.358576,2026-07-14
2025-12-04,sh.600869,远东股份,6.8970123,6.96698199,7.0969257,6.85702962,26318554,183306743.0,1.1859,0.7225,2219289485.0,15461749872.591375,2026-07-14
2025-12-05,sh.600869,远东股份,6.97697766,7.2968391,7.36680879,6.96698199,56185000,407011690.0,2.5316,4.7346,2219347448.0,16194221235.051617,2026-07-14
2025-12-08,sh.600869,远东股份,7.34681745,7.43677848,7.47676116,7.16689539,55319260,405162938.83,2.4926,1.9178,2219339645.0,16504737311.74684,2026-07-14
2025-12-09,sh.600869,远东股份,7.3967958,7.77663126,7.84660095,7.35681312,77402269,595863380.27,3.4876,4.5699,2219356262.0,17259115284.14595,2026-07-14
2025-12-10,sh.600869,远东股份,7.8965793,7.94655765,7.996536,7.66667889,77862930,614734030.18,3.5084,2.1851,2219328754.0,17636023887.96367,2026-07-14
2025-12-11,sh.600869,远东股份,7.996536,7.67667456,7.996536,7.67667456,61617295,481447696.1,2.7764,-3.3962,2219323404.0,17037023515.899403,2026-07-14
2025-12-12,sh.600869,远东股份,7.77663126,7.88658363,7.94655765,7.65668322,48692000,380220613.0,2.194,2.7344,2219325433.0,17502895629.540462,2026-07-14
2025-12-15,sh.600869,远东股份,7.8965793,7.78662693,8.00653167,7.77663126,38455300,302245636.0,1.7327,-1.2674,2219385929.0,17281530242.81447,2026-07-14
2025-12-16,sh.600869,远东股份,7.76663559,7.54673085,7.77663126,7.42678281,48193700,364919318.0,2.1715,-3.0809,2219373705.0,16749016007.2023,2026-07-14
2025-12-17,sh.600869,远东股份,7.53673518,7.77663126,7.77663126,7.50674817,43369800,332502517.0,1.9542,3.0464,2219312251.0,17258773026.827568,2026-07-14
2025-12-18,sh.600869,远东股份,7.67667456,7.60670487,7.78662693,7.55672652,40953300,314035176.3,1.8453,-2.1851,2219330190.0,16881789764.411024,2026-07-14
2025-12-19,sh.600869,远东股份,7.65668322,7.60670487,7.93656198,7.5967092,49872765,386068852.9,2.2472,0.0,2219329165.0,16881781967.538532,2026-07-14
2025-12-22,sh.600869,远东股份,7.64668755,7.80661827,7.96654899,7.62669621,50769769,397909966.93,2.2876,2.6281,2219346433.0,17325590411.31713,2026-07-14
2025-12-23,sh.600869,远东股份,7.80661827,7.82660961,7.90657497,7.66667889,43663400,341156179.0,1.9674,0.2561,2219345329.0,17369949479.860012,2026-07-14
2025-12-24,sh.600869,远东股份,7.81661394,7.85659662,7.91657064,7.68667023,43758083,343709166.46,1.9717,0.3831,2219307349.0,17436202616.89456,2026-07-14
2025-12-25,sh.600869,远东股份,7.90657497,7.97654466,8.07650136,7.80661827,72742300,579948888.0,3.2776,1.5267,2219376983.0,17702959622.275562,2026-07-14
2025-12-26,sh.600869,远东股份,7.96654899,7.88658363,7.98654033,7.75663992,49150331,387210695.8,2.2146,-1.1278,2219377359.0,17503305148.282032,2026-07-14
2025-12-29,sh.600869,远东股份,7.90657497,7.8965793,8.01652734,7.84660095,38917300,308450802.0,1.7535,0.1267,2219406900.0,17525722584.81717,2026-07-14
2025-12-30,sh.600869,远东股份,7.84660095,7.98654033,8.05651002,7.82660961,47766000,381982383.0,2.1522,1.1392,2219403401.0,17725354770.625664,2026-07-14
2025-12-31,sh.600869,远东股份,7.94655765,8.04651435,8.12647971,7.82660961,59913532,478564872.86,2.6996,0.7509,2219348496.0,17858019520.71492,2026-07-14
2026-01-05,sh.600869,远东股份,8.15646672,8.20644507,8.41635414,8.07650136,78919857,652766458.63,3.556,1.9876,2219343560.0,18212921016.598248,2026-07-14
2026-01-06,sh.600869,远东股份,8.27641476,9.02609001,9.02609001,8.13647538,139124683,1207548337.31,6.2687,9.9878,2219354619.0,20032094555.20326,2026-07-14
2026-01-07,sh.600869,远东股份,9.30596877,9.92570031,9.92570031,9.00609867,123190008,1182520213.84,5.5507,9.9668,2219359865.0,22028700900.03206,2026-07-14
2026-01-08,sh.600869,远东股份,10.43547948,10.91527164,10.91527164,10.42548381,48220439,516527472.14,2.1727,9.9698,2219378607.0,24225120367.409805,2026-07-14
2026-01-09,sh.600869,远东股份,12.00479967,10.55542752,12.00479967,10.1955834,365998783,4034420277.39,16.4912,-3.2967,2219358100.0,23426273565.47491,2026-07-14
2026-01-12,sh.600869,远东股份,10.82531061,10.88528463,11.03521968,10.3954968,221132421,2383860074.94,9.9638,3.125,2219358287.0,24158346649.944225,2026-07-14
2026-01-13,sh.600869,远东股份,10.70536257,10.62539721,11.41505514,10.4954535,188771604,2057209198.97,8.5057,-2.3875,2219354127.0,23581519149.027782,2026-07-14
2026-01-14,sh.600869,远东股份,10.44547515,10.1955834,10.73534958,10.02565701,173009692,1787718119.98,7.7955,-4.0452,2219353371.0,22627602388.101643,2026-07-14
2026-01-15,sh.600869,远东股份,10.0956267,10.08563103,10.35551412,9.92570031,88288674,889925561.5,3.9781,-1.0784,2219367889.0,22383725648.283997,2026-07-14
2026-01-16,sh.600869,远东股份,10.37550546,10.01566134,10.57541886,10.00566567,112002666,1141201233.79,5.0466,-0.6938,2219368803.0,22228446319.409176,2026-07-14
2026-01-19,sh.600869,远东股份,10.02565701,10.22557041,10.34551845,9.95568732,84071895,860040020.9,3.7881,2.0958,2219368417.0,22694308013.76374,2026-07-14
2026-01-20,sh.600869,远东股份,10.1955834,10.42548381,10.53543618,10.02565701,101355002,1045777183.88,4.5669,1.955,2219339202.0,23137684919.34932,2026-07-14
2026-01-21,sh.600869,远东股份,10.23556608,10.48545783,10.73534958,10.1955834,93010966,980712566.25,4.1909,0.5753,2219355413.0,23270957592.79373,2026-07-14
2026-01-22,sh.600869,远东股份,10.48545783,10.7953236,11.03521968,10.47546216,107851675,1160927122.92,4.8596,2.9552,2219352930.0,23958633061.95815,2026-07-14
2026-01-23,sh.600869,远东股份,10.8952803,11.34508545,11.86486029,10.87528896,157263292,1784735806.52,7.086,5.0926,2219352131.0,25178739569.83459,2026-07-14
2026-01-26,sh.600869,远东股份,11.58498153,11.30510277,11.65495122,11.12518071,106935877,1212973701.57,4.8183,-0.3524,2219369425.0,25090199434.220806,2026-07-14
2026-01-27,sh.600869,远东股份,10.8952803,11.51501184,11.7948906,10.8952803,114102711,1312778223.73,5.1413,1.8568,2219335791.0,25555677910.300766,2026-07-14
2026-01-28,sh.600869,远东股份,11.58498153,12.66451389,12.66451389,10.93526298,145174070,1712756769.14,6.5413,9.9826,2219345849.0,28106936331.374344,2026-07-14
2026-01-29,sh.600869,远东股份,13.2942411,12.17472606,13.2942411,11.93482998,176481899,2206922923.91,7.952,-3.8674,2219339776.0,27019853806.861763,2026-07-14
2026-01-30,sh.600869,远东股份,12.10475637,12.10475637,12.35464812,11.60497287,95729537,1145232856.06,4.3134,-0.5747,2219352182.0,26864717462.337902,2026-07-14
2026-02-02,sh.600869,远东股份,12.30466977,11.96481699,12.4945875,11.82487761,112047695,1355622067.93,5.0487,-1.1561,2219337552.0,26553967648.714607,2026-07-14
2026-02-03,sh.600869,远东股份,12.0947607,13.16429739,13.16429739,12.05477802,139953984,1778689669.64,6.3061,10.0251,2219342922.0,29216090235.59957,2026-07-14
2026-02-04,sh.600869,远东股份,13.16429739,13.42418481,13.65408522,12.994371,127042499,1688994908.15,5.7243,1.9742,2219354314.0,29793022470.00677,2026-07-14
2026-02-05,sh.600869,远东股份,13.2942411,13.02435801,13.77403326,12.80445327,101563154,1340266711.86,4.5763,-2.9784,2219329021.0,28905335711.48681,2026-07-14
2026-02-06,sh.600869,远东股份,12.64452255,12.60453987,13.0943277,12.44460915,92046432,1169975672.72,4.1474,-3.2233,2219376766.0,27974222933.59866,2026-07-14
2026-02-09,sh.600869,远东股份,12.70449657,12.64452255,12.83444028,12.2946741,82116393,1035202023.78,3.7,0.3172,2219361973.0,28062772514.21099,2026-07-14
2026-02-10,sh.600869,远东股份,12.22470441,12.53457018,12.92440131,12.15473472,92508411,1165929137.82,4.1683,-0.8696,2219331886.0,27818371277.77876,2026-07-14
2026-02-11,sh.600869,远东股份,12.42461781,12.43461348,12.67450956,12.32466111,55339831,690423143.15,2.4935,-0.7974,2219363585.0,27596928351.062126,2026-07-14
2026-02-12,sh.600869,远东股份,12.55456152,12.33465678,12.75447492,12.20471307,78270598,977604200.73,3.5267,-0.8039,2219372161.0,27375193873.0219,2026-07-14
2026-02-13,sh.600869,远东股份,12.24469575,12.65451822,12.90440997,12.16473039,73040205,923567120.71,3.2911,2.5932,2219324998.0,28084488623.292465,2026-07-14
2026-02-24,sh.600869,远东股份,12.994371,13.81401594,13.92396831,12.81444894,125700230,1704960879.89,5.6638,9.1627,2219362089.0,30658303274.0777,2026-07-14
2026-02-25,sh.600869,远东股份,13.78402893,14.25382542,14.4937215,13.71405924,103417494,1465760171.53,4.6598,3.1838,2219354779.0,31634295564.908684,2026-07-14
2026-02-26,sh.600869,远东股份,14.48372583,15.23340108,15.44331015,13.90397697,109263945,1623327165.62,4.9232,6.8724,2219368399.0,33808528966.244473,2026-07-14
2026-02-27,sh.600869,远东股份,14.96351799,15.03348768,15.47329716,14.7935916,96773362,1458893979.26,4.3604,-1.3123,2219368911.0,33364855180.893517,2026-07-14
2026-03-02,sh.600869,远东股份,14.83357428,14.53370418,15.15343572,14.3937648,88291894,1303683496.25,3.9783,-3.3245,2219337255.0,32255191139.823227,2026-07-14
2026-03-03,sh.600869,远东股份,14.74361325,13.48415883,14.74361325,13.2942411,109849908,1518629974.11,4.9496,-7.2215,2219369404.0,29926329545.97844,2026-07-14
2026-03-04,sh.600869,远东股份,13.02435801,12.91440564,13.66408089,12.7944576,98972301,1298701682.06,4.4595,-4.2254,2219358695.0,28661698447.89104,2026-07-14
2026-03-05,sh.600869,远东股份,13.35421512,13.45417182,13.92396831,13.35421512,99970741,1363497727.31,4.5045,4.1796,2219352670.0,29859552151.35576,2026-07-14
2026-03-06,sh.600869,远东股份,13.27424976,13.38420213,14.02392501,13.15430172,89595496,1216550880.04,4.037,-0.5201,2219358335.0,29704340554.540253,2026-07-14
2026-03-09,sh.600869,远东股份,13.1942844,13.44417615,13.54413285,12.97437966,67397987,891988036.91,3.0368,0.4481,2219375231.0,29837671548.51094,2026-07-14
2026-03-10,sh.600869,远东股份,13.5941112,13.75404192,13.83400728,13.43418048,74700324,1023414786.32,3.3659,2.3048,2219326896.0,30524715161.767483,2026-07-14
2026-03-11,sh.600869,远东股份,14.05391202,14.55369552,14.83357428,13.92396831,120244785,1724349086.23,5.418,5.814,2219357420.0,32299852140.732758,2026-07-14
2026-03-12,sh.600869,远东股份,14.36377779,13.57411986,14.41375614,13.55412852,97412832,1348233399.22,4.3892,-6.7308,2219375558.0,30126069838.64638,2026-07-14
2026-03-13,sh.600869,远东股份,13.4941545,13.37420646,13.7940246,13.32422811,51114240,693078710.29,2.3031,-1.4728,2219366940.0,29682271666.058434,2026-07-14
2026-03-16,sh.600869,远东股份,13.24426275,13.2942411,13.48415883,12.4945875,65182202,841761972.61,2.937,-0.5979,2219346340.0,29504525328.362576,2026-07-14
2026-03-17,sh.600869,远东股份,13.44417615,12.56455719,13.52414151,12.46460049,55889076,717897300.58,2.5183,-5.4887,2219317635.0,27884743347.733047,2026-07-14
2026-03-18,sh.600869,远东股份,12.47459616,12.61453554,12.72448791,12.14473905,50672090,630460882.98,2.2832,0.3978,2219345217.0,27996009115.37551,2026-07-14
2026-03-19,sh.600869,远东股份,12.2946741,12.45460482,12.82444461,12.27468276,43743000,547236943.0,1.971,-1.2678,2219330289.0,27640881714.55139,2026-07-14
2026-03-20,sh.600869,远东股份,12.57455286,12.61453554,13.17429306,12.57455286,65387700,843940449.94,2.9463,1.2841,2219315752.0,27995637428.085827,2026-07-14
2026-03-23,sh.600869,远东股份,12.48459183,12.0947607,12.87442296,11.93482998,59660280,741878291.83,2.6882,-4.1204,2219339335.0,26842378168.922134,2026-07-14
2026-03-24,sh.600869,远东股份,12.38463513,12.76447059,13.04434935,11.94482565,79177989,983050102.0,3.5676,5.5372,2219362849.0,28328991814.59911,2026-07-14
2026-03-25,sh.600869,远东股份,13.36421079,13.23426708,13.66408089,13.05434502,73540567,982220251.42,3.3136,3.6805,2219355595.0,29371544689.722313,2026-07-14
2026-03-26,sh.600869,远东股份,13.44417615,13.63409388,14.0938947,13.24426275,116479714,1594651188.86,5.2484,3.0211,2219337589.0,30258657039.838856,2026-07-14
2026-03-27,sh.600869,远东股份,13.33422378,14.12388171,14.44374315,13.1942844,104677975,1467489082.91,4.7166,3.5924,2219352394.0,31345870685.661312,2026-07-14
2026-03-30,sh.600869,远东股份,13.7940246,14.32379511,14.37377346,13.5941112,91918220,1289276487.25,4.1417,1.4154,2219335539.0,31789307540.977417,2026-07-14
2026-03-31,sh.600869,远东股份,14.13387738,13.47416316,14.1938514,13.30423677,83060200,1142954226.36,3.7425,-5.9316,2219377422.0,29904253497.648174,2026-07-14
2026-04-01,sh.600869,远东股份,13.7940246,13.8939813,14.15386872,13.64408955,63598183,886415602.93,2.8656,3.1157,2219367078.0,30835844679.567642,2026-07-14
2026-04-02,sh.600869,远东股份,14.3937648,14.18385573,14.62366521,13.54413285,96509081,1368440005.98,4.3485,2.0863,2219364861.0,31479151000.655502,2026-07-14
2026-04-03,sh.600869,远东股份,14.44374315,15.60324087,15.60324087,14.1938514,143102015,2141491767.04,6.4479,10.007,2219358473.0,34629184831.09439,2026-07-14
2026-04-07,sh.600869,远东股份,15.50328417,14.38376913,15.63322788,14.27381676,150947830,2253062022.08,6.8014,-7.8155,2219364102.0,31922820858.57777,2026-07-14
2026-04-08,sh.600869,远东股份,14.64365655,15.82314561,15.82314561,14.62366521,134629221,2051136257.83,6.0661,10.0069,2219370287.0,35117419213.70849,2026-07-14
2026-04-09,sh.600869,远东股份,15.63322788,15.97308066,16.24296375,15.47329716,130465172,2074079166.56,5.8785,0.9476,2219361606.0,35450041946.34514,2026-07-14
2026-04-10,sh.600869,远东股份,16.1929854,15.5932452,16.35291612,15.57325386,110297916,1754191909.45,4.9698,-2.378,2219363274.0,34607075719.35679,2026-07-14
2026-04-13,sh.600869,远东股份,15.32336211,15.21340974,15.57325386,15.01349634,84658402,1286340654.3,3.8146,-2.4359,2219325801.0,33763512757.166702,2026-07-14
2026-04-14,sh.600869,远东股份,15.40332747,15.0934617,15.55326252,14.92353531,88149754,1336734674.86,3.9719,-0.7884,2219334676.0,33497442931.687912,2026-07-14
2026-04-15,sh.600869,远东股份,15.16343139,15.37334046,15.63322788,15.04348335,85533598,1312149465.39,3.854,1.8543,2219346082.0,34118762917.153076,2026-07-14
2026-04-16,sh.600869,远东股份,14.6936349,14.36377779,14.6936349,13.93396398,119372425,1713195294.71,5.3787,-6.567,2219354584.0,31878316081.79389,2026-07-14
2026-04-17,sh.600869,远东股份,14.2938081,14.6936349,14.83357428,14.22383841,79611358,1159319379.5,3.5871,2.2965,2219379387.0,32610750417.163803,2026-07-14
2026-04-20,sh.600869,远东股份,15.01349634,15.50328417,15.78316293,14.86356129,116554216,1788838214.4,5.2517,5.5102,2219361654.0,34407394397.96322,2026-07-14
2026-04-21,sh.600869,远东股份,15.25339242,15.61323654,15.63322788,15.20341407,65202597,1006287565.95,2.9379,0.7092,2219360666.0,34651403045.82994,2026-07-14
2026-04-22,sh.600869,远东股份,15.6932019,17.17256106,17.17256106,14.96351799,208937639,3460166133.88,9.4144,9.9872,2219340999.0,38111768818.288895,2026-07-14
2026-04-23,sh.600869,远东股份,17.12258271,16.51284684,17.22253941,16.30293777,135134120,2253529665.56,6.0889,-3.8417,2219351935.0,36647818586.71264,2026-07-14
2026-04-24,sh.600869,远东股份,15.94309365,16.21297674,17.0925957,15.87312396,114563360,1891550161.52,5.162,-1.816,2219359938.0,35982431052.48184,2026-07-14
2026-04-27,sh.600869,远东股份,16.18298973,17.23253508,17.62236621,15.83314128,123998262,2100694865.07,5.5871,6.2885,2219367149.0,38245322250.54209,2026-07-14
2026-04-28,sh.600869,远东股份,17.24253075,17.37247446,17.88225363,16.67277756,116142420,2005577705.82,5.2332,0.8121,2219338454.0,38555400610.210884,2026-07-14
2026-04-29,sh.600869,远东股份,17.36247879,17.3924658,17.98221033,16.65278622,97432737,1697175734.47,4.3901,0.1151,2219373978.0,38600386009.774956,2026-07-14
2026-04-30,sh.600869,远东股份,17.70233157,16.98264333,17.74231425,16.98264333,75447140,1301418778.2,3.3995,-2.3563,2219359906.0,37690597704.50032,2026-07-14
2026-05-06,sh.600869,远东股份,17.30250477,18.23210208,18.65192022,17.30250477,111882238,2037695665.98,5.0412,7.3573,2219357256.0,40463548043.38069,2026-07-14
2026-05-07,sh.600869,远东股份,18.7918596,19.56152619,19.57152186,18.50198517,114130074,2182353258.85,5.1425,7.2917,2219350005.0,43413873247.58413,2026-07-14
2026-05-08,sh.600869,远东股份,19.05174702,18.92180331,19.38160413,18.90181197,84212466,1607527941.59,3.7945,-3.2703,2219329714.0,41993720328.34656,2026-07-14
2026-05-11,sh.600869,远东股份,19.38160413,20.81098494,20.81098494,19.38160413,123596481,2523128464.8,5.569,9.9842,2219365793.0,46187188094.47416,2026-07-14
2026-05-12,sh.600869,远东股份,21.45070782,22.8900843,22.8900843,21.30077277,67183693,1501734150.83,3.0272,9.9904,2219334467.0,50800753039.52557,2026-07-14
2026-05-13,sh.600869,远东股份,23.00003667,23.06001069,23.4898245,22.43028348,179519869,4120409183.7,8.0888,0.7424,2219363428.0,51178544374.67504,2026-07-14
2026-05-14,sh.600869,远东股份,23.0899977,21.62063421,23.43984615,21.61063854,114511782,2548627627.39,5.1597,-6.2419,2219349613.0,47983746166.77806,2026-07-14
2026-05-15,sh.600869,远东股份,21.62063421,21.62063421,22.95005832,20.6910369,134319216,2925822948.57,6.0522,0.0,2219345296.0,47983652830.500175,2026-07-14
2026-05-18,sh.600869,远东股份,21.31076844,21.27078576,21.67061256,20.8909503,84774039,1800915690.58,3.8198,-1.6181,2219331876.0,47206932864.734886,2026-07-14
2026-05-19,sh.600869,远东股份,21.2907771,21.4906905,21.7905606,20.55109752,89044942,1895554367.18,4.0122,1.0338,2219354519.0,47695461077.60537,2026-07-14
2026-05-20,sh.600869,远东股份,21.44071215,22.14040905,22.3903008,20.87095896,105953147,2310039172.45,4.7741,3.0233,2219332377.0,49136926644.68881,2026-07-14
2026-05-21,sh.600869,远东股份,22.58021853,20.990907,23.16996306,20.8909503,109730187,2433080531.32,4.9442,-5.1919,2219371931.0,46586629802.03142,2026-07-14
2026-05-22,sh.600869,远东股份,20.990907,21.17082906,21.71059524,20.16126639,110741805,2338942642.33,4.9898,0.8571,2219363602.0,46985767439.92787,2026-07-14
2026-05-25,sh.600869,远东股份,21.13084638,20.990907,21.20081607,20.14127505,90577425,1886489652.34,4.0813,-0.8499,2219327788.0,46585703200.42371,2026-07-14
2026-05-26,sh.600869,远东股份,20.97091566,20.6910369,21.20081607,19.4915565,106536404,2167716654.36,4.8003,-1.4286,2219369706.0,45921060481.58815,2026-07-14
2026-05-27,sh.600869,远东股份,20.6910369,21.16083339,21.96048699,20.6910369,97362952,2079370012.34,4.387,2.2705,2219351539.0,46963328150.61909,2026-07-14
2026-05-28,sh.600869,远东股份,20.80098927,21.90051297,22.26035709,20.71102824,104890490,2263889109.2,4.7262,3.4955,2219340908.0,48604704340.50558,2026-07-14
2026-05-29,sh.600869,远东股份,22.36031379,24.0895647,24.0895647,22.36031379,134110726,3146831885.54,6.0428,9.9954,2219347422.0,53463113314.0472,2026-07-14
2026-06-01,sh.600869,远东股份,23.989608,22.97004966,24.47939583,22.97004966,122416755,2888067846.08,5.5159,-4.6473,2219343262.0,50978424940.726395,2026-07-14
2026-06-02,sh.600869,远东股份,23.17995873,25.26905376,25.26905376,22.990041,121375207,2977574147.34,5.4689,10.0087,2219371482.0,56081417292.06887,2026-07-14
2026-06-03,sh.600869,远东股份,25.8887853,26.8883523,27.79795827,25.46896716,190718209,5114609763.79,8.5934,6.4082,2219356820.0,59674848055.56769,2026-07-14
2026-06-04,sh.600869,远东股份,26.4885255,26.4885255,27.23820075,26.06870736,128268018,3410698921.14,5.7795,-1.487,2219361848.0,58787622904.47513,2026-07-14
2026-06-05,sh.600869,远东股份,26.49852117,28.49765517,29.13737805,26.13867705,175285350,4948480562.3,7.898,7.5849,2219363763.0,63246663214.76761,2026-07-14
2026-06-08,sh.600869,远东股份,27.23820075,27.43811415,29.06740836,26.8883523,143340509,3974868698.51,6.4587,-3.718,2219339945.0,60894502748.56472,2026-07-14
2026-06-09,sh.600869,远东股份,28.05784569,29.60717454,29.95702299,27.2881791,134353644,3840272564.02,6.0537,7.9053,2219364091.0,65709100010.04544,2026-07-14
2026-06-10,sh.600869,远东股份,28.7875296,31.53633885,31.84620462,28.20778074,141241236,4203311211.08,6.3641,6.5159,2219343442.0,69989966811.43732,2026-07-14
2026-06-11,sh.600869,远东股份,31.16649906,29.4872265,33.53547285,28.3877028,194056876,5922990175.11,8.7439,-6.4976,2219340066.0,65442183206.66695,2026-07-14
2026-06-12,sh.600869,远东股份,29.8870533,32.41595781,32.43594915,28.987443,242599636,7578771586.33,10.9311,9.9322,2219352453.0,71942435481.96802,2026-07-14
2026-06-15,sh.600869,远东股份,31.04655102,32.66584956,33.30557244,30.46680216,174259036,5574007741.86,7.8518,0.7709,2219351435.0,72497000096.48012,2026-07-14
2026-06-16,sh.600869,远东股份,32.29600977,33.985278,34.84490562,31.99613967,159826047,5410750857.51,7.2015,4.0392,2219343845.0,75425017549.91391,2026-07-14
2026-06-17,sh.600869,远东股份,33.2855811,33.24559842,33.87532563,32.47593183,119076033,3936885990.57,5.3653,-2.1765,2219373250.0,73784391813.59027,2026-07-14
2026-06-18,sh.600869,远东股份,33.25559409,32.84577162,33.80535594,31.57632153,107064610,3502558764.73,4.8241,-1.2026,2219369623.0,72896907777.42351,2026-07-14
2026-06-22,sh.600869,远东股份,33.93529965,36.13434705,36.13434705,33.03568935,141215290,4993313960.78,6.3629,10.0122,2219354225.0,80194915793.0338,2026-07-14
2026-06-23,sh.600869,远东股份,37.72365858,36.06437736,38.4833295,35.56459386,126556752,4668871936.03,5.7024,-0.1936,2219359428.0,80039815908.86575,2026-07-14
2026-06-24,sh.600869,远东股份,35.71452891,37.75364559,38.56329486,35.71452891,108920834,4099827173.17,4.9078,4.684,2219341334.0,83788226167.0738,2026-07-14
2026-06-25,sh.600869,远东股份,37.983546,37.29384477,37.983546,36.20431674,109084894,4053856549.63,4.9152,-1.2179,2219337850.0,82767641270.08554,2026-07-14
2026-06-26,sh.600869,远东股份,37.29384477,34.59501387,37.57372353,33.91530831,117680792,4149984025.26,5.3025,-7.2367,2219345441.0,76778286313.71628,2026-07-14
2026-06-29,sh.600869,远东股份,34.24516542,33.10565904,34.93486665,31.1864904,116769488,3840089992.73,5.2614,-4.3051,2219361539.0,73473426396.62366,2026-07-14
2026-06-30,sh.600869,远东股份,33.13564605,33.45550749,34.0852347,32.0861007,93425391,3096443670.43,4.2096,1.0568,2219341291.0,74249189183.91678,2026-07-14
2026-07-01,sh.600869,远东股份,34.43508315,32.20604874,35.41465881,31.5863172,115078605,3833544182.4,5.1852,-3.7347,2219366755.0,71477033883.46564,2026-07-14
2026-07-02,sh.600869,远东股份,30.5867502,29.66714856,31.63629555,29.56719186,104786475,3190799621.08,4.7215,-7.8833,2219347135.0,65841701160.25538,2026-07-14
2026-07-03,sh.600869,远东股份,29.5871832,28.43768115,30.4867935,28.43768115,108971522,3212934405.42,4.9101,-4.1442,2219334067.0,63112714562.678734,2026-07-14
2026-07-06,sh.600869,远东股份,28.42768548,25.59891087,28.57762053,25.59891087,164932859,4364006778.36,7.4316,-9.9824,2219345215.0,56812820348.54599,2026-07-14
2026-07-07,sh.600869,远东股份,25.99873767,24.36944346,26.13867705,23.97961233,105452870,2629134826.59,4.7515,-4.8028,2219359571.0,54084557582.894356,2026-07-14
2026-07-08,sh.600869,远东股份,24.7892616,23.0899977,25.42898448,23.05001502,102727756,2455339778.65,4.6287,-5.2502,2219365178.0,51245136855.480095,2026-07-14
2026-07-09,sh.600869,远东股份,23.3898678,23.08000203,23.43984615,21.3907338,134234278,3020451179.38,6.0484,-0.0433,2219335328.0,51222263875.490715,2026-07-14
2026-07-10,sh.600869,远东股份,23.5,22.38,24.73,22.25,122068437,2876941235.05,5.5002,-3.0329,2219345424.0,49668950589.119995,2026-07-14
2026-07-13,sh.600869,远东股份,22.05,20.43,22.47,20.36,102450705,2173101809.36,4.6162,-8.7131,2219373186.0,45341794189.979996,2026-07-14
