日期,股票代码,股票名称,开盘,收盘,最高,最低,成交量,成交额,换手率,涨跌幅,流通股数,流通市值,数据日期
2016-03-07,sh.603027,千禾味业,1.32958929,1.59478389,1.59478389,1.32958929,38595,505992.0,0.096488,43.9608,39999793.0,63791025.47973477,2026-07-14
2016-03-08,sh.603027,千禾味业,1.75390065,1.75390065,1.75390065,1.75390065,21966,319605.0,0.054915,9.9773,40000000.0,70156026.0,2026-07-14
2016-03-09,sh.603027,千禾味业,1.92989343,1.92989343,1.92989343,1.92989343,20600,329806.0,0.0515,10.0344,40000000.0,77195737.2,2026-07-14
2016-03-10,sh.603027,千禾味业,2.12276223,2.12276223,2.12276223,2.12276223,37500,660375.0,0.09375,9.9938,40000000.0,84910489.2,2026-07-14
2016-03-11,sh.603027,千禾味业,2.33491791,2.33491791,2.33491791,2.33491791,246387,4772516.0,0.615968,9.9943,39999968.0,93396641.68262689,2026-07-14
2016-03-14,sh.603027,千禾味业,2.56877133,2.56877133,2.56877133,2.56877133,222517,4741837.0,0.556292,10.0155,40000036.0,102750945.67576788,2026-07-14
2016-03-15,sh.603027,千禾味业,2.82552792,2.82552792,2.82552792,2.82552792,158800,3722272.0,0.397,9.9953,40000000.0,113021116.8,2026-07-14
2016-03-16,sh.603027,千禾味业,3.10759854,3.10759854,3.10759854,3.10759854,690510,17801348.0,1.726275,9.9829,40000000.0,124303941.60000001,2026-07-14
2016-03-17,sh.603027,千禾味业,3.41739405,3.41859948,3.41859948,3.23175783,20551543,573025632.0,51.378857,10.0078,40000000.0,136743979.20000002,2026-07-14
2016-03-18,sh.603027,千禾味业,3.495747,3.52106103,3.73562757,3.45355695,27823213,826648512.0,69.558032,2.9972,40000000.0,140842441.2,2026-07-14
2016-03-21,sh.603027,千禾味业,3.44873523,3.63919317,3.80313165,3.39690174,22275549,656762480.0,55.688872,3.355,40000000.0,145567726.8,2026-07-14
2016-03-22,sh.603027,千禾味业,3.53673162,3.495747,3.6283443,3.4716384,14708213,429774256.0,36.770533,-3.9417,39999999.0,139829876.504253,2026-07-14
2016-03-23,sh.603027,千禾味业,3.41739405,3.4234212,3.45476238,3.3390411,10978975,309525664.0,27.447437,-2.069,40000001.0,136936851.4234212,2026-07-14
2016-03-24,sh.603027,千禾味业,3.42824292,3.76576332,3.76576332,3.3993126,16404073,501481056.0,41.010182,10.0,40000000.0,150630532.8,2026-07-14
2016-03-25,sh.603027,千禾味业,3.857376,3.59941398,4.01046561,3.51744474,18731219,580241584.0,46.828047,-4.4174,40000000.0,143976559.2,2026-07-14
2016-03-28,sh.603027,千禾味业,3.6524529,3.41257233,3.66330177,3.3510954,13410275,388716416.0,33.525688,-5.1909,39999999.0,136502889.78742766,2026-07-14
2016-03-29,sh.603027,千禾味业,3.3872583,3.28359132,3.3872583,3.22693611,8685091,236883759.0,21.712727,-3.7796,40000001.0,131343656.08359133,2026-07-14
2016-03-30,sh.603027,千禾味业,3.32819223,3.39690174,3.40413432,3.28479675,8305553,230533753.0,20.763883,3.4508,39999999.0,135876066.20309827,2026-07-14
2016-03-31,sh.603027,千禾味业,3.40895604,3.3390411,3.41739405,3.3269868,7372141,205615705.0,18.430352,-1.7033,40000001.0,133561647.33904111,2026-07-14
2016-04-01,sh.603027,千禾味业,3.32095965,3.37158771,3.39690174,3.26068815,6345431,175758854.0,15.863577,0.9747,40000001.0,134863511.7715877,2026-07-14
2016-04-05,sh.603027,千禾味业,3.34627368,3.39810717,3.41859948,3.26189358,8401378,233443544.0,21.003445,0.7866,40000000.0,135924286.79999998,2026-07-14
2016-04-06,sh.603027,千禾味业,3.375204,3.36435513,3.42824292,3.33542481,6032791,168823314.0,15.081977,-0.9933,40000001.0,134574208.56435513,2026-07-14
2016-04-07,sh.603027,千禾味业,3.35230083,3.36073884,3.44632437,3.35230083,7019236,197508133.0,17.54809,-0.1075,40000000.0,134429553.6,2026-07-14
2016-04-08,sh.603027,千禾味业,3.32939766,3.36435513,3.36797142,3.27394788,4983496,137451990.0,12.45874,0.1076,40000000.0,134574205.2,2026-07-14
2016-04-11,sh.603027,千禾味业,3.4113669,3.54878592,3.60785199,3.39087459,11390577,332655648.0,28.476442,5.4819,40000001.0,141951440.3487859,2026-07-14
2016-04-12,sh.603027,千禾味业,3.495747,3.55842936,3.67776693,3.47284383,10827885,321212336.0,27.069712,0.2717,40000001.0,142337177.95842937,2026-07-14
2016-04-13,sh.603027,千禾味业,3.53914248,3.56686737,3.63798774,3.5078013,9428448,279921488.0,23.57112,0.2371,40000000.0,142674694.8,2026-07-14
2016-04-14,sh.603027,千禾味业,3.5801271,3.92367465,3.92367465,3.57409995,12681816,397502080.0,31.70454,10.0034,40000000.0,156946986.0,2026-07-14
2016-04-15,sh.603027,千禾味业,4.00443846,3.84411627,4.09243485,3.79348821,18676058,609324576.0,46.690145,-2.0276,40000000.0,153764650.79999998,2026-07-14
2016-04-18,sh.603027,千禾味业,3.7006701,3.68258865,3.72116241,3.56686737,10322493,312765008.0,25.806232,-4.2019,40000001.0,147303549.68258864,2026-07-14
2016-04-19,sh.603027,千禾味业,3.7006701,3.68379408,3.80313165,3.64763118,7897188,244388494.0,19.74297,0.0327,40000000.0,147351763.20000002,2026-07-14
2016-04-20,sh.603027,千禾味业,3.66571263,3.51744474,3.7971045,3.37640943,10404110,308454144.0,26.010275,-4.5157,40000000.0,140697789.6,2026-07-14
2016-04-21,sh.603027,千禾味业,3.4836927,3.43427007,3.54275877,3.4113669,6897378,198991350.0,17.243445,-2.3646,40000000.0,137370802.8,2026-07-14
2016-04-22,sh.603027,千禾味业,3.37640943,3.45596781,3.4595841,3.36073884,4587337,129875838.0,11.468343,0.6318,39999998.0,138238705.48806438,2026-07-14
2016-04-25,sh.603027,千禾味业,3.42221577,3.37761486,3.42221577,3.3028782,4312836,120438942.0,10.78209,-2.2672,40000000.0,135104594.4,2026-07-14
2016-04-26,sh.603027,千禾味业,3.37399857,3.43668093,3.44391351,3.36073884,3460490,97725201.0,8.651225,1.7487,40000000.0,137467237.20000002,2026-07-14
2016-04-27,sh.603027,千禾味业,3.43668093,3.46440582,3.52829361,3.42703749,5214207,150526112.0,13.035517,0.8067,40000002.0,138576239.72881165,2026-07-14
2016-04-28,sh.603027,千禾味业,3.4836927,3.39810717,3.49333614,3.3269868,5079991,143073012.0,12.699978,-1.9137,39999998.0,135924280.00378564,2026-07-14
2016-04-29,sh.603027,千禾味业,3.37279314,3.38364201,3.4234212,3.35350626,2701476,76076718.0,6.75369,-0.4257,40000000.0,135345680.4,2026-07-14
2016-05-03,sh.603027,千禾味业,3.3872583,3.55722393,3.58856511,3.38243658,6225782,181626691.0,15.564455,5.13,40000000.0,142288957.20000002,2026-07-14
2016-05-04,sh.603027,千禾味业,3.5439642,3.61749543,3.71875155,3.5319099,7772721,232387929.0,19.431802,1.6943,40000001.0,144699820.81749544,2026-07-14
2016-05-05,sh.603027,千禾味业,3.61749543,3.6524529,3.68982123,3.5921814,5890458,178122648.0,14.726145,0.9663,40000000.0,146098116.0,2026-07-14
2016-05-06,sh.603027,千禾味业,3.6765615,3.49213071,3.81639138,3.47043297,8888939,270388048.0,22.222348,-4.3894,39999999.0,139685224.90786928,2026-07-14
2016-05-09,sh.603027,千禾味业,3.3993126,3.34747911,3.42221577,3.32819223,5652454,157985532.0,14.131135,-4.1422,40000000.0,133899164.4,2026-07-14
2016-05-10,sh.603027,千禾味业,3.3510954,3.41859948,3.44632437,3.3390411,4292444,120930343.0,10.73111,2.1246,40000000.0,136743979.20000002,2026-07-14
2016-05-11,sh.603027,千禾味业,3.42944835,3.55240221,3.65365833,3.41257233,8812190,258283305.0,22.030475,3.914,40000000.0,142096088.4,2026-07-14
2016-05-12,sh.603027,千禾味业,3.4354755,3.37399857,3.4354755,3.2787696,6252860,173658217.0,15.63215,-5.0221,40000000.0,134959942.79999998,2026-07-14
2016-05-13,sh.603027,千禾味业,3.35712255,3.34747911,3.44511894,3.3149325,3998484,111612022.0,9.99621,-0.786,40000000.0,133899164.4,2026-07-14
2016-05-16,sh.603027,千禾味业,3.34747911,3.45235152,3.45476238,3.31734336,3987502,111768361.0,9.968755,3.1329,40000000.0,138094060.8,2026-07-14
2016-05-17,sh.603027,千禾味业,3.44150265,3.37399857,3.44873523,3.36073884,3970455,111921177.0,9.926137,-2.2696,40000002.0,134959949.54799715,2026-07-14
2016-05-18,sh.603027,千禾味业,3.3390411,3.24381213,3.3390411,3.1702809,4751605,128173651.0,11.879012,-3.8585,40000002.0,129752491.68762425,2026-07-14
2016-05-19,sh.603027,千禾味业,3.24019584,3.24501756,3.29926191,3.2305524,2997001,81036544.0,7.492503,0.0372,39999997.0,129800692.66494732,2026-07-14
2016-05-20,sh.603027,千禾味业,3.1702809,3.27997503,3.28118046,3.14376144,3055337,81731646.0,7.638343,1.0773,39999997.0,131198991.36007491,2026-07-14
2016-05-23,sh.603027,千禾味业,3.2908239,3.375204,3.41498319,3.2787696,4199767,117018003.0,10.499417,2.9033,40000002.0,135008166.750408,2026-07-14
2016-05-24,sh.603027,千禾味业,3.36556056,3.31854879,3.36556056,3.28238589,2722350,74967827.0,6.805875,-1.6786,40000000.0,132741951.6,2026-07-14
2016-05-25,sh.603027,千禾味业,3.36073884,3.33180852,3.38966916,3.3149325,2556921,71136511.0,6.392302,0.3996,40000003.0,133272350.79542556,2026-07-14
2016-05-26,sh.603027,千禾味业,3.33542481,3.37158771,3.37399857,3.2305524,3071884,84185855.0,7.67971,1.1939,40000000.0,134863508.4,2026-07-14
2016-05-27,sh.603027,千禾味业,3.3993126,3.54637506,3.67776693,3.39208002,9998720,296048848.0,24.9968,5.1841,40000000.0,141855002.4,2026-07-14
2016-05-30,sh.603027,千禾味业,3.47766555,3.51021216,3.5560185,3.375204,5434957,156710693.0,13.587392,-1.0197,40000001.0,140408489.91021216,2026-07-14
2016-05-31,sh.603027,千禾味业,3.495747,3.68017779,3.74044929,3.495747,8607458,260213156.0,21.518645,4.842,40000000.0,147207111.6,2026-07-14
2016-06-01,sh.603027,千禾味业,3.66330177,3.67897236,3.80795337,3.63437145,8638275,266554333.0,21.595688,-0.0328,39999999.0,147158890.72102764,2026-07-14
2016-06-02,sh.603027,千禾味业,3.68258865,3.86219772,3.95983755,3.6765615,9809437,309803328.0,24.523592,4.9803,40000001.0,154487912.66219774,2026-07-14
2016-06-03,sh.603027,千禾味业,3.83085654,3.94296153,4.08279141,3.75009273,12098243,394415360.0,30.245607,2.0911,40000001.0,157718465.14296153,2026-07-14
2016-06-06,sh.603027,千禾味业,3.91885293,4.01046561,4.06832625,3.83688369,9204464,301576640.0,23.01116,1.712,40000000.0,160418624.4,2026-07-14
2016-06-07,sh.603027,千禾味业,4.02251991,4.16958237,4.2431136,3.96345384,11455211,388647152.0,28.638028,3.9675,39999999.0,166783290.63041762,2026-07-14
2016-06-08,sh.603027,千禾味业,4.16476065,3.95501583,4.16476065,3.94898868,8642928,289436624.0,21.60732,-5.146,40000000.0,158200633.2,2026-07-14
2016-06-13,sh.603027,千禾味业,3.83688369,3.56445651,3.857376,3.56084022,8473004,263465329.0,21.18251,-9.875,40000000.0,142578260.4,2026-07-14
2016-06-14,sh.603027,千禾味业,3.57168909,3.70549182,3.7729959,3.56445651,6135583,187413827.0,15.338957,3.9567,40000001.0,148219676.50549182,2026-07-14
2016-06-15,sh.603027,千禾味业,3.6524529,3.90318234,4.01769819,3.61870086,7582092,242317918.0,18.95523,5.3351,40000000.0,156127293.6,2026-07-14
2016-06-16,sh.603027,千禾味业,3.88871718,3.85978686,3.99841131,3.80795337,5331888,172333842.0,13.32972,-1.1118,40000000.0,154391474.4,2026-07-14
2016-06-17,sh.603027,千禾味业,3.90332988,3.98918379,3.99402063,3.8331957,6107356,197953506.0,15.26839,3.3521,40000000.0,159567351.6,2026-07-14
2016-06-20,sh.603027,千禾味业,3.99643905,4.13187057,4.25520999,3.869472,9577329,325591376.0,23.943323,3.5768,39999999.0,165274818.66812944,2026-07-14
2016-06-21,sh.603027,千禾味业,4.1234061,4.02908772,4.26246525,4.02183246,8787402,300072240.0,21.968505,-2.4876,40000000.0,161163508.79999998,2026-07-14
2016-06-22,sh.603027,千禾味业,3.990393,4.19958633,4.23102579,3.9541167,8319518,285279920.0,20.798795,4.2317,40000000.0,167983453.2,2026-07-14
2016-06-23,sh.603027,千禾味业,4.17782055,4.2201429,4.32534417,4.09559427,8019016,279654016.0,20.04754,0.4895,40000000.0,168805716.0,2026-07-14
2016-06-24,sh.603027,千禾味业,4.18144818,4.06899165,4.2443271,3.9420246,7150768,242660838.0,17.87692,-3.5817,40000000.0,162759666.0,2026-07-14
2016-06-27,sh.603027,千禾味业,4.06052718,4.31808891,4.35920205,4.03271535,8014885,281163728.0,20.037213,6.1218,39999999.0,172723552.0819111,2026-07-14
2016-06-28,sh.603027,千禾味业,4.27213893,4.30962444,4.43659149,4.2201429,7684013,275201952.0,19.210033,-0.196,39999999.0,172384973.29037556,2026-07-14
2016-06-29,sh.603027,千禾味业,4.31446128,4.52365461,4.58048748,4.23949026,9234118,335507424.0,23.085295,4.9663,40000000.0,180946184.4,2026-07-14
2016-06-30,sh.603027,千禾味业,4.4136165,4.26488367,4.44263754,4.25158236,7781737,279823296.0,19.454342,-5.7204,40000001.0,170595351.06488365,2026-07-14
2016-07-01,sh.603027,千禾味业,4.3168797,4.30599681,4.4015244,4.25158236,4446283,159261722.0,11.115707,0.964,40000002.0,172239881.01199362,2026-07-14
2016-07-04,sh.603027,千禾味业,4.26972051,4.48012305,4.50430725,4.26972051,5740971,210357123.0,14.352428,4.0438,39999999.0,179204917.51987696,2026-07-14
2016-07-05,sh.603027,千禾味业,4.474077,4.60346247,4.6554585,4.474077,7426664,281478912.0,18.56666,2.753,40000000.0,184138498.8,2026-07-14
2016-07-06,sh.603027,千禾味业,4.60467168,4.63852956,4.72559268,4.49342436,6607636,251935401.0,16.51909,0.7618,40000000.0,185541182.4,2026-07-14
2016-07-07,sh.603027,千禾味业,4.64941245,4.64820324,4.68931638,4.5345375,4997749,190535754.0,12.494373,0.2085,39999998.0,185928120.30359352,2026-07-14
2016-07-08,sh.603027,千禾味业,4.66150455,4.72680189,4.83079395,4.61555457,6124443,240603251.0,15.311108,1.691,39999999.0,189072070.87319812,2026-07-14
2016-07-11,sh.603027,千禾味业,4.68931638,4.5829059,4.82232948,4.53090987,6598030,253032988.0,16.495075,-3.0443,40000000.0,183316236.0,2026-07-14
2016-07-12,sh.603027,千禾味业,4.5466296,4.79451765,4.8126558,4.45835727,6534287,250166872.0,16.335717,4.6174,40000001.0,191780710.79451767,2026-07-14
2016-07-13,sh.603027,千禾味业,4.79572686,4.70987295,4.83684,4.594998,5089567,199215861.0,12.723918,-1.7654,39999998.0,188394908.5802541,2026-07-14
2016-07-14,sh.603027,千禾味业,4.715919,4.88399919,4.89488208,4.67480586,7008552,279492016.0,17.52138,3.697,40000000.0,195359967.6,2026-07-14
2016-07-15,sh.603027,千禾味业,4.89488208,4.83200316,4.90334655,4.79451765,4797710,191922781.0,11.994275,-1.0646,40000000.0,193280126.4,2026-07-14
2016-07-18,sh.603027,千禾味业,4.79572686,4.71350058,4.81144659,4.6917348,4444586,174039378.0,11.111465,-2.4525,40000000.0,188540023.2,2026-07-14
2016-07-19,sh.603027,千禾味业,4.6796427,4.64699403,4.76186898,4.55993091,3996310,153386803.0,9.990775,-1.411,40000000.0,185879761.20000002,2026-07-14
2016-07-20,sh.603027,千禾味业,4.65424929,4.62280983,4.67722428,4.5829059,2692242,103115185.0,6.730605,-0.5204,40000000.0,184912393.2,2026-07-14
2016-07-21,sh.603027,千禾味业,4.60588089,4.56114012,4.67480586,4.5345375,3155628,120043952.0,7.88907,-1.334,40000000.0,182445604.8,2026-07-14
2016-07-22,sh.603027,千禾味业,4.52002698,4.35920205,4.5708138,4.32292575,5706113,208166483.0,14.265283,-4.4274,39999999.0,174368077.64079797,2026-07-14
2016-07-25,sh.603027,千禾味业,4.2926955,4.36403889,4.4257086,4.28423103,2976652,107121577.0,7.44163,0.111,40000000.0,174561555.6,2026-07-14
2016-07-26,sh.603027,千禾味业,4.36282968,4.40515203,4.42691781,4.33018101,2511331,91380162.0,6.278327,0.9421,40000003.0,176206094.4154561,2026-07-14
2016-07-27,sh.603027,千禾味业,4.4136165,4.11010479,4.44142833,4.00006668,4894637,170004529.0,12.236593,-6.6978,39999998.0,164404183.37979043,2026-07-14
2016-07-28,sh.603027,千禾味业,4.0750377,4.10647716,4.1354982,3.98918379,2704605,91027697.0,6.761513,-0.0883,39999997.0,164259074.08056852,2026-07-14
2016-07-29,sh.603027,千禾味业,4.1234061,4.08592059,4.17056529,4.07261928,1947131,66166060.0,4.867827,-0.5006,40000004.0,163436839.94368234,2026-07-14
2016-08-01,sh.603027,千禾味业,3.990393,3.8936562,4.04601666,3.78603651,2327446,74990441.0,5.818615,-4.7055,40000000.0,155746248.0,2026-07-14
2016-08-02,sh.603027,千禾味业,3.8936562,3.98797458,3.990393,3.87068121,1939766,63400857.0,4.849415,2.4224,40000000.0,159518983.2,2026-07-14
2016-08-03,sh.603027,千禾味业,3.96499959,4.10768637,4.1475903,3.9299325,3051835,103114550.0,7.629587,3.0018,40000003.0,164307467.1230591,2026-07-14
2016-08-04,sh.603027,千禾味业,4.0871298,4.09075743,4.15000872,4.04480745,1779439,60266039.0,4.448597,-0.4121,40000004.0,163630313.5630297,2026-07-14
2016-08-05,sh.603027,千禾味业,4.07866533,4.08954822,4.1475903,4.07866533,2086111,71078432.0,5.215278,-0.0296,39999996.0,163581912.44180712,2026-07-14
2016-08-08,sh.603027,千禾味业,4.0629456,4.07745612,4.09438506,3.96862722,1618931,53997064.0,4.047328,-0.2957,39999995.0,163098224.4127194,2026-07-14
2016-08-09,sh.603027,千禾味业,4.05206271,4.1596824,4.16572845,4.04480745,2085520,71400158.0,5.2138,2.0166,40000000.0,166387296.0,2026-07-14
2016-08-10,sh.603027,千禾味业,4.1596824,4.16814687,4.20684159,4.11977847,1993236,68660661.0,4.98309,0.2035,40000000.0,166725874.8,2026-07-14
2016-08-11,sh.603027,千禾味业,4.13307978,4.01699562,4.17056529,4.01215878,2084924,70670749.0,5.21231,-3.6263,40000000.0,160679824.8,2026-07-14
2016-08-12,sh.603027,千禾味业,3.990393,4.05689955,4.07141007,3.990393,1398422,46667054.0,3.496055,0.9934,40000000.0,162275982.0,2026-07-14
2016-08-15,sh.603027,千禾味业,4.111314,4.46319411,4.46319411,4.07624691,7437520,268315860.0,18.5938,10.0149,40000000.0,178527764.4,2026-07-14
2016-08-16,sh.603027,千禾味业,4.5708138,4.73163873,4.89609129,4.51398093,11211704,433636208.0,28.02926,6.0146,40000000.0,189265549.20000002,2026-07-14
2016-08-17,sh.603027,千禾味业,4.68206112,4.62522825,4.69415322,4.53695592,6702130,256196456.0,16.755325,-2.2489,40000000.0,185009130.0,2026-07-14
2016-08-18,sh.603027,千禾味业,4.62643746,4.67238744,4.71470979,4.5103533,7187714,275332704.0,17.969285,1.0196,40000000.0,186895497.6,2026-07-14
2016-08-19,sh.603027,千禾味业,4.61434536,4.59016116,4.7280111,4.5345375,5232454,199803766.0,13.081135,-1.7598,40000000.0,183606446.4,2026-07-14
2016-08-22,sh.603027,千禾味业,4.56597696,4.42208097,4.63006509,4.4015244,4149704,152898099.0,10.37426,-3.6617,40000000.0,176883238.79999998,2026-07-14
2016-08-23,sh.603027,千禾味业,4.4257086,4.41240729,4.49342436,4.37492178,2809630,103021310.0,7.024075,-0.2188,40000000.0,176496291.6,2026-07-14
2016-08-24,sh.603027,千禾味业,4.4136165,4.44626517,4.51639935,4.38217704,2766183,101789843.0,6.915457,0.7673,40000003.0,177850620.13879552,2026-07-14
2016-08-25,sh.603027,千禾味业,4.4015244,4.34469153,4.4015244,4.20926001,3786935,134662834.0,9.467338,-2.2845,39999998.0,173787652.51061696,2026-07-14
2016-08-26,sh.603027,千禾味业,4.4136165,4.36041126,4.51156251,4.353156,2913866,106575504.0,7.284665,0.3618,40000000.0,174416450.4,2026-07-14
2016-08-29,sh.603027,千禾味业,4.34952837,4.29874155,4.35194679,4.24069947,1951854,69251889.0,4.879635,-1.4143,40000000.0,171949662.0,2026-07-14
2016-08-30,sh.603027,千禾味业,4.29027708,4.43054544,4.44505596,4.27213893,3221056,116824036.0,8.05264,3.0661,40000000.0,177221817.60000002,2026-07-14
2016-08-31,sh.603027,千禾味业,4.4257086,4.39789677,4.4257086,4.30115997,2961378,106732022.0,7.403445,-0.7369,40000000.0,175915870.8,2026-07-14
2016-09-01,sh.603027,千禾味业,4.38701388,4.353156,4.45835727,4.34469153,2520210,91838775.0,6.300525,-1.0173,40000000.0,174126240.0,2026-07-14
2016-09-02,sh.603027,千禾味业,4.353156,4.28181261,4.37613099,4.2443271,2338410,83283670.0,5.846025,-1.6389,40000000.0,171272504.4,2026-07-14
2016-09-05,sh.603027,千禾味业,4.26004683,4.26004683,4.32534417,4.25037315,1373000,48631896.0,3.4325,-0.508332,40000000.0,170401873.20000002,2026-07-14
2016-09-06,sh.603027,千禾味业,4.26246525,4.31567049,4.32655338,4.1717745,2029152,71494461.0,5.07288,1.305703,40000000.0,172626819.6,2026-07-14
2016-09-07,sh.603027,千禾味业,4.29027708,4.29753234,4.353156,4.28544024,1635596,58456561.0,4.08899,-0.420279,40000000.0,171901293.6,2026-07-14
2016-09-08,sh.603027,千禾味业,4.3047876,4.33139022,4.33622706,4.29511392,1352583,48235276.0,3.381457,0.787841,40000006.0,173255634.78834134,2026-07-14
2016-09-09,sh.603027,千禾味业,4.3289718,4.23949026,4.34831916,4.232235,1653505,58819272.0,4.133763,-2.121715,39999995.0,169579589.2025487,2026-07-14
2016-09-12,sh.603027,千禾味业,4.13670741,4.05569034,4.1596824,4.03634298,2198220,74685933.0,5.49555,-4.335426,40000000.0,162227613.6,2026-07-14
2016-09-13,sh.603027,千禾味业,4.07745612,4.05810876,4.111314,4.03271535,1075459,36159287.0,2.688648,0.059632,39999993.0,162324321.99323866,2026-07-14
2016-09-14,sh.603027,千禾味业,4.05206271,4.04238903,4.08954822,4.02062325,1096560,36817669.0,2.7414,-0.387369,40000000.0,161695561.2,2026-07-14
2016-09-19,sh.603027,千禾味业,4.06536402,4.10647716,4.111314,4.06415481,932023,31566847.0,2.330058,1.585399,39999991.0,164259049.44170555,2026-07-14
2016-09-20,sh.603027,千禾味业,4.111314,4.111314,4.15121793,4.0871298,722340,24566827.0,1.80585,0.117788,40000000.0,164452560.0,2026-07-14
2016-09-21,sh.603027,千禾味业,4.09075743,4.11010479,4.12098768,4.02787851,1372600,46445504.0,3.4315,-0.029407,40000000.0,164404191.60000002,2026-07-14
2016-09-22,sh.603027,千禾味业,4.14154425,4.11494163,4.16935608,4.09801269,1336105,45630005.0,3.340262,0.117673,40000006.0,164597689.88964978,2026-07-14
2016-09-23,sh.603027,千禾味业,4.14638109,4.06657323,4.14638109,4.0629456,1079434,36609019.0,2.698585,-1.175427,40000000.0,162662929.20000002,2026-07-14
2016-09-26,sh.603027,千禾味业,4.06657323,3.86584437,4.0871298,3.8452878,2096932,68414793.0,5.24233,-4.936074,40000000.0,154633774.8,2026-07-14
2016-09-27,sh.603027,千禾味业,3.85133385,3.91421277,3.91904961,3.82956807,1256373,40242998.0,3.140933,1.251172,39999994.0,156568487.31472337,2026-07-14
2016-09-28,sh.603027,千禾味业,3.90091146,3.89607462,3.93476934,3.88277331,723765,23367233.0,1.809412,-0.463385,40000011.0,155843027.6568208,2026-07-14
2016-09-29,sh.603027,千禾味业,3.92267724,3.9178404,3.96379038,3.89728383,836127,27198316.0,2.090317,0.55866,40000010.0,156713655.178404,2026-07-14
2016-09-30,sh.603027,千禾味业,3.9178404,3.9299325,3.95290749,3.90695751,563232,18324832.0,1.40808,0.308637,40000000.0,157197300.0,2026-07-14
2016-10-10,sh.603027,千禾味业,3.97104564,4.07866533,4.111314,3.95653512,1456974,48784665.0,3.642435,3.784614,40000000.0,163146613.2,2026-07-14
2016-10-11,sh.603027,千禾味业,4.11977847,4.14396267,4.16572845,4.08229296,1589162,54171308.0,3.972905,1.600952,40000000.0,165758506.79999998,2026-07-14
2016-10-12,sh.603027,千禾味业,4.11252321,4.17056529,4.21772448,4.10043111,1900463,65552148.0,4.751157,0.641965,40000004.0,166822628.28226116,2026-07-14
2016-10-13,sh.603027,千禾味业,4.15726398,4.15605477,4.18265739,4.12945215,1127751,38844651.0,2.819377,-0.347935,40000007.0,166242219.8923834,2026-07-14
2016-10-14,sh.603027,千禾味业,4.12461531,4.19837712,4.20684159,4.1234061,1426706,49244020.0,3.566765,1.018337,40000000.0,167935084.8,2026-07-14
2016-10-17,sh.603027,千禾味业,4.19233107,4.11736005,4.23102579,4.0871298,1477587,50829096.0,3.693967,-1.929729,40000005.0,164694422.58680025,2026-07-14
2016-10-18,sh.603027,千禾味业,4.1354982,4.20442317,4.21530606,4.11736005,1865117,64303460.0,4.662793,2.114541,39999996.0,168176909.9823073,2026-07-14
2016-10-19,sh.603027,千禾味业,4.21651527,4.23102579,4.29027708,4.21409685,2245429,78977813.0,5.613573,0.632733,39999996.0,169241014.67589685,2026-07-14
2016-10-20,sh.603027,千禾味业,4.26246525,4.25520999,4.27576656,4.21167843,1710171,60190439.0,4.275428,0.571583,39999995.0,170208378.32395005,2026-07-14
2016-10-21,sh.603027,千禾味业,4.27455735,4.26488367,4.27455735,4.17419292,1933240,67645807.0,4.8331,0.227343,40000000.0,170595346.79999998,2026-07-14
2016-10-24,sh.603027,千禾味业,4.2685113,4.30599681,4.34952837,4.22981658,2428380,86131581.0,6.07095,0.963992,40000000.0,172239872.4,2026-07-14
2016-10-25,sh.603027,千禾味业,4.30599681,4.32655338,4.353156,4.27455735,2079585,74315306.0,5.198962,0.477389,40000004.0,173062152.50621352,2026-07-14
2016-10-26,sh.603027,千禾味业,4.32413496,4.26730209,4.32413496,4.25037315,1707547,60443359.0,4.268867,-1.369474,40000005.0,170692104.93651047,2026-07-14
2016-10-27,sh.603027,千禾味业,4.3047876,4.30115997,4.3168797,4.2685113,1479214,52518179.0,3.698035,0.793422,40000000.0,172046398.79999998,2026-07-14
2016-10-28,sh.603027,千禾味业,4.3047876,4.31325207,4.37129415,4.27213893,2559574,91451818.0,6.398935,0.281131,40000000.0,172530082.79999998,2026-07-14
2016-10-31,sh.603027,千禾味业,4.27576656,4.30115997,4.32655338,4.21772448,2342814,82860398.0,5.857035,-0.280343,40000000.0,172046398.79999998,2026-07-14
2016-11-01,sh.603027,千禾味业,4.2926955,4.54783881,4.65304008,4.2926955,5661297,212145517.0,14.153242,5.735173,40000001.0,181913556.9478388,2026-07-14
2016-11-02,sh.603027,千禾味业,4.49221515,4.44747438,4.54058355,4.43538228,4803821,178148279.0,12.009552,-2.206865,40000002.0,177898984.09494877,2026-07-14
2016-11-03,sh.603027,千禾味业,4.4136165,4.50914409,4.61676378,4.41240729,4582714,171570653.0,11.456785,1.386629,40000000.0,180365763.60000002,2026-07-14
2016-11-04,sh.603027,千禾味业,4.47528621,4.66513218,4.73284794,4.47528621,6250637,240380897.0,15.626592,3.459375,40000001.0,186605291.86513215,2026-07-14
2016-11-07,sh.603027,千禾味业,4.72438347,4.6312743,4.78484397,4.57202301,4415342,169494621.0,11.038355,-0.725771,40000000.0,185250972.0,2026-07-14
2016-11-08,sh.603027,千禾味业,4.64094798,4.76307819,4.79572686,4.6191822,5208167,203295201.0,13.020418,2.845953,39999998.0,190523118.07384363,2026-07-14
2016-11-09,sh.603027,千禾味业,4.7280111,4.68689796,4.75340451,4.5829059,5225741,202389083.0,13.064353,-1.599393,39999998.0,187475909.02620405,2026-07-14
2016-11-10,sh.603027,千禾味业,4.73405715,4.86586104,4.94204127,4.73405715,6606425,264659599.0,16.516063,3.818378,39999999.0,194634436.73413897,2026-07-14
2016-11-11,sh.603027,千禾味业,4.81628343,4.83321237,5.13793329,4.81386501,7230965,296013776.0,18.077413,-0.670975,39999999.0,193328489.96678764,2026-07-14
2016-11-14,sh.603027,千禾味业,4.81386501,4.91060181,4.92027549,4.73526636,5991045,238201338.0,14.977613,1.601199,39999999.0,196424067.4893982,2026-07-14
2016-11-15,sh.603027,千禾味业,4.9214847,5.15244381,5.29513059,4.88883603,7941918,335006272.0,19.854795,4.924895,40000000.0,206097752.4,2026-07-14
2016-11-16,sh.603027,千禾味业,5.08351884,4.96138863,5.13551487,4.95171495,4311664,179183322.0,10.77916,-3.708054,40000000.0,198455545.20000002,2026-07-14
2016-11-17,sh.603027,千禾味业,4.94445969,4.83321237,4.94445969,4.7521953,4544997,181580794.0,11.362493,-2.58347,39999998.0,193328485.13357526,2026-07-14
2016-11-18,sh.603027,千禾味业,4.83442158,5.05328859,5.15848986,4.83442158,5638564,233847412.0,14.09641,4.553414,40000000.0,202131543.6,2026-07-14
2016-11-21,sh.603027,千禾味业,5.0544978,5.38461213,5.55873837,5.00129256,9690977,429970016.0,24.227442,6.556587,40000001.0,215384490.58461213,2026-07-14
2016-11-22,sh.603027,千禾味业,5.34591741,5.37735687,5.52246207,5.2842477,6890383,306681168.0,17.225957,-0.134735,40000001.0,215094280.17735687,2026-07-14
2016-11-23,sh.603027,千禾味业,5.320524,5.27578323,5.3809845,5.20685826,3579923,156248488.0,8.949808,-1.888914,39999998.0,211031318.64843354,2026-07-14
2016-11-24,sh.603027,千禾味业,5.24192535,5.19839379,5.47288446,5.13188724,4836317,211435476.0,12.090792,-1.466879,40000002.0,207935761.99678758,2026-07-14
2016-11-25,sh.603027,千禾味业,5.14518855,5.19476616,5.2358793,4.99887414,3936313,166360423.0,9.840782,-0.06979,40000002.0,207790656.78953233,2026-07-14
2016-11-28,sh.603027,千禾味业,5.1512346,5.00733861,5.22257799,4.97227152,3332599,139619542.0,8.331497,-3.608006,40000002.0,200293554.4146772,2026-07-14
2016-11-29,sh.603027,千禾味业,4.97106231,4.82353869,5.06417148,4.80781896,3246809,132829949.0,8.117022,-3.670612,40000002.0,192941557.2470774,2026-07-14
2016-11-30,sh.603027,千禾味业,4.82353869,4.88641761,4.93236759,4.77396108,2754618,111094393.0,6.886545,1.303586,40000000.0,195456704.39999998,2026-07-14
2016-12-01,sh.603027,千禾味业,4.92269391,4.85739657,4.92269391,4.82112027,2030013,81454436.0,5.075032,-0.593916,40000004.0,194295882.22958627,2026-07-14
2016-12-02,sh.603027,千禾味业,4.82716632,4.77033345,4.85255973,4.7401032,2453493,96865127.0,6.133732,-1.792376,40000003.0,190813352.31100035,2026-07-14
2016-12-05,sh.603027,千禾味业,4.8247479,4.83321237,4.89488208,4.70987295,2261978,90182014.0,5.654945,1.318125,40000000.0,193328494.8,2026-07-14
2016-12-06,sh.603027,千禾味业,4.77154266,4.80419133,4.86948867,4.77154266,1590700,63418501.0,3.97675,-0.600455,40000000.0,192167653.20000002,2026-07-14
2016-12-07,sh.603027,千禾味业,4.81023738,4.83684,4.84288605,4.71350058,2286455,90326868.0,5.716138,0.679588,39999997.0,193473585.48948,2026-07-14
2016-12-08,sh.603027,千禾味业,4.8973005,4.99524651,5.0424057,4.84651368,4523804,185858526.0,11.30951,3.275003,40000000.0,199809860.4,2026-07-14
2016-12-09,sh.603027,千禾味业,4.957761,4.85014131,4.96017942,4.83804921,2484068,100670209.0,6.21017,-2.904867,40000000.0,194005652.39999998,2026-07-14
2016-12-12,sh.603027,千禾味业,4.83563079,4.61434536,4.8610242,4.5829059,3606772,139535710.0,9.01693,-4.861632,40000000.0,184573814.39999998,2026-07-14
2016-12-13,sh.603027,千禾味业,4.59620721,4.65183087,4.68931638,4.5708138,1835800,70368109.0,4.5895,0.812373,40000000.0,186073234.8,2026-07-14
2016-12-14,sh.603027,千禾味业,4.62039141,4.67722428,4.69415322,4.62039141,1057801,40746942.0,2.644503,0.545878,39999992.0,187088933.78220576,2026-07-14
2016-12-15,sh.603027,千禾味业,4.70140848,4.84651368,4.9093926,4.66513218,3274833,130328526.0,8.187082,3.619446,40000002.0,193860556.89302737,2026-07-14
2016-12-16,sh.603027,千禾味业,4.84530447,4.86827946,4.90818339,4.81507422,2449804,98502114.0,6.12451,0.449093,40000000.0,194731178.4,2026-07-14
2016-12-19,sh.603027,千禾味业,4.87190709,5.05207938,5.1512346,4.8610242,4302249,179536625.0,10.755623,3.775461,39999998.0,202083165.09584126,2026-07-14
2016-12-20,sh.603027,千禾味业,5.0424057,5.23467009,5.2600635,5.0182215,4867571,209040950.0,12.168928,3.614175,39999998.0,209386793.13065982,2026-07-14
2016-12-21,sh.603027,千禾味业,5.2842477,5.24676219,5.30238585,5.1633267,3579647,154351912.0,8.949117,0.230997,40000002.0,209870498.0935244,2026-07-14
2016-12-22,sh.603027,千禾味业,5.2237872,5.17783722,5.23467009,5.1270504,2448900,104952332.0,6.12225,-1.313666,40000000.0,207113488.79999998,2026-07-14
2016-12-23,sh.603027,千禾味业,5.14035171,5.16695433,5.3447082,5.12946882,2533732,109670771.0,6.33433,-0.210182,40000000.0,206678173.20000002,2026-07-14
2016-12-26,sh.603027,千禾味业,5.14156092,5.16937275,5.24313456,5.08956489,1830935,78182391.0,4.577337,0.046807,40000004.0,206774930.677491,2026-07-14
2016-12-27,sh.603027,千禾味业,5.16211749,5.08110042,5.22136878,5.0665899,2032401,86458595.0,5.081003,-1.707601,39999996.0,203243996.47559834,2026-07-14
2016-12-28,sh.603027,千禾味业,5.09682015,5.08956489,5.1633267,5.05570701,1802115,75907697.0,4.505287,0.166587,40000004.0,203582615.95825955,2026-07-14
2016-12-29,sh.603027,千禾味业,5.1149583,5.33140689,5.3930766,5.078682,4252873,184701145.0,10.632182,4.751722,40000002.0,213256286.26281378,2026-07-14
2016-12-30,sh.603027,千禾味业,5.33382531,5.43781737,5.44749105,5.23950693,4538749,201569360.0,11.346872,1.99592,40000002.0,217512705.67563474,2026-07-14
2017-01-03,sh.603027,千禾味业,5.44386342,5.45595552,5.62645413,5.441445,4977989,227661254.0,12.444973,0.333551,39999998.0,218238209.88808894,2026-07-14
2017-01-04,sh.603027,千禾味业,5.4172608,5.44023579,5.52125286,5.3688924,2737409,123266023.0,6.843523,-0.288114,39999997.0,217609415.27929264,2026-07-14
2017-01-05,sh.603027,千禾味业,5.4535371,5.40879633,5.47530288,5.2963398,2622092,116397293.0,6.55523,-0.577911,40000000.0,216351853.20000002,2026-07-14
2017-01-06,sh.603027,千禾味业,5.441445,5.64338307,5.66877648,5.42693448,4878629,223869968.0,12.196573,4.337131,39999998.0,225735311.51323384,2026-07-14
2017-01-09,sh.603027,千禾味业,5.66877648,5.91424611,5.9855895,5.5381818,8013147,382591008.0,20.032868,4.799661,39999999.0,236569838.48575386,2026-07-14
2017-01-10,sh.603027,千禾味业,5.804208,5.76914091,5.98800792,5.74495671,5479600,265251726.0,13.699,-2.453488,40000000.0,230765636.4,2026-07-14
2017-01-11,sh.603027,千禾味业,5.74616592,5.72440014,5.78969748,5.68812384,2439047,115757285.0,6.097618,-0.775517,39999997.0,228975988.4267996,2026-07-14
2017-01-12,sh.603027,千禾味业,5.7195633,5.61678045,5.74132908,5.15244381,4700433,216115691.0,11.751083,-1.880016,39999998.0,224671206.7664391,2026-07-14
2017-01-13,sh.603027,千禾味业,5.55511074,5.48497656,5.58050415,5.4051687,2686513,121582452.0,6.716282,-2.34661,40000003.0,219399078.8549297,2026-07-14
2017-01-16,sh.603027,千禾味业,5.4898134,4.93599522,6.03153948,4.93599522,8896871,391897104.0,22.242178,-10.00882,39999999.0,197439803.86400476,2026-07-14
2017-01-17,sh.603027,千禾味业,4.6917348,4.74131241,4.9335768,4.44263754,10756196,408431808.0,26.89049,-3.944147,40000000.0,189652496.4,2026-07-14
2017-01-18,sh.603027,千禾味业,4.60467168,4.38217704,4.80902817,4.28664945,7743772,286665744.0,19.35943,-7.574592,40000000.0,175287081.6,2026-07-14
2017-01-19,sh.603027,千禾味业,4.38217704,4.41482571,4.49221515,4.11856926,5817408,208056207.0,14.54352,0.745024,40000000.0,176593028.39999998,2026-07-14
2017-01-20,sh.603027,千禾味业,4.353156,4.353156,4.45352043,4.30599681,4382072,159048914.0,10.95518,-1.396873,40000000.0,174126240.0,2026-07-14
2017-01-23,sh.603027,千禾味业,4.353156,4.3652481,4.4498928,4.3289718,2512800,90811662.0,6.282,0.277774,40000000.0,174609924.0,2026-07-14
2017-01-24,sh.603027,千禾味业,4.35436521,4.38459546,4.42449939,4.3410639,2070232,75053432.0,5.17558,0.443213,40000000.0,175383818.4,2026-07-14
2017-01-25,sh.603027,千禾味业,4.35920205,4.30599681,4.3652481,4.2926955,2414900,86151683.0,6.03725,-1.792603,40000000.0,172239872.4,2026-07-14
2017-01-26,sh.603027,千禾味业,4.31083365,4.26125604,4.32171654,4.21651527,2032802,71615081.0,5.082005,-1.039031,40000000.0,170450241.6,2026-07-14
2017-02-03,sh.603027,千禾味业,4.2806034,4.19958633,4.28906787,4.19112186,1363302,47661189.0,3.408255,-1.447225,40000000.0,167983453.2,2026-07-14
2017-02-06,sh.603027,千禾味业,4.19474949,4.28544024,4.3047876,4.18144818,2246344,79063264.0,5.61586,2.044339,40000000.0,171417609.6,2026-07-14
2017-02-07,sh.603027,千禾味业,4.28544024,4.29148629,4.30236918,4.20442317,2640100,92713713.0,6.60025,0.141092,40000000.0,171659451.6,2026-07-14
2017-02-08,sh.603027,千禾味业,4.28785866,4.37371257,4.41240729,4.24190868,3466626,124272398.0,8.666565,1.916023,40000000.0,174948502.8,2026-07-14
2017-02-09,sh.603027,千禾味业,4.37371257,4.44505596,4.4498928,4.34348232,3632250,132127922.0,9.080625,1.631186,40000000.0,177802238.4,2026-07-14
2017-02-10,sh.603027,千禾味业,4.43659149,4.4257086,4.46682174,4.37854941,3400036,124351619.0,8.50009,-0.435255,40000000.0,177028344.0,2026-07-14
2017-02-13,sh.603027,千禾味业,4.4136165,4.41724413,4.45352043,4.36766652,2913235,106167027.0,7.283088,-0.191256,39999997.0,176689751.9482676,2026-07-14
2017-02-14,sh.603027,千禾味业,4.43296386,4.3773402,4.43296386,4.3410639,2911056,105424711.0,7.27764,-0.903362,40000000.0,175093608.0,2026-07-14
2017-02-15,sh.603027,千禾味业,4.34469153,4.27576656,4.37492178,4.2685113,2400100,85872698.0,6.00025,-2.320442,40000000.0,171030662.4,2026-07-14
2017-02-16,sh.603027,千禾味业,4.25158236,4.23949026,4.28664945,4.21167843,2212102,77448203.0,5.530255,-0.848414,40000000.0,169579610.4,2026-07-14
2017-02-17,sh.603027,千禾味业,4.2443271,4.18144818,4.29148629,4.1354982,2865200,99758894.0,7.163,-1.36908,40000000.0,167257927.20000002,2026-07-14
2017-02-20,sh.603027,千禾味业,4.15847319,4.07866533,4.22860737,4.0266693,3297955,111585468.0,8.244888,-2.458075,39999998.0,163146605.04266933,2026-07-14
2017-02-21,sh.603027,千禾味业,4.07866533,4.16572845,4.16935608,4.01215878,3973765,134538457.0,9.934413,2.134602,39999998.0,166629129.66854307,2026-07-14
2017-02-22,sh.603027,千禾味业,4.14154425,4.14033504,4.16331003,4.11373242,2241166,76602981.0,5.602915,-0.609576,40000000.0,165613401.6,2026-07-14
2017-02-23,sh.603027,千禾味业,4.14033504,4.24674552,4.25037315,4.08229296,4311203,148556429.0,10.778008,2.570085,39999998.0,169869812.30650896,2026-07-14
2017-02-24,sh.603027,千禾味业,4.2201429,4.22981658,4.25279157,4.19354028,2584632,90238547.0,6.46158,-0.398632,40000000.0,169192663.2,2026-07-14
2017-02-27,sh.603027,千禾味业,4.22618895,4.23707184,4.31204286,4.1717745,2911679,102360632.0,7.279197,0.171531,40000003.0,169482886.3112155,2026-07-14
2017-02-28,sh.603027,千禾味业,4.21893369,4.22497974,4.25883762,4.19354028,1794982,62676668.0,4.487455,-0.285395,40000000.0,168999189.6,2026-07-14
2017-03-01,sh.603027,千禾味业,4.21046922,4.1596824,4.23102579,4.15484556,3485066,120344956.0,8.712665,-1.545498,40000000.0,166387296.0,2026-07-14
2017-03-02,sh.603027,千禾味业,4.1234061,4.15121793,4.2201429,4.07261928,3469796,118312220.0,8.67449,-0.203487,40000000.0,166048717.2,2026-07-14
2017-03-03,sh.603027,千禾味业,4.111314,4.15484556,4.19354028,4.08471138,2278897,78235601.0,5.697242,0.087384,40000004.0,166193839.01938224,2026-07-14
2017-03-06,sh.603027,千禾味业,4.15242714,4.23828105,4.25520999,4.11373242,3625872,126148420.0,9.06468,2.008145,40000000.0,169531242.0,2026-07-14
2017-03-07,sh.603027,千禾味业,4.23102579,4.41966255,4.46803095,4.22739816,7596771,274494976.0,11.407396,4.279601,66595137.0,294328033.01101935,2026-07-14
2017-03-08,sh.603027,千禾味业,4.41966255,4.36766652,4.41966255,4.35194679,3660304,132458363.0,5.496353,-1.176471,66595140.0,290865363.3727128,2026-07-14
2017-03-09,sh.603027,千禾味业,4.353156,4.38701388,4.41845334,4.30720602,3744882,135399888.0,5.623357,0.442968,66595132.0,292153768.42443216,2026-07-14
2017-03-10,sh.603027,千禾味业,4.38096783,4.47044937,4.53332829,4.3652481,4680292,173020017.0,7.027979,1.901881,66595134.0,297710174.8353656,2026-07-14
2017-03-13,sh.603027,千禾味业,4.46440332,4.53332829,4.53695592,4.37854941,4317299,159557588.0,6.482904,1.406547,66595140.0,301897632.1385106,2026-07-14
2017-03-14,sh.603027,千禾味业,4.52486382,4.46077569,4.53211908,4.44747438,3223249,119648812.0,4.840067,-1.600433,66595132.0,297065945.8979411,2026-07-14
2017-03-15,sh.603027,千禾味业,4.44747438,4.53937434,4.55267565,4.3894323,4031852,149075150.0,6.054274,1.761999,66595136.0,302300251.52721024,2026-07-14
2017-03-16,sh.603027,千禾味业,4.5345375,4.64094798,4.74614925,4.5345375,6017752,231817028.0,9.036324,2.237613,66595133.0,309064547.97418135,2026-07-14
2017-03-17,sh.603027,千禾味业,4.66150455,4.62401904,4.74614925,4.6070901,3609894,139541338.0,5.420657,-0.364772,66595138.0,307937186.08342755,2026-07-14
2017-03-20,sh.603027,千禾味业,4.63369272,4.66271376,4.72922031,4.57444143,3638084,140146387.0,5.462988,0.836819,66595131.0,310514033.66270256,2026-07-14
2017-03-21,sh.603027,千禾味业,4.6554585,4.7280111,4.73889399,4.61676378,3773738,146115451.0,5.666687,1.400407,66595138.0,314862551.6700318,2026-07-14
2017-03-22,sh.603027,千禾味业,4.7280111,4.7280111,4.7280111,4.7280111,0,0.0,0.0,0.0,66595138.0,314862551.6700318,2026-07-14
2017-03-23,sh.603027,千禾味业,4.88641761,4.63490193,5.06296227,4.61676378,10322008,412186336.0,15.499642,-1.969301,66595138.0,308661933.64481634,2026-07-14
2017-03-24,sh.603027,千禾味业,4.5345375,4.48133226,4.56960459,4.39547835,7570651,280520672.0,11.368174,-3.313333,66595137.0,298434935.79721963,2026-07-14
2017-03-27,sh.603027,千禾味业,4.474077,4.4378007,4.5224454,4.41603492,3839138,141453481.0,5.764892,-0.971399,66595142.0,295535967.7841994,2026-07-14
2017-03-28,sh.603027,千禾味业,4.41482571,4.34952837,4.4498928,4.30841523,3214291,116585416.0,4.826615,-1.9891,66595140.0,289657450.7341218,2026-07-14
2017-03-29,sh.603027,千禾味业,4.35194679,4.26125604,4.37492178,4.24190868,3241836,115226610.0,4.867977,-2.029468,66595138.0,283778934.0371335,2026-07-14
2017-03-30,sh.603027,千禾味业,4.22256132,4.13791662,4.23102579,4.1234061,3182056,109423091.0,4.778211,-2.894439,66595134.0,275565111.7897271,2026-07-14
2017-03-31,sh.603027,千禾味业,4.13428899,4.1959587,4.2564192,4.12461531,2263168,77826796.0,3.398398,1.402687,66595143.0,279430469.64859414,2026-07-14
2017-04-05,sh.603027,千禾味业,4.232235,4.29995076,4.30357839,4.1717745,2453442,86393707.0,3.684116,2.478388,66595134.0,286355797.05560184,2026-07-14
2017-04-06,sh.603027,千禾味业,4.29874155,4.31446128,4.37492178,4.26972051,2458644,88102295.0,3.691927,0.337455,66595141.0,287322157.2806405,2026-07-14
2017-04-07,sh.603027,千禾味业,4.30115997,4.25762841,4.31808891,4.2564192,1620641,57411655.0,2.433573,-1.317268,66595126.0,283537300.42512965,2026-07-14
2017-04-10,sh.603027,千禾味业,4.23344421,4.13307978,4.25762841,4.11736005,3162400,108754285.0,4.748695,-2.925302,66595138.0,275243018.3141096,2026-07-14
2017-04-11,sh.603027,千禾味业,4.1354982,4.22618895,4.22860737,4.11494163,1530325,52785953.0,2.297953,2.252781,66595139.0,281443640.565514,2026-07-14
2017-04-12,sh.603027,千禾味业,4.232235,4.27092972,4.3168797,4.21288764,1790810,63443089.0,2.6891,1.058652,66595143.0,284423175.4463499,2026-07-14
2017-04-13,sh.603027,千禾味业,4.25400078,4.21046922,4.29148629,4.20442317,1249817,43868142.0,1.876739,-1.415629,66595142.0,280396795.59252924,2026-07-14
2017-04-14,sh.603027,千禾味业,4.20563238,4.14638109,4.20563238,4.1234061,1119546,38419796.0,1.681123,-1.52211,66595127.0,276128775.2789484,2026-07-14
2017-04-17,sh.603027,千禾味业,4.09196664,4.12824294,4.18023897,4.0508535,1217500,41425687.0,1.828212,-0.43745,66595121.0,274920838.1066957,2026-07-14
2017-04-18,sh.603027,千禾味业,4.14879951,4.15363635,4.19958633,4.11010479,1256845,43333035.0,1.887292,0.615112,66595153.0,276612048.2346116,2026-07-14
2017-04-19,sh.603027,千禾味业,4.11252321,4.22860737,4.22981658,4.11252321,1388869,47989161.0,2.085541,1.804957,66595142.0,281604708.2673965,2026-07-14
2017-04-20,sh.603027,千禾味业,4.232235,4.39185072,4.4015244,4.20926001,4136294,148732461.0,6.211105,3.860447,66595139.0,292475909.16565007,2026-07-14
2017-04-21,sh.603027,千禾味业,4.40757045,4.33743627,4.40757045,4.32292575,1753335,63028251.0,2.632827,-1.238989,66595147.0,288852206.00378174,2026-07-14
2017-04-24,sh.603027,千禾味业,4.33018101,4.28181261,4.38338625,4.2685113,1597377,57009465.0,2.398639,-1.282406,66595140.0,285147910.2167154,2026-07-14
2017-04-25,sh.603027,千禾味业,4.28785866,4.2443271,4.32534417,4.2201429,1352629,47667382.0,2.031123,-0.875463,66595130.0,282651514.987023,2026-07-14
2017-04-26,sh.603027,千禾味业,4.4136165,4.50188883,4.5103533,4.34227311,4394467,161198910.0,6.598781,6.068379,66595133.0,299803885.3850644,2026-07-14
2017-04-27,sh.603027,千禾味业,4.44505596,4.56960459,4.57806906,4.42087176,3350356,125263514.0,5.030932,1.504167,66595136.0,304313439.13727427,2026-07-14
2017-04-28,sh.603027,千禾味业,4.5103533,4.52849145,4.57685985,4.48012305,1524669,57048005.0,2.28946,-0.899709,66595136.0,301575503.98758715,2026-07-14
2017-05-02,sh.603027,千禾味业,4.51881777,4.49947041,4.56114012,4.4861691,1607776,60136810.0,2.414254,-0.640859,66595147.0,299642893.37610024,2026-07-14
2017-05-03,sh.603027,千禾味业,4.51760856,4.51156251,4.5345375,4.45593885,1314290,48813644.0,1.973553,0.268751,66595121.0,300448051.2525137,2026-07-14
2017-05-04,sh.603027,千禾味业,4.50914409,4.44263754,4.50914409,4.4257086,1608633,59425534.0,2.415541,-1.52774,66595144.0,295858086.71610576,2026-07-14
2017-05-05,sh.603027,千禾味业,4.4257086,4.45714806,4.52849145,4.40636124,1774393,65559915.0,2.664448,0.326617,66595145.0,296824421.3421687,2026-07-14
2017-05-08,sh.603027,千禾味业,4.43417307,4.38459546,4.45593885,4.37008494,1126998,41000656.0,1.692313,-1.627787,66595127.0,291992691.5023234,2026-07-14
2017-05-09,sh.603027,千禾味业,4.34227311,4.40636124,4.4136165,4.31808891,1091559,39411174.0,1.639097,0.496416,66595144.0,293442261.29381853,2026-07-14
2017-05-10,sh.603027,千禾味业,4.37492178,4.3652481,4.46077569,4.32292575,1438352,52442366.0,2.159845,-0.933041,66595149.0,290704347.64146686,2026-07-14
2017-05-11,sh.603027,千禾味业,4.31446128,4.29148629,4.31446128,4.1717745,2053300,72224972.0,3.083258,-1.689742,66595141.0,285792134.5821169,2026-07-14
2017-05-12,sh.603027,千禾味业,4.29148629,4.27576656,4.32292575,4.25279157,991443,35149828.0,1.488762,-0.366303,66595131.0,284745234.1886194,2026-07-14
2017-05-15,sh.603027,千禾味业,4.30962444,4.27455735,4.32776259,4.26246525,761078,27011725.0,1.142843,-0.028287,66595149.0,284664783.6322952,2026-07-14
2017-05-16,sh.603027,千禾味业,4.27455735,4.41119808,4.41240729,4.19112186,1620031,57522723.0,2.432657,3.196609,66595126.0,293764291.9485581,2026-07-14
2017-05-17,sh.603027,千禾味业,4.31083365,4.40515203,4.42087176,4.29511392,1831171,66173811.0,2.749707,-0.137059,66595132.0,293361680.91791797,2026-07-14
2017-05-18,sh.603027,千禾味业,4.35678363,4.38217704,4.40757045,4.353156,906204,32817804.0,1.360766,-0.521544,66595138.0,291831684.71923155,2026-07-14
2017-05-19,sh.603027,千禾味业,4.38096783,4.26488367,4.40636124,4.24190868,1370644,48641616.0,2.058174,-2.676604,66595147.0,284020554.9415495,2026-07-14
2017-05-22,sh.603027,千禾味业,4.23586263,4.06536402,4.26367446,4.05931797,2400832,82104254.0,3.605116,-4.678201,66595139.0,270733481.99749875,2026-07-14
2017-05-23,sh.603027,千禾味业,4.05327192,3.91904961,4.08108375,3.87068121,1895956,62131117.0,2.846989,-3.599046,66595129.0,260989614.3353497,2026-07-14
2017-05-24,sh.603027,千禾味业,3.88761015,3.75096942,3.89849304,3.70622865,3015954,94550479.0,4.52879,-4.288798,66595139.0,249796329.9096494,2026-07-14
2017-05-25,sh.603027,千禾味业,3.75943389,3.81384834,3.84166017,3.7001826,1389477,43323273.0,2.086454,1.676339,66595142.0,253983771.76876426,2026-07-14
2017-05-26,sh.603027,千禾味业,3.8090115,3.77394441,3.85375227,3.75822468,2116877,66740557.0,3.178726,-1.046296,66595139.0,251326352.562223,2026-07-14
2017-05-31,sh.603027,千禾味业,3.87914568,3.88035489,4.02062325,3.84407859,1790839,58086331.0,2.689144,2.819613,66595132.0,258412746.10639548,2026-07-14
2017-06-01,sh.603027,千禾味业,3.8936562,3.76427073,3.9057483,3.7606431,1049398,33242704.0,1.575788,-2.991589,66595126.0,250682083.56246197,2026-07-14
2017-06-02,sh.603027,千禾味业,3.79087335,3.87914568,3.89002857,3.69050892,902160,28404900.0,1.354694,3.051727,66595113.0,258332144.90306184,2026-07-14
2017-06-05,sh.603027,千禾味业,3.90695751,3.97104564,3.98797458,3.8815641,1185386,38678379.0,1.779989,2.369072,66595131.0,264452304.60277882,2026-07-14
2017-06-06,sh.603027,千禾味业,3.96862722,4.01578641,4.06173639,3.91904961,1279432,42316152.0,1.921209,1.126671,66595149.0,267431894.32612506,2026-07-14
2017-06-07,sh.603027,千禾味业,4.03525206,4.1836248,4.35145626,4.013361,2961877,51187581.0,2.223794,4.179288,133190260.0,557218074.854448,2026-07-14
2017-06-08,sh.603027,千禾味业,4.12524864,4.2930801,4.3660503,4.10822226,7087246,123695945.0,5.321144,2.616272,133190269.0,571796493.3575469,2026-07-14
2017-06-09,sh.603027,千禾味业,4.27605372,4.27118904,4.3052418,4.1836248,3304119,57608842.0,2.480751,-0.509916,133190272.0,568880830.0010189,2026-07-14
2017-06-12,sh.603027,千禾味业,4.24929798,4.1957865,4.31010648,4.18848948,2105207,36775259.0,1.580601,-1.765373,133190286.0,558838003.9299389,2026-07-14
2017-06-13,sh.603027,千禾味业,4.1836248,4.256595,4.2930801,4.1836248,1961311,34226953.0,1.472563,1.449275,133190295.0,566937143.745525,2026-07-14
2017-06-14,sh.603027,千禾味业,4.23956862,4.3052418,4.39523838,4.23713628,3270116,58287195.0,2.455221,1.142861,133190291.0,573416408.1673638,2026-07-14
2017-06-15,sh.603027,千禾味业,4.3052418,4.33442988,4.378212,4.27848606,2271935,40472272.0,1.705781,0.67796,133190310.0,577304059.3904628,2026-07-14
2017-06-16,sh.603027,千禾味业,4.3538886,4.23470394,4.3660503,4.20308352,2759334,48223975.0,2.071723,-2.300785,133190296.0,564021471.2409663,2026-07-14
2017-06-19,sh.603027,千禾味业,4.2322716,4.22983926,4.2687567,4.18848948,2638932,45710967.0,1.981325,-0.114879,133190264.0,563373407.7169647,2026-07-14
2017-06-20,sh.603027,千禾味业,4.26632436,4.20551586,4.26632436,4.20065118,1689698,29421411.0,1.268635,-0.575034,133190240.0,560133666.7172065,2026-07-14
2017-06-21,sh.603027,千禾味业,4.24200096,4.23956862,4.26632436,4.21038054,1950087,33997295.0,1.464136,0.809713,133190291.0,564669378.2122685,2026-07-14
2017-06-22,sh.603027,千禾味业,4.2322716,4.23713628,4.32470052,4.22983926,2779737,48818987.0,2.087042,-0.057374,133190276.0,564345350.5828133,2026-07-14
2017-06-23,sh.603027,千禾味业,4.2444333,4.31497116,4.32470052,4.14227502,2843791,49532285.0,2.135134,1.836967,133190282.0,574712225.6222671,2026-07-14
2017-06-26,sh.603027,千禾味业,4.31497116,4.41226476,4.42199412,4.27362138,3840785,68961386.0,2.883683,2.254789,133190264.0,587670708.2222967,2026-07-14
2017-06-27,sh.603027,千禾味业,4.4025354,4.48523496,4.50712602,4.37334732,3471827,63838858.0,2.606667,1.65381,133190277.0,597389686.7324839,2026-07-14
2017-06-28,sh.603027,千禾味业,4.4511822,4.4025354,4.52658474,4.378212,2993244,54849053.0,2.247344,-1.843819,133190290.0,586374966.661266,2026-07-14
2017-06-29,sh.603027,千禾味业,4.41956178,4.5241524,4.56550218,4.4146971,3500858,64900434.0,2.628464,2.762431,133190259.0,602573029.9114716,2026-07-14
2017-06-30,sh.603027,千禾味业,4.52658474,4.49739666,4.54361112,4.44874986,2014898,37130633.0,1.512797,-0.591401,133190243.0,599009354.0127883,2026-07-14
2017-07-03,sh.603027,千禾味业,4.52172006,4.51928772,4.52172006,4.44145284,1706196,31531500.0,1.281021,0.48675,133190322.0,601925386.6374459,2026-07-14
2017-07-04,sh.603027,千禾味业,4.5119907,4.53388176,4.56550218,4.4876673,2085319,38854745.0,1.565669,0.322925,133190285.0,603869003.7707015,2026-07-14
2017-07-05,sh.603027,千禾味业,4.5363141,4.54361112,4.55334048,4.50469368,2020598,37582555.0,1.517076,0.214597,133190295.0,605164905.4380803,2026-07-14
2017-07-06,sh.603027,千禾味业,4.5241524,4.49009964,4.54361112,4.47064092,1623273,30088680.0,1.218762,-1.177737,133190319.0,598037803.3933852,2026-07-14
2017-07-07,sh.603027,千禾味业,4.49496432,4.46820858,4.5119907,4.44874986,1513821,27825492.0,1.136585,-0.487531,133190303.0,595122054.6373997,2026-07-14
2017-07-10,sh.603027,千禾味业,4.47064092,4.4633439,4.52658474,4.44145284,1694200,31303736.0,1.272015,-0.108876,133190253.0,594473903.2670066,2026-07-14
2017-07-11,sh.603027,千禾味业,4.4511822,4.36118562,4.4633439,4.3417269,2477532,44700223.0,1.860145,-2.288829,133190262.0,580867455.3584324,2026-07-14
2017-07-12,sh.603027,千禾味业,4.36118562,4.41712944,4.4268588,4.31010648,1606437,28889805.0,1.206122,1.282764,133190258.0,588318609.7329955,2026-07-14
2017-07-13,sh.603027,千禾味业,4.4268588,4.33199754,4.43172348,4.32470052,1572879,28287761.0,1.180926,-1.927315,133190310.0,576980095.2718374,2026-07-14
2017-07-14,sh.603027,千禾味业,4.37091498,4.3417269,4.37577966,4.3052418,1030486,18389402.0,0.773695,0.224598,133190211.0,578275521.915376,2026-07-14
2017-07-17,sh.603027,千禾味业,4.30767414,4.19821884,4.3295652,4.05714312,2663867,46188216.0,2.000046,-3.305323,133190287.0,559161972.1884071,2026-07-14
2017-07-18,sh.603027,千禾味业,4.15686906,4.0498461,4.22740692,4.01092866,3661828,61707438.0,2.749321,-3.534187,133190268.0,539400087.4177548,2026-07-14
2017-07-19,sh.603027,千禾味业,4.0620078,4.15200438,4.1957865,4.04254908,1869166,31690797.0,1.40338,2.522523,133190298.0,553006700.6695052,2026-07-14
2017-07-20,sh.603027,千禾味业,4.14957204,4.16173374,4.21524522,4.0863312,2118697,36202430.0,1.59073,0.234335,133190233.0,554302286.5145614,2026-07-14
2017-07-21,sh.603027,千禾味业,4.1471397,4.10335758,4.16416608,4.08389886,1599832,27050093.0,1.201163,-1.402687,133190250.0,546527221.919595,2026-07-14
2017-07-24,sh.603027,千禾味业,4.0863312,4.08389886,4.11795162,4.0376844,2153469,36138704.0,1.616837,-0.474214,133190235.0,543935448.8796321,2026-07-14
2017-07-25,sh.603027,千禾味业,4.07903418,4.13011332,4.16416608,4.04741376,1256566,21266109.0,0.943437,1.131618,133190240.0,550090784.3179969,2026-07-14
2017-07-26,sh.603027,千禾味业,4.09606056,4.12524864,4.1714631,4.09606056,995681,16900129.0,0.747563,-0.117788,133190246.0,549442881.1727654,2026-07-14
2017-07-27,sh.603027,千禾味业,4.134978,4.20551586,4.22497458,4.06444014,1722573,29492168.0,1.293317,1.945766,133190316.0,560133986.3364118,2026-07-14
2017-07-28,sh.603027,千禾味业,4.20065118,4.2809184,4.33442988,4.1593014,2121666,37338507.0,1.592959,1.792941,133190245.0,570176570.521008,2026-07-14
2017-07-31,sh.603027,千禾味业,4.26145968,4.3052418,4.30767414,4.23713628,1270312,22347393.0,0.953757,0.568184,133190320.0,573416533.019376,2026-07-14
2017-08-01,sh.603027,千禾味业,4.3295652,4.21767756,4.3295652,4.19092182,1795504,31237931.0,1.348074,-2.033902,133190314.0,561753798.5671539,2026-07-14
2017-08-02,sh.603027,千禾味业,4.22983926,4.2444333,4.2687567,4.1957865,1121689,19546774.0,0.84217,0.634375,133190330.0,565317471.889989,2026-07-14
2017-08-03,sh.603027,千禾味业,4.21767756,4.26145968,4.29794478,4.21524522,1080908,18951472.0,0.811552,0.401144,133190233.0,567584807.6993054,2026-07-14
2017-08-04,sh.603027,千禾味业,4.3174035,4.10578992,4.3174035,3.8430972,2571532,44000498.0,1.930721,-3.652975,133190243.0,546851157.1517506,2026-07-14
2017-08-07,sh.603027,千禾味业,4.10822226,4.14957204,4.16173374,4.0863312,800013,13592062.0,0.600654,1.066353,133190323.0,552682840.3193688,2026-07-14
2017-08-08,sh.603027,千禾味业,4.134978,4.09606056,4.16659842,4.0863312,1852587,31252723.0,1.390933,-1.289562,133190240.0,545555289.0409343,2026-07-14
2017-08-09,sh.603027,千禾味业,4.0984929,4.13011332,4.1714631,4.06444014,1331491,22483411.0,0.999691,0.83135,133190256.0,550090850.39981,2026-07-14
2017-08-10,sh.603027,千禾味业,4.15200438,4.18119246,4.20308352,4.10578992,1853531,31766848.0,1.391641,1.236755,133190313.0,556894332.46064,2026-07-14
2017-08-11,sh.603027,千禾味业,4.14470736,4.22254224,4.27362138,4.10578992,1864805,32330309.0,1.400106,0.988947,133190273.0,562401553.6996316,2026-07-14
2017-08-14,sh.603027,千禾味业,4.256595,4.27848606,4.31253882,4.19092182,1812768,31913591.0,1.361036,1.324882,133190305.0,569852863.2696482,2026-07-14
2017-08-15,sh.603027,千禾味业,4.27848606,4.62874302,4.69684854,4.256595,8888666,166142570.0,6.67366,8.186472,133190273.0,616503546.4806445,2026-07-14
2017-08-16,sh.603027,千禾味业,4.57036686,4.60198728,4.6457694,4.52172006,4806282,90313892.0,3.608583,-0.578038,133190285.0,612939997.3895749,2026-07-14
2017-08-17,sh.603027,千禾味业,4.59469026,4.57766388,4.61658132,4.50226134,3342050,62575302.0,2.50923,-0.528543,133190262.0,609700251.5251366,2026-07-14
2017-08-18,sh.603027,千禾味业,4.59225792,4.5727992,4.59225792,4.5241524,1645888,30844553.0,1.235742,-0.106272,133190261.0,609052318.9485912,2026-07-14
2017-08-21,sh.603027,千禾味业,4.57766388,4.57523154,4.66766046,4.5727992,2043547,38714293.0,1.534306,0.053193,133190315.0,609376530.0105351,2026-07-14
2017-08-22,sh.603027,千禾味业,4.55577282,4.79414214,4.83305958,4.50226134,5899916,113787440.0,4.42969,4.784687,133190268.0,638533076.4566935,2026-07-14
2017-08-23,sh.603027,千禾味业,4.743063,4.68711918,4.76008938,4.64820174,3142907,60721631.0,2.359712,-2.232363,133190279.0,624278711.2904512,2026-07-14
2017-08-24,sh.603027,千禾味业,4.61901366,4.46091156,4.65306642,4.4390205,4422372,82334434.0,3.320342,-4.826156,133190256.0,594149952.6697594,2026-07-14
2017-08-25,sh.603027,千禾味业,4.54604346,4.46577624,4.58252856,4.45604688,2637202,48856698.0,1.980026,0.109054,133190271.0,594797947.6309611,2026-07-14
2017-08-28,sh.603027,千禾味业,4.50226134,4.61658132,4.63117536,4.45847922,3381703,63489133.0,2.539001,3.3769,133190298.0,614883841.7520334,2026-07-14
2017-08-29,sh.603027,千禾味业,4.63117536,4.55334048,4.64090472,4.53874644,1858900,35006205.0,1.395673,-1.369864,133190224.0,606460438.4794675,2026-07-14
2017-08-30,sh.603027,千禾味业,4.55334048,4.54361112,4.59225792,4.52901708,1440987,26960911.0,1.081901,-0.21367,133190283.0,605164850.9147469,2026-07-14
2017-08-31,sh.603027,千禾味业,4.5727992,4.54361112,4.58739324,4.499829,1729426,32255562.0,1.298463,0.0,133190241.0,605164660.0830798,2026-07-14
2017-09-01,sh.603027,千禾味业,4.51928772,4.48280262,4.55820516,4.4633439,2394125,44234638.0,1.797522,-1.33833,133190303.0,597065839.2469939,2026-07-14
2017-09-04,sh.603027,千禾味业,4.5119907,4.65063408,4.6579311,4.50226134,4124724,78076688.0,3.096866,3.743898,133190264.0,619419180.8825971,2026-07-14
2017-09-05,sh.603027,千禾味业,4.621446,4.76008938,4.7673864,4.59955494,4860207,94358059.0,3.649071,2.35355,133190256.0,633997523.1050813,2026-07-14
2017-09-06,sh.603027,千禾味业,4.78198044,4.74792768,4.8281949,4.71630726,2936985,57452593.0,2.205105,-0.255489,133190256.0,632377703.1686862,2026-07-14
2017-09-07,sh.603027,千禾味业,4.72360428,4.72117194,4.79900682,4.68711918,2562770,49952772.0,1.924142,-0.563528,133190274.0,628814184.2897115,2026-07-14
2017-09-08,sh.603027,千禾味业,4.743063,4.93521786,4.97170296,4.73819832,5379170,108111065.0,4.038711,4.533751,133190268.0,657322989.4117864,2026-07-14
2017-09-11,sh.603027,千禾味业,4.93035318,5.22709866,5.26115142,4.88170638,6695214,141189499.0,5.026804,5.914237,133190274.0,696198702.7504328,2026-07-14
2017-09-12,sh.603027,千禾味业,5.15169612,5.0957523,5.2903395,5.07386124,5452366,115316967.0,4.093667,-2.512792,133190267.0,678704609.4028641,2026-07-14
2017-09-13,sh.603027,千禾味业,5.07386124,5.12250804,5.15412846,5.0471055,2850876,59859570.0,2.140454,0.525053,133190248.0,682268116.2295939,2026-07-14
2017-09-14,sh.603027,千禾味业,5.16385782,5.05197018,5.26358376,5.02521444,4160604,88130092.0,3.123805,-1.377013,133190260.0,672873221.7864468,2026-07-14
2017-09-15,sh.603027,千禾味业,5.0714289,5.12494038,5.21980164,4.97899998,3495143,73318724.0,2.624173,1.444387,133190266.0,682592172.446341,2026-07-14
2017-09-18,sh.603027,千禾味业,5.1322374,5.11277868,5.20277526,5.08115826,3218796,67882634.0,2.41669,-0.237301,133190273.0,680972388.1777797,2026-07-14
2017-09-19,sh.603027,千禾味业,5.107914,5.03007912,5.19061356,5.01305274,2782456,58408232.0,2.089084,-1.617508,133190240.0,669957445.2117888,2026-07-14
2017-09-20,sh.603027,千禾味业,4.9984587,5.10548166,5.14926378,4.9984587,3280020,68714577.0,2.462657,1.49903,133190290.0,680000582.8850814,2026-07-14
2017-09-21,sh.603027,千禾味业,5.05197018,5.24898972,5.31709524,5.0349438,4806776,103400260.0,3.608954,2.810863,133190282.0,699114421.021901,2026-07-14
2017-09-22,sh.603027,千禾味业,5.2052076,5.13710208,5.2660161,5.1200757,2825111,60069038.0,2.121109,-2.131599,133190279.0,684212059.2866803,2026-07-14
2017-09-25,sh.603027,千禾味业,5.11277868,5.33655396,5.3876331,5.11277868,5662121,123647779.0,4.251152,3.882574,133190274.0,710777084.148185,2026-07-14
2017-09-26,sh.603027,千禾味业,5.34871566,5.5578969,5.58951732,5.29277184,6598670,148686489.0,4.954318,4.147675,133190280.0,740257844.322132,2026-07-14
2017-09-27,sh.603027,千禾味业,5.48249436,5.54816754,5.66491986,5.472765,4066624,92807764.0,3.053244,-0.175059,133190272.0,738961943.7541709,2026-07-14
2017-09-28,sh.603027,千禾味业,5.4970884,5.52627648,5.63329944,5.472765,2875721,65446883.0,2.159107,-0.394564,133190296.0,736046400.1490381,2026-07-14
2017-09-29,sh.603027,千禾味业,5.52870882,5.64789348,5.73059304,5.52870882,3619246,83823217.0,2.71735,2.200704,133190277.0,752244497.067694,2026-07-14
2017-10-09,sh.603027,千禾味业,5.715999,5.56276158,5.715999,5.53600584,3824366,87942691.0,2.871355,-1.507315,133190288.0,740905816.9155351,2026-07-14
2017-10-10,sh.603027,千禾味业,5.56762626,5.53600584,5.5700586,5.43871224,2851983,64403380.0,2.141285,-0.480982,133190257.0,737342040.5831008,2026-07-14
2017-10-11,sh.603027,千禾味业,5.5335735,5.6551905,5.70626964,5.46303564,4871200,112544765.0,3.657324,2.152899,133190278.0,753216394.8379589,2026-07-14
2017-10-12,sh.603027,千禾味业,5.6308671,5.75005176,5.77923984,5.58465264,3721854,87090169.0,2.794389,1.677417,133190261.0,765850894.6779094,2026-07-14
2017-10-13,sh.603027,千禾味业,5.74761942,5.7768075,5.84004834,5.68194624,3187300,75697014.0,2.393043,0.465316,133190252.0,769414446.68049,2026-07-14
2017-10-16,sh.603027,千禾味业,5.77923984,5.61627306,5.8011309,5.5092501,3859027,89406476.0,2.897379,-2.778947,133190273.0,748032942.1039454,2026-07-14
2017-10-17,sh.603027,千禾味业,5.5335735,5.56519392,5.6430288,5.472765,2755447,62963071.0,2.068805,-0.909489,133190272.0,741229691.9375461,2026-07-14
2017-10-18,sh.603027,千禾味业,5.56519392,5.45087394,5.59194966,5.3997948,2427076,54794714.0,1.822262,-2.054193,133190288.0,726003469.9202948,2026-07-14
2017-10-19,sh.603027,千禾味业,5.4241182,5.26115142,5.5457352,5.25628674,3946588,87762536.0,2.96312,-3.480592,133190286.0,700734262.3191061,2026-07-14
2017-10-20,sh.603027,千禾味业,5.25628674,5.4484416,5.45573862,5.24898972,2684110,59128361.0,2.015245,3.559873,133190257.0,725679336.9534912,2026-07-14
2017-10-23,sh.603027,千禾味业,5.4484416,5.26358376,5.50681776,5.21250462,5556388,121664347.0,4.171767,-3.392858,133190276.0,701058173.7435178,2026-07-14
2017-10-24,sh.603027,千禾味业,5.2781778,5.32195992,5.3389863,5.14683144,2960630,64011111.0,2.222858,1.109056,133190244.0,708833140.3030205,2026-07-14
2017-10-25,sh.603027,千禾味业,5.33655396,5.47033266,5.6308671,5.30736588,7008613,157907592.0,5.262106,2.787937,133190266.0,728595062.0938876,2026-07-14
2017-10-26,sh.603027,千禾味业,5.28790716,5.25142206,5.28790716,5.08602294,9843219,210850100.0,7.390344,-4.001777,133190268.0,699438311.5525122,2026-07-14
2017-10-27,sh.603027,千禾味业,5.21250462,5.1808842,5.2173693,5.1200757,5619488,119271182.0,4.219143,-1.343219,133190271.0,690043370.6176182,2026-07-14
2017-10-30,sh.603027,千禾味业,5.1808842,4.97170296,5.18574888,4.87197702,5522625,113808068.0,4.146418,-4.037553,133190262.0,662182419.8285755,2026-07-14
2017-10-31,sh.603027,千禾味业,4.986297,5.03251146,5.06899656,4.9376502,2691052,55155811.0,2.020457,1.223092,133190263.0,670281524.907914,2026-07-14
2017-11-01,sh.603027,千禾味业,5.0106204,5.23926036,5.2903395,5.00089104,5348881,114587566.0,4.01597,4.108266,133190263.0,697818465.2738748,2026-07-14
2017-11-02,sh.603027,千禾味业,5.229531,5.2052076,5.3146629,5.19061356,2957794,63753442.0,2.220728,-0.64996,133190287.0,693283094.1385812,2026-07-14
2017-11-03,sh.603027,千禾味业,5.1930459,5.23196334,5.32195992,5.18331654,3197865,69172138.0,2.400975,0.514022,133190266.0,696846588.9568485,2026-07-14
2017-11-06,sh.603027,千禾味业,5.2903395,5.44114458,5.472765,5.18574888,4328384,94601456.0,3.249775,3.998143,133190267.0,724707499.3958029,2026-07-14
2017-11-07,sh.603027,千禾味业,5.42168586,5.45573862,5.54330286,5.4119565,4259283,96002741.0,3.197893,0.268214,133190291.0,726651414.4177384,2026-07-14
2017-11-08,sh.603027,千禾味业,5.4484416,5.31952758,5.4484416,5.30736588,3579600,78979499.0,2.687584,-2.496654,133190256.0,708509240.1792605,2026-07-14
2017-11-09,sh.603027,千禾味业,5.2781778,5.30006886,5.39493012,5.26115142,2223294,48497646.0,1.669262,-0.365797,133190236.0,705917422.2796509,2026-07-14
2017-11-10,sh.603027,千禾味业,5.30006886,5.34871566,5.37060672,5.25871908,2740757,59987485.0,2.057776,0.917847,133190250.0,712396775.934315,2026-07-14
2017-11-13,sh.603027,千禾味业,5.28304248,5.23439568,5.33168928,5.18331654,4479672,96481281.0,3.363363,-2.137332,133190262.0,697170532.0308682,2026-07-14
2017-11-14,sh.603027,千禾味业,5.23682802,5.10548166,5.2538544,5.08602294,2836102,60072015.0,2.129361,-2.462828,133190286.0,680000562.4631547,2026-07-14
2017-11-15,sh.603027,千禾味业,5.0835906,5.12250804,5.16142548,5.0106204,2435101,50938308.0,1.828287,0.333491,133190303.0,682268397.9675361,2026-07-14
2017-11-16,sh.603027,千禾味业,5.1200757,5.12980506,5.17601952,5.06169954,1587902,33568367.0,1.192206,0.142453,133190237.0,683239951.7051992,2026-07-14
2017-11-17,sh.603027,千禾味业,5.11034634,4.98872934,5.22223398,4.97899998,2980436,62806573.0,2.237728,-2.750118,133190272.0,664450217.7289804,2026-07-14
2017-11-20,sh.603027,千禾味业,4.96440594,5.04224082,5.10548166,4.49009964,2361498,47770721.0,1.773026,1.072644,133190263.0,671577380.9251356,2026-07-14
2017-11-21,sh.603027,千禾味业,4.99359402,5.1200757,5.20763994,4.99359402,2529589,53293611.0,1.89923,1.543655,133190240.0,681944111.301168,2026-07-14
2017-11-22,sh.603027,千禾味业,5.11764336,4.98143232,5.1200757,4.94251488,3329904,68526836.0,2.500111,-2.707837,133190246.0,663478196.1331507,2026-07-14
2017-11-23,sh.603027,千禾味业,4.98143232,4.69684854,5.02764678,4.62631068,5713778,112360473.0,4.289936,-5.712891,133190285.0,625574595.644434,2026-07-14
2017-11-24,sh.603027,千禾味业,4.6944162,4.68711918,4.75279236,4.57523154,1955871,37461220.0,1.468479,-0.207141,133190260.0,624278622.2351868,2026-07-14
2017-11-27,sh.603027,千禾味业,4.6700928,4.60441962,4.6944162,4.59225792,1288216,24625580.0,0.9672,-1.764401,133190240.0,613263754.2485088,2026-07-14
2017-11-28,sh.603027,千禾味业,4.36848264,4.4390205,4.48523496,4.256595,4095970,74240613.0,3.075277,-3.592183,133190278.0,591234374.442699,2026-07-14
2017-11-29,sh.603027,千禾味业,4.44145284,4.5241524,4.53874644,4.28335074,3575450,64803897.0,2.684468,1.91781,133190263.0,602573048.0080812,2026-07-14
2017-11-30,sh.603027,千禾味业,4.48523496,4.44388518,4.54361112,4.43172348,1637900,30261898.0,1.229744,-1.774193,133190323.0,591882502.4991131,2026-07-14
2017-12-01,sh.603027,千禾味业,4.4268588,4.5363141,4.57036686,4.38794136,1342429,24873123.0,1.007903,2.079908,133190297.0,604193022.2642877,2026-07-14
2017-12-04,sh.603027,千禾味业,4.5484758,4.51442304,4.56306984,4.4755056,1152248,21402936.0,0.865114,-0.482575,133190308.0,601277395.1398963,2026-07-14
2017-12-05,sh.603027,千禾味业,4.5119907,4.53388176,4.58982558,4.4755056,1682500,31314539.0,1.26323,0.431034,133190314.0,603869135.2532727,2026-07-14
2017-12-06,sh.603027,千禾味业,4.51928772,4.50955836,4.5971226,4.4268588,817500,15158666.0,0.613784,-0.536473,133190178.0,600628880.669788,2026-07-14
2017-12-07,sh.603027,千禾味业,4.5119907,4.51928772,4.5241524,4.47064092,553048,10232923.0,0.415232,0.215744,133190120.0,601924473.7413265,2026-07-14
2017-12-08,sh.603027,千禾味业,4.54604346,4.63117536,4.6700928,4.499829,1548904,29397207.0,1.162926,2.475786,133190246.0,616827385.4675386,2026-07-14
2017-12-11,sh.603027,千禾味业,4.63117536,4.93521786,5.06656422,4.63117536,4330983,86460723.0,3.251726,6.565126,133190281.0,657323053.5696186,2026-07-14
2017-12-12,sh.603027,千禾味业,4.93521786,4.79900682,4.95467658,4.7917098,1850000,36946105.0,1.38899,-2.759987,133190304.0,639181177.2538732,2026-07-14
2017-12-13,sh.603027,千禾味业,4.8160332,4.83062724,4.88657106,4.78684512,1012200,20102890.0,0.759965,0.658901,133190344.0,643392903.8313706,2026-07-14
2017-12-14,sh.603027,千禾味业,4.81846554,4.73576598,4.83062724,4.68955152,1698900,33103191.0,1.275544,-1.963753,133190231.0,630757764.8381414,2026-07-14
2017-12-15,sh.603027,千禾味业,4.68955152,4.65549876,4.73333364,4.6336077,1230521,23600810.0,0.923882,-1.694915,133190278.0,620067174.0730554,2026-07-14
2017-12-18,sh.603027,千禾味业,4.66036344,4.79900682,4.82089788,4.58009622,2989055,57953711.0,2.244199,3.082551,133190283.0,639181076.47473,2026-07-14
2017-12-19,sh.603027,千禾味业,4.7917098,4.79657448,4.8768417,4.74549534,1150529,22720268.0,0.863824,-0.050685,133190210.0,638856762.2718408,2026-07-14
2017-12-20,sh.603027,千禾味业,4.78441278,4.77711576,4.82333022,4.70171322,1804000,35330398.0,1.354453,-0.405679,133190299.0,636265476.4320122,2026-07-14
2017-12-21,sh.603027,千禾味业,4.78198044,4.69684854,4.78927746,4.67252514,1811500,35110416.0,1.360084,-1.680244,133190303.0,625574680.1877077,2026-07-14
2017-12-22,sh.603027,千禾味业,4.7187396,4.6579311,4.7552247,4.65306642,2432964,47060515.0,1.826683,-0.828585,133190269.0,620391096.1924659,2026-07-14
2017-12-25,sh.603027,千禾味业,4.66036344,4.54604346,4.72846896,4.499829,2171662,41144777.0,1.630496,-2.402084,133190268.0,605488746.7770473,2026-07-14
2017-12-26,sh.603027,千禾味业,4.54604346,4.36848264,4.55820516,4.3052418,5640901,101572496.0,4.23522,-3.905839,133190271.0,581839386.6803954,2026-07-14
2017-12-27,sh.603027,千禾味业,4.38794136,4.37091498,4.44388518,4.34902392,2096500,37857274.0,1.574064,0.055681,133190264.0,582163320.1077547,2026-07-14
2017-12-28,sh.603027,千禾味业,4.34902392,4.3538886,4.3903737,4.31010648,1541400,27630411.0,1.157292,-0.389536,133190241.0,579895471.9211526,2026-07-14
2017-12-29,sh.603027,千禾味业,4.3903737,4.37577966,4.43658816,4.34659158,1633000,29371434.0,1.226066,0.502794,133190220.0,582811055.5869253,2026-07-14
2018-01-02,sh.603027,千禾味业,4.39767072,4.499829,4.51928772,4.37577966,2129225,39120862.0,1.598634,2.83491,133190274.0,599333457.463146,2026-07-14
2018-01-03,sh.603027,千禾味业,4.499829,4.68468684,4.7309013,4.47793794,3554326,68025503.0,2.668608,4.108109,133190262.0,623954667.6075522,2026-07-14
2018-01-04,sh.603027,千禾味业,4.68468684,4.69684854,4.72360428,4.64820174,1693249,32648097.0,1.271301,0.259601,133190252.0,625574440.6484321,2026-07-14
2018-01-05,sh.603027,千禾味业,4.69928088,4.71387492,4.7552247,4.66522812,1431901,27770696.0,1.075079,0.362505,133190305.0,627842438.3266506,2026-07-14
2018-01-08,sh.603027,千禾味业,4.71387492,4.6822545,4.7673864,4.60685196,1192329,22902316.0,0.895207,-0.67079,133190312.0,623630937.718404,2026-07-14
2018-01-09,sh.603027,千禾味业,4.67252514,4.74549534,4.7673864,4.6700928,1412529,27521274.0,1.060535,1.350651,133190229.0,632053611.0530329,2026-07-14
2018-01-10,sh.603027,千禾味业,4.76252172,4.69684854,4.79900682,4.65063408,1336000,25883849.0,1.003076,-1.025119,133190307.0,625574698.9751018,2026-07-14
2018-01-11,sh.603027,千禾味业,4.69684854,4.63847238,4.69684854,4.62387834,1260300,24115754.0,0.94624,-1.242878,133190311.0,617799578.8571101,2026-07-14
2018-01-12,sh.603027,千禾味业,4.63847238,4.69198386,4.7065779,4.57766388,1984123,37911403.0,1.489691,1.153651,133190239.0,624926451.6975425,2026-07-14
2018-01-15,sh.603027,千禾味业,4.62631068,4.5849609,4.68468684,4.51928772,2442300,46075317.0,1.833692,-2.280977,133190307.0,610672349.8539963,2026-07-14
2018-01-16,sh.603027,千禾味业,4.58009622,4.5484758,4.621446,4.50712602,1563257,29296259.0,1.173702,-0.795754,133190282.0,605812774.4721756,2026-07-14
2018-01-17,sh.603027,千禾味业,4.499829,4.5727992,4.58739324,4.4876673,1615350,30150578.0,1.212814,0.534751,133190250.0,609052268.6478001,2026-07-14
2018-01-18,sh.603027,千禾味业,4.55090814,4.44388518,4.58009622,4.43172348,2099800,38677628.0,1.576542,-2.819143,133190235.0,591882111.4372172,2026-07-14
2018-01-19,sh.603027,千禾味业,4.4511822,4.39523838,4.47793794,4.38550902,1473400,26740856.0,1.106237,-1.094695,133190266.0,585402968.9656091,2026-07-14
2018-01-22,sh.603027,千禾味业,4.40496774,4.43415582,4.44388518,4.35875328,1914800,34686585.0,1.437643,0.885445,133190229.0,590586229.0874828,2026-07-14
2018-01-23,sh.603027,千禾味业,4.44631752,4.35145626,4.47064092,4.3052418,3544606,63448857.0,2.66131,-1.865058,133190271.0,579571638.5140464,2026-07-14
2018-01-24,sh.603027,千禾味业,4.39767072,4.43658816,4.4633439,4.35875328,2802260,50796806.0,2.103952,1.956403,133190301.0,590910512.4434361,2026-07-14
2018-01-25,sh.603027,千禾味业,4.41956178,4.40740008,4.45604688,4.378212,1900171,34491393.0,1.426659,-0.657889,133190272.0,587022815.4680219,2026-07-14
2018-01-26,sh.603027,千禾味业,4.40740008,4.42929114,4.44388518,4.37091498,1760637,31942438.0,1.321896,0.496679,133190281.0,589938531.5674103,2026-07-14
2018-01-29,sh.603027,千禾味业,4.4025354,4.499829,4.5363141,4.4025354,2464646,45538945.0,1.85047,1.592537,133190271.0,599333443.963659,2026-07-14
2018-01-30,sh.603027,千禾味业,4.499829,4.50226134,4.5484758,4.4755056,1533150,28455839.0,1.151098,0.054055,133190224.0,599657196.3811401,2026-07-14
2018-01-31,sh.603027,千禾味业,4.499829,4.38794136,4.5484758,4.33199754,1956921,35456884.0,1.469267,-2.539164,133190291.0,584431186.6293358,2026-07-14
2018-02-01,sh.603027,千禾味业,4.378212,4.13011332,4.4025354,4.10822226,2546678,44554092.0,1.91206,-5.875839,133190276.0,550090933.0020764,2026-07-14
2018-02-02,sh.603027,千禾味业,4.13011332,4.16659842,4.19335416,4.07173716,1468700,24992839.0,1.102708,0.88339,133190292.0,554950460.2065386,2026-07-14
2018-02-05,sh.603027,千禾味业,4.134978,4.04254908,4.1593014,4.00606398,1770900,29616441.0,1.329602,-2.977223,133190233.0,538428053.8791356,2026-07-14
2018-02-06,sh.603027,千禾味业,3.96228186,3.79688274,3.96228186,3.64851,3127080,49028550.0,2.347829,-6.077023,133190279.0,505707871.47088444,2026-07-14
2018-02-07,sh.603027,千禾味业,3.891744,3.8430972,3.95498484,3.7093185,1335727,20971157.0,1.002871,1.217172,133190311.0,511863311.2712292,2026-07-14
2018-02-08,sh.603027,千禾味业,3.82850316,3.94525548,3.96714654,3.79931508,1108062,17848492.0,0.831939,2.658222,133190294.0,525469737.28631115,2026-07-14
2018-02-09,sh.603027,千禾味业,3.8674206,4.0255227,4.0620078,3.8187738,3110566,50768793.0,2.33543,2.034525,133190290.0,536160535.81458294,2026-07-14
2018-02-12,sh.603027,千禾味业,4.013361,4.08146652,4.1593014,3.99876696,1124621,18802753.0,0.844372,1.389737,133190229.0,543611460.4546331,2026-07-14
2018-02-13,sh.603027,千禾味业,4.10578992,4.08146652,4.2079482,4.06444014,1215900,20748029.0,0.912905,0.0,133190201.0,543611346.1735705,2026-07-14
2018-02-14,sh.603027,千禾味业,4.06444014,4.08389886,4.0984929,4.0620078,400300,6706852.0,0.300547,0.059596,133190483.0,543936461.6865493,2026-07-14
2018-02-22,sh.603027,千禾味业,4.10092524,4.18605714,4.2079482,4.10092524,1025002,17563838.0,0.769577,2.501478,133190311.0,557542252.3403705,2026-07-14
2018-02-23,sh.603027,千禾味业,4.17632778,4.04741376,4.20551586,3.9890376,2033902,34132723.0,1.527065,-3.312026,133190270.0,539076131.4961152,2026-07-14
2018-02-26,sh.603027,千禾味业,4.08146652,4.16173374,4.17632778,4.0498461,1980454,33607451.0,1.486936,2.824527,133190265.0,554302419.6900411,2026-07-14
2018-02-27,sh.603027,千禾味业,4.1836248,4.16903076,4.1957865,4.13984268,1211030,20761046.0,0.909248,0.175329,133190285.0,555274395.0981666,2026-07-14
2018-02-28,sh.603027,千禾味业,4.1836248,4.32226818,4.34902392,4.13984268,2432644,42892332.0,1.826443,3.675619,133190250.0,575683979.4612451,2026-07-14
2018-03-01,sh.603027,千禾味业,4.30037712,4.33686222,4.36118562,4.27848606,1329500,23657014.0,0.998196,0.337645,133190275.0,577627871.7189106,2026-07-14
2018-03-02,sh.603027,千禾味业,4.3417269,4.29064776,4.3417269,4.27118904,806230,14275463.0,0.605322,-1.065623,133190269.0,571472529.3386474,2026-07-14
2018-03-05,sh.603027,千禾味业,4.29064776,4.22983926,4.29064776,4.1957865,1246302,21628621.0,0.935731,-1.417234,133190201.0,563373141.2370913,2026-07-14
2018-03-06,sh.603027,千禾味业,4.22983926,4.27118904,4.2930801,4.1957865,1188526,20855204.0,0.892352,0.977574,133190266.0,568880804.3738847,2026-07-14
2018-03-07,sh.603027,千禾味业,4.3052418,4.3417269,4.42199412,4.29064776,1764402,31567353.0,1.324723,1.651486,133190259.0,578275730.3182671,2026-07-14
2018-03-08,sh.603027,千禾味业,4.33929456,4.4025354,4.42929114,4.29064776,1444826,25971669.0,1.084783,1.40056,133190325.0,586375120.750005,2026-07-14
2018-03-09,sh.603027,千禾味业,4.40740008,4.42929114,4.42929114,4.36848264,1251104,22654097.0,0.939336,0.607728,133190254.0,589938411.9765496,2026-07-14
2018-03-12,sh.603027,千禾味业,4.4025354,4.45604688,4.47307326,4.39280604,1443500,26317061.0,1.083788,0.604067,133190255.0,593502020.2391543,2026-07-14
2018-03-13,sh.603027,千禾味业,4.45847922,4.36361796,4.4633439,4.35632094,1327900,24040248.0,0.996995,-2.074231,133190237.0,581191310.2698566,2026-07-14
2018-03-14,sh.603027,千禾味业,4.36361796,4.34902392,4.38794136,4.31010648,1040600,18572319.0,0.781288,-0.334456,133190322.0,579247896.2905022,2026-07-14
2018-03-15,sh.603027,千禾味业,4.34902392,4.34659158,4.37334732,4.2930801,722310,12867299.0,0.542314,-0.055919,133190366.0,578924123.3927183,2026-07-14
2018-03-16,sh.603027,千禾味业,4.34659158,4.27362138,4.37577966,4.26632436,1081100,19147611.0,0.811696,-1.678798,133190258.0,569204734.196516,2026-07-14
2018-03-19,sh.603027,千禾味业,4.256595,4.33442988,4.34659158,4.256595,965546,17105567.0,0.724937,1.42288,133190332.0,577304154.7479202,2026-07-14
2018-03-20,sh.603027,千禾味业,4.3538886,4.44874986,4.46820858,4.3052418,2291454,41704507.0,1.720436,2.637493,133190308.0,592530364.068357,2026-07-14
2018-03-21,sh.603027,千禾味业,4.4633439,4.40496774,4.4755056,4.40496774,1193704,21767871.0,0.89624,-0.984146,133190217.0,586698609.1685996,2026-07-14
2018-03-22,sh.603027,千禾味业,4.39280604,4.32470052,4.44874986,4.3174035,1669702,29895864.0,1.253622,-1.822197,133190228.0,576007848.2905186,2026-07-14
2018-03-23,sh.603027,千禾味业,4.21038054,4.09119588,4.21038054,4.03281972,2637200,44764363.0,1.980024,-5.39933,133190305.0,544907627.0719434,2026-07-14
2018-03-26,sh.603027,千禾味业,4.0255227,4.1957865,4.21281288,4.01579334,1727813,29523225.0,1.297252,2.556482,133190236.0,558837794.1406139,2026-07-14
2018-03-27,sh.603027,千禾味业,4.2201099,4.29551244,4.3538886,4.21767756,1340167,23637999.0,1.006205,2.376811,133190254.0,572120392.9437598,2026-07-14
2018-03-28,sh.603027,千禾味业,4.27848606,4.2930801,4.34659158,4.2444333,1337959,23645650.0,1.004547,-0.056626,133190284.0,571796557.7537484,2026-07-14
2018-03-29,sh.603027,千禾味业,4.2930801,4.30767414,4.38794136,4.27848606,1270045,22518622.0,0.953557,0.33994,133190255.0,573740217.1635057,2026-07-14
2018-03-30,sh.603027,千禾味业,4.31983584,4.49009964,4.499829,4.31253882,3146550,57343295.0,2.362447,4.234896,133190290.0,598037673.1804956,2026-07-14
2018-04-02,sh.603027,千禾味业,4.49253198,4.59469026,4.67495748,4.49009964,3845468,72773937.0,2.887199,2.329363,133190265.0,611968013.3223189,2026-07-14
2018-04-03,sh.603027,千禾味业,4.52172006,4.78684512,4.85495064,4.49739666,5706230,111975454.0,4.284269,4.182112,133190283.0,637561256.2099689,2026-07-14
2018-04-04,sh.603027,千禾味业,4.72117194,4.74063066,4.85495064,4.72117194,3367394,65986440.0,2.528258,-0.96545,133190284.0,631405943.9445075,2026-07-14
2018-04-09,sh.603027,千禾味业,4.72360428,4.72603662,4.74792768,4.60198728,2205900,42529513.0,1.656202,-0.307847,133190275.0,629462117.0778705,2026-07-14
2018-04-10,sh.603027,千禾味业,4.72603662,4.86224766,4.87197702,4.72603662,3939148,77914180.0,2.957534,2.882138,133190286.0,647604156.4382309,2026-07-14
2018-04-11,sh.603027,千禾味业,4.86224766,4.90602978,5.00818806,4.8403566,3931487,79766787.0,2.951782,0.900452,133190290.0,653435529.1468362,2026-07-14
2018-04-12,sh.603027,千禾味业,4.87197702,4.90846212,4.986297,4.81846554,3157638,63551273.0,2.370772,0.04958,133190286.0,653759473.5829663,2026-07-14
2018-04-13,sh.603027,千禾味业,4.90359744,4.83549192,4.97899998,4.81846554,2254199,45330853.0,1.692465,-1.486626,133190288.0,644040561.446473,2026-07-14
2018-04-16,sh.603027,千禾味业,4.8525183,4.84522128,4.93278552,4.77225108,3526185,70419718.0,2.647479,0.201212,133190292.0,645336437.0878137,2026-07-14
2018-04-17,sh.603027,千禾味业,4.84522128,4.76252172,4.9011651,4.72360428,2688000,53341386.0,2.018165,-1.706828,133190299.0,634321691.8807943,2026-07-14
2018-04-18,sh.603027,千禾味业,4.7552247,4.9011651,4.9254885,4.65306642,3230771,63830917.0,2.425681,2.911132,133190267.0,652787488.2800817,2026-07-14
2018-04-19,sh.603027,千禾味业,4.93521786,4.87927404,4.93521786,4.8281949,2089080,41811828.0,1.568493,-0.446651,133190266.0,649871807.2744946,2026-07-14
2018-04-20,sh.603027,千禾味业,4.88657106,4.74549534,4.90359744,4.6944162,2130338,42026257.0,1.59947,-2.741771,133190244.0,632053682.2354629,2026-07-14
2018-04-23,sh.603027,千禾味业,4.70414556,4.55334048,4.77711576,4.52172006,3813336,72762183.0,2.863074,-4.04921,133190270.0,606460647.9331297,2026-07-14
2018-04-24,sh.603027,千禾味业,4.5606375,5.00818806,5.00818806,4.5606375,5520571,111026744.0,4.144876,9.989321,133190257.0,667041854.8157314,2026-07-14
2018-04-25,sh.603027,千禾味业,5.12250804,5.18331654,5.229531,4.9619736,7093344,148895020.0,5.325722,3.49684,133190279.0,690367376.1079147,2026-07-14
2018-04-26,sh.603027,千禾味业,4.88964546,4.66449662,5.03403439,4.66449662,8214065,160499652.0,6.167166,-10.00945,133190269.0,621265559.5673908,2026-07-14
2018-04-27,sh.603027,千禾味业,4.5274495,4.46871502,4.53723858,4.3561406,8507917,155175911.0,6.387792,-4.197268,133190264.0,595189333.2545654,2026-07-14
2018-05-02,sh.603027,千禾味业,4.47116229,4.57884217,4.59597306,4.405086,4494700,83075279.0,3.374646,2.464397,133190266.0,609857206.5943172,2026-07-14
2018-05-03,sh.603027,千禾味业,4.58618398,4.52500223,4.58618398,4.44179505,2417363,44511355.0,1.81497,-1.175838,133190246.0,602686160.1642486,2026-07-14
2018-05-04,sh.603027,千禾味业,4.52500223,4.54947493,4.56171128,4.48095137,1704242,31566815.0,1.279554,0.540835,133190315.0,605945999.011303,2026-07-14
2018-05-07,sh.603027,千禾味业,4.5519222,4.80399101,4.81378009,4.49318772,4662967,89790961.0,3.500982,5.5944,133190259.0,639844806.8555716,2026-07-14
2018-05-08,sh.603027,千禾味业,4.80154374,4.79420193,4.8455946,4.74525653,3433515,67201044.0,2.577902,-0.203765,133190284.0,638541116.610048,2026-07-14
2018-05-09,sh.603027,千禾味业,4.78441285,4.89454,4.9679581,4.76238742,4528086,90751517.0,3.399712,2.092904,133190282.0,651905162.86028,2026-07-14
2018-05-10,sh.603027,千禾味业,4.85783095,5.0169035,5.03648166,4.85783095,4598336,93484105.0,3.452456,2.5,133190285.0,668202806.9824975,2026-07-14
2018-05-11,sh.603027,千禾味业,5.01445623,4.95816902,5.0413762,4.89454,3470733,70471560.0,2.605846,-1.170731,133190258.0,660379810.9814072,2026-07-14
2018-05-14,sh.603027,千禾味业,4.88230365,4.98264172,5.03892893,4.88230365,3179520,64623845.0,2.387201,0.493585,133190293.0,663639510.600824,2026-07-14
2018-05-15,sh.603027,千禾味业,4.99732534,5.4818848,5.4818848,4.99732534,13708562,297354526.0,10.292465,10.01964,133190271.0,730133722.1027807,2026-07-14
2018-05-16,sh.603027,千禾味业,5.44028121,5.41336124,5.61403738,5.33749587,14035402,312280488.0,10.537858,-1.249995,133190275.0,721007072.229941,2026-07-14
2018-05-17,sh.603027,千禾味业,5.42315032,5.42315032,5.5797756,5.3105759,11730023,261128303.0,8.806967,0.180827,133190269.0,722310849.9482361,2026-07-14
2018-05-18,sh.603027,千禾味业,5.40112489,5.4574121,5.55040836,5.28120866,8378790,185283703.0,6.290842,0.631766,133190279.0,726874240.2169759,2026-07-14
2018-05-21,sh.603027,千禾味业,5.5063575,5.44517575,5.5308302,5.32281225,7209491,159809413.0,5.412926,-0.224212,133190275.0,725244455.5658312,2026-07-14
2018-05-22,sh.603027,千禾味业,5.39623035,5.6531937,5.7510845,5.383994,9709029,222608793.0,7.289593,3.820226,133190276.0,752950429.1844612,2026-07-14
2018-05-23,sh.603027,千禾味业,5.5797756,5.68011367,5.78779355,5.54796109,8630251,199907295.0,6.479641,0.476185,133190265.0,756535844.9374225,2026-07-14
2018-05-24,sh.603027,千禾味业,5.64095735,5.50880477,5.70948091,5.48922661,5619559,128395516.0,4.219196,-3.015937,133190281.0,733719255.2904404,2026-07-14
2018-05-25,sh.603027,千禾味业,5.51125204,5.41580851,5.60180103,5.38644127,5407700,121517695.0,4.060131,-1.688143,133190284.0,721333073.5365168,2026-07-14
2018-05-28,sh.603027,千禾味业,5.43049213,5.70703364,5.79758263,5.3595213,7561289,173300215.0,5.677058,5.377318,133190272.0,760121362.8247501,2026-07-14
2018-05-29,sh.603027,千禾味业,5.70703364,5.58222287,5.83918622,5.51859385,7760596,180802200.0,5.826699,-2.186965,133190268.0,743497760.0910292,2026-07-14
2018-05-30,sh.603027,千禾味业,5.4574121,5.63851008,5.76332085,5.4084667,8645978,197130777.0,6.491449,1.008336,133190263.0,750994640.483351,2026-07-14
2018-05-31,sh.603027,千禾味业,5.70948091,6.06678233,6.11083319,5.64585189,14831225,359243171.0,11.135367,7.595486,133190267.0,808036358.363582,2026-07-14
2018-06-01,sh.603027,千禾味业,5.9713388,6.18669856,6.40695286,5.95420791,14628129,369080146.0,10.982881,1.976603,133190271.0,824008057.8017098,2026-07-14
2018-06-04,sh.603027,千禾味业,6.118175,6.29927298,6.35066565,6.02273147,9541568,241340156.0,7.163863,1.819617,133190263.0,839001824.9149936,2026-07-14
2018-06-05,sh.603027,千禾味业,6.2405385,6.48771277,6.54155271,6.14509497,9720298,254775666.0,7.298054,2.991455,133190272.0,864100228.4941734,2026-07-14
2018-06-06,sh.603027,千禾味业,6.4363201,6.42897829,6.58070903,6.3384293,7876569,207058712.0,5.913772,-0.905318,133190272.0,856277367.1271949,2026-07-14
2018-06-07,sh.603027,千禾味业,6.4363201,6.27480028,6.44366191,6.17201494,7825306,200625974.0,5.875283,-2.398177,133190282.0,835742418.786879,2026-07-14
2018-06-08,sh.603027,千禾味业,6.27235301,6.2894839,6.42653102,6.23319669,6658596,171539669.0,4.999311,0.234015,133190274.0,837698083.9595885,2026-07-14
2018-06-11,sh.603027,千禾味业,6.23809123,5.97868061,6.23809123,5.83673895,9250280,226207718.0,6.945162,-4.941636,133190270.0,796302084.6896646,2026-07-14
2018-06-12,sh.603027,千禾味业,6.02517874,6.57581449,6.57581449,5.94197156,13294991,342915633.0,9.981953,9.987722,133190278.0,875834559.9995282,2026-07-14
2018-06-13,sh.603027,千禾味业,6.54155271,6.42163648,6.72754523,6.33598203,10925494,289970084.0,8.202922,-2.344626,133190270.0,855299496.6130496,2026-07-14
2018-06-14,sh.603027,千禾味业,6.38248016,6.41429467,6.48037096,6.16222586,6922909,179016482.0,5.197759,-0.114332,133190265.0,854321606.8853875,2026-07-14
2018-06-15,sh.603027,千禾味业,6.35800746,6.23074942,6.5097382,6.2160658,6441548,166808474.0,4.83635,-2.861503,133190278.0,829875247.3981388,2026-07-14
2018-06-19,sh.603027,千禾味业,5.873448,5.90770978,6.1426477,5.66543005,9165798,221227140.0,6.881732,-5.184602,133190278.0,786849507.9415189,2026-07-14
2018-06-20,sh.603027,千禾味业,5.86855346,6.11572773,6.22096034,5.8245026,7174714,177057852.0,5.386815,3.521128,133190280.0,814555488.7624644,2026-07-14
2018-06-21,sh.603027,千禾味业,6.0692296,6.00315331,6.21117126,5.9713388,5753853,143197395.0,4.320025,-1.840733,133190271.0,799561616.213447,2026-07-14
2018-06-22,sh.603027,千禾味业,5.87589527,5.86610619,5.91505159,5.70703364,7306252,173503342.0,5.485575,-2.282924,133190267.0,781308249.6964527,2026-07-14
2018-06-25,sh.603027,千禾味业,5.89547343,6.02273147,6.22830215,5.873448,8509716,210656393.0,6.389142,2.67001,133190278.0,802169278.8086487,2026-07-14
2018-06-26,sh.603027,千禾味业,5.873448,5.98112788,6.15977859,5.82694987,5316617,130603125.0,3.991746,-0.690776,133190263.0,796627995.3738325,2026-07-14
2018-06-27,sh.603027,千禾味业,5.96889153,5.63116827,6.01294239,5.56998652,7799014,182858073.0,5.855543,-5.851065,133190278.0,750016867.346079,2026-07-14
2018-06-28,sh.603027,千禾味业,5.5553029,5.42804486,5.628721,5.4084667,6777393,152040724.0,5.088505,-3.607127,133190259.0,722962700.7670188,2026-07-14
2018-06-29,sh.603027,千禾味业,5.47943753,5.54551382,5.6042483,5.3105759,8513330,190589887.0,6.391856,2.16411,133190266.0,738608460.7924762,2026-07-14
2018-07-02,sh.603027,千禾味业,5.49901569,5.56509198,5.74618996,5.46964845,7813519,179204586.0,5.866434,0.353045,133190265.0,741216075.5655748,2026-07-14
2018-07-03,sh.603027,千禾味业,5.5553029,5.24939415,5.6042483,5.00956169,11817478,251235385.0,8.872628,-5.672819,133190279.0,699168271.4194678,2026-07-14
2018-07-04,sh.603027,千禾味业,5.14171427,5.14905608,5.25184142,5.1147943,5760234,122165768.0,4.324816,-1.911421,133190268.0,685804159.2422295,2026-07-14
2018-07-05,sh.603027,千禾味业,5.1147943,4.85048914,5.20779056,4.83091098,8503667,172608738.0,6.384601,-5.798485,133190265.0,646037933.9362221,2026-07-14
2018-07-06,sh.603027,千禾味业,4.89698727,4.9924308,5.12703065,4.84070006,7172587,145617345.0,5.385218,2.926337,133190281.0,664943261.1250548,2026-07-14
2018-07-09,sh.603027,千禾味业,5.05361255,5.22002691,5.22736872,5.00711442,6593874,138241426.0,4.950717,4.558825,133190283.0,695256861.4105154,2026-07-14
2018-07-10,sh.603027,千禾味业,5.19065967,5.27141958,5.34728495,5.1637397,5726400,122838994.0,4.299413,0.984533,133190275.0,702101823.5005845,2026-07-14
2018-07-11,sh.603027,千禾味业,5.1637397,5.12703065,5.16618697,4.98019445,6497300,134630723.0,4.878209,-2.739091,133190275.0,682870622.2069287,2026-07-14
2018-07-12,sh.603027,千禾味业,5.08787433,5.50146296,5.62382646,5.08787433,9598968,212054376.0,7.206959,7.303096,133190268.0,732741326.0344732,2026-07-14
2018-07-13,sh.603027,千禾味业,5.49167388,5.71192818,5.77066266,5.42804486,10018482,230299678.0,7.521932,3.825625,133190276.0,760773290.7863777,2026-07-14
2018-07-16,sh.603027,千禾味业,5.64585189,5.70458637,5.80981898,5.61403738,6724156,156525659.0,5.048534,-0.128538,133190269.0,759795393.1540335,2026-07-14
2018-07-17,sh.603027,千禾味业,5.68500821,5.78534628,5.79024082,5.55040836,6206511,143252083.0,4.659883,1.415701,133190275.0,770551862.0034269,2026-07-14
2018-07-18,sh.603027,千禾味业,5.7510845,5.6042483,5.81960806,5.59690649,5219023,121899544.0,3.918472,-3.130287,133190259.0,746431282.5773097,2026-07-14
2018-07-19,sh.603027,千禾味业,5.59690649,5.66053551,5.72171726,5.55040836,5183220,119341991.0,3.891591,1.004365,133190256.0,753928173.6739905,2026-07-14
2018-07-20,sh.603027,千禾味业,5.66787732,5.64585189,5.71192818,5.55775017,4328921,99779771.0,3.250178,-0.259401,133190275.0,751972565.8383698,2026-07-14
2018-07-23,sh.603027,千禾味业,5.59201195,5.49167388,5.64585189,5.2616305,7731853,172184929.0,5.805118,-2.730816,133190281.0,731437587.2375603,2026-07-14
2018-07-24,sh.603027,千禾味业,5.43049213,5.70948091,5.72171726,5.41580851,7929436,180447819.0,5.953465,3.966129,133190268.0,760447292.5437839,2026-07-14
2018-07-25,sh.603027,千禾味业,5.7510845,5.65564097,5.7510845,5.6042483,5706778,132111360.0,4.284681,-0.942989,133190266.0,753276325.1947981,2026-07-14
2018-07-26,sh.603027,千禾味业,5.6531937,5.44517575,5.66053551,5.38888854,5175100,116369703.0,3.885494,-3.721335,133190271.0,725244433.7851282,2026-07-14
2018-07-27,sh.603027,千禾味业,5.38888854,5.48433207,5.56019744,5.383994,3859505,86716326.0,2.897738,0.7191,133190268.0,730459658.2042947,2026-07-14
2018-07-30,sh.603027,千禾味业,5.50391023,5.21023783,5.56019744,5.14660881,6521741,140958945.0,4.89656,-4.997764,133190260.0,693952931.2395358,2026-07-14
2018-07-31,sh.603027,千禾味业,5.19800148,5.29589228,5.3350486,5.1882124,3381900,72966544.0,2.539149,1.643957,133190293.0,705361444.4696381,2026-07-14
2018-08-01,sh.603027,千禾味业,5.31547044,5.14416154,5.35462676,5.11724157,4146139,88227440.0,3.112944,-2.86506,133190285.0,685152341.5986389,2026-07-14
2018-08-02,sh.603027,千禾味业,5.13437246,5.12213611,5.18576513,4.95572175,4973662,103218463.0,3.734253,-0.428164,133190279.0,682218737.5668746,2026-07-14
2018-08-03,sh.603027,千禾味业,5.0903216,4.6742857,5.11968884,4.61310395,10161668,200828083.0,7.629437,-8.74343,133190273.0,622569388.4629961,2026-07-14
2018-08-06,sh.603027,千禾味业,4.63512938,4.46626775,4.63512938,4.41242781,5992709,110643028.0,4.499359,-4.450264,133190283.0,594863465.5762732,2026-07-14
2018-08-07,sh.603027,千禾味业,4.49808226,4.57884217,4.60576214,4.37816603,7617170,139795877.0,5.719014,2.520543,133190267.0,609857211.1731594,2026-07-14
2018-08-08,sh.603027,千禾味业,4.57150036,4.33411517,4.57150036,4.31943155,6305525,113853069.0,4.734223,-5.344736,133190283.0,577262026.046893,2026-07-14
2018-08-09,sh.603027,千禾味业,4.33656244,4.49074045,4.54458039,4.30474793,6281786,114883849.0,4.7164,3.613785,133190272.0,598122942.0169023,2026-07-14
2018-08-10,sh.603027,千禾味业,4.51276588,4.61799849,4.67183843,4.49563499,6446049,121102967.0,4.83973,2.83379,133190261.0,615072424.1807059,2026-07-14
2018-08-13,sh.603027,千禾味业,4.5519222,4.59842033,4.60576214,4.44668959,5208230,96132853.0,3.910368,-0.423953,133190278.0,612464882.1135517,2026-07-14
2018-08-14,sh.603027,千禾味业,4.61310395,4.53234404,4.66204935,4.50542407,4095284,76488539.0,3.074762,-1.436937,133190276.0,603664153.614555,2026-07-14
2018-08-15,sh.603027,千禾味业,4.50787134,4.36592968,4.5519222,4.3561406,3869900,70058158.0,2.905543,-3.671708,133190250.0,581499265.56162,2026-07-14
2018-08-16,sh.603027,千禾味业,4.27782796,4.40263873,4.49074045,4.16280627,4224085,75813738.0,3.171467,0.840805,133190255.0,586388575.1215761,2026-07-14
2018-08-17,sh.603027,千禾味业,4.47116229,4.23622437,4.51521315,4.2093044,4058801,71962070.0,3.04737,-3.77988,133190292.0,564223960.8178161,2026-07-14
2018-08-20,sh.603027,千禾味业,4.23867164,4.31453701,4.33411517,4.16525354,3007029,52387601.0,2.257694,1.848641,133190282.0,574654401.0613368,2026-07-14
2018-08-21,sh.603027,千禾味业,4.31453701,4.59107852,4.59597306,4.24846072,7801910,143043162.0,5.857718,6.409535,133190263.0,611486955.5324508,2026-07-14
2018-08-22,sh.603027,千禾味业,4.3316679,4.14078084,4.41732235,4.13099176,17310915,300423106.0,12.997132,-9.808103,133190268.0,551511709.8088651,2026-07-14
2018-08-23,sh.603027,千禾味业,4.03065369,3.96947194,4.06736274,3.86913387,13673829,221494914.0,10.266387,-4.13712,133190274.0,528695055.32391155,2026-07-14
2018-08-24,sh.603027,千禾味业,3.95478832,3.91318473,3.96213013,3.89605384,5609918,89934826.0,4.211958,-1.418,133190264.0,521198107.26946867,2026-07-14
2018-08-27,sh.603027,千禾味业,3.93031562,4.01107553,4.0379955,3.8666866,7738299,125681622.0,5.809958,2.501561,133190274.0,534236248.87539524,2026-07-14
2018-08-28,sh.603027,千禾味业,4.02575915,3.96213013,4.04778458,3.93521016,5570825,90871809.0,4.182607,-1.220249,133190257.0,527717130.28214335,2026-07-14
2018-08-29,sh.603027,千禾味业,3.99394464,3.9401047,3.99883918,3.92786835,3666100,59353410.0,2.752528,-0.5559,133190289.0,524783683.6832583,2026-07-14
2018-08-30,sh.603027,千禾味业,3.96213013,3.8422139,3.96213013,3.82018847,4738500,74929627.0,3.557692,-2.484476,133190282.0,511745552.8453198,2026-07-14
2018-08-31,sh.603027,千禾味业,3.83242482,3.73942856,3.83242482,3.7198504,4382800,67385726.0,3.290631,-2.67516,133190260.0,498055462.1578256,2026-07-14
2018-09-03,sh.603027,千禾味业,3.71740313,3.82997755,3.82997755,3.69293043,4030608,62136949.0,3.026203,2.421465,133190272.0,510115751.63839364,2026-07-14
2018-09-04,sh.603027,千禾味业,3.8422139,3.86423933,3.9401047,3.8177412,5427959,85924946.0,4.075342,0.894571,133190270.0,514679079.70731914,2026-07-14
2018-09-05,sh.603027,千禾味业,3.85445025,3.76634853,3.85445025,3.76390126,3447038,53659251.0,2.588055,-2.533246,133190292.0,501641060.4844708,2026-07-14
2018-09-06,sh.603027,千禾味业,3.72963948,3.72474494,3.78837396,3.71495586,2384239,36536548.0,1.7901,-1.104614,133190269.0,496099780.51498884,2026-07-14
2018-09-07,sh.603027,千禾味业,3.73698129,3.80550485,3.81039939,3.73453402,3273953,50526017.0,2.458102,2.168199,133190283.0,506856267.92937255,2026-07-14
2018-09-10,sh.603027,千禾味业,3.78347942,3.71495586,3.80305758,3.69048316,2773036,42300133.0,2.082011,-2.37942,133190267.0,494795962.8866146,2026-07-14
2018-09-11,sh.603027,千禾味业,3.71495586,3.74921764,3.79082123,3.69048316,2357968,36001468.0,1.770376,0.922262,133190238.0,499359189.7853983,2026-07-14
2018-09-12,sh.603027,千禾味业,3.75900672,3.75655945,3.77369034,3.71495586,2245000,34339332.0,1.685559,0.195827,133190235.0,500337035.9369708,2026-07-14
2018-09-13,sh.603027,千禾味业,3.78103215,3.85445025,3.86179206,3.75411218,3967700,61693579.0,2.978971,2.605861,133190286.0,513375331.1702715,2026-07-14
2018-09-14,sh.603027,千禾味业,3.85689752,3.79082123,3.85689752,3.7687958,3189100,49599949.0,2.394394,-1.650795,133190277.0,504900529.6811807,2026-07-14
2018-09-17,sh.603027,千禾味业,3.79082123,3.71495586,3.79082123,3.70516678,2090700,31869167.0,1.569709,-2.001288,133190292.0,494796055.7605111,2026-07-14
2018-09-18,sh.603027,千禾味业,3.70027224,3.77858488,3.78837396,3.68803589,2931200,44688551.0,2.200761,1.712775,133190292.0,503270823.513985,2026-07-14
2018-09-19,sh.603027,千禾味业,3.78103215,3.86913387,3.90829019,3.75411218,5904552,92927564.0,4.433171,2.396379,133190260.0,515330946.1201062,2026-07-14
2018-09-20,sh.603027,千禾味业,3.85445025,3.87402841,3.90339565,3.83976663,3415543,53914029.0,2.564409,0.126499,133190259.0,515982847.3012582,2026-07-14
2018-09-21,sh.603027,千禾味业,3.91318473,4.0135228,4.04778458,3.91073746,8030655,130640534.0,6.029461,3.600756,133190264.0,534562161.3020191,2026-07-14
2018-09-25,sh.603027,千禾味业,3.9645774,3.99883918,4.02575915,3.92297381,3812855,61983698.0,2.862713,-0.36585,133190264.0,532606446.07774353,2026-07-14
2018-09-26,sh.603027,千禾味业,4.00128645,4.24846072,4.32677336,3.99639191,12581536,216140704.0,9.446287,6.242352,133190279.0,565853668.6173408,2026-07-14
2018-09-27,sh.603027,千禾味业,4.19217351,4.27782796,4.33411517,4.16280627,9176050,159457894.0,6.88943,0.691238,133190264.0,569765035.3389814,2026-07-14
2018-09-28,sh.603027,千禾味业,4.27048615,4.3316679,4.34145698,4.19706805,8276918,144133803.0,6.214356,1.258588,133190277.0,576936047.4730083,2026-07-14
2018-10-08,sh.603027,千禾味业,4.18727897,4.1358863,4.27538069,4.06736274,6906475,117773455.0,5.18542,-4.51978,133190272.0,550859821.2580736,2026-07-14
2018-10-09,sh.603027,千禾味业,4.160359,4.160359,4.19462078,4.0624682,4890877,82638146.0,3.672098,0.591718,133190263.0,554119309.3844169,2026-07-14
2018-10-10,sh.603027,千禾味业,4.14812265,4.11386087,4.17993716,4.07470455,3805645,64281578.0,2.8573,-1.11765,133190250.0,547926157.7405175,2026-07-14
2018-10-11,sh.603027,千禾味业,3.92052654,3.90829019,4.00862826,3.77124307,6623071,105498204.0,4.972639,-4.997021,133190264.0,520546202.1947102,2026-07-14
2018-10-12,sh.603027,千禾味业,3.85445025,3.93765743,3.95968286,3.69782497,5962980,93660825.0,4.477039,0.751408,133190263.0,524457628.7056041,2026-07-14
2018-10-15,sh.603027,千禾味业,3.90094838,3.91073746,3.94989378,3.82508301,4618380,73202673.0,3.467505,-0.683658,133190291.0,520872260.32200086,2026-07-14
2018-10-16,sh.603027,千禾味业,3.86179206,3.88137022,3.94744651,3.82508301,3740080,59390031.0,2.808073,-0.750938,133190270.0,516960747.5717594,2026-07-14
2018-10-17,sh.603027,千禾味业,3.94499924,3.8177412,3.9645774,3.67335227,5464100,84700505.0,4.102477,-1.63934,133190265.0,508485962.129418,2026-07-14
2018-10-18,sh.603027,千禾味业,3.74921764,3.7687958,3.82263574,3.67579954,2605010,39894072.0,1.955856,-1.282056,133190276.0,501966952.7896408,2026-07-14
2018-10-19,sh.603027,千禾味业,3.670905,3.8911593,3.93521016,3.66356319,4606400,71316703.0,3.458511,3.246753,133190266.0,518264542.2153738,2026-07-14
2018-10-22,sh.603027,千禾味业,3.9645774,4.09183544,4.160359,3.92786835,6846534,113369149.0,5.140416,5.157231,133190271.0,544992671.1410042,2026-07-14
2018-10-23,sh.603027,千禾味业,4.0869409,3.97436648,4.0869409,3.95968286,5067573,83092586.0,3.804762,-2.870811,133190276.0,529346968.3963485,2026-07-14
2018-10-24,sh.603027,千禾味业,3.95723559,3.91073746,4.00373372,3.80550485,4033700,64586758.0,3.028524,-1.600987,133190293.0,520872268.1434758,2026-07-14
2018-10-25,sh.603027,千禾味业,3.7932685,3.83487209,3.8666866,3.72229767,2999000,46524011.0,2.251666,-1.939922,133190269.0,510767645.2476922,2026-07-14
2018-10-26,sh.603027,千禾味业,3.8422139,3.75900672,3.88381749,3.72229767,4049600,62759471.0,3.040462,-1.978305,133190285.0,500663176.3537152,2026-07-14
2018-10-29,sh.603027,千禾味业,3.7198504,3.73698129,3.75655945,3.68314135,2638221,40085745.0,1.980791,-0.585932,133190276.0,497729569.42193604,2026-07-14
2018-10-30,sh.603027,千禾味业,3.7198504,3.78103215,3.82753028,3.6953777,3099800,47711391.0,2.327347,1.178778,133190281.0,503596734.5285342,2026-07-14
2018-10-31,sh.603027,千禾味业,3.7932685,3.8422139,3.88626476,3.77858488,3375400,52996042.0,2.534269,1.618123,133190281.0,511745549.0031059,2026-07-14
2018-11-01,sh.603027,千禾味业,3.89360657,3.82753028,3.94989378,3.8177412,5142600,81748826.0,3.861093,-0.382162,133190265.0,509789772.2887242,2026-07-14
2018-11-02,sh.603027,千禾味业,3.89605384,3.97926102,4.00128645,3.8666866,7418000,119637458.0,5.569476,3.964194,133190268.0,529998841.69575334,2026-07-14
2018-11-05,sh.603027,千禾味业,3.9645774,3.99149737,4.07470455,3.92786835,4862999,79495253.0,3.651167,0.307498,133190265.0,531628592.457103,2026-07-14
2018-11-06,sh.603027,千禾味业,3.9890501,3.96947194,3.9890501,3.915632,2370500,38194500.0,1.779785,-0.55181,133190245.0,528694940.2092253,2026-07-14
2018-11-07,sh.603027,千禾味业,3.97191921,3.98660283,4.05023185,3.95968286,4015400,65676924.0,3.014785,0.431576,133190261.0,530976671.4310386,2026-07-14
2018-11-08,sh.603027,千禾味业,4.02820642,4.05512639,4.12364995,4.00373372,5182515,85828794.0,3.891061,1.718838,133190279.0,540103415.2643628,2026-07-14
2018-11-09,sh.603027,千禾味业,4.01597007,4.05512639,4.06981001,4.01597007,2887300,47718111.0,2.167801,0.0,133190270.0,540103378.7682253,2026-07-14
2018-11-12,sh.603027,千禾味业,4.02331188,4.08938817,4.09917725,4.00618099,3238633,53793446.0,2.431584,0.844897,133190258.0,544666665.4244479,2026-07-14
2018-11-13,sh.603027,千禾味业,4.04044277,4.08204636,4.09672998,4.00373372,4856600,80565809.0,3.646362,-0.179526,133190287.0,543688926.2357053,2026-07-14
2018-11-14,sh.603027,千禾味业,4.07470455,4.05757366,4.14567538,4.0135228,3577700,59743633.0,2.686157,-0.599523,133190279.0,540429367.8384511,2026-07-14
2018-11-15,sh.603027,千禾味业,4.05023185,4.07470455,4.07470455,3.99149737,3574498,58999199.0,2.683753,0.422194,133190275.0,542711019.5582513,2026-07-14
2018-11-16,sh.603027,千禾味业,4.07225728,4.14322811,4.20196259,4.05267912,6509800,110250497.0,4.887594,1.681686,133190277.0,551837699.6450864,2026-07-14
2018-11-19,sh.603027,千禾味业,4.11630814,4.0869409,4.14322811,4.05512639,3872499,64531553.0,2.907494,-1.358532,133190266.0,544340745.5972794,2026-07-14
2018-11-20,sh.603027,千禾味业,4.04044277,3.94255197,4.0624682,3.94255197,3003203,49135257.0,2.254822,-3.532935,133190247.0,525109470.6946366,2026-07-14
2018-11-21,sh.603027,千禾味业,3.88381749,4.06491547,4.09183544,3.83242482,6195178,100946122.0,4.651374,3.103662,133190279.0,541407225.5607162,2026-07-14
2018-11-22,sh.603027,千禾味业,4.06002093,4.1114136,4.13099176,3.92786835,6681346,109900860.0,5.016392,1.143881,133190269.0,547600283.3542583,2026-07-14
2018-11-23,sh.603027,千禾味业,4.0624682,3.99394464,4.08204636,3.97191921,3280000,54081993.0,2.462642,-2.85714,133190289.0,531954640.85160094,2026-07-14
2018-11-26,sh.603027,千禾味业,3.97681375,3.98660283,4.0135228,3.91073746,2276978,36819271.0,1.709568,-0.183816,133190256.0,530976651.49802446,2026-07-14
2018-11-27,sh.603027,千禾味业,3.99639191,3.99149737,4.01107553,3.95968286,1399501,22788532.0,1.050753,0.122766,133190293.0,531628704.21902937,2026-07-14
2018-11-28,sh.603027,千禾味业,3.97681375,4.00128645,4.03310096,3.89605384,2544691,41432225.0,1.910568,0.245254,133190287.0,532932490.6447112,2026-07-14
2018-11-29,sh.603027,千禾味业,4.02575915,3.94255197,4.06002093,3.9401047,2015800,32970383.0,1.513474,-1.467888,133190263.0,525109533.7754681,2026-07-14
2018-11-30,sh.603027,千禾味业,3.8911593,3.94499924,3.95478832,3.8911593,2375668,38097406.0,1.783665,0.062075,133190257.0,525435462.6404047,2026-07-14
2018-12-03,sh.603027,千禾味业,4.0135228,4.03065369,4.06736274,3.96947194,6988338,115116605.0,5.246883,2.171206,133190277.0,536843881.46217215,2026-07-14
2018-12-04,sh.603027,千禾味业,4.03065369,4.04289004,4.06002093,4.00373372,3964100,65290170.0,2.976268,0.303589,133190291.0,538473700.9086016,2026-07-14
2018-12-05,sh.603027,千禾味业,3.97681375,3.99394464,4.02820642,3.95478832,3003510,49009434.0,2.255052,-1.210658,133190277.0,531954592.92426527,2026-07-14
2018-12-06,sh.603027,千禾味业,3.97681375,3.915632,3.99394464,3.88381749,3100910,49906461.0,2.328181,-1.960783,133190246.0,521523989.325472,2026-07-14
2018-12-07,sh.603027,千禾味业,3.92052654,3.90829019,3.93521016,3.88381749,1600801,25584971.0,1.20189,-0.187498,133190309.0,520546378.06776875,2026-07-14
2018-12-10,sh.603027,千禾味业,3.87647568,3.90829019,3.94744651,3.85689752,1697900,27182237.0,1.274793,0.0,133190251.0,520546151.38693774,2026-07-14
2018-12-11,sh.603027,千禾味业,3.90829019,3.96213013,3.97436648,3.90829019,1950200,31462794.0,1.464221,1.377585,133190277.0,527717209.524746,2026-07-14
2018-12-12,sh.603027,千禾味业,3.96947194,3.91807927,4.00373372,3.915632,1441100,23200720.0,1.081986,-1.111799,133190263.0,521850008.426148,2026-07-14
2018-12-13,sh.603027,千禾味业,3.95234105,4.02575915,4.04778458,3.915632,4325640,70789013.0,3.247715,2.748286,133190258.0,536191899.83436066,2026-07-14
2018-12-14,sh.603027,千禾味业,4.02575915,4.00618099,4.08204636,3.99149737,4554623,74984903.0,3.374749,-0.486322,134961830.0,540681517.7216116,2026-07-14
2018-12-17,sh.603027,千禾味业,3.96702467,3.915632,3.99639191,3.79571577,4840862,76911455.0,3.586838,-2.260237,134961824.0,528460836.832768,2026-07-14
2018-12-18,sh.603027,千禾味业,3.86179206,3.8911593,3.93521016,3.85200298,2038003,32416725.0,1.510059,-0.625002,134961813.0,525157913.7998109,2026-07-14
2018-12-19,sh.603027,千禾味业,3.90829019,3.84710844,3.93031562,3.83976663,1262500,19971967.0,0.93545,-1.132071,134961783.0,519212614.4567485,2026-07-14
2018-12-20,sh.603027,千禾味业,3.8422139,3.85689752,3.88137022,3.8177412,1094400,17209397.0,0.810896,0.254453,134961820.0,520533908.8526864,2026-07-14
2018-12-21,sh.603027,千禾味业,3.85689752,3.8177412,3.85934479,3.7932685,1499596,23433291.0,1.111126,-1.015227,134961832.0,515249346.4538784,2026-07-14
2018-12-24,sh.603027,千禾味业,3.80061031,3.86179206,3.88626476,3.7687958,1321900,20785139.0,0.979462,1.153842,134961846.0,521194585.28574276,2026-07-14
2018-12-25,sh.603027,千禾味业,3.82263574,3.86179206,3.88381749,3.7932685,1621599,25385026.0,1.201524,0.0,134961848.0,521194593.0093269,2026-07-14
2018-12-26,sh.603027,千禾味业,3.86179206,3.81529393,3.87402841,3.81529393,892900,14022619.0,0.661594,-1.204053,134961925.0,514919413.2336153,2026-07-14
2018-12-27,sh.603027,千禾味业,3.85934479,3.75900672,3.87158114,3.75411218,1570927,24502445.0,1.163979,-1.475308,134961799.0,507322309.38428926,2026-07-14
2018-12-28,sh.603027,千禾味业,3.79082123,3.76390126,3.7932685,3.72474494,1171970,17983005.0,0.868371,0.130211,134961900.0,507983265.461994,2026-07-14
2019-01-02,sh.603027,千禾味业,3.76634853,3.71740313,3.79816304,3.70761405,1209177,18507208.0,0.89594,-1.235374,134961828.0,501707521.83772165,2026-07-14
2019-01-03,sh.603027,千禾味业,3.71495586,3.69782497,3.74921764,3.69782497,1081400,16433486.0,0.801247,-0.526662,134964624.0,499075556.6938613,2026-07-14
2019-01-04,sh.603027,千禾味业,3.67824681,3.77369034,3.7932685,3.67824681,1352598,20730458.0,1.002188,2.051624,134964498.0,509314222.3455493,2026-07-14
2019-01-07,sh.603027,千禾味业,3.82753028,3.81529393,3.82997755,3.77369034,1658704,25811434.0,1.228992,1.102465,134964589.0,514929577.1766448,2026-07-14
2019-01-08,sh.603027,千禾味业,3.79816304,3.73942856,3.82508301,3.70271951,1900500,29184722.0,1.408148,-1.988457,134964507.0,504690132.0621199,2026-07-14
2019-01-09,sh.603027,千禾味业,3.73942856,3.75411218,3.83242482,3.73942856,2364638,36636423.0,1.752044,0.392673,134964533.0,506671997.2033119,2026-07-14
2019-01-10,sh.603027,千禾味业,3.7443231,3.72719221,3.7687958,3.72229767,1287800,19692827.0,0.954177,-0.717083,134964477.0,503038547.3011242,2026-07-14
2019-01-11,sh.603027,千禾味业,3.75166491,3.73942856,3.75166491,3.69782497,1125816,17150375.0,0.834157,0.328301,134964521.0,504690184.4141197,2026-07-14
2019-01-14,sh.603027,千禾味业,3.75655945,3.73453402,3.75655945,3.72229767,1146569,17504859.0,0.849533,-0.130887,134964622.0,504029972.35544044,2026-07-14
2019-01-15,sh.603027,千禾味业,3.72474494,3.83976663,3.83976663,3.70761405,2974614,46057159.0,2.203997,2.81782,134964521.0,518232263.96973425,2026-07-14
2019-01-16,sh.603027,千禾味业,3.91073746,3.8177412,3.91073746,3.80550485,2468154,38766364.0,1.828742,-0.573609,134964582.0,515259845.2421784,2026-07-14
2019-01-17,sh.603027,千禾味业,3.8177412,3.92542108,3.95234105,3.80550485,4780976,76070690.0,3.542394,2.820516,134964547.0,529792677.84645075,2026-07-14
2019-01-18,sh.603027,千禾味业,3.92542108,4.02331188,4.07715182,3.92052654,7184282,118405346.0,5.323088,2.493763,134964554.0,543004493.4871014,2026-07-14
2019-01-21,sh.603027,千禾味业,4.2827225,4.3561406,4.40263873,4.16770081,16334484,285284671.0,12.102796,8.272498,134964549.0,587924551.4595894,2026-07-14
2019-01-22,sh.603027,千禾味业,4.33411517,4.33411517,4.36837695,4.22643529,7685484,134867984.0,5.694447,-0.505619,134964537.0,584951847.2237263,2026-07-14
2019-01-23,sh.603027,千禾味业,4.31943155,4.44913686,4.48584591,4.29251158,8118736,146403668.0,6.015458,2.653875,134964553.0,600475767.5457237,2026-07-14
2019-01-24,sh.603027,千禾味业,4.44913686,4.405086,4.4785041,4.38550784,4450892,80658463.0,3.297823,-0.990101,134964551.0,594530454.106386,2026-07-14
2019-01-25,sh.603027,千禾味业,4.42221689,4.51521315,4.56415855,4.42221689,6293965,115982937.0,4.663421,2.500004,134964546.0,609393692.8829799,2026-07-14
2019-01-28,sh.603027,千禾味业,4.5029768,4.57394763,4.74525653,4.4785041,6220440,118046296.0,4.608944,1.300812,134964539.0,617320733.2930926,2026-07-14
2019-01-29,sh.603027,千禾味业,4.6253403,4.58128944,4.67918024,4.44179505,6344802,118894557.0,4.701088,0.160507,134964544.0,618311640.2016153,2026-07-14
2019-01-30,sh.603027,千禾味业,4.56415855,4.5763949,4.63023484,4.55926401,4290814,80621922.0,3.179216,-0.10683,134964532.0,617650995.9256868,2026-07-14
2019-01-31,sh.603027,千禾味业,4.57394763,4.49074045,4.61065668,4.44913686,4634400,85555351.0,3.433791,-1.87166,134964533.0,606090687.6584598,2026-07-14
2019-02-01,sh.603027,千禾味业,4.50787134,4.5274495,4.64491846,4.48095137,4940349,92068565.0,3.660479,0.817437,134964550.0,611045184.415225,2026-07-14
2019-02-11,sh.603027,千禾味业,4.54213312,4.7232311,4.76483469,4.54213312,4722293,90495192.0,3.498914,4.32432,134964535.0,637468689.1090385,2026-07-14
2019-02-12,sh.603027,千禾味业,4.71344202,4.67918024,4.71833656,4.63023484,4817798,92106424.0,3.569677,-0.932634,134964536.0,631523389.9519687,2026-07-14
2019-02-13,sh.603027,千禾味业,4.68162751,4.67918024,4.6987584,4.61799849,4093639,77870914.0,3.033122,0.0,134964535.0,631523385.2727884,2026-07-14
2019-02-14,sh.603027,千禾味业,4.649813,4.62778757,4.6742857,4.58863125,4111644,77645224.0,3.046462,-1.098332,134964559.0,624587308.5307316,2026-07-14
2019-02-15,sh.603027,千禾味业,4.63023484,4.53234404,4.649813,4.50787134,4359387,81564943.0,3.230024,-2.062398,134964539.0,611705723.9479976,2026-07-14
2019-02-18,sh.603027,千禾味业,4.55436947,4.66939116,4.68652205,4.53968585,5777682,109602809.0,4.280889,3.023755,134964537.0,630202215.981293,2026-07-14
2019-02-19,sh.603027,千禾味业,4.68407478,4.62778757,4.71588929,4.52989677,4522221,85212673.0,3.350673,-0.890986,134964558.0,624587303.902944,2026-07-14
2019-02-20,sh.603027,千禾味业,4.62778757,4.58618398,4.64247119,4.55436947,2210636,41390660.0,1.637938,-0.898996,134964571.0,618972353.3877727,2026-07-14
2019-02-21,sh.603027,千禾味业,4.59597306,4.56660582,4.66939116,4.54458039,3601505,67811205.0,2.668482,-0.426894,134964560.0,616329945.1897392,2026-07-14
2019-02-22,sh.603027,千禾味业,4.53968585,4.4785041,4.59597306,4.41242781,6177833,112558885.0,4.577375,-1.929264,134964538.0,604439236.7876059,2026-07-14
2019-02-25,sh.603027,千禾味业,4.4540314,4.67918024,4.68652205,4.43200597,8512601,159073117.0,6.307287,4.480883,134964542.0,631523418.0270501,2026-07-14
2019-02-26,sh.603027,千禾味业,4.65470754,4.53234404,4.65470754,4.5274495,7288543,136359576.0,5.400339,-3.138077,134964546.0,611705755.6744058,2026-07-14
2019-02-27,sh.603027,千禾味业,4.52500223,4.60576214,4.63757665,4.48095137,4752970,88931396.0,3.521643,1.619866,134964561.0,621614665.2955205,2026-07-14
2019-02-28,sh.603027,千禾味业,4.58128944,4.61310395,4.66204935,4.51031861,4747445,89110585.0,3.51755,0.159409,134964535.0,622605429.5184133,2026-07-14
2019-03-01,sh.603027,千禾味业,4.64491846,4.9190127,4.9434854,4.64247119,9509943,188313834.0,7.046253,6.6313,134964541.0,663892291.2286707,2026-07-14
2019-03-04,sh.603027,千禾味业,4.87740911,4.87985638,5.0169035,4.76728196,12033697,240017966.0,8.916019,-0.796019,134967153.0,658620322.6574861,2026-07-14
2019-03-05,sh.603027,千禾味业,4.86517276,4.88964546,4.89454,4.77462377,6703394,132869518.0,4.966686,0.200597,134967139.0,659941458.4605389,2026-07-14
2019-03-06,sh.603027,千禾味业,4.84070006,4.86517276,4.9190127,4.83091098,5795786,114914077.0,4.29422,-0.500502,134967142.0,656638462.753452,2026-07-14
2019-03-07,sh.603027,千禾味业,4.89209273,4.84314733,4.99977261,4.81622736,5619829,112466811.0,1.746499,-0.452707,321776823.0,1558412561.1683326,2026-07-14
2019-03-08,sh.603027,千禾味业,4.71588929,4.54947493,4.74525653,4.54947493,6618099,126278983.0,2.056735,-6.063672,321776943.0,1463916135.2305388,2026-07-14
2019-03-11,sh.603027,千禾味业,4.54702766,4.68652205,4.6987584,4.52989677,5734395,108049211.0,1.782103,3.012369,321776856.0,1508014330.8236747,2026-07-14
2019-03-12,sh.603027,千禾味业,4.72078383,4.70365294,4.72567837,4.6253403,6739907,128639613.0,2.09459,0.365534,321776911.0,1513526913.449268,2026-07-14
2019-03-13,sh.603027,千禾味业,4.68652205,4.85293641,4.98019445,4.63512938,8829289,174403854.0,2.743917,3.17378,321776825.0,1561562469.9366982,2026-07-14
2019-03-14,sh.603027,千禾味业,4.83091098,4.90677635,4.93369632,4.75015107,5932516,117897602.0,1.843674,1.109427,321776843.0,1578887003.2100632,2026-07-14
2019-03-15,sh.603027,千禾味业,4.95082721,5.22002691,5.25673596,4.95082721,9396958,198234665.0,2.920333,6.384043,321776934.0,1679684254.4972937,2026-07-14
2019-03-18,sh.603027,千禾味业,5.1637397,5.41336124,5.61159011,5.1637397,9226000,205214562.0,2.867204,3.703708,321776895.0,1741894571.32055,2026-07-14
2019-03-19,sh.603027,千禾味业,5.43538667,5.46964845,5.51125204,5.30812863,5317446,118042009.0,1.652526,1.039781,321776843.0,1760006210.5608435,2026-07-14
2019-03-20,sh.603027,千禾味业,5.47943753,5.37909946,5.48677934,5.29099774,4255400,93536247.0,1.322469,-1.655485,321776919.0,1730870051.2333636,2026-07-14
2019-03-21,sh.603027,千禾味业,5.37665219,5.43538667,5.50880477,5.30568136,5022230,111239049.0,1.56078,1.046404,321776932.0,1748982046.9062963,2026-07-14
2019-03-22,sh.603027,千禾味业,5.45251756,5.4574121,5.57732833,5.35707403,4145854,92714156.0,1.288425,0.405224,321776898.0,1756069136.645666,2026-07-14
2019-03-25,sh.603027,千禾味业,5.35217949,5.47454299,5.8245026,5.31302317,8205488,188682637.0,2.550055,0.313908,321776903.0,1761581488.66256,2026-07-14
2019-03-26,sh.603027,千禾味业,5.5553029,5.4574121,5.73884815,5.44762302,7983359,182026179.0,2.481023,-0.312926,321776904.0,1756069169.3901384,2026-07-14
2019-03-27,sh.603027,千禾味业,5.55285563,5.86855346,5.9958115,5.28855047,11587018,268832117.0,3.600948,7.533634,321776877.0,1888364804.8663445,2026-07-14
2019-03-28,sh.603027,千禾味业,5.78045174,5.73395361,5.97868061,5.70458637,7520242,178674506.0,2.337098,-2.293575,321776922.0,1845053943.5165884,2026-07-14
2019-03-29,sh.603027,千禾味业,5.73395361,5.91505159,5.98602242,5.7021391,7754979,185503509.0,2.410049,3.158343,321776819.0,1903326484.851092,2026-07-14
2019-04-01,sh.603027,千禾味业,5.873448,5.99825877,6.00070604,5.84163349,8255488,199789142.0,2.56559,1.406703,321777369.0,1930103925.591776,2026-07-14
2019-04-02,sh.603027,千禾味业,6.00804785,5.90036797,6.00804785,5.87100073,4589427,110832614.0,1.426274,-1.631985,321777372.0,1898604899.2195747,2026-07-14
2019-04-03,sh.603027,千禾味业,5.80247717,5.80247717,5.86610619,5.72905907,4608731,109186376.0,1.432273,-1.659069,321777413.0,1867106092.7541614,2026-07-14
2019-04-04,sh.603027,千禾味业,5.79513536,5.80492444,5.84408076,5.73884815,3897505,92328704.0,1.211243,0.042177,321777298.0,1867892901.397363,2026-07-14
2019-04-08,sh.603027,千禾味业,5.83918622,5.63606281,5.85876438,5.54306655,6557093,152199334.0,2.037773,-2.908932,321777401.0,1813557642.874557,2026-07-14
2019-04-09,sh.603027,千禾味业,5.66053551,5.72416453,5.76821539,5.56019744,3527707,82038656.0,1.096319,1.563173,321777421.0,1841906899.8430772,2026-07-14
2019-04-10,sh.603027,千禾味业,5.68990275,5.77310993,5.81226625,5.61159011,3598448,84433507.0,1.118303,0.85507,321777550.0,1857657169.1560717,2026-07-14
2019-04-11,sh.603027,千禾味业,5.7510845,5.48433207,5.75597904,5.46964845,5195985,118230427.0,1.614776,-5.002121,321777448.0,1764734377.4691572,2026-07-14
2019-04-12,sh.603027,千禾味业,5.4574121,5.53327747,5.5553029,5.37909946,3470734,77321430.0,1.078613,0.892462,321777505.0,1780484218.7693124,2026-07-14
2019-04-15,sh.603027,千禾味业,5.6042483,5.39867762,5.6042483,5.3595213,3889712,87206605.0,1.208821,-2.432557,321777335.0,1737172097.0877426,2026-07-14
2019-04-16,sh.603027,千禾味业,5.3595213,5.50391023,5.51859385,5.31302317,3066772,68260975.0,0.953072,1.949231,321777578.0,1771034903.3388228,2026-07-14
2019-04-17,sh.603027,千禾味业,5.5553029,5.42315032,5.61648465,5.35462676,4721241,105878954.0,1.467238,-1.467318,321777449.0,1745047475.5131338,2026-07-14
2019-04-18,sh.603027,千禾味业,5.4084667,5.44762302,5.4818848,5.38154673,3726500,82508606.0,1.158099,0.451265,321777326.0,1752921568.4316444,2026-07-14
2019-04-19,sh.603027,千禾味业,5.62382646,5.53327747,5.62382646,5.47454299,4855096,110005544.0,1.508837,1.572329,321777369.0,1780483466.2435763,2026-07-14
2019-04-22,sh.603027,千禾味业,5.55040836,5.7755572,5.8245026,5.5063575,7054703,164965330.0,2.192417,4.378592,321777426.0,1858443929.5317671,2026-07-14
2019-04-23,sh.603027,千禾味业,5.73395361,5.92484067,6.08391322,5.7021391,7830406,190064707.0,2.433485,2.58474,321777451.0,1906480128.373732,2026-07-14
2019-04-24,sh.603027,千禾味业,5.9223934,5.97378607,6.06678233,5.83184441,5833838,142451090.0,1.813004,0.826108,321777448.0,1922229636.5025494,2026-07-14
2019-04-25,sh.603027,千禾味业,5.7266118,5.37909946,5.85876438,5.37909946,15183343,343665304.0,4.718586,-9.954938,321777393.0,1730872600.9265077,2026-07-14
2019-04-26,sh.603027,千禾味业,5.27141958,5.3350486,5.43783394,5.27141958,4139082,90726827.0,1.286318,-0.818928,321777508.0,1716698643.5668888,2026-07-14
2019-04-29,sh.603027,千禾味业,5.34483768,5.68745548,5.7510845,5.34483768,8521125,194879102.0,2.648143,6.605507,321777374.0,1830094489.0963094,2026-07-14
2019-04-30,sh.603027,千禾味业,5.70948091,5.67032459,5.87100073,5.62382646,4577336,106884685.0,1.422516,-0.301204,321777470.0,1824582700.6489873,2026-07-14
2019-05-06,sh.603027,千禾味业,5.4818848,5.51125204,5.74863723,5.36196857,7599239,172114355.0,2.361645,-2.80535,321777363.0,1773396148.2595704,2026-07-14
2019-05-07,sh.603027,千禾味业,5.5308302,5.66787732,5.84163349,5.38888854,6991753,160925030.0,2.172854,2.841916,321777395.0,1823794799.2091813,2026-07-14
2019-05-08,sh.603027,千禾味业,5.5553029,5.72416453,5.85631711,5.4818848,6502969,152569164.0,2.020953,0.99309,321777350.0,1841906493.4273956,2026-07-14
2019-05-09,sh.603027,千禾味业,5.59690649,5.42070305,5.64585189,5.39623035,5734454,128978028.0,1.782118,-5.30141,321777458.0,1744260048.001847,2026-07-14
2019-05-10,sh.603027,千禾味业,5.47454299,5.62382646,5.628721,5.37665219,4890392,110667153.0,1.519806,3.747178,321777385.0,1809620171.992607,2026-07-14
2019-05-13,sh.603027,千禾味业,5.53572474,5.8489753,5.88813162,5.53572474,7142433,168869425.0,2.219681,4.003481,321777454.0,1882068380.5428863,2026-07-14
2019-05-14,sh.603027,千禾味业,5.79758263,5.89547343,5.95665518,5.72905907,6378634,152633816.0,1.982313,0.794981,321777338.0,1897029746.5551293,2026-07-14
2019-05-15,sh.603027,千禾味业,5.91015705,6.0447569,6.118175,5.85142257,7795412,191506712.0,2.42261,2.532173,321777422.0,1945066291.898712,2026-07-14
2019-05-16,sh.603027,千禾味业,6.02273147,6.15733132,6.2405385,5.97623334,6093294,151978835.0,1.893636,1.862344,321777469.0,1981290487.944029,2026-07-14
2019-05-17,sh.603027,千禾味业,6.1671204,6.13285862,6.362902,6.10104411,7916008,201623082.0,2.460075,-0.397458,321779133.0,1973425929.5551765,2026-07-14
2019-05-20,sh.603027,千禾味业,6.1426477,6.01294239,6.20382945,5.80981898,6698474,163862517.0,2.081699,-1.955306,321779181.0,1934839677.6543827,2026-07-14
2019-05-21,sh.603027,千禾味业,6.05699325,5.98602242,6.10593865,5.94931337,5037381,123876978.0,1.565478,-0.447703,321779099.0,1926176900.9013996,2026-07-14
2019-05-22,sh.603027,千禾味业,5.94441883,6.10838592,6.14509497,5.86855346,5519065,135832544.0,1.715172,2.044154,321779099.0,1965550917.681886,2026-07-14
2019-05-23,sh.603027,千禾味业,6.08072228,6.03923924,6.28468056,5.98738544,4721600,83807874.0,1.048101,-1.131866,450490936.0,2720622537.9555283,2026-07-14
2019-05-24,sh.603027,千禾味业,5.95281624,5.83528096,6.0150408,5.82145328,6574463,111990174.0,1.4594,-3.377219,450490818.0,2628740492.9302254,2026-07-14
2019-05-27,sh.603027,千禾味业,5.77651332,5.83182404,5.876764,5.70046108,6646013,111593074.0,1.475283,-0.059232,450490719.0,2627182604.861085,2026-07-14
2019-05-28,sh.603027,千禾味业,5.83182404,5.90441936,6.04269616,5.83182404,7125751,122253376.0,1.581775,1.244808,450490809.0,2659886654.1616626,2026-07-14
2019-05-29,sh.603027,千禾味业,5.84910864,5.84910864,5.9459024,5.83528096,4605706,78281455.0,1.022375,-0.936767,450490867.0,2634970022.410791,2026-07-14
2019-05-30,sh.603027,千禾味业,5.84565172,5.95281624,5.96664392,5.8076256,6646356,113411865.0,1.475359,1.773045,450490762.0,2681688724.003575,2026-07-14
2019-05-31,sh.603027,千禾味业,5.9459024,6.11183456,6.14640376,5.876764,6682118,116578340.0,1.483297,2.671318,450490900.0,2753325851.585504,2026-07-14
2019-06-03,sh.603027,千禾味业,6.1187484,6.24319752,6.39184508,6.05998076,11616917,210638136.0,2.578725,2.149317,450490727.0,2812502589.589397,2026-07-14
2019-06-04,sh.603027,千禾味业,6.22591292,6.03578232,6.308879,6.0150408,9563023,169997843.0,2.122801,-3.322261,450490790.0,2719064345.6048326,2026-07-14
2019-06-05,sh.603027,千禾味业,6.10492072,6.12566224,6.21208524,6.05306692,6124968,108534104.0,1.359621,1.489119,450490835.0,2759554697.42557,2026-07-14
2019-06-06,sh.603027,千禾味业,6.10837764,6.16714528,6.23282676,6.00812696,6553120,116356995.0,1.454662,0.677206,450490904.0,2778242852.286533,2026-07-14
2019-06-10,sh.603027,千禾味业,6.14294684,6.35381896,6.38838816,6.03923924,8510400,153379573.0,1.88914,3.0269,450490699.0,2862336344.609853,2026-07-14
2019-06-11,sh.603027,千禾味业,6.308879,6.58888952,6.66148484,6.2915944,14242739,268199378.0,3.161605,3.699675,450490779.0,2968233972.6097364,2026-07-14
2019-06-12,sh.603027,千禾味业,6.568148,6.568148,6.68222636,6.4990096,8031565,152821465.0,1.782848,-0.314793,450490732.0,2958889800.404336,2026-07-14
2019-06-13,sh.603027,千禾味业,6.5508634,6.99680608,7.19730744,6.5162942,12966587,255969653.0,2.878324,6.526314,450490876.0,3151997300.181326,2026-07-14
2019-06-14,sh.603027,千禾味业,6.95532304,7.1212552,7.41855032,6.92075384,15203184,314321933.0,3.374805,1.778659,450490739.0,3208059517.655593,2026-07-14
2019-06-17,sh.603027,千禾味业,7.1558244,6.98989224,7.39089496,6.8792708,15310504,313799031.0,3.398627,-1.844665,450490860.0,3148882566.504926,2026-07-14
2019-06-18,sh.603027,千禾味业,7.000263,6.9829784,7.10742752,6.8965554,10044173,203402101.0,2.229607,-0.098905,450490737.0,3145767085.871081,2026-07-14
2019-06-19,sh.603027,千禾味业,7.05903064,6.94149536,7.1903936,6.88272772,12630681,255917899.0,2.80376,-0.594063,450490805.0,3127079832.630165,2026-07-14
2019-06-20,sh.603027,千禾味业,6.91038308,7.2422474,7.38398112,6.88272772,14876967,305382374.0,3.302391,4.332674,450490781.0,3262565687.4212193,2026-07-14
2019-06-21,sh.603027,千禾味业,7.21804896,7.12816904,7.2249628,7.07631524,9485721,196035205.0,2.105641,-1.575179,450490896.0,3211175257.66906,2026-07-14
2019-06-24,sh.603027,千禾味业,7.07977216,7.16273824,7.20076436,7.0175476,7224997,148938697.0,1.603806,0.484959,450490708.0,3226747020.956274,2026-07-14
2019-06-25,sh.603027,千禾味业,7.11434136,7.47731796,7.49460256,7.09705676,13002482,273515344.0,2.886292,4.391891,450490872.0,3368463488.021661,2026-07-14
2019-06-26,sh.603027,千禾味业,7.3632396,7.73658696,7.94054524,7.34249808,16525857,366787354.0,3.668412,3.467406,450490757.0,3485260916.206729,2026-07-14
2019-06-27,sh.603027,千禾味业,7.70201776,7.8126392,7.94745908,7.64670704,12997416,293029488.0,2.885168,0.983026,450490786.0,3519521973.942411,2026-07-14
2019-06-28,sh.603027,千禾味业,7.74695772,8.25166804,8.25512496,7.70201776,13287192,307368684.0,2.949492,5.619471,450490864.0,3717301064.7807865,2026-07-14
2019-07-01,sh.603027,千禾味业,8.32426336,9.07787192,9.07787192,8.1410466,21263688,528283672.0,4.720116,10.01256,450490793.0,4089497719.9932323,2026-07-14
2019-07-02,sh.603027,千禾味业,8.94650896,8.7978614,9.160838,8.6941538,22549162,580776493.0,4.972689,-3.084537,453460130.0,3989479374.1659822,2026-07-14
2019-07-03,sh.603027,千禾味业,8.6768692,8.50748012,9.15392416,8.30352184,26515451,670210087.0,5.847361,-3.30059,453460134.0,3857803075.2175364,2026-07-14
2019-07-04,sh.603027,千禾味业,8.4003156,8.04770976,8.49365244,7.97511444,25571366,602446889.0,5.639165,-5.404306,453460149.0,3649315666.878354,2026-07-14
2019-07-05,sh.603027,千禾味业,8.0891928,8.11684816,8.2274696,7.9163468,16883070,395128081.0,3.723165,0.859102,453460161.0,3680667273.4461536,2026-07-14
2019-07-08,sh.603027,千禾味业,8.02351132,7.8126392,8.04079592,7.7089316,14837651,336434137.0,3.272096,-3.747867,453460137.0,3542720441.96357,2026-07-14
2019-07-09,sh.603027,千禾味业,7.77807,7.8126392,7.94745908,7.691647,10661903,241313559.0,2.351233,0.0,453460078.0,3542719981.0178576,2026-07-14
2019-07-10,sh.603027,千禾味业,7.81609612,7.5879394,7.88869144,7.5879394,11123648,248563307.0,2.45306,-2.876104,453460087.0,3440827660.4747276,2026-07-14
2019-07-11,sh.603027,千禾味业,7.6570778,7.605224,7.7607854,7.56719788,8785782,194488675.0,1.937498,0.227787,453460184.0,3448666274.401216,2026-07-14
2019-07-12,sh.603027,千禾味业,7.6225086,7.67090548,7.78152692,7.4669472,11290666,249485697.0,2.489891,0.863639,453460252.0,3478450732.028981,2026-07-14
2019-07-15,sh.603027,千禾味业,7.64325012,7.69856084,7.69856084,7.47386104,8706798,191425624.0,1.92008,0.360522,453460168.0,3490990691.864621,2026-07-14
2019-07-16,sh.603027,千禾味业,7.70547468,7.46003336,7.70547468,7.432378,9957164,216833213.0,2.195819,-3.098341,453460144.0,3382827801.6704035,2026-07-14
2019-07-17,sh.603027,千禾味业,7.35978268,7.34249808,7.4842318,7.26990276,11415977,243123936.0,2.517526,-1.575534,453460143.0,3329530229.3340254,2026-07-14
2019-07-18,sh.603027,千禾味业,7.35978268,7.15928132,7.42200724,7.15928132,9330406,196794231.0,2.057602,-2.495295,453460193.0,3246449089.1084948,2026-07-14
2019-07-19,sh.603027,千禾味业,7.21459204,7.1558244,7.32175656,7.11779828,10893487,227321679.0,2.402303,-0.048278,453460159.0,3244881270.20008,2026-07-14
2019-07-22,sh.603027,千禾味业,7.2249628,7.07285832,7.2249628,6.95186612,8742012,179494815.0,1.927846,-1.159428,453460079.0,3207258892.5430074,2026-07-14
2019-07-23,sh.603027,千禾味业,7.02791836,7.1558244,7.173109,7.02791836,6713008,138118315.0,1.480396,1.173029,453460290.0,3244882207.613076,2026-07-14
2019-07-24,sh.603027,千禾味业,7.14891056,7.07977216,7.2422474,7.01063376,10085020,207958447.0,2.224015,-1.062808,453460071.0,3210393986.3374233,2026-07-14
2019-07-25,sh.603027,千禾味业,7.11088444,7.3286704,7.3286704,6.95186612,11628784,240396104.0,2.564455,3.515631,453460248.0,3323260697.0942593,2026-07-14
2019-07-26,sh.603027,千禾味业,7.28718736,7.41163648,7.44620568,7.22841972,10737641,228508243.0,2.3679,1.1321,453466827.0,3360931277.463049,2026-07-14
2019-07-29,sh.603027,千禾味业,7.3632396,7.35632576,7.42546416,7.26990276,6997755,148842293.0,1.543191,-0.746268,453460071.0,3335800001.428729,2026-07-14
2019-07-30,sh.603027,千禾味业,7.3286704,7.2076782,7.3805242,7.1903936,7235164,152314727.0,1.5955,-2.0207,453473143.0,3268488487.0865827,2026-07-14
2019-07-31,sh.603027,千禾味业,7.1558244,6.91384,7.1558244,6.90001232,10503511,211800144.0,2.3163,-4.0767,453460735.0,3135154968.0724,2026-07-14
2019-08-01,sh.603027,千禾味业,6.84124468,6.8101324,6.90692616,6.6372864,12104492,237324516.0,2.6694,-1.5,453453660.0,3088079461.864584,2026-07-14
2019-08-02,sh.603027,千禾味业,6.6372864,6.90692616,6.95877996,6.63037256,8396282,165663597.0,1.8516,1.4213,453460899.0,3132020945.840218,2026-07-14
2019-08-05,sh.603027,千禾味业,6.83778776,6.66839868,6.90001232,6.66839868,6543103,128354199.0,1.4429,-3.4534,453468917.0,3023911527.5438294,2026-07-14
2019-08-06,sh.603027,千禾味业,6.56123416,6.7582786,6.7755632,6.38147432,12660415,239795249.0,2.792,1.3478,453453259.0,3064563456.399957,2026-07-14
2019-08-07,sh.603027,千禾味业,6.74445092,6.59234644,6.79976164,6.57506184,6630900,128078205.0,1.4623,-2.4552,453456883.0,2989344868.3385468,2026-07-14
2019-08-08,sh.603027,千禾味业,6.64074332,6.60617412,6.70988172,6.57851876,4468507,85916402.0,0.9854,0.2098,453471382.0,2995710907.929034,2026-07-14
2019-08-09,sh.603027,千禾味业,6.67876944,6.51975112,6.80667548,6.4990096,7408240,142459153.0,1.6337,-1.3082,453463916.0,2956471874.220586,2026-07-14
2019-08-12,sh.603027,千禾味业,6.53012188,6.6027172,6.6027172,6.4125866,5872008,111186353.0,1.2949,1.2725,453471928.0,2994146898.7227616,2026-07-14
2019-08-13,sh.603027,千禾味业,6.5162942,6.58888952,6.68222636,6.5162942,4567929,87426748.0,1.0073,-0.2094,453482478.0,2987945946.7978306,2026-07-14
2019-08-14,sh.603027,千禾味业,6.72716632,6.8447016,6.91038308,6.60617412,10368991,203662605.0,2.2866,3.8825,453467638.0,3103850667.366821,2026-07-14
2019-08-15,sh.603027,千禾味业,6.7064248,7.30447196,7.32521348,6.67531252,16483989,338925649.0,3.6352,6.7172,453454803.0,3312247893.640824,2026-07-14
2019-08-16,sh.603027,千禾味业,7.30447196,7.33904116,7.42200724,7.22841972,10227430,216943519.0,2.2554,0.4733,453464131.0,3327991921.992632,2026-07-14
2019-08-19,sh.603027,千禾味业,7.35286884,7.41855032,7.52225792,7.25261816,9911408,211297105.0,2.1857,1.0834,453466075.0,3364060895.8003936,2026-07-14
2019-08-20,sh.603027,千禾味业,7.3632396,7.29755812,7.39089496,7.26644584,6730538,142596449.0,1.4843,-1.6309,453448629.0,3309067724.561817,2026-07-14
2019-08-21,sh.603027,千禾味业,7.30447196,7.1903936,7.3632396,7.17656592,6661248,139594127.0,1.469,-1.4685,453454595.0,3260517017.778592,2026-07-14
2019-08-22,sh.603027,千禾味业,7.2249628,7.16619516,7.25261816,7.11088444,5480236,113583786.0,1.2085,-0.3365,453474224.0,3249684789.213556,2026-07-14
2019-08-23,sh.603027,千禾味业,7.12816904,7.41163648,7.42200724,7.086686,10794411,228174402.0,2.3805,3.425,453451418.0,3360817071.5565286,2026-07-14
2019-08-26,sh.603027,千禾味业,7.259532,7.13162596,7.3632396,7.09359984,8412044,175812758.0,1.8551,-3.778,453455016.0,3233871563.7978153,2026-07-14
2019-08-27,sh.603027,千禾味业,7.345955,7.69510392,7.75732848,7.30447196,16601476,364308102.0,3.6611,7.9011,453455956.0,3489390704.5629478,2026-07-14
2019-08-28,sh.603027,千禾味业,7.68473316,7.6743624,7.82300996,7.5360856,9340365,207378794.0,2.0598,-0.2695,453459802.0,3480014854.3802447,2026-07-14
2019-08-29,sh.603027,千禾味业,7.7089316,7.7089316,7.8126392,7.5706548,6701872,149207346.0,1.4779,0.4504,453472630.0,3495789487.142108,2026-07-14
2019-08-30,sh.603027,千禾味业,7.7607854,7.8990622,8.17907272,7.70201776,13954275,321661340.0,3.0773,2.4664,453458389.0,3581896019.822796,2026-07-14
2019-09-02,sh.603027,千禾味业,7.85066532,7.84029456,8.0200544,7.7435008,12794268,290096667.0,2.8215,-0.744,453456247.0,3555230546.5521164,2026-07-14
2019-09-03,sh.603027,千禾味业,7.84029456,7.66399164,7.84029456,7.55682712,11541368,255101187.0,2.5452,-2.2487,453456231.0,3475284763.4899087,2026-07-14
2019-09-04,sh.603027,千禾味业,7.61213784,7.63633628,7.691647,7.53954252,5981340,131343544.0,1.319,-0.3608,453475360.0,3462890343.654061,2026-07-14
2019-09-05,sh.603027,千禾味业,7.68127624,7.61213784,7.7262162,7.5706548,9783591,215720154.0,2.1575,-0.3169,453468876.0,3451867590.261868,2026-07-14
2019-09-06,sh.603027,千禾味业,7.62942244,7.54645636,7.62942244,7.46349028,6840067,148676218.0,1.5084,-0.8629,453465062.0,3422054301.167694,2026-07-14
2019-09-09,sh.603027,千禾味业,7.6225086,7.605224,7.69856084,7.56028404,6327843,139285714.0,1.3955,0.7787,453446292.0,3448560622.629408,2026-07-14
2019-09-10,sh.603027,千禾味业,7.605224,7.96474368,8.00622672,7.53954252,15087591,342814380.0,3.3272,4.7273,453462100.0,3611709395.0945277,2026-07-14
2019-09-11,sh.603027,千禾味业,7.950916,7.74695772,7.950916,7.7435008,7727142,174647572.0,1.704,-2.7344,453470775.0,3513018921.180633,2026-07-14
2019-09-12,sh.603027,千禾味业,7.74004388,7.7435008,7.8472084,7.6397932,4587293,102616379.0,1.0116,-0.0446,453469059.0,3511438021.141747,2026-07-14
2019-09-16,sh.603027,千禾味业,7.73313004,7.5879394,7.73313004,7.56719788,5130956,113124043.0,1.1315,-2.0089,453464958.0,3440864621.327545,2026-07-14
2019-09-17,sh.603027,千禾味业,7.47731796,7.38398112,7.56374096,7.34249808,6407421,137988885.0,1.413,-2.6879,453462208.0,3348356382.5055127,2026-07-14
2019-09-18,sh.603027,千禾味业,7.38398112,7.52225792,7.66744856,7.38398112,7579028,165987585.0,1.6714,1.8727,453453871.0,3410996972.4844084,2026-07-14
2019-09-19,sh.603027,千禾味业,7.5360856,7.54299944,7.5879394,7.432378,4031719,87662908.0,0.8891,0.2757,453460691.0,3420453738.275013,2026-07-14
2019-09-20,sh.603027,千禾味业,7.53954252,7.7262162,7.77115616,7.5015164,7372721,163931901.0,1.6259,2.429,453454764.0,3503489543.5839767,2026-07-14
2019-09-23,sh.603027,千禾味业,7.72967312,7.5360856,7.72967312,7.4496626,5901741,129058661.0,1.3015,-2.4609,453456857.0,3417289690.2589593,2026-07-14
2019-09-24,sh.603027,千禾味业,7.52917176,7.54299944,7.62596552,7.45657644,4406331,96172223.0,0.9717,0.0917,453466193.0,3420495239.857932,2026-07-14
2019-09-25,sh.603027,千禾味业,7.4842318,7.64670704,7.72967312,7.4842318,6357083,140475338.0,1.4019,1.3749,453461945.0,3467490647.203593,2026-07-14
2019-09-26,sh.603027,千禾味业,7.6743624,7.60176708,7.7953546,7.58448248,6528345,145218356.0,1.4397,-0.5877,453451761.0,3447034669.137828,2026-07-14
2019-09-27,sh.603027,千禾味业,7.60176708,7.518801,7.6570778,7.48077488,4111774,89576404.0,0.9068,-1.0914,453437803.0,3409308606.634203,2026-07-14
2019-09-30,sh.603027,千禾味业,7.51534408,7.46003336,7.59831016,7.4496626,3385868,73476841.0,0.7467,-0.7816,453444221.0,3382709015.559212,2026-07-14
2019-10-08,sh.603027,千禾味业,7.5015164,7.42546416,7.55682712,7.40472264,3081935,66594423.0,0.6796,-0.4634,453492496.0,3367392275.876943,2026-07-14
2019-10-09,sh.603027,千禾味业,7.41855032,7.46003336,7.48077488,7.39435188,2384729,51276449.0,0.5188,0.4656,459662490.0,3429097509.7406664,2026-07-14
2019-10-10,sh.603027,千禾味业,7.48077488,7.77807,7.79881152,7.47731796,8329682,185697755.0,1.8122,4.2632,459644741.0,3575148970.62987,2026-07-14
2019-10-11,sh.603027,千禾味业,7.77807,7.84375148,7.94400216,7.71238852,8168858,185468987.0,1.7772,0.8444,459647648.0,3605361919.278519,2026-07-14
2019-10-14,sh.603027,千禾味业,7.88523452,7.78844076,7.9163468,7.7435008,6861887,155111005.0,1.4929,-0.7052,459634738.0,3579837928.151121,2026-07-14
2019-10-15,sh.603027,千禾味业,7.79189768,7.97511444,8.08227896,7.73313004,8907469,205360760.0,1.9379,2.3968,459645441.0,3665724993.799268,2026-07-14
2019-10-16,sh.603027,千禾味业,7.97165752,8.210185,8.25512496,7.88869144,10326133,243650969.0,2.2466,2.9476,459633802.0,3773678546.6733694,2026-07-14
2019-10-17,sh.603027,千禾味业,8.20672808,8.25512496,8.28969416,8.10302048,6166334,146243876.0,1.3416,0.5474,459625373.0,3794264888.90161,2026-07-14
2019-10-18,sh.603027,千禾味业,8.18252964,7.8817776,8.25512496,7.85066532,9426753,219107076.0,2.0509,-4.5226,459639817.0,3622778813.6986995,2026-07-14
2019-10-21,sh.603027,千禾味业,7.90943296,7.80572536,8.08227896,7.64670704,7940795,179871945.0,1.7276,-0.9649,459643147.0,3587848169.088108,2026-07-14
2019-10-22,sh.603027,千禾味业,7.79881152,7.76424232,7.85757916,7.73313004,5047067,113561923.0,1.098,-0.5314,459660018.0,3568911764.5675616,2026-07-14
2019-10-23,sh.603027,千禾味业,7.78152692,7.69510392,7.94400216,7.65362088,5406425,121796672.0,1.1762,-0.8905,459651845.0,3537068714.2947326,2026-07-14
2019-10-24,sh.603027,千禾味业,7.61559476,7.35632576,7.66053472,7.2941012,10464329,224059470.0,2.2766,-4.4025,459647237.0,3381314810.055925,2026-07-14
2019-10-25,sh.603027,千禾味业,7.34249808,7.47731796,7.5706548,7.26644584,5863158,125812606.0,1.2756,1.6447,459639229.0,3436868662.122253,2026-07-14
2019-10-28,sh.603027,千禾味业,7.54991328,7.7435008,7.85066532,7.54991328,7908088,176785359.0,1.7205,3.5599,459638942.0,3559214515.0881534,2026-07-14
2019-10-29,sh.603027,千禾味业,7.7435008,7.73313004,7.864493,7.691647,6272662,141190963.0,1.3647,-0.1339,459636697.0,3554430349.057078,2026-07-14
2019-10-30,sh.603027,千禾味业,7.7953546,7.8299238,7.87140684,7.6397932,5162539,116264048.0,1.1232,1.2517,459627760.0,3598850337.164688,2026-07-14
2019-10-31,sh.603027,千禾味业,7.84375148,7.78844076,7.87140684,7.74695772,4861974,109752263.0,1.0578,-0.5298,459630743.0,3579806813.3302846,2026-07-14
2019-11-01,sh.603027,千禾味业,7.74695772,7.99931288,8.04079592,7.74695772,7617834,174951713.0,1.6573,2.7075,459653291.0,3676910491.030688,2026-07-14
2019-11-04,sh.603027,千禾味业,8.04425284,8.15487428,8.25512496,7.97511444,7958548,187675875.0,1.7315,1.9447,459633150.0,3748250553.170382,2026-07-14
2019-11-05,sh.603027,千禾味业,8.1583312,8.4003156,8.44871248,8.06845128,9527935,229030923.0,2.0729,3.0097,459642771.0,3861144339.658528,2026-07-14
2019-11-06,sh.603027,千禾味业,8.3311772,8.20327116,8.46254016,8.18252964,7143836,171030756.0,1.5542,-2.3457,459647150.0,3770610209.371194,2026-07-14
2019-11-07,sh.603027,千禾味业,8.22401268,8.26895264,8.35191872,8.15487428,4540568,108413673.0,0.9879,0.8007,459618180.0,3800560962.902995,2026-07-14
2019-11-08,sh.603027,千禾味业,8.28969416,8.16870196,8.4176002,8.1583312,6548005,156104137.0,1.4246,-1.2124,459638144.0,3754647007.783562,2026-07-14
2019-11-11,sh.603027,千禾味业,8.13067584,8.09610664,8.32772028,8.06845128,6071289,143895630.0,1.3209,-0.8887,459632750.0,3721235759.23646,2026-07-14
2019-11-12,sh.603027,千禾味业,8.09610664,8.210185,8.210185,8.01659748,4702010,110389535.0,1.023,1.4091,459629521.0,3773643398.8713846,2026-07-14
2019-11-13,sh.603027,千禾味业,8.18944348,8.2620388,8.28278032,8.13067584,4432085,105133097.0,0.9642,0.6316,459664489.0,3797765843.100173,2026-07-14
2019-11-14,sh.603027,千禾味业,8.25512496,8.17215888,8.30697876,8.1064774,4836258,114487819.0,1.0522,-1.0879,459632960.0,3756193575.604685,2026-07-14
2019-11-15,sh.603027,千禾味业,8.16178812,8.02696824,8.17215888,7.90943296,6220261,144684261.0,1.3533,-1.7767,459636518.0,3689487731.9301887,2026-07-14
2019-11-18,sh.603027,千禾味业,7.9854852,8.09610664,8.1410466,7.97165752,3390767,79146636.0,0.7377,0.8613,459640369.0,3721297443.4729505,2026-07-14
2019-11-19,sh.603027,千禾味业,8.1064774,8.04770976,8.12030508,7.9682006,5106876,118718560.0,1.1111,-0.5978,459623436.0,3698916011.821935,2026-07-14
2019-11-20,sh.603027,千禾味业,8.00968364,7.88869144,8.04425284,7.79189768,6802656,155468586.0,1.48,-1.9759,459638919.0,3625949605.8061533,2026-07-14
2019-11-21,sh.603027,千禾味业,7.864493,7.7607854,7.8817776,7.73658696,4478650,100966420.0,0.9744,-1.6214,459631568.0,3567101962.313507,2026-07-14
2019-11-22,sh.603027,千禾味业,7.75732848,7.54645636,7.8472084,7.48077488,8313489,182777438.0,1.8087,-2.7617,459638912.0,3468644990.76588,2026-07-14
2019-11-25,sh.603027,千禾味业,7.518801,7.53262868,7.59139632,7.3978088,4078716,88482772.0,0.8874,-0.1832,459625423.0,3462187643.346932,2026-07-14
2019-11-26,sh.603027,千禾味业,7.5533702,7.54991328,7.62596552,7.5015164,3472079,75934816.0,0.7554,0.2295,459634498.0,3470200600.3963337,2026-07-14
2019-11-27,sh.603027,千禾味业,7.49460256,7.51534408,7.58102556,7.4669472,3153909,68624534.0,0.6862,-0.4579,459619499.0,3454198680.862216,2026-07-14
2019-11-28,sh.603027,千禾味业,7.56719788,7.35632576,7.56719788,7.32521348,4956684,106386325.0,1.0784,-2.1159,459633160.0,3381211255.0582013,2026-07-14
2019-11-29,sh.603027,千禾味业,7.3632396,7.32175656,7.43929184,7.28718736,4296542,91169371.0,0.9348,-0.4699,459621523.0,3365236901.142441,2026-07-14
2019-12-02,sh.603027,千禾味业,7.33212732,7.23187664,7.37361036,7.06248756,7125501,148274383.0,1.5502,-1.2276,459650432.0,3324135221.7467084,2026-07-14
2019-12-03,sh.603027,千禾味业,7.18693668,7.22841972,7.23187664,7.1212552,2902602,60210764.0,0.6315,-0.0478,459636105.0,3322442685.4059906,2026-07-14
2019-12-04,sh.603027,千禾味业,7.18002284,7.18693668,7.3113858,7.15236748,3136636,65565924.0,0.6824,-0.5739,459647714.0,3303459015.624749,2026-07-14
2019-12-05,sh.603027,千禾味业,7.1903936,7.3113858,7.3805242,7.1903936,3952154,83636113.0,0.8598,1.7316,459659688.0,3360749315.6756306,2026-07-14
2019-12-06,sh.603027,千禾味业,7.32175656,7.3286704,7.35632576,7.2768166,3162560,66965345.0,0.688,0.2364,459674419.0,3368802308.1624975,2026-07-14
2019-12-09,sh.603027,千禾味业,7.35978268,7.30101504,7.42200724,7.28027352,2832441,60080618.0,0.6162,-0.3774,459662610.0,3356003628.9356546,2026-07-14
2019-12-10,sh.603027,千禾味业,7.27335968,7.20422128,7.27335968,7.14199672,3791306,78915349.0,0.8248,-1.3258,459663676.0,3311518836.282225,2026-07-14
2019-12-11,sh.603027,千禾味业,7.20422128,7.23533356,7.25261816,7.15236748,2496344,52111647.0,0.5431,0.4319,459647210.0,3325700884.2733674,2026-07-14
2019-12-12,sh.603027,千禾味业,7.2249628,7.16965208,7.2249628,7.15236748,2061820,42817199.0,0.4486,-0.9078,459612127.0,3295259042.338774,2026-07-14
2019-12-13,sh.603027,千禾味业,7.23879048,7.3805242,7.40472264,7.21459204,4956508,104931204.0,1.0783,2.9412,459659464.0,3392527797.811029,2026-07-14
2019-12-16,sh.603027,千禾味业,7.12471212,7.1903936,7.20076436,7.07977216,8170788,169104827.0,1.7776,-2.5761,459652790.0,3305084479.438144,2026-07-14
2019-12-17,sh.603027,千禾味业,7.19385052,7.24570432,7.25261816,7.14545364,4713870,98342663.0,1.0256,0.7692,459620710.0,3330275764.008467,2026-07-14
2019-12-18,sh.603027,千禾味业,7.26298892,7.345955,7.48768872,7.21113512,6416198,136801364.0,1.3959,1.3836,459645963.0,3376538560.129665,2026-07-14
2019-12-19,sh.603027,千禾味业,7.345955,7.28718736,7.3805242,7.2422474,4652678,98218667.0,1.0119,-0.8,459796225.0,3350621238.995716,2026-07-14
2019-12-20,sh.603027,千禾味业,7.30792888,7.15928132,7.32175656,7.13162596,4105657,85419476.0,0.8929,-1.7552,459811513.0,3291919975.741837,2026-07-14
2019-12-23,sh.603027,千禾味业,7.14199672,7.15928132,7.2076782,7.1039706,2746322,56917678.0,0.5973,0.0,459789386.0,3291761562.3240695,2026-07-14
2019-12-24,sh.603027,千禾味业,7.18693668,7.3113858,7.35632576,7.12471212,4442686,93742080.0,0.9662,2.1246,459810184.0,3361849649.992987,2026-07-14
2019-12-25,sh.603027,千禾味业,7.3113858,7.30792888,7.345955,7.22150588,2805432,58986881.0,0.6101,-0.0473,459831503.0,3360415920.7075067,2026-07-14
2019-12-26,sh.603027,千禾味业,7.2941012,7.31484272,7.3286704,7.24570432,2058297,43427917.0,0.4476,0.0946,459851877.0,3363744154.7517853,2026-07-14
2019-12-27,sh.603027,千禾味业,7.32521348,7.33212732,7.41855032,7.25607508,4154330,88578023.0,0.9035,0.2363,459804095.0,3371342166.797375,2026-07-14
2019-12-30,sh.603027,千禾味业,7.33904116,7.3113858,7.35978268,7.24570432,3560846,74986052.0,0.7744,-0.2829,459819990.0,3361921345.442142,2026-07-14
2019-12-31,sh.603027,千禾味业,7.28718736,7.34941192,7.35632576,7.26644584,3382755,71536182.0,0.7357,0.5201,459800870.0,3379265994.8043704,2026-07-14
2020-01-02,sh.603027,千禾味业,7.3805242,7.36669652,7.4496626,7.3286704,6390011,136102970.0,1.3897,0.2352,459812262.0,3387297390.328728,2026-07-14
2020-01-03,sh.603027,千禾味业,7.3632396,7.30101504,7.3632396,7.25261816,4212571,88943902.0,0.9127,-0.8916,461550455.0,3369786813.6738434,2026-07-14
2020-01-06,sh.603027,千禾味业,7.259532,7.16619516,7.26644584,7.1385398,6732276,139692784.0,1.4587,-1.8466,461525742.0,3307383538.5358086,2026-07-14
2020-01-07,sh.603027,千禾味业,7.14891056,7.2249628,7.26990276,7.1212552,4530167,94350835.0,0.9815,0.8201,461555476.0,3334721144.236293,2026-07-14
2020-01-08,sh.603027,千禾味业,7.1903936,7.15928132,7.27335968,7.13508288,3691960,76775947.0,0.7999,-0.9091,461552694.0,3304385580.349876,2026-07-14
2020-01-09,sh.603027,千禾味业,7.18347976,7.259532,7.259532,7.15236748,5309196,110997929.0,1.1503,1.4003,461548813.0,3350628377.5355163,2026-07-14
2020-01-10,sh.603027,千禾味业,7.2941012,7.2249628,7.3286704,7.19385052,4352732,91140031.0,0.9431,-0.4762,461534514.0,3334569694.566079,2026-07-14
2020-01-13,sh.603027,千禾味业,7.21459204,7.44274876,7.4496626,7.2076782,8714337,186286932.0,1.8881,3.0144,461540014.0,3435126366.8888826,2026-07-14
2020-01-14,sh.603027,千禾味业,7.44274876,7.345955,7.49460256,7.33904116,5625935,119940027.0,1.219,-1.3005,461520509.0,3390308890.691095,2026-07-14
2020-01-15,sh.603027,千禾味业,7.34249808,7.37361036,7.4842318,7.3113858,4364428,93553047.0,0.9456,0.3765,461551184.0,3403298592.012666,2026-07-14
2020-01-16,sh.603027,千禾味业,7.38743804,7.57411172,7.58102556,7.3632396,7992958,173589868.0,1.7318,2.7192,461540478.0,3495759143.6742024,2026-07-14
2020-01-17,sh.603027,千禾味业,7.5706548,7.52225792,7.63287936,7.47040412,4836795,105508209.0,1.048,-0.6846,461526240.0,3471719414.127821,2026-07-14
2020-01-20,sh.603027,千禾味业,7.5015164,7.48077488,7.50497332,7.38398112,4993144,107363713.0,1.0819,-0.5515,461516221.0,3452498952.7693286,2026-07-14
2020-01-21,sh.603027,千禾味业,7.49460256,7.345955,7.5360856,7.33904116,4765287,102050497.0,1.0325,-1.8022,461529007.0,3390371316.616685,2026-07-14
2020-01-22,sh.603027,千禾味业,7.2249628,7.23533356,7.24916124,7.1385398,5400562,112323923.0,1.1701,-1.5059,461547047.0,3339446838.677997,2026-07-14
2020-01-23,sh.603027,千禾味业,7.1558244,6.95877996,7.21113512,6.85507236,6155115,125565172.0,1.3336,-3.8223,461541317.0,3211764467.451607,2026-07-14
2020-02-03,sh.603027,千禾味业,6.26393904,6.26393904,6.39184508,6.26393904,12155190,220723320.0,2.6336,-9.9851,461542755.0,2891075681.6736555,2026-07-14
2020-02-04,sh.603027,千禾味业,6.222456,6.85507236,6.88964156,6.222456,10389262,200071008.0,2.251,9.4371,461539849.0,3163889061.9184737,2026-07-14
2020-02-05,sh.603027,千禾味业,6.8792708,6.86890004,6.95877996,6.75136476,5355694,106311771.0,1.1604,0.2017,461538607.0,3170262556.083844,2026-07-14
2020-02-06,sh.603027,千禾味业,6.86890004,6.91729692,7.02791836,6.75136476,5062980,101605799.0,1.097,0.7046,461529626.0,3192537460.418552,2026-07-14
2020-02-07,sh.603027,千禾味业,6.90346924,7.09705676,7.1558244,6.79630472,7411566,149538126.0,1.6059,2.5987,461521016.0,3275440846.484868,2026-07-14
2020-02-10,sh.603027,千禾味业,7.03828912,7.42200724,7.518801,7.03137528,7508911,159611684.0,1.6269,4.5787,461547176.0,3425606481.873554,2026-07-14
2020-02-11,sh.603027,千禾味业,7.3978088,7.40126572,7.5015164,7.3286704,4648465,99579893.0,1.0072,-0.2795,461523531.0,3415858288.963657,2026-07-14
2020-02-12,sh.603027,千禾味业,7.38743804,7.47731796,7.5533702,7.35632576,6170834,133040366.0,1.337,1.0276,461543306.0,3451106051.2715755,2026-07-14
2020-02-13,sh.603027,千禾味业,7.51534408,7.48077488,7.5879394,7.4150934,3599642,77964172.0,0.7799,0.0462,461551737.0,3452764639.969967,2026-07-14
2020-02-14,sh.603027,千禾味业,7.44274876,7.57756864,7.7953546,7.44274876,6771142,149892017.0,1.4671,1.2939,461532411.0,3497293523.937191,2026-07-14
2020-02-17,sh.603027,千禾味业,7.5706548,7.66053472,7.75041464,7.52225792,6220012,137346075.0,1.3477,1.0949,461527936.0,3535550777.977938,2026-07-14
2020-02-18,sh.603027,千禾味业,7.62596552,7.57411172,7.70547468,7.5360856,4727247,103807639.0,1.0242,-1.1282,461555067.0,3495869642.390085,2026-07-14
2020-02-19,sh.603027,千禾味业,7.52225792,7.51188716,7.66399164,7.47386104,5279601,115548955.0,1.1439,-0.8215,461543929.0,3467065914.0310516,2026-07-14
2020-02-20,sh.603027,千禾味业,7.53954252,7.81955304,7.8817776,7.53262868,7294319,163899508.0,1.5804,4.0957,461548912.0,3609106197.9382925,2026-07-14
2020-02-21,sh.603027,千禾味业,7.77461308,8.01314056,8.12721892,7.76769924,10852366,250804569.0,2.3514,2.4757,461527856.0,3698287582.4834394,2026-07-14
2020-02-24,sh.603027,千禾味业,7.94400216,7.92671756,8.10993432,7.89560528,7099431,163601633.0,1.5382,-1.0785,461541477.0,3658508930.4042363,2026-07-14
2020-02-25,sh.603027,千禾味业,7.81955304,7.91288988,7.91980372,7.67781932,5402383,122336272.0,1.1705,-0.1744,461544895.0,3652153928.8111625,2026-07-14
2020-02-26,sh.603027,千禾味业,7.77461308,7.70547468,7.87140684,7.64325012,4865145,108964153.0,1.0541,-2.6212,461544920.0,3556422694.7426257,2026-07-14
2020-02-27,sh.603027,千禾味业,7.72275928,8.296608,8.43834172,7.72275928,11818284,279591081.0,2.5606,7.6716,461543544.0,3829245859.4987526,2026-07-14
2020-02-28,sh.603027,千禾味业,7.950916,7.950916,8.38994484,7.91288988,7907817,186296458.0,1.7134,-4.1667,461527781.0,3669568618.397396,2026-07-14
2020-03-02,sh.603027,千禾味业,8.10302048,8.21364192,8.4176002,7.9682006,7312692,173806287.0,1.5844,3.3043,461543297.0,3790951372.1342106,2026-07-14
2020-03-03,sh.603027,千禾味业,8.25512496,8.68723996,8.74946452,8.2274696,10085126,250789782.0,2.1851,5.766,461540708.0,4009514881.7042913,2026-07-14
2020-03-04,sh.603027,千禾味业,8.63192924,8.97762124,9.0398458,8.5731616,7860659,201352222.0,1.7032,3.3426,461522957.0,4143378301.5108066,2026-07-14
2020-03-05,sh.603027,千禾味业,8.9534228,8.9361382,9.11244112,8.815146,6377747,165103515.0,1.3819,-0.4621,461520153.0,4124207869.2931447,2026-07-14
2020-03-06,sh.603027,千禾味业,8.8497152,8.8497152,8.9707074,8.6941538,4840110,123715495.0,1.0487,-0.9671,461534281.0,4084446941.886771,2026-07-14
2020-03-09,sh.603027,千禾味业,8.68378304,8.469454,8.7978614,8.469454,6782975,169042203.0,1.4697,-4.2969,461521059.0,3908831379.2317863,2026-07-14
2020-03-10,sh.603027,千禾味业,8.49365244,8.45908324,8.64921384,8.21709884,6197360,151217012.0,1.3428,-0.1225,461525171.0,3904079838.844234,2026-07-14
2020-03-11,sh.603027,千禾味业,8.49710936,8.42451404,8.61464464,8.42451404,3840648,94571929.0,0.8321,-0.4087,461560870.0,3888426029.629615,2026-07-14
2020-03-12,sh.603027,千禾味业,8.3311772,8.1583312,8.39340176,8.0719082,5236681,123947688.0,1.1346,-3.1596,461544245.0,3765430814.163944,2026-07-14
2020-03-13,sh.603027,千禾味业,7.8472084,8.24129728,8.36228948,7.7089316,5631313,131784218.0,1.2201,1.0169,461545201.0,3803731209.598353,2026-07-14
2020-03-16,sh.603027,千禾味业,8.296608,7.9163468,8.37266024,7.87486376,5208911,122887992.0,1.1286,-3.943,461537391.0,3653690048.323199,2026-07-14
2020-03-17,sh.603027,千禾味业,7.9854852,8.02696824,8.2274696,7.432378,5713909,130244753.0,1.238,1.3974,461543538.0,3704795320.9032335,2026-07-14
2020-03-18,sh.603027,千禾味业,8.08573588,7.76424232,8.1583312,7.7089316,4621080,106732547.0,1.0012,-3.273,461554135.0,3583618147.937993,2026-07-14
2020-03-19,sh.603027,千禾味业,7.77807,7.691647,7.8472084,7.432378,3822870,84763429.0,0.8283,-0.935,461532054.0,3549941638.552938,2026-07-14
2020-03-20,sh.603027,千禾味业,7.7953546,8.0200544,8.04079592,7.7089316,3775575,85986051.0,0.818,4.2697,461561736.0,3701750231.678438,2026-07-14
2020-03-23,sh.603027,千禾味业,7.8126392,7.90943296,8.01314056,7.72275928,3109364,71192068.0,0.6737,-1.3793,461535402.0,3650483320.78565,2026-07-14
2020-03-24,sh.603027,千禾味业,8.123762,8.34500488,8.3657464,7.91288988,6670172,157509540.0,1.4452,5.507,461539718.0,3851551199.0238237,2026-07-14
2020-03-25,sh.603027,千禾味业,8.47291092,8.59390312,8.8842844,8.4003156,8180972,203881140.0,1.7726,2.9826,461523863.0,3966291366.1901526,2026-07-14
2020-03-26,sh.603027,千禾味业,8.53513548,8.728723,8.815146,8.53167856,5070643,127461270.0,1.0986,1.5688,461554979.0,4028785560.9618173,2026-07-14
2020-03-27,sh.603027,千禾味业,8.77020604,8.66304152,8.92922436,8.63192924,3945094,99928712.0,0.8548,-0.7525,461522461.0,3998188242.0555806,2026-07-14
2020-03-30,sh.603027,千禾味业,8.66304152,8.47982476,8.7460076,8.4176002,4902630,121098612.0,1.0622,-2.1149,461554321.0,3913899759.300788,2026-07-14
2020-03-31,sh.603027,千禾味业,8.56624776,8.9707074,9.074415,8.469454,7456242,190797754.0,1.6155,5.7888,461543918.0,4140375440.6275935,2026-07-14
2020-04-01,sh.603027,千禾味业,8.96379356,8.82205984,9.02601812,8.74255068,5622437,144057082.0,1.2182,-1.657,461536447.0,4071702153.774988,2026-07-14
2020-04-02,sh.603027,千禾味业,8.8842844,8.75292144,8.8842844,8.61118772,2762510,69533098.0,0.5985,-0.7837,461572264.0,4040105765.67494,2026-07-14
2020-04-03,sh.603027,千禾味业,8.73563684,9.33022708,9.4892454,8.66304152,8368803,222677794.0,1.8132,6.5956,461548809.0,4306355196.473548,2026-07-14
2020-04-07,sh.603027,千禾味业,9.50653,9.4719608,9.61369452,9.26800252,9488250,258887507.0,2.0558,1.5191,461535655.0,4371647631.962324,2026-07-14
2020-04-08,sh.603027,千禾味业,9.2991148,9.25763176,9.4546762,9.1954072,4815633,129390746.0,1.0434,-2.2628,461532777.0,4272700494.636198,2026-07-14
2020-04-09,sh.603027,千禾味业,9.33022708,9.49615924,9.5583838,9.24034716,6021656,164073518.0,1.3047,2.5765,461535679.0,4382816302.725524,2026-07-14
2020-04-10,sh.603027,千禾味业,9.49270232,9.22306256,9.6275222,9.15392416,6876452,186684604.0,1.4899,-2.8759,461537821.0,4256792196.889082,2026-07-14
2020-04-13,sh.603027,千禾味业,9.1781226,9.160838,9.2126918,8.987992,3264601,85723485.0,0.7073,-0.6747,461558179.0,4228259705.394002,2026-07-14
2020-04-14,sh.603027,千禾味业,9.11244112,9.2645456,9.3682532,9.06404424,3639073,97010683.0,0.7885,1.1321,461518453.0,4275758753.0599566,2026-07-14
2020-04-15,sh.603027,千禾味业,9.2645456,9.11935496,9.33022708,9.07095808,3283784,87110958.0,0.7115,-1.5672,461529726.0,4208853395.9855413,2026-07-14
2020-04-16,sh.603027,千禾味业,9.11244112,9.3855378,9.3855378,9.02601812,5230091,139632437.0,1.1332,2.9189,461532916.0,4331734629.062224,2026-07-14
2020-04-17,sh.603027,千禾味业,9.420107,9.852222,10.00432648,9.420107,10775165,304318177.0,2.3346,4.9724,461542234.0,4547216551.743948,2026-07-14
2020-04-20,sh.603027,千禾味业,9.67591908,9.75197132,9.8349374,9.46159004,11534923,322723606.0,2.4927,-1.0175,462748145.0,4512706638.423202,2026-07-14
2020-04-21,sh.603027,千禾味业,9.77962668,10.1806294,10.22902628,9.65172064,8072921,233831891.0,1.7445,4.3956,462764173.0,4711230544.910486,2026-07-14
2020-04-22,sh.603027,千禾味业,10.11840484,10.28779392,10.39495844,10.025068,6719961,199736174.0,1.4522,1.0526,462743493.0,4760609693.804963,2026-07-14
2020-04-23,sh.603027,千禾味业,10.2324832,10.39841536,10.4917522,10.197914,5145045,154476301.0,1.1118,1.0753,462767134.0,4812044874.288778,2026-07-14
2020-04-24,sh.603027,千禾味业,10.24285396,10.3016216,10.62657208,10.2324832,7192554,216337563.0,1.5543,-0.9309,462751978.0,4767095772.007525,2026-07-14
2020-04-27,sh.603027,千禾味业,10.67496896,10.85818572,11.33178376,10.32582004,16295007,521303166.0,3.5213,5.4027,462755431.0,5024684412.736646,2026-07-14
2020-04-28,sh.603027,千禾味业,10.99991944,11.31104224,11.33524068,10.8547288,11256903,362685125.0,2.4326,4.1707,462751912.0,5234206423.272763,2026-07-14
2020-04-29,sh.603027,千禾味业,11.17276544,10.68533972,11.22807616,10.59891672,10859740,340686380.0,2.3219,-5.5318,467709204.0,4997631734.910783,2026-07-14
2020-04-30,sh.603027,千禾味业,10.69571048,10.60583056,10.83053036,10.51940756,6184403,190070152.0,1.3223,-0.7441,467700446.0,4960351683.11243,2026-07-14
2020-05-06,sh.603027,千禾味业,10.53323524,11.25573152,11.321413,10.51595064,9616038,307189921.0,2.056,6.1278,467706128.0,5264374607.026754,2026-07-14
2020-05-07,sh.603027,千禾味业,11.30758532,11.6843896,11.926374,11.1312824,8129288,272654002.0,1.7381,3.8083,467711179.0,5464919635.711338,2026-07-14
2020-05-08,sh.603027,千禾味业,11.6325358,11.58759584,11.81920948,11.41820676,6498708,218254672.0,1.3895,-0.8284,467701187.0,5419532328.844262,2026-07-14
2020-05-11,sh.603027,千禾味业,11.63944964,11.407836,11.64290656,11.26264536,6145114,202658873.0,1.3139,-1.5513,467700282.0,5335448114.209752,2026-07-14
2020-05-12,sh.603027,千禾味业,11.4769744,11.97477088,11.98859856,11.44586212,8364617,285783030.0,1.7884,4.9697,467715108.0,5600781255.414454,2026-07-14
2020-05-13,sh.603027,千禾味业,11.753528,11.97477088,12.19601376,11.6843896,7909564,273168330.0,1.6911,0.0,467717107.0,5600805192.981444,2026-07-14
2020-05-14,sh.603027,千禾味业,11.96440012,11.926374,12.05428004,11.77426952,5751618,197873228.0,1.2298,-0.4042,467687266.0,5577813249.353483,2026-07-14
2020-05-15,sh.603027,千禾味业,11.926374,12.68343948,12.7560348,11.8745202,9714698,345996365.0,2.0771,6.3478,467704877.0,5932106501.930345,2026-07-14
2020-05-18,sh.603027,千禾味业,12.61430108,12.93925156,13.11555448,12.4967658,8883582,330734309.0,1.8994,2.0169,467704644.0,6051748044.496245,2026-07-14
2020-05-19,sh.603027,千禾味业,12.91851004,12.96345,13.03950224,12.69726716,6330866,236174516.0,1.3536,0.187,467705822.0,6063081038.2059,2026-07-14
2020-05-20,sh.603027,千禾味业,12.8251732,12.96345,13.0671576,12.67306872,7468932,277830423.0,1.5969,0.0,467714447.0,6063192847.96215,2026-07-14
2020-05-21,sh.603027,千禾味业,12.877027,12.7560348,12.9461654,12.55899036,6480059,239279344.0,1.3855,-1.6,467705449.0,5966066983.593625,2026-07-14
2020-05-22,sh.603027,千禾味业,12.57627496,12.36194592,12.74912096,12.27552292,7853732,282953557.0,1.6792,-3.0894,467706765.0,5781765735.348149,2026-07-14
2020-05-25,sh.603027,千禾味业,12.48293812,12.8597424,13.0844422,12.2029276,9849682,364028517.0,2.106,4.0269,467696201.0,6014452666.318623,2026-07-14
2020-05-26,sh.603027,千禾味业,12.86319932,13.24691744,13.30222816,12.790604,8227835,311716360.0,1.7592,3.0107,467703217.0,6195625902.021405,2026-07-14
2020-05-27,sh.603027,千禾味业,13.1708652,13.14666676,13.45433264,12.92196696,7031120,268355049.0,1.5033,-0.7568,467712366.0,6148858615.333155,2026-07-14
2020-05-28,sh.603027,千禾味业,13.1017268,12.97036384,13.1017268,12.67306872,6857373,255534688.0,1.4662,-1.341,467696972.0,6066199893.706292,2026-07-14
2020-05-29,sh.603027,千禾味业,12.9288808,13.27802972,13.3782804,12.8597424,6152962,235313969.0,1.3156,2.3721,467692460.0,6210034383.699911,2026-07-14
2020-06-01,sh.603027,千禾味业,13.30222816,13.16395136,13.44050496,13.03604532,8605706,328671089.0,1.8261,-0.8591,471261486.0,6203663279.545321,2026-07-14
2020-06-02,sh.603027,千禾味业,13.10518372,12.5486196,13.15703752,12.44145508,12306967,451375573.0,2.6115,-4.6744,471260463.0,5913668282.706875,2026-07-14
2020-06-03,sh.603027,千禾味业,12.5486196,12.61084416,12.76640556,12.29626444,6069967,220844897.0,1.288,0.4959,471270730.0,5943121733.199436,2026-07-14
2020-06-04,sh.603027,千禾味业,12.67306872,12.74566404,12.83900088,12.48293812,4818103,176203677.0,1.0224,1.0691,471254206.0,6006447787.112952,2026-07-14
2020-06-05,sh.603027,千禾味业,12.7733194,12.68343948,12.7733194,12.51750732,3736552,136944514.0,0.7929,-0.4882,471251356.0,5977088053.693935,2026-07-14
2020-06-08,sh.603027,千禾味业,12.7560348,12.4103428,12.87357008,12.29972136,7015625,253621466.0,1.4887,-2.1532,471258481.0,5848479296.617287,2026-07-14
2020-06-09,sh.603027,千禾味业,12.5486196,12.7214656,12.7560348,12.4103428,6035201,219885925.0,1.2806,2.507,471279166.0,5995361698.26569,2026-07-14
2020-06-10,sh.603027,千禾味业,12.73529328,13.46816032,13.5856956,12.64195644,10762930,409438534.0,2.2838,5.8696,471272879.0,6347178688.839962,2026-07-14
2020-06-11,sh.603027,千禾味业,13.56526116,13.34192472,13.91483124,13.19627052,10791655,301820731.0,1.6357,-0.9373,659757596.0,8802436179.280172,2026-07-14
2020-06-12,sh.603027,千禾味业,12.99720978,13.39047612,13.48757892,12.99720978,7965474,217680434.0,1.2073,0.3639,659775863.0,8834712938.053892,2026-07-14
2020-06-15,sh.603027,千禾味业,13.39047612,12.94865838,13.7157705,12.9389481,9592005,261259752.0,1.4538,-3.2995,659788485.0,8543375695.322754,2026-07-14
2020-06-16,sh.603027,千禾味业,13.04576118,13.88084526,13.98765834,12.9632238,14641045,409676322.0,2.2191,7.1991,659774007.0,9158220897.737156,2026-07-14
2020-06-17,sh.603027,千禾味业,13.88084526,13.8857004,13.9828032,13.6186677,8470623,240215416.0,1.2839,0.035,659757224.0,9161191149.19969,2026-07-14
2020-06-18,sh.603027,千禾味业,13.87599012,13.4487378,13.87599012,13.24482192,10051427,278828097.0,1.5235,-3.1469,659758910.0,8872924591.803799,2026-07-14
2020-06-19,sh.603027,千禾味业,13.57497144,13.54098546,13.75461162,13.351635,9017072,251772398.0,1.3667,0.6859,659769664.0,8933931427.173086,2026-07-14
2020-06-22,sh.603027,千禾味业,13.68178452,13.65265368,13.82743872,13.47786864,7084943,198782766.0,1.0738,0.8247,659800987.0,9008034373.233183,2026-07-14
2020-06-23,sh.603027,千禾味业,13.6914948,13.81772844,14.0070789,13.5215649,8990409,256107931.0,1.3627,1.2091,659749688.0,9116242027.158726,2026-07-14
2020-06-24,sh.603027,千禾味业,13.84200414,13.68178452,14.01193404,13.55069574,7385605,208099557.0,1.1194,-0.9838,659782473.0,9027001625.658718,2026-07-14
2020-06-29,sh.603027,千禾味业,13.68663966,14.87129382,14.8810041,13.58953686,15551237,459516123.0,2.3571,8.6941,659761444.0,9811506284.831476,2026-07-14
2020-06-30,sh.603027,千禾味业,14.8567284,15.33253212,15.6821022,14.70136392,13307091,418487216.0,2.0169,3.1015,659779414.0,10116089057.269777,2026-07-14
2020-07-01,sh.603027,千禾味业,15.5121723,16.08507882,16.69682646,15.3422424,12781190,421247004.0,1.9372,4.9082,659776482.0,10612556716.55231,2026-07-14
2020-07-02,sh.603027,千禾味业,16.11420966,15.62869566,16.3860975,15.54130314,13132974,429603476.0,1.9905,-2.8373,659782668.0,10311542519.914822,2026-07-14
2020-07-03,sh.603027,千禾味业,15.57528912,15.7306536,15.91514892,15.10919568,11724708,374340896.0,1.7771,0.6524,659766361.0,10378556081.82355,2026-07-14
2020-07-06,sh.603027,千禾味业,15.536448,15.60441996,15.779205,15.33738726,12658728,404940150.0,1.9187,-0.8025,659755459.0,10295101253.138561,2026-07-14
2020-07-07,sh.603027,千禾味业,15.57528912,15.779205,16.1190648,15.3422424,14504363,470615003.0,2.1984,1.1201,659769059.0,10410631234.618095,2026-07-14
2020-07-08,sh.603027,千禾味业,15.87145266,16.264719,16.4589246,15.8277564,11463085,383011972.0,1.7374,3.0769,659783872.0,10731199278.811968,2026-07-14
2020-07-09,sh.603027,千禾味业,16.0705134,16.27928442,16.32783582,15.89087322,12443503,411901693.0,1.886,0.0895,659782768.0,10740791335.686874,2026-07-14
2020-07-10,sh.603027,千禾味业,16.264719,16.5317517,16.7745087,16.0462377,10459112,355258304.0,1.5853,1.5509,659756008.0,10906922506.839214,2026-07-14
2020-07-13,sh.603027,千禾味业,16.37153208,17.21632644,17.85234978,16.37153208,13106495,463666090.0,1.9865,4.141,659778253.0,11358957781.66091,2026-07-14
2020-07-14,sh.603027,千禾味业,17.0900928,17.02697598,17.51734512,16.5803031,11393027,397950515.0,1.7268,-1.0998,659776871.0,11234004934.676558,2026-07-14
2020-07-15,sh.603027,千禾味业,16.99299,18.09025164,18.5466348,16.97842458,14103268,517307072.0,2.1376,6.2446,659771145.0,11935426037.86093,2026-07-14
2020-07-16,sh.603027,千禾味业,18.09025164,16.27928442,18.54177966,16.27928442,20446943,722963474.0,3.0991,-10.0107,659770353.0,10740589228.3708,2026-07-14
2020-07-17,sh.603027,千禾味业,15.779205,16.2889947,16.8958872,15.33738726,15297377,511101763.0,2.3186,0.0596,659767834.0,10746954751.25648,2026-07-14
2020-07-20,sh.603027,千禾味业,16.53660684,15.91029378,16.6774059,14.86158354,18177207,587665362.0,2.7551,-2.3249,659765780.0,10497067385.790848,2026-07-14
2020-07-21,sh.603027,千禾味业,15.1965882,15.779205,16.2161676,15.1965882,14464593,468858630.95,2.1924,-0.8239,659760673.0,10410498910.204964,2026-07-14
2020-07-22,sh.603027,千禾味业,15.4878966,15.93456948,16.25500872,15.4636209,11816491,386727538.17,1.791,0.9846,659770575.0,10513160068.197052,2026-07-14
2020-07-23,sh.603027,千禾味业,15.8277564,16.35211152,16.4589246,15.7306536,13678123,454332106.83,2.0732,2.6204,659758972.0,10788452286.464558,2026-07-14
2020-07-24,sh.603027,千禾味业,16.22102274,15.28398072,16.27928442,14.95868634,17669685,566043654.73,2.6782,-6.5321,659759727.0,10083754947.300465,2026-07-14
2020-07-27,sh.603027,千禾味业,15.293691,15.4878966,15.64326108,15.15289194,10794136,342547904.73,1.636,1.3342,659788264.0,10218732410.725502,2026-07-14
2020-07-28,sh.603027,千禾味业,15.55101342,17.03668626,17.03668626,15.536448,27235488,934424918.81,4.128,10.0,659774419.0,11240369778.876783,2026-07-14
2020-07-29,sh.603027,千禾味业,17.03668626,16.98813486,17.18234046,16.78907412,17038365,595964973.92,2.5825,-0.285,659762439.0,11208133289.294523,2026-07-14
2020-07-30,sh.603027,千禾味业,16.59972366,16.6531302,16.98327972,16.39580778,14996360,513196555.16,2.273,-1.972,659760669.0,10987080321.696104,2026-07-14
2020-07-31,sh.603027,千禾味业,16.56088254,16.86675636,16.93472832,16.37153208,12661633,435140678.8,1.9191,1.2828,659769319.0,11128168357.37612,2026-07-14
2020-08-03,sh.603027,千禾味业,16.8473358,16.79392926,16.97842458,16.56088254,10784701,370931706.56,1.6346,-0.4318,659776153.0,11080234040.916937,2026-07-14
2020-08-04,sh.603027,千禾味业,16.75508814,16.61428908,17.0900928,16.5317517,9156659,315661173.79,1.3879,-1.0697,659749189.0,10961263746.341555,2026-07-14
2020-08-05,sh.603027,千禾味业,16.4103732,16.76965356,16.8958872,16.1190648,9449872,324509446.18,1.4323,0.9351,659769043.0,11064098280.722742,2026-07-14
2020-08-06,sh.603027,千禾味业,16.64341992,16.4346489,16.76965356,16.264719,7872733,267087562.07,1.1933,-1.9977,659744658.0,10842671817.880575,2026-07-14
2020-08-07,sh.603027,千禾味业,16.34725638,16.03167228,16.8716115,15.779205,12113239,406898767.52,1.836,-2.452,659762473.0,10577095749.778347,2026-07-14
2020-08-10,sh.603027,千禾味业,15.89572836,16.0462377,16.16276106,15.7063779,8252609,270991677.0,1.2508,0.0909,659786457.0,10587090320.262829,2026-07-14
2020-08-11,sh.603027,千禾味业,15.80833584,16.41522834,17.09494794,15.80833584,14955541,514184762.33,2.2668,2.2995,659764470.0,10830184425.669079,2026-07-14
2020-08-12,sh.603027,千禾味业,16.42008348,16.0462377,16.64341992,15.5607237,10170620,334664542.38,1.5415,-2.2479,659787220.0,10587102563.542192,2026-07-14
2020-08-13,sh.603027,千禾味业,16.25986386,17.11922364,17.31342924,16.12391994,18450897,640521598.7,2.7966,6.6868,659761746.0,11294608878.890877,2026-07-14
2020-08-14,sh.603027,千禾味业,17.11922364,16.99299,17.31342924,16.74537786,8717263,304517690.0,1.3213,-0.7374,659748959.0,11211107462.79741,2026-07-14
2020-08-17,sh.603027,千禾味业,18.692289,18.692289,18.692289,17.73582642,24523081,934605249.35,3.7169,10.0,659772418.0,12332656711.4848,2026-07-14
2020-08-18,sh.603027,千禾味业,18.96417684,19.47882168,19.906074,18.96417684,25547608,1022702197.76,3.8722,4.2078,659769847.0,12851539199.553883,2026-07-14
2020-08-19,sh.603027,千禾味业,19.4691114,20.38673286,21.34319544,19.28461608,19952634,842716907.69,3.0242,4.661,659765690.0,13450466872.223572,2026-07-14
2020-08-20,sh.603027,千禾味业,20.2216581,19.8089712,20.63920014,19.6875927,15593877,645598432.46,2.3635,-2.834,659779014.0,13069543486.690395,2026-07-14
2020-08-21,sh.603027,千禾味业,20.06629362,20.94507396,21.45486366,19.95948054,17477316,752917892.77,2.649,5.7353,659770328.0,13818938316.573458,2026-07-14
2020-08-24,sh.603027,千禾味业,20.86253658,20.83340574,21.1684104,20.3187609,12036349,512985320.85,1.8243,-0.5331,659779039.0,13745444418.234283,2026-07-14
2020-08-25,sh.603027,千禾味业,20.76543378,20.78485434,21.119859,20.5129665,10001538,428706845.28,1.5159,-0.233,659775579.0,13713339306.604162,2026-07-14
2020-08-26,sh.603027,千禾味业,20.8528263,20.877102,21.08587302,20.54695248,8888073,381514934.48,1.3471,0.4438,659793111.0,13774568077.244322,2026-07-14
2020-08-27,sh.603027,千禾味业,20.9742048,21.47913936,21.9937842,20.9256534,16362664,723858371.37,2.48,2.8837,659784839.0,14171610504.496164,2026-07-14
2020-08-28,sh.603027,千禾味业,21.4597188,21.5082702,21.64906926,20.634345,10571897,464230768.32,1.6024,0.1356,659753932.0,14190165834.968426,2026-07-14
2020-08-31,sh.603027,千禾味业,21.57138702,21.95008794,22.52299446,21.3140646,13196404,598631996.48,2.0001,2.0542,659787211.0,14482387303.137335,2026-07-14
2020-09-01,sh.603027,千禾味业,21.80443374,22.32878886,22.32878886,21.49855992,10810439,486001611.13,1.6385,1.7253,659776564.0,14732011592.332277,2026-07-14
2020-09-02,sh.603027,千禾味业,22.4792982,22.2365412,22.70263464,21.95494308,8913631,409154945.54,1.351,-0.4131,659780237.0,14671230422.996265,2026-07-14
2020-09-03,sh.603027,千禾味业,22.08117672,20.37702258,22.4307468,20.0517282,25266001,1095760714.2,3.8295,-8.3624,659772842.0,13444206099.10477,2026-07-14
2020-09-04,sh.603027,千禾味业,19.55650392,19.0807002,19.9546254,18.76997124,21077928,833962126.71,3.1947,-6.3617,659778007.0,12589026350.1205,2026-07-14
2020-09-07,sh.603027,千禾味业,19.177803,17.9154666,19.2506301,17.8183638,19394922,738115067.09,2.9396,-6.1069,659780991.0,11820284307.5754,2026-07-14
2020-09-08,sh.603027,千禾味业,18.06597594,17.9154666,18.53692452,17.56589652,16087027,597163320.06,2.4383,0.0,659764057.0,11819980927.063995,2026-07-14
2020-09-09,sh.603027,千禾味业,17.6241582,16.8958872,17.7455367,16.87646664,13723297,487163398.08,2.08,-5.6911,659773894.0,11147465290.528757,2026-07-14
2020-09-10,sh.603027,千禾味业,17.1386442,17.51734512,18.19220958,17.08038252,17846549,646933880.85,2.705,3.6782,659761516.0,11557270172.666403,2026-07-14
2020-09-11,sh.603027,千禾味业,17.46879372,18.05141052,18.206775,17.39596662,10892652,400930691.12,1.651,3.0488,659760872.0,11909614345.505175,2026-07-14
2020-09-14,sh.603027,千禾味业,18.25047126,17.73097128,18.27474696,17.235747,11812230,429844797.88,1.7904,-1.7751,659753686.0,11698073658.340137,2026-07-14
2020-09-15,sh.603027,千禾味业,17.79894324,18.8379432,19.01758338,17.73097128,13112867,501019600.63,1.9875,6.2432,659766893.0,12428651255.574478,2026-07-14
2020-09-16,sh.603027,千禾味业,18.61460676,18.4980834,18.96417684,18.26989182,10550078,402702904.09,1.599,-1.8041,659792245.0,12204891974.683231,2026-07-14
2020-09-17,sh.603027,千禾味业,18.26989182,17.80865352,18.39127032,17.1386442,14808642,537800736.74,2.2445,-3.727,659774649.0,11749698125.320614,2026-07-14
2020-09-18,sh.603027,千禾味业,17.64357876,17.92032174,17.93488716,17.4056769,9059267,330114320.37,1.3731,0.627,659767460.0,11823245156.78258,2026-07-14
2020-09-21,sh.603027,千禾味业,17.70669558,17.66785446,17.88633576,17.3814012,6260548,227019640.02,0.9489,-1.4088,659768996.0,11656702598.548323,2026-07-14
2020-09-22,sh.603027,千禾味业,17.478504,17.478504,17.79894324,17.34256008,5580762,202048007.72,0.8459,-1.0717,659742523.0,11531312327.225592,2026-07-14
2020-09-23,sh.603027,千禾味业,17.4542283,17.71155072,17.78923296,17.32313952,6768845,245732137.59,1.0259,1.3333,659795789.0,11686006581.71592,2026-07-14
2020-09-24,sh.603027,千禾味业,17.5756068,17.48821428,17.964018,17.3571255,5705088,206443095.52,0.8647,-1.261,659776570.0,11538314033.08342,2026-07-14
2020-09-25,sh.603027,千禾味业,17.4299526,17.35227036,17.58531708,17.24060214,4369895,156905545.26,0.6623,-0.7773,659805979.0,11449131732.752481,2026-07-14
2020-09-28,sh.603027,千禾味业,17.44937316,17.54647596,17.90575632,17.44937316,5624526,204462906.37,0.8525,1.1192,659768446.0,11576611176.905558,2026-07-14
2020-09-29,sh.603027,千禾味业,17.56589652,17.7455367,17.85234978,17.235747,6657894,240856423.2,1.0091,1.1345,659785353.0,11708245195.783955,2026-07-14
2020-09-30,sh.603027,千禾味业,17.7698124,18.19706472,18.59033106,17.721261,8309874,311184088.49,1.2595,2.5445,659775625.0,12005979748.80345,2026-07-14
2020-10-09,sh.603027,千禾味业,18.62917218,18.36699462,18.63402732,18.11938248,6261223,236714669.47,0.949,0.9338,659770601.0,12118003079.001167,2026-07-14
2020-10-12,sh.603027,千禾味业,18.3767049,19.06127964,19.19722356,18.3767049,8141964,317204554.1,1.2341,3.7801,659749129.0,12575662640.115433,2026-07-14
2020-10-13,sh.603027,千禾味业,19.0807002,19.27005066,19.32831234,18.8379432,6000431,235514448.96,0.9095,1.0953,659750522.0,12713425981.901443,2026-07-14
2020-10-14,sh.603027,千禾味业,19.1292516,19.64389644,19.9546254,18.99330768,7056244,285331869.73,1.0695,1.94,659770360.0,12960460626.021517,2026-07-14
2020-10-15,sh.603027,千禾味业,19.56135906,19.7361441,19.8332469,19.43998056,4043999,163349847.91,0.6129,0.4696,659813836.0,13022180946.469769,2026-07-14
2020-10-16,sh.603027,千禾味业,19.64389644,19.43998056,19.8575226,19.18265814,5098852,204188729.97,0.7728,-1.5006,659789337.0,12826291884.975288,2026-07-14
2020-10-19,sh.603027,千禾味业,19.43512542,19.39142916,19.8089712,19.27005066,4829893,194426997.64,0.7321,-0.2498,659731321.0,12793133175.804722,2026-07-14
2020-10-20,sh.603027,千禾味业,19.39142916,20.13426558,20.2459338,19.19722356,8162150,335114267.17,1.2371,3.8307,659780939.0,13284204650.44778,2026-07-14
2020-10-21,sh.603027,千禾味业,20.148831,20.4644151,20.5129665,19.98375624,6032599,252153413.3,0.9143,1.6397,659805206.0,13502527620.72501,2026-07-14
2020-10-22,sh.603027,千禾味业,20.57122818,20.40129828,20.67318612,19.906074,6019902,251374951.65,0.9124,-0.3084,659787593.0,13460523486.236238,2026-07-14
2020-10-23,sh.603027,千禾味业,20.34789174,19.08555534,20.634345,18.87192918,9911269,399617029.38,1.5022,-6.4493,659783584.0,12592336104.855537,2026-07-14
2020-10-26,sh.603027,千禾味业,18.8379432,18.6680133,18.92533572,18.11452734,6783451,260059698.62,1.0282,-2.1877,659740420.0,12316042935.107584,2026-07-14
2020-10-27,sh.603027,千禾味业,18.67286844,19.32831234,19.51280766,18.5709105,5860908,231162416.89,0.8883,3.5371,659789260.0,12752612895.857468,2026-07-14
2020-10-28,sh.603027,千禾味业,19.40113944,19.87208802,19.99832166,19.177803,5676103,229405018.97,0.8603,2.8134,659781820.0,13111242401.035795,2026-07-14
2020-10-29,sh.603027,千禾味业,19.7361441,20.59064874,20.74601322,19.5662142,7607406,319293300.41,1.153,3.6159,659792368.0,13585552890.820816,2026-07-14
2020-10-30,sh.603027,千禾味业,19.42056,18.53206938,19.65846186,18.53206938,24466385,952179403.92,3.7083,-9.9976,659773616.0,12226970426.805477,2026-07-14
2020-11-02,sh.603027,千禾味业,18.48351798,18.3038778,18.76997124,18.05141052,9711452,368648444.2,1.4719,-1.2313,659790203.0,12076719249.349192,2026-07-14
2020-11-03,sh.603027,千禾味业,18.37184976,18.43982172,18.44467686,17.9154666,8770371,328830774.54,1.3293,0.7427,659773640.0,12166108297.155462,2026-07-14
2020-11-04,sh.603027,千禾味业,18.54177966,18.5709105,18.75540582,18.40583574,5209183,198968328.68,0.7895,0.7109,659807853.0,12253232585.260157,2026-07-14
2020-11-05,sh.603027,千禾味业,18.57576564,19.08555534,19.1535273,18.56120022,7751720,301816599.49,1.1749,2.7712,659777002.0,12592210483.73029,2026-07-14
2020-11-06,sh.603027,千禾味业,19.1049759,18.90591516,19.177803,18.68257872,6448957,250196177.1,0.9775,-0.9412,659739847.0,12472985575.053381,2026-07-14
2020-11-09,sh.603027,千禾味业,18.75055068,18.76997124,19.07098992,18.44467686,11543562,443646267.13,1.7496,-0.7191,659782922.0,12384106470.583164,2026-07-14
2020-11-10,sh.603027,千禾味业,18.3038778,17.964018,18.3038778,17.24060214,12577128,462425137.91,1.9063,-4.2938,659766459.0,11852056545.27226,2026-07-14
2020-11-11,sh.603027,千禾味业,17.9154666,18.0125694,18.58547592,17.7940881,6530559,244653661.89,0.9898,0.2703,659785714.0,11884435962.553553,2026-07-14
2020-11-12,sh.603027,千禾味业,17.95430772,17.82321894,18.3281535,17.721261,6143952,226482533.03,0.9312,-1.0512,659788660.0,11759557741.309221,2026-07-14
2020-11-13,sh.603027,千禾味业,17.721261,17.8426395,17.90090118,17.36683578,4565337,165923046.53,0.692,0.109,659730780.0,11771338474.593811,2026-07-14
2020-11-16,sh.603027,千禾味业,18.09510678,18.14365818,18.449532,17.97858342,6639714,248672468.94,1.0064,1.6871,659749006.0,11970260449.458769,2026-07-14
2020-11-17,sh.603027,千禾味业,18.05626566,17.60959278,18.1096722,17.48335914,8078795,294212500.5,1.2245,-2.9435,659762760.0,11618153535.008873,2026-07-14
2020-11-18,sh.603027,千禾味业,17.61444792,17.56589652,17.7698124,17.4542283,3654964,132192207.15,0.554,-0.2481,659740794.0,11588938517.426636,2026-07-14
2020-11-19,sh.603027,千禾味业,17.478504,17.65328904,17.75039184,17.3328498,3798056,137615014.45,0.5757,0.4975,659728331.0,11646374915.019793,2026-07-14
2020-11-20,sh.603027,千禾味业,17.67756474,17.92032174,18.04655538,17.6727096,4943657,181948087.47,0.7493,1.5127,659770052.0,11823291606.256529,2026-07-14
2020-11-23,sh.603027,千禾味业,17.964018,17.964018,18.05626566,17.5756068,4954861,182792367.62,0.751,0.2438,659768442.0,11852092167.919956,2026-07-14
2020-11-24,sh.603027,千禾味业,17.96887314,17.85234978,18.0125694,17.6727096,4374514,160161411.33,0.663,-0.6216,659806033.0,11779088088.070223,2026-07-14
2020-11-25,sh.603027,千禾味业,17.90575632,17.46393858,17.90575632,17.3814012,4775632,172864954.18,0.7238,-2.1757,659799945.0,11522705714.567379,2026-07-14
2020-11-26,sh.603027,千禾味业,17.37169092,17.44937316,17.59017222,17.20176102,3453941,123827486.6,0.5235,-0.0834,659778606.0,11512723099.078615,2026-07-14
2020-11-27,sh.603027,千禾味业,17.43966288,17.52220026,17.53676568,17.24545728,2748960,98726246.88,0.4167,0.4174,659697624.0,11559353878.774183,2026-07-14
2020-11-30,sh.603027,千禾味业,17.51734512,17.2114713,17.52220026,17.20661616,5041433,180270388.86,0.7641,-1.7733,659787070.0,11355906219.41609,2026-07-14
2020-12-01,sh.603027,千禾味业,17.25516756,17.6484339,17.7940881,17.25516756,4401137,159742788.56,0.6671,2.5388,659741718.0,11643408101.19544,2026-07-14
2020-12-02,sh.603027,千禾味业,17.61444792,17.45908344,17.80379838,17.43966288,4529020,163649631.54,0.6865,-1.0729,659726147.0,11518213848.022707,2026-07-14
2020-12-03,sh.603027,千禾味业,17.24060214,17.721261,17.7698124,17.24060214,4726615,171201186.41,0.7164,1.5017,659773171.0,11692012564.08863,2026-07-14
2020-12-04,sh.603027,千禾味业,17.63386848,18.48351798,18.72627498,17.59017222,14222276,537863647.93,2.1556,4.3014,659782706.0,12195105509.244053,2026-07-14
2020-12-07,sh.603027,千禾味业,18.43496658,18.4980834,18.7893918,18.3524292,8804863,336245599.87,1.3345,0.0788,659787411.0,12204802554.948076,2026-07-14
2020-12-08,sh.603027,千禾味业,18.39127032,18.4252563,18.62431704,18.16307874,6214973,235644253.82,0.942,-0.3937,659763588.0,12156313206.307606,2026-07-14
2020-12-09,sh.603027,千禾味业,18.51264882,18.37184976,18.73113012,18.3524292,6850753,261503018.76,1.0384,-0.2899,659741237.0,12120666886.640553,2026-07-14
2020-12-10,sh.603027,千禾味业,18.36213948,18.84279834,18.98845254,18.2310507,11948290,460686553.2,1.811,2.5634,659762010.0,12431762506.823065,2026-07-14
2020-12-11,sh.603027,千禾味业,18.8379432,18.6680133,19.177803,18.63402732,10372706,403869509.94,1.5722,-0.9276,659757410.0,12316360104.653551,2026-07-14
2020-12-14,sh.603027,千禾味业,18.6680133,19.26034038,19.3720086,18.6437376,13390841,528039909.01,2.0296,3.173,659777345.0,12707536239.71269,2026-07-14
2020-12-15,sh.603027,千禾味业,19.2263544,19.8575226,19.906074,18.93990114,12829077,515832526.03,1.9445,3.1006,659762253.0,13101243849.574417,2026-07-14
2020-12-16,sh.603027,千禾味业,19.77984036,19.89150858,20.04687306,19.66817214,9040470,369679637.4,1.3702,0.1711,659792001.0,13124258248.906868,2026-07-14
2020-12-17,sh.603027,千禾味业,19.7361441,19.89636372,20.13912072,19.33316748,11971554,486586615.32,1.8145,0.0244,659771507.0,13127053875.364527,2026-07-14
2020-12-18,sh.603027,千禾味业,19.50309738,19.0807002,19.50309738,18.74569554,13910161,545065423.21,2.1083,-4.0996,659780914.0,12589081817.715982,2026-07-14
2020-12-21,sh.603027,千禾味业,18.8864946,18.89134974,19.16323758,18.74569554,7590490,296378911.1,1.1505,-0.9924,659755758.0,12463676767.356802,2026-07-14
2020-12-22,sh.603027,千禾味业,18.76997124,18.38641518,19.0078731,18.3767049,8860053,341324033.31,1.3429,-2.6728,659770124.0,12130807423.224083,2026-07-14
2020-12-23,sh.603027,千禾味业,18.45438714,18.57576564,18.87192918,18.35728434,8229101,315600088.93,1.2473,1.0298,659753147.0,12255419838.924469,2026-07-14
2020-12-24,sh.603027,千禾味业,18.5223591,18.32329836,18.70199928,18.28931238,5976294,227231027.44,0.9058,-1.3591,659780746.0,12089359461.141376,2026-07-14
2020-12-25,sh.603027,千禾味业,18.29902266,18.65830302,18.68743386,18.21163014,5175990,197483902.34,0.7845,1.8283,659782027.0,12310412986.915823,2026-07-14
2020-12-28,sh.603027,千禾味业,18.63402732,18.31358808,18.935046,18.206775,8297030,317774989.74,1.2576,-1.8475,659751113.0,12082410118.803532,2026-07-14
2020-12-29,sh.603027,千禾味业,18.206775,18.31844322,18.59033106,18.19706472,5013930,189636639.91,0.7599,0.0265,659814449.0,12086773519.742085,2026-07-14
2020-12-30,sh.603027,千禾味业,18.26018154,18.55634508,18.73598526,18.21648528,5879850,224077970.94,0.8912,1.2987,659767729.0,12242877651.971924,2026-07-14
2020-12-31,sh.603027,千禾味业,18.39127032,18.14851332,18.64859274,17.8669152,12720970,477886046.21,1.9281,-2.1978,659767128.0,11973792510.606144,2026-07-14
2021-01-04,sh.603027,千禾味业,18.1582236,18.65830302,18.89134974,17.97858342,13730878,525733003.86,2.0812,2.809,659757736.0,12309959758.077164,2026-07-14
2021-01-05,sh.603027,千禾味业,18.73113012,19.79926092,19.8817983,18.692289,17793113,713714020.73,2.6969,6.115,659761689.0,13062793825.530893,2026-07-14
2021-01-06,sh.603027,千禾味业,19.51280766,19.58563476,19.7361441,19.27005066,11532271,463327792.89,1.7479,-1.079,659778649.0,12922183641.76024,2026-07-14
2021-01-07,sh.603027,千禾味业,19.59534504,19.9546254,20.1245553,19.53222822,13867784,567258226.18,2.1019,1.884,659773729.0,13165537610.956118,2026-07-14
2021-01-08,sh.603027,千禾味业,19.98375624,19.18751328,20.4886908,19.11954132,13333921,539146945.36,2.021,-3.8443,659768481.0,12659316490.912928,2026-07-14
2021-01-11,sh.603027,千禾味业,19.10012076,18.8379432,19.2991815,18.53206938,9669258,376455899.08,1.4655,-1.8219,659792426.0,12429132244.778204,2026-07-14
2021-01-12,sh.603027,千禾味业,18.7408404,19.40599458,19.52737308,18.68257872,10044618,398050357.59,1.517,3.0155,662136981.0,12849426664.503565,2026-07-14
2021-01-13,sh.603027,千禾味业,19.5662142,19.16323758,19.7604198,18.8379432,9637665,381428433.15,1.4555,-1.2509,662154930.0,12689032238.35827,2026-07-14
2021-01-14,sh.603027,千禾味业,19.0807002,20.96934966,21.08101788,18.92533572,25944095,1096800064.34,3.9182,9.4249,662143204.0,13884712369.66871,2026-07-14
2021-01-15,sh.603027,千禾味业,20.86739172,21.25094778,21.40631226,19.42056,25980717,1088236699.11,3.9238,1.3429,662131531.0,14070922588.772451,2026-07-14
2021-01-18,sh.603027,千禾味业,20.89652256,21.605373,22.090887,20.76057864,13256286,586332599.22,2.002,1.6678,662152148.0,14306044140.291204,2026-07-14
2021-01-19,sh.603027,千禾味业,21.48884964,21.01304592,21.9695085,20.91594312,9017024,397208466.65,1.3618,-2.7416,662140109.0,13913580515.890804,2026-07-14
2021-01-20,sh.603027,千禾味业,20.93050854,20.98877022,21.26065806,20.634345,6193304,266668876.77,0.9353,-0.1155,662172993.0,13898196795.966667,2026-07-14
2021-01-21,sh.603027,千禾味业,21.0470319,22.6006767,22.71234492,21.0470319,14381778,655637799.8,2.172,7.6799,662144475.0,14964913208.166233,2026-07-14
2021-01-22,sh.603027,千禾味业,22.45016736,22.576401,23.08133556,22.19284494,9710641,452212889.99,1.4666,-0.1074,662119255.0,14948269810.701256,2026-07-14
2021-01-25,sh.603027,千禾味业,22.5278496,22.70748978,23.061915,22.2850926,10332561,481944042.63,1.5605,0.5806,662131432.0,15035342725.156765,2026-07-14
2021-01-26,sh.603027,千禾味业,23.061915,24.21258318,24.80491026,23.03278416,15855618,791362032.65,2.3946,6.6282,662140566.0,16032133531.12728,2026-07-14
2021-01-27,sh.603027,千禾味业,24.2028729,23.39206452,24.45048504,22.2850926,16070500,768348974.64,2.4271,-3.3888,662127642.0,15488532522.139463,2026-07-14
2021-01-28,sh.603027,千禾味业,23.22213462,22.42589166,23.59112526,22.333644,9615411,453542164.85,1.4522,-4.1303,662127186.0,14848792538.376669,2026-07-14
2021-01-29,sh.603027,千禾味业,21.0227562,22.35306456,22.819158,21.0227562,14937316,679302382.05,2.2559,-0.3247,662144421.0,14800956990.65682,2026-07-14
2021-02-01,sh.603027,千禾味业,22.08603186,21.87726084,22.6735038,21.61993842,9723202,441425311.9,1.4685,-2.1286,662117943.0,14485326945.855253,2026-07-14
2021-02-02,sh.603027,千禾味业,22.2365412,23.36293368,23.52800844,21.9695085,9726257,458255318.69,1.4689,6.7909,662145619.0,15469664183.199549,2026-07-14
2021-02-03,sh.603027,千禾味业,23.34351312,23.46003648,23.78047572,22.92597108,7677174,369858786.8,1.1595,0.4156,662110737.0,15533142043.819685,2026-07-14
2021-02-04,sh.603027,千禾味业,23.5959804,24.0814944,24.56215326,23.46003648,10334375,512521746.19,1.5608,2.649,662120387.0,15944848391.666332,2026-07-14
2021-02-05,sh.603027,千禾味业,24.1057701,23.65909722,24.60099438,23.46489162,8209494,405907536.59,1.2398,-1.754,662162768.0,15666173303.576305,2026-07-14
2021-02-08,sh.603027,千禾味业,23.61540096,23.790186,23.97953646,22.97937762,7758965,375257673.34,1.1718,0.5541,662140724.0,15752450982.134663,2026-07-14
2021-02-09,sh.603027,千禾味业,23.78533086,23.87272338,24.0086673,23.23670004,8142654,395986207.83,1.2298,0.3469,662112051.0,15806417840.087452,2026-07-14
2021-02-10,sh.603027,千禾味业,23.77562058,24.21258318,24.94085418,23.64938694,10218096,512886127.66,1.5432,1.4236,662136858.0,16032043750.868849,2026-07-14
2021-02-18,sh.603027,千禾味业,24.32910654,23.0861907,24.80491026,22.87741968,11898831,578549163.01,1.797,-4.6521,662149750.0,15286515400.457325,2026-07-14
2021-02-19,sh.603027,千禾味业,23.1347421,23.05220472,23.34836826,22.04719074,10267292,479630541.87,1.5506,-0.1472,662149620.0,15264008595.510206,2026-07-14
2021-02-22,sh.603027,千禾味业,23.04249444,21.37232628,23.1104664,20.96934966,14674397,660119863.31,2.2162,-7.2873,662142271.0,14151520659.592182,2026-07-14
2021-02-23,sh.603027,千禾味业,21.14898984,20.877102,21.61508328,20.72173752,10361872,450893381.14,1.5649,-2.3171,662142757.0,13823621876.450214,2026-07-14
2021-02-24,sh.603027,千禾味业,20.9013777,19.83810204,21.01304592,19.45940112,14660565,609161660.82,2.2141,-4.9767,662145567.0,13135711323.479656,2026-07-14
2021-02-25,sh.603027,千禾味业,20.25078894,19.5419385,20.25078894,19.32831234,10140368,413872153.18,1.5315,-1.4929,662120013.0,12939108573.665201,2026-07-14
2021-02-26,sh.603027,千禾味业,19.13410674,18.93990114,19.32831234,18.68743386,9358051,366084541.57,1.4133,-3.0807,662141867.0,12540901501.635029,2026-07-14
2021-03-01,sh.603027,千禾味业,19.12439646,18.98845254,19.1535273,18.62431704,8741026,339840910.81,1.3201,0.2563,662148777.0,12573180626.483543,2026-07-14
2021-03-02,sh.603027,千禾味业,19.12439646,19.2749058,19.56135906,18.8379432,9230369,364466130.29,1.394,1.5086,662149857.0,12762876119.15847,2026-07-14
2021-03-03,sh.603027,千禾味业,19.2263544,18.96417684,19.2263544,18.692289,9949566,387708902.16,1.5026,-1.6121,662156662.0,12557256033.952108,2026-07-14
2021-03-04,sh.603027,千禾味业,18.7893918,17.56104138,18.84279834,17.478504,15580619,575615122.2,2.3531,-7.3989,662131614.0,11627720672.460186,2026-07-14
2021-03-05,sh.603027,千禾味业,17.0172657,17.66299932,17.9154666,16.8958872,10395441,373505441.47,1.57,0.5806,662130000.0,11695201739.7516,2026-07-14
2021-03-08,sh.603027,千禾味业,17.6727096,16.8473358,18.14851332,16.80849468,9244798,333490664.91,1.3962,-4.6179,662139951.0,11155294101.092546,2026-07-14
2021-03-09,sh.603027,千禾味业,16.7016816,16.26957414,17.0658171,15.85688724,10684849,363445783.25,1.6137,-3.4294,662133544.0,10772630784.688951,2026-07-14
2021-03-10,sh.603027,千禾味业,16.5803031,16.3860975,16.82791524,16.31812554,7663376,261389656.81,1.1574,0.7162,662119924.0,10849561631.35659,2026-07-14
2021-03-11,sh.603027,千禾味业,16.47349002,16.99299,17.0900928,16.26957414,8297318,287381571.0,1.2531,3.7037,662143325.0,11251794900.29175,2026-07-14
2021-03-12,sh.603027,千禾味业,17.03668626,17.35227036,17.39596662,16.74052272,8713182,307616389.32,1.3159,2.1143,662146212.0,11489740088.473875,2026-07-14
2021-03-15,sh.603027,千禾味业,17.26487784,16.73081244,17.42509746,16.55117226,7962289,276613800.74,1.2025,-3.5814,662144615.0,11078217361.721012,2026-07-14
2021-03-16,sh.603027,千禾味业,16.84248066,17.36198064,17.36198064,16.7987844,5806563,204582366.67,0.8769,3.7725,662169347.0,11496571383.015442,2026-07-14
2021-03-17,sh.603027,千禾味业,17.2842984,17.86206006,18.1824993,17.04639654,7676943,281574561.68,1.1594,2.8803,662147921.0,11827325933.506136,2026-07-14
2021-03-18,sh.603027,千禾味业,17.86206006,18.29902266,18.63402732,17.72611614,8138643,305583660.71,1.2291,2.4463,662162802.0,12116932118.407093,2026-07-14
2021-03-19,sh.603027,千禾味业,17.92517688,18.22619556,18.4738077,17.77466754,6100636,228140353.61,0.9214,-0.398,662105058.0,12067656268.373142,2026-07-14
2021-03-22,sh.603027,千禾味业,17.9882937,17.721261,18.20191986,17.51734512,6767195,248154207.86,1.022,-2.7704,662152153.0,11734171125.024933,2026-07-14
2021-03-23,sh.603027,千禾味业,17.721261,17.29886382,17.8426395,17.0900928,8039680,288356940.31,1.2142,-2.3836,662138033.0,11454235662.909666,2026-07-14
2021-03-24,sh.603027,千禾味业,17.26973298,16.8958872,17.5270554,16.7987844,5229231,183760681.97,0.7897,-2.3295,662179435.0,11188109039.919733,2026-07-14
2021-03-25,sh.603027,千禾味业,16.83277038,17.40082176,17.5270554,16.7259573,5667254,200781259.85,0.8559,2.9885,662139736.0,11521775526.349455,2026-07-14
2021-03-26,sh.603027,千禾味业,17.4299526,17.78437782,18.05626566,17.19205074,6799260,247736633.02,1.0269,2.2042,662115104.0,11775305169.864594,2026-07-14
2021-03-29,sh.603027,千禾味业,17.80865352,18.05141052,18.37184976,17.6969853,6754917,251921118.94,1.0202,1.5015,662116938.0,11952144660.08339,2026-07-14
2021-03-30,sh.603027,千禾味业,18.05141052,18.09510678,18.38641518,17.96887314,4413334,165232227.56,0.6665,0.2421,662165641.0,11981957979.942144,2026-07-14
2021-03-31,sh.603027,千禾味业,18.1339479,17.964018,18.2310507,17.6969853,3572258,131306585.14,0.5395,-0.7244,662142354.0,11894737165.81837,2026-07-14
2021-04-01,sh.603027,千禾味业,17.91061146,17.95916286,18.14365818,17.87177034,3510980,129980773.8,0.5302,-0.027,662199170.0,11892542739.786825,2026-07-14
2021-04-02,sh.603027,千禾味业,18.1824993,18.1582236,18.61460676,18.03198996,6794107,256033053.15,1.0261,1.1084,662129130.0,12023088794.613468,2026-07-14
2021-04-06,sh.603027,千禾味业,18.1582236,17.73582642,18.23590584,17.62901334,6114028,224243258.39,0.9234,-2.3262,662121291.0,11743268286.162308,2026-07-14
2021-04-07,sh.603027,千禾味业,17.96887314,17.83778436,18.28931238,17.59017222,7067537,260723839.29,1.0674,0.5749,662126382.0,11810867621.182985,2026-07-14
2021-04-08,sh.603027,千禾味业,17.721261,18.58547592,18.8379432,17.56589652,9585306,362603527.17,1.4476,4.1916,662151561.0,12306401892.355911,2026-07-14
2021-04-09,sh.603027,千禾味业,18.5951862,17.6727096,18.68743386,17.6241582,10979839,404990946.01,1.6582,-4.9112,662154083.0,11702056819.313297,2026-07-14
2021-04-12,sh.603027,千禾味业,17.48335914,17.2842984,17.80379838,17.00270028,5618995,202164027.62,0.8486,-2.1978,662148833.0,11444778014.783768,2026-07-14
2021-04-13,sh.603027,千禾味业,17.29886382,17.51734512,18.24561612,17.29886382,8391831,307407123.54,1.2674,1.3483,662129635.0,11598753330.474632,2026-07-14
2021-04-14,sh.603027,千禾味业,17.56589652,17.6727096,17.93003202,17.35227036,5016456,182413126.68,0.7576,0.8869,662151003.0,11702002387.36773,2026-07-14
2021-04-15,sh.603027,千禾味业,17.61930306,17.478504,17.79894324,17.24060214,5194722,186282040.16,0.7845,-1.0989,662169790.0,11573737323.19416,2026-07-14
2021-04-16,sh.603027,千禾味业,16.32298068,17.05125168,17.1143685,16.18218162,10482959,361935380.52,1.5832,-2.4444,662137380.0,11290271113.115799,2026-07-14
2021-04-19,sh.603027,千禾味业,16.75508814,17.00270028,17.17263018,16.56088254,8139762,284391565.56,1.2293,-0.2847,662146099.0,11258271662.868208,2026-07-14
2021-04-20,sh.603027,千禾味业,16.98327972,16.43950404,17.1386442,16.3375461,12278037,424316076.09,1.8543,-3.3124,662138651.0,10885231028.15465,2026-07-14
2021-04-21,sh.603027,千禾味业,16.25015358,17.17748532,17.22118158,16.10935452,11600463,401130223.62,1.752,4.4891,662126884.0,11373674829.887342,2026-07-14
2021-04-22,sh.603027,千禾味业,16.507476,16.2404433,16.7987844,16.07536854,17095073,575399221.91,2.5818,-5.4551,662137772.0,10753410942.954327,2026-07-14
2021-04-23,sh.603027,千禾味业,16.10935452,16.18218162,16.43950404,15.9248592,9705626,322526004.57,1.4658,-0.3587,662138491.0,10714845318.954737,2026-07-14
2021-04-26,sh.603027,千禾味业,16.1190648,16.1190648,16.59972366,16.021962,9248582,310200784.87,1.3968,-0.39,662126432.0,10672858863.200794,2026-07-14
2021-04-27,sh.603027,千禾味业,16.0705134,15.55101342,16.264719,15.42477978,11060507,357710629.05,1.6704,-3.5241,662147210.0,10297060148.72556,2026-07-14
2021-04-28,sh.603027,千禾味业,15.42963492,15.5849994,15.5849994,15.05578914,8416070,264299208.74,1.271,0.2185,662161290.0,10319783307.353226,2026-07-14
2021-04-29,sh.603027,千禾味业,15.4393452,15.69181248,16.01710686,15.29854614,5716959,185210568.62,0.8634,0.6854,662144892.0,10390253479.853851,2026-07-14
2021-04-30,sh.603027,千禾味业,15.69181248,15.9734106,16.10935452,15.64326108,5924575,194421950.37,0.8948,1.7946,662111645.0,10576181168.626436,2026-07-14
2021-05-06,sh.603027,千禾味业,16.021962,15.55586856,16.021962,15.3179667,5430302,174109765.23,0.8201,-2.614,662151201.0,10300337049.60214,2026-07-14
2021-05-07,sh.603027,千禾味业,15.536448,14.62853682,15.536448,14.57027514,8538693,264392191.43,1.2896,-5.9613,662119494.0,9685839397.21877,2026-07-14
2021-05-10,sh.603027,千禾味业,14.56542,14.6382471,14.79361158,14.13816768,4979015,149088347.89,0.752,0.0664,662103059.0,9692028183.307878,2026-07-14
2021-05-11,sh.603027,千禾味业,14.6382471,15.06064428,15.2694153,14.47317234,6903447,212397827.79,1.0426,2.8856,662137637.0,9972219415.256767,2026-07-14
2021-05-12,sh.603027,千禾味业,15.1237611,15.08977512,15.24028446,14.9538312,4005551,124366107.0,0.6049,0.1934,662183997.0,9992207602.792755,2026-07-14
2021-05-13,sh.603027,千禾味业,14.91499008,15.6335508,15.6821022,14.91013494,6731558,213725469.09,1.0166,3.6036,662163880.0,10351972655.905104,2026-07-14
2021-05-14,sh.603027,千禾味业,15.5849994,15.779205,15.93456948,15.4393452,6639303,215500239.93,1.0027,0.9317,662142515.0,10448082483.400574,2026-07-14
2021-05-17,sh.603027,千禾味业,15.9491349,15.71123304,16.10449938,15.62384052,6503574,212413715.79,0.9822,-0.4308,662143555.0,10403091698.539057,2026-07-14
2021-05-18,sh.603027,千禾味业,15.62869566,15.58985454,15.71123304,15.4393452,3971536,127028150.61,0.5998,-0.7726,662143381.0,10322718994.4138,2026-07-14
2021-05-19,sh.603027,千禾味业,15.536448,15.39564894,15.5607237,15.2208639,3724844,117839978.42,0.5625,-1.2457,662194489.0,10194913882.64669,2026-07-14
2021-05-20,sh.603027,千禾味业,15.5121723,16.04138256,16.34240124,15.32767698,8208671,269146098.54,1.2397,4.1943,662149794.0,10621798157.579191,2026-07-14
2021-05-21,sh.603027,千禾味业,16.1676162,15.4393452,16.18703676,15.3422424,7828843,251973762.53,1.1824,-3.753,662114597.0,10222615825.041883,2026-07-14
2021-05-24,sh.603027,千禾味业,15.37622838,15.5607237,15.72579846,15.25484988,4621331,147279974.86,0.6979,0.7862,662176673.0,10303948249.13825,2026-07-14
2021-05-25,sh.603027,千禾味业,15.55586856,15.72094332,15.81319098,15.47818632,6193444,200094476.29,0.9354,1.0296,662117169.0,10409106485.047861,2026-07-14
2021-05-26,sh.603027,千禾味业,15.71608818,15.4878966,15.86174238,15.3422424,7530681,240893913.25,1.1373,-1.4824,662154313.0,10255377532.988035,2026-07-14
2021-05-27,sh.603027,千禾味业,15.4878966,15.53159286,15.80833584,15.4393452,7257580,233440567.14,1.0961,0.2821,662127543.0,10283895419.268143,2026-07-14
2021-05-28,sh.603027,千禾味业,15.62869566,15.29854614,15.64326108,15.23057418,6050037,191641715.49,0.9137,-1.5005,662146985.0,10129886201.484386,2026-07-14
2021-05-31,sh.603027,千禾味业,15.25484988,15.44905548,15.4878966,15.0023826,6252497,196664077.98,0.9443,0.9838,662130361.0,10229288682.081429,2026-07-14
2021-06-01,sh.603027,千禾味业,15.53159286,15.40535922,15.779205,15.21115362,5617445,178370501.26,0.8484,-0.2828,662122230.0,10200230800.69746,2026-07-14
2021-06-02,sh.603027,千禾味业,15.28398072,14.6867985,15.3907938,14.66737794,8384366,259062468.31,1.2663,-4.6644,662115297.0,9724353950.806654,2026-07-14
2021-06-03,sh.603027,千禾味业,14.61882654,14.97325176,15.32282184,14.59455084,7807148,241260986.73,1.1791,1.9504,662127725.0,9914205123.701046,2026-07-14
2021-06-04,sh.603027,千禾味业,14.97325176,14.55085458,15.01209288,14.52657888,10337919,312262970.16,1.5613,-2.821,662135336.0,9634634986.415438,2026-07-14
2021-06-07,sh.603027,千禾味业,14.53628916,14.41005552,14.76448074,14.2012845,9102763,270802730.24,1.3748,-0.9676,662115435.0,9541120178.998951,2026-07-14
2021-06-08,sh.603027,千禾味业,14.47317234,14.1284574,14.53143402,14.07019572,7179716,210398351.59,1.0843,-1.9542,662152172.0,9355188754.419474,2026-07-14
2021-06-09,sh.603027,千禾味业,14.1284574,14.02649946,14.2255602,13.96338264,5952810,172603253.2,0.899,-0.7216,662159066.0,9287773781.683104,2026-07-14
2021-06-10,sh.603027,千禾味业,13.96338264,13.80316302,14.1041817,13.78374246,7759593,222321531.21,1.1719,-1.5922,662137810.0,9139596133.135786,2026-07-14
2021-06-11,sh.603027,千禾味业,13.80316302,13.72062564,13.92939666,13.6914948,5775911,164212864.84,0.8723,-0.598,662147312.0,9085075386.48428,2026-07-14
2021-06-15,sh.603027,千禾味业,13.69634994,13.31764902,13.8857004,13.29337332,8149875,226461824.55,1.2308,-2.937,662160790.0,8818424996.025925,2026-07-14
2021-06-16,sh.603027,千禾味业,13.37105556,13.23511164,13.5701163,13.22540136,5747372,158170162.61,0.868,-0.6198,662139631.0,8763491937.553404,2026-07-14
2021-06-17,sh.603027,千禾味业,13.23511164,13.53613032,13.53613032,12.9632238,7894237,215002432.96,1.1922,2.2744,662157105.0,8963044865.593924,2026-07-14
2021-06-18,sh.603027,千禾味业,13.6179646,13.98617566,14.07384496,13.33742284,8452261,200120685.62,1.0638,3.3247,794534781.0,11112503015.045631,2026-07-14
2021-06-21,sh.603027,千禾味业,13.79914782,13.68810004,13.8809725,13.57705226,7505198,176148665.75,0.9446,-2.1312,794537159.0,10875704117.889387,2026-07-14
2021-06-22,sh.603027,千禾味业,13.69394466,13.61211998,13.86343864,13.442626,7150640,166752526.03,0.8999,-0.5551,794603845.0,10816242874.709322,2026-07-14
2021-06-23,sh.603027,千禾味业,13.53613992,13.36664594,13.6764108,13.33742284,7409416,170463809.87,0.9325,-1.8033,794575442.0,10620808605.833006,2026-07-14
2021-06-24,sh.603027,千禾味业,13.3257336,14.70506392,14.70506392,13.20299658,19547530,471250307.73,2.4602,10.0131,794550443.0,11683915051.979317,2026-07-14
2021-06-25,sh.603027,千禾味业,14.7868886,14.83949018,15.3713506,14.64661772,22317916,570464110.49,2.8088,0.9141,794571205.0,11791031593.908268,2026-07-14
2021-06-28,sh.603027,千禾味业,14.9622272,15.2836813,15.47655376,14.55894842,17813862,461386601.37,2.242,2.9933,794552275.0,12143683747.289957,2026-07-14
2021-06-29,sh.603027,千禾味业,15.1375658,15.2836813,15.52915534,14.98560568,12585634,329218597.62,1.584,0.0,794547601.0,12143612311.363562,2026-07-14
2021-06-30,sh.603027,千禾味业,15.1083427,15.36550598,15.4005737,14.8745579,11044109,285990643.94,1.39,0.5354,794540216.0,12208512440.298492,2026-07-14
2021-07-01,sh.603027,千禾味业,15.4297968,16.86757332,16.90264104,15.4297968,39783854,1118574639.86,5.007,9.7756,794564689.0,13402378149.190498,2026-07-14
2021-07-02,sh.603027,千禾味业,16.38246986,16.9786211,18.09494352,16.38246986,38900929,1152311001.56,4.8959,0.6584,794561347.0,13490556051.418623,2026-07-14
2021-07-05,sh.603027,千禾味业,16.9786211,17.1539597,17.74426632,16.5987208,25198101,736436201.89,3.1713,1.0327,794566928.0,13629969061.864803,2026-07-14
2021-07-06,sh.603027,千禾味业,17.4754138,17.39358912,17.5630831,16.0434819,27321982,781206714.56,3.4386,1.3969,794567033.0,13820372500.299482,2026-07-14
2021-07-07,sh.603027,千禾味业,16.96108724,16.8325056,17.3585214,16.75652554,14528219,421445018.82,1.8284,-3.2258,794586469.0,13374881189.126728,2026-07-14
2021-07-08,sh.603027,千禾味业,16.7740594,16.97277648,17.3877445,16.38831448,15983903,462588170.53,2.0117,0.8333,794547050.0,13485669482.493383,2026-07-14
2021-07-09,sh.603027,千禾味业,16.8617287,16.0142588,17.0078442,15.93827874,18338137,510998840.36,2.3079,-5.6474,794581091.0,12724627228.860352,2026-07-14
2021-07-12,sh.603027,千禾味业,16.072705,16.21297588,16.47013916,15.72787242,12702896,352209032.18,1.5987,1.2409,794576593.0,12882451137.121576,2026-07-14
2021-07-13,sh.603027,千禾味业,16.37662524,16.87926256,17.0370673,16.08439424,14422075,414492725.52,1.8151,4.1096,794560906.0,13411602152.28548,2026-07-14
2021-07-14,sh.603027,千禾味业,16.86757332,16.62209928,17.19487204,16.52858536,11867865,340964375.97,1.4936,-1.5235,794581213.0,13207607808.508827,2026-07-14
2021-07-15,sh.603027,千禾味业,16.4526053,16.04932652,16.4818284,15.99088032,13942465,385852058.66,1.7547,-3.4459,794578275.0,12752446181.173353,2026-07-14
2021-07-16,sh.603027,千禾味业,16.10777272,16.0434819,16.2480436,15.70449394,10223150,279381195.39,1.2866,-0.0364,794586507.0,12747934243.038723,2026-07-14
2021-07-19,sh.603027,千禾味业,15.8389202,15.23107972,15.99088032,14.86871328,18057346,473287836.28,2.2726,-5.0638,794567720.0,12102124286.258638,2026-07-14
2021-07-20,sh.603027,千禾味业,15.10249808,14.74597626,15.36550598,14.53556994,17741172,449282263.99,2.2328,-3.185,794570584.0,11716718968.558336,2026-07-14
2021-07-21,sh.603027,千禾味业,14.76935474,14.903781,15.06743036,14.61155,12207761,310334079.32,1.5364,1.0702,794569188.0,11842085167.299828,2026-07-14
2021-07-22,sh.603027,千禾味业,14.78104398,14.5531038,14.86871328,14.319319,14066313,350508233.68,1.7703,-2.3529,794572276.0,11563492809.23025,2026-07-14
2021-07-23,sh.603027,千禾味业,14.5531038,14.0855342,14.59986076,13.98617566,14129451,342610650.11,1.7783,-3.2129,794548220.0,11191636126.359123,2026-07-14
2021-07-26,sh.603027,千禾味业,14.06800034,13.84006016,14.3777652,13.6764108,13657345,326349415.74,1.7188,-1.7427,794586048.0,10997118706.616648,2026-07-14
2021-07-27,sh.603027,千禾味业,13.91604022,13.37249056,14.0855342,13.37249056,12178799,286786888.29,1.5328,-3.3784,794545864.0,10625057065.827044,2026-07-14
2021-07-28,sh.603027,千禾味业,13.30819974,13.48938296,13.5887415,12.9750564,11869633,270143810.83,1.4939,0.8741,794539996.0,10717854283.080868,2026-07-14
2021-07-29,sh.603027,千禾味业,13.6764108,13.39586904,13.86343864,13.31404436,10346670,238600635.87,1.3022,-0.6932,794553064.0,10643728790.674738,2026-07-14
2021-07-30,sh.603027,千禾味业,13.37249056,14.03293262,14.1439804,13.09779342,14665743,342776868.91,1.8458,4.7557,794546701.0,11149820318.576286,2026-07-14
2021-08-02,sh.603027,千禾味业,13.81668168,14.89209176,15.00313954,13.6471877,21185971,519935814.62,2.6664,6.1224,794553368.0,11832561664.473047,2026-07-14
2021-08-03,sh.603027,千禾味业,14.65830696,14.65830696,14.8453348,14.5238807,9430198,236770519.8,1.1868,-1.5699,794590327.0,11647348920.612776,2026-07-14
2021-08-04,sh.603027,千禾味业,14.6992193,14.56479304,14.85117942,14.4362114,6600522,164676461.53,0.8307,-0.638,794573492.0,11572798466.050095,2026-07-14
2021-08-05,sh.603027,千禾味业,14.4654345,14.38945444,14.77519936,14.33100824,8009821,199685775.99,1.0081,-1.2039,794546275.0,11433087424.584211,2026-07-14
2021-08-06,sh.603027,千禾味业,14.319319,14.03293262,14.319319,13.8517494,7944389,191107768.34,0.9998,-2.4777,794597820.0,11150537668.05889,2026-07-14
2021-08-09,sh.603027,千禾味业,14.27256204,15.11418732,15.42395218,13.94526332,19083887,485926012.98,2.4018,7.7051,794566034.0,12009219875.985489,2026-07-14
2021-08-10,sh.603027,千禾味业,14.97976106,15.6635816,15.8096971,14.6699962,19413950,508736907.57,2.4433,3.635,794579053.0,12445953834.316225,2026-07-14
2021-08-11,sh.603027,千禾味业,15.42395218,15.38303984,15.92074488,15.196012,13648683,362339134.94,1.7178,-1.791,794544359.0,12222507529.144262,2026-07-14
2021-08-12,sh.603027,千禾味业,15.2252351,15.06158574,15.58175692,15.0498965,10101888,262885703.98,1.2714,-2.0897,794548372.0,11967158429.455416,2026-07-14
2021-08-13,sh.603027,千禾味业,15.04405188,15.1667889,15.3713506,14.7868886,8932501,229872054.03,1.1242,0.6985,794565113.0,12051001336.175646,2026-07-14
2021-08-16,sh.603027,千禾味业,14.92131486,15.40641832,15.62851388,14.89209176,11514972,302536773.84,1.4492,1.58,794574386.0,12241545377.073153,2026-07-14
2021-08-17,sh.603027,千禾味业,15.3713506,14.4362114,15.4005737,14.2024266,13733463,345668453.19,1.7284,-6.2974,794576660.0,11470676637.265924,2026-07-14
2021-08-18,sh.603027,千禾味业,12.99259026,12.99259026,12.99259026,12.99259026,7018400,156019032.0,0.8833,-10.0,794565833.0,10323468302.764587,2026-07-14
2021-08-19,sh.603027,千禾味业,11.70092924,11.99900486,12.44319598,11.70092924,33816082,695446837.46,4.2559,-7.6473,794569468.0,9534042908.139614,2026-07-14
2021-08-20,sh.603027,千禾味业,11.981471,10.83008086,11.98731562,10.80085776,35129624,670005648.46,4.4212,-9.7418,794572152.0,8605280655.264212,2026-07-14
2021-08-23,sh.603027,千禾味业,10.8417701,10.64305302,10.9002163,10.6079853,16204698,296767779.52,2.0394,-1.7269,794581642.0,8456774544.524659,2026-07-14
2021-08-24,sh.603027,千禾味业,10.6372084,10.78916852,10.90606092,10.56707296,14042131,258694411.04,1.7673,1.3729,794552764.0,8572563668.827789,2026-07-14
2021-08-25,sh.603027,千禾味业,10.77163466,11.0171087,11.20998116,10.64305302,14830839,277688061.12,1.8665,2.1127,794580177.0,8753976180.874239,2026-07-14
2021-08-26,sh.603027,千禾味业,10.93528402,10.66058688,10.96450712,10.64305302,10513167,193214450.96,1.3231,-3.2361,794585972.0,8470752788.135247,2026-07-14
2021-08-27,sh.603027,千禾味业,10.58460682,10.30990968,10.76579004,10.0819695,16248081,289057510.4,2.0449,-3.2895,794566042.0,8191904127.815087,2026-07-14
2021-08-30,sh.603027,千禾味业,10.2573081,9.93000938,10.26899734,9.8774078,17194107,294717475.55,2.164,-3.6848,794552079.0,7889909597.368501,2026-07-14
2021-08-31,sh.603027,千禾味业,9.935854,9.73713692,10.1404157,9.59686604,15241251,256153075.04,1.9182,-1.9423,794560056.0,7736740056.434867,2026-07-14
2021-09-01,sh.603027,千禾味业,9.77220464,10.1696388,10.42680208,9.5851768,20090168,345166646.42,2.5284,4.4418,794580288.0,8080594526.559974,2026-07-14
2021-09-02,sh.603027,千禾味业,10.1696388,9.94754324,10.18132804,9.77804926,12406275,211215797.01,1.5614,-2.1839,794560971.0,7903929615.838886,2026-07-14
2021-09-03,sh.603027,千禾味业,9.93000938,10.03521254,10.20470652,9.82480622,10229102,175773992.02,1.2874,0.8813,794555072.0,7973529022.255003,2026-07-14
2021-09-06,sh.603027,千禾味业,10.0527464,10.29822044,10.4910929,9.95338786,12390549,217271744.19,1.5594,2.6209,794571566.0,8182673142.024009,2026-07-14
2021-09-07,sh.603027,千禾味业,10.24561886,10.33913278,10.44433594,10.228085,9208140,162766750.39,1.1589,0.3973,794558633.0,8215047208.08229,2026-07-14
2021-09-08,sh.603027,千禾味业,10.35082202,10.3449774,10.45018056,10.24561886,8231556,145508883.72,1.036,0.0565,794551737.0,8219619762.395743,2026-07-14
2021-09-09,sh.603027,千禾味业,10.35082202,10.44433594,10.65474226,10.29237582,10355192,186197433.93,1.3033,0.9605,794536331.0,8298404357.499036,2026-07-14
2021-09-10,sh.603027,千禾味业,10.4034236,10.40926822,10.5495391,10.32159892,8098168,144604820.85,1.0192,-0.3358,794561224.0,8270800897.827501,2026-07-14
2021-09-13,sh.603027,千禾味业,10.41511284,10.228085,10.41511284,10.14626032,7737594,135709195.03,0.9738,-1.7406,794577326.0,8127004429.40071,2026-07-14
2021-09-14,sh.603027,千禾味业,10.23392962,10.27484196,10.63136378,10.21639576,8046518,143323609.67,1.0127,0.4571,794560877.0,8163987438.773999,2026-07-14
2021-09-15,sh.603027,千禾味业,10.27484196,9.9943002,10.27484196,9.94169862,7788115,133226484.84,0.9802,-2.7304,794543461.0,7940905871.180992,2026-07-14
2021-09-16,sh.603027,千禾味业,9.9943002,9.98845558,10.1404157,9.91832014,7488610,128510442.46,0.9425,-0.0585,794547480.0,7936302210.180939,2026-07-14
2021-09-17,sh.603027,千禾味业,9.935854,10.0819695,10.14626032,9.7605154,8552104,145735971.5,1.0763,0.9362,794583666.0,8010968285.810186,2026-07-14
2021-09-22,sh.603027,千禾味业,9.91247552,9.88909704,9.98261096,9.85402932,5058732,85679661.1,0.6367,-1.913,794523638.0,7857121356.755831,2026-07-14
2021-09-23,sh.603027,千禾味业,9.98845558,10.10534798,10.32159892,9.93000938,9544119,165563280.44,1.2012,2.1868,794548701.0,8029191110.661974,2026-07-14
2021-09-24,sh.603027,千禾味业,10.520316,11.11646724,11.11646724,10.520316,25584985,480885593.82,3.22,10.0058,794564752.0,8832753035.666725,2026-07-14
2021-09-27,sh.603027,千禾味业,11.28596122,11.96393714,12.0983634,10.812547,48340378,965792147.68,6.0839,7.6236,794562337.0,9506093853.679497,2026-07-14
2021-09-28,sh.603027,千禾味业,11.68924,11.9230248,12.0983634,11.06971028,26477604,522711285.84,3.3323,-0.342,794574438.0,9473730729.720062,2026-07-14
2021-09-29,sh.603027,千禾味业,11.68924,11.46714444,11.94640328,11.38531976,16047873,317598279.7,2.0197,-3.8235,794567163.0,9111416425.402023,2026-07-14
2021-09-30,sh.603027,千禾味业,11.4262321,11.4846783,11.76522006,11.2801166,14477301,284789594.29,1.822,0.1529,794582931.0,9125529345.206099,2026-07-14
2021-10-08,sh.603027,千禾味业,11.47883368,11.76522006,11.96978176,11.28596122,15885840,318818218.21,1.9993,2.4427,794570100.0,9348292079.596207,2026-07-14
2021-10-11,sh.603027,千禾味业,11.84704474,11.75353082,11.89964632,11.46129982,13267742,265352157.08,1.6698,-0.0994,794570727.0,9339011528.464306,2026-07-14
2021-10-12,sh.603027,千禾味业,11.68924,12.35552668,12.84647476,11.56065836,28628418,601551442.56,3.603,5.1218,794571690.0,9817351714.96769,2026-07-14
2021-10-13,sh.603027,千禾味业,12.61853458,12.75296084,12.99843488,12.39643902,26315294,572205243.44,3.3119,3.2167,794567892.0,10133093211.397348,2026-07-14
2021-10-14,sh.603027,千禾味业,12.6828254,12.82309628,12.9458333,12.48995294,13663497,297637408.93,1.7196,0.55,794574145.0,10188900762.93368,2026-07-14
2021-10-15,sh.603027,千禾味业,12.6243792,12.6536023,13.13870576,12.44319598,16555486,362030736.31,2.0836,-1.3218,794561624.0,10054066792.938135,2026-07-14
2021-10-18,sh.603027,千禾味业,12.70620388,12.26785738,12.7412716,11.8061324,16159028,337987336.34,2.0337,-3.0485,794563013.0,9747585722.907087,2026-07-14
2021-10-19,sh.603027,千禾味业,12.2444789,12.16265422,12.41397288,12.03407258,10187336,212812337.0,1.2821,-0.8576,794582014.0,9664226285.7132,2026-07-14
2021-10-20,sh.603027,千禾味业,12.0983634,12.06329568,12.3321482,11.8353555,10149972,208724221.5,1.2774,-0.8169,794580554.0,9585260164.480206,2026-07-14
2021-10-21,sh.603027,千禾味业,11.981471,12.47241908,12.5367099,11.89964632,13616225,286015444.83,1.7137,3.3915,794551263.0,9909976332.679298,2026-07-14
2021-10-22,sh.603027,千禾味业,12.4198175,12.35552668,12.55424376,12.00484948,11669895,245853260.15,1.4687,-0.9372,794573092.0,9817369037.416096,2026-07-14
2021-10-25,sh.603027,千禾味业,12.30876972,12.38474978,12.4490406,12.08082954,10736644,225146847.88,1.3513,0.2365,794541849.0,9840201989.603542,2026-07-14
2021-10-26,sh.603027,千禾味业,12.20941118,12.58346686,12.8289409,12.19187732,14454675,312497914.95,1.8192,1.6045,794562170.0,9998346734.404686,2026-07-14
2021-10-27,sh.603027,千禾味业,12.43735136,12.43735136,12.77633932,12.273702,10638192,227399392.05,1.3389,-1.1612,794547166.0,9882062275.634245,2026-07-14
2021-10-28,sh.603027,千禾味业,12.98090102,13.68225542,13.68225542,12.98090102,21293599,495635865.84,2.6799,10.0094,794566924.0,10871467602.451729,2026-07-14
2021-10-29,sh.603027,千禾味业,13.60627536,14.3485421,14.70506392,13.40755828,37369293,910024415.74,4.7031,4.8697,794567264.0,11400881838.785814,2026-07-14
2021-11-01,sh.603027,千禾味业,14.42452216,13.84006016,14.44790064,13.74654624,24717151,593003029.19,3.1108,-3.5438,794559310.0,10996748651.088089,2026-07-14
2021-11-02,sh.603027,千禾味业,13.76992472,15.2252351,15.2252351,13.76992472,25512783,647474254.21,3.2109,10.0084,794567972.0,12097484176.630219,2026-07-14
2021-11-03,sh.603027,千禾味业,15.31874902,15.24861358,15.52915534,14.82195632,27302614,707569862.28,3.4362,0.1536,794558349.0,12115913230.66378,2026-07-14
2021-11-04,sh.603027,千禾味业,15.24861358,15.4005737,16.46429454,14.94469334,36499195,978412653.44,4.5936,0.9966,794566244.0,12236776000.254183,2026-07-14
2021-11-05,sh.603027,千禾味业,15.41810756,15.27199206,15.79216324,15.0206734,21209082,556003889.06,2.6693,-0.8349,794555951.0,12134452174.897749,2026-07-14
2021-11-08,sh.603027,千禾味业,15.27199206,14.90962562,15.42395218,14.75182088,16659882,426556328.14,2.0967,-2.3728,794576334.0,11846835666.452078,2026-07-14
2021-11-09,sh.603027,千禾味业,14.903781,15.09665346,15.20770124,14.5823269,15263023,388970037.87,1.9209,1.2544,794576657.0,11995448438.134283,2026-07-14
2021-11-10,sh.603027,千禾味业,15.0206734,14.44790064,15.17263352,14.3485421,16958354,425288529.29,2.1343,-4.2973,794562807.0,11479764487.775497,2026-07-14
2021-11-11,sh.603027,千禾味业,14.3777652,15.3421275,15.5759123,14.30762976,24205697,621083513.79,3.0464,6.1893,794567260.0,12190352210.24565,2026-07-14
2021-11-12,sh.603027,千禾味业,15.3129044,15.41810756,15.57006768,14.9914503,14340563,374083576.83,1.8048,0.4952,794579067.0,12250905519.930447,2026-07-14
2021-11-15,sh.603027,千禾味业,15.3421275,16.11946196,16.45844992,15.21939048,26039218,709012364.98,3.2772,4.5489,794556878.0,12807829369.97736,2026-07-14
2021-11-16,sh.603027,千禾味业,16.0434819,16.24219898,16.44091606,15.61682464,18821653,517502982.84,2.3688,0.7614,794564885.0,12905480964.690819,2026-07-14
2021-11-17,sh.603027,千禾味业,16.12530658,15.81554172,16.1895974,15.49408762,12671882,342473325.22,1.5948,-2.6268,794574994.0,12566633967.27575,2026-07-14
2021-11-18,sh.603027,千禾味业,16.072705,15.7220278,16.16621892,15.488243,12573851,338265168.15,1.5825,-0.5913,794556145.0,12492033800.35083,2026-07-14
2021-11-19,sh.603027,千禾味业,15.7220278,15.27783668,15.87983254,15.00313954,15688310,411510783.35,1.9744,-2.8253,794586203.0,12139558237.615326,2026-07-14
2021-11-22,sh.603027,千禾味业,15.2544582,15.37719522,15.48239838,14.92715948,14416709,374556513.23,1.8144,0.6503,794571704.0,12218284208.696056,2026-07-14
2021-11-23,sh.603027,千禾味业,15.20185662,15.14925504,15.26614744,14.97391644,8989581,232346021.66,1.1314,-1.4823,794553739.0,12036897235.096594,2026-07-14
2021-11-24,sh.603027,千禾味业,14.9914503,14.59986076,15.09665346,14.4069883,17564545,439220024.78,2.2106,-3.6265,794560074.0,11600466445.855297,2026-07-14
2021-11-25,sh.603027,千禾味业,14.5823269,14.26671742,14.72259778,14.25502818,11419936,281545120.35,1.4373,-2.2818,794540875.0,11335490142.264544,2026-07-14
2021-11-26,sh.603027,千禾味业,14.25502818,14.00955414,14.43036678,13.9686418,10002396,241576809.91,1.2588,-1.8025,794597712.0,11131959665.784128,2026-07-14
2021-11-29,sh.603027,千禾味业,13.77576934,14.2024266,14.3485421,13.66472156,9981147,241490566.52,1.2562,1.3767,794550788.0,11284549246.542162,2026-07-14
2021-11-30,sh.603027,千禾味业,14.19658198,14.10306806,14.3777652,14.0563111,9868460,239782636.24,1.242,-0.6996,794561997.0,11205761921.580515,2026-07-14
2021-12-01,sh.603027,千禾味业,14.24918356,14.1439804,14.66415158,14.06215572,7547856,184006796.13,0.9499,0.2901,794594799.0,11238733262.99794,2026-07-14
2021-12-02,sh.603027,千禾味业,14.0855342,13.75239086,14.35438672,13.734857,9943592,237187942.43,1.2514,-2.7686,794597411.0,10927614172.416063,2026-07-14
2021-12-03,sh.603027,千禾味业,13.72901238,14.03877724,14.0563111,13.63549846,9722945,230234720.42,1.2237,2.0824,794552995.0,11154552502.179834,2026-07-14
2021-12-06,sh.603027,千禾味业,14.03877724,13.74070162,14.07384496,13.62380922,9506603,223552981.57,1.1965,-2.1232,794534308.0,10917458853.081179,2026-07-14
2021-12-07,sh.603027,千禾味业,13.81083706,14.6407731,14.82195632,13.74654624,20493450,505483112.99,2.5792,6.5504,794566145.0,11633062641.8867,2026-07-14
2021-12-08,sh.603027,千禾味业,14.61155,15.00313954,15.2544582,14.4362114,17834136,455782077.19,2.2445,2.475,794570550.0,11921052836.024546,2026-07-14
2021-12-09,sh.603027,千禾味业,14.9622272,15.4005737,15.71033856,14.89209176,21509624,567744895.4,2.7071,2.649,794563333.0,12236731169.184143,2026-07-14
2021-12-10,sh.603027,千禾味业,15.14341042,15.05574112,15.47655376,14.9622272,13087254,338794004.34,1.6471,-2.2391,794563414.0,11962741064.607384,2026-07-14
2021-12-13,sh.603027,千禾味业,15.00313954,15.23692434,15.53499996,14.96807182,10895508,285522077.85,1.3713,1.2034,794538613.0,12106324731.48954,2026-07-14
2021-12-14,sh.603027,千禾味业,15.23692434,15.2252351,15.3421275,14.97976106,8301564,216130210.48,1.0448,-0.0767,794560107.0,12097364430.156157,2026-07-14
2021-12-15,sh.603027,千禾味业,15.2252351,14.88040252,15.31874902,14.7284424,11459295,292975439.17,1.4422,-2.2649,794570448.0,11823528096.736729,2026-07-14
2021-12-16,sh.603027,千禾味业,14.85117942,14.77519936,14.9914503,14.55894842,8963195,226768510.29,1.1281,-0.707,794539048.0,11739472833.50461,2026-07-14
2021-12-17,sh.603027,千禾味业,14.77519936,14.37192058,14.7868886,14.33685286,7416221,183724848.27,0.9334,-2.7294,794538354.0,11419042121.451925,2026-07-14
2021-12-20,sh.603027,千禾味业,14.30762976,14.2024266,14.67584082,14.18489274,7646571,188189449.58,0.9624,-1.1793,794531484.0,11284275082.899075,2026-07-14
2021-12-21,sh.603027,千禾味业,14.05046648,14.0563111,14.5238807,13.95695256,10584461,255543294.37,1.3321,-1.0288,794569552.0,11168716813.499628,2026-07-14
2021-12-22,sh.603027,千禾味业,14.06800034,14.07968958,14.28425128,13.8517494,12315075,294983982.03,1.5499,0.1663,794572230.0,11187330347.288364,2026-07-14
2021-12-23,sh.603027,千禾味业,14.03877724,14.2900959,14.2900959,13.93357408,9426318,227816100.84,1.1863,1.4944,794598162.0,11354883936.943737,2026-07-14
2021-12-24,sh.603027,千禾味业,14.3777652,14.7576655,14.89209176,14.26671742,13358746,334895238.07,1.6813,3.272,794548623.0,11725682801.719606,2026-07-14
2021-12-27,sh.603027,千禾味业,14.61155,15.1083427,15.12587656,14.44790064,11050156,279683608.6,1.3907,2.3762,794575106.0,12004713002.336826,2026-07-14
2021-12-28,sh.603027,千禾味业,14.99729492,14.65830696,14.99729492,14.5531038,12536230,314693996.05,1.5777,-2.9787,794588959.0,11647328868.048855,2026-07-14
2021-12-29,sh.603027,千禾味业,14.61155,13.94526332,14.82195632,13.9394187,15060392,365695402.25,1.8954,-4.8644,794575921.0,11080570446.076519,2026-07-14
2021-12-30,sh.603027,千禾味业,13.8809725,13.87512788,14.0855342,13.74070162,9653142,229578237.12,1.2149,-0.5029,794562680.0,11024658793.67552,2026-07-14
2021-12-31,sh.603027,千禾味业,13.9686418,14.07384496,14.319319,13.79914782,9369249,225958347.02,1.1792,1.4322,794542826.0,11182272547.204258,2026-07-14
2022-01-04,sh.603027,千禾味业,14.2024266,14.16151426,14.21996046,13.7933032,8093572,193957024.12,1.0186,0.6229,794578048.0,11252428357.434965,2026-07-14
2022-01-05,sh.603027,千禾味业,14.1439804,14.027088,14.4654345,13.97448642,10585829,257217142.46,1.3323,-0.9492,794552954.0,11145264206.417952,2026-07-14
2022-01-06,sh.603027,千禾味业,14.027088,13.90435098,14.15566964,13.72316776,8444130,200590039.81,1.0627,-0.875,794592077.0,11048287124.535185,2026-07-14
2022-01-07,sh.603027,千禾味业,13.92772946,13.78745858,14.1439804,13.734857,9685473,230316946.37,1.219,-0.8407,794542494.0,10954721726.074898,2026-07-14
2022-01-10,sh.603027,千禾味业,13.8517494,12.93998868,13.8517494,12.4782637,22990401,507669014.04,2.8935,-6.1467,794553344.0,10281511277.016146,2026-07-14
2022-01-11,sh.603027,千禾味业,12.565933,12.7704947,13.442626,12.55424376,15526739,346388643.54,1.9541,-1.3098,794572386.0,10147082444.179354,2026-07-14
2022-01-12,sh.603027,千禾味业,12.76465008,13.26144278,13.3549567,12.66529154,11392739,254552394.59,1.4338,3.8444,794583554.0,10537324335.30004,2026-07-14
2022-01-13,sh.603027,千禾味业,13.22637506,12.92829944,13.37249056,12.9166102,7990577,179748044.66,1.0057,-2.5121,794528885.0,10271907339.009325,2026-07-14
2022-01-14,sh.603027,千禾味业,12.84647476,12.6536023,13.06857032,12.61268996,7039984,154050398.43,0.8813,-2.1248,798818110.0,10107926673.977652,2026-07-14
2022-01-17,sh.603027,千禾味业,12.6243792,12.52502066,12.6536023,12.37890516,6307822,135024475.8,0.7897,-1.0162,798761808.0,10004508147.618952,2026-07-14
2022-01-18,sh.603027,千禾味业,12.51333142,12.1568096,12.70620388,12.08667416,17200833,359486206.13,2.1534,-2.9398,798775564.0,9710562444.680614,2026-07-14
2022-01-19,sh.603027,千禾味业,12.13927574,11.91133556,12.13927574,11.73599696,11771707,239962365.58,1.4737,-2.0192,798785845.0,9514606240.373148,2026-07-14
2022-01-20,sh.603027,千禾味业,11.7476862,11.7184631,12.0399172,11.66586152,11250410,227053666.81,1.4084,-1.6192,798807867.0,9360800513.429207,2026-07-14
2022-01-21,sh.603027,千禾味业,11.73599696,11.56065836,11.8938017,11.50805678,12487241,249629816.16,1.5633,-1.3466,798774451.0,9234358534.70756,2026-07-14
2022-01-24,sh.603027,千禾味业,11.49052292,11.58403684,11.79444316,11.43792134,11803724,234308677.42,1.4777,0.2022,798790282.0,9253216054.121988,2026-07-14
2022-01-25,sh.603027,千禾味业,11.5723476,11.18660268,11.57819222,11.15153496,11914048,231758547.69,1.4915,-3.4309,798796379.0,8935817714.095695,2026-07-14
2022-01-26,sh.603027,千禾味业,11.1924473,11.12815648,11.32102894,10.93528402,8271780,157174633.2,1.0355,-0.5225,798819894.0,8889392779.769012,2026-07-14
2022-01-27,sh.603027,千禾味业,11.1632242,10.81839162,11.21582578,10.81839162,8938263,167607745.26,1.119,-2.7836,798772386.0,8641432486.989805,2026-07-14
2022-01-28,sh.603027,千禾味业,10.98204098,11.06386566,11.2216704,10.85345934,11072938,209764496.23,1.3862,2.269,798798009.0,8837793861.05147,2026-07-14
2022-02-07,sh.603027,千禾味业,11.2216704,11.3385628,11.55481374,11.21582578,11972218,233406511.07,1.4988,2.4828,798786896.0,9057095384.11307,2026-07-14
2022-02-08,sh.603027,千禾味业,11.35025204,11.23920426,11.397009,11.06971028,8128665,156036642.92,1.0176,-0.8763,798807488.0,8977960522.049498,2026-07-14
2022-02-09,sh.603027,千禾味业,11.23920426,11.4554552,11.49636754,11.17491344,7780539,151490265.12,0.9741,1.9241,798741300.0,9149945178.539759,2026-07-14
2022-02-10,sh.603027,千禾味业,11.46129982,11.46714444,11.64832766,11.3093397,7589735,148407560.14,0.9502,0.102,798751316.0,9159396712.212084,2026-07-14
2022-02-11,sh.603027,千禾味业,11.40285362,11.2216704,11.40285362,11.15737958,6636221,127952976.09,0.8308,-2.1407,798774795.0,8963587473.317568,2026-07-14
2022-02-14,sh.603027,千禾味业,11.15737958,11.19829192,11.31518432,11.02295332,6201438,118687864.02,0.7764,-0.2083,798742658.0,8944553453.240725,2026-07-14
2022-02-15,sh.603027,千禾味业,11.26842736,11.3093397,11.397009,11.1632242,5670712,109422427.86,0.7099,0.9916,798804339.0,9033949623.584959,2026-07-14
2022-02-16,sh.603027,千禾味业,11.38531976,11.7476862,11.85873398,11.29765046,14897834,296742131.33,1.8651,3.876,798768645.0,9383683387.8592,2026-07-14
2022-02-17,sh.603027,千禾味业,11.73599696,11.50805678,11.8061324,11.43207672,9922360,196236711.86,1.2422,-2.0398,798773144.0,9192326695.491117,2026-07-14
2022-02-18,sh.603027,千禾味业,11.38531976,11.21582578,11.4554552,11.1340011,11090596,213548131.93,1.3884,-2.5394,798804091.0,8959247517.007265,2026-07-14
2022-02-21,sh.603027,千禾味业,11.19829192,11.39116438,11.61325994,11.1632242,10127859,198263932.47,1.2679,1.5633,798790047.0,9099148730.484926,2026-07-14
2022-02-22,sh.603027,千禾味业,11.35025204,11.06386566,11.3677859,11.0171087,8971491,170566650.53,1.1231,-2.8733,798814976.0,8837981581.660124,2026-07-14
2022-02-23,sh.603027,千禾味业,11.0755549,11.49052292,11.67755076,11.0755549,14805775,289805743.11,1.8535,3.8563,798800917.0,9178640245.305517,2026-07-14
2022-02-24,sh.603027,千禾味业,12.46072984,12.29123586,12.58346686,11.94640328,45093172,944972286.96,5.6452,6.9685,798787855.0,9818089927.908482,2026-07-14
2022-02-25,sh.603027,千禾味业,12.18018808,12.16849884,12.35552668,12.01653872,16813053,349956327.97,2.1048,-0.9986,798795753.0,9720145193.777426,2026-07-14
2022-02-28,sh.603027,千禾味业,12.2152558,12.0106941,12.23278966,11.8645786,11671780,239824431.0,1.4612,-1.2968,798780454.0,9593907686.053122,2026-07-14
2022-03-01,sh.603027,千禾味业,12.01653872,12.06329568,12.26785738,12.01653872,8676697,180153351.0,1.0862,0.438,798812097.0,9636306518.871841,2026-07-14
2022-03-02,sh.603027,千禾味业,11.981471,11.94055866,12.0691403,11.78859854,5969069,121582384.0,0.7473,-1.0174,798751372.0,9537537612.121483,2026-07-14
2022-03-03,sh.603027,千禾味业,11.9522479,11.7184631,11.97562638,11.68924,6464973,130169160.0,0.8094,-1.86,798736471.0,9359963862.03772,2026-07-14
2022-03-04,sh.603027,千禾味业,11.7184631,11.68924,11.84120012,11.59572608,5599351,112497580.0,0.701,-0.2494,798766191.0,9336969710.48484,2026-07-14
2022-03-07,sh.603027,千禾味业,11.66586152,11.13984572,11.67170614,11.01126408,10723732,206037007.0,1.3425,-4.7,798788231.0,8898377656.291721,2026-07-14
2022-03-08,sh.603027,千禾味业,11.16906882,10.52616062,11.30349508,10.520316,10619453,196929822.0,1.3295,-5.5089,798755397.0,8407827604.913867,2026-07-14
2022-03-09,sh.603027,千禾味业,10.5787622,10.228085,10.68396536,9.65531224,10449148,182422682.0,1.3081,-2.8318,798803455.0,8170229636.033675,2026-07-14
2022-03-10,sh.603027,千禾味业,10.53200524,10.71903308,10.77747928,10.45602518,9224085,167673271.0,1.1548,4.8,798760391.0,8561939054.122735,2026-07-14
2022-03-11,sh.603027,千禾味业,10.57291758,10.85930396,10.90606092,10.44433594,8284008,151626028.0,1.0371,1.3086,798766561.0,8674048878.982882,2026-07-14
2022-03-14,sh.603027,千禾味业,10.75994542,10.47355904,10.86514858,10.41511284,7921654,143279388.0,0.9917,-3.5522,798795402.0,8366230803.727533,2026-07-14
2022-03-15,sh.603027,千禾味业,10.3742005,9.77804926,10.40926822,9.7605154,10019717,172487728.0,1.2544,-6.6406,798765705.0,7810370410.688628,2026-07-14
2022-03-16,sh.603027,千禾味业,9.92416476,10.11703722,10.16379418,9.50919674,11880935,200342899.0,1.4874,3.4668,798772018.0,8081206236.40051,2026-07-14
2022-03-17,sh.603027,千禾味业,10.2865312,10.4910929,10.68980998,10.16379418,9004534,160759789.0,1.1273,3.6973,798769981.0,8379970076.402235,2026-07-14
2022-03-18,sh.603027,千禾味业,10.45602518,10.54369448,10.63136378,10.40926822,5717576,103026196.54,0.7158,0.5014,798767253.0,8421957876.260862,2026-07-14
2022-03-21,sh.603027,千禾味业,10.63136378,10.47355904,10.8709932,10.4034236,7562687,137158929.26,0.9468,-0.6652,798762886.0,8365890245.48179,2026-07-14
2022-03-22,sh.603027,千禾味业,10.4034236,10.38004512,10.4618698,10.27484196,4980571,88387419.86,0.6235,-0.8929,798808500.0,8291668272.23952,2026-07-14
2022-03-23,sh.603027,千禾味业,10.48524828,10.63136378,10.64305302,10.32744354,6148498,110587412.14,0.7697,2.4212,798817461.0,8492519021.706962,2026-07-14
2022-03-24,sh.603027,千禾味业,10.5787622,10.28068658,10.5787622,10.23977424,6672735,118028720.35,0.8354,-3.2985,798747307.0,8211670719.88604,2026-07-14
2022-03-25,sh.603027,千禾味业,10.2865312,10.21639576,10.45602518,10.1988619,5734569,101276285.83,0.7179,-0.6254,798797743.0,8160833874.682769,2026-07-14
2022-03-28,sh.603027,千禾味业,10.1111926,10.15794956,10.228085,9.86571856,4676112,80527387.51,0.5854,-0.5721,798789204.0,8114060443.30455,2026-07-14
2022-03-29,sh.603027,千禾味业,10.09950336,9.98261096,10.24561886,9.935854,4558909,78368863.37,0.5707,-1.7261,798827580.0,7974384955.258277,2026-07-14
2022-03-30,sh.603027,千禾味业,10.04105716,10.44433594,10.53200524,10.0235233,8003071,141475802.66,1.0019,4.6253,798789400.0,8342824838.9110365,2026-07-14
2022-03-31,sh.603027,千禾味业,10.32159892,10.21055114,10.4326467,10.17548342,6049751,106542041.17,0.7574,-2.2384,798752443.0,8155702667.451435,2026-07-14
2022-04-01,sh.603027,千禾味业,10.13457108,10.228085,10.35082202,9.97092172,7319802,127727170.83,0.9164,0.1717,798756220.0,8169746512.4387,2026-07-14
2022-04-06,sh.603027,千禾味业,10.21639576,9.9650771,10.21639576,9.935854,8413124,143874485.63,1.0532,-2.5714,798815420.0,7960257248.968883,2026-07-14
2022-04-07,sh.603027,千禾味业,9.94754324,9.83649546,10.09950336,9.7897385,7079028,119887892.94,0.8862,-1.2903,798807041.0,7857461832.212534,2026-07-14
2022-04-08,sh.603027,千禾味业,9.8189616,9.63193376,9.83065084,9.57933218,6936406,114515607.48,0.8684,-2.0796,798757024.0,7693574745.502731,2026-07-14
2022-04-11,sh.603027,千禾味业,9.63193376,9.71960306,9.86571856,9.50919674,11272440,187468670.86,1.4112,0.9102,798784014.0,7763863546.753484,2026-07-14
2022-04-12,sh.603027,千禾味业,9.7020692,9.85987394,9.86571856,9.27541194,13524053,220551782.17,1.6931,1.4432,798774615.0,7875817010.372033,2026-07-14
2022-04-13,sh.603027,千禾味业,9.8189616,9.4975075,9.935854,9.39230434,16266648,266467286.11,2.0364,-3.6752,798794343.0,7586555263.600072,2026-07-14
2022-04-14,sh.603027,千禾味业,9.50335212,10.06443564,10.16379418,9.4682844,17823241,301569748.07,2.2313,5.9692,798782817.0,8039298252.034397,2026-07-14
2022-04-15,sh.603027,千禾味业,9.94754324,10.20470652,10.43849132,9.8774078,14006491,244728531.12,1.7535,1.3937,798773368.0,8151247796.431959,2026-07-14
2022-04-18,sh.603027,千禾味业,10.02936792,10.44433594,10.68980998,10.01767868,13171158,235835378.9,1.6489,2.3482,798784523.0,8342773901.884657,2026-07-14
2022-04-19,sh.603027,千禾味业,10.45018056,10.58460682,10.73656694,10.25146348,11048423,200471290.81,1.3832,1.343,798758169.0,8454541163.128112,2026-07-14
2022-04-20,sh.603027,千禾味业,10.5495391,11.0463318,11.35025204,10.4034236,22611514,424337440.6,2.8307,4.3622,798795846.0,8823763955.377703,2026-07-14
2022-04-21,sh.603027,千禾味业,11.05217642,10.6956546,11.18660268,10.61967454,17188335,319907575.73,2.1518,-3.1746,798788689.0,8543567915.930819,2026-07-14
2022-04-22,sh.603027,千禾味业,10.5787622,10.70149922,10.80670238,10.2865312,14661009,264829233.69,1.8354,0.0546,798790945.0,8548260674.860563,2026-07-14
2022-04-25,sh.603027,千禾味业,10.4618698,9.75467078,10.46771442,9.75467078,14360807,249316743.8,1.7978,-8.8476,798798921.0,7792020493.774228,2026-07-14
2022-04-26,sh.603027,千禾味业,9.935854,10.56707296,10.73072232,9.85402932,25400491,456283446.51,3.1799,8.3283,798782698.0,8440795048.951647,2026-07-14
2022-04-27,sh.603027,千禾味业,10.228085,10.42680208,10.520316,9.80727236,31186142,543883486.27,3.9042,-1.3274,798784437.0,8328767229.1832285,2026-07-14
2022-04-28,sh.603027,千禾味业,10.20470652,10.23977424,10.7248777,10.0527464,19370921,344032702.57,2.4251,-1.7937,798767927.0,8179203242.6328,2026-07-14
2022-04-29,sh.603027,千禾味业,10.228085,10.32744354,10.4910929,10.04690178,20623865,361003643.97,2.5819,0.8562,798786359.0,8249421023.094671,2026-07-14
2022-05-05,sh.603027,千禾味业,10.32744354,10.64889764,10.74241156,10.10534798,23810084,426295421.15,2.9808,3.1126,798781669.0,8506144229.88936,2026-07-14
2022-05-06,sh.603027,千禾味业,10.35666664,9.98261096,10.35666664,9.95338786,21228075,367231903.64,2.6576,-6.2569,798768626.0,7973796440.411741,2026-07-14
2022-05-09,sh.603027,千禾味业,9.84234008,9.86571856,10.1111926,9.67869072,13798527,232489222.03,1.7274,-1.171,798803230.0,7880767851.998948,2026-07-14
2022-05-10,sh.603027,千禾味业,9.69622458,10.12872646,10.29237582,9.59686604,17764264,304944576.76,2.2239,2.6659,798788794.0,8090713193.739288,2026-07-14
2022-05-11,sh.603027,千禾味业,10.12872646,10.03521254,10.2865312,10.00014482,17113040,298043314.74,2.1424,-0.9233,798778940.0,8015916435.375908,2026-07-14
2022-05-12,sh.603027,千禾味业,9.9943002,10.01767868,10.2865312,9.8774078,12379818,213331964.12,1.5498,-0.1747,798801007.0,8002131817.386431,2026-07-14
2022-05-13,sh.603027,千禾味业,10.06443564,9.84234008,10.1696388,9.71960306,13400100,226750914.84,1.6776,-1.7503,798766094.0,7861727541.521247,2026-07-14
2022-05-16,sh.603027,千禾味业,9.85402932,9.88909704,10.00014482,9.77220464,9963962,168441664.14,1.2474,0.4751,798778419.0,7899197298.948779,2026-07-14
2022-05-17,sh.603027,千禾味业,9.88909704,9.75467078,9.93000938,9.57933218,11456902,189959080.92,1.4343,-1.3593,798780032.0,7791836237.797865,2026-07-14
2022-05-18,sh.603027,千禾味业,9.80142774,9.78389388,9.8481847,9.69037996,6921179,115687235.25,0.8665,0.2996,798751183.0,7814896810.996461,2026-07-14
2022-05-19,sh.603027,千禾味业,9.62024452,9.57348756,9.643623,9.46243978,11100999,181151730.19,1.3897,-2.1505,798805426.0,7647353808.671501,2026-07-14
2022-05-20,sh.603027,千禾味业,9.643623,10.07612488,10.08781412,9.59102142,20939276,355240425.48,2.6214,5.2503,798782177.0,8048628967.370264,2026-07-14
2022-05-23,sh.603027,千禾味业,10.1111926,10.12288184,10.18717266,10.01183406,10499579,181252786.12,1.3144,0.464,798811549.0,8086274922.95437,2026-07-14
2022-05-24,sh.603027,千禾味业,10.14626032,9.74882616,10.1696388,9.73713692,12106735,205426898.82,1.5156,-3.6952,798808063.0,7787440941.393328,2026-07-14
2022-05-25,sh.603027,千禾味业,9.74298154,9.81311698,9.9066309,9.643623,7999600,133748276.76,1.0015,0.6595,798761857.0,7838343541.903032,2026-07-14
2022-05-26,sh.603027,千禾味业,9.77804926,9.81311698,9.84234008,9.5559537,10634059,176458225.99,1.3313,0.0,798772553.0,7838448503.00225,2026-07-14
2022-05-27,sh.603027,千禾味业,9.8774078,9.69622458,9.95923248,9.60271066,10288701,172001809.8,1.288,-1.1912,798812189.0,7745462381.785406,2026-07-14
2022-05-30,sh.603027,千禾味业,9.74298154,9.97092172,10.07028026,9.69037996,15904720,270052969.71,1.9911,2.833,798790618.0,7964678722.748423,2026-07-14
2022-05-31,sh.603027,千禾味业,9.98261096,10.2865312,10.32744354,9.88909704,19388515,338347833.69,2.4273,3.1653,798768797.0,8216560151.926967,2026-07-14
2022-06-01,sh.603027,千禾味业,10.45018056,10.35666664,10.59629606,10.28068658,17452537,311601452.46,2.1849,0.6818,798779670.0,8272694760.999209,2026-07-14
2022-06-02,sh.603027,千禾味业,10.35666664,10.2573081,10.4618698,10.1696388,9466447,166140778.98,1.1851,-0.9594,798788879.0,8193423638.756619,2026-07-14
2022-06-06,sh.603027,千禾味业,10.28068658,10.40926822,10.44433594,10.16379418,10704691,189504136.02,1.3401,1.4815,798797926.0,8314901865.313711,2026-07-14
2022-06-07,sh.603027,千禾味业,10.4034236,10.71903308,10.91190554,10.35082202,19334655,352714857.36,2.4205,2.9759,798787647.0,8562231212.088364,2026-07-14
2022-06-08,sh.603027,千禾味业,10.62551916,10.70149922,10.8709932,10.520316,17671470,322684823.35,2.2123,-0.1636,798782715.0,8548172601.521983,2026-07-14
2022-06-09,sh.603027,千禾味业,10.77747928,10.3449774,10.84761472,10.2865312,15259389,273952402.81,1.9103,-3.3315,798795425.0,8263520618.848394,2026-07-14
2022-06-10,sh.603027,千禾味业,10.3449774,10.43849132,10.4618698,10.228085,14166134,251562562.35,1.7735,0.904,798767071.0,8337923137.335324,2026-07-14
2022-06-13,sh.603027,千禾味业,10.21639576,10.30990968,10.39757898,10.19301728,8501815,149664479.26,1.0643,-1.2318,798817533.0,8235736616.03042,2026-07-14
2022-06-14,sh.603027,千禾味业,10.1404157,10.64305302,10.7833239,10.03521254,17403153,309948576.18,2.1787,3.2313,798786111.0,8501522931.012606,2026-07-14
2022-06-15,sh.603027,千禾味业,10.520316,10.59629606,10.9002163,10.49693752,21404386,391659392.41,2.6796,-0.4393,798790342.0,8464218953.700653,2026-07-14
2022-06-16,sh.603027,千禾味业,10.68980998,10.9294394,11.13984572,10.68980998,21737421,407611318.91,2.7213,3.144,798788116.0,8730306307.26217,2026-07-14
2022-06-17,sh.603027,千禾味业,10.9294394,10.9878856,11.12231186,10.74825618,14808735,277432731.0,1.8539,0.5348,798788230.0,8776993689.866488,2026-07-14
2022-06-20,sh.603027,千禾味业,10.94697326,11.20998116,11.39116438,10.94697326,16212491,310926047.34,2.0297,2.0213,798762921.0,8954117295.716568,2026-07-14
2022-06-21,sh.603027,千禾味业,11.11062262,10.9002163,11.27427198,10.7833239,14310468,269040685.3,1.7915,-2.7633,798798102.0,8707072091.829462,2026-07-14
2022-06-22,sh.603027,千禾味业,11.1327274,10.89316238,11.23841785,10.81565605,15872763,248519027.23,1.6559,-0.0646,958558065.0,10441728652.703594,2026-07-14
2022-06-23,sh.603027,千禾味业,10.7804259,10.83679414,10.89316238,10.61836721,16744050,255423113.33,1.7468,-0.5175,958555645.0,10387670196.59992,2026-07-14
2022-06-24,sh.603027,千禾味业,10.81565605,11.38638448,11.4145686,10.80156399,24475263,387514589.57,2.5534,5.0715,958536187.0,10914261563.175179,2026-07-14
2022-06-27,sh.603027,千禾味业,11.60481141,11.95711291,12.30236838,11.47093684,36099004,610103303.53,3.766,5.0124,958550292.0,11461494071.35747,2026-07-14
2022-06-28,sh.603027,千禾味业,11.94302085,11.8373304,11.978251,11.66822568,18019129,301874643.0,1.8799,-1.0018,958515293.0,11346262216.693808,2026-07-14
2022-06-29,sh.603027,千禾味业,11.978251,11.71050186,12.18258587,11.67527171,23596470,400673472.48,2.4617,-1.0714,958543689.0,11225027652.925762,2026-07-14
2022-06-30,sh.603027,千禾味业,11.77391613,12.1896319,12.32350647,11.7668701,26744942,461146662.1,2.7902,4.0915,958531360.0,11684144443.006384,2026-07-14
2022-07-01,sh.603027,千禾味业,12.21076999,12.15440175,12.30941441,12.0487113,14266411,246301623.39,1.4884,-0.289,958506517.0,11650073287.611204,2026-07-14
2022-07-04,sh.603027,千禾味业,12.23895411,12.18258587,12.23895411,12.0487113,13654225,234959223.86,1.4245,0.2319,958527554.0,11677344235.366062,2026-07-14
2022-07-05,sh.603027,千禾味业,12.23190808,11.84437643,12.24600014,11.70345583,19105111,321503601.33,1.9931,-2.7762,958562591.0,11353576159.52013,2026-07-14
2022-07-06,sh.603027,千禾味业,11.85142246,11.5554892,11.85142246,11.46389081,14224513,234122478.7,1.484,-2.439,958525135.0,11076226845.421041,2026-07-14
2022-07-07,sh.603027,千禾味业,11.52730508,11.4145686,11.54139714,11.25955594,15074449,243416472.87,1.5726,-1.2195,958568549.0,10941646460.362963,2026-07-14
2022-07-08,sh.603027,千禾味业,11.4850289,11.37229242,11.61185744,11.33706227,11539040,187553140.39,1.2038,-0.3704,958551254.0,10900925160.045696,2026-07-14
2022-07-11,sh.603027,千禾味业,11.31592418,11.1327274,11.31592418,10.9213465,16302533,256159233.05,1.7008,-2.1066,958521460.0,10670958121.230003,2026-07-14
2022-07-12,sh.603027,千禾味业,11.1327274,10.98476077,11.15386549,10.9213465,10772297,168399680.96,1.1238,-1.3291,958559975.0,10529552009.07218,2026-07-14
2022-07-13,sh.603027,千禾味业,10.98476077,11.01999092,11.09749725,10.95657665,10717613,167558555.2,1.1181,0.3207,958555854.0,10563276807.392845,2026-07-14
2022-07-14,sh.603027,千禾味业,11.05522107,10.93543856,11.16795755,10.8508862,13184179,205748120.54,1.3754,-0.7673,958570525.0,10482389081.564444,2026-07-14
2022-07-15,sh.603027,千禾味业,11.24546388,11.3441083,11.68231774,11.00589886,27806273,447978770.74,2.9009,3.7371,958539522.0,10873776147.398233,2026-07-14
2022-07-18,sh.603027,千禾味业,11.46389081,11.43570669,11.52025905,11.18204961,14446751,232776590.96,1.5072,0.8075,958515857.0,10961306198.365984,2026-07-14
2022-07-19,sh.603027,千禾味业,11.4145686,11.80914628,11.97120497,11.35820036,22687479,379075617.16,2.3669,3.2656,958531370.0,11319437162.298803,2026-07-14
2022-07-20,sh.603027,千禾味业,11.80210025,11.73868598,12.01348115,11.68231774,16515938,277570178.51,1.723,-0.5967,958557052.0,11252200227.342531,2026-07-14
2022-07-21,sh.603027,千禾味业,11.67527171,11.42866066,11.77391613,11.42866066,13933836,228650987.92,1.4537,-2.6411,958508358.0,10954466763.355797,2026-07-14
2022-07-22,sh.603027,千禾味业,11.4145686,11.37933845,11.61890347,11.2031877,11117795,179823029.79,1.1599,-0.4316,958513234.0,10907246498.490047,2026-07-14
2022-07-25,sh.603027,千禾味业,11.39343051,11.53435111,11.78800819,11.273648,12710147,208554325.56,1.326,1.3622,958532956.0,11056055665.010181,2026-07-14
2022-07-26,sh.603027,千禾味业,11.53435111,11.54844317,11.72459392,11.42161463,8920261,146114867.2,0.9306,0.1222,958549430.0,11069753617.990894,2026-07-14
2022-07-27,sh.603027,千禾味业,11.45684478,11.37229242,11.58367332,11.29478609,8319447,134506581.73,0.8679,-1.5253,958572071.0,10901161897.057003,2026-07-14
2022-07-28,sh.603027,千禾味业,11.4145686,11.42866066,11.59071935,11.37933845,9903102,161302610.0,1.0331,0.4957,958581163.0,10955298826.995148,2026-07-14
2022-07-29,sh.603027,千禾味业,11.37933845,11.00589886,11.42866066,10.97771474,20338099,320118692.94,2.1218,-3.6991,958530446.0,10549489142.906693,2026-07-14
2022-08-01,sh.603027,千禾味业,10.99885283,11.14681946,11.30887815,10.86497826,11503382,181562780.44,1.2001,1.2804,958535289.0,10684619812.521923,2026-07-14
2022-08-02,sh.603027,千禾味业,11.09045122,10.82270208,11.1327274,10.72405766,12667928,195740192.75,1.3216,-2.9077,958529661.0,10373880955.846394,2026-07-14
2022-08-03,sh.603027,千禾味业,10.8508862,10.68882751,10.9918068,10.64655133,9407341,144615778.95,0.9814,-1.237,958563379.0,10245918615.533756,2026-07-14
2022-08-04,sh.603027,千禾味业,10.74519575,10.88611635,10.88611635,10.61132118,9276558,141441732.0,0.9678,1.8457,958520149.0,10434561865.833336,2026-07-14
2022-08-05,sh.603027,千禾味业,10.9213465,11.08340519,11.09045122,10.86497826,9663778,151068624.0,1.0082,1.8123,958517953.0,10623642854.988377,2026-07-14
2022-08-08,sh.603027,千禾味业,10.99885283,11.04817504,11.23841785,10.93543856,9067004,142520600.0,0.9459,-0.3179,958558410.0,10590321099.744087,2026-07-14
2022-08-09,sh.603027,千禾味业,11.04817504,10.87907032,11.04817504,10.8508862,7619075,117651625.0,0.7949,-1.5306,958494779.0,10427532102.093859,2026-07-14
2022-08-10,sh.603027,千禾味业,10.90725444,10.73110369,10.90725444,10.65359736,10028223,152678149.0,1.0462,-1.3601,958537851.0,10286169069.87077,2026-07-14
2022-08-11,sh.603027,千禾味业,10.83679414,10.96362268,10.96362268,10.73110369,10355474,159937135.0,1.0803,2.1668,958573915.0,10509442714.950392,2026-07-14
2022-08-12,sh.603027,千禾味业,10.94953062,10.94953062,11.02703695,10.8508862,8680729,134736012.0,0.9056,-0.1285,958561064.0,10495793721.40778,2026-07-14
2022-08-15,sh.603027,千禾味业,10.87202429,10.81565605,10.97771474,10.76633384,9093900,139601523.01,0.9487,-1.2227,958564351.0,10367502322.207474,2026-07-14
2022-08-16,sh.603027,千禾味业,10.82270208,10.73814972,10.87907032,10.71701163,10030665,153588882.21,1.0465,-0.7166,958496417.0,10292478031.829552,2026-07-14
2022-08-17,sh.603027,千禾味业,10.74519575,10.81565605,10.86497826,10.67473545,9143292,139963311.89,0.9539,0.7218,958516826.0,10366988308.153696,2026-07-14
2022-08-18,sh.603027,千禾味业,10.81565605,10.66768942,10.82270208,10.65359736,10329506,156693489.97,1.0776,-1.3681,958565887.0,10225683171.122816,2026-07-14
2022-08-19,sh.603027,千禾味业,10.68178148,10.59722912,10.74519575,10.59018309,11349548,171523271.9,1.184,-0.6605,958576689.0,10158256802.423983,2026-07-14
2022-08-22,sh.603027,千禾味业,10.55495294,10.68882751,10.68882751,10.39289425,11100082,166151750.42,1.158,0.8644,958556304.0,10245842992.079123,2026-07-14
2022-08-23,sh.603027,千禾味业,10.67473545,10.46335455,10.67473545,10.42107837,13054979,194556543.77,1.362,-2.1094,958515345.0,10029285896.35057,2026-07-14
2022-08-24,sh.603027,千禾味业,10.46335455,10.16037526,10.47040058,10.13923717,12969860,188964957.48,1.3531,-2.8956,958529303.0,9739017416.186245,2026-07-14
2022-08-25,sh.603027,千禾味业,10.20265144,10.3576641,10.39994028,10.1462832,9542556,139140111.14,0.9955,1.9417,958569161.0,9928537386.256819,2026-07-14
2022-08-26,sh.603027,千禾味业,10.33652601,10.4985847,10.69587354,10.30834189,13919291,208128125.91,1.4521,1.3605,958562840.0,10063553166.012548,2026-07-14
2022-08-29,sh.603027,千禾味业,10.36471013,10.61132118,10.65359736,10.32243395,9947817,149311045.7,1.0378,1.0738,958548564.0,10171466679.231785,2026-07-14
2022-08-30,sh.603027,千禾味业,10.71701163,10.83679414,10.90020841,10.61132118,19157914,293061777.9,1.9987,2.1248,958518737.0,10387270232.201801,2026-07-14
2022-08-31,sh.603027,千禾味业,10.8508862,10.96362268,11.12568137,10.7804259,19810684,308755800.27,2.0668,1.1704,958519644.0,10508847708.183926,2026-07-14
2022-09-01,sh.603027,千禾味业,10.9213465,10.78747193,11.0622671,10.75224178,13104715,202134564.46,1.3672,-1.6067,958507534.0,10339873117.718521,2026-07-14
2022-09-02,sh.603027,千禾味业,10.76633384,10.69587354,10.86497826,10.59722912,9971308,151338100.82,1.0403,-0.8491,958503124.0,10252028201.998938,2026-07-14
2022-09-05,sh.603027,千禾味业,10.70291957,10.4281244,10.70291957,10.30129586,12784177,188992578.83,1.3337,-2.5033,958549674.0,9995875244.051445,2026-07-14
2022-09-06,sh.603027,千禾味业,10.4281244,10.48449264,10.48449264,10.34357204,7825524,115635132.3,0.8164,0.5405,958540421.0,10049809989.117,2026-07-14
2022-09-07,sh.603027,千禾味业,10.4281244,10.34357204,10.45630852,10.30834189,9708451,142691900.29,1.0128,-1.3441,958575336.0,9915093043.683205,2026-07-14
2022-09-08,sh.603027,千禾味业,10.34357204,10.27311174,10.42107837,10.23788159,7686489,112572336.86,0.8019,-0.6812,958534605.0,9847133103.821762,2026-07-14
2022-09-09,sh.603027,千禾味业,10.25197365,10.40698631,10.4281244,10.18151335,9277920,136302418.64,0.9679,1.3032,958561835.0,9975739894.13348,2026-07-14
2022-09-13,sh.603027,千禾味业,10.4281244,10.4281244,10.51267676,10.39994028,9827320,145710228.19,1.0252,0.2031,958575888.0,9996148606.904467,2026-07-14
2022-09-14,sh.603027,千禾味业,10.26606571,10.34357204,10.37880219,10.23083556,7516838,109926655.55,0.7842,-0.8108,958535833.0,9914684441.55691,2026-07-14
2022-09-15,sh.603027,千禾味业,10.39289425,10.43517043,10.6395053,10.2872038,15775441,234393906.67,1.6458,0.8856,958527221.0,10002394912.929274,2026-07-14
2022-09-16,sh.603027,千禾味业,10.38584822,10.01240863,10.569045,9.94899436,16714832,242305221.43,1.7438,-4.0513,958529189.0,9597185924.0505,2026-07-14
2022-09-19,sh.603027,千禾味业,9.85739597,10.06173084,10.13219114,9.62487698,11251809,158405644.48,1.1739,0.4926,958498083.0,9644149721.80198,2026-07-14
2022-09-20,sh.603027,千禾味业,10.09696099,10.22378953,10.29424983,10.01945466,10697791,154418160.49,1.1161,1.6106,958497536.0,9799477073.087597,2026-07-14
2022-09-21,sh.603027,千禾味业,10.19560541,10.03354672,10.19560541,9.89967215,8212968,116847644.62,0.8568,-1.8608,958563025.0,9617786895.402029,2026-07-14
2022-09-22,sh.603027,千禾味业,10.0053626,9.84330391,10.05468481,9.82921185,7694882,108142832.33,0.8028,-1.8961,958505481.0,9434860748.88373,2026-07-14
2022-09-23,sh.603027,千禾味业,9.864442,9.68829125,9.90671818,9.5826008,8811093,121878535.55,0.9192,-1.5748,958561031.0,9286818449.22828,2026-07-14
2022-09-26,sh.603027,千禾味业,9.864442,9.80807376,10.0053626,9.74465949,10640087,149254184.27,1.11,1.2364,958566396.0,9401689915.825369,2026-07-14
2022-09-27,sh.603027,千禾味业,9.85034994,10.59722912,10.63245927,9.80807376,28923659,423884743.81,3.0175,8.046,958530539.0,10157767740.300095,2026-07-14
2022-09-28,sh.603027,千禾味业,10.61836721,10.6395053,10.9213465,10.51267676,32483698,496577411.28,3.3889,0.3989,958532208.0,10198308507.236702,2026-07-14
2022-09-29,sh.603027,千禾味业,11.06931313,10.73110369,11.17500358,10.61132118,28124710,436123979.01,2.9341,0.8609,958546403.0,10286260842.269527,2026-07-14
2022-09-30,sh.603027,千禾味业,10.8508862,10.62541324,10.97771474,10.54086088,18492816,281625290.6,1.9293,-0.9849,958524646.0,10184720464.474714,2026-07-14
2022-10-10,sh.603027,千禾味业,11.68936377,11.68936377,11.68936377,11.5554892,55814424,925804528.19,5.8229,10.0133,958533102.0,11204642114.864515,2026-07-14
2022-10-11,sh.603027,千禾味业,11.73163995,11.90074467,12.49965722,11.23137182,109724699,1846575312.88,11.4471,1.8083,958537088.0,11407305141.01332,2026-07-14
2022-10-12,sh.603027,千禾味业,11.74573201,12.02052718,12.13326366,11.43570669,67212972,1133966274.67,7.012,1.0065,958542099.0,11522181354.20375,2026-07-14
2022-10-13,sh.603027,千禾味业,11.9077907,11.80914628,12.07689542,11.65413362,42197271,709905833.71,4.4023,-1.7585,958527838.0,11319395452.394142,2026-07-14
2022-10-14,sh.603027,千禾味业,11.7668701,11.72459392,11.9077907,11.5554892,36583242,610050296.51,3.8166,-0.716,958529634.0,11238370718.936226,2026-07-14
2022-10-17,sh.603027,千禾味业,11.59071935,11.61890347,11.72459392,11.35115433,28350270,464778107.32,2.9577,-0.9014,958524191.0,11137000048.888842,2026-07-14
2022-10-18,sh.603027,千禾味业,11.59776538,11.61890347,11.95006688,11.49912096,30504047,505357900.97,3.1823,0.0,958553468.0,11137340215.525734,2026-07-14
2022-10-19,sh.603027,千禾味业,11.61890347,11.21727976,11.64708759,11.21727976,25199187,405563852.37,2.6289,-3.4566,958544905.0,10752266361.907623,2026-07-14
2022-10-20,sh.603027,千禾味业,11.17500358,11.2031877,11.42161463,11.08340519,23346867,373857355.56,2.4357,-0.1256,958528021.0,10738569334.972542,2026-07-14
2022-10-21,sh.603027,千禾味业,11.09045122,11.0622671,11.30887815,10.9918068,16019997,252351766.03,1.6713,-1.2579,958535092.0,10603571212.427073,2026-07-14
2022-10-24,sh.603027,千禾味业,11.09749725,10.89316238,11.273648,10.82974811,20948435,327733919.85,2.1855,-1.5287,958519103.0,10441304233.310946,2026-07-14
2022-10-25,sh.603027,千禾味业,10.7804259,10.81565605,10.95657665,10.63245927,17761384,272227592.06,1.853,-0.7115,958520453.0,10367027536.53819,2026-07-14
2022-10-26,sh.603027,千禾味业,10.8508862,11.1327274,11.30183212,10.8508862,24003135,379196726.04,2.5041,2.9316,958553372.0,10671313388.826794,2026-07-14
2022-10-27,sh.603027,千禾味业,11.14681946,11.21727976,11.35115433,10.9213465,20859261,331312621.91,2.1762,0.7595,958517645.0,10751960578.861366,2026-07-14
2022-10-28,sh.603027,千禾味业,11.13977343,10.83679414,11.35820036,10.76633384,25738870,402490914.88,2.6852,-3.392,958545732.0,10387562771.45961,2026-07-14
2022-10-31,sh.603027,千禾味业,10.76633384,10.9918068,11.21727976,10.68178148,15027333,234879095.9,1.5677,1.4304,958559227.0,10536297829.541344,2026-07-14
2022-11-01,sh.603027,千禾味业,11.0622671,11.54844317,11.5554892,10.97771474,25210498,405364988.53,2.6301,5.0641,958537622.0,11069617253.973942,2026-07-14
2022-11-02,sh.603027,千禾味业,11.53435111,11.83028437,11.9077907,11.4145686,29139127,484866042.02,3.04,2.4405,958523914.0,11339610478.065424,2026-07-14
2022-11-03,sh.603027,千禾味业,11.68231774,12.00643512,12.16144778,11.65413362,25501691,432309573.75,2.6605,1.489,958530013.0,11508528411.657257,2026-07-14
2022-11-04,sh.603027,千禾味业,11.978251,12.4714731,12.682854,11.92892879,30848223,544663256.36,3.2183,3.8732,958525402.0,11954223766.709686,2026-07-14
2022-11-07,sh.603027,千禾味业,12.44328898,12.35169059,12.59125561,12.24600014,20221819,354756340.92,2.1097,-0.9605,958516329.0,11839297121.270645,2026-07-14
2022-11-08,sh.603027,千禾味业,12.33759853,12.41510486,12.64762385,12.27418426,17615946,310830722.65,1.8378,0.5134,958534443.0,11900305621.766693,2026-07-14
2022-11-09,sh.603027,千禾味业,12.42919692,12.16144778,12.55602546,12.14030969,14303125,248893852.74,1.4922,-2.0431,958526002.0,11657063919.095175,2026-07-14
2022-11-10,sh.603027,千禾味业,12.02052718,12.24600014,12.30236838,11.98529703,17826240,307513498.94,1.8597,0.6952,958554606.0,11738459839.273643,2026-07-14
2022-11-11,sh.603027,千禾味业,12.57716355,12.21781602,12.7533143,12.17553984,17379256,306137606.95,1.8131,-0.2301,958538194.0,11711243302.435068,2026-07-14
2022-11-14,sh.603027,千禾味业,12.23190808,12.27418426,12.5419334,12.21781602,19620970,345000746.83,2.047,0.4614,958523205.0,11765090435.655754,2026-07-14
2022-11-15,sh.603027,千禾味业,12.29532235,12.4010128,12.45738104,12.14735572,14443306,252415339.53,1.5068,1.0333,958541678.0,11886887618.21148,2026-07-14
2022-11-16,sh.603027,千禾味业,12.65466988,13.09856977,13.387457,12.58420958,35674709,662980285.31,3.7218,5.625,958533747.0,12555421161.979027,2026-07-14
2022-11-17,sh.603027,千禾味业,13.05629359,13.50723951,13.64111408,12.97174123,28819253,548388708.25,3.0066,3.12,958532994.0,12947134728.195393,2026-07-14
2022-11-18,sh.603027,千禾味业,13.50723951,13.21130625,13.57065378,13.14084595,17936694,338647607.99,1.8713,-2.1909,958515150.0,12663237191.914688,2026-07-14
2022-11-21,sh.603027,千禾味业,13.1056158,12.84491269,13.21835228,12.76036033,20545781,375668999.38,2.1434,-2.7733,958560278.0,12312623079.012127,2026-07-14
2022-11-22,sh.603027,千禾味业,12.77445239,12.67580797,12.92946505,12.6123937,13181082,238573795.4,1.3751,-1.3165,958554432.0,12150451908.824423,2026-07-14
2022-11-23,sh.603027,千禾味业,12.682854,12.6123937,12.80968254,12.49965722,13064813,234323157.32,1.363,-0.5003,958533602.0,12089403163.103107,2026-07-14
2022-11-24,sh.603027,千禾味业,12.64762385,12.71103812,12.91537299,12.57716355,14120589,255152601.65,1.4731,0.7821,958562827.0,12184328634.411964,2026-07-14
2022-11-25,sh.603027,千禾味业,12.71103812,12.63353179,12.78854445,12.47851913,8560168,153318838.06,0.893,-0.6098,958585442.0,12110319654.9382,2026-07-14
2022-11-28,sh.603027,千禾味业,12.43624295,13.02810947,13.02810947,12.27418426,21206185,382477526.5,2.2123,3.1233,958558288.0,12488202309.439787,2026-07-14
2022-11-29,sh.603027,千禾味业,12.98583329,13.22539831,13.29585861,12.8942349,18204247,339629708.96,1.8992,1.5143,958521851.0,12676833268.31347,2026-07-14
2022-11-30,sh.603027,千禾味业,13.16198404,13.23244434,13.387457,13.0351555,14567753,273944125.13,1.5198,0.0533,958530925.0,12683707113.231215,2026-07-14
2022-12-01,sh.603027,千禾味业,13.387457,13.06333962,13.72566644,12.9646952,28191863,531976339.16,2.9411,-1.278,958548264.0,12521841514.79342,2026-07-14
2022-12-02,sh.603027,千禾味业,13.7397585,14.36685517,14.36685517,13.69043629,48511072,975205552.68,5.0609,9.9784,958546346.0,13771296526.714708,2026-07-14
2022-12-05,sh.603027,千禾味业,14.05682985,14.4443615,14.6557424,14.04978382,34929885,712671871.51,3.6441,0.5395,958532559.0,13845390791.716078,2026-07-14
2022-12-06,sh.603027,千禾味业,14.42322341,14.74029476,15.1489645,14.34571708,29354781,618823619.73,3.0625,2.0488,958523461.0,14128918349.515364,2026-07-14
2022-12-07,sh.603027,千禾味业,14.7262027,14.83893918,14.99395184,14.48663768,25047254,524426094.56,2.6131,0.6692,958526425.0,14223515322.997831,2026-07-14
2022-12-08,sh.603027,千禾味业,14.80370903,14.74029476,14.99395184,14.5852821,15600615,326896167.96,1.6275,-0.6648,958563134.0,14129503141.229378,2026-07-14
2022-12-09,sh.603027,千禾味业,14.59232813,14.97985978,15.01508993,14.3739012,18709789,390551007.07,1.9519,1.6252,958542395.0,14358830670.285374,2026-07-14
2022-12-12,sh.603027,千禾味业,14.93053757,14.78257094,15.4308057,14.67688049,18616358,394033916.0,1.9422,-1.317,958519102.0,14169376622.660095,2026-07-14
2022-12-13,sh.603027,千禾味业,14.7262027,15.02918199,15.24760892,14.55005195,16687619,354793852.46,1.7409,1.6683,958562755.0,14406414093.730782,2026-07-14
2022-12-14,sh.603027,千禾味业,14.8671233,15.22647083,15.3603454,14.796663,15934686,342641986.62,1.6624,1.3127,958535010.0,14595105369.29876,2026-07-14
2022-12-15,sh.603027,千禾味业,15.15601053,14.93053757,15.27579304,14.8671233,11851744,252765868.14,1.2364,-1.9435,958568748.0,14311946705.441862,2026-07-14
2022-12-16,sh.603027,千禾味业,14.76143285,15.02213596,15.25465495,14.7262027,12897050,275477046.23,1.3455,0.6135,958532144.0,14399200189.198298,2026-07-14
2022-12-19,sh.603027,千禾味业,15.17714862,14.95167566,15.25465495,14.796663,12459247,265135448.76,1.2998,-0.469,958551085.0,14331944926.46109,2026-07-14
2022-12-20,sh.603027,千禾味业,15.06441214,14.6557424,15.0785042,14.55005195,14726072,307220605.47,1.5363,-1.9793,958541431.0,14048136292.463373,2026-07-14
2022-12-21,sh.603027,千禾味业,14.66278843,14.69801858,14.85303124,14.47959165,13381754,278342762.84,1.3961,0.2885,958509706.0,14088193467.898336,2026-07-14
2022-12-22,sh.603027,千禾味业,14.84598521,14.82484712,15.18419465,14.66983446,15305162,324524651.78,1.5967,0.8629,958549634.0,14210351780.981953,2026-07-14
2022-12-23,sh.603027,千禾味业,14.76847888,14.76143285,14.97985978,14.6557424,10486188,220798430.92,1.094,-0.4278,958518099.0,14149100553.898153,2026-07-14
2022-12-26,sh.603027,千禾味业,14.73324873,14.74029476,15.08555023,14.64165034,8693792,182947590.03,0.907,-0.1432,958521720.0,14128892686.662186,2026-07-14
2022-12-27,sh.603027,千禾味业,14.74029476,15.05736611,15.21237877,14.7262027,11676725,248148915.89,1.2182,2.1511,958522821.0,14432829040.586996,2026-07-14
2022-12-28,sh.603027,千禾味业,15.07145817,14.52891386,15.07145817,14.4443615,19654134,407026498.9,2.0504,-3.5096,958551210.0,13926707960.48877,2026-07-14
2022-12-29,sh.603027,千禾味业,14.4443615,14.62755828,14.796663,14.3739012,12735709,264312570.24,1.3287,0.679,958508994.0,14020646171.639172,2026-07-14
2022-12-30,sh.603027,千禾味业,14.77552491,14.64165034,14.81780109,14.22593457,18944058,390468511.84,1.9763,0.0963,958561858.0,14034927554.096731,2026-07-14
2023-01-03,sh.603027,千禾味业,14.93053757,13.98636955,14.99395184,13.83840292,32492836,653985448.49,3.3898,-4.4755,958547289.0,13406596615.104649,2026-07-14
2023-01-04,sh.603027,千禾味业,13.9511394,14.00750764,14.1625203,13.85954101,17998134,357832871.82,1.8777,0.1511,958520211.0,13426479178.676912,2026-07-14
2023-01-05,sh.603027,千禾味业,14.05682985,14.35276311,14.57823607,13.9511394,15729782,320358864.63,1.641,2.4648,958548568.0,13757820525.933725,2026-07-14
2023-01-06,sh.603027,千禾味业,14.29639487,14.43026944,14.49368371,14.21184251,10123672,206309976.4,1.0562,0.54,958499527.0,13831406432.722555,2026-07-14
2023-01-09,sh.603027,千禾味业,14.4443615,14.63460431,14.80370903,14.36685517,10809463,223843132.21,1.1277,1.416,958540658.0,14027863244.877037,2026-07-14
2023-01-10,sh.603027,千禾味业,14.57119004,14.90235345,15.01508993,14.55709798,10438537,220280362.51,1.089,1.8296,958543343.0,14284551694.530582,2026-07-14
2023-01-11,sh.603027,千禾味业,14.90235345,14.90939948,14.99395184,14.59937416,8965534,189006639.77,0.9353,0.0473,958573078.0,14291748950.6752,2026-07-14
2023-01-12,sh.603027,千禾味业,14.796663,14.56414401,15.05032008,14.55709798,8405300,175550220.42,0.8769,-2.3157,958524347.0,13960086626.799212,2026-07-14
2023-01-13,sh.603027,千禾味业,14.57119004,15.55058821,15.69150881,14.57119004,23423167,507695492.99,2.4436,6.7731,958551604.0,14906041271.83899,2026-07-14
2023-01-16,sh.603027,千禾味业,15.55058821,15.38852952,15.86765956,15.36739143,15254489,337475581.71,1.5914,-1.0421,958557811.0,14750795171.20008,2026-07-14
2023-01-17,sh.603027,千禾味业,15.39557555,15.21237877,15.45898982,15.11373435,9426198,203817887.09,0.9834,-1.1447,958531422.0,14581543054.410711,2026-07-14
2023-01-18,sh.603027,千禾味业,15.21237877,15.05736611,15.39557555,15.02918199,9421500,202891131.45,0.9829,-1.019,958541052.0,14433103551.428549,2026-07-14
2023-01-19,sh.603027,千禾味业,14.98690581,15.96630398,16.2763293,14.88121536,24439228,543345404.12,2.5496,6.0365,958551459.0,15304523974.866507,2026-07-14
2023-01-20,sh.603027,千禾味业,15.97335001,15.75492308,16.49475623,15.69855484,17665734,401972853.37,1.843,-1.3239,958531416.0,15101588728.843481,2026-07-14
2023-01-30,sh.603027,千禾味业,15.76901514,15.53649615,16.08608649,15.42375967,18335629,407635763.93,1.9129,-1.3864,958525223.0,14892123436.81739,2026-07-14
2023-01-31,sh.603027,千禾味业,16.03676428,15.79719926,16.81182758,15.74083102,36337294,834563889.75,3.7909,1.678,958540030.0,15142247852.596376,2026-07-14
2023-02-01,sh.603027,千禾味业,15.88879765,15.98039604,16.24109915,15.7126469,15546220,352325477.93,1.6219,1.1597,958519021.0,15317513567.453077,2026-07-14
2023-02-02,sh.603027,千禾味业,16.19882297,16.32565151,16.45248005,15.82538338,18152428,417459863.61,1.8938,2.1605,958518745.0,15648442996.672556,2026-07-14
2023-02-03,sh.603027,千禾味业,16.31155945,16.18473091,16.3467896,15.76196911,14591679,333043912.93,1.5223,-0.8632,958528477.0,15513525469.817123,2026-07-14
2023-02-06,sh.603027,千禾味业,16.05790237,15.93107383,16.2763293,15.87470559,10020859,227349606.15,1.0454,-1.5673,958566960.0,15271001010.758657,2026-07-14
2023-02-07,sh.603027,千禾味业,16.02267222,15.73378499,16.17063885,15.5717263,10446382,233970502.77,1.0898,-1.2384,958559552.0,15081769891.278725,2026-07-14
2023-02-08,sh.603027,千禾味业,15.81833735,15.8535675,15.98039604,15.67741675,9122364,205405824.09,0.9517,0.7613,958533572.0,15196176684.718111,2026-07-14
2023-02-09,sh.603027,千禾味业,15.76901514,16.21996106,16.37497372,15.7126469,11688724,267855087.82,1.2194,2.3111,958563556.0,15547863551.85513,2026-07-14
2023-02-10,sh.603027,千禾味业,16.21996106,16.4877102,16.61453874,16.10722458,11358859,264143689.07,1.185,1.6507,958553502.0,15804352352.17112,2026-07-14
2023-02-13,sh.603027,千禾味业,16.47361814,16.99502436,17.10776084,16.45248005,17091045,410297472.68,1.783,3.0769,958555524.0,16290674480.792562,2026-07-14
2023-02-14,sh.603027,千禾味业,17.05843863,17.28391159,17.36846395,16.93161009,13693326,333076064.26,1.4286,1.6998,958513650.0,16566865184.408203,2026-07-14
2023-02-15,sh.603027,千禾味业,17.21345129,17.1923132,17.46006234,17.11480687,11281985,276174961.92,1.177,-0.53,958537383.0,16479474902.444357,2026-07-14
2023-02-16,sh.603027,千禾味业,17.13594496,17.21345129,17.69258133,17.08662275,14821132,366256154.68,1.5462,0.123,958552063.0,16499989245.379509,2026-07-14
2023-02-17,sh.603027,千禾味业,17.21345129,17.9673765,18.15057328,17.19935923,24704369,626519347.16,2.5773,4.3799,958536802.0,17222391610.639954,2026-07-14
2023-02-20,sh.603027,千禾味业,17.98851459,17.9673765,18.40423036,17.74190354,18429907,472062008.68,1.9227,0.0,958543038.0,17222503655.199806,2026-07-14
2023-02-21,sh.603027,千禾味业,17.81236384,18.1787574,18.27035579,17.74190354,13536874,346289708.62,1.4122,1.1765,958566350.0,17425545128.453487,2026-07-14
2023-02-22,sh.603027,千禾味业,18.04488283,17.74190354,18.24217167,17.6855353,14321361,364140861.45,1.4941,-2.4031,958527609.0,17006104379.304834,2026-07-14
2023-02-23,sh.603027,千禾味业,17.69258133,17.86168605,17.99556062,17.66439721,10270133,259535376.95,1.0714,0.6751,958571309.0,17121699777.895538,2026-07-14
2023-02-24,sh.603027,千禾味业,17.8264559,17.50233852,17.8264559,17.1923132,21062534,521224332.72,2.1974,-2.0118,958520706.0,16776353874.841394,2026-07-14
2023-02-27,sh.603027,千禾味业,17.31914174,17.62212103,17.81236384,17.14299099,12508012,310958441.92,1.3049,0.6844,958541804.0,16891539682.402536,2026-07-14
2023-02-28,sh.603027,千禾味业,17.71371942,17.4741544,17.8264559,17.34732586,10384903,258185536.35,1.0834,-0.8397,958547443.0,16749806018.7072,2026-07-14
2023-03-01,sh.603027,千禾味业,17.48120043,17.57279882,17.69962736,17.2627735,12147750,301403087.93,1.2673,0.5645,958553618.0,16844469887.29713,2026-07-14
2023-03-02,sh.603027,千禾味业,17.57279882,18.13648122,18.19989549,17.46006234,17499199,444888352.93,1.8256,3.2077,958545081.0,17384634860.07988,2026-07-14
2023-03-03,sh.603027,千禾味业,17.9673765,17.43187822,18.10125107,17.4036941,18033746,450201407.65,1.8814,-3.885,958528011.0,16708943558.210821,2026-07-14
2023-03-06,sh.603027,千禾味业,17.43892425,17.78417972,17.99556062,17.26981953,14610946,366934900.08,1.5243,2.021,958534803.0,17046755204.426796,2026-07-14
2023-03-07,sh.603027,千禾味业,17.69258133,17.38255601,17.79122575,17.36846395,8228794,204541486.78,0.8585,-2.2583,958508328.0,16661324697.51145,2026-07-14
2023-03-08,sh.603027,千禾味业,17.27686556,17.16412908,17.4036941,17.03730054,10724685,261373146.56,1.1189,-1.2566,958502547.0,16451861440.216766,2026-07-14
2023-03-09,sh.603027,千禾味业,17.23458938,17.11480687,17.38255601,16.9809323,9372604,228783192.72,0.9778,-0.2874,958539988.0,16405226771.792116,2026-07-14
2023-03-10,sh.603027,千禾味业,17.00911642,16.90342597,17.20640526,16.85410376,8414406,202664684.03,0.8778,-1.2351,958578947.0,16203268267.015055,2026-07-14
2023-03-13,sh.603027,千禾味业,16.87524185,17.67144324,17.8264559,16.83296567,14450854,359149567.53,1.5076,4.5436,958533696.0,16938673802.491413,2026-07-14
2023-03-14,sh.603027,千禾味业,17.615075,17.31914174,17.69962736,17.13594496,10370919,255186658.67,1.082,-1.9936,958495287.0,16600315732.674978,2026-07-14
2023-03-15,sh.603027,千禾味业,17.3332338,17.12889893,17.53756867,17.03025451,8072994,197861366.62,0.8422,-1.0985,958560199.0,16419080766.991686,2026-07-14
2023-03-16,sh.603027,千禾味业,17.1218529,16.910472,17.13594496,16.76250537,8064665,193652447.65,0.8414,-1.2752,958481697.0,16208377899.630983,2026-07-14
2023-03-17,sh.603027,千禾味业,17.09366878,16.4877102,17.15708305,16.39611181,19881877,467723278.92,2.0742,-2.5,958532302.0,15804002812.71488,2026-07-14
2023-03-20,sh.603027,千禾味业,16.4877102,15.84652147,16.54407844,15.76901514,27822769,629854672.69,2.9026,-3.8889,958546441.0,15189626757.29859,2026-07-14
2023-03-21,sh.603027,千禾味业,15.95925795,16.2763293,16.45248005,15.86061353,14024765,323549633.33,1.4631,2.7123,958565033.0,15601920132.573368,2026-07-14
2023-03-22,sh.603027,千禾味业,16.33974357,16.11427061,16.58635462,15.9944881,11922796,274484509.8,1.2439,-0.9957,958501166.0,15445547168.92453,2026-07-14
2023-03-23,sh.603027,千禾味业,16.02971825,16.24109915,16.4877102,16.00153413,11176057,258633383.33,1.1659,0.7871,958577665.0,15568354900.240484,2026-07-14
2023-03-24,sh.603027,千禾味业,16.24109915,16.29746739,16.75545934,16.21996106,9478206,221704434.23,0.9888,0.3471,958556432.0,15622042191.994753,2026-07-14
2023-03-27,sh.603027,千禾味业,16.19177694,16.02267222,16.32565151,16.02267222,9189750,210422048.22,0.9587,-1.6861,958563680.0,15358751646.63697,2026-07-14
2023-03-28,sh.603027,千禾味业,16.05085634,16.33269754,16.60749271,16.01562619,10236931,237516027.28,1.068,1.9349,958514139.0,15655121520.10052,2026-07-14
2023-03-29,sh.603027,千禾味业,16.33974357,16.50884829,16.88933391,16.33974357,11305819,265707456.67,1.1795,1.0785,958526409.0,15824167068.13949,2026-07-14
2023-03-30,sh.603027,千禾味业,16.51589432,16.57226256,16.66386095,16.31155945,8038532,188018630.12,0.8386,0.3841,958565705.0,15885602544.271503,2026-07-14
2023-03-31,sh.603027,千禾味业,16.57226256,16.86819582,17.0513926,16.53703241,10226128,244570044.19,1.0668,1.7857,958579678.0,16169509717.576546,2026-07-14
2023-04-03,sh.603027,千禾味业,16.96684024,16.67795301,17.1923132,16.6286308,13695971,327186364.43,1.4288,-1.1278,958564600.0,15986895355.849445,2026-07-14
2023-04-04,sh.603027,千禾味业,16.68499904,16.86819582,16.97388627,16.47361814,12243625,291435000.95,1.2773,1.1407,958555155.0,16169096058.810453,2026-07-14
2023-04-06,sh.603027,千禾味业,16.79068949,15.67037072,16.82591964,15.32511525,27662169,622254117.35,2.8859,-7.1011,958528327.0,15020494229.711386,2026-07-14
2023-04-07,sh.603027,千禾味业,15.501266,16.00153413,16.24814518,15.501266,16503433,374524750.7,1.7217,2.1133,958554510.0,15338342707.230427,2026-07-14
2023-04-10,sh.603027,千禾味业,16.52294035,16.22700709,16.87524185,16.04381031,24384126,566011927.61,2.5439,1.4091,958533197.0,15554124983.719368,2026-07-14
2023-04-11,sh.603027,千禾味业,16.26928327,15.97335001,16.43134196,15.90993574,14135313,322692223.77,1.4747,-1.5632,958521259.0,15310795562.032864,2026-07-14
2023-04-12,sh.603027,千禾味业,16.11427061,15.50831203,16.12836267,15.39557555,17666981,391258442.24,1.8431,-2.9113,958547067.0,14865447010.477316,2026-07-14
2023-04-13,sh.603027,千禾味业,15.53649615,15.69855484,15.8535675,15.2898851,11333960,251817054.47,1.1824,1.2267,958555480.0,15047935769.962523,2026-07-14
2023-04-14,sh.603027,千禾味业,15.7831072,15.87470559,15.9944881,15.57877233,12339694,278001471.25,1.2873,1.1221,958571739.0,15217044143.519321,2026-07-14
2023-04-17,sh.603027,千禾味业,15.89584368,16.08608649,16.28337533,15.74787705,11900312,271880697.3,1.2415,1.3316,958543053.0,15419206454.946653,2026-07-14
2023-04-18,sh.603027,千禾味业,16.12131664,16.24814518,16.43134196,15.86061353,11481624,264415701.41,1.1978,1.0074,958559359.0,15574811628.67974,2026-07-14
2023-04-19,sh.603027,千禾味业,16.17768488,15.94516589,16.28337533,15.82538338,9546898,216396742.57,0.996,-1.8647,958523896.0,15283822531.249107,2026-07-14
2023-04-20,sh.603027,千禾味业,15.93811986,15.74787705,16.09313252,15.66332469,7258040,163289381.02,0.7572,-1.2373,958536714.0,15094918319.983013,2026-07-14
2023-04-21,sh.603027,千禾味业,15.88879765,15.79015323,15.9944881,15.57877233,8755805,196947520.63,0.9135,0.2685,958489874.0,15134701979.863392,2026-07-14
2023-04-24,sh.603027,千禾味业,15.74787705,15.83242941,15.86765956,15.54354218,9492514,211575506.29,0.9903,0.2677,958549328.0,15176164571.562937,2026-07-14
2023-04-25,sh.603027,千禾味业,15.6421866,16.26928327,16.43838799,15.61400248,17204712,393216031.29,1.7949,2.7592,958533177.0,15594647780.306047,2026-07-14
2023-04-26,sh.603027,千禾味业,16.29042136,16.23405312,16.33974357,15.9240278,13240048,303117570.39,1.3813,-0.2165,958520814.0,15560677811.101639,2026-07-14
2023-04-27,sh.603027,千禾味业,16.16359282,16.52294035,16.71318316,16.12836267,11065779,259351238.46,1.1544,1.7795,958574064.0,15838462080.529081,2026-07-14
2023-04-28,sh.603027,千禾味业,16.68499904,16.74136728,17.03730054,16.38906578,13955305,329823334.64,1.4559,1.322,958534583.0,16047179504.584642,2026-07-14
2023-05-04,sh.603027,千禾味业,17.62212103,18.3901383,18.41832242,17.62212103,38030018,981524513.64,3.9675,9.8485,958538576.0,17627656978.525063,2026-07-14
2023-05-05,sh.603027,千禾味业,18.42536845,18.01669871,18.48878272,17.8264559,20012798,512834214.08,2.0878,-2.0307,958559153.0,17270071455.313793,2026-07-14
2023-05-08,sh.603027,千禾味业,18.06602092,17.63621309,18.19284946,17.46006234,15190432,381604815.0,1.5847,-2.1118,958568309.0,16905514958.844963,2026-07-14
2023-05-09,sh.603027,千禾味业,17.615075,17.31209571,17.7559956,17.26981953,10677166,264549057.06,1.1139,-1.8378,958539007.0,16594319030.952362,2026-07-14
2023-05-10,sh.603027,千禾味业,17.23458938,17.21345129,17.36846395,17.04434657,8825669,214954720.15,0.9207,-0.5698,958582492.0,16500513033.488813,2026-07-14
2023-05-11,sh.603027,千禾味业,17.24163541,17.04434657,17.37550998,16.91751803,8686250,210455043.92,0.9062,-0.9824,958535643.0,16337613698.989794,2026-07-14
2023-05-12,sh.603027,千禾味业,17.05843863,16.82591964,17.24868144,16.81182758,5563278,134097496.61,0.5804,-1.2815,958524810.0,16128061426.006268,2026-07-14
2023-05-15,sh.603027,千禾味业,16.95274818,16.93161009,16.95979421,16.65681492,6438729,153805193.88,0.6717,0.6281,958572130.0,16230169548.30079,2026-07-14
2023-05-16,sh.603027,千禾味业,16.99502436,16.45248005,16.99502436,16.39611181,10260637,241729634.2,1.0704,-2.8298,958579690.0,15771013226.060183,2026-07-14
2023-05-17,sh.603027,千禾味业,16.4172499,15.87470559,16.45248005,15.79015323,16788113,381093698.37,1.7514,-3.5118,958553900.0,15216760954.646301,2026-07-14
2023-05-18,sh.603027,千禾味业,15.83947544,15.61400248,15.93811986,15.48717394,13565990,300963203.22,1.4153,-1.6423,958523988.0,14966395925.77149,2026-07-14
2023-05-19,sh.603027,千禾味业,15.51535806,15.83947544,16.0649484,15.38852952,11964904,268805349.08,1.2482,1.444,958572665.0,15183288184.722847,2026-07-14
2023-05-22,sh.603027,千禾味业,15.86061353,16.05790237,16.22700709,15.61400248,13025477,295698095.58,1.3589,1.379,958530944.0,15391996317.375938,2026-07-14
2023-05-23,sh.603027,千禾味业,16.0649484,15.93107383,16.205869,15.90993574,8396012,191016918.0,0.8759,-0.7898,958558283.0,15270862776.831034,2026-07-14
2023-05-24,sh.603027,千禾味业,15.89584368,15.41671364,15.90993574,15.39557555,10967284,242358508.43,1.1442,-3.2287,958511099.0,14777091134.04469,2026-07-14
2023-05-25,sh.603027,千禾味业,15.3603454,15.31806922,15.44489776,15.10668832,9543212,206600099.26,0.9956,-0.6399,958538771.0,14682963244.231728,2026-07-14
2023-05-26,sh.603027,千禾味业,15.28283907,15.35329937,15.49421997,15.17010259,5878164,127984369.89,0.6132,0.23,958604697.0,14717744890.52914,2026-07-14
2023-05-29,sh.603027,千禾味业,15.4308057,14.81780109,15.4308057,14.5852821,17604643,370581197.14,1.8366,-3.4878,958545301.0,14203533605.972178,2026-07-14
2023-05-30,sh.603027,千禾味业,14.83893918,14.92349154,14.98690581,14.64165034,9336929,196220991.96,0.9741,0.7133,958518530.0,14304443173.388237,2026-07-14
2023-05-31,sh.603027,千禾味业,14.8671233,14.796663,14.95872169,14.64165034,7427296,155763089.63,0.7749,-0.8499,958484450.0,14182371397.39035,2026-07-14
2023-06-01,sh.603027,千禾味业,14.70506461,14.8671233,15.12078038,14.69097255,8223313,174191146.5,0.8579,0.4762,958539807.0,14250729498.627203,2026-07-14
2023-06-02,sh.603027,千禾味业,15.0080439,14.98690581,15.1489645,14.76847888,9192914,195794609.95,0.9591,0.8057,958493796.0,14364856240.121355,2026-07-14
2023-06-05,sh.603027,千禾味业,14.98690581,14.52186783,15.0080439,14.46549959,17064232,353301816.6,1.7802,-3.103,958557016.0,13920038293.871195,2026-07-14
2023-06-06,sh.603027,千禾味业,14.48663768,14.53595989,14.75438682,14.43026944,9407392,195066633.4,0.9814,0.097,958568576.0,13933714372.550417,2026-07-14
2023-06-07,sh.603027,千禾味业,14.60642019,14.70506461,15.03622802,14.54300592,11395967,238612385.86,1.1889,1.1634,958530322.0,14095250315.654106,2026-07-14
2023-06-08,sh.603027,千禾味业,14.69801858,14.69097255,15.0080439,14.53595989,12776653,267113062.39,1.3329,-0.0958,958560507.0,14082186095.851082,2026-07-14
2023-06-09,sh.603027,千禾味业,14.60642019,14.50777577,14.7262027,14.33867105,10823370,222874927.3,1.1292,-1.247,958498937.0,13905687653.779356,2026-07-14
2023-06-12,sh.603027,千禾味业,14.45140753,14.83893918,15.02213596,14.27525678,13824908,287732975.94,1.4423,2.2827,958532067.0,14223599044.292686,2026-07-14
2023-06-13,sh.603027,千禾味业,14.76847888,14.8671233,15.09964229,14.76847888,9673830,205013450.24,1.0092,0.1899,958564209.0,14251092286.16997,2026-07-14
2023-06-14,sh.603027,千禾味业,14.85303124,15.12782641,15.25465495,14.81780109,9793588,210197870.44,1.0217,1.7536,958558089.0,14500900374.293331,2026-07-14
2023-06-15,sh.603027,千禾味业,15.12078038,15.52240409,15.55763424,15.0080439,13096229,285384562.71,1.3663,2.6083,958517822.0,14878500960.550692,2026-07-14
2023-06-16,sh.603027,千禾味业,15.60695645,15.25465495,15.61400248,15.1489645,9539615,207215859.81,0.9952,-1.7249,958562600.0,14622541710.97487,2026-07-14
2023-06-19,sh.603027,千禾味业,15.26874701,15.20533274,15.47308188,15.13487244,9263247,200550493.13,0.9664,-0.3233,958531353.0,14574788164.087397,2026-07-14
2023-06-20,sh.603027,千禾味业,15.21949737,15.0849369,15.32572932,15.04952625,7332756,156875936.83,0.765,-0.7918,958530196.0,14459367523.404633,2026-07-14
2023-06-21,sh.603027,千禾味业,14.98578708,14.80873383,15.21241524,14.8016517,9319537,196932268.01,0.9723,-1.831,958504268.0,14194234579.730986,2026-07-14
2023-06-26,sh.603027,千禾味业,14.66709123,14.62459845,14.77332318,14.43338094,8669630,178874088.2,0.9045,-1.2434,958499724.0,14017673577.93583,2026-07-14
2023-06-27,sh.603027,千禾味业,14.59626993,14.75207679,14.83706235,14.56085928,7971246,165609913.8,0.8316,0.8717,958543290.0,14140504220.61924,2026-07-14
2023-06-28,sh.603027,千禾味业,14.7308304,15.07077264,15.16992246,14.64584484,9285065,196064908.03,0.9687,2.1603,958507794.0,14445453037.041956,2026-07-14
2023-06-29,sh.603027,千禾味业,15.07077264,14.872473,15.13451181,14.7308304,7681487,161791040.53,0.8014,-1.3158,958508485.0,14255391563.433405,2026-07-14
2023-06-30,sh.603027,千禾味业,14.872473,14.95745856,15.09201903,14.74499466,7193182,151875704.52,0.7504,0.5714,958579691.0,14337916004.590105,2026-07-14
2023-07-03,sh.603027,千禾味业,15.04952625,15.25490802,15.3682221,14.91496578,8808598,188864433.0,0.919,1.9886,958498150.0,14621801115.590162,2026-07-14
2023-07-04,sh.603027,千禾味业,15.16992246,15.19116885,15.2974008,15.02827986,6280999,134381018.16,0.6553,-0.4178,958492141.0,14560615955.329008,2026-07-14
2023-07-05,sh.603027,千禾味业,15.19116885,14.75915892,15.2265795,14.70250188,7405232,155536982.68,0.7726,-2.8438,958482009.0,14146388292.791872,2026-07-14
2023-07-06,sh.603027,千禾味业,14.6600091,14.58210567,14.872473,14.48295585,7628241,157365928.02,0.7958,-1.1996,958562579.0,13977860818.285723,2026-07-14
2023-07-07,sh.603027,千禾味业,14.4475452,14.56085928,14.65292697,14.3767239,4827141,99166560.07,0.5036,-0.1457,958526807.0,13956973952.83472,2026-07-14
2023-07-10,sh.603027,千禾味业,14.64584484,14.53961289,14.68833762,14.41213455,4975247,102118362.83,0.519,-0.1459,958621773.0,13937989487.345455,2026-07-14
2023-07-11,sh.603027,千禾味业,14.56794141,14.43338094,14.62459845,14.28465621,6105778,124086956.1,0.637,-0.7306,958520879.0,13834696985.550646,2026-07-14
2023-07-12,sh.603027,千禾味业,14.55377715,15.02119773,15.55235748,14.53253076,24131188,511145322.64,2.5175,4.0726,958537756.0,14398385164.546495,2026-07-14
2023-07-13,sh.603027,千禾味业,15.00703347,15.12742968,15.41071488,14.80873383,14911038,318500682.63,1.5556,0.7072,958539342.0,14500236491.618471,2026-07-14
2023-07-14,sh.603027,千禾味业,15.16992246,15.33281145,15.49570044,15.09910116,15965408,345342070.01,1.6656,1.3577,958537944.0,14697081563.022657,2026-07-14
2023-07-17,sh.603027,千禾味业,15.18408672,14.13593148,15.18408672,13.85264628,28972946,580371944.02,3.0226,-7.806,958543836.0,13549909986.272358,2026-07-14
2023-07-18,sh.603027,千禾味业,14.0934387,13.36397931,14.13593148,13.27899375,29580194,565286885.93,3.086,-5.4609,958528645.0,12809756979.822334,2026-07-14
2023-07-19,sh.603027,千禾味业,13.30024014,13.1727618,13.37106144,13.05236559,15504498,288490813.66,1.6175,-1.4308,958547017.0,12626711529.04155,2026-07-14
2023-07-20,sh.603027,千禾味业,13.25066523,13.14443328,13.34273292,13.1019405,14695640,274373227.74,1.5331,-0.2151,958557172.0,12599690792.419483,2026-07-14
2023-07-21,sh.603027,千禾味业,13.14443328,13.51270404,13.69683942,13.12318689,16203501,308884873.75,1.6904,2.8017,958560163.0,12952739787.153158,2026-07-14
2023-07-24,sh.603027,千禾味业,13.456047,13.11610476,13.456047,13.08777624,13398127,249361175.3,1.3978,-2.935,958515310.0,12571987220.023876,2026-07-14
2023-07-25,sh.603027,千禾味业,13.25066523,13.37106144,13.55519682,13.15859754,13678527,258115033.16,1.427,1.9438,958551296.0,12816848272.207626,2026-07-14
2023-07-26,sh.603027,千禾味业,13.33565079,13.43480061,13.44896487,13.28607588,7676242,145006419.38,0.8008,0.4767,958571678.0,12878219364.323124,2026-07-14
2023-07-27,sh.603027,千禾味业,13.42063635,13.49145765,13.6685109,13.34981505,10960139,209511988.98,1.1434,0.4217,958556848.0,12932329119.909487,2026-07-14
2023-07-28,sh.603027,千禾味业,13.37106144,13.62601812,13.65434664,13.27899375,10894284,208080999.33,1.1366,0.9974,958497624.0,13060505992.600946,2026-07-14
2023-07-31,sh.603027,千禾味业,13.66142877,13.76057859,13.93763184,13.64018238,13558080,263444531.78,1.4145,0.9875,958506893.0,13189609430.18322,2026-07-14
2023-08-01,sh.603027,千禾味业,13.76057859,13.64726451,13.85264628,13.5976896,7727354,149615842.14,0.8062,-0.8235,958490945.0,13080779456.854862,2026-07-14
2023-08-02,sh.603027,千禾味业,13.59060747,13.55519682,13.69683942,13.50562191,6549826,125552627.58,0.6833,-0.6746,958557881.0,12993440740.317139,2026-07-14
2023-08-03,sh.603027,千禾味业,13.5268683,13.74641433,13.80307137,13.49853978,8768715,169054067.55,0.9148,1.4107,958539025.0,13176474589.12423,2026-07-14
2023-08-04,sh.603027,千禾味业,13.7393322,13.55519682,13.83848202,13.54103256,9768079,188206382.73,1.0191,-1.391,958500540.0,12992663471.776283,2026-07-14
2023-08-07,sh.603027,千禾味业,13.3144044,13.28607588,13.37106144,13.1019405,10597260,198243339.5,1.1056,-1.9854,958507598.0,12734804678.584536,2026-07-14
2023-08-08,sh.603027,千禾味业,13.30024014,13.37106144,13.42063635,13.23650097,5558416,104642902.63,0.5799,0.6397,958512847.0,12816334168.26632,2026-07-14
2023-08-09,sh.603027,千禾味业,13.3144044,13.22233671,13.35689718,13.14443328,6479183,120808624.9,0.6759,-1.1123,958600829.0,12674942931.523132,2026-07-14
2023-08-10,sh.603027,千禾味业,13.16567967,13.21525458,13.27899375,13.10902263,5841114,108855366.02,0.6094,-0.0536,958502461.0,12666854037.671522,2026-07-14
2023-08-11,sh.603027,千禾味业,13.22941884,12.95321577,13.27191162,12.94613364,7414790,136691150.24,0.7736,-1.9829,958478542.0,12415379365.441008,2026-07-14
2023-08-14,sh.603027,千禾味业,12.88239447,12.86114808,12.88239447,12.57786288,10984745,197257623.66,1.146,-0.7108,958529232.0,12327786391.760674,2026-07-14
2023-08-15,sh.603027,千禾味业,12.82573743,12.68409483,12.88239447,12.57786288,7163931,128237355.44,0.7474,-1.3767,958513647.0,12157877994.397144,2026-07-14
2023-08-16,sh.603027,千禾味业,12.6770127,12.68409483,12.83281956,12.57786288,5779241,103765362.81,0.6029,0.0,958573727.0,12158640054.814531,2026-07-14
2023-08-17,sh.603027,千禾味业,12.64160205,12.89655873,12.92488725,12.48579519,7006638,126203869.03,0.731,1.675,958500410.0,12361356830.29408,2026-07-14
2023-08-18,sh.603027,千禾味业,12.90364086,12.79740891,12.9602979,12.76199826,6534645,118595436.37,0.6817,-0.7688,958580754.0,12267349882.194118,2026-07-14
2023-08-21,sh.603027,千禾味业,12.75491613,12.66993057,12.8894766,12.66284844,5859612,105696686.99,0.6113,-0.9961,958549321.0,12144753344.990643,2026-07-14
2023-08-22,sh.603027,千禾味业,12.72658761,12.5353701,12.80449104,12.34415259,9273196,163551447.04,0.9674,-1.062,958568948.0,12016016529.547655,2026-07-14
2023-08-23,sh.603027,千禾味业,12.59202714,12.37248111,12.59202714,12.35123472,4279185,75137726.11,0.4464,-1.2994,958598790.0,11860245421.343857,2026-07-14
2023-08-24,sh.603027,千禾味业,12.40789176,12.80449104,12.90364086,12.28041342,10482054,187421856.24,1.0935,3.4917,958578326.0,12274107586.4052,2026-07-14
2023-08-25,sh.603027,千禾味业,12.81157317,12.71242335,12.86823021,12.64160205,7445520,133906378.57,0.7768,-0.719,958486097.0,12184681040.153164,2026-07-14
2023-08-28,sh.603027,千禾味业,13.44896487,12.3229062,13.44896487,12.26624916,25408790,451430725.68,2.6508,-3.0641,958532896.0,11811910967.022356,2026-07-14
2023-08-29,sh.603027,千禾味业,12.23083851,12.44330241,12.57078075,12.17418147,15145229,265552437.33,1.58,0.977,958558797.0,11927636988.8368,2026-07-14
2023-08-30,sh.603027,千禾味业,12.37248111,12.51412371,12.6770127,12.35831685,10588368,187411895.48,1.1046,0.5692,958570342.0,11995667844.52501,2026-07-14
2023-08-31,sh.603027,千禾味业,12.49995945,12.57078075,12.63451992,12.40789176,7698593,136382935.69,0.8032,0.4527,958490164.0,12048969702.675545,2026-07-14
2023-09-01,sh.603027,千禾味业,12.65576631,12.66284844,12.80449104,12.57078075,8490946,151865093.14,0.8858,0.7324,958562429.0,12138130758.70526,2026-07-14
2023-09-04,sh.603027,千禾味业,12.71950548,12.86114808,12.98862642,12.69117696,11659469,211437026.77,1.2164,1.566,958522608.0,12327701199.515793,2026-07-14
2023-09-05,sh.603027,千禾味业,12.86823021,12.65576631,12.92488725,12.64160205,8779792,157520817.16,0.916,-1.5969,958492576.0,12130458051.725916,2026-07-14
2023-09-06,sh.603027,千禾味业,12.6061914,12.5353701,12.64160205,12.43622028,8530485,150827786.45,0.8899,-0.9513,958589167.0,12016269982.195707,2026-07-14
2023-09-07,sh.603027,千禾味业,12.5353701,12.29457768,12.59202714,12.28041342,6226934,109003978.99,0.6496,-1.9209,958579741.0,11785333088.19878,2026-07-14
2023-09-08,sh.603027,千禾味业,12.29457768,12.17418147,12.29457768,12.06794952,5558707,95476900.72,0.5799,-0.9793,958563028.0,11669720253.304691,2026-07-14
2023-09-11,sh.603027,千禾味业,12.16001721,12.3937275,12.42205602,12.06086739,10770403,186749966.58,1.1236,1.8034,958562033.0,11880156628.848007,2026-07-14
2023-09-12,sh.603027,千禾味业,12.33707046,12.37956324,12.6061914,12.27333129,8086728,142235644.27,0.8437,-0.1143,958483821.0,11865611076.58634,2026-07-14
2023-09-13,sh.603027,千禾味业,12.37956324,12.28749555,12.47163093,12.21667425,5771568,100466663.32,0.6021,-0.7437,958572995.0,11778461410.412672,2026-07-14
2023-09-14,sh.603027,千禾味业,12.28041342,12.18834573,12.3229062,12.12460656,4580121,78876001.17,0.4778,-0.8069,958585391.0,11683570157.23523,2026-07-14
2023-09-15,sh.603027,千禾味业,12.23792064,12.23083851,12.37248111,12.15293508,6239833,107955084.91,0.651,0.3486,958499693.0,11723254956.967577,2026-07-14
2023-09-18,sh.603027,千禾味业,12.10336017,12.33707046,12.35123472,12.06086739,6989546,120561163.72,0.7292,0.8686,958522490.0,11825359496.624645,2026-07-14
2023-09-19,sh.603027,千禾味业,12.30874194,12.04670313,12.30874194,11.80591071,12245359,208062972.16,1.2775,-2.3536,958540822.0,11547256720.620173,2026-07-14
2023-09-20,sh.603027,千禾味业,11.99712822,12.01129248,12.19542786,11.94755331,5985082,101926174.88,0.6244,-0.2939,958533312.0,11513223962.255095,2026-07-14
2023-09-21,sh.603027,千禾味业,11.95463544,11.78466432,12.039621,11.78466432,7419704,124168708.95,0.7741,-1.8868,958494251.0,11295533000.684824,2026-07-14
2023-09-22,sh.603027,千禾味业,11.82007497,11.98296396,11.99004609,11.73508941,7845672,131618757.43,0.8185,1.6827,958542700.0,11486182628.221092,2026-07-14
2023-09-25,sh.603027,千禾味业,11.99004609,11.8979784,12.01837461,11.86964988,4774400,80440273.72,0.4981,-0.7092,958522385.0,11404478632.646484,2026-07-14
2023-09-26,sh.603027,千禾味业,11.86256775,11.7563358,11.95463544,11.74925367,5288282,88225370.38,0.5517,-1.1905,958543049.0,11268953962.799854,2026-07-14
2023-09-27,sh.603027,千禾味业,11.76341793,12.23792064,12.42913815,11.76341793,22158548,381263383.11,2.3117,4.0964,958539084.0,11730525240.330294,2026-07-14
2023-09-28,sh.603027,千禾味业,12.24500277,12.27333129,12.64160205,12.23083851,17033812,298504646.65,1.7771,0.2894,958517360.0,11764201106.496195,2026-07-14
2023-10-09,sh.603027,千禾味业,12.26624916,12.3229062,12.54245223,12.26624916,12897537,225533654.87,1.3455,0.4039,958568339.0,11812347727.786802,2026-07-14
2023-10-10,sh.603027,千禾味业,12.33707046,12.1104423,12.42913815,12.06794952,10339686,178307615.88,1.0787,-1.7241,958532122.0,11608247956.17756,2026-07-14
2023-10-11,sh.603027,千禾味业,12.16709934,12.44330241,12.66284844,12.08919591,20445797,360044820.07,2.133,2.7485,958546507.0,11927484060.65018,2026-07-14
2023-10-12,sh.603027,千禾味业,12.49287732,12.039621,12.6061914,11.93338905,25055151,428973860.31,2.6139,-3.2442,958535177.0,11540400246.247917,2026-07-14
2023-10-13,sh.603027,千禾味业,11.92630692,11.57220042,11.94047118,11.4730506,23228527,380911817.3,2.4233,-3.8824,958549375.0,11092525479.965736,2026-07-14
2023-10-16,sh.603027,千禾味业,11.57220042,11.43763995,11.60052894,11.28183309,15320043,246362694.76,1.5983,-1.1628,958521116.0,10963219409.280184,2026-07-14
2023-10-17,sh.603027,千禾味业,11.38098291,11.46596847,11.48013273,11.2605867,10631499,170957324.44,1.1091,0.2477,958569922.0,10990932501.94236,2026-07-14
2023-10-18,sh.603027,千禾味业,11.32432587,11.2605867,11.45180421,11.25350457,8370743,133920165.07,0.8733,-1.7912,958518608.0,10793481888.947313,2026-07-14
2023-10-19,sh.603027,千禾味业,11.2605867,11.11186197,11.27475096,11.09769771,9463878,149375327.98,0.9873,-1.3208,958561531.0,10651403422.223875,2026-07-14
2023-10-20,sh.603027,千禾味业,11.01979428,11.02687641,11.16143688,10.9773015,8340795,130191410.09,0.8702,-0.7648,958491726.0,10569169802.609583,2026-07-14
2023-10-23,sh.603027,千禾味业,11.02687641,10.9064802,11.06936919,10.86398742,10383121,160785015.14,1.0832,-1.0918,958559915.0,10454514733.461184,2026-07-14
2023-10-24,sh.603027,千禾味业,10.92772659,11.04104067,11.18268327,10.8356589,11200504,174249966.12,1.1685,1.2338,958536928.0,10583245205.744862,2026-07-14
2023-10-25,sh.603027,千禾味业,11.21101179,11.37390078,11.52262551,11.09061558,15444519,247259378.14,1.6113,3.0148,958512940.0,10902031075.906094,2026-07-14
2023-10-26,sh.603027,千禾味业,11.30307948,11.59344681,11.6146932,11.29599735,11862750,192012124.22,1.2376,1.9303,958528604.0,11112650386.337553,2026-07-14
2023-10-27,sh.603027,千禾味业,11.55095403,12.15293508,12.20250999,11.49429699,22031548,372577691.2,2.2985,4.8259,958518512.0,11648813249.314201,2026-07-14
2023-10-30,sh.603027,千禾味业,12.07503165,12.24500277,12.26624916,12.039621,13291322,228484930.89,1.3866,0.7576,958554882.0,11737507185.287022,2026-07-14
2023-10-31,sh.603027,千禾味业,12.66284844,12.56369862,13.03820133,12.51412371,29414433,525776946.29,3.0687,2.6027,958530746.0,12042691410.74777,2026-07-14
2023-11-01,sh.603027,千禾味业,12.74075187,12.41497389,12.78324465,12.37248111,13993061,246941288.16,1.4598,-1.1838,958560145.0,11900499172.169615,2026-07-14
2023-11-02,sh.603027,千禾味业,12.41497389,12.20250999,12.47871306,12.16001721,10529402,182424778.53,1.0985,-1.7114,958525444.0,11696416306.079185,2026-07-14
2023-11-03,sh.603027,千禾味业,12.09627804,12.5353701,12.6061914,12.09627804,14947521,263426800.69,1.5594,2.7278,958543093.0,12015692427.553719,2026-07-14
2023-11-06,sh.603027,千禾味业,12.69117696,12.82573743,12.84698382,12.47871306,17404268,312779776.49,1.8157,2.3164,958543151.0,12294022770.050842,2026-07-14
2023-11-07,sh.603027,千禾味业,12.82573743,12.64868418,12.82573743,12.63451992,8977337,161030678.81,0.9366,-1.3805,958502776.0,12123798899.277285,2026-07-14
2023-11-08,sh.603027,千禾味业,12.61327353,12.59910927,12.71242335,12.51412371,8186196,145664041.04,0.854,-0.3919,958570960.0,12077140268.088799,2026-07-14
2023-11-09,sh.603027,千禾味业,12.54953436,12.59910927,12.6770127,12.49995945,7735308,137388652.24,0.807,0.0,958526394.0,12076578776.185072,2026-07-14
2023-11-10,sh.603027,千禾味业,12.61327353,12.61327353,12.6770127,12.40080963,6769368,120106642.56,0.7062,0.1124,958562447.0,12090610339.597128,2026-07-14
2023-11-13,sh.603027,千禾味业,12.64868418,12.54953436,12.71950548,12.42913815,7182362,126898793.54,0.7493,-0.5053,958542907.0,12029267146.930786,2026-07-14
2023-11-14,sh.603027,千禾味业,12.52120584,12.4645488,12.59910927,12.38664537,5394045,95043423.93,0.5627,-0.6772,958600498.0,11948522687.025301,2026-07-14
2023-11-15,sh.603027,千禾味业,12.55661649,12.43622028,12.62035566,12.3937275,6711651,118297642.65,0.7002,-0.2273,958533419.0,11920532744.425537,2026-07-14
2023-11-16,sh.603027,千禾味业,12.37956324,12.2520849,12.45038454,12.23792064,6402068,111255715.95,0.6679,-1.4806,958536907.0,11744075564.347404,2026-07-14
2023-11-17,sh.603027,千禾味业,12.23792064,12.20959212,12.33707046,12.13877082,5888113,101624824.64,0.6143,-0.3468,958507732.0,11702988451.586271,2026-07-14
2023-11-20,sh.603027,千禾味业,12.28749555,12.37248111,12.37956324,12.08211378,7687501,133366972.9,0.802,1.3341,958541272.0,11859533780.975372,2026-07-14
2023-11-21,sh.603027,千禾味业,12.44330241,12.42205602,12.62035566,12.37248111,10002387,176273732.12,1.0435,0.4007,958542118.0,11907063887.325449,2026-07-14
2023-11-22,sh.603027,千禾味业,12.4645488,12.30165981,12.47871306,12.26624916,6614031,115414911.89,0.69,-0.9692,958555217.0,11791820188.63473,2026-07-14
2023-11-23,sh.603027,千禾味业,12.32998833,12.30165981,12.40789176,12.17418147,7086466,122758714.1,0.7393,0.0,958537265.0,11791599349.23782,2026-07-14
2023-11-24,sh.603027,千禾味业,12.30874194,12.2520849,12.35831685,12.17418147,6579294,113644876.92,0.6864,-0.403,958521853.0,11743891121.461319,2026-07-14
2023-11-27,sh.603027,千禾味业,12.21667425,12.24500277,12.25916703,12.09627804,6211353,106792791.19,0.648,-0.0578,958542130.0,11737351037.0117,2026-07-14
2023-11-28,sh.603027,千禾味业,12.13877082,12.28041342,12.30874194,12.07503165,6498805,112186533.0,0.678,0.2892,958525811.0,11771093232.820784,2026-07-14
2023-11-29,sh.603027,千禾味业,12.28041342,12.37956324,12.56369862,12.17418147,9170295,160075268.41,0.9567,0.8074,958534023.0,11866232555.420115,2026-07-14
2023-11-30,sh.603027,千禾味业,12.3229062,12.40789176,12.57078075,12.23083851,10060446,176356851.3,1.0496,0.2288,958502858.0,11892999713.71465,2026-07-14
2023-12-01,sh.603027,千禾味业,12.42913815,12.08919591,12.45746667,11.95463544,13843692,237303317.36,1.4442,-2.5685,958571666.0,11588360664.049088,2026-07-14
2023-12-04,sh.603027,千禾味业,12.06086739,11.89089627,12.08919591,11.78466432,9699309,163073640.73,1.0119,-1.6403,958524459.0,11397714914.226868,2026-07-14
2023-12-05,sh.603027,千禾味业,11.8979784,11.70676089,11.92630692,11.70676089,7549599,125989446.01,0.7876,-1.5485,958557517.0,11221603650.83111,2026-07-14
2023-12-06,sh.603027,千禾味业,11.65010385,11.69259663,11.81299284,11.60761107,5618874,92819366.11,0.5862,-0.121,958525077.0,11207647085.10069,2026-07-14
2023-12-07,sh.603027,千禾味业,11.67135024,11.57928255,11.70676089,11.45180421,6749586,110228085.34,0.7042,-0.9691,958475717.0,11098461144.456839,2026-07-14
2023-12-08,sh.603027,千禾味业,11.59344681,11.5438719,11.7563358,11.50137912,6679373,109607306.18,0.6968,-0.3058,958578215.0,11065704120.090658,2026-07-14
2023-12-11,sh.603027,千禾味业,11.48013273,11.48013273,11.53678977,11.25350457,10278885,165109720.35,1.0723,-0.5521,958582953.0,11004659533.155352,2026-07-14
2023-12-12,sh.603027,千禾味业,11.48013273,11.6146932,11.65010385,11.41639356,8152080,132674668.17,0.8505,1.1721,958504409.0,11132734641.382318,2026-07-14
2023-12-13,sh.603027,千禾味业,11.5438719,11.2605867,11.60761107,11.2605867,9539631,152928827.32,0.9952,-3.0488,958564208.0,10793995371.700832,2026-07-14
2023-12-14,sh.603027,千禾味业,11.331408,11.18268327,11.45888634,11.16143688,6419197,102136844.76,0.6697,-0.6918,958518292.0,10718806467.937374,2026-07-14
2023-12-15,sh.603027,千禾味业,11.19684753,11.16143688,11.29599735,11.14019049,4951802,78340357.24,0.5166,-0.19,958536973.0,10698649921.285765,2026-07-14
2023-12-18,sh.603027,千禾味业,11.09061558,10.99854789,11.16851901,10.94189085,7216506,112385763.92,0.7529,-1.4594,958494621.0,10542048991.375898,2026-07-14
2023-12-19,sh.603027,千禾味业,11.03395854,10.98438363,11.05520493,10.87815168,5403883,83545286.91,0.5638,-0.1288,958475168.0,10528258945.1407,2026-07-14
2023-12-20,sh.603027,千禾味业,11.0481228,10.73650908,11.06228706,10.73650908,6998399,107365612.99,0.7301,-2.2566,958553486.0,10291518206.104652,2026-07-14
2023-12-21,sh.603027,千禾味业,10.6940163,10.94189085,10.99854789,10.64444139,8389951,128831255.59,0.8753,1.9129,958522906.0,10488053014.67681,2026-07-14
2023-12-22,sh.603027,千禾味业,10.93480872,10.8356589,10.99854789,10.77900186,7676311,118025575.68,0.8008,-0.9709,958580295.0,10386849104.881376,2026-07-14
2023-12-25,sh.603027,千禾味业,10.82857677,10.99854789,11.00563002,10.80733038,6734739,103994426.53,0.7026,1.5033,958545260.0,10542605946.8425,2026-07-14
2023-12-26,sh.603027,千禾味业,10.99146576,10.91356233,10.99146576,10.77900186,5321580,81700747.79,0.5552,-0.7727,958497839.0,10460625909.096804,2026-07-14
2023-12-27,sh.603027,千禾味业,10.89939807,11.04104067,11.06228706,10.7648376,5914192,91395181.06,0.617,1.1681,958540032.0,10583279477.135101,2026-07-14
2023-12-28,sh.603027,千禾味业,11.04104067,11.48721486,11.52262551,10.97021937,16535805,264031097.54,1.7251,4.0411,958541824.0,11010975884.584305,2026-07-14
2023-12-29,sh.603027,千禾味业,11.45888634,11.45180421,11.56511829,11.4022293,10206783,165318647.55,1.0648,-0.3083,958563392.0,10977280288.057482,2026-07-14
2024-01-02,sh.603027,千禾味业,11.45180421,11.25350457,11.45180421,11.15435475,8594168,136888757.34,0.8966,-1.7316,958528664.0,10786806700.799995,2026-07-14
2024-01-03,sh.603027,千禾味业,11.23225818,11.15435475,11.29599735,11.05520493,7618676,119961860.4,0.7948,-0.8811,958565174.0,10692176001.791475,2026-07-14
2024-01-04,sh.603027,千禾味业,11.1897654,10.93480872,11.19684753,10.87815168,8543287,132539028.47,0.8913,-1.9683,958519803.0,10481230700.137081,2026-07-14
2024-01-05,sh.603027,千禾味业,10.89939807,10.7648376,11.04104067,10.71526269,7756085,118616376.92,0.8092,-1.5544,958488013.0,10317967801.491688,2026-07-14
2024-01-08,sh.603027,千禾味业,10.7648376,10.43197749,10.77900186,10.43197749,11313930,168257684.98,1.1803,-3.0921,958563924.0,9999717277.89407,2026-07-14
2024-01-09,sh.603027,千禾味业,10.43905962,10.5523737,10.65152352,10.37532045,8291441,123229716.53,0.865,1.1541,958548092.0,10114957676.20598,2026-07-14
2024-01-10,sh.603027,千禾味业,10.53820944,10.89939807,10.98438363,10.42489536,12141776,184883189.41,1.2667,3.2886,958536039.0,10447465853.502045,2026-07-14
2024-01-11,sh.603027,千禾味业,10.8356589,10.92064446,11.04104067,10.78608399,7484766,115276733.92,0.7809,0.1949,958479447.0,10467213262.904413,2026-07-14
2024-01-12,sh.603027,千禾味业,10.92064446,10.9773015,11.13310836,10.86398742,7533879,117403398.99,0.786,0.5188,958508779.0,10521839857.479868,2026-07-14
2024-01-15,sh.603027,千禾味业,10.9064802,10.89939807,11.00563002,10.87106955,4597114,70960861.98,0.4796,-0.7097,958530859.0,10447409394.620043,2026-07-14
2024-01-16,sh.603027,千禾味业,10.8356589,11.01979428,11.01979428,10.80024825,5568250,85790831.84,0.5809,1.1046,958555689.0,10563086498.70366,2026-07-14
2024-01-17,sh.603027,千禾味业,11.01271215,10.63735926,11.01271215,10.63027713,7287393,111144660.67,0.7603,-3.4704,958489149.0,10195793424.72467,2026-07-14
2024-01-18,sh.603027,千禾味业,10.55945583,10.78608399,10.80024825,10.4107311,9957762,148306630.49,1.0388,1.3981,958583173.0,10339358615.3787,2026-07-14
2024-01-19,sh.603027,千禾味业,10.78608399,10.73650908,10.8356589,10.6940163,4986886,75673771.45,0.5203,-0.4596,958463579.0,10290552918.782797,2026-07-14
2024-01-22,sh.603027,千禾味业,10.64444139,10.11328164,10.70109843,10.02121395,12177092,177810305.95,1.2704,-5.8047,958524244.0,9693825638.34008,2026-07-14
2024-01-23,sh.603027,千禾味业,10.11328164,10.18410294,10.27617063,9.914982,9445100,135131109.43,0.9854,0.7003,958504161.0,9761505044.042334,2026-07-14
2024-01-24,sh.603027,千禾味业,10.31158128,10.35407406,10.60194861,9.99288543,10091606,146657425.84,1.0528,1.669,958549202.0,9924889427.6619,2026-07-14
2024-01-25,sh.603027,千禾味业,10.26200637,10.54529157,10.57362009,10.14869229,11395082,167198019.79,1.1888,1.8468,958536507.0,10108046946.804346,2026-07-14
2024-01-26,sh.603027,千禾味业,10.63027713,10.65152352,10.84982316,10.52404518,13443385,202627089.45,1.4025,1.0074,958530125.0,10209806171.06604,2026-07-14
2024-01-29,sh.603027,千禾味业,10.65860565,10.46030601,10.72942695,10.33282767,11095347,165021457.77,1.1575,-1.7952,958561296.0,10026844485.50219,2026-07-14
2024-01-30,sh.603027,千禾味业,10.3399098,10.02121395,10.39656684,10.00704969,9197177,132216556.74,0.9595,-4.1977,958538510.0,9605719488.024214,2026-07-14
2024-01-31,sh.603027,千禾味业,9.95747478,9.90789987,10.14161016,9.82999644,9094353,128279317.21,0.9488,-1.1307,958511067.0,9496831676.122862,2026-07-14
2024-02-01,sh.603027,千禾味业,9.90081774,9.8441607,10.04954247,9.70960023,8638028,120440323.55,0.9012,-0.6433,958502885.0,9435656431.353619,2026-07-14
2024-02-02,sh.603027,千禾味业,9.85124283,9.87248922,10.14869229,9.5608755,11942903,166506435.7,1.2459,0.2878,958576370.0,9463534879.37173,2026-07-14
2024-02-05,sh.603027,千禾味业,9.8441607,9.7025181,10.00704969,9.17844048,15434527,209158369.85,1.6102,-1.7217,958547199.0,9300321548.001802,2026-07-14
2024-02-06,sh.603027,千禾味业,9.4900542,10.39656684,10.44614175,9.4900542,17211002,245127092.69,1.7955,7.1533,958563186.0,9965766233.612352,2026-07-14
2024-02-07,sh.603027,千禾味业,10.34699193,10.87815168,10.99854789,10.3399098,17268479,262524917.31,1.8015,4.6322,958561143.0,10427373508.10817,2026-07-14
2024-02-08,sh.603027,千禾味业,10.91356233,10.8356589,11.28183309,10.75067334,15932147,248593349.51,1.6621,-0.3906,958555261.0,10386577844.996473,2026-07-14
2024-02-19,sh.603027,千禾味业,10.96313724,10.75775547,11.01979428,10.63735926,15214918,231948209.84,1.5873,-0.719,958540793.0,10311747459.113888,2026-07-14
2024-02-20,sh.603027,千禾味业,10.66568778,10.61611287,10.77191973,10.46738814,16042987,239312428.96,1.6737,-1.3167,958534206.0,10175907320.65183,2026-07-14
2024-02-21,sh.603027,千禾味业,10.53112731,11.05520493,11.31016161,10.44614175,25319827,390948821.97,2.6415,4.1361,958539731.0,10596853159.752073,2026-07-14
2024-02-22,sh.603027,千禾味业,10.95605511,11.07645132,11.10477984,10.87815168,13948083,216094020.57,1.4551,0.1922,958565253.0,10617501361.897984,2026-07-14
2024-02-23,sh.603027,千禾味业,11.04104067,11.05520493,11.15435475,10.92064446,12716892,197977429.74,1.3267,-0.1918,958535615.0,10596807656.528582,2026-07-14
2024-02-26,sh.603027,千禾味业,11.01979428,11.16143688,11.38098291,10.8356589,15722371,246625689.99,1.6402,0.9609,958564260.0,10698954483.413908,2026-07-14
2024-02-27,sh.603027,千禾味业,11.02687641,11.22517605,11.22517605,10.99146576,15592988,244217521.37,1.6267,0.5711,958565685.0,10760068569.613844,2026-07-14
2024-02-28,sh.603027,千禾味业,11.23225818,11.03395854,11.57928255,10.99854789,21197513,338387500.72,2.2114,-1.7035,958556254.0,10576669964.89371,2026-07-14
2024-02-29,sh.603027,千禾味业,10.99146576,11.20392966,11.21101179,10.9773015,12529900,196665687.08,1.3072,1.5404,958529682.0,10739299134.150167,2026-07-14
2024-03-01,sh.603027,千禾味业,11.18268327,11.1897654,11.24642244,11.03395854,13395341,210106646.27,1.3975,-0.1264,958521717.0,10725633144.035192,2026-07-14
2024-03-04,sh.603027,千禾味业,11.31724374,11.12602623,11.31724374,11.01271215,11938409,187291476.11,1.2455,-0.5696,958523404.0,10664556534.972887,2026-07-14
2024-03-05,sh.603027,千禾味业,11.02687641,11.10477984,11.14727262,10.94897298,9668452,150874401.31,1.0087,-0.191,958506196.0,10644000281.85589,2026-07-14
2024-03-06,sh.603027,千禾味业,11.06936919,10.92064446,11.13310836,10.88523381,9295830,144029436.16,0.9698,-1.6582,958530625.0,10467772159.646587,2026-07-14
2024-03-07,sh.603027,千禾味业,10.94189085,10.75067334,11.01271215,10.75067334,7621868,117060989.56,0.7952,-1.5564,958484406.0,10304352750.389936,2026-07-14
2024-03-08,sh.603027,千禾味业,10.72234482,10.67985204,10.80733038,10.55945583,8061014,121294548.21,0.841,-0.6588,958503448.0,10236675004.469833,2026-07-14
2024-03-11,sh.603027,千禾味业,10.67985204,11.10477984,11.11186197,10.623195,15327009,237044614.36,1.599,3.9788,958537148.0,10644343997.001497,2026-07-14
2024-03-12,sh.603027,千禾味业,11.1897654,11.57220042,11.60052894,11.07645132,23772207,383396584.51,2.48,4.2092,958556734.0,11092610639.788628,2026-07-14
2024-03-13,sh.603027,千禾味业,11.53678977,11.42347569,11.69259663,11.38098291,14591281,236967249.88,1.5222,-1.2852,958565300.0,10950147401.827557,2026-07-14
2024-03-14,sh.603027,千禾味业,11.45180421,11.46596847,11.69967876,11.41639356,12354463,201616520.78,1.2889,0.372,958527659.0,10990447915.716911,2026-07-14
2024-03-15,sh.603027,千禾味业,11.43055782,11.55095403,11.69259663,11.4022293,13880018,226734616.27,1.448,0.7412,958564779.0,11072337697.00611,2026-07-14
2024-03-18,sh.603027,千禾味业,11.6154972,12.05287086,12.08872116,11.41473552,21288391,351915210.85,2.2209,4.3451,958547931.0,11553254425.463192,2026-07-14
2024-03-19,sh.603027,千禾味业,12.03136068,12.06721098,12.17476188,11.91663972,12776149,215069694.62,1.3329,0.119,958522695.0,11566695589.683191,2026-07-14
2024-03-20,sh.603027,千禾味业,12.06004092,12.2249523,12.28948284,12.0098505,11893174,202194336.32,1.2408,1.3072,958508543.0,11717721217.3175,2026-07-14
2024-03-21,sh.603027,千禾味业,12.26797266,12.44722416,12.61213554,12.189102,16670221,289532827.66,1.7391,1.8182,958554482.0,11931342507.026684,2026-07-14
2024-03-22,sh.603027,千禾味业,12.4400541,12.0815511,12.4400541,11.99551038,18416373,312239182.55,1.9213,-2.9378,958537084.0,11580614761.590992,2026-07-14
2024-03-25,sh.603027,千禾味业,11.90946966,12.08872116,12.2966529,11.90946966,10507206,177767495.35,1.0962,0.0593,958511768.0,11587181491.93061,2026-07-14
2024-03-26,sh.603027,千禾味业,12.08872116,12.36118344,12.43288404,12.0098505,12662580,216703413.53,1.321,2.2539,958560182.0,11848938247.981785,2026-07-14
2024-03-27,sh.603027,千禾味业,12.3683535,12.17476188,12.64081578,12.16759182,14703391,254124996.74,1.5339,-1.5081,958562553.0,11670270829.85988,2026-07-14
2024-03-28,sh.603027,千禾味业,12.189102,12.11023134,12.2966529,12.01702056,10730581,181958306.65,1.1195,-0.53,958515498.0,11607844423.755308,2026-07-14
2024-03-29,sh.603027,千禾味业,12.08872116,12.16759182,12.26797266,12.00268044,6722991,113790730.98,0.7014,0.4737,958510265.0,11662761659.800032,2026-07-14
2024-04-01,sh.603027,千禾味业,12.16759182,12.3325032,12.45439422,12.16042176,8812069,151813433.45,0.9193,1.3553,958562928.0,11821480376.961369,2026-07-14
2024-04-02,sh.603027,千禾味业,12.2966529,12.2608026,12.4042038,12.11023134,9126663,155854553.59,0.9521,-0.5814,958582397.0,11752989545.451832,2026-07-14
2024-04-03,sh.603027,千禾味业,12.2608026,12.4759044,12.52609482,12.189102,9857272,170429252.64,1.0284,1.7544,958505640.0,11958224731.500814,2026-07-14
2024-04-08,sh.603027,千禾味业,12.4400541,12.0815511,12.4400541,12.07438104,11407903,193898294.49,1.1901,-3.1609,958566759.0,11580973281.619884,2026-07-14
2024-04-09,sh.603027,千禾味业,12.06721098,12.17476188,12.2249523,11.88795948,6366812,107225384.08,0.6642,0.7715,958568503.0,11670343269.693066,2026-07-14
2024-04-10,sh.603027,千禾味业,12.14608164,12.06004092,12.25363254,11.9740002,6402792,108152370.94,0.668,-0.9423,958501796.0,11559570881.653492,2026-07-14
2024-04-11,sh.603027,千禾味业,11.98834032,11.93097984,12.13891158,11.88795948,8163726,136317808.2,0.8517,-1.0702,958521310.0,11436098425.820389,2026-07-14
2024-04-12,sh.603027,千禾味业,11.92380978,11.88795948,12.16042176,11.830599,7075212,118111195.92,0.7381,-0.3606,958570925.0,11395452315.10612,2026-07-14
2024-04-15,sh.603027,千禾味业,11.89512954,11.93097984,12.13891158,11.76606846,10077758,167828791.16,1.0514,0.3619,958508465.0,11435945172.384344,2026-07-14
2024-04-16,sh.603027,千禾味业,11.95966008,11.80908882,12.03853074,11.69436786,10922603,180993002.41,1.1395,-1.0216,958543484.0,11319525140.388248,2026-07-14
2024-04-17,sh.603027,千禾味业,11.9022996,11.74455828,12.0098505,11.58681696,12461649,204567667.58,1.3001,-0.5464,958514653.0,11257331204.392477,2026-07-14
2024-04-18,sh.603027,千禾味业,11.62266726,11.73738822,11.94531996,11.47926606,12772285,209167422.42,1.3325,-0.0611,958520450.0,11250526638.459099,2026-07-14
2024-04-19,sh.603027,千禾味业,11.6513475,11.77323852,11.78040858,11.57247684,6447324,105016631.97,0.6726,0.3054,958567351.0,11285442060.80756,2026-07-14
2024-04-22,sh.603027,千禾味业,11.81625888,12.20344212,12.28231278,11.77323852,15608399,263640631.38,1.6284,3.6541,958511361.0,11697137915.325926,2026-07-14
2024-04-23,sh.603027,千禾味业,12.189102,12.07438104,12.2608026,12.00268044,8718346,147267167.86,0.9095,-1.0576,958586696.0,11574341027.378645,2026-07-14
2024-04-24,sh.603027,千禾味业,12.23929242,11.85210918,12.2608026,11.47926606,17906854,294173368.8,1.8681,-1.8409,958559713.0,11360954374.025465,2026-07-14
2024-04-25,sh.603027,千禾味业,11.74455828,11.6871978,11.85210918,11.62266726,8206170,134258357.02,0.8561,-1.3914,958552739.0,11202795462.424774,2026-07-14
2024-04-26,sh.603027,千禾味业,11.62983732,11.77323852,11.88795948,11.58681696,10729564,175592456.38,1.1194,0.7362,958510273.0,11284770067.899315,2026-07-14
2024-04-29,sh.603027,千禾味业,11.78040858,12.12457146,12.13174152,11.7230481,14635060,245414034.22,1.5268,2.9842,958544669.0,11621943336.892548,2026-07-14
2024-04-30,sh.603027,千禾味业,11.55096666,11.10642294,11.62983732,10.97736186,48896529,765253381.47,5.1012,-8.3974,958529934.0,10645838847.654285,2026-07-14
2024-05-06,sh.603027,千禾味业,11.16378342,11.73021816,11.830599,11.16378342,36891659,597040395.5,3.8487,5.6165,958548575.0,11243983901.70712,2026-07-14
2024-05-07,sh.603027,千禾味业,11.9740002,12.35401338,12.4400541,11.94531996,31744778,542538168.82,3.3118,5.3178,958535479.0,11841760132.770708,2026-07-14
2024-05-08,sh.603027,千禾味业,12.38986368,12.0815511,12.42571398,12.0815511,13177750,224217277.19,1.3748,-2.2055,958521239.0,11580423329.413813,2026-07-14
2024-05-09,sh.603027,千禾味业,12.0457008,12.23212236,12.35401338,11.98834032,11712773,199685094.58,1.2219,1.2463,958570505.0,11725351707.846992,2026-07-14
2024-05-10,sh.603027,千禾味业,12.2608026,12.13891158,12.34684332,12.0457008,9485194,160514365.28,0.9868,-0.762,961207337.0,11668010873.890263,2026-07-14
2024-05-13,sh.603027,千禾味业,12.05287086,11.82342894,12.0815511,11.80191876,11524394,191649513.39,1.1989,-2.5989,961247310.0,11365239263.551151,2026-07-14
2024-05-14,sh.603027,千禾味业,11.89512954,11.7947487,11.92380978,11.6513475,11419466,187971290.48,1.188,-0.2426,961234512.0,11337519510.807135,2026-07-14
2024-05-15,sh.603027,千禾味业,11.7947487,11.59398702,11.7947487,11.57247684,7736696,125884412.2,0.8049,-1.7021,961199652.0,11144136288.916517,2026-07-14
2024-05-16,sh.603027,千禾味业,11.60115708,11.60832714,11.66568762,11.30718462,12506600,200781452.33,1.3011,0.1237,961232803.0,11158304834.923174,2026-07-14
2024-05-17,sh.603027,千禾味业,11.5437966,11.78040858,11.78040858,11.48643612,10072676,163559988.76,1.0479,1.4824,961224926.0,11323622365.560265,2026-07-14
2024-05-20,sh.603027,千禾味业,11.78757864,12.00268044,12.07438104,11.76606846,14608247,242978019.14,1.5197,1.8868,961258604.0,11537679844.012506,2026-07-14
2024-05-21,sh.603027,千禾味业,12.0098505,11.9022996,12.13174152,11.7947487,8544408,142193020.3,0.8889,-0.8363,961233885.0,11440893684.941946,2026-07-14
2024-05-22,sh.603027,千禾味业,11.90946966,11.77323852,11.95966008,11.69436786,9261867,152003547.6,0.9635,-1.0843,961273171.0,11317298325.059746,2026-07-14
2024-05-23,sh.603027,千禾味业,11.74455828,11.49360618,11.74455828,11.44341576,8055210,129676430.22,0.838,-2.3752,961242243.0,11048139784.621862,2026-07-14
2024-05-24,sh.603027,千禾味业,11.4362457,11.30001456,11.48643612,11.30001456,7088191,112507637.01,0.7374,-1.6843,961240982.0,10862037092.268698,2026-07-14
2024-05-27,sh.603027,千禾味业,11.2569942,11.35737504,11.37888522,11.17812354,6694611,105310426.87,0.6965,0.5076,961178894.0,10916469179.690407,2026-07-14
2024-05-28,sh.603027,千禾味业,11.35020498,11.14227324,11.37171516,11.113593,6695044,104386457.22,0.6965,-1.8939,961241062.0,10710410562.31178,2026-07-14
2024-05-29,sh.603027,千禾味业,11.14227324,11.08491276,11.21397384,11.02038222,5434894,84163255.78,0.5654,-0.5148,961247612.0,10655345919.77833,2026-07-14
2024-05-30,sh.603027,千禾味业,11.07057264,10.91283132,11.0777427,10.8626409,5885937,89787557.41,0.6123,-1.5524,961283195.0,10490321357.785667,2026-07-14
2024-05-31,sh.603027,千禾味业,10.92000138,10.97736186,11.02038222,10.92000138,3891649,59602638.97,0.4049,0.5913,961138306.0,10550762982.46941,2026-07-14
2024-06-03,sh.603027,千禾味业,10.95585168,10.70489958,10.96302174,10.6116888,11614890,173518093.28,1.2083,-2.482,961258793.0,10290178849.457006,2026-07-14
2024-06-04,sh.603027,千禾味业,10.69772952,11.08491276,11.09925288,10.63319898,10940425,166683555.74,1.1382,3.5499,961204094.0,10654863526.54484,2026-07-14
2024-06-05,sh.603027,千禾味业,11.09208282,10.94151156,11.1852936,10.91283132,6741572,103816118.36,0.7013,-1.2937,961296449.0,10518036209.320452,2026-07-14
2024-06-06,sh.603027,千禾味业,10.92000138,10.7909403,11.0060421,10.74074988,5943252,89831183.99,0.6183,-1.3761,961224648.0,10372517791.456514,2026-07-14
2024-06-07,sh.603027,千禾味业,10.8626409,10.6116888,10.89132114,10.4682876,10572970,156502411.16,1.0999,-1.6611,961266479.0,10200660729.019735,2026-07-14
2024-06-11,sh.603027,千禾味业,10.61168,10.7434112,10.758048,10.501904,6479501,94373788.1,0.6741,1.2414,961207684.0,10326649397.81166,2026-07-14
2024-06-12,sh.603027,千禾味业,10.721456,10.6555904,10.8165952,10.6263168,5090008,74474697.28,0.5295,-0.8174,961285741.0,10243067113.456486,2026-07-14
2024-06-13,sh.603027,千禾味业,10.6921824,10.6555904,10.7141376,10.5165408,5986407,86920755.12,0.6228,0.0,961208574.0,10242244853.512089,2026-07-14
2024-06-14,sh.603027,千禾味业,10.6263168,10.7507296,10.7800032,10.5531328,5714609,83356293.78,0.5945,0.8929,961246257.0,10334098588.019108,2026-07-14
2024-06-17,sh.603027,千禾味业,10.648272,10.7507296,10.7873216,10.6189984,3674647,53824216.67,0.3823,0.0,961194612.0,10333543366.588915,2026-07-14
2024-06-18,sh.603027,千禾味业,10.7434112,10.7287744,10.9117344,10.6921824,7099328,104677354.4,0.7386,-0.2042,961187111.0,10312359670.10676,2026-07-14
2024-06-19,sh.603027,千禾味业,10.7507296,10.4872672,10.7800032,10.4799488,7327227,105962753.18,0.7623,-2.251,961199921.0,10080360404.145891,2026-07-14
2024-06-20,sh.603027,千禾味业,10.4579936,10.2969888,10.5165408,10.2603968,6830790,96619746.95,0.7106,-1.8144,961270757.0,9898194218.596521,2026-07-14
2024-06-21,sh.603027,千禾味业,10.2238048,10.2238048,10.3482176,10.135984,5952376,83114524.46,0.6192,-0.7107,961301034.0,9828154125.654163,2026-07-14
2024-06-24,sh.603027,千禾味业,10.099392,10.1140288,10.282352,9.989616,6634870,91811580.53,0.6902,-1.0737,961296726.0,9722582772.109709,2026-07-14
2024-06-25,sh.603027,千禾味业,10.1067104,10.099392,10.2311232,10.026208,6758887,93415427.6,0.7031,-0.1447,961298108.0,9708526421.550337,2026-07-14
2024-06-26,sh.603027,千禾味业,10.0335264,10.3335808,10.3482176,10.0115712,8257227,115115187.88,0.859,2.3188,961260419.0,9933262209.578356,2026-07-14
2024-06-27,sh.603027,千禾味业,10.2384416,9.9822976,10.2750336,9.87984,9941590,136071523.65,1.0342,-3.3994,961283117.0,9595814151.74962,2026-07-14
2024-06-28,sh.603027,千禾味业,9.953024,9.733472,10.0188896,9.6749248,13901651,186662027.21,1.4462,-2.4927,961253699.0,9356335964.112928,2026-07-14
2024-07-01,sh.603027,千禾味业,9.660288,9.916432,10.0115712,9.6310144,10322062,139294981.11,1.0738,1.8797,961264854.0,9532317558.68093,2026-07-14
2024-07-02,sh.603027,千禾味业,9.916432,9.806656,9.916432,9.770064,6803586,91312242.28,0.7078,-1.107,961230008.0,9426452025.333248,2026-07-14
2024-07-03,sh.603027,千禾味业,9.8139744,9.770064,9.87984,9.7407904,4754448,63687063.68,0.4946,-0.3731,961271330.0,9391682415.46512,2026-07-14
2024-07-04,sh.603027,千禾味业,9.7627456,9.5578304,9.7993376,9.5212384,6534225,85930801.03,0.6798,-2.1723,961198147.0,9186968869.820269,2026-07-14
2024-07-05,sh.603027,千禾味业,9.5358752,9.6090592,9.6529696,9.4480544,5330478,69487673.64,0.5545,0.536,961312534.0,9237309048.908014,2026-07-14
2024-07-08,sh.603027,千禾味业,9.5724672,9.2650944,9.6017408,9.257776,10473456,133773806.24,1.0896,-3.5796,961220264.0,8905796485.152922,2026-07-14
2024-07-09,sh.603027,千禾味业,9.3016864,9.4187808,9.477328,9.2285024,7255774,92656690.16,0.7548,1.6588,961284314.0,9054126240.04437,2026-07-14
2024-07-10,sh.603027,千禾味业,9.3748704,9.4334176,9.5285568,9.257776,6806825,87699823.5,0.7081,0.1554,961280186.0,9068157425.143673,2026-07-14
2024-07-11,sh.603027,千禾味业,9.550512,9.7261536,9.7481088,9.51392,9730696,128591803.64,1.0123,3.1032,961246271.0,9349228879.173225,2026-07-14
2024-07-12,sh.603027,千禾味业,9.7554272,9.7920192,9.8286112,9.6676064,5918463,78876896.86,0.6157,0.6772,961257593.0,9412652806.801786,2026-07-14
2024-07-15,sh.603027,千禾味业,9.7920192,9.69688,9.7920192,9.6456512,4468058,59189153.76,0.4648,-0.9716,961286145.0,9321476393.7276,2026-07-14
2024-07-16,sh.603027,千禾味业,9.660288,9.660288,9.733472,9.623696,3862422,51020500.25,0.4018,-0.3774,961279741.0,9286239146.625408,2026-07-14
2024-07-17,sh.603027,千禾味业,9.6895616,9.9603424,10.0115712,9.6090592,10136228,136238046.43,1.0545,3.1061,961235467.0,9574234378.3439,2026-07-14
2024-07-18,sh.603027,千禾味业,9.9017952,9.9310688,10.026208,9.8578848,7563047,102760773.74,0.7868,-0.2939,961241357.0,9546154049.772362,2026-07-14
2024-07-19,sh.603027,千禾味业,9.87984,10.24576,10.3116256,9.8286112,12292520,170116175.93,1.2788,3.1688,961254301.0,9848780867.013762,2026-07-14
2024-07-22,sh.603027,千禾味业,10.24576,10.026208,10.24576,9.9676608,8869028,122184856.1,0.9227,-2.1429,961203858.0,9637229810.710464,2026-07-14
2024-07-23,sh.603027,千禾味业,10.026208,9.5944224,10.0335264,9.587104,9818933,130677851.02,1.0215,-4.3066,961226921.0,9222417102.32543,2026-07-14
2024-07-24,sh.603027,千禾味业,9.5724672,9.4992832,9.660288,9.4700096,6211943,81055010.75,0.6462,-0.9916,961303466.0,9131693864.675571,2026-07-14
2024-07-25,sh.603027,千禾味业,9.4553728,9.5797856,9.6749248,9.4114624,6309664,82566545.3,0.6564,0.8475,961252895.0,9208596641.479311,2026-07-14
2024-07-26,sh.603027,千禾味业,9.623696,9.8359296,9.87984,9.5797856,6760177,90445314.88,0.7033,2.6738,961208162.0,9454375812.377396,2026-07-14
2024-07-29,sh.603027,千禾味业,9.8139744,9.6163776,9.8578848,9.6090592,5833262,77169141.56,0.6068,-2.2321,961315425.0,9244372119.50448,2026-07-14
2024-07-30,sh.603027,千禾味业,9.587104,9.5724672,9.6895616,9.4992832,5324544,69582057.57,0.5539,-0.4566,961282542.0,9201845603.227623,2026-07-14
2024-07-31,sh.603027,千禾味业,9.5724672,10.0408448,10.0701184,9.4846464,12686904,171563642.52,1.3198,4.893,961274739.0,9652010464.459507,2026-07-14
2024-08-01,sh.603027,千禾味业,10.026208,9.9017952,10.0847552,9.8578848,6101168,82884070.03,0.6347,-1.3848,961268001.0,9518278878.215395,2026-07-14
2024-08-02,sh.603027,千禾味业,9.8139744,9.9237504,10.0847552,9.7920192,6633365,90583351.46,0.6901,0.2217,961217939.0,9538886906.638426,2026-07-14
2024-08-05,sh.603027,千禾味业,9.9017952,10.099392,10.3335808,9.8578848,17351260,241719556.08,1.8051,1.7699,961235389.0,9707892997.783487,2026-07-14
2024-08-06,sh.603027,千禾味业,10.1652576,10.282352,10.4214016,10.135984,10547030,148058237.7,1.0972,1.8116,961267773.0,9884093608.242096,2026-07-14
2024-08-07,sh.603027,千禾味业,10.24576,10.1798944,10.2603968,10.0628,7237003,100502595.17,0.7529,-0.9964,961217027.0,9785087830.34195,2026-07-14
2024-08-08,sh.603027,千禾味业,10.1652576,10.4214016,10.5531328,10.0701184,10986403,155703179.9,1.1429,2.3724,961274215.0,10017824642.239744,2026-07-14
2024-08-09,sh.603027,千禾味业,10.42872,10.2164864,10.4579936,10.2164864,7736407,109103501.0,0.8048,-1.9663,961283176.0,9820936494.152807,2026-07-14
2024-08-12,sh.603027,千禾味业,10.209168,10.1579392,10.2969888,10.1140288,4646262,64698426.52,0.4834,-0.5731,961163012.0,9763435437.18487,2026-07-14
2024-08-13,sh.603027,千禾味业,10.2530784,10.0774368,10.2969888,9.953024,4965368,68233524.28,0.5166,-0.7925,961162989.0,9686059276.146595,2026-07-14
2024-08-14,sh.603027,千禾味业,10.026208,9.989616,10.026208,9.8652032,4179836,56792631.76,0.4348,-0.8715,961323827.0,9603255883.380432,2026-07-14
2024-08-15,sh.603027,千禾味业,9.916432,10.0554816,10.1652576,9.8944768,5087753,69913816.14,0.5293,0.6593,961222936.0,9665559546.445978,2026-07-14
2024-08-16,sh.603027,千禾味业,9.989616,10.026208,10.1140288,9.9091136,4300789,58920573.76,0.4474,-0.2911,961284980.0,9638043156.75584,2026-07-14
2024-08-19,sh.603027,千禾味业,10.0188896,9.953024,10.2238048,9.916432,4351988,59597523.72,0.4527,-0.7299,961340402.0,9568244093.275648,2026-07-14
2024-08-20,sh.603027,千禾味业,9.8944768,9.7920192,9.9676608,9.7407904,3925660,52639467.67,0.4084,-1.6176,961229187.0,9412374654.704391,2026-07-14
2024-08-21,sh.603027,千禾味业,9.733472,9.733472,9.843248,9.69688,2859066,38087314.0,0.2974,-0.5979,961353732.0,9357309632.517506,2026-07-14
2024-08-22,sh.603027,千禾味业,9.7627456,9.550512,9.7847008,9.51392,5624260,73644291.08,0.5851,-1.8797,961247650.0,9180407216.296799,2026-07-14
2024-08-23,sh.603027,千禾味业,9.5358752,9.5285568,9.6456512,9.4626912,4112206,53544607.74,0.4278,-0.2299,961244974.0,9159277333.473524,2026-07-14
2024-08-26,sh.603027,千禾味业,9.5651488,9.440736,9.5797856,9.3455968,5684829,73437744.54,0.5914,-0.9217,961249408.0,9074901891.084288,2026-07-14
2024-08-27,sh.603027,千禾味业,9.4260992,9.4114624,9.4700096,9.3016864,4514524,57801700.84,0.4697,-0.3101,961150522.0,9045831998.543373,2026-07-14
2024-08-28,sh.603027,千禾味业,9.4114624,9.367552,9.4187808,9.3016864,3500603,44747030.58,0.3642,-0.4666,961176002.0,9003866179.887104,2026-07-14
2024-08-29,sh.603027,千禾味业,9.3529152,9.4553728,9.6090592,9.3236416,6634878,85914249.17,0.6902,0.9375,961297885.0,9089429874.526527,2026-07-14
2024-08-30,sh.603027,千禾味业,9.4553728,9.8578848,9.9383872,9.367552,14726397,195346389.09,1.532,4.257,961253068.0,9475922007.990566,2026-07-14
2024-09-02,sh.603027,千禾味业,9.2650944,8.9211296,9.294368,8.8699008,37695324,464445159.3,3.9215,-9.5026,961247584.0,8575414274.550887,2026-07-14
2024-09-03,sh.603027,千禾味业,8.745488,8.6796224,8.818672,8.5478912,25051658,296994785.85,2.6062,-2.7071,961233136.0,8343140658.847846,2026-07-14
2024-09-04,sh.603027,千禾味业,8.59912,8.2624736,8.635712,8.1526976,25586507,291102795.91,2.6618,-4.8061,961248291.0,7942288627.432617,2026-07-14
2024-09-05,sh.603027,千禾味业,8.2478368,8.269792,8.3649312,8.1819712,15581955,176070033.93,1.621,0.0886,961255706.0,7949384747.433152,2026-07-14
2024-09-06,sh.603027,千禾味业,8.269792,8.0941504,8.2771104,8.0941504,11010215,122822529.53,1.1454,-2.1239,961255020.0,7780542704.635008,2026-07-14
2024-09-09,sh.603027,千禾味业,8.013648,7.903872,8.013648,7.7135936,22988668,246671224.29,2.3916,-2.3508,961225456.0,7597402967.365632,2026-07-14
2024-09-10,sh.603027,千禾味业,7.86728,7.7867776,7.9111904,7.6989568,12159886,129540138.0,1.265,-1.4815,961255810.0,7485085209.1778555,2026-07-14
2024-09-11,sh.603027,千禾味业,7.757504,7.8014144,7.86728,7.68432,10760187,114402043.18,1.1194,0.188,961245935.0,7499077879.2504635,2026-07-14
2024-09-12,sh.603027,千禾味业,7.8014144,7.50136,7.8599616,7.50136,17331355,180944784.07,1.803,-3.8462,961250971.0,7210689583.82056,2026-07-14
2024-09-13,sh.603027,千禾味业,7.4794048,7.2891264,7.5159968,7.245216,18663329,187779982.81,1.9416,-2.8293,961234497.0,7006559748.673421,2026-07-14
2024-09-18,sh.603027,千禾味业,7.245216,7.2525344,7.3403552,7.208624,11626260,115275063.52,1.2095,-0.502,961245143.0,6971463466.440419,2026-07-14
2024-09-19,sh.603027,千禾味业,7.3037632,7.7135936,7.7867776,7.3037632,28482013,295647225.04,2.963,6.3572,961255923.0,7414737535.614893,2026-07-14
2024-09-20,sh.603027,千禾味业,7.647728,7.7794592,7.8745984,7.5599072,19540756,206872113.2,2.0329,0.8539,961225638.0,7477815632.814969,2026-07-14
2024-09-23,sh.603027,千禾味业,7.7794592,7.7355488,7.8599616,7.68432,8612974,91522013.08,0.896,-0.5644,961269420.0,7435946508.357697,2026-07-14
2024-09-24,sh.603027,千禾味业,7.8087328,8.0282848,8.0356032,7.6770016,22268643,240093419.39,2.3167,3.7843,961222558.0,7716968451.808518,2026-07-14
2024-09-25,sh.603027,千禾味业,8.1014688,7.9258272,8.2039264,7.8892352,25028454,276375883.66,2.6038,-1.2762,961227974.0,7618526821.730092,2026-07-14
2024-09-26,sh.603027,千禾味业,7.9258272,8.7162144,8.7162144,7.8892352,39955634,456943788.75,4.1567,9.9723,961234489.0,8378325894.798442,2026-07-14
2024-09-27,sh.603027,千禾味业,9.0309056,9.3236416,9.4260992,8.9064928,31539928,393780815.86,3.2812,6.9689,961231501.0,8962178009.954042,2026-07-14
2024-09-30,sh.603027,千禾味业,9.9457056,10.2530784,10.2530784,9.660288,44640642,614944868.52,4.6441,9.9686,961233436.0,9855601780.009382,2026-07-14
2024-10-08,sh.603027,千禾味业,11.2776544,10.5165408,11.2776544,9.9383872,61807618,899856882.43,6.43,2.5696,961238227.0,10108901032.765162,2026-07-14
2024-10-09,sh.603027,千禾味业,10.24576,9.4626912,10.24576,9.4626912,41217109,549696417.79,4.2879,-10.0209,961242310.0,9095939147.904673,2026-07-14
2024-10-10,sh.603027,千禾味业,9.4480544,9.8139744,10.135984,9.4480544,37595918,506736092.66,3.9112,3.7123,961237421.0,9433559442.016022,2026-07-14
2024-10-11,sh.603027,千禾味业,9.843248,9.5212384,9.8505664,9.3090048,22404199,291427127.65,2.3308,-2.9828,961223571.0,9152038775.190327,2026-07-14
2024-10-14,sh.603027,千禾味业,9.5066016,9.5431936,9.6456512,9.1406816,21218154,272971759.23,2.2074,0.2306,961228323.0,9173187980.192333,2026-07-14
2024-10-15,sh.603027,千禾味业,9.550512,9.1772736,9.6017408,9.1553184,16045200,205701560.32,1.6692,-3.8344,961250899.0,8821662498.368965,2026-07-14
2024-10-16,sh.603027,千禾味业,9.074816,9.111408,9.2431392,8.9796768,12373115,153866992.52,1.2872,-0.7177,961242620.0,8758273697.80896,2026-07-14
2024-10-17,sh.603027,千禾味业,9.111408,8.8699008,9.257776,8.8406272,16857248,207550311.06,1.7537,-2.6506,961238980.0,8526094397.693184,2026-07-14
2024-10-18,sh.603027,千禾味业,8.8699008,9.1187264,9.3016864,8.745488,26483231,325869667.56,2.7551,2.8053,961243911.0,8765320228.074951,2026-07-14
2024-10-21,sh.603027,千禾味业,9.1333632,9.1406816,9.2285024,8.9869952,19168391,238886840.97,1.9941,0.2408,961255253.0,8786528204.000446,2026-07-14
2024-10-22,sh.603027,千禾味业,9.1333632,9.3382784,9.3455968,9.074816,18304960,230793537.21,1.9043,2.1617,961243502.0,8976359431.866957,2026-07-14
2024-10-23,sh.603027,千禾味业,9.294368,9.33096,9.404144,9.184592,16262156,206835126.06,1.6918,-0.0784,961233952.0,8969235556.75392,2026-07-14
2024-10-24,sh.603027,千禾味业,9.257776,9.111408,9.3602336,9.0821344,19777951,248295688.01,2.0575,-2.3529,961261288.0,8758443789.573505,2026-07-14
2024-10-25,sh.603027,千禾味业,9.111408,9.1992288,9.3529152,9.074816,14296851,179844489.26,1.4873,0.9639,961262086.0,8842869865.879276,2026-07-14
2024-10-28,sh.603027,千禾味业,9.2650944,9.440736,9.5066016,9.0967712,20935572,266877004.75,2.178,2.6253,961229201.0,9074711122.131935,2026-07-14
2024-10-29,sh.603027,千禾味业,9.440736,9.0894528,9.4992832,9.0894528,19885957,251551097.89,2.0688,-3.7209,961231487.0,8737068230.960314,2026-07-14
2024-10-30,sh.603027,千禾味业,9.0528608,8.9943136,9.1772736,8.9138112,14157919,174570520.41,1.4729,-1.0467,961227442.0,8645581054.273811,2026-07-14
2024-10-31,sh.603027,千禾味业,8.7893984,9.0235872,9.0601792,8.7893984,15059402,183810409.1,1.5667,0.3255,961217974.0,8673634206.596333,2026-07-14
2024-11-01,sh.603027,千禾味业,8.9869952,8.8845376,9.1040896,8.8040352,14780354,180624122.16,1.5376,-1.541,961261316.0,8540362305.427482,2026-07-14
2024-11-04,sh.603027,千禾味业,8.8845376,9.074816,9.0967712,8.8772192,12133721,149608957.79,1.2623,2.1417,961239087.0,8723067846.532991,2026-07-14
2024-11-05,sh.603027,千禾味业,9.0674976,9.367552,9.3895072,9.001632,23596830,299060857.59,2.4548,3.2258,961252648.0,9004584165.277697,2026-07-14
2024-11-06,sh.603027,千禾味业,9.3968256,9.4480544,9.5578304,9.257776,23675445,304142855.08,2.463,0.8594,961244214.0,9081887625.557241,2026-07-14
2024-11-07,sh.603027,千禾味业,9.367552,10.3043072,10.392128,9.3529152,58046914,797527228.11,6.0387,9.0627,961248514.0,9904999983.799501,2026-07-14
2024-11-08,sh.603027,千禾味业,10.5165408,9.989616,10.6702272,9.9383872,40020963,553569239.02,4.1635,-3.054,961233650.0,9602355049.7784,2026-07-14
2024-11-11,sh.603027,千禾味业,9.87984,9.9603424,10.0628,9.69688,27927635,375724478.64,2.9054,-0.293,961232016.0,9574200005.202278,2026-07-14
2024-11-12,sh.603027,千禾味业,9.9603424,9.87984,10.1433024,9.770064,20304173,277084842.89,2.1123,-0.8082,961235289.0,9496850857.67376,2026-07-14
2024-11-13,sh.603027,千禾味业,9.8505664,9.8359296,9.8944768,9.6529696,17577235,234738629.48,1.8286,-0.4444,961240020.0,9454689165.422592,2026-07-14
2024-11-14,sh.603027,千禾味业,9.806656,9.623696,9.87984,9.6017408,14368984,191372397.22,1.4948,-2.1577,961264651.0,9250918776.770096,2026-07-14
2024-11-15,sh.603027,千禾味业,9.587104,9.5358752,9.7773824,9.5285568,12366714,162846976.14,1.2865,-0.9125,961268092.0,9166532559.054117,2026-07-14
2024-11-18,sh.603027,千禾味业,9.6090592,9.1772736,9.6529696,9.1040896,18468543,236200127.62,1.9213,-3.7606,961252433.0,8821676576.30667,2026-07-14
2024-11-19,sh.603027,千禾味业,9.1406816,9.294368,9.3090048,9.0455424,11933061,149809751.03,1.2414,1.2759,961258337.0,8934288727.146017,2026-07-14
2024-11-20,sh.603027,千禾味业,9.294368,9.3163232,9.3382784,9.184592,10630534,134520989.98,1.1059,0.2362,961256352.0,8955374853.284966,2026-07-14
2024-11-21,sh.603027,千禾味业,9.3163232,9.221184,9.3382784,9.1699552,10139860,127986823.29,1.0549,-1.0212,961215281.0,8863542969.712704,2026-07-14
2024-11-22,sh.603027,千禾味业,9.2065472,8.8406272,9.2138656,8.8259904,13433284,165570726.08,1.3975,-4.127,961236780.0,8497936022.908416,2026-07-14
2024-11-25,sh.603027,千禾味业,8.8406272,8.928448,8.928448,8.7601248,10754957,130146014.88,1.1189,0.9934,961208061.0,8582096189.819327,2026-07-14
2024-11-26,sh.603027,千禾味业,8.891856,8.9577216,9.038224,8.8772192,7848040,96190299.24,0.8164,0.3279,961298383.0,8611043289.444172,2026-07-14
2024-11-27,sh.603027,千禾味业,8.9577216,9.1406816,9.148,8.78208,10659189,130595071.36,1.1089,2.0425,961239877.0,8786387656.880163,2026-07-14
2024-11-28,sh.603027,千禾味业,9.111408,9.0162688,9.1553184,9.0089504,6710263,83230078.63,0.6981,-1.3611,961218020.0,8666600043.723776,2026-07-14
2024-11-29,sh.603027,千禾味业,9.0089504,9.3163232,9.440736,9.0089504,18610535,235999753.4,1.9361,3.3279,961238314.0,8955206805.447084,2026-07-14
2024-12-02,sh.603027,千禾味业,9.3236416,9.4626912,9.5285568,9.294368,16419880,211845742.36,1.7082,1.5711,961238731.0,9095905280.932867,2026-07-14
2024-12-03,sh.603027,千禾味业,9.4553728,9.4480544,9.4700096,9.3090048,10297551,132205443.55,1.0713,-0.1547,961220106.0,9081659851.861767,2026-07-14
2024-12-04,sh.603027,千禾味业,9.3895072,9.3236416,9.51392,9.2724128,9805542,125943398.54,1.0201,-1.3168,961233408.0,8962195790.138573,2026-07-14
2024-12-05,sh.603027,千禾味业,9.2504576,9.2138656,9.294368,9.1626368,9474188,119388860.38,0.9856,-1.1774,961260958.0,8856929273.539246,2026-07-14
2024-12-06,sh.603027,千禾味业,9.2285024,9.2650944,9.33096,9.111408,14068820,177722149.88,1.4636,0.556,961247609.0,8906049839.15929,2026-07-14
2024-12-09,sh.603027,千禾味业,9.2724128,9.0967712,9.3090048,9.0528608,13926847,174516270.52,1.4488,-1.8167,961267739.0,8744432683.624315,2026-07-14
2024-12-10,sh.603027,千禾味业,9.4846464,9.477328,9.989616,9.4553728,41590083,551161027.3,4.3267,4.1834,961242587.0,9110011284.567535,2026-07-14
2024-12-11,sh.603027,千禾味业,9.3382784,9.7554272,9.806656,9.3382784,29646703,392638055.48,3.0842,2.9344,961244504.0,9377350780.172108,2026-07-14
2024-12-12,sh.603027,千禾味业,9.7188352,9.9676608,10.0042528,9.623696,34338329,461486217.76,3.5723,2.1755,961238670.0,9581301010.403137,2026-07-14
2024-12-13,sh.603027,千禾味业,9.9676608,9.733472,10.0042528,9.6749248,24913294,334705256.92,2.5918,-2.3495,961235203.0,9356155933.814817,2026-07-14
2024-12-16,sh.603027,千禾味业,9.660288,9.6090592,9.7554272,9.5358752,16650137,219514329.24,1.7321,-1.2782,961268807.0,9236888873.576376,2026-07-14
2024-12-17,sh.603027,千禾味业,9.5651488,9.440736,9.6383328,9.3821888,14274519,185085729.65,1.485,-1.7517,961247071.0,9074879828.084255,2026-07-14
2024-12-18,sh.603027,千禾味业,9.4480544,9.3602336,9.4919648,9.3163232,11885147,152302427.58,1.2364,-0.8527,961270382.0,8997715328.281237,2026-07-14
2024-12-19,sh.603027,千禾味业,9.294368,9.33096,9.3895072,9.148,12139652,153799070.08,1.2629,-0.3127,961252039.0,8969404325.827438,2026-07-14
2024-12-20,sh.603027,千禾味业,9.33096,9.4114624,9.5358752,9.33096,13721678,177008814.75,1.4275,0.8627,961238389.0,9046658955.510073,2026-07-14
2024-12-23,sh.603027,千禾味业,9.4114624,9.221184,9.477328,9.2065472,12767909,162612532.59,1.3283,-2.0218,961221787.0,8863602962.735807,2026-07-14
2024-12-24,sh.603027,千禾味业,9.221184,9.3529152,9.4114624,9.221184,9667489,122968400.56,1.0057,1.4286,961269663.0,8990673642.371578,2026-07-14
2024-12-25,sh.603027,千禾味业,9.3529152,9.3748704,9.3968256,9.221184,8818439,112182415.36,0.9174,0.2347,961242533.0,9011524169.842724,2026-07-14
2024-12-26,sh.603027,千禾味业,9.404144,9.3163232,9.4260992,9.2724128,8730960,111186944.7,0.9083,-0.6245,961241880.0,8955240027.455616,2026-07-14
2024-12-27,sh.603027,千禾味业,9.2650944,9.221184,9.367552,9.221184,10539649,133635283.49,1.0965,-1.0212,961208299.0,8863478587.406015,2026-07-14
2024-12-30,sh.603027,千禾味业,9.1626368,9.0528608,9.2285024,9.001632,12609745,156580418.18,1.3118,-1.8254,961255146.0,8702109030.021677,2026-07-14
2024-12-31,sh.603027,千禾味业,9.0528608,8.8625824,9.1187264,8.855264,13944197,170609159.62,1.4506,-2.1019,961270991.0,8519343366.467159,2026-07-14
2025-01-02,sh.603027,千禾味业,8.8625824,8.7601248,8.9796768,8.6503488,15432269,186502041.56,1.6054,-1.1561,961272518.0,8420867224.490246,2026-07-14
2025-01-03,sh.603027,千禾味业,8.7747616,8.4454336,8.8040352,8.4307968,17297988,202496838.42,1.7995,-3.5923,961266352.0,8118311147.7302265,2026-07-14
2025-01-06,sh.603027,千禾味业,8.4454336,8.2332,8.4673888,8.1453792,15297278,173160313.87,1.5914,-2.513,961246575.0,7914135301.29,2026-07-14
2025-01-07,sh.603027,千禾味业,8.2332,8.2990656,8.306384,8.1014688,11035661,123734894.78,1.1481,0.8,961210783.0,7977151343.544365,2026-07-14
2025-01-08,sh.603027,千禾味业,8.2917472,8.1746528,8.2917472,8.0209664,10738062,119588428.14,1.1171,-1.4991,961244472.0,7857839814.519322,2026-07-14
2025-01-09,sh.603027,千禾味业,8.1380608,8.0795136,8.2039264,8.0429216,11502404,127445200.3,1.1966,-1.1638,961257229.0,7766490854.803815,2026-07-14
2025-01-10,sh.603027,千禾味业,8.0721952,7.8819168,8.0721952,7.8819168,11040300,120177863.84,1.1485,-2.4457,961279930.0,7576728429.769824,2026-07-14
2025-01-13,sh.603027,千禾味业,7.8380064,7.9843744,7.9843744,7.7721408,8541896,92290929.6,0.8886,1.2999,961275715.0,7675185210.187696,2026-07-14
2025-01-14,sh.603027,千禾味业,7.9843744,8.1380608,8.160016,7.9697376,17303456,191379428.2,1.8001,1.9248,961249708.0,7822708567.686246,2026-07-14
2025-01-15,sh.603027,千禾味业,8.1307424,8.1673344,8.2112448,8.05024,12087950,134522273.86,1.2575,0.3597,961268390.0,7851000389.279615,2026-07-14
2025-01-16,sh.603027,千禾味业,8.1746528,8.2258816,8.3868864,8.1526976,11069162,124907066.32,1.1515,0.7168,961281980.0,7907391751.693567,2026-07-14
2025-01-17,sh.603027,千禾味业,8.2258816,8.6283936,8.818672,8.1673344,30704407,360091873.96,3.1942,4.8932,961254993.0,8294086429.569245,2026-07-14
2025-01-20,sh.603027,千禾味业,8.7015776,8.672304,8.8113536,8.6283936,14017481,166839839.48,1.4583,0.5089,961220668.0,8335997843.979073,2026-07-14
2025-01-21,sh.603027,千禾味业,8.7381696,8.5405728,8.7528064,8.4600704,9586863,111839379.42,0.9973,-1.519,961281761.0,8209896861.132701,2026-07-14
2025-01-22,sh.603027,千禾味业,8.5478912,8.3868864,8.562528,8.3283392,8443840,97002146.9,0.8784,-1.7995,961275046.0,8062104609.956775,2026-07-14
2025-01-23,sh.603027,千禾味业,8.452752,8.3283392,8.5186176,8.3137024,9031437,103854062.96,0.9396,-0.6981,961200192.0,8005201238.081126,2026-07-14
2025-01-24,sh.603027,千禾味业,8.3210208,8.4966624,8.5112992,8.269792,11461316,131520700.44,1.1923,2.0211,961277866.0,8167653499.994438,2026-07-14
2025-01-27,sh.603027,千禾味业,8.4966624,8.5039808,8.6137568,8.4381152,7201031,83925072.47,0.7491,0.0861,961291016.0,8174800343.276494,2026-07-14
2025-02-05,sh.603027,千禾味业,8.525936,8.4234784,8.5844832,8.379568,6796971,78578658.13,0.7071,-0.9466,961246076.0,8097035558.270759,2026-07-14
2025-02-06,sh.603027,千禾味业,8.3942048,8.4454336,8.4600704,8.2844288,9396387,107430294.02,0.9775,0.2606,961267212.0,8118318410.8031225,2026-07-14
2025-02-07,sh.603027,千禾味业,8.4381152,8.41616,8.5332544,8.342976,17799241,205329152.54,1.8517,-0.3466,961237836.0,8089931425.82976,2026-07-14
2025-02-10,sh.603027,千禾味业,8.4454336,8.6137568,8.635712,8.3576128,17937198,208128621.58,1.866,2.3478,961264630.0,8280099743.261985,2026-07-14
2025-02-11,sh.603027,千禾味业,8.6064384,8.4820256,8.6503488,8.4307968,9539488,110652995.06,0.9924,-1.5293,961254333.0,8153383860.616925,2026-07-14
2025-02-12,sh.603027,千禾味业,8.4820256,8.4966624,8.5332544,8.4015232,8887790,102742436.78,0.9246,0.1726,961257841.0,8167483354.329879,2026-07-14
2025-02-13,sh.603027,千禾味业,8.5186176,8.6137568,8.708896,8.4747072,15986129,187766737.64,1.6631,1.3781,961224761.0,8279756321.392126,2026-07-14
2025-02-14,sh.603027,千禾味业,8.5771648,8.59912,8.672304,8.5332544,9278176,108895611.02,0.9652,-0.1699,961269789.0,8266074267.98568,2026-07-14
2025-02-17,sh.603027,千禾味业,8.59912,8.5112992,8.6283936,8.4820256,9640468,112372187.26,1.0029,-1.0213,961259148.0,8181564217.365082,2026-07-14
2025-02-18,sh.603027,千禾味业,8.5186176,8.3576128,8.525936,8.3283392,11451142,131781670.08,1.1913,-1.8057,961230756.0,8033594470.099277,2026-07-14
2025-02-19,sh.603027,千禾味业,8.342976,8.3137024,8.3576128,8.2551552,11312607,128405710.71,1.1769,-0.5254,961220749.0,7991303247.891098,2026-07-14
2025-02-20,sh.603027,千禾味业,8.3137024,8.3576128,8.4600704,8.269792,10010967,114571908.41,1.0415,0.5282,961206625.0,8033392792.5448,2026-07-14
2025-02-21,sh.603027,千禾味业,8.379568,8.3502944,8.4600704,8.2551552,10497519,119641995.17,1.0921,-0.0876,961223240.0,8026497038.121855,2026-07-14
2025-02-24,sh.603027,千禾味业,8.3283392,8.3210208,8.4747072,8.2844288,10716262,122417854.37,1.1148,-0.3506,961272156.0,7998765604.536844,2026-07-14
2025-02-25,sh.603027,千禾味业,8.2917472,8.196608,8.2917472,8.1892896,9496668,106837589.55,0.988,-1.4952,961201215.0,7878589568.47872,2026-07-14
2025-02-26,sh.603027,千禾味业,8.2332,8.4088416,8.4088416,8.2039264,13408802,152302013.01,1.3949,2.5893,961273353.0,8083195359.677885,2026-07-14
2025-02-27,sh.603027,千禾味业,8.379568,8.6210752,8.745488,8.3576128,24592083,287174291.52,2.5584,2.5239,961229010.0,8286827579.631552,2026-07-14
2025-02-28,sh.603027,千禾味业,8.6210752,8.4381152,8.6869408,8.41616,14899479,174016362.2,1.55,-2.1222,961256710.0,8111194855.752993,2026-07-14
2025-03-03,sh.603027,千禾味业,8.4234784,8.4234784,8.6137568,8.342976,14130257,163678625.64,1.47,-0.1735,961241973.0,8097000996.738884,2026-07-14
2025-03-04,sh.603027,千禾味业,8.4234784,8.41616,8.4381152,8.3210208,7567905,86610056.18,0.7873,-0.0869,961247936.0,8090016429.045759,2026-07-14
2025-03-05,sh.603027,千禾味业,8.4234784,8.3137024,8.4234784,8.2771104,10427250,118397811.28,1.0848,-1.2174,961214049.0,7991247546.085018,2026-07-14
2025-03-06,sh.603027,千禾味业,8.342976,8.4234784,8.4234784,8.2771104,9303995,106289356.2,0.9679,1.3204,961255812.0,8097117569.256461,2026-07-14
2025-03-07,sh.603027,千禾味业,8.3868864,8.41616,8.489344,8.3356576,9000236,103362440.51,0.9363,-0.0869,961255580.0,8090080762.1728,2026-07-14
2025-03-10,sh.603027,千禾味业,8.342976,8.4747072,8.4747072,8.342976,7197016,82760742.08,0.7487,0.6957,961268332.0,8146467654.33239,2026-07-14
2025-03-11,sh.603027,千禾味业,8.41616,8.7747616,8.7747616,8.3722496,21425393,253159524.07,2.2289,3.5406,961254116.0,8434775704.918745,2026-07-14
2025-03-12,sh.603027,千禾味业,8.7747616,8.6430304,8.8333088,8.635712,11278705,134136268.26,1.1733,-1.5013,961280576.0,8308377241.297511,2026-07-14
2025-03-13,sh.603027,千禾味业,8.6430304,8.7601248,9.074816,8.6283936,26394648,319170137.95,2.7459,1.3548,961238501.0,8420569231.324924,2026-07-14
2025-03-14,sh.603027,千禾味业,8.8040352,9.1187264,9.1699552,8.7967168,29278272,361025779.68,3.0459,4.0936,961235497.0,8765243503.111021,2026-07-14
2025-03-17,sh.603027,千禾味业,9.257776,9.111408,9.2724128,9.0601792,20174769,252089933.91,2.0988,-0.0803,961252573.0,8758364383.652784,2026-07-14
2025-03-18,sh.603027,千禾味业,9.1040896,9.038224,9.148,9.001632,11172145,138065923.47,1.1623,-0.8032,961210101.0,8687632203.900623,2026-07-14
2025-03-19,sh.603027,千禾味业,9.0309056,8.96504,9.1040896,8.9357664,9054897,111111384.49,0.942,-0.8097,961241720.0,8617570469.4688,2026-07-14
2025-03-20,sh.603027,千禾味业,8.8040352,8.635712,8.8113536,8.6064384,22314418,264666696.64,2.3214,-3.6735,961248298.0,8301063462.018176,2026-07-14
2025-03-21,sh.603027,千禾味业,8.41616,8.2990656,8.452752,8.1892896,35912996,408465944.36,3.7361,-3.8983,961242900.0,7977417884.63424,2026-07-14
2025-03-24,sh.603027,千禾味业,8.41616,8.489344,8.6649856,8.3942048,34011453,394300052.9,3.5383,2.2928,961237120.0,8160272577.249279,2026-07-14
2025-03-25,sh.603027,千禾味业,8.489344,8.4966624,8.6210752,8.3502944,18628760,215162326.02,1.938,0.0862,961236326.0,8167300548.638342,2026-07-14
2025-03-26,sh.603027,千禾味业,8.4747072,8.3942048,8.4820256,8.3868864,13890623,160047865.82,1.4451,-1.2059,961222268.0,8068696575.912487,2026-07-14
2025-03-27,sh.603027,千禾味业,8.4088416,8.4381152,8.4600704,8.2990656,12211582,140134103.41,1.2704,0.5231,961239137.0,8111046572.754582,2026-07-14
2025-03-28,sh.603027,千禾味业,8.4307968,8.2185632,8.4381152,8.2185632,18715225,212079029.45,1.947,-2.6019,961233950.0,7899961968.06064,2026-07-14
2025-03-31,sh.603027,千禾味业,8.196608,8.1746528,8.2624736,8.1161056,10788098,120556217.47,1.1223,-0.5343,961249042.0,7857877172.682618,2026-07-14
2025-04-01,sh.603027,千禾味业,8.1819712,8.2844288,8.2917472,8.160016,9057886,102032911.22,0.9423,1.3429,961252892.0,7963431142.56809,2026-07-14
2025-04-02,sh.603027,千禾味业,8.269792,8.3576128,8.41616,8.2258816,12045694,137045507.38,1.2531,0.8834,961271567.0,8033935552.635258,2026-07-14
2025-04-03,sh.603027,千禾味业,8.2844288,8.3649312,8.4088416,8.2478368,8448910,96331142.59,0.879,0.0876,961195677.0,8040335707.842422,2026-07-14
2025-04-07,sh.603027,千禾味业,8.0575584,7.611136,8.2185632,7.5306336,25480988,272771922.65,2.6508,-9.0114,961256526.0,7316254150.273536,2026-07-14
2025-04-08,sh.603027,千禾味业,7.611136,8.0429216,8.05024,7.611136,23945691,259261373.86,2.4911,5.6731,961249689.0,7731255886.651382,2026-07-14
2025-04-09,sh.603027,千禾味业,7.9624192,8.3283392,8.4088416,7.8599616,23061989,256545209.09,2.3992,3.5487,961236621.0,8005504631.149843,2026-07-14
2025-04-10,sh.603027,千禾味业,8.3356576,8.2917472,8.379568,8.2185632,17838451,202378461.39,1.8558,-0.4394,961227018.0,7970251435.065849,2026-07-14
2025-04-11,sh.603027,千禾味业,8.2185632,8.1819712,8.2478368,8.123424,10817115,120921241.38,1.1253,-1.3239,961264996.0,7865042512.840115,2026-07-14
2025-04-14,sh.603027,千禾味业,8.1892896,8.2478368,8.2990656,8.1892896,9321648,105095404.46,0.9697,0.805,961291946.0,7928579087.762413,2026-07-14
2025-04-15,sh.603027,千禾味业,8.2039264,8.3283392,8.3722496,8.1673344,13085232,148376629.87,1.3613,0.976,961230588.0,8005454386.279449,2026-07-14
2025-04-16,sh.603027,千禾味业,8.4747072,8.6137568,8.7162144,8.41616,31400535,368511862.91,3.2667,3.4271,961231059.0,8279810570.832452,2026-07-14
2025-04-17,sh.603027,千禾味业,8.5478912,8.7747616,8.8699008,8.5039808,25817390,306798988.96,2.6858,1.8692,961255120.0,8434784514.779391,2026-07-14
2025-04-18,sh.603027,千禾味业,8.7308512,8.6064384,8.8699008,8.5698464,19799177,234558728.87,2.0597,-1.9183,961265087.0,8273068757.336141,2026-07-14
2025-04-21,sh.603027,千禾味业,8.562528,8.525936,8.6649856,8.489344,12391024,145034538.64,1.2891,-0.9354,961215111.0,8195258518.618896,2026-07-14
2025-04-22,sh.603027,千禾味业,8.5039808,8.5112992,8.5552096,8.4600704,10567350,122832279.54,1.0993,-0.1717,961279905.0,8181740886.4025755,2026-07-14
2025-04-23,sh.603027,千禾味业,8.525936,8.4381152,8.525936,8.41616,13538981,156318656.14,1.4085,-0.8598,961234008.0,8111003293.661722,2026-07-14
2025-04-24,sh.603027,千禾味业,8.4015232,8.3942048,8.4600704,8.3576128,9237527,105991753.17,0.961,-0.5204,961241103.0,8068854680.759895,2026-07-14
2025-04-25,sh.603027,千禾味业,8.3868864,8.379568,8.4381152,8.3502944,7992267,91746453.35,0.8315,-0.1744,961186651.0,8054328902.746769,2026-07-14
2025-04-28,sh.603027,千禾味业,8.3576128,8.2405184,8.3722496,8.2258816,8971486,101310854.5,0.9333,-1.6594,961264974.0,7921321705.522521,2026-07-14
2025-04-29,sh.603027,千禾味业,8.2405184,8.2844288,8.306384,8.2258816,5325048,60205896.6,0.554,0.5329,961200000.0,7962992962.56,2026-07-14
2025-04-30,sh.603027,千禾味业,8.2917472,8.2405184,8.3576128,8.2332,8359503,94739917.75,0.8697,-0.53,961193860.0,7920735689.297023,2026-07-14
2025-05-06,sh.603027,千禾味业,8.2844288,8.3576128,8.3649312,8.2551552,8589428,97560471.56,0.8936,1.421,961216204.0,8033472850.117811,2026-07-14
2025-05-07,sh.603027,千禾味业,8.41616,8.379568,8.4673888,8.3283392,8041040,92075936.28,0.8365,0.2627,961271967.0,8055043813.970257,2026-07-14
2025-05-08,sh.603027,千禾味业,8.3576128,8.3722496,8.3942048,8.3137024,5962737,68161264.51,0.6203,-0.0873,961266645.0,8047964284.094592,2026-07-14
2025-05-09,sh.603027,千禾味业,8.4015232,8.4015232,8.41616,8.3283392,6905449,79046055.57,0.7184,0.3497,961226197.0,8075764194.54327,2026-07-14
2025-05-12,sh.603027,千禾味业,8.4454336,8.5771648,8.5771648,8.3502944,14657959,170064587.72,1.5249,2.0906,961240672.0,8244719656.206746,2026-07-14
2025-05-13,sh.603027,千禾味业,8.5918016,8.6649856,8.708896,8.5112992,15590176,184007110.42,1.6219,1.0239,961229176.0,8329036968.339866,2026-07-14
2025-05-14,sh.603027,千禾味业,8.635712,8.5844832,8.6576672,8.489344,9351730,109518887.35,0.9729,-0.9291,961222119.0,8251595132.0239,2026-07-14
2025-05-15,sh.603027,千禾味业,8.562528,8.5332544,8.6210752,8.525936,6171691,72151574.85,0.6421,-0.5968,961172870.0,8201932622.088128,2026-07-14
2025-05-16,sh.603027,千禾味业,8.525936,8.4381152,8.525936,8.4088416,7363446,85023529.26,0.766,-1.1149,961285379.0,8111436768.0776615,2026-07-14
2025-05-19,sh.603027,千禾味业,8.4381152,8.59912,8.6503488,8.41616,11612966,135885448.48,1.2081,1.9081,961258671.0,8265978662.96952,2026-07-14
2025-05-20,sh.603027,千禾味业,8.5771648,8.6430304,8.7528064,8.562528,12674124,150144939.41,1.3185,0.5106,961253242.0,8308140992.704557,2026-07-14
2025-05-21,sh.603027,千禾味业,8.6210752,8.6064384,8.708896,8.5771648,9355017,110244882.33,0.9732,-0.4234,961263564.0,8273055649.730457,2026-07-14
2025-05-22,sh.603027,千禾味业,8.6064384,8.489344,8.6430304,8.4820256,8033590,93896392.64,0.8358,-1.3605,961185690.0,8159835970.287359,2026-07-14
2025-05-23,sh.603027,千禾味业,8.489344,8.4747072,8.59912,8.4673888,8559552,99848597.23,0.8905,-0.1724,961207412.0,8145951375.169765,2026-07-14
2025-05-26,sh.603027,千禾味业,8.4747072,8.5771648,8.6137568,8.4600704,8941502,104475563.33,0.9302,1.209,961245109.0,8244757713.086964,2026-07-14
2025-05-27,sh.603027,千禾味业,8.562528,8.6283936,8.745488,8.5332544,10560738,124862625.56,1.0987,0.5973,961203058.0,8293638313.94763,2026-07-14
2025-05-28,sh.603027,千禾味业,8.6283936,8.855264,8.8699008,8.5844832,20897238,250756522.7,2.174,2.6293,961234499.0,8511985254.552736,2026-07-14
2025-05-29,sh.603027,千禾味业,8.8259904,8.7381696,8.891856,8.7162144,16691633,199916747.5,1.7365,-1.3223,961222747.0,8399327386.663892,2026-07-14
2025-05-30,sh.603027,千禾味业,8.7747616,8.6869408,8.8333088,8.672304,11221600,134093822.64,1.1674,-0.5863,961247216.0,8350297659.556813,2026-07-14
2025-06-03,sh.603027,千禾味业,8.6210752,8.745488,8.7601248,8.6137568,9141630,108482039.0,0.951,0.674,961264984.0,8406731382.392192,2026-07-14
2025-06-04,sh.603027,千禾味业,8.7162144,8.7528064,8.78208,8.6869408,7722125,92186177.89,0.8033,0.0837,961300261.0,8414075076.802471,2026-07-14
2025-06-05,sh.603027,千禾味业,8.745488,8.672304,8.7747616,8.6430304,9042352,107363062.9,0.9407,-0.9197,961236526.0,8336135369.375904,2026-07-14
2025-06-06,sh.603027,千禾味业,8.6942592,8.5771648,8.6942592,8.562528,9055246,106320294.01,0.942,-1.097,961278769.0,8245046420.454131,2026-07-14
2025-06-09,sh.603027,千禾味业,8.5771648,8.5186176,8.6137568,8.4966624,15552773,181491607.86,1.618,-0.6826,961234425.0,8188388490.530881,2026-07-14
2025-06-10,sh.603027,千禾味业,8.5186176,8.5112992,8.525936,8.3942048,14871742,171963535.0,1.5471,-0.0859,961265723.0,8181620179.157321,2026-07-14
2025-06-11,sh.603027,千禾味业,8.4966624,8.5186176,8.5552096,8.4600704,9850314,114598088.6,1.0247,0.086,961287596.0,8188841433.94729,2026-07-14
2025-06-12,sh.603027,千禾味业,8.5332544,8.562528,8.59912,8.4600704,11054562,128595547.76,1.15,0.5155,961266261.0,8230869275.267808,2026-07-14
2025-06-13,sh.603027,千禾味业,8.5405728,8.41616,8.562528,8.3942048,11782612,135978410.23,1.2258,-1.7094,961218143.0,8089765686.39088,2026-07-14
2025-06-16,sh.603027,千禾味业,8.306384,8.379568,8.4015232,8.306384,7275526,83128324.6,0.7569,-0.4348,961226846.0,8054665719.482529,2026-07-14
2025-06-17,sh.603027,千禾味业,8.4015232,8.4234784,8.4673888,8.3868864,5753088,66235862.07,0.5985,0.524,961251128.0,8097078113.683636,2026-07-14
2025-06-18,sh.603027,千禾味业,8.4234784,8.4088416,8.4600704,8.3868864,5597705,64360725.5,0.5823,-0.1738,961309462.0,8083498994.53922,2026-07-14
2025-06-19,sh.603027,千禾味业,8.3942048,8.3356576,8.4307968,8.306384,7617373,86916828.89,0.7925,-0.8703,961182713.0,8012089986.607068,2026-07-14
2025-06-20,sh.603027,千禾味业,8.3283392,8.3283392,8.41616,8.3210208,6268337,71667830.2,0.6521,-0.0878,961253949.0,8005648944.611501,2026-07-14
2025-06-23,sh.603027,千禾味业,8.306384,8.3868864,8.4088416,8.269792,5405578,61585440.36,0.5624,0.703,961162518.0,8061160850.403955,2026-07-14
2025-06-24,sh.603027,千禾味业,8.3942048,8.4820256,8.4820256,8.3942048,6828354,78916496.21,0.7104,1.1344,961198480.0,8152910114.041088,2026-07-14
2025-06-25,sh.603027,千禾味业,8.5039808,8.5186176,8.5332544,8.452752,6948332,80702286.23,0.7228,0.4314,961307692.0,8189012624.08658,2026-07-14
2025-06-26,sh.603027,千禾味业,8.525936,8.5112992,8.5405728,8.4747072,6493837,75472783.95,0.6756,-0.0859,961195530.0,8181022745.532576,2026-07-14
2025-06-27,sh.603027,千禾味业,8.4966624,8.4966624,8.562528,8.4820256,5310386,61763965.69,0.5525,-0.172,961155837.0,8166616660.778429,2026-07-14
2025-06-30,sh.603027,千禾味业,8.4966624,8.4966624,8.525936,8.4673888,6269222,72762379.46,0.6522,0.0,961242257.0,8167350942.343037,2026-07-14
2025-07-01,sh.603027,千禾味业,8.5039808,8.4820256,8.525936,8.4454336,7057582,81727440.06,0.7342,-0.1723,961261509.0,8153444727.63263,2026-07-14
2025-07-02,sh.603027,千禾味业,8.4600704,8.4307968,8.4966624,8.4015232,8180933,94322103.63,0.8511,-0.604,961218776.0,8103840180.800716,2026-07-14
2025-07-03,sh.603027,千禾味业,8.41616,8.4673888,8.4820256,8.4015232,6010739,69401354.08,0.6253,0.434,961256837.0,8139335375.537226,2026-07-14
2025-07-04,sh.603027,千禾味业,8.4673888,8.4381152,8.4673888,8.4088416,4369178,50371694.48,0.4545,-0.3457,961315292.0,8111689177.417639,2026-07-14
2025-07-07,sh.603027,千禾味业,8.452752,8.41616,8.452752,8.4088416,4001461,46059041.89,0.4163,-0.2602,961196493.0,8089583476.526879,2026-07-14
2025-07-08,sh.603027,千禾味业,8.4088416,8.4673888,8.4747072,8.4088416,5373558,62048961.3,0.559,0.6087,961280501.0,8139535747.8257885,2026-07-14
2025-07-09,sh.603027,千禾味业,8.4600704,8.5186176,8.5552096,8.4454336,9573815,111460133.46,0.996,0.605,961226406.0,8188320179.736346,2026-07-14
2025-07-10,sh.603027,千禾味业,8.489344,8.5552096,8.5552096,8.4820256,6500460,75745200.79,0.6763,0.4296,961179950.0,8223095935.567519,2026-07-14
2025-07-11,sh.603027,千禾味业,8.562528,8.5844832,8.6503488,8.5478912,10332845,121340389.42,1.0749,0.3422,961284306.0,8252128975.280659,2026-07-14
2025-07-14,sh.603027,千禾味业,8.5844832,8.5918016,8.6137568,8.525936,8203435,96190540.24,0.8534,0.0853,961264940.0,8258997649.515904,2026-07-14
2025-07-15,sh.603027,千禾味业,8.5918016,8.6210752,8.7674432,8.5771648,16117847,190853614.54,1.6768,0.3407,961226562.0,8286806475.239462,2026-07-14
2025-07-16,sh.603027,千禾味业,8.6210752,8.59912,8.672304,8.5112992,9713085,113896216.45,1.0105,-0.2547,961215735.0,8265609451.153199,2026-07-14
2025-07-17,sh.603027,千禾味业,8.5918016,8.6137568,8.6649856,8.5918016,8078466,95158923.37,0.8404,0.1702,961264398.0,8280097744.870407,2026-07-14
2025-07-18,sh.603027,千禾味业,8.6576672,8.6283936,8.6576672,8.6064384,6373787,75130249.6,0.6631,0.1699,961210526.0,8293702750.791035,2026-07-14
2025-07-21,sh.603027,千禾味业,8.635712,8.6942592,8.7308512,8.635712,11924894,141585596.04,1.2406,0.7634,961219894.0,8357094906.6325245,2026-07-14
2025-07-22,sh.603027,千禾味业,8.6942592,8.7967168,8.8259904,8.6869408,16954589,203293194.75,1.7638,1.1785,961253487.0,8455874698.151482,2026-07-14
2025-07-23,sh.603027,千禾味业,8.8259904,8.855264,8.96504,8.8040352,18956567,230497352.98,1.9721,0.6656,961237615.0,8512012847.55536,2026-07-14
2025-07-24,sh.603027,千禾味业,8.9211296,9.0821344,9.0821344,8.8772192,18651420,229293255.18,1.9403,2.562,961264753.0,8730335680.728802,2026-07-14
2025-07-25,sh.603027,千禾味业,9.1187264,9.001632,9.1626368,8.9943136,16361738,202560563.26,1.7021,-0.8864,961267728.0,8652978340.932096,2026-07-14
2025-07-28,sh.603027,千禾味业,9.001632,9.1040896,9.1333632,8.928448,14396759,177808557.39,1.4977,1.1382,961257862.0,8751377704.352436,2026-07-14
2025-07-29,sh.603027,千禾味业,9.1040896,9.1406816,9.148,8.9723584,15038899,186279629.63,1.5645,0.4019,961259124.0,8786563587.578918,2026-07-14
2025-07-30,sh.603027,千禾味业,9.0720721,9.20929672,9.24741467,8.88148235,19808752,237213521.64,2.0607,0.7506,961263260.0,8852558587.374506,2026-07-14
2025-07-31,sh.603027,千禾味业,9.16355518,9.04920133,9.20167313,8.98821261,13746615,163639736.86,1.4301,-1.7384,961234529.0,8698404778.268724,2026-07-14
2025-08-01,sh.603027,千禾味业,9.04157774,9.06444851,9.13306082,9.01108338,8154367,97023745.64,0.8483,0.1685,961259814.0,8713290088.735178,2026-07-14
2025-08-04,sh.603027,千禾味业,9.01870697,8.9958362,9.05682492,8.96534184,7899579,93251961.18,0.8218,-0.7569,961253225.0,8647276558.821745,2026-07-14
2025-08-05,sh.603027,千禾味业,8.9958362,9.00345979,9.03395415,8.96534184,7439555,87784683.21,0.774,0.0847,961182817.0,8653970843.69843,2026-07-14
2025-08-06,sh.603027,千禾味业,9.01108338,8.95009466,9.01108338,8.87385876,11187199,131068057.41,1.1638,-0.5927,961264736.0,8603410380.519909,2026-07-14
2025-08-07,sh.603027,千禾味业,8.94247107,8.95009466,9.00345979,8.9196003,9323794,109554048.24,0.97,0.0,961215876.0,8602973078.894821,2026-07-14
2025-08-08,sh.603027,千禾味业,8.95771825,8.9958362,9.02633056,8.92722389,7861206,92707892.8,0.8178,0.5111,961262656.0,8647361398.552946,2026-07-14
2025-08-11,sh.603027,千禾味业,9.01108338,9.01870697,9.04920133,9.00345979,9019605,106737960.08,0.9383,0.2542,961270915.0,8669420701.168777,2026-07-14
2025-08-12,sh.603027,千禾味业,8.9958362,9.06444851,9.11781364,8.98821261,11177583,132823901.02,1.1628,0.5072,961264448.0,8713332093.389572,2026-07-14
2025-08-13,sh.603027,千禾味业,9.06444851,9.08731928,9.11781364,9.01870697,10300505,122500416.52,1.0716,0.2523,961226670.0,8734973650.741198,2026-07-14
2025-08-14,sh.603027,千禾味业,9.11019005,9.16355518,9.33889775,9.06444851,21164251,255140116.32,2.2018,0.8389,961224952.0,8808237888.044851,2026-07-14
2025-08-15,sh.603027,千禾味业,9.14068441,9.2245439,9.2245439,9.11781364,13322404,160354205.13,1.386,0.6656,961212410.0,8866746073.2698,2026-07-14
2025-08-18,sh.603027,千禾味业,9.2245439,9.3007798,9.33889775,9.21692031,15018683,183113021.27,1.5624,0.8264,961257232.0,8940441845.989515,2026-07-14
2025-08-19,sh.603027,千禾味业,9.31602698,9.23979108,9.35414493,9.2245439,12083747,147067733.88,1.2571,-0.6557,961239917.0,8881656010.83654,2026-07-14
2025-08-20,sh.603027,千禾味业,9.23216749,9.46087519,9.49136955,9.15593159,18988091,233494707.0,1.9754,2.3927,961227650.0,9094054825.827003,2026-07-14
2025-08-21,sh.603027,千禾味业,9.47612237,9.46849878,9.57522904,9.36176852,14994439,185737920.31,1.5599,0.0806,961243605.0,9101533901.225302,2026-07-14
2025-08-22,sh.603027,千禾味业,9.44562801,9.3770157,9.50661673,9.29315621,16018066,196659747.39,1.6664,-0.9662,961237758.0,9013541548.1988,2026-07-14
2025-08-25,sh.603027,千禾味业,9.41513365,9.78868956,9.88017264,9.3770157,31361950,396107773.99,3.2626,4.3902,961256360.0,9409440095.6156,2026-07-14
2025-08-26,sh.603027,千禾味业,9.8344311,9.93353777,10.10125675,9.77344238,27783260,363713459.32,2.8903,1.4798,961258693.0,9548699533.656334,2026-07-14
2025-08-27,sh.603027,千禾味业,9.91829059,9.58285263,9.91829059,9.58285263,21738460,278066595.44,2.2615,-3.5303,961240769.0,9211428631.274872,2026-07-14
2025-08-28,sh.603027,千禾味业,9.3007798,9.23979108,9.42275724,9.0720721,39874323,483619712.71,4.1482,-3.58,961243985.0,8881693598.306654,2026-07-14
2025-08-29,sh.603027,千禾味业,9.26266185,9.39988647,9.64384135,9.23979108,29243326,359802263.01,3.0422,1.7327,961255867.0,9035696018.42142,2026-07-14
2025-09-01,sh.603027,千禾味业,9.40751006,9.26266185,9.46087519,9.21692031,19174390,234080150.36,1.9948,-1.4599,961218669.0,8903443494.854078,2026-07-14
2025-09-02,sh.603027,千禾味业,9.23216749,9.17117877,9.28553262,9.08731928,15860135,190933923.3,1.65,-0.9877,961220303.0,8815523236.166567,2026-07-14
2025-09-03,sh.603027,千禾味业,9.17117877,8.98821261,9.24741467,8.96534184,14001379,166116911.29,1.4566,-1.995,961237059.0,8639803054.903114,2026-07-14
2025-09-04,sh.603027,千禾味业,8.98821261,9.09494287,9.12543723,8.95771825,11754877,139572640.02,1.2229,1.1874,961229618.0,8742328460.661924,2026-07-14
2025-09-05,sh.603027,千禾味业,9.09494287,9.08731928,9.11019005,8.98821261,9959632,118019484.08,1.0361,-0.0838,961261654.0,8735291561.51889,2026-07-14
2025-09-08,sh.603027,千禾味业,9.07969569,9.2245439,9.25503826,9.06444851,16080356,193688380.63,1.6729,1.5101,961226373.0,8866874875.576275,2026-07-14
2025-09-09,sh.603027,千禾味业,9.21692031,9.2245439,9.31602698,9.14068441,9950516,120351838.36,1.0352,0.0,961216770.0,8866786292.281204,2026-07-14
2025-09-10,sh.603027,千禾味业,9.21692031,9.2245439,9.25503826,9.16355518,7381158,89164861.82,0.7679,0.0,961213439.0,8866755565.325472,2026-07-14
2025-09-11,sh.603027,千禾味业,9.17880236,9.19404954,9.21692031,9.07969569,12177097,146036305.54,1.2668,-0.3306,961248579.0,8837767055.580605,2026-07-14
2025-09-12,sh.603027,千禾味业,9.17117877,9.05682492,9.23216749,9.04920133,11853741,141586340.85,1.2332,-1.4925,961218051.0,8705583597.850632,2026-07-14
2025-09-15,sh.603027,千禾味业,9.05682492,9.00345979,9.08731928,8.98058902,9266311,109762528.11,0.964,-0.5892,961235581.0,8654445902.25079,2026-07-14
2025-09-16,sh.603027,千禾味业,9.03395415,8.98821261,9.04157774,8.92722389,7599313,89435947.21,0.7906,-0.1693,961208323.0,8639544769.625553,2026-07-14
2025-09-17,sh.603027,千禾味业,8.98058902,8.9958362,9.02633056,8.94247107,6258300,73735086.54,0.6511,0.0848,961188757.0,8646696615.253603,2026-07-14
2025-09-18,sh.603027,千禾味业,9.00345979,8.85861158,9.00345979,8.82811722,10639412,124465408.26,1.1068,-1.5254,961276834.0,8515578093.258138,2026-07-14
2025-09-19,sh.603027,千禾味业,8.8433644,8.88910594,8.88910594,8.77475209,7190086,83230961.4,0.748,0.3442,961241444.0,8544577029.634578,2026-07-14
2025-09-22,sh.603027,千禾味业,8.88910594,8.82811722,8.90435312,8.80524645,5763938,66736379.12,0.5996,-0.6861,961297198.0,8486444347.201549,2026-07-14
2025-09-23,sh.603027,千禾味业,8.83574081,8.65277465,8.85861158,8.6146567,12111108,137797074.8,1.2599,-1.9862,961275339.0,8317698884.969356,2026-07-14
2025-09-24,sh.603027,千禾味业,8.65277465,8.65277465,8.72138696,8.60703311,8367214,94983178.54,0.8705,0.0,961196324.0,8317015185.980386,2026-07-14
2025-09-25,sh.603027,千禾味业,8.66802183,8.55366798,8.67564542,8.54604439,8920052,100558545.83,0.928,-1.1454,961212500.0,8221892583.22575,2026-07-14
2025-09-26,sh.603027,千禾味业,8.55366798,8.62990388,8.66802183,8.51555003,8106373,91287219.86,0.8433,0.8913,961267995.0,8295650399.770321,2026-07-14
2025-09-29,sh.603027,千禾味业,8.62228029,8.62990388,8.67564542,8.5384208,10621655,119752875.6,1.105,0.0,961235747.0,8295372102.629999,2026-07-14
2025-09-30,sh.603027,千禾味业,8.62990388,8.71376337,8.73663414,8.58416234,8064175,91809619.55,0.8389,0.9717,961279652.0,8376363419.923947,2026-07-14
2025-10-09,sh.603027,千禾味业,8.72901055,8.75950491,8.7671285,8.60703311,10243552,116744605.16,1.0657,0.5249,961204091.0,8419671954.626587,2026-07-14
2025-10-10,sh.603027,千禾味业,8.75950491,8.85098799,8.88148235,8.72901055,8976103,103875048.28,0.9338,1.0444,961244699.0,8507965286.300165,2026-07-14
2025-10-13,sh.603027,千禾味业,8.67564542,8.75950491,8.7671285,8.63752747,7462253,85459658.48,0.7763,-1.0336,961258921.0,8420152238.280803,2026-07-14
2025-10-14,sh.603027,千禾味业,8.78237568,8.78237568,8.83574081,8.73663414,7777072,89575267.39,0.8091,0.2611,961200346.0,8441622542.317985,2026-07-14
2025-10-15,sh.603027,千禾味业,8.78237568,8.83574081,8.86623517,8.72138696,6860344,79302316.8,0.7137,0.6076,961236374.0,8493235457.808224,2026-07-14
2025-10-16,sh.603027,千禾味业,8.87385876,8.9196003,8.92722389,8.8433644,7378738,85968962.24,0.7676,0.9491,961273841.0,8574178440.565753,2026-07-14
2025-10-17,sh.603027,千禾味业,8.88148235,8.88910594,8.98058902,8.85861158,10974111,128369049.23,1.1417,-0.3419,961207936.0,8544279173.47274,2026-07-14
2025-10-20,sh.603027,千禾味业,8.89672953,8.78999927,8.95771825,8.75188132,7416915,85811576.42,0.7716,-1.1149,961238336.0,8449284271.736014,2026-07-14
2025-10-21,sh.603027,千禾味业,8.78999927,8.8433644,8.85098799,8.78237568,5985844,69249214.08,0.6227,0.6071,961272523.0,8500883208.596381,2026-07-14
2025-10-22,sh.603027,千禾味业,8.80524645,8.78999927,8.88910594,8.78999927,6266988,72636109.44,0.652,-0.6034,961194479.0,8448898768.7380295,2026-07-14
2025-10-23,sh.603027,千禾味业,8.8,8.92,8.94,8.8,11185221,99015600.5,0.8951,1.479,1249605742.0,11146483218.64,2026-07-14
2025-10-24,sh.603027,千禾味业,8.95,8.91,8.95,8.84,9035768,80242240.99,0.7231,-0.1121,1249587609.0,11133825596.19,2026-07-14
2025-10-27,sh.603027,千禾味业,8.9,8.87,8.9,8.84,7998992,70906155.99,0.6401,-0.4489,1249647243.0,11084371045.41,2026-07-14
2025-10-28,sh.603027,千禾味业,8.91,8.86,8.95,8.84,5451311,48373691.02,0.4362,-0.1127,1249727419.0,11072584932.34,2026-07-14
2025-10-29,sh.603027,千禾味业,8.86,8.83,8.88,8.76,7504831,66028283.23,0.6006,-0.3386,1249555611.0,11033576045.13,2026-07-14
2025-10-30,sh.603027,千禾味业,8.84,8.76,8.88,8.76,8573026,75680588.11,0.6861,-0.7928,1249530098.0,10945883658.48,2026-07-14
2025-10-31,sh.603027,千禾味业,8.82,9.27,9.28,8.78,40448071,370642252.82,3.2368,5.8219,1249631457.0,11584083606.39,2026-07-14
2025-11-03,sh.603027,千禾味业,9.27,9.47,9.49,9.25,26173774,245578738.31,2.0945,2.1575,1249643065.0,11834119825.550001,2026-07-14
2025-11-04,sh.603027,千禾味业,9.45,9.55,9.65,9.38,25632006,244091462.34,2.0512,0.8448,1249610277.0,11933778145.35,2026-07-14
2025-11-05,sh.603027,千禾味业,9.56,9.46,9.56,9.4,16622002,157721565.73,1.3302,-0.9424,1249586679.0,11821089983.34,2026-07-14
2025-11-06,sh.603027,千禾味业,9.47,9.59,9.73,9.44,18246802,175713264.52,1.4602,1.3742,1249609779.0,11983757780.61,2026-07-14
2025-11-07,sh.603027,千禾味业,9.57,9.75,9.99,9.56,30615989,300841103.34,2.45,1.6684,1249632204.0,12183913989.0,2026-07-14
2025-11-10,sh.603027,千禾味业,9.84,9.88,9.99,9.74,22283866,219318686.63,1.7833,1.3333,1249585936.0,12345909047.68,2026-07-14
2025-11-11,sh.603027,千禾味业,9.88,9.83,9.88,9.71,17071573,166881384.68,1.3661,-0.5061,1249657639.0,12284134591.37,2026-07-14
2025-11-12,sh.603027,千禾味业,9.83,9.85,10.03,9.82,16708284,165591351.51,1.3371,0.2035,1249591205.0,12308473369.25,2026-07-14
2025-11-13,sh.603027,千禾味业,9.85,9.97,10.0,9.72,18761232,185847928.84,1.5014,1.2183,1249582523.0,12458337754.310001,2026-07-14
2025-11-14,sh.603027,千禾味业,9.99,9.83,10.08,9.81,16876826,167151517.16,1.3506,-1.4042,1249579890.0,12283370318.7,2026-07-14
2025-11-17,sh.603027,千禾味业,9.83,9.86,9.9,9.63,19813631,193695129.99,1.5856,0.3052,1249598322.0,12321039454.92,2026-07-14
2025-11-18,sh.603027,千禾味业,9.86,9.82,9.92,9.73,12953927,127225772.76,1.0366,-0.4057,1249655315.0,12271615193.300001,2026-07-14
2025-11-19,sh.603027,千禾味业,9.82,9.69,9.89,9.63,12158946,118062026.24,0.973,-1.3238,1249634738.0,12108960611.22,2026-07-14
2025-11-20,sh.603027,千禾味业,9.7,9.63,9.73,9.52,12519106,120325630.28,1.0018,-0.6192,1249661210.0,12034237452.300001,2026-07-14
2025-11-21,sh.603027,千禾味业,9.62,9.45,9.69,9.41,15794074,150843595.33,1.2639,-1.8692,1249630034.0,11809003821.3,2026-07-14
2025-11-24,sh.603027,千禾味业,9.45,9.43,9.63,9.41,10099821,95820501.33,0.8082,-0.2116,1249668523.0,11784374171.89,2026-07-14
2025-11-25,sh.603027,千禾味业,9.56,9.46,9.56,9.41,10649714,100951158.37,0.8522,0.3181,1249673081.0,11821907346.26,2026-07-14
2025-11-26,sh.603027,千禾味业,9.49,9.61,9.68,9.46,18059313,173068466.71,1.4452,1.5856,1249606490.0,12008718368.9,2026-07-14
2025-11-27,sh.603027,千禾味业,9.61,9.55,9.66,9.49,9817609,93918706.17,0.7857,-0.6243,1249536592.0,11933074453.6,2026-07-14
2025-11-28,sh.603027,千禾味业,9.5,9.57,9.61,9.43,8702226,83040806.99,0.6964,0.2094,1249601666.0,11958687943.62,2026-07-14
2025-12-01,sh.603027,千禾味业,9.55,9.66,9.68,9.52,10275969,99052178.65,0.8223,0.9404,1249661802.0,12071733007.32,2026-07-14
2025-12-02,sh.603027,千禾味业,9.68,9.72,9.87,9.61,8735066,84907161.55,0.699,0.6211,1249651788.0,12146615379.36,2026-07-14
2025-12-03,sh.603027,千禾味业,9.68,9.49,9.73,9.45,9902264,94782813.66,0.7924,-2.3663,1249654720.0,11859223292.800001,2026-07-14
2025-12-04,sh.603027,千禾味业,9.45,9.31,9.51,9.2,17076620,158933515.81,1.3666,-1.8967,1249569735.0,11633494232.85,2026-07-14
2025-12-05,sh.603027,千禾味业,9.37,9.38,9.44,9.26,7870235,73503666.2,0.6298,0.7519,1249640362.0,11721626595.560001,2026-07-14
2025-12-08,sh.603027,千禾味业,9.4,9.23,9.45,9.22,10501608,97300489.41,0.8404,-1.5991,1249596383.0,11533774615.09,2026-07-14
2025-12-09,sh.603027,千禾味业,9.25,9.17,9.25,9.09,10273792,94092870.88,0.8222,-0.6501,1249549015.0,11458364467.55,2026-07-14
2025-12-10,sh.603027,千禾味业,9.16,9.13,9.24,9.12,5982634,54854436.03,0.4788,-0.4362,1249505848.0,11407988392.240002,2026-07-14
2025-12-11,sh.603027,千禾味业,9.11,9.14,9.28,9.06,11918356,109412048.07,0.9538,0.1095,1249565527.0,11421028916.78,2026-07-14
2025-12-12,sh.603027,千禾味业,9.18,9.2,9.25,9.06,13498054,124065646.32,1.0802,0.6565,1249588410.0,11496213372.0,2026-07-14
2025-12-15,sh.603027,千禾味业,9.27,9.2,9.28,9.16,8034215,74051392.71,0.6429,0.0,1249683466.0,11497087887.199999,2026-07-14
2025-12-16,sh.603027,千禾味业,9.2,9.32,9.41,9.17,17130730,159412156.66,1.3709,1.3043,1249597345.0,11646247255.4,2026-07-14
2025-12-17,sh.603027,千禾味业,9.32,9.4,9.42,9.21,14763534,137891431.17,1.1814,0.8584,1249664297.0,11746844391.800001,2026-07-14
2025-12-18,sh.603027,千禾味业,9.37,9.59,9.66,9.31,18947913,181260566.11,1.5163,2.0213,1249615050.0,11983808329.5,2026-07-14
2025-12-19,sh.603027,千禾味业,9.6,10.0,10.05,9.41,36419466,357331072.58,2.9145,4.2753,1249595677.0,12495956770.0,2026-07-14
2025-12-22,sh.603027,千禾味业,9.9,10.09,10.23,9.85,31263380,314684178.92,2.5018,0.9,1249635462.0,12608821811.58,2026-07-14
2025-12-23,sh.603027,千禾味业,10.08,9.97,10.17,9.94,17056265,171149735.62,1.3649,-1.1893,1249634772.0,12458858676.84,2026-07-14
2025-12-24,sh.603027,千禾味业,9.97,9.79,9.99,9.78,14410519,141921174.04,1.1532,-1.8054,1249611429.0,12233695889.91,2026-07-14
2025-12-25,sh.603027,千禾味业,9.81,9.81,9.9,9.75,9456072,92877157.92,0.7567,0.2043,1249646095.0,12259028191.95,2026-07-14
2025-12-26,sh.603027,千禾味业,9.81,9.76,9.88,9.75,7563437,74156006.19,0.6053,-0.5097,1249535272.0,12195464254.72,2026-07-14
2025-12-29,sh.603027,千禾味业,9.75,9.78,9.9,9.66,11604397,113349772.84,0.9286,0.2049,1249665841.0,12221731924.98,2026-07-14
2025-12-30,sh.603027,千禾味业,9.74,9.78,9.95,9.71,12946357,127355722.0,1.036,0.0,1249648359.0,12221560951.019999,2026-07-14
2025-12-31,sh.603027,千禾味业,9.8,9.83,9.9,9.77,9305041,91563408.2,0.7446,0.5112,1249669756.0,12284253701.48,2026-07-14
2026-01-05,sh.603027,千禾味业,9.85,10.03,10.05,9.72,18312327,181810314.03,1.4654,2.0346,1249646991.0,12533959319.73,2026-07-14
2026-01-06,sh.603027,千禾味业,10.03,10.34,10.35,9.98,23362419,238693966.75,1.8696,3.0907,1249594512.0,12920807254.08,2026-07-14
2026-01-07,sh.603027,千禾味业,10.31,10.25,10.42,10.2,14765776,152018570.26,1.1816,-0.8704,1249642519.0,12808835819.75,2026-07-14
2026-01-08,sh.603027,千禾味业,10.25,10.12,10.27,10.1,12770561,129726808.41,1.022,-1.2683,1249565656.0,12645604438.72,2026-07-14
2026-01-09,sh.603027,千禾味业,10.1,10.23,10.4,10.09,13188321,134623316.14,1.0554,1.087,1249604036.0,12783449288.28,2026-07-14
2026-01-12,sh.603027,千禾味业,10.21,10.43,10.49,10.12,19704357,203930337.59,1.5768,1.955,1249642123.0,13033767342.89,2026-07-14
2026-01-13,sh.603027,千禾味业,10.4,10.18,10.47,10.17,14764090,152153012.15,1.1815,-2.3969,1249605586.0,12720984865.48,2026-07-14
2026-01-14,sh.603027,千禾味业,10.19,10.07,10.29,9.96,17602249,178087690.91,1.4086,-1.0806,1249627219.0,12583746095.33,2026-07-14
2026-01-15,sh.603027,千禾味业,9.97,10.03,10.13,9.97,11161064,112136357.38,0.8932,-0.3972,1249559337.0,12533080150.109999,2026-07-14
2026-01-16,sh.603027,千禾味业,10.06,9.79,10.06,9.77,16044833,158581928.02,1.284,-2.3928,1249597586.0,12233560366.939999,2026-07-14
2026-01-19,sh.603027,千禾味业,9.76,10.19,10.27,9.75,22089243,223168155.05,1.7677,4.0858,1249603609.0,12733460775.71,2026-07-14
2026-01-20,sh.603027,千禾味业,10.19,10.26,10.35,10.11,14151858,144675371.42,1.1325,0.6869,1249612185.0,12821021018.1,2026-07-14
2026-01-21,sh.603027,千禾味业,10.26,10.19,10.33,10.08,11773582,119748703.75,0.9422,-0.6823,1249584165.0,12733262641.349998,2026-07-14
2026-01-22,sh.603027,千禾味业,10.17,10.2,10.35,10.08,12400075,126549169.1,0.9923,0.0981,1249629648.0,12746222409.599998,2026-07-14
2026-01-23,sh.603027,千禾味业,10.28,10.15,10.3,10.14,11455126,116978757.09,0.9167,-0.4902,1249604669.0,12683487390.35,2026-07-14
2026-01-26,sh.603027,千禾味业,10.15,10.14,10.28,9.89,19016024,191688273.12,1.5218,-0.0985,1249574451.0,12670684933.140001,2026-07-14
2026-01-27,sh.603027,千禾味业,10.1,9.89,10.14,9.76,20642560,204182214.75,1.6519,-2.4655,1249625280.0,12358794019.2,2026-07-14
2026-01-28,sh.603027,千禾味业,9.85,9.83,9.9,9.76,9200572,90460868.83,0.7363,-0.6067,1249568382.0,12283257195.06,2026-07-14
2026-01-29,sh.603027,千禾味业,9.78,10.19,10.25,9.76,20046438,201218961.81,1.6042,3.6623,1249622117.0,12733649372.23,2026-07-14
2026-01-30,sh.603027,千禾味业,10.17,10.11,10.18,9.99,11200860,113091782.44,0.8963,-0.7851,1249677563.0,12634240161.929998,2026-07-14
2026-02-02,sh.603027,千禾味业,10.1,9.99,10.33,9.98,14539909,147821121.0,1.1636,-1.1869,1249562479.0,12483129165.210001,2026-07-14
2026-02-03,sh.603027,千禾味业,10.01,10.37,10.38,10.01,23883542,245298244.81,1.9113,3.8038,1249596714.0,12958317924.179998,2026-07-14
2026-02-04,sh.603027,千禾味业,10.32,10.4,10.4,10.25,12816511,132532831.73,1.0256,0.2893,1249659809.0,12996462013.6,2026-07-14
2026-02-05,sh.603027,千禾味业,10.41,11.11,11.3,10.38,50940256,560547651.56,4.0765,6.8269,1249607654.0,13883141035.939999,2026-07-14
2026-02-06,sh.603027,千禾味业,11.16,10.99,11.33,10.98,35485794,395514887.02,2.8397,-1.0801,1249631792.0,13733453394.08,2026-07-14
2026-02-09,sh.603027,千禾味业,10.99,10.9,11.12,10.82,19243410,209961020.22,1.5399,-0.8189,1249653224.0,13621220141.6,2026-07-14
2026-02-10,sh.603027,千禾味业,10.91,10.69,10.96,10.6,16477101,175850675.89,1.3186,-1.9266,1249590551.0,13358122990.189999,2026-07-14
2026-02-11,sh.603027,千禾味业,10.68,10.64,10.72,10.59,11179073,119012673.47,0.8946,-0.4677,1249616924.0,13295924071.36,2026-07-14
2026-02-12,sh.603027,千禾味业,10.65,10.51,10.65,10.42,11801373,123950921.25,0.9444,-1.2218,1249615947.0,13133463602.97,2026-07-14
2026-02-13,sh.603027,千禾味业,10.55,10.31,10.59,10.3,10676890,111134591.59,0.8544,-1.9029,1249636002.0,12883747180.62,2026-07-14
2026-02-24,sh.603027,千禾味业,10.39,10.15,10.48,10.08,18949925,193409117.92,1.5165,-1.5519,1249582921.0,12683266648.15,2026-07-14
2026-02-25,sh.603027,千禾味业,10.18,10.19,10.31,10.15,12599708,128758789.43,1.0083,0.3941,1249599127.0,12733415104.13,2026-07-14
2026-02-26,sh.603027,千禾味业,10.22,9.98,10.23,9.93,17601060,176645247.61,1.4085,-2.0608,1249631523.0,12471322599.54,2026-07-14
2026-02-27,sh.603027,千禾味业,9.99,10.04,10.18,9.99,10557202,106304151.22,0.8448,0.6012,1249668797.0,12546674721.88,2026-07-14
2026-03-02,sh.603027,千禾味业,9.85,9.77,10.06,9.71,17865537,175568014.77,1.4297,-2.6892,1249600406.0,12208595966.619999,2026-07-14
2026-03-03,sh.603027,千禾味业,9.79,9.64,9.87,9.59,18268354,177697786.95,1.4619,-1.3306,1249630891.0,12046441789.24,2026-07-14
2026-03-04,sh.603027,千禾味业,9.59,9.37,9.66,9.36,14883294,141099920.36,1.191,-2.8008,1249646851.0,11709190993.869999,2026-07-14
2026-03-05,sh.603027,千禾味业,9.49,9.33,9.51,9.28,13002972,121822423.53,1.0406,-0.4269,1249564866.0,11658440199.78,2026-07-14
2026-03-06,sh.603027,千禾味业,9.31,9.51,9.53,9.29,10562076,99816613.13,0.8452,1.9293,1249654046.0,11884209977.46,2026-07-14
2026-03-09,sh.603027,千禾味业,9.46,9.5,9.59,9.38,11466482,108667969.81,0.9176,-0.1052,1249616609.0,11871357785.5,2026-07-14
2026-03-10,sh.603027,千禾味业,9.52,9.58,9.65,9.47,10390178,99128735.57,0.8315,0.8421,1249570415.0,11970884575.7,2026-07-14
2026-03-11,sh.603027,千禾味业,9.56,9.47,9.58,9.4,12638026,119490602.94,1.0114,-1.1482,1249557643.0,11833310879.210001,2026-07-14
2026-03-12,sh.603027,千禾味业,9.42,9.46,9.55,9.4,9139289,86526257.16,0.7314,-0.1056,1249560979.0,11820846861.34,2026-07-14
2026-03-13,sh.603027,千禾味业,9.46,9.53,9.72,9.43,15169031,145641260.4,1.2139,0.74,1249611253.0,11908795241.09,2026-07-14
2026-03-16,sh.603027,千禾味业,9.55,9.7,9.71,9.54,13301979,128525856.46,1.0645,1.7838,1249598779.0,12121108156.3,2026-07-14
2026-03-17,sh.603027,千禾味业,9.95,10.15,10.46,9.95,47504396,487614998.71,3.8015,4.6392,1249622412.0,12683667481.800001,2026-07-14
2026-03-18,sh.603027,千禾味业,10.11,9.57,10.14,9.51,36383220,352582781.76,2.9116,-5.7143,1249595411.0,11958628083.27,2026-07-14
2026-03-19,sh.603027,千禾味业,9.5,9.28,9.53,9.25,19651271,184054524.67,1.5726,-3.0303,1249603904.0,11596324229.119999,2026-07-14
2026-03-20,sh.603027,千禾味业,9.27,9.16,9.39,9.16,12195687,112841614.39,0.976,-1.2931,1249558094.0,11445952141.04,2026-07-14
2026-03-23,sh.603027,千禾味业,9.1,8.85,9.1,8.78,17325825,154454069.19,1.3865,-3.3843,1249608727.0,11059037233.949999,2026-07-14
2026-03-24,sh.603027,千禾味业,8.95,9.0,9.01,8.8,10485678,93330093.24,0.8391,1.6949,1249633893.0,11246705037.0,2026-07-14
2026-03-25,sh.603027,千禾味业,9.0,9.05,9.12,8.93,10094854,91346194.6,0.8078,0.5556,1249672444.0,11309535618.2,2026-07-14
2026-03-26,sh.603027,千禾味业,9.05,9.0,9.15,8.98,7513746,68074596.18,0.6013,-0.5525,1249583569.0,11246252121.0,2026-07-14
2026-03-27,sh.603027,千禾味业,8.95,9.59,9.71,8.94,28588606,267564425.68,2.2878,6.5556,1249611242.0,11983771810.78,2026-07-14
2026-03-30,sh.603027,千禾味业,9.4,9.44,9.52,9.33,13073000,123349012.33,1.0462,-1.5641,1249569872.0,11795939591.68,2026-07-14
2026-03-31,sh.603027,千禾味业,9.54,9.34,9.58,9.31,11422704,107655536.92,0.9141,-1.0593,1249612077.0,11671376799.18,2026-07-14
2026-04-01,sh.603027,千禾味业,9.49,9.48,9.52,9.36,10515528,99442128.23,0.8415,1.4989,1249617112.0,11846370221.76,2026-07-14
2026-04-02,sh.603027,千禾味业,9.49,9.6,9.67,9.42,11569588,110550246.74,0.9259,1.2658,1249550491.0,11995684713.6,2026-07-14
2026-04-03,sh.603027,千禾味业,9.59,9.29,9.59,9.25,12395477,116202258.59,0.9919,-3.2292,1249670027.0,11609434550.829998,2026-07-14
2026-04-07,sh.603027,千禾味业,9.3,9.46,9.49,9.23,8864809,83171759.82,0.7094,1.8299,1249620665.0,11821411490.900002,2026-07-14
2026-04-08,sh.603027,千禾味业,9.62,9.49,9.63,9.38,16208089,153404476.35,1.297,0.3171,1249659907.0,11859272517.43,2026-07-14
2026-04-09,sh.603027,千禾味业,9.43,9.5,9.52,9.3,16553979,155762140.72,1.3247,0.1054,1249639843.0,11871578508.5,2026-07-14
2026-04-10,sh.603027,千禾味业,9.52,9.91,9.96,9.47,28781054,281340806.54,2.3032,4.3158,1249611584.0,12383650797.44,2026-07-14
2026-04-13,sh.603027,千禾味业,9.9,9.53,9.9,9.48,20804349,199499804.86,1.6649,-3.8345,1249585501.0,11908549824.529999,2026-07-14
2026-04-14,sh.603027,千禾味业,9.55,9.41,9.58,9.32,14722653,137870544.93,1.1782,-1.2592,1249588610.0,11758628820.1,2026-07-14
2026-04-15,sh.603027,千禾味业,9.44,9.49,9.52,9.33,9849817,92963628.06,0.7882,0.8502,1249659604.0,11859269641.960001,2026-07-14
2026-04-16,sh.603027,千禾味业,9.48,9.55,9.59,9.45,9324048,88841881.73,0.7462,0.6322,1249537389.0,11933082064.95,2026-07-14
2026-04-17,sh.603027,千禾味业,9.51,9.47,9.55,9.37,8673147,81780627.98,0.6941,-0.8377,1249552946.0,11833266398.62,2026-07-14
2026-04-20,sh.603027,千禾味业,9.45,9.57,9.67,9.45,12204279,117138432.14,0.9766,1.056,1249670182.0,11959343641.74,2026-07-14
2026-04-21,sh.603027,千禾味业,9.56,9.71,9.79,9.56,13735032,133395562.91,1.0991,1.4629,1249661723.0,12134215330.330002,2026-07-14
2026-04-22,sh.603027,千禾味业,9.69,9.46,9.71,9.37,17607838,167254627.64,1.4091,-2.5747,1249580441.0,11821030971.86,2026-07-14
2026-04-23,sh.603027,千禾味业,9.43,9.48,9.49,9.29,13186809,124010127.61,1.0553,0.2114,1249579172.0,11846010550.560001,2026-07-14
2026-04-24,sh.603027,千禾味业,9.4,9.59,9.73,9.39,17363517,166091087.36,1.3895,1.1603,1249623390.0,11983888310.1,2026-07-14
2026-04-27,sh.603027,千禾味业,9.5,9.49,9.69,9.48,9887907,94416611.62,0.7913,-1.0428,1249577531.0,11858490769.19,2026-07-14
2026-04-28,sh.603027,千禾味业,9.61,9.64,9.73,9.51,14574729,140409292.0,1.1663,1.5806,1249655235.0,12046676465.400002,2026-07-14
2026-04-29,sh.603027,千禾味业,9.64,10.1,10.14,9.6,38136264,381523917.31,3.0518,4.7718,1249631824.0,12621281422.4,2026-07-14
2026-04-30,sh.603027,千禾味业,9.56,9.15,9.56,9.09,70783763,653259255.14,5.6644,-9.4059,1249625079.0,11434069472.85,2026-07-14
2026-05-06,sh.603027,千禾味业,9.11,9.09,9.23,9.04,28690927,260949922.49,2.296,-0.6557,1249604834.0,11358907941.06,2026-07-14
2026-05-07,sh.603027,千禾味业,9.1,8.9,9.12,8.84,31404601,280344919.2,2.5131,-2.0902,1249635948.0,11121759937.2,2026-07-14
2026-05-08,sh.603027,千禾味业,8.9,8.91,8.95,8.84,13072485,116054208.6,1.0461,0.1124,1249640092.0,11134293219.72,2026-07-14
2026-05-11,sh.603027,千禾味业,8.91,8.85,8.91,8.8,14775492,130426651.29,1.1824,-0.6734,1249618742.0,11059125866.699999,2026-07-14
2026-05-12,sh.603027,千禾味业,8.85,8.71,8.85,8.7,18274503,160224441.06,1.4624,-1.5819,1249624111.0,10884226006.810001,2026-07-14
2026-05-13,sh.603027,千禾味业,8.72,8.55,8.74,8.51,22515890,193286664.15,1.8018,-1.837,1249633145.0,10684363389.75,2026-07-14
2026-05-14,sh.603027,千禾味业,8.55,8.44,8.57,8.42,15835937,134549797.05,1.2673,-1.2865,1249580762.0,10546461631.279999,2026-07-14
2026-05-15,sh.603027,千禾味业,8.42,8.38,8.52,8.32,13989478,117463217.09,1.1195,-0.7109,1249618401.0,10471802200.380001,2026-07-14
2026-05-18,sh.603027,千禾味业,8.38,8.15,8.41,8.12,15917351,131000802.43,1.2738,-2.7446,1249595776.0,10184205574.4,2026-07-14
2026-05-19,sh.603027,千禾味业,8.16,8.18,8.26,8.12,10391795,85049844.47,0.8316,0.3681,1249614598.0,10221847411.64,2026-07-14
2026-05-20,sh.603027,千禾味业,8.19,8.18,8.22,8.13,8967027,73262027.41,0.7176,0.0,1249585702.0,10221611042.359999,2026-07-14
2026-05-21,sh.603027,千禾味业,8.19,7.97,8.24,7.95,16882230,136633682.75,1.351,-2.5672,1249609919.0,9959391054.43,2026-07-14
2026-05-22,sh.603027,千禾味业,7.99,7.79,8.06,7.69,21051014,164136474.91,1.6846,-2.2585,1249614983.0,9734500717.57,2026-07-14
2026-05-25,sh.603027,千禾味业,7.7,7.74,7.81,7.69,12882524,99819594.5,1.0309,-0.6418,1249638568.0,9672202516.32,2026-07-14
2026-05-26,sh.603027,千禾味业,7.73,7.72,7.85,7.68,13671095,106146721.81,1.094,-0.2584,1249643053.0,9647244369.16,2026-07-14
2026-05-27,sh.603027,千禾味业,7.73,7.62,7.73,7.45,24330837,183897576.34,1.9471,-1.2953,1249593601.0,9521903239.62,2026-07-14
2026-05-28,sh.603027,千禾味业,7.6,7.56,7.65,7.46,13431751,101495790.79,1.0749,-0.7874,1249581449.0,9446835754.439999,2026-07-14
2026-05-29,sh.603027,千禾味业,7.56,7.68,7.88,7.52,23990159,185667512.59,1.9198,1.5873,1249617616.0,9597063290.88,2026-07-14
2026-06-01,sh.603027,千禾味业,7.69,7.89,7.91,7.63,16371631,127609916.22,1.3101,2.7344,1249647431.0,9859718230.59,2026-07-14
2026-06-02,sh.603027,千禾味业,7.91,7.76,7.94,7.72,16791071,131188321.8,1.3437,-1.6477,1249614572.0,9697009078.72,2026-07-14
2026-06-03,sh.603027,千禾味业,7.76,7.8,7.84,7.56,15897180,122850832.18,1.2722,0.5155,1249581827.0,9746738250.6,2026-07-14
2026-06-04,sh.603027,千禾味业,7.81,7.65,7.85,7.6,11176169,86221431.31,0.8944,-1.9231,1249571668.0,9559223260.2,2026-07-14
2026-06-05,sh.603027,千禾味业,7.64,7.75,7.82,7.62,10303852,79844096.75,0.8246,1.3072,1249557604.0,9684071431.0,2026-07-14
2026-06-08,sh.603027,千禾味业,7.75,7.72,7.79,7.62,11110452,85544989.06,0.8891,-0.3871,1249629063.0,9647136366.36,2026-07-14
2026-06-09,sh.603027,千禾味业,7.72,7.71,7.81,7.65,11027365,85099577.99,0.8825,-0.1295,1249559773.0,9634105849.83,2026-07-14
2026-06-10,sh.603027,千禾味业,7.67,7.76,7.77,7.67,10384812,80179130.04,0.831,0.6485,1249676534.0,9697489903.84,2026-07-14
2026-06-11,sh.603027,千禾味业,7.75,7.85,7.91,7.72,12453000,97608601.88,0.9965,1.1598,1249673859.0,9809939793.15,2026-07-14
2026-06-12,sh.603027,千禾味业,7.84,7.95,8.05,7.8,18859761,149871045.5,1.5092,1.2739,1249652862.0,9934740252.9,2026-07-14
2026-06-15,sh.603027,千禾味业,7.95,8.0,8.05,7.91,14161542,113163131.07,1.1333,0.6289,1249584576.0,9996676608.0,2026-07-14
2026-06-16,sh.603027,千禾味业,8.0,7.85,8.01,7.73,14975985,117099447.1,1.1984,-1.875,1249664970.0,9809870014.5,2026-07-14
2026-06-17,sh.603027,千禾味业,7.84,7.74,7.87,7.74,8006660,62175201.4,0.6407,-1.4013,1249673794.0,9672475165.56,2026-07-14
2026-06-18,sh.603027,千禾味业,7.75,7.56,7.75,7.5,12910492,98014462.47,1.0332,-2.3256,1249563686.0,9446701466.16,2026-07-14
2026-06-22,sh.603027,千禾味业,7.51,7.56,7.59,7.2,18606327,137247977.66,1.489,0.0,1249585426.0,9446865820.56,2026-07-14
2026-06-23,sh.603027,千禾味业,7.56,7.56,7.8,7.54,13384037,102566122.47,1.0711,0.0,1249559985.0,9446673486.6,2026-07-14
2026-06-24,sh.603027,千禾味业,7.64,7.44,7.69,7.4,12023557,90498515.33,0.9622,-1.5873,1249590210.0,9296951162.4,2026-07-14
2026-06-25,sh.603027,千禾味业,7.36,7.34,7.45,7.25,11312253,83103301.33,0.9053,-1.3441,1249558489.0,9171759309.26,2026-07-14
2026-06-26,sh.603027,千禾味业,7.29,7.1,7.35,7.07,15112731,108207489.74,1.2094,-3.2698,1249605672.0,8872200271.199999,2026-07-14
2026-06-29,sh.603027,千禾味业,7.1,7.2,7.28,6.86,20986184,149107977.09,1.6794,1.4085,1249623913.0,8997292173.6,2026-07-14
2026-06-30,sh.603027,千禾味业,7.21,6.97,7.21,6.93,15412516,108073065.3,1.2334,-3.1944,1249595914.0,8709683520.58,2026-07-14
2026-07-01,sh.603027,千禾味业,6.98,7.14,7.15,6.89,16879479,118947832.44,1.3508,2.439,1249591279.0,8922081732.06,2026-07-14
2026-07-02,sh.603027,千禾味业,7.13,7.05,7.29,7.0,18846012,133898134.51,1.5081,-1.2605,1249652676.0,8810051365.8,2026-07-14
2026-07-03,sh.603027,千禾味业,7.11,7.09,7.18,7.04,12713530,90215288.45,1.0174,0.5674,1249609790.0,8859733411.1,2026-07-14
2026-07-06,sh.603027,千禾味业,7.09,7.15,7.19,7.06,12712220,90684298.43,1.0173,0.8463,1249603853.0,8934667548.95,2026-07-14
2026-07-07,sh.603027,千禾味业,7.17,6.92,7.17,6.89,15389593,107347094.27,1.2315,-3.2168,1249662444.0,8647664112.48,2026-07-14
2026-07-08,sh.603027,千禾味业,6.92,7.22,7.31,6.86,23690285,168483056.93,1.8958,4.3353,1249619422.0,9022252226.84,2026-07-14
2026-07-09,sh.603027,千禾味业,7.21,7.03,7.25,7.0,16880957,119839896.63,1.3509,-2.6316,1249608187.0,8784745554.61,2026-07-14
2026-07-10,sh.603027,千禾味业,7.02,7.03,7.15,6.9,15888589,111930620.81,1.2715,0.0,1249594101.0,8784646530.03,2026-07-14
2026-07-13,sh.603027,千禾味业,7.02,7.18,7.22,6.97,22695930,161566079.81,1.7055,2.1337,1330749340.0,9554780261.199999,2026-07-14
